{"_step":4213,"train_loss_step":0.4588591456413269,"_wandb":{"runtime":5349},"trainer/global_step":20999,"epoch":6,"val_auc":0.8516025543212891,"_timestamp":1.7637233536843174e+09,"_runtime":5348.174304982,"train_loss_epoch":0.44721052050590515}