{"_runtime":1895.367930518,"val_fss_9":0.1425328105688095,"train_loss_epoch":0.08616145700216293,"val_fss_3":0.12810035049915314,"val_fss_5":0.13290949165821075,"trainer/global_step":20999,"_step":4213,"val_auc":0.8356236815452576,"epoch":6,"_wandb":{"runtime":1896},"_timestamp":1.7641688174883413e+09,"train_loss_step":0.13105376064777374}