{"_wandb":{"runtime":5350},"trainer/global_step":20999,"train_loss_epoch":0.4699517488479614,"_runtime":5349.136114619,"val_auc":0.809515118598938,"_step":4213,"epoch":6,"_timestamp":1.7637310339681275e+09,"train_loss_step":0.47311198711395264}