valid_time,lead_time_min,month,hour,dmin_t0_km,dmin_t_km,excl_010km,excl_015km,excl_020km,excl_025km,excl_030km,excl_040km,excl_050km,excl_060km,excl_080km,excl_100km,excl_120km,excl_150km,excl_180km,excl_200km,excl_250km,excl_300km,excl_350km,incl_010km,incl_015km,incl_020km,incl_025km,incl_030km,incl_040km,incl_050km,incl_060km
2007-12-01 10:00:00+00:00,30,12,10,173.63589477539062,84.35972595214844,0,0,0,0,0,0,0,0,0,0,0,0,1,1,1,1,1,0,0,0,0,0,0,0,0
2007-12-01 10:00:00+00:00,30,12,10,165.44578552246094,151.6466064453125,0,0,0,0,0,0,0,0,0,0,0,0,1,1,1,1,1,0,0,0,0,0,0,0,0
2007-12-01 10:00:00+00:00,30,12,10,176.94944763183594,130.19314575195312,0,0,0,0,0,0,0,0,0,0,0,0,1,1,1,1,1,0,0,0,0,0,0,0,0
2007-12-01 10:00:00+00:00,30,12,10,397.6651611328125,334.8924865722656,0,0,0,0,0,0,0,0,0,0,0,0,0,0,0,0,0,0,0,0,0,0,0,0,0
2007-12-01 10:00:00+00:00,30,12,10,193.9495849609375,124.59838104248047,0,0,0,0,0,0,0,0,0,0,0,0,0,1,1,1,1,0,0,0,0,0,0,0,0
2007-12-01 10:00:00+00:00,30,12,10,136.87252807617188,36.356956481933594,0,0,0,0,0,0,0,0,0,0,0,1,1,1,1,1,1,0,0,0,0,0,1,1,1
2007-12-01 10:00:00+00:00,30,12,10,,410.9156799316406,0,0,0,0,0,0,0,0,0,0,0,0,0,0,0,0,0,0,0,0,0,0,0,0,0
2007-12-01 10:00:00+00:00,30,12,10,559.4169921875,550.6758422851562,0,0,0,0,0,0,0,0,0,0,0,0,0,0,0,0,0,0,0,0,0,0,0,0,0
2007-12-01 10:00:00+00:00,30,12,10,,,0,0,0,0,0,0,0,0,0,0,0,0,0,0,0,0,0,0,0,0,0,0,0,0,0
2007-12-01 10:00:00+00:00,30,12,10,242.2366943359375,237.49942016601562,0,0,0,0,0,0,0,0,0,0,0,0,0,0,1,1,1,0,0,0,0,0,0,0,0
2007-12-01 10:00:00+00:00,30,12,10,52.29411315917969,66.4825210571289,0,0,0,0,0,0,0,1,1,1,1,1,1,1,1,1,1,0,0,0,0,0,0,0,0
2007-12-01 10:00:00+00:00,30,12,10,97.88939666748047,95.79511260986328,0,0,0,0,0,0,0,0,0,1,1,1,1,1,1,1,1,0,0,0,0,0,0,0,0
2007-12-01 10:00:00+00:00,30,12,10,143.32566833496094,149.53541564941406,0,0,0,0,0,0,0,0,0,0,0,1,1,1,1,1,1,0,0,0,0,0,0,0,0
2007-12-01 10:00:00+00:00,30,12,10,300.0058288574219,,0,0,0,0,0,0,0,0,0,0,0,0,0,0,0,0,1,0,0,0,0,0,0,0,0
2007-12-01 10:00:00+00:00,30,12,10,,,0,0,0,0,0,0,0,0,0,0,0,0,0,0,0,0,0,0,0,0,0,0,0,0,0
2007-12-01 10:15:00+00:00,30,12,10,,,0,0,0,0,0,0,0,0,0,0,0,0,0,0,0,0,0,0,0,0,0,0,0,0,0
2007-12-01 10:15:00+00:00,30,12,10,,,0,0,0,0,0,0,0,0,0,0,0,0,0,0,0,0,0,0,0,0,0,0,0,0,0
2007-12-01 10:15:00+00:00,30,12,10,239.65310668945312,246.30775451660156,0,0,0,0,0,0,0,0,0,0,0,0,0,0,1,1,1,0,0,0,0,0,0,0,0
2007-12-01 10:15:00+00:00,30,12,10,268.2104797363281,273.8297424316406,0,0,0,0,0,0,0,0,0,0,0,0,0,0,0,1,1,0,0,0,0,0,0,0,0
2007-12-01 10:15:00+00:00,30,12,10,259.8769836425781,213.2032470703125,0,0,0,0,0,0,0,0,0,0,0,0,0,0,0,1,1,0,0,0,0,0,0,0,0
2007-12-01 10:15:00+00:00,30,12,10,453.3546447753906,111.40707397460938,0,0,0,0,0,0,0,0,0,0,0,0,0,0,0,0,0,0,0,0,0,0,0,0,0
2007-12-01 10:15:00+00:00,30,12,10,279.1649475097656,276.9291076660156,0,0,0,0,0,0,0,0,0,0,0,0,0,0,0,1,1,0,0,0,0,0,0,0,0
2007-12-01 10:15:00+00:00,30,12,10,238.99778747558594,231.41912841796875,0,0,0,0,0,0,0,0,0,0,0,0,0,0,1,1,1,0,0,0,0,0,0,0,0
2007-12-01 10:15:00+00:00,30,12,10,215.2556610107422,207.35577392578125,0,0,0,0,0,0,0,0,0,0,0,0,0,0,1,1,1,0,0,0,0,0,0,0,0
2007-12-01 10:15:00+00:00,30,12,10,294.91644287109375,286.7201843261719,0,0,0,0,0,0,0,0,0,0,0,0,0,0,0,1,1,0,0,0,0,0,0,0,0
2007-12-01 10:15:00+00:00,30,12,10,451.79632568359375,286.95513916015625,0,0,0,0,0,0,0,0,0,0,0,0,0,0,0,0,0,0,0,0,0,0,0,0,0
2007-12-01 10:15:00+00:00,30,12,10,130.95359802246094,127.80902862548828,0,0,0,0,0,0,0,0,0,0,0,1,1,1,1,1,1,0,0,0,0,0,0,0,0
2007-12-01 10:15:00+00:00,30,12,10,134.71595764160156,17.772008895874023,0,0,0,0,0,0,0,0,0,0,0,1,1,1,1,1,1,0,0,1,1,1,1,1,1
2007-12-01 10:15:00+00:00,30,12,10,325.8975524902344,322.91925048828125,0,0,0,0,0,0,0,0,0,0,0,0,0,0,0,0,1,0,0,0,0,0,0,0,0
2007-12-01 10:15:00+00:00,30,12,10,48.40902328491211,43.91312026977539,0,0,0,0,0,0,1,1,1,1,1,1,1,1,1,1,1,0,0,0,0,0,0,1,1
2007-12-01 10:15:00+00:00,30,12,10,92.89105987548828,73.2938232421875,0,0,0,0,0,0,0,0,0,1,1,1,1,1,1,1,1,0,0,0,0,0,0,0,0
2007-12-01 10:15:00+00:00,30,12,10,57.405921936035156,41.885597229003906,0,0,0,0,0,0,0,1,1,1,1,1,1,1,1,1,1,0,0,0,0,0,0,1,1
2007-12-01 10:15:00+00:00,30,12,10,84.25041198730469,66.30321502685547,0,0,0,0,0,0,0,0,0,1,1,1,1,1,1,1,1,0,0,0,0,0,0,0,0
2007-12-01 10:15:00+00:00,30,12,10,169.05487060546875,155.84609985351562,0,0,0,0,0,0,0,0,0,0,0,0,1,1,1,1,1,0,0,0,0,0,0,0,0
2007-12-01 10:15:00+00:00,30,12,10,,42.136417388916016,0,0,0,0,0,0,0,0,0,0,0,0,0,0,0,0,0,0,0,0,0,0,0,1,1
2007-12-01 10:15:00+00:00,30,12,10,295.8710021972656,87.48296356201172,0,0,0,0,0,0,0,0,0,0,0,0,0,0,0,1,1,0,0,0,0,0,0,0,0
2007-12-01 10:15:00+00:00,30,12,10,,,0,0,0,0,0,0,0,0,0,0,0,0,0,0,0,0,0,0,0,0,0,0,0,0,0
2007-12-01 10:15:00+00:00,30,12,10,,,0,0,0,0,0,0,0,0,0,0,0,0,0,0,0,0,0,0,0,0,0,0,0,0,0
2007-12-01 10:30:00+00:00,30,12,10,351.58642578125,,0,0,0,0,0,0,0,0,0,0,0,0,0,0,0,0,0,0,0,0,0,0,0,0,0
2007-12-01 10:30:00+00:00,30,12,10,284.34283447265625,243.81546020507812,0,0,0,0,0,0,0,0,0,0,0,0,0,0,0,1,1,0,0,0,0,0,0,0,0
2007-12-01 10:30:00+00:00,30,12,10,129.86253356933594,141.1600799560547,0,0,0,0,0,0,0,0,0,0,0,1,1,1,1,1,1,0,0,0,0,0,0,0,0
2007-12-01 10:30:00+00:00,30,12,10,47.79971694946289,27.271034240722656,0,0,0,0,0,0,1,1,1,1,1,1,1,1,1,1,1,0,0,0,0,1,1,1,1
2007-12-01 10:30:00+00:00,30,12,10,422.5025329589844,422.73236083984375,0,0,0,0,0,0,0,0,0,0,0,0,0,0,0,0,0,0,0,0,0,0,0,0,0
2007-12-01 10:30:00+00:00,30,12,10,,,0,0,0,0,0,0,0,0,0,0,0,0,0,0,0,0,0,0,0,0,0,0,0,0,0
2007-12-01 10:30:00+00:00,30,12,10,491.560302734375,493.6808166503906,0,0,0,0,0,0,0,0,0,0,0,0,0,0,0,0,0,0,0,0,0,0,0,0,0
2007-12-01 10:30:00+00:00,30,12,10,,,0,0,0,0,0,0,0,0,0,0,0,0,0,0,0,0,0,0,0,0,0,0,0,0,0
2007-12-01 10:30:00+00:00,30,12,10,,,0,0,0,0,0,0,0,0,0,0,0,0,0,0,0,0,0,0,0,0,0,0,0,0,0
2007-12-01 10:30:00+00:00,30,12,10,83.22991180419922,70.16925811767578,0,0,0,0,0,0,0,0,0,1,1,1,1,1,1,1,1,0,0,0,0,0,0,0,0
2007-12-01 10:30:00+00:00,30,12,10,342.65447998046875,324.48193359375,0,0,0,0,0,0,0,0,0,0,0,0,0,0,0,0,1,0,0,0,0,0,0,0,0
2007-12-01 10:30:00+00:00,30,12,10,266.4075622558594,249.01722717285156,0,0,0,0,0,0,0,0,0,0,0,0,0,0,0,1,1,0,0,0,0,0,0,0,0
2007-12-01 10:30:00+00:00,30,12,10,277.3035583496094,275.1172180175781,0,0,0,0,0,0,0,0,0,0,0,0,0,0,0,1,1,0,0,0,0,0,0,0,0
2007-12-01 10:30:00+00:00,30,12,10,347.15167236328125,3.0991909503936768,0,0,0,0,0,0,0,0,0,0,0,0,0,0,0,0,1,1,1,1,1,1,1,1,1
2007-12-01 10:30:00+00:00,30,12,10,400.0408630371094,0.0,0,0,0,0,0,0,0,0,0,0,0,0,0,0,0,0,0,1,1,1,1,1,1,1,1
2007-12-01 10:30:00+00:00,30,12,10,,78.22911834716797,0,0,0,0,0,0,0,0,0,0,0,0,0,0,0,0,0,0,0,0,0,0,0,0,0
2007-12-01 10:30:00+00:00,30,12,10,,,0,0,0,0,0,0,0,0,0,0,0,0,0,0,0,0,0,0,0,0,0,0,0,0,0
2007-12-01 10:30:00+00:00,30,12,10,,,0,0,0,0,0,0,0,0,0,0,0,0,0,0,0,0,0,0,0,0,0,0,0,0,0
2007-12-01 10:45:00+00:00,30,12,10,133.9713134765625,37.67312240600586,0,0,0,0,0,0,0,0,0,0,0,1,1,1,1,1,1,0,0,0,0,0,1,1,1
2007-12-01 10:45:00+00:00,30,12,10,,91.2782211303711,0,0,0,0,0,0,0,0,0,0,0,0,0,0,0,0,0,0,0,0,0,0,0,0,0
2007-12-01 10:45:00+00:00,30,12,10,52.10850143432617,32.77687072753906,0,0,0,0,0,0,0,1,1,1,1,1,1,1,1,1,1,0,0,0,0,0,1,1,1
2007-12-01 10:45:00+00:00,30,12,10,151.45022583007812,131.7470245361328,0,0,0,0,0,0,0,0,0,0,0,0,1,1,1,1,1,0,0,0,0,0,0,0,0
2007-12-01 10:45:00+00:00,30,12,10,121.41050720214844,42.84074783325195,0,0,0,0,0,0,0,0,0,0,0,1,1,1,1,1,1,0,0,0,0,0,0,1,1
2007-12-01 10:45:00+00:00,30,12,10,102.69982147216797,82.97066497802734,0,0,0,0,0,0,0,0,0,0,1,1,1,1,1,1,1,0,0,0,0,0,0,0,0
2007-12-01 10:45:00+00:00,30,12,10,261.9319152832031,260.0504150390625,0,0,0,0,0,0,0,0,0,0,0,0,0,0,0,1,1,0,0,0,0,0,0,0,0
2007-12-01 10:45:00+00:00,30,12,10,407.21783447265625,404.96807861328125,0,0,0,0,0,0,0,0,0,0,0,0,0,0,0,0,0,0,0,0,0,0,0,0,0
2007-12-01 10:45:00+00:00,30,12,10,262.9598693847656,137.80926513671875,0,0,0,0,0,0,0,0,0,0,0,0,0,0,0,1,1,0,0,0,0,0,0,0,0
2007-12-01 10:45:00+00:00,30,12,10,383.5303649902344,351.5189514160156,0,0,0,0,0,0,0,0,0,0,0,0,0,0,0,0,0,0,0,0,0,0,0,0,0
2007-12-01 10:45:00+00:00,30,12,10,261.5050354003906,238.36520385742188,0,0,0,0,0,0,0,0,0,0,0,0,0,0,0,1,1,0,0,0,0,0,0,0,0
2007-12-01 10:45:00+00:00,30,12,10,208.37631225585938,188.07078552246094,0,0,0,0,0,0,0,0,0,0,0,0,0,0,1,1,1,0,0,0,0,0,0,0,0
2007-12-01 10:45:00+00:00,30,12,10,270.5073547363281,254.06126403808594,0,0,0,0,0,0,0,0,0,0,0,0,0,0,0,1,1,0,0,0,0,0,0,0,0
2007-12-01 10:45:00+00:00,30,12,10,366.4071044921875,353.3194274902344,0,0,0,0,0,0,0,0,0,0,0,0,0,0,0,0,0,0,0,0,0,0,0,0,0
2007-12-01 10:45:00+00:00,30,12,10,65.52235412597656,51.689453125,0,0,0,0,0,0,0,0,1,1,1,1,1,1,1,1,1,0,0,0,0,0,0,0,1
2007-12-01 11:00:00+00:00,30,12,11,332.96527099609375,337.0437927246094,0,0,0,0,0,0,0,0,0,0,0,0,0,0,0,0,1,0,0,0,0,0,0,0,0
2007-12-01 11:00:00+00:00,30,12,11,105.9764175415039,78.62189483642578,0,0,0,0,0,0,0,0,0,0,1,1,1,1,1,1,1,0,0,0,0,0,0,0,0
2007-12-01 11:00:00+00:00,30,12,11,213.88946533203125,112.41014862060547,0,0,0,0,0,0,0,0,0,0,0,0,0,0,1,1,1,0,0,0,0,0,0,0,0
2007-12-01 11:00:00+00:00,30,12,11,174.78265380859375,161.32684326171875,0,0,0,0,0,0,0,0,0,0,0,0,1,1,1,1,1,0,0,0,0,0,0,0,0
2007-12-01 11:00:00+00:00,30,12,11,,58.32701110839844,0,0,0,0,0,0,0,0,0,0,0,0,0,0,0,0,0,0,0,0,0,0,0,0,1
2007-12-01 11:00:00+00:00,30,12,11,232.94337463378906,148.9169158935547,0,0,0,0,0,0,0,0,0,0,0,0,0,0,1,1,1,0,0,0,0,0,0,0,0
2007-12-01 11:00:00+00:00,30,12,11,177.98968505859375,148.72337341308594,0,0,0,0,0,0,0,0,0,0,0,0,1,1,1,1,1,0,0,0,0,0,0,0,0
2007-12-01 11:00:00+00:00,30,12,11,171.55899047851562,126.24849700927734,0,0,0,0,0,0,0,0,0,0,0,0,1,1,1,1,1,0,0,0,0,0,0,0,0
2007-12-01 11:00:00+00:00,30,12,11,64.63690948486328,105.94127655029297,0,0,0,0,0,0,0,0,1,1,1,1,1,1,1,1,1,0,0,0,0,0,0,0,0
2007-12-01 11:00:00+00:00,30,12,11,308.93218994140625,,0,0,0,0,0,0,0,0,0,0,0,0,0,0,0,0,1,0,0,0,0,0,0,0,0
2007-12-01 11:00:00+00:00,30,12,11,253.9609832763672,300.6198425292969,0,0,0,0,0,0,0,0,0,0,0,0,0,0,0,1,1,0,0,0,0,0,0,0,0
2007-12-01 11:00:00+00:00,30,12,11,284.1744689941406,262.69830322265625,0,0,0,0,0,0,0,0,0,0,0,0,0,0,0,1,1,0,0,0,0,0,0,0,0
2007-12-01 11:00:00+00:00,30,12,11,234.90213012695312,269.6010437011719,0,0,0,0,0,0,0,0,0,0,0,0,0,0,1,1,1,0,0,0,0,0,0,0,0
2007-12-01 11:00:00+00:00,30,12,11,211.1502685546875,246.57675170898438,0,0,0,0,0,0,0,0,0,0,0,0,0,0,1,1,1,0,0,0,0,0,0,0,0
2007-12-01 11:00:00+00:00,30,12,11,,128.01499938964844,0,0,0,0,0,0,0,0,0,0,0,0,0,0,0,0,0,0,0,0,0,0,0,0,0
2007-12-01 11:00:00+00:00,30,12,11,281.2722473144531,82.89299774169922,0,0,0,0,0,0,0,0,0,0,0,0,0,0,0,1,1,0,0,0,0,0,0,0,0
2007-12-01 11:00:00+00:00,30,12,11,171.26902770996094,15.42458438873291,0,0,0,0,0,0,0,0,0,0,0,0,1,1,1,1,1,0,0,1,1,1,1,1,1
2007-12-01 11:00:00+00:00,30,12,11,134.33741760253906,3.132385015487671,0,0,0,0,0,0,0,0,0,0,0,1,1,1,1,1,1,1,1,1,1,1,1,1,1
2007-12-01 11:00:00+00:00,30,12,11,104.74832153320312,0.0,0,0,0,0,0,0,0,0,0,0,1,1,1,1,1,1,1,1,1,1,1,1,1,1,1
2007-12-01 11:00:00+00:00,30,12,11,63.76543426513672,55.13509750366211,0,0,0,0,0,0,0,0,1,1,1,1,1,1,1,1,1,0,0,0,0,0,0,0,1
2007-12-01 11:00:00+00:00,30,12,11,420.32550048828125,404.4866027832031,0,0,0,0,0,0,0,0,0,0,0,0,0,0,0,0,0,0,0,0,0,0,0,0,0
2007-12-01 11:15:00+00:00,30,12,11,,,0,0,0,0,0,0,0,0,0,0,0,0,0,0,0,0,0,0,0,0,0,0,0,0,0
2007-12-01 11:15:00+00:00,30,12,11,305.4952087402344,300.495849609375,0,0,0,0,0,0,0,0,0,0,0,0,0,0,0,0,1,0,0,0,0,0,0,0,0
2007-12-01 11:15:00+00:00,30,12,11,,,0,0,0,0,0,0,0,0,0,0,0,0,0,0,0,0,0,0,0,0,0,0,0,0,0
2007-12-01 11:15:00+00:00,30,12,11,192.94384765625,142.0421600341797,0,0,0,0,0,0,0,0,0,0,0,0,0,1,1,1,1,0,0,0,0,0,0,0,0
2007-12-01 11:15:00+00:00,30,12,11,183.74937438964844,129.82115173339844,0,0,0,0,0,0,0,0,0,0,0,0,0,1,1,1,1,0,0,0,0,0,0,0,0
2007-12-01 11:15:00+00:00,30,12,11,276.0777893066406,189.09725952148438,0,0,0,0,0,0,0,0,0,0,0,0,0,0,0,1,1,0,0,0,0,0,0,0,0
2007-12-01 11:15:00+00:00,30,12,11,185.37124633789062,176.7303924560547,0,0,0,0,0,0,0,0,0,0,0,0,0,1,1,1,1,0,0,0,0,0,0,0,0
2007-12-01 11:15:00+00:00,30,12,11,77.17301940917969,63.38488006591797,0,0,0,0,0,0,0,0,1,1,1,1,1,1,1,1,1,0,0,0,0,0,0,0,0
2007-12-01 11:15:00+00:00,30,12,11,51.45122146606445,64.20276641845703,0,0,0,0,0,0,0,1,1,1,1,1,1,1,1,1,1,0,0,0,0,0,0,0,0
2007-12-01 11:15:00+00:00,30,12,11,203.10057067871094,332.7140808105469,0,0,0,0,0,0,0,0,0,0,0,0,0,0,1,1,1,0,0,0,0,0,0,0,0
2007-12-01 11:15:00+00:00,30,12,11,183.9962921142578,128.16586303710938,0,0,0,0,0,0,0,0,0,0,0,0,0,1,1,1,1,0,0,0,0,0,0,0,0
2007-12-01 11:15:00+00:00,30,12,11,,439.5041809082031,0,0,0,0,0,0,0,0,0,0,0,0,0,0,0,0,0,0,0,0,0,0,0,0,0
2007-12-01 11:15:00+00:00,30,12,11,38.165802001953125,26.154502868652344,0,0,0,0,0,1,1,1,1,1,1,1,1,1,1,1,1,0,0,0,0,1,1,1,1
2007-12-01 11:15:00+00:00,30,12,11,378.2631530761719,143.8206024169922,0,0,0,0,0,0,0,0,0,0,0,0,0,0,0,0,0,0,0,0,0,0,0,0,0
2007-12-01 11:15:00+00:00,30,12,11,250.3927459716797,191.95083618164062,0,0,0,0,0,0,0,0,0,0,0,0,0,0,0,1,1,0,0,0,0,0,0,0,0
2007-12-01 11:15:00+00:00,30,12,11,271.1632995605469,245.77056884765625,0,0,0,0,0,0,0,0,0,0,0,0,0,0,0,1,1,0,0,0,0,0,0,0,0
2007-12-01 11:15:00+00:00,30,12,11,115.94721984863281,95.00617218017578,0,0,0,0,0,0,0,0,0,0,1,1,1,1,1,1,1,0,0,0,0,0,0,0,0
2007-12-01 11:30:00+00:00,30,12,11,216.56480407714844,213.26963806152344,0,0,0,0,0,0,0,0,0,0,0,0,0,0,1,1,1,0,0,0,0,0,0,0,0
2007-12-01 11:30:00+00:00,30,12,11,198.61322021484375,148.48114013671875,0,0,0,0,0,0,0,0,0,0,0,0,0,1,1,1,1,0,0,0,0,0,0,0,0
2007-12-01 11:30:00+00:00,30,12,11,159.19520568847656,141.82347106933594,0,0,0,0,0,0,0,0,0,0,0,0,1,1,1,1,1,0,0,0,0,0,0,0,0
2007-12-01 11:30:00+00:00,30,12,11,290.4183349609375,147.7709503173828,0,0,0,0,0,0,0,0,0,0,0,0,0,0,0,1,1,0,0,0,0,0,0,0,0
2007-12-01 11:30:00+00:00,30,12,11,173.64971923828125,154.77847290039062,0,0,0,0,0,0,0,0,0,0,0,0,1,1,1,1,1,0,0,0,0,0,0,0,0
2007-12-01 11:30:00+00:00,30,12,11,,,0,0,0,0,0,0,0,0,0,0,0,0,0,0,0,0,0,0,0,0,0,0,0,0,0
2007-12-01 11:30:00+00:00,30,12,11,,462.7945861816406,0,0,0,0,0,0,0,0,0,0,0,0,0,0,0,0,0,0,0,0,0,0,0,0,0
2007-12-01 11:30:00+00:00,30,12,11,308.46075439453125,244.58465576171875,0,0,0,0,0,0,0,0,0,0,0,0,0,0,0,0,1,0,0,0,0,0,0,0,0
2007-12-01 11:30:00+00:00,30,12,11,331.33978271484375,255.83380126953125,0,0,0,0,0,0,0,0,0,0,0,0,0,0,0,0,1,0,0,0,0,0,0,0,0
2007-12-01 11:30:00+00:00,30,12,11,501.0118713378906,0.0,0,0,0,0,0,0,0,0,0,0,0,0,0,0,0,0,0,1,1,1,1,1,1,1,1
2007-12-01 11:30:00+00:00,30,12,11,183.84658813476562,63.373958587646484,0,0,0,0,0,0,0,0,0,0,0,0,0,1,1,1,1,0,0,0,0,0,0,0,0
2007-12-01 11:30:00+00:00,30,12,11,241.88497924804688,160.771484375,0,0,0,0,0,0,0,0,0,0,0,0,0,0,1,1,1,0,0,0,0,0,0,0,0
2007-12-01 11:30:00+00:00,30,12,11,93.94209289550781,46.604530334472656,0,0,0,0,0,0,0,0,0,1,1,1,1,1,1,1,1,0,0,0,0,0,0,1,1
2007-12-01 11:30:00+00:00,30,12,11,64.97608184814453,51.770870208740234,0,0,0,0,0,0,0,0,1,1,1,1,1,1,1,1,1,0,0,0,0,0,0,0,1
2007-12-01 11:30:00+00:00,30,12,11,,,0,0,0,0,0,0,0,0,0,0,0,0,0,0,0,0,0,0,0,0,0,0,0,0,0
2007-12-01 11:30:00+00:00,30,12,11,17.9433650970459,7.184093475341797,0,0,1,1,1,1,1,1,1,1,1,1,1,1,1,1,1,1,1,1,1,1,1,1,1
2007-12-01 11:30:00+00:00,30,12,11,121.78131866455078,107.60262298583984,0,0,0,0,0,0,0,0,0,0,0,1,1,1,1,1,1,0,0,0,0,0,0,0,0
2007-12-01 11:30:00+00:00,30,12,11,388.4079895019531,151.552001953125,0,0,0,0,0,0,0,0,0,0,0,0,0,0,0,0,0,0,0,0,0,0,0,0,0
2007-12-01 11:30:00+00:00,30,12,11,224.0344696044922,0.0,0,0,0,0,0,0,0,0,0,0,0,0,0,0,1,1,1,1,1,1,1,1,1,1,1
2007-12-01 11:30:00+00:00,30,12,11,196.42662048339844,11.209184646606445,0,0,0,0,0,0,0,0,0,0,0,0,0,1,1,1,1,0,1,1,1,1,1,1,1
2007-12-01 11:30:00+00:00,30,12,11,149.03048706054688,113.0167236328125,0,0,0,0,0,0,0,0,0,0,0,1,1,1,1,1,1,0,0,0,0,0,0,0,0
2007-12-01 11:30:00+00:00,30,12,11,,,0,0,0,0,0,0,0,0,0,0,0,0,0,0,0,0,0,0,0,0,0,0,0,0,0
2007-12-01 11:30:00+00:00,30,12,11,,,0,0,0,0,0,0,0,0,0,0,0,0,0,0,0,0,0,0,0,0,0,0,0,0,0
2007-12-01 11:45:00+00:00,30,12,11,,,0,0,0,0,0,0,0,0,0,0,0,0,0,0,0,0,0,0,0,0,0,0,0,0,0
2007-12-01 11:45:00+00:00,30,12,11,231.07229614257812,226.0487060546875,0,0,0,0,0,0,0,0,0,0,0,0,0,0,1,1,1,0,0,0,0,0,0,0,0
2007-12-01 11:45:00+00:00,30,12,11,,,0,0,0,0,0,0,0,0,0,0,0,0,0,0,0,0,0,0,0,0,0,0,0,0,0
2007-12-01 11:45:00+00:00,30,12,11,386.668701171875,179.64007568359375,0,0,0,0,0,0,0,0,0,0,0,0,0,0,0,0,0,0,0,0,0,0,0,0,0
2007-12-01 11:45:00+00:00,30,12,11,295.21295166015625,70.0408935546875,0,0,0,0,0,0,0,0,0,0,0,0,0,0,0,1,1,0,0,0,0,0,0,0,0
2007-12-01 11:45:00+00:00,30,12,11,232.46270751953125,233.94677734375,0,0,0,0,0,0,0,0,0,0,0,0,0,0,1,1,1,0,0,0,0,0,0,0,0
2007-12-01 11:45:00+00:00,30,12,11,220.74754333496094,217.59542846679688,0,0,0,0,0,0,0,0,0,0,0,0,0,0,1,1,1,0,0,0,0,0,0,0,0
2007-12-01 11:45:00+00:00,30,12,11,121.08871459960938,113.5099105834961,0,0,0,0,0,0,0,0,0,0,0,1,1,1,1,1,1,0,0,0,0,0,0,0,0
2007-12-01 11:45:00+00:00,30,12,11,162.59420776367188,159.37405395507812,0,0,0,0,0,0,0,0,0,0,0,0,1,1,1,1,1,0,0,0,0,0,0,0,0
2007-12-01 11:45:00+00:00,30,12,11,65.11685943603516,49.5386848449707,0,0,0,0,0,0,0,0,1,1,1,1,1,1,1,1,1,0,0,0,0,0,0,1,1
2007-12-01 11:45:00+00:00,30,12,11,210.9661865234375,222.08682250976562,0,0,0,0,0,0,0,0,0,0,0,0,0,0,1,1,1,0,0,0,0,0,0,0,0
2007-12-01 11:45:00+00:00,30,12,11,180.82479858398438,127.6155776977539,0,0,0,0,0,0,0,0,0,0,0,0,0,1,1,1,1,0,0,0,0,0,0,0,0
2007-12-01 11:45:00+00:00,30,12,11,142.6909942626953,145.63246154785156,0,0,0,0,0,0,0,0,0,0,0,1,1,1,1,1,1,0,0,0,0,0,0,0,0
2007-12-01 11:45:00+00:00,30,12,11,36.24772262573242,15.361910820007324,0,0,0,0,0,1,1,1,1,1,1,1,1,1,1,1,1,0,0,1,1,1,1,1,1
2007-12-01 11:45:00+00:00,30,12,11,167.18841552734375,153.62811279296875,0,0,0,0,0,0,0,0,0,0,0,0,1,1,1,1,1,0,0,0,0,0,0,0,0
2007-12-01 11:45:00+00:00,30,12,11,464.524169921875,72.97891998291016,0,0,0,0,0,0,0,0,0,0,0,0,0,0,0,0,0,0,0,0,0,0,0,0,0
2007-12-01 11:45:00+00:00,30,12,11,,,0,0,0,0,0,0,0,0,0,0,0,0,0,0,0,0,0,0,0,0,0,0,0,0,0
2007-12-01 12:00:00+00:00,30,12,12,133.84420776367188,174.35389709472656,0,0,0,0,0,0,0,0,0,0,0,1,1,1,1,1,1,0,0,0,0,0,0,0,0
2007-12-01 12:00:00+00:00,30,12,12,259.3160400390625,254.20526123046875,0,0,0,0,0,0,0,0,0,0,0,0,0,0,0,1,1,0,0,0,0,0,0,0,0
2007-12-01 12:00:00+00:00,30,12,12,98.92945861816406,87.4058837890625,0,0,0,0,0,0,0,0,0,1,1,1,1,1,1,1,1,0,0,0,0,0,0,0,0
2007-12-01 12:00:00+00:00,30,12,12,102.60327911376953,84.34161376953125,0,0,0,0,0,0,0,0,0,0,1,1,1,1,1,1,1,0,0,0,0,0,0,0,0
2007-12-01 12:00:00+00:00,30,12,12,96.69962310791016,98.47602081298828,0,0,0,0,0,0,0,0,0,1,1,1,1,1,1,1,1,0,0,0,0,0,0,0,0
2007-12-01 12:00:00+00:00,30,12,12,,,0,0,0,0,0,0,0,0,0,0,0,0,0,0,0,0,0,0,0,0,0,0,0,0,0
2007-12-01 12:00:00+00:00,30,12,12,209.22007751464844,209.72813415527344,0,0,0,0,0,0,0,0,0,0,0,0,0,0,1,1,1,0,0,0,0,0,0,0,0
2007-12-01 12:00:00+00:00,30,12,12,541.9661254882812,315.5233154296875,0,0,0,0,0,0,0,0,0,0,0,0,0,0,0,0,0,0,0,0,0,0,0,0,0
2007-12-01 12:00:00+00:00,30,12,12,55.87520980834961,51.57673263549805,0,0,0,0,0,0,0,1,1,1,1,1,1,1,1,1,1,0,0,0,0,0,0,0,1
2007-12-01 12:00:00+00:00,30,12,12,64.31293487548828,58.34798049926758,0,0,0,0,0,0,0,0,1,1,1,1,1,1,1,1,1,0,0,0,0,0,0,0,1
2007-12-01 12:00:00+00:00,30,12,12,99.71231079101562,92.88032531738281,0,0,0,0,0,0,0,0,0,1,1,1,1,1,1,1,1,0,0,0,0,0,0,0,0
2007-12-01 12:00:00+00:00,30,12,12,154.8729248046875,146.7575225830078,0,0,0,0,0,0,0,0,0,0,0,0,1,1,1,1,1,0,0,0,0,0,0,0,0
2007-12-01 12:00:00+00:00,30,12,12,258.890869140625,162.8065643310547,0,0,0,0,0,0,0,0,0,0,0,0,0,0,0,1,1,0,0,0,0,0,0,0,0
2007-12-01 12:00:00+00:00,30,12,12,259.7808837890625,130.6468505859375,0,0,0,0,0,0,0,0,0,0,0,0,0,0,0,1,1,0,0,0,0,0,0,0,0
2007-12-01 12:00:00+00:00,30,12,12,258.55157470703125,77.43365478515625,0,0,0,0,0,0,0,0,0,0,0,0,0,0,0,1,1,0,0,0,0,0,0,0,0
2007-12-01 12:00:00+00:00,30,12,12,144.1063995361328,220.59849548339844,0,0,0,0,0,0,0,0,0,0,0,1,1,1,1,1,1,0,0,0,0,0,0,0,0
2007-12-01 12:00:00+00:00,30,12,12,247.46969604492188,120.05426025390625,0,0,0,0,0,0,0,0,0,0,0,0,0,0,1,1,1,0,0,0,0,0,0,0,0
2007-12-01 12:00:00+00:00,30,12,12,414.03594970703125,448.8622131347656,0,0,0,0,0,0,0,0,0,0,0,0,0,0,0,0,0,0,0,0,0,0,0,0,0
2007-12-01 12:00:00+00:00,30,12,12,395.0549011230469,439.8914489746094,0,0,0,0,0,0,0,0,0,0,0,0,0,0,0,0,0,0,0,0,0,0,0,0,0
2007-12-01 12:00:00+00:00,30,12,12,99.82657623291016,75.131103515625,0,0,0,0,0,0,0,0,0,1,1,1,1,1,1,1,1,0,0,0,0,0,0,0,0
2007-12-01 12:00:00+00:00,30,12,12,189.38201904296875,103.31039428710938,0,0,0,0,0,0,0,0,0,0,0,0,0,1,1,1,1,0,0,0,0,0,0,0,0
2007-12-01 12:00:00+00:00,30,12,12,52.2796630859375,51.96537399291992,0,0,0,0,0,0,0,1,1,1,1,1,1,1,1,1,1,0,0,0,0,0,0,0,1
2007-12-01 12:00:00+00:00,30,12,12,65.5323257446289,46.785858154296875,0,0,0,0,0,0,0,0,1,1,1,1,1,1,1,1,1,0,0,0,0,0,0,1,1
2007-12-01 12:00:00+00:00,30,12,12,,,0,0,0,0,0,0,0,0,0,0,0,0,0,0,0,0,0,0,0,0,0,0,0,0,0
2007-12-01 12:00:00+00:00,30,12,12,,3.4439456462860107,0,0,0,0,0,0,0,0,0,0,0,0,0,0,0,0,0,1,1,1,1,1,1,1,1
2007-12-01 12:00:00+00:00,30,12,12,,,0,0,0,0,0,0,0,0,0,0,0,0,0,0,0,0,0,0,0,0,0,0,0,0,0
2007-12-01 12:00:00+00:00,30,12,12,,,0,0,0,0,0,0,0,0,0,0,0,0,0,0,0,0,0,0,0,0,0,0,0,0,0
2007-12-01 12:15:00+00:00,30,12,12,,410.5939636230469,0,0,0,0,0,0,0,0,0,0,0,0,0,0,0,0,0,0,0,0,0,0,0,0,0
2007-12-01 12:15:00+00:00,30,12,12,363.19482421875,354.77935791015625,0,0,0,0,0,0,0,0,0,0,0,0,0,0,0,0,0,0,0,0,0,0,0,0,0
2007-12-01 12:15:00+00:00,30,12,12,62.35342025756836,58.8934440612793,0,0,0,0,0,0,0,0,1,1,1,1,1,1,1,1,1,0,0,0,0,0,0,0,1
2007-12-01 12:15:00+00:00,30,12,12,164.5409698486328,76.33072662353516,0,0,0,0,0,0,0,0,0,0,0,0,1,1,1,1,1,0,0,0,0,0,0,0,0
2007-12-01 12:15:00+00:00,30,12,12,181.9077606201172,216.8789825439453,0,0,0,0,0,0,0,0,0,0,0,0,0,1,1,1,1,0,0,0,0,0,0,0,0
2007-12-01 12:15:00+00:00,30,12,12,,,0,0,0,0,0,0,0,0,0,0,0,0,0,0,0,0,0,0,0,0,0,0,0,0,0
2007-12-01 12:15:00+00:00,30,12,12,152.02166748046875,84.47869873046875,0,0,0,0,0,0,0,0,0,0,0,0,1,1,1,1,1,0,0,0,0,0,0,0,0
2007-12-01 12:15:00+00:00,30,12,12,77.96209716796875,12.59267520904541,0,0,0,0,0,0,0,0,1,1,1,1,1,1,1,1,1,0,1,1,1,1,1,1,1
2007-12-01 12:15:00+00:00,30,12,12,200.4206085205078,116.24131774902344,0,0,0,0,0,0,0,0,0,0,0,0,0,0,1,1,1,0,0,0,0,0,0,0,0
2007-12-01 12:15:00+00:00,30,12,12,179.8006134033203,98.07837677001953,0,0,0,0,0,0,0,0,0,0,0,0,1,1,1,1,1,0,0,0,0,0,0,0,0
2007-12-01 12:15:00+00:00,30,12,12,294.2395935058594,287.3148498535156,0,0,0,0,0,0,0,0,0,0,0,0,0,0,0,1,1,0,0,0,0,0,0,0,0
2007-12-01 12:15:00+00:00,30,12,12,34.2967643737793,30.8707332611084,0,0,0,0,0,1,1,1,1,1,1,1,1,1,1,1,1,0,0,0,0,0,1,1,1
2007-12-01 12:15:00+00:00,30,12,12,322.5075378417969,317.68182373046875,0,0,0,0,0,0,0,0,0,0,0,0,0,0,0,0,1,0,0,0,0,0,0,0,0
2007-12-01 12:15:00+00:00,30,12,12,149.6792755126953,9.85094928741455,0,0,0,0,0,0,0,0,0,0,0,1,1,1,1,1,1,1,1,1,1,1,1,1,1
2007-12-01 12:15:00+00:00,30,12,12,70.52271270751953,48.07567596435547,0,0,0,0,0,0,0,0,1,1,1,1,1,1,1,1,1,0,0,0,0,0,0,1,1
2007-12-01 12:15:00+00:00,30,12,12,59.99281311035156,61.439266204833984,0,0,0,0,0,0,0,1,1,1,1,1,1,1,1,1,1,0,0,0,0,0,0,0,0
2007-12-01 12:15:00+00:00,30,12,12,93.62418365478516,78.00169372558594,0,0,0,0,0,0,0,0,0,1,1,1,1,1,1,1,1,0,0,0,0,0,0,0,0
2007-12-01 12:15:00+00:00,30,12,12,228.55845642089844,193.35398864746094,0,0,0,0,0,0,0,0,0,0,0,0,0,0,1,1,1,0,0,0,0,0,0,0,0
2007-12-01 12:15:00+00:00,30,12,12,201.05836486816406,21.34787368774414,0,0,0,0,0,0,0,0,0,0,0,0,0,0,1,1,1,0,0,0,1,1,1,1,1
2007-12-01 12:15:00+00:00,30,12,12,,,0,0,0,0,0,0,0,0,0,0,0,0,0,0,0,0,0,0,0,0,0,0,0,0,0
2007-12-01 12:30:00+00:00,30,12,12,,,0,0,0,0,0,0,0,0,0,0,0,0,0,0,0,0,0,0,0,0,0,0,0,0,0
2007-12-01 12:30:00+00:00,30,12,12,172.1693878173828,176.51641845703125,0,0,0,0,0,0,0,0,0,0,0,0,1,1,1,1,1,0,0,0,0,0,0,0,0
2007-12-01 12:30:00+00:00,30,12,12,197.31031799316406,191.3357391357422,0,0,0,0,0,0,0,0,0,0,0,0,0,1,1,1,1,0,0,0,0,0,0,0,0
2007-12-01 12:30:00+00:00,30,12,12,118.47620391845703,151.60308837890625,0,0,0,0,0,0,0,0,0,0,1,1,1,1,1,1,1,0,0,0,0,0,0,0,0
2007-12-01 12:30:00+00:00,30,12,12,436.7402648925781,126.5912857055664,0,0,0,0,0,0,0,0,0,0,0,0,0,0,0,0,0,0,0,0,0,0,0,0,0
2007-12-01 12:30:00+00:00,30,12,12,424.23736572265625,429.8358459472656,0,0,0,0,0,0,0,0,0,0,0,0,0,0,0,0,0,0,0,0,0,0,0,0,0
2007-12-01 12:30:00+00:00,30,12,12,161.37164306640625,0.0,0,0,0,0,0,0,0,0,0,0,0,0,1,1,1,1,1,1,1,1,1,1,1,1,1
2007-12-01 12:30:00+00:00,30,12,12,95.23310089111328,73.682373046875,0,0,0,0,0,0,0,0,0,1,1,1,1,1,1,1,1,0,0,0,0,0,0,0,0
2007-12-01 12:30:00+00:00,30,12,12,518.2765502929688,215.1479949951172,0,0,0,0,0,0,0,0,0,0,0,0,0,0,0,0,0,0,0,0,0,0,0,0,0
2007-12-01 12:30:00+00:00,30,12,12,392.5408935546875,372.21527099609375,0,0,0,0,0,0,0,0,0,0,0,0,0,0,0,0,0,0,0,0,0,0,0,0,0
2007-12-01 12:30:00+00:00,30,12,12,360.9609375,346.4364318847656,0,0,0,0,0,0,0,0,0,0,0,0,0,0,0,0,0,0,0,0,0,0,0,0,0
2007-12-01 12:30:00+00:00,30,12,12,100.6417007446289,44.96772384643555,0,0,0,0,0,0,0,0,0,0,1,1,1,1,1,1,1,0,0,0,0,0,0,1,1
2007-12-01 12:30:00+00:00,30,12,12,55.50749969482422,56.52770233154297,0,0,0,0,0,0,0,1,1,1,1,1,1,1,1,1,1,0,0,0,0,0,0,0,1
2007-12-01 12:30:00+00:00,30,12,12,313.1878662109375,237.00958251953125,0,0,0,0,0,0,0,0,0,0,0,0,0,0,0,0,1,0,0,0,0,0,0,0,0
2007-12-01 12:30:00+00:00,30,12,12,120.67958068847656,104.5606460571289,0,0,0,0,0,0,0,0,0,0,0,1,1,1,1,1,1,0,0,0,0,0,0,0,0
2007-12-01 12:30:00+00:00,30,12,12,84.58085632324219,80.84114074707031,0,0,0,0,0,0,0,0,0,1,1,1,1,1,1,1,1,0,0,0,0,0,0,0,0
2007-12-01 12:30:00+00:00,30,12,12,53.98297119140625,56.50644302368164,0,0,0,0,0,0,0,1,1,1,1,1,1,1,1,1,1,0,0,0,0,0,0,0,1
2007-12-01 12:30:00+00:00,30,12,12,60.764549255371094,48.892433166503906,0,0,0,0,0,0,0,0,1,1,1,1,1,1,1,1,1,0,0,0,0,0,0,1,1
2007-12-01 12:30:00+00:00,30,12,12,83.83609008789062,59.204166412353516,0,0,0,0,0,0,0,0,0,1,1,1,1,1,1,1,1,0,0,0,0,0,0,0,1
2007-12-01 12:45:00+00:00,30,12,12,79.49921417236328,6.50462007522583,0,0,0,0,0,0,0,0,1,1,1,1,1,1,1,1,1,1,1,1,1,1,1,1,1
2007-12-01 12:45:00+00:00,30,12,12,,,0,0,0,0,0,0,0,0,0,0,0,0,0,0,0,0,0,0,0,0,0,0,0,0,0
2007-12-01 12:45:00+00:00,30,12,12,488.77874755859375,169.71041870117188,0,0,0,0,0,0,0,0,0,0,0,0,0,0,0,0,0,0,0,0,0,0,0,0,0
2007-12-01 12:45:00+00:00,30,12,12,577.4405517578125,255.56471252441406,0,0,0,0,0,0,0,0,0,0,0,0,0,0,0,0,0,0,0,0,0,0,0,0,0
2007-12-01 12:45:00+00:00,30,12,12,271.1218566894531,271.3165283203125,0,0,0,0,0,0,0,0,0,0,0,0,0,0,0,1,1,0,0,0,0,0,0,0,0
2007-12-01 12:45:00+00:00,30,12,12,203.38890075683594,203.79730224609375,0,0,0,0,0,0,0,0,0,0,0,0,0,0,1,1,1,0,0,0,0,0,0,0,0
2007-12-01 12:45:00+00:00,30,12,12,101.42391204833984,76.34455108642578,0,0,0,0,0,0,0,0,0,0,1,1,1,1,1,1,1,0,0,0,0,0,0,0,0
2007-12-01 12:45:00+00:00,30,12,12,251.95436096191406,164.69802856445312,0,0,0,0,0,0,0,0,0,0,0,0,0,0,0,1,1,0,0,0,0,0,0,0,0
2007-12-01 12:45:00+00:00,30,12,12,273.94537353515625,171.2841339111328,0,0,0,0,0,0,0,0,0,0,0,0,0,0,0,1,1,0,0,0,0,0,0,0,0
2007-12-01 12:45:00+00:00,30,12,12,126.12335968017578,315.275390625,0,0,0,0,0,0,0,0,0,0,0,1,1,1,1,1,1,0,0,0,0,0,0,0,0
2007-12-01 12:45:00+00:00,30,12,12,192.35476684570312,267.27117919921875,0,0,0,0,0,0,0,0,0,0,0,0,0,1,1,1,1,0,0,0,0,0,0,0,0
2007-12-01 12:45:00+00:00,30,12,12,79.00326538085938,87.00321960449219,0,0,0,0,0,0,0,0,1,1,1,1,1,1,1,1,1,0,0,0,0,0,0,0,0
2007-12-01 12:45:00+00:00,30,12,12,49.83198928833008,6.072144031524658,0,0,0,0,0,0,1,1,1,1,1,1,1,1,1,1,1,1,1,1,1,1,1,1,1
2007-12-01 12:45:00+00:00,30,12,12,277.933349609375,7.208581924438477,0,0,0,0,0,0,0,0,0,0,0,0,0,0,0,1,1,1,1,1,1,1,1,1,1
2007-12-01 12:45:00+00:00,30,12,12,47.52666473388672,39.69014358520508,0,0,0,0,0,0,1,1,1,1,1,1,1,1,1,1,1,0,0,0,0,0,1,1,1
2007-12-01 12:45:00+00:00,30,12,12,119.88087463378906,127.22272491455078,0,0,0,0,0,0,0,0,0,0,1,1,1,1,1,1,1,0,0,0,0,0,0,0,0
2007-12-01 12:45:00+00:00,30,12,12,,,0,0,0,0,0,0,0,0,0,0,0,0,0,0,0,0,0,0,0,0,0,0,0,0,0
2007-12-01 12:45:00+00:00,30,12,12,103.08246612548828,3.099761962890625,0,0,0,0,0,0,0,0,0,0,1,1,1,1,1,1,1,1,1,1,1,1,1,1,1
2007-12-01 12:45:00+00:00,30,12,12,240.67771911621094,137.71714782714844,0,0,0,0,0,0,0,0,0,0,0,0,0,0,1,1,1,0,0,0,0,0,0,0,0
2007-12-01 12:45:00+00:00,30,12,12,,,0,0,0,0,0,0,0,0,0,0,0,0,0,0,0,0,0,0,0,0,0,0,0,0,0
2007-12-01 12:45:00+00:00,30,12,12,330.86383056640625,227.66775512695312,0,0,0,0,0,0,0,0,0,0,0,0,0,0,0,0,1,0,0,0,0,0,0,0,0
2007-12-01 13:00:00+00:00,30,12,13,60.3549690246582,95.47179412841797,0,0,0,0,0,0,0,0,1,1,1,1,1,1,1,1,1,0,0,0,0,0,0,0,0
2007-12-01 13:00:00+00:00,30,12,13,261.2246398925781,269.75640869140625,0,0,0,0,0,0,0,0,0,0,0,0,0,0,0,1,1,0,0,0,0,0,0,0,0
2007-12-01 13:00:00+00:00,30,12,13,105.05204010009766,64.76910400390625,0,0,0,0,0,0,0,0,0,0,1,1,1,1,1,1,1,0,0,0,0,0,0,0,0
2007-12-01 13:00:00+00:00,30,12,13,163.35189819335938,154.77406311035156,0,0,0,0,0,0,0,0,0,0,0,0,1,1,1,1,1,0,0,0,0,0,0,0,0
2007-12-01 13:00:00+00:00,30,12,13,232.52113342285156,0.0,0,0,0,0,0,0,0,0,0,0,0,0,0,0,1,1,1,1,1,1,1,1,1,1,1
2007-12-01 13:00:00+00:00,30,12,13,138.24046325683594,41.739288330078125,0,0,0,0,0,0,0,0,0,0,0,1,1,1,1,1,1,0,0,0,0,0,0,1,1
2007-12-01 13:00:00+00:00,30,12,13,71.43923950195312,99.31036376953125,0,0,0,0,0,0,0,0,1,1,1,1,1,1,1,1,1,0,0,0,0,0,0,0,0
2007-12-01 13:00:00+00:00,30,12,13,306.2476806640625,291.6338195800781,0,0,0,0,0,0,0,0,0,0,0,0,0,0,0,0,1,0,0,0,0,0,0,0,0
2007-12-01 13:00:00+00:00,30,12,13,120.82421112060547,128.287841796875,0,0,0,0,0,0,0,0,0,0,0,1,1,1,1,1,1,0,0,0,0,0,0,0,0
2007-12-01 13:00:00+00:00,30,12,13,56.83919906616211,54.64002227783203,0,0,0,0,0,0,0,1,1,1,1,1,1,1,1,1,1,0,0,0,0,0,0,0,1
2007-12-01 13:00:00+00:00,30,12,13,146.31407165527344,131.55282592773438,0,0,0,0,0,0,0,0,0,0,0,1,1,1,1,1,1,0,0,0,0,0,0,0,0
2007-12-01 13:00:00+00:00,30,12,13,227.95436096191406,225.2557830810547,0,0,0,0,0,0,0,0,0,0,0,0,0,0,1,1,1,0,0,0,0,0,0,0,0
2007-12-01 13:00:00+00:00,30,12,13,137.4662628173828,83.81830596923828,0,0,0,0,0,0,0,0,0,0,0,1,1,1,1,1,1,0,0,0,0,0,0,0,0
2007-12-01 13:00:00+00:00,30,12,13,71.9703369140625,70.41130065917969,0,0,0,0,0,0,0,0,1,1,1,1,1,1,1,1,1,0,0,0,0,0,0,0,0
2007-12-01 13:00:00+00:00,30,12,13,37.21058654785156,10.8734130859375,0,0,0,0,0,1,1,1,1,1,1,1,1,1,1,1,1,0,1,1,1,1,1,1,1
2007-12-01 13:00:00+00:00,30,12,13,75.9074935913086,15.24317741394043,0,0,0,0,0,0,0,0,1,1,1,1,1,1,1,1,1,0,0,1,1,1,1,1,1
2007-12-01 13:00:00+00:00,30,12,13,256.79888916015625,129.2039794921875,0,0,0,0,0,0,0,0,0,0,0,0,0,0,0,1,1,0,0,0,0,0,0,0,0
2007-12-01 13:00:00+00:00,30,12,13,37.635311126708984,14.1806058883667,0,0,0,0,0,1,1,1,1,1,1,1,1,1,1,1,1,0,1,1,1,1,1,1,1
2007-12-01 13:00:00+00:00,30,12,13,,,0,0,0,0,0,0,0,0,0,0,0,0,0,0,0,0,0,0,0,0,0,0,0,0,0
2007-12-01 13:15:00+00:00,30,12,13,201.91127014160156,158.20896911621094,0,0,0,0,0,0,0,0,0,0,0,0,0,0,1,1,1,0,0,0,0,0,0,0,0
2007-12-01 13:15:00+00:00,30,12,13,66.6875,61.920196533203125,0,0,0,0,0,0,0,0,1,1,1,1,1,1,1,1,1,0,0,0,0,0,0,0,0
2007-12-01 13:15:00+00:00,30,12,13,310.3916320800781,351.8591003417969,0,0,0,0,0,0,0,0,0,0,0,0,0,0,0,0,1,0,0,0,0,0,0,0,0
2007-12-01 13:15:00+00:00,30,12,13,91.449951171875,68.13201141357422,0,0,0,0,0,0,0,0,0,1,1,1,1,1,1,1,1,0,0,0,0,0,0,0,0
2007-12-01 13:15:00+00:00,30,12,13,570.33056640625,409.09124755859375,0,0,0,0,0,0,0,0,0,0,0,0,0,0,0,0,0,0,0,0,0,0,0,0,0
2007-12-01 13:15:00+00:00,30,12,13,415.06585693359375,421.7088928222656,0,0,0,0,0,0,0,0,0,0,0,0,0,0,0,0,0,0,0,0,0,0,0,0,0
2007-12-01 13:15:00+00:00,30,12,13,169.17091369628906,23.24380874633789,0,0,0,0,0,0,0,0,0,0,0,0,1,1,1,1,1,0,0,0,1,1,1,1,1
2007-12-01 13:15:00+00:00,30,12,13,409.2663879394531,372.3082275390625,0,0,0,0,0,0,0,0,0,0,0,0,0,0,0,0,0,0,0,0,0,0,0,0,0
2007-12-01 13:15:00+00:00,30,12,13,257.118896484375,244.56593322753906,0,0,0,0,0,0,0,0,0,0,0,0,0,0,0,1,1,0,0,0,0,0,0,0,0
2007-12-01 13:15:00+00:00,30,12,13,,139.5751495361328,0,0,0,0,0,0,0,0,0,0,0,0,0,0,0,0,0,0,0,0,0,0,0,0,0
2007-12-01 13:15:00+00:00,30,12,13,93.90290832519531,79.9040756225586,0,0,0,0,0,0,0,0,0,1,1,1,1,1,1,1,1,0,0,0,0,0,0,0,0
2007-12-01 13:15:00+00:00,30,12,13,142.66293334960938,85.33206939697266,0,0,0,0,0,0,0,0,0,0,0,1,1,1,1,1,1,0,0,0,0,0,0,0,0
2007-12-01 13:15:00+00:00,30,12,13,334.94476318359375,3.0688843727111816,0,0,0,0,0,0,0,0,0,0,0,0,0,0,0,0,1,1,1,1,1,1,1,1,1
2007-12-01 13:15:00+00:00,30,12,13,,204.4927978515625,0,0,0,0,0,0,0,0,0,0,0,0,0,0,0,0,0,0,0,0,0,0,0,0,0
2007-12-01 13:15:00+00:00,30,12,13,,63.59626770019531,0,0,0,0,0,0,0,0,0,0,0,0,0,0,0,0,0,0,0,0,0,0,0,0,0
2007-12-01 13:15:00+00:00,30,12,13,,0.0,0,0,0,0,0,0,0,0,0,0,0,0,0,0,0,0,0,1,1,1,1,1,1,1,1
2007-12-01 13:30:00+00:00,30,12,13,129.64849853515625,119.03718566894531,0,0,0,0,0,0,0,0,0,0,0,1,1,1,1,1,1,0,0,0,0,0,0,0,0
2007-12-01 13:30:00+00:00,30,12,13,474.25592041015625,463.76837158203125,0,0,0,0,0,0,0,0,0,0,0,0,0,0,0,0,0,0,0,0,0,0,0,0,0
2007-12-01 13:30:00+00:00,30,12,13,193.71910095214844,166.40292358398438,0,0,0,0,0,0,0,0,0,0,0,0,0,1,1,1,1,0,0,0,0,0,0,0,0
2007-12-01 13:30:00+00:00,30,12,13,185.87513732910156,169.54367065429688,0,0,0,0,0,0,0,0,0,0,0,0,0,1,1,1,1,0,0,0,0,0,0,0,0
2007-12-01 13:30:00+00:00,30,12,13,74.55003356933594,45.40456771850586,0,0,0,0,0,0,0,0,1,1,1,1,1,1,1,1,1,0,0,0,0,0,0,1,1
2007-12-01 13:30:00+00:00,30,12,13,81.6073226928711,74.11436462402344,0,0,0,0,0,0,0,0,0,1,1,1,1,1,1,1,1,0,0,0,0,0,0,0,0
2007-12-01 13:30:00+00:00,30,12,13,72.67867279052734,64.1812973022461,0,0,0,0,0,0,0,0,1,1,1,1,1,1,1,1,1,0,0,0,0,0,0,0,0
2007-12-01 13:30:00+00:00,30,12,13,54.1199836730957,41.471187591552734,0,0,0,0,0,0,0,1,1,1,1,1,1,1,1,1,1,0,0,0,0,0,0,1,1
2007-12-01 13:30:00+00:00,30,12,13,43.316898345947266,18.459035873413086,0,0,0,0,0,0,1,1,1,1,1,1,1,1,1,1,1,0,0,1,1,1,1,1,1
2007-12-01 13:30:00+00:00,30,12,13,,,0,0,0,0,0,0,0,0,0,0,0,0,0,0,0,0,0,0,0,0,0,0,0,0,0
2007-12-01 13:30:00+00:00,30,12,13,,,0,0,0,0,0,0,0,0,0,0,0,0,0,0,0,0,0,0,0,0,0,0,0,0,0
2007-12-01 13:30:00+00:00,30,12,13,114.50920867919922,67.22332000732422,0,0,0,0,0,0,0,0,0,0,1,1,1,1,1,1,1,0,0,0,0,0,0,0,0
2007-12-01 13:30:00+00:00,30,12,13,,117.43199920654297,0,0,0,0,0,0,0,0,0,0,0,0,0,0,0,0,0,0,0,0,0,0,0,0,0
2007-12-01 13:30:00+00:00,30,12,13,,183.2014617919922,0,0,0,0,0,0,0,0,0,0,0,0,0,0,0,0,0,0,0,0,0,0,0,0,0
2007-12-01 13:45:00+00:00,30,12,13,123.2695541381836,112.49278259277344,0,0,0,0,0,0,0,0,0,0,0,1,1,1,1,1,1,0,0,0,0,0,0,0,0
2007-12-01 13:45:00+00:00,30,12,13,92.28254699707031,89.73648834228516,0,0,0,0,0,0,0,0,0,1,1,1,1,1,1,1,1,0,0,0,0,0,0,0,0
2007-12-01 13:45:00+00:00,30,12,13,46.07295227050781,29.42424964904785,0,0,0,0,0,0,1,1,1,1,1,1,1,1,1,1,1,0,0,0,0,1,1,1,1
2007-12-01 13:45:00+00:00,30,12,13,67.9725341796875,59.82919692993164,0,0,0,0,0,0,0,0,1,1,1,1,1,1,1,1,1,0,0,0,0,0,0,0,1
2007-12-01 13:45:00+00:00,30,12,13,115.2882308959961,4.529853820800781,0,0,0,0,0,0,0,0,0,0,1,1,1,1,1,1,1,1,1,1,1,1,1,1,1
2007-12-01 13:45:00+00:00,30,12,13,63.52726745605469,62.274967193603516,0,0,0,0,0,0,0,0,1,1,1,1,1,1,1,1,1,0,0,0,0,0,0,0,0
2007-12-01 13:45:00+00:00,30,12,13,115.80670166015625,30.920930862426758,0,0,0,0,0,0,0,0,0,0,1,1,1,1,1,1,1,0,0,0,0,0,1,1,1
2007-12-01 13:45:00+00:00,30,12,13,169.89979553222656,176.7561492919922,0,0,0,0,0,0,0,0,0,0,0,0,1,1,1,1,1,0,0,0,0,0,0,0,0
2007-12-01 13:45:00+00:00,30,12,13,83.75849914550781,72.6609878540039,0,0,0,0,0,0,0,0,0,1,1,1,1,1,1,1,1,0,0,0,0,0,0,0,0
2007-12-01 13:45:00+00:00,30,12,13,61.13051223754883,54.843048095703125,0,0,0,0,0,0,0,0,1,1,1,1,1,1,1,1,1,0,0,0,0,0,0,0,1
2007-12-01 13:45:00+00:00,30,12,13,143.75048828125,3.101203680038452,0,0,0,0,0,0,0,0,0,0,0,1,1,1,1,1,1,1,1,1,1,1,1,1,1
2007-12-01 13:45:00+00:00,30,12,13,,,0,0,0,0,0,0,0,0,0,0,0,0,0,0,0,0,0,0,0,0,0,0,0,0,0
2007-12-01 14:00:00+00:00,30,12,14,393.477783203125,369.5151062011719,0,0,0,0,0,0,0,0,0,0,0,0,0,0,0,0,0,0,0,0,0,0,0,0,0
2007-12-01 14:00:00+00:00,30,12,14,273.99346923828125,274.91473388671875,0,0,0,0,0,0,0,0,0,0,0,0,0,0,0,1,1,0,0,0,0,0,0,0,0
2007-12-01 14:00:00+00:00,30,12,14,44.98402786254883,4.552584171295166,0,0,0,0,0,0,1,1,1,1,1,1,1,1,1,1,1,1,1,1,1,1,1,1,1
2007-12-01 14:00:00+00:00,30,12,14,42.74791717529297,0.0,0,0,0,0,0,0,1,1,1,1,1,1,1,1,1,1,1,1,1,1,1,1,1,1,1
2007-12-01 14:00:00+00:00,30,12,14,93.3249282836914,83.19275665283203,0,0,0,0,0,0,0,0,0,1,1,1,1,1,1,1,1,0,0,0,0,0,0,0,0
2007-12-01 14:00:00+00:00,30,12,14,70.99690246582031,57.42245101928711,0,0,0,0,0,0,0,0,1,1,1,1,1,1,1,1,1,0,0,0,0,0,0,0,1
2007-12-01 14:00:00+00:00,30,12,14,27.8681697845459,20.90587043762207,0,0,0,0,1,1,1,1,1,1,1,1,1,1,1,1,1,0,0,0,1,1,1,1,1
2007-12-01 14:00:00+00:00,30,12,14,45.79978942871094,0.0,0,0,0,0,0,0,1,1,1,1,1,1,1,1,1,1,1,1,1,1,1,1,1,1,1
2007-12-01 14:00:00+00:00,30,12,14,,,0,0,0,0,0,0,0,0,0,0,0,0,0,0,0,0,0,0,0,0,0,0,0,0,0
2007-12-01 14:15:00+00:00,30,12,14,61.354862213134766,56.44190216064453,0,0,0,0,0,0,0,0,1,1,1,1,1,1,1,1,1,0,0,0,0,0,0,0,1
2007-12-01 14:15:00+00:00,30,12,14,31.900182723999023,25.1309814453125,0,0,0,0,0,1,1,1,1,1,1,1,1,1,1,1,1,0,0,0,0,1,1,1,1
2007-12-01 14:15:00+00:00,30,12,14,47.93327713012695,39.03829574584961,0,0,0,0,0,0,1,1,1,1,1,1,1,1,1,1,1,0,0,0,0,0,1,1,1
2007-12-01 14:15:00+00:00,30,12,14,57.22523498535156,51.5126953125,0,0,0,0,0,0,0,1,1,1,1,1,1,1,1,1,1,0,0,0,0,0,0,0,1
2007-12-01 14:15:00+00:00,30,12,14,230.38914489746094,231.9551239013672,0,0,0,0,0,0,0,0,0,0,0,0,0,0,1,1,1,0,0,0,0,0,0,0,0
2007-12-01 14:15:00+00:00,30,12,14,,,0,0,0,0,0,0,0,0,0,0,0,0,0,0,0,0,0,0,0,0,0,0,0,0,0
2007-12-01 14:30:00+00:00,30,12,14,,,0,0,0,0,0,0,0,0,0,0,0,0,0,0,0,0,0,0,0,0,0,0,0,0,0
2007-12-01 14:30:00+00:00,30,12,14,43.70284652709961,34.968875885009766,0,0,0,0,0,0,1,1,1,1,1,1,1,1,1,1,1,0,0,0,0,0,1,1,1
2007-12-01 14:30:00+00:00,30,12,14,73.56874084472656,0.0,0,0,0,0,0,0,0,0,1,1,1,1,1,1,1,1,1,1,1,1,1,1,1,1,1
2007-12-01 14:30:00+00:00,30,12,14,238.9074249267578,165.66949462890625,0,0,0,0,0,0,0,0,0,0,0,0,0,0,1,1,1,0,0,0,0,0,0,0,0
2007-12-01 14:30:00+00:00,30,12,14,67.67585754394531,77.4033432006836,0,0,0,0,0,0,0,0,1,1,1,1,1,1,1,1,1,0,0,0,0,0,0,0,0
2007-12-01 14:30:00+00:00,30,12,14,,,0,0,0,0,0,0,0,0,0,0,0,0,0,0,0,0,0,0,0,0,0,0,0,0,0
2007-12-01 14:45:00+00:00,30,12,14,56.94184875488281,62.71053695678711,0,0,0,0,0,0,0,1,1,1,1,1,1,1,1,1,1,0,0,0,0,0,0,0,0
2007-12-01 14:45:00+00:00,30,12,14,60.75162887573242,41.91019821166992,0,0,0,0,0,0,0,0,1,1,1,1,1,1,1,1,1,0,0,0,0,0,0,1,1
2007-12-01 14:45:00+00:00,30,12,14,68.34485626220703,63.37467956542969,0,0,0,0,0,0,0,0,1,1,1,1,1,1,1,1,1,0,0,0,0,0,0,0,0
2007-12-01 14:45:00+00:00,30,12,14,131.1515655517578,112.85592651367188,0,0,0,0,0,0,0,0,0,0,0,1,1,1,1,1,1,0,0,0,0,0,0,0,0
2007-12-01 14:45:00+00:00,30,12,14,187.01919555664062,175.85275268554688,0,0,0,0,0,0,0,0,0,0,0,0,0,1,1,1,1,0,0,0,0,0,0,0,0
2007-12-01 14:45:00+00:00,30,12,14,234.9735565185547,176.2119903564453,0,0,0,0,0,0,0,0,0,0,0,0,0,0,1,1,1,0,0,0,0,0,0,0,0
2007-12-01 14:45:00+00:00,30,12,14,358.5127258300781,343.0086975097656,0,0,0,0,0,0,0,0,0,0,0,0,0,0,0,0,0,0,0,0,0,0,0,0,0
2007-12-01 14:45:00+00:00,30,12,14,142.725341796875,78.35456085205078,0,0,0,0,0,0,0,0,0,0,0,1,1,1,1,1,1,0,0,0,0,0,0,0,0
2007-12-01 15:00:00+00:00,30,12,15,166.37657165527344,179.01478576660156,0,0,0,0,0,0,0,0,0,0,0,0,1,1,1,1,1,0,0,0,0,0,0,0,0
2007-12-01 15:00:00+00:00,30,12,15,239.57394409179688,323.858642578125,0,0,0,0,0,0,0,0,0,0,0,0,0,0,1,1,1,0,0,0,0,0,0,0,0
2007-12-01 15:00:00+00:00,30,12,15,153.18414306640625,173.67706298828125,0,0,0,0,0,0,0,0,0,0,0,0,1,1,1,1,1,0,0,0,0,0,0,0,0
2007-12-01 15:00:00+00:00,30,12,15,68.26304626464844,47.8066291809082,0,0,0,0,0,0,0,0,1,1,1,1,1,1,1,1,1,0,0,0,0,0,0,1,1
2007-12-01 15:00:00+00:00,30,12,15,60.85064697265625,38.02226257324219,0,0,0,0,0,0,0,0,1,1,1,1,1,1,1,1,1,0,0,0,0,0,1,1,1
2007-12-01 15:00:00+00:00,30,12,15,55.36052322387695,50.039642333984375,0,0,0,0,0,0,0,1,1,1,1,1,1,1,1,1,1,0,0,0,0,0,0,0,1
2007-12-01 15:00:00+00:00,30,12,15,311.238525390625,0.0,0,0,0,0,0,0,0,0,0,0,0,0,0,0,0,0,1,1,1,1,1,1,1,1,1
2007-12-01 15:00:00+00:00,30,12,15,127.99968719482422,131.25796508789062,0,0,0,0,0,0,0,0,0,0,0,1,1,1,1,1,1,0,0,0,0,0,0,0,0
2007-12-01 15:00:00+00:00,30,12,15,339.9850769042969,314.0275573730469,0,0,0,0,0,0,0,0,0,0,0,0,0,0,0,0,1,0,0,0,0,0,0,0,0
2007-12-01 15:00:00+00:00,30,12,15,405.49261474609375,284.0185241699219,0,0,0,0,0,0,0,0,0,0,0,0,0,0,0,0,0,0,0,0,0,0,0,0,0
2007-12-01 15:00:00+00:00,30,12,15,281.3164367675781,285.5806579589844,0,0,0,0,0,0,0,0,0,0,0,0,0,0,0,1,1,0,0,0,0,0,0,0,0
2007-12-01 15:00:00+00:00,30,12,15,43.10691452026367,34.35734558105469,0,0,0,0,0,0,1,1,1,1,1,1,1,1,1,1,1,0,0,0,0,0,1,1,1
2007-12-01 15:00:00+00:00,30,12,15,90.00117492675781,53.11266326904297,0,0,0,0,0,0,0,0,0,1,1,1,1,1,1,1,1,0,0,0,0,0,0,0,1
2007-12-01 15:00:00+00:00,30,12,15,176.0666046142578,156.38021850585938,0,0,0,0,0,0,0,0,0,0,0,0,1,1,1,1,1,0,0,0,0,0,0,0,0
2007-12-01 15:00:00+00:00,30,12,15,236.31521606445312,108.34151458740234,0,0,0,0,0,0,0,0,0,0,0,0,0,0,1,1,1,0,0,0,0,0,0,0,0
2007-12-01 15:00:00+00:00,30,12,15,218.3360137939453,138.51914978027344,0,0,0,0,0,0,0,0,0,0,0,0,0,0,1,1,1,0,0,0,0,0,0,0,0
2007-12-01 15:15:00+00:00,30,12,15,173.0123748779297,178.45594787597656,0,0,0,0,0,0,0,0,0,0,0,0,1,1,1,1,1,0,0,0,0,0,0,0,0
2007-12-01 15:15:00+00:00,30,12,15,,358.6451721191406,0,0,0,0,0,0,0,0,0,0,0,0,0,0,0,0,0,0,0,0,0,0,0,0,0
2007-12-01 15:15:00+00:00,30,12,15,,,0,0,0,0,0,0,0,0,0,0,0,0,0,0,0,0,0,0,0,0,0,0,0,0,0
2007-12-01 15:15:00+00:00,30,12,15,,,0,0,0,0,0,0,0,0,0,0,0,0,0,0,0,0,0,0,0,0,0,0,0,0,0
2007-12-01 15:30:00+00:00,30,12,15,59.58514404296875,71.808349609375,0,0,0,0,0,0,0,1,1,1,1,1,1,1,1,1,1,0,0,0,0,0,0,0,0
2007-12-01 15:30:00+00:00,30,12,15,319.23077392578125,302.6656494140625,0,0,0,0,0,0,0,0,0,0,0,0,0,0,0,0,1,0,0,0,0,0,0,0,0
2007-12-01 15:30:00+00:00,30,12,15,160.0777130126953,141.7222900390625,0,0,0,0,0,0,0,0,0,0,0,0,1,1,1,1,1,0,0,0,0,0,0,0,0
2007-12-01 15:30:00+00:00,30,12,15,432.8571472167969,436.59320068359375,0,0,0,0,0,0,0,0,0,0,0,0,0,0,0,0,0,0,0,0,0,0,0,0,0
2007-12-01 15:30:00+00:00,30,12,15,508.5768737792969,502.79522705078125,0,0,0,0,0,0,0,0,0,0,0,0,0,0,0,0,0,0,0,0,0,0,0,0,0
2007-12-01 15:30:00+00:00,30,12,15,302.905517578125,328.18798828125,0,0,0,0,0,0,0,0,0,0,0,0,0,0,0,0,1,0,0,0,0,0,0,0,0
2007-12-01 15:30:00+00:00,30,12,15,126.72229766845703,129.515869140625,0,0,0,0,0,0,0,0,0,0,0,1,1,1,1,1,1,0,0,0,0,0,0,0,0
2007-12-01 15:30:00+00:00,30,12,15,110.58323669433594,62.192955017089844,0,0,0,0,0,0,0,0,0,0,1,1,1,1,1,1,1,0,0,0,0,0,0,0,0
2007-12-01 15:30:00+00:00,30,12,15,79.26145935058594,44.83943176269531,0,0,0,0,0,0,0,0,1,1,1,1,1,1,1,1,1,0,0,0,0,0,0,1,1
2007-12-01 15:30:00+00:00,30,12,15,197.689697265625,206.8394012451172,0,0,0,0,0,0,0,0,0,0,0,0,0,1,1,1,1,0,0,0,0,0,0,0,0
2007-12-01 15:30:00+00:00,30,12,15,215.19757080078125,218.2835235595703,0,0,0,0,0,0,0,0,0,0,0,0,0,0,1,1,1,0,0,0,0,0,0,0,0
2007-12-01 15:30:00+00:00,30,12,15,104.79349517822266,106.669677734375,0,0,0,0,0,0,0,0,0,0,1,1,1,1,1,1,1,0,0,0,0,0,0,0,0
2007-12-01 15:45:00+00:00,30,12,15,211.67298889160156,180.0311737060547,0,0,0,0,0,0,0,0,0,0,0,0,0,0,1,1,1,0,0,0,0,0,0,0,0
2007-12-01 15:45:00+00:00,30,12,15,128.15576171875,143.4075927734375,0,0,0,0,0,0,0,0,0,0,0,1,1,1,1,1,1,0,0,0,0,0,0,0,0
2007-12-01 15:45:00+00:00,30,12,15,85.67827606201172,45.99436569213867,0,0,0,0,0,0,0,0,0,1,1,1,1,1,1,1,1,0,0,0,0,0,0,1,1
2007-12-01 15:45:00+00:00,30,12,15,57.877410888671875,61.5743408203125,0,0,0,0,0,0,0,1,1,1,1,1,1,1,1,1,1,0,0,0,0,0,0,0,0
2007-12-01 15:45:00+00:00,30,12,15,49.74455261230469,43.13199996948242,0,0,0,0,0,0,1,1,1,1,1,1,1,1,1,1,1,0,0,0,0,0,0,1,1
2007-12-01 15:45:00+00:00,30,12,15,66.42001342773438,284.59619140625,0,0,0,0,0,0,0,0,1,1,1,1,1,1,1,1,1,0,0,0,0,0,0,0,0
2007-12-01 15:45:00+00:00,30,12,15,150.03961181640625,107.57781982421875,0,0,0,0,0,0,0,0,0,0,0,0,1,1,1,1,1,0,0,0,0,0,0,0,0
2007-12-01 15:45:00+00:00,30,12,15,89.0556640625,72.9115219116211,0,0,0,0,0,0,0,0,0,1,1,1,1,1,1,1,1,0,0,0,0,0,0,0,0
2007-12-01 15:45:00+00:00,30,12,15,247.10610961914062,274.26800537109375,0,0,0,0,0,0,0,0,0,0,0,0,0,0,1,1,1,0,0,0,0,0,0,0,0
2007-12-01 15:45:00+00:00,30,12,15,,,0,0,0,0,0,0,0,0,0,0,0,0,0,0,0,0,0,0,0,0,0,0,0,0,0
2007-12-01 16:00:00+00:00,30,12,16,169.2177276611328,,0,0,0,0,0,0,0,0,0,0,0,0,1,1,1,1,1,0,0,0,0,0,0,0,0
2007-12-01 16:00:00+00:00,30,12,16,,,0,0,0,0,0,0,0,0,0,0,0,0,0,0,0,0,0,0,0,0,0,0,0,0,0
2007-12-01 16:00:00+00:00,30,12,16,166.03445434570312,177.9752960205078,0,0,0,0,0,0,0,0,0,0,0,0,1,1,1,1,1,0,0,0,0,0,0,0,0
2007-12-01 16:00:00+00:00,30,12,16,260.12640380859375,289.6828918457031,0,0,0,0,0,0,0,0,0,0,0,0,0,0,0,1,1,0,0,0,0,0,0,0,0
2007-12-01 16:00:00+00:00,30,12,16,460.6783752441406,417.58538818359375,0,0,0,0,0,0,0,0,0,0,0,0,0,0,0,0,0,0,0,0,0,0,0,0,0
2007-12-01 16:00:00+00:00,30,12,16,,473.2769470214844,0,0,0,0,0,0,0,0,0,0,0,0,0,0,0,0,0,0,0,0,0,0,0,0,0
2007-12-01 16:00:00+00:00,30,12,16,60.60719680786133,73.8285903930664,0,0,0,0,0,0,0,0,1,1,1,1,1,1,1,1,1,0,0,0,0,0,0,0,0
2007-12-01 16:15:00+00:00,30,12,16,221.7868194580078,247.23208618164062,0,0,0,0,0,0,0,0,0,0,0,0,0,0,1,1,1,0,0,0,0,0,0,0,0
2007-12-01 16:15:00+00:00,30,12,16,117.5185317993164,121.06621551513672,0,0,0,0,0,0,0,0,0,0,1,1,1,1,1,1,1,0,0,0,0,0,0,0,0
2007-12-01 16:15:00+00:00,30,12,16,96.13276672363281,99.03741455078125,0,0,0,0,0,0,0,0,0,1,1,1,1,1,1,1,1,0,0,0,0,0,0,0,0
2007-12-01 16:30:00+00:00,30,12,16,,,0,0,0,0,0,0,0,0,0,0,0,0,0,0,0,0,0,0,0,0,0,0,0,0,0
2007-12-01 16:30:00+00:00,30,12,16,83.43291473388672,80.12519073486328,0,0,0,0,0,0,0,0,0,1,1,1,1,1,1,1,1,0,0,0,0,0,0,0,0
2007-12-01 16:30:00+00:00,30,12,16,85.71755981445312,62.84497833251953,0,0,0,0,0,0,0,0,0,1,1,1,1,1,1,1,1,0,0,0,0,0,0,0,0
2007-12-01 16:30:00+00:00,30,12,16,,,0,0,0,0,0,0,0,0,0,0,0,0,0,0,0,0,0,0,0,0,0,0,0,0,0
2007-12-01 16:45:00+00:00,30,12,16,409.36846923828125,408.1941223144531,0,0,0,0,0,0,0,0,0,0,0,0,0,0,0,0,0,0,0,0,0,0,0,0,0
2007-12-01 16:45:00+00:00,30,12,16,68.64361572265625,0.0,0,0,0,0,0,0,0,0,1,1,1,1,1,1,1,1,1,1,1,1,1,1,1,1,1
2007-12-01 17:00:00+00:00,30,12,17,97.91011810302734,81.3597412109375,0,0,0,0,0,0,0,0,0,1,1,1,1,1,1,1,1,0,0,0,0,0,0,0,0
2007-12-01 17:00:00+00:00,30,12,17,,,0,0,0,0,0,0,0,0,0,0,0,0,0,0,0,0,0,0,0,0,0,0,0,0,0
2007-12-01 17:15:00+00:00,30,12,17,257.7131652832031,278.0065612792969,0,0,0,0,0,0,0,0,0,0,0,0,0,0,0,1,1,0,0,0,0,0,0,0,0
2007-12-01 17:30:00+00:00,30,12,17,456.0616149902344,390.1655578613281,0,0,0,0,0,0,0,0,0,0,0,0,0,0,0,0,0,0,0,0,0,0,0,0,0
2007-12-01 17:30:00+00:00,30,12,17,94.98249053955078,82.46874237060547,0,0,0,0,0,0,0,0,0,1,1,1,1,1,1,1,1,0,0,0,0,0,0,0,0
2007-12-01 17:30:00+00:00,30,12,17,123.40383911132812,114.12273406982422,0,0,0,0,0,0,0,0,0,0,0,1,1,1,1,1,1,0,0,0,0,0,0,0,0
2007-12-01 17:45:00+00:00,30,12,17,183.9424285888672,176.35108947753906,0,0,0,0,0,0,0,0,0,0,0,0,0,1,1,1,1,0,0,0,0,0,0,0,0
2007-12-01 17:45:00+00:00,30,12,17,112.45589447021484,3.4871907234191895,0,0,0,0,0,0,0,0,0,0,1,1,1,1,1,1,1,1,1,1,1,1,1,1,1
2007-12-02 10:00:00+00:00,30,12,10,394.5881042480469,365.146240234375,0,0,0,0,0,0,0,0,0,0,0,0,0,0,0,0,0,0,0,0,0,0,0,0,0
2007-12-02 10:00:00+00:00,30,12,10,363.9886779785156,334.4793395996094,0,0,0,0,0,0,0,0,0,0,0,0,0,0,0,0,0,0,0,0,0,0,0,0,0
2007-12-02 10:00:00+00:00,30,12,10,139.87889099121094,102.41040802001953,0,0,0,0,0,0,0,0,0,0,0,1,1,1,1,1,1,0,0,0,0,0,0,0,0
2007-12-02 10:00:00+00:00,30,12,10,220.13812255859375,176.58486938476562,0,0,0,0,0,0,0,0,0,0,0,0,0,0,1,1,1,0,0,0,0,0,0,0,0
2007-12-02 10:00:00+00:00,30,12,10,74.46649932861328,26.50541877746582,0,0,0,0,0,0,0,0,1,1,1,1,1,1,1,1,1,0,0,0,0,1,1,1,1
2007-12-02 10:00:00+00:00,30,12,10,,,0,0,0,0,0,0,0,0,0,0,0,0,0,0,0,0,0,0,0,0,0,0,0,0,0
2007-12-02 10:00:00+00:00,30,12,10,,86.70703887939453,0,0,0,0,0,0,0,0,0,0,0,0,0,0,0,0,0,0,0,0,0,0,0,0,0
2007-12-02 10:00:00+00:00,30,12,10,296.62017822265625,329.31201171875,0,0,0,0,0,0,0,0,0,0,0,0,0,0,0,1,1,0,0,0,0,0,0,0,0
2007-12-02 10:00:00+00:00,30,12,10,249.15467834472656,142.2037353515625,0,0,0,0,0,0,0,0,0,0,0,0,0,0,1,1,1,0,0,0,0,0,0,0,0
2007-12-02 10:00:00+00:00,30,12,10,,508.7247009277344,0,0,0,0,0,0,0,0,0,0,0,0,0,0,0,0,0,0,0,0,0,0,0,0,0
2007-12-02 10:00:00+00:00,30,12,10,210.9374542236328,131.06185913085938,0,0,0,0,0,0,0,0,0,0,0,0,0,0,1,1,1,0,0,0,0,0,0,0,0
2007-12-02 10:00:00+00:00,30,12,10,220.3418426513672,161.3936767578125,0,0,0,0,0,0,0,0,0,0,0,0,0,0,1,1,1,0,0,0,0,0,0,0,0
2007-12-02 10:00:00+00:00,30,12,10,,348.2906799316406,0,0,0,0,0,0,0,0,0,0,0,0,0,0,0,0,0,0,0,0,0,0,0,0,0
2007-12-02 10:00:00+00:00,30,12,10,,,0,0,0,0,0,0,0,0,0,0,0,0,0,0,0,0,0,0,0,0,0,0,0,0,0
2007-12-02 10:00:00+00:00,30,12,10,,,0,0,0,0,0,0,0,0,0,0,0,0,0,0,0,0,0,0,0,0,0,0,0,0,0
2007-12-02 10:00:00+00:00,30,12,10,227.63357543945312,224.4634246826172,0,0,0,0,0,0,0,0,0,0,0,0,0,0,1,1,1,0,0,0,0,0,0,0,0
2007-12-02 10:00:00+00:00,30,12,10,53.206233978271484,0.0,0,0,0,0,0,0,0,1,1,1,1,1,1,1,1,1,1,1,1,1,1,1,1,1,1
2007-12-02 10:00:00+00:00,30,12,10,68.6408462524414,12.282906532287598,0,0,0,0,0,0,0,0,1,1,1,1,1,1,1,1,1,0,1,1,1,1,1,1,1
2007-12-02 10:00:00+00:00,30,12,10,,,0,0,0,0,0,0,0,0,0,0,0,0,0,0,0,0,0,0,0,0,0,0,0,0,0
2007-12-02 10:15:00+00:00,30,12,10,183.1103057861328,152.41470336914062,0,0,0,0,0,0,0,0,0,0,0,0,0,1,1,1,1,0,0,0,0,0,0,0,0
2007-12-02 10:15:00+00:00,30,12,10,128.1906280517578,116.4580307006836,0,0,0,0,0,0,0,0,0,0,0,1,1,1,1,1,1,0,0,0,0,0,0,0,0
2007-12-02 10:15:00+00:00,30,12,10,73.88771057128906,56.41656494140625,0,0,0,0,0,0,0,0,1,1,1,1,1,1,1,1,1,0,0,0,0,0,0,0,1
2007-12-02 10:15:00+00:00,30,12,10,89.5555191040039,80.83101654052734,0,0,0,0,0,0,0,0,0,1,1,1,1,1,1,1,1,0,0,0,0,0,0,0,0
2007-12-02 10:15:00+00:00,30,12,10,391.5873718261719,386.4725646972656,0,0,0,0,0,0,0,0,0,0,0,0,0,0,0,0,0,0,0,0,0,0,0,0,0
2007-12-02 10:15:00+00:00,30,12,10,120.4258041381836,111.24286651611328,0,0,0,0,0,0,0,0,0,0,0,1,1,1,1,1,1,0,0,0,0,0,0,0,0
2007-12-02 10:15:00+00:00,30,12,10,196.42857360839844,0.0,0,0,0,0,0,0,0,0,0,0,0,0,0,1,1,1,1,1,1,1,1,1,1,1,1
2007-12-02 10:15:00+00:00,30,12,10,628.7579345703125,294.0337829589844,0,0,0,0,0,0,0,0,0,0,0,0,0,0,0,0,0,0,0,0,0,0,0,0,0
2007-12-02 10:15:00+00:00,30,12,10,,159.53846740722656,0,0,0,0,0,0,0,0,0,0,0,0,0,0,0,0,0,0,0,0,0,0,0,0,0
2007-12-02 10:15:00+00:00,30,12,10,,208.72300720214844,0,0,0,0,0,0,0,0,0,0,0,0,0,0,0,0,0,0,0,0,0,0,0,0,0
2007-12-02 10:15:00+00:00,30,12,10,,324.5203552246094,0,0,0,0,0,0,0,0,0,0,0,0,0,0,0,0,0,0,0,0,0,0,0,0,0
2007-12-02 10:15:00+00:00,30,12,10,,321.69171142578125,0,0,0,0,0,0,0,0,0,0,0,0,0,0,0,0,0,0,0,0,0,0,0,0,0
2007-12-02 10:15:00+00:00,30,12,10,302.8739013671875,302.8739013671875,0,0,0,0,0,0,0,0,0,0,0,0,0,0,0,0,1,0,0,0,0,0,0,0,0
2007-12-02 10:15:00+00:00,30,12,10,,,0,0,0,0,0,0,0,0,0,0,0,0,0,0,0,0,0,0,0,0,0,0,0,0,0
2007-12-02 10:15:00+00:00,30,12,10,70.40594482421875,50.42405319213867,0,0,0,0,0,0,0,0,1,1,1,1,1,1,1,1,1,0,0,0,0,0,0,0,1
2007-12-02 10:15:00+00:00,30,12,10,74.95052337646484,89.72537231445312,0,0,0,0,0,0,0,0,1,1,1,1,1,1,1,1,1,0,0,0,0,0,0,0,0
2007-12-02 10:15:00+00:00,30,12,10,196.5074920654297,16.978296279907227,0,0,0,0,0,0,0,0,0,0,0,0,0,1,1,1,1,0,0,1,1,1,1,1,1
2007-12-02 10:30:00+00:00,30,12,10,153.85772705078125,143.56011962890625,0,0,0,0,0,0,0,0,0,0,0,0,1,1,1,1,1,0,0,0,0,0,0,0,0
2007-12-02 10:30:00+00:00,30,12,10,202.9842987060547,165.9501953125,0,0,0,0,0,0,0,0,0,0,0,0,0,0,1,1,1,0,0,0,0,0,0,0,0
2007-12-02 10:30:00+00:00,30,12,10,86.12075805664062,73.14237213134766,0,0,0,0,0,0,0,0,0,1,1,1,1,1,1,1,1,0,0,0,0,0,0,0,0
2007-12-02 10:30:00+00:00,30,12,10,104.16213989257812,93.5850830078125,0,0,0,0,0,0,0,0,0,0,1,1,1,1,1,1,1,0,0,0,0,0,0,0,0
2007-12-02 10:30:00+00:00,30,12,10,121.76383209228516,106.4383316040039,0,0,0,0,0,0,0,0,0,0,0,1,1,1,1,1,1,0,0,0,0,0,0,0,0
2007-12-02 10:30:00+00:00,30,12,10,,,0,0,0,0,0,0,0,0,0,0,0,0,0,0,0,0,0,0,0,0,0,0,0,0,0
2007-12-02 10:30:00+00:00,30,12,10,187.49154663085938,185.13905334472656,0,0,0,0,0,0,0,0,0,0,0,0,0,1,1,1,1,0,0,0,0,0,0,0,0
2007-12-02 10:30:00+00:00,30,12,10,,,0,0,0,0,0,0,0,0,0,0,0,0,0,0,0,0,0,0,0,0,0,0,0,0,0
2007-12-02 10:30:00+00:00,30,12,10,519.2140502929688,497.87322998046875,0,0,0,0,0,0,0,0,0,0,0,0,0,0,0,0,0,0,0,0,0,0,0,0,0
2007-12-02 10:30:00+00:00,30,12,10,416.0411682128906,411.42559814453125,0,0,0,0,0,0,0,0,0,0,0,0,0,0,0,0,0,0,0,0,0,0,0,0,0
2007-12-02 10:30:00+00:00,30,12,10,375.15850830078125,370.5639343261719,0,0,0,0,0,0,0,0,0,0,0,0,0,0,0,0,0,0,0,0,0,0,0,0,0
2007-12-02 10:30:00+00:00,30,12,10,378.1676940917969,374.62091064453125,0,0,0,0,0,0,0,0,0,0,0,0,0,0,0,0,0,0,0,0,0,0,0,0,0
2007-12-02 10:30:00+00:00,30,12,10,158.7596435546875,107.25820922851562,0,0,0,0,0,0,0,0,0,0,0,0,1,1,1,1,1,0,0,0,0,0,0,0,0
2007-12-02 10:30:00+00:00,30,12,10,113.20147705078125,108.90719604492188,0,0,0,0,0,0,0,0,0,0,1,1,1,1,1,1,1,0,0,0,0,0,0,0,0
2007-12-02 10:30:00+00:00,30,12,10,71.66445922851562,69.15581512451172,0,0,0,0,0,0,0,0,1,1,1,1,1,1,1,1,1,0,0,0,0,0,0,0,0
2007-12-02 10:30:00+00:00,30,12,10,319.1868896484375,177.2989044189453,0,0,0,0,0,0,0,0,0,0,0,0,0,0,0,0,1,0,0,0,0,0,0,0,0
2007-12-02 10:30:00+00:00,30,12,10,132.08030700683594,68.5926742553711,0,0,0,0,0,0,0,0,0,0,0,1,1,1,1,1,1,0,0,0,0,0,0,0,0
2007-12-02 10:30:00+00:00,30,12,10,396.362548828125,306.557861328125,0,0,0,0,0,0,0,0,0,0,0,0,0,0,0,0,0,0,0,0,0,0,0,0,0
2007-12-02 10:30:00+00:00,30,12,10,250.30892944335938,246.41773986816406,0,0,0,0,0,0,0,0,0,0,0,0,0,0,0,1,1,0,0,0,0,0,0,0,0
2007-12-02 10:30:00+00:00,30,12,10,74.49974060058594,31.1757869720459,0,0,0,0,0,0,0,0,1,1,1,1,1,1,1,1,1,0,0,0,0,0,1,1,1
2007-12-02 10:30:00+00:00,30,12,10,149.5546417236328,127.84332275390625,0,0,0,0,0,0,0,0,0,0,0,1,1,1,1,1,1,0,0,0,0,0,0,0,0
2007-12-02 10:30:00+00:00,30,12,10,,,0,0,0,0,0,0,0,0,0,0,0,0,0,0,0,0,0,0,0,0,0,0,0,0,0
2007-12-02 10:45:00+00:00,30,12,10,218.61546325683594,175.4165496826172,0,0,0,0,0,0,0,0,0,0,0,0,0,0,1,1,1,0,0,0,0,0,0,0,0
2007-12-02 10:45:00+00:00,30,12,10,139.82675170898438,114.41284942626953,0,0,0,0,0,0,0,0,0,0,0,1,1,1,1,1,1,0,0,0,0,0,0,0,0
2007-12-02 10:45:00+00:00,30,12,10,,,0,0,0,0,0,0,0,0,0,0,0,0,0,0,0,0,0,0,0,0,0,0,0,0,0
2007-12-02 10:45:00+00:00,30,12,10,176.9009552001953,162.41961669921875,0,0,0,0,0,0,0,0,0,0,0,0,1,1,1,1,1,0,0,0,0,0,0,0,0
2007-12-02 10:45:00+00:00,30,12,10,257.5969543457031,243.37496948242188,0,0,0,0,0,0,0,0,0,0,0,0,0,0,0,1,1,0,0,0,0,0,0,0,0
2007-12-02 10:45:00+00:00,30,12,10,313.13165283203125,304.5155029296875,0,0,0,0,0,0,0,0,0,0,0,0,0,0,0,0,1,0,0,0,0,0,0,0,0
2007-12-02 10:45:00+00:00,30,12,10,333.9355163574219,322.10888671875,0,0,0,0,0,0,0,0,0,0,0,0,0,0,0,0,1,0,0,0,0,0,0,0,0
2007-12-02 10:45:00+00:00,30,12,10,374.5421447753906,359.1164855957031,0,0,0,0,0,0,0,0,0,0,0,0,0,0,0,0,0,0,0,0,0,0,0,0,0
2007-12-02 10:45:00+00:00,30,12,10,,,0,0,0,0,0,0,0,0,0,0,0,0,0,0,0,0,0,0,0,0,0,0,0,0,0
2007-12-02 10:45:00+00:00,30,12,10,,,0,0,0,0,0,0,0,0,0,0,0,0,0,0,0,0,0,0,0,0,0,0,0,0,0
2007-12-02 10:45:00+00:00,30,12,10,380.7513732910156,383.4963684082031,0,0,0,0,0,0,0,0,0,0,0,0,0,0,0,0,0,0,0,0,0,0,0,0,0
2007-12-02 10:45:00+00:00,30,12,10,299.50347900390625,303.2867431640625,0,0,0,0,0,0,0,0,0,0,0,0,0,0,0,1,1,0,0,0,0,0,0,0,0
2007-12-02 10:45:00+00:00,30,12,10,316.6280517578125,318.3414611816406,0,0,0,0,0,0,0,0,0,0,0,0,0,0,0,0,1,0,0,0,0,0,0,0,0
2007-12-02 10:45:00+00:00,30,12,10,297.8924255371094,395.56744384765625,0,0,0,0,0,0,0,0,0,0,0,0,0,0,0,1,1,0,0,0,0,0,0,0,0
2007-12-02 10:45:00+00:00,30,12,10,329.5972900390625,333.2272033691406,0,0,0,0,0,0,0,0,0,0,0,0,0,0,0,0,1,0,0,0,0,0,0,0,0
2007-12-02 10:45:00+00:00,30,12,10,60.8927116394043,60.9000129699707,0,0,0,0,0,0,0,0,1,1,1,1,1,1,1,1,1,0,0,0,0,0,0,0,0
2007-12-02 10:45:00+00:00,30,12,10,252.90182495117188,79.78999328613281,0,0,0,0,0,0,0,0,0,0,0,0,0,0,0,1,1,0,0,0,0,0,0,0,0
2007-12-02 10:45:00+00:00,30,12,10,518.46533203125,205.7786407470703,0,0,0,0,0,0,0,0,0,0,0,0,0,0,0,0,0,0,0,0,0,0,0,0,0
2007-12-02 10:45:00+00:00,30,12,10,278.8407287597656,137.99172973632812,0,0,0,0,0,0,0,0,0,0,0,0,0,0,0,1,1,0,0,0,0,0,0,0,0
2007-12-02 10:45:00+00:00,30,12,10,299.7210998535156,159.21209716796875,0,0,0,0,0,0,0,0,0,0,0,0,0,0,0,1,1,0,0,0,0,0,0,0,0
2007-12-02 10:45:00+00:00,30,12,10,254.439697265625,114.80068969726562,0,0,0,0,0,0,0,0,0,0,0,0,0,0,0,1,1,0,0,0,0,0,0,0,0
2007-12-02 10:45:00+00:00,30,12,10,337.16162109375,89.22219848632812,0,0,0,0,0,0,0,0,0,0,0,0,0,0,0,0,1,0,0,0,0,0,0,0,0
2007-12-02 10:45:00+00:00,30,12,10,241.31375122070312,228.15904235839844,0,0,0,0,0,0,0,0,0,0,0,0,0,0,1,1,1,0,0,0,0,0,0,0,0
2007-12-02 10:45:00+00:00,30,12,10,307.9530944824219,296.555908203125,0,0,0,0,0,0,0,0,0,0,0,0,0,0,0,0,1,0,0,0,0,0,0,0,0
2007-12-02 10:45:00+00:00,30,12,10,,,0,0,0,0,0,0,0,0,0,0,0,0,0,0,0,0,0,0,0,0,0,0,0,0,0
2007-12-02 10:45:00+00:00,30,12,10,45.18383026123047,3.0570735931396484,0,0,0,0,0,0,1,1,1,1,1,1,1,1,1,1,1,1,1,1,1,1,1,1,1
2007-12-02 10:45:00+00:00,30,12,10,,,0,0,0,0,0,0,0,0,0,0,0,0,0,0,0,0,0,0,0,0,0,0,0,0,0
2007-12-02 10:45:00+00:00,30,12,10,,,0,0,0,0,0,0,0,0,0,0,0,0,0,0,0,0,0,0,0,0,0,0,0,0,0
2007-12-02 10:45:00+00:00,30,12,10,,,0,0,0,0,0,0,0,0,0,0,0,0,0,0,0,0,0,0,0,0,0,0,0,0,0
2007-12-02 11:00:00+00:00,30,12,11,231.69467163085938,185.922119140625,0,0,0,0,0,0,0,0,0,0,0,0,0,0,1,1,1,0,0,0,0,0,0,0,0
2007-12-02 11:00:00+00:00,30,12,11,161.08822631835938,127.97615051269531,0,0,0,0,0,0,0,0,0,0,0,0,1,1,1,1,1,0,0,0,0,0,0,0,0
2007-12-02 11:00:00+00:00,30,12,11,131.33050537109375,130.2505645751953,0,0,0,0,0,0,0,0,0,0,0,1,1,1,1,1,1,0,0,0,0,0,0,0,0
2007-12-02 11:00:00+00:00,30,12,11,,,0,0,0,0,0,0,0,0,0,0,0,0,0,0,0,0,0,0,0,0,0,0,0,0,0
2007-12-02 11:00:00+00:00,30,12,11,338.8340759277344,333.3980407714844,0,0,0,0,0,0,0,0,0,0,0,0,0,0,0,0,1,0,0,0,0,0,0,0,0
2007-12-02 11:00:00+00:00,30,12,11,119.53584289550781,111.65802001953125,0,0,0,0,0,0,0,0,0,0,1,1,1,1,1,1,1,0,0,0,0,0,0,0,0
2007-12-02 11:00:00+00:00,30,12,11,,,0,0,0,0,0,0,0,0,0,0,0,0,0,0,0,0,0,0,0,0,0,0,0,0,0
2007-12-02 11:00:00+00:00,30,12,11,,,0,0,0,0,0,0,0,0,0,0,0,0,0,0,0,0,0,0,0,0,0,0,0,0,0
2007-12-02 11:00:00+00:00,30,12,11,,,0,0,0,0,0,0,0,0,0,0,0,0,0,0,0,0,0,0,0,0,0,0,0,0,0
2007-12-02 11:00:00+00:00,30,12,11,,,0,0,0,0,0,0,0,0,0,0,0,0,0,0,0,0,0,0,0,0,0,0,0,0,0
2007-12-02 11:00:00+00:00,30,12,11,,,0,0,0,0,0,0,0,0,0,0,0,0,0,0,0,0,0,0,0,0,0,0,0,0,0
2007-12-02 11:00:00+00:00,30,12,11,,,0,0,0,0,0,0,0,0,0,0,0,0,0,0,0,0,0,0,0,0,0,0,0,0,0
2007-12-02 11:00:00+00:00,30,12,11,,231.05006408691406,0,0,0,0,0,0,0,0,0,0,0,0,0,0,0,0,0,0,0,0,0,0,0,0,0
2007-12-02 11:00:00+00:00,30,12,11,251.88768005371094,247.0547332763672,0,0,0,0,0,0,0,0,0,0,0,0,0,0,0,1,1,0,0,0,0,0,0,0,0
2007-12-02 11:00:00+00:00,30,12,11,381.4676208496094,327.53631591796875,0,0,0,0,0,0,0,0,0,0,0,0,0,0,0,0,0,0,0,0,0,0,0,0,0
2007-12-02 11:00:00+00:00,30,12,11,89.91146087646484,86.69116973876953,0,0,0,0,0,0,0,0,0,1,1,1,1,1,1,1,1,0,0,0,0,0,0,0,0
2007-12-02 11:00:00+00:00,30,12,11,185.8226318359375,182.62832641601562,0,0,0,0,0,0,0,0,0,0,0,0,0,1,1,1,1,0,0,0,0,0,0,0,0
2007-12-02 11:00:00+00:00,30,12,11,,,0,0,0,0,0,0,0,0,0,0,0,0,0,0,0,0,0,0,0,0,0,0,0,0,0
2007-12-02 11:15:00+00:00,30,12,11,241.03590393066406,189.84347534179688,0,0,0,0,0,0,0,0,0,0,0,0,0,0,1,1,1,0,0,0,0,0,0,0,0
2007-12-02 11:15:00+00:00,30,12,11,185.17828369140625,149.8383331298828,0,0,0,0,0,0,0,0,0,0,0,0,0,1,1,1,1,0,0,0,0,0,0,0,0
2007-12-02 11:15:00+00:00,30,12,11,,,0,0,0,0,0,0,0,0,0,0,0,0,0,0,0,0,0,0,0,0,0,0,0,0,0
2007-12-02 11:15:00+00:00,30,12,11,167.0157012939453,137.82691955566406,0,0,0,0,0,0,0,0,0,0,0,0,1,1,1,1,1,0,0,0,0,0,0,0,0
2007-12-02 11:15:00+00:00,30,12,11,211.0098114013672,83.93881225585938,0,0,0,0,0,0,0,0,0,0,0,0,0,0,1,1,1,0,0,0,0,0,0,0,0
2007-12-02 11:15:00+00:00,30,12,11,283.00592041015625,156.324462890625,0,0,0,0,0,0,0,0,0,0,0,0,0,0,0,1,1,0,0,0,0,0,0,0,0
2007-12-02 11:15:00+00:00,30,12,11,298.01953125,167.89776611328125,0,0,0,0,0,0,0,0,0,0,0,0,0,0,0,1,1,0,0,0,0,0,0,0,0
2007-12-02 11:15:00+00:00,30,12,11,,426.15863037109375,0,0,0,0,0,0,0,0,0,0,0,0,0,0,0,0,0,0,0,0,0,0,0,0,0
2007-12-02 11:15:00+00:00,30,12,11,,,0,0,0,0,0,0,0,0,0,0,0,0,0,0,0,0,0,0,0,0,0,0,0,0,0
2007-12-02 11:15:00+00:00,30,12,11,,,0,0,0,0,0,0,0,0,0,0,0,0,0,0,0,0,0,0,0,0,0,0,0,0,0
2007-12-02 11:15:00+00:00,30,12,11,83.92572021484375,270.32110595703125,0,0,0,0,0,0,0,0,0,1,1,1,1,1,1,1,1,0,0,0,0,0,0,0,0
2007-12-02 11:15:00+00:00,30,12,11,,259.4439392089844,0,0,0,0,0,0,0,0,0,0,0,0,0,0,0,0,0,0,0,0,0,0,0,0,0
2007-12-02 11:15:00+00:00,30,12,11,434.41290283203125,62.82841873168945,0,0,0,0,0,0,0,0,0,0,0,0,0,0,0,0,0,0,0,0,0,0,0,0,0
2007-12-02 11:15:00+00:00,30,12,11,205.67454528808594,98.30333709716797,0,0,0,0,0,0,0,0,0,0,0,0,0,0,1,1,1,0,0,0,0,0,0,0,0
2007-12-02 11:15:00+00:00,30,12,11,286.44073486328125,300.089599609375,0,0,0,0,0,0,0,0,0,0,0,0,0,0,0,1,1,0,0,0,0,0,0,0,0
2007-12-02 11:15:00+00:00,30,12,11,185.5529022216797,182.52584838867188,0,0,0,0,0,0,0,0,0,0,0,0,0,1,1,1,1,0,0,0,0,0,0,0,0
2007-12-02 11:15:00+00:00,30,12,11,219.1254119873047,189.35824584960938,0,0,0,0,0,0,0,0,0,0,0,0,0,0,1,1,1,0,0,0,0,0,0,0,0
2007-12-02 11:15:00+00:00,30,12,11,,,0,0,0,0,0,0,0,0,0,0,0,0,0,0,0,0,0,0,0,0,0,0,0,0,0
2007-12-02 11:15:00+00:00,30,12,11,309.014404296875,115.45960998535156,0,0,0,0,0,0,0,0,0,0,0,0,0,0,0,0,1,0,0,0,0,0,0,0,0
2007-12-02 11:15:00+00:00,30,12,11,,,0,0,0,0,0,0,0,0,0,0,0,0,0,0,0,0,0,0,0,0,0,0,0,0,0
2007-12-02 11:15:00+00:00,30,12,11,,,0,0,0,0,0,0,0,0,0,0,0,0,0,0,0,0,0,0,0,0,0,0,0,0,0
2007-12-02 11:15:00+00:00,30,12,11,248.58746337890625,24.92452049255371,0,0,0,0,0,0,0,0,0,0,0,0,0,0,1,1,1,0,0,0,1,1,1,1,1
2007-12-02 11:15:00+00:00,30,12,11,264.9908447265625,182.29559326171875,0,0,0,0,0,0,0,0,0,0,0,0,0,0,0,1,1,0,0,0,0,0,0,0,0
2007-12-02 11:15:00+00:00,30,12,11,312.1053771972656,237.38900756835938,0,0,0,0,0,0,0,0,0,0,0,0,0,0,0,0,1,0,0,0,0,0,0,0,0
2007-12-02 11:15:00+00:00,30,12,11,,,0,0,0,0,0,0,0,0,0,0,0,0,0,0,0,0,0,0,0,0,0,0,0,0,0
2007-12-02 11:15:00+00:00,30,12,11,,,0,0,0,0,0,0,0,0,0,0,0,0,0,0,0,0,0,0,0,0,0,0,0,0,0
2007-12-02 11:30:00+00:00,30,12,11,194.37803649902344,182.76657104492188,0,0,0,0,0,0,0,0,0,0,0,0,0,1,1,1,1,0,0,0,0,0,0,0,0
2007-12-02 11:30:00+00:00,30,12,11,208.5602264404297,154.39869689941406,0,0,0,0,0,0,0,0,0,0,0,0,0,0,1,1,1,0,0,0,0,0,0,0,0
2007-12-02 11:30:00+00:00,30,12,11,255.82798767089844,199.6457977294922,0,0,0,0,0,0,0,0,0,0,0,0,0,0,0,1,1,0,0,0,0,0,0,0,0
2007-12-02 11:30:00+00:00,30,12,11,200.64065551757812,157.9053955078125,0,0,0,0,0,0,0,0,0,0,0,0,0,0,1,1,1,0,0,0,0,0,0,0,0
2007-12-02 11:30:00+00:00,30,12,11,190.43373107910156,166.43064880371094,0,0,0,0,0,0,0,0,0,0,0,0,0,1,1,1,1,0,0,0,0,0,0,0,0
2007-12-02 11:30:00+00:00,30,12,11,193.3692626953125,70.92054748535156,0,0,0,0,0,0,0,0,0,0,0,0,0,1,1,1,1,0,0,0,0,0,0,0,0
2007-12-02 11:30:00+00:00,30,12,11,,,0,0,0,0,0,0,0,0,0,0,0,0,0,0,0,0,0,0,0,0,0,0,0,0,0
2007-12-02 11:30:00+00:00,30,12,11,427.4362487792969,286.5811767578125,0,0,0,0,0,0,0,0,0,0,0,0,0,0,0,0,0,0,0,0,0,0,0,0,0
2007-12-02 11:30:00+00:00,30,12,11,,,0,0,0,0,0,0,0,0,0,0,0,0,0,0,0,0,0,0,0,0,0,0,0,0,0
2007-12-02 11:30:00+00:00,30,12,11,,,0,0,0,0,0,0,0,0,0,0,0,0,0,0,0,0,0,0,0,0,0,0,0,0,0
2007-12-02 11:30:00+00:00,30,12,11,,,0,0,0,0,0,0,0,0,0,0,0,0,0,0,0,0,0,0,0,0,0,0,0,0,0
2007-12-02 11:30:00+00:00,30,12,11,382.35662841796875,251.8732147216797,0,0,0,0,0,0,0,0,0,0,0,0,0,0,0,0,0,0,0,0,0,0,0,0,0
2007-12-02 11:30:00+00:00,30,12,11,360.3239440917969,243.95433044433594,0,0,0,0,0,0,0,0,0,0,0,0,0,0,0,0,0,0,0,0,0,0,0,0,0
2007-12-02 11:30:00+00:00,30,12,11,268.7583312988281,100.67477416992188,0,0,0,0,0,0,0,0,0,0,0,0,0,0,0,1,1,0,0,0,0,0,0,0,0
2007-12-02 11:30:00+00:00,30,12,11,139.95819091796875,147.73526000976562,0,0,0,0,0,0,0,0,0,0,0,1,1,1,1,1,1,0,0,0,0,0,0,0,0
2007-12-02 11:30:00+00:00,30,12,11,,,0,0,0,0,0,0,0,0,0,0,0,0,0,0,0,0,0,0,0,0,0,0,0,0,0
2007-12-02 11:30:00+00:00,30,12,11,353.30621337890625,352.6095886230469,0,0,0,0,0,0,0,0,0,0,0,0,0,0,0,0,0,0,0,0,0,0,0,0,0
2007-12-02 11:30:00+00:00,30,12,11,200.2174072265625,188.50390625,0,0,0,0,0,0,0,0,0,0,0,0,0,0,1,1,1,0,0,0,0,0,0,0,0
2007-12-02 11:30:00+00:00,30,12,11,292.1584777832031,90.74027252197266,0,0,0,0,0,0,0,0,0,0,0,0,0,0,0,1,1,0,0,0,0,0,0,0,0
2007-12-02 11:30:00+00:00,30,12,11,93.66168975830078,100.39175415039062,0,0,0,0,0,0,0,0,0,1,1,1,1,1,1,1,1,0,0,0,0,0,0,0,0
2007-12-02 11:30:00+00:00,30,12,11,,,0,0,0,0,0,0,0,0,0,0,0,0,0,0,0,0,0,0,0,0,0,0,0,0,0
2007-12-02 11:30:00+00:00,30,12,11,40.65217208862305,23.230144500732422,0,0,0,0,0,0,1,1,1,1,1,1,1,1,1,1,1,0,0,0,1,1,1,1,1
2007-12-02 11:30:00+00:00,30,12,11,,,0,0,0,0,0,0,0,0,0,0,0,0,0,0,0,0,0,0,0,0,0,0,0,0,0
2007-12-02 11:45:00+00:00,30,12,11,211.4189453125,166.82936096191406,0,0,0,0,0,0,0,0,0,0,0,0,0,0,1,1,1,0,0,0,0,0,0,0,0
2007-12-02 11:45:00+00:00,30,12,11,257.50054931640625,209.92929077148438,0,0,0,0,0,0,0,0,0,0,0,0,0,0,0,1,1,0,0,0,0,0,0,0,0
2007-12-02 11:45:00+00:00,30,12,11,242.7462158203125,197.10382080078125,0,0,0,0,0,0,0,0,0,0,0,0,0,0,1,1,1,0,0,0,0,0,0,0,0
2007-12-02 11:45:00+00:00,30,12,11,212.7784881591797,175.36322021484375,0,0,0,0,0,0,0,0,0,0,0,0,0,0,1,1,1,0,0,0,0,0,0,0,0
2007-12-02 11:45:00+00:00,30,12,11,235.66790771484375,202.0025634765625,0,0,0,0,0,0,0,0,0,0,0,0,0,0,1,1,1,0,0,0,0,0,0,0,0
2007-12-02 11:45:00+00:00,30,12,11,,,0,0,0,0,0,0,0,0,0,0,0,0,0,0,0,0,0,0,0,0,0,0,0,0,0
2007-12-02 11:45:00+00:00,30,12,11,130.65097045898438,110.87620544433594,0,0,0,0,0,0,0,0,0,0,0,1,1,1,1,1,1,0,0,0,0,0,0,0,0
2007-12-02 11:45:00+00:00,30,12,11,264.90289306640625,249.494873046875,0,0,0,0,0,0,0,0,0,0,0,0,0,0,0,1,1,0,0,0,0,0,0,0,0
2007-12-02 11:45:00+00:00,30,12,11,201.30372619628906,234.17799377441406,0,0,0,0,0,0,0,0,0,0,0,0,0,0,1,1,1,0,0,0,0,0,0,0,0
2007-12-02 11:45:00+00:00,30,12,11,145.39210510253906,102.89320373535156,0,0,0,0,0,0,0,0,0,0,0,1,1,1,1,1,1,0,0,0,0,0,0,0,0
2007-12-02 11:45:00+00:00,30,12,11,,,0,0,0,0,0,0,0,0,0,0,0,0,0,0,0,0,0,0,0,0,0,0,0,0,0
2007-12-02 11:45:00+00:00,30,12,11,95.71083068847656,74.37002563476562,0,0,0,0,0,0,0,0,0,1,1,1,1,1,1,1,1,0,0,0,0,0,0,0,0
2007-12-02 11:45:00+00:00,30,12,11,227.82217407226562,346.6936340332031,0,0,0,0,0,0,0,0,0,0,0,0,0,0,1,1,1,0,0,0,0,0,0,0,0
2007-12-02 11:45:00+00:00,30,12,11,,,0,0,0,0,0,0,0,0,0,0,0,0,0,0,0,0,0,0,0,0,0,0,0,0,0
2007-12-02 11:45:00+00:00,30,12,11,,,0,0,0,0,0,0,0,0,0,0,0,0,0,0,0,0,0,0,0,0,0,0,0,0,0
2007-12-02 12:00:00+00:00,30,12,12,237.12376403808594,372.7459716796875,0,0,0,0,0,0,0,0,0,0,0,0,0,0,1,1,1,0,0,0,0,0,0,0,0
2007-12-02 12:00:00+00:00,30,12,12,214.7022247314453,335.8486633300781,0,0,0,0,0,0,0,0,0,0,0,0,0,0,1,1,1,0,0,0,0,0,0,0,0
2007-12-02 12:00:00+00:00,30,12,12,264.7807922363281,361.9311828613281,0,0,0,0,0,0,0,0,0,0,0,0,0,0,0,1,1,0,0,0,0,0,0,0,0
2007-12-02 12:00:00+00:00,30,12,12,250.45556640625,329.67559814453125,0,0,0,0,0,0,0,0,0,0,0,0,0,0,0,1,1,0,0,0,0,0,0,0,0
2007-12-02 12:00:00+00:00,30,12,12,228.95132446289062,285.3335876464844,0,0,0,0,0,0,0,0,0,0,0,0,0,0,1,1,1,0,0,0,0,0,0,0,0
2007-12-02 12:00:00+00:00,30,12,12,221.50039672851562,264.0820007324219,0,0,0,0,0,0,0,0,0,0,0,0,0,0,1,1,1,0,0,0,0,0,0,0,0
2007-12-02 12:00:00+00:00,30,12,12,237.33973693847656,267.6219177246094,0,0,0,0,0,0,0,0,0,0,0,0,0,0,1,1,1,0,0,0,0,0,0,0,0
2007-12-02 12:00:00+00:00,30,12,12,248.4738006591797,265.7611999511719,0,0,0,0,0,0,0,0,0,0,0,0,0,0,1,1,1,0,0,0,0,0,0,0,0
2007-12-02 12:00:00+00:00,30,12,12,100.1175308227539,159.02590942382812,0,0,0,0,0,0,0,0,0,0,1,1,1,1,1,1,1,0,0,0,0,0,0,0,0
2007-12-02 12:00:00+00:00,30,12,12,148.3874969482422,238.86155700683594,0,0,0,0,0,0,0,0,0,0,0,1,1,1,1,1,1,0,0,0,0,0,0,0,0
2007-12-02 12:00:00+00:00,30,12,12,431.13958740234375,,0,0,0,0,0,0,0,0,0,0,0,0,0,0,0,0,0,0,0,0,0,0,0,0,0
2007-12-02 12:00:00+00:00,30,12,12,439.7662048339844,465.9578552246094,0,0,0,0,0,0,0,0,0,0,0,0,0,0,0,0,0,0,0,0,0,0,0,0,0
2007-12-02 12:00:00+00:00,30,12,12,305.3646240234375,83.86322021484375,0,0,0,0,0,0,0,0,0,0,0,0,0,0,0,0,1,0,0,0,0,0,0,0,0
2007-12-02 12:00:00+00:00,30,12,12,380.3427429199219,337.4273376464844,0,0,0,0,0,0,0,0,0,0,0,0,0,0,0,0,0,0,0,0,0,0,0,0,0
2007-12-02 12:00:00+00:00,30,12,12,43.036800384521484,22.649864196777344,0,0,0,0,0,0,1,1,1,1,1,1,1,1,1,1,1,0,0,0,1,1,1,1,1
2007-12-02 12:00:00+00:00,30,12,12,239.25857543945312,253.93118286132812,0,0,0,0,0,0,0,0,0,0,0,0,0,0,1,1,1,0,0,0,0,0,0,0,0
2007-12-02 12:00:00+00:00,30,12,12,94.98699951171875,109.1218032836914,0,0,0,0,0,0,0,0,0,1,1,1,1,1,1,1,1,0,0,0,0,0,0,0,0
2007-12-02 12:00:00+00:00,30,12,12,480.5784606933594,3.045337200164795,0,0,0,0,0,0,0,0,0,0,0,0,0,0,0,0,0,1,1,1,1,1,1,1,1
2007-12-02 12:00:00+00:00,30,12,12,,,0,0,0,0,0,0,0,0,0,0,0,0,0,0,0,0,0,0,0,0,0,0,0,0,0
2007-12-02 12:00:00+00:00,30,12,12,342.7984619140625,0.0,0,0,0,0,0,0,0,0,0,0,0,0,0,0,0,0,1,1,1,1,1,1,1,1,1
2007-12-02 12:00:00+00:00,30,12,12,102.40673828125,150.4168701171875,0,0,0,0,0,0,0,0,0,0,1,1,1,1,1,1,1,0,0,0,0,0,0,0,0
2007-12-02 12:00:00+00:00,30,12,12,300.10406494140625,350.6926574707031,0,0,0,0,0,0,0,0,0,0,0,0,0,0,0,0,1,0,0,0,0,0,0,0,0
2007-12-02 12:15:00+00:00,30,12,12,265.09613037109375,405.0144348144531,0,0,0,0,0,0,0,0,0,0,0,0,0,0,0,1,1,0,0,0,0,0,0,0,0
2007-12-02 12:15:00+00:00,30,12,12,239.3097381591797,364.650146484375,0,0,0,0,0,0,0,0,0,0,0,0,0,0,1,1,1,0,0,0,0,0,0,0,0
2007-12-02 12:15:00+00:00,30,12,12,230.55169677734375,348.6430358886719,0,0,0,0,0,0,0,0,0,0,0,0,0,0,1,1,1,0,0,0,0,0,0,0,0
2007-12-02 12:15:00+00:00,30,12,12,281.298828125,380.02740478515625,0,0,0,0,0,0,0,0,0,0,0,0,0,0,0,1,1,0,0,0,0,0,0,0,0
2007-12-02 12:15:00+00:00,30,12,12,264.0472717285156,349.03125,0,0,0,0,0,0,0,0,0,0,0,0,0,0,0,1,1,0,0,0,0,0,0,0,0
2007-12-02 12:15:00+00:00,30,12,12,241.42803955078125,313.45281982421875,0,0,0,0,0,0,0,0,0,0,0,0,0,0,1,1,1,0,0,0,0,0,0,0,0
2007-12-02 12:15:00+00:00,30,12,12,245.91888427734375,308.027587890625,0,0,0,0,0,0,0,0,0,0,0,0,0,0,1,1,1,0,0,0,0,0,0,0,0
2007-12-02 12:15:00+00:00,30,12,12,240.6782989501953,286.7181396484375,0,0,0,0,0,0,0,0,0,0,0,0,0,0,1,1,1,0,0,0,0,0,0,0,0
2007-12-02 12:15:00+00:00,30,12,12,257.3390197753906,290.3832092285156,0,0,0,0,0,0,0,0,0,0,0,0,0,0,0,1,1,0,0,0,0,0,0,0,0
2007-12-02 12:15:00+00:00,30,12,12,272.5625,291.7989807128906,0,0,0,0,0,0,0,0,0,0,0,0,0,0,0,1,1,0,0,0,0,0,0,0,0
2007-12-02 12:15:00+00:00,30,12,12,,,0,0,0,0,0,0,0,0,0,0,0,0,0,0,0,0,0,0,0,0,0,0,0,0,0
2007-12-02 12:15:00+00:00,30,12,12,161.8029022216797,148.04962158203125,0,0,0,0,0,0,0,0,0,0,0,0,1,1,1,1,1,0,0,0,0,0,0,0,0
2007-12-02 12:15:00+00:00,30,12,12,273.8228759765625,263.9349060058594,0,0,0,0,0,0,0,0,0,0,0,0,0,0,0,1,1,0,0,0,0,0,0,0,0
2007-12-02 12:15:00+00:00,30,12,12,,,0,0,0,0,0,0,0,0,0,0,0,0,0,0,0,0,0,0,0,0,0,0,0,0,0
2007-12-02 12:15:00+00:00,30,12,12,140.88938903808594,119.42173767089844,0,0,0,0,0,0,0,0,0,0,0,1,1,1,1,1,1,0,0,0,0,0,0,0,0
2007-12-02 12:15:00+00:00,30,12,12,77.16698455810547,3.087017059326172,0,0,0,0,0,0,0,0,1,1,1,1,1,1,1,1,1,1,1,1,1,1,1,1,1
2007-12-02 12:15:00+00:00,30,12,12,28.48916244506836,31.526113510131836,0,0,0,0,1,1,1,1,1,1,1,1,1,1,1,1,1,0,0,0,0,0,1,1,1
2007-12-02 12:15:00+00:00,30,12,12,68.90631103515625,41.577980041503906,0,0,0,0,0,0,0,0,1,1,1,1,1,1,1,1,1,0,0,0,0,0,0,1,1
2007-12-02 12:15:00+00:00,30,12,12,130.09800720214844,123.19459533691406,0,0,0,0,0,0,0,0,0,0,0,1,1,1,1,1,1,0,0,0,0,0,0,0,0
2007-12-02 12:15:00+00:00,30,12,12,116.80179595947266,117.78302001953125,0,0,0,0,0,0,0,0,0,0,1,1,1,1,1,1,1,0,0,0,0,0,0,0,0
2007-12-02 12:15:00+00:00,30,12,12,282.7410583496094,277.44659423828125,0,0,0,0,0,0,0,0,0,0,0,0,0,0,0,1,1,0,0,0,0,0,0,0,0
2007-12-02 12:15:00+00:00,30,12,12,,,0,0,0,0,0,0,0,0,0,0,0,0,0,0,0,0,0,0,0,0,0,0,0,0,0
2007-12-02 12:15:00+00:00,30,12,12,,89.41427612304688,0,0,0,0,0,0,0,0,0,0,0,0,0,0,0,0,0,0,0,0,0,0,0,0,0
2007-12-02 12:15:00+00:00,30,12,12,,51.1143798828125,0,0,0,0,0,0,0,0,0,0,0,0,0,0,0,0,0,0,0,0,0,0,0,0,1
2007-12-02 12:15:00+00:00,30,12,12,,9.125626564025879,0,0,0,0,0,0,0,0,0,0,0,0,0,0,0,0,0,1,1,1,1,1,1,1,1
2007-12-02 12:15:00+00:00,30,12,12,,,0,0,0,0,0,0,0,0,0,0,0,0,0,0,0,0,0,0,0,0,0,0,0,0,0
2007-12-02 12:30:00+00:00,30,12,12,433.5281677246094,440.34613037109375,0,0,0,0,0,0,0,0,0,0,0,0,0,0,0,0,0,0,0,0,0,0,0,0,0
2007-12-02 12:30:00+00:00,30,12,12,413.4322204589844,398.4876708984375,0,0,0,0,0,0,0,0,0,0,0,0,0,0,0,0,0,0,0,0,0,0,0,0,0
2007-12-02 12:30:00+00:00,30,12,12,427.4309387207031,404.95904541015625,0,0,0,0,0,0,0,0,0,0,0,0,0,0,0,0,0,0,0,0,0,0,0,0,0
2007-12-02 12:30:00+00:00,30,12,12,404.7154541015625,379.858154296875,0,0,0,0,0,0,0,0,0,0,0,0,0,0,0,0,0,0,0,0,0,0,0,0,0
2007-12-02 12:30:00+00:00,30,12,12,345.0736389160156,315.0067443847656,0,0,0,0,0,0,0,0,0,0,0,0,0,0,0,0,1,0,0,0,0,0,0,0,0
2007-12-02 12:30:00+00:00,30,12,12,349.7392883300781,317.8377685546875,0,0,0,0,0,0,0,0,0,0,0,0,0,0,0,0,1,0,0,0,0,0,0,0,0
2007-12-02 12:30:00+00:00,30,12,12,153.52728271484375,141.99993896484375,0,0,0,0,0,0,0,0,0,0,0,0,1,1,1,1,1,0,0,0,0,0,0,0,0
2007-12-02 12:30:00+00:00,30,12,12,88.65251922607422,79.67682647705078,0,0,0,0,0,0,0,0,0,1,1,1,1,1,1,1,1,0,0,0,0,0,0,0,0
2007-12-02 12:30:00+00:00,30,12,12,134.6150665283203,124.57157897949219,0,0,0,0,0,0,0,0,0,0,0,1,1,1,1,1,1,0,0,0,0,0,0,0,0
2007-12-02 12:30:00+00:00,30,12,12,218.09576416015625,123.3456802368164,0,0,0,0,0,0,0,0,0,0,0,0,0,0,1,1,1,0,0,0,0,0,0,0,0
2007-12-02 12:30:00+00:00,30,12,12,137.723388671875,55.61589813232422,0,0,0,0,0,0,0,0,0,0,0,1,1,1,1,1,1,0,0,0,0,0,0,0,1
2007-12-02 12:30:00+00:00,30,12,12,114.0317611694336,10.285890579223633,0,0,0,0,0,0,0,0,0,0,1,1,1,1,1,1,1,0,1,1,1,1,1,1,1
2007-12-02 12:30:00+00:00,30,12,12,61.68524169921875,51.835243225097656,0,0,0,0,0,0,0,0,1,1,1,1,1,1,1,1,1,0,0,0,0,0,0,0,1
2007-12-02 12:30:00+00:00,30,12,12,206.27484130859375,11.215006828308105,0,0,0,0,0,0,0,0,0,0,0,0,0,0,1,1,1,0,1,1,1,1,1,1,1
2007-12-02 12:30:00+00:00,30,12,12,38.2602653503418,17.561756134033203,0,0,0,0,0,1,1,1,1,1,1,1,1,1,1,1,1,0,0,1,1,1,1,1,1
2007-12-02 12:30:00+00:00,30,12,12,439.0461730957031,352.1343078613281,0,0,0,0,0,0,0,0,0,0,0,0,0,0,0,0,0,0,0,0,0,0,0,0,0
2007-12-02 12:30:00+00:00,30,12,12,,438.00909423828125,0,0,0,0,0,0,0,0,0,0,0,0,0,0,0,0,0,0,0,0,0,0,0,0,0
2007-12-02 12:30:00+00:00,30,12,12,,,0,0,0,0,0,0,0,0,0,0,0,0,0,0,0,0,0,0,0,0,0,0,0,0,0
2007-12-02 12:30:00+00:00,30,12,12,,,0,0,0,0,0,0,0,0,0,0,0,0,0,0,0,0,0,0,0,0,0,0,0,0,0
2007-12-02 12:30:00+00:00,30,12,12,,250.70729064941406,0,0,0,0,0,0,0,0,0,0,0,0,0,0,0,0,0,0,0,0,0,0,0,0,0
2007-12-02 12:30:00+00:00,30,12,12,,,0,0,0,0,0,0,0,0,0,0,0,0,0,0,0,0,0,0,0,0,0,0,0,0,0
2007-12-02 12:30:00+00:00,30,12,12,,371.8641357421875,0,0,0,0,0,0,0,0,0,0,0,0,0,0,0,0,0,0,0,0,0,0,0,0,0
2007-12-02 12:45:00+00:00,30,12,12,449.2140808105469,,0,0,0,0,0,0,0,0,0,0,0,0,0,0,0,0,0,0,0,0,0,0,0,0,0
2007-12-02 12:45:00+00:00,30,12,12,421.6017761230469,,0,0,0,0,0,0,0,0,0,0,0,0,0,0,0,0,0,0,0,0,0,0,0,0,0
2007-12-02 12:45:00+00:00,30,12,12,376.8561096191406,494.82574462890625,0,0,0,0,0,0,0,0,0,0,0,0,0,0,0,0,0,0,0,0,0,0,0,0,0
2007-12-02 12:45:00+00:00,30,12,12,164.6981201171875,111.3622817993164,0,0,0,0,0,0,0,0,0,0,0,0,1,1,1,1,1,0,0,0,0,0,0,0,0
2007-12-02 12:45:00+00:00,30,12,12,174.72317504882812,117.16059112548828,0,0,0,0,0,0,0,0,0,0,0,0,1,1,1,1,1,0,0,0,0,0,0,0,0
2007-12-02 12:45:00+00:00,30,12,12,190.46438598632812,146.2783203125,0,0,0,0,0,0,0,0,0,0,0,0,0,1,1,1,1,0,0,0,0,0,0,0,0
2007-12-02 12:45:00+00:00,30,12,12,,,0,0,0,0,0,0,0,0,0,0,0,0,0,0,0,0,0,0,0,0,0,0,0,0,0
2007-12-02 12:45:00+00:00,30,12,12,104.51354217529297,72.90170288085938,0,0,0,0,0,0,0,0,0,0,1,1,1,1,1,1,1,0,0,0,0,0,0,0,0
2007-12-02 12:45:00+00:00,30,12,12,,,0,0,0,0,0,0,0,0,0,0,0,0,0,0,0,0,0,0,0,0,0,0,0,0,0
2007-12-02 12:45:00+00:00,30,12,12,116.11536407470703,112.23709869384766,0,0,0,0,0,0,0,0,0,0,1,1,1,1,1,1,1,0,0,0,0,0,0,0,0
2007-12-02 12:45:00+00:00,30,12,12,142.8153533935547,125.07368469238281,0,0,0,0,0,0,0,0,0,0,0,1,1,1,1,1,1,0,0,0,0,0,0,0,0
2007-12-02 12:45:00+00:00,30,12,12,72.41017150878906,43.6577033996582,0,0,0,0,0,0,0,0,1,1,1,1,1,1,1,1,1,0,0,0,0,0,0,1,1
2007-12-02 12:45:00+00:00,30,12,12,,273.0500183105469,0,0,0,0,0,0,0,0,0,0,0,0,0,0,0,0,0,0,0,0,0,0,0,0,0
2007-12-02 12:45:00+00:00,30,12,12,,7.012800693511963,0,0,0,0,0,0,0,0,0,0,0,0,0,0,0,0,0,1,1,1,1,1,1,1,1
2007-12-02 12:45:00+00:00,30,12,12,,0.0,0,0,0,0,0,0,0,0,0,0,0,0,0,0,0,0,0,1,1,1,1,1,1,1,1
2007-12-02 12:45:00+00:00,30,12,12,,,0,0,0,0,0,0,0,0,0,0,0,0,0,0,0,0,0,0,0,0,0,0,0,0,0
2007-12-02 13:00:00+00:00,30,12,13,473.1892395019531,409.4631042480469,0,0,0,0,0,0,0,0,0,0,0,0,0,0,0,0,0,0,0,0,0,0,0,0,0
2007-12-02 13:00:00+00:00,30,12,13,407.64666748046875,427.2737731933594,0,0,0,0,0,0,0,0,0,0,0,0,0,0,0,0,0,0,0,0,0,0,0,0,0
2007-12-02 13:00:00+00:00,30,12,13,462.18157958984375,396.4057922363281,0,0,0,0,0,0,0,0,0,0,0,0,0,0,0,0,0,0,0,0,0,0,0,0,0
2007-12-02 13:00:00+00:00,30,12,13,453.1064453125,385.46734619140625,0,0,0,0,0,0,0,0,0,0,0,0,0,0,0,0,0,0,0,0,0,0,0,0,0
2007-12-02 13:00:00+00:00,30,12,13,399.7051696777344,328.7231750488281,0,0,0,0,0,0,0,0,0,0,0,0,0,0,0,0,0,0,0,0,0,0,0,0,0
2007-12-02 13:00:00+00:00,30,12,13,,,0,0,0,0,0,0,0,0,0,0,0,0,0,0,0,0,0,0,0,0,0,0,0,0,0
2007-12-02 13:00:00+00:00,30,12,13,46.99354934692383,49.59156036376953,0,0,0,0,0,0,1,1,1,1,1,1,1,1,1,1,1,0,0,0,0,0,0,1,1
2007-12-02 13:00:00+00:00,30,12,13,62.1052360534668,42.57144546508789,0,0,0,0,0,0,0,0,1,1,1,1,1,1,1,1,1,0,0,0,0,0,0,1,1
2007-12-02 13:00:00+00:00,30,12,13,65.10882568359375,47.91533279418945,0,0,0,0,0,0,0,0,1,1,1,1,1,1,1,1,1,0,0,0,0,0,0,1,1
2007-12-02 13:00:00+00:00,30,12,13,50.13935470581055,24.726318359375,0,0,0,0,0,0,0,1,1,1,1,1,1,1,1,1,1,0,0,0,1,1,1,1,1
2007-12-02 13:00:00+00:00,30,12,13,452.1678466796875,273.1392517089844,0,0,0,0,0,0,0,0,0,0,0,0,0,0,0,0,0,0,0,0,0,0,0,0,0
2007-12-02 13:00:00+00:00,30,12,13,,,0,0,0,0,0,0,0,0,0,0,0,0,0,0,0,0,0,0,0,0,0,0,0,0,0
2007-12-02 13:00:00+00:00,30,12,13,125.24858093261719,109.98258209228516,0,0,0,0,0,0,0,0,0,0,0,1,1,1,1,1,1,0,0,0,0,0,0,0,0
2007-12-02 13:00:00+00:00,30,12,13,168.93777465820312,42.53214645385742,0,0,0,0,0,0,0,0,0,0,0,0,1,1,1,1,1,0,0,0,0,0,0,1,1
2007-12-02 13:00:00+00:00,30,12,13,355.3697814941406,350.00811767578125,0,0,0,0,0,0,0,0,0,0,0,0,0,0,0,0,0,0,0,0,0,0,0,0,0
2007-12-02 13:15:00+00:00,30,12,13,,413.9610900878906,0,0,0,0,0,0,0,0,0,0,0,0,0,0,0,0,0,0,0,0,0,0,0,0,0
2007-12-02 13:15:00+00:00,30,12,13,543.8950805664062,338.7066955566406,0,0,0,0,0,0,0,0,0,0,0,0,0,0,0,0,0,0,0,0,0,0,0,0,0
2007-12-02 13:15:00+00:00,30,12,13,491.3188781738281,305.9990234375,0,0,0,0,0,0,0,0,0,0,0,0,0,0,0,0,0,0,0,0,0,0,0,0,0
2007-12-02 13:15:00+00:00,30,12,13,519.6468505859375,343.59881591796875,0,0,0,0,0,0,0,0,0,0,0,0,0,0,0,0,0,0,0,0,0,0,0,0,0
2007-12-02 13:15:00+00:00,30,12,13,466.18328857421875,296.5679626464844,0,0,0,0,0,0,0,0,0,0,0,0,0,0,0,0,0,0,0,0,0,0,0,0,0
2007-12-02 13:15:00+00:00,30,12,13,218.5150146484375,137.9949951171875,0,0,0,0,0,0,0,0,0,0,0,0,0,0,1,1,1,0,0,0,0,0,0,0,0
2007-12-02 13:15:00+00:00,30,12,13,,158.04891967773438,0,0,0,0,0,0,0,0,0,0,0,0,0,0,0,0,0,0,0,0,0,0,0,0,0
2007-12-02 13:15:00+00:00,30,12,13,90.93339538574219,77.89588165283203,0,0,0,0,0,0,0,0,0,1,1,1,1,1,1,1,1,0,0,0,0,0,0,0,0
2007-12-02 13:15:00+00:00,30,12,13,167.6822509765625,142.2432403564453,0,0,0,0,0,0,0,0,0,0,0,0,1,1,1,1,1,0,0,0,0,0,0,0,0
2007-12-02 13:15:00+00:00,30,12,13,98.15396881103516,105.53752136230469,0,0,0,0,0,0,0,0,0,1,1,1,1,1,1,1,1,0,0,0,0,0,0,0,0
2007-12-02 13:15:00+00:00,30,12,13,49.12128829956055,0.0,0,0,0,0,0,0,1,1,1,1,1,1,1,1,1,1,1,1,1,1,1,1,1,1,1
2007-12-02 13:15:00+00:00,30,12,13,90.91385650634766,60.95390701293945,0,0,0,0,0,0,0,0,0,1,1,1,1,1,1,1,1,0,0,0,0,0,0,0,0
2007-12-02 13:15:00+00:00,30,12,13,107.71748352050781,101.64970397949219,0,0,0,0,0,0,0,0,0,0,1,1,1,1,1,1,1,0,0,0,0,0,0,0,0
2007-12-02 13:15:00+00:00,30,12,13,49.71882629394531,32.44190979003906,0,0,0,0,0,0,1,1,1,1,1,1,1,1,1,1,1,0,0,0,0,0,1,1,1
2007-12-02 13:15:00+00:00,30,12,13,325.1984558105469,317.05218505859375,0,0,0,0,0,0,0,0,0,0,0,0,0,0,0,0,1,0,0,0,0,0,0,0,0
2007-12-02 13:15:00+00:00,30,12,13,188.6094512939453,64.82174682617188,0,0,0,0,0,0,0,0,0,0,0,0,0,1,1,1,1,0,0,0,0,0,0,0,0
2007-12-02 13:15:00+00:00,30,12,13,97.1450424194336,9.127449989318848,0,0,0,0,0,0,0,0,0,1,1,1,1,1,1,1,1,1,1,1,1,1,1,1,1
2007-12-02 13:30:00+00:00,30,12,13,461.6958312988281,433.53076171875,0,0,0,0,0,0,0,0,0,0,0,0,0,0,0,0,0,0,0,0,0,0,0,0,0
2007-12-02 13:30:00+00:00,30,12,13,425.7904968261719,396.7866516113281,0,0,0,0,0,0,0,0,0,0,0,0,0,0,0,0,0,0,0,0,0,0,0,0,0
2007-12-02 13:30:00+00:00,30,12,13,163.67796325683594,154.95379638671875,0,0,0,0,0,0,0,0,0,0,0,0,1,1,1,1,1,0,0,0,0,0,0,0,0
2007-12-02 13:30:00+00:00,30,12,13,141.71929931640625,148.8249053955078,0,0,0,0,0,0,0,0,0,0,0,1,1,1,1,1,1,0,0,0,0,0,0,0,0
2007-12-02 13:30:00+00:00,30,12,13,173.404541015625,115.05419921875,0,0,0,0,0,0,0,0,0,0,0,0,1,1,1,1,1,0,0,0,0,0,0,0,0
2007-12-02 13:30:00+00:00,30,12,13,298.3675231933594,155.4486083984375,0,0,0,0,0,0,0,0,0,0,0,0,0,0,0,1,1,0,0,0,0,0,0,0,0
2007-12-02 13:30:00+00:00,30,12,13,236.82431030273438,227.3757781982422,0,0,0,0,0,0,0,0,0,0,0,0,0,0,1,1,1,0,0,0,0,0,0,0,0
2007-12-02 13:30:00+00:00,30,12,13,203.2320098876953,186.69281005859375,0,0,0,0,0,0,0,0,0,0,0,0,0,0,1,1,1,0,0,0,0,0,0,0,0
2007-12-02 13:30:00+00:00,30,12,13,56.13462448120117,65.1898193359375,0,0,0,0,0,0,0,1,1,1,1,1,1,1,1,1,1,0,0,0,0,0,0,0,0
2007-12-02 13:30:00+00:00,30,12,13,,,0,0,0,0,0,0,0,0,0,0,0,0,0,0,0,0,0,0,0,0,0,0,0,0,0
2007-12-02 13:30:00+00:00,30,12,13,365.41961669921875,274.0834045410156,0,0,0,0,0,0,0,0,0,0,0,0,0,0,0,0,0,0,0,0,0,0,0,0,0
2007-12-02 13:30:00+00:00,30,12,13,220.13487243652344,213.37550354003906,0,0,0,0,0,0,0,0,0,0,0,0,0,0,1,1,1,0,0,0,0,0,0,0,0
2007-12-02 13:30:00+00:00,30,12,13,182.4156951904297,57.77463912963867,0,0,0,0,0,0,0,0,0,0,0,0,0,1,1,1,1,0,0,0,0,0,0,0,1
2007-12-02 13:30:00+00:00,30,12,13,95.99564361572266,53.693416595458984,0,0,0,0,0,0,0,0,0,1,1,1,1,1,1,1,1,0,0,0,0,0,0,0,1
2007-12-02 13:30:00+00:00,30,12,13,,305.8769226074219,0,0,0,0,0,0,0,0,0,0,0,0,0,0,0,0,0,0,0,0,0,0,0,0,0
2007-12-02 13:30:00+00:00,30,12,13,,335.8601989746094,0,0,0,0,0,0,0,0,0,0,0,0,0,0,0,0,0,0,0,0,0,0,0,0,0
2007-12-02 13:30:00+00:00,30,12,13,252.0106658935547,184.41932678222656,0,0,0,0,0,0,0,0,0,0,0,0,0,0,0,1,1,0,0,0,0,0,0,0,0
2007-12-02 13:30:00+00:00,30,12,13,,,0,0,0,0,0,0,0,0,0,0,0,0,0,0,0,0,0,0,0,0,0,0,0,0,0
2007-12-02 13:30:00+00:00,30,12,13,,,0,0,0,0,0,0,0,0,0,0,0,0,0,0,0,0,0,0,0,0,0,0,0,0,0
2007-12-02 13:45:00+00:00,30,12,13,185.97509765625,284.28851318359375,0,0,0,0,0,0,0,0,0,0,0,0,0,1,1,1,1,0,0,0,0,0,0,0,0
2007-12-02 13:45:00+00:00,30,12,13,234.96469116210938,162.4407501220703,0,0,0,0,0,0,0,0,0,0,0,0,0,0,1,1,1,0,0,0,0,0,0,0,0
2007-12-02 13:45:00+00:00,30,12,13,,,0,0,0,0,0,0,0,0,0,0,0,0,0,0,0,0,0,0,0,0,0,0,0,0,0
2007-12-02 13:45:00+00:00,30,12,13,157.93905639648438,145.12216186523438,0,0,0,0,0,0,0,0,0,0,0,0,1,1,1,1,1,0,0,0,0,0,0,0,0
2007-12-02 13:45:00+00:00,30,12,13,321.117431640625,271.5433349609375,0,0,0,0,0,0,0,0,0,0,0,0,0,0,0,0,1,0,0,0,0,0,0,0,0
2007-12-02 13:45:00+00:00,30,12,13,318.388671875,327.7539367675781,0,0,0,0,0,0,0,0,0,0,0,0,0,0,0,0,1,0,0,0,0,0,0,0,0
2007-12-02 13:45:00+00:00,30,12,13,118.36961364746094,128.51124572753906,0,0,0,0,0,0,0,0,0,0,1,1,1,1,1,1,1,0,0,0,0,0,0,0,0
2007-12-02 13:45:00+00:00,30,12,13,151.662841796875,125.68130493164062,0,0,0,0,0,0,0,0,0,0,0,0,1,1,1,1,1,0,0,0,0,0,0,0,0
2007-12-02 13:45:00+00:00,30,12,13,113.29834747314453,102.7210922241211,0,0,0,0,0,0,0,0,0,0,1,1,1,1,1,1,1,0,0,0,0,0,0,0,0
2007-12-02 13:45:00+00:00,30,12,13,56.90830993652344,122.81927490234375,0,0,0,0,0,0,0,1,1,1,1,1,1,1,1,1,1,0,0,0,0,0,0,0,0
2007-12-02 13:45:00+00:00,30,12,13,54.6696662902832,49.024600982666016,0,0,0,0,0,0,0,1,1,1,1,1,1,1,1,1,1,0,0,0,0,0,0,1,1
2007-12-02 13:45:00+00:00,30,12,13,57.3759880065918,0.0,0,0,0,0,0,0,0,1,1,1,1,1,1,1,1,1,1,1,1,1,1,1,1,1,1
2007-12-02 13:45:00+00:00,30,12,13,,,0,0,0,0,0,0,0,0,0,0,0,0,0,0,0,0,0,0,0,0,0,0,0,0,0
2007-12-02 13:45:00+00:00,30,12,13,,,0,0,0,0,0,0,0,0,0,0,0,0,0,0,0,0,0,0,0,0,0,0,0,0,0
2007-12-02 13:45:00+00:00,30,12,13,94.3775634765625,82.95117950439453,0,0,0,0,0,0,0,0,0,1,1,1,1,1,1,1,1,0,0,0,0,0,0,0,0
2007-12-02 13:45:00+00:00,30,12,13,43.113624572753906,45.33946990966797,0,0,0,0,0,0,1,1,1,1,1,1,1,1,1,1,1,0,0,0,0,0,0,1,1
2007-12-02 13:45:00+00:00,30,12,13,98.0553207397461,88.47338104248047,0,0,0,0,0,0,0,0,0,1,1,1,1,1,1,1,1,0,0,0,0,0,0,0,0
2007-12-02 14:00:00+00:00,30,12,14,214.99620056152344,189.2260284423828,0,0,0,0,0,0,0,0,0,0,0,0,0,0,1,1,1,0,0,0,0,0,0,0,0
2007-12-02 14:00:00+00:00,30,12,14,208.09425354003906,183.06263732910156,0,0,0,0,0,0,0,0,0,0,0,0,0,0,1,1,1,0,0,0,0,0,0,0,0
2007-12-02 14:00:00+00:00,30,12,14,262.6251525878906,235.53826904296875,0,0,0,0,0,0,0,0,0,0,0,0,0,0,0,1,1,0,0,0,0,0,0,0,0
2007-12-02 14:00:00+00:00,30,12,14,173.95367431640625,166.2560272216797,0,0,0,0,0,0,0,0,0,0,0,0,1,1,1,1,1,0,0,0,0,0,0,0,0
2007-12-02 14:00:00+00:00,30,12,14,239.42420959472656,239.91510009765625,0,0,0,0,0,0,0,0,0,0,0,0,0,0,1,1,1,0,0,0,0,0,0,0,0
2007-12-02 14:00:00+00:00,30,12,14,128.54542541503906,133.1197052001953,0,0,0,0,0,0,0,0,0,0,0,1,1,1,1,1,1,0,0,0,0,0,0,0,0
2007-12-02 14:00:00+00:00,30,12,14,142.26649475097656,144.48216247558594,0,0,0,0,0,0,0,0,0,0,0,1,1,1,1,1,1,0,0,0,0,0,0,0,0
2007-12-02 14:00:00+00:00,30,12,14,92.96683502197266,82.99494934082031,0,0,0,0,0,0,0,0,0,1,1,1,1,1,1,1,1,0,0,0,0,0,0,0,0
2007-12-02 14:00:00+00:00,30,12,14,211.2179412841797,204.6116485595703,0,0,0,0,0,0,0,0,0,0,0,0,0,0,1,1,1,0,0,0,0,0,0,0,0
2007-12-02 14:00:00+00:00,30,12,14,44.34407043457031,27.328065872192383,0,0,0,0,0,0,1,1,1,1,1,1,1,1,1,1,1,0,0,0,0,1,1,1,1
2007-12-02 14:00:00+00:00,30,12,14,,,0,0,0,0,0,0,0,0,0,0,0,0,0,0,0,0,0,0,0,0,0,0,0,0,0
2007-12-02 14:00:00+00:00,30,12,14,66.27559661865234,80.67607879638672,0,0,0,0,0,0,0,0,1,1,1,1,1,1,1,1,1,0,0,0,0,0,0,0,0
2007-12-02 14:00:00+00:00,30,12,14,60.7809944152832,54.53689956665039,0,0,0,0,0,0,0,0,1,1,1,1,1,1,1,1,1,0,0,0,0,0,0,0,1
2007-12-02 14:00:00+00:00,30,12,14,370.1797790527344,76.4800033569336,0,0,0,0,0,0,0,0,0,0,0,0,0,0,0,0,0,0,0,0,0,0,0,0,0
2007-12-02 14:15:00+00:00,30,12,14,234.6717987060547,,0,0,0,0,0,0,0,0,0,0,0,0,0,0,1,1,1,0,0,0,0,0,0,0,0
2007-12-02 14:15:00+00:00,30,12,14,272.7164001464844,,0,0,0,0,0,0,0,0,0,0,0,0,0,0,0,1,1,0,0,0,0,0,0,0,0
2007-12-02 14:15:00+00:00,30,12,14,,383.6368713378906,0,0,0,0,0,0,0,0,0,0,0,0,0,0,0,0,0,0,0,0,0,0,0,0,0
2007-12-02 14:15:00+00:00,30,12,14,75.74634552001953,53.15147399902344,0,0,0,0,0,0,0,0,1,1,1,1,1,1,1,1,1,0,0,0,0,0,0,0,1
2007-12-02 14:15:00+00:00,30,12,14,117.63494110107422,101.42069244384766,0,0,0,0,0,0,0,0,0,0,1,1,1,1,1,1,1,0,0,0,0,0,0,0,0
2007-12-02 14:15:00+00:00,30,12,14,97.94290924072266,75.58683776855469,0,0,0,0,0,0,0,0,0,1,1,1,1,1,1,1,1,0,0,0,0,0,0,0,0
2007-12-02 14:15:00+00:00,30,12,14,59.90478515625,59.90478515625,0,0,0,0,0,0,0,1,1,1,1,1,1,1,1,1,1,0,0,0,0,0,0,0,1
2007-12-02 14:30:00+00:00,30,12,14,,695.1485595703125,0,0,0,0,0,0,0,0,0,0,0,0,0,0,0,0,0,0,0,0,0,0,0,0,0
2007-12-02 14:30:00+00:00,30,12,14,252.531005859375,236.4021759033203,0,0,0,0,0,0,0,0,0,0,0,0,0,0,0,1,1,0,0,0,0,0,0,0,0
2007-12-02 14:30:00+00:00,30,12,14,252.8570098876953,230.8369598388672,0,0,0,0,0,0,0,0,0,0,0,0,0,0,0,1,1,0,0,0,0,0,0,0,0
2007-12-02 14:30:00+00:00,30,12,14,,,0,0,0,0,0,0,0,0,0,0,0,0,0,0,0,0,0,0,0,0,0,0,0,0,0
2007-12-02 14:30:00+00:00,30,12,14,240.97476196289062,178.09353637695312,0,0,0,0,0,0,0,0,0,0,0,0,0,0,1,1,1,0,0,0,0,0,0,0,0
2007-12-02 14:30:00+00:00,30,12,14,,,0,0,0,0,0,0,0,0,0,0,0,0,0,0,0,0,0,0,0,0,0,0,0,0,0
2007-12-02 14:30:00+00:00,30,12,14,267.81256103515625,198.62730407714844,0,0,0,0,0,0,0,0,0,0,0,0,0,0,0,1,1,0,0,0,0,0,0,0,0
2007-12-02 14:30:00+00:00,30,12,14,96.12216186523438,94.03300476074219,0,0,0,0,0,0,0,0,0,1,1,1,1,1,1,1,1,0,0,0,0,0,0,0,0
2007-12-02 14:30:00+00:00,30,12,14,110.82115173339844,108.29895782470703,0,0,0,0,0,0,0,0,0,0,1,1,1,1,1,1,1,0,0,0,0,0,0,0,0
2007-12-02 14:30:00+00:00,30,12,14,166.83534240722656,158.42547607421875,0,0,0,0,0,0,0,0,0,0,0,0,1,1,1,1,1,0,0,0,0,0,0,0,0
2007-12-02 14:30:00+00:00,30,12,14,49.110198974609375,24.69280242919922,0,0,0,0,0,0,1,1,1,1,1,1,1,1,1,1,1,0,0,0,1,1,1,1,1
2007-12-02 14:30:00+00:00,30,12,14,112.41914367675781,4.271054744720459,0,0,0,0,0,0,0,0,0,0,1,1,1,1,1,1,1,1,1,1,1,1,1,1,1
2007-12-02 14:30:00+00:00,30,12,14,,,0,0,0,0,0,0,0,0,0,0,0,0,0,0,0,0,0,0,0,0,0,0,0,0,0
2007-12-02 14:45:00+00:00,30,12,14,,358.1023864746094,0,0,0,0,0,0,0,0,0,0,0,0,0,0,0,0,0,0,0,0,0,0,0,0,0
2007-12-02 14:45:00+00:00,30,12,14,150.52635192871094,151.54946899414062,0,0,0,0,0,0,0,0,0,0,0,0,1,1,1,1,1,0,0,0,0,0,0,0,0
2007-12-02 14:45:00+00:00,30,12,14,,,0,0,0,0,0,0,0,0,0,0,0,0,0,0,0,0,0,0,0,0,0,0,0,0,0
2007-12-02 14:45:00+00:00,30,12,14,142.0089111328125,149.4461212158203,0,0,0,0,0,0,0,0,0,0,0,1,1,1,1,1,1,0,0,0,0,0,0,0,0
2007-12-02 14:45:00+00:00,30,12,14,120.3929443359375,66.63573455810547,0,0,0,0,0,0,0,0,0,0,0,1,1,1,1,1,1,0,0,0,0,0,0,0,0
2007-12-02 14:45:00+00:00,30,12,14,123.4229965209961,122.47166442871094,0,0,0,0,0,0,0,0,0,0,0,1,1,1,1,1,1,0,0,0,0,0,0,0,0
2007-12-02 14:45:00+00:00,30,12,14,,,0,0,0,0,0,0,0,0,0,0,0,0,0,0,0,0,0,0,0,0,0,0,0,0,0
2007-12-02 14:45:00+00:00,30,12,14,,,0,0,0,0,0,0,0,0,0,0,0,0,0,0,0,0,0,0,0,0,0,0,0,0,0
2007-12-02 15:00:00+00:00,30,12,15,405.52191162109375,379.72064208984375,0,0,0,0,0,0,0,0,0,0,0,0,0,0,0,0,0,0,0,0,0,0,0,0,0
2007-12-02 15:00:00+00:00,30,12,15,,,0,0,0,0,0,0,0,0,0,0,0,0,0,0,0,0,0,0,0,0,0,0,0,0,0
2007-12-02 15:00:00+00:00,30,12,15,129.6260528564453,114.51482391357422,0,0,0,0,0,0,0,0,0,0,0,1,1,1,1,1,1,0,0,0,0,0,0,0,0
2007-12-02 15:00:00+00:00,30,12,15,214.13328552246094,217.66871643066406,0,0,0,0,0,0,0,0,0,0,0,0,0,0,1,1,1,0,0,0,0,0,0,0,0
2007-12-02 15:00:00+00:00,30,12,15,41.8691520690918,57.97630310058594,0,0,0,0,0,0,1,1,1,1,1,1,1,1,1,1,1,0,0,0,0,0,0,0,1
2007-12-02 15:00:00+00:00,30,12,15,186.55465698242188,16.353288650512695,0,0,0,0,0,0,0,0,0,0,0,0,0,1,1,1,1,0,0,1,1,1,1,1,1
2007-12-02 15:00:00+00:00,30,12,15,335.0645751953125,125.26758575439453,0,0,0,0,0,0,0,0,0,0,0,0,0,0,0,0,1,0,0,0,0,0,0,0,0
2007-12-02 15:00:00+00:00,30,12,15,211.37901306152344,183.23020935058594,0,0,0,0,0,0,0,0,0,0,0,0,0,0,1,1,1,0,0,0,0,0,0,0,0
2007-12-02 15:00:00+00:00,30,12,15,317.4390869140625,212.0498809814453,0,0,0,0,0,0,0,0,0,0,0,0,0,0,0,0,1,0,0,0,0,0,0,0,0
2007-12-02 15:00:00+00:00,30,12,15,346.02294921875,238.6826934814453,0,0,0,0,0,0,0,0,0,0,0,0,0,0,0,0,1,0,0,0,0,0,0,0,0
2007-12-02 15:00:00+00:00,30,12,15,85.99109649658203,60.81845474243164,0,0,0,0,0,0,0,0,0,1,1,1,1,1,1,1,1,0,0,0,0,0,0,0,0
2007-12-02 15:00:00+00:00,30,12,15,68.470703125,62.57680892944336,0,0,0,0,0,0,0,0,1,1,1,1,1,1,1,1,1,0,0,0,0,0,0,0,0
2007-12-02 15:00:00+00:00,30,12,15,326.52520751953125,0.0,0,0,0,0,0,0,0,0,0,0,0,0,0,0,0,0,1,1,1,1,1,1,1,1,1
2007-12-02 15:00:00+00:00,30,12,15,38.18198776245117,36.158573150634766,0,0,0,0,0,1,1,1,1,1,1,1,1,1,1,1,1,0,0,0,0,0,1,1,1
2007-12-02 15:00:00+00:00,30,12,15,321.5213623046875,308.929443359375,0,0,0,0,0,0,0,0,0,0,0,0,0,0,0,0,1,0,0,0,0,0,0,0,0
2007-12-02 15:00:00+00:00,30,12,15,104.27496337890625,61.90299606323242,0,0,0,0,0,0,0,0,0,0,1,1,1,1,1,1,1,0,0,0,0,0,0,0,0
2007-12-02 15:00:00+00:00,30,12,15,58.36122512817383,19.360227584838867,0,0,0,0,0,0,0,1,1,1,1,1,1,1,1,1,1,0,0,1,1,1,1,1,1
2007-12-02 15:00:00+00:00,30,12,15,,,0,0,0,0,0,0,0,0,0,0,0,0,0,0,0,0,0,0,0,0,0,0,0,0,0
2007-12-02 15:00:00+00:00,30,12,15,,,0,0,0,0,0,0,0,0,0,0,0,0,0,0,0,0,0,0,0,0,0,0,0,0,0
2007-12-02 15:15:00+00:00,30,12,15,,,0,0,0,0,0,0,0,0,0,0,0,0,0,0,0,0,0,0,0,0,0,0,0,0,0
2007-12-02 15:15:00+00:00,30,12,15,270.8206481933594,261.2744140625,0,0,0,0,0,0,0,0,0,0,0,0,0,0,0,1,1,0,0,0,0,0,0,0,0
2007-12-02 15:15:00+00:00,30,12,15,273.13067626953125,272.7474060058594,0,0,0,0,0,0,0,0,0,0,0,0,0,0,0,1,1,0,0,0,0,0,0,0,0
2007-12-02 15:15:00+00:00,30,12,15,131.4293975830078,123.19132995605469,0,0,0,0,0,0,0,0,0,0,0,1,1,1,1,1,1,0,0,0,0,0,0,0,0
2007-12-02 15:15:00+00:00,30,12,15,164.51470947265625,156.06678771972656,0,0,0,0,0,0,0,0,0,0,0,0,1,1,1,1,1,0,0,0,0,0,0,0,0
2007-12-02 15:15:00+00:00,30,12,15,96.7323226928711,100.15193176269531,0,0,0,0,0,0,0,0,0,1,1,1,1,1,1,1,1,0,0,0,0,0,0,0,0
2007-12-02 15:15:00+00:00,30,12,15,184.07122802734375,190.49085998535156,0,0,0,0,0,0,0,0,0,0,0,0,0,1,1,1,1,0,0,0,0,0,0,0,0
2007-12-02 15:15:00+00:00,30,12,15,59.90060806274414,67.53809356689453,0,0,0,0,0,0,0,1,1,1,1,1,1,1,1,1,1,0,0,0,0,0,0,0,0
2007-12-02 15:15:00+00:00,30,12,15,37.610313415527344,41.49107360839844,0,0,0,0,0,1,1,1,1,1,1,1,1,1,1,1,1,0,0,0,0,0,0,1,1
2007-12-02 15:15:00+00:00,30,12,15,33.67226028442383,30.38348960876465,0,0,0,0,0,1,1,1,1,1,1,1,1,1,1,1,1,0,0,0,0,0,1,1,1
2007-12-02 15:30:00+00:00,30,12,15,178.1058349609375,126.14057922363281,0,0,0,0,0,0,0,0,0,0,0,0,1,1,1,1,1,0,0,0,0,0,0,0,0
2007-12-02 15:30:00+00:00,30,12,15,116.88907623291016,110.22102355957031,0,0,0,0,0,0,0,0,0,0,1,1,1,1,1,1,1,0,0,0,0,0,0,0,0
2007-12-02 15:30:00+00:00,30,12,15,,,0,0,0,0,0,0,0,0,0,0,0,0,0,0,0,0,0,0,0,0,0,0,0,0,0
2007-12-02 15:45:00+00:00,30,12,15,,267.3233642578125,0,0,0,0,0,0,0,0,0,0,0,0,0,0,0,0,0,0,0,0,0,0,0,0,0
2007-12-02 15:45:00+00:00,30,12,15,194.8147735595703,208.16192626953125,0,0,0,0,0,0,0,0,0,0,0,0,0,1,1,1,1,0,0,0,0,0,0,0,0
2007-12-02 15:45:00+00:00,30,12,15,33.91575622558594,26.810300827026367,0,0,0,0,0,1,1,1,1,1,1,1,1,1,1,1,1,0,0,0,0,1,1,1,1
2007-12-02 15:45:00+00:00,30,12,15,60.688480377197266,66.52381134033203,0,0,0,0,0,0,0,0,1,1,1,1,1,1,1,1,1,0,0,0,0,0,0,0,0
2007-12-02 15:45:00+00:00,30,12,15,75.78788757324219,74.04082489013672,0,0,0,0,0,0,0,0,1,1,1,1,1,1,1,1,1,0,0,0,0,0,0,0,0
2007-12-02 15:45:00+00:00,30,12,15,72.68077087402344,73.45075225830078,0,0,0,0,0,0,0,0,1,1,1,1,1,1,1,1,1,0,0,0,0,0,0,0,0
2007-12-02 15:45:00+00:00,30,12,15,25.054914474487305,0.0,0,0,0,0,1,1,1,1,1,1,1,1,1,1,1,1,1,1,1,1,1,1,1,1,1
2007-12-02 15:45:00+00:00,30,12,15,104.09024047851562,68.64449310302734,0,0,0,0,0,0,0,0,0,0,1,1,1,1,1,1,1,0,0,0,0,0,0,0,0
2007-12-02 16:00:00+00:00,30,12,16,178.7373504638672,149.6160888671875,0,0,0,0,0,0,0,0,0,0,0,0,1,1,1,1,1,0,0,0,0,0,0,0,0
2007-12-02 16:00:00+00:00,30,12,16,,,0,0,0,0,0,0,0,0,0,0,0,0,0,0,0,0,0,0,0,0,0,0,0,0,0
2007-12-02 16:00:00+00:00,30,12,16,255.13624572753906,235.47943115234375,0,0,0,0,0,0,0,0,0,0,0,0,0,0,0,1,1,0,0,0,0,0,0,0,0
2007-12-02 16:00:00+00:00,30,12,16,108.82129669189453,107.6805191040039,0,0,0,0,0,0,0,0,0,0,1,1,1,1,1,1,1,0,0,0,0,0,0,0,0
2007-12-02 16:00:00+00:00,30,12,16,53.18447494506836,52.40870666503906,0,0,0,0,0,0,0,1,1,1,1,1,1,1,1,1,1,0,0,0,0,0,0,0,1
2007-12-02 16:00:00+00:00,30,12,16,,229.2875213623047,0,0,0,0,0,0,0,0,0,0,0,0,0,0,0,0,0,0,0,0,0,0,0,0,0
2007-12-02 16:15:00+00:00,30,12,16,71.27330017089844,79.26495361328125,0,0,0,0,0,0,0,0,1,1,1,1,1,1,1,1,1,0,0,0,0,0,0,0,0
2007-12-02 16:15:00+00:00,30,12,16,362.8657531738281,135.2918701171875,0,0,0,0,0,0,0,0,0,0,0,0,0,0,0,0,0,0,0,0,0,0,0,0,0
2007-12-02 16:15:00+00:00,30,12,16,56.13387680053711,15.092119216918945,0,0,0,0,0,0,0,1,1,1,1,1,1,1,1,1,1,0,0,1,1,1,1,1,1
2007-12-02 16:15:00+00:00,30,12,16,130.412109375,122.90682983398438,0,0,0,0,0,0,0,0,0,0,0,1,1,1,1,1,1,0,0,0,0,0,0,0,0
2007-12-02 16:30:00+00:00,30,12,16,,,0,0,0,0,0,0,0,0,0,0,0,0,0,0,0,0,0,0,0,0,0,0,0,0,0
2007-12-02 16:30:00+00:00,30,12,16,97.60411071777344,102.32569122314453,0,0,0,0,0,0,0,0,0,1,1,1,1,1,1,1,1,0,0,0,0,0,0,0,0
2007-12-02 16:30:00+00:00,30,12,16,231.53550720214844,237.14984130859375,0,0,0,0,0,0,0,0,0,0,0,0,0,0,1,1,1,0,0,0,0,0,0,0,0
2007-12-02 16:30:00+00:00,30,12,16,74.89070129394531,59.74215316772461,0,0,0,0,0,0,0,0,1,1,1,1,1,1,1,1,1,0,0,0,0,0,0,0,1
2007-12-02 16:30:00+00:00,30,12,16,134.54205322265625,123.70415496826172,0,0,0,0,0,0,0,0,0,0,0,1,1,1,1,1,1,0,0,0,0,0,0,0,0
2007-12-02 16:30:00+00:00,30,12,16,216.8398895263672,147.0935516357422,0,0,0,0,0,0,0,0,0,0,0,0,0,0,1,1,1,0,0,0,0,0,0,0,0
2007-12-02 16:45:00+00:00,30,12,16,,362.1722717285156,0,0,0,0,0,0,0,0,0,0,0,0,0,0,0,0,0,0,0,0,0,0,0,0,0
2007-12-02 16:45:00+00:00,30,12,16,145.6781768798828,147.02532958984375,0,0,0,0,0,0,0,0,0,0,0,1,1,1,1,1,1,0,0,0,0,0,0,0,0
2007-12-02 17:00:00+00:00,30,12,17,,399.1446838378906,0,0,0,0,0,0,0,0,0,0,0,0,0,0,0,0,0,0,0,0,0,0,0,0,0
2007-12-02 17:00:00+00:00,30,12,17,171.344482421875,216.94859313964844,0,0,0,0,0,0,0,0,0,0,0,0,1,1,1,1,1,0,0,0,0,0,0,0,0
2007-12-02 17:00:00+00:00,30,12,17,,,0,0,0,0,0,0,0,0,0,0,0,0,0,0,0,0,0,0,0,0,0,0,0,0,0
2007-12-02 17:00:00+00:00,30,12,17,295.31005859375,288.5540466308594,0,0,0,0,0,0,0,0,0,0,0,0,0,0,0,1,1,0,0,0,0,0,0,0,0
2007-12-02 17:15:00+00:00,30,12,17,576.3084106445312,385.7735900878906,0,0,0,0,0,0,0,0,0,0,0,0,0,0,0,0,0,0,0,0,0,0,0,0,0
2007-12-02 17:15:00+00:00,30,12,17,543.9334716796875,452.9751281738281,0,0,0,0,0,0,0,0,0,0,0,0,0,0,0,0,0,0,0,0,0,0,0,0,0
2007-12-02 17:15:00+00:00,30,12,17,465.6745910644531,442.13873291015625,0,0,0,0,0,0,0,0,0,0,0,0,0,0,0,0,0,0,0,0,0,0,0,0,0
2007-12-02 17:15:00+00:00,30,12,17,,,0,0,0,0,0,0,0,0,0,0,0,0,0,0,0,0,0,0,0,0,0,0,0,0,0
2007-12-02 17:15:00+00:00,30,12,17,203.871337890625,219.14340209960938,0,0,0,0,0,0,0,0,0,0,0,0,0,0,1,1,1,0,0,0,0,0,0,0,0
2007-12-02 17:30:00+00:00,30,12,17,126.9032974243164,397.54705810546875,0,0,0,0,0,0,0,0,0,0,0,1,1,1,1,1,1,0,0,0,0,0,0,0,0
2007-12-02 17:30:00+00:00,30,12,17,247.43136596679688,237.01942443847656,0,0,0,0,0,0,0,0,0,0,0,0,0,0,1,1,1,0,0,0,0,0,0,0,0
2007-12-02 17:45:00+00:00,30,12,17,410.8221130371094,669.7083740234375,0,0,0,0,0,0,0,0,0,0,0,0,0,0,0,0,0,0,0,0,0,0,0,0,0
2007-12-02 17:45:00+00:00,30,12,17,,,0,0,0,0,0,0,0,0,0,0,0,0,0,0,0,0,0,0,0,0,0,0,0,0,0
2007-12-02 17:45:00+00:00,30,12,17,585.3236083984375,562.2830810546875,0,0,0,0,0,0,0,0,0,0,0,0,0,0,0,0,0,0,0,0,0,0,0,0,0
2007-12-02 17:45:00+00:00,30,12,17,169.06716918945312,168.1553497314453,0,0,0,0,0,0,0,0,0,0,0,0,1,1,1,1,1,0,0,0,0,0,0,0,0
2007-12-02 17:45:00+00:00,30,12,17,79.39361572265625,72.81343078613281,0,0,0,0,0,0,0,0,1,1,1,1,1,1,1,1,1,0,0,0,0,0,0,0,0
2007-12-02 17:45:00+00:00,30,12,17,,,0,0,0,0,0,0,0,0,0,0,0,0,0,0,0,0,0,0,0,0,0,0,0,0,0
2007-12-02 17:45:00+00:00,30,12,17,,,0,0,0,0,0,0,0,0,0,0,0,0,0,0,0,0,0,0,0,0,0,0,0,0,0
2007-12-03 13:00:00+00:00,30,12,13,,,0,0,0,0,0,0,0,0,0,0,0,0,0,0,0,0,0,0,0,0,0,0,0,0,0
2007-12-03 13:00:00+00:00,30,12,13,219.07516479492188,218.71170043945312,0,0,0,0,0,0,0,0,0,0,0,0,0,0,1,1,1,0,0,0,0,0,0,0,0
2007-12-03 13:00:00+00:00,30,12,13,51.199851989746094,50.0146484375,0,0,0,0,0,0,0,1,1,1,1,1,1,1,1,1,1,0,0,0,0,0,0,0,1
2007-12-03 13:00:00+00:00,30,12,13,50.769832611083984,94.842041015625,0,0,0,0,0,0,0,1,1,1,1,1,1,1,1,1,1,0,0,0,0,0,0,0,0
2007-12-03 13:00:00+00:00,30,12,13,88.90418243408203,82.66527557373047,0,0,0,0,0,0,0,0,0,1,1,1,1,1,1,1,1,0,0,0,0,0,0,0,0
2007-12-03 13:00:00+00:00,30,12,13,136.83934020996094,59.6079216003418,0,0,0,0,0,0,0,0,0,0,0,1,1,1,1,1,1,0,0,0,0,0,0,0,1
2007-12-03 13:00:00+00:00,30,12,13,101.04238891601562,111.12722778320312,0,0,0,0,0,0,0,0,0,0,1,1,1,1,1,1,1,0,0,0,0,0,0,0,0
2007-12-03 13:00:00+00:00,30,12,13,172.9848175048828,162.7800750732422,0,0,0,0,0,0,0,0,0,0,0,0,1,1,1,1,1,0,0,0,0,0,0,0,0
2007-12-03 13:00:00+00:00,30,12,13,209.67811584472656,220.75088500976562,0,0,0,0,0,0,0,0,0,0,0,0,0,0,1,1,1,0,0,0,0,0,0,0,0
2007-12-03 13:00:00+00:00,30,12,13,218.80609130859375,230.57835388183594,0,0,0,0,0,0,0,0,0,0,0,0,0,0,1,1,1,0,0,0,0,0,0,0,0
2007-12-03 13:00:00+00:00,30,12,13,,,0,0,0,0,0,0,0,0,0,0,0,0,0,0,0,0,0,0,0,0,0,0,0,0,0
2007-12-03 13:00:00+00:00,30,12,13,42.63732147216797,25.71908187866211,0,0,0,0,0,0,1,1,1,1,1,1,1,1,1,1,1,0,0,0,0,1,1,1,1
2007-12-03 13:00:00+00:00,30,12,13,98.77783203125,89.3401107788086,0,0,0,0,0,0,0,0,0,1,1,1,1,1,1,1,1,0,0,0,0,0,0,0,0
2007-12-03 13:00:00+00:00,30,12,13,110.15785217285156,107.41463470458984,0,0,0,0,0,0,0,0,0,0,1,1,1,1,1,1,1,0,0,0,0,0,0,0,0
2007-12-03 13:00:00+00:00,30,12,13,194.78689575195312,7.200096130371094,0,0,0,0,0,0,0,0,0,0,0,0,0,1,1,1,1,1,1,1,1,1,1,1,1
2007-12-03 13:15:00+00:00,30,12,13,326.2251281738281,310.94512939453125,0,0,0,0,0,0,0,0,0,0,0,0,0,0,0,0,1,0,0,0,0,0,0,0,0
2007-12-03 13:15:00+00:00,30,12,13,,359.8728942871094,0,0,0,0,0,0,0,0,0,0,0,0,0,0,0,0,0,0,0,0,0,0,0,0,0
2007-12-03 13:15:00+00:00,30,12,13,67.35098266601562,15.814931869506836,0,0,0,0,0,0,0,0,1,1,1,1,1,1,1,1,1,0,0,1,1,1,1,1,1
2007-12-03 13:15:00+00:00,30,12,13,61.509281158447266,81.98526000976562,0,0,0,0,0,0,0,0,1,1,1,1,1,1,1,1,1,0,0,0,0,0,0,0,0
2007-12-03 13:15:00+00:00,30,12,13,355.90826416015625,361.4609069824219,0,0,0,0,0,0,0,0,0,0,0,0,0,0,0,0,0,0,0,0,0,0,0,0,0
2007-12-03 13:15:00+00:00,30,12,13,337.4220275878906,343.1571044921875,0,0,0,0,0,0,0,0,0,0,0,0,0,0,0,0,1,0,0,0,0,0,0,0,0
2007-12-03 13:30:00+00:00,30,12,13,,,0,0,0,0,0,0,0,0,0,0,0,0,0,0,0,0,0,0,0,0,0,0,0,0,0
2007-12-03 13:30:00+00:00,30,12,13,61.86864471435547,43.0406608581543,0,0,0,0,0,0,0,0,1,1,1,1,1,1,1,1,1,0,0,0,0,0,0,1,1
2007-12-03 13:30:00+00:00,30,12,13,80.04144287109375,137.823486328125,0,0,0,0,0,0,0,0,0,1,1,1,1,1,1,1,1,0,0,0,0,0,0,0,0
2007-12-03 13:30:00+00:00,30,12,13,97.20265197753906,43.04702377319336,0,0,0,0,0,0,0,0,0,1,1,1,1,1,1,1,1,0,0,0,0,0,0,1,1
2007-12-03 13:30:00+00:00,30,12,13,138.441162109375,57.03419494628906,0,0,0,0,0,0,0,0,0,0,0,1,1,1,1,1,1,0,0,0,0,0,0,0,1
2007-12-03 13:30:00+00:00,30,12,13,,,0,0,0,0,0,0,0,0,0,0,0,0,0,0,0,0,0,0,0,0,0,0,0,0,0
2007-12-03 13:30:00+00:00,30,12,13,,,0,0,0,0,0,0,0,0,0,0,0,0,0,0,0,0,0,0,0,0,0,0,0,0,0
2007-12-03 13:30:00+00:00,30,12,13,52.751319885253906,0.0,0,0,0,0,0,0,0,1,1,1,1,1,1,1,1,1,1,1,1,1,1,1,1,1,1
2007-12-03 13:30:00+00:00,30,12,13,327.7869567871094,,0,0,0,0,0,0,0,0,0,0,0,0,0,0,0,0,1,0,0,0,0,0,0,0,0
2007-12-03 13:45:00+00:00,30,12,13,,,0,0,0,0,0,0,0,0,0,0,0,0,0,0,0,0,0,0,0,0,0,0,0,0,0
2007-12-03 13:45:00+00:00,30,12,13,123.46601104736328,126.97805786132812,0,0,0,0,0,0,0,0,0,0,0,1,1,1,1,1,1,0,0,0,0,0,0,0,0
2007-12-03 13:45:00+00:00,30,12,13,216.75074768066406,228.5555877685547,0,0,0,0,0,0,0,0,0,0,0,0,0,0,1,1,1,0,0,0,0,0,0,0,0
2007-12-03 13:45:00+00:00,30,12,13,67.20623779296875,57.40394592285156,0,0,0,0,0,0,0,0,1,1,1,1,1,1,1,1,1,0,0,0,0,0,0,0,1
2007-12-03 13:45:00+00:00,30,12,13,88.8392562866211,37.656532287597656,0,0,0,0,0,0,0,0,0,1,1,1,1,1,1,1,1,0,0,0,0,0,1,1,1
2007-12-03 13:45:00+00:00,30,12,13,80.4212646484375,76.11204528808594,0,0,0,0,0,0,0,0,0,1,1,1,1,1,1,1,1,0,0,0,0,0,0,0,0
2007-12-03 13:45:00+00:00,30,12,13,168.781982421875,6.343029975891113,0,0,0,0,0,0,0,0,0,0,0,0,1,1,1,1,1,1,1,1,1,1,1,1,1
2007-12-03 13:45:00+00:00,30,12,13,200.06494140625,0.0,0,0,0,0,0,0,0,0,0,0,0,0,0,0,1,1,1,1,1,1,1,1,1,1,1
2007-12-03 13:45:00+00:00,30,12,13,149.11050415039062,158.38038635253906,0,0,0,0,0,0,0,0,0,0,0,1,1,1,1,1,1,0,0,0,0,0,0,0,0
2007-12-03 13:45:00+00:00,30,12,13,188.97543334960938,157.38836669921875,0,0,0,0,0,0,0,0,0,0,0,0,0,1,1,1,1,0,0,0,0,0,0,0,0
2007-12-03 13:45:00+00:00,30,12,13,,350.92864990234375,0,0,0,0,0,0,0,0,0,0,0,0,0,0,0,0,0,0,0,0,0,0,0,0,0
2007-12-03 13:45:00+00:00,30,12,13,333.8323974609375,308.4454040527344,0,0,0,0,0,0,0,0,0,0,0,0,0,0,0,0,1,0,0,0,0,0,0,0,0
2007-12-03 13:45:00+00:00,30,12,13,318.4223937988281,202.24935913085938,0,0,0,0,0,0,0,0,0,0,0,0,0,0,0,0,1,0,0,0,0,0,0,0,0
2007-12-03 13:45:00+00:00,30,12,13,236.57363891601562,213.684326171875,0,0,0,0,0,0,0,0,0,0,0,0,0,0,1,1,1,0,0,0,0,0,0,0,0
2007-12-03 14:00:00+00:00,30,12,14,412.1667175292969,53.158443450927734,0,0,0,0,0,0,0,0,0,0,0,0,0,0,0,0,0,0,0,0,0,0,0,0,1
2007-12-03 14:00:00+00:00,30,12,14,227.05899047851562,,0,0,0,0,0,0,0,0,0,0,0,0,0,0,1,1,1,0,0,0,0,0,0,0,0
2007-12-03 14:00:00+00:00,30,12,14,406.0161437988281,184.34278869628906,0,0,0,0,0,0,0,0,0,0,0,0,0,0,0,0,0,0,0,0,0,0,0,0,0
2007-12-03 14:00:00+00:00,30,12,14,374.8614501953125,148.93174743652344,0,0,0,0,0,0,0,0,0,0,0,0,0,0,0,0,0,0,0,0,0,0,0,0,0
2007-12-03 14:00:00+00:00,30,12,14,110.32392120361328,107.42172241210938,0,0,0,0,0,0,0,0,0,0,1,1,1,1,1,1,1,0,0,0,0,0,0,0,0
2007-12-03 14:00:00+00:00,30,12,14,230.30726623535156,231.40357971191406,0,0,0,0,0,0,0,0,0,0,0,0,0,0,1,1,1,0,0,0,0,0,0,0,0
2007-12-03 14:00:00+00:00,30,12,14,,,0,0,0,0,0,0,0,0,0,0,0,0,0,0,0,0,0,0,0,0,0,0,0,0,0
2007-12-03 14:00:00+00:00,30,12,14,130.31590270996094,171.81459045410156,0,0,0,0,0,0,0,0,0,0,0,1,1,1,1,1,1,0,0,0,0,0,0,0,0
2007-12-03 14:00:00+00:00,30,12,14,,229.2144012451172,0,0,0,0,0,0,0,0,0,0,0,0,0,0,0,0,0,0,0,0,0,0,0,0,0
2007-12-03 14:00:00+00:00,30,12,14,,,0,0,0,0,0,0,0,0,0,0,0,0,0,0,0,0,0,0,0,0,0,0,0,0,0
2007-12-03 14:00:00+00:00,30,12,14,49.10629653930664,25.244081497192383,0,0,0,0,0,0,1,1,1,1,1,1,1,1,1,1,1,0,0,0,0,1,1,1,1
2007-12-03 14:00:00+00:00,30,12,14,,,0,0,0,0,0,0,0,0,0,0,0,0,0,0,0,0,0,0,0,0,0,0,0,0,0
2007-12-03 14:00:00+00:00,30,12,14,,,0,0,0,0,0,0,0,0,0,0,0,0,0,0,0,0,0,0,0,0,0,0,0,0,0
2007-12-03 14:00:00+00:00,30,12,14,74.11566925048828,23.5333309173584,0,0,0,0,0,0,0,0,1,1,1,1,1,1,1,1,1,0,0,0,1,1,1,1,1
2007-12-03 14:00:00+00:00,30,12,14,114.9340591430664,96.76294708251953,0,0,0,0,0,0,0,0,0,0,1,1,1,1,1,1,1,0,0,0,0,0,0,0,0
2007-12-03 14:15:00+00:00,30,12,14,71.34893035888672,65.68595886230469,0,0,0,0,0,0,0,0,1,1,1,1,1,1,1,1,1,0,0,0,0,0,0,0,0
2007-12-03 14:15:00+00:00,30,12,14,71.09846496582031,73.90699005126953,0,0,0,0,0,0,0,0,1,1,1,1,1,1,1,1,1,0,0,0,0,0,0,0,0
2007-12-03 14:15:00+00:00,30,12,14,200.35166931152344,243.25364685058594,0,0,0,0,0,0,0,0,0,0,0,0,0,0,1,1,1,0,0,0,0,0,0,0,0
2007-12-03 14:15:00+00:00,30,12,14,117.84782409667969,116.60679626464844,0,0,0,0,0,0,0,0,0,0,1,1,1,1,1,1,1,0,0,0,0,0,0,0,0
2007-12-03 14:15:00+00:00,30,12,14,,185.40675354003906,0,0,0,0,0,0,0,0,0,0,0,0,0,0,0,0,0,0,0,0,0,0,0,0,0
2007-12-03 14:15:00+00:00,30,12,14,60.9934196472168,51.87305450439453,0,0,0,0,0,0,0,0,1,1,1,1,1,1,1,1,1,0,0,0,0,0,0,0,1
2007-12-03 14:30:00+00:00,30,12,14,,,0,0,0,0,0,0,0,0,0,0,0,0,0,0,0,0,0,0,0,0,0,0,0,0,0
2007-12-03 14:30:00+00:00,30,12,14,59.36201477050781,51.614707946777344,0,0,0,0,0,0,0,1,1,1,1,1,1,1,1,1,1,0,0,0,0,0,0,0,1
2007-12-03 14:30:00+00:00,30,12,14,249.95538330078125,122.09805297851562,0,0,0,0,0,0,0,0,0,0,0,0,0,0,1,1,1,0,0,0,0,0,0,0,0
2007-12-03 14:30:00+00:00,30,12,14,119.06573486328125,99.33309173583984,0,0,0,0,0,0,0,0,0,0,1,1,1,1,1,1,1,0,0,0,0,0,0,0,0
2007-12-03 14:30:00+00:00,30,12,14,185.17469787597656,189.910888671875,0,0,0,0,0,0,0,0,0,0,0,0,0,1,1,1,1,0,0,0,0,0,0,0,0
2007-12-03 14:30:00+00:00,30,12,14,163.5753936767578,177.65492248535156,0,0,0,0,0,0,0,0,0,0,0,0,1,1,1,1,1,0,0,0,0,0,0,0,0
2007-12-03 14:30:00+00:00,30,12,14,52.01861572265625,58.528499603271484,0,0,0,0,0,0,0,1,1,1,1,1,1,1,1,1,1,0,0,0,0,0,0,0,1
2007-12-03 14:30:00+00:00,30,12,14,78.09911346435547,85.73052215576172,0,0,0,0,0,0,0,0,1,1,1,1,1,1,1,1,1,0,0,0,0,0,0,0,0
2007-12-03 14:30:00+00:00,30,12,14,131.98907470703125,115.0444107055664,0,0,0,0,0,0,0,0,0,0,0,1,1,1,1,1,1,0,0,0,0,0,0,0,0
2007-12-03 14:30:00+00:00,30,12,14,370.0313720703125,387.0579833984375,0,0,0,0,0,0,0,0,0,0,0,0,0,0,0,0,0,0,0,0,0,0,0,0,0
2007-12-03 14:30:00+00:00,30,12,14,96.13883209228516,111.31473541259766,0,0,0,0,0,0,0,0,0,1,1,1,1,1,1,1,1,0,0,0,0,0,0,0,0
2007-12-03 14:30:00+00:00,30,12,14,,,0,0,0,0,0,0,0,0,0,0,0,0,0,0,0,0,0,0,0,0,0,0,0,0,0
2007-12-03 14:30:00+00:00,30,12,14,252.93310546875,255.96408081054688,0,0,0,0,0,0,0,0,0,0,0,0,0,0,0,1,1,0,0,0,0,0,0,0,0
2007-12-03 14:45:00+00:00,30,12,14,430.74755859375,,0,0,0,0,0,0,0,0,0,0,0,0,0,0,0,0,0,0,0,0,0,0,0,0,0
2007-12-03 14:45:00+00:00,30,12,14,103.14697265625,101.95587921142578,0,0,0,0,0,0,0,0,0,0,1,1,1,1,1,1,1,0,0,0,0,0,0,0,0
2007-12-03 14:45:00+00:00,30,12,14,199.68716430664062,209.17555236816406,0,0,0,0,0,0,0,0,0,0,0,0,0,1,1,1,1,0,0,0,0,0,0,0,0
2007-12-03 14:45:00+00:00,30,12,14,182.43780517578125,162.36502075195312,0,0,0,0,0,0,0,0,0,0,0,0,0,1,1,1,1,0,0,0,0,0,0,0,0
2007-12-03 14:45:00+00:00,30,12,14,57.22582244873047,50.021419525146484,0,0,0,0,0,0,0,1,1,1,1,1,1,1,1,1,1,0,0,0,0,0,0,0,1
2007-12-03 14:45:00+00:00,30,12,14,130.1024932861328,107.79927062988281,0,0,0,0,0,0,0,0,0,0,0,1,1,1,1,1,1,0,0,0,0,0,0,0,0
2007-12-03 14:45:00+00:00,30,12,14,93.07170104980469,116.91600799560547,0,0,0,0,0,0,0,0,0,1,1,1,1,1,1,1,1,0,0,0,0,0,0,0,0
2007-12-03 14:45:00+00:00,30,12,14,220.57281494140625,233.6138153076172,0,0,0,0,0,0,0,0,0,0,0,0,0,0,1,1,1,0,0,0,0,0,0,0,0
2007-12-03 14:45:00+00:00,30,12,14,142.7362518310547,296.4364013671875,0,0,0,0,0,0,0,0,0,0,0,1,1,1,1,1,1,0,0,0,0,0,0,0,0
2007-12-03 15:00:00+00:00,30,12,15,368.1492919921875,330.0549621582031,0,0,0,0,0,0,0,0,0,0,0,0,0,0,0,0,0,0,0,0,0,0,0,0,0
2007-12-03 15:00:00+00:00,30,12,15,98.23129272460938,102.71553039550781,0,0,0,0,0,0,0,0,0,1,1,1,1,1,1,1,1,0,0,0,0,0,0,0,0
2007-12-03 15:00:00+00:00,30,12,15,160.02919006347656,124.6185531616211,0,0,0,0,0,0,0,0,0,0,0,0,1,1,1,1,1,0,0,0,0,0,0,0,0
2007-12-03 15:00:00+00:00,30,12,15,150.36801147460938,75.90087127685547,0,0,0,0,0,0,0,0,0,0,0,0,1,1,1,1,1,0,0,0,0,0,0,0,0
2007-12-03 15:00:00+00:00,30,12,15,147.0087127685547,144.86749267578125,0,0,0,0,0,0,0,0,0,0,0,1,1,1,1,1,1,0,0,0,0,0,0,0,0
2007-12-03 15:00:00+00:00,30,12,15,62.74648666381836,112.64849090576172,0,0,0,0,0,0,0,0,1,1,1,1,1,1,1,1,1,0,0,0,0,0,0,0,0
2007-12-03 15:00:00+00:00,30,12,15,155.11029052734375,142.913818359375,0,0,0,0,0,0,0,0,0,0,0,0,1,1,1,1,1,0,0,0,0,0,0,0,0
2007-12-03 15:00:00+00:00,30,12,15,298.5906677246094,270.2121887207031,0,0,0,0,0,0,0,0,0,0,0,0,0,0,0,1,1,0,0,0,0,0,0,0,0
2007-12-03 15:00:00+00:00,30,12,15,78.08868408203125,152.51266479492188,0,0,0,0,0,0,0,0,1,1,1,1,1,1,1,1,1,0,0,0,0,0,0,0,0
2007-12-03 15:00:00+00:00,30,12,15,191.84681701660156,147.6266326904297,0,0,0,0,0,0,0,0,0,0,0,0,0,1,1,1,1,0,0,0,0,0,0,0,0
2007-12-03 15:00:00+00:00,30,12,15,37.99567413330078,6.788527965545654,0,0,0,0,0,1,1,1,1,1,1,1,1,1,1,1,1,1,1,1,1,1,1,1,1
2007-12-03 15:15:00+00:00,30,12,15,121.940673828125,132.78204345703125,0,0,0,0,0,0,0,0,0,0,0,1,1,1,1,1,1,0,0,0,0,0,0,0,0
2007-12-03 15:15:00+00:00,30,12,15,204.15347290039062,197.72190856933594,0,0,0,0,0,0,0,0,0,0,0,0,0,0,1,1,1,0,0,0,0,0,0,0,0
2007-12-03 15:15:00+00:00,30,12,15,165.29061889648438,220.86915588378906,0,0,0,0,0,0,0,0,0,0,0,0,1,1,1,1,1,0,0,0,0,0,0,0,0
2007-12-03 15:30:00+00:00,30,12,15,253.75160217285156,129.87539672851562,0,0,0,0,0,0,0,0,0,0,0,0,0,0,0,1,1,0,0,0,0,0,0,0,0
2007-12-03 15:30:00+00:00,30,12,15,263.6639709472656,243.7908477783203,0,0,0,0,0,0,0,0,0,0,0,0,0,0,0,1,1,0,0,0,0,0,0,0,0
2007-12-03 15:30:00+00:00,30,12,15,132.45957946777344,117.75284576416016,0,0,0,0,0,0,0,0,0,0,0,1,1,1,1,1,1,0,0,0,0,0,0,0,0
2007-12-03 15:30:00+00:00,30,12,15,222.83419799804688,161.86729431152344,0,0,0,0,0,0,0,0,0,0,0,0,0,0,1,1,1,0,0,0,0,0,0,0,0
2007-12-03 15:30:00+00:00,30,12,15,220.69358825683594,91.04180908203125,0,0,0,0,0,0,0,0,0,0,0,0,0,0,1,1,1,0,0,0,0,0,0,0,0
2007-12-03 15:30:00+00:00,30,12,15,92.8713150024414,90.13712310791016,0,0,0,0,0,0,0,0,0,1,1,1,1,1,1,1,1,0,0,0,0,0,0,0,0
2007-12-03 15:30:00+00:00,30,12,15,220.51499938964844,169.59005737304688,0,0,0,0,0,0,0,0,0,0,0,0,0,0,1,1,1,0,0,0,0,0,0,0,0
2007-12-03 15:30:00+00:00,30,12,15,210.25509643554688,223.20700073242188,0,0,0,0,0,0,0,0,0,0,0,0,0,0,1,1,1,0,0,0,0,0,0,0,0
2007-12-03 15:30:00+00:00,30,12,15,287.5876770019531,286.893798828125,0,0,0,0,0,0,0,0,0,0,0,0,0,0,0,1,1,0,0,0,0,0,0,0,0
2007-12-03 15:30:00+00:00,30,12,15,249.0995635986328,258.35076904296875,0,0,0,0,0,0,0,0,0,0,0,0,0,0,1,1,1,0,0,0,0,0,0,0,0
2007-12-03 15:30:00+00:00,30,12,15,136.775146484375,126.43278503417969,0,0,0,0,0,0,0,0,0,0,0,1,1,1,1,1,1,0,0,0,0,0,0,0,0
2007-12-03 15:45:00+00:00,30,12,15,294.4698181152344,266.52618408203125,0,0,0,0,0,0,0,0,0,0,0,0,0,0,0,1,1,0,0,0,0,0,0,0,0
2007-12-03 15:45:00+00:00,30,12,15,255.58094787597656,233.86207580566406,0,0,0,0,0,0,0,0,0,0,0,0,0,0,0,1,1,0,0,0,0,0,0,0,0
2007-12-03 15:45:00+00:00,30,12,15,126.23347473144531,257.1841735839844,0,0,0,0,0,0,0,0,0,0,0,1,1,1,1,1,1,0,0,0,0,0,0,0,0
2007-12-03 15:45:00+00:00,30,12,15,142.40684509277344,143.2791290283203,0,0,0,0,0,0,0,0,0,0,0,1,1,1,1,1,1,0,0,0,0,0,0,0,0
2007-12-03 15:45:00+00:00,30,12,15,340.10052490234375,334.7780456542969,0,0,0,0,0,0,0,0,0,0,0,0,0,0,0,0,1,0,0,0,0,0,0,0,0
2007-12-03 15:45:00+00:00,30,12,15,,138.935791015625,0,0,0,0,0,0,0,0,0,0,0,0,0,0,0,0,0,0,0,0,0,0,0,0,0
2007-12-03 15:45:00+00:00,30,12,15,226.7973175048828,0.0,0,0,0,0,0,0,0,0,0,0,0,0,0,0,1,1,1,1,1,1,1,1,1,1,1
2007-12-03 16:00:00+00:00,30,12,16,286.5557861328125,266.41131591796875,0,0,0,0,0,0,0,0,0,0,0,0,0,0,0,1,1,0,0,0,0,0,0,0,0
2007-12-03 16:00:00+00:00,30,12,16,256.1710205078125,247.66806030273438,0,0,0,0,0,0,0,0,0,0,0,0,0,0,0,1,1,0,0,0,0,0,0,0,0
2007-12-03 16:00:00+00:00,30,12,16,39.993812561035156,22.55062484741211,0,0,0,0,0,1,1,1,1,1,1,1,1,1,1,1,1,0,0,0,1,1,1,1,1
2007-12-03 16:00:00+00:00,30,12,16,118.25789642333984,118.25789642333984,0,0,0,0,0,0,0,0,0,0,1,1,1,1,1,1,1,0,0,0,0,0,0,0,0
2007-12-03 16:00:00+00:00,30,12,16,95.84919738769531,105.63824462890625,0,0,0,0,0,0,0,0,0,1,1,1,1,1,1,1,1,0,0,0,0,0,0,0,0
2007-12-03 16:00:00+00:00,30,12,16,210.68038940429688,213.95455932617188,0,0,0,0,0,0,0,0,0,0,0,0,0,0,1,1,1,0,0,0,0,0,0,0,0
2007-12-03 16:00:00+00:00,30,12,16,62.70097351074219,3.00058650970459,0,0,0,0,0,0,0,0,1,1,1,1,1,1,1,1,1,1,1,1,1,1,1,1,1
2007-12-03 16:00:00+00:00,30,12,16,122.64794158935547,104.00727844238281,0,0,0,0,0,0,0,0,0,0,0,1,1,1,1,1,1,0,0,0,0,0,0,0,0
2007-12-03 16:15:00+00:00,30,12,16,249.25582885742188,270.54608154296875,0,0,0,0,0,0,0,0,0,0,0,0,0,0,1,1,1,0,0,0,0,0,0,0,0
2007-12-03 16:15:00+00:00,30,12,16,75.30770111083984,30.25446128845215,0,0,0,0,0,0,0,0,1,1,1,1,1,1,1,1,1,0,0,0,0,0,1,1,1
2007-12-03 16:15:00+00:00,30,12,16,,,0,0,0,0,0,0,0,0,0,0,0,0,0,0,0,0,0,0,0,0,0,0,0,0,0
2007-12-03 16:15:00+00:00,30,12,16,,,0,0,0,0,0,0,0,0,0,0,0,0,0,0,0,0,0,0,0,0,0,0,0,0,0
2007-12-03 16:30:00+00:00,30,12,16,202.52328491210938,218.05458068847656,0,0,0,0,0,0,0,0,0,0,0,0,0,0,1,1,1,0,0,0,0,0,0,0,0
2007-12-03 16:30:00+00:00,30,12,16,103.42797088623047,103.80338287353516,0,0,0,0,0,0,0,0,0,0,1,1,1,1,1,1,1,0,0,0,0,0,0,0,0
2007-12-03 16:30:00+00:00,30,12,16,148.72642517089844,156.62167358398438,0,0,0,0,0,0,0,0,0,0,0,1,1,1,1,1,1,0,0,0,0,0,0,0,0
2007-12-03 16:30:00+00:00,30,12,16,242.94491577148438,274.6454162597656,0,0,0,0,0,0,0,0,0,0,0,0,0,0,1,1,1,0,0,0,0,0,0,0,0
2007-12-03 16:45:00+00:00,30,12,16,314.1990051269531,319.9838562011719,0,0,0,0,0,0,0,0,0,0,0,0,0,0,0,0,1,0,0,0,0,0,0,0,0
2007-12-03 16:45:00+00:00,30,12,16,259.15185546875,3.198922634124756,0,0,0,0,0,0,0,0,0,0,0,0,0,0,0,1,1,1,1,1,1,1,1,1,1
2007-12-03 16:45:00+00:00,30,12,16,66.80146789550781,44.261474609375,0,0,0,0,0,0,0,0,1,1,1,1,1,1,1,1,1,0,0,0,0,0,0,1,1
2007-12-03 16:45:00+00:00,30,12,16,127.21656036376953,302.9100341796875,0,0,0,0,0,0,0,0,0,0,0,1,1,1,1,1,1,0,0,0,0,0,0,0,0
2007-12-03 16:45:00+00:00,30,12,16,148.69358825683594,272.84344482421875,0,0,0,0,0,0,0,0,0,0,0,1,1,1,1,1,1,0,0,0,0,0,0,0,0
2007-12-03 16:45:00+00:00,30,12,16,276.0699768066406,250.1608428955078,0,0,0,0,0,0,0,0,0,0,0,0,0,0,0,1,1,0,0,0,0,0,0,0,0
2007-12-03 17:15:00+00:00,30,12,17,113.72000122070312,103.48665618896484,0,0,0,0,0,0,0,0,0,0,1,1,1,1,1,1,1,0,0,0,0,0,0,0,0
2007-12-03 17:15:00+00:00,30,12,17,185.6111297607422,180.2537841796875,0,0,0,0,0,0,0,0,0,0,0,0,0,1,1,1,1,0,0,0,0,0,0,0,0
2007-12-03 17:30:00+00:00,30,12,17,90.48772430419922,77.9857177734375,0,0,0,0,0,0,0,0,0,1,1,1,1,1,1,1,1,0,0,0,0,0,0,0,0
2007-12-03 17:45:00+00:00,30,12,17,266.8292236328125,256.1495666503906,0,0,0,0,0,0,0,0,0,0,0,0,0,0,0,1,1,0,0,0,0,0,0,0,0
2007-12-04 10:00:00+00:00,30,12,10,,,0,0,0,0,0,0,0,0,0,0,0,0,0,0,0,0,0,0,0,0,0,0,0,0,0
2007-12-04 10:00:00+00:00,30,12,10,,,0,0,0,0,0,0,0,0,0,0,0,0,0,0,0,0,0,0,0,0,0,0,0,0,0
2007-12-04 10:00:00+00:00,30,12,10,,,0,0,0,0,0,0,0,0,0,0,0,0,0,0,0,0,0,0,0,0,0,0,0,0,0
2007-12-04 10:00:00+00:00,30,12,10,66.65640258789062,11.939388275146484,0,0,0,0,0,0,0,0,1,1,1,1,1,1,1,1,1,0,1,1,1,1,1,1,1
2007-12-04 10:00:00+00:00,30,12,10,286.9497375488281,282.683837890625,0,0,0,0,0,0,0,0,0,0,0,0,0,0,0,1,1,0,0,0,0,0,0,0,0
2007-12-04 10:00:00+00:00,30,12,10,295.1949768066406,147.0445098876953,0,0,0,0,0,0,0,0,0,0,0,0,0,0,0,1,1,0,0,0,0,0,0,0,0
2007-12-04 10:00:00+00:00,30,12,10,,,0,0,0,0,0,0,0,0,0,0,0,0,0,0,0,0,0,0,0,0,0,0,0,0,0
2007-12-04 10:00:00+00:00,30,12,10,205.19847106933594,190.50564575195312,0,0,0,0,0,0,0,0,0,0,0,0,0,0,1,1,1,0,0,0,0,0,0,0,0
2007-12-04 10:00:00+00:00,30,12,10,247.36009216308594,208.10000610351562,0,0,0,0,0,0,0,0,0,0,0,0,0,0,1,1,1,0,0,0,0,0,0,0,0
2007-12-04 10:00:00+00:00,30,12,10,579.6605224609375,261.67169189453125,0,0,0,0,0,0,0,0,0,0,0,0,0,0,0,0,0,0,0,0,0,0,0,0,0
2007-12-04 10:00:00+00:00,30,12,10,,,0,0,0,0,0,0,0,0,0,0,0,0,0,0,0,0,0,0,0,0,0,0,0,0,0
2007-12-04 10:00:00+00:00,30,12,10,,214.32424926757812,0,0,0,0,0,0,0,0,0,0,0,0,0,0,0,0,0,0,0,0,0,0,0,0,0
2007-12-04 10:00:00+00:00,30,12,10,,,0,0,0,0,0,0,0,0,0,0,0,0,0,0,0,0,0,0,0,0,0,0,0,0,0
2007-12-04 10:00:00+00:00,30,12,10,,71.67118072509766,0,0,0,0,0,0,0,0,0,0,0,0,0,0,0,0,0,0,0,0,0,0,0,0,0
2007-12-04 10:00:00+00:00,30,12,10,,,0,0,0,0,0,0,0,0,0,0,0,0,0,0,0,0,0,0,0,0,0,0,0,0,0
2007-12-04 10:15:00+00:00,30,12,10,,,0,0,0,0,0,0,0,0,0,0,0,0,0,0,0,0,0,0,0,0,0,0,0,0,0
2007-12-04 10:15:00+00:00,30,12,10,,,0,0,0,0,0,0,0,0,0,0,0,0,0,0,0,0,0,0,0,0,0,0,0,0,0
2007-12-04 10:15:00+00:00,30,12,10,29.276037216186523,33.41840362548828,0,0,0,0,1,1,1,1,1,1,1,1,1,1,1,1,1,0,0,0,0,0,1,1,1
2007-12-04 10:15:00+00:00,30,12,10,356.6403503417969,350.9794921875,0,0,0,0,0,0,0,0,0,0,0,0,0,0,0,0,0,0,0,0,0,0,0,0,0
2007-12-04 10:15:00+00:00,30,12,10,,,0,0,0,0,0,0,0,0,0,0,0,0,0,0,0,0,0,0,0,0,0,0,0,0,0
2007-12-04 10:15:00+00:00,30,12,10,201.89926147460938,191.9441680908203,0,0,0,0,0,0,0,0,0,0,0,0,0,0,1,1,1,0,0,0,0,0,0,0,0
2007-12-04 10:15:00+00:00,30,12,10,,,0,0,0,0,0,0,0,0,0,0,0,0,0,0,0,0,0,0,0,0,0,0,0,0,0
2007-12-04 10:15:00+00:00,30,12,10,379.3075866699219,346.4496765136719,0,0,0,0,0,0,0,0,0,0,0,0,0,0,0,0,0,0,0,0,0,0,0,0,0
2007-12-04 10:15:00+00:00,30,12,10,293.15740966796875,288.25946044921875,0,0,0,0,0,0,0,0,0,0,0,0,0,0,0,1,1,0,0,0,0,0,0,0,0
2007-12-04 10:15:00+00:00,30,12,10,,,0,0,0,0,0,0,0,0,0,0,0,0,0,0,0,0,0,0,0,0,0,0,0,0,0
2007-12-04 10:15:00+00:00,30,12,10,438.76123046875,82.62272644042969,0,0,0,0,0,0,0,0,0,0,0,0,0,0,0,0,0,0,0,0,0,0,0,0,0
2007-12-04 10:15:00+00:00,30,12,10,332.9798583984375,286.04736328125,0,0,0,0,0,0,0,0,0,0,0,0,0,0,0,0,1,0,0,0,0,0,0,0,0
2007-12-04 10:15:00+00:00,30,12,10,177.97532653808594,,0,0,0,0,0,0,0,0,0,0,0,0,1,1,1,1,1,0,0,0,0,0,0,0,0
2007-12-04 10:15:00+00:00,30,12,10,340.24090576171875,,0,0,0,0,0,0,0,0,0,0,0,0,0,0,0,0,1,0,0,0,0,0,0,0,0
2007-12-04 10:30:00+00:00,30,12,10,,,0,0,0,0,0,0,0,0,0,0,0,0,0,0,0,0,0,0,0,0,0,0,0,0,0
2007-12-04 10:30:00+00:00,30,12,10,,,0,0,0,0,0,0,0,0,0,0,0,0,0,0,0,0,0,0,0,0,0,0,0,0,0
2007-12-04 10:30:00+00:00,30,12,10,,,0,0,0,0,0,0,0,0,0,0,0,0,0,0,0,0,0,0,0,0,0,0,0,0,0
2007-12-04 10:30:00+00:00,30,12,10,48.717987060546875,53.142696380615234,0,0,0,0,0,0,1,1,1,1,1,1,1,1,1,1,1,0,0,0,0,0,0,0,1
2007-12-04 10:30:00+00:00,30,12,10,60.9378776550293,56.30640411376953,0,0,0,0,0,0,0,0,1,1,1,1,1,1,1,1,1,0,0,0,0,0,0,0,1
2007-12-04 10:30:00+00:00,30,12,10,95.38612365722656,33.9969367980957,0,0,0,0,0,0,0,0,0,1,1,1,1,1,1,1,1,0,0,0,0,0,1,1,1
2007-12-04 10:30:00+00:00,30,12,10,334.4388427734375,326.94854736328125,0,0,0,0,0,0,0,0,0,0,0,0,0,0,0,0,1,0,0,0,0,0,0,0,0
2007-12-04 10:30:00+00:00,30,12,10,230.43003845214844,209.70640563964844,0,0,0,0,0,0,0,0,0,0,0,0,0,0,1,1,1,0,0,0,0,0,0,0,0
2007-12-04 10:30:00+00:00,30,12,10,204.5411376953125,184.12815856933594,0,0,0,0,0,0,0,0,0,0,0,0,0,0,1,1,1,0,0,0,0,0,0,0,0
2007-12-04 10:30:00+00:00,30,12,10,189.54647827148438,168.39256286621094,0,0,0,0,0,0,0,0,0,0,0,0,0,1,1,1,1,0,0,0,0,0,0,0,0
2007-12-04 10:30:00+00:00,30,12,10,174.4961700439453,153.9276580810547,0,0,0,0,0,0,0,0,0,0,0,0,1,1,1,1,1,0,0,0,0,0,0,0,0
2007-12-04 10:30:00+00:00,30,12,10,,128.4624786376953,0,0,0,0,0,0,0,0,0,0,0,0,0,0,0,0,0,0,0,0,0,0,0,0,0
2007-12-04 10:30:00+00:00,30,12,10,330.71246337890625,303.3726806640625,0,0,0,0,0,0,0,0,0,0,0,0,0,0,0,0,1,0,0,0,0,0,0,0,0
2007-12-04 10:30:00+00:00,30,12,10,,,0,0,0,0,0,0,0,0,0,0,0,0,0,0,0,0,0,0,0,0,0,0,0,0,0
2007-12-04 10:30:00+00:00,30,12,10,321.91717529296875,,0,0,0,0,0,0,0,0,0,0,0,0,0,0,0,0,1,0,0,0,0,0,0,0,0
2007-12-04 10:30:00+00:00,30,12,10,185.31484985351562,,0,0,0,0,0,0,0,0,0,0,0,0,0,1,1,1,1,0,0,0,0,0,0,0,0
2007-12-04 10:45:00+00:00,30,12,10,,,0,0,0,0,0,0,0,0,0,0,0,0,0,0,0,0,0,0,0,0,0,0,0,0,0
2007-12-04 10:45:00+00:00,30,12,10,,,0,0,0,0,0,0,0,0,0,0,0,0,0,0,0,0,0,0,0,0,0,0,0,0,0
2007-12-04 10:45:00+00:00,30,12,10,,,0,0,0,0,0,0,0,0,0,0,0,0,0,0,0,0,0,0,0,0,0,0,0,0,0
2007-12-04 10:45:00+00:00,30,12,10,206.41940307617188,159.46612548828125,0,0,0,0,0,0,0,0,0,0,0,0,0,0,1,1,1,0,0,0,0,0,0,0,0
2007-12-04 10:45:00+00:00,30,12,10,368.161376953125,361.68157958984375,0,0,0,0,0,0,0,0,0,0,0,0,0,0,0,0,0,0,0,0,0,0,0,0,0
2007-12-04 10:45:00+00:00,30,12,10,391.3958435058594,384.78118896484375,0,0,0,0,0,0,0,0,0,0,0,0,0,0,0,0,0,0,0,0,0,0,0,0,0
2007-12-04 10:45:00+00:00,30,12,10,39.442466735839844,47.90139389038086,0,0,0,0,0,1,1,1,1,1,1,1,1,1,1,1,1,0,0,0,0,0,0,1,1
2007-12-04 10:45:00+00:00,30,12,10,100.68502044677734,78.87447357177734,0,0,0,0,0,0,0,0,0,0,1,1,1,1,1,1,1,0,0,0,0,0,0,0,0
2007-12-04 10:45:00+00:00,30,12,10,89.02127075195312,89.64698791503906,0,0,0,0,0,0,0,0,0,1,1,1,1,1,1,1,1,0,0,0,0,0,0,0,0
2007-12-04 10:45:00+00:00,30,12,10,181.58880615234375,169.26885986328125,0,0,0,0,0,0,0,0,0,0,0,0,0,1,1,1,1,0,0,0,0,0,0,0,0
2007-12-04 10:45:00+00:00,30,12,10,131.557861328125,118.71485900878906,0,0,0,0,0,0,0,0,0,0,0,1,1,1,1,1,1,0,0,0,0,0,0,0,0
2007-12-04 10:45:00+00:00,30,12,10,,370.85943603515625,0,0,0,0,0,0,0,0,0,0,0,0,0,0,0,0,0,0,0,0,0,0,0,0,0
2007-12-04 10:45:00+00:00,30,12,10,,326.2969665527344,0,0,0,0,0,0,0,0,0,0,0,0,0,0,0,0,0,0,0,0,0,0,0,0,0
2007-12-04 10:45:00+00:00,30,12,10,,387.2185974121094,0,0,0,0,0,0,0,0,0,0,0,0,0,0,0,0,0,0,0,0,0,0,0,0,0
2007-12-04 10:45:00+00:00,30,12,10,,,0,0,0,0,0,0,0,0,0,0,0,0,0,0,0,0,0,0,0,0,0,0,0,0,0
2007-12-04 10:45:00+00:00,30,12,10,222.0775146484375,214.7366943359375,0,0,0,0,0,0,0,0,0,0,0,0,0,0,1,1,1,0,0,0,0,0,0,0,0
2007-12-04 10:45:00+00:00,30,12,10,183.7996826171875,176.75254821777344,0,0,0,0,0,0,0,0,0,0,0,0,0,1,1,1,1,0,0,0,0,0,0,0,0
2007-12-04 10:45:00+00:00,30,12,10,175.7542724609375,171.1282501220703,0,0,0,0,0,0,0,0,0,0,0,0,1,1,1,1,1,0,0,0,0,0,0,0,0
2007-12-04 10:45:00+00:00,30,12,10,137.01998901367188,66.74699401855469,0,0,0,0,0,0,0,0,0,0,0,1,1,1,1,1,1,0,0,0,0,0,0,0,0
2007-12-04 10:45:00+00:00,30,12,10,349.2544860839844,289.9573669433594,0,0,0,0,0,0,0,0,0,0,0,0,0,0,0,0,1,0,0,0,0,0,0,0,0
2007-12-04 10:45:00+00:00,30,12,10,,,0,0,0,0,0,0,0,0,0,0,0,0,0,0,0,0,0,0,0,0,0,0,0,0,0
2007-12-04 11:00:00+00:00,30,12,11,,,0,0,0,0,0,0,0,0,0,0,0,0,0,0,0,0,0,0,0,0,0,0,0,0,0
2007-12-04 11:00:00+00:00,30,12,11,,,0,0,0,0,0,0,0,0,0,0,0,0,0,0,0,0,0,0,0,0,0,0,0,0,0
2007-12-04 11:00:00+00:00,30,12,11,,,0,0,0,0,0,0,0,0,0,0,0,0,0,0,0,0,0,0,0,0,0,0,0,0,0
2007-12-04 11:00:00+00:00,30,12,11,,,0,0,0,0,0,0,0,0,0,0,0,0,0,0,0,0,0,0,0,0,0,0,0,0,0
2007-12-04 11:00:00+00:00,30,12,11,,,0,0,0,0,0,0,0,0,0,0,0,0,0,0,0,0,0,0,0,0,0,0,0,0,0
2007-12-04 11:00:00+00:00,30,12,11,,,0,0,0,0,0,0,0,0,0,0,0,0,0,0,0,0,0,0,0,0,0,0,0,0,0
2007-12-04 11:00:00+00:00,30,12,11,,,0,0,0,0,0,0,0,0,0,0,0,0,0,0,0,0,0,0,0,0,0,0,0,0,0
2007-12-04 11:00:00+00:00,30,12,11,442.3446960449219,434.7303771972656,0,0,0,0,0,0,0,0,0,0,0,0,0,0,0,0,0,0,0,0,0,0,0,0,0
2007-12-04 11:00:00+00:00,30,12,11,48.460845947265625,0.0,0,0,0,0,0,0,1,1,1,1,1,1,1,1,1,1,1,1,1,1,1,1,1,1,1
2007-12-04 11:00:00+00:00,30,12,11,60.84492874145508,15.250152587890625,0,0,0,0,0,0,0,0,1,1,1,1,1,1,1,1,1,0,0,1,1,1,1,1,1
2007-12-04 11:00:00+00:00,30,12,11,202.8025665283203,201.557861328125,0,0,0,0,0,0,0,0,0,0,0,0,0,0,1,1,1,0,0,0,0,0,0,0,0
2007-12-04 11:00:00+00:00,30,12,11,250.55128479003906,241.6709747314453,0,0,0,0,0,0,0,0,0,0,0,0,0,0,0,1,1,0,0,0,0,0,0,0,0
2007-12-04 11:00:00+00:00,30,12,11,,,0,0,0,0,0,0,0,0,0,0,0,0,0,0,0,0,0,0,0,0,0,0,0,0,0
2007-12-04 11:00:00+00:00,30,12,11,,301.73699951171875,0,0,0,0,0,0,0,0,0,0,0,0,0,0,0,0,0,0,0,0,0,0,0,0,0
2007-12-04 11:00:00+00:00,30,12,11,237.4765167236328,231.0820770263672,0,0,0,0,0,0,0,0,0,0,0,0,0,0,1,1,1,0,0,0,0,0,0,0,0
2007-12-04 11:00:00+00:00,30,12,11,397.97222900390625,401.9862976074219,0,0,0,0,0,0,0,0,0,0,0,0,0,0,0,0,0,0,0,0,0,0,0,0,0
2007-12-04 11:00:00+00:00,30,12,11,366.96575927734375,206.1912841796875,0,0,0,0,0,0,0,0,0,0,0,0,0,0,0,0,0,0,0,0,0,0,0,0,0
2007-12-04 11:00:00+00:00,30,12,11,,376.51202392578125,0,0,0,0,0,0,0,0,0,0,0,0,0,0,0,0,0,0,0,0,0,0,0,0,0
2007-12-04 11:00:00+00:00,30,12,11,,0.0,0,0,0,0,0,0,0,0,0,0,0,0,0,0,0,0,0,1,1,1,1,1,1,1,1
2007-12-04 11:15:00+00:00,30,12,11,,183.08531188964844,0,0,0,0,0,0,0,0,0,0,0,0,0,0,0,0,0,0,0,0,0,0,0,0,0
2007-12-04 11:15:00+00:00,30,12,11,,504.2886047363281,0,0,0,0,0,0,0,0,0,0,0,0,0,0,0,0,0,0,0,0,0,0,0,0,0
2007-12-04 11:15:00+00:00,30,12,11,303.9518127441406,379.81304931640625,0,0,0,0,0,0,0,0,0,0,0,0,0,0,0,0,1,0,0,0,0,0,0,0,0
2007-12-04 11:15:00+00:00,30,12,11,,437.0103759765625,0,0,0,0,0,0,0,0,0,0,0,0,0,0,0,0,0,0,0,0,0,0,0,0,0
2007-12-04 11:15:00+00:00,30,12,11,327.5979919433594,314.8406677246094,0,0,0,0,0,0,0,0,0,0,0,0,0,0,0,0,1,0,0,0,0,0,0,0,0
2007-12-04 11:15:00+00:00,30,12,11,149.7693328857422,152.5635223388672,0,0,0,0,0,0,0,0,0,0,0,1,1,1,1,1,1,0,0,0,0,0,0,0,0
2007-12-04 11:15:00+00:00,30,12,11,394.3161315917969,257.56170654296875,0,0,0,0,0,0,0,0,0,0,0,0,0,0,0,0,0,0,0,0,0,0,0,0,0
2007-12-04 11:15:00+00:00,30,12,11,215.90476989746094,226.33753967285156,0,0,0,0,0,0,0,0,0,0,0,0,0,0,1,1,1,0,0,0,0,0,0,0,0
2007-12-04 11:15:00+00:00,30,12,11,323.28887939453125,248.12623596191406,0,0,0,0,0,0,0,0,0,0,0,0,0,0,0,0,1,0,0,0,0,0,0,0,0
2007-12-04 11:15:00+00:00,30,12,11,282.90155029296875,295.4109802246094,0,0,0,0,0,0,0,0,0,0,0,0,0,0,0,1,1,0,0,0,0,0,0,0,0
2007-12-04 11:15:00+00:00,30,12,11,166.34193420410156,149.453857421875,0,0,0,0,0,0,0,0,0,0,0,0,1,1,1,1,1,0,0,0,0,0,0,0,0
2007-12-04 11:15:00+00:00,30,12,11,74.4083023071289,64.36052703857422,0,0,0,0,0,0,0,0,1,1,1,1,1,1,1,1,1,0,0,0,0,0,0,0,0
2007-12-04 11:15:00+00:00,30,12,11,,241.2675018310547,0,0,0,0,0,0,0,0,0,0,0,0,0,0,0,0,0,0,0,0,0,0,0,0,0
2007-12-04 11:15:00+00:00,30,12,11,,,0,0,0,0,0,0,0,0,0,0,0,0,0,0,0,0,0,0,0,0,0,0,0,0,0
2007-12-04 11:15:00+00:00,30,12,11,138.83924865722656,131.9063720703125,0,0,0,0,0,0,0,0,0,0,0,1,1,1,1,1,1,0,0,0,0,0,0,0,0
2007-12-04 11:15:00+00:00,30,12,11,267.0106506347656,240.85565185546875,0,0,0,0,0,0,0,0,0,0,0,0,0,0,0,1,1,0,0,0,0,0,0,0,0
2007-12-04 11:15:00+00:00,30,12,11,376.3481750488281,367.9820251464844,0,0,0,0,0,0,0,0,0,0,0,0,0,0,0,0,0,0,0,0,0,0,0,0,0
2007-12-04 11:15:00+00:00,30,12,11,262.18988037109375,260.4239807128906,0,0,0,0,0,0,0,0,0,0,0,0,0,0,0,1,1,0,0,0,0,0,0,0,0
2007-12-04 11:15:00+00:00,30,12,11,,,0,0,0,0,0,0,0,0,0,0,0,0,0,0,0,0,0,0,0,0,0,0,0,0,0
2007-12-04 11:15:00+00:00,30,12,11,273.2565612792969,235.49301147460938,0,0,0,0,0,0,0,0,0,0,0,0,0,0,0,1,1,0,0,0,0,0,0,0,0
2007-12-04 11:15:00+00:00,30,12,11,168.9458770751953,202.04286193847656,0,0,0,0,0,0,0,0,0,0,0,0,1,1,1,1,1,0,0,0,0,0,0,0,0
2007-12-04 11:30:00+00:00,30,12,11,,,0,0,0,0,0,0,0,0,0,0,0,0,0,0,0,0,0,0,0,0,0,0,0,0,0
2007-12-04 11:30:00+00:00,30,12,11,,,0,0,0,0,0,0,0,0,0,0,0,0,0,0,0,0,0,0,0,0,0,0,0,0,0
2007-12-04 11:30:00+00:00,30,12,11,,222.56863403320312,0,0,0,0,0,0,0,0,0,0,0,0,0,0,0,0,0,0,0,0,0,0,0,0,0
2007-12-04 11:30:00+00:00,30,12,11,,101.85914611816406,0,0,0,0,0,0,0,0,0,0,0,0,0,0,0,0,0,0,0,0,0,0,0,0,0
2007-12-04 11:30:00+00:00,30,12,11,,411.72503662109375,0,0,0,0,0,0,0,0,0,0,0,0,0,0,0,0,0,0,0,0,0,0,0,0,0
2007-12-04 11:30:00+00:00,30,12,11,,158.84085083007812,0,0,0,0,0,0,0,0,0,0,0,0,0,0,0,0,0,0,0,0,0,0,0,0,0
2007-12-04 11:30:00+00:00,30,12,11,,133.06015014648438,0,0,0,0,0,0,0,0,0,0,0,0,0,0,0,0,0,0,0,0,0,0,0,0,0
2007-12-04 11:30:00+00:00,30,12,11,,,0,0,0,0,0,0,0,0,0,0,0,0,0,0,0,0,0,0,0,0,0,0,0,0,0
2007-12-04 11:30:00+00:00,30,12,11,82.83279418945312,86.00525665283203,0,0,0,0,0,0,0,0,0,1,1,1,1,1,1,1,1,0,0,0,0,0,0,0,0
2007-12-04 11:30:00+00:00,30,12,11,,272.3251953125,0,0,0,0,0,0,0,0,0,0,0,0,0,0,0,0,0,0,0,0,0,0,0,0,0
2007-12-04 11:30:00+00:00,30,12,11,236.0399169921875,235.96026611328125,0,0,0,0,0,0,0,0,0,0,0,0,0,0,1,1,1,0,0,0,0,0,0,0,0
2007-12-04 11:30:00+00:00,30,12,11,174.48800659179688,157.5057830810547,0,0,0,0,0,0,0,0,0,0,0,0,1,1,1,1,1,0,0,0,0,0,0,0,0
2007-12-04 11:30:00+00:00,30,12,11,209.98268127441406,209.98268127441406,0,0,0,0,0,0,0,0,0,0,0,0,0,0,1,1,1,0,0,0,0,0,0,0,0
2007-12-04 11:30:00+00:00,30,12,11,211.37033081054688,193.09555053710938,0,0,0,0,0,0,0,0,0,0,0,0,0,0,1,1,1,0,0,0,0,0,0,0,0
2007-12-04 11:30:00+00:00,30,12,11,262.149658203125,258.18017578125,0,0,0,0,0,0,0,0,0,0,0,0,0,0,0,1,1,0,0,0,0,0,0,0,0
2007-12-04 11:30:00+00:00,30,12,11,86.5070571899414,62.38174819946289,0,0,0,0,0,0,0,0,0,1,1,1,1,1,1,1,1,0,0,0,0,0,0,0,0
2007-12-04 11:30:00+00:00,30,12,11,336.1407470703125,332.5884704589844,0,0,0,0,0,0,0,0,0,0,0,0,0,0,0,0,1,0,0,0,0,0,0,0,0
2007-12-04 11:30:00+00:00,30,12,11,165.28709411621094,161.7779998779297,0,0,0,0,0,0,0,0,0,0,0,0,1,1,1,1,1,0,0,0,0,0,0,0,0
2007-12-04 11:30:00+00:00,30,12,11,71.78462219238281,57.410037994384766,0,0,0,0,0,0,0,0,1,1,1,1,1,1,1,1,1,0,0,0,0,0,0,0,1
2007-12-04 11:30:00+00:00,30,12,11,435.3241882324219,321.4263000488281,0,0,0,0,0,0,0,0,0,0,0,0,0,0,0,0,0,0,0,0,0,0,0,0,0
2007-12-04 11:30:00+00:00,30,12,11,200.77236938476562,198.6170654296875,0,0,0,0,0,0,0,0,0,0,0,0,0,0,1,1,1,0,0,0,0,0,0,0,0
2007-12-04 11:30:00+00:00,30,12,11,107.55335998535156,105.93224334716797,0,0,0,0,0,0,0,0,0,0,1,1,1,1,1,1,1,0,0,0,0,0,0,0,0
2007-12-04 11:30:00+00:00,30,12,11,364.03118896484375,322.71490478515625,0,0,0,0,0,0,0,0,0,0,0,0,0,0,0,0,0,0,0,0,0,0,0,0,0
2007-12-04 11:30:00+00:00,30,12,11,177.1094970703125,192.38084411621094,0,0,0,0,0,0,0,0,0,0,0,0,1,1,1,1,1,0,0,0,0,0,0,0,0
2007-12-04 11:30:00+00:00,30,12,11,,,0,0,0,0,0,0,0,0,0,0,0,0,0,0,0,0,0,0,0,0,0,0,0,0,0
2007-12-04 11:45:00+00:00,30,12,11,,,0,0,0,0,0,0,0,0,0,0,0,0,0,0,0,0,0,0,0,0,0,0,0,0,0
2007-12-04 11:45:00+00:00,30,12,11,418.2185974121094,,0,0,0,0,0,0,0,0,0,0,0,0,0,0,0,0,0,0,0,0,0,0,0,0,0
2007-12-04 11:45:00+00:00,30,12,11,386.0194091796875,,0,0,0,0,0,0,0,0,0,0,0,0,0,0,0,0,0,0,0,0,0,0,0,0,0
2007-12-04 11:45:00+00:00,30,12,11,126.10926055908203,,0,0,0,0,0,0,0,0,0,0,0,1,1,1,1,1,1,0,0,0,0,0,0,0,0
2007-12-04 11:45:00+00:00,30,12,11,289.23980712890625,284.96624755859375,0,0,0,0,0,0,0,0,0,0,0,0,0,0,0,1,1,0,0,0,0,0,0,0,0
2007-12-04 11:45:00+00:00,30,12,11,133.99420166015625,124.2116470336914,0,0,0,0,0,0,0,0,0,0,0,1,1,1,1,1,1,0,0,0,0,0,0,0,0
2007-12-04 11:45:00+00:00,30,12,11,122.71710205078125,130.1066131591797,0,0,0,0,0,0,0,0,0,0,0,1,1,1,1,1,1,0,0,0,0,0,0,0,0
2007-12-04 11:45:00+00:00,30,12,11,,,0,0,0,0,0,0,0,0,0,0,0,0,0,0,0,0,0,0,0,0,0,0,0,0,0
2007-12-04 11:45:00+00:00,30,12,11,90.68486022949219,79.1434555053711,0,0,0,0,0,0,0,0,0,1,1,1,1,1,1,1,1,0,0,0,0,0,0,0,0
2007-12-04 11:45:00+00:00,30,12,11,191.2484588623047,134.27407836914062,0,0,0,0,0,0,0,0,0,0,0,0,0,1,1,1,1,0,0,0,0,0,0,0,0
2007-12-04 11:45:00+00:00,30,12,11,98.00047302246094,78.0302734375,0,0,0,0,0,0,0,0,0,1,1,1,1,1,1,1,1,0,0,0,0,0,0,0,0
2007-12-04 11:45:00+00:00,30,12,11,68.73896789550781,69.10234069824219,0,0,0,0,0,0,0,0,1,1,1,1,1,1,1,1,1,0,0,0,0,0,0,0,0
2007-12-04 11:45:00+00:00,30,12,11,232.9483642578125,86.9032974243164,0,0,0,0,0,0,0,0,0,0,0,0,0,0,1,1,1,0,0,0,0,0,0,0,0
2007-12-04 11:45:00+00:00,30,12,11,322.7005615234375,100.81854248046875,0,0,0,0,0,0,0,0,0,0,0,0,0,0,0,0,1,0,0,0,0,0,0,0,0
2007-12-04 11:45:00+00:00,30,12,11,483.4433288574219,60.41010665893555,0,0,0,0,0,0,0,0,0,0,0,0,0,0,0,0,0,0,0,0,0,0,0,0,0
2007-12-04 11:45:00+00:00,30,12,11,100.0593032836914,94.10749053955078,0,0,0,0,0,0,0,0,0,0,1,1,1,1,1,1,1,0,0,0,0,0,0,0,0
2007-12-04 11:45:00+00:00,30,12,11,210.31536865234375,3.0011396408081055,0,0,0,0,0,0,0,0,0,0,0,0,0,0,1,1,1,1,1,1,1,1,1,1,1
2007-12-04 12:00:00+00:00,30,12,12,,,0,0,0,0,0,0,0,0,0,0,0,0,0,0,0,0,0,0,0,0,0,0,0,0,0
2007-12-04 12:00:00+00:00,30,12,12,453.40655517578125,376.40087890625,0,0,0,0,0,0,0,0,0,0,0,0,0,0,0,0,0,0,0,0,0,0,0,0,0
2007-12-04 12:00:00+00:00,30,12,12,93.7673568725586,150.6073455810547,0,0,0,0,0,0,0,0,0,1,1,1,1,1,1,1,1,0,0,0,0,0,0,0,0
2007-12-04 12:00:00+00:00,30,12,12,301.0707702636719,287.5532531738281,0,0,0,0,0,0,0,0,0,0,0,0,0,0,0,0,1,0,0,0,0,0,0,0,0
2007-12-04 12:00:00+00:00,30,12,12,143.6283416748047,108.95185089111328,0,0,0,0,0,0,0,0,0,0,0,1,1,1,1,1,1,0,0,0,0,0,0,0,0
2007-12-04 12:00:00+00:00,30,12,12,234.0537872314453,248.29197692871094,0,0,0,0,0,0,0,0,0,0,0,0,0,0,1,1,1,0,0,0,0,0,0,0,0
2007-12-04 12:00:00+00:00,30,12,12,160.14752197265625,163.77645874023438,0,0,0,0,0,0,0,0,0,0,0,0,1,1,1,1,1,0,0,0,0,0,0,0,0
2007-12-04 12:00:00+00:00,30,12,12,294.9431457519531,299.1890563964844,0,0,0,0,0,0,0,0,0,0,0,0,0,0,0,1,1,0,0,0,0,0,0,0,0
2007-12-04 12:00:00+00:00,30,12,12,121.93254852294922,393.85107421875,0,0,0,0,0,0,0,0,0,0,0,1,1,1,1,1,1,0,0,0,0,0,0,0,0
2007-12-04 12:00:00+00:00,30,12,12,,,0,0,0,0,0,0,0,0,0,0,0,0,0,0,0,0,0,0,0,0,0,0,0,0,0
2007-12-04 12:00:00+00:00,30,12,12,192.12820434570312,317.30377197265625,0,0,0,0,0,0,0,0,0,0,0,0,0,1,1,1,1,0,0,0,0,0,0,0,0
2007-12-04 12:00:00+00:00,30,12,12,325.30694580078125,102.9527359008789,0,0,0,0,0,0,0,0,0,0,0,0,0,0,0,0,1,0,0,0,0,0,0,0,0
2007-12-04 12:00:00+00:00,30,12,12,203.07810974121094,140.11550903320312,0,0,0,0,0,0,0,0,0,0,0,0,0,0,1,1,1,0,0,0,0,0,0,0,0
2007-12-04 12:15:00+00:00,30,12,12,,400.5361022949219,0,0,0,0,0,0,0,0,0,0,0,0,0,0,0,0,0,0,0,0,0,0,0,0,0
2007-12-04 12:15:00+00:00,30,12,12,,272.59893798828125,0,0,0,0,0,0,0,0,0,0,0,0,0,0,0,0,0,0,0,0,0,0,0,0,0
2007-12-04 12:15:00+00:00,30,12,12,,329.68096923828125,0,0,0,0,0,0,0,0,0,0,0,0,0,0,0,0,0,0,0,0,0,0,0,0,0
2007-12-04 12:15:00+00:00,30,12,12,49.00389862060547,66.9198226928711,0,0,0,0,0,0,1,1,1,1,1,1,1,1,1,1,1,0,0,0,0,0,0,0,0
2007-12-04 12:15:00+00:00,30,12,12,130.8340606689453,113.966064453125,0,0,0,0,0,0,0,0,0,0,0,1,1,1,1,1,1,0,0,0,0,0,0,0,0
2007-12-04 12:15:00+00:00,30,12,12,383.4958801269531,362.40850830078125,0,0,0,0,0,0,0,0,0,0,0,0,0,0,0,0,0,0,0,0,0,0,0,0,0
2007-12-04 12:15:00+00:00,30,12,12,87.09717559814453,,0,0,0,0,0,0,0,0,0,1,1,1,1,1,1,1,1,0,0,0,0,0,0,0,0
2007-12-04 12:15:00+00:00,30,12,12,,,0,0,0,0,0,0,0,0,0,0,0,0,0,0,0,0,0,0,0,0,0,0,0,0,0
2007-12-04 12:15:00+00:00,30,12,12,,348.1830749511719,0,0,0,0,0,0,0,0,0,0,0,0,0,0,0,0,0,0,0,0,0,0,0,0,0
2007-12-04 12:15:00+00:00,30,12,12,102.0677490234375,267.4501037597656,0,0,0,0,0,0,0,0,0,0,1,1,1,1,1,1,1,0,0,0,0,0,0,0,0
2007-12-04 12:15:00+00:00,30,12,12,,,0,0,0,0,0,0,0,0,0,0,0,0,0,0,0,0,0,0,0,0,0,0,0,0,0
2007-12-04 12:15:00+00:00,30,12,12,,,0,0,0,0,0,0,0,0,0,0,0,0,0,0,0,0,0,0,0,0,0,0,0,0,0
2007-12-04 12:15:00+00:00,30,12,12,,,0,0,0,0,0,0,0,0,0,0,0,0,0,0,0,0,0,0,0,0,0,0,0,0,0
2007-12-04 12:15:00+00:00,30,12,12,110.95169067382812,126.18038940429688,0,0,0,0,0,0,0,0,0,0,1,1,1,1,1,1,1,0,0,0,0,0,0,0,0
2007-12-04 12:30:00+00:00,30,12,12,,100.26935577392578,0,0,0,0,0,0,0,0,0,0,0,0,0,0,0,0,0,0,0,0,0,0,0,0,0
2007-12-04 12:30:00+00:00,30,12,12,132.16500854492188,130.21669006347656,0,0,0,0,0,0,0,0,0,0,0,1,1,1,1,1,1,0,0,0,0,0,0,0,0
2007-12-04 12:30:00+00:00,30,12,12,203.1014404296875,194.0465850830078,0,0,0,0,0,0,0,0,0,0,0,0,0,0,1,1,1,0,0,0,0,0,0,0,0
2007-12-04 12:30:00+00:00,30,12,12,186.02490234375,91.4792709350586,0,0,0,0,0,0,0,0,0,0,0,0,0,1,1,1,1,0,0,0,0,0,0,0,0
2007-12-04 12:30:00+00:00,30,12,12,307.4839172363281,318.7420959472656,0,0,0,0,0,0,0,0,0,0,0,0,0,0,0,0,1,0,0,0,0,0,0,0,0
2007-12-04 12:30:00+00:00,30,12,12,,,0,0,0,0,0,0,0,0,0,0,0,0,0,0,0,0,0,0,0,0,0,0,0,0,0
2007-12-04 12:30:00+00:00,30,12,12,284.3576354980469,294.7929992675781,0,0,0,0,0,0,0,0,0,0,0,0,0,0,0,1,1,0,0,0,0,0,0,0,0
2007-12-04 12:30:00+00:00,30,12,12,83.31053161621094,62.40713119506836,0,0,0,0,0,0,0,0,0,1,1,1,1,1,1,1,1,0,0,0,0,0,0,0,0
2007-12-04 12:30:00+00:00,30,12,12,121.95820617675781,124.15960693359375,0,0,0,0,0,0,0,0,0,0,0,1,1,1,1,1,1,0,0,0,0,0,0,0,0
2007-12-04 12:30:00+00:00,30,12,12,97.53263092041016,90.6552734375,0,0,0,0,0,0,0,0,0,1,1,1,1,1,1,1,1,0,0,0,0,0,0,0,0
2007-12-04 12:30:00+00:00,30,12,12,,,0,0,0,0,0,0,0,0,0,0,0,0,0,0,0,0,0,0,0,0,0,0,0,0,0
2007-12-04 12:30:00+00:00,30,12,12,183.41848754882812,192.64576721191406,0,0,0,0,0,0,0,0,0,0,0,0,0,1,1,1,1,0,0,0,0,0,0,0,0
2007-12-04 12:30:00+00:00,30,12,12,177.3092041015625,162.1980743408203,0,0,0,0,0,0,0,0,0,0,0,0,1,1,1,1,1,0,0,0,0,0,0,0,0
2007-12-04 12:45:00+00:00,30,12,12,,,0,0,0,0,0,0,0,0,0,0,0,0,0,0,0,0,0,0,0,0,0,0,0,0,0
2007-12-04 12:45:00+00:00,30,12,12,87.11805725097656,99.7975845336914,0,0,0,0,0,0,0,0,0,1,1,1,1,1,1,1,1,0,0,0,0,0,0,0,0
2007-12-04 12:45:00+00:00,30,12,12,166.18484497070312,144.68992614746094,0,0,0,0,0,0,0,0,0,0,0,0,1,1,1,1,1,0,0,0,0,0,0,0,0
2007-12-04 12:45:00+00:00,30,12,12,179.51541137695312,175.5181427001953,0,0,0,0,0,0,0,0,0,0,0,0,1,1,1,1,1,0,0,0,0,0,0,0,0
2007-12-04 12:45:00+00:00,30,12,12,334.5479431152344,335.34478759765625,0,0,0,0,0,0,0,0,0,0,0,0,0,0,0,0,1,0,0,0,0,0,0,0,0
2007-12-04 12:45:00+00:00,30,12,12,235.29348754882812,280.3752136230469,0,0,0,0,0,0,0,0,0,0,0,0,0,0,1,1,1,0,0,0,0,0,0,0,0
2007-12-04 12:45:00+00:00,30,12,12,184.1990966796875,209.9383544921875,0,0,0,0,0,0,0,0,0,0,0,0,0,1,1,1,1,0,0,0,0,0,0,0,0
2007-12-04 12:45:00+00:00,30,12,12,137.49366760253906,66.63822937011719,0,0,0,0,0,0,0,0,0,0,0,1,1,1,1,1,1,0,0,0,0,0,0,0,0
2007-12-04 12:45:00+00:00,30,12,12,198.735595703125,304.27667236328125,0,0,0,0,0,0,0,0,0,0,0,0,0,1,1,1,1,0,0,0,0,0,0,0,0
2007-12-04 12:45:00+00:00,30,12,12,,,0,0,0,0,0,0,0,0,0,0,0,0,0,0,0,0,0,0,0,0,0,0,0,0,0
2007-12-04 12:45:00+00:00,30,12,12,,,0,0,0,0,0,0,0,0,0,0,0,0,0,0,0,0,0,0,0,0,0,0,0,0,0
2007-12-04 12:45:00+00:00,30,12,12,170.4027099609375,103.74681091308594,0,0,0,0,0,0,0,0,0,0,0,0,1,1,1,1,1,0,0,0,0,0,0,0,0
2007-12-04 12:45:00+00:00,30,12,12,124.53633880615234,105.8354721069336,0,0,0,0,0,0,0,0,0,0,0,1,1,1,1,1,1,0,0,0,0,0,0,0,0
2007-12-04 12:45:00+00:00,30,12,12,70.80410766601562,18.457321166992188,0,0,0,0,0,0,0,0,1,1,1,1,1,1,1,1,1,0,0,1,1,1,1,1,1
2007-12-04 12:45:00+00:00,30,12,12,245.40414428710938,228.93739318847656,0,0,0,0,0,0,0,0,0,0,0,0,0,0,1,1,1,0,0,0,0,0,0,0,0
2007-12-04 12:45:00+00:00,30,12,12,,,0,0,0,0,0,0,0,0,0,0,0,0,0,0,0,0,0,0,0,0,0,0,0,0,0
2007-12-04 12:45:00+00:00,30,12,12,,,0,0,0,0,0,0,0,0,0,0,0,0,0,0,0,0,0,0,0,0,0,0,0,0,0
2007-12-04 13:00:00+00:00,30,12,13,,,0,0,0,0,0,0,0,0,0,0,0,0,0,0,0,0,0,0,0,0,0,0,0,0,0
2007-12-04 13:00:00+00:00,30,12,13,,,0,0,0,0,0,0,0,0,0,0,0,0,0,0,0,0,0,0,0,0,0,0,0,0,0
2007-12-04 13:00:00+00:00,30,12,13,62.01759338378906,74.39102935791016,0,0,0,0,0,0,0,0,1,1,1,1,1,1,1,1,1,0,0,0,0,0,0,0,0
2007-12-04 13:00:00+00:00,30,12,13,76.42575073242188,98.53340148925781,0,0,0,0,0,0,0,0,1,1,1,1,1,1,1,1,1,0,0,0,0,0,0,0,0
2007-12-04 13:00:00+00:00,30,12,13,133.41029357910156,149.53382873535156,0,0,0,0,0,0,0,0,0,0,0,1,1,1,1,1,1,0,0,0,0,0,0,0,0
2007-12-04 13:00:00+00:00,30,12,13,185.89251708984375,129.19606018066406,0,0,0,0,0,0,0,0,0,0,0,0,0,1,1,1,1,0,0,0,0,0,0,0,0
2007-12-04 13:00:00+00:00,30,12,13,92.03250122070312,80.72850036621094,0,0,0,0,0,0,0,0,0,1,1,1,1,1,1,1,1,0,0,0,0,0,0,0,0
2007-12-04 13:00:00+00:00,30,12,13,,,0,0,0,0,0,0,0,0,0,0,0,0,0,0,0,0,0,0,0,0,0,0,0,0,0
2007-12-04 13:00:00+00:00,30,12,13,,,0,0,0,0,0,0,0,0,0,0,0,0,0,0,0,0,0,0,0,0,0,0,0,0,0
2007-12-04 13:00:00+00:00,30,12,13,182.7704620361328,356.8944091796875,0,0,0,0,0,0,0,0,0,0,0,0,0,1,1,1,1,0,0,0,0,0,0,0,0
2007-12-04 13:00:00+00:00,30,12,13,55.940452575683594,62.72940444946289,0,0,0,0,0,0,0,1,1,1,1,1,1,1,1,1,1,0,0,0,0,0,0,0,0
2007-12-04 13:15:00+00:00,30,12,13,,,0,0,0,0,0,0,0,0,0,0,0,0,0,0,0,0,0,0,0,0,0,0,0,0,0
2007-12-04 13:15:00+00:00,30,12,13,227.83114624023438,236.13204956054688,0,0,0,0,0,0,0,0,0,0,0,0,0,0,1,1,1,0,0,0,0,0,0,0,0
2007-12-04 13:15:00+00:00,30,12,13,103.92337799072266,101.70208740234375,0,0,0,0,0,0,0,0,0,0,1,1,1,1,1,1,1,0,0,0,0,0,0,0,0
2007-12-04 13:15:00+00:00,30,12,13,49.22986602783203,121.0109634399414,0,0,0,0,0,0,1,1,1,1,1,1,1,1,1,1,1,0,0,0,0,0,0,0,0
2007-12-04 13:15:00+00:00,30,12,13,126.88299560546875,130.69265747070312,0,0,0,0,0,0,0,0,0,0,0,1,1,1,1,1,1,0,0,0,0,0,0,0,0
2007-12-04 13:15:00+00:00,30,12,13,99.0457534790039,103.51535034179688,0,0,0,0,0,0,0,0,0,1,1,1,1,1,1,1,1,0,0,0,0,0,0,0,0
2007-12-04 13:15:00+00:00,30,12,13,372.8805847167969,377.5959777832031,0,0,0,0,0,0,0,0,0,0,0,0,0,0,0,0,0,0,0,0,0,0,0,0,0
2007-12-04 13:15:00+00:00,30,12,13,214.05104064941406,329.6887512207031,0,0,0,0,0,0,0,0,0,0,0,0,0,0,1,1,1,0,0,0,0,0,0,0,0
2007-12-04 13:15:00+00:00,30,12,13,238.27499389648438,352.5030822753906,0,0,0,0,0,0,0,0,0,0,0,0,0,0,1,1,1,0,0,0,0,0,0,0,0
2007-12-04 13:15:00+00:00,30,12,13,377.3099365234375,260.98052978515625,0,0,0,0,0,0,0,0,0,0,0,0,0,0,0,0,0,0,0,0,0,0,0,0,0
2007-12-04 13:15:00+00:00,30,12,13,397.8371276855469,,0,0,0,0,0,0,0,0,0,0,0,0,0,0,0,0,0,0,0,0,0,0,0,0,0
2007-12-04 13:15:00+00:00,30,12,13,229.72976684570312,239.4007110595703,0,0,0,0,0,0,0,0,0,0,0,0,0,0,1,1,1,0,0,0,0,0,0,0,0
2007-12-04 13:15:00+00:00,30,12,13,293.4098815917969,,0,0,0,0,0,0,0,0,0,0,0,0,0,0,0,1,1,0,0,0,0,0,0,0,0
2007-12-04 13:15:00+00:00,30,12,13,143.97439575195312,121.22765350341797,0,0,0,0,0,0,0,0,0,0,0,1,1,1,1,1,1,0,0,0,0,0,0,0,0
2007-12-04 13:30:00+00:00,30,12,13,121.46378326416016,141.48577880859375,0,0,0,0,0,0,0,0,0,0,0,1,1,1,1,1,1,0,0,0,0,0,0,0,0
2007-12-04 13:30:00+00:00,30,12,13,142.64166259765625,425.0694885253906,0,0,0,0,0,0,0,0,0,0,0,1,1,1,1,1,1,0,0,0,0,0,0,0,0
2007-12-04 13:30:00+00:00,30,12,13,275.2950439453125,290.8326110839844,0,0,0,0,0,0,0,0,0,0,0,0,0,0,0,1,1,0,0,0,0,0,0,0,0
2007-12-04 13:30:00+00:00,30,12,13,319.78594970703125,324.7686767578125,0,0,0,0,0,0,0,0,0,0,0,0,0,0,0,0,1,0,0,0,0,0,0,0,0
2007-12-04 13:30:00+00:00,30,12,13,259.0672912597656,264.4135437011719,0,0,0,0,0,0,0,0,0,0,0,0,0,0,0,1,1,0,0,0,0,0,0,0,0
2007-12-04 13:30:00+00:00,30,12,13,115.33643341064453,119.00244140625,0,0,0,0,0,0,0,0,0,0,1,1,1,1,1,1,1,0,0,0,0,0,0,0,0
2007-12-04 13:30:00+00:00,30,12,13,248.26548767089844,65.5062026977539,0,0,0,0,0,0,0,0,0,0,0,0,0,0,1,1,1,0,0,0,0,0,0,0,0
2007-12-04 13:30:00+00:00,30,12,13,209.94668579101562,159.36927795410156,0,0,0,0,0,0,0,0,0,0,0,0,0,0,1,1,1,0,0,0,0,0,0,0,0
2007-12-04 13:30:00+00:00,30,12,13,472.31622314453125,277.8203430175781,0,0,0,0,0,0,0,0,0,0,0,0,0,0,0,0,0,0,0,0,0,0,0,0,0
2007-12-04 13:30:00+00:00,30,12,13,,,0,0,0,0,0,0,0,0,0,0,0,0,0,0,0,0,0,0,0,0,0,0,0,0,0
2007-12-04 13:30:00+00:00,30,12,13,231.61863708496094,229.21449279785156,0,0,0,0,0,0,0,0,0,0,0,0,0,0,1,1,1,0,0,0,0,0,0,0,0
2007-12-04 13:30:00+00:00,30,12,13,329.7923583984375,320.7625427246094,0,0,0,0,0,0,0,0,0,0,0,0,0,0,0,0,1,0,0,0,0,0,0,0,0
2007-12-04 13:30:00+00:00,30,12,13,,,0,0,0,0,0,0,0,0,0,0,0,0,0,0,0,0,0,0,0,0,0,0,0,0,0
2007-12-04 13:45:00+00:00,30,12,13,,,0,0,0,0,0,0,0,0,0,0,0,0,0,0,0,0,0,0,0,0,0,0,0,0,0
2007-12-04 13:45:00+00:00,30,12,13,109.01378631591797,,0,0,0,0,0,0,0,0,0,0,1,1,1,1,1,1,1,0,0,0,0,0,0,0,0
2007-12-04 13:45:00+00:00,30,12,13,223.41696166992188,222.73045349121094,0,0,0,0,0,0,0,0,0,0,0,0,0,0,1,1,1,0,0,0,0,0,0,0,0
2007-12-04 13:45:00+00:00,30,12,13,63.69123840332031,85.92048645019531,0,0,0,0,0,0,0,0,1,1,1,1,1,1,1,1,1,0,0,0,0,0,0,0,0
2007-12-04 13:45:00+00:00,30,12,13,123.51049041748047,119.52556610107422,0,0,0,0,0,0,0,0,0,0,0,1,1,1,1,1,1,0,0,0,0,0,0,0,0
2007-12-04 13:45:00+00:00,30,12,13,348.7832946777344,,0,0,0,0,0,0,0,0,0,0,0,0,0,0,0,0,1,0,0,0,0,0,0,0,0
2007-12-04 13:45:00+00:00,30,12,13,372.2920227050781,,0,0,0,0,0,0,0,0,0,0,0,0,0,0,0,0,0,0,0,0,0,0,0,0,0
2007-12-04 13:45:00+00:00,30,12,13,,,0,0,0,0,0,0,0,0,0,0,0,0,0,0,0,0,0,0,0,0,0,0,0,0,0
2007-12-04 13:45:00+00:00,30,12,13,,,0,0,0,0,0,0,0,0,0,0,0,0,0,0,0,0,0,0,0,0,0,0,0,0,0
2007-12-04 13:45:00+00:00,30,12,13,,,0,0,0,0,0,0,0,0,0,0,0,0,0,0,0,0,0,0,0,0,0,0,0,0,0
2007-12-04 13:45:00+00:00,30,12,13,338.5735778808594,337.0390625,0,0,0,0,0,0,0,0,0,0,0,0,0,0,0,0,1,0,0,0,0,0,0,0,0
2007-12-04 13:45:00+00:00,30,12,13,,248.33470153808594,0,0,0,0,0,0,0,0,0,0,0,0,0,0,0,0,0,0,0,0,0,0,0,0,0
2007-12-04 13:45:00+00:00,30,12,13,,360.3477478027344,0,0,0,0,0,0,0,0,0,0,0,0,0,0,0,0,0,0,0,0,0,0,0,0,0
2007-12-04 13:45:00+00:00,30,12,13,421.02850341796875,213.58033752441406,0,0,0,0,0,0,0,0,0,0,0,0,0,0,0,0,0,0,0,0,0,0,0,0,0
2007-12-04 13:45:00+00:00,30,12,13,,,0,0,0,0,0,0,0,0,0,0,0,0,0,0,0,0,0,0,0,0,0,0,0,0,0
2007-12-04 13:45:00+00:00,30,12,13,,,0,0,0,0,0,0,0,0,0,0,0,0,0,0,0,0,0,0,0,0,0,0,0,0,0
2007-12-04 13:45:00+00:00,30,12,13,,,0,0,0,0,0,0,0,0,0,0,0,0,0,0,0,0,0,0,0,0,0,0,0,0,0
2007-12-04 14:00:00+00:00,30,12,14,,,0,0,0,0,0,0,0,0,0,0,0,0,0,0,0,0,0,0,0,0,0,0,0,0,0
2007-12-04 14:00:00+00:00,30,12,14,292.8811340332031,264.07135009765625,0,0,0,0,0,0,0,0,0,0,0,0,0,0,0,1,1,0,0,0,0,0,0,0,0
2007-12-04 14:00:00+00:00,30,12,14,249.2506103515625,257.3578796386719,0,0,0,0,0,0,0,0,0,0,0,0,0,0,1,1,1,0,0,0,0,0,0,0,0
2007-12-04 14:00:00+00:00,30,12,14,327.9862976074219,236.33905029296875,0,0,0,0,0,0,0,0,0,0,0,0,0,0,0,0,1,0,0,0,0,0,0,0,0
2007-12-04 14:00:00+00:00,30,12,14,293.5377502441406,300.162353515625,0,0,0,0,0,0,0,0,0,0,0,0,0,0,0,1,1,0,0,0,0,0,0,0,0
2007-12-04 14:00:00+00:00,30,12,14,343.9395751953125,338.7389831542969,0,0,0,0,0,0,0,0,0,0,0,0,0,0,0,0,1,0,0,0,0,0,0,0,0
2007-12-04 14:00:00+00:00,30,12,14,388.42401123046875,175.1641387939453,0,0,0,0,0,0,0,0,0,0,0,0,0,0,0,0,0,0,0,0,0,0,0,0,0
2007-12-04 14:00:00+00:00,30,12,14,,,0,0,0,0,0,0,0,0,0,0,0,0,0,0,0,0,0,0,0,0,0,0,0,0,0
2007-12-04 14:15:00+00:00,30,12,14,229.87850952148438,197.25637817382812,0,0,0,0,0,0,0,0,0,0,0,0,0,0,1,1,1,0,0,0,0,0,0,0,0
2007-12-04 14:15:00+00:00,30,12,14,110.59100341796875,115.98868560791016,0,0,0,0,0,0,0,0,0,0,1,1,1,1,1,1,1,0,0,0,0,0,0,0,0
2007-12-04 14:15:00+00:00,30,12,14,39.62459182739258,27.7508602142334,0,0,0,0,0,1,1,1,1,1,1,1,1,1,1,1,1,0,0,0,0,1,1,1,1
2007-12-04 14:15:00+00:00,30,12,14,122.96436309814453,114.62919616699219,0,0,0,0,0,0,0,0,0,0,0,1,1,1,1,1,1,0,0,0,0,0,0,0,0
2007-12-04 14:15:00+00:00,30,12,14,312.1646728515625,292.1778259277344,0,0,0,0,0,0,0,0,0,0,0,0,0,0,0,0,1,0,0,0,0,0,0,0,0
2007-12-04 14:15:00+00:00,30,12,14,385.41900634765625,247.22967529296875,0,0,0,0,0,0,0,0,0,0,0,0,0,0,0,0,0,0,0,0,0,0,0,0,0
2007-12-04 14:15:00+00:00,30,12,14,224.10186767578125,234.35101318359375,0,0,0,0,0,0,0,0,0,0,0,0,0,0,1,1,1,0,0,0,0,0,0,0,0
2007-12-04 14:15:00+00:00,30,12,14,134.7073211669922,87.23558807373047,0,0,0,0,0,0,0,0,0,0,0,1,1,1,1,1,1,0,0,0,0,0,0,0,0
2007-12-04 14:15:00+00:00,30,12,14,,365.6108703613281,0,0,0,0,0,0,0,0,0,0,0,0,0,0,0,0,0,0,0,0,0,0,0,0,0
2007-12-04 14:15:00+00:00,30,12,14,378.89581298828125,390.1420593261719,0,0,0,0,0,0,0,0,0,0,0,0,0,0,0,0,0,0,0,0,0,0,0,0,0
2007-12-04 14:15:00+00:00,30,12,14,,,0,0,0,0,0,0,0,0,0,0,0,0,0,0,0,0,0,0,0,0,0,0,0,0,0
2007-12-04 14:15:00+00:00,30,12,14,321.392333984375,258.1781921386719,0,0,0,0,0,0,0,0,0,0,0,0,0,0,0,0,1,0,0,0,0,0,0,0,0
2007-12-04 14:15:00+00:00,30,12,14,,124.79042053222656,0,0,0,0,0,0,0,0,0,0,0,0,0,0,0,0,0,0,0,0,0,0,0,0,0
2007-12-04 14:15:00+00:00,30,12,14,261.7637939453125,157.32518005371094,0,0,0,0,0,0,0,0,0,0,0,0,0,0,0,1,1,0,0,0,0,0,0,0,0
2007-12-04 14:15:00+00:00,30,12,14,194.4264373779297,90.61262512207031,0,0,0,0,0,0,0,0,0,0,0,0,0,1,1,1,1,0,0,0,0,0,0,0,0
2007-12-04 14:15:00+00:00,30,12,14,438.1762390136719,0.0,0,0,0,0,0,0,0,0,0,0,0,0,0,0,0,0,0,1,1,1,1,1,1,1,1
2007-12-04 14:15:00+00:00,30,12,14,148.7423095703125,45.32871627807617,0,0,0,0,0,0,0,0,0,0,0,1,1,1,1,1,1,0,0,0,0,0,0,1,1
2007-12-04 14:15:00+00:00,30,12,14,76.84519958496094,48.446041107177734,0,0,0,0,0,0,0,0,1,1,1,1,1,1,1,1,1,0,0,0,0,0,0,1,1
2007-12-04 14:15:00+00:00,30,12,14,,,0,0,0,0,0,0,0,0,0,0,0,0,0,0,0,0,0,0,0,0,0,0,0,0,0
2007-12-04 14:30:00+00:00,30,12,14,238.40875244140625,228.20297241210938,0,0,0,0,0,0,0,0,0,0,0,0,0,0,1,1,1,0,0,0,0,0,0,0,0
2007-12-04 14:30:00+00:00,30,12,14,335.4135437011719,226.6842041015625,0,0,0,0,0,0,0,0,0,0,0,0,0,0,0,0,1,0,0,0,0,0,0,0,0
2007-12-04 14:30:00+00:00,30,12,14,88.58007049560547,154.48680114746094,0,0,0,0,0,0,0,0,0,1,1,1,1,1,1,1,1,0,0,0,0,0,0,0,0
2007-12-04 14:30:00+00:00,30,12,14,280.6056823730469,204.39169311523438,0,0,0,0,0,0,0,0,0,0,0,0,0,0,0,1,1,0,0,0,0,0,0,0,0
2007-12-04 14:30:00+00:00,30,12,14,391.15496826171875,411.6557922363281,0,0,0,0,0,0,0,0,0,0,0,0,0,0,0,0,0,0,0,0,0,0,0,0,0
2007-12-04 14:30:00+00:00,30,12,14,324.8994445800781,312.8982849121094,0,0,0,0,0,0,0,0,0,0,0,0,0,0,0,0,1,0,0,0,0,0,0,0,0
2007-12-04 14:30:00+00:00,30,12,14,98.46488189697266,0.0,0,0,0,0,0,0,0,0,0,1,1,1,1,1,1,1,1,1,1,1,1,1,1,1,1
2007-12-04 14:30:00+00:00,30,12,14,261.4554748535156,249.47975158691406,0,0,0,0,0,0,0,0,0,0,0,0,0,0,0,1,1,0,0,0,0,0,0,0,0
2007-12-04 14:30:00+00:00,30,12,14,,,0,0,0,0,0,0,0,0,0,0,0,0,0,0,0,0,0,0,0,0,0,0,0,0,0
2007-12-04 14:30:00+00:00,30,12,14,,155.1876983642578,0,0,0,0,0,0,0,0,0,0,0,0,0,0,0,0,0,0,0,0,0,0,0,0,0
2007-12-04 14:30:00+00:00,30,12,14,185.06478881835938,79.92335510253906,0,0,0,0,0,0,0,0,0,0,0,0,0,1,1,1,1,0,0,0,0,0,0,0,0
2007-12-04 14:30:00+00:00,30,12,14,156.55279541015625,27.7247314453125,0,0,0,0,0,0,0,0,0,0,0,0,1,1,1,1,1,0,0,0,0,1,1,1,1
2007-12-04 14:30:00+00:00,30,12,14,67.15216064453125,55.43492126464844,0,0,0,0,0,0,0,0,1,1,1,1,1,1,1,1,1,0,0,0,0,0,0,0,1
2007-12-04 14:45:00+00:00,30,12,14,273.8435974121094,182.33621215820312,0,0,0,0,0,0,0,0,0,0,0,0,0,0,0,1,1,0,0,0,0,0,0,0,0
2007-12-04 14:45:00+00:00,30,12,14,151.84207153320312,139.8075408935547,0,0,0,0,0,0,0,0,0,0,0,0,1,1,1,1,1,0,0,0,0,0,0,0,0
2007-12-04 14:45:00+00:00,30,12,14,81.48668670654297,57.1358642578125,0,0,0,0,0,0,0,0,0,1,1,1,1,1,1,1,1,0,0,0,0,0,0,0,1
2007-12-04 14:45:00+00:00,30,12,14,54.28606414794922,11.899290084838867,0,0,0,0,0,0,0,1,1,1,1,1,1,1,1,1,1,0,1,1,1,1,1,1,1
2007-12-04 14:45:00+00:00,30,12,14,52.244651794433594,38.610748291015625,0,0,0,0,0,0,0,1,1,1,1,1,1,1,1,1,1,0,0,0,0,0,1,1,1
2007-12-04 15:00:00+00:00,30,12,15,254.9762725830078,105.24433135986328,0,0,0,0,0,0,0,0,0,0,0,0,0,0,0,1,1,0,0,0,0,0,0,0,0
2007-12-04 15:00:00+00:00,30,12,15,270.7858581542969,182.23886108398438,0,0,0,0,0,0,0,0,0,0,0,0,0,0,0,1,1,0,0,0,0,0,0,0,0
2007-12-04 15:00:00+00:00,30,12,15,161.0125732421875,125.46031951904297,0,0,0,0,0,0,0,0,0,0,0,0,1,1,1,1,1,0,0,0,0,0,0,0,0
2007-12-04 15:00:00+00:00,30,12,15,,186.94485473632812,0,0,0,0,0,0,0,0,0,0,0,0,0,0,0,0,0,0,0,0,0,0,0,0,0
2007-12-04 15:00:00+00:00,30,12,15,,,0,0,0,0,0,0,0,0,0,0,0,0,0,0,0,0,0,0,0,0,0,0,0,0,0
2007-12-04 15:00:00+00:00,30,12,15,221.3199005126953,209.09945678710938,0,0,0,0,0,0,0,0,0,0,0,0,0,0,1,1,1,0,0,0,0,0,0,0,0
2007-12-04 15:00:00+00:00,30,12,15,85.0167007446289,83.41453552246094,0,0,0,0,0,0,0,0,0,1,1,1,1,1,1,1,1,0,0,0,0,0,0,0,0
2007-12-04 15:00:00+00:00,30,12,15,211.50027465820312,202.23594665527344,0,0,0,0,0,0,0,0,0,0,0,0,0,0,1,1,1,0,0,0,0,0,0,0,0
2007-12-04 15:00:00+00:00,30,12,15,105.31912231445312,86.05630493164062,0,0,0,0,0,0,0,0,0,0,1,1,1,1,1,1,1,0,0,0,0,0,0,0,0
2007-12-04 15:00:00+00:00,30,12,15,265.93426513671875,155.6783447265625,0,0,0,0,0,0,0,0,0,0,0,0,0,0,0,1,1,0,0,0,0,0,0,0,0
2007-12-04 15:15:00+00:00,30,12,15,344.6476135253906,313.79791259765625,0,0,0,0,0,0,0,0,0,0,0,0,0,0,0,0,1,0,0,0,0,0,0,0,0
2007-12-04 15:15:00+00:00,30,12,15,65.24684143066406,49.96995544433594,0,0,0,0,0,0,0,0,1,1,1,1,1,1,1,1,1,0,0,0,0,0,0,1,1
2007-12-04 15:15:00+00:00,30,12,15,269.2677001953125,210.79965209960938,0,0,0,0,0,0,0,0,0,0,0,0,0,0,0,1,1,0,0,0,0,0,0,0,0
2007-12-04 15:15:00+00:00,30,12,15,,,0,0,0,0,0,0,0,0,0,0,0,0,0,0,0,0,0,0,0,0,0,0,0,0,0
2007-12-04 15:15:00+00:00,30,12,15,102.82686614990234,91.99163055419922,0,0,0,0,0,0,0,0,0,0,1,1,1,1,1,1,1,0,0,0,0,0,0,0,0
2007-12-04 15:15:00+00:00,30,12,15,167.8392333984375,160.9530029296875,0,0,0,0,0,0,0,0,0,0,0,0,1,1,1,1,1,0,0,0,0,0,0,0,0
2007-12-04 15:15:00+00:00,30,12,15,136.94845581054688,0.0,0,0,0,0,0,0,0,0,0,0,0,1,1,1,1,1,1,1,1,1,1,1,1,1,1
2007-12-04 15:30:00+00:00,30,12,15,79.08345031738281,72.67239379882812,0,0,0,0,0,0,0,0,1,1,1,1,1,1,1,1,1,0,0,0,0,0,0,0,0
2007-12-04 15:30:00+00:00,30,12,15,45.07075119018555,35.31961441040039,0,0,0,0,0,0,1,1,1,1,1,1,1,1,1,1,1,0,0,0,0,0,1,1,1
2007-12-04 15:30:00+00:00,30,12,15,186.5829315185547,111.89276123046875,0,0,0,0,0,0,0,0,0,0,0,0,0,1,1,1,1,0,0,0,0,0,0,0,0
2007-12-04 15:30:00+00:00,30,12,15,182.0772247314453,202.19908142089844,0,0,0,0,0,0,0,0,0,0,0,0,0,1,1,1,1,0,0,0,0,0,0,0,0
2007-12-04 15:30:00+00:00,30,12,15,167.37364196777344,169.4898223876953,0,0,0,0,0,0,0,0,0,0,0,0,1,1,1,1,1,0,0,0,0,0,0,0,0
2007-12-04 15:30:00+00:00,30,12,15,144.38519287109375,44.96883773803711,0,0,0,0,0,0,0,0,0,0,0,1,1,1,1,1,1,0,0,0,0,0,0,1,1
2007-12-04 15:45:00+00:00,30,12,15,85.31953430175781,74.57539367675781,0,0,0,0,0,0,0,0,0,1,1,1,1,1,1,1,1,0,0,0,0,0,0,0,0
2007-12-04 15:45:00+00:00,30,12,15,164.1597137451172,150.9904327392578,0,0,0,0,0,0,0,0,0,0,0,0,1,1,1,1,1,0,0,0,0,0,0,0,0
2007-12-04 15:45:00+00:00,30,12,15,135.16856384277344,139.3992462158203,0,0,0,0,0,0,0,0,0,0,0,1,1,1,1,1,1,0,0,0,0,0,0,0,0
2007-12-04 15:45:00+00:00,30,12,15,90.73665618896484,93.29349517822266,0,0,0,0,0,0,0,0,0,1,1,1,1,1,1,1,1,0,0,0,0,0,0,0,0
2007-12-04 15:45:00+00:00,30,12,15,96.13700103759766,7.88193416595459,0,0,0,0,0,0,0,0,0,1,1,1,1,1,1,1,1,1,1,1,1,1,1,1,1
2007-12-04 15:45:00+00:00,30,12,15,149.01235961914062,149.01235961914062,0,0,0,0,0,0,0,0,0,0,0,1,1,1,1,1,1,0,0,0,0,0,0,0,0
2007-12-04 16:00:00+00:00,30,12,16,115.96542358398438,42.412620544433594,0,0,0,0,0,0,0,0,0,0,1,1,1,1,1,1,1,0,0,0,0,0,0,1,1
2007-12-04 16:00:00+00:00,30,12,16,98.6697998046875,87.23136138916016,0,0,0,0,0,0,0,0,0,1,1,1,1,1,1,1,1,0,0,0,0,0,0,0,0
2007-12-04 16:00:00+00:00,30,12,16,153.1356964111328,122.6958236694336,0,0,0,0,0,0,0,0,0,0,0,0,1,1,1,1,1,0,0,0,0,0,0,0,0
2007-12-04 16:00:00+00:00,30,12,16,89.87727355957031,94.23886108398438,0,0,0,0,0,0,0,0,0,1,1,1,1,1,1,1,1,0,0,0,0,0,0,0,0
2007-12-04 16:00:00+00:00,30,12,16,393.390625,237.16192626953125,0,0,0,0,0,0,0,0,0,0,0,0,0,0,0,0,0,0,0,0,0,0,0,0,0
2007-12-04 16:15:00+00:00,30,12,16,,,0,0,0,0,0,0,0,0,0,0,0,0,0,0,0,0,0,0,0,0,0,0,0,0,0
2007-12-04 16:15:00+00:00,30,12,16,177.44244384765625,174.4025115966797,0,0,0,0,0,0,0,0,0,0,0,0,1,1,1,1,1,0,0,0,0,0,0,0,0
2007-12-04 16:15:00+00:00,30,12,16,264.3924255371094,3.144516944885254,0,0,0,0,0,0,0,0,0,0,0,0,0,0,0,1,1,1,1,1,1,1,1,1,1
2007-12-04 16:15:00+00:00,30,12,16,,,0,0,0,0,0,0,0,0,0,0,0,0,0,0,0,0,0,0,0,0,0,0,0,0,0
2007-12-04 16:30:00+00:00,30,12,16,,,0,0,0,0,0,0,0,0,0,0,0,0,0,0,0,0,0,0,0,0,0,0,0,0,0
2007-12-04 16:30:00+00:00,30,12,16,153.06463623046875,141.64915466308594,0,0,0,0,0,0,0,0,0,0,0,0,1,1,1,1,1,0,0,0,0,0,0,0,0
2007-12-04 16:30:00+00:00,30,12,16,165.02932739257812,145.06044006347656,0,0,0,0,0,0,0,0,0,0,0,0,1,1,1,1,1,0,0,0,0,0,0,0,0
2007-12-04 16:45:00+00:00,30,12,16,255.63555908203125,274.1437683105469,0,0,0,0,0,0,0,0,0,0,0,0,0,0,0,1,1,0,0,0,0,0,0,0,0
2007-12-04 16:45:00+00:00,30,12,16,130.8715362548828,135.98159790039062,0,0,0,0,0,0,0,0,0,0,0,1,1,1,1,1,1,0,0,0,0,0,0,0,0
2007-12-04 16:45:00+00:00,30,12,16,224.25045776367188,205.48849487304688,0,0,0,0,0,0,0,0,0,0,0,0,0,0,1,1,1,0,0,0,0,0,0,0,0
2007-12-04 17:00:00+00:00,30,12,17,,,0,0,0,0,0,0,0,0,0,0,0,0,0,0,0,0,0,0,0,0,0,0,0,0,0
2007-12-04 17:00:00+00:00,30,12,17,46.60791015625,0.0,0,0,0,0,0,0,1,1,1,1,1,1,1,1,1,1,1,1,1,1,1,1,1,1,1
2007-12-04 17:15:00+00:00,30,12,17,188.22653198242188,192.15325927734375,0,0,0,0,0,0,0,0,0,0,0,0,0,1,1,1,1,0,0,0,0,0,0,0,0
2007-12-04 17:15:00+00:00,30,12,17,121.28846740722656,182.14273071289062,0,0,0,0,0,0,0,0,0,0,0,1,1,1,1,1,1,0,0,0,0,0,0,0,0
2007-12-04 17:15:00+00:00,30,12,17,,,0,0,0,0,0,0,0,0,0,0,0,0,0,0,0,0,0,0,0,0,0,0,0,0,0
2007-12-04 17:30:00+00:00,30,12,17,266.8763732910156,108.70655059814453,0,0,0,0,0,0,0,0,0,0,0,0,0,0,0,1,1,0,0,0,0,0,0,0,0
2007-12-04 17:30:00+00:00,30,12,17,307.0235595703125,171.9671630859375,0,0,0,0,0,0,0,0,0,0,0,0,0,0,0,0,1,0,0,0,0,0,0,0,0
2007-12-04 17:45:00+00:00,30,12,17,219.3498992919922,263.98358154296875,0,0,0,0,0,0,0,0,0,0,0,0,0,0,1,1,1,0,0,0,0,0,0,0,0
2007-12-04 17:45:00+00:00,30,12,17,,420.8082580566406,0,0,0,0,0,0,0,0,0,0,0,0,0,0,0,0,0,0,0,0,0,0,0,0,0
2007-12-04 17:45:00+00:00,30,12,17,133.8442840576172,0.0,0,0,0,0,0,0,0,0,0,0,0,1,1,1,1,1,1,1,1,1,1,1,1,1,1
2007-12-04 17:45:00+00:00,30,12,17,354.8995361328125,291.8349609375,0,0,0,0,0,0,0,0,0,0,0,0,0,0,0,0,0,0,0,0,0,0,0,0,0
2007-12-04 17:45:00+00:00,30,12,17,97.05709075927734,96.94120025634766,0,0,0,0,0,0,0,0,0,1,1,1,1,1,1,1,1,0,0,0,0,0,0,0,0
2007-12-05 10:00:00+00:00,30,12,10,,,0,0,0,0,0,0,0,0,0,0,0,0,0,0,0,0,0,0,0,0,0,0,0,0,0
2007-12-05 10:00:00+00:00,30,12,10,365.0941467285156,253.9923858642578,0,0,0,0,0,0,0,0,0,0,0,0,0,0,0,0,0,0,0,0,0,0,0,0,0
2007-12-05 10:00:00+00:00,30,12,10,250.69825744628906,246.33175659179688,0,0,0,0,0,0,0,0,0,0,0,0,0,0,0,1,1,0,0,0,0,0,0,0,0
2007-12-05 10:00:00+00:00,30,12,10,60.69078826904297,65.70635986328125,0,0,0,0,0,0,0,0,1,1,1,1,1,1,1,1,1,0,0,0,0,0,0,0,0
2007-12-05 10:00:00+00:00,30,12,10,232.61361694335938,219.38287353515625,0,0,0,0,0,0,0,0,0,0,0,0,0,0,1,1,1,0,0,0,0,0,0,0,0
2007-12-05 10:00:00+00:00,30,12,10,,,0,0,0,0,0,0,0,0,0,0,0,0,0,0,0,0,0,0,0,0,0,0,0,0,0
2007-12-05 10:00:00+00:00,30,12,10,366.0682373046875,353.060791015625,0,0,0,0,0,0,0,0,0,0,0,0,0,0,0,0,0,0,0,0,0,0,0,0,0
2007-12-05 10:00:00+00:00,30,12,10,,371.2502746582031,0,0,0,0,0,0,0,0,0,0,0,0,0,0,0,0,0,0,0,0,0,0,0,0,0
2007-12-05 10:00:00+00:00,30,12,10,,,0,0,0,0,0,0,0,0,0,0,0,0,0,0,0,0,0,0,0,0,0,0,0,0,0
2007-12-05 10:00:00+00:00,30,12,10,438.903076171875,70.3713150024414,0,0,0,0,0,0,0,0,0,0,0,0,0,0,0,0,0,0,0,0,0,0,0,0,0
2007-12-05 10:00:00+00:00,30,12,10,467.0478210449219,123.09151458740234,0,0,0,0,0,0,0,0,0,0,0,0,0,0,0,0,0,0,0,0,0,0,0,0,0
2007-12-05 10:00:00+00:00,30,12,10,464.78460693359375,153.32960510253906,0,0,0,0,0,0,0,0,0,0,0,0,0,0,0,0,0,0,0,0,0,0,0,0,0
2007-12-05 10:00:00+00:00,30,12,10,184.91494750976562,169.3514404296875,0,0,0,0,0,0,0,0,0,0,0,0,0,1,1,1,1,0,0,0,0,0,0,0,0
2007-12-05 10:00:00+00:00,30,12,10,284.9941101074219,140.34413146972656,0,0,0,0,0,0,0,0,0,0,0,0,0,0,0,1,1,0,0,0,0,0,0,0,0
2007-12-05 10:00:00+00:00,30,12,10,105.60858917236328,89.8940658569336,0,0,0,0,0,0,0,0,0,0,1,1,1,1,1,1,1,0,0,0,0,0,0,0,0
2007-12-05 10:00:00+00:00,30,12,10,90.85665893554688,87.59085083007812,0,0,0,0,0,0,0,0,0,1,1,1,1,1,1,1,1,0,0,0,0,0,0,0,0
2007-12-05 10:00:00+00:00,30,12,10,253.19317626953125,315.33209228515625,0,0,0,0,0,0,0,0,0,0,0,0,0,0,0,1,1,0,0,0,0,0,0,0,0
2007-12-05 10:00:00+00:00,30,12,10,,,0,0,0,0,0,0,0,0,0,0,0,0,0,0,0,0,0,0,0,0,0,0,0,0,0
2007-12-05 10:00:00+00:00,30,12,10,,,0,0,0,0,0,0,0,0,0,0,0,0,0,0,0,0,0,0,0,0,0,0,0,0,0
2007-12-05 10:00:00+00:00,30,12,10,228.6878662109375,214.0728302001953,0,0,0,0,0,0,0,0,0,0,0,0,0,0,1,1,1,0,0,0,0,0,0,0,0
2007-12-05 10:00:00+00:00,30,12,10,123.53092193603516,160.14364624023438,0,0,0,0,0,0,0,0,0,0,0,1,1,1,1,1,1,0,0,0,0,0,0,0,0
2007-12-05 10:00:00+00:00,30,12,10,230.528564453125,304.8380126953125,0,0,0,0,0,0,0,0,0,0,0,0,0,0,1,1,1,0,0,0,0,0,0,0,0
2007-12-05 10:00:00+00:00,30,12,10,326.0068054199219,348.8742370605469,0,0,0,0,0,0,0,0,0,0,0,0,0,0,0,0,1,0,0,0,0,0,0,0,0
2007-12-05 10:00:00+00:00,30,12,10,,333.0818786621094,0,0,0,0,0,0,0,0,0,0,0,0,0,0,0,0,0,0,0,0,0,0,0,0,0
2007-12-05 10:00:00+00:00,30,12,10,,,0,0,0,0,0,0,0,0,0,0,0,0,0,0,0,0,0,0,0,0,0,0,0,0,0
2007-12-05 10:15:00+00:00,30,12,10,,,0,0,0,0,0,0,0,0,0,0,0,0,0,0,0,0,0,0,0,0,0,0,0,0,0
2007-12-05 10:15:00+00:00,30,12,10,,267.0701904296875,0,0,0,0,0,0,0,0,0,0,0,0,0,0,0,0,0,0,0,0,0,0,0,0,0
2007-12-05 10:15:00+00:00,30,12,10,,275.733154296875,0,0,0,0,0,0,0,0,0,0,0,0,0,0,0,0,0,0,0,0,0,0,0,0,0
2007-12-05 10:15:00+00:00,30,12,10,504.411376953125,346.48297119140625,0,0,0,0,0,0,0,0,0,0,0,0,0,0,0,0,0,0,0,0,0,0,0,0,0
2007-12-05 10:15:00+00:00,30,12,10,355.7970275878906,283.1506042480469,0,0,0,0,0,0,0,0,0,0,0,0,0,0,0,0,0,0,0,0,0,0,0,0,0
2007-12-05 10:15:00+00:00,30,12,10,161.36773681640625,181.15170288085938,0,0,0,0,0,0,0,0,0,0,0,0,1,1,1,1,1,0,0,0,0,0,0,0,0
2007-12-05 10:15:00+00:00,30,12,10,133.98251342773438,12.454269409179688,0,0,0,0,0,0,0,0,0,0,0,1,1,1,1,1,1,0,1,1,1,1,1,1,1
2007-12-05 10:15:00+00:00,30,12,10,308.5500793457031,302.1966552734375,0,0,0,0,0,0,0,0,0,0,0,0,0,0,0,0,1,0,0,0,0,0,0,0,0
2007-12-05 10:15:00+00:00,30,12,10,,,0,0,0,0,0,0,0,0,0,0,0,0,0,0,0,0,0,0,0,0,0,0,0,0,0
2007-12-05 10:15:00+00:00,30,12,10,328.6625061035156,179.7092742919922,0,0,0,0,0,0,0,0,0,0,0,0,0,0,0,0,1,0,0,0,0,0,0,0,0
2007-12-05 10:15:00+00:00,30,12,10,,112.16470336914062,0,0,0,0,0,0,0,0,0,0,0,0,0,0,0,0,0,0,0,0,0,0,0,0,0
2007-12-05 10:15:00+00:00,30,12,10,71.38335418701172,64.75786590576172,0,0,0,0,0,0,0,0,1,1,1,1,1,1,1,1,1,0,0,0,0,0,0,0,0
2007-12-05 10:15:00+00:00,30,12,10,228.07040405273438,126.08075714111328,0,0,0,0,0,0,0,0,0,0,0,0,0,0,1,1,1,0,0,0,0,0,0,0,0
2007-12-05 10:15:00+00:00,30,12,10,177.60250854492188,177.26483154296875,0,0,0,0,0,0,0,0,0,0,0,0,1,1,1,1,1,0,0,0,0,0,0,0,0
2007-12-05 10:15:00+00:00,30,12,10,93.59683990478516,46.52219772338867,0,0,0,0,0,0,0,0,0,1,1,1,1,1,1,1,1,0,0,0,0,0,0,1,1
2007-12-05 10:15:00+00:00,30,12,10,,183.6156005859375,0,0,0,0,0,0,0,0,0,0,0,0,0,0,0,0,0,0,0,0,0,0,0,0,0
2007-12-05 10:15:00+00:00,30,12,10,79.53211975097656,239.29080200195312,0,0,0,0,0,0,0,0,1,1,1,1,1,1,1,1,1,0,0,0,0,0,0,0,0
2007-12-05 10:15:00+00:00,30,12,10,,155.93336486816406,0,0,0,0,0,0,0,0,0,0,0,0,0,0,0,0,0,0,0,0,0,0,0,0,0
2007-12-05 10:15:00+00:00,30,12,10,206.3232879638672,,0,0,0,0,0,0,0,0,0,0,0,0,0,0,1,1,1,0,0,0,0,0,0,0,0
2007-12-05 10:15:00+00:00,30,12,10,242.24118041992188,52.25140380859375,0,0,0,0,0,0,0,0,0,0,0,0,0,0,1,1,1,0,0,0,0,0,0,0,1
2007-12-05 10:15:00+00:00,30,12,10,285.5636291503906,253.6417694091797,0,0,0,0,0,0,0,0,0,0,0,0,0,0,0,1,1,0,0,0,0,0,0,0,0
2007-12-05 10:15:00+00:00,30,12,10,413.1483154296875,41.88794708251953,0,0,0,0,0,0,0,0,0,0,0,0,0,0,0,0,0,0,0,0,0,0,0,1,1
2007-12-05 10:15:00+00:00,30,12,10,,354.197998046875,0,0,0,0,0,0,0,0,0,0,0,0,0,0,0,0,0,0,0,0,0,0,0,0,0
2007-12-05 10:15:00+00:00,30,12,10,,,0,0,0,0,0,0,0,0,0,0,0,0,0,0,0,0,0,0,0,0,0,0,0,0,0
2007-12-05 10:15:00+00:00,30,12,10,,,0,0,0,0,0,0,0,0,0,0,0,0,0,0,0,0,0,0,0,0,0,0,0,0,0
2007-12-05 10:30:00+00:00,30,12,10,,,0,0,0,0,0,0,0,0,0,0,0,0,0,0,0,0,0,0,0,0,0,0,0,0,0
2007-12-05 10:30:00+00:00,30,12,10,490.1470031738281,376.6950378417969,0,0,0,0,0,0,0,0,0,0,0,0,0,0,0,0,0,0,0,0,0,0,0,0,0
2007-12-05 10:30:00+00:00,30,12,10,87.6207275390625,81.55320739746094,0,0,0,0,0,0,0,0,0,1,1,1,1,1,1,1,1,0,0,0,0,0,0,0,0
2007-12-05 10:30:00+00:00,30,12,10,223.53598022460938,213.67999267578125,0,0,0,0,0,0,0,0,0,0,0,0,0,0,1,1,1,0,0,0,0,0,0,0,0
2007-12-05 10:30:00+00:00,30,12,10,,,0,0,0,0,0,0,0,0,0,0,0,0,0,0,0,0,0,0,0,0,0,0,0,0,0
2007-12-05 10:30:00+00:00,30,12,10,141.83460998535156,142.12315368652344,0,0,0,0,0,0,0,0,0,0,0,1,1,1,1,1,1,0,0,0,0,0,0,0,0
2007-12-05 10:30:00+00:00,30,12,10,,354.02410888671875,0,0,0,0,0,0,0,0,0,0,0,0,0,0,0,0,0,0,0,0,0,0,0,0,0
2007-12-05 10:30:00+00:00,30,12,10,137.82130432128906,131.98776245117188,0,0,0,0,0,0,0,0,0,0,0,1,1,1,1,1,1,0,0,0,0,0,0,0,0
2007-12-05 10:30:00+00:00,30,12,10,,,0,0,0,0,0,0,0,0,0,0,0,0,0,0,0,0,0,0,0,0,0,0,0,0,0
2007-12-05 10:30:00+00:00,30,12,10,61.547996520996094,54.76155090332031,0,0,0,0,0,0,0,0,1,1,1,1,1,1,1,1,1,0,0,0,0,0,0,0,1
2007-12-05 10:30:00+00:00,30,12,10,159.30296325683594,143.13223266601562,0,0,0,0,0,0,0,0,0,0,0,0,1,1,1,1,1,0,0,0,0,0,0,0,0
2007-12-05 10:30:00+00:00,30,12,10,458.8340148925781,219.44236755371094,0,0,0,0,0,0,0,0,0,0,0,0,0,0,0,0,0,0,0,0,0,0,0,0,0
2007-12-05 10:30:00+00:00,30,12,10,114.31648254394531,114.31648254394531,0,0,0,0,0,0,0,0,0,0,1,1,1,1,1,1,1,0,0,0,0,0,0,0,0
2007-12-05 10:30:00+00:00,30,12,10,175.1201934814453,173.6051788330078,0,0,0,0,0,0,0,0,0,0,0,0,1,1,1,1,1,0,0,0,0,0,0,0,0
2007-12-05 10:30:00+00:00,30,12,10,380.4660949707031,123.38471221923828,0,0,0,0,0,0,0,0,0,0,0,0,0,0,0,0,0,0,0,0,0,0,0,0,0
2007-12-05 10:30:00+00:00,30,12,10,275.3540344238281,153.1998291015625,0,0,0,0,0,0,0,0,0,0,0,0,0,0,0,1,1,0,0,0,0,0,0,0,0
2007-12-05 10:30:00+00:00,30,12,10,54.75909423828125,46.60407257080078,0,0,0,0,0,0,0,1,1,1,1,1,1,1,1,1,1,0,0,0,0,0,0,1,1
2007-12-05 10:30:00+00:00,30,12,10,331.2325744628906,119.1667251586914,0,0,0,0,0,0,0,0,0,0,0,0,0,0,0,0,1,0,0,0,0,0,0,0,0
2007-12-05 10:30:00+00:00,30,12,10,311.1882629394531,316.6451416015625,0,0,0,0,0,0,0,0,0,0,0,0,0,0,0,0,1,0,0,0,0,0,0,0,0
2007-12-05 10:30:00+00:00,30,12,10,58.265323638916016,73.91967010498047,0,0,0,0,0,0,0,1,1,1,1,1,1,1,1,1,1,0,0,0,0,0,0,0,0
2007-12-05 10:30:00+00:00,30,12,10,396.9263916015625,67.27411651611328,0,0,0,0,0,0,0,0,0,0,0,0,0,0,0,0,0,0,0,0,0,0,0,0,0
2007-12-05 10:30:00+00:00,30,12,10,,366.0353698730469,0,0,0,0,0,0,0,0,0,0,0,0,0,0,0,0,0,0,0,0,0,0,0,0,0
2007-12-05 10:30:00+00:00,30,12,10,,,0,0,0,0,0,0,0,0,0,0,0,0,0,0,0,0,0,0,0,0,0,0,0,0,0
2007-12-05 10:45:00+00:00,30,12,10,169.8006134033203,156.5741729736328,0,0,0,0,0,0,0,0,0,0,0,0,1,1,1,1,1,0,0,0,0,0,0,0,0
2007-12-05 10:45:00+00:00,30,12,10,344.08270263671875,118.14078521728516,0,0,0,0,0,0,0,0,0,0,0,0,0,0,0,0,1,0,0,0,0,0,0,0,0
2007-12-05 10:45:00+00:00,30,12,10,86.44945526123047,81.5269546508789,0,0,0,0,0,0,0,0,0,1,1,1,1,1,1,1,1,0,0,0,0,0,0,0,0
2007-12-05 10:45:00+00:00,30,12,10,148.31492614746094,142.20130920410156,0,0,0,0,0,0,0,0,0,0,0,1,1,1,1,1,1,0,0,0,0,0,0,0,0
2007-12-05 10:45:00+00:00,30,12,10,273.1909484863281,266.2671813964844,0,0,0,0,0,0,0,0,0,0,0,0,0,0,0,1,1,0,0,0,0,0,0,0,0
2007-12-05 10:45:00+00:00,30,12,10,302.706787109375,294.3153381347656,0,0,0,0,0,0,0,0,0,0,0,0,0,0,0,0,1,0,0,0,0,0,0,0,0
2007-12-05 10:45:00+00:00,30,12,10,314.9700927734375,314.3587341308594,0,0,0,0,0,0,0,0,0,0,0,0,0,0,0,0,1,0,0,0,0,0,0,0,0
2007-12-05 10:45:00+00:00,30,12,10,338.862060546875,328.71502685546875,0,0,0,0,0,0,0,0,0,0,0,0,0,0,0,0,1,0,0,0,0,0,0,0,0
2007-12-05 10:45:00+00:00,30,12,10,256.30706787109375,254.43862915039062,0,0,0,0,0,0,0,0,0,0,0,0,0,0,0,1,1,0,0,0,0,0,0,0,0
2007-12-05 10:45:00+00:00,30,12,10,185.83460998535156,182.89727783203125,0,0,0,0,0,0,0,0,0,0,0,0,0,1,1,1,1,0,0,0,0,0,0,0,0
2007-12-05 10:45:00+00:00,30,12,10,260.6961975097656,271.3662109375,0,0,0,0,0,0,0,0,0,0,0,0,0,0,0,1,1,0,0,0,0,0,0,0,0
2007-12-05 10:45:00+00:00,30,12,10,,,0,0,0,0,0,0,0,0,0,0,0,0,0,0,0,0,0,0,0,0,0,0,0,0,0
2007-12-05 10:45:00+00:00,30,12,10,116.13656616210938,109.92784881591797,0,0,0,0,0,0,0,0,0,0,1,1,1,1,1,1,1,0,0,0,0,0,0,0,0
2007-12-05 10:45:00+00:00,30,12,10,112.48059844970703,92.04008483886719,0,0,0,0,0,0,0,0,0,0,1,1,1,1,1,1,1,0,0,0,0,0,0,0,0
2007-12-05 10:45:00+00:00,30,12,10,126.7093734741211,77.10004425048828,0,0,0,0,0,0,0,0,0,0,0,1,1,1,1,1,1,0,0,0,0,0,0,0,0
2007-12-05 10:45:00+00:00,30,12,10,,143.2084503173828,0,0,0,0,0,0,0,0,0,0,0,0,0,0,0,0,0,0,0,0,0,0,0,0,0
2007-12-05 10:45:00+00:00,30,12,10,196.6592559814453,204.36270141601562,0,0,0,0,0,0,0,0,0,0,0,0,0,1,1,1,1,0,0,0,0,0,0,0,0
2007-12-05 10:45:00+00:00,30,12,10,243.30450439453125,250.43240356445312,0,0,0,0,0,0,0,0,0,0,0,0,0,0,1,1,1,0,0,0,0,0,0,0,0
2007-12-05 10:45:00+00:00,30,12,10,263.5023498535156,270.1358642578125,0,0,0,0,0,0,0,0,0,0,0,0,0,0,0,1,1,0,0,0,0,0,0,0,0
2007-12-05 10:45:00+00:00,30,12,10,,,0,0,0,0,0,0,0,0,0,0,0,0,0,0,0,0,0,0,0,0,0,0,0,0,0
2007-12-05 10:45:00+00:00,30,12,10,,,0,0,0,0,0,0,0,0,0,0,0,0,0,0,0,0,0,0,0,0,0,0,0,0,0
2007-12-05 11:00:00+00:00,30,12,11,191.74403381347656,182.18492126464844,0,0,0,0,0,0,0,0,0,0,0,0,0,1,1,1,1,0,0,0,0,0,0,0,0
2007-12-05 11:00:00+00:00,30,12,11,120.69202423095703,113.41609954833984,0,0,0,0,0,0,0,0,0,0,0,1,1,1,1,1,1,0,0,0,0,0,0,0,0
2007-12-05 11:00:00+00:00,30,12,11,,430.2003479003906,0,0,0,0,0,0,0,0,0,0,0,0,0,0,0,0,0,0,0,0,0,0,0,0,0
2007-12-05 11:00:00+00:00,30,12,11,259.16436767578125,278.3691711425781,0,0,0,0,0,0,0,0,0,0,0,0,0,0,0,1,1,0,0,0,0,0,0,0,0
2007-12-05 11:00:00+00:00,30,12,11,182.93536376953125,189.70547485351562,0,0,0,0,0,0,0,0,0,0,0,0,0,1,1,1,1,0,0,0,0,0,0,0,0
2007-12-05 11:00:00+00:00,30,12,11,374.5042724609375,304.37506103515625,0,0,0,0,0,0,0,0,0,0,0,0,0,0,0,0,0,0,0,0,0,0,0,0,0
2007-12-05 11:00:00+00:00,30,12,11,304.9878234863281,202.95306396484375,0,0,0,0,0,0,0,0,0,0,0,0,0,0,0,0,1,0,0,0,0,0,0,0,0
2007-12-05 11:00:00+00:00,30,12,11,183.4608154296875,180.4949493408203,0,0,0,0,0,0,0,0,0,0,0,0,0,1,1,1,1,0,0,0,0,0,0,0,0
2007-12-05 11:00:00+00:00,30,12,11,,,0,0,0,0,0,0,0,0,0,0,0,0,0,0,0,0,0,0,0,0,0,0,0,0,0
2007-12-05 11:00:00+00:00,30,12,11,261.99725341796875,262.5238952636719,0,0,0,0,0,0,0,0,0,0,0,0,0,0,0,1,1,0,0,0,0,0,0,0,0
2007-12-05 11:00:00+00:00,30,12,11,112.54847717285156,107.92891693115234,0,0,0,0,0,0,0,0,0,0,1,1,1,1,1,1,1,0,0,0,0,0,0,0,0
2007-12-05 11:00:00+00:00,30,12,11,226.20941162109375,233.19241333007812,0,0,0,0,0,0,0,0,0,0,0,0,0,0,1,1,1,0,0,0,0,0,0,0,0
2007-12-05 11:00:00+00:00,30,12,11,290.21600341796875,302.7200012207031,0,0,0,0,0,0,0,0,0,0,0,0,0,0,0,1,1,0,0,0,0,0,0,0,0
2007-12-05 11:00:00+00:00,30,12,11,352.3418884277344,335.0919189453125,0,0,0,0,0,0,0,0,0,0,0,0,0,0,0,0,0,0,0,0,0,0,0,0,0
2007-12-05 11:00:00+00:00,30,12,11,289.9822998046875,10.732985496520996,0,0,0,0,0,0,0,0,0,0,0,0,0,0,0,1,1,0,1,1,1,1,1,1,1
2007-12-05 11:00:00+00:00,30,12,11,235.7689666748047,60.40127182006836,0,0,0,0,0,0,0,0,0,0,0,0,0,0,1,1,1,0,0,0,0,0,0,0,0
2007-12-05 11:15:00+00:00,30,12,11,,,0,0,0,0,0,0,0,0,0,0,0,0,0,0,0,0,0,0,0,0,0,0,0,0,0
2007-12-05 11:15:00+00:00,30,12,11,405.587890625,488.0359191894531,0,0,0,0,0,0,0,0,0,0,0,0,0,0,0,0,0,0,0,0,0,0,0,0,0
2007-12-05 11:15:00+00:00,30,12,11,39.278255462646484,43.52457809448242,0,0,0,0,0,1,1,1,1,1,1,1,1,1,1,1,1,0,0,0,0,0,0,1,1
2007-12-05 11:15:00+00:00,30,12,11,90.5650405883789,202.62574768066406,0,0,0,0,0,0,0,0,0,1,1,1,1,1,1,1,1,0,0,0,0,0,0,0,0
2007-12-05 11:15:00+00:00,30,12,11,163.00430297851562,120.40625762939453,0,0,0,0,0,0,0,0,0,0,0,0,1,1,1,1,1,0,0,0,0,0,0,0,0
2007-12-05 11:15:00+00:00,30,12,11,100.39468383789062,112.21337127685547,0,0,0,0,0,0,0,0,0,0,1,1,1,1,1,1,1,0,0,0,0,0,0,0,0
2007-12-05 11:15:00+00:00,30,12,11,306.2513427734375,220.37750244140625,0,0,0,0,0,0,0,0,0,0,0,0,0,0,0,0,1,0,0,0,0,0,0,0,0
2007-12-05 11:15:00+00:00,30,12,11,275.2218322753906,182.18553161621094,0,0,0,0,0,0,0,0,0,0,0,0,0,0,0,1,1,0,0,0,0,0,0,0,0
2007-12-05 11:15:00+00:00,30,12,11,,202.60443115234375,0,0,0,0,0,0,0,0,0,0,0,0,0,0,0,0,0,0,0,0,0,0,0,0,0
2007-12-05 11:15:00+00:00,30,12,11,207.3582763671875,39.170982360839844,0,0,0,0,0,0,0,0,0,0,0,0,0,0,1,1,1,0,0,0,0,0,1,1,1
2007-12-05 11:15:00+00:00,30,12,11,244.40223693847656,73.1798324584961,0,0,0,0,0,0,0,0,0,0,0,0,0,0,1,1,1,0,0,0,0,0,0,0,0
2007-12-05 11:15:00+00:00,30,12,11,,294.8125305175781,0,0,0,0,0,0,0,0,0,0,0,0,0,0,0,0,0,0,0,0,0,0,0,0,0
2007-12-05 11:15:00+00:00,30,12,11,127.42532348632812,91.1224594116211,0,0,0,0,0,0,0,0,0,0,0,1,1,1,1,1,1,0,0,0,0,0,0,0,0
2007-12-05 11:15:00+00:00,30,12,11,299.1789245605469,280.86834716796875,0,0,0,0,0,0,0,0,0,0,0,0,0,0,0,1,1,0,0,0,0,0,0,0,0
2007-12-05 11:15:00+00:00,30,12,11,182.6468963623047,167.5583038330078,0,0,0,0,0,0,0,0,0,0,0,0,0,1,1,1,1,0,0,0,0,0,0,0,0
2007-12-05 11:15:00+00:00,30,12,11,,398.5045471191406,0,0,0,0,0,0,0,0,0,0,0,0,0,0,0,0,0,0,0,0,0,0,0,0,0
2007-12-05 11:15:00+00:00,30,12,11,61.329898834228516,65.01154327392578,0,0,0,0,0,0,0,0,1,1,1,1,1,1,1,1,1,0,0,0,0,0,0,0,0
2007-12-05 11:15:00+00:00,30,12,11,421.23651123046875,362.44580078125,0,0,0,0,0,0,0,0,0,0,0,0,0,0,0,0,0,0,0,0,0,0,0,0,0
2007-12-05 11:15:00+00:00,30,12,11,138.4539337158203,124.6845703125,0,0,0,0,0,0,0,0,0,0,0,1,1,1,1,1,1,0,0,0,0,0,0,0,0
2007-12-05 11:15:00+00:00,30,12,11,205.70233154296875,114.29505157470703,0,0,0,0,0,0,0,0,0,0,0,0,0,0,1,1,1,0,0,0,0,0,0,0,0
2007-12-05 11:15:00+00:00,30,12,11,339.6861267089844,97.61248779296875,0,0,0,0,0,0,0,0,0,0,0,0,0,0,0,0,1,0,0,0,0,0,0,0,0
2007-12-05 11:15:00+00:00,30,12,11,260.45526123046875,93.94972229003906,0,0,0,0,0,0,0,0,0,0,0,0,0,0,0,1,1,0,0,0,0,0,0,0,0
2007-12-05 11:15:00+00:00,30,12,11,335.8432312011719,338.9063720703125,0,0,0,0,0,0,0,0,0,0,0,0,0,0,0,0,1,0,0,0,0,0,0,0,0
2007-12-05 11:15:00+00:00,30,12,11,,,0,0,0,0,0,0,0,0,0,0,0,0,0,0,0,0,0,0,0,0,0,0,0,0,0
2007-12-05 11:15:00+00:00,30,12,11,,,0,0,0,0,0,0,0,0,0,0,0,0,0,0,0,0,0,0,0,0,0,0,0,0,0
2007-12-05 11:30:00+00:00,30,12,11,,10.271971702575684,0,0,0,0,0,0,0,0,0,0,0,0,0,0,0,0,0,0,1,1,1,1,1,1,1
2007-12-05 11:30:00+00:00,30,12,11,,20.970203399658203,0,0,0,0,0,0,0,0,0,0,0,0,0,0,0,0,0,0,0,0,1,1,1,1,1
2007-12-05 11:30:00+00:00,30,12,11,74.8865737915039,74.11847686767578,0,0,0,0,0,0,0,0,1,1,1,1,1,1,1,1,1,0,0,0,0,0,0,0,0
2007-12-05 11:30:00+00:00,30,12,11,246.14242553710938,118.89604187011719,0,0,0,0,0,0,0,0,0,0,0,0,0,0,1,1,1,0,0,0,0,0,0,0,0
2007-12-05 11:30:00+00:00,30,12,11,324.1377868652344,223.5595703125,0,0,0,0,0,0,0,0,0,0,0,0,0,0,0,0,1,0,0,0,0,0,0,0,0
2007-12-05 11:30:00+00:00,30,12,11,61.43797302246094,57.02672576904297,0,0,0,0,0,0,0,0,1,1,1,1,1,1,1,1,1,0,0,0,0,0,0,0,1
2007-12-05 11:30:00+00:00,30,12,11,240.84207153320312,154.49468994140625,0,0,0,0,0,0,0,0,0,0,0,0,0,0,1,1,1,0,0,0,0,0,0,0,0
2007-12-05 11:30:00+00:00,30,12,11,,450.7251281738281,0,0,0,0,0,0,0,0,0,0,0,0,0,0,0,0,0,0,0,0,0,0,0,0,0
2007-12-05 11:30:00+00:00,30,12,11,69.98194122314453,65.4738998413086,0,0,0,0,0,0,0,0,1,1,1,1,1,1,1,1,1,0,0,0,0,0,0,0,0
2007-12-05 11:30:00+00:00,30,12,11,,403.1679992675781,0,0,0,0,0,0,0,0,0,0,0,0,0,0,0,0,0,0,0,0,0,0,0,0,0
2007-12-05 11:30:00+00:00,30,12,11,,424.13446044921875,0,0,0,0,0,0,0,0,0,0,0,0,0,0,0,0,0,0,0,0,0,0,0,0,0
2007-12-05 11:30:00+00:00,30,12,11,68.51005554199219,43.27375030517578,0,0,0,0,0,0,0,0,1,1,1,1,1,1,1,1,1,0,0,0,0,0,0,1,1
2007-12-05 11:30:00+00:00,30,12,11,,,0,0,0,0,0,0,0,0,0,0,0,0,0,0,0,0,0,0,0,0,0,0,0,0,0
2007-12-05 11:45:00+00:00,30,12,11,,,0,0,0,0,0,0,0,0,0,0,0,0,0,0,0,0,0,0,0,0,0,0,0,0,0
2007-12-05 11:45:00+00:00,30,12,11,192.7880401611328,64.54145050048828,0,0,0,0,0,0,0,0,0,0,0,0,0,1,1,1,1,0,0,0,0,0,0,0,0
2007-12-05 11:45:00+00:00,30,12,11,,296.13848876953125,0,0,0,0,0,0,0,0,0,0,0,0,0,0,0,0,0,0,0,0,0,0,0,0,0
2007-12-05 11:45:00+00:00,30,12,11,100.94837188720703,101.59307861328125,0,0,0,0,0,0,0,0,0,0,1,1,1,1,1,1,1,0,0,0,0,0,0,0,0
2007-12-05 11:45:00+00:00,30,12,11,272.8988342285156,348.11663818359375,0,0,0,0,0,0,0,0,0,0,0,0,0,0,0,1,1,0,0,0,0,0,0,0,0
2007-12-05 11:45:00+00:00,30,12,11,178.93441772460938,70.94013214111328,0,0,0,0,0,0,0,0,0,0,0,0,1,1,1,1,1,0,0,0,0,0,0,0,0
2007-12-05 11:45:00+00:00,30,12,11,97.70092010498047,98.86383056640625,0,0,0,0,0,0,0,0,0,1,1,1,1,1,1,1,1,0,0,0,0,0,0,0,0
2007-12-05 11:45:00+00:00,30,12,11,196.40159606933594,161.5182647705078,0,0,0,0,0,0,0,0,0,0,0,0,0,1,1,1,1,0,0,0,0,0,0,0,0
2007-12-05 11:45:00+00:00,30,12,11,361.8975524902344,412.9589538574219,0,0,0,0,0,0,0,0,0,0,0,0,0,0,0,0,0,0,0,0,0,0,0,0,0
2007-12-05 11:45:00+00:00,30,12,11,,449.8190612792969,0,0,0,0,0,0,0,0,0,0,0,0,0,0,0,0,0,0,0,0,0,0,0,0,0
2007-12-05 11:45:00+00:00,30,12,11,338.53253173828125,336.88128662109375,0,0,0,0,0,0,0,0,0,0,0,0,0,0,0,0,1,0,0,0,0,0,0,0,0
2007-12-05 11:45:00+00:00,30,12,11,151.8863983154297,108.86969757080078,0,0,0,0,0,0,0,0,0,0,0,0,1,1,1,1,1,0,0,0,0,0,0,0,0
2007-12-05 11:45:00+00:00,30,12,11,73.62489318847656,63.605960845947266,0,0,0,0,0,0,0,0,1,1,1,1,1,1,1,1,1,0,0,0,0,0,0,0,0
2007-12-05 11:45:00+00:00,30,12,11,97.23504638671875,95.16446685791016,0,0,0,0,0,0,0,0,0,1,1,1,1,1,1,1,1,0,0,0,0,0,0,0,0
2007-12-05 11:45:00+00:00,30,12,11,110.9114990234375,132.26036071777344,0,0,0,0,0,0,0,0,0,0,1,1,1,1,1,1,1,0,0,0,0,0,0,0,0
2007-12-05 11:45:00+00:00,30,12,11,182.8096923828125,167.72085571289062,0,0,0,0,0,0,0,0,0,0,0,0,0,1,1,1,1,0,0,0,0,0,0,0,0
2007-12-05 11:45:00+00:00,30,12,11,443.60028076171875,41.49667739868164,0,0,0,0,0,0,0,0,0,0,0,0,0,0,0,0,0,0,0,0,0,0,0,1,1
2007-12-05 11:45:00+00:00,30,12,11,328.7872009277344,154.77320861816406,0,0,0,0,0,0,0,0,0,0,0,0,0,0,0,0,1,0,0,0,0,0,0,0,0
2007-12-05 11:45:00+00:00,30,12,11,162.26502990722656,134.69015502929688,0,0,0,0,0,0,0,0,0,0,0,0,1,1,1,1,1,0,0,0,0,0,0,0,0
2007-12-05 11:45:00+00:00,30,12,11,106.66326141357422,102.09722900390625,0,0,0,0,0,0,0,0,0,0,1,1,1,1,1,1,1,0,0,0,0,0,0,0,0
2007-12-05 11:45:00+00:00,30,12,11,131.71456909179688,125.04966735839844,0,0,0,0,0,0,0,0,0,0,0,1,1,1,1,1,1,0,0,0,0,0,0,0,0
2007-12-05 12:00:00+00:00,30,12,12,,,0,0,0,0,0,0,0,0,0,0,0,0,0,0,0,0,0,0,0,0,0,0,0,0,0
2007-12-05 12:00:00+00:00,30,12,12,84.38488006591797,80.39289855957031,0,0,0,0,0,0,0,0,0,1,1,1,1,1,1,1,1,0,0,0,0,0,0,0,0
2007-12-05 12:00:00+00:00,30,12,12,267.88104248046875,250.70155334472656,0,0,0,0,0,0,0,0,0,0,0,0,0,0,0,1,1,0,0,0,0,0,0,0,0
2007-12-05 12:00:00+00:00,30,12,12,51.09419631958008,27.187591552734375,0,0,0,0,0,0,0,1,1,1,1,1,1,1,1,1,1,0,0,0,0,1,1,1,1
2007-12-05 12:00:00+00:00,30,12,12,90.36548614501953,122.22637176513672,0,0,0,0,0,0,0,0,0,1,1,1,1,1,1,1,1,0,0,0,0,0,0,0,0
2007-12-05 12:00:00+00:00,30,12,12,146.43275451660156,150.7547607421875,0,0,0,0,0,0,0,0,0,0,0,1,1,1,1,1,1,0,0,0,0,0,0,0,0
2007-12-05 12:00:00+00:00,30,12,12,189.1226043701172,136.82069396972656,0,0,0,0,0,0,0,0,0,0,0,0,0,1,1,1,1,0,0,0,0,0,0,0,0
2007-12-05 12:00:00+00:00,30,12,12,319.7238464355469,137.0027313232422,0,0,0,0,0,0,0,0,0,0,0,0,0,0,0,0,1,0,0,0,0,0,0,0,0
2007-12-05 12:00:00+00:00,30,12,12,303.3836669921875,,0,0,0,0,0,0,0,0,0,0,0,0,0,0,0,0,1,0,0,0,0,0,0,0,0
2007-12-05 12:00:00+00:00,30,12,12,103.25548553466797,137.78515625,0,0,0,0,0,0,0,0,0,0,1,1,1,1,1,1,1,0,0,0,0,0,0,0,0
2007-12-05 12:00:00+00:00,30,12,12,222.02703857421875,213.01065063476562,0,0,0,0,0,0,0,0,0,0,0,0,0,0,1,1,1,0,0,0,0,0,0,0,0
2007-12-05 12:00:00+00:00,30,12,12,187.3116455078125,152.98570251464844,0,0,0,0,0,0,0,0,0,0,0,0,0,1,1,1,1,0,0,0,0,0,0,0,0
2007-12-05 12:00:00+00:00,30,12,12,,,0,0,0,0,0,0,0,0,0,0,0,0,0,0,0,0,0,0,0,0,0,0,0,0,0
2007-12-05 12:00:00+00:00,30,12,12,149.78297424316406,22.84019660949707,0,0,0,0,0,0,0,0,0,0,0,1,1,1,1,1,1,0,0,0,1,1,1,1,1
2007-12-05 12:00:00+00:00,30,12,12,,,0,0,0,0,0,0,0,0,0,0,0,0,0,0,0,0,0,0,0,0,0,0,0,0,0
2007-12-05 12:00:00+00:00,30,12,12,,,0,0,0,0,0,0,0,0,0,0,0,0,0,0,0,0,0,0,0,0,0,0,0,0,0
2007-12-05 12:15:00+00:00,30,12,12,,,0,0,0,0,0,0,0,0,0,0,0,0,0,0,0,0,0,0,0,0,0,0,0,0,0
2007-12-05 12:15:00+00:00,30,12,12,248.1000213623047,253.3444366455078,0,0,0,0,0,0,0,0,0,0,0,0,0,0,1,1,1,0,0,0,0,0,0,0,0
2007-12-05 12:15:00+00:00,30,12,12,160.95140075683594,148.04495239257812,0,0,0,0,0,0,0,0,0,0,0,0,1,1,1,1,1,0,0,0,0,0,0,0,0
2007-12-05 12:15:00+00:00,30,12,12,275.16302490234375,211.18634033203125,0,0,0,0,0,0,0,0,0,0,0,0,0,0,0,1,1,0,0,0,0,0,0,0,0
2007-12-05 12:15:00+00:00,30,12,12,29.41143226623535,28.235336303710938,0,0,0,0,1,1,1,1,1,1,1,1,1,1,1,1,1,0,0,0,0,1,1,1,1
2007-12-05 12:15:00+00:00,30,12,12,104.84432220458984,117.2160873413086,0,0,0,0,0,0,0,0,0,0,1,1,1,1,1,1,1,0,0,0,0,0,0,0,0
2007-12-05 12:15:00+00:00,30,12,12,127.77501678466797,101.11827087402344,0,0,0,0,0,0,0,0,0,0,0,1,1,1,1,1,1,0,0,0,0,0,0,0,0
2007-12-05 12:15:00+00:00,30,12,12,81.65787506103516,103.66146850585938,0,0,0,0,0,0,0,0,0,1,1,1,1,1,1,1,1,0,0,0,0,0,0,0,0
2007-12-05 12:15:00+00:00,30,12,12,248.86343383789062,235.82781982421875,0,0,0,0,0,0,0,0,0,0,0,0,0,0,1,1,1,0,0,0,0,0,0,0,0
2007-12-05 12:15:00+00:00,30,12,12,,,0,0,0,0,0,0,0,0,0,0,0,0,0,0,0,0,0,0,0,0,0,0,0,0,0
2007-12-05 12:15:00+00:00,30,12,12,142.31671142578125,84.05378723144531,0,0,0,0,0,0,0,0,0,0,0,1,1,1,1,1,1,0,0,0,0,0,0,0,0
2007-12-05 12:15:00+00:00,30,12,12,66.94955444335938,67.06954193115234,0,0,0,0,0,0,0,0,1,1,1,1,1,1,1,1,1,0,0,0,0,0,0,0,0
2007-12-05 12:15:00+00:00,30,12,12,90.70612335205078,92.03460693359375,0,0,0,0,0,0,0,0,0,1,1,1,1,1,1,1,1,0,0,0,0,0,0,0,0
2007-12-05 12:15:00+00:00,30,12,12,375.9342346191406,182.7818145751953,0,0,0,0,0,0,0,0,0,0,0,0,0,0,0,0,0,0,0,0,0,0,0,0,0
2007-12-05 12:15:00+00:00,30,12,12,303.8021240234375,302.5567626953125,0,0,0,0,0,0,0,0,0,0,0,0,0,0,0,0,1,0,0,0,0,0,0,0,0
2007-12-05 12:15:00+00:00,30,12,12,446.2841796875,289.19696044921875,0,0,0,0,0,0,0,0,0,0,0,0,0,0,0,0,0,0,0,0,0,0,0,0,0
2007-12-05 12:15:00+00:00,30,12,12,500.8514709472656,488.78009033203125,0,0,0,0,0,0,0,0,0,0,0,0,0,0,0,0,0,0,0,0,0,0,0,0,0
2007-12-05 12:15:00+00:00,30,12,12,,,0,0,0,0,0,0,0,0,0,0,0,0,0,0,0,0,0,0,0,0,0,0,0,0,0
2007-12-05 12:30:00+00:00,30,12,12,,,0,0,0,0,0,0,0,0,0,0,0,0,0,0,0,0,0,0,0,0,0,0,0,0,0
2007-12-05 12:30:00+00:00,30,12,12,,407.9706726074219,0,0,0,0,0,0,0,0,0,0,0,0,0,0,0,0,0,0,0,0,0,0,0,0,0
2007-12-05 12:30:00+00:00,30,12,12,223.61318969726562,184.91128540039062,0,0,0,0,0,0,0,0,0,0,0,0,0,0,1,1,1,0,0,0,0,0,0,0,0
2007-12-05 12:30:00+00:00,30,12,12,218.292236328125,215.14620971679688,0,0,0,0,0,0,0,0,0,0,0,0,0,0,1,1,1,0,0,0,0,0,0,0,0
2007-12-05 12:30:00+00:00,30,12,12,59.16938018798828,23.06885528564453,0,0,0,0,0,0,0,1,1,1,1,1,1,1,1,1,1,0,0,0,1,1,1,1,1
2007-12-05 12:30:00+00:00,30,12,12,291.080322265625,296.7647705078125,0,0,0,0,0,0,0,0,0,0,0,0,0,0,0,1,1,0,0,0,0,0,0,0,0
2007-12-05 12:30:00+00:00,30,12,12,102.39053344726562,189.8133544921875,0,0,0,0,0,0,0,0,0,0,1,1,1,1,1,1,1,0,0,0,0,0,0,0,0
2007-12-05 12:30:00+00:00,30,12,12,171.27389526367188,157.61489868164062,0,0,0,0,0,0,0,0,0,0,0,0,1,1,1,1,1,0,0,0,0,0,0,0,0
2007-12-05 12:30:00+00:00,30,12,12,,,0,0,0,0,0,0,0,0,0,0,0,0,0,0,0,0,0,0,0,0,0,0,0,0,0
2007-12-05 12:30:00+00:00,30,12,12,,,0,0,0,0,0,0,0,0,0,0,0,0,0,0,0,0,0,0,0,0,0,0,0,0,0
2007-12-05 12:30:00+00:00,30,12,12,129.144287109375,116.62828826904297,0,0,0,0,0,0,0,0,0,0,0,1,1,1,1,1,1,0,0,0,0,0,0,0,0
2007-12-05 12:30:00+00:00,30,12,12,128.3603515625,117.73167419433594,0,0,0,0,0,0,0,0,0,0,0,1,1,1,1,1,1,0,0,0,0,0,0,0,0
2007-12-05 12:30:00+00:00,30,12,12,115.72802734375,50.34706115722656,0,0,0,0,0,0,0,0,0,0,1,1,1,1,1,1,1,0,0,0,0,0,0,0,1
2007-12-05 12:30:00+00:00,30,12,12,67.02251434326172,73.3027114868164,0,0,0,0,0,0,0,0,1,1,1,1,1,1,1,1,1,0,0,0,0,0,0,0,0
2007-12-05 12:30:00+00:00,30,12,12,,,0,0,0,0,0,0,0,0,0,0,0,0,0,0,0,0,0,0,0,0,0,0,0,0,0
2007-12-05 12:30:00+00:00,30,12,12,252.12130737304688,285.4762268066406,0,0,0,0,0,0,0,0,0,0,0,0,0,0,0,1,1,0,0,0,0,0,0,0,0
2007-12-05 12:30:00+00:00,30,12,12,361.4526062011719,371.44195556640625,0,0,0,0,0,0,0,0,0,0,0,0,0,0,0,0,0,0,0,0,0,0,0,0,0
2007-12-05 12:30:00+00:00,30,12,12,372.4201965332031,311.37310791015625,0,0,0,0,0,0,0,0,0,0,0,0,0,0,0,0,0,0,0,0,0,0,0,0,0
2007-12-05 12:30:00+00:00,30,12,12,346.3179016113281,,0,0,0,0,0,0,0,0,0,0,0,0,0,0,0,0,1,0,0,0,0,0,0,0,0
2007-12-05 12:30:00+00:00,30,12,12,,191.77252197265625,0,0,0,0,0,0,0,0,0,0,0,0,0,0,0,0,0,0,0,0,0,0,0,0,0
2007-12-05 12:45:00+00:00,30,12,12,,,0,0,0,0,0,0,0,0,0,0,0,0,0,0,0,0,0,0,0,0,0,0,0,0,0
2007-12-05 12:45:00+00:00,30,12,12,110.01371765136719,45.993690490722656,0,0,0,0,0,0,0,0,0,0,1,1,1,1,1,1,1,0,0,0,0,0,0,1,1
2007-12-05 12:45:00+00:00,30,12,12,144.1269073486328,144.96543884277344,0,0,0,0,0,0,0,0,0,0,0,1,1,1,1,1,1,0,0,0,0,0,0,0,0
2007-12-05 12:45:00+00:00,30,12,12,176.8046112060547,173.7741241455078,0,0,0,0,0,0,0,0,0,0,0,0,1,1,1,1,1,0,0,0,0,0,0,0,0
2007-12-05 12:45:00+00:00,30,12,12,377.17926025390625,169.30625915527344,0,0,0,0,0,0,0,0,0,0,0,0,0,0,0,0,0,0,0,0,0,0,0,0,0
2007-12-05 12:45:00+00:00,30,12,12,72.91199493408203,71.71515655517578,0,0,0,0,0,0,0,0,1,1,1,1,1,1,1,1,1,0,0,0,0,0,0,0,0
2007-12-05 12:45:00+00:00,30,12,12,,,0,0,0,0,0,0,0,0,0,0,0,0,0,0,0,0,0,0,0,0,0,0,0,0,0
2007-12-05 12:45:00+00:00,30,12,12,159.90768432617188,195.7547149658203,0,0,0,0,0,0,0,0,0,0,0,0,1,1,1,1,1,0,0,0,0,0,0,0,0
2007-12-05 12:45:00+00:00,30,12,12,47.6849250793457,6.817339897155762,0,0,0,0,0,0,1,1,1,1,1,1,1,1,1,1,1,1,1,1,1,1,1,1,1
2007-12-05 12:45:00+00:00,30,12,12,,,0,0,0,0,0,0,0,0,0,0,0,0,0,0,0,0,0,0,0,0,0,0,0,0,0
2007-12-05 12:45:00+00:00,30,12,12,157.2886962890625,153.4075927734375,0,0,0,0,0,0,0,0,0,0,0,0,1,1,1,1,1,0,0,0,0,0,0,0,0
2007-12-05 12:45:00+00:00,30,12,12,194.30531311035156,204.9453887939453,0,0,0,0,0,0,0,0,0,0,0,0,0,1,1,1,1,0,0,0,0,0,0,0,0
2007-12-05 12:45:00+00:00,30,12,12,219.02342224121094,108.55897521972656,0,0,0,0,0,0,0,0,0,0,0,0,0,0,1,1,1,0,0,0,0,0,0,0,0
2007-12-05 13:00:00+00:00,30,12,13,494.6054992675781,461.2278137207031,0,0,0,0,0,0,0,0,0,0,0,0,0,0,0,0,0,0,0,0,0,0,0,0,0
2007-12-05 13:00:00+00:00,30,12,13,463.46514892578125,430.2135925292969,0,0,0,0,0,0,0,0,0,0,0,0,0,0,0,0,0,0,0,0,0,0,0,0,0
2007-12-05 13:00:00+00:00,30,12,13,167.0989990234375,208.88827514648438,0,0,0,0,0,0,0,0,0,0,0,0,1,1,1,1,1,0,0,0,0,0,0,0,0
2007-12-05 13:00:00+00:00,30,12,13,126.48294067382812,238.7303924560547,0,0,0,0,0,0,0,0,0,0,0,1,1,1,1,1,1,0,0,0,0,0,0,0,0
2007-12-05 13:00:00+00:00,30,12,13,178.26747131347656,184.98219299316406,0,0,0,0,0,0,0,0,0,0,0,0,1,1,1,1,1,0,0,0,0,0,0,0,0
2007-12-05 13:00:00+00:00,30,12,13,45.907020568847656,39.07224655151367,0,0,0,0,0,0,1,1,1,1,1,1,1,1,1,1,1,0,0,0,0,0,1,1,1
2007-12-05 13:00:00+00:00,30,12,13,49.55274963378906,47.182979583740234,0,0,0,0,0,0,1,1,1,1,1,1,1,1,1,1,1,0,0,0,0,0,0,1,1
2007-12-05 13:00:00+00:00,30,12,13,57.184043884277344,46.23092269897461,0,0,0,0,0,0,0,1,1,1,1,1,1,1,1,1,1,0,0,0,0,0,0,1,1
2007-12-05 13:00:00+00:00,30,12,13,56.70347213745117,41.52798843383789,0,0,0,0,0,0,0,1,1,1,1,1,1,1,1,1,1,0,0,0,0,0,0,1,1
2007-12-05 13:00:00+00:00,30,12,13,318.67022705078125,291.1400451660156,0,0,0,0,0,0,0,0,0,0,0,0,0,0,0,0,1,0,0,0,0,0,0,0,0
2007-12-05 13:00:00+00:00,30,12,13,159.7499542236328,156.4365234375,0,0,0,0,0,0,0,0,0,0,0,0,1,1,1,1,1,0,0,0,0,0,0,0,0
2007-12-05 13:00:00+00:00,30,12,13,,,0,0,0,0,0,0,0,0,0,0,0,0,0,0,0,0,0,0,0,0,0,0,0,0,0
2007-12-05 13:00:00+00:00,30,12,13,,139.37322998046875,0,0,0,0,0,0,0,0,0,0,0,0,0,0,0,0,0,0,0,0,0,0,0,0,0
2007-12-05 13:00:00+00:00,30,12,13,,158.8462677001953,0,0,0,0,0,0,0,0,0,0,0,0,0,0,0,0,0,0,0,0,0,0,0,0,0
2007-12-05 13:00:00+00:00,30,12,13,,,0,0,0,0,0,0,0,0,0,0,0,0,0,0,0,0,0,0,0,0,0,0,0,0,0
2007-12-05 13:15:00+00:00,30,12,13,123.1288833618164,110.07271575927734,0,0,0,0,0,0,0,0,0,0,0,1,1,1,1,1,1,0,0,0,0,0,0,0,0
2007-12-05 13:15:00+00:00,30,12,13,131.9806365966797,143.1359100341797,0,0,0,0,0,0,0,0,0,0,0,1,1,1,1,1,1,0,0,0,0,0,0,0,0
2007-12-05 13:15:00+00:00,30,12,13,158.1702423095703,155.1140899658203,0,0,0,0,0,0,0,0,0,0,0,0,1,1,1,1,1,0,0,0,0,0,0,0,0
2007-12-05 13:15:00+00:00,30,12,13,152.569580078125,159.9917755126953,0,0,0,0,0,0,0,0,0,0,0,0,1,1,1,1,1,0,0,0,0,0,0,0,0
2007-12-05 13:15:00+00:00,30,12,13,136.47750854492188,137.52989196777344,0,0,0,0,0,0,0,0,0,0,0,1,1,1,1,1,1,0,0,0,0,0,0,0,0
2007-12-05 13:15:00+00:00,30,12,13,,,0,0,0,0,0,0,0,0,0,0,0,0,0,0,0,0,0,0,0,0,0,0,0,0,0
2007-12-05 13:15:00+00:00,30,12,13,,,0,0,0,0,0,0,0,0,0,0,0,0,0,0,0,0,0,0,0,0,0,0,0,0,0
2007-12-05 13:15:00+00:00,30,12,13,,,0,0,0,0,0,0,0,0,0,0,0,0,0,0,0,0,0,0,0,0,0,0,0,0,0
2007-12-05 13:15:00+00:00,30,12,13,87.56101989746094,73.85777282714844,0,0,0,0,0,0,0,0,0,1,1,1,1,1,1,1,1,0,0,0,0,0,0,0,0
2007-12-05 13:15:00+00:00,30,12,13,93.2790298461914,99.97679901123047,0,0,0,0,0,0,0,0,0,1,1,1,1,1,1,1,1,0,0,0,0,0,0,0,0
2007-12-05 13:15:00+00:00,30,12,13,,134.97462463378906,0,0,0,0,0,0,0,0,0,0,0,0,0,0,0,0,0,0,0,0,0,0,0,0,0
2007-12-05 13:30:00+00:00,30,12,13,,,0,0,0,0,0,0,0,0,0,0,0,0,0,0,0,0,0,0,0,0,0,0,0,0,0
2007-12-05 13:30:00+00:00,30,12,13,,,0,0,0,0,0,0,0,0,0,0,0,0,0,0,0,0,0,0,0,0,0,0,0,0,0
2007-12-05 13:30:00+00:00,30,12,13,93.63607025146484,,0,0,0,0,0,0,0,0,0,1,1,1,1,1,1,1,1,0,0,0,0,0,0,0,0
2007-12-05 13:30:00+00:00,30,12,13,126.36990356445312,,0,0,0,0,0,0,0,0,0,0,0,1,1,1,1,1,1,0,0,0,0,0,0,0,0
2007-12-05 13:30:00+00:00,30,12,13,,,0,0,0,0,0,0,0,0,0,0,0,0,0,0,0,0,0,0,0,0,0,0,0,0,0
2007-12-05 13:30:00+00:00,30,12,13,191.2223663330078,197.7179412841797,0,0,0,0,0,0,0,0,0,0,0,0,0,1,1,1,1,0,0,0,0,0,0,0,0
2007-12-05 13:30:00+00:00,30,12,13,192.08851623535156,228.23287963867188,0,0,0,0,0,0,0,0,0,0,0,0,0,1,1,1,1,0,0,0,0,0,0,0,0
2007-12-05 13:30:00+00:00,30,12,13,123.29955291748047,70.80718994140625,0,0,0,0,0,0,0,0,0,0,0,1,1,1,1,1,1,0,0,0,0,0,0,0,0
2007-12-05 13:30:00+00:00,30,12,13,246.2111358642578,311.1221618652344,0,0,0,0,0,0,0,0,0,0,0,0,0,0,1,1,1,0,0,0,0,0,0,0,0
2007-12-05 13:30:00+00:00,30,12,13,107.88330078125,96.94306182861328,0,0,0,0,0,0,0,0,0,0,1,1,1,1,1,1,1,0,0,0,0,0,0,0,0
2007-12-05 13:30:00+00:00,30,12,13,148.52207946777344,138.6607208251953,0,0,0,0,0,0,0,0,0,0,0,1,1,1,1,1,1,0,0,0,0,0,0,0,0
2007-12-05 13:30:00+00:00,30,12,13,333.354248046875,388.4766540527344,0,0,0,0,0,0,0,0,0,0,0,0,0,0,0,0,1,0,0,0,0,0,0,0,0
2007-12-05 13:30:00+00:00,30,12,13,110.38590240478516,32.13480758666992,0,0,0,0,0,0,0,0,0,0,1,1,1,1,1,1,1,0,0,0,0,0,1,1,1
2007-12-05 13:30:00+00:00,30,12,13,,325.2330322265625,0,0,0,0,0,0,0,0,0,0,0,0,0,0,0,0,0,0,0,0,0,0,0,0,0
2007-12-05 13:45:00+00:00,30,12,13,,,0,0,0,0,0,0,0,0,0,0,0,0,0,0,0,0,0,0,0,0,0,0,0,0,0
2007-12-05 13:45:00+00:00,30,12,13,156.0582275390625,267.18072509765625,0,0,0,0,0,0,0,0,0,0,0,0,1,1,1,1,1,0,0,0,0,0,0,0,0
2007-12-05 13:45:00+00:00,30,12,13,211.31968688964844,236.89840698242188,0,0,0,0,0,0,0,0,0,0,0,0,0,0,1,1,1,0,0,0,0,0,0,0,0
2007-12-05 13:45:00+00:00,30,12,13,83.75054931640625,145.49346923828125,0,0,0,0,0,0,0,0,0,1,1,1,1,1,1,1,1,0,0,0,0,0,0,0,0
2007-12-05 13:45:00+00:00,30,12,13,64.80635070800781,100.24162292480469,0,0,0,0,0,0,0,0,1,1,1,1,1,1,1,1,1,0,0,0,0,0,0,0,0
2007-12-05 13:45:00+00:00,30,12,13,184.91952514648438,179.24925231933594,0,0,0,0,0,0,0,0,0,0,0,0,0,1,1,1,1,0,0,0,0,0,0,0,0
2007-12-05 13:45:00+00:00,30,12,13,105.1241226196289,176.7926483154297,0,0,0,0,0,0,0,0,0,0,1,1,1,1,1,1,1,0,0,0,0,0,0,0,0
2007-12-05 13:45:00+00:00,30,12,13,51.737884521484375,131.8873748779297,0,0,0,0,0,0,0,1,1,1,1,1,1,1,1,1,1,0,0,0,0,0,0,0,0
2007-12-05 13:45:00+00:00,30,12,13,,,0,0,0,0,0,0,0,0,0,0,0,0,0,0,0,0,0,0,0,0,0,0,0,0,0
2007-12-05 14:00:00+00:00,30,12,14,127.70247650146484,148.97207641601562,0,0,0,0,0,0,0,0,0,0,0,1,1,1,1,1,1,0,0,0,0,0,0,0,0
2007-12-05 14:00:00+00:00,30,12,14,246.17259216308594,261.80609130859375,0,0,0,0,0,0,0,0,0,0,0,0,0,0,1,1,1,0,0,0,0,0,0,0,0
2007-12-05 14:00:00+00:00,30,12,14,228.15838623046875,209.30661010742188,0,0,0,0,0,0,0,0,0,0,0,0,0,0,1,1,1,0,0,0,0,0,0,0,0
2007-12-05 14:00:00+00:00,30,12,14,186.80995178222656,180.8367462158203,0,0,0,0,0,0,0,0,0,0,0,0,0,1,1,1,1,0,0,0,0,0,0,0,0
2007-12-05 14:00:00+00:00,30,12,14,150.3590545654297,140.21664428710938,0,0,0,0,0,0,0,0,0,0,0,0,1,1,1,1,1,0,0,0,0,0,0,0,0
2007-12-05 14:00:00+00:00,30,12,14,93.24087524414062,83.49766540527344,0,0,0,0,0,0,0,0,0,1,1,1,1,1,1,1,1,0,0,0,0,0,0,0,0
2007-12-05 14:00:00+00:00,30,12,14,408.63531494140625,96.13420104980469,0,0,0,0,0,0,0,0,0,0,0,0,0,0,0,0,0,0,0,0,0,0,0,0,0
2007-12-05 14:00:00+00:00,30,12,14,333.0215759277344,358.66290283203125,0,0,0,0,0,0,0,0,0,0,0,0,0,0,0,0,1,0,0,0,0,0,0,0,0
2007-12-05 14:00:00+00:00,30,12,14,180.7469940185547,146.00738525390625,0,0,0,0,0,0,0,0,0,0,0,0,0,1,1,1,1,0,0,0,0,0,0,0,0
2007-12-05 14:00:00+00:00,30,12,14,,30.537961959838867,0,0,0,0,0,0,0,0,0,0,0,0,0,0,0,0,0,0,0,0,0,0,1,1,1
2007-12-05 14:00:00+00:00,30,12,14,,,0,0,0,0,0,0,0,0,0,0,0,0,0,0,0,0,0,0,0,0,0,0,0,0,0
2007-12-05 14:15:00+00:00,30,12,14,270.8221740722656,273.2221374511719,0,0,0,0,0,0,0,0,0,0,0,0,0,0,0,1,1,0,0,0,0,0,0,0,0
2007-12-05 14:15:00+00:00,30,12,14,233.9053192138672,274.6355895996094,0,0,0,0,0,0,0,0,0,0,0,0,0,0,1,1,1,0,0,0,0,0,0,0,0
2007-12-05 14:15:00+00:00,30,12,14,132.6542205810547,143.4390411376953,0,0,0,0,0,0,0,0,0,0,0,1,1,1,1,1,1,0,0,0,0,0,0,0,0
2007-12-05 14:15:00+00:00,30,12,14,274.9398193359375,261.2605285644531,0,0,0,0,0,0,0,0,0,0,0,0,0,0,0,1,1,0,0,0,0,0,0,0,0
2007-12-05 14:15:00+00:00,30,12,14,60.41313934326172,65.0140151977539,0,0,0,0,0,0,0,0,1,1,1,1,1,1,1,1,1,0,0,0,0,0,0,0,0
2007-12-05 14:15:00+00:00,30,12,14,59.201866149902344,48.200889587402344,0,0,0,0,0,0,0,1,1,1,1,1,1,1,1,1,1,0,0,0,0,0,0,1,1
2007-12-05 14:15:00+00:00,30,12,14,90.67393493652344,89.04450988769531,0,0,0,0,0,0,0,0,0,1,1,1,1,1,1,1,1,0,0,0,0,0,0,0,0
2007-12-05 14:15:00+00:00,30,12,14,156.0330810546875,39.608455657958984,0,0,0,0,0,0,0,0,0,0,0,0,1,1,1,1,1,0,0,0,0,0,1,1,1
2007-12-05 14:15:00+00:00,30,12,14,131.12884521484375,139.95152282714844,0,0,0,0,0,0,0,0,0,0,0,1,1,1,1,1,1,0,0,0,0,0,0,0,0
2007-12-05 14:15:00+00:00,30,12,14,133.28041076660156,139.4209747314453,0,0,0,0,0,0,0,0,0,0,0,1,1,1,1,1,1,0,0,0,0,0,0,0,0
2007-12-05 14:15:00+00:00,30,12,14,53.19123840332031,38.47824478149414,0,0,0,0,0,0,0,1,1,1,1,1,1,1,1,1,1,0,0,0,0,0,1,1,1
2007-12-05 14:15:00+00:00,30,12,14,,,0,0,0,0,0,0,0,0,0,0,0,0,0,0,0,0,0,0,0,0,0,0,0,0,0
2007-12-05 14:30:00+00:00,30,12,14,,,0,0,0,0,0,0,0,0,0,0,0,0,0,0,0,0,0,0,0,0,0,0,0,0,0
2007-12-05 14:30:00+00:00,30,12,14,183.99514770507812,,0,0,0,0,0,0,0,0,0,0,0,0,0,1,1,1,1,0,0,0,0,0,0,0,0
2007-12-05 14:30:00+00:00,30,12,14,,,0,0,0,0,0,0,0,0,0,0,0,0,0,0,0,0,0,0,0,0,0,0,0,0,0
2007-12-05 14:30:00+00:00,30,12,14,206.16976928710938,,0,0,0,0,0,0,0,0,0,0,0,0,0,0,1,1,1,0,0,0,0,0,0,0,0
2007-12-05 14:30:00+00:00,30,12,14,188.51239013671875,178.62686157226562,0,0,0,0,0,0,0,0,0,0,0,0,0,1,1,1,1,0,0,0,0,0,0,0,0
2007-12-05 14:30:00+00:00,30,12,14,195.12832641601562,199.7722930908203,0,0,0,0,0,0,0,0,0,0,0,0,0,1,1,1,1,0,0,0,0,0,0,0,0
2007-12-05 14:30:00+00:00,30,12,14,170.85458374023438,141.98699951171875,0,0,0,0,0,0,0,0,0,0,0,0,1,1,1,1,1,0,0,0,0,0,0,0,0
2007-12-05 14:30:00+00:00,30,12,14,140.1615447998047,115.8163070678711,0,0,0,0,0,0,0,0,0,0,0,1,1,1,1,1,1,0,0,0,0,0,0,0,0
2007-12-05 14:30:00+00:00,30,12,14,108.59742736816406,446.8957214355469,0,0,0,0,0,0,0,0,0,0,1,1,1,1,1,1,1,0,0,0,0,0,0,0,0
2007-12-05 14:30:00+00:00,30,12,14,226.76280212402344,222.49612426757812,0,0,0,0,0,0,0,0,0,0,0,0,0,0,1,1,1,0,0,0,0,0,0,0,0
2007-12-05 14:30:00+00:00,30,12,14,106.00257110595703,0.0,0,0,0,0,0,0,0,0,0,0,1,1,1,1,1,1,1,1,1,1,1,1,1,1,1
2007-12-05 14:30:00+00:00,30,12,14,185.146240234375,173.28041076660156,0,0,0,0,0,0,0,0,0,0,0,0,0,1,1,1,1,0,0,0,0,0,0,0,0
2007-12-05 14:30:00+00:00,30,12,14,,,0,0,0,0,0,0,0,0,0,0,0,0,0,0,0,0,0,0,0,0,0,0,0,0,0
2007-12-05 14:45:00+00:00,30,12,14,,,0,0,0,0,0,0,0,0,0,0,0,0,0,0,0,0,0,0,0,0,0,0,0,0,0
2007-12-05 14:45:00+00:00,30,12,14,92.4435043334961,171.8658447265625,0,0,0,0,0,0,0,0,0,1,1,1,1,1,1,1,1,0,0,0,0,0,0,0,0
2007-12-05 14:45:00+00:00,30,12,14,179.86134338378906,174.10581970214844,0,0,0,0,0,0,0,0,0,0,0,0,1,1,1,1,1,0,0,0,0,0,0,0,0
2007-12-05 14:45:00+00:00,30,12,14,184.49044799804688,159.11851501464844,0,0,0,0,0,0,0,0,0,0,0,0,0,1,1,1,1,0,0,0,0,0,0,0,0
2007-12-05 14:45:00+00:00,30,12,14,118.49980163574219,91.96759033203125,0,0,0,0,0,0,0,0,0,0,1,1,1,1,1,1,1,0,0,0,0,0,0,0,0
2007-12-05 14:45:00+00:00,30,12,14,91.68892669677734,59.034629821777344,0,0,0,0,0,0,0,0,0,1,1,1,1,1,1,1,1,0,0,0,0,0,0,0,1
2007-12-05 14:45:00+00:00,30,12,14,405.99407958984375,408.6462707519531,0,0,0,0,0,0,0,0,0,0,0,0,0,0,0,0,0,0,0,0,0,0,0,0,0
2007-12-05 14:45:00+00:00,30,12,14,174.8245849609375,169.88133239746094,0,0,0,0,0,0,0,0,0,0,0,0,1,1,1,1,1,0,0,0,0,0,0,0,0
2007-12-05 14:45:00+00:00,30,12,14,464.8128662109375,449.3075866699219,0,0,0,0,0,0,0,0,0,0,0,0,0,0,0,0,0,0,0,0,0,0,0,0,0
2007-12-05 14:45:00+00:00,30,12,14,55.45205307006836,56.63886260986328,0,0,0,0,0,0,0,1,1,1,1,1,1,1,1,1,1,0,0,0,0,0,0,0,1
2007-12-05 15:00:00+00:00,30,12,15,,,0,0,0,0,0,0,0,0,0,0,0,0,0,0,0,0,0,0,0,0,0,0,0,0,0
2007-12-05 15:00:00+00:00,30,12,15,,,0,0,0,0,0,0,0,0,0,0,0,0,0,0,0,0,0,0,0,0,0,0,0,0,0
2007-12-05 15:00:00+00:00,30,12,15,,,0,0,0,0,0,0,0,0,0,0,0,0,0,0,0,0,0,0,0,0,0,0,0,0,0
2007-12-05 15:00:00+00:00,30,12,15,233.813720703125,223.0509796142578,0,0,0,0,0,0,0,0,0,0,0,0,0,0,1,1,1,0,0,0,0,0,0,0,0
2007-12-05 15:00:00+00:00,30,12,15,162.3699951171875,331.87591552734375,0,0,0,0,0,0,0,0,0,0,0,0,1,1,1,1,1,0,0,0,0,0,0,0,0
2007-12-05 15:00:00+00:00,30,12,15,248.38157653808594,305.2397766113281,0,0,0,0,0,0,0,0,0,0,0,0,0,0,1,1,1,0,0,0,0,0,0,0,0
2007-12-05 15:00:00+00:00,30,12,15,41.30327224731445,42.696556091308594,0,0,0,0,0,0,1,1,1,1,1,1,1,1,1,1,1,0,0,0,0,0,0,1,1
2007-12-05 15:15:00+00:00,30,12,15,,,0,0,0,0,0,0,0,0,0,0,0,0,0,0,0,0,0,0,0,0,0,0,0,0,0
2007-12-05 15:15:00+00:00,30,12,15,,401.8030700683594,0,0,0,0,0,0,0,0,0,0,0,0,0,0,0,0,0,0,0,0,0,0,0,0,0
2007-12-05 15:15:00+00:00,30,12,15,110.38690948486328,107.28646087646484,0,0,0,0,0,0,0,0,0,0,1,1,1,1,1,1,1,0,0,0,0,0,0,0,0
2007-12-05 15:15:00+00:00,30,12,15,153.87557983398438,141.44308471679688,0,0,0,0,0,0,0,0,0,0,0,0,1,1,1,1,1,0,0,0,0,0,0,0,0
2007-12-05 15:15:00+00:00,30,12,15,180.88507080078125,245.6550750732422,0,0,0,0,0,0,0,0,0,0,0,0,0,1,1,1,1,0,0,0,0,0,0,0,0
2007-12-05 15:15:00+00:00,30,12,15,182.8452911376953,165.4031524658203,0,0,0,0,0,0,0,0,0,0,0,0,0,1,1,1,1,0,0,0,0,0,0,0,0
2007-12-05 15:15:00+00:00,30,12,15,135.54058837890625,199.71202087402344,0,0,0,0,0,0,0,0,0,0,0,1,1,1,1,1,1,0,0,0,0,0,0,0,0
2007-12-05 15:15:00+00:00,30,12,15,54.770118713378906,3.063082218170166,0,0,0,0,0,0,0,1,1,1,1,1,1,1,1,1,1,1,1,1,1,1,1,1,1
2007-12-05 15:15:00+00:00,30,12,15,113.6556396484375,0.0,0,0,0,0,0,0,0,0,0,0,1,1,1,1,1,1,1,1,1,1,1,1,1,1,1
2007-12-05 15:15:00+00:00,30,12,15,205.2421875,199.359619140625,0,0,0,0,0,0,0,0,0,0,0,0,0,0,1,1,1,0,0,0,0,0,0,0,0
2007-12-05 15:15:00+00:00,30,12,15,148.06802368164062,147.14170837402344,0,0,0,0,0,0,0,0,0,0,0,1,1,1,1,1,1,0,0,0,0,0,0,0,0
2007-12-05 15:30:00+00:00,30,12,15,550.7374267578125,241.74545288085938,0,0,0,0,0,0,0,0,0,0,0,0,0,0,0,0,0,0,0,0,0,0,0,0,0
2007-12-05 15:30:00+00:00,30,12,15,342.6425476074219,354.04278564453125,0,0,0,0,0,0,0,0,0,0,0,0,0,0,0,0,1,0,0,0,0,0,0,0,0
2007-12-05 15:30:00+00:00,30,12,15,52.57651901245117,55.03821563720703,0,0,0,0,0,0,0,1,1,1,1,1,1,1,1,1,1,0,0,0,0,0,0,0,1
2007-12-05 15:30:00+00:00,30,12,15,70.94171142578125,60.01923370361328,0,0,0,0,0,0,0,0,1,1,1,1,1,1,1,1,1,0,0,0,0,0,0,0,0
2007-12-05 15:30:00+00:00,30,12,15,,,0,0,0,0,0,0,0,0,0,0,0,0,0,0,0,0,0,0,0,0,0,0,0,0,0
2007-12-05 15:30:00+00:00,30,12,15,93.94927978515625,95.4456558227539,0,0,0,0,0,0,0,0,0,1,1,1,1,1,1,1,1,0,0,0,0,0,0,0,0
2007-12-05 15:45:00+00:00,30,12,15,369.14703369140625,409.29962158203125,0,0,0,0,0,0,0,0,0,0,0,0,0,0,0,0,0,0,0,0,0,0,0,0,0
2007-12-05 15:45:00+00:00,30,12,15,144.15892028808594,143.66448974609375,0,0,0,0,0,0,0,0,0,0,0,1,1,1,1,1,1,0,0,0,0,0,0,0,0
2007-12-05 15:45:00+00:00,30,12,15,233.93960571289062,242.13772583007812,0,0,0,0,0,0,0,0,0,0,0,0,0,0,1,1,1,0,0,0,0,0,0,0,0
2007-12-05 15:45:00+00:00,30,12,15,235.6571807861328,229.9370880126953,0,0,0,0,0,0,0,0,0,0,0,0,0,0,1,1,1,0,0,0,0,0,0,0,0
2007-12-05 15:45:00+00:00,30,12,15,,,0,0,0,0,0,0,0,0,0,0,0,0,0,0,0,0,0,0,0,0,0,0,0,0,0
2007-12-05 15:45:00+00:00,30,12,15,74.35694122314453,85.55901336669922,0,0,0,0,0,0,0,0,1,1,1,1,1,1,1,1,1,0,0,0,0,0,0,0,0
2007-12-05 15:45:00+00:00,30,12,15,45.33759307861328,4.873545169830322,0,0,0,0,0,0,1,1,1,1,1,1,1,1,1,1,1,1,1,1,1,1,1,1,1
2007-12-05 15:45:00+00:00,30,12,15,72.5770263671875,65.64315032958984,0,0,0,0,0,0,0,0,1,1,1,1,1,1,1,1,1,0,0,0,0,0,0,0,0
2007-12-05 15:45:00+00:00,30,12,15,108.1693344116211,87.66091918945312,0,0,0,0,0,0,0,0,0,0,1,1,1,1,1,1,1,0,0,0,0,0,0,0,0
2007-12-05 16:00:00+00:00,30,12,16,117.99906921386719,117.67912292480469,0,0,0,0,0,0,0,0,0,0,1,1,1,1,1,1,1,0,0,0,0,0,0,0,0
2007-12-05 16:00:00+00:00,30,12,16,28.376585006713867,3.327932834625244,0,0,0,0,1,1,1,1,1,1,1,1,1,1,1,1,1,1,1,1,1,1,1,1,1
2007-12-05 16:00:00+00:00,30,12,16,,314.8667907714844,0,0,0,0,0,0,0,0,0,0,0,0,0,0,0,0,0,0,0,0,0,0,0,0,0
2007-12-05 16:00:00+00:00,30,12,16,,,0,0,0,0,0,0,0,0,0,0,0,0,0,0,0,0,0,0,0,0,0,0,0,0,0
2007-12-05 16:15:00+00:00,30,12,16,,,0,0,0,0,0,0,0,0,0,0,0,0,0,0,0,0,0,0,0,0,0,0,0,0,0
2007-12-05 16:15:00+00:00,30,12,16,115.50187683105469,106.32195281982422,0,0,0,0,0,0,0,0,0,0,1,1,1,1,1,1,1,0,0,0,0,0,0,0,0
2007-12-05 16:15:00+00:00,30,12,16,,,0,0,0,0,0,0,0,0,0,0,0,0,0,0,0,0,0,0,0,0,0,0,0,0,0
2007-12-05 16:15:00+00:00,30,12,16,263.0505065917969,,0,0,0,0,0,0,0,0,0,0,0,0,0,0,0,1,1,0,0,0,0,0,0,0,0
2007-12-05 16:15:00+00:00,30,12,16,83.92315673828125,419.8620910644531,0,0,0,0,0,0,0,0,0,1,1,1,1,1,1,1,1,0,0,0,0,0,0,0,0
2007-12-05 16:30:00+00:00,30,12,16,552.2564086914062,,0,0,0,0,0,0,0,0,0,0,0,0,0,0,0,0,0,0,0,0,0,0,0,0,0
2007-12-05 16:45:00+00:00,30,12,16,,,0,0,0,0,0,0,0,0,0,0,0,0,0,0,0,0,0,0,0,0,0,0,0,0,0
2007-12-05 16:45:00+00:00,30,12,16,89.10077667236328,65.36573791503906,0,0,0,0,0,0,0,0,0,1,1,1,1,1,1,1,1,0,0,0,0,0,0,0,0
2007-12-05 16:45:00+00:00,30,12,16,125.0097427368164,152.2398681640625,0,0,0,0,0,0,0,0,0,0,0,1,1,1,1,1,1,0,0,0,0,0,0,0,0
2007-12-05 16:45:00+00:00,30,12,16,192.3127899169922,228.99264526367188,0,0,0,0,0,0,0,0,0,0,0,0,0,1,1,1,1,0,0,0,0,0,0,0,0
2007-12-05 16:45:00+00:00,30,12,16,328.8887023925781,347.9580993652344,0,0,0,0,0,0,0,0,0,0,0,0,0,0,0,0,1,0,0,0,0,0,0,0,0
2007-12-05 16:45:00+00:00,30,12,16,332.35943603515625,325.07513427734375,0,0,0,0,0,0,0,0,0,0,0,0,0,0,0,0,1,0,0,0,0,0,0,0,0
2007-12-05 17:00:00+00:00,30,12,17,,,0,0,0,0,0,0,0,0,0,0,0,0,0,0,0,0,0,0,0,0,0,0,0,0,0
2007-12-05 17:15:00+00:00,30,12,17,,,0,0,0,0,0,0,0,0,0,0,0,0,0,0,0,0,0,0,0,0,0,0,0,0,0
2007-12-05 17:15:00+00:00,30,12,17,121.27439880371094,104.3490219116211,0,0,0,0,0,0,0,0,0,0,0,1,1,1,1,1,1,0,0,0,0,0,0,0,0
2007-12-05 17:15:00+00:00,30,12,17,305.9983825683594,321.982666015625,0,0,0,0,0,0,0,0,0,0,0,0,0,0,0,0,1,0,0,0,0,0,0,0,0
2007-12-05 17:30:00+00:00,30,12,17,,,0,0,0,0,0,0,0,0,0,0,0,0,0,0,0,0,0,0,0,0,0,0,0,0,0
2007-12-05 17:30:00+00:00,30,12,17,258.0528564453125,207.9747772216797,0,0,0,0,0,0,0,0,0,0,0,0,0,0,0,1,1,0,0,0,0,0,0,0,0
2007-12-05 17:30:00+00:00,30,12,17,380.48712158203125,197.296630859375,0,0,0,0,0,0,0,0,0,0,0,0,0,0,0,0,0,0,0,0,0,0,0,0,0
2007-12-05 17:30:00+00:00,30,12,17,244.11688232421875,251.7474822998047,0,0,0,0,0,0,0,0,0,0,0,0,0,0,1,1,1,0,0,0,0,0,0,0,0
2007-12-05 17:30:00+00:00,30,12,17,272.9334411621094,280.7982482910156,0,0,0,0,0,0,0,0,0,0,0,0,0,0,0,1,1,0,0,0,0,0,0,0,0
2007-12-05 17:30:00+00:00,30,12,17,49.94744873046875,178.0898895263672,0,0,0,0,0,0,1,1,1,1,1,1,1,1,1,1,1,0,0,0,0,0,0,0,0
2007-12-05 17:45:00+00:00,30,12,17,,,0,0,0,0,0,0,0,0,0,0,0,0,0,0,0,0,0,0,0,0,0,0,0,0,0
2007-12-05 17:45:00+00:00,30,12,17,296.09210205078125,442.5035705566406,0,0,0,0,0,0,0,0,0,0,0,0,0,0,0,1,1,0,0,0,0,0,0,0,0
2007-12-05 17:45:00+00:00,30,12,17,320.63006591796875,413.5270080566406,0,0,0,0,0,0,0,0,0,0,0,0,0,0,0,0,1,0,0,0,0,0,0,0,0
2007-12-05 17:45:00+00:00,30,12,17,,,0,0,0,0,0,0,0,0,0,0,0,0,0,0,0,0,0,0,0,0,0,0,0,0,0
2007-12-05 17:45:00+00:00,30,12,17,144.768798828125,189.80870056152344,0,0,0,0,0,0,0,0,0,0,0,1,1,1,1,1,1,0,0,0,0,0,0,0,0
2007-12-05 17:45:00+00:00,30,12,17,241.2811279296875,180.7832794189453,0,0,0,0,0,0,0,0,0,0,0,0,0,0,1,1,1,0,0,0,0,0,0,0,0
2007-12-05 17:45:00+00:00,30,12,17,264.46221923828125,248.00772094726562,0,0,0,0,0,0,0,0,0,0,0,0,0,0,0,1,1,0,0,0,0,0,0,0,0
2007-12-06 10:00:00+00:00,30,12,10,402.9507751464844,418.9232177734375,0,0,0,0,0,0,0,0,0,0,0,0,0,0,0,0,0,0,0,0,0,0,0,0,0
2007-12-06 10:00:00+00:00,30,12,10,,,0,0,0,0,0,0,0,0,0,0,0,0,0,0,0,0,0,0,0,0,0,0,0,0,0
2007-12-06 10:00:00+00:00,30,12,10,93.28153991699219,97.1029052734375,0,0,0,0,0,0,0,0,0,1,1,1,1,1,1,1,1,0,0,0,0,0,0,0,0
2007-12-06 10:00:00+00:00,30,12,10,95.6543197631836,96.69328308105469,0,0,0,0,0,0,0,0,0,1,1,1,1,1,1,1,1,0,0,0,0,0,0,0,0
2007-12-06 10:00:00+00:00,30,12,10,46.97725296020508,36.95777893066406,0,0,0,0,0,0,1,1,1,1,1,1,1,1,1,1,1,0,0,0,0,0,1,1,1
2007-12-06 10:00:00+00:00,30,12,10,63.62278366088867,39.81053161621094,0,0,0,0,0,0,0,0,1,1,1,1,1,1,1,1,1,0,0,0,0,0,1,1,1
2007-12-06 10:00:00+00:00,30,12,10,156.7201385498047,147.70274353027344,0,0,0,0,0,0,0,0,0,0,0,0,1,1,1,1,1,0,0,0,0,0,0,0,0
2007-12-06 10:00:00+00:00,30,12,10,183.90013122558594,144.38296508789062,0,0,0,0,0,0,0,0,0,0,0,0,0,1,1,1,1,0,0,0,0,0,0,0,0
2007-12-06 10:00:00+00:00,30,12,10,178.9105224609375,42.4976692199707,0,0,0,0,0,0,0,0,0,0,0,0,1,1,1,1,1,0,0,0,0,0,0,1,1
2007-12-06 10:00:00+00:00,30,12,10,233.2575225830078,21.402742385864258,0,0,0,0,0,0,0,0,0,0,0,0,0,0,1,1,1,0,0,0,1,1,1,1,1
2007-12-06 10:00:00+00:00,30,12,10,333.5276184082031,189.4501953125,0,0,0,0,0,0,0,0,0,0,0,0,0,0,0,0,1,0,0,0,0,0,0,0,0
2007-12-06 10:00:00+00:00,30,12,10,318.5930480957031,88.08255004882812,0,0,0,0,0,0,0,0,0,0,0,0,0,0,0,0,1,0,0,0,0,0,0,0,0
2007-12-06 10:00:00+00:00,30,12,10,293.5538024902344,73.15567016601562,0,0,0,0,0,0,0,0,0,0,0,0,0,0,0,1,1,0,0,0,0,0,0,0,0
2007-12-06 10:00:00+00:00,30,12,10,328.8872375488281,115.79654693603516,0,0,0,0,0,0,0,0,0,0,0,0,0,0,0,0,1,0,0,0,0,0,0,0,0
2007-12-06 10:00:00+00:00,30,12,10,383.024658203125,375.1961364746094,0,0,0,0,0,0,0,0,0,0,0,0,0,0,0,0,0,0,0,0,0,0,0,0,0
2007-12-06 10:00:00+00:00,30,12,10,364.2760925292969,376.3291931152344,0,0,0,0,0,0,0,0,0,0,0,0,0,0,0,0,0,0,0,0,0,0,0,0,0
2007-12-06 10:00:00+00:00,30,12,10,302.027099609375,378.5686340332031,0,0,0,0,0,0,0,0,0,0,0,0,0,0,0,0,1,0,0,0,0,0,0,0,0
2007-12-06 10:00:00+00:00,30,12,10,,,0,0,0,0,0,0,0,0,0,0,0,0,0,0,0,0,0,0,0,0,0,0,0,0,0
2007-12-06 10:00:00+00:00,30,12,10,312.6192321777344,506.8370666503906,0,0,0,0,0,0,0,0,0,0,0,0,0,0,0,0,1,0,0,0,0,0,0,0,0
2007-12-06 10:00:00+00:00,30,12,10,,,0,0,0,0,0,0,0,0,0,0,0,0,0,0,0,0,0,0,0,0,0,0,0,0,0
2007-12-06 10:00:00+00:00,30,12,10,,,0,0,0,0,0,0,0,0,0,0,0,0,0,0,0,0,0,0,0,0,0,0,0,0,0
2007-12-06 10:00:00+00:00,30,12,10,394.9857482910156,392.0893249511719,0,0,0,0,0,0,0,0,0,0,0,0,0,0,0,0,0,0,0,0,0,0,0,0,0
2007-12-06 10:00:00+00:00,30,12,10,188.3065185546875,254.4397735595703,0,0,0,0,0,0,0,0,0,0,0,0,0,1,1,1,1,0,0,0,0,0,0,0,0
2007-12-06 10:00:00+00:00,30,12,10,,,0,0,0,0,0,0,0,0,0,0,0,0,0,0,0,0,0,0,0,0,0,0,0,0,0
2007-12-06 10:00:00+00:00,30,12,10,,,0,0,0,0,0,0,0,0,0,0,0,0,0,0,0,0,0,0,0,0,0,0,0,0,0
2007-12-06 10:15:00+00:00,30,12,10,283.7893371582031,287.0958557128906,0,0,0,0,0,0,0,0,0,0,0,0,0,0,0,1,1,0,0,0,0,0,0,0,0
2007-12-06 10:15:00+00:00,30,12,10,155.698974609375,148.98828125,0,0,0,0,0,0,0,0,0,0,0,0,1,1,1,1,1,0,0,0,0,0,0,0,0
2007-12-06 10:15:00+00:00,30,12,10,,,0,0,0,0,0,0,0,0,0,0,0,0,0,0,0,0,0,0,0,0,0,0,0,0,0
2007-12-06 10:15:00+00:00,30,12,10,453.72479248046875,458.2748107910156,0,0,0,0,0,0,0,0,0,0,0,0,0,0,0,0,0,0,0,0,0,0,0,0,0
2007-12-06 10:15:00+00:00,30,12,10,163.80860900878906,159.0055694580078,0,0,0,0,0,0,0,0,0,0,0,0,1,1,1,1,1,0,0,0,0,0,0,0,0
2007-12-06 10:15:00+00:00,30,12,10,101.40179443359375,98.85576629638672,0,0,0,0,0,0,0,0,0,0,1,1,1,1,1,1,1,0,0,0,0,0,0,0,0
2007-12-06 10:15:00+00:00,30,12,10,224.94076538085938,143.08456420898438,0,0,0,0,0,0,0,0,0,0,0,0,0,0,1,1,1,0,0,0,0,0,0,0,0
2007-12-06 10:15:00+00:00,30,12,10,123.21694946289062,122.36544036865234,0,0,0,0,0,0,0,0,0,0,0,1,1,1,1,1,1,0,0,0,0,0,0,0,0
2007-12-06 10:15:00+00:00,30,12,10,281.3895568847656,96.75796508789062,0,0,0,0,0,0,0,0,0,0,0,0,0,0,0,1,1,0,0,0,0,0,0,0,0
2007-12-06 10:15:00+00:00,30,12,10,234.31118774414062,156.59439086914062,0,0,0,0,0,0,0,0,0,0,0,0,0,0,1,1,1,0,0,0,0,0,0,0,0
2007-12-06 10:15:00+00:00,30,12,10,226.60305786132812,228.76095581054688,0,0,0,0,0,0,0,0,0,0,0,0,0,0,1,1,1,0,0,0,0,0,0,0,0
2007-12-06 10:15:00+00:00,30,12,10,343.2146911621094,229.14190673828125,0,0,0,0,0,0,0,0,0,0,0,0,0,0,0,0,1,0,0,0,0,0,0,0,0
2007-12-06 10:15:00+00:00,30,12,10,,,0,0,0,0,0,0,0,0,0,0,0,0,0,0,0,0,0,0,0,0,0,0,0,0,0
2007-12-06 10:15:00+00:00,30,12,10,,193.76344299316406,0,0,0,0,0,0,0,0,0,0,0,0,0,0,0,0,0,0,0,0,0,0,0,0,0
2007-12-06 10:15:00+00:00,30,12,10,322.1822814941406,106.14816284179688,0,0,0,0,0,0,0,0,0,0,0,0,0,0,0,0,1,0,0,0,0,0,0,0,0
2007-12-06 10:15:00+00:00,30,12,10,,,0,0,0,0,0,0,0,0,0,0,0,0,0,0,0,0,0,0,0,0,0,0,0,0,0
2007-12-06 10:15:00+00:00,30,12,10,,430.91705322265625,0,0,0,0,0,0,0,0,0,0,0,0,0,0,0,0,0,0,0,0,0,0,0,0,0
2007-12-06 10:15:00+00:00,30,12,10,179.5016632080078,220.40249633789062,0,0,0,0,0,0,0,0,0,0,0,0,1,1,1,1,1,0,0,0,0,0,0,0,0
2007-12-06 10:15:00+00:00,30,12,10,402.5082092285156,313.6781005859375,0,0,0,0,0,0,0,0,0,0,0,0,0,0,0,0,0,0,0,0,0,0,0,0,0
2007-12-06 10:15:00+00:00,30,12,10,,,0,0,0,0,0,0,0,0,0,0,0,0,0,0,0,0,0,0,0,0,0,0,0,0,0
2007-12-06 10:15:00+00:00,30,12,10,351.3890380859375,348.5323181152344,0,0,0,0,0,0,0,0,0,0,0,0,0,0,0,0,0,0,0,0,0,0,0,0,0
2007-12-06 10:15:00+00:00,30,12,10,86.28291320800781,76.95158386230469,0,0,0,0,0,0,0,0,0,1,1,1,1,1,1,1,1,0,0,0,0,0,0,0,0
2007-12-06 10:30:00+00:00,30,12,10,125.46854400634766,103.90217590332031,0,0,0,0,0,0,0,0,0,0,0,1,1,1,1,1,1,0,0,0,0,0,0,0,0
2007-12-06 10:30:00+00:00,30,12,10,440.66339111328125,391.7059631347656,0,0,0,0,0,0,0,0,0,0,0,0,0,0,0,0,0,0,0,0,0,0,0,0,0
2007-12-06 10:30:00+00:00,30,12,10,,,0,0,0,0,0,0,0,0,0,0,0,0,0,0,0,0,0,0,0,0,0,0,0,0,0
2007-12-06 10:30:00+00:00,30,12,10,110.63154602050781,61.378196716308594,0,0,0,0,0,0,0,0,0,0,1,1,1,1,1,1,1,0,0,0,0,0,0,0,0
2007-12-06 10:30:00+00:00,30,12,10,62.73518371582031,48.825477600097656,0,0,0,0,0,0,0,0,1,1,1,1,1,1,1,1,1,0,0,0,0,0,0,1,1
2007-12-06 10:30:00+00:00,30,12,10,49.193485260009766,54.285675048828125,0,0,0,0,0,0,1,1,1,1,1,1,1,1,1,1,1,0,0,0,0,0,0,0,1
2007-12-06 10:30:00+00:00,30,12,10,80.51180267333984,72.22885131835938,0,0,0,0,0,0,0,0,0,1,1,1,1,1,1,1,1,0,0,0,0,0,0,0,0
2007-12-06 10:30:00+00:00,30,12,10,250.39529418945312,92.53199005126953,0,0,0,0,0,0,0,0,0,0,0,0,0,0,0,1,1,0,0,0,0,0,0,0,0
2007-12-06 10:30:00+00:00,30,12,10,347.6766662597656,150.38351440429688,0,0,0,0,0,0,0,0,0,0,0,0,0,0,0,0,1,0,0,0,0,0,0,0,0
2007-12-06 10:30:00+00:00,30,12,10,,185.5972137451172,0,0,0,0,0,0,0,0,0,0,0,0,0,0,0,0,0,0,0,0,0,0,0,0,0
2007-12-06 10:30:00+00:00,30,12,10,,130.99435424804688,0,0,0,0,0,0,0,0,0,0,0,0,0,0,0,0,0,0,0,0,0,0,0,0,0
2007-12-06 10:30:00+00:00,30,12,10,,0.0,0,0,0,0,0,0,0,0,0,0,0,0,0,0,0,0,0,1,1,1,1,1,1,1,1
2007-12-06 10:30:00+00:00,30,12,10,,502.32733154296875,0,0,0,0,0,0,0,0,0,0,0,0,0,0,0,0,0,0,0,0,0,0,0,0,0
2007-12-06 10:30:00+00:00,30,12,10,,,0,0,0,0,0,0,0,0,0,0,0,0,0,0,0,0,0,0,0,0,0,0,0,0,0
2007-12-06 10:30:00+00:00,30,12,10,268.3569641113281,244.30172729492188,0,0,0,0,0,0,0,0,0,0,0,0,0,0,0,1,1,0,0,0,0,0,0,0,0
2007-12-06 10:45:00+00:00,30,12,10,442.9204406738281,466.8027038574219,0,0,0,0,0,0,0,0,0,0,0,0,0,0,0,0,0,0,0,0,0,0,0,0,0
2007-12-06 10:45:00+00:00,30,12,10,91.95929718017578,87.50282287597656,0,0,0,0,0,0,0,0,0,1,1,1,1,1,1,1,1,0,0,0,0,0,0,0,0
2007-12-06 10:45:00+00:00,30,12,10,,400.8629150390625,0,0,0,0,0,0,0,0,0,0,0,0,0,0,0,0,0,0,0,0,0,0,0,0,0
2007-12-06 10:45:00+00:00,30,12,10,168.72401428222656,141.53176879882812,0,0,0,0,0,0,0,0,0,0,0,0,1,1,1,1,1,0,0,0,0,0,0,0,0
2007-12-06 10:45:00+00:00,30,12,10,381.7209777832031,375.9088134765625,0,0,0,0,0,0,0,0,0,0,0,0,0,0,0,0,0,0,0,0,0,0,0,0,0
2007-12-06 10:45:00+00:00,30,12,10,77.66736602783203,83.68882751464844,0,0,0,0,0,0,0,0,1,1,1,1,1,1,1,1,1,0,0,0,0,0,0,0,0
2007-12-06 10:45:00+00:00,30,12,10,,,0,0,0,0,0,0,0,0,0,0,0,0,0,0,0,0,0,0,0,0,0,0,0,0,0
2007-12-06 10:45:00+00:00,30,12,10,,158.54551696777344,0,0,0,0,0,0,0,0,0,0,0,0,0,0,0,0,0,0,0,0,0,0,0,0,0
2007-12-06 10:45:00+00:00,30,12,10,69.59634399414062,218.39248657226562,0,0,0,0,0,0,0,0,1,1,1,1,1,1,1,1,1,0,0,0,0,0,0,0,0
2007-12-06 10:45:00+00:00,30,12,10,256.8108825683594,255.82276916503906,0,0,0,0,0,0,0,0,0,0,0,0,0,0,0,1,1,0,0,0,0,0,0,0,0
2007-12-06 10:45:00+00:00,30,12,10,342.9022521972656,385.0417785644531,0,0,0,0,0,0,0,0,0,0,0,0,0,0,0,0,1,0,0,0,0,0,0,0,0
2007-12-06 11:00:00+00:00,30,12,11,,,0,0,0,0,0,0,0,0,0,0,0,0,0,0,0,0,0,0,0,0,0,0,0,0,0
2007-12-06 11:00:00+00:00,30,12,11,,,0,0,0,0,0,0,0,0,0,0,0,0,0,0,0,0,0,0,0,0,0,0,0,0,0
2007-12-06 11:00:00+00:00,30,12,11,,,0,0,0,0,0,0,0,0,0,0,0,0,0,0,0,0,0,0,0,0,0,0,0,0,0
2007-12-06 11:00:00+00:00,30,12,11,51.56552505493164,52.22900390625,0,0,0,0,0,0,0,1,1,1,1,1,1,1,1,1,1,0,0,0,0,0,0,0,1
2007-12-06 11:00:00+00:00,30,12,11,140.09767150878906,7.812295436859131,0,0,0,0,0,0,0,0,0,0,0,1,1,1,1,1,1,1,1,1,1,1,1,1,1
2007-12-06 11:00:00+00:00,30,12,11,316.5000305175781,303.6060485839844,0,0,0,0,0,0,0,0,0,0,0,0,0,0,0,0,1,0,0,0,0,0,0,0,0
2007-12-06 11:00:00+00:00,30,12,11,59.225914001464844,57.31462860107422,0,0,0,0,0,0,0,1,1,1,1,1,1,1,1,1,1,0,0,0,0,0,0,0,1
2007-12-06 11:00:00+00:00,30,12,11,97.52206420898438,96.3169174194336,0,0,0,0,0,0,0,0,0,1,1,1,1,1,1,1,1,0,0,0,0,0,0,0,0
2007-12-06 11:00:00+00:00,30,12,11,,,0,0,0,0,0,0,0,0,0,0,0,0,0,0,0,0,0,0,0,0,0,0,0,0,0
2007-12-06 11:00:00+00:00,30,12,11,361.3077697753906,259.98480224609375,0,0,0,0,0,0,0,0,0,0,0,0,0,0,0,0,0,0,0,0,0,0,0,0,0
2007-12-06 11:00:00+00:00,30,12,11,84.40982055664062,72.65951538085938,0,0,0,0,0,0,0,0,0,1,1,1,1,1,1,1,1,0,0,0,0,0,0,0,0
2007-12-06 11:00:00+00:00,30,12,11,211.75875854492188,180.8768310546875,0,0,0,0,0,0,0,0,0,0,0,0,0,0,1,1,1,0,0,0,0,0,0,0,0
2007-12-06 11:00:00+00:00,30,12,11,62.85400390625,50.1303825378418,0,0,0,0,0,0,0,0,1,1,1,1,1,1,1,1,1,0,0,0,0,0,0,0,1
2007-12-06 11:00:00+00:00,30,12,11,307.26763916015625,310.502685546875,0,0,0,0,0,0,0,0,0,0,0,0,0,0,0,0,1,0,0,0,0,0,0,0,0
2007-12-06 11:00:00+00:00,30,12,11,247.71792602539062,248.82168579101562,0,0,0,0,0,0,0,0,0,0,0,0,0,0,1,1,1,0,0,0,0,0,0,0,0
2007-12-06 11:00:00+00:00,30,12,11,124.02381896972656,120.8398208618164,0,0,0,0,0,0,0,0,0,0,0,1,1,1,1,1,1,0,0,0,0,0,0,0,0
2007-12-06 11:00:00+00:00,30,12,11,188.96412658691406,185.92100524902344,0,0,0,0,0,0,0,0,0,0,0,0,0,1,1,1,1,0,0,0,0,0,0,0,0
2007-12-06 11:00:00+00:00,30,12,11,33.44588851928711,32.79841232299805,0,0,0,0,0,1,1,1,1,1,1,1,1,1,1,1,1,0,0,0,0,0,1,1,1
2007-12-06 11:00:00+00:00,30,12,11,,,0,0,0,0,0,0,0,0,0,0,0,0,0,0,0,0,0,0,0,0,0,0,0,0,0
2007-12-06 11:15:00+00:00,30,12,11,342.6436462402344,400.74102783203125,0,0,0,0,0,0,0,0,0,0,0,0,0,0,0,0,1,0,0,0,0,0,0,0,0
2007-12-06 11:15:00+00:00,30,12,11,358.71759033203125,300.64208984375,0,0,0,0,0,0,0,0,0,0,0,0,0,0,0,0,0,0,0,0,0,0,0,0,0
2007-12-06 11:15:00+00:00,30,12,11,56.209678649902344,45.1093635559082,0,0,0,0,0,0,0,1,1,1,1,1,1,1,1,1,1,0,0,0,0,0,0,1,1
2007-12-06 11:15:00+00:00,30,12,11,157.4705810546875,151.87786865234375,0,0,0,0,0,0,0,0,0,0,0,0,1,1,1,1,1,0,0,0,0,0,0,0,0
2007-12-06 11:15:00+00:00,30,12,11,68.87897491455078,51.09375762939453,0,0,0,0,0,0,0,0,1,1,1,1,1,1,1,1,1,0,0,0,0,0,0,0,1
2007-12-06 11:15:00+00:00,30,12,11,,127.2908706665039,0,0,0,0,0,0,0,0,0,0,0,0,0,0,0,0,0,0,0,0,0,0,0,0,0
2007-12-06 11:15:00+00:00,30,12,11,,85.34837341308594,0,0,0,0,0,0,0,0,0,0,0,0,0,0,0,0,0,0,0,0,0,0,0,0,0
2007-12-06 11:15:00+00:00,30,12,11,58.787803649902344,42.66289520263672,0,0,0,0,0,0,0,1,1,1,1,1,1,1,1,1,1,0,0,0,0,0,0,1,1
2007-12-06 11:15:00+00:00,30,12,11,,50.75321578979492,0,0,0,0,0,0,0,0,0,0,0,0,0,0,0,0,0,0,0,0,0,0,0,0,1
2007-12-06 11:15:00+00:00,30,12,11,472.18505859375,355.1681823730469,0,0,0,0,0,0,0,0,0,0,0,0,0,0,0,0,0,0,0,0,0,0,0,0,0
2007-12-06 11:15:00+00:00,30,12,11,259.5888671875,268.002685546875,0,0,0,0,0,0,0,0,0,0,0,0,0,0,0,1,1,0,0,0,0,0,0,0,0
2007-12-06 11:15:00+00:00,30,12,11,111.4483642578125,123.08943939208984,0,0,0,0,0,0,0,0,0,0,1,1,1,1,1,1,1,0,0,0,0,0,0,0,0
2007-12-06 11:15:00+00:00,30,12,11,317.33935546875,330.61602783203125,0,0,0,0,0,0,0,0,0,0,0,0,0,0,0,0,1,0,0,0,0,0,0,0,0
2007-12-06 11:15:00+00:00,30,12,11,342.6663513183594,355.4422302246094,0,0,0,0,0,0,0,0,0,0,0,0,0,0,0,0,1,0,0,0,0,0,0,0,0
2007-12-06 11:15:00+00:00,30,12,11,159.5023956298828,159.5023956298828,0,0,0,0,0,0,0,0,0,0,0,0,1,1,1,1,1,0,0,0,0,0,0,0,0
2007-12-06 11:15:00+00:00,30,12,11,81.0232925415039,57.91617965698242,0,0,0,0,0,0,0,0,0,1,1,1,1,1,1,1,1,0,0,0,0,0,0,0,1
2007-12-06 11:30:00+00:00,30,12,11,,,0,0,0,0,0,0,0,0,0,0,0,0,0,0,0,0,0,0,0,0,0,0,0,0,0
2007-12-06 11:30:00+00:00,30,12,11,636.0362548828125,585.765625,0,0,0,0,0,0,0,0,0,0,0,0,0,0,0,0,0,0,0,0,0,0,0,0,0
2007-12-06 11:30:00+00:00,30,12,11,359.95379638671875,376.1685791015625,0,0,0,0,0,0,0,0,0,0,0,0,0,0,0,0,0,0,0,0,0,0,0,0,0
2007-12-06 11:30:00+00:00,30,12,11,372.2247314453125,0.0,0,0,0,0,0,0,0,0,0,0,0,0,0,0,0,0,0,1,1,1,1,1,1,1,1
2007-12-06 11:30:00+00:00,30,12,11,103.55661010742188,98.72547912597656,0,0,0,0,0,0,0,0,0,0,1,1,1,1,1,1,1,0,0,0,0,0,0,0,0
2007-12-06 11:30:00+00:00,30,12,11,124.06187438964844,122.4603042602539,0,0,0,0,0,0,0,0,0,0,0,1,1,1,1,1,1,0,0,0,0,0,0,0,0
2007-12-06 11:30:00+00:00,30,12,11,221.76707458496094,209.16159057617188,0,0,0,0,0,0,0,0,0,0,0,0,0,0,1,1,1,0,0,0,0,0,0,0,0
2007-12-06 11:30:00+00:00,30,12,11,141.2574920654297,82.10609436035156,0,0,0,0,0,0,0,0,0,0,0,1,1,1,1,1,1,0,0,0,0,0,0,0,0
2007-12-06 11:30:00+00:00,30,12,11,61.19297409057617,0.0,0,0,0,0,0,0,0,0,1,1,1,1,1,1,1,1,1,1,1,1,1,1,1,1,1
2007-12-06 11:30:00+00:00,30,12,11,100.92000579833984,51.99808120727539,0,0,0,0,0,0,0,0,0,0,1,1,1,1,1,1,1,0,0,0,0,0,0,0,1
2007-12-06 11:30:00+00:00,30,12,11,228.82826232910156,220.32684326171875,0,0,0,0,0,0,0,0,0,0,0,0,0,0,1,1,1,0,0,0,0,0,0,0,0
2007-12-06 11:30:00+00:00,30,12,11,289.67578125,299.6756591796875,0,0,0,0,0,0,0,0,0,0,0,0,0,0,0,1,1,0,0,0,0,0,0,0,0
2007-12-06 11:30:00+00:00,30,12,11,,,0,0,0,0,0,0,0,0,0,0,0,0,0,0,0,0,0,0,0,0,0,0,0,0,0
2007-12-06 11:30:00+00:00,30,12,11,96.49644470214844,99.83837127685547,0,0,0,0,0,0,0,0,0,1,1,1,1,1,1,1,1,0,0,0,0,0,0,0,0
2007-12-06 11:30:00+00:00,30,12,11,306.96673583984375,309.2489929199219,0,0,0,0,0,0,0,0,0,0,0,0,0,0,0,0,1,0,0,0,0,0,0,0,0
2007-12-06 11:30:00+00:00,30,12,11,281.568359375,280.9352722167969,0,0,0,0,0,0,0,0,0,0,0,0,0,0,0,1,1,0,0,0,0,0,0,0,0
2007-12-06 11:30:00+00:00,30,12,11,,,0,0,0,0,0,0,0,0,0,0,0,0,0,0,0,0,0,0,0,0,0,0,0,0,0
2007-12-06 11:45:00+00:00,30,12,11,,,0,0,0,0,0,0,0,0,0,0,0,0,0,0,0,0,0,0,0,0,0,0,0,0,0
2007-12-06 11:45:00+00:00,30,12,11,427.0916442871094,,0,0,0,0,0,0,0,0,0,0,0,0,0,0,0,0,0,0,0,0,0,0,0,0,0
2007-12-06 11:45:00+00:00,30,12,11,283.7136535644531,215.271728515625,0,0,0,0,0,0,0,0,0,0,0,0,0,0,0,1,1,0,0,0,0,0,0,0,0
2007-12-06 11:45:00+00:00,30,12,11,,,0,0,0,0,0,0,0,0,0,0,0,0,0,0,0,0,0,0,0,0,0,0,0,0,0
2007-12-06 11:45:00+00:00,30,12,11,213.94668579101562,181.5974884033203,0,0,0,0,0,0,0,0,0,0,0,0,0,0,1,1,1,0,0,0,0,0,0,0,0
2007-12-06 11:45:00+00:00,30,12,11,93.05316162109375,76.10472869873047,0,0,0,0,0,0,0,0,0,1,1,1,1,1,1,1,1,0,0,0,0,0,0,0,0
2007-12-06 11:45:00+00:00,30,12,11,123.35717010498047,36.742103576660156,0,0,0,0,0,0,0,0,0,0,0,1,1,1,1,1,1,0,0,0,0,0,1,1,1
2007-12-06 11:45:00+00:00,30,12,11,124.10517883300781,117.81282806396484,0,0,0,0,0,0,0,0,0,0,0,1,1,1,1,1,1,0,0,0,0,0,0,0,0
2007-12-06 11:45:00+00:00,30,12,11,144.04879760742188,122.16267395019531,0,0,0,0,0,0,0,0,0,0,0,1,1,1,1,1,1,0,0,0,0,0,0,0,0
2007-12-06 11:45:00+00:00,30,12,11,,,0,0,0,0,0,0,0,0,0,0,0,0,0,0,0,0,0,0,0,0,0,0,0,0,0
2007-12-06 11:45:00+00:00,30,12,11,433.27386474609375,379.2685241699219,0,0,0,0,0,0,0,0,0,0,0,0,0,0,0,0,0,0,0,0,0,0,0,0,0
2007-12-06 11:45:00+00:00,30,12,11,332.33062744140625,352.53076171875,0,0,0,0,0,0,0,0,0,0,0,0,0,0,0,0,1,0,0,0,0,0,0,0,0
2007-12-06 11:45:00+00:00,30,12,11,496.7652893066406,303.5180358886719,0,0,0,0,0,0,0,0,0,0,0,0,0,0,0,0,0,0,0,0,0,0,0,0,0
2007-12-06 11:45:00+00:00,30,12,11,442.8564147949219,234.5012664794922,0,0,0,0,0,0,0,0,0,0,0,0,0,0,0,0,0,0,0,0,0,0,0,0,0
2007-12-06 11:45:00+00:00,30,12,11,66.44725799560547,42.771968841552734,0,0,0,0,0,0,0,0,1,1,1,1,1,1,1,1,1,0,0,0,0,0,0,1,1
2007-12-06 11:45:00+00:00,30,12,11,289.2831115722656,152.7217254638672,0,0,0,0,0,0,0,0,0,0,0,0,0,0,0,1,1,0,0,0,0,0,0,0,0
2007-12-06 11:45:00+00:00,30,12,11,325.1282653808594,162.3319854736328,0,0,0,0,0,0,0,0,0,0,0,0,0,0,0,0,1,0,0,0,0,0,0,0,0
2007-12-06 11:45:00+00:00,30,12,11,51.951698303222656,49.28168869018555,0,0,0,0,0,0,0,1,1,1,1,1,1,1,1,1,1,0,0,0,0,0,0,1,1
2007-12-06 12:00:00+00:00,30,12,12,,,0,0,0,0,0,0,0,0,0,0,0,0,0,0,0,0,0,0,0,0,0,0,0,0,0
2007-12-06 12:00:00+00:00,30,12,12,394.90386962890625,400.72821044921875,0,0,0,0,0,0,0,0,0,0,0,0,0,0,0,0,0,0,0,0,0,0,0,0,0
2007-12-06 12:00:00+00:00,30,12,12,406.00518798828125,420.621337890625,0,0,0,0,0,0,0,0,0,0,0,0,0,0,0,0,0,0,0,0,0,0,0,0,0
2007-12-06 12:00:00+00:00,30,12,12,264.5576477050781,264.9783630371094,0,0,0,0,0,0,0,0,0,0,0,0,0,0,0,1,1,0,0,0,0,0,0,0,0
2007-12-06 12:00:00+00:00,30,12,12,238.3041229248047,237.6217041015625,0,0,0,0,0,0,0,0,0,0,0,0,0,0,1,1,1,0,0,0,0,0,0,0,0
2007-12-06 12:00:00+00:00,30,12,12,114.71420288085938,113.85778045654297,0,0,0,0,0,0,0,0,0,0,1,1,1,1,1,1,1,0,0,0,0,0,0,0,0
2007-12-06 12:00:00+00:00,30,12,12,52.495574951171875,40.38265609741211,0,0,0,0,0,0,0,1,1,1,1,1,1,1,1,1,1,0,0,0,0,0,0,1,1
2007-12-06 12:00:00+00:00,30,12,12,157.08848571777344,93.10563659667969,0,0,0,0,0,0,0,0,0,0,0,0,1,1,1,1,1,0,0,0,0,0,0,0,0
2007-12-06 12:00:00+00:00,30,12,12,447.0762939453125,96.37088012695312,0,0,0,0,0,0,0,0,0,0,0,0,0,0,0,0,0,0,0,0,0,0,0,0,0
2007-12-06 12:00:00+00:00,30,12,12,389.75439453125,412.3117980957031,0,0,0,0,0,0,0,0,0,0,0,0,0,0,0,0,0,0,0,0,0,0,0,0,0
2007-12-06 12:00:00+00:00,30,12,12,147.4496307373047,165.22434997558594,0,0,0,0,0,0,0,0,0,0,0,1,1,1,1,1,1,0,0,0,0,0,0,0,0
2007-12-06 12:00:00+00:00,30,12,12,209.68252563476562,7.00248384475708,0,0,0,0,0,0,0,0,0,0,0,0,0,0,1,1,1,1,1,1,1,1,1,1,1
2007-12-06 12:00:00+00:00,30,12,12,,,0,0,0,0,0,0,0,0,0,0,0,0,0,0,0,0,0,0,0,0,0,0,0,0,0
2007-12-06 12:00:00+00:00,30,12,12,240.3158416748047,0.0,0,0,0,0,0,0,0,0,0,0,0,0,0,0,1,1,1,1,1,1,1,1,1,1,1
2007-12-06 12:00:00+00:00,30,12,12,281.1599426269531,104.4104232788086,0,0,0,0,0,0,0,0,0,0,0,0,0,0,0,1,1,0,0,0,0,0,0,0,0
2007-12-06 12:00:00+00:00,30,12,12,228.16070556640625,222.69857788085938,0,0,0,0,0,0,0,0,0,0,0,0,0,0,1,1,1,0,0,0,0,0,0,0,0
2007-12-06 12:00:00+00:00,30,12,12,,214.3765106201172,0,0,0,0,0,0,0,0,0,0,0,0,0,0,0,0,0,0,0,0,0,0,0,0,0
2007-12-06 12:15:00+00:00,30,12,12,,241.58042907714844,0,0,0,0,0,0,0,0,0,0,0,0,0,0,0,0,0,0,0,0,0,0,0,0,0
2007-12-06 12:15:00+00:00,30,12,12,,511.4088439941406,0,0,0,0,0,0,0,0,0,0,0,0,0,0,0,0,0,0,0,0,0,0,0,0,0
2007-12-06 12:15:00+00:00,30,12,12,,232.2532958984375,0,0,0,0,0,0,0,0,0,0,0,0,0,0,0,0,0,0,0,0,0,0,0,0,0
2007-12-06 12:15:00+00:00,30,12,12,399.2381591796875,175.19552612304688,0,0,0,0,0,0,0,0,0,0,0,0,0,0,0,0,0,0,0,0,0,0,0,0,0
2007-12-06 12:15:00+00:00,30,12,12,304.3028259277344,310.13079833984375,0,0,0,0,0,0,0,0,0,0,0,0,0,0,0,0,1,0,0,0,0,0,0,0,0
2007-12-06 12:15:00+00:00,30,12,12,81.50337982177734,80.48995208740234,0,0,0,0,0,0,0,0,0,1,1,1,1,1,1,1,1,0,0,0,0,0,0,0,0
2007-12-06 12:15:00+00:00,30,12,12,60.73828125,58.10573196411133,0,0,0,0,0,0,0,0,1,1,1,1,1,1,1,1,1,0,0,0,0,0,0,0,1
2007-12-06 12:15:00+00:00,30,12,12,60.155723571777344,54.078914642333984,0,0,0,0,0,0,0,0,1,1,1,1,1,1,1,1,1,0,0,0,0,0,0,0,1
2007-12-06 12:15:00+00:00,30,12,12,156.7476806640625,4.152373790740967,0,0,0,0,0,0,0,0,0,0,0,0,1,1,1,1,1,1,1,1,1,1,1,1,1
2007-12-06 12:15:00+00:00,30,12,12,95.23133850097656,81.86954498291016,0,0,0,0,0,0,0,0,0,1,1,1,1,1,1,1,1,0,0,0,0,0,0,0,0
2007-12-06 12:15:00+00:00,30,12,12,116.65560150146484,0.0,0,0,0,0,0,0,0,0,0,0,1,1,1,1,1,1,1,1,1,1,1,1,1,1,1
2007-12-06 12:15:00+00:00,30,12,12,378.8047180175781,370.1810607910156,0,0,0,0,0,0,0,0,0,0,0,0,0,0,0,0,0,0,0,0,0,0,0,0,0
2007-12-06 12:15:00+00:00,30,12,12,,,0,0,0,0,0,0,0,0,0,0,0,0,0,0,0,0,0,0,0,0,0,0,0,0,0
2007-12-06 12:15:00+00:00,30,12,12,193.45335388183594,212.71043395996094,0,0,0,0,0,0,0,0,0,0,0,0,0,1,1,1,1,0,0,0,0,0,0,0,0
2007-12-06 12:15:00+00:00,30,12,12,82.26282501220703,73.82726287841797,0,0,0,0,0,0,0,0,0,1,1,1,1,1,1,1,1,0,0,0,0,0,0,0,0
2007-12-06 12:15:00+00:00,30,12,12,358.3114929199219,243.53433227539062,0,0,0,0,0,0,0,0,0,0,0,0,0,0,0,0,0,0,0,0,0,0,0,0,0
2007-12-06 12:15:00+00:00,30,12,12,316.61151123046875,306.2765197753906,0,0,0,0,0,0,0,0,0,0,0,0,0,0,0,0,1,0,0,0,0,0,0,0,0
2007-12-06 12:15:00+00:00,30,12,12,175.24378967285156,170.55059814453125,0,0,0,0,0,0,0,0,0,0,0,0,1,1,1,1,1,0,0,0,0,0,0,0,0
2007-12-06 12:15:00+00:00,30,12,12,,,0,0,0,0,0,0,0,0,0,0,0,0,0,0,0,0,0,0,0,0,0,0,0,0,0
2007-12-06 12:15:00+00:00,30,12,12,395.398193359375,154.0864715576172,0,0,0,0,0,0,0,0,0,0,0,0,0,0,0,0,0,0,0,0,0,0,0,0,0
2007-12-06 12:15:00+00:00,30,12,12,349.2391357421875,195.52789306640625,0,0,0,0,0,0,0,0,0,0,0,0,0,0,0,0,1,0,0,0,0,0,0,0,0
2007-12-06 12:30:00+00:00,30,12,12,,333.30029296875,0,0,0,0,0,0,0,0,0,0,0,0,0,0,0,0,0,0,0,0,0,0,0,0,0
2007-12-06 12:30:00+00:00,30,12,12,383.1271667480469,71.00493621826172,0,0,0,0,0,0,0,0,0,0,0,0,0,0,0,0,0,0,0,0,0,0,0,0,0
2007-12-06 12:30:00+00:00,30,12,12,351.28009033203125,36.07620620727539,0,0,0,0,0,0,0,0,0,0,0,0,0,0,0,0,0,0,0,0,0,0,1,1,1
2007-12-06 12:30:00+00:00,30,12,12,65.22982025146484,50.893821716308594,0,0,0,0,0,0,0,0,1,1,1,1,1,1,1,1,1,0,0,0,0,0,0,0,1
2007-12-06 12:30:00+00:00,30,12,12,91.67280578613281,88.18779754638672,0,0,0,0,0,0,0,0,0,1,1,1,1,1,1,1,1,0,0,0,0,0,0,0,0
2007-12-06 12:30:00+00:00,30,12,12,157.9806365966797,167.70523071289062,0,0,0,0,0,0,0,0,0,0,0,0,1,1,1,1,1,0,0,0,0,0,0,0,0
2007-12-06 12:30:00+00:00,30,12,12,174.26669311523438,167.654541015625,0,0,0,0,0,0,0,0,0,0,0,0,1,1,1,1,1,0,0,0,0,0,0,0,0
2007-12-06 12:30:00+00:00,30,12,12,154.0018768310547,133.24098205566406,0,0,0,0,0,0,0,0,0,0,0,0,1,1,1,1,1,0,0,0,0,0,0,0,0
2007-12-06 12:30:00+00:00,30,12,12,97.455810546875,76.71692657470703,0,0,0,0,0,0,0,0,0,1,1,1,1,1,1,1,1,0,0,0,0,0,0,0,0
2007-12-06 12:30:00+00:00,30,12,12,,,0,0,0,0,0,0,0,0,0,0,0,0,0,0,0,0,0,0,0,0,0,0,0,0,0
2007-12-06 12:30:00+00:00,30,12,12,47.61959457397461,26.60857582092285,0,0,0,0,0,0,1,1,1,1,1,1,1,1,1,1,1,0,0,0,0,1,1,1,1
2007-12-06 12:30:00+00:00,30,12,12,48.845027923583984,34.86146545410156,0,0,0,0,0,0,1,1,1,1,1,1,1,1,1,1,1,0,0,0,0,0,1,1,1
2007-12-06 12:30:00+00:00,30,12,12,340.672607421875,307.5976867675781,0,0,0,0,0,0,0,0,0,0,0,0,0,0,0,0,1,0,0,0,0,0,0,0,0
2007-12-06 12:30:00+00:00,30,12,12,119.88099670410156,57.831199645996094,0,0,0,0,0,0,0,0,0,0,1,1,1,1,1,1,1,0,0,0,0,0,0,0,1
2007-12-06 12:30:00+00:00,30,12,12,98.98626708984375,91.90642547607422,0,0,0,0,0,0,0,0,0,1,1,1,1,1,1,1,1,0,0,0,0,0,0,0,0
2007-12-06 12:30:00+00:00,30,12,12,326.4049987792969,315.2999267578125,0,0,0,0,0,0,0,0,0,0,0,0,0,0,0,0,1,0,0,0,0,0,0,0,0
2007-12-06 12:30:00+00:00,30,12,12,393.34332275390625,392.00439453125,0,0,0,0,0,0,0,0,0,0,0,0,0,0,0,0,0,0,0,0,0,0,0,0,0
2007-12-06 12:30:00+00:00,30,12,12,,,0,0,0,0,0,0,0,0,0,0,0,0,0,0,0,0,0,0,0,0,0,0,0,0,0
2007-12-06 12:45:00+00:00,30,12,12,284.68182373046875,225.14126586914062,0,0,0,0,0,0,0,0,0,0,0,0,0,0,0,1,1,0,0,0,0,0,0,0,0
2007-12-06 12:45:00+00:00,30,12,12,97.06694030761719,152.6402587890625,0,0,0,0,0,0,0,0,0,1,1,1,1,1,1,1,1,0,0,0,0,0,0,0,0
2007-12-06 12:45:00+00:00,30,12,12,128.55560302734375,162.10275268554688,0,0,0,0,0,0,0,0,0,0,0,1,1,1,1,1,1,0,0,0,0,0,0,0,0
2007-12-06 12:45:00+00:00,30,12,12,98.02323150634766,154.7200164794922,0,0,0,0,0,0,0,0,0,1,1,1,1,1,1,1,1,0,0,0,0,0,0,0,0
2007-12-06 12:45:00+00:00,30,12,12,145.48313903808594,67.637939453125,0,0,0,0,0,0,0,0,0,0,0,1,1,1,1,1,1,0,0,0,0,0,0,0,0
2007-12-06 12:45:00+00:00,30,12,12,132.9210968017578,76.98148345947266,0,0,0,0,0,0,0,0,0,0,0,1,1,1,1,1,1,0,0,0,0,0,0,0,0
2007-12-06 12:45:00+00:00,30,12,12,90.79191589355469,105.90514373779297,0,0,0,0,0,0,0,0,0,1,1,1,1,1,1,1,1,0,0,0,0,0,0,0,0
2007-12-06 12:45:00+00:00,30,12,12,112.47523498535156,106.07417297363281,0,0,0,0,0,0,0,0,0,0,1,1,1,1,1,1,1,0,0,0,0,0,0,0,0
2007-12-06 12:45:00+00:00,30,12,12,113.44828796386719,102.37740325927734,0,0,0,0,0,0,0,0,0,0,1,1,1,1,1,1,1,0,0,0,0,0,0,0,0
2007-12-06 12:45:00+00:00,30,12,12,209.2937469482422,206.7896270751953,0,0,0,0,0,0,0,0,0,0,0,0,0,0,1,1,1,0,0,0,0,0,0,0,0
2007-12-06 12:45:00+00:00,30,12,12,,,0,0,0,0,0,0,0,0,0,0,0,0,0,0,0,0,0,0,0,0,0,0,0,0,0
2007-12-06 12:45:00+00:00,30,12,12,,,0,0,0,0,0,0,0,0,0,0,0,0,0,0,0,0,0,0,0,0,0,0,0,0,0
2007-12-06 12:45:00+00:00,30,12,12,110.78559875488281,76.88130950927734,0,0,0,0,0,0,0,0,0,0,1,1,1,1,1,1,1,0,0,0,0,0,0,0,0
2007-12-06 12:45:00+00:00,30,12,12,246.42901611328125,221.81968688964844,0,0,0,0,0,0,0,0,0,0,0,0,0,0,1,1,1,0,0,0,0,0,0,0,0
2007-12-06 12:45:00+00:00,30,12,12,386.4614562988281,363.47589111328125,0,0,0,0,0,0,0,0,0,0,0,0,0,0,0,0,0,0,0,0,0,0,0,0,0
2007-12-06 12:45:00+00:00,30,12,12,44.81387710571289,50.10133743286133,0,0,0,0,0,0,1,1,1,1,1,1,1,1,1,1,1,0,0,0,0,0,0,0,1
2007-12-06 12:45:00+00:00,30,12,12,372.9398498535156,341.5696105957031,0,0,0,0,0,0,0,0,0,0,0,0,0,0,0,0,0,0,0,0,0,0,0,0,0
2007-12-06 12:45:00+00:00,30,12,12,,,0,0,0,0,0,0,0,0,0,0,0,0,0,0,0,0,0,0,0,0,0,0,0,0,0
2007-12-06 12:45:00+00:00,30,12,12,,,0,0,0,0,0,0,0,0,0,0,0,0,0,0,0,0,0,0,0,0,0,0,0,0,0
2007-12-06 12:45:00+00:00,30,12,12,321.41009521484375,4.552886486053467,0,0,0,0,0,0,0,0,0,0,0,0,0,0,0,0,1,1,1,1,1,1,1,1,1
2007-12-06 12:45:00+00:00,30,12,12,,,0,0,0,0,0,0,0,0,0,0,0,0,0,0,0,0,0,0,0,0,0,0,0,0,0
2007-12-06 12:45:00+00:00,30,12,12,306.86456298828125,39.347171783447266,0,0,0,0,0,0,0,0,0,0,0,0,0,0,0,0,1,0,0,0,0,0,1,1,1
2007-12-06 12:45:00+00:00,30,12,12,235.24635314941406,101.06719207763672,0,0,0,0,0,0,0,0,0,0,0,0,0,0,1,1,1,0,0,0,0,0,0,0,0
2007-12-06 12:45:00+00:00,30,12,12,65.74330139160156,74.89322662353516,0,0,0,0,0,0,0,0,1,1,1,1,1,1,1,1,1,0,0,0,0,0,0,0,0
2007-12-06 12:45:00+00:00,30,12,12,286.42828369140625,40.59965133666992,0,0,0,0,0,0,0,0,0,0,0,0,0,0,0,1,1,0,0,0,0,0,0,1,1
2007-12-06 12:45:00+00:00,30,12,12,229.78512573242188,4.416947364807129,0,0,0,0,0,0,0,0,0,0,0,0,0,0,1,1,1,1,1,1,1,1,1,1,1
2007-12-06 12:45:00+00:00,30,12,12,205.02699279785156,3.063387870788574,0,0,0,0,0,0,0,0,0,0,0,0,0,0,1,1,1,1,1,1,1,1,1,1,1
2007-12-06 13:00:00+00:00,30,12,13,520.3348388671875,235.2030029296875,0,0,0,0,0,0,0,0,0,0,0,0,0,0,0,0,0,0,0,0,0,0,0,0,0
2007-12-06 13:00:00+00:00,30,12,13,133.6744842529297,82.75883483886719,0,0,0,0,0,0,0,0,0,0,0,1,1,1,1,1,1,0,0,0,0,0,0,0,0
2007-12-06 13:00:00+00:00,30,12,13,379.0474853515625,271.583251953125,0,0,0,0,0,0,0,0,0,0,0,0,0,0,0,0,0,0,0,0,0,0,0,0,0
2007-12-06 13:00:00+00:00,30,12,13,67.41846466064453,79.31307983398438,0,0,0,0,0,0,0,0,1,1,1,1,1,1,1,1,1,0,0,0,0,0,0,0,0
2007-12-06 13:00:00+00:00,30,12,13,67.08104705810547,58.8883171081543,0,0,0,0,0,0,0,0,1,1,1,1,1,1,1,1,1,0,0,0,0,0,0,0,1
2007-12-06 13:00:00+00:00,30,12,13,98.28614044189453,91.31177520751953,0,0,0,0,0,0,0,0,0,1,1,1,1,1,1,1,1,0,0,0,0,0,0,0,0
2007-12-06 13:00:00+00:00,30,12,13,130.44082641601562,125.1947250366211,0,0,0,0,0,0,0,0,0,0,0,1,1,1,1,1,1,0,0,0,0,0,0,0,0
2007-12-06 13:00:00+00:00,30,12,13,399.7474365234375,380.0859069824219,0,0,0,0,0,0,0,0,0,0,0,0,0,0,0,0,0,0,0,0,0,0,0,0,0
2007-12-06 13:00:00+00:00,30,12,13,91.60870361328125,112.92820739746094,0,0,0,0,0,0,0,0,0,1,1,1,1,1,1,1,1,0,0,0,0,0,0,0,0
2007-12-06 13:00:00+00:00,30,12,13,318.6758117675781,29.8612060546875,0,0,0,0,0,0,0,0,0,0,0,0,0,0,0,0,1,0,0,0,0,1,1,1,1
2007-12-06 13:00:00+00:00,30,12,13,120.51637268066406,4.688270092010498,0,0,0,0,0,0,0,0,0,0,0,1,1,1,1,1,1,1,1,1,1,1,1,1,1
2007-12-06 13:00:00+00:00,30,12,13,,455.4293518066406,0,0,0,0,0,0,0,0,0,0,0,0,0,0,0,0,0,0,0,0,0,0,0,0,0
2007-12-06 13:00:00+00:00,30,12,13,292.7452087402344,210.96099853515625,0,0,0,0,0,0,0,0,0,0,0,0,0,0,0,1,1,0,0,0,0,0,0,0,0
2007-12-06 13:00:00+00:00,30,12,13,42.69309616088867,44.08974075317383,0,0,0,0,0,0,1,1,1,1,1,1,1,1,1,1,1,0,0,0,0,0,0,1,1
2007-12-06 13:00:00+00:00,30,12,13,71.59636688232422,76.45219421386719,0,0,0,0,0,0,0,0,1,1,1,1,1,1,1,1,1,0,0,0,0,0,0,0,0
2007-12-06 13:00:00+00:00,30,12,13,189.02667236328125,178.9497528076172,0,0,0,0,0,0,0,0,0,0,0,0,0,1,1,1,1,0,0,0,0,0,0,0,0
2007-12-06 13:15:00+00:00,30,12,13,286.85430908203125,280.3013916015625,0,0,0,0,0,0,0,0,0,0,0,0,0,0,0,1,1,0,0,0,0,0,0,0,0
2007-12-06 13:15:00+00:00,30,12,13,70.39012908935547,38.7132682800293,0,0,0,0,0,0,0,0,1,1,1,1,1,1,1,1,1,0,0,0,0,0,1,1,1
2007-12-06 13:15:00+00:00,30,12,13,379.8687438964844,364.6269226074219,0,0,0,0,0,0,0,0,0,0,0,0,0,0,0,0,0,0,0,0,0,0,0,0,0
2007-12-06 13:15:00+00:00,30,12,13,110.43170166015625,65.35179901123047,0,0,0,0,0,0,0,0,0,0,1,1,1,1,1,1,1,0,0,0,0,0,0,0,0
2007-12-06 13:15:00+00:00,30,12,13,469.0655822753906,468.9636535644531,0,0,0,0,0,0,0,0,0,0,0,0,0,0,0,0,0,0,0,0,0,0,0,0,0
2007-12-06 13:15:00+00:00,30,12,13,206.257568359375,0.0,0,0,0,0,0,0,0,0,0,0,0,0,0,0,1,1,1,1,1,1,1,1,1,1,1
2007-12-06 13:15:00+00:00,30,12,13,156.07992553710938,169.6427764892578,0,0,0,0,0,0,0,0,0,0,0,0,1,1,1,1,1,0,0,0,0,0,0,0,0
2007-12-06 13:15:00+00:00,30,12,13,73.57440185546875,80.92102813720703,0,0,0,0,0,0,0,0,1,1,1,1,1,1,1,1,1,0,0,0,0,0,0,0,0
2007-12-06 13:15:00+00:00,30,12,13,35.494163513183594,27.924407958984375,0,0,0,0,0,1,1,1,1,1,1,1,1,1,1,1,1,0,0,0,0,1,1,1,1
2007-12-06 13:15:00+00:00,30,12,13,453.70379638671875,385.2290344238281,0,0,0,0,0,0,0,0,0,0,0,0,0,0,0,0,0,0,0,0,0,0,0,0,0
2007-12-06 13:15:00+00:00,30,12,13,70.3315200805664,79.6263198852539,0,0,0,0,0,0,0,0,1,1,1,1,1,1,1,1,1,0,0,0,0,0,0,0,0
2007-12-06 13:15:00+00:00,30,12,13,149.03286743164062,120.35536193847656,0,0,0,0,0,0,0,0,0,0,0,1,1,1,1,1,1,0,0,0,0,0,0,0,0
2007-12-06 13:30:00+00:00,30,12,13,298.09075927734375,313.9812316894531,0,0,0,0,0,0,0,0,0,0,0,0,0,0,0,1,1,0,0,0,0,0,0,0,0
2007-12-06 13:30:00+00:00,30,12,13,95.26280975341797,59.22270202636719,0,0,0,0,0,0,0,0,0,1,1,1,1,1,1,1,1,0,0,0,0,0,0,0,1
2007-12-06 13:30:00+00:00,30,12,13,108.47895812988281,30.46126937866211,0,0,0,0,0,0,0,0,0,0,1,1,1,1,1,1,1,0,0,0,0,0,1,1,1
2007-12-06 13:30:00+00:00,30,12,13,358.1141357421875,344.65631103515625,0,0,0,0,0,0,0,0,0,0,0,0,0,0,0,0,0,0,0,0,0,0,0,0,0
2007-12-06 13:30:00+00:00,30,12,13,125.97389221191406,118.98616790771484,0,0,0,0,0,0,0,0,0,0,0,1,1,1,1,1,1,0,0,0,0,0,0,0,0
2007-12-06 13:30:00+00:00,30,12,13,249.77130126953125,222.950439453125,0,0,0,0,0,0,0,0,0,0,0,0,0,0,1,1,1,0,0,0,0,0,0,0,0
2007-12-06 13:30:00+00:00,30,12,13,55.375099182128906,0.0,0,0,0,0,0,0,0,1,1,1,1,1,1,1,1,1,1,1,1,1,1,1,1,1,1
2007-12-06 13:30:00+00:00,30,12,13,181.7918243408203,32.58693313598633,0,0,0,0,0,0,0,0,0,0,0,0,0,1,1,1,1,0,0,0,0,0,1,1,1
2007-12-06 13:30:00+00:00,30,12,13,116.08052062988281,61.1290397644043,0,0,0,0,0,0,0,0,0,0,1,1,1,1,1,1,1,0,0,0,0,0,0,0,0
2007-12-06 13:30:00+00:00,30,12,13,222.96620178222656,168.98916625976562,0,0,0,0,0,0,0,0,0,0,0,0,0,0,1,1,1,0,0,0,0,0,0,0,0
2007-12-06 13:45:00+00:00,30,12,13,302.6740417480469,286.3944091796875,0,0,0,0,0,0,0,0,0,0,0,0,0,0,0,0,1,0,0,0,0,0,0,0,0
2007-12-06 13:45:00+00:00,30,12,13,,,0,0,0,0,0,0,0,0,0,0,0,0,0,0,0,0,0,0,0,0,0,0,0,0,0
2007-12-06 13:45:00+00:00,30,12,13,98.69580841064453,87.54852294921875,0,0,0,0,0,0,0,0,0,1,1,1,1,1,1,1,1,0,0,0,0,0,0,0,0
2007-12-06 13:45:00+00:00,30,12,13,68.21282196044922,55.26137924194336,0,0,0,0,0,0,0,0,1,1,1,1,1,1,1,1,1,0,0,0,0,0,0,0,1
2007-12-06 13:45:00+00:00,30,12,13,39.55522155761719,89.56924438476562,0,0,0,0,0,1,1,1,1,1,1,1,1,1,1,1,1,0,0,0,0,0,0,0,0
2007-12-06 13:45:00+00:00,30,12,13,41.0173225402832,62.73992156982422,0,0,0,0,0,0,1,1,1,1,1,1,1,1,1,1,1,0,0,0,0,0,0,0,0
2007-12-06 13:45:00+00:00,30,12,13,120.51812744140625,115.34001159667969,0,0,0,0,0,0,0,0,0,0,0,1,1,1,1,1,1,0,0,0,0,0,0,0,0
2007-12-06 13:45:00+00:00,30,12,13,62.64225387573242,56.83018493652344,0,0,0,0,0,0,0,0,1,1,1,1,1,1,1,1,1,0,0,0,0,0,0,0,1
2007-12-06 13:45:00+00:00,30,12,13,140.5782470703125,166.48489379882812,0,0,0,0,0,0,0,0,0,0,0,1,1,1,1,1,1,0,0,0,0,0,0,0,0
2007-12-06 13:45:00+00:00,30,12,13,296.12152099609375,10.210416793823242,0,0,0,0,0,0,0,0,0,0,0,0,0,0,0,1,1,0,1,1,1,1,1,1,1
2007-12-06 13:45:00+00:00,30,12,13,137.0113525390625,145.72137451171875,0,0,0,0,0,0,0,0,0,0,0,1,1,1,1,1,1,0,0,0,0,0,0,0,0
2007-12-06 13:45:00+00:00,30,12,13,258.36785888671875,74.25923919677734,0,0,0,0,0,0,0,0,0,0,0,0,0,0,0,1,1,0,0,0,0,0,0,0,0
2007-12-06 13:45:00+00:00,30,12,13,60.591392517089844,50.16832733154297,0,0,0,0,0,0,0,0,1,1,1,1,1,1,1,1,1,0,0,0,0,0,0,0,1
2007-12-06 13:45:00+00:00,30,12,13,33.658870697021484,24.41724395751953,0,0,0,0,0,1,1,1,1,1,1,1,1,1,1,1,1,0,0,0,1,1,1,1,1
2007-12-06 13:45:00+00:00,30,12,13,88.20156860351562,72.49622344970703,0,0,0,0,0,0,0,0,0,1,1,1,1,1,1,1,1,0,0,0,0,0,0,0,0
2007-12-06 13:45:00+00:00,30,12,13,152.90863037109375,94.84135437011719,0,0,0,0,0,0,0,0,0,0,0,0,1,1,1,1,1,0,0,0,0,0,0,0,0
2007-12-06 13:45:00+00:00,30,12,13,151.87738037109375,149.56874084472656,0,0,0,0,0,0,0,0,0,0,0,0,1,1,1,1,1,0,0,0,0,0,0,0,0
2007-12-06 14:00:00+00:00,30,12,14,338.9930725097656,311.5601501464844,0,0,0,0,0,0,0,0,0,0,0,0,0,0,0,0,1,0,0,0,0,0,0,0,0
2007-12-06 14:00:00+00:00,30,12,14,366.1322021484375,377.5243835449219,0,0,0,0,0,0,0,0,0,0,0,0,0,0,0,0,0,0,0,0,0,0,0,0,0
2007-12-06 14:00:00+00:00,30,12,14,66.79735565185547,56.83154296875,0,0,0,0,0,0,0,0,1,1,1,1,1,1,1,1,1,0,0,0,0,0,0,0,1
2007-12-06 14:00:00+00:00,30,12,14,314.3770446777344,59.053279876708984,0,0,0,0,0,0,0,0,0,0,0,0,0,0,0,0,1,0,0,0,0,0,0,0,1
2007-12-06 14:00:00+00:00,30,12,14,71.11717987060547,63.35504913330078,0,0,0,0,0,0,0,0,1,1,1,1,1,1,1,1,1,0,0,0,0,0,0,0,0
2007-12-06 14:00:00+00:00,30,12,14,81.2743911743164,44.693172454833984,0,0,0,0,0,0,0,0,0,1,1,1,1,1,1,1,1,0,0,0,0,0,0,1,1
2007-12-06 14:00:00+00:00,30,12,14,35.26970291137695,3.537086009979248,0,0,0,0,0,1,1,1,1,1,1,1,1,1,1,1,1,1,1,1,1,1,1,1,1
2007-12-06 14:00:00+00:00,30,12,14,93.46920776367188,45.58565139770508,0,0,0,0,0,0,0,0,0,1,1,1,1,1,1,1,1,0,0,0,0,0,0,1,1
2007-12-06 14:00:00+00:00,30,12,14,253.2625274658203,109.68883514404297,0,0,0,0,0,0,0,0,0,0,0,0,0,0,0,1,1,0,0,0,0,0,0,0,0
2007-12-06 14:00:00+00:00,30,12,14,298.3736572265625,235.96116638183594,0,0,0,0,0,0,0,0,0,0,0,0,0,0,0,1,1,0,0,0,0,0,0,0,0
2007-12-06 14:00:00+00:00,30,12,14,224.8895721435547,206.81846618652344,0,0,0,0,0,0,0,0,0,0,0,0,0,0,1,1,1,0,0,0,0,0,0,0,0
2007-12-06 14:00:00+00:00,30,12,14,170.0253143310547,161.98231506347656,0,0,0,0,0,0,0,0,0,0,0,0,1,1,1,1,1,0,0,0,0,0,0,0,0
2007-12-06 14:00:00+00:00,30,12,14,383.39532470703125,371.4468994140625,0,0,0,0,0,0,0,0,0,0,0,0,0,0,0,0,0,0,0,0,0,0,0,0,0
2007-12-06 14:15:00+00:00,30,12,14,353.7561340332031,343.1360168457031,0,0,0,0,0,0,0,0,0,0,0,0,0,0,0,0,0,0,0,0,0,0,0,0,0
2007-12-06 14:15:00+00:00,30,12,14,379.0299377441406,355.1518249511719,0,0,0,0,0,0,0,0,0,0,0,0,0,0,0,0,0,0,0,0,0,0,0,0,0
2007-12-06 14:15:00+00:00,30,12,14,123.2891616821289,116.20269012451172,0,0,0,0,0,0,0,0,0,0,0,1,1,1,1,1,1,0,0,0,0,0,0,0,0
2007-12-06 14:15:00+00:00,30,12,14,54.426483154296875,192.28048706054688,0,0,0,0,0,0,0,1,1,1,1,1,1,1,1,1,1,0,0,0,0,0,0,0,0
2007-12-06 14:15:00+00:00,30,12,14,58.81629943847656,19.505708694458008,0,0,0,0,0,0,0,1,1,1,1,1,1,1,1,1,1,0,0,1,1,1,1,1,1
2007-12-06 14:15:00+00:00,30,12,14,148.9910125732422,98.2569808959961,0,0,0,0,0,0,0,0,0,0,0,1,1,1,1,1,1,0,0,0,0,0,0,0,0
2007-12-06 14:15:00+00:00,30,12,14,40.603057861328125,45.885704040527344,0,0,0,0,0,0,1,1,1,1,1,1,1,1,1,1,1,0,0,0,0,0,0,1,1
2007-12-06 14:15:00+00:00,30,12,14,,,0,0,0,0,0,0,0,0,0,0,0,0,0,0,0,0,0,0,0,0,0,0,0,0,0
2007-12-06 14:15:00+00:00,30,12,14,188.46864318847656,216.15786743164062,0,0,0,0,0,0,0,0,0,0,0,0,0,1,1,1,1,0,0,0,0,0,0,0,0
2007-12-06 14:30:00+00:00,30,12,14,409.7099914550781,440.8399963378906,0,0,0,0,0,0,0,0,0,0,0,0,0,0,0,0,0,0,0,0,0,0,0,0,0
2007-12-06 14:30:00+00:00,30,12,14,380.121826171875,409.1988525390625,0,0,0,0,0,0,0,0,0,0,0,0,0,0,0,0,0,0,0,0,0,0,0,0,0
2007-12-06 14:30:00+00:00,30,12,14,,,0,0,0,0,0,0,0,0,0,0,0,0,0,0,0,0,0,0,0,0,0,0,0,0,0
2007-12-06 14:30:00+00:00,30,12,14,241.99586486816406,288.4926452636719,0,0,0,0,0,0,0,0,0,0,0,0,0,0,1,1,1,0,0,0,0,0,0,0,0
2007-12-06 14:30:00+00:00,30,12,14,151.30401611328125,192.31422424316406,0,0,0,0,0,0,0,0,0,0,0,0,1,1,1,1,1,0,0,0,0,0,0,0,0
2007-12-06 14:30:00+00:00,30,12,14,268.65753173828125,258.5009460449219,0,0,0,0,0,0,0,0,0,0,0,0,0,0,0,1,1,0,0,0,0,0,0,0,0
2007-12-06 14:30:00+00:00,30,12,14,169.66395568847656,197.33767700195312,0,0,0,0,0,0,0,0,0,0,0,0,1,1,1,1,1,0,0,0,0,0,0,0,0
2007-12-06 14:30:00+00:00,30,12,14,133.97967529296875,132.88601684570312,0,0,0,0,0,0,0,0,0,0,0,1,1,1,1,1,1,0,0,0,0,0,0,0,0
2007-12-06 14:30:00+00:00,30,12,14,71.09469604492188,58.773765563964844,0,0,0,0,0,0,0,0,1,1,1,1,1,1,1,1,1,0,0,0,0,0,0,0,1
2007-12-06 14:30:00+00:00,30,12,14,52.95150375366211,36.33905029296875,0,0,0,0,0,0,0,1,1,1,1,1,1,1,1,1,1,0,0,0,0,0,1,1,1
2007-12-06 14:30:00+00:00,30,12,14,90.26666259765625,79.11298370361328,0,0,0,0,0,0,0,0,0,1,1,1,1,1,1,1,1,0,0,0,0,0,0,0,0
2007-12-06 14:45:00+00:00,30,12,14,411.3065490722656,456.4158630371094,0,0,0,0,0,0,0,0,0,0,0,0,0,0,0,0,0,0,0,0,0,0,0,0,0
2007-12-06 14:45:00+00:00,30,12,14,47.676204681396484,68.0485610961914,0,0,0,0,0,0,1,1,1,1,1,1,1,1,1,1,1,0,0,0,0,0,0,0,0
2007-12-06 14:45:00+00:00,30,12,14,86.61836242675781,66.76044464111328,0,0,0,0,0,0,0,0,0,1,1,1,1,1,1,1,1,0,0,0,0,0,0,0,0
2007-12-06 14:45:00+00:00,30,12,14,256.90789794921875,244.23806762695312,0,0,0,0,0,0,0,0,0,0,0,0,0,0,0,1,1,0,0,0,0,0,0,0,0
2007-12-06 14:45:00+00:00,30,12,14,332.0885314941406,324.6942443847656,0,0,0,0,0,0,0,0,0,0,0,0,0,0,0,0,1,0,0,0,0,0,0,0,0
2007-12-06 14:45:00+00:00,30,12,14,153.38931274414062,145.9119415283203,0,0,0,0,0,0,0,0,0,0,0,0,1,1,1,1,1,0,0,0,0,0,0,0,0
2007-12-06 14:45:00+00:00,30,12,14,203.1263427734375,195.40525817871094,0,0,0,0,0,0,0,0,0,0,0,0,0,0,1,1,1,0,0,0,0,0,0,0,0
2007-12-06 14:45:00+00:00,30,12,14,138.2584228515625,154.077880859375,0,0,0,0,0,0,0,0,0,0,0,1,1,1,1,1,1,0,0,0,0,0,0,0,0
2007-12-06 14:45:00+00:00,30,12,14,29.285249710083008,15.647831916809082,0,0,0,0,1,1,1,1,1,1,1,1,1,1,1,1,1,0,0,1,1,1,1,1,1
2007-12-06 15:00:00+00:00,30,12,15,481.402099609375,617.6663818359375,0,0,0,0,0,0,0,0,0,0,0,0,0,0,0,0,0,0,0,0,0,0,0,0,0
2007-12-06 15:00:00+00:00,30,12,15,162.9077911376953,178.60142517089844,0,0,0,0,0,0,0,0,0,0,0,0,1,1,1,1,1,0,0,0,0,0,0,0,0
2007-12-06 15:00:00+00:00,30,12,15,48.23014450073242,0.0,0,0,0,0,0,0,1,1,1,1,1,1,1,1,1,1,1,1,1,1,1,1,1,1,1
2007-12-06 15:00:00+00:00,30,12,15,69.31533813476562,65.98202514648438,0,0,0,0,0,0,0,0,1,1,1,1,1,1,1,1,1,0,0,0,0,0,0,0,0
2007-12-06 15:00:00+00:00,30,12,15,160.30308532714844,169.30014038085938,0,0,0,0,0,0,0,0,0,0,0,0,1,1,1,1,1,0,0,0,0,0,0,0,0
2007-12-06 15:00:00+00:00,30,12,15,100.06633758544922,100.96363830566406,0,0,0,0,0,0,0,0,0,0,1,1,1,1,1,1,1,0,0,0,0,0,0,0,0
2007-12-06 15:15:00+00:00,30,12,15,531.2401123046875,634.7621459960938,0,0,0,0,0,0,0,0,0,0,0,0,0,0,0,0,0,0,0,0,0,0,0,0,0
2007-12-06 15:15:00+00:00,30,12,15,226.8999481201172,297.0219421386719,0,0,0,0,0,0,0,0,0,0,0,0,0,0,1,1,1,0,0,0,0,0,0,0,0
2007-12-06 15:15:00+00:00,30,12,15,129.83920288085938,6.880527019500732,0,0,0,0,0,0,0,0,0,0,0,1,1,1,1,1,1,1,1,1,1,1,1,1,1
2007-12-06 15:15:00+00:00,30,12,15,105.68579864501953,91.71342468261719,0,0,0,0,0,0,0,0,0,0,1,1,1,1,1,1,1,0,0,0,0,0,0,0,0
2007-12-06 15:15:00+00:00,30,12,15,154.59207153320312,163.53602600097656,0,0,0,0,0,0,0,0,0,0,0,0,1,1,1,1,1,0,0,0,0,0,0,0,0
2007-12-06 15:15:00+00:00,30,12,15,182.4710693359375,59.05875778198242,0,0,0,0,0,0,0,0,0,0,0,0,0,1,1,1,1,0,0,0,0,0,0,0,1
2007-12-06 15:15:00+00:00,30,12,15,137.3126220703125,141.6776580810547,0,0,0,0,0,0,0,0,0,0,0,1,1,1,1,1,1,0,0,0,0,0,0,0,0
2007-12-06 15:15:00+00:00,30,12,15,104.4415054321289,108.03141784667969,0,0,0,0,0,0,0,0,0,0,1,1,1,1,1,1,1,0,0,0,0,0,0,0,0
2007-12-06 15:15:00+00:00,30,12,15,413.5955505371094,417.48992919921875,0,0,0,0,0,0,0,0,0,0,0,0,0,0,0,0,0,0,0,0,0,0,0,0,0
2007-12-06 15:15:00+00:00,30,12,15,245.09580993652344,268.1893615722656,0,0,0,0,0,0,0,0,0,0,0,0,0,0,1,1,1,0,0,0,0,0,0,0,0
2007-12-06 15:30:00+00:00,30,12,15,,,0,0,0,0,0,0,0,0,0,0,0,0,0,0,0,0,0,0,0,0,0,0,0,0,0
2007-12-06 15:30:00+00:00,30,12,15,328.5494689941406,292.95184326171875,0,0,0,0,0,0,0,0,0,0,0,0,0,0,0,0,1,0,0,0,0,0,0,0,0
2007-12-06 15:30:00+00:00,30,12,15,160.24276733398438,162.5101318359375,0,0,0,0,0,0,0,0,0,0,0,0,1,1,1,1,1,0,0,0,0,0,0,0,0
2007-12-06 15:30:00+00:00,30,12,15,301.32244873046875,293.8914489746094,0,0,0,0,0,0,0,0,0,0,0,0,0,0,0,0,1,0,0,0,0,0,0,0,0
2007-12-06 15:30:00+00:00,30,12,15,83.58077239990234,83.29458618164062,0,0,0,0,0,0,0,0,0,1,1,1,1,1,1,1,1,0,0,0,0,0,0,0,0
2007-12-06 15:30:00+00:00,30,12,15,108.78264617919922,59.35426712036133,0,0,0,0,0,0,0,0,0,0,1,1,1,1,1,1,1,0,0,0,0,0,0,0,1
2007-12-06 15:30:00+00:00,30,12,15,122.4714584350586,139.69009399414062,0,0,0,0,0,0,0,0,0,0,0,1,1,1,1,1,1,0,0,0,0,0,0,0,0
2007-12-06 15:30:00+00:00,30,12,15,40.3474235534668,18.717485427856445,0,0,0,0,0,0,1,1,1,1,1,1,1,1,1,1,1,0,0,1,1,1,1,1,1
2007-12-06 15:45:00+00:00,30,12,15,268.0698547363281,,0,0,0,0,0,0,0,0,0,0,0,0,0,0,0,1,1,0,0,0,0,0,0,0,0
2007-12-06 15:45:00+00:00,30,12,15,378.91290283203125,,0,0,0,0,0,0,0,0,0,0,0,0,0,0,0,0,0,0,0,0,0,0,0,0,0
2007-12-06 15:45:00+00:00,30,12,15,189.12586975097656,178.5634002685547,0,0,0,0,0,0,0,0,0,0,0,0,0,1,1,1,1,0,0,0,0,0,0,0,0
2007-12-06 15:45:00+00:00,30,12,15,55.250511169433594,29.284103393554688,0,0,0,0,0,0,0,1,1,1,1,1,1,1,1,1,1,0,0,0,0,1,1,1,1
2007-12-06 15:45:00+00:00,30,12,15,101.27172088623047,75.36351776123047,0,0,0,0,0,0,0,0,0,0,1,1,1,1,1,1,1,0,0,0,0,0,0,0,0
2007-12-06 16:00:00+00:00,30,12,16,354.2105712890625,,0,0,0,0,0,0,0,0,0,0,0,0,0,0,0,0,0,0,0,0,0,0,0,0,0
2007-12-06 16:00:00+00:00,30,12,16,132.53817749023438,133.07032775878906,0,0,0,0,0,0,0,0,0,0,0,1,1,1,1,1,1,0,0,0,0,0,0,0,0
2007-12-06 16:00:00+00:00,30,12,16,142.03518676757812,161.05935668945312,0,0,0,0,0,0,0,0,0,0,0,1,1,1,1,1,1,0,0,0,0,0,0,0,0
2007-12-06 16:15:00+00:00,30,12,16,321.8633117675781,298.0257263183594,0,0,0,0,0,0,0,0,0,0,0,0,0,0,0,0,1,0,0,0,0,0,0,0,0
2007-12-06 16:15:00+00:00,30,12,16,127.96875,119.07569122314453,0,0,0,0,0,0,0,0,0,0,0,1,1,1,1,1,1,0,0,0,0,0,0,0,0
2007-12-06 16:15:00+00:00,30,12,16,,,0,0,0,0,0,0,0,0,0,0,0,0,0,0,0,0,0,0,0,0,0,0,0,0,0
2007-12-06 16:15:00+00:00,30,12,16,587.7071533203125,589.3267822265625,0,0,0,0,0,0,0,0,0,0,0,0,0,0,0,0,0,0,0,0,0,0,0,0,0
2007-12-06 16:15:00+00:00,30,12,16,47.87291717529297,55.22523498535156,0,0,0,0,0,0,1,1,1,1,1,1,1,1,1,1,1,0,0,0,0,0,0,0,1
2007-12-06 16:30:00+00:00,30,12,16,158.3211669921875,12.293456077575684,0,0,0,0,0,0,0,0,0,0,0,0,1,1,1,1,1,0,1,1,1,1,1,1,1
2007-12-06 16:30:00+00:00,30,12,16,,,0,0,0,0,0,0,0,0,0,0,0,0,0,0,0,0,0,0,0,0,0,0,0,0,0
2007-12-06 16:30:00+00:00,30,12,16,296.21868896484375,325.16937255859375,0,0,0,0,0,0,0,0,0,0,0,0,0,0,0,1,1,0,0,0,0,0,0,0,0
2007-12-06 16:45:00+00:00,30,12,16,,,0,0,0,0,0,0,0,0,0,0,0,0,0,0,0,0,0,0,0,0,0,0,0,0,0
2007-12-06 16:45:00+00:00,30,12,16,239.41481018066406,65.44947052001953,0,0,0,0,0,0,0,0,0,0,0,0,0,0,1,1,1,0,0,0,0,0,0,0,0
2007-12-06 16:45:00+00:00,30,12,16,262.4748229980469,285.5569152832031,0,0,0,0,0,0,0,0,0,0,0,0,0,0,0,1,1,0,0,0,0,0,0,0,0
2007-12-06 16:45:00+00:00,30,12,16,,,0,0,0,0,0,0,0,0,0,0,0,0,0,0,0,0,0,0,0,0,0,0,0,0,0
2007-12-06 17:00:00+00:00,30,12,17,235.7003936767578,260.3829345703125,0,0,0,0,0,0,0,0,0,0,0,0,0,0,1,1,1,0,0,0,0,0,0,0,0
2007-12-06 17:00:00+00:00,30,12,17,189.21449279785156,169.6849365234375,0,0,0,0,0,0,0,0,0,0,0,0,0,1,1,1,1,0,0,0,0,0,0,0,0
2007-12-06 17:00:00+00:00,30,12,17,389.9971923828125,,0,0,0,0,0,0,0,0,0,0,0,0,0,0,0,0,0,0,0,0,0,0,0,0,0
2007-12-06 17:00:00+00:00,30,12,17,355.3216552734375,359.6451721191406,0,0,0,0,0,0,0,0,0,0,0,0,0,0,0,0,0,0,0,0,0,0,0,0,0
2007-12-06 17:15:00+00:00,30,12,17,262.83966064453125,291.8799743652344,0,0,0,0,0,0,0,0,0,0,0,0,0,0,0,1,1,0,0,0,0,0,0,0,0
2007-12-06 17:15:00+00:00,30,12,17,101.80101776123047,102.83621978759766,0,0,0,0,0,0,0,0,0,0,1,1,1,1,1,1,1,0,0,0,0,0,0,0,0
2007-12-06 17:15:00+00:00,30,12,17,,,0,0,0,0,0,0,0,0,0,0,0,0,0,0,0,0,0,0,0,0,0,0,0,0,0
2007-12-06 17:15:00+00:00,30,12,17,,,0,0,0,0,0,0,0,0,0,0,0,0,0,0,0,0,0,0,0,0,0,0,0,0,0
2007-12-06 17:15:00+00:00,30,12,17,70.9752197265625,72.48939514160156,0,0,0,0,0,0,0,0,1,1,1,1,1,1,1,1,1,0,0,0,0,0,0,0,0
2007-12-06 17:15:00+00:00,30,12,17,278.8794250488281,247.8938446044922,0,0,0,0,0,0,0,0,0,0,0,0,0,0,0,1,1,0,0,0,0,0,0,0,0
2007-12-06 17:30:00+00:00,30,12,17,326.75836181640625,316.4136962890625,0,0,0,0,0,0,0,0,0,0,0,0,0,0,0,0,1,0,0,0,0,0,0,0,0
2007-12-06 17:30:00+00:00,30,12,17,331.2743835449219,374.72381591796875,0,0,0,0,0,0,0,0,0,0,0,0,0,0,0,0,1,0,0,0,0,0,0,0,0
2007-12-06 17:30:00+00:00,30,12,17,86.26458740234375,116.4744644165039,0,0,0,0,0,0,0,0,0,1,1,1,1,1,1,1,1,0,0,0,0,0,0,0,0
2007-12-06 17:45:00+00:00,30,12,17,,577.0115966796875,0,0,0,0,0,0,0,0,0,0,0,0,0,0,0,0,0,0,0,0,0,0,0,0,0
2007-12-06 17:45:00+00:00,30,12,17,360.04644775390625,342.2534484863281,0,0,0,0,0,0,0,0,0,0,0,0,0,0,0,0,0,0,0,0,0,0,0,0,0
2007-12-06 17:45:00+00:00,30,12,17,,,0,0,0,0,0,0,0,0,0,0,0,0,0,0,0,0,0,0,0,0,0,0,0,0,0
2007-12-06 17:45:00+00:00,30,12,17,367.29156494140625,388.96728515625,0,0,0,0,0,0,0,0,0,0,0,0,0,0,0,0,0,0,0,0,0,0,0,0,0
2007-12-07 10:00:00+00:00,30,12,10,248.19921875,247.38137817382812,0,0,0,0,0,0,0,0,0,0,0,0,0,0,1,1,1,0,0,0,0,0,0,0,0
2007-12-07 10:00:00+00:00,30,12,10,212.02130126953125,194.65606689453125,0,0,0,0,0,0,0,0,0,0,0,0,0,0,1,1,1,0,0,0,0,0,0,0,0
2007-12-07 10:00:00+00:00,30,12,10,246.8734588623047,78.56764221191406,0,0,0,0,0,0,0,0,0,0,0,0,0,0,1,1,1,0,0,0,0,0,0,0,0
2007-12-07 10:00:00+00:00,30,12,10,267.68035888671875,225.4337921142578,0,0,0,0,0,0,0,0,0,0,0,0,0,0,0,1,1,0,0,0,0,0,0,0,0
2007-12-07 10:00:00+00:00,30,12,10,279.61358642578125,193.0425262451172,0,0,0,0,0,0,0,0,0,0,0,0,0,0,0,1,1,0,0,0,0,0,0,0,0
2007-12-07 10:00:00+00:00,30,12,10,322.3863525390625,164.82965087890625,0,0,0,0,0,0,0,0,0,0,0,0,0,0,0,0,1,0,0,0,0,0,0,0,0
2007-12-07 10:00:00+00:00,30,12,10,,,0,0,0,0,0,0,0,0,0,0,0,0,0,0,0,0,0,0,0,0,0,0,0,0,0
2007-12-07 10:00:00+00:00,30,12,10,,,0,0,0,0,0,0,0,0,0,0,0,0,0,0,0,0,0,0,0,0,0,0,0,0,0
2007-12-07 10:00:00+00:00,30,12,10,,,0,0,0,0,0,0,0,0,0,0,0,0,0,0,0,0,0,0,0,0,0,0,0,0,0
2007-12-07 10:00:00+00:00,30,12,10,,167.0771026611328,0,0,0,0,0,0,0,0,0,0,0,0,0,0,0,0,0,0,0,0,0,0,0,0,0
2007-12-07 10:00:00+00:00,30,12,10,,,0,0,0,0,0,0,0,0,0,0,0,0,0,0,0,0,0,0,0,0,0,0,0,0,0
2007-12-07 10:00:00+00:00,30,12,10,257.52496337890625,254.93084716796875,0,0,0,0,0,0,0,0,0,0,0,0,0,0,0,1,1,0,0,0,0,0,0,0,0
2007-12-07 10:00:00+00:00,30,12,10,148.7284698486328,90.97409057617188,0,0,0,0,0,0,0,0,0,0,0,1,1,1,1,1,1,0,0,0,0,0,0,0,0
2007-12-07 10:00:00+00:00,30,12,10,156.12513732910156,89.37269592285156,0,0,0,0,0,0,0,0,0,0,0,0,1,1,1,1,1,0,0,0,0,0,0,0,0
2007-12-07 10:15:00+00:00,30,12,10,,,0,0,0,0,0,0,0,0,0,0,0,0,0,0,0,0,0,0,0,0,0,0,0,0,0
2007-12-07 10:15:00+00:00,30,12,10,,,0,0,0,0,0,0,0,0,0,0,0,0,0,0,0,0,0,0,0,0,0,0,0,0,0
2007-12-07 10:15:00+00:00,30,12,10,361.7341613769531,206.44259643554688,0,0,0,0,0,0,0,0,0,0,0,0,0,0,0,0,0,0,0,0,0,0,0,0,0
2007-12-07 10:15:00+00:00,30,12,10,254.34765625,144.46139526367188,0,0,0,0,0,0,0,0,0,0,0,0,0,0,0,1,1,0,0,0,0,0,0,0,0
2007-12-07 10:15:00+00:00,30,12,10,,,0,0,0,0,0,0,0,0,0,0,0,0,0,0,0,0,0,0,0,0,0,0,0,0,0
2007-12-07 10:15:00+00:00,30,12,10,32.707950592041016,16.35830307006836,0,0,0,0,0,1,1,1,1,1,1,1,1,1,1,1,1,0,0,1,1,1,1,1,1
2007-12-07 10:15:00+00:00,30,12,10,177.54000854492188,84.57870483398438,0,0,0,0,0,0,0,0,0,0,0,0,1,1,1,1,1,0,0,0,0,0,0,0,0
2007-12-07 10:15:00+00:00,30,12,10,193.78488159179688,146.5872039794922,0,0,0,0,0,0,0,0,0,0,0,0,0,1,1,1,1,0,0,0,0,0,0,0,0
2007-12-07 10:15:00+00:00,30,12,10,77.0711441040039,80.7695083618164,0,0,0,0,0,0,0,0,1,1,1,1,1,1,1,1,1,0,0,0,0,0,0,0,0
2007-12-07 10:15:00+00:00,30,12,10,,542.1625366210938,0,0,0,0,0,0,0,0,0,0,0,0,0,0,0,0,0,0,0,0,0,0,0,0,0
2007-12-07 10:15:00+00:00,30,12,10,142.49839782714844,147.6352081298828,0,0,0,0,0,0,0,0,0,0,0,1,1,1,1,1,1,0,0,0,0,0,0,0,0
2007-12-07 10:15:00+00:00,30,12,10,122.16751098632812,94.97245025634766,0,0,0,0,0,0,0,0,0,0,0,1,1,1,1,1,1,0,0,0,0,0,0,0,0
2007-12-07 10:15:00+00:00,30,12,10,323.9290771484375,351.5135498046875,0,0,0,0,0,0,0,0,0,0,0,0,0,0,0,0,1,0,0,0,0,0,0,0,0
2007-12-07 10:15:00+00:00,30,12,10,325.0688171386719,333.73980712890625,0,0,0,0,0,0,0,0,0,0,0,0,0,0,0,0,1,0,0,0,0,0,0,0,0
2007-12-07 10:15:00+00:00,30,12,10,,,0,0,0,0,0,0,0,0,0,0,0,0,0,0,0,0,0,0,0,0,0,0,0,0,0
2007-12-07 10:15:00+00:00,30,12,10,,,0,0,0,0,0,0,0,0,0,0,0,0,0,0,0,0,0,0,0,0,0,0,0,0,0
2007-12-07 10:15:00+00:00,30,12,10,372.5291442871094,381.3889465332031,0,0,0,0,0,0,0,0,0,0,0,0,0,0,0,0,0,0,0,0,0,0,0,0,0
2007-12-07 10:15:00+00:00,30,12,10,,406.83270263671875,0,0,0,0,0,0,0,0,0,0,0,0,0,0,0,0,0,0,0,0,0,0,0,0,0
2007-12-07 10:15:00+00:00,30,12,10,,,0,0,0,0,0,0,0,0,0,0,0,0,0,0,0,0,0,0,0,0,0,0,0,0,0
2007-12-07 10:15:00+00:00,30,12,10,477.51690673828125,479.4288024902344,0,0,0,0,0,0,0,0,0,0,0,0,0,0,0,0,0,0,0,0,0,0,0,0,0
2007-12-07 10:15:00+00:00,30,12,10,367.3348693847656,376.9971618652344,0,0,0,0,0,0,0,0,0,0,0,0,0,0,0,0,0,0,0,0,0,0,0,0,0
2007-12-07 10:15:00+00:00,30,12,10,69.77561950683594,65.75582122802734,0,0,0,0,0,0,0,0,1,1,1,1,1,1,1,1,1,0,0,0,0,0,0,0,0
2007-12-07 10:15:00+00:00,30,12,10,124.54934692382812,150.20059204101562,0,0,0,0,0,0,0,0,0,0,0,1,1,1,1,1,1,0,0,0,0,0,0,0,0
2007-12-07 10:15:00+00:00,30,12,10,272.6514587402344,273.39532470703125,0,0,0,0,0,0,0,0,0,0,0,0,0,0,0,1,1,0,0,0,0,0,0,0,0
2007-12-07 10:15:00+00:00,30,12,10,51.44851303100586,25.821104049682617,0,0,0,0,0,0,0,1,1,1,1,1,1,1,1,1,1,0,0,0,0,1,1,1,1
2007-12-07 10:30:00+00:00,30,12,10,260.7018127441406,170.48672485351562,0,0,0,0,0,0,0,0,0,0,0,0,0,0,0,1,1,0,0,0,0,0,0,0,0
2007-12-07 10:30:00+00:00,30,12,10,199.29112243652344,85.17729187011719,0,0,0,0,0,0,0,0,0,0,0,0,0,1,1,1,1,0,0,0,0,0,0,0,0
2007-12-07 10:30:00+00:00,30,12,10,,,0,0,0,0,0,0,0,0,0,0,0,0,0,0,0,0,0,0,0,0,0,0,0,0,0
2007-12-07 10:30:00+00:00,30,12,10,105.41943359375,33.265174865722656,0,0,0,0,0,0,0,0,0,0,1,1,1,1,1,1,1,0,0,0,0,0,1,1,1
2007-12-07 10:30:00+00:00,30,12,10,253.12173461914062,258.3529052734375,0,0,0,0,0,0,0,0,0,0,0,0,0,0,0,1,1,0,0,0,0,0,0,0,0
2007-12-07 10:30:00+00:00,30,12,10,,150.05657958984375,0,0,0,0,0,0,0,0,0,0,0,0,0,0,0,0,0,0,0,0,0,0,0,0,0
2007-12-07 10:30:00+00:00,30,12,10,192.81436157226562,165.57302856445312,0,0,0,0,0,0,0,0,0,0,0,0,0,1,1,1,1,0,0,0,0,0,0,0,0
2007-12-07 10:30:00+00:00,30,12,10,307.5361022949219,100.86038970947266,0,0,0,0,0,0,0,0,0,0,0,0,0,0,0,0,1,0,0,0,0,0,0,0,0
2007-12-07 10:30:00+00:00,30,12,10,363.17877197265625,310.44134521484375,0,0,0,0,0,0,0,0,0,0,0,0,0,0,0,0,0,0,0,0,0,0,0,0,0
2007-12-07 10:30:00+00:00,30,12,10,182.68283081054688,160.54933166503906,0,0,0,0,0,0,0,0,0,0,0,0,0,1,1,1,1,0,0,0,0,0,0,0,0
2007-12-07 10:30:00+00:00,30,12,10,352.4083251953125,293.0121154785156,0,0,0,0,0,0,0,0,0,0,0,0,0,0,0,0,0,0,0,0,0,0,0,0,0
2007-12-07 10:30:00+00:00,30,12,10,214.45199584960938,178.40643310546875,0,0,0,0,0,0,0,0,0,0,0,0,0,0,1,1,1,0,0,0,0,0,0,0,0
2007-12-07 10:30:00+00:00,30,12,10,235.99681091308594,217.8404083251953,0,0,0,0,0,0,0,0,0,0,0,0,0,0,1,1,1,0,0,0,0,0,0,0,0
2007-12-07 10:30:00+00:00,30,12,10,347.98370361328125,271.6168518066406,0,0,0,0,0,0,0,0,0,0,0,0,0,0,0,0,1,0,0,0,0,0,0,0,0
2007-12-07 10:30:00+00:00,30,12,10,434.2959899902344,411.4054260253906,0,0,0,0,0,0,0,0,0,0,0,0,0,0,0,0,0,0,0,0,0,0,0,0,0
2007-12-07 10:30:00+00:00,30,12,10,459.8885498046875,436.8106384277344,0,0,0,0,0,0,0,0,0,0,0,0,0,0,0,0,0,0,0,0,0,0,0,0,0
2007-12-07 10:30:00+00:00,30,12,10,,,0,0,0,0,0,0,0,0,0,0,0,0,0,0,0,0,0,0,0,0,0,0,0,0,0
2007-12-07 10:45:00+00:00,30,12,10,,,0,0,0,0,0,0,0,0,0,0,0,0,0,0,0,0,0,0,0,0,0,0,0,0,0
2007-12-07 10:45:00+00:00,30,12,10,199.09991455078125,201.0443115234375,0,0,0,0,0,0,0,0,0,0,0,0,0,1,1,1,1,0,0,0,0,0,0,0,0
2007-12-07 10:45:00+00:00,30,12,10,203.73793029785156,200.98666381835938,0,0,0,0,0,0,0,0,0,0,0,0,0,0,1,1,1,0,0,0,0,0,0,0,0
2007-12-07 10:45:00+00:00,30,12,10,143.7646942138672,122.97470092773438,0,0,0,0,0,0,0,0,0,0,0,1,1,1,1,1,1,0,0,0,0,0,0,0,0
2007-12-07 10:45:00+00:00,30,12,10,264.1322937011719,245.4317169189453,0,0,0,0,0,0,0,0,0,0,0,0,0,0,0,1,1,0,0,0,0,0,0,0,0
2007-12-07 10:45:00+00:00,30,12,10,227.0637969970703,200.44276428222656,0,0,0,0,0,0,0,0,0,0,0,0,0,0,1,1,1,0,0,0,0,0,0,0,0
2007-12-07 10:45:00+00:00,30,12,10,335.30426025390625,86.99833679199219,0,0,0,0,0,0,0,0,0,0,0,0,0,0,0,0,1,0,0,0,0,0,0,0,0
2007-12-07 10:45:00+00:00,30,12,10,298.27252197265625,143.7343292236328,0,0,0,0,0,0,0,0,0,0,0,0,0,0,0,1,1,0,0,0,0,0,0,0,0
2007-12-07 10:45:00+00:00,30,12,10,,127.24803161621094,0,0,0,0,0,0,0,0,0,0,0,0,0,0,0,0,0,0,0,0,0,0,0,0,0
2007-12-07 10:45:00+00:00,30,12,10,250.78843688964844,225.44515991210938,0,0,0,0,0,0,0,0,0,0,0,0,0,0,0,1,1,0,0,0,0,0,0,0,0
2007-12-07 10:45:00+00:00,30,12,10,164.88841247558594,252.03823852539062,0,0,0,0,0,0,0,0,0,0,0,0,1,1,1,1,1,0,0,0,0,0,0,0,0
2007-12-07 10:45:00+00:00,30,12,10,93.60770416259766,139.60818481445312,0,0,0,0,0,0,0,0,0,1,1,1,1,1,1,1,1,0,0,0,0,0,0,0,0
2007-12-07 10:45:00+00:00,30,12,10,141.90673828125,127.9518814086914,0,0,0,0,0,0,0,0,0,0,0,1,1,1,1,1,1,0,0,0,0,0,0,0,0
2007-12-07 11:00:00+00:00,30,12,11,453.77093505859375,,0,0,0,0,0,0,0,0,0,0,0,0,0,0,0,0,0,0,0,0,0,0,0,0,0
2007-12-07 11:00:00+00:00,30,12,11,,,0,0,0,0,0,0,0,0,0,0,0,0,0,0,0,0,0,0,0,0,0,0,0,0,0
2007-12-07 11:00:00+00:00,30,12,11,,,0,0,0,0,0,0,0,0,0,0,0,0,0,0,0,0,0,0,0,0,0,0,0,0,0
2007-12-07 11:00:00+00:00,30,12,11,196.6565399169922,187.8131866455078,0,0,0,0,0,0,0,0,0,0,0,0,0,1,1,1,1,0,0,0,0,0,0,0,0
2007-12-07 11:00:00+00:00,30,12,11,150.191650390625,130.8325653076172,0,0,0,0,0,0,0,0,0,0,0,0,1,1,1,1,1,0,0,0,0,0,0,0,0
2007-12-07 11:00:00+00:00,30,12,11,106.84547424316406,105.92620849609375,0,0,0,0,0,0,0,0,0,0,1,1,1,1,1,1,1,0,0,0,0,0,0,0,0
2007-12-07 11:00:00+00:00,30,12,11,154.41050720214844,142.94805908203125,0,0,0,0,0,0,0,0,0,0,0,0,1,1,1,1,1,0,0,0,0,0,0,0,0
2007-12-07 11:00:00+00:00,30,12,11,188.76837158203125,35.1278076171875,0,0,0,0,0,0,0,0,0,0,0,0,0,1,1,1,1,0,0,0,0,0,1,1,1
2007-12-07 11:00:00+00:00,30,12,11,118.30970764160156,89.92366790771484,0,0,0,0,0,0,0,0,0,0,1,1,1,1,1,1,1,0,0,0,0,0,0,0,0
2007-12-07 11:00:00+00:00,30,12,11,314.89007568359375,229.37896728515625,0,0,0,0,0,0,0,0,0,0,0,0,0,0,0,0,1,0,0,0,0,0,0,0,0
2007-12-07 11:00:00+00:00,30,12,11,393.24560546875,401.2134704589844,0,0,0,0,0,0,0,0,0,0,0,0,0,0,0,0,0,0,0,0,0,0,0,0,0
2007-12-07 11:00:00+00:00,30,12,11,202.0395965576172,121.55738830566406,0,0,0,0,0,0,0,0,0,0,0,0,0,0,1,1,1,0,0,0,0,0,0,0,0
2007-12-07 11:00:00+00:00,30,12,11,203.90440368652344,158.69113159179688,0,0,0,0,0,0,0,0,0,0,0,0,0,0,1,1,1,0,0,0,0,0,0,0,0
2007-12-07 11:00:00+00:00,30,12,11,272.19000244140625,245.2590789794922,0,0,0,0,0,0,0,0,0,0,0,0,0,0,0,1,1,0,0,0,0,0,0,0,0
2007-12-07 11:00:00+00:00,30,12,11,235.3967742919922,210.2059326171875,0,0,0,0,0,0,0,0,0,0,0,0,0,0,1,1,1,0,0,0,0,0,0,0,0
2007-12-07 11:00:00+00:00,30,12,11,208.02352905273438,189.37916564941406,0,0,0,0,0,0,0,0,0,0,0,0,0,0,1,1,1,0,0,0,0,0,0,0,0
2007-12-07 11:00:00+00:00,30,12,11,85.61968231201172,63.01274108886719,0,0,0,0,0,0,0,0,0,1,1,1,1,1,1,1,1,0,0,0,0,0,0,0,0
2007-12-07 11:00:00+00:00,30,12,11,107.30057525634766,79.45897674560547,0,0,0,0,0,0,0,0,0,0,1,1,1,1,1,1,1,0,0,0,0,0,0,0,0
2007-12-07 11:00:00+00:00,30,12,11,390.3976745605469,114.0623779296875,0,0,0,0,0,0,0,0,0,0,0,0,0,0,0,0,0,0,0,0,0,0,0,0,0
2007-12-07 11:00:00+00:00,30,12,11,358.0522155761719,293.3297424316406,0,0,0,0,0,0,0,0,0,0,0,0,0,0,0,0,0,0,0,0,0,0,0,0,0
2007-12-07 11:00:00+00:00,30,12,11,359.41937255859375,359.4767761230469,0,0,0,0,0,0,0,0,0,0,0,0,0,0,0,0,0,0,0,0,0,0,0,0,0
2007-12-07 11:00:00+00:00,30,12,11,166.10768127441406,158.6496124267578,0,0,0,0,0,0,0,0,0,0,0,0,1,1,1,1,1,0,0,0,0,0,0,0,0
2007-12-07 11:15:00+00:00,30,12,11,,,0,0,0,0,0,0,0,0,0,0,0,0,0,0,0,0,0,0,0,0,0,0,0,0,0
2007-12-07 11:15:00+00:00,30,12,11,,,0,0,0,0,0,0,0,0,0,0,0,0,0,0,0,0,0,0,0,0,0,0,0,0,0
2007-12-07 11:15:00+00:00,30,12,11,161.7791748046875,160.3274383544922,0,0,0,0,0,0,0,0,0,0,0,0,1,1,1,1,1,0,0,0,0,0,0,0,0
2007-12-07 11:15:00+00:00,30,12,11,206.31068420410156,199.32565307617188,0,0,0,0,0,0,0,0,0,0,0,0,0,0,1,1,1,0,0,0,0,0,0,0,0
2007-12-07 11:15:00+00:00,30,12,11,241.4007110595703,218.12127685546875,0,0,0,0,0,0,0,0,0,0,0,0,0,0,1,1,1,0,0,0,0,0,0,0,0
2007-12-07 11:15:00+00:00,30,12,11,,,0,0,0,0,0,0,0,0,0,0,0,0,0,0,0,0,0,0,0,0,0,0,0,0,0
2007-12-07 11:15:00+00:00,30,12,11,94.77115631103516,83.19114685058594,0,0,0,0,0,0,0,0,0,1,1,1,1,1,1,1,1,0,0,0,0,0,0,0,0
2007-12-07 11:15:00+00:00,30,12,11,253.8144073486328,217.63059997558594,0,0,0,0,0,0,0,0,0,0,0,0,0,0,0,1,1,0,0,0,0,0,0,0,0
2007-12-07 11:15:00+00:00,30,12,11,314.7049560546875,96.12654113769531,0,0,0,0,0,0,0,0,0,0,0,0,0,0,0,0,1,0,0,0,0,0,0,0,0
2007-12-07 11:15:00+00:00,30,12,11,68.19625854492188,155.59719848632812,0,0,0,0,0,0,0,0,1,1,1,1,1,1,1,1,1,0,0,0,0,0,0,0,0
2007-12-07 11:15:00+00:00,30,12,11,351.0270080566406,198.32196044921875,0,0,0,0,0,0,0,0,0,0,0,0,0,0,0,0,0,0,0,0,0,0,0,0,0
2007-12-07 11:15:00+00:00,30,12,11,,,0,0,0,0,0,0,0,0,0,0,0,0,0,0,0,0,0,0,0,0,0,0,0,0,0
2007-12-07 11:30:00+00:00,30,12,11,,,0,0,0,0,0,0,0,0,0,0,0,0,0,0,0,0,0,0,0,0,0,0,0,0,0
2007-12-07 11:30:00+00:00,30,12,11,159.1590576171875,146.14126586914062,0,0,0,0,0,0,0,0,0,0,0,0,1,1,1,1,1,0,0,0,0,0,0,0,0
2007-12-07 11:30:00+00:00,30,12,11,274.913818359375,263.3739013671875,0,0,0,0,0,0,0,0,0,0,0,0,0,0,0,1,1,0,0,0,0,0,0,0,0
2007-12-07 11:30:00+00:00,30,12,11,159.59349060058594,116.48896026611328,0,0,0,0,0,0,0,0,0,0,0,0,1,1,1,1,1,0,0,0,0,0,0,0,0
2007-12-07 11:30:00+00:00,30,12,11,161.64913940429688,141.15447998046875,0,0,0,0,0,0,0,0,0,0,0,0,1,1,1,1,1,0,0,0,0,0,0,0,0
2007-12-07 11:30:00+00:00,30,12,11,450.2955017089844,432.47564697265625,0,0,0,0,0,0,0,0,0,0,0,0,0,0,0,0,0,0,0,0,0,0,0,0,0
2007-12-07 11:30:00+00:00,30,12,11,416.0138244628906,399.1529541015625,0,0,0,0,0,0,0,0,0,0,0,0,0,0,0,0,0,0,0,0,0,0,0,0,0
2007-12-07 11:30:00+00:00,30,12,11,317.75531005859375,224.06396484375,0,0,0,0,0,0,0,0,0,0,0,0,0,0,0,0,1,0,0,0,0,0,0,0,0
2007-12-07 11:30:00+00:00,30,12,11,218.465087890625,110.83556365966797,0,0,0,0,0,0,0,0,0,0,0,0,0,0,1,1,1,0,0,0,0,0,0,0,0
2007-12-07 11:30:00+00:00,30,12,11,140.35702514648438,144.12510681152344,0,0,0,0,0,0,0,0,0,0,0,1,1,1,1,1,1,0,0,0,0,0,0,0,0
2007-12-07 11:30:00+00:00,30,12,11,,,0,0,0,0,0,0,0,0,0,0,0,0,0,0,0,0,0,0,0,0,0,0,0,0,0
2007-12-07 11:45:00+00:00,30,12,11,140.24525451660156,249.1951904296875,0,0,0,0,0,0,0,0,0,0,0,1,1,1,1,1,1,0,0,0,0,0,0,0,0
2007-12-07 11:45:00+00:00,30,12,11,87.2881088256836,183.47364807128906,0,0,0,0,0,0,0,0,0,1,1,1,1,1,1,1,1,0,0,0,0,0,0,0,0
2007-12-07 11:45:00+00:00,30,12,11,92.02017211914062,98.97671508789062,0,0,0,0,0,0,0,0,0,1,1,1,1,1,1,1,1,0,0,0,0,0,0,0,0
2007-12-07 11:45:00+00:00,30,12,11,75.74552917480469,61.962547302246094,0,0,0,0,0,0,0,0,1,1,1,1,1,1,1,1,1,0,0,0,0,0,0,0,0
2007-12-07 11:45:00+00:00,30,12,11,403.8984375,385.6473083496094,0,0,0,0,0,0,0,0,0,0,0,0,0,0,0,0,0,0,0,0,0,0,0,0,0
2007-12-07 11:45:00+00:00,30,12,11,86.53311157226562,101.76971435546875,0,0,0,0,0,0,0,0,0,1,1,1,1,1,1,1,1,0,0,0,0,0,0,0,0
2007-12-07 11:45:00+00:00,30,12,11,61.329227447509766,59.59476852416992,0,0,0,0,0,0,0,0,1,1,1,1,1,1,1,1,1,0,0,0,0,0,0,0,1
2007-12-07 12:00:00+00:00,30,12,12,,,0,0,0,0,0,0,0,0,0,0,0,0,0,0,0,0,0,0,0,0,0,0,0,0,0
2007-12-07 12:00:00+00:00,30,12,12,165.2886505126953,179.09860229492188,0,0,0,0,0,0,0,0,0,0,0,0,1,1,1,1,1,0,0,0,0,0,0,0,0
2007-12-07 12:00:00+00:00,30,12,12,85.87760162353516,67.01234436035156,0,0,0,0,0,0,0,0,0,1,1,1,1,1,1,1,1,0,0,0,0,0,0,0,0
2007-12-07 12:00:00+00:00,30,12,12,115.41867065429688,89.25106811523438,0,0,0,0,0,0,0,0,0,0,1,1,1,1,1,1,1,0,0,0,0,0,0,0,0
2007-12-07 12:00:00+00:00,30,12,12,43.118038177490234,42.76658248901367,0,0,0,0,0,0,1,1,1,1,1,1,1,1,1,1,1,0,0,0,0,0,0,1,1
2007-12-07 12:00:00+00:00,30,12,12,44.52422332763672,28.215007781982422,0,0,0,0,0,0,1,1,1,1,1,1,1,1,1,1,1,0,0,0,0,1,1,1,1
2007-12-07 12:00:00+00:00,30,12,12,346.8415222167969,76.24311065673828,0,0,0,0,0,0,0,0,0,0,0,0,0,0,0,0,1,0,0,0,0,0,0,0,0
2007-12-07 12:00:00+00:00,30,12,12,249.25970458984375,257.7637023925781,0,0,0,0,0,0,0,0,0,0,0,0,0,0,1,1,1,0,0,0,0,0,0,0,0
2007-12-07 12:00:00+00:00,30,12,12,118.60345458984375,123.52754211425781,0,0,0,0,0,0,0,0,0,0,1,1,1,1,1,1,1,0,0,0,0,0,0,0,0
2007-12-07 12:00:00+00:00,30,12,12,132.48623657226562,6.259587287902832,0,0,0,0,0,0,0,0,0,0,0,1,1,1,1,1,1,1,1,1,1,1,1,1,1
2007-12-07 12:00:00+00:00,30,12,12,64.54232025146484,60.19890594482422,0,0,0,0,0,0,0,0,1,1,1,1,1,1,1,1,1,0,0,0,0,0,0,0,0
2007-12-07 12:00:00+00:00,30,12,12,,,0,0,0,0,0,0,0,0,0,0,0,0,0,0,0,0,0,0,0,0,0,0,0,0,0
2007-12-07 12:15:00+00:00,30,12,12,35.353965759277344,41.95981979370117,0,0,0,0,0,1,1,1,1,1,1,1,1,1,1,1,1,0,0,0,0,0,0,1,1
2007-12-07 12:15:00+00:00,30,12,12,144.87059020996094,45.96844482421875,0,0,0,0,0,0,0,0,0,0,0,1,1,1,1,1,1,0,0,0,0,0,0,1,1
2007-12-07 12:15:00+00:00,30,12,12,301.5793762207031,165.1738739013672,0,0,0,0,0,0,0,0,0,0,0,0,0,0,0,0,1,0,0,0,0,0,0,0,0
2007-12-07 12:15:00+00:00,30,12,12,171.6414337158203,82.01762390136719,0,0,0,0,0,0,0,0,0,0,0,0,1,1,1,1,1,0,0,0,0,0,0,0,0
2007-12-07 12:15:00+00:00,30,12,12,164.8616180419922,157.00613403320312,0,0,0,0,0,0,0,0,0,0,0,0,1,1,1,1,1,0,0,0,0,0,0,0,0
2007-12-07 12:15:00+00:00,30,12,12,81.2376708984375,65.03401184082031,0,0,0,0,0,0,0,0,0,1,1,1,1,1,1,1,1,0,0,0,0,0,0,0,0
2007-12-07 12:15:00+00:00,30,12,12,203.0751953125,424.34967041015625,0,0,0,0,0,0,0,0,0,0,0,0,0,0,1,1,1,0,0,0,0,0,0,0,0
2007-12-07 12:15:00+00:00,30,12,12,300.5010070800781,271.55548095703125,0,0,0,0,0,0,0,0,0,0,0,0,0,0,0,0,1,0,0,0,0,0,0,0,0
2007-12-07 12:15:00+00:00,30,12,12,321.9683532714844,322.2010498046875,0,0,0,0,0,0,0,0,0,0,0,0,0,0,0,0,1,0,0,0,0,0,0,0,0
2007-12-07 12:15:00+00:00,30,12,12,284.86773681640625,289.4098815917969,0,0,0,0,0,0,0,0,0,0,0,0,0,0,0,1,1,0,0,0,0,0,0,0,0
2007-12-07 12:15:00+00:00,30,12,12,159.1405792236328,74.63443756103516,0,0,0,0,0,0,0,0,0,0,0,0,1,1,1,1,1,0,0,0,0,0,0,0,0
2007-12-07 12:15:00+00:00,30,12,12,172.64576721191406,0.0,0,0,0,0,0,0,0,0,0,0,0,0,1,1,1,1,1,1,1,1,1,1,1,1,1
2007-12-07 12:15:00+00:00,30,12,12,86.07232666015625,85.97430419921875,0,0,0,0,0,0,0,0,0,1,1,1,1,1,1,1,1,0,0,0,0,0,0,0,0
2007-12-07 12:30:00+00:00,30,12,12,,,0,0,0,0,0,0,0,0,0,0,0,0,0,0,0,0,0,0,0,0,0,0,0,0,0
2007-12-07 12:30:00+00:00,30,12,12,,314.0953674316406,0,0,0,0,0,0,0,0,0,0,0,0,0,0,0,0,0,0,0,0,0,0,0,0,0
2007-12-07 12:30:00+00:00,30,12,12,146.5335235595703,100.84276580810547,0,0,0,0,0,0,0,0,0,0,0,1,1,1,1,1,1,0,0,0,0,0,0,0,0
2007-12-07 12:30:00+00:00,30,12,12,172.71298217773438,166.78781127929688,0,0,0,0,0,0,0,0,0,0,0,0,1,1,1,1,1,0,0,0,0,0,0,0,0
2007-12-07 12:30:00+00:00,30,12,12,176.78936767578125,191.70704650878906,0,0,0,0,0,0,0,0,0,0,0,0,1,1,1,1,1,0,0,0,0,0,0,0,0
2007-12-07 12:30:00+00:00,30,12,12,49.73634338378906,55.411460876464844,0,0,0,0,0,0,1,1,1,1,1,1,1,1,1,1,1,0,0,0,0,0,0,0,1
2007-12-07 12:45:00+00:00,30,12,12,,,0,0,0,0,0,0,0,0,0,0,0,0,0,0,0,0,0,0,0,0,0,0,0,0,0
2007-12-07 12:45:00+00:00,30,12,12,,,0,0,0,0,0,0,0,0,0,0,0,0,0,0,0,0,0,0,0,0,0,0,0,0,0
2007-12-07 12:45:00+00:00,30,12,12,,,0,0,0,0,0,0,0,0,0,0,0,0,0,0,0,0,0,0,0,0,0,0,0,0,0
2007-12-07 12:45:00+00:00,30,12,12,352.1839294433594,381.3674011230469,0,0,0,0,0,0,0,0,0,0,0,0,0,0,0,0,0,0,0,0,0,0,0,0,0
2007-12-07 12:45:00+00:00,30,12,12,,,0,0,0,0,0,0,0,0,0,0,0,0,0,0,0,0,0,0,0,0,0,0,0,0,0
2007-12-07 12:45:00+00:00,30,12,12,180.6529541015625,319.17120361328125,0,0,0,0,0,0,0,0,0,0,0,0,0,1,1,1,1,0,0,0,0,0,0,0,0
2007-12-07 12:45:00+00:00,30,12,12,117.93766784667969,55.82046127319336,0,0,0,0,0,0,0,0,0,0,1,1,1,1,1,1,1,0,0,0,0,0,0,0,1
2007-12-07 12:45:00+00:00,30,12,12,125.65367889404297,55.638832092285156,0,0,0,0,0,0,0,0,0,0,0,1,1,1,1,1,1,0,0,0,0,0,0,0,1
2007-12-07 12:45:00+00:00,30,12,12,211.99502563476562,226.90341186523438,0,0,0,0,0,0,0,0,0,0,0,0,0,0,1,1,1,0,0,0,0,0,0,0,0
2007-12-07 12:45:00+00:00,30,12,12,41.410892486572266,21.757497787475586,0,0,0,0,0,0,1,1,1,1,1,1,1,1,1,1,1,0,0,0,1,1,1,1,1
2007-12-07 12:45:00+00:00,30,12,12,37.030189514160156,44.062625885009766,0,0,0,0,0,1,1,1,1,1,1,1,1,1,1,1,1,0,0,0,0,0,0,1,1
2007-12-07 12:45:00+00:00,30,12,12,48.867156982421875,0.0,0,0,0,0,0,0,1,1,1,1,1,1,1,1,1,1,1,1,1,1,1,1,1,1,1
2007-12-07 13:00:00+00:00,30,12,13,326.0046081542969,345.69000244140625,0,0,0,0,0,0,0,0,0,0,0,0,0,0,0,0,1,0,0,0,0,0,0,0,0
2007-12-07 13:00:00+00:00,30,12,13,185.0923309326172,197.15570068359375,0,0,0,0,0,0,0,0,0,0,0,0,0,1,1,1,1,0,0,0,0,0,0,0,0
2007-12-07 13:00:00+00:00,30,12,13,84.05984497070312,62.01578140258789,0,0,0,0,0,0,0,0,0,1,1,1,1,1,1,1,1,0,0,0,0,0,0,0,0
2007-12-07 13:00:00+00:00,30,12,13,145.05899047851562,139.68389892578125,0,0,0,0,0,0,0,0,0,0,0,1,1,1,1,1,1,0,0,0,0,0,0,0,0
2007-12-07 13:00:00+00:00,30,12,13,84.95661163330078,81.08966064453125,0,0,0,0,0,0,0,0,0,1,1,1,1,1,1,1,1,0,0,0,0,0,0,0,0
2007-12-07 13:00:00+00:00,30,12,13,,,0,0,0,0,0,0,0,0,0,0,0,0,0,0,0,0,0,0,0,0,0,0,0,0,0
2007-12-07 13:00:00+00:00,30,12,13,152.7839813232422,158.97161865234375,0,0,0,0,0,0,0,0,0,0,0,0,1,1,1,1,1,0,0,0,0,0,0,0,0
2007-12-07 13:00:00+00:00,30,12,13,,,0,0,0,0,0,0,0,0,0,0,0,0,0,0,0,0,0,0,0,0,0,0,0,0,0
2007-12-07 13:15:00+00:00,30,12,13,,,0,0,0,0,0,0,0,0,0,0,0,0,0,0,0,0,0,0,0,0,0,0,0,0,0
2007-12-07 13:15:00+00:00,30,12,13,,,0,0,0,0,0,0,0,0,0,0,0,0,0,0,0,0,0,0,0,0,0,0,0,0,0
2007-12-07 13:15:00+00:00,30,12,13,468.3447265625,159.3360595703125,0,0,0,0,0,0,0,0,0,0,0,0,0,0,0,0,0,0,0,0,0,0,0,0,0
2007-12-07 13:15:00+00:00,30,12,13,68.29151153564453,52.50155258178711,0,0,0,0,0,0,0,0,1,1,1,1,1,1,1,1,1,0,0,0,0,0,0,0,1
2007-12-07 13:15:00+00:00,30,12,13,67.01746368408203,66.57714080810547,0,0,0,0,0,0,0,0,1,1,1,1,1,1,1,1,1,0,0,0,0,0,0,0,0
2007-12-07 13:15:00+00:00,30,12,13,100.56413269042969,120.43216705322266,0,0,0,0,0,0,0,0,0,0,1,1,1,1,1,1,1,0,0,0,0,0,0,0,0
2007-12-07 13:15:00+00:00,30,12,13,382.230712890625,372.512451171875,0,0,0,0,0,0,0,0,0,0,0,0,0,0,0,0,0,0,0,0,0,0,0,0,0
2007-12-07 13:15:00+00:00,30,12,13,561.447509765625,141.45306396484375,0,0,0,0,0,0,0,0,0,0,0,0,0,0,0,0,0,0,0,0,0,0,0,0,0
2007-12-07 13:15:00+00:00,30,12,13,57.44839096069336,117.47718811035156,0,0,0,0,0,0,0,1,1,1,1,1,1,1,1,1,1,0,0,0,0,0,0,0,0
2007-12-07 13:15:00+00:00,30,12,13,,,0,0,0,0,0,0,0,0,0,0,0,0,0,0,0,0,0,0,0,0,0,0,0,0,0
2007-12-07 13:15:00+00:00,30,12,13,,,0,0,0,0,0,0,0,0,0,0,0,0,0,0,0,0,0,0,0,0,0,0,0,0,0
2007-12-07 13:15:00+00:00,30,12,13,424.73516845703125,433.67279052734375,0,0,0,0,0,0,0,0,0,0,0,0,0,0,0,0,0,0,0,0,0,0,0,0,0
2007-12-07 13:30:00+00:00,30,12,13,,,0,0,0,0,0,0,0,0,0,0,0,0,0,0,0,0,0,0,0,0,0,0,0,0,0
2007-12-07 13:30:00+00:00,30,12,13,,143.04554748535156,0,0,0,0,0,0,0,0,0,0,0,0,0,0,0,0,0,0,0,0,0,0,0,0,0
2007-12-07 13:30:00+00:00,30,12,13,,175.01214599609375,0,0,0,0,0,0,0,0,0,0,0,0,0,0,0,0,0,0,0,0,0,0,0,0,0
2007-12-07 13:30:00+00:00,30,12,13,96.63858795166016,175.64602661132812,0,0,0,0,0,0,0,0,0,1,1,1,1,1,1,1,1,0,0,0,0,0,0,0,0
2007-12-07 13:30:00+00:00,30,12,13,156.75250244140625,162.30453491210938,0,0,0,0,0,0,0,0,0,0,0,0,1,1,1,1,1,0,0,0,0,0,0,0,0
2007-12-07 13:30:00+00:00,30,12,13,,,0,0,0,0,0,0,0,0,0,0,0,0,0,0,0,0,0,0,0,0,0,0,0,0,0
2007-12-07 13:30:00+00:00,30,12,13,,,0,0,0,0,0,0,0,0,0,0,0,0,0,0,0,0,0,0,0,0,0,0,0,0,0
2007-12-07 13:30:00+00:00,30,12,13,62.99890899658203,70.88050842285156,0,0,0,0,0,0,0,0,1,1,1,1,1,1,1,1,1,0,0,0,0,0,0,0,0
2007-12-07 13:30:00+00:00,30,12,13,137.63169860839844,127.68534088134766,0,0,0,0,0,0,0,0,0,0,0,1,1,1,1,1,1,0,0,0,0,0,0,0,0
2007-12-07 13:45:00+00:00,30,12,13,109.82736206054688,104.79266357421875,0,0,0,0,0,0,0,0,0,0,1,1,1,1,1,1,1,0,0,0,0,0,0,0,0
2007-12-07 13:45:00+00:00,30,12,13,157.73660278320312,134.54161071777344,0,0,0,0,0,0,0,0,0,0,0,0,1,1,1,1,1,0,0,0,0,0,0,0,0
2007-12-07 13:45:00+00:00,30,12,13,44.40920639038086,6.90354061126709,0,0,0,0,0,0,1,1,1,1,1,1,1,1,1,1,1,1,1,1,1,1,1,1,1
2007-12-07 13:45:00+00:00,30,12,13,237.81211853027344,211.74346923828125,0,0,0,0,0,0,0,0,0,0,0,0,0,0,1,1,1,0,0,0,0,0,0,0,0
2007-12-07 13:45:00+00:00,30,12,13,171.69171142578125,175.2962188720703,0,0,0,0,0,0,0,0,0,0,0,0,1,1,1,1,1,0,0,0,0,0,0,0,0
2007-12-07 13:45:00+00:00,30,12,13,182.3607635498047,169.24179077148438,0,0,0,0,0,0,0,0,0,0,0,0,0,1,1,1,1,0,0,0,0,0,0,0,0
2007-12-07 13:45:00+00:00,30,12,13,,,0,0,0,0,0,0,0,0,0,0,0,0,0,0,0,0,0,0,0,0,0,0,0,0,0
2007-12-07 14:00:00+00:00,30,12,14,181.2197265625,24.906984329223633,0,0,0,0,0,0,0,0,0,0,0,0,0,1,1,1,1,0,0,0,1,1,1,1,1
2007-12-07 14:00:00+00:00,30,12,14,47.20603561401367,49.656532287597656,0,0,0,0,0,0,1,1,1,1,1,1,1,1,1,1,1,0,0,0,0,0,0,1,1
2007-12-07 14:00:00+00:00,30,12,14,113.59432983398438,101.6142578125,0,0,0,0,0,0,0,0,0,0,1,1,1,1,1,1,1,0,0,0,0,0,0,0,0
2007-12-07 14:00:00+00:00,30,12,14,452.9845886230469,436.21002197265625,0,0,0,0,0,0,0,0,0,0,0,0,0,0,0,0,0,0,0,0,0,0,0,0,0
2007-12-07 14:00:00+00:00,30,12,14,147.8255615234375,167.0597686767578,0,0,0,0,0,0,0,0,0,0,0,1,1,1,1,1,1,0,0,0,0,0,0,0,0
2007-12-07 14:00:00+00:00,30,12,14,487.60638427734375,,0,0,0,0,0,0,0,0,0,0,0,0,0,0,0,0,0,0,0,0,0,0,0,0,0
2007-12-07 14:00:00+00:00,30,12,14,,,0,0,0,0,0,0,0,0,0,0,0,0,0,0,0,0,0,0,0,0,0,0,0,0,0
2007-12-07 14:00:00+00:00,30,12,14,,,0,0,0,0,0,0,0,0,0,0,0,0,0,0,0,0,0,0,0,0,0,0,0,0,0
2007-12-07 14:15:00+00:00,30,12,14,124.53658294677734,158.23123168945312,0,0,0,0,0,0,0,0,0,0,0,1,1,1,1,1,1,0,0,0,0,0,0,0,0
2007-12-07 14:15:00+00:00,30,12,14,154.2155303955078,168.67738342285156,0,0,0,0,0,0,0,0,0,0,0,0,1,1,1,1,1,0,0,0,0,0,0,0,0
2007-12-07 14:15:00+00:00,30,12,14,,,0,0,0,0,0,0,0,0,0,0,0,0,0,0,0,0,0,0,0,0,0,0,0,0,0
2007-12-07 14:30:00+00:00,30,12,14,,,0,0,0,0,0,0,0,0,0,0,0,0,0,0,0,0,0,0,0,0,0,0,0,0,0
2007-12-07 14:30:00+00:00,30,12,14,182.40225219726562,39.06626510620117,0,0,0,0,0,0,0,0,0,0,0,0,0,1,1,1,1,0,0,0,0,0,1,1,1
2007-12-07 14:30:00+00:00,30,12,14,42.85711669921875,114.18142700195312,0,0,0,0,0,0,1,1,1,1,1,1,1,1,1,1,1,0,0,0,0,0,0,0,0
2007-12-07 14:30:00+00:00,30,12,14,,,0,0,0,0,0,0,0,0,0,0,0,0,0,0,0,0,0,0,0,0,0,0,0,0,0
2007-12-07 14:30:00+00:00,30,12,14,,,0,0,0,0,0,0,0,0,0,0,0,0,0,0,0,0,0,0,0,0,0,0,0,0,0
2007-12-07 14:30:00+00:00,30,12,14,,,0,0,0,0,0,0,0,0,0,0,0,0,0,0,0,0,0,0,0,0,0,0,0,0,0
2007-12-07 14:45:00+00:00,30,12,14,209.5216522216797,133.0610809326172,0,0,0,0,0,0,0,0,0,0,0,0,0,0,1,1,1,0,0,0,0,0,0,0,0
2007-12-07 14:45:00+00:00,30,12,14,,,0,0,0,0,0,0,0,0,0,0,0,0,0,0,0,0,0,0,0,0,0,0,0,0,0
2007-12-07 14:45:00+00:00,30,12,14,,,0,0,0,0,0,0,0,0,0,0,0,0,0,0,0,0,0,0,0,0,0,0,0,0,0
2007-12-07 15:00:00+00:00,30,12,15,,,0,0,0,0,0,0,0,0,0,0,0,0,0,0,0,0,0,0,0,0,0,0,0,0,0
2007-12-07 15:00:00+00:00,30,12,15,165.5911865234375,185.4640350341797,0,0,0,0,0,0,0,0,0,0,0,0,1,1,1,1,1,0,0,0,0,0,0,0,0
2007-12-07 15:00:00+00:00,30,12,15,193.44943237304688,174.68125915527344,0,0,0,0,0,0,0,0,0,0,0,0,0,1,1,1,1,0,0,0,0,0,0,0,0
2007-12-07 15:00:00+00:00,30,12,15,69.64449310302734,61.44475173950195,0,0,0,0,0,0,0,0,1,1,1,1,1,1,1,1,1,0,0,0,0,0,0,0,0
2007-12-07 15:00:00+00:00,30,12,15,365.2618408203125,110.1789779663086,0,0,0,0,0,0,0,0,0,0,0,0,0,0,0,0,0,0,0,0,0,0,0,0,0
2007-12-07 15:00:00+00:00,30,12,15,262.873779296875,234.26611328125,0,0,0,0,0,0,0,0,0,0,0,0,0,0,0,1,1,0,0,0,0,0,0,0,0
2007-12-07 15:00:00+00:00,30,12,15,276.576416015625,268.0133972167969,0,0,0,0,0,0,0,0,0,0,0,0,0,0,0,1,1,0,0,0,0,0,0,0,0
2007-12-07 15:00:00+00:00,30,12,15,,,0,0,0,0,0,0,0,0,0,0,0,0,0,0,0,0,0,0,0,0,0,0,0,0,0
2007-12-07 15:00:00+00:00,30,12,15,180.53604125976562,247.0812225341797,0,0,0,0,0,0,0,0,0,0,0,0,0,1,1,1,1,0,0,0,0,0,0,0,0
2007-12-07 15:00:00+00:00,30,12,15,,333.8796691894531,0,0,0,0,0,0,0,0,0,0,0,0,0,0,0,0,0,0,0,0,0,0,0,0,0
2007-12-07 15:00:00+00:00,30,12,15,,,0,0,0,0,0,0,0,0,0,0,0,0,0,0,0,0,0,0,0,0,0,0,0,0,0
2007-12-07 15:15:00+00:00,30,12,15,59.24984359741211,62.90239715576172,0,0,0,0,0,0,0,1,1,1,1,1,1,1,1,1,1,0,0,0,0,0,0,0,0
2007-12-07 15:15:00+00:00,30,12,15,71.89161682128906,43.6107292175293,0,0,0,0,0,0,0,0,1,1,1,1,1,1,1,1,1,0,0,0,0,0,0,1,1
2007-12-07 15:15:00+00:00,30,12,15,,272.5752258300781,0,0,0,0,0,0,0,0,0,0,0,0,0,0,0,0,0,0,0,0,0,0,0,0,0
2007-12-07 15:15:00+00:00,30,12,15,122.23527526855469,140.77484130859375,0,0,0,0,0,0,0,0,0,0,0,1,1,1,1,1,1,0,0,0,0,0,0,0,0
2007-12-07 15:15:00+00:00,30,12,15,,214.53944396972656,0,0,0,0,0,0,0,0,0,0,0,0,0,0,0,0,0,0,0,0,0,0,0,0,0
2007-12-07 15:15:00+00:00,30,12,15,121.24588012695312,130.27130126953125,0,0,0,0,0,0,0,0,0,0,0,1,1,1,1,1,1,0,0,0,0,0,0,0,0
2007-12-07 15:15:00+00:00,30,12,15,,,0,0,0,0,0,0,0,0,0,0,0,0,0,0,0,0,0,0,0,0,0,0,0,0,0
2007-12-07 15:15:00+00:00,30,12,15,,88.48597717285156,0,0,0,0,0,0,0,0,0,0,0,0,0,0,0,0,0,0,0,0,0,0,0,0,0
2007-12-07 15:15:00+00:00,30,12,15,,,0,0,0,0,0,0,0,0,0,0,0,0,0,0,0,0,0,0,0,0,0,0,0,0,0
2007-12-07 15:30:00+00:00,30,12,15,143.87075805664062,134.9223175048828,0,0,0,0,0,0,0,0,0,0,0,1,1,1,1,1,1,0,0,0,0,0,0,0,0
2007-12-07 15:30:00+00:00,30,12,15,83.46477508544922,92.51651000976562,0,0,0,0,0,0,0,0,0,1,1,1,1,1,1,1,1,0,0,0,0,0,0,0,0
2007-12-07 15:30:00+00:00,30,12,15,94.20592498779297,60.63090133666992,0,0,0,0,0,0,0,0,0,1,1,1,1,1,1,1,1,0,0,0,0,0,0,0,0
2007-12-07 15:30:00+00:00,30,12,15,119.32470703125,134.63058471679688,0,0,0,0,0,0,0,0,0,0,1,1,1,1,1,1,1,0,0,0,0,0,0,0,0
2007-12-07 15:30:00+00:00,30,12,15,,141.35191345214844,0,0,0,0,0,0,0,0,0,0,0,0,0,0,0,0,0,0,0,0,0,0,0,0,0
2007-12-07 15:30:00+00:00,30,12,15,253.22523498535156,130.28590393066406,0,0,0,0,0,0,0,0,0,0,0,0,0,0,0,1,1,0,0,0,0,0,0,0,0
2007-12-07 15:45:00+00:00,30,12,15,99.24774169921875,83.99935150146484,0,0,0,0,0,0,0,0,0,1,1,1,1,1,1,1,1,0,0,0,0,0,0,0,0
2007-12-07 15:45:00+00:00,30,12,15,516.9218139648438,516.9218139648438,0,0,0,0,0,0,0,0,0,0,0,0,0,0,0,0,0,0,0,0,0,0,0,0,0
2007-12-07 15:45:00+00:00,30,12,15,133.62367248535156,151.77493286132812,0,0,0,0,0,0,0,0,0,0,0,1,1,1,1,1,1,0,0,0,0,0,0,0,0
2007-12-07 15:45:00+00:00,30,12,15,88.50566864013672,67.72713470458984,0,0,0,0,0,0,0,0,0,1,1,1,1,1,1,1,1,0,0,0,0,0,0,0,0
2007-12-07 15:45:00+00:00,30,12,15,296.6227111816406,342.3897705078125,0,0,0,0,0,0,0,0,0,0,0,0,0,0,0,1,1,0,0,0,0,0,0,0,0
2007-12-07 15:45:00+00:00,30,12,15,208.5916748046875,309.5804443359375,0,0,0,0,0,0,0,0,0,0,0,0,0,0,1,1,1,0,0,0,0,0,0,0,0
2007-12-07 15:45:00+00:00,30,12,15,,253.04237365722656,0,0,0,0,0,0,0,0,0,0,0,0,0,0,0,0,0,0,0,0,0,0,0,0,0
2007-12-07 15:45:00+00:00,30,12,15,327.5797424316406,,0,0,0,0,0,0,0,0,0,0,0,0,0,0,0,0,1,0,0,0,0,0,0,0,0
2007-12-07 15:45:00+00:00,30,12,15,,,0,0,0,0,0,0,0,0,0,0,0,0,0,0,0,0,0,0,0,0,0,0,0,0,0
2007-12-07 15:45:00+00:00,30,12,15,,,0,0,0,0,0,0,0,0,0,0,0,0,0,0,0,0,0,0,0,0,0,0,0,0,0
2007-12-07 16:00:00+00:00,30,12,16,,,0,0,0,0,0,0,0,0,0,0,0,0,0,0,0,0,0,0,0,0,0,0,0,0,0
2007-12-07 16:00:00+00:00,30,12,16,315.4446716308594,370.15771484375,0,0,0,0,0,0,0,0,0,0,0,0,0,0,0,0,1,0,0,0,0,0,0,0,0
2007-12-07 16:00:00+00:00,30,12,16,180.47869873046875,196.28851318359375,0,0,0,0,0,0,0,0,0,0,0,0,0,1,1,1,1,0,0,0,0,0,0,0,0
2007-12-07 16:00:00+00:00,30,12,16,263.2130432128906,275.1944885253906,0,0,0,0,0,0,0,0,0,0,0,0,0,0,0,1,1,0,0,0,0,0,0,0,0
2007-12-07 16:00:00+00:00,30,12,16,353.5511779785156,338.0670166015625,0,0,0,0,0,0,0,0,0,0,0,0,0,0,0,0,0,0,0,0,0,0,0,0,0
2007-12-07 16:15:00+00:00,30,12,16,176.23056030273438,145.1903076171875,0,0,0,0,0,0,0,0,0,0,0,0,1,1,1,1,1,0,0,0,0,0,0,0,0
2007-12-07 16:15:00+00:00,30,12,16,180.43475341796875,193.5256805419922,0,0,0,0,0,0,0,0,0,0,0,0,0,1,1,1,1,0,0,0,0,0,0,0,0
2007-12-07 16:30:00+00:00,30,12,16,205.95980834960938,174.46368408203125,0,0,0,0,0,0,0,0,0,0,0,0,0,0,1,1,1,0,0,0,0,0,0,0,0
2007-12-07 16:30:00+00:00,30,12,16,71.55625915527344,0.0,0,0,0,0,0,0,0,0,1,1,1,1,1,1,1,1,1,1,1,1,1,1,1,1,1
2007-12-07 16:30:00+00:00,30,12,16,195.35829162597656,185.9898681640625,0,0,0,0,0,0,0,0,0,0,0,0,0,1,1,1,1,0,0,0,0,0,0,0,0
2007-12-07 16:30:00+00:00,30,12,16,172.50152587890625,171.3226318359375,0,0,0,0,0,0,0,0,0,0,0,0,1,1,1,1,1,0,0,0,0,0,0,0,0
2007-12-07 16:30:00+00:00,30,12,16,457.2198791503906,,0,0,0,0,0,0,0,0,0,0,0,0,0,0,0,0,0,0,0,0,0,0,0,0,0
2007-12-07 16:30:00+00:00,30,12,16,,,0,0,0,0,0,0,0,0,0,0,0,0,0,0,0,0,0,0,0,0,0,0,0,0,0
2007-12-07 16:45:00+00:00,30,12,16,192.01100158691406,183.25267028808594,0,0,0,0,0,0,0,0,0,0,0,0,0,1,1,1,1,0,0,0,0,0,0,0,0
2007-12-07 16:45:00+00:00,30,12,16,155.74525451660156,123.75895690917969,0,0,0,0,0,0,0,0,0,0,0,0,1,1,1,1,1,0,0,0,0,0,0,0,0
2007-12-07 16:45:00+00:00,30,12,16,142.38571166992188,108.79850006103516,0,0,0,0,0,0,0,0,0,0,0,1,1,1,1,1,1,0,0,0,0,0,0,0,0
2007-12-07 16:45:00+00:00,30,12,16,97.95561981201172,479.4301452636719,0,0,0,0,0,0,0,0,0,1,1,1,1,1,1,1,1,0,0,0,0,0,0,0,0
2007-12-07 16:45:00+00:00,30,12,16,268.1267395019531,284.2777099609375,0,0,0,0,0,0,0,0,0,0,0,0,0,0,0,1,1,0,0,0,0,0,0,0,0
2007-12-07 16:45:00+00:00,30,12,16,366.3388366699219,366.9967346191406,0,0,0,0,0,0,0,0,0,0,0,0,0,0,0,0,0,0,0,0,0,0,0,0,0
2007-12-07 17:00:00+00:00,30,12,17,,615.3198852539062,0,0,0,0,0,0,0,0,0,0,0,0,0,0,0,0,0,0,0,0,0,0,0,0,0
2007-12-07 17:00:00+00:00,30,12,17,201.84945678710938,186.84925842285156,0,0,0,0,0,0,0,0,0,0,0,0,0,0,1,1,1,0,0,0,0,0,0,0,0
2007-12-07 17:00:00+00:00,30,12,17,177.54551696777344,144.71450805664062,0,0,0,0,0,0,0,0,0,0,0,0,1,1,1,1,1,0,0,0,0,0,0,0,0
2007-12-07 17:00:00+00:00,30,12,17,165.52456665039062,130.9983673095703,0,0,0,0,0,0,0,0,0,0,0,0,1,1,1,1,1,0,0,0,0,0,0,0,0
2007-12-07 17:00:00+00:00,30,12,17,,288.17388916015625,0,0,0,0,0,0,0,0,0,0,0,0,0,0,0,0,0,0,0,0,0,0,0,0,0
2007-12-07 17:00:00+00:00,30,12,17,,,0,0,0,0,0,0,0,0,0,0,0,0,0,0,0,0,0,0,0,0,0,0,0,0,0
2007-12-07 17:15:00+00:00,30,12,17,237.66961669921875,212.41676330566406,0,0,0,0,0,0,0,0,0,0,0,0,0,0,1,1,1,0,0,0,0,0,0,0,0
2007-12-07 17:15:00+00:00,30,12,17,196.69061279296875,154.4976806640625,0,0,0,0,0,0,0,0,0,0,0,0,0,1,1,1,1,0,0,0,0,0,0,0,0
2007-12-07 17:15:00+00:00,30,12,17,86.75292205810547,59.507747650146484,0,0,0,0,0,0,0,0,0,1,1,1,1,1,1,1,1,0,0,0,0,0,0,0,1
2007-12-07 17:15:00+00:00,30,12,17,73.73458862304688,62.04175567626953,0,0,0,0,0,0,0,0,1,1,1,1,1,1,1,1,1,0,0,0,0,0,0,0,0
2007-12-07 17:15:00+00:00,30,12,17,324.4585266113281,,0,0,0,0,0,0,0,0,0,0,0,0,0,0,0,0,1,0,0,0,0,0,0,0,0
2007-12-07 17:15:00+00:00,30,12,17,,,0,0,0,0,0,0,0,0,0,0,0,0,0,0,0,0,0,0,0,0,0,0,0,0,0
2007-12-07 17:15:00+00:00,30,12,17,241.3876190185547,,0,0,0,0,0,0,0,0,0,0,0,0,0,0,1,1,1,0,0,0,0,0,0,0,0
2007-12-07 17:30:00+00:00,30,12,17,250.89178466796875,223.57571411132812,0,0,0,0,0,0,0,0,0,0,0,0,0,0,0,1,1,0,0,0,0,0,0,0,0
2007-12-07 17:30:00+00:00,30,12,17,52.66059112548828,43.84349822998047,0,0,0,0,0,0,0,1,1,1,1,1,1,1,1,1,1,0,0,0,0,0,0,1,1
2007-12-07 17:30:00+00:00,30,12,17,194.11766052246094,203.69198608398438,0,0,0,0,0,0,0,0,0,0,0,0,0,1,1,1,1,0,0,0,0,0,0,0,0
2007-12-07 17:30:00+00:00,30,12,17,169.88246154785156,183.3314971923828,0,0,0,0,0,0,0,0,0,0,0,0,1,1,1,1,1,0,0,0,0,0,0,0,0
2007-12-07 17:30:00+00:00,30,12,17,314.5361633300781,307.8388671875,0,0,0,0,0,0,0,0,0,0,0,0,0,0,0,0,1,0,0,0,0,0,0,0,0
2007-12-07 17:30:00+00:00,30,12,17,,,0,0,0,0,0,0,0,0,0,0,0,0,0,0,0,0,0,0,0,0,0,0,0,0,0
2007-12-07 17:45:00+00:00,30,12,17,262.8589782714844,244.1717071533203,0,0,0,0,0,0,0,0,0,0,0,0,0,0,0,1,1,0,0,0,0,0,0,0,0
2007-12-07 17:45:00+00:00,30,12,17,288.3055419921875,255.20205688476562,0,0,0,0,0,0,0,0,0,0,0,0,0,0,0,1,1,0,0,0,0,0,0,0,0
2007-12-07 17:45:00+00:00,30,12,17,251.6627960205078,215.53640747070312,0,0,0,0,0,0,0,0,0,0,0,0,0,0,0,1,1,0,0,0,0,0,0,0,0
2007-12-07 17:45:00+00:00,30,12,17,70.11175537109375,73.7365951538086,0,0,0,0,0,0,0,0,1,1,1,1,1,1,1,1,1,0,0,0,0,0,0,0,0
2007-12-07 17:45:00+00:00,30,12,17,168.15145874023438,112.45304107666016,0,0,0,0,0,0,0,0,0,0,0,0,1,1,1,1,1,0,0,0,0,0,0,0,0
2007-12-07 17:45:00+00:00,30,12,17,349.3143615722656,320.78533935546875,0,0,0,0,0,0,0,0,0,0,0,0,0,0,0,0,1,0,0,0,0,0,0,0,0
2007-12-07 17:45:00+00:00,30,12,17,,,0,0,0,0,0,0,0,0,0,0,0,0,0,0,0,0,0,0,0,0,0,0,0,0,0
2007-12-08 10:00:00+00:00,30,12,10,64.68580627441406,64.02820587158203,0,0,0,0,0,0,0,0,1,1,1,1,1,1,1,1,1,0,0,0,0,0,0,0,0
2007-12-08 10:00:00+00:00,30,12,10,70.72360229492188,71.95732116699219,0,0,0,0,0,0,0,0,1,1,1,1,1,1,1,1,1,0,0,0,0,0,0,0,0
2007-12-08 10:00:00+00:00,30,12,10,173.5570526123047,66.06788635253906,0,0,0,0,0,0,0,0,0,0,0,0,1,1,1,1,1,0,0,0,0,0,0,0,0
2007-12-08 10:00:00+00:00,30,12,10,302.7544860839844,331.86773681640625,0,0,0,0,0,0,0,0,0,0,0,0,0,0,0,0,1,0,0,0,0,0,0,0,0
2007-12-08 10:00:00+00:00,30,12,10,187.6294403076172,145.3766632080078,0,0,0,0,0,0,0,0,0,0,0,0,0,1,1,1,1,0,0,0,0,0,0,0,0
2007-12-08 10:00:00+00:00,30,12,10,423.7698059082031,437.94189453125,0,0,0,0,0,0,0,0,0,0,0,0,0,0,0,0,0,0,0,0,0,0,0,0,0
2007-12-08 10:00:00+00:00,30,12,10,,,0,0,0,0,0,0,0,0,0,0,0,0,0,0,0,0,0,0,0,0,0,0,0,0,0
2007-12-08 10:00:00+00:00,30,12,10,,,0,0,0,0,0,0,0,0,0,0,0,0,0,0,0,0,0,0,0,0,0,0,0,0,0
2007-12-08 10:15:00+00:00,30,12,10,,,0,0,0,0,0,0,0,0,0,0,0,0,0,0,0,0,0,0,0,0,0,0,0,0,0
2007-12-08 10:15:00+00:00,30,12,10,351.15667724609375,392.58758544921875,0,0,0,0,0,0,0,0,0,0,0,0,0,0,0,0,0,0,0,0,0,0,0,0,0
2007-12-08 10:15:00+00:00,30,12,10,361.3258972167969,186.1917266845703,0,0,0,0,0,0,0,0,0,0,0,0,0,0,0,0,0,0,0,0,0,0,0,0,0
2007-12-08 10:15:00+00:00,30,12,10,239.62269592285156,80.6996078491211,0,0,0,0,0,0,0,0,0,0,0,0,0,0,1,1,1,0,0,0,0,0,0,0,0
2007-12-08 10:15:00+00:00,30,12,10,57.73783874511719,50.3234977722168,0,0,0,0,0,0,0,1,1,1,1,1,1,1,1,1,1,0,0,0,0,0,0,0,1
2007-12-08 10:15:00+00:00,30,12,10,163.42567443847656,88.31782531738281,0,0,0,0,0,0,0,0,0,0,0,0,1,1,1,1,1,0,0,0,0,0,0,0,0
2007-12-08 10:15:00+00:00,30,12,10,62.79872512817383,40.7401237487793,0,0,0,0,0,0,0,0,1,1,1,1,1,1,1,1,1,0,0,0,0,0,0,1,1
2007-12-08 10:15:00+00:00,30,12,10,,,0,0,0,0,0,0,0,0,0,0,0,0,0,0,0,0,0,0,0,0,0,0,0,0,0
2007-12-08 10:15:00+00:00,30,12,10,185.0059051513672,171.50341796875,0,0,0,0,0,0,0,0,0,0,0,0,0,1,1,1,1,0,0,0,0,0,0,0,0
2007-12-08 10:15:00+00:00,30,12,10,246.64463806152344,46.43576431274414,0,0,0,0,0,0,0,0,0,0,0,0,0,0,1,1,1,0,0,0,0,0,0,1,1
2007-12-08 10:15:00+00:00,30,12,10,,,0,0,0,0,0,0,0,0,0,0,0,0,0,0,0,0,0,0,0,0,0,0,0,0,0
2007-12-08 10:15:00+00:00,30,12,10,66.82490539550781,75.85468292236328,0,0,0,0,0,0,0,0,1,1,1,1,1,1,1,1,1,0,0,0,0,0,0,0,0
2007-12-08 10:15:00+00:00,30,12,10,496.87994384765625,,0,0,0,0,0,0,0,0,0,0,0,0,0,0,0,0,0,0,0,0,0,0,0,0,0
2007-12-08 10:15:00+00:00,30,12,10,241.575439453125,229.18231201171875,0,0,0,0,0,0,0,0,0,0,0,0,0,0,1,1,1,0,0,0,0,0,0,0,0
2007-12-08 10:15:00+00:00,30,12,10,,474.1278076171875,0,0,0,0,0,0,0,0,0,0,0,0,0,0,0,0,0,0,0,0,0,0,0,0,0
2007-12-08 10:15:00+00:00,30,12,10,289.08758544921875,267.3675231933594,0,0,0,0,0,0,0,0,0,0,0,0,0,0,0,1,1,0,0,0,0,0,0,0,0
2007-12-08 10:15:00+00:00,30,12,10,371.0345458984375,210.77325439453125,0,0,0,0,0,0,0,0,0,0,0,0,0,0,0,0,0,0,0,0,0,0,0,0,0
2007-12-08 10:15:00+00:00,30,12,10,222.59780883789062,193.0950927734375,0,0,0,0,0,0,0,0,0,0,0,0,0,0,1,1,1,0,0,0,0,0,0,0,0
2007-12-08 10:15:00+00:00,30,12,10,,,0,0,0,0,0,0,0,0,0,0,0,0,0,0,0,0,0,0,0,0,0,0,0,0,0
2007-12-08 10:15:00+00:00,30,12,10,,,0,0,0,0,0,0,0,0,0,0,0,0,0,0,0,0,0,0,0,0,0,0,0,0,0
2007-12-08 10:15:00+00:00,30,12,10,,,0,0,0,0,0,0,0,0,0,0,0,0,0,0,0,0,0,0,0,0,0,0,0,0,0
2007-12-08 10:30:00+00:00,30,12,10,,,0,0,0,0,0,0,0,0,0,0,0,0,0,0,0,0,0,0,0,0,0,0,0,0,0
2007-12-08 10:30:00+00:00,30,12,10,351.81121826171875,309.0572509765625,0,0,0,0,0,0,0,0,0,0,0,0,0,0,0,0,0,0,0,0,0,0,0,0,0
2007-12-08 10:30:00+00:00,30,12,10,315.6400146484375,68.94306945800781,0,0,0,0,0,0,0,0,0,0,0,0,0,0,0,0,1,0,0,0,0,0,0,0,0
2007-12-08 10:30:00+00:00,30,12,10,273.6253967285156,288.54864501953125,0,0,0,0,0,0,0,0,0,0,0,0,0,0,0,1,1,0,0,0,0,0,0,0,0
2007-12-08 10:30:00+00:00,30,12,10,302.1525573730469,290.0533142089844,0,0,0,0,0,0,0,0,0,0,0,0,0,0,0,0,1,0,0,0,0,0,0,0,0
2007-12-08 10:30:00+00:00,30,12,10,478.9942321777344,422.22137451171875,0,0,0,0,0,0,0,0,0,0,0,0,0,0,0,0,0,0,0,0,0,0,0,0,0
2007-12-08 10:30:00+00:00,30,12,10,,155.44448852539062,0,0,0,0,0,0,0,0,0,0,0,0,0,0,0,0,0,0,0,0,0,0,0,0,0
2007-12-08 10:30:00+00:00,30,12,10,531.2719116210938,293.6907043457031,0,0,0,0,0,0,0,0,0,0,0,0,0,0,0,0,0,0,0,0,0,0,0,0,0
2007-12-08 10:30:00+00:00,30,12,10,,385.4830322265625,0,0,0,0,0,0,0,0,0,0,0,0,0,0,0,0,0,0,0,0,0,0,0,0,0
2007-12-08 10:30:00+00:00,30,12,10,,,0,0,0,0,0,0,0,0,0,0,0,0,0,0,0,0,0,0,0,0,0,0,0,0,0
2007-12-08 10:30:00+00:00,30,12,10,,,0,0,0,0,0,0,0,0,0,0,0,0,0,0,0,0,0,0,0,0,0,0,0,0,0
2007-12-08 10:30:00+00:00,30,12,10,,,0,0,0,0,0,0,0,0,0,0,0,0,0,0,0,0,0,0,0,0,0,0,0,0,0
2007-12-08 10:45:00+00:00,30,12,10,,,0,0,0,0,0,0,0,0,0,0,0,0,0,0,0,0,0,0,0,0,0,0,0,0,0
2007-12-08 10:45:00+00:00,30,12,10,414.1283264160156,234.1971435546875,0,0,0,0,0,0,0,0,0,0,0,0,0,0,0,0,0,0,0,0,0,0,0,0,0
2007-12-08 10:45:00+00:00,30,12,10,180.678955078125,175.4199676513672,0,0,0,0,0,0,0,0,0,0,0,0,0,1,1,1,1,0,0,0,0,0,0,0,0
2007-12-08 10:45:00+00:00,30,12,10,51.03560256958008,51.97056579589844,0,0,0,0,0,0,0,1,1,1,1,1,1,1,1,1,1,0,0,0,0,0,0,0,1
2007-12-08 10:45:00+00:00,30,12,10,76.02225494384766,66.86811065673828,0,0,0,0,0,0,0,0,1,1,1,1,1,1,1,1,1,0,0,0,0,0,0,0,0
2007-12-08 10:45:00+00:00,30,12,10,55.509849548339844,55.509849548339844,0,0,0,0,0,0,0,1,1,1,1,1,1,1,1,1,1,0,0,0,0,0,0,0,1
2007-12-08 10:45:00+00:00,30,12,10,,357.6612243652344,0,0,0,0,0,0,0,0,0,0,0,0,0,0,0,0,0,0,0,0,0,0,0,0,0
2007-12-08 10:45:00+00:00,30,12,10,342.3830261230469,210.4816131591797,0,0,0,0,0,0,0,0,0,0,0,0,0,0,0,0,1,0,0,0,0,0,0,0,0
2007-12-08 10:45:00+00:00,30,12,10,,399.9858703613281,0,0,0,0,0,0,0,0,0,0,0,0,0,0,0,0,0,0,0,0,0,0,0,0,0
2007-12-08 10:45:00+00:00,30,12,10,,0.0,0,0,0,0,0,0,0,0,0,0,0,0,0,0,0,0,0,1,1,1,1,1,1,1,1
2007-12-08 10:45:00+00:00,30,12,10,236.7908477783203,278.3372802734375,0,0,0,0,0,0,0,0,0,0,0,0,0,0,1,1,1,0,0,0,0,0,0,0,0
2007-12-08 10:45:00+00:00,30,12,10,,,0,0,0,0,0,0,0,0,0,0,0,0,0,0,0,0,0,0,0,0,0,0,0,0,0
2007-12-08 10:45:00+00:00,30,12,10,,,0,0,0,0,0,0,0,0,0,0,0,0,0,0,0,0,0,0,0,0,0,0,0,0,0
2007-12-08 10:45:00+00:00,30,12,10,,,0,0,0,0,0,0,0,0,0,0,0,0,0,0,0,0,0,0,0,0,0,0,0,0,0
2007-12-08 10:45:00+00:00,30,12,10,,,0,0,0,0,0,0,0,0,0,0,0,0,0,0,0,0,0,0,0,0,0,0,0,0,0
2007-12-08 10:45:00+00:00,30,12,10,,,0,0,0,0,0,0,0,0,0,0,0,0,0,0,0,0,0,0,0,0,0,0,0,0,0
2007-12-08 10:45:00+00:00,30,12,10,243.6260528564453,235.20950317382812,0,0,0,0,0,0,0,0,0,0,0,0,0,0,1,1,1,0,0,0,0,0,0,0,0
2007-12-08 10:45:00+00:00,30,12,10,336.47247314453125,327.3175048828125,0,0,0,0,0,0,0,0,0,0,0,0,0,0,0,0,1,0,0,0,0,0,0,0,0
2007-12-08 10:45:00+00:00,30,12,10,,,0,0,0,0,0,0,0,0,0,0,0,0,0,0,0,0,0,0,0,0,0,0,0,0,0
2007-12-08 10:45:00+00:00,30,12,10,,,0,0,0,0,0,0,0,0,0,0,0,0,0,0,0,0,0,0,0,0,0,0,0,0,0
2007-12-08 10:45:00+00:00,30,12,10,,,0,0,0,0,0,0,0,0,0,0,0,0,0,0,0,0,0,0,0,0,0,0,0,0,0
2007-12-08 10:45:00+00:00,30,12,10,,,0,0,0,0,0,0,0,0,0,0,0,0,0,0,0,0,0,0,0,0,0,0,0,0,0
2007-12-08 10:45:00+00:00,30,12,10,,,0,0,0,0,0,0,0,0,0,0,0,0,0,0,0,0,0,0,0,0,0,0,0,0,0
2007-12-08 11:00:00+00:00,30,12,11,,,0,0,0,0,0,0,0,0,0,0,0,0,0,0,0,0,0,0,0,0,0,0,0,0,0
2007-12-08 11:00:00+00:00,30,12,11,467.60247802734375,512.0482177734375,0,0,0,0,0,0,0,0,0,0,0,0,0,0,0,0,0,0,0,0,0,0,0,0,0
2007-12-08 11:00:00+00:00,30,12,11,,,0,0,0,0,0,0,0,0,0,0,0,0,0,0,0,0,0,0,0,0,0,0,0,0,0
2007-12-08 11:00:00+00:00,30,12,11,314.9218444824219,314.3609619140625,0,0,0,0,0,0,0,0,0,0,0,0,0,0,0,0,1,0,0,0,0,0,0,0,0
2007-12-08 11:00:00+00:00,30,12,11,97.44977569580078,41.681880950927734,0,0,0,0,0,0,0,0,0,1,1,1,1,1,1,1,1,0,0,0,0,0,0,1,1
2007-12-08 11:00:00+00:00,30,12,11,120.58736419677734,128.91697692871094,0,0,0,0,0,0,0,0,0,0,0,1,1,1,1,1,1,0,0,0,0,0,0,0,0
2007-12-08 11:00:00+00:00,30,12,11,439.33099365234375,214.8131561279297,0,0,0,0,0,0,0,0,0,0,0,0,0,0,0,0,0,0,0,0,0,0,0,0,0
2007-12-08 11:00:00+00:00,30,12,11,187.80801391601562,,0,0,0,0,0,0,0,0,0,0,0,0,0,1,1,1,1,0,0,0,0,0,0,0,0
2007-12-08 11:00:00+00:00,30,12,11,80.08536529541016,76.20616149902344,0,0,0,0,0,0,0,0,0,1,1,1,1,1,1,1,1,0,0,0,0,0,0,0,0
2007-12-08 11:00:00+00:00,30,12,11,102.45881652832031,272.7954406738281,0,0,0,0,0,0,0,0,0,0,1,1,1,1,1,1,1,0,0,0,0,0,0,0,0
2007-12-08 11:00:00+00:00,30,12,11,,,0,0,0,0,0,0,0,0,0,0,0,0,0,0,0,0,0,0,0,0,0,0,0,0,0
2007-12-08 11:00:00+00:00,30,12,11,361.44036865234375,,0,0,0,0,0,0,0,0,0,0,0,0,0,0,0,0,0,0,0,0,0,0,0,0,0
2007-12-08 11:00:00+00:00,30,12,11,,,0,0,0,0,0,0,0,0,0,0,0,0,0,0,0,0,0,0,0,0,0,0,0,0,0
2007-12-08 11:15:00+00:00,30,12,11,,,0,0,0,0,0,0,0,0,0,0,0,0,0,0,0,0,0,0,0,0,0,0,0,0,0
2007-12-08 11:15:00+00:00,30,12,11,409.7593078613281,92.47078704833984,0,0,0,0,0,0,0,0,0,0,0,0,0,0,0,0,0,0,0,0,0,0,0,0,0
2007-12-08 11:15:00+00:00,30,12,11,179.70323181152344,115.44184112548828,0,0,0,0,0,0,0,0,0,0,0,0,1,1,1,1,1,0,0,0,0,0,0,0,0
2007-12-08 11:15:00+00:00,30,12,11,70.19205474853516,56.738224029541016,0,0,0,0,0,0,0,0,1,1,1,1,1,1,1,1,1,0,0,0,0,0,0,0,1
2007-12-08 11:15:00+00:00,30,12,11,98.06175231933594,13.375566482543945,0,0,0,0,0,0,0,0,0,1,1,1,1,1,1,1,1,0,1,1,1,1,1,1,1
2007-12-08 11:15:00+00:00,30,12,11,,419.3229064941406,0,0,0,0,0,0,0,0,0,0,0,0,0,0,0,0,0,0,0,0,0,0,0,0,0
2007-12-08 11:15:00+00:00,30,12,11,50.917728424072266,50.2222900390625,0,0,0,0,0,0,0,1,1,1,1,1,1,1,1,1,1,0,0,0,0,0,0,0,1
2007-12-08 11:15:00+00:00,30,12,11,254.014892578125,184.94973754882812,0,0,0,0,0,0,0,0,0,0,0,0,0,0,0,1,1,0,0,0,0,0,0,0,0
2007-12-08 11:15:00+00:00,30,12,11,313.11737060546875,185.99075317382812,0,0,0,0,0,0,0,0,0,0,0,0,0,0,0,0,1,0,0,0,0,0,0,0,0
2007-12-08 11:15:00+00:00,30,12,11,,95.3838882446289,0,0,0,0,0,0,0,0,0,0,0,0,0,0,0,0,0,0,0,0,0,0,0,0,0
2007-12-08 11:15:00+00:00,30,12,11,,219.50909423828125,0,0,0,0,0,0,0,0,0,0,0,0,0,0,0,0,0,0,0,0,0,0,0,0,0
2007-12-08 11:15:00+00:00,30,12,11,,105.97260284423828,0,0,0,0,0,0,0,0,0,0,0,0,0,0,0,0,0,0,0,0,0,0,0,0,0
2007-12-08 11:15:00+00:00,30,12,11,,154.6763916015625,0,0,0,0,0,0,0,0,0,0,0,0,0,0,0,0,0,0,0,0,0,0,0,0,0
2007-12-08 11:15:00+00:00,30,12,11,,77.81494140625,0,0,0,0,0,0,0,0,0,0,0,0,0,0,0,0,0,0,0,0,0,0,0,0,0
2007-12-08 11:15:00+00:00,30,12,11,,229.59190368652344,0,0,0,0,0,0,0,0,0,0,0,0,0,0,0,0,0,0,0,0,0,0,0,0,0
2007-12-08 11:15:00+00:00,30,12,11,,334.2071228027344,0,0,0,0,0,0,0,0,0,0,0,0,0,0,0,0,0,0,0,0,0,0,0,0,0
2007-12-08 11:15:00+00:00,30,12,11,,,0,0,0,0,0,0,0,0,0,0,0,0,0,0,0,0,0,0,0,0,0,0,0,0,0
2007-12-08 11:30:00+00:00,30,12,11,,,0,0,0,0,0,0,0,0,0,0,0,0,0,0,0,0,0,0,0,0,0,0,0,0,0
2007-12-08 11:30:00+00:00,30,12,11,,,0,0,0,0,0,0,0,0,0,0,0,0,0,0,0,0,0,0,0,0,0,0,0,0,0
2007-12-08 11:30:00+00:00,30,12,11,121.35167694091797,46.42019271850586,0,0,0,0,0,0,0,0,0,0,0,1,1,1,1,1,1,0,0,0,0,0,0,1,1
2007-12-08 11:30:00+00:00,30,12,11,,182.32521057128906,0,0,0,0,0,0,0,0,0,0,0,0,0,0,0,0,0,0,0,0,0,0,0,0,0
2007-12-08 11:30:00+00:00,30,12,11,178.37615966796875,93.893310546875,0,0,0,0,0,0,0,0,0,0,0,0,1,1,1,1,1,0,0,0,0,0,0,0,0
2007-12-08 11:30:00+00:00,30,12,11,214.64108276367188,63.86375045776367,0,0,0,0,0,0,0,0,0,0,0,0,0,0,1,1,1,0,0,0,0,0,0,0,0
2007-12-08 11:30:00+00:00,30,12,11,81.27692413330078,100.0593032836914,0,0,0,0,0,0,0,0,0,1,1,1,1,1,1,1,1,0,0,0,0,0,0,0,0
2007-12-08 11:30:00+00:00,30,12,11,216.9982452392578,83.06155395507812,0,0,0,0,0,0,0,0,0,0,0,0,0,0,1,1,1,0,0,0,0,0,0,0,0
2007-12-08 11:30:00+00:00,30,12,11,247.24514770507812,224.7638702392578,0,0,0,0,0,0,0,0,0,0,0,0,0,0,1,1,1,0,0,0,0,0,0,0,0
2007-12-08 11:30:00+00:00,30,12,11,59.047447204589844,50.242820739746094,0,0,0,0,0,0,0,1,1,1,1,1,1,1,1,1,1,0,0,0,0,0,0,0,1
2007-12-08 11:30:00+00:00,30,12,11,153.5828857421875,140.7994842529297,0,0,0,0,0,0,0,0,0,0,0,0,1,1,1,1,1,0,0,0,0,0,0,0,0
2007-12-08 11:30:00+00:00,30,12,11,,252.85684204101562,0,0,0,0,0,0,0,0,0,0,0,0,0,0,0,0,0,0,0,0,0,0,0,0,0
2007-12-08 11:30:00+00:00,30,12,11,,346.3022766113281,0,0,0,0,0,0,0,0,0,0,0,0,0,0,0,0,0,0,0,0,0,0,0,0,0
2007-12-08 11:30:00+00:00,30,12,11,,,0,0,0,0,0,0,0,0,0,0,0,0,0,0,0,0,0,0,0,0,0,0,0,0,0
2007-12-08 11:45:00+00:00,30,12,11,,,0,0,0,0,0,0,0,0,0,0,0,0,0,0,0,0,0,0,0,0,0,0,0,0,0
2007-12-08 11:45:00+00:00,30,12,11,276.137939453125,254.35589599609375,0,0,0,0,0,0,0,0,0,0,0,0,0,0,0,1,1,0,0,0,0,0,0,0,0
2007-12-08 11:45:00+00:00,30,12,11,156.3382568359375,77.18984985351562,0,0,0,0,0,0,0,0,0,0,0,0,1,1,1,1,1,0,0,0,0,0,0,0,0
2007-12-08 11:45:00+00:00,30,12,11,35.89554214477539,224.25511169433594,0,0,0,0,0,1,1,1,1,1,1,1,1,1,1,1,1,0,0,0,0,0,0,0,0
2007-12-08 11:45:00+00:00,30,12,11,127.54297637939453,109.35204315185547,0,0,0,0,0,0,0,0,0,0,0,1,1,1,1,1,1,0,0,0,0,0,0,0,0
2007-12-08 11:45:00+00:00,30,12,11,243.35330200195312,229.5316925048828,0,0,0,0,0,0,0,0,0,0,0,0,0,0,1,1,1,0,0,0,0,0,0,0,0
2007-12-08 11:45:00+00:00,30,12,11,207.14056396484375,234.2220001220703,0,0,0,0,0,0,0,0,0,0,0,0,0,0,1,1,1,0,0,0,0,0,0,0,0
2007-12-08 11:45:00+00:00,30,12,11,145.9800567626953,145.9800567626953,0,0,0,0,0,0,0,0,0,0,0,1,1,1,1,1,1,0,0,0,0,0,0,0,0
2007-12-08 11:45:00+00:00,30,12,11,71.68190002441406,70.3719253540039,0,0,0,0,0,0,0,0,1,1,1,1,1,1,1,1,1,0,0,0,0,0,0,0,0
2007-12-08 11:45:00+00:00,30,12,11,,,0,0,0,0,0,0,0,0,0,0,0,0,0,0,0,0,0,0,0,0,0,0,0,0,0
2007-12-08 11:45:00+00:00,30,12,11,,,0,0,0,0,0,0,0,0,0,0,0,0,0,0,0,0,0,0,0,0,0,0,0,0,0
2007-12-08 11:45:00+00:00,30,12,11,,,0,0,0,0,0,0,0,0,0,0,0,0,0,0,0,0,0,0,0,0,0,0,0,0,0
2007-12-08 11:45:00+00:00,30,12,11,356.67401123046875,,0,0,0,0,0,0,0,0,0,0,0,0,0,0,0,0,0,0,0,0,0,0,0,0,0
2007-12-08 11:45:00+00:00,30,12,11,,,0,0,0,0,0,0,0,0,0,0,0,0,0,0,0,0,0,0,0,0,0,0,0,0,0
2007-12-08 12:00:00+00:00,30,12,12,,,0,0,0,0,0,0,0,0,0,0,0,0,0,0,0,0,0,0,0,0,0,0,0,0,0
2007-12-08 12:00:00+00:00,30,12,12,98.4395523071289,111.90913391113281,0,0,0,0,0,0,0,0,0,1,1,1,1,1,1,1,1,0,0,0,0,0,0,0,0
2007-12-08 12:00:00+00:00,30,12,12,230.0837860107422,219.6503448486328,0,0,0,0,0,0,0,0,0,0,0,0,0,0,1,1,1,0,0,0,0,0,0,0,0
2007-12-08 12:00:00+00:00,30,12,12,80.87866973876953,79.73129272460938,0,0,0,0,0,0,0,0,0,1,1,1,1,1,1,1,1,0,0,0,0,0,0,0,0
2007-12-08 12:00:00+00:00,30,12,12,127.0074691772461,133.54014587402344,0,0,0,0,0,0,0,0,0,0,0,1,1,1,1,1,1,0,0,0,0,0,0,0,0
2007-12-08 12:00:00+00:00,30,12,12,234.66351318359375,271.1236572265625,0,0,0,0,0,0,0,0,0,0,0,0,0,0,1,1,1,0,0,0,0,0,0,0,0
2007-12-08 12:00:00+00:00,30,12,12,163.0459747314453,148.92153930664062,0,0,0,0,0,0,0,0,0,0,0,0,1,1,1,1,1,0,0,0,0,0,0,0,0
2007-12-08 12:00:00+00:00,30,12,12,135.01202392578125,206.516357421875,0,0,0,0,0,0,0,0,0,0,0,1,1,1,1,1,1,0,0,0,0,0,0,0,0
2007-12-08 12:00:00+00:00,30,12,12,,342.2704772949219,0,0,0,0,0,0,0,0,0,0,0,0,0,0,0,0,0,0,0,0,0,0,0,0,0
2007-12-08 12:00:00+00:00,30,12,12,,,0,0,0,0,0,0,0,0,0,0,0,0,0,0,0,0,0,0,0,0,0,0,0,0,0
2007-12-08 12:00:00+00:00,30,12,12,,233.5942840576172,0,0,0,0,0,0,0,0,0,0,0,0,0,0,0,0,0,0,0,0,0,0,0,0,0
2007-12-08 12:00:00+00:00,30,12,12,,246.2647247314453,0,0,0,0,0,0,0,0,0,0,0,0,0,0,0,0,0,0,0,0,0,0,0,0,0
2007-12-08 12:00:00+00:00,30,12,12,,4.264788627624512,0,0,0,0,0,0,0,0,0,0,0,0,0,0,0,0,0,1,1,1,1,1,1,1,1
2007-12-08 12:00:00+00:00,30,12,12,,,0,0,0,0,0,0,0,0,0,0,0,0,0,0,0,0,0,0,0,0,0,0,0,0,0
2007-12-08 12:15:00+00:00,30,12,12,,,0,0,0,0,0,0,0,0,0,0,0,0,0,0,0,0,0,0,0,0,0,0,0,0,0
2007-12-08 12:15:00+00:00,30,12,12,,,0,0,0,0,0,0,0,0,0,0,0,0,0,0,0,0,0,0,0,0,0,0,0,0,0
2007-12-08 12:15:00+00:00,30,12,12,293.5924072265625,282.02545166015625,0,0,0,0,0,0,0,0,0,0,0,0,0,0,0,1,1,0,0,0,0,0,0,0,0
2007-12-08 12:15:00+00:00,30,12,12,83.33152770996094,119.92452239990234,0,0,0,0,0,0,0,0,0,1,1,1,1,1,1,1,1,0,0,0,0,0,0,0,0
2007-12-08 12:15:00+00:00,30,12,12,224.10011291503906,124.79268646240234,0,0,0,0,0,0,0,0,0,0,0,0,0,0,1,1,1,0,0,0,0,0,0,0,0
2007-12-08 12:15:00+00:00,30,12,12,157.12808227539062,142.85609436035156,0,0,0,0,0,0,0,0,0,0,0,0,1,1,1,1,1,0,0,0,0,0,0,0,0
2007-12-08 12:15:00+00:00,30,12,12,160.06643676757812,160.50473022460938,0,0,0,0,0,0,0,0,0,0,0,0,1,1,1,1,1,0,0,0,0,0,0,0,0
2007-12-08 12:15:00+00:00,30,12,12,326.6363220214844,,0,0,0,0,0,0,0,0,0,0,0,0,0,0,0,0,1,0,0,0,0,0,0,0,0
2007-12-08 12:15:00+00:00,30,12,12,137.0903778076172,134.94180297851562,0,0,0,0,0,0,0,0,0,0,0,1,1,1,1,1,1,0,0,0,0,0,0,0,0
2007-12-08 12:15:00+00:00,30,12,12,305.11285400390625,345.32696533203125,0,0,0,0,0,0,0,0,0,0,0,0,0,0,0,0,1,0,0,0,0,0,0,0,0
2007-12-08 12:15:00+00:00,30,12,12,114.84521484375,136.10260009765625,0,0,0,0,0,0,0,0,0,0,1,1,1,1,1,1,1,0,0,0,0,0,0,0,0
2007-12-08 12:15:00+00:00,30,12,12,292.9595947265625,299.89068603515625,0,0,0,0,0,0,0,0,0,0,0,0,0,0,0,1,1,0,0,0,0,0,0,0,0
2007-12-08 12:15:00+00:00,30,12,12,58.03965377807617,70.52735137939453,0,0,0,0,0,0,0,1,1,1,1,1,1,1,1,1,1,0,0,0,0,0,0,0,0
2007-12-08 12:15:00+00:00,30,12,12,91.34178161621094,104.09712219238281,0,0,0,0,0,0,0,0,0,1,1,1,1,1,1,1,1,0,0,0,0,0,0,0,0
2007-12-08 12:15:00+00:00,30,12,12,,237.3120880126953,0,0,0,0,0,0,0,0,0,0,0,0,0,0,0,0,0,0,0,0,0,0,0,0,0
2007-12-08 12:15:00+00:00,30,12,12,,25.59078598022461,0,0,0,0,0,0,0,0,0,0,0,0,0,0,0,0,0,0,0,0,0,1,1,1,1
2007-12-08 12:30:00+00:00,30,12,12,,,0,0,0,0,0,0,0,0,0,0,0,0,0,0,0,0,0,0,0,0,0,0,0,0,0
2007-12-08 12:30:00+00:00,30,12,12,,,0,0,0,0,0,0,0,0,0,0,0,0,0,0,0,0,0,0,0,0,0,0,0,0,0
2007-12-08 12:30:00+00:00,30,12,12,,,0,0,0,0,0,0,0,0,0,0,0,0,0,0,0,0,0,0,0,0,0,0,0,0,0
2007-12-08 12:30:00+00:00,30,12,12,,,0,0,0,0,0,0,0,0,0,0,0,0,0,0,0,0,0,0,0,0,0,0,0,0,0
2007-12-08 12:30:00+00:00,30,12,12,,,0,0,0,0,0,0,0,0,0,0,0,0,0,0,0,0,0,0,0,0,0,0,0,0,0
2007-12-08 12:30:00+00:00,30,12,12,352.2792053222656,347.6844482421875,0,0,0,0,0,0,0,0,0,0,0,0,0,0,0,0,0,0,0,0,0,0,0,0,0
2007-12-08 12:30:00+00:00,30,12,12,105.51590728759766,94.82820129394531,0,0,0,0,0,0,0,0,0,0,1,1,1,1,1,1,1,0,0,0,0,0,0,0,0
2007-12-08 12:30:00+00:00,30,12,12,167.2288055419922,172.86026000976562,0,0,0,0,0,0,0,0,0,0,0,0,1,1,1,1,1,0,0,0,0,0,0,0,0
2007-12-08 12:30:00+00:00,30,12,12,511.74365234375,451.083984375,0,0,0,0,0,0,0,0,0,0,0,0,0,0,0,0,0,0,0,0,0,0,0,0,0
2007-12-08 12:30:00+00:00,30,12,12,132.4361114501953,88.80426025390625,0,0,0,0,0,0,0,0,0,0,0,1,1,1,1,1,1,0,0,0,0,0,0,0,0
2007-12-08 12:30:00+00:00,30,12,12,121.91419982910156,113.06956481933594,0,0,0,0,0,0,0,0,0,0,0,1,1,1,1,1,1,0,0,0,0,0,0,0,0
2007-12-08 12:30:00+00:00,30,12,12,216.4112091064453,215.04510498046875,0,0,0,0,0,0,0,0,0,0,0,0,0,0,1,1,1,0,0,0,0,0,0,0,0
2007-12-08 12:30:00+00:00,30,12,12,222.24794006347656,289.2681579589844,0,0,0,0,0,0,0,0,0,0,0,0,0,0,1,1,1,0,0,0,0,0,0,0,0
2007-12-08 12:30:00+00:00,30,12,12,356.5736389160156,424.01934814453125,0,0,0,0,0,0,0,0,0,0,0,0,0,0,0,0,0,0,0,0,0,0,0,0,0
2007-12-08 12:30:00+00:00,30,12,12,251.5276336669922,122.86206817626953,0,0,0,0,0,0,0,0,0,0,0,0,0,0,0,1,1,0,0,0,0,0,0,0,0
2007-12-08 12:30:00+00:00,30,12,12,,,0,0,0,0,0,0,0,0,0,0,0,0,0,0,0,0,0,0,0,0,0,0,0,0,0
2007-12-08 12:30:00+00:00,30,12,12,,173.50015258789062,0,0,0,0,0,0,0,0,0,0,0,0,0,0,0,0,0,0,0,0,0,0,0,0,0
2007-12-08 12:30:00+00:00,30,12,12,,,0,0,0,0,0,0,0,0,0,0,0,0,0,0,0,0,0,0,0,0,0,0,0,0,0
2007-12-08 12:30:00+00:00,30,12,12,151.88018798828125,114.74944305419922,0,0,0,0,0,0,0,0,0,0,0,0,1,1,1,1,1,0,0,0,0,0,0,0,0
2007-12-08 12:30:00+00:00,30,12,12,229.00582885742188,234.06117248535156,0,0,0,0,0,0,0,0,0,0,0,0,0,0,1,1,1,0,0,0,0,0,0,0,0
2007-12-08 12:45:00+00:00,30,12,12,253.466064453125,259.6866760253906,0,0,0,0,0,0,0,0,0,0,0,0,0,0,0,1,1,0,0,0,0,0,0,0,0
2007-12-08 12:45:00+00:00,30,12,12,105.66228485107422,110.49869537353516,0,0,0,0,0,0,0,0,0,0,1,1,1,1,1,1,1,0,0,0,0,0,0,0,0
2007-12-08 12:45:00+00:00,30,12,12,68.65552520751953,97.78248596191406,0,0,0,0,0,0,0,0,1,1,1,1,1,1,1,1,1,0,0,0,0,0,0,0,0
2007-12-08 12:45:00+00:00,30,12,12,51.19271469116211,55.83408737182617,0,0,0,0,0,0,0,1,1,1,1,1,1,1,1,1,1,0,0,0,0,0,0,0,1
2007-12-08 12:45:00+00:00,30,12,12,544.9397583007812,,0,0,0,0,0,0,0,0,0,0,0,0,0,0,0,0,0,0,0,0,0,0,0,0,0
2007-12-08 12:45:00+00:00,30,12,12,391.4525146484375,426.7070007324219,0,0,0,0,0,0,0,0,0,0,0,0,0,0,0,0,0,0,0,0,0,0,0,0,0
2007-12-08 12:45:00+00:00,30,12,12,231.90879821777344,318.6163330078125,0,0,0,0,0,0,0,0,0,0,0,0,0,0,1,1,1,0,0,0,0,0,0,0,0
2007-12-08 13:00:00+00:00,30,12,13,314.552001953125,309.2172546386719,0,0,0,0,0,0,0,0,0,0,0,0,0,0,0,0,1,0,0,0,0,0,0,0,0
2007-12-08 13:00:00+00:00,30,12,13,115.88429260253906,53.77006530761719,0,0,0,0,0,0,0,0,0,0,1,1,1,1,1,1,1,0,0,0,0,0,0,0,1
2007-12-08 13:00:00+00:00,30,12,13,91.79852294921875,112.77057647705078,0,0,0,0,0,0,0,0,0,1,1,1,1,1,1,1,1,0,0,0,0,0,0,0,0
2007-12-08 13:00:00+00:00,30,12,13,337.20599365234375,323.12860107421875,0,0,0,0,0,0,0,0,0,0,0,0,0,0,0,0,1,0,0,0,0,0,0,0,0
2007-12-08 13:00:00+00:00,30,12,13,115.92037963867188,122.19606018066406,0,0,0,0,0,0,0,0,0,0,1,1,1,1,1,1,1,0,0,0,0,0,0,0,0
2007-12-08 13:00:00+00:00,30,12,13,222.64064025878906,227.3990478515625,0,0,0,0,0,0,0,0,0,0,0,0,0,0,1,1,1,0,0,0,0,0,0,0,0
2007-12-08 13:00:00+00:00,30,12,13,242.43348693847656,232.5224151611328,0,0,0,0,0,0,0,0,0,0,0,0,0,0,1,1,1,0,0,0,0,0,0,0,0
2007-12-08 13:00:00+00:00,30,12,13,,,0,0,0,0,0,0,0,0,0,0,0,0,0,0,0,0,0,0,0,0,0,0,0,0,0
2007-12-08 13:00:00+00:00,30,12,13,134.47406005859375,134.47406005859375,0,0,0,0,0,0,0,0,0,0,0,1,1,1,1,1,1,0,0,0,0,0,0,0,0
2007-12-08 13:00:00+00:00,30,12,13,,,0,0,0,0,0,0,0,0,0,0,0,0,0,0,0,0,0,0,0,0,0,0,0,0,0
2007-12-08 13:15:00+00:00,30,12,13,156.50411987304688,131.18115234375,0,0,0,0,0,0,0,0,0,0,0,0,1,1,1,1,1,0,0,0,0,0,0,0,0
2007-12-08 13:15:00+00:00,30,12,13,121.00145721435547,132.47598266601562,0,0,0,0,0,0,0,0,0,0,0,1,1,1,1,1,1,0,0,0,0,0,0,0,0
2007-12-08 13:15:00+00:00,30,12,13,221.4792022705078,229.82110595703125,0,0,0,0,0,0,0,0,0,0,0,0,0,0,1,1,1,0,0,0,0,0,0,0,0
2007-12-08 13:15:00+00:00,30,12,13,62.32139587402344,81.64293670654297,0,0,0,0,0,0,0,0,1,1,1,1,1,1,1,1,1,0,0,0,0,0,0,0,0
2007-12-08 13:15:00+00:00,30,12,13,80.11051177978516,95.64927673339844,0,0,0,0,0,0,0,0,0,1,1,1,1,1,1,1,1,0,0,0,0,0,0,0,0
2007-12-08 13:15:00+00:00,30,12,13,153.24160766601562,104.34645080566406,0,0,0,0,0,0,0,0,0,0,0,0,1,1,1,1,1,0,0,0,0,0,0,0,0
2007-12-08 13:15:00+00:00,30,12,13,223.70022583007812,207.5015106201172,0,0,0,0,0,0,0,0,0,0,0,0,0,0,1,1,1,0,0,0,0,0,0,0,0
2007-12-08 13:15:00+00:00,30,12,13,252.94564819335938,214.15982055664062,0,0,0,0,0,0,0,0,0,0,0,0,0,0,0,1,1,0,0,0,0,0,0,0,0
2007-12-08 13:15:00+00:00,30,12,13,228.24586486816406,374.0358581542969,0,0,0,0,0,0,0,0,0,0,0,0,0,0,1,1,1,0,0,0,0,0,0,0,0
2007-12-08 13:15:00+00:00,30,12,13,182.5814208984375,126.49638366699219,0,0,0,0,0,0,0,0,0,0,0,0,0,1,1,1,1,0,0,0,0,0,0,0,0
2007-12-08 13:15:00+00:00,30,12,13,203.9934844970703,152.18702697753906,0,0,0,0,0,0,0,0,0,0,0,0,0,0,1,1,1,0,0,0,0,0,0,0,0
2007-12-08 13:15:00+00:00,30,12,13,287.3113708496094,226.04904174804688,0,0,0,0,0,0,0,0,0,0,0,0,0,0,0,1,1,0,0,0,0,0,0,0,0
2007-12-08 13:15:00+00:00,30,12,13,116.59282684326172,131.89718627929688,0,0,0,0,0,0,0,0,0,0,1,1,1,1,1,1,1,0,0,0,0,0,0,0,0
2007-12-08 13:15:00+00:00,30,12,13,294.4338684082031,301.5753479003906,0,0,0,0,0,0,0,0,0,0,0,0,0,0,0,1,1,0,0,0,0,0,0,0,0
2007-12-08 13:15:00+00:00,30,12,13,135.04405212402344,119.9925308227539,0,0,0,0,0,0,0,0,0,0,0,1,1,1,1,1,1,0,0,0,0,0,0,0,0
2007-12-08 13:30:00+00:00,30,12,13,,,0,0,0,0,0,0,0,0,0,0,0,0,0,0,0,0,0,0,0,0,0,0,0,0,0
2007-12-08 13:30:00+00:00,30,12,13,366.1645202636719,355.7041320800781,0,0,0,0,0,0,0,0,0,0,0,0,0,0,0,0,0,0,0,0,0,0,0,0,0
2007-12-08 13:30:00+00:00,30,12,13,127.90797424316406,132.05386352539062,0,0,0,0,0,0,0,0,0,0,0,1,1,1,1,1,1,0,0,0,0,0,0,0,0
2007-12-08 13:30:00+00:00,30,12,13,163.0684051513672,182.76104736328125,0,0,0,0,0,0,0,0,0,0,0,0,1,1,1,1,1,0,0,0,0,0,0,0,0
2007-12-08 13:30:00+00:00,30,12,13,337.8037414550781,340.2582702636719,0,0,0,0,0,0,0,0,0,0,0,0,0,0,0,0,1,0,0,0,0,0,0,0,0
2007-12-08 13:30:00+00:00,30,12,13,227.41847229003906,210.82080078125,0,0,0,0,0,0,0,0,0,0,0,0,0,0,1,1,1,0,0,0,0,0,0,0,0
2007-12-08 13:30:00+00:00,30,12,13,314.015380859375,322.6111145019531,0,0,0,0,0,0,0,0,0,0,0,0,0,0,0,0,1,0,0,0,0,0,0,0,0
2007-12-08 13:30:00+00:00,30,12,13,333.31976318359375,332.7533874511719,0,0,0,0,0,0,0,0,0,0,0,0,0,0,0,0,1,0,0,0,0,0,0,0,0
2007-12-08 13:30:00+00:00,30,12,13,89.93281555175781,80.152587890625,0,0,0,0,0,0,0,0,0,1,1,1,1,1,1,1,1,0,0,0,0,0,0,0,0
2007-12-08 13:30:00+00:00,30,12,13,272.7227783203125,251.4097137451172,0,0,0,0,0,0,0,0,0,0,0,0,0,0,0,1,1,0,0,0,0,0,0,0,0
2007-12-08 13:30:00+00:00,30,12,13,258.4040832519531,44.468685150146484,0,0,0,0,0,0,0,0,0,0,0,0,0,0,0,1,1,0,0,0,0,0,0,1,1
2007-12-08 13:30:00+00:00,30,12,13,,342.0208435058594,0,0,0,0,0,0,0,0,0,0,0,0,0,0,0,0,0,0,0,0,0,0,0,0,0
2007-12-08 13:30:00+00:00,30,12,13,109.27859497070312,103.26970672607422,0,0,0,0,0,0,0,0,0,0,1,1,1,1,1,1,1,0,0,0,0,0,0,0,0
2007-12-08 13:30:00+00:00,30,12,13,,,0,0,0,0,0,0,0,0,0,0,0,0,0,0,0,0,0,0,0,0,0,0,0,0,0
2007-12-08 13:30:00+00:00,30,12,13,,,0,0,0,0,0,0,0,0,0,0,0,0,0,0,0,0,0,0,0,0,0,0,0,0,0
2007-12-08 13:30:00+00:00,30,12,13,429.4107360839844,385.004150390625,0,0,0,0,0,0,0,0,0,0,0,0,0,0,0,0,0,0,0,0,0,0,0,0,0
2007-12-08 13:30:00+00:00,30,12,13,90.26676940917969,108.90776824951172,0,0,0,0,0,0,0,0,0,1,1,1,1,1,1,1,1,0,0,0,0,0,0,0,0
2007-12-08 13:30:00+00:00,30,12,13,141.8197784423828,12.074711799621582,0,0,0,0,0,0,0,0,0,0,0,1,1,1,1,1,1,0,1,1,1,1,1,1,1
2007-12-08 13:45:00+00:00,30,12,13,,,0,0,0,0,0,0,0,0,0,0,0,0,0,0,0,0,0,0,0,0,0,0,0,0,0
2007-12-08 13:45:00+00:00,30,12,13,476.90228271484375,261.17010498046875,0,0,0,0,0,0,0,0,0,0,0,0,0,0,0,0,0,0,0,0,0,0,0,0,0
2007-12-08 13:45:00+00:00,30,12,13,216.9290771484375,153.54653930664062,0,0,0,0,0,0,0,0,0,0,0,0,0,0,1,1,1,0,0,0,0,0,0,0,0
2007-12-08 13:45:00+00:00,30,12,13,362.12384033203125,314.0755615234375,0,0,0,0,0,0,0,0,0,0,0,0,0,0,0,0,0,0,0,0,0,0,0,0,0
2007-12-08 13:45:00+00:00,30,12,13,,,0,0,0,0,0,0,0,0,0,0,0,0,0,0,0,0,0,0,0,0,0,0,0,0,0
2007-12-08 13:45:00+00:00,30,12,13,143.84373474121094,129.89979553222656,0,0,0,0,0,0,0,0,0,0,0,1,1,1,1,1,1,0,0,0,0,0,0,0,0
2007-12-08 13:45:00+00:00,30,12,13,126.18974304199219,81.3449478149414,0,0,0,0,0,0,0,0,0,0,0,1,1,1,1,1,1,0,0,0,0,0,0,0,0
2007-12-08 13:45:00+00:00,30,12,13,335.19873046875,30.416637420654297,0,0,0,0,0,0,0,0,0,0,0,0,0,0,0,0,1,0,0,0,0,0,1,1,1
2007-12-08 13:45:00+00:00,30,12,13,,,0,0,0,0,0,0,0,0,0,0,0,0,0,0,0,0,0,0,0,0,0,0,0,0,0
2007-12-08 13:45:00+00:00,30,12,13,,,0,0,0,0,0,0,0,0,0,0,0,0,0,0,0,0,0,0,0,0,0,0,0,0,0
2007-12-08 13:45:00+00:00,30,12,13,,,0,0,0,0,0,0,0,0,0,0,0,0,0,0,0,0,0,0,0,0,0,0,0,0,0
2007-12-08 13:45:00+00:00,30,12,13,,,0,0,0,0,0,0,0,0,0,0,0,0,0,0,0,0,0,0,0,0,0,0,0,0,0
2007-12-08 13:45:00+00:00,30,12,13,,,0,0,0,0,0,0,0,0,0,0,0,0,0,0,0,0,0,0,0,0,0,0,0,0,0
2007-12-08 14:00:00+00:00,30,12,14,,,0,0,0,0,0,0,0,0,0,0,0,0,0,0,0,0,0,0,0,0,0,0,0,0,0
2007-12-08 14:00:00+00:00,30,12,14,83.04525756835938,74.6385726928711,0,0,0,0,0,0,0,0,0,1,1,1,1,1,1,1,1,0,0,0,0,0,0,0,0
2007-12-08 14:00:00+00:00,30,12,14,96.42232513427734,3.2557296752929688,0,0,0,0,0,0,0,0,0,1,1,1,1,1,1,1,1,1,1,1,1,1,1,1,1
2007-12-08 14:00:00+00:00,30,12,14,294.7237243652344,289.7623291015625,0,0,0,0,0,0,0,0,0,0,0,0,0,0,0,1,1,0,0,0,0,0,0,0,0
2007-12-08 14:00:00+00:00,30,12,14,73.73455810546875,64.52506256103516,0,0,0,0,0,0,0,0,1,1,1,1,1,1,1,1,1,0,0,0,0,0,0,0,0
2007-12-08 14:00:00+00:00,30,12,14,143.66619873046875,126.05381774902344,0,0,0,0,0,0,0,0,0,0,0,1,1,1,1,1,1,0,0,0,0,0,0,0,0
2007-12-08 14:00:00+00:00,30,12,14,345.7320251464844,263.2689514160156,0,0,0,0,0,0,0,0,0,0,0,0,0,0,0,0,1,0,0,0,0,0,0,0,0
2007-12-08 14:00:00+00:00,30,12,14,107.12539672851562,111.09757232666016,0,0,0,0,0,0,0,0,0,0,1,1,1,1,1,1,1,0,0,0,0,0,0,0,0
2007-12-08 14:15:00+00:00,30,12,14,,,0,0,0,0,0,0,0,0,0,0,0,0,0,0,0,0,0,0,0,0,0,0,0,0,0
2007-12-08 14:15:00+00:00,30,12,14,,,0,0,0,0,0,0,0,0,0,0,0,0,0,0,0,0,0,0,0,0,0,0,0,0,0
2007-12-08 14:15:00+00:00,30,12,14,61.735450744628906,62.930335998535156,0,0,0,0,0,0,0,0,1,1,1,1,1,1,1,1,1,0,0,0,0,0,0,0,0
2007-12-08 14:15:00+00:00,30,12,14,146.6077423095703,151.51376342773438,0,0,0,0,0,0,0,0,0,0,0,1,1,1,1,1,1,0,0,0,0,0,0,0,0
2007-12-08 14:15:00+00:00,30,12,14,87.27164459228516,61.67186737060547,0,0,0,0,0,0,0,0,0,1,1,1,1,1,1,1,1,0,0,0,0,0,0,0,0
2007-12-08 14:15:00+00:00,30,12,14,321.9180603027344,317.0084533691406,0,0,0,0,0,0,0,0,0,0,0,0,0,0,0,0,1,0,0,0,0,0,0,0,0
2007-12-08 14:15:00+00:00,30,12,14,214.39356994628906,226.0308074951172,0,0,0,0,0,0,0,0,0,0,0,0,0,0,1,1,1,0,0,0,0,0,0,0,0
2007-12-08 14:15:00+00:00,30,12,14,178.11976623535156,182.16021728515625,0,0,0,0,0,0,0,0,0,0,0,0,1,1,1,1,1,0,0,0,0,0,0,0,0
2007-12-08 14:15:00+00:00,30,12,14,324.9089050292969,335.9739685058594,0,0,0,0,0,0,0,0,0,0,0,0,0,0,0,0,1,0,0,0,0,0,0,0,0
2007-12-08 14:15:00+00:00,30,12,14,,,0,0,0,0,0,0,0,0,0,0,0,0,0,0,0,0,0,0,0,0,0,0,0,0,0
2007-12-08 14:15:00+00:00,30,12,14,99.50638580322266,105.85347747802734,0,0,0,0,0,0,0,0,0,1,1,1,1,1,1,1,1,0,0,0,0,0,0,0,0
2007-12-08 14:15:00+00:00,30,12,14,294.9088439941406,52.56318283081055,0,0,0,0,0,0,0,0,0,0,0,0,0,0,0,1,1,0,0,0,0,0,0,0,1
2007-12-08 14:15:00+00:00,30,12,14,162.03707885742188,88.4083480834961,0,0,0,0,0,0,0,0,0,0,0,0,1,1,1,1,1,0,0,0,0,0,0,0,0
2007-12-08 14:15:00+00:00,30,12,14,198.84841918945312,192.27125549316406,0,0,0,0,0,0,0,0,0,0,0,0,0,1,1,1,1,0,0,0,0,0,0,0,0
2007-12-08 14:30:00+00:00,30,12,14,,,0,0,0,0,0,0,0,0,0,0,0,0,0,0,0,0,0,0,0,0,0,0,0,0,0
2007-12-08 14:30:00+00:00,30,12,14,196.78738403320312,191.6929931640625,0,0,0,0,0,0,0,0,0,0,0,0,0,1,1,1,1,0,0,0,0,0,0,0,0
2007-12-08 14:30:00+00:00,30,12,14,125.69017028808594,111.63297271728516,0,0,0,0,0,0,0,0,0,0,0,1,1,1,1,1,1,0,0,0,0,0,0,0,0
2007-12-08 14:30:00+00:00,30,12,14,227.0811309814453,219.1165008544922,0,0,0,0,0,0,0,0,0,0,0,0,0,0,1,1,1,0,0,0,0,0,0,0,0
2007-12-08 14:30:00+00:00,30,12,14,327.6557312011719,287.6050720214844,0,0,0,0,0,0,0,0,0,0,0,0,0,0,0,0,1,0,0,0,0,0,0,0,0
2007-12-08 14:30:00+00:00,30,12,14,300.36798095703125,144.58840942382812,0,0,0,0,0,0,0,0,0,0,0,0,0,0,0,0,1,0,0,0,0,0,0,0,0
2007-12-08 14:30:00+00:00,30,12,14,,,0,0,0,0,0,0,0,0,0,0,0,0,0,0,0,0,0,0,0,0,0,0,0,0,0
2007-12-08 14:30:00+00:00,30,12,14,169.8946075439453,150.8513641357422,0,0,0,0,0,0,0,0,0,0,0,0,1,1,1,1,1,0,0,0,0,0,0,0,0
2007-12-08 14:45:00+00:00,30,12,14,136.97511291503906,48.427452087402344,0,0,0,0,0,0,0,0,0,0,0,1,1,1,1,1,1,0,0,0,0,0,0,1,1
2007-12-08 14:45:00+00:00,30,12,14,249.72618103027344,232.50912475585938,0,0,0,0,0,0,0,0,0,0,0,0,0,0,1,1,1,0,0,0,0,0,0,0,0
2007-12-08 14:45:00+00:00,30,12,14,209.1616668701172,225.53536987304688,0,0,0,0,0,0,0,0,0,0,0,0,0,0,1,1,1,0,0,0,0,0,0,0,0
2007-12-08 14:45:00+00:00,30,12,14,205.85618591308594,233.65232849121094,0,0,0,0,0,0,0,0,0,0,0,0,0,0,1,1,1,0,0,0,0,0,0,0,0
2007-12-08 14:45:00+00:00,30,12,14,92.88197326660156,289.0133056640625,0,0,0,0,0,0,0,0,0,1,1,1,1,1,1,1,1,0,0,0,0,0,0,0,0
2007-12-08 14:45:00+00:00,30,12,14,,,0,0,0,0,0,0,0,0,0,0,0,0,0,0,0,0,0,0,0,0,0,0,0,0,0
2007-12-08 15:00:00+00:00,30,12,15,,,0,0,0,0,0,0,0,0,0,0,0,0,0,0,0,0,0,0,0,0,0,0,0,0,0
2007-12-08 15:00:00+00:00,30,12,15,,,0,0,0,0,0,0,0,0,0,0,0,0,0,0,0,0,0,0,0,0,0,0,0,0,0
2007-12-08 15:00:00+00:00,30,12,15,117.15681457519531,114.32295989990234,0,0,0,0,0,0,0,0,0,0,1,1,1,1,1,1,1,0,0,0,0,0,0,0,0
2007-12-08 15:00:00+00:00,30,12,15,51.4217414855957,49.68623733520508,0,0,0,0,0,0,0,1,1,1,1,1,1,1,1,1,1,0,0,0,0,0,0,1,1
2007-12-08 15:00:00+00:00,30,12,15,100.4142074584961,107.1536636352539,0,0,0,0,0,0,0,0,0,0,1,1,1,1,1,1,1,0,0,0,0,0,0,0,0
2007-12-08 15:00:00+00:00,30,12,15,238.79066467285156,243.29730224609375,0,0,0,0,0,0,0,0,0,0,0,0,0,0,1,1,1,0,0,0,0,0,0,0,0
2007-12-08 15:00:00+00:00,30,12,15,138.61563110351562,182.35133361816406,0,0,0,0,0,0,0,0,0,0,0,1,1,1,1,1,1,0,0,0,0,0,0,0,0
2007-12-08 15:00:00+00:00,30,12,15,175.9291229248047,149.1415252685547,0,0,0,0,0,0,0,0,0,0,0,0,1,1,1,1,1,0,0,0,0,0,0,0,0
2007-12-08 15:00:00+00:00,30,12,15,615.9187622070312,,0,0,0,0,0,0,0,0,0,0,0,0,0,0,0,0,0,0,0,0,0,0,0,0,0
2007-12-08 15:15:00+00:00,30,12,15,,,0,0,0,0,0,0,0,0,0,0,0,0,0,0,0,0,0,0,0,0,0,0,0,0,0
2007-12-08 15:15:00+00:00,30,12,15,207.3667449951172,332.7953796386719,0,0,0,0,0,0,0,0,0,0,0,0,0,0,1,1,1,0,0,0,0,0,0,0,0
2007-12-08 15:15:00+00:00,30,12,15,272.79132080078125,263.7509460449219,0,0,0,0,0,0,0,0,0,0,0,0,0,0,0,1,1,0,0,0,0,0,0,0,0
2007-12-08 15:15:00+00:00,30,12,15,393.8930969238281,294.7828674316406,0,0,0,0,0,0,0,0,0,0,0,0,0,0,0,0,0,0,0,0,0,0,0,0,0
2007-12-08 15:15:00+00:00,30,12,15,,,0,0,0,0,0,0,0,0,0,0,0,0,0,0,0,0,0,0,0,0,0,0,0,0,0
2007-12-08 15:15:00+00:00,30,12,15,241.09619140625,109.04132080078125,0,0,0,0,0,0,0,0,0,0,0,0,0,0,1,1,1,0,0,0,0,0,0,0,0
2007-12-08 15:30:00+00:00,30,12,15,131.5831756591797,154.45013427734375,0,0,0,0,0,0,0,0,0,0,0,1,1,1,1,1,1,0,0,0,0,0,0,0,0
2007-12-08 15:30:00+00:00,30,12,15,85.19638061523438,64.63443756103516,0,0,0,0,0,0,0,0,0,1,1,1,1,1,1,1,1,0,0,0,0,0,0,0,0
2007-12-08 15:30:00+00:00,30,12,15,75.07938385009766,34.07757568359375,0,0,0,0,0,0,0,0,1,1,1,1,1,1,1,1,1,0,0,0,0,0,1,1,1
2007-12-08 15:30:00+00:00,30,12,15,423.7552795410156,296.0853271484375,0,0,0,0,0,0,0,0,0,0,0,0,0,0,0,0,0,0,0,0,0,0,0,0,0
2007-12-08 15:30:00+00:00,30,12,15,438.8777160644531,447.1997985839844,0,0,0,0,0,0,0,0,0,0,0,0,0,0,0,0,0,0,0,0,0,0,0,0,0
2007-12-08 15:30:00+00:00,30,12,15,,250.85133361816406,0,0,0,0,0,0,0,0,0,0,0,0,0,0,0,0,0,0,0,0,0,0,0,0,0
2007-12-08 15:45:00+00:00,30,12,15,,,0,0,0,0,0,0,0,0,0,0,0,0,0,0,0,0,0,0,0,0,0,0,0,0,0
2007-12-08 15:45:00+00:00,30,12,15,162.82981872558594,170.01145935058594,0,0,0,0,0,0,0,0,0,0,0,0,1,1,1,1,1,0,0,0,0,0,0,0,0
2007-12-08 15:45:00+00:00,30,12,15,314.2815246582031,290.31549072265625,0,0,0,0,0,0,0,0,0,0,0,0,0,0,0,0,1,0,0,0,0,0,0,0,0
2007-12-08 15:45:00+00:00,30,12,15,226.05767822265625,277.6179504394531,0,0,0,0,0,0,0,0,0,0,0,0,0,0,1,1,1,0,0,0,0,0,0,0,0
2007-12-08 15:45:00+00:00,30,12,15,231.2473907470703,233.4807586669922,0,0,0,0,0,0,0,0,0,0,0,0,0,0,1,1,1,0,0,0,0,0,0,0,0
2007-12-08 15:45:00+00:00,30,12,15,,192.66693115234375,0,0,0,0,0,0,0,0,0,0,0,0,0,0,0,0,0,0,0,0,0,0,0,0,0
2007-12-08 16:00:00+00:00,30,12,16,,,0,0,0,0,0,0,0,0,0,0,0,0,0,0,0,0,0,0,0,0,0,0,0,0,0
2007-12-08 16:00:00+00:00,30,12,16,183.6542205810547,179.9422149658203,0,0,0,0,0,0,0,0,0,0,0,0,0,1,1,1,1,0,0,0,0,0,0,0,0
2007-12-08 16:00:00+00:00,30,12,16,38.6868896484375,35.48466491699219,0,0,0,0,0,1,1,1,1,1,1,1,1,1,1,1,1,0,0,0,0,0,1,1,1
2007-12-08 16:00:00+00:00,30,12,16,132.42308044433594,134.63623046875,0,0,0,0,0,0,0,0,0,0,0,1,1,1,1,1,1,0,0,0,0,0,0,0,0
2007-12-08 16:00:00+00:00,30,12,16,186.0268096923828,71.01351165771484,0,0,0,0,0,0,0,0,0,0,0,0,0,1,1,1,1,0,0,0,0,0,0,0,0
2007-12-08 16:15:00+00:00,30,12,16,,,0,0,0,0,0,0,0,0,0,0,0,0,0,0,0,0,0,0,0,0,0,0,0,0,0
2007-12-08 16:15:00+00:00,30,12,16,96.54951477050781,142.39688110351562,0,0,0,0,0,0,0,0,0,1,1,1,1,1,1,1,1,0,0,0,0,0,0,0,0
2007-12-08 16:15:00+00:00,30,12,16,301.50927734375,54.65118408203125,0,0,0,0,0,0,0,0,0,0,0,0,0,0,0,0,1,0,0,0,0,0,0,0,1
2007-12-08 16:15:00+00:00,30,12,16,206.62548828125,209.75537109375,0,0,0,0,0,0,0,0,0,0,0,0,0,0,1,1,1,0,0,0,0,0,0,0,0
2007-12-08 16:15:00+00:00,30,12,16,91.24396514892578,230.88560485839844,0,0,0,0,0,0,0,0,0,1,1,1,1,1,1,1,1,0,0,0,0,0,0,0,0
2007-12-08 16:15:00+00:00,30,12,16,,,0,0,0,0,0,0,0,0,0,0,0,0,0,0,0,0,0,0,0,0,0,0,0,0,0
2007-12-08 16:30:00+00:00,30,12,16,203.3955078125,309.3212890625,0,0,0,0,0,0,0,0,0,0,0,0,0,0,1,1,1,0,0,0,0,0,0,0,0
2007-12-08 16:30:00+00:00,30,12,16,130.6616973876953,127.87316131591797,0,0,0,0,0,0,0,0,0,0,0,1,1,1,1,1,1,0,0,0,0,0,0,0,0
2007-12-08 16:30:00+00:00,30,12,16,189.0698699951172,185.78045654296875,0,0,0,0,0,0,0,0,0,0,0,0,0,1,1,1,1,0,0,0,0,0,0,0,0
2007-12-08 16:45:00+00:00,30,12,16,369.1966552734375,352.5644836425781,0,0,0,0,0,0,0,0,0,0,0,0,0,0,0,0,0,0,0,0,0,0,0,0,0
2007-12-08 16:45:00+00:00,30,12,16,98.11421203613281,85.9066162109375,0,0,0,0,0,0,0,0,0,1,1,1,1,1,1,1,1,0,0,0,0,0,0,0,0
2007-12-08 16:45:00+00:00,30,12,16,,,0,0,0,0,0,0,0,0,0,0,0,0,0,0,0,0,0,0,0,0,0,0,0,0,0
2007-12-08 16:45:00+00:00,30,12,16,,,0,0,0,0,0,0,0,0,0,0,0,0,0,0,0,0,0,0,0,0,0,0,0,0,0
2007-12-08 17:00:00+00:00,30,12,17,235.88754272460938,382.84423828125,0,0,0,0,0,0,0,0,0,0,0,0,0,0,1,1,1,0,0,0,0,0,0,0,0
2007-12-08 17:00:00+00:00,30,12,17,55.16264724731445,40.38896942138672,0,0,0,0,0,0,0,1,1,1,1,1,1,1,1,1,1,0,0,0,0,0,0,1,1
2007-12-08 17:00:00+00:00,30,12,17,,,0,0,0,0,0,0,0,0,0,0,0,0,0,0,0,0,0,0,0,0,0,0,0,0,0
2007-12-08 17:00:00+00:00,30,12,17,311.724365234375,309.88836669921875,0,0,0,0,0,0,0,0,0,0,0,0,0,0,0,0,1,0,0,0,0,0,0,0,0
2007-12-08 17:15:00+00:00,30,12,17,,,0,0,0,0,0,0,0,0,0,0,0,0,0,0,0,0,0,0,0,0,0,0,0,0,0
2007-12-08 17:15:00+00:00,30,12,17,316.0101013183594,336.20062255859375,0,0,0,0,0,0,0,0,0,0,0,0,0,0,0,0,1,0,0,0,0,0,0,0,0
2007-12-08 17:45:00+00:00,30,12,17,92.06820678710938,,0,0,0,0,0,0,0,0,0,1,1,1,1,1,1,1,1,0,0,0,0,0,0,0,0
2007-12-09 10:00:00+00:00,30,12,10,,,0,0,0,0,0,0,0,0,0,0,0,0,0,0,0,0,0,0,0,0,0,0,0,0,0
2007-12-09 10:00:00+00:00,30,12,10,,,0,0,0,0,0,0,0,0,0,0,0,0,0,0,0,0,0,0,0,0,0,0,0,0,0
2007-12-09 10:00:00+00:00,30,12,10,,,0,0,0,0,0,0,0,0,0,0,0,0,0,0,0,0,0,0,0,0,0,0,0,0,0
2007-12-09 10:00:00+00:00,30,12,10,148.83602905273438,137.508544921875,0,0,0,0,0,0,0,0,0,0,0,1,1,1,1,1,1,0,0,0,0,0,0,0,0
2007-12-09 10:00:00+00:00,30,12,10,212.68080139160156,153.02084350585938,0,0,0,0,0,0,0,0,0,0,0,0,0,0,1,1,1,0,0,0,0,0,0,0,0
2007-12-09 10:00:00+00:00,30,12,10,234.06796264648438,174.0634002685547,0,0,0,0,0,0,0,0,0,0,0,0,0,0,1,1,1,0,0,0,0,0,0,0,0
2007-12-09 10:00:00+00:00,30,12,10,396.0470886230469,408.252685546875,0,0,0,0,0,0,0,0,0,0,0,0,0,0,0,0,0,0,0,0,0,0,0,0,0
2007-12-09 10:00:00+00:00,30,12,10,,,0,0,0,0,0,0,0,0,0,0,0,0,0,0,0,0,0,0,0,0,0,0,0,0,0
2007-12-09 10:00:00+00:00,30,12,10,,,0,0,0,0,0,0,0,0,0,0,0,0,0,0,0,0,0,0,0,0,0,0,0,0,0
2007-12-09 10:00:00+00:00,30,12,10,,,0,0,0,0,0,0,0,0,0,0,0,0,0,0,0,0,0,0,0,0,0,0,0,0,0
2007-12-09 10:00:00+00:00,30,12,10,354.7283935546875,333.64971923828125,0,0,0,0,0,0,0,0,0,0,0,0,0,0,0,0,0,0,0,0,0,0,0,0,0
2007-12-09 10:00:00+00:00,30,12,10,231.25901794433594,201.00306701660156,0,0,0,0,0,0,0,0,0,0,0,0,0,0,1,1,1,0,0,0,0,0,0,0,0
2007-12-09 10:00:00+00:00,30,12,10,,,0,0,0,0,0,0,0,0,0,0,0,0,0,0,0,0,0,0,0,0,0,0,0,0,0
2007-12-09 10:00:00+00:00,30,12,10,,,0,0,0,0,0,0,0,0,0,0,0,0,0,0,0,0,0,0,0,0,0,0,0,0,0
2007-12-09 10:00:00+00:00,30,12,10,227.707275390625,311.0382995605469,0,0,0,0,0,0,0,0,0,0,0,0,0,0,1,1,1,0,0,0,0,0,0,0,0
2007-12-09 10:00:00+00:00,30,12,10,,,0,0,0,0,0,0,0,0,0,0,0,0,0,0,0,0,0,0,0,0,0,0,0,0,0
2007-12-09 10:15:00+00:00,30,12,10,,,0,0,0,0,0,0,0,0,0,0,0,0,0,0,0,0,0,0,0,0,0,0,0,0,0
2007-12-09 10:15:00+00:00,30,12,10,,,0,0,0,0,0,0,0,0,0,0,0,0,0,0,0,0,0,0,0,0,0,0,0,0,0
2007-12-09 10:15:00+00:00,30,12,10,165.46649169921875,134.50103759765625,0,0,0,0,0,0,0,0,0,0,0,0,1,1,1,1,1,0,0,0,0,0,0,0,0
2007-12-09 10:15:00+00:00,30,12,10,410.0256042480469,105.7707748413086,0,0,0,0,0,0,0,0,0,0,0,0,0,0,0,0,0,0,0,0,0,0,0,0,0
2007-12-09 10:15:00+00:00,30,12,10,,0.0,0,0,0,0,0,0,0,0,0,0,0,0,0,0,0,0,0,1,1,1,1,1,1,1,1
2007-12-09 10:15:00+00:00,30,12,10,428.72662353515625,137.35557556152344,0,0,0,0,0,0,0,0,0,0,0,0,0,0,0,0,0,0,0,0,0,0,0,0,0
2007-12-09 10:15:00+00:00,30,12,10,,94.68722534179688,0,0,0,0,0,0,0,0,0,0,0,0,0,0,0,0,0,0,0,0,0,0,0,0,0
2007-12-09 10:15:00+00:00,30,12,10,,,0,0,0,0,0,0,0,0,0,0,0,0,0,0,0,0,0,0,0,0,0,0,0,0,0
2007-12-09 10:15:00+00:00,30,12,10,70.2151870727539,55.04842758178711,0,0,0,0,0,0,0,0,1,1,1,1,1,1,1,1,1,0,0,0,0,0,0,0,1
2007-12-09 10:15:00+00:00,30,12,10,391.3707275390625,444.51788330078125,0,0,0,0,0,0,0,0,0,0,0,0,0,0,0,0,0,0,0,0,0,0,0,0,0
2007-12-09 10:15:00+00:00,30,12,10,,,0,0,0,0,0,0,0,0,0,0,0,0,0,0,0,0,0,0,0,0,0,0,0,0,0
2007-12-09 10:30:00+00:00,30,12,10,,,0,0,0,0,0,0,0,0,0,0,0,0,0,0,0,0,0,0,0,0,0,0,0,0,0
2007-12-09 10:30:00+00:00,30,12,10,162.7873077392578,140.86538696289062,0,0,0,0,0,0,0,0,0,0,0,0,1,1,1,1,1,0,0,0,0,0,0,0,0
2007-12-09 10:30:00+00:00,30,12,10,,,0,0,0,0,0,0,0,0,0,0,0,0,0,0,0,0,0,0,0,0,0,0,0,0,0
2007-12-09 10:30:00+00:00,30,12,10,,412.9071350097656,0,0,0,0,0,0,0,0,0,0,0,0,0,0,0,0,0,0,0,0,0,0,0,0,0
2007-12-09 10:30:00+00:00,30,12,10,,217.254638671875,0,0,0,0,0,0,0,0,0,0,0,0,0,0,0,0,0,0,0,0,0,0,0,0,0
2007-12-09 10:30:00+00:00,30,12,10,174.8728790283203,86.35918426513672,0,0,0,0,0,0,0,0,0,0,0,0,1,1,1,1,1,0,0,0,0,0,0,0,0
2007-12-09 10:30:00+00:00,30,12,10,,,0,0,0,0,0,0,0,0,0,0,0,0,0,0,0,0,0,0,0,0,0,0,0,0,0
2007-12-09 10:30:00+00:00,30,12,10,,,0,0,0,0,0,0,0,0,0,0,0,0,0,0,0,0,0,0,0,0,0,0,0,0,0
2007-12-09 10:30:00+00:00,30,12,10,,,0,0,0,0,0,0,0,0,0,0,0,0,0,0,0,0,0,0,0,0,0,0,0,0,0
2007-12-09 10:45:00+00:00,30,12,10,,,0,0,0,0,0,0,0,0,0,0,0,0,0,0,0,0,0,0,0,0,0,0,0,0,0
2007-12-09 10:45:00+00:00,30,12,10,,,0,0,0,0,0,0,0,0,0,0,0,0,0,0,0,0,0,0,0,0,0,0,0,0,0
2007-12-09 10:45:00+00:00,30,12,10,,,0,0,0,0,0,0,0,0,0,0,0,0,0,0,0,0,0,0,0,0,0,0,0,0,0
2007-12-09 10:45:00+00:00,30,12,10,,,0,0,0,0,0,0,0,0,0,0,0,0,0,0,0,0,0,0,0,0,0,0,0,0,0
2007-12-09 10:45:00+00:00,30,12,10,105.89939880371094,35.27891540527344,0,0,0,0,0,0,0,0,0,0,1,1,1,1,1,1,1,0,0,0,0,0,1,1,1
2007-12-09 10:45:00+00:00,30,12,10,19.999462127685547,14.342379570007324,0,0,1,1,1,1,1,1,1,1,1,1,1,1,1,1,1,0,1,1,1,1,1,1,1
2007-12-09 10:45:00+00:00,30,12,10,135.52476501464844,132.9145050048828,0,0,0,0,0,0,0,0,0,0,0,1,1,1,1,1,1,0,0,0,0,0,0,0,0
2007-12-09 10:45:00+00:00,30,12,10,358.3030090332031,301.5342102050781,0,0,0,0,0,0,0,0,0,0,0,0,0,0,0,0,0,0,0,0,0,0,0,0,0
2007-12-09 10:45:00+00:00,30,12,10,44.47634506225586,59.70487594604492,0,0,0,0,0,0,1,1,1,1,1,1,1,1,1,1,1,0,0,0,0,0,0,0,1
2007-12-09 10:45:00+00:00,30,12,10,,,0,0,0,0,0,0,0,0,0,0,0,0,0,0,0,0,0,0,0,0,0,0,0,0,0
2007-12-09 10:45:00+00:00,30,12,10,,,0,0,0,0,0,0,0,0,0,0,0,0,0,0,0,0,0,0,0,0,0,0,0,0,0
2007-12-09 10:45:00+00:00,30,12,10,192.23345947265625,203.10195922851562,0,0,0,0,0,0,0,0,0,0,0,0,0,1,1,1,1,0,0,0,0,0,0,0,0
2007-12-09 10:45:00+00:00,30,12,10,,,0,0,0,0,0,0,0,0,0,0,0,0,0,0,0,0,0,0,0,0,0,0,0,0,0
2007-12-09 10:45:00+00:00,30,12,10,397.3923034667969,374.0030212402344,0,0,0,0,0,0,0,0,0,0,0,0,0,0,0,0,0,0,0,0,0,0,0,0,0
2007-12-09 10:45:00+00:00,30,12,10,264.6225891113281,244.55921936035156,0,0,0,0,0,0,0,0,0,0,0,0,0,0,0,1,1,0,0,0,0,0,0,0,0
2007-12-09 10:45:00+00:00,30,12,10,,,0,0,0,0,0,0,0,0,0,0,0,0,0,0,0,0,0,0,0,0,0,0,0,0,0
2007-12-09 10:45:00+00:00,30,12,10,,229.85919189453125,0,0,0,0,0,0,0,0,0,0,0,0,0,0,0,0,0,0,0,0,0,0,0,0,0
2007-12-09 10:45:00+00:00,30,12,10,,,0,0,0,0,0,0,0,0,0,0,0,0,0,0,0,0,0,0,0,0,0,0,0,0,0
2007-12-09 11:00:00+00:00,30,12,11,,,0,0,0,0,0,0,0,0,0,0,0,0,0,0,0,0,0,0,0,0,0,0,0,0,0
2007-12-09 11:00:00+00:00,30,12,11,,478.4623718261719,0,0,0,0,0,0,0,0,0,0,0,0,0,0,0,0,0,0,0,0,0,0,0,0,0
2007-12-09 11:00:00+00:00,30,12,11,,310.7465515136719,0,0,0,0,0,0,0,0,0,0,0,0,0,0,0,0,0,0,0,0,0,0,0,0,0
2007-12-09 11:00:00+00:00,30,12,11,317.7784729003906,116.7863998413086,0,0,0,0,0,0,0,0,0,0,0,0,0,0,0,0,1,0,0,0,0,0,0,0,0
2007-12-09 11:00:00+00:00,30,12,11,145.9605255126953,142.75904846191406,0,0,0,0,0,0,0,0,0,0,0,1,1,1,1,1,1,0,0,0,0,0,0,0,0
2007-12-09 11:00:00+00:00,30,12,11,163.19491577148438,166.47122192382812,0,0,0,0,0,0,0,0,0,0,0,0,1,1,1,1,1,0,0,0,0,0,0,0,0
2007-12-09 11:00:00+00:00,30,12,11,,,0,0,0,0,0,0,0,0,0,0,0,0,0,0,0,0,0,0,0,0,0,0,0,0,0
2007-12-09 11:00:00+00:00,30,12,11,53.10192108154297,77.9279556274414,0,0,0,0,0,0,0,1,1,1,1,1,1,1,1,1,1,0,0,0,0,0,0,0,0
2007-12-09 11:00:00+00:00,30,12,11,96.40714263916016,108.85429382324219,0,0,0,0,0,0,0,0,0,1,1,1,1,1,1,1,1,0,0,0,0,0,0,0,0
2007-12-09 11:00:00+00:00,30,12,11,230.10484313964844,250.87051391601562,0,0,0,0,0,0,0,0,0,0,0,0,0,0,1,1,1,0,0,0,0,0,0,0,0
2007-12-09 11:00:00+00:00,30,12,11,,9.36540412902832,0,0,0,0,0,0,0,0,0,0,0,0,0,0,0,0,0,1,1,1,1,1,1,1,1
2007-12-09 11:00:00+00:00,30,12,11,,372.90301513671875,0,0,0,0,0,0,0,0,0,0,0,0,0,0,0,0,0,0,0,0,0,0,0,0,0
2007-12-09 11:15:00+00:00,30,12,11,243.7239532470703,221.044921875,0,0,0,0,0,0,0,0,0,0,0,0,0,0,1,1,1,0,0,0,0,0,0,0,0
2007-12-09 11:15:00+00:00,30,12,11,132.5448760986328,114.04596710205078,0,0,0,0,0,0,0,0,0,0,0,1,1,1,1,1,1,0,0,0,0,0,0,0,0
2007-12-09 11:15:00+00:00,30,12,11,245.99888610839844,240.5986328125,0,0,0,0,0,0,0,0,0,0,0,0,0,0,1,1,1,0,0,0,0,0,0,0,0
2007-12-09 11:15:00+00:00,30,12,11,231.13455200195312,222.63613891601562,0,0,0,0,0,0,0,0,0,0,0,0,0,0,1,1,1,0,0,0,0,0,0,0,0
2007-12-09 11:15:00+00:00,30,12,11,,,0,0,0,0,0,0,0,0,0,0,0,0,0,0,0,0,0,0,0,0,0,0,0,0,0
2007-12-09 11:15:00+00:00,30,12,11,,,0,0,0,0,0,0,0,0,0,0,0,0,0,0,0,0,0,0,0,0,0,0,0,0,0
2007-12-09 11:15:00+00:00,30,12,11,,,0,0,0,0,0,0,0,0,0,0,0,0,0,0,0,0,0,0,0,0,0,0,0,0,0
2007-12-09 11:15:00+00:00,30,12,11,,,0,0,0,0,0,0,0,0,0,0,0,0,0,0,0,0,0,0,0,0,0,0,0,0,0
2007-12-09 11:15:00+00:00,30,12,11,,,0,0,0,0,0,0,0,0,0,0,0,0,0,0,0,0,0,0,0,0,0,0,0,0,0
2007-12-09 11:15:00+00:00,30,12,11,,347.09686279296875,0,0,0,0,0,0,0,0,0,0,0,0,0,0,0,0,0,0,0,0,0,0,0,0,0
2007-12-09 11:15:00+00:00,30,12,11,,,0,0,0,0,0,0,0,0,0,0,0,0,0,0,0,0,0,0,0,0,0,0,0,0,0
2007-12-09 11:15:00+00:00,30,12,11,,,0,0,0,0,0,0,0,0,0,0,0,0,0,0,0,0,0,0,0,0,0,0,0,0,0
2007-12-09 11:15:00+00:00,30,12,11,,109.26687622070312,0,0,0,0,0,0,0,0,0,0,0,0,0,0,0,0,0,0,0,0,0,0,0,0,0
2007-12-09 11:30:00+00:00,30,12,11,,,0,0,0,0,0,0,0,0,0,0,0,0,0,0,0,0,0,0,0,0,0,0,0,0,0
2007-12-09 11:30:00+00:00,30,12,11,,,0,0,0,0,0,0,0,0,0,0,0,0,0,0,0,0,0,0,0,0,0,0,0,0,0
2007-12-09 11:30:00+00:00,30,12,11,,430.7627868652344,0,0,0,0,0,0,0,0,0,0,0,0,0,0,0,0,0,0,0,0,0,0,0,0,0
2007-12-09 11:30:00+00:00,30,12,11,169.38380432128906,159.7296905517578,0,0,0,0,0,0,0,0,0,0,0,0,1,1,1,1,1,0,0,0,0,0,0,0,0
2007-12-09 11:30:00+00:00,30,12,11,137.89614868164062,131.1625518798828,0,0,0,0,0,0,0,0,0,0,0,1,1,1,1,1,1,0,0,0,0,0,0,0,0
2007-12-09 11:30:00+00:00,30,12,11,105.60590362548828,99.35445404052734,0,0,0,0,0,0,0,0,0,0,1,1,1,1,1,1,1,0,0,0,0,0,0,0,0
2007-12-09 11:30:00+00:00,30,12,11,249.87001037597656,243.44497680664062,0,0,0,0,0,0,0,0,0,0,0,0,0,0,1,1,1,0,0,0,0,0,0,0,0
2007-12-09 11:30:00+00:00,30,12,11,214.84152221679688,95.60735321044922,0,0,0,0,0,0,0,0,0,0,0,0,0,0,1,1,1,0,0,0,0,0,0,0,0
2007-12-09 11:30:00+00:00,30,12,11,,,0,0,0,0,0,0,0,0,0,0,0,0,0,0,0,0,0,0,0,0,0,0,0,0,0
2007-12-09 11:30:00+00:00,30,12,11,,,0,0,0,0,0,0,0,0,0,0,0,0,0,0,0,0,0,0,0,0,0,0,0,0,0
2007-12-09 11:30:00+00:00,30,12,11,,,0,0,0,0,0,0,0,0,0,0,0,0,0,0,0,0,0,0,0,0,0,0,0,0,0
2007-12-09 11:30:00+00:00,30,12,11,117.15617370605469,119.5681381225586,0,0,0,0,0,0,0,0,0,0,1,1,1,1,1,1,1,0,0,0,0,0,0,0,0
2007-12-09 11:30:00+00:00,30,12,11,157.40179443359375,157.7604217529297,0,0,0,0,0,0,0,0,0,0,0,0,1,1,1,1,1,0,0,0,0,0,0,0,0
2007-12-09 11:30:00+00:00,30,12,11,177.5556640625,181.47274780273438,0,0,0,0,0,0,0,0,0,0,0,0,1,1,1,1,1,0,0,0,0,0,0,0,0
2007-12-09 11:30:00+00:00,30,12,11,,,0,0,0,0,0,0,0,0,0,0,0,0,0,0,0,0,0,0,0,0,0,0,0,0,0
2007-12-09 11:30:00+00:00,30,12,11,,,0,0,0,0,0,0,0,0,0,0,0,0,0,0,0,0,0,0,0,0,0,0,0,0,0
2007-12-09 11:30:00+00:00,30,12,11,342.0434265136719,239.66107177734375,0,0,0,0,0,0,0,0,0,0,0,0,0,0,0,0,1,0,0,0,0,0,0,0,0
2007-12-09 11:30:00+00:00,30,12,11,146.7730255126953,129.52239990234375,0,0,0,0,0,0,0,0,0,0,0,1,1,1,1,1,1,0,0,0,0,0,0,0,0
2007-12-09 11:45:00+00:00,30,12,11,,,0,0,0,0,0,0,0,0,0,0,0,0,0,0,0,0,0,0,0,0,0,0,0,0,0
2007-12-09 11:45:00+00:00,30,12,11,,,0,0,0,0,0,0,0,0,0,0,0,0,0,0,0,0,0,0,0,0,0,0,0,0,0
2007-12-09 11:45:00+00:00,30,12,11,416.4586486816406,337.2494201660156,0,0,0,0,0,0,0,0,0,0,0,0,0,0,0,0,0,0,0,0,0,0,0,0,0
2007-12-09 11:45:00+00:00,30,12,11,176.9453125,121.33702087402344,0,0,0,0,0,0,0,0,0,0,0,0,1,1,1,1,1,0,0,0,0,0,0,0,0
2007-12-09 11:45:00+00:00,30,12,11,161.67811584472656,190.8704376220703,0,0,0,0,0,0,0,0,0,0,0,0,1,1,1,1,1,0,0,0,0,0,0,0,0
2007-12-09 11:45:00+00:00,30,12,11,217.2952423095703,126.64558410644531,0,0,0,0,0,0,0,0,0,0,0,0,0,0,1,1,1,0,0,0,0,0,0,0,0
2007-12-09 11:45:00+00:00,30,12,11,272.4399108886719,206.1407012939453,0,0,0,0,0,0,0,0,0,0,0,0,0,0,0,1,1,0,0,0,0,0,0,0,0
2007-12-09 11:45:00+00:00,30,12,11,275.24591064453125,251.0509796142578,0,0,0,0,0,0,0,0,0,0,0,0,0,0,0,1,1,0,0,0,0,0,0,0,0
2007-12-09 11:45:00+00:00,30,12,11,,,0,0,0,0,0,0,0,0,0,0,0,0,0,0,0,0,0,0,0,0,0,0,0,0,0
2007-12-09 11:45:00+00:00,30,12,11,,,0,0,0,0,0,0,0,0,0,0,0,0,0,0,0,0,0,0,0,0,0,0,0,0,0
2007-12-09 11:45:00+00:00,30,12,11,,,0,0,0,0,0,0,0,0,0,0,0,0,0,0,0,0,0,0,0,0,0,0,0,0,0
2007-12-09 11:45:00+00:00,30,12,11,185.34967041015625,,0,0,0,0,0,0,0,0,0,0,0,0,0,1,1,1,1,0,0,0,0,0,0,0,0
2007-12-09 11:45:00+00:00,30,12,11,,,0,0,0,0,0,0,0,0,0,0,0,0,0,0,0,0,0,0,0,0,0,0,0,0,0
2007-12-09 11:45:00+00:00,30,12,11,95.95056915283203,,0,0,0,0,0,0,0,0,0,1,1,1,1,1,1,1,1,0,0,0,0,0,0,0,0
2007-12-09 11:45:00+00:00,30,12,11,,,0,0,0,0,0,0,0,0,0,0,0,0,0,0,0,0,0,0,0,0,0,0,0,0,0
2007-12-09 11:45:00+00:00,30,12,11,,,0,0,0,0,0,0,0,0,0,0,0,0,0,0,0,0,0,0,0,0,0,0,0,0,0
2007-12-09 11:45:00+00:00,30,12,11,171.33908081054688,171.69740295410156,0,0,0,0,0,0,0,0,0,0,0,0,1,1,1,1,1,0,0,0,0,0,0,0,0
2007-12-09 11:45:00+00:00,30,12,11,54.23435974121094,42.23039627075195,0,0,0,0,0,0,0,1,1,1,1,1,1,1,1,1,1,0,0,0,0,0,0,1,1
2007-12-09 12:00:00+00:00,30,12,12,,,0,0,0,0,0,0,0,0,0,0,0,0,0,0,0,0,0,0,0,0,0,0,0,0,0
2007-12-09 12:00:00+00:00,30,12,12,,,0,0,0,0,0,0,0,0,0,0,0,0,0,0,0,0,0,0,0,0,0,0,0,0,0
2007-12-09 12:00:00+00:00,30,12,12,,,0,0,0,0,0,0,0,0,0,0,0,0,0,0,0,0,0,0,0,0,0,0,0,0,0
2007-12-09 12:00:00+00:00,30,12,12,,,0,0,0,0,0,0,0,0,0,0,0,0,0,0,0,0,0,0,0,0,0,0,0,0,0
2007-12-09 12:00:00+00:00,30,12,12,132.45953369140625,124.85926055908203,0,0,0,0,0,0,0,0,0,0,0,1,1,1,1,1,1,0,0,0,0,0,0,0,0
2007-12-09 12:00:00+00:00,30,12,12,,,0,0,0,0,0,0,0,0,0,0,0,0,0,0,0,0,0,0,0,0,0,0,0,0,0
2007-12-09 12:00:00+00:00,30,12,12,,,0,0,0,0,0,0,0,0,0,0,0,0,0,0,0,0,0,0,0,0,0,0,0,0,0
2007-12-09 12:00:00+00:00,30,12,12,296.11578369140625,,0,0,0,0,0,0,0,0,0,0,0,0,0,0,0,1,1,0,0,0,0,0,0,0,0
2007-12-09 12:00:00+00:00,30,12,12,,,0,0,0,0,0,0,0,0,0,0,0,0,0,0,0,0,0,0,0,0,0,0,0,0,0
2007-12-09 12:00:00+00:00,30,12,12,,,0,0,0,0,0,0,0,0,0,0,0,0,0,0,0,0,0,0,0,0,0,0,0,0,0
2007-12-09 12:00:00+00:00,30,12,12,335.84246826171875,212.2978057861328,0,0,0,0,0,0,0,0,0,0,0,0,0,0,0,0,1,0,0,0,0,0,0,0,0
2007-12-09 12:00:00+00:00,30,12,12,117.75991821289062,123.0719223022461,0,0,0,0,0,0,0,0,0,0,1,1,1,1,1,1,1,0,0,0,0,0,0,0,0
2007-12-09 12:00:00+00:00,30,12,12,221.02342224121094,276.5707092285156,0,0,0,0,0,0,0,0,0,0,0,0,0,0,1,1,1,0,0,0,0,0,0,0,0
2007-12-09 12:00:00+00:00,30,12,12,84.28428649902344,117.0355453491211,0,0,0,0,0,0,0,0,0,1,1,1,1,1,1,1,1,0,0,0,0,0,0,0,0
2007-12-09 12:00:00+00:00,30,12,12,280.1710510253906,358.6313171386719,0,0,0,0,0,0,0,0,0,0,0,0,0,0,0,1,1,0,0,0,0,0,0,0,0
2007-12-09 12:15:00+00:00,30,12,12,,,0,0,0,0,0,0,0,0,0,0,0,0,0,0,0,0,0,0,0,0,0,0,0,0,0
2007-12-09 12:15:00+00:00,30,12,12,,,0,0,0,0,0,0,0,0,0,0,0,0,0,0,0,0,0,0,0,0,0,0,0,0,0
2007-12-09 12:15:00+00:00,30,12,12,111.23085021972656,107.70750427246094,0,0,0,0,0,0,0,0,0,0,1,1,1,1,1,1,1,0,0,0,0,0,0,0,0
2007-12-09 12:15:00+00:00,30,12,12,136.4042510986328,124.90408325195312,0,0,0,0,0,0,0,0,0,0,0,1,1,1,1,1,1,0,0,0,0,0,0,0,0
2007-12-09 12:15:00+00:00,30,12,12,124.39851379394531,135.1595916748047,0,0,0,0,0,0,0,0,0,0,0,1,1,1,1,1,1,0,0,0,0,0,0,0,0
2007-12-09 12:15:00+00:00,30,12,12,,488.62890625,0,0,0,0,0,0,0,0,0,0,0,0,0,0,0,0,0,0,0,0,0,0,0,0,0
2007-12-09 12:15:00+00:00,30,12,12,,,0,0,0,0,0,0,0,0,0,0,0,0,0,0,0,0,0,0,0,0,0,0,0,0,0
2007-12-09 12:15:00+00:00,30,12,12,,,0,0,0,0,0,0,0,0,0,0,0,0,0,0,0,0,0,0,0,0,0,0,0,0,0
2007-12-09 12:15:00+00:00,30,12,12,,,0,0,0,0,0,0,0,0,0,0,0,0,0,0,0,0,0,0,0,0,0,0,0,0,0
2007-12-09 12:15:00+00:00,30,12,12,,,0,0,0,0,0,0,0,0,0,0,0,0,0,0,0,0,0,0,0,0,0,0,0,0,0
2007-12-09 12:15:00+00:00,30,12,12,,,0,0,0,0,0,0,0,0,0,0,0,0,0,0,0,0,0,0,0,0,0,0,0,0,0
2007-12-09 12:15:00+00:00,30,12,12,,217.0477752685547,0,0,0,0,0,0,0,0,0,0,0,0,0,0,0,0,0,0,0,0,0,0,0,0,0
2007-12-09 12:15:00+00:00,30,12,12,,,0,0,0,0,0,0,0,0,0,0,0,0,0,0,0,0,0,0,0,0,0,0,0,0,0
2007-12-09 12:15:00+00:00,30,12,12,,,0,0,0,0,0,0,0,0,0,0,0,0,0,0,0,0,0,0,0,0,0,0,0,0,0
2007-12-09 12:15:00+00:00,30,12,12,185.5785369873047,156.8472137451172,0,0,0,0,0,0,0,0,0,0,0,0,0,1,1,1,1,0,0,0,0,0,0,0,0
2007-12-09 12:15:00+00:00,30,12,12,124.91848754882812,159.0437774658203,0,0,0,0,0,0,0,0,0,0,0,1,1,1,1,1,1,0,0,0,0,0,0,0,0
2007-12-09 12:15:00+00:00,30,12,12,284.2583923339844,104.4052734375,0,0,0,0,0,0,0,0,0,0,0,0,0,0,0,1,1,0,0,0,0,0,0,0,0
2007-12-09 12:15:00+00:00,30,12,12,117.62168884277344,125.39176177978516,0,0,0,0,0,0,0,0,0,0,1,1,1,1,1,1,1,0,0,0,0,0,0,0,0
2007-12-09 12:15:00+00:00,30,12,12,,361.78912353515625,0,0,0,0,0,0,0,0,0,0,0,0,0,0,0,0,0,0,0,0,0,0,0,0,0
2007-12-09 12:15:00+00:00,30,12,12,,185.07713317871094,0,0,0,0,0,0,0,0,0,0,0,0,0,0,0,0,0,0,0,0,0,0,0,0,0
2007-12-09 12:15:00+00:00,30,12,12,,290.3561096191406,0,0,0,0,0,0,0,0,0,0,0,0,0,0,0,0,0,0,0,0,0,0,0,0,0
2007-12-09 12:30:00+00:00,30,12,12,158.55703735351562,162.63467407226562,0,0,0,0,0,0,0,0,0,0,0,0,1,1,1,1,1,0,0,0,0,0,0,0,0
2007-12-09 12:30:00+00:00,30,12,12,65.1484146118164,31.14111328125,0,0,0,0,0,0,0,0,1,1,1,1,1,1,1,1,1,0,0,0,0,0,1,1,1
2007-12-09 12:30:00+00:00,30,12,12,64.26741790771484,61.64609909057617,0,0,0,0,0,0,0,0,1,1,1,1,1,1,1,1,1,0,0,0,0,0,0,0,0
2007-12-09 12:30:00+00:00,30,12,12,156.6501007080078,143.5904541015625,0,0,0,0,0,0,0,0,0,0,0,0,1,1,1,1,1,0,0,0,0,0,0,0,0
2007-12-09 12:30:00+00:00,30,12,12,154.7847442626953,112.60233306884766,0,0,0,0,0,0,0,0,0,0,0,0,1,1,1,1,1,0,0,0,0,0,0,0,0
2007-12-09 12:30:00+00:00,30,12,12,181.55307006835938,156.63685607910156,0,0,0,0,0,0,0,0,0,0,0,0,0,1,1,1,1,0,0,0,0,0,0,0,0
2007-12-09 12:30:00+00:00,30,12,12,,,0,0,0,0,0,0,0,0,0,0,0,0,0,0,0,0,0,0,0,0,0,0,0,0,0
2007-12-09 12:30:00+00:00,30,12,12,,,0,0,0,0,0,0,0,0,0,0,0,0,0,0,0,0,0,0,0,0,0,0,0,0,0
2007-12-09 12:30:00+00:00,30,12,12,,,0,0,0,0,0,0,0,0,0,0,0,0,0,0,0,0,0,0,0,0,0,0,0,0,0
2007-12-09 12:30:00+00:00,30,12,12,412.7744140625,73.80140686035156,0,0,0,0,0,0,0,0,0,0,0,0,0,0,0,0,0,0,0,0,0,0,0,0,0
2007-12-09 12:30:00+00:00,30,12,12,143.8604736328125,132.78225708007812,0,0,0,0,0,0,0,0,0,0,0,1,1,1,1,1,1,0,0,0,0,0,0,0,0
2007-12-09 12:45:00+00:00,30,12,12,,,0,0,0,0,0,0,0,0,0,0,0,0,0,0,0,0,0,0,0,0,0,0,0,0,0
2007-12-09 12:45:00+00:00,30,12,12,,,0,0,0,0,0,0,0,0,0,0,0,0,0,0,0,0,0,0,0,0,0,0,0,0,0
2007-12-09 12:45:00+00:00,30,12,12,,,0,0,0,0,0,0,0,0,0,0,0,0,0,0,0,0,0,0,0,0,0,0,0,0,0
2007-12-09 12:45:00+00:00,30,12,12,144.22032165527344,3.514867067337036,0,0,0,0,0,0,0,0,0,0,0,1,1,1,1,1,1,1,1,1,1,1,1,1,1
2007-12-09 12:45:00+00:00,30,12,12,139.52874755859375,116.15811920166016,0,0,0,0,0,0,0,0,0,0,0,1,1,1,1,1,1,0,0,0,0,0,0,0,0
2007-12-09 12:45:00+00:00,30,12,12,,,0,0,0,0,0,0,0,0,0,0,0,0,0,0,0,0,0,0,0,0,0,0,0,0,0
2007-12-09 12:45:00+00:00,30,12,12,132.39329528808594,144.1038818359375,0,0,0,0,0,0,0,0,0,0,0,1,1,1,1,1,1,0,0,0,0,0,0,0,0
2007-12-09 12:45:00+00:00,30,12,12,103.83415222167969,108.4908218383789,0,0,0,0,0,0,0,0,0,0,1,1,1,1,1,1,1,0,0,0,0,0,0,0,0
2007-12-09 12:45:00+00:00,30,12,12,172.8980712890625,154.98641967773438,0,0,0,0,0,0,0,0,0,0,0,0,1,1,1,1,1,0,0,0,0,0,0,0,0
2007-12-09 12:45:00+00:00,30,12,12,206.8401336669922,188.06484985351562,0,0,0,0,0,0,0,0,0,0,0,0,0,0,1,1,1,0,0,0,0,0,0,0,0
2007-12-09 12:45:00+00:00,30,12,12,357.6068115234375,288.6773681640625,0,0,0,0,0,0,0,0,0,0,0,0,0,0,0,0,0,0,0,0,0,0,0,0,0
2007-12-09 12:45:00+00:00,30,12,12,475.3119812011719,171.71388244628906,0,0,0,0,0,0,0,0,0,0,0,0,0,0,0,0,0,0,0,0,0,0,0,0,0
2007-12-09 12:45:00+00:00,30,12,12,240.2536163330078,129.76060485839844,0,0,0,0,0,0,0,0,0,0,0,0,0,0,1,1,1,0,0,0,0,0,0,0,0
2007-12-09 12:45:00+00:00,30,12,12,269.5627746582031,181.703369140625,0,0,0,0,0,0,0,0,0,0,0,0,0,0,0,1,1,0,0,0,0,0,0,0,0
2007-12-09 12:45:00+00:00,30,12,12,91.46601867675781,176.34402465820312,0,0,0,0,0,0,0,0,0,1,1,1,1,1,1,1,1,0,0,0,0,0,0,0,0
2007-12-09 12:45:00+00:00,30,12,12,137.76649475097656,91.6648178100586,0,0,0,0,0,0,0,0,0,0,0,1,1,1,1,1,1,0,0,0,0,0,0,0,0
2007-12-09 12:45:00+00:00,30,12,12,152.0653533935547,149.4679412841797,0,0,0,0,0,0,0,0,0,0,0,0,1,1,1,1,1,0,0,0,0,0,0,0,0
2007-12-09 12:45:00+00:00,30,12,12,229.03298950195312,0.0,0,0,0,0,0,0,0,0,0,0,0,0,0,0,1,1,1,1,1,1,1,1,1,1,1
2007-12-09 12:45:00+00:00,30,12,12,277.8902282714844,53.627281188964844,0,0,0,0,0,0,0,0,0,0,0,0,0,0,0,1,1,0,0,0,0,0,0,0,1
2007-12-09 12:45:00+00:00,30,12,12,121.95167541503906,115.90106964111328,0,0,0,0,0,0,0,0,0,0,0,1,1,1,1,1,1,0,0,0,0,0,0,0,0
2007-12-09 13:00:00+00:00,30,12,13,34.91984939575195,0.0,0,0,0,0,0,1,1,1,1,1,1,1,1,1,1,1,1,1,1,1,1,1,1,1,1
2007-12-09 13:00:00+00:00,30,12,13,211.41433715820312,231.16177368164062,0,0,0,0,0,0,0,0,0,0,0,0,0,0,1,1,1,0,0,0,0,0,0,0,0
2007-12-09 13:00:00+00:00,30,12,13,,,0,0,0,0,0,0,0,0,0,0,0,0,0,0,0,0,0,0,0,0,0,0,0,0,0
2007-12-09 13:00:00+00:00,30,12,13,,,0,0,0,0,0,0,0,0,0,0,0,0,0,0,0,0,0,0,0,0,0,0,0,0,0
2007-12-09 13:00:00+00:00,30,12,13,,,0,0,0,0,0,0,0,0,0,0,0,0,0,0,0,0,0,0,0,0,0,0,0,0,0
2007-12-09 13:00:00+00:00,30,12,13,,,0,0,0,0,0,0,0,0,0,0,0,0,0,0,0,0,0,0,0,0,0,0,0,0,0
2007-12-09 13:00:00+00:00,30,12,13,,424.4054870605469,0,0,0,0,0,0,0,0,0,0,0,0,0,0,0,0,0,0,0,0,0,0,0,0,0
2007-12-09 13:00:00+00:00,30,12,13,,200.6843719482422,0,0,0,0,0,0,0,0,0,0,0,0,0,0,0,0,0,0,0,0,0,0,0,0,0
2007-12-09 13:00:00+00:00,30,12,13,,175.18373107910156,0,0,0,0,0,0,0,0,0,0,0,0,0,0,0,0,0,0,0,0,0,0,0,0,0
2007-12-09 13:00:00+00:00,30,12,13,,125.44120025634766,0,0,0,0,0,0,0,0,0,0,0,0,0,0,0,0,0,0,0,0,0,0,0,0,0
2007-12-09 13:00:00+00:00,30,12,13,,368.5588073730469,0,0,0,0,0,0,0,0,0,0,0,0,0,0,0,0,0,0,0,0,0,0,0,0,0
2007-12-09 13:00:00+00:00,30,12,13,182.42735290527344,,0,0,0,0,0,0,0,0,0,0,0,0,0,1,1,1,1,0,0,0,0,0,0,0,0
2007-12-09 13:00:00+00:00,30,12,13,191.25384521484375,227.1204833984375,0,0,0,0,0,0,0,0,0,0,0,0,0,1,1,1,1,0,0,0,0,0,0,0,0
2007-12-09 13:00:00+00:00,30,12,13,251.7845916748047,227.70787048339844,0,0,0,0,0,0,0,0,0,0,0,0,0,0,0,1,1,0,0,0,0,0,0,0,0
2007-12-09 13:15:00+00:00,30,12,13,242.98031616210938,248.99623107910156,0,0,0,0,0,0,0,0,0,0,0,0,0,0,1,1,1,0,0,0,0,0,0,0,0
2007-12-09 13:15:00+00:00,30,12,13,121.74285125732422,135.353759765625,0,0,0,0,0,0,0,0,0,0,0,1,1,1,1,1,1,0,0,0,0,0,0,0,0
2007-12-09 13:15:00+00:00,30,12,13,208.226806640625,380.6653137207031,0,0,0,0,0,0,0,0,0,0,0,0,0,0,1,1,1,0,0,0,0,0,0,0,0
2007-12-09 13:15:00+00:00,30,12,13,,297.03387451171875,0,0,0,0,0,0,0,0,0,0,0,0,0,0,0,0,0,0,0,0,0,0,0,0,0
2007-12-09 13:15:00+00:00,30,12,13,,334.25732421875,0,0,0,0,0,0,0,0,0,0,0,0,0,0,0,0,0,0,0,0,0,0,0,0,0
2007-12-09 13:15:00+00:00,30,12,13,142.72032165527344,134.10951232910156,0,0,0,0,0,0,0,0,0,0,0,1,1,1,1,1,1,0,0,0,0,0,0,0,0
2007-12-09 13:15:00+00:00,30,12,13,207.01515197753906,199.44964599609375,0,0,0,0,0,0,0,0,0,0,0,0,0,0,1,1,1,0,0,0,0,0,0,0,0
2007-12-09 13:15:00+00:00,30,12,13,139.2480926513672,152.87924194335938,0,0,0,0,0,0,0,0,0,0,0,1,1,1,1,1,1,0,0,0,0,0,0,0,0
2007-12-09 13:30:00+00:00,30,12,13,163.07266235351562,158.42324829101562,0,0,0,0,0,0,0,0,0,0,0,0,1,1,1,1,1,0,0,0,0,0,0,0,0
2007-12-09 13:30:00+00:00,30,12,13,134.27796936035156,0.0,0,0,0,0,0,0,0,0,0,0,0,1,1,1,1,1,1,1,1,1,1,1,1,1,1
2007-12-09 13:30:00+00:00,30,12,13,38.64365005493164,50.575504302978516,0,0,0,0,0,1,1,1,1,1,1,1,1,1,1,1,1,0,0,0,0,0,0,0,1
2007-12-09 13:30:00+00:00,30,12,13,339.70098876953125,353.2825927734375,0,0,0,0,0,0,0,0,0,0,0,0,0,0,0,0,1,0,0,0,0,0,0,0,0
2007-12-09 13:30:00+00:00,30,12,13,76.50458526611328,54.717472076416016,0,0,0,0,0,0,0,0,1,1,1,1,1,1,1,1,1,0,0,0,0,0,0,0,1
2007-12-09 13:30:00+00:00,30,12,13,555.1453247070312,558.301513671875,0,0,0,0,0,0,0,0,0,0,0,0,0,0,0,0,0,0,0,0,0,0,0,0,0
2007-12-09 13:30:00+00:00,30,12,13,,,0,0,0,0,0,0,0,0,0,0,0,0,0,0,0,0,0,0,0,0,0,0,0,0,0
2007-12-09 13:30:00+00:00,30,12,13,,,0,0,0,0,0,0,0,0,0,0,0,0,0,0,0,0,0,0,0,0,0,0,0,0,0
2007-12-09 13:30:00+00:00,30,12,13,150.69985961914062,152.50511169433594,0,0,0,0,0,0,0,0,0,0,0,0,1,1,1,1,1,0,0,0,0,0,0,0,0
2007-12-09 13:30:00+00:00,30,12,13,283.9354553222656,287.9372253417969,0,0,0,0,0,0,0,0,0,0,0,0,0,0,0,1,1,0,0,0,0,0,0,0,0
2007-12-09 13:30:00+00:00,30,12,13,203.00999450683594,327.35247802734375,0,0,0,0,0,0,0,0,0,0,0,0,0,0,1,1,1,0,0,0,0,0,0,0,0
2007-12-09 13:30:00+00:00,30,12,13,,73.37167358398438,0,0,0,0,0,0,0,0,0,0,0,0,0,0,0,0,0,0,0,0,0,0,0,0,0
2007-12-09 13:30:00+00:00,30,12,13,219.26304626464844,198.2225799560547,0,0,0,0,0,0,0,0,0,0,0,0,0,0,1,1,1,0,0,0,0,0,0,0,0
2007-12-09 13:30:00+00:00,30,12,13,120.04138946533203,108.93748474121094,0,0,0,0,0,0,0,0,0,0,0,1,1,1,1,1,1,0,0,0,0,0,0,0,0
2007-12-09 13:30:00+00:00,30,12,13,351.8010559082031,364.4254455566406,0,0,0,0,0,0,0,0,0,0,0,0,0,0,0,0,0,0,0,0,0,0,0,0,0
2007-12-09 13:45:00+00:00,30,12,13,113.0247573852539,95.65982818603516,0,0,0,0,0,0,0,0,0,0,1,1,1,1,1,1,1,0,0,0,0,0,0,0,0
2007-12-09 13:45:00+00:00,30,12,13,32.674766540527344,40.59699249267578,0,0,0,0,0,1,1,1,1,1,1,1,1,1,1,1,1,0,0,0,0,0,0,1,1
2007-12-09 13:45:00+00:00,30,12,13,245.06170654296875,350.4191589355469,0,0,0,0,0,0,0,0,0,0,0,0,0,0,1,1,1,0,0,0,0,0,0,0,0
2007-12-09 13:45:00+00:00,30,12,13,256.1142578125,253.15185546875,0,0,0,0,0,0,0,0,0,0,0,0,0,0,0,1,1,0,0,0,0,0,0,0,0
2007-12-09 13:45:00+00:00,30,12,13,122.83548736572266,,0,0,0,0,0,0,0,0,0,0,0,1,1,1,1,1,1,0,0,0,0,0,0,0,0
2007-12-09 13:45:00+00:00,30,12,13,115.32584381103516,,0,0,0,0,0,0,0,0,0,0,1,1,1,1,1,1,1,0,0,0,0,0,0,0,0
2007-12-09 13:45:00+00:00,30,12,13,,367.22247314453125,0,0,0,0,0,0,0,0,0,0,0,0,0,0,0,0,0,0,0,0,0,0,0,0,0
2007-12-09 13:45:00+00:00,30,12,13,249.22515869140625,211.1718292236328,0,0,0,0,0,0,0,0,0,0,0,0,0,0,1,1,1,0,0,0,0,0,0,0,0
2007-12-09 13:45:00+00:00,30,12,13,126.50862121582031,376.3568420410156,0,0,0,0,0,0,0,0,0,0,0,1,1,1,1,1,1,0,0,0,0,0,0,0,0
2007-12-09 13:45:00+00:00,30,12,13,199.8749542236328,278.54400634765625,0,0,0,0,0,0,0,0,0,0,0,0,0,1,1,1,1,0,0,0,0,0,0,0,0
2007-12-09 13:45:00+00:00,30,12,13,107.89035034179688,101.30384063720703,0,0,0,0,0,0,0,0,0,0,1,1,1,1,1,1,1,0,0,0,0,0,0,0,0
2007-12-09 13:45:00+00:00,30,12,13,117.3250961303711,117.76300048828125,0,0,0,0,0,0,0,0,0,0,1,1,1,1,1,1,1,0,0,0,0,0,0,0,0
2007-12-09 13:45:00+00:00,30,12,13,321.0932312011719,,0,0,0,0,0,0,0,0,0,0,0,0,0,0,0,0,1,0,0,0,0,0,0,0,0
2007-12-09 13:45:00+00:00,30,12,13,457.2455749511719,440.3338317871094,0,0,0,0,0,0,0,0,0,0,0,0,0,0,0,0,0,0,0,0,0,0,0,0,0
2007-12-09 13:45:00+00:00,30,12,13,,,0,0,0,0,0,0,0,0,0,0,0,0,0,0,0,0,0,0,0,0,0,0,0,0,0
2007-12-09 14:00:00+00:00,30,12,14,186.63233947753906,190.83311462402344,0,0,0,0,0,0,0,0,0,0,0,0,0,1,1,1,1,0,0,0,0,0,0,0,0
2007-12-09 14:00:00+00:00,30,12,14,248.84347534179688,136.09414672851562,0,0,0,0,0,0,0,0,0,0,0,0,0,0,1,1,1,0,0,0,0,0,0,0,0
2007-12-09 14:00:00+00:00,30,12,14,108.59031677246094,0.0,0,0,0,0,0,0,0,0,0,0,1,1,1,1,1,1,1,1,1,1,1,1,1,1,1
2007-12-09 14:00:00+00:00,30,12,14,78.45232391357422,15.100823402404785,0,0,0,0,0,0,0,0,1,1,1,1,1,1,1,1,1,0,0,1,1,1,1,1,1
2007-12-09 14:00:00+00:00,30,12,14,160.56243896484375,305.9130859375,0,0,0,0,0,0,0,0,0,0,0,0,1,1,1,1,1,0,0,0,0,0,0,0,0
2007-12-09 14:00:00+00:00,30,12,14,86.0044937133789,343.4807434082031,0,0,0,0,0,0,0,0,0,1,1,1,1,1,1,1,1,0,0,0,0,0,0,0,0
2007-12-09 14:00:00+00:00,30,12,14,127.3008041381836,115.16942596435547,0,0,0,0,0,0,0,0,0,0,0,1,1,1,1,1,1,0,0,0,0,0,0,0,0
2007-12-09 14:00:00+00:00,30,12,14,201.2121124267578,88.24825286865234,0,0,0,0,0,0,0,0,0,0,0,0,0,0,1,1,1,0,0,0,0,0,0,0,0
2007-12-09 14:15:00+00:00,30,12,14,32.05158233642578,10.247475624084473,0,0,0,0,0,1,1,1,1,1,1,1,1,1,1,1,1,0,1,1,1,1,1,1,1
2007-12-09 14:15:00+00:00,30,12,14,69.14481353759766,63.74195098876953,0,0,0,0,0,0,0,0,1,1,1,1,1,1,1,1,1,0,0,0,0,0,0,0,0
2007-12-09 14:15:00+00:00,30,12,14,181.40286254882812,166.8277130126953,0,0,0,0,0,0,0,0,0,0,0,0,0,1,1,1,1,0,0,0,0,0,0,0,0
2007-12-09 14:15:00+00:00,30,12,14,309.2872619628906,304.8465881347656,0,0,0,0,0,0,0,0,0,0,0,0,0,0,0,0,1,0,0,0,0,0,0,0,0
2007-12-09 14:15:00+00:00,30,12,14,439.6304931640625,421.3587341308594,0,0,0,0,0,0,0,0,0,0,0,0,0,0,0,0,0,0,0,0,0,0,0,0,0
2007-12-09 14:15:00+00:00,30,12,14,335.281005859375,154.17835998535156,0,0,0,0,0,0,0,0,0,0,0,0,0,0,0,0,1,0,0,0,0,0,0,0,0
2007-12-09 14:15:00+00:00,30,12,14,84.2757339477539,92.24307250976562,0,0,0,0,0,0,0,0,0,1,1,1,1,1,1,1,1,0,0,0,0,0,0,0,0
2007-12-09 14:15:00+00:00,30,12,14,,,0,0,0,0,0,0,0,0,0,0,0,0,0,0,0,0,0,0,0,0,0,0,0,0,0
2007-12-09 14:30:00+00:00,30,12,14,186.4591522216797,173.1954803466797,0,0,0,0,0,0,0,0,0,0,0,0,0,1,1,1,1,0,0,0,0,0,0,0,0
2007-12-09 14:30:00+00:00,30,12,14,96.76334381103516,80.83914184570312,0,0,0,0,0,0,0,0,0,1,1,1,1,1,1,1,1,0,0,0,0,0,0,0,0
2007-12-09 14:30:00+00:00,30,12,14,83.67688751220703,58.104225158691406,0,0,0,0,0,0,0,0,0,1,1,1,1,1,1,1,1,0,0,0,0,0,0,0,1
2007-12-09 14:30:00+00:00,30,12,14,443.4986877441406,,0,0,0,0,0,0,0,0,0,0,0,0,0,0,0,0,0,0,0,0,0,0,0,0,0
2007-12-09 14:30:00+00:00,30,12,14,165.7394561767578,155.69464111328125,0,0,0,0,0,0,0,0,0,0,0,0,1,1,1,1,1,0,0,0,0,0,0,0,0
2007-12-09 14:30:00+00:00,30,12,14,154.7509307861328,153.40628051757812,0,0,0,0,0,0,0,0,0,0,0,0,1,1,1,1,1,0,0,0,0,0,0,0,0
2007-12-09 14:45:00+00:00,30,12,14,236.50103759765625,213.3602294921875,0,0,0,0,0,0,0,0,0,0,0,0,0,0,1,1,1,0,0,0,0,0,0,0,0
2007-12-09 14:45:00+00:00,30,12,14,97.11414337158203,91.91703796386719,0,0,0,0,0,0,0,0,0,1,1,1,1,1,1,1,1,0,0,0,0,0,0,0,0
2007-12-09 14:45:00+00:00,30,12,14,83.14358520507812,77.68505859375,0,0,0,0,0,0,0,0,0,1,1,1,1,1,1,1,1,0,0,0,0,0,0,0,0
2007-12-09 14:45:00+00:00,30,12,14,98.32171630859375,346.322509765625,0,0,0,0,0,0,0,0,0,1,1,1,1,1,1,1,1,0,0,0,0,0,0,0,0
2007-12-09 14:45:00+00:00,30,12,14,181.92919921875,104.49576568603516,0,0,0,0,0,0,0,0,0,0,0,0,0,1,1,1,1,0,0,0,0,0,0,0,0
2007-12-09 14:45:00+00:00,30,12,14,551.7589111328125,396.4508361816406,0,0,0,0,0,0,0,0,0,0,0,0,0,0,0,0,0,0,0,0,0,0,0,0,0
2007-12-09 14:45:00+00:00,30,12,14,360.0542297363281,366.2228088378906,0,0,0,0,0,0,0,0,0,0,0,0,0,0,0,0,0,0,0,0,0,0,0,0,0
2007-12-09 14:45:00+00:00,30,12,14,454.023681640625,292.896728515625,0,0,0,0,0,0,0,0,0,0,0,0,0,0,0,0,0,0,0,0,0,0,0,0,0
2007-12-09 14:45:00+00:00,30,12,14,112.352294921875,106.1270751953125,0,0,0,0,0,0,0,0,0,0,1,1,1,1,1,1,1,0,0,0,0,0,0,0,0
2007-12-09 14:45:00+00:00,30,12,14,94.93048858642578,100.05166625976562,0,0,0,0,0,0,0,0,0,1,1,1,1,1,1,1,1,0,0,0,0,0,0,0,0
2007-12-09 14:45:00+00:00,30,12,14,154.3779754638672,89.94628143310547,0,0,0,0,0,0,0,0,0,0,0,0,1,1,1,1,1,0,0,0,0,0,0,0,0
2007-12-09 14:45:00+00:00,30,12,14,373.4432067871094,378.71588134765625,0,0,0,0,0,0,0,0,0,0,0,0,0,0,0,0,0,0,0,0,0,0,0,0,0
2007-12-09 15:00:00+00:00,30,12,15,,,0,0,0,0,0,0,0,0,0,0,0,0,0,0,0,0,0,0,0,0,0,0,0,0,0
2007-12-09 15:00:00+00:00,30,12,15,196.56759643554688,262.7997741699219,0,0,0,0,0,0,0,0,0,0,0,0,0,1,1,1,1,0,0,0,0,0,0,0,0
2007-12-09 15:00:00+00:00,30,12,15,120.49402618408203,120.2654037475586,0,0,0,0,0,0,0,0,0,0,0,1,1,1,1,1,1,0,0,0,0,0,0,0,0
2007-12-09 15:00:00+00:00,30,12,15,186.9658660888672,153.7034454345703,0,0,0,0,0,0,0,0,0,0,0,0,0,1,1,1,1,0,0,0,0,0,0,0,0
2007-12-09 15:00:00+00:00,30,12,15,102.72715759277344,83.74268341064453,0,0,0,0,0,0,0,0,0,0,1,1,1,1,1,1,1,0,0,0,0,0,0,0,0
2007-12-09 15:00:00+00:00,30,12,15,137.7901611328125,66.63157653808594,0,0,0,0,0,0,0,0,0,0,0,1,1,1,1,1,1,0,0,0,0,0,0,0,0
2007-12-09 15:00:00+00:00,30,12,15,256.940185546875,73.09329986572266,0,0,0,0,0,0,0,0,0,0,0,0,0,0,0,1,1,0,0,0,0,0,0,0,0
2007-12-09 15:00:00+00:00,30,12,15,187.97377014160156,196.74884033203125,0,0,0,0,0,0,0,0,0,0,0,0,0,1,1,1,1,0,0,0,0,0,0,0,0
2007-12-09 15:00:00+00:00,30,12,15,210.40499877929688,225.65699768066406,0,0,0,0,0,0,0,0,0,0,0,0,0,0,1,1,1,0,0,0,0,0,0,0,0
2007-12-09 15:15:00+00:00,30,12,15,,,0,0,0,0,0,0,0,0,0,0,0,0,0,0,0,0,0,0,0,0,0,0,0,0,0
2007-12-09 15:15:00+00:00,30,12,15,94.91122436523438,93.6147689819336,0,0,0,0,0,0,0,0,0,1,1,1,1,1,1,1,1,0,0,0,0,0,0,0,0
2007-12-09 15:15:00+00:00,30,12,15,124.19551086425781,229.75694274902344,0,0,0,0,0,0,0,0,0,0,0,1,1,1,1,1,1,0,0,0,0,0,0,0,0
2007-12-09 15:15:00+00:00,30,12,15,81.348388671875,77.62834167480469,0,0,0,0,0,0,0,0,0,1,1,1,1,1,1,1,1,0,0,0,0,0,0,0,0
2007-12-09 15:15:00+00:00,30,12,15,,,0,0,0,0,0,0,0,0,0,0,0,0,0,0,0,0,0,0,0,0,0,0,0,0,0
2007-12-09 15:15:00+00:00,30,12,15,207.279052734375,323.64794921875,0,0,0,0,0,0,0,0,0,0,0,0,0,0,1,1,1,0,0,0,0,0,0,0,0
2007-12-09 15:15:00+00:00,30,12,15,119.92037963867188,136.33065795898438,0,0,0,0,0,0,0,0,0,0,1,1,1,1,1,1,1,0,0,0,0,0,0,0,0
2007-12-09 15:15:00+00:00,30,12,15,,,0,0,0,0,0,0,0,0,0,0,0,0,0,0,0,0,0,0,0,0,0,0,0,0,0
2007-12-09 15:30:00+00:00,30,12,15,,,0,0,0,0,0,0,0,0,0,0,0,0,0,0,0,0,0,0,0,0,0,0,0,0,0
2007-12-09 15:30:00+00:00,30,12,15,95.56314086914062,96.84735107421875,0,0,0,0,0,0,0,0,0,1,1,1,1,1,1,1,1,0,0,0,0,0,0,0,0
2007-12-09 15:30:00+00:00,30,12,15,143.4333038330078,153.73394775390625,0,0,0,0,0,0,0,0,0,0,0,1,1,1,1,1,1,0,0,0,0,0,0,0,0
2007-12-09 15:30:00+00:00,30,12,15,248.11802673339844,262.1865234375,0,0,0,0,0,0,0,0,0,0,0,0,0,0,1,1,1,0,0,0,0,0,0,0,0
2007-12-09 15:30:00+00:00,30,12,15,219.3142547607422,214.76254272460938,0,0,0,0,0,0,0,0,0,0,0,0,0,0,1,1,1,0,0,0,0,0,0,0,0
2007-12-09 15:30:00+00:00,30,12,15,447.8847961425781,456.729248046875,0,0,0,0,0,0,0,0,0,0,0,0,0,0,0,0,0,0,0,0,0,0,0,0,0
2007-12-09 15:30:00+00:00,30,12,15,487.11077880859375,526.5549926757812,0,0,0,0,0,0,0,0,0,0,0,0,0,0,0,0,0,0,0,0,0,0,0,0,0
2007-12-09 15:45:00+00:00,30,12,15,,,0,0,0,0,0,0,0,0,0,0,0,0,0,0,0,0,0,0,0,0,0,0,0,0,0
2007-12-09 15:45:00+00:00,30,12,15,,,0,0,0,0,0,0,0,0,0,0,0,0,0,0,0,0,0,0,0,0,0,0,0,0,0
2007-12-09 15:45:00+00:00,30,12,15,102.97454071044922,101.28287506103516,0,0,0,0,0,0,0,0,0,0,1,1,1,1,1,1,1,0,0,0,0,0,0,0,0
2007-12-09 15:45:00+00:00,30,12,15,107.09013366699219,104.5158920288086,0,0,0,0,0,0,0,0,0,0,1,1,1,1,1,1,1,0,0,0,0,0,0,0,0
2007-12-09 15:45:00+00:00,30,12,15,299.2913818359375,330.7026062011719,0,0,0,0,0,0,0,0,0,0,0,0,0,0,0,1,1,0,0,0,0,0,0,0,0
2007-12-09 16:00:00+00:00,30,12,16,107.50305938720703,104.44661712646484,0,0,0,0,0,0,0,0,0,0,1,1,1,1,1,1,1,0,0,0,0,0,0,0,0
2007-12-09 16:00:00+00:00,30,12,16,113.95111083984375,112.30604553222656,0,0,0,0,0,0,0,0,0,0,1,1,1,1,1,1,1,0,0,0,0,0,0,0,0
2007-12-09 16:00:00+00:00,30,12,16,190.4232635498047,209.8708953857422,0,0,0,0,0,0,0,0,0,0,0,0,0,1,1,1,1,0,0,0,0,0,0,0,0
2007-12-09 16:00:00+00:00,30,12,16,278.66851806640625,302.75067138671875,0,0,0,0,0,0,0,0,0,0,0,0,0,0,0,1,1,0,0,0,0,0,0,0,0
2007-12-09 16:00:00+00:00,30,12,16,110.57401275634766,140.89149475097656,0,0,0,0,0,0,0,0,0,0,1,1,1,1,1,1,1,0,0,0,0,0,0,0,0
2007-12-09 16:00:00+00:00,30,12,16,464.7225646972656,511.15655517578125,0,0,0,0,0,0,0,0,0,0,0,0,0,0,0,0,0,0,0,0,0,0,0,0,0
2007-12-09 16:00:00+00:00,30,12,16,,0.0,0,0,0,0,0,0,0,0,0,0,0,0,0,0,0,0,0,1,1,1,1,1,1,1,1
2007-12-09 16:15:00+00:00,30,12,16,162.35525512695312,168.6803741455078,0,0,0,0,0,0,0,0,0,0,0,0,1,1,1,1,1,0,0,0,0,0,0,0,0
2007-12-09 16:15:00+00:00,30,12,16,173.9940185546875,151.59124755859375,0,0,0,0,0,0,0,0,0,0,0,0,1,1,1,1,1,0,0,0,0,0,0,0,0
2007-12-09 16:15:00+00:00,30,12,16,366.06134033203125,467.0674743652344,0,0,0,0,0,0,0,0,0,0,0,0,0,0,0,0,0,0,0,0,0,0,0,0,0
2007-12-09 16:15:00+00:00,30,12,16,36.059417724609375,99.35558319091797,0,0,0,0,0,1,1,1,1,1,1,1,1,1,1,1,1,0,0,0,0,0,0,0,0
2007-12-09 16:15:00+00:00,30,12,16,,41.966426849365234,0,0,0,0,0,0,0,0,0,0,0,0,0,0,0,0,0,0,0,0,0,0,0,1,1
2007-12-09 16:15:00+00:00,30,12,16,,,0,0,0,0,0,0,0,0,0,0,0,0,0,0,0,0,0,0,0,0,0,0,0,0,0
2007-12-09 16:30:00+00:00,30,12,16,168.0597381591797,165.8385467529297,0,0,0,0,0,0,0,0,0,0,0,0,1,1,1,1,1,0,0,0,0,0,0,0,0
2007-12-09 16:30:00+00:00,30,12,16,335.79473876953125,302.9888610839844,0,0,0,0,0,0,0,0,0,0,0,0,0,0,0,0,1,0,0,0,0,0,0,0,0
2007-12-09 16:30:00+00:00,30,12,16,267.57794189453125,235.63760375976562,0,0,0,0,0,0,0,0,0,0,0,0,0,0,0,1,1,0,0,0,0,0,0,0,0
2007-12-09 16:30:00+00:00,30,12,16,250.8586883544922,268.3139343261719,0,0,0,0,0,0,0,0,0,0,0,0,0,0,0,1,1,0,0,0,0,0,0,0,0
2007-12-09 16:45:00+00:00,30,12,16,152.32518005371094,100.77407836914062,0,0,0,0,0,0,0,0,0,0,0,0,1,1,1,1,1,0,0,0,0,0,0,0,0
2007-12-09 16:45:00+00:00,30,12,16,394.9840393066406,380.6096496582031,0,0,0,0,0,0,0,0,0,0,0,0,0,0,0,0,0,0,0,0,0,0,0,0,0
2007-12-09 17:00:00+00:00,30,12,17,161.36016845703125,190.7291717529297,0,0,0,0,0,0,0,0,0,0,0,0,1,1,1,1,1,0,0,0,0,0,0,0,0
2007-12-09 17:15:00+00:00,30,12,17,305.9916076660156,383.5158996582031,0,0,0,0,0,0,0,0,0,0,0,0,0,0,0,0,1,0,0,0,0,0,0,0,0
2007-12-09 17:15:00+00:00,30,12,17,388.4232482910156,392.7671203613281,0,0,0,0,0,0,0,0,0,0,0,0,0,0,0,0,0,0,0,0,0,0,0,0,0
2007-12-09 17:15:00+00:00,30,12,17,,,0,0,0,0,0,0,0,0,0,0,0,0,0,0,0,0,0,0,0,0,0,0,0,0,0
2007-12-09 17:30:00+00:00,30,12,17,142.2888641357422,132.3520965576172,0,0,0,0,0,0,0,0,0,0,0,1,1,1,1,1,1,0,0,0,0,0,0,0,0
2007-12-09 17:30:00+00:00,30,12,17,403.2192687988281,402.1502990722656,0,0,0,0,0,0,0,0,0,0,0,0,0,0,0,0,0,0,0,0,0,0,0,0,0
2007-12-09 17:45:00+00:00,30,12,17,314.8579406738281,338.3997802734375,0,0,0,0,0,0,0,0,0,0,0,0,0,0,0,0,1,0,0,0,0,0,0,0,0
2007-12-09 17:45:00+00:00,30,12,17,420.1471252441406,437.0005187988281,0,0,0,0,0,0,0,0,0,0,0,0,0,0,0,0,0,0,0,0,0,0,0,0,0
2007-12-09 17:45:00+00:00,30,12,17,149.8556365966797,39.794803619384766,0,0,0,0,0,0,0,0,0,0,0,1,1,1,1,1,1,0,0,0,0,0,1,1,1
2007-12-10 10:00:00+00:00,30,12,10,171.68080139160156,52.95283126831055,0,0,0,0,0,0,0,0,0,0,0,0,1,1,1,1,1,0,0,0,0,0,0,0,1
2007-12-10 10:00:00+00:00,30,12,10,111.60262298583984,57.80219268798828,0,0,0,0,0,0,0,0,0,0,1,1,1,1,1,1,1,0,0,0,0,0,0,0,1
2007-12-10 10:00:00+00:00,30,12,10,,386.76336669921875,0,0,0,0,0,0,0,0,0,0,0,0,0,0,0,0,0,0,0,0,0,0,0,0,0
2007-12-10 10:00:00+00:00,30,12,10,238.4768524169922,232.1095428466797,0,0,0,0,0,0,0,0,0,0,0,0,0,0,1,1,1,0,0,0,0,0,0,0,0
2007-12-10 10:00:00+00:00,30,12,10,207.9510040283203,201.3954315185547,0,0,0,0,0,0,0,0,0,0,0,0,0,0,1,1,1,0,0,0,0,0,0,0,0
2007-12-10 10:00:00+00:00,30,12,10,259.4559020996094,252.99652099609375,0,0,0,0,0,0,0,0,0,0,0,0,0,0,0,1,1,0,0,0,0,0,0,0,0
2007-12-10 10:00:00+00:00,30,12,10,281.12640380859375,251.87962341308594,0,0,0,0,0,0,0,0,0,0,0,0,0,0,0,1,1,0,0,0,0,0,0,0,0
2007-12-10 10:00:00+00:00,30,12,10,222.28746032714844,218.81971740722656,0,0,0,0,0,0,0,0,0,0,0,0,0,0,1,1,1,0,0,0,0,0,0,0,0
2007-12-10 10:00:00+00:00,30,12,10,438.15185546875,15.004741668701172,0,0,0,0,0,0,0,0,0,0,0,0,0,0,0,0,0,0,0,1,1,1,1,1,1
2007-12-10 10:00:00+00:00,30,12,10,,168.96632385253906,0,0,0,0,0,0,0,0,0,0,0,0,0,0,0,0,0,0,0,0,0,0,0,0,0
2007-12-10 10:00:00+00:00,30,12,10,514.5271606445312,240.0364990234375,0,0,0,0,0,0,0,0,0,0,0,0,0,0,0,0,0,0,0,0,0,0,0,0,0
2007-12-10 10:00:00+00:00,30,12,10,,,0,0,0,0,0,0,0,0,0,0,0,0,0,0,0,0,0,0,0,0,0,0,0,0,0
2007-12-10 10:00:00+00:00,30,12,10,,200.02212524414062,0,0,0,0,0,0,0,0,0,0,0,0,0,0,0,0,0,0,0,0,0,0,0,0,0
2007-12-10 10:00:00+00:00,30,12,10,,85.12271118164062,0,0,0,0,0,0,0,0,0,0,0,0,0,0,0,0,0,0,0,0,0,0,0,0,0
2007-12-10 10:00:00+00:00,30,12,10,,408.2856140136719,0,0,0,0,0,0,0,0,0,0,0,0,0,0,0,0,0,0,0,0,0,0,0,0,0
2007-12-10 10:00:00+00:00,30,12,10,,,0,0,0,0,0,0,0,0,0,0,0,0,0,0,0,0,0,0,0,0,0,0,0,0,0
2007-12-10 10:00:00+00:00,30,12,10,,141.1051788330078,0,0,0,0,0,0,0,0,0,0,0,0,0,0,0,0,0,0,0,0,0,0,0,0,0
2007-12-10 10:00:00+00:00,30,12,10,,320.49835205078125,0,0,0,0,0,0,0,0,0,0,0,0,0,0,0,0,0,0,0,0,0,0,0,0,0
2007-12-10 10:00:00+00:00,30,12,10,,,0,0,0,0,0,0,0,0,0,0,0,0,0,0,0,0,0,0,0,0,0,0,0,0,0
2007-12-10 10:00:00+00:00,30,12,10,,,0,0,0,0,0,0,0,0,0,0,0,0,0,0,0,0,0,0,0,0,0,0,0,0,0
2007-12-10 10:00:00+00:00,30,12,10,,,0,0,0,0,0,0,0,0,0,0,0,0,0,0,0,0,0,0,0,0,0,0,0,0,0
2007-12-10 10:00:00+00:00,30,12,10,,,0,0,0,0,0,0,0,0,0,0,0,0,0,0,0,0,0,0,0,0,0,0,0,0,0
2007-12-10 10:00:00+00:00,30,12,10,,,0,0,0,0,0,0,0,0,0,0,0,0,0,0,0,0,0,0,0,0,0,0,0,0,0
2007-12-10 10:00:00+00:00,30,12,10,,490.2096252441406,0,0,0,0,0,0,0,0,0,0,0,0,0,0,0,0,0,0,0,0,0,0,0,0,0
2007-12-10 10:00:00+00:00,30,12,10,,,0,0,0,0,0,0,0,0,0,0,0,0,0,0,0,0,0,0,0,0,0,0,0,0,0
2007-12-10 10:00:00+00:00,30,12,10,,493.5755310058594,0,0,0,0,0,0,0,0,0,0,0,0,0,0,0,0,0,0,0,0,0,0,0,0,0
2007-12-10 10:15:00+00:00,30,12,10,,,0,0,0,0,0,0,0,0,0,0,0,0,0,0,0,0,0,0,0,0,0,0,0,0,0
2007-12-10 10:15:00+00:00,30,12,10,,,0,0,0,0,0,0,0,0,0,0,0,0,0,0,0,0,0,0,0,0,0,0,0,0,0
2007-12-10 10:15:00+00:00,30,12,10,94.62598419189453,89.27729797363281,0,0,0,0,0,0,0,0,0,1,1,1,1,1,1,1,1,0,0,0,0,0,0,0,0
2007-12-10 10:15:00+00:00,30,12,10,191.15965270996094,164.85198974609375,0,0,0,0,0,0,0,0,0,0,0,0,0,1,1,1,1,0,0,0,0,0,0,0,0
2007-12-10 10:15:00+00:00,30,12,10,,169.95834350585938,0,0,0,0,0,0,0,0,0,0,0,0,0,0,0,0,0,0,0,0,0,0,0,0,0
2007-12-10 10:15:00+00:00,30,12,10,,,0,0,0,0,0,0,0,0,0,0,0,0,0,0,0,0,0,0,0,0,0,0,0,0,0
2007-12-10 10:15:00+00:00,30,12,10,,,0,0,0,0,0,0,0,0,0,0,0,0,0,0,0,0,0,0,0,0,0,0,0,0,0
2007-12-10 10:15:00+00:00,30,12,10,,,0,0,0,0,0,0,0,0,0,0,0,0,0,0,0,0,0,0,0,0,0,0,0,0,0
2007-12-10 10:15:00+00:00,30,12,10,,,0,0,0,0,0,0,0,0,0,0,0,0,0,0,0,0,0,0,0,0,0,0,0,0,0
2007-12-10 10:15:00+00:00,30,12,10,432.5423889160156,434.6941223144531,0,0,0,0,0,0,0,0,0,0,0,0,0,0,0,0,0,0,0,0,0,0,0,0,0
2007-12-10 10:15:00+00:00,30,12,10,172.99267578125,157.80503845214844,0,0,0,0,0,0,0,0,0,0,0,0,1,1,1,1,1,0,0,0,0,0,0,0,0
2007-12-10 10:15:00+00:00,30,12,10,184.95794677734375,185.4413604736328,0,0,0,0,0,0,0,0,0,0,0,0,0,1,1,1,1,0,0,0,0,0,0,0,0
2007-12-10 10:15:00+00:00,30,12,10,370.3514709472656,344.25677490234375,0,0,0,0,0,0,0,0,0,0,0,0,0,0,0,0,0,0,0,0,0,0,0,0,0
2007-12-10 10:15:00+00:00,30,12,10,152.13870239257812,187.73583984375,0,0,0,0,0,0,0,0,0,0,0,0,1,1,1,1,1,0,0,0,0,0,0,0,0
2007-12-10 10:15:00+00:00,30,12,10,134.96987915039062,124.57337188720703,0,0,0,0,0,0,0,0,0,0,0,1,1,1,1,1,1,0,0,0,0,0,0,0,0
2007-12-10 10:15:00+00:00,30,12,10,,598.4808349609375,0,0,0,0,0,0,0,0,0,0,0,0,0,0,0,0,0,0,0,0,0,0,0,0,0
2007-12-10 10:15:00+00:00,30,12,10,270.7427673339844,276.699462890625,0,0,0,0,0,0,0,0,0,0,0,0,0,0,0,1,1,0,0,0,0,0,0,0,0
2007-12-10 10:15:00+00:00,30,12,10,,,0,0,0,0,0,0,0,0,0,0,0,0,0,0,0,0,0,0,0,0,0,0,0,0,0
2007-12-10 10:15:00+00:00,30,12,10,,584.5703125,0,0,0,0,0,0,0,0,0,0,0,0,0,0,0,0,0,0,0,0,0,0,0,0,0
2007-12-10 10:15:00+00:00,30,12,10,441.495361328125,159.60260009765625,0,0,0,0,0,0,0,0,0,0,0,0,0,0,0,0,0,0,0,0,0,0,0,0,0
2007-12-10 10:15:00+00:00,30,12,10,412.30645751953125,384.3919677734375,0,0,0,0,0,0,0,0,0,0,0,0,0,0,0,0,0,0,0,0,0,0,0,0,0
2007-12-10 10:15:00+00:00,30,12,10,444.3294372558594,416.3076477050781,0,0,0,0,0,0,0,0,0,0,0,0,0,0,0,0,0,0,0,0,0,0,0,0,0
2007-12-10 10:15:00+00:00,30,12,10,,,0,0,0,0,0,0,0,0,0,0,0,0,0,0,0,0,0,0,0,0,0,0,0,0,0
2007-12-10 10:30:00+00:00,30,12,10,,,0,0,0,0,0,0,0,0,0,0,0,0,0,0,0,0,0,0,0,0,0,0,0,0,0
2007-12-10 10:30:00+00:00,30,12,10,,,0,0,0,0,0,0,0,0,0,0,0,0,0,0,0,0,0,0,0,0,0,0,0,0,0
2007-12-10 10:30:00+00:00,30,12,10,,,0,0,0,0,0,0,0,0,0,0,0,0,0,0,0,0,0,0,0,0,0,0,0,0,0
2007-12-10 10:30:00+00:00,30,12,10,,,0,0,0,0,0,0,0,0,0,0,0,0,0,0,0,0,0,0,0,0,0,0,0,0,0
2007-12-10 10:30:00+00:00,30,12,10,,,0,0,0,0,0,0,0,0,0,0,0,0,0,0,0,0,0,0,0,0,0,0,0,0,0
2007-12-10 10:30:00+00:00,30,12,10,301.3097229003906,297.68829345703125,0,0,0,0,0,0,0,0,0,0,0,0,0,0,0,0,1,0,0,0,0,0,0,0,0
2007-12-10 10:30:00+00:00,30,12,10,109.64317321777344,171.85626220703125,0,0,0,0,0,0,0,0,0,0,1,1,1,1,1,1,1,0,0,0,0,0,0,0,0
2007-12-10 10:30:00+00:00,30,12,10,219.72642517089844,61.84918975830078,0,0,0,0,0,0,0,0,0,0,0,0,0,0,1,1,1,0,0,0,0,0,0,0,0
2007-12-10 10:30:00+00:00,30,12,10,219.2001190185547,216.36839294433594,0,0,0,0,0,0,0,0,0,0,0,0,0,0,1,1,1,0,0,0,0,0,0,0,0
2007-12-10 10:30:00+00:00,30,12,10,38.32225036621094,30.307828903198242,0,0,0,0,0,1,1,1,1,1,1,1,1,1,1,1,1,0,0,0,0,0,1,1,1
2007-12-10 10:30:00+00:00,30,12,10,216.2928924560547,200.7891082763672,0,0,0,0,0,0,0,0,0,0,0,0,0,0,1,1,1,0,0,0,0,0,0,0,0
2007-12-10 10:30:00+00:00,30,12,10,214.24122619628906,209.60574340820312,0,0,0,0,0,0,0,0,0,0,0,0,0,0,1,1,1,0,0,0,0,0,0,0,0
2007-12-10 10:30:00+00:00,30,12,10,351.175537109375,182.3062286376953,0,0,0,0,0,0,0,0,0,0,0,0,0,0,0,0,0,0,0,0,0,0,0,0,0
2007-12-10 10:30:00+00:00,30,12,10,,,0,0,0,0,0,0,0,0,0,0,0,0,0,0,0,0,0,0,0,0,0,0,0,0,0
2007-12-10 10:30:00+00:00,30,12,10,363.8227844238281,292.8054504394531,0,0,0,0,0,0,0,0,0,0,0,0,0,0,0,0,0,0,0,0,0,0,0,0,0
2007-12-10 10:30:00+00:00,30,12,10,375.8240051269531,353.390869140625,0,0,0,0,0,0,0,0,0,0,0,0,0,0,0,0,0,0,0,0,0,0,0,0,0
2007-12-10 10:30:00+00:00,30,12,10,386.06536865234375,372.78155517578125,0,0,0,0,0,0,0,0,0,0,0,0,0,0,0,0,0,0,0,0,0,0,0,0,0
2007-12-10 10:30:00+00:00,30,12,10,356.58270263671875,232.76528930664062,0,0,0,0,0,0,0,0,0,0,0,0,0,0,0,0,0,0,0,0,0,0,0,0,0
2007-12-10 10:30:00+00:00,30,12,10,,224.37188720703125,0,0,0,0,0,0,0,0,0,0,0,0,0,0,0,0,0,0,0,0,0,0,0,0,0
2007-12-10 10:30:00+00:00,30,12,10,,,0,0,0,0,0,0,0,0,0,0,0,0,0,0,0,0,0,0,0,0,0,0,0,0,0
2007-12-10 10:30:00+00:00,30,12,10,,,0,0,0,0,0,0,0,0,0,0,0,0,0,0,0,0,0,0,0,0,0,0,0,0,0
2007-12-10 10:30:00+00:00,30,12,10,131.24429321289062,106.79549407958984,0,0,0,0,0,0,0,0,0,0,0,1,1,1,1,1,1,0,0,0,0,0,0,0,0
2007-12-10 10:30:00+00:00,30,12,10,76.30671691894531,59.6256103515625,0,0,0,0,0,0,0,0,1,1,1,1,1,1,1,1,1,0,0,0,0,0,0,0,1
2007-12-10 10:30:00+00:00,30,12,10,,185.13063049316406,0,0,0,0,0,0,0,0,0,0,0,0,0,0,0,0,0,0,0,0,0,0,0,0,0
2007-12-10 10:30:00+00:00,30,12,10,260.7791748046875,177.2170867919922,0,0,0,0,0,0,0,0,0,0,0,0,0,0,0,1,1,0,0,0,0,0,0,0,0
2007-12-10 10:45:00+00:00,30,12,10,,,0,0,0,0,0,0,0,0,0,0,0,0,0,0,0,0,0,0,0,0,0,0,0,0,0
2007-12-10 10:45:00+00:00,30,12,10,,,0,0,0,0,0,0,0,0,0,0,0,0,0,0,0,0,0,0,0,0,0,0,0,0,0
2007-12-10 10:45:00+00:00,30,12,10,,,0,0,0,0,0,0,0,0,0,0,0,0,0,0,0,0,0,0,0,0,0,0,0,0,0
2007-12-10 10:45:00+00:00,30,12,10,306.3320007324219,305.8407897949219,0,0,0,0,0,0,0,0,0,0,0,0,0,0,0,0,1,0,0,0,0,0,0,0,0
2007-12-10 10:45:00+00:00,30,12,10,205.62741088867188,214.32435607910156,0,0,0,0,0,0,0,0,0,0,0,0,0,0,1,1,1,0,0,0,0,0,0,0,0
2007-12-10 10:45:00+00:00,30,12,10,322.66162109375,89.86293029785156,0,0,0,0,0,0,0,0,0,0,0,0,0,0,0,0,1,0,0,0,0,0,0,0,0
2007-12-10 10:45:00+00:00,30,12,10,118.77242279052734,122.07794189453125,0,0,0,0,0,0,0,0,0,0,1,1,1,1,1,1,1,0,0,0,0,0,0,0,0
2007-12-10 10:45:00+00:00,30,12,10,47.064186096191406,55.43861389160156,0,0,0,0,0,0,1,1,1,1,1,1,1,1,1,1,1,0,0,0,0,0,0,0,1
2007-12-10 10:45:00+00:00,30,12,10,266.5303955078125,266.9862976074219,0,0,0,0,0,0,0,0,0,0,0,0,0,0,0,1,1,0,0,0,0,0,0,0,0
2007-12-10 10:45:00+00:00,30,12,10,89.2467269897461,81.31751251220703,0,0,0,0,0,0,0,0,0,1,1,1,1,1,1,1,1,0,0,0,0,0,0,0,0
2007-12-10 10:45:00+00:00,30,12,10,326.5303039550781,325.298583984375,0,0,0,0,0,0,0,0,0,0,0,0,0,0,0,0,1,0,0,0,0,0,0,0,0
2007-12-10 10:45:00+00:00,30,12,10,319.4015808105469,276.8503112792969,0,0,0,0,0,0,0,0,0,0,0,0,0,0,0,0,1,0,0,0,0,0,0,0,0
2007-12-10 10:45:00+00:00,30,12,10,174.2637176513672,142.42446899414062,0,0,0,0,0,0,0,0,0,0,0,0,1,1,1,1,1,0,0,0,0,0,0,0,0
2007-12-10 10:45:00+00:00,30,12,10,,,0,0,0,0,0,0,0,0,0,0,0,0,0,0,0,0,0,0,0,0,0,0,0,0,0
2007-12-10 10:45:00+00:00,30,12,10,,,0,0,0,0,0,0,0,0,0,0,0,0,0,0,0,0,0,0,0,0,0,0,0,0,0
2007-12-10 10:45:00+00:00,30,12,10,415.73504638671875,401.69256591796875,0,0,0,0,0,0,0,0,0,0,0,0,0,0,0,0,0,0,0,0,0,0,0,0,0
2007-12-10 10:45:00+00:00,30,12,10,110.01644897460938,83.99732971191406,0,0,0,0,0,0,0,0,0,0,1,1,1,1,1,1,1,0,0,0,0,0,0,0,0
2007-12-10 10:45:00+00:00,30,12,10,254.90562438964844,95.6438217163086,0,0,0,0,0,0,0,0,0,0,0,0,0,0,0,1,1,0,0,0,0,0,0,0,0
2007-12-10 10:45:00+00:00,30,12,10,,,0,0,0,0,0,0,0,0,0,0,0,0,0,0,0,0,0,0,0,0,0,0,0,0,0
2007-12-10 10:45:00+00:00,30,12,10,331.5090637207031,186.88429260253906,0,0,0,0,0,0,0,0,0,0,0,0,0,0,0,0,1,0,0,0,0,0,0,0,0
2007-12-10 10:45:00+00:00,30,12,10,,,0,0,0,0,0,0,0,0,0,0,0,0,0,0,0,0,0,0,0,0,0,0,0,0,0
2007-12-10 10:45:00+00:00,30,12,10,332.7915344238281,329.3787841796875,0,0,0,0,0,0,0,0,0,0,0,0,0,0,0,0,1,0,0,0,0,0,0,0,0
2007-12-10 10:45:00+00:00,30,12,10,,,0,0,0,0,0,0,0,0,0,0,0,0,0,0,0,0,0,0,0,0,0,0,0,0,0
2007-12-10 10:45:00+00:00,30,12,10,,,0,0,0,0,0,0,0,0,0,0,0,0,0,0,0,0,0,0,0,0,0,0,0,0,0
2007-12-10 10:45:00+00:00,30,12,10,429.62750244140625,348.742431640625,0,0,0,0,0,0,0,0,0,0,0,0,0,0,0,0,0,0,0,0,0,0,0,0,0
2007-12-10 10:45:00+00:00,30,12,10,,,0,0,0,0,0,0,0,0,0,0,0,0,0,0,0,0,0,0,0,0,0,0,0,0,0
2007-12-10 10:45:00+00:00,30,12,10,,167.28762817382812,0,0,0,0,0,0,0,0,0,0,0,0,0,0,0,0,0,0,0,0,0,0,0,0,0
2007-12-10 10:45:00+00:00,30,12,10,293.4696960449219,230.2682647705078,0,0,0,0,0,0,0,0,0,0,0,0,0,0,0,1,1,0,0,0,0,0,0,0,0
2007-12-10 10:45:00+00:00,30,12,10,77.0089111328125,107.58885955810547,0,0,0,0,0,0,0,0,1,1,1,1,1,1,1,1,1,0,0,0,0,0,0,0,0
2007-12-10 10:45:00+00:00,30,12,10,347.87738037109375,166.72824096679688,0,0,0,0,0,0,0,0,0,0,0,0,0,0,0,0,1,0,0,0,0,0,0,0,0
2007-12-10 10:45:00+00:00,30,12,10,,99.58939361572266,0,0,0,0,0,0,0,0,0,0,0,0,0,0,0,0,0,0,0,0,0,0,0,0,0
2007-12-10 10:45:00+00:00,30,12,10,,174.25218200683594,0,0,0,0,0,0,0,0,0,0,0,0,0,0,0,0,0,0,0,0,0,0,0,0,0
2007-12-10 10:45:00+00:00,30,12,10,395.0889587402344,161.60791015625,0,0,0,0,0,0,0,0,0,0,0,0,0,0,0,0,0,0,0,0,0,0,0,0,0
2007-12-10 11:00:00+00:00,30,12,11,,,0,0,0,0,0,0,0,0,0,0,0,0,0,0,0,0,0,0,0,0,0,0,0,0,0
2007-12-10 11:00:00+00:00,30,12,11,,,0,0,0,0,0,0,0,0,0,0,0,0,0,0,0,0,0,0,0,0,0,0,0,0,0
2007-12-10 11:00:00+00:00,30,12,11,310.28082275390625,230.68344116210938,0,0,0,0,0,0,0,0,0,0,0,0,0,0,0,0,1,0,0,0,0,0,0,0,0
2007-12-10 11:00:00+00:00,30,12,11,410.4253234863281,402.01666259765625,0,0,0,0,0,0,0,0,0,0,0,0,0,0,0,0,0,0,0,0,0,0,0,0,0
2007-12-10 11:00:00+00:00,30,12,11,74.46308898925781,134.7427520751953,0,0,0,0,0,0,0,0,1,1,1,1,1,1,1,1,1,0,0,0,0,0,0,0,0
2007-12-10 11:00:00+00:00,30,12,11,249.25466918945312,190.7093963623047,0,0,0,0,0,0,0,0,0,0,0,0,0,0,1,1,1,0,0,0,0,0,0,0,0
2007-12-10 11:00:00+00:00,30,12,11,171.40347290039062,106.26333618164062,0,0,0,0,0,0,0,0,0,0,0,0,1,1,1,1,1,0,0,0,0,0,0,0,0
2007-12-10 11:00:00+00:00,30,12,11,329.9786071777344,334.6526794433594,0,0,0,0,0,0,0,0,0,0,0,0,0,0,0,0,1,0,0,0,0,0,0,0,0
2007-12-10 11:00:00+00:00,30,12,11,333.4624328613281,345.855224609375,0,0,0,0,0,0,0,0,0,0,0,0,0,0,0,0,1,0,0,0,0,0,0,0,0
2007-12-10 11:00:00+00:00,30,12,11,254.2532501220703,246.69061279296875,0,0,0,0,0,0,0,0,0,0,0,0,0,0,0,1,1,0,0,0,0,0,0,0,0
2007-12-10 11:00:00+00:00,30,12,11,107.19735717773438,85.59727478027344,0,0,0,0,0,0,0,0,0,0,1,1,1,1,1,1,1,0,0,0,0,0,0,0,0
2007-12-10 11:00:00+00:00,30,12,11,304.82818603515625,318.0467529296875,0,0,0,0,0,0,0,0,0,0,0,0,0,0,0,0,1,0,0,0,0,0,0,0,0
2007-12-10 11:00:00+00:00,30,12,11,303.577392578125,311.0743103027344,0,0,0,0,0,0,0,0,0,0,0,0,0,0,0,0,1,0,0,0,0,0,0,0,0
2007-12-10 11:00:00+00:00,30,12,11,423.42144775390625,,0,0,0,0,0,0,0,0,0,0,0,0,0,0,0,0,0,0,0,0,0,0,0,0,0
2007-12-10 11:00:00+00:00,30,12,11,,,0,0,0,0,0,0,0,0,0,0,0,0,0,0,0,0,0,0,0,0,0,0,0,0,0
2007-12-10 11:00:00+00:00,30,12,11,207.79983520507812,254.0549774169922,0,0,0,0,0,0,0,0,0,0,0,0,0,0,1,1,1,0,0,0,0,0,0,0,0
2007-12-10 11:00:00+00:00,30,12,11,,,0,0,0,0,0,0,0,0,0,0,0,0,0,0,0,0,0,0,0,0,0,0,0,0,0
2007-12-10 11:00:00+00:00,30,12,11,,,0,0,0,0,0,0,0,0,0,0,0,0,0,0,0,0,0,0,0,0,0,0,0,0,0
2007-12-10 11:00:00+00:00,30,12,11,,,0,0,0,0,0,0,0,0,0,0,0,0,0,0,0,0,0,0,0,0,0,0,0,0,0
2007-12-10 11:00:00+00:00,30,12,11,116.30034637451172,199.32595825195312,0,0,0,0,0,0,0,0,0,0,1,1,1,1,1,1,1,0,0,0,0,0,0,0,0
2007-12-10 11:00:00+00:00,30,12,11,209.28744506835938,109.82713317871094,0,0,0,0,0,0,0,0,0,0,0,0,0,0,1,1,1,0,0,0,0,0,0,0,0
2007-12-10 11:15:00+00:00,30,12,11,,,0,0,0,0,0,0,0,0,0,0,0,0,0,0,0,0,0,0,0,0,0,0,0,0,0
2007-12-10 11:15:00+00:00,30,12,11,317.32293701171875,320.5817565917969,0,0,0,0,0,0,0,0,0,0,0,0,0,0,0,0,1,0,0,0,0,0,0,0,0
2007-12-10 11:15:00+00:00,30,12,11,75.57886505126953,67.09724426269531,0,0,0,0,0,0,0,0,1,1,1,1,1,1,1,1,1,0,0,0,0,0,0,0,0
2007-12-10 11:15:00+00:00,30,12,11,188.907958984375,191.07786560058594,0,0,0,0,0,0,0,0,0,0,0,0,0,1,1,1,1,0,0,0,0,0,0,0,0
2007-12-10 11:15:00+00:00,30,12,11,118.1573486328125,118.1573486328125,0,0,0,0,0,0,0,0,0,0,1,1,1,1,1,1,1,0,0,0,0,0,0,0,0
2007-12-10 11:15:00+00:00,30,12,11,237.8861846923828,176.1075897216797,0,0,0,0,0,0,0,0,0,0,0,0,0,0,1,1,1,0,0,0,0,0,0,0,0
2007-12-10 11:15:00+00:00,30,12,11,312.86431884765625,318.72998046875,0,0,0,0,0,0,0,0,0,0,0,0,0,0,0,0,1,0,0,0,0,0,0,0,0
2007-12-10 11:15:00+00:00,30,12,11,246.84848022460938,242.04287719726562,0,0,0,0,0,0,0,0,0,0,0,0,0,0,1,1,1,0,0,0,0,0,0,0,0
2007-12-10 11:15:00+00:00,30,12,11,213.05923461914062,124.74729919433594,0,0,0,0,0,0,0,0,0,0,0,0,0,0,1,1,1,0,0,0,0,0,0,0,0
2007-12-10 11:15:00+00:00,30,12,11,315.3980712890625,285.6723327636719,0,0,0,0,0,0,0,0,0,0,0,0,0,0,0,0,1,0,0,0,0,0,0,0,0
2007-12-10 11:15:00+00:00,30,12,11,48.14503479003906,102.14118194580078,0,0,0,0,0,0,1,1,1,1,1,1,1,1,1,1,1,0,0,0,0,0,0,0,0
2007-12-10 11:15:00+00:00,30,12,11,332.9378662109375,320.03497314453125,0,0,0,0,0,0,0,0,0,0,0,0,0,0,0,0,1,0,0,0,0,0,0,0,0
2007-12-10 11:15:00+00:00,30,12,11,315.7716369628906,306.6431884765625,0,0,0,0,0,0,0,0,0,0,0,0,0,0,0,0,1,0,0,0,0,0,0,0,0
2007-12-10 11:15:00+00:00,30,12,11,282.3885803222656,284.9811706542969,0,0,0,0,0,0,0,0,0,0,0,0,0,0,0,1,1,0,0,0,0,0,0,0,0
2007-12-10 11:15:00+00:00,30,12,11,292.3309020996094,128.84185791015625,0,0,0,0,0,0,0,0,0,0,0,0,0,0,0,1,1,0,0,0,0,0,0,0,0
2007-12-10 11:15:00+00:00,30,12,11,282.6773681640625,213.946044921875,0,0,0,0,0,0,0,0,0,0,0,0,0,0,0,1,1,0,0,0,0,0,0,0,0
2007-12-10 11:15:00+00:00,30,12,11,395.44464111328125,380.1759338378906,0,0,0,0,0,0,0,0,0,0,0,0,0,0,0,0,0,0,0,0,0,0,0,0,0
2007-12-10 11:15:00+00:00,30,12,11,255.8616943359375,288.3861083984375,0,0,0,0,0,0,0,0,0,0,0,0,0,0,0,1,1,0,0,0,0,0,0,0,0
2007-12-10 11:15:00+00:00,30,12,11,331.8514404296875,185.4378662109375,0,0,0,0,0,0,0,0,0,0,0,0,0,0,0,0,1,0,0,0,0,0,0,0,0
2007-12-10 11:15:00+00:00,30,12,11,470.7772216796875,459.86004638671875,0,0,0,0,0,0,0,0,0,0,0,0,0,0,0,0,0,0,0,0,0,0,0,0,0
2007-12-10 11:15:00+00:00,30,12,11,88.32630157470703,93.57225036621094,0,0,0,0,0,0,0,0,0,1,1,1,1,1,1,1,1,0,0,0,0,0,0,0,0
2007-12-10 11:15:00+00:00,30,12,11,324.0191650390625,0.0,0,0,0,0,0,0,0,0,0,0,0,0,0,0,0,0,1,1,1,1,1,1,1,1,1
2007-12-10 11:15:00+00:00,30,12,11,83.97383880615234,61.24325942993164,0,0,0,0,0,0,0,0,0,1,1,1,1,1,1,1,1,0,0,0,0,0,0,0,0
2007-12-10 11:15:00+00:00,30,12,11,,273.7547302246094,0,0,0,0,0,0,0,0,0,0,0,0,0,0,0,0,0,0,0,0,0,0,0,0,0
2007-12-10 11:15:00+00:00,30,12,11,,267.906005859375,0,0,0,0,0,0,0,0,0,0,0,0,0,0,0,0,0,0,0,0,0,0,0,0,0
2007-12-10 11:15:00+00:00,30,12,11,130.31063842773438,266.7917785644531,0,0,0,0,0,0,0,0,0,0,0,1,1,1,1,1,1,0,0,0,0,0,0,0,0
2007-12-10 11:15:00+00:00,30,12,11,436.6294250488281,398.2866516113281,0,0,0,0,0,0,0,0,0,0,0,0,0,0,0,0,0,0,0,0,0,0,0,0,0
2007-12-10 11:30:00+00:00,30,12,11,,,0,0,0,0,0,0,0,0,0,0,0,0,0,0,0,0,0,0,0,0,0,0,0,0,0
2007-12-10 11:30:00+00:00,30,12,11,,,0,0,0,0,0,0,0,0,0,0,0,0,0,0,0,0,0,0,0,0,0,0,0,0,0
2007-12-10 11:30:00+00:00,30,12,11,258.4033203125,287.9397277832031,0,0,0,0,0,0,0,0,0,0,0,0,0,0,0,1,1,0,0,0,0,0,0,0,0
2007-12-10 11:30:00+00:00,30,12,11,139.12684631347656,105.63874053955078,0,0,0,0,0,0,0,0,0,0,0,1,1,1,1,1,1,0,0,0,0,0,0,0,0
2007-12-10 11:30:00+00:00,30,12,11,210.5277557373047,179.5803680419922,0,0,0,0,0,0,0,0,0,0,0,0,0,0,1,1,1,0,0,0,0,0,0,0,0
2007-12-10 11:30:00+00:00,30,12,11,108.38134002685547,108.79483032226562,0,0,0,0,0,0,0,0,0,0,1,1,1,1,1,1,1,0,0,0,0,0,0,0,0
2007-12-10 11:30:00+00:00,30,12,11,176.1602020263672,173.5673828125,0,0,0,0,0,0,0,0,0,0,0,0,1,1,1,1,1,0,0,0,0,0,0,0,0
2007-12-10 11:30:00+00:00,30,12,11,257.9653015136719,204.3040771484375,0,0,0,0,0,0,0,0,0,0,0,0,0,0,0,1,1,0,0,0,0,0,0,0,0
2007-12-10 11:30:00+00:00,30,12,11,156.3536376953125,156.3536376953125,0,0,0,0,0,0,0,0,0,0,0,0,1,1,1,1,1,0,0,0,0,0,0,0,0
2007-12-10 11:30:00+00:00,30,12,11,141.4638214111328,139.58035278320312,0,0,0,0,0,0,0,0,0,0,0,1,1,1,1,1,1,0,0,0,0,0,0,0,0
2007-12-10 11:30:00+00:00,30,12,11,59.278236389160156,107.89054870605469,0,0,0,0,0,0,0,1,1,1,1,1,1,1,1,1,1,0,0,0,0,0,0,0,0
2007-12-10 11:30:00+00:00,30,12,11,151.6919403076172,10.398201942443848,0,0,0,0,0,0,0,0,0,0,0,0,1,1,1,1,1,0,1,1,1,1,1,1,1
2007-12-10 11:30:00+00:00,30,12,11,236.60800170898438,280.4214172363281,0,0,0,0,0,0,0,0,0,0,0,0,0,0,1,1,1,0,0,0,0,0,0,0,0
2007-12-10 11:30:00+00:00,30,12,11,,450.5928649902344,0,0,0,0,0,0,0,0,0,0,0,0,0,0,0,0,0,0,0,0,0,0,0,0,0
2007-12-10 11:30:00+00:00,30,12,11,394.7421875,,0,0,0,0,0,0,0,0,0,0,0,0,0,0,0,0,0,0,0,0,0,0,0,0,0
2007-12-10 11:30:00+00:00,30,12,11,137.6420135498047,184.1423797607422,0,0,0,0,0,0,0,0,0,0,0,1,1,1,1,1,1,0,0,0,0,0,0,0,0
2007-12-10 11:30:00+00:00,30,12,11,54.91719055175781,60.643287658691406,0,0,0,0,0,0,0,1,1,1,1,1,1,1,1,1,1,0,0,0,0,0,0,0,0
2007-12-10 11:30:00+00:00,30,12,11,304.71673583984375,214.940185546875,0,0,0,0,0,0,0,0,0,0,0,0,0,0,0,0,1,0,0,0,0,0,0,0,0
2007-12-10 11:30:00+00:00,30,12,11,,394.56756591796875,0,0,0,0,0,0,0,0,0,0,0,0,0,0,0,0,0,0,0,0,0,0,0,0,0
2007-12-10 11:30:00+00:00,30,12,11,,314.97613525390625,0,0,0,0,0,0,0,0,0,0,0,0,0,0,0,0,0,0,0,0,0,0,0,0,0
2007-12-10 11:30:00+00:00,30,12,11,,321.56805419921875,0,0,0,0,0,0,0,0,0,0,0,0,0,0,0,0,0,0,0,0,0,0,0,0,0
2007-12-10 11:45:00+00:00,30,12,11,195.0341033935547,192.22462463378906,0,0,0,0,0,0,0,0,0,0,0,0,0,1,1,1,1,0,0,0,0,0,0,0,0
2007-12-10 11:45:00+00:00,30,12,11,93.90472412109375,91.04949188232422,0,0,0,0,0,0,0,0,0,1,1,1,1,1,1,1,1,0,0,0,0,0,0,0,0
2007-12-10 11:45:00+00:00,30,12,11,269.9179382324219,230.83016967773438,0,0,0,0,0,0,0,0,0,0,0,0,0,0,0,1,1,0,0,0,0,0,0,0,0
2007-12-10 11:45:00+00:00,30,12,11,120.73460388183594,90.55694580078125,0,0,0,0,0,0,0,0,0,0,0,1,1,1,1,1,1,0,0,0,0,0,0,0,0
2007-12-10 11:45:00+00:00,30,12,11,279.3052673339844,144.1680450439453,0,0,0,0,0,0,0,0,0,0,0,0,0,0,0,1,1,0,0,0,0,0,0,0,0
2007-12-10 11:45:00+00:00,30,12,11,109.87028503417969,66.69859313964844,0,0,0,0,0,0,0,0,0,0,1,1,1,1,1,1,1,0,0,0,0,0,0,0,0
2007-12-10 11:45:00+00:00,30,12,11,219.6392364501953,180.96514892578125,0,0,0,0,0,0,0,0,0,0,0,0,0,0,1,1,1,0,0,0,0,0,0,0,0
2007-12-10 11:45:00+00:00,30,12,11,228.07131958007812,219.86993408203125,0,0,0,0,0,0,0,0,0,0,0,0,0,0,1,1,1,0,0,0,0,0,0,0,0
2007-12-10 11:45:00+00:00,30,12,11,,346.6475524902344,0,0,0,0,0,0,0,0,0,0,0,0,0,0,0,0,0,0,0,0,0,0,0,0,0
2007-12-10 11:45:00+00:00,30,12,11,,,0,0,0,0,0,0,0,0,0,0,0,0,0,0,0,0,0,0,0,0,0,0,0,0,0
2007-12-10 11:45:00+00:00,30,12,11,,,0,0,0,0,0,0,0,0,0,0,0,0,0,0,0,0,0,0,0,0,0,0,0,0,0
2007-12-10 11:45:00+00:00,30,12,11,,,0,0,0,0,0,0,0,0,0,0,0,0,0,0,0,0,0,0,0,0,0,0,0,0,0
2007-12-10 11:45:00+00:00,30,12,11,,188.22579956054688,0,0,0,0,0,0,0,0,0,0,0,0,0,0,0,0,0,0,0,0,0,0,0,0,0
2007-12-10 11:45:00+00:00,30,12,11,160.40940856933594,65.70685577392578,0,0,0,0,0,0,0,0,0,0,0,0,1,1,1,1,1,0,0,0,0,0,0,0,0
2007-12-10 11:45:00+00:00,30,12,11,,157.31365966796875,0,0,0,0,0,0,0,0,0,0,0,0,0,0,0,0,0,0,0,0,0,0,0,0,0
2007-12-10 11:45:00+00:00,30,12,11,360.4233093261719,107.92573547363281,0,0,0,0,0,0,0,0,0,0,0,0,0,0,0,0,0,0,0,0,0,0,0,0,0
2007-12-10 11:45:00+00:00,30,12,11,337.6249694824219,,0,0,0,0,0,0,0,0,0,0,0,0,0,0,0,0,1,0,0,0,0,0,0,0,0
2007-12-10 11:45:00+00:00,30,12,11,159.90696716308594,465.2424011230469,0,0,0,0,0,0,0,0,0,0,0,0,1,1,1,1,1,0,0,0,0,0,0,0,0
2007-12-10 11:45:00+00:00,30,12,11,386.2345886230469,349.36077880859375,0,0,0,0,0,0,0,0,0,0,0,0,0,0,0,0,0,0,0,0,0,0,0,0,0
2007-12-10 11:45:00+00:00,30,12,11,195.60874938964844,,0,0,0,0,0,0,0,0,0,0,0,0,0,1,1,1,1,0,0,0,0,0,0,0,0
2007-12-10 11:45:00+00:00,30,12,11,279.7826232910156,211.3958282470703,0,0,0,0,0,0,0,0,0,0,0,0,0,0,0,1,1,0,0,0,0,0,0,0,0
2007-12-10 11:45:00+00:00,30,12,11,433.9865417480469,381.6115417480469,0,0,0,0,0,0,0,0,0,0,0,0,0,0,0,0,0,0,0,0,0,0,0,0,0
2007-12-10 11:45:00+00:00,30,12,11,376.3447265625,443.89453125,0,0,0,0,0,0,0,0,0,0,0,0,0,0,0,0,0,0,0,0,0,0,0,0,0
2007-12-10 11:45:00+00:00,30,12,11,159.4710693359375,158.70602416992188,0,0,0,0,0,0,0,0,0,0,0,0,1,1,1,1,1,0,0,0,0,0,0,0,0
2007-12-10 12:00:00+00:00,30,12,12,199.64102172851562,197.83729553222656,0,0,0,0,0,0,0,0,0,0,0,0,0,1,1,1,1,0,0,0,0,0,0,0,0
2007-12-10 12:00:00+00:00,30,12,12,152.26022338867188,123.84095001220703,0,0,0,0,0,0,0,0,0,0,0,0,1,1,1,1,1,0,0,0,0,0,0,0,0
2007-12-10 12:00:00+00:00,30,12,12,301.39691162109375,302.66290283203125,0,0,0,0,0,0,0,0,0,0,0,0,0,0,0,0,1,0,0,0,0,0,0,0,0
2007-12-10 12:00:00+00:00,30,12,12,407.2561340332031,392.3631896972656,0,0,0,0,0,0,0,0,0,0,0,0,0,0,0,0,0,0,0,0,0,0,0,0,0
2007-12-10 12:00:00+00:00,30,12,12,170.16055297851562,189.11029052734375,0,0,0,0,0,0,0,0,0,0,0,0,1,1,1,1,1,0,0,0,0,0,0,0,0
2007-12-10 12:00:00+00:00,30,12,12,277.7578430175781,281.97821044921875,0,0,0,0,0,0,0,0,0,0,0,0,0,0,0,1,1,0,0,0,0,0,0,0,0
2007-12-10 12:00:00+00:00,30,12,12,451.2687072753906,442.716796875,0,0,0,0,0,0,0,0,0,0,0,0,0,0,0,0,0,0,0,0,0,0,0,0,0
2007-12-10 12:00:00+00:00,30,12,12,207.74851989746094,187.75062561035156,0,0,0,0,0,0,0,0,0,0,0,0,0,0,1,1,1,0,0,0,0,0,0,0,0
2007-12-10 12:00:00+00:00,30,12,12,305.22259521484375,310.4470520019531,0,0,0,0,0,0,0,0,0,0,0,0,0,0,0,0,1,0,0,0,0,0,0,0,0
2007-12-10 12:00:00+00:00,30,12,12,,,0,0,0,0,0,0,0,0,0,0,0,0,0,0,0,0,0,0,0,0,0,0,0,0,0
2007-12-10 12:00:00+00:00,30,12,12,,,0,0,0,0,0,0,0,0,0,0,0,0,0,0,0,0,0,0,0,0,0,0,0,0,0
2007-12-10 12:00:00+00:00,30,12,12,,,0,0,0,0,0,0,0,0,0,0,0,0,0,0,0,0,0,0,0,0,0,0,0,0,0
2007-12-10 12:00:00+00:00,30,12,12,83.59654998779297,0.0,0,0,0,0,0,0,0,0,0,1,1,1,1,1,1,1,1,1,1,1,1,1,1,1,1
2007-12-10 12:00:00+00:00,30,12,12,249.0842742919922,233.62290954589844,0,0,0,0,0,0,0,0,0,0,0,0,0,0,1,1,1,0,0,0,0,0,0,0,0
2007-12-10 12:00:00+00:00,30,12,12,323.53546142578125,231.8153533935547,0,0,0,0,0,0,0,0,0,0,0,0,0,0,0,0,1,0,0,0,0,0,0,0,0
2007-12-10 12:00:00+00:00,30,12,12,124.69434356689453,89.6724853515625,0,0,0,0,0,0,0,0,0,0,0,1,1,1,1,1,1,0,0,0,0,0,0,0,0
2007-12-10 12:00:00+00:00,30,12,12,219.19606018066406,228.11492919921875,0,0,0,0,0,0,0,0,0,0,0,0,0,0,1,1,1,0,0,0,0,0,0,0,0
2007-12-10 12:00:00+00:00,30,12,12,103.96192169189453,104.96282958984375,0,0,0,0,0,0,0,0,0,0,1,1,1,1,1,1,1,0,0,0,0,0,0,0,0
2007-12-10 12:15:00+00:00,30,12,12,,,0,0,0,0,0,0,0,0,0,0,0,0,0,0,0,0,0,0,0,0,0,0,0,0,0
2007-12-10 12:15:00+00:00,30,12,12,463.46661376953125,457.7204895019531,0,0,0,0,0,0,0,0,0,0,0,0,0,0,0,0,0,0,0,0,0,0,0,0,0
2007-12-10 12:15:00+00:00,30,12,12,300.1078796386719,299.28619384765625,0,0,0,0,0,0,0,0,0,0,0,0,0,0,0,0,1,0,0,0,0,0,0,0,0
2007-12-10 12:15:00+00:00,30,12,12,96.63912963867188,20.59069061279297,0,0,0,0,0,0,0,0,0,1,1,1,1,1,1,1,1,0,0,0,1,1,1,1,1
2007-12-10 12:15:00+00:00,30,12,12,138.50790405273438,141.6056365966797,0,0,0,0,0,0,0,0,0,0,0,1,1,1,1,1,1,0,0,0,0,0,0,0,0
2007-12-10 12:15:00+00:00,30,12,12,411.1122741699219,411.47802734375,0,0,0,0,0,0,0,0,0,0,0,0,0,0,0,0,0,0,0,0,0,0,0,0,0
2007-12-10 12:15:00+00:00,30,12,12,469.74017333984375,466.9476623535156,0,0,0,0,0,0,0,0,0,0,0,0,0,0,0,0,0,0,0,0,0,0,0,0,0
2007-12-10 12:15:00+00:00,30,12,12,,,0,0,0,0,0,0,0,0,0,0,0,0,0,0,0,0,0,0,0,0,0,0,0,0,0
2007-12-10 12:15:00+00:00,30,12,12,49.46989822387695,43.68754196166992,0,0,0,0,0,0,1,1,1,1,1,1,1,1,1,1,1,0,0,0,0,0,0,1,1
2007-12-10 12:15:00+00:00,30,12,12,216.09022521972656,,0,0,0,0,0,0,0,0,0,0,0,0,0,0,1,1,1,0,0,0,0,0,0,0,0
2007-12-10 12:15:00+00:00,30,12,12,,463.2022399902344,0,0,0,0,0,0,0,0,0,0,0,0,0,0,0,0,0,0,0,0,0,0,0,0,0
2007-12-10 12:15:00+00:00,30,12,12,,,0,0,0,0,0,0,0,0,0,0,0,0,0,0,0,0,0,0,0,0,0,0,0,0,0
2007-12-10 12:15:00+00:00,30,12,12,224.8202667236328,243.44607543945312,0,0,0,0,0,0,0,0,0,0,0,0,0,0,1,1,1,0,0,0,0,0,0,0,0
2007-12-10 12:15:00+00:00,30,12,12,268.4230041503906,245.11627197265625,0,0,0,0,0,0,0,0,0,0,0,0,0,0,0,1,1,0,0,0,0,0,0,0,0
2007-12-10 12:15:00+00:00,30,12,12,107.62589263916016,22.184053421020508,0,0,0,0,0,0,0,0,0,0,1,1,1,1,1,1,1,0,0,0,1,1,1,1,1
2007-12-10 12:15:00+00:00,30,12,12,232.47984313964844,237.19581604003906,0,0,0,0,0,0,0,0,0,0,0,0,0,0,1,1,1,0,0,0,0,0,0,0,0
2007-12-10 12:15:00+00:00,30,12,12,,346.8337097167969,0,0,0,0,0,0,0,0,0,0,0,0,0,0,0,0,0,0,0,0,0,0,0,0,0
2007-12-10 12:15:00+00:00,30,12,12,253.24632263183594,7.530641555786133,0,0,0,0,0,0,0,0,0,0,0,0,0,0,0,1,1,1,1,1,1,1,1,1,1
2007-12-10 12:15:00+00:00,30,12,12,,518.1094360351562,0,0,0,0,0,0,0,0,0,0,0,0,0,0,0,0,0,0,0,0,0,0,0,0,0
2007-12-10 12:15:00+00:00,30,12,12,175.92864990234375,296.56103515625,0,0,0,0,0,0,0,0,0,0,0,0,1,1,1,1,1,0,0,0,0,0,0,0,0
2007-12-10 12:30:00+00:00,30,12,12,301.37109375,291.1698913574219,0,0,0,0,0,0,0,0,0,0,0,0,0,0,0,0,1,0,0,0,0,0,0,0,0
2007-12-10 12:30:00+00:00,30,12,12,82.9906005859375,167.4342803955078,0,0,0,0,0,0,0,0,0,1,1,1,1,1,1,1,1,0,0,0,0,0,0,0,0
2007-12-10 12:30:00+00:00,30,12,12,122.64828491210938,113.07489013671875,0,0,0,0,0,0,0,0,0,0,0,1,1,1,1,1,1,0,0,0,0,0,0,0,0
2007-12-10 12:30:00+00:00,30,12,12,96.94544982910156,0.0,0,0,0,0,0,0,0,0,0,1,1,1,1,1,1,1,1,1,1,1,1,1,1,1,1
2007-12-10 12:30:00+00:00,30,12,12,439.3309020996094,452.1320495605469,0,0,0,0,0,0,0,0,0,0,0,0,0,0,0,0,0,0,0,0,0,0,0,0,0
2007-12-10 12:30:00+00:00,30,12,12,298.03924560546875,335.5550842285156,0,0,0,0,0,0,0,0,0,0,0,0,0,0,0,1,1,0,0,0,0,0,0,0,0
2007-12-10 12:30:00+00:00,30,12,12,285.1723327636719,372.5987548828125,0,0,0,0,0,0,0,0,0,0,0,0,0,0,0,1,1,0,0,0,0,0,0,0,0
2007-12-10 12:30:00+00:00,30,12,12,149.1904754638672,91.52529907226562,0,0,0,0,0,0,0,0,0,0,0,1,1,1,1,1,1,0,0,0,0,0,0,0,0
2007-12-10 12:30:00+00:00,30,12,12,,449.3186950683594,0,0,0,0,0,0,0,0,0,0,0,0,0,0,0,0,0,0,0,0,0,0,0,0,0
2007-12-10 12:30:00+00:00,30,12,12,,294.7854919433594,0,0,0,0,0,0,0,0,0,0,0,0,0,0,0,0,0,0,0,0,0,0,0,0,0
2007-12-10 12:30:00+00:00,30,12,12,,,0,0,0,0,0,0,0,0,0,0,0,0,0,0,0,0,0,0,0,0,0,0,0,0,0
2007-12-10 12:30:00+00:00,30,12,12,392.7242431640625,266.0078430175781,0,0,0,0,0,0,0,0,0,0,0,0,0,0,0,0,0,0,0,0,0,0,0,0,0
2007-12-10 12:30:00+00:00,30,12,12,352.6444396972656,100.22694396972656,0,0,0,0,0,0,0,0,0,0,0,0,0,0,0,0,0,0,0,0,0,0,0,0,0
2007-12-10 12:30:00+00:00,30,12,12,199.93927001953125,162.11196899414062,0,0,0,0,0,0,0,0,0,0,0,0,0,1,1,1,1,0,0,0,0,0,0,0,0
2007-12-10 12:30:00+00:00,30,12,12,317.9839172363281,154.76344299316406,0,0,0,0,0,0,0,0,0,0,0,0,0,0,0,0,1,0,0,0,0,0,0,0,0
2007-12-10 12:45:00+00:00,30,12,12,,,0,0,0,0,0,0,0,0,0,0,0,0,0,0,0,0,0,0,0,0,0,0,0,0,0
2007-12-10 12:45:00+00:00,30,12,12,,,0,0,0,0,0,0,0,0,0,0,0,0,0,0,0,0,0,0,0,0,0,0,0,0,0
2007-12-10 12:45:00+00:00,30,12,12,,,0,0,0,0,0,0,0,0,0,0,0,0,0,0,0,0,0,0,0,0,0,0,0,0,0
2007-12-10 12:45:00+00:00,30,12,12,,,0,0,0,0,0,0,0,0,0,0,0,0,0,0,0,0,0,0,0,0,0,0,0,0,0
2007-12-10 12:45:00+00:00,30,12,12,,,0,0,0,0,0,0,0,0,0,0,0,0,0,0,0,0,0,0,0,0,0,0,0,0,0
2007-12-10 12:45:00+00:00,30,12,12,101.69709777832031,88.36968231201172,0,0,0,0,0,0,0,0,0,0,1,1,1,1,1,1,1,0,0,0,0,0,0,0,0
2007-12-10 12:45:00+00:00,30,12,12,78.55207061767578,132.70864868164062,0,0,0,0,0,0,0,0,1,1,1,1,1,1,1,1,1,0,0,0,0,0,0,0,0
2007-12-10 12:45:00+00:00,30,12,12,398.58428955078125,342.63330078125,0,0,0,0,0,0,0,0,0,0,0,0,0,0,0,0,0,0,0,0,0,0,0,0,0
2007-12-10 12:45:00+00:00,30,12,12,,274.1311950683594,0,0,0,0,0,0,0,0,0,0,0,0,0,0,0,0,0,0,0,0,0,0,0,0,0
2007-12-10 12:45:00+00:00,30,12,12,,,0,0,0,0,0,0,0,0,0,0,0,0,0,0,0,0,0,0,0,0,0,0,0,0,0
2007-12-10 12:45:00+00:00,30,12,12,,,0,0,0,0,0,0,0,0,0,0,0,0,0,0,0,0,0,0,0,0,0,0,0,0,0
2007-12-10 12:45:00+00:00,30,12,12,75.71775817871094,50.45304870605469,0,0,0,0,0,0,0,0,1,1,1,1,1,1,1,1,1,0,0,0,0,0,0,0,1
2007-12-10 12:45:00+00:00,30,12,12,393.40631103515625,38.41154479980469,0,0,0,0,0,0,0,0,0,0,0,0,0,0,0,0,0,0,0,0,0,0,1,1,1
2007-12-10 12:45:00+00:00,30,12,12,415.65325927734375,481.4762268066406,0,0,0,0,0,0,0,0,0,0,0,0,0,0,0,0,0,0,0,0,0,0,0,0,0
2007-12-10 12:45:00+00:00,30,12,12,294.0699768066406,60.32709884643555,0,0,0,0,0,0,0,0,0,0,0,0,0,0,0,1,1,0,0,0,0,0,0,0,0
2007-12-10 12:45:00+00:00,30,12,12,111.08926391601562,108.3683853149414,0,0,0,0,0,0,0,0,0,0,1,1,1,1,1,1,1,0,0,0,0,0,0,0,0
2007-12-10 13:00:00+00:00,30,12,13,,,0,0,0,0,0,0,0,0,0,0,0,0,0,0,0,0,0,0,0,0,0,0,0,0,0
2007-12-10 13:00:00+00:00,30,12,13,,,0,0,0,0,0,0,0,0,0,0,0,0,0,0,0,0,0,0,0,0,0,0,0,0,0
2007-12-10 13:00:00+00:00,30,12,13,227.45242309570312,135.06764221191406,0,0,0,0,0,0,0,0,0,0,0,0,0,0,1,1,1,0,0,0,0,0,0,0,0
2007-12-10 13:00:00+00:00,30,12,13,93.76632690429688,85.85536193847656,0,0,0,0,0,0,0,0,0,1,1,1,1,1,1,1,1,0,0,0,0,0,0,0,0
2007-12-10 13:00:00+00:00,30,12,13,347.9742431640625,370.3504333496094,0,0,0,0,0,0,0,0,0,0,0,0,0,0,0,0,1,0,0,0,0,0,0,0,0
2007-12-10 13:00:00+00:00,30,12,13,,,0,0,0,0,0,0,0,0,0,0,0,0,0,0,0,0,0,0,0,0,0,0,0,0,0
2007-12-10 13:00:00+00:00,30,12,13,,,0,0,0,0,0,0,0,0,0,0,0,0,0,0,0,0,0,0,0,0,0,0,0,0,0
2007-12-10 13:00:00+00:00,30,12,13,,,0,0,0,0,0,0,0,0,0,0,0,0,0,0,0,0,0,0,0,0,0,0,0,0,0
2007-12-10 13:00:00+00:00,30,12,13,,,0,0,0,0,0,0,0,0,0,0,0,0,0,0,0,0,0,0,0,0,0,0,0,0,0
2007-12-10 13:00:00+00:00,30,12,13,354.89251708984375,281.6636047363281,0,0,0,0,0,0,0,0,0,0,0,0,0,0,0,0,0,0,0,0,0,0,0,0,0
2007-12-10 13:00:00+00:00,30,12,13,240.89157104492188,205.81704711914062,0,0,0,0,0,0,0,0,0,0,0,0,0,0,1,1,1,0,0,0,0,0,0,0,0
2007-12-10 13:00:00+00:00,30,12,13,293.70013427734375,279.42279052734375,0,0,0,0,0,0,0,0,0,0,0,0,0,0,0,1,1,0,0,0,0,0,0,0,0
2007-12-10 13:00:00+00:00,30,12,13,120.1419448852539,106.46197509765625,0,0,0,0,0,0,0,0,0,0,0,1,1,1,1,1,1,0,0,0,0,0,0,0,0
2007-12-10 13:15:00+00:00,30,12,13,,,0,0,0,0,0,0,0,0,0,0,0,0,0,0,0,0,0,0,0,0,0,0,0,0,0
2007-12-10 13:15:00+00:00,30,12,13,,,0,0,0,0,0,0,0,0,0,0,0,0,0,0,0,0,0,0,0,0,0,0,0,0,0
2007-12-10 13:15:00+00:00,30,12,13,,,0,0,0,0,0,0,0,0,0,0,0,0,0,0,0,0,0,0,0,0,0,0,0,0,0
2007-12-10 13:15:00+00:00,30,12,13,168.16514587402344,118.41228485107422,0,0,0,0,0,0,0,0,0,0,0,0,1,1,1,1,1,0,0,0,0,0,0,0,0
2007-12-10 13:15:00+00:00,30,12,13,181.598876953125,108.17438507080078,0,0,0,0,0,0,0,0,0,0,0,0,0,1,1,1,1,0,0,0,0,0,0,0,0
2007-12-10 13:15:00+00:00,30,12,13,387.9572448730469,385.4667053222656,0,0,0,0,0,0,0,0,0,0,0,0,0,0,0,0,0,0,0,0,0,0,0,0,0
2007-12-10 13:15:00+00:00,30,12,13,93.05070495605469,55.223087310791016,0,0,0,0,0,0,0,0,0,1,1,1,1,1,1,1,1,0,0,0,0,0,0,0,1
2007-12-10 13:15:00+00:00,30,12,13,64.30694580078125,63.16788101196289,0,0,0,0,0,0,0,0,1,1,1,1,1,1,1,1,1,0,0,0,0,0,0,0,0
2007-12-10 13:15:00+00:00,30,12,13,111.65776062011719,115.43529510498047,0,0,0,0,0,0,0,0,0,0,1,1,1,1,1,1,1,0,0,0,0,0,0,0,0
2007-12-10 13:15:00+00:00,30,12,13,235.37118530273438,0.0,0,0,0,0,0,0,0,0,0,0,0,0,0,0,1,1,1,1,1,1,1,1,1,1,1
2007-12-10 13:15:00+00:00,30,12,13,366.0765075683594,395.5216064453125,0,0,0,0,0,0,0,0,0,0,0,0,0,0,0,0,0,0,0,0,0,0,0,0,0
2007-12-10 13:15:00+00:00,30,12,13,,,0,0,0,0,0,0,0,0,0,0,0,0,0,0,0,0,0,0,0,0,0,0,0,0,0
2007-12-10 13:15:00+00:00,30,12,13,,,0,0,0,0,0,0,0,0,0,0,0,0,0,0,0,0,0,0,0,0,0,0,0,0,0
2007-12-10 13:15:00+00:00,30,12,13,,,0,0,0,0,0,0,0,0,0,0,0,0,0,0,0,0,0,0,0,0,0,0,0,0,0
2007-12-10 13:15:00+00:00,30,12,13,57.912750244140625,82.44308471679688,0,0,0,0,0,0,0,1,1,1,1,1,1,1,1,1,1,0,0,0,0,0,0,0,0
2007-12-10 13:15:00+00:00,30,12,13,,,0,0,0,0,0,0,0,0,0,0,0,0,0,0,0,0,0,0,0,0,0,0,0,0,0
2007-12-10 13:15:00+00:00,30,12,13,,,0,0,0,0,0,0,0,0,0,0,0,0,0,0,0,0,0,0,0,0,0,0,0,0,0
2007-12-10 13:15:00+00:00,30,12,13,,,0,0,0,0,0,0,0,0,0,0,0,0,0,0,0,0,0,0,0,0,0,0,0,0,0
2007-12-10 13:30:00+00:00,30,12,13,,,0,0,0,0,0,0,0,0,0,0,0,0,0,0,0,0,0,0,0,0,0,0,0,0,0
2007-12-10 13:30:00+00:00,30,12,13,,,0,0,0,0,0,0,0,0,0,0,0,0,0,0,0,0,0,0,0,0,0,0,0,0,0
2007-12-10 13:30:00+00:00,30,12,13,,,0,0,0,0,0,0,0,0,0,0,0,0,0,0,0,0,0,0,0,0,0,0,0,0,0
2007-12-10 13:30:00+00:00,30,12,13,303.6834716796875,280.8505859375,0,0,0,0,0,0,0,0,0,0,0,0,0,0,0,0,1,0,0,0,0,0,0,0,0
2007-12-10 13:30:00+00:00,30,12,13,,382.8918762207031,0,0,0,0,0,0,0,0,0,0,0,0,0,0,0,0,0,0,0,0,0,0,0,0,0
2007-12-10 13:30:00+00:00,30,12,13,,,0,0,0,0,0,0,0,0,0,0,0,0,0,0,0,0,0,0,0,0,0,0,0,0,0
2007-12-10 13:30:00+00:00,30,12,13,,,0,0,0,0,0,0,0,0,0,0,0,0,0,0,0,0,0,0,0,0,0,0,0,0,0
2007-12-10 13:30:00+00:00,30,12,13,73.47477722167969,28.76591682434082,0,0,0,0,0,0,0,0,1,1,1,1,1,1,1,1,1,0,0,0,0,1,1,1,1
2007-12-10 13:30:00+00:00,30,12,13,,,0,0,0,0,0,0,0,0,0,0,0,0,0,0,0,0,0,0,0,0,0,0,0,0,0
2007-12-10 13:45:00+00:00,30,12,13,,,0,0,0,0,0,0,0,0,0,0,0,0,0,0,0,0,0,0,0,0,0,0,0,0,0
2007-12-10 13:45:00+00:00,30,12,13,100.5026626586914,108.4348373413086,0,0,0,0,0,0,0,0,0,0,1,1,1,1,1,1,1,0,0,0,0,0,0,0,0
2007-12-10 13:45:00+00:00,30,12,13,107.800537109375,110.08489227294922,0,0,0,0,0,0,0,0,0,0,1,1,1,1,1,1,1,0,0,0,0,0,0,0,0
2007-12-10 13:45:00+00:00,30,12,13,105.88385009765625,132.24354553222656,0,0,0,0,0,0,0,0,0,0,1,1,1,1,1,1,1,0,0,0,0,0,0,0,0
2007-12-10 13:45:00+00:00,30,12,13,130.69515991210938,158.6866455078125,0,0,0,0,0,0,0,0,0,0,0,1,1,1,1,1,1,0,0,0,0,0,0,0,0
2007-12-10 13:45:00+00:00,30,12,13,404.23883056640625,461.2038269042969,0,0,0,0,0,0,0,0,0,0,0,0,0,0,0,0,0,0,0,0,0,0,0,0,0
2007-12-10 13:45:00+00:00,30,12,13,317.21514892578125,299.70977783203125,0,0,0,0,0,0,0,0,0,0,0,0,0,0,0,0,1,0,0,0,0,0,0,0,0
2007-12-10 13:45:00+00:00,30,12,13,,211.98655700683594,0,0,0,0,0,0,0,0,0,0,0,0,0,0,0,0,0,0,0,0,0,0,0,0,0
2007-12-10 13:45:00+00:00,30,12,13,,306.8967590332031,0,0,0,0,0,0,0,0,0,0,0,0,0,0,0,0,0,0,0,0,0,0,0,0,0
2007-12-10 13:45:00+00:00,30,12,13,,,0,0,0,0,0,0,0,0,0,0,0,0,0,0,0,0,0,0,0,0,0,0,0,0,0
2007-12-10 13:45:00+00:00,30,12,13,,,0,0,0,0,0,0,0,0,0,0,0,0,0,0,0,0,0,0,0,0,0,0,0,0,0
2007-12-10 13:45:00+00:00,30,12,13,253.3795166015625,177.20143127441406,0,0,0,0,0,0,0,0,0,0,0,0,0,0,0,1,1,0,0,0,0,0,0,0,0
2007-12-10 13:45:00+00:00,30,12,13,,171.25921630859375,0,0,0,0,0,0,0,0,0,0,0,0,0,0,0,0,0,0,0,0,0,0,0,0,0
2007-12-10 13:45:00+00:00,30,12,13,161.84414672851562,151.49887084960938,0,0,0,0,0,0,0,0,0,0,0,0,1,1,1,1,1,0,0,0,0,0,0,0,0
2007-12-10 14:00:00+00:00,30,12,14,255.86636352539062,271.1040344238281,0,0,0,0,0,0,0,0,0,0,0,0,0,0,0,1,1,0,0,0,0,0,0,0,0
2007-12-10 14:00:00+00:00,30,12,14,214.5706024169922,120.53886413574219,0,0,0,0,0,0,0,0,0,0,0,0,0,0,1,1,1,0,0,0,0,0,0,0,0
2007-12-10 14:00:00+00:00,30,12,14,99.5764389038086,109.49356842041016,0,0,0,0,0,0,0,0,0,1,1,1,1,1,1,1,1,0,0,0,0,0,0,0,0
2007-12-10 14:00:00+00:00,30,12,14,390.0357971191406,377.0090637207031,0,0,0,0,0,0,0,0,0,0,0,0,0,0,0,0,0,0,0,0,0,0,0,0,0
2007-12-10 14:00:00+00:00,30,12,14,238.33544921875,229.4011993408203,0,0,0,0,0,0,0,0,0,0,0,0,0,0,1,1,1,0,0,0,0,0,0,0,0
2007-12-10 14:00:00+00:00,30,12,14,237.10743713378906,226.4334259033203,0,0,0,0,0,0,0,0,0,0,0,0,0,0,1,1,1,0,0,0,0,0,0,0,0
2007-12-10 14:00:00+00:00,30,12,14,,,0,0,0,0,0,0,0,0,0,0,0,0,0,0,0,0,0,0,0,0,0,0,0,0,0
2007-12-10 14:00:00+00:00,30,12,14,,,0,0,0,0,0,0,0,0,0,0,0,0,0,0,0,0,0,0,0,0,0,0,0,0,0
2007-12-10 14:00:00+00:00,30,12,14,185.34373474121094,165.7523956298828,0,0,0,0,0,0,0,0,0,0,0,0,0,1,1,1,1,0,0,0,0,0,0,0,0
2007-12-10 14:00:00+00:00,30,12,14,157.8268585205078,105.7763900756836,0,0,0,0,0,0,0,0,0,0,0,0,1,1,1,1,1,0,0,0,0,0,0,0,0
2007-12-10 14:00:00+00:00,30,12,14,,,0,0,0,0,0,0,0,0,0,0,0,0,0,0,0,0,0,0,0,0,0,0,0,0,0
2007-12-10 14:15:00+00:00,30,12,14,,,0,0,0,0,0,0,0,0,0,0,0,0,0,0,0,0,0,0,0,0,0,0,0,0,0
2007-12-10 14:15:00+00:00,30,12,14,226.69955444335938,114.5107421875,0,0,0,0,0,0,0,0,0,0,0,0,0,0,1,1,1,0,0,0,0,0,0,0,0
2007-12-10 14:15:00+00:00,30,12,14,,,0,0,0,0,0,0,0,0,0,0,0,0,0,0,0,0,0,0,0,0,0,0,0,0,0
2007-12-10 14:15:00+00:00,30,12,14,69.04190826416016,101.88488006591797,0,0,0,0,0,0,0,0,1,1,1,1,1,1,1,1,1,0,0,0,0,0,0,0,0
2007-12-10 14:15:00+00:00,30,12,14,104.58683776855469,98.38905334472656,0,0,0,0,0,0,0,0,0,0,1,1,1,1,1,1,1,0,0,0,0,0,0,0,0
2007-12-10 14:15:00+00:00,30,12,14,193.97897338867188,169.65736389160156,0,0,0,0,0,0,0,0,0,0,0,0,0,1,1,1,1,0,0,0,0,0,0,0,0
2007-12-10 14:30:00+00:00,30,12,14,55.35466003417969,14.31044864654541,0,0,0,0,0,0,0,1,1,1,1,1,1,1,1,1,1,0,1,1,1,1,1,1,1
2007-12-10 14:30:00+00:00,30,12,14,100.73191833496094,91.79110717773438,0,0,0,0,0,0,0,0,0,0,1,1,1,1,1,1,1,0,0,0,0,0,0,0,0
2007-12-10 14:30:00+00:00,30,12,14,114.60663604736328,33.39537811279297,0,0,0,0,0,0,0,0,0,0,1,1,1,1,1,1,1,0,0,0,0,0,1,1,1
2007-12-10 14:30:00+00:00,30,12,14,263.0752258300781,232.3307647705078,0,0,0,0,0,0,0,0,0,0,0,0,0,0,0,1,1,0,0,0,0,0,0,0,0
2007-12-10 14:30:00+00:00,30,12,14,240.17396545410156,213.84608459472656,0,0,0,0,0,0,0,0,0,0,0,0,0,0,1,1,1,0,0,0,0,0,0,0,0
2007-12-10 14:30:00+00:00,30,12,14,,,0,0,0,0,0,0,0,0,0,0,0,0,0,0,0,0,0,0,0,0,0,0,0,0,0
2007-12-10 14:30:00+00:00,30,12,14,,,0,0,0,0,0,0,0,0,0,0,0,0,0,0,0,0,0,0,0,0,0,0,0,0,0
2007-12-10 14:30:00+00:00,30,12,14,,,0,0,0,0,0,0,0,0,0,0,0,0,0,0,0,0,0,0,0,0,0,0,0,0,0
2007-12-10 14:30:00+00:00,30,12,14,194.91876220703125,188.84996032714844,0,0,0,0,0,0,0,0,0,0,0,0,0,1,1,1,1,0,0,0,0,0,0,0,0
2007-12-10 14:30:00+00:00,30,12,14,282.5274963378906,158.12060546875,0,0,0,0,0,0,0,0,0,0,0,0,0,0,0,1,1,0,0,0,0,0,0,0,0
2007-12-10 14:30:00+00:00,30,12,14,347.47564697265625,327.5482482910156,0,0,0,0,0,0,0,0,0,0,0,0,0,0,0,0,1,0,0,0,0,0,0,0,0
2007-12-10 14:30:00+00:00,30,12,14,220.6734619140625,185.14524841308594,0,0,0,0,0,0,0,0,0,0,0,0,0,0,1,1,1,0,0,0,0,0,0,0,0
2007-12-10 14:30:00+00:00,30,12,14,,,0,0,0,0,0,0,0,0,0,0,0,0,0,0,0,0,0,0,0,0,0,0,0,0,0
2007-12-10 14:30:00+00:00,30,12,14,,,0,0,0,0,0,0,0,0,0,0,0,0,0,0,0,0,0,0,0,0,0,0,0,0,0
2007-12-10 14:45:00+00:00,30,12,14,,,0,0,0,0,0,0,0,0,0,0,0,0,0,0,0,0,0,0,0,0,0,0,0,0,0
2007-12-10 14:45:00+00:00,30,12,14,383.31689453125,385.51904296875,0,0,0,0,0,0,0,0,0,0,0,0,0,0,0,0,0,0,0,0,0,0,0,0,0
2007-12-10 14:45:00+00:00,30,12,14,164.25991821289062,197.14239501953125,0,0,0,0,0,0,0,0,0,0,0,0,1,1,1,1,1,0,0,0,0,0,0,0,0
2007-12-10 14:45:00+00:00,30,12,14,,,0,0,0,0,0,0,0,0,0,0,0,0,0,0,0,0,0,0,0,0,0,0,0,0,0
2007-12-10 14:45:00+00:00,30,12,14,67.09845733642578,103.53050231933594,0,0,0,0,0,0,0,0,1,1,1,1,1,1,1,1,1,0,0,0,0,0,0,0,0
2007-12-10 14:45:00+00:00,30,12,14,,,0,0,0,0,0,0,0,0,0,0,0,0,0,0,0,0,0,0,0,0,0,0,0,0,0
2007-12-10 14:45:00+00:00,30,12,14,,,0,0,0,0,0,0,0,0,0,0,0,0,0,0,0,0,0,0,0,0,0,0,0,0,0
2007-12-10 14:45:00+00:00,30,12,14,,456.72412109375,0,0,0,0,0,0,0,0,0,0,0,0,0,0,0,0,0,0,0,0,0,0,0,0,0
2007-12-10 14:45:00+00:00,30,12,14,,15.323786735534668,0,0,0,0,0,0,0,0,0,0,0,0,0,0,0,0,0,0,0,1,1,1,1,1,1
2007-12-10 14:45:00+00:00,30,12,14,139.87535095214844,162.04776000976562,0,0,0,0,0,0,0,0,0,0,0,1,1,1,1,1,1,0,0,0,0,0,0,0,0
2007-12-10 14:45:00+00:00,30,12,14,449.49713134765625,422.7896423339844,0,0,0,0,0,0,0,0,0,0,0,0,0,0,0,0,0,0,0,0,0,0,0,0,0
2007-12-10 15:00:00+00:00,30,12,15,,,0,0,0,0,0,0,0,0,0,0,0,0,0,0,0,0,0,0,0,0,0,0,0,0,0
2007-12-10 15:00:00+00:00,30,12,15,228.8767852783203,230.26065063476562,0,0,0,0,0,0,0,0,0,0,0,0,0,0,1,1,1,0,0,0,0,0,0,0,0
2007-12-10 15:00:00+00:00,30,12,15,89.27774810791016,113.21424865722656,0,0,0,0,0,0,0,0,0,1,1,1,1,1,1,1,1,0,0,0,0,0,0,0,0
2007-12-10 15:00:00+00:00,30,12,15,,,0,0,0,0,0,0,0,0,0,0,0,0,0,0,0,0,0,0,0,0,0,0,0,0,0
2007-12-10 15:00:00+00:00,30,12,15,263.63421630859375,255.9936981201172,0,0,0,0,0,0,0,0,0,0,0,0,0,0,0,1,1,0,0,0,0,0,0,0,0
2007-12-10 15:00:00+00:00,30,12,15,,44.18174743652344,0,0,0,0,0,0,0,0,0,0,0,0,0,0,0,0,0,0,0,0,0,0,0,1,1
2007-12-10 15:00:00+00:00,30,12,15,156.636962890625,142.35972595214844,0,0,0,0,0,0,0,0,0,0,0,0,1,1,1,1,1,0,0,0,0,0,0,0,0
2007-12-10 15:00:00+00:00,30,12,15,314.8274841308594,345.3203430175781,0,0,0,0,0,0,0,0,0,0,0,0,0,0,0,0,1,0,0,0,0,0,0,0,0
2007-12-10 15:00:00+00:00,30,12,15,,,0,0,0,0,0,0,0,0,0,0,0,0,0,0,0,0,0,0,0,0,0,0,0,0,0
2007-12-10 15:15:00+00:00,30,12,15,,,0,0,0,0,0,0,0,0,0,0,0,0,0,0,0,0,0,0,0,0,0,0,0,0,0
2007-12-10 15:15:00+00:00,30,12,15,,,0,0,0,0,0,0,0,0,0,0,0,0,0,0,0,0,0,0,0,0,0,0,0,0,0
2007-12-10 15:15:00+00:00,30,12,15,52.97394943237305,63.529170989990234,0,0,0,0,0,0,0,1,1,1,1,1,1,1,1,1,1,0,0,0,0,0,0,0,0
2007-12-10 15:15:00+00:00,30,12,15,272.549560546875,269.6779479980469,0,0,0,0,0,0,0,0,0,0,0,0,0,0,0,1,1,0,0,0,0,0,0,0,0
2007-12-10 15:15:00+00:00,30,12,15,309.9073181152344,303.6955871582031,0,0,0,0,0,0,0,0,0,0,0,0,0,0,0,0,1,0,0,0,0,0,0,0,0
2007-12-10 15:15:00+00:00,30,12,15,,183.49009704589844,0,0,0,0,0,0,0,0,0,0,0,0,0,0,0,0,0,0,0,0,0,0,0,0,0
2007-12-10 15:15:00+00:00,30,12,15,363.04400634765625,148.65087890625,0,0,0,0,0,0,0,0,0,0,0,0,0,0,0,0,0,0,0,0,0,0,0,0,0
2007-12-10 15:15:00+00:00,30,12,15,401.078857421875,156.91009521484375,0,0,0,0,0,0,0,0,0,0,0,0,0,0,0,0,0,0,0,0,0,0,0,0,0
2007-12-10 15:15:00+00:00,30,12,15,,,0,0,0,0,0,0,0,0,0,0,0,0,0,0,0,0,0,0,0,0,0,0,0,0,0
2007-12-10 15:15:00+00:00,30,12,15,,201.84307861328125,0,0,0,0,0,0,0,0,0,0,0,0,0,0,0,0,0,0,0,0,0,0,0,0,0
2007-12-10 15:15:00+00:00,30,12,15,,,0,0,0,0,0,0,0,0,0,0,0,0,0,0,0,0,0,0,0,0,0,0,0,0,0
2007-12-10 15:15:00+00:00,30,12,15,,,0,0,0,0,0,0,0,0,0,0,0,0,0,0,0,0,0,0,0,0,0,0,0,0,0
2007-12-10 15:30:00+00:00,30,12,15,,,0,0,0,0,0,0,0,0,0,0,0,0,0,0,0,0,0,0,0,0,0,0,0,0,0
2007-12-10 15:30:00+00:00,30,12,15,,,0,0,0,0,0,0,0,0,0,0,0,0,0,0,0,0,0,0,0,0,0,0,0,0,0
2007-12-10 15:30:00+00:00,30,12,15,170.11044311523438,204.39334106445312,0,0,0,0,0,0,0,0,0,0,0,0,1,1,1,1,1,0,0,0,0,0,0,0,0
2007-12-10 15:30:00+00:00,30,12,15,108.54634094238281,36.51271057128906,0,0,0,0,0,0,0,0,0,0,1,1,1,1,1,1,1,0,0,0,0,0,1,1,1
2007-12-10 15:30:00+00:00,30,12,15,161.42893981933594,170.55178833007812,0,0,0,0,0,0,0,0,0,0,0,0,1,1,1,1,1,0,0,0,0,0,0,0,0
2007-12-10 15:30:00+00:00,30,12,15,,,0,0,0,0,0,0,0,0,0,0,0,0,0,0,0,0,0,0,0,0,0,0,0,0,0
2007-12-10 15:30:00+00:00,30,12,15,,,0,0,0,0,0,0,0,0,0,0,0,0,0,0,0,0,0,0,0,0,0,0,0,0,0
2007-12-10 15:30:00+00:00,30,12,15,,,0,0,0,0,0,0,0,0,0,0,0,0,0,0,0,0,0,0,0,0,0,0,0,0,0
2007-12-10 15:30:00+00:00,30,12,15,,242.34942626953125,0,0,0,0,0,0,0,0,0,0,0,0,0,0,0,0,0,0,0,0,0,0,0,0,0
2007-12-10 15:30:00+00:00,30,12,15,,138.8193359375,0,0,0,0,0,0,0,0,0,0,0,0,0,0,0,0,0,0,0,0,0,0,0,0,0
2007-12-10 15:45:00+00:00,30,12,15,127.31849670410156,,0,0,0,0,0,0,0,0,0,0,0,1,1,1,1,1,1,0,0,0,0,0,0,0,0
2007-12-10 15:45:00+00:00,30,12,15,,,0,0,0,0,0,0,0,0,0,0,0,0,0,0,0,0,0,0,0,0,0,0,0,0,0
2007-12-10 15:45:00+00:00,30,12,15,,,0,0,0,0,0,0,0,0,0,0,0,0,0,0,0,0,0,0,0,0,0,0,0,0,0
2007-12-10 15:45:00+00:00,30,12,15,125.91045379638672,110.20530700683594,0,0,0,0,0,0,0,0,0,0,0,1,1,1,1,1,1,0,0,0,0,0,0,0,0
2007-12-10 15:45:00+00:00,30,12,15,,270.62774658203125,0,0,0,0,0,0,0,0,0,0,0,0,0,0,0,0,0,0,0,0,0,0,0,0,0
2007-12-10 16:00:00+00:00,30,12,16,442.5186767578125,320.4588317871094,0,0,0,0,0,0,0,0,0,0,0,0,0,0,0,0,0,0,0,0,0,0,0,0,0
2007-12-10 16:00:00+00:00,30,12,16,101.0843276977539,,0,0,0,0,0,0,0,0,0,0,1,1,1,1,1,1,1,0,0,0,0,0,0,0,0
2007-12-10 16:00:00+00:00,30,12,16,101.20352935791016,114.35836791992188,0,0,0,0,0,0,0,0,0,0,1,1,1,1,1,1,1,0,0,0,0,0,0,0,0
2007-12-10 16:00:00+00:00,30,12,16,139.6468963623047,332.0949401855469,0,0,0,0,0,0,0,0,0,0,0,1,1,1,1,1,1,0,0,0,0,0,0,0,0
2007-12-10 16:00:00+00:00,30,12,16,,,0,0,0,0,0,0,0,0,0,0,0,0,0,0,0,0,0,0,0,0,0,0,0,0,0
2007-12-10 16:15:00+00:00,30,12,16,119.89747619628906,123.23472595214844,0,0,0,0,0,0,0,0,0,0,1,1,1,1,1,1,1,0,0,0,0,0,0,0,0
2007-12-10 16:15:00+00:00,30,12,16,,,0,0,0,0,0,0,0,0,0,0,0,0,0,0,0,0,0,0,0,0,0,0,0,0,0
2007-12-10 16:15:00+00:00,30,12,16,,,0,0,0,0,0,0,0,0,0,0,0,0,0,0,0,0,0,0,0,0,0,0,0,0,0
2007-12-10 16:15:00+00:00,30,12,16,113.82048034667969,107.5886459350586,0,0,0,0,0,0,0,0,0,0,1,1,1,1,1,1,1,0,0,0,0,0,0,0,0
2007-12-10 16:30:00+00:00,30,12,16,,,0,0,0,0,0,0,0,0,0,0,0,0,0,0,0,0,0,0,0,0,0,0,0,0,0
2007-12-10 16:30:00+00:00,30,12,16,157.8944549560547,154.18045043945312,0,0,0,0,0,0,0,0,0,0,0,0,1,1,1,1,1,0,0,0,0,0,0,0,0
2007-12-10 16:30:00+00:00,30,12,16,183.22962951660156,186.26490783691406,0,0,0,0,0,0,0,0,0,0,0,0,0,1,1,1,1,0,0,0,0,0,0,0,0
2007-12-10 16:45:00+00:00,30,12,16,,,0,0,0,0,0,0,0,0,0,0,0,0,0,0,0,0,0,0,0,0,0,0,0,0,0
2007-12-10 16:45:00+00:00,30,12,16,,,0,0,0,0,0,0,0,0,0,0,0,0,0,0,0,0,0,0,0,0,0,0,0,0,0
2007-12-10 16:45:00+00:00,30,12,16,,,0,0,0,0,0,0,0,0,0,0,0,0,0,0,0,0,0,0,0,0,0,0,0,0,0
2007-12-10 16:45:00+00:00,30,12,16,215.7918701171875,206.64723205566406,0,0,0,0,0,0,0,0,0,0,0,0,0,0,1,1,1,0,0,0,0,0,0,0,0
2007-12-10 16:45:00+00:00,30,12,16,420.0827941894531,455.0635681152344,0,0,0,0,0,0,0,0,0,0,0,0,0,0,0,0,0,0,0,0,0,0,0,0,0
2007-12-10 16:45:00+00:00,30,12,16,110.53194427490234,115.70710754394531,0,0,0,0,0,0,0,0,0,0,1,1,1,1,1,1,1,0,0,0,0,0,0,0,0
2007-12-10 16:45:00+00:00,30,12,16,593.3521728515625,604.186767578125,0,0,0,0,0,0,0,0,0,0,0,0,0,0,0,0,0,0,0,0,0,0,0,0,0
2007-12-10 16:45:00+00:00,30,12,16,,,0,0,0,0,0,0,0,0,0,0,0,0,0,0,0,0,0,0,0,0,0,0,0,0,0
2007-12-10 16:45:00+00:00,30,12,16,,,0,0,0,0,0,0,0,0,0,0,0,0,0,0,0,0,0,0,0,0,0,0,0,0,0
2007-12-10 16:45:00+00:00,30,12,16,329.6506042480469,357.5631103515625,0,0,0,0,0,0,0,0,0,0,0,0,0,0,0,0,1,0,0,0,0,0,0,0,0
2007-12-10 16:45:00+00:00,30,12,16,,,0,0,0,0,0,0,0,0,0,0,0,0,0,0,0,0,0,0,0,0,0,0,0,0,0
2007-12-10 16:45:00+00:00,30,12,16,,,0,0,0,0,0,0,0,0,0,0,0,0,0,0,0,0,0,0,0,0,0,0,0,0,0
2007-12-10 16:45:00+00:00,30,12,16,354.86529541015625,55.55928039550781,0,0,0,0,0,0,0,0,0,0,0,0,0,0,0,0,0,0,0,0,0,0,0,0,1
2007-12-10 17:00:00+00:00,30,12,17,71.55013275146484,63.84773635864258,0,0,0,0,0,0,0,0,1,1,1,1,1,1,1,1,1,0,0,0,0,0,0,0,0
2007-12-10 17:00:00+00:00,30,12,17,,396.495361328125,0,0,0,0,0,0,0,0,0,0,0,0,0,0,0,0,0,0,0,0,0,0,0,0,0
2007-12-10 17:00:00+00:00,30,12,17,424.2911376953125,0.0,0,0,0,0,0,0,0,0,0,0,0,0,0,0,0,0,0,1,1,1,1,1,1,1,1
2007-12-10 17:00:00+00:00,30,12,17,,,0,0,0,0,0,0,0,0,0,0,0,0,0,0,0,0,0,0,0,0,0,0,0,0,0
2007-12-10 17:15:00+00:00,30,12,17,,,0,0,0,0,0,0,0,0,0,0,0,0,0,0,0,0,0,0,0,0,0,0,0,0,0
2007-12-10 17:15:00+00:00,30,12,17,163.66201782226562,148.79971313476562,0,0,0,0,0,0,0,0,0,0,0,0,1,1,1,1,1,0,0,0,0,0,0,0,0
2007-12-10 17:15:00+00:00,30,12,17,202.72488403320312,217.06236267089844,0,0,0,0,0,0,0,0,0,0,0,0,0,0,1,1,1,0,0,0,0,0,0,0,0
2007-12-10 17:15:00+00:00,30,12,17,,,0,0,0,0,0,0,0,0,0,0,0,0,0,0,0,0,0,0,0,0,0,0,0,0,0
2007-12-10 17:15:00+00:00,30,12,17,,,0,0,0,0,0,0,0,0,0,0,0,0,0,0,0,0,0,0,0,0,0,0,0,0,0
2007-12-10 17:30:00+00:00,30,12,17,,,0,0,0,0,0,0,0,0,0,0,0,0,0,0,0,0,0,0,0,0,0,0,0,0,0
2007-12-10 17:30:00+00:00,30,12,17,58.50929641723633,326.0456237792969,0,0,0,0,0,0,0,1,1,1,1,1,1,1,1,1,1,0,0,0,0,0,0,0,0
2007-12-10 17:30:00+00:00,30,12,17,293.4907531738281,91.64958953857422,0,0,0,0,0,0,0,0,0,0,0,0,0,0,0,1,1,0,0,0,0,0,0,0,0
2007-12-10 17:30:00+00:00,30,12,17,,417.296875,0,0,0,0,0,0,0,0,0,0,0,0,0,0,0,0,0,0,0,0,0,0,0,0,0
2007-12-10 17:45:00+00:00,30,12,17,,,0,0,0,0,0,0,0,0,0,0,0,0,0,0,0,0,0,0,0,0,0,0,0,0,0
2007-12-11 10:00:00+00:00,30,12,10,,,0,0,0,0,0,0,0,0,0,0,0,0,0,0,0,0,0,0,0,0,0,0,0,0,0
2007-12-11 10:00:00+00:00,30,12,10,,,0,0,0,0,0,0,0,0,0,0,0,0,0,0,0,0,0,0,0,0,0,0,0,0,0
2007-12-11 10:00:00+00:00,30,12,10,481.3647155761719,445.8657531738281,0,0,0,0,0,0,0,0,0,0,0,0,0,0,0,0,0,0,0,0,0,0,0,0,0
2007-12-11 10:00:00+00:00,30,12,10,,168.3013458251953,0,0,0,0,0,0,0,0,0,0,0,0,0,0,0,0,0,0,0,0,0,0,0,0,0
2007-12-11 10:00:00+00:00,30,12,10,,251.04537963867188,0,0,0,0,0,0,0,0,0,0,0,0,0,0,0,0,0,0,0,0,0,0,0,0,0
2007-12-11 10:00:00+00:00,30,12,10,293.7462463378906,292.94415283203125,0,0,0,0,0,0,0,0,0,0,0,0,0,0,0,1,1,0,0,0,0,0,0,0,0
2007-12-11 10:00:00+00:00,30,12,10,265.5425720214844,264.5771484375,0,0,0,0,0,0,0,0,0,0,0,0,0,0,0,1,1,0,0,0,0,0,0,0,0
2007-12-11 10:00:00+00:00,30,12,10,354.6640930175781,354.6640930175781,0,0,0,0,0,0,0,0,0,0,0,0,0,0,0,0,0,0,0,0,0,0,0,0,0
2007-12-11 10:00:00+00:00,30,12,10,41.73294448852539,55.293819427490234,0,0,0,0,0,0,1,1,1,1,1,1,1,1,1,1,1,0,0,0,0,0,0,0,1
2007-12-11 10:00:00+00:00,30,12,10,,224.81004333496094,0,0,0,0,0,0,0,0,0,0,0,0,0,0,0,0,0,0,0,0,0,0,0,0,0
2007-12-11 10:00:00+00:00,30,12,10,,,0,0,0,0,0,0,0,0,0,0,0,0,0,0,0,0,0,0,0,0,0,0,0,0,0
2007-12-11 10:00:00+00:00,30,12,10,42.759185791015625,91.8506851196289,0,0,0,0,0,0,1,1,1,1,1,1,1,1,1,1,1,0,0,0,0,0,0,0,0
2007-12-11 10:00:00+00:00,30,12,10,,487.33795166015625,0,0,0,0,0,0,0,0,0,0,0,0,0,0,0,0,0,0,0,0,0,0,0,0,0
2007-12-11 10:00:00+00:00,30,12,10,121.22876739501953,100.26299285888672,0,0,0,0,0,0,0,0,0,0,0,1,1,1,1,1,1,0,0,0,0,0,0,0,0
2007-12-11 10:00:00+00:00,30,12,10,,,0,0,0,0,0,0,0,0,0,0,0,0,0,0,0,0,0,0,0,0,0,0,0,0,0
2007-12-11 10:00:00+00:00,30,12,10,,,0,0,0,0,0,0,0,0,0,0,0,0,0,0,0,0,0,0,0,0,0,0,0,0,0
2007-12-11 10:00:00+00:00,30,12,10,389.5965576171875,255.0139617919922,0,0,0,0,0,0,0,0,0,0,0,0,0,0,0,0,0,0,0,0,0,0,0,0,0
2007-12-11 10:00:00+00:00,30,12,10,338.95111083984375,194.1623077392578,0,0,0,0,0,0,0,0,0,0,0,0,0,0,0,0,1,0,0,0,0,0,0,0,0
2007-12-11 10:00:00+00:00,30,12,10,339.172607421875,271.2131042480469,0,0,0,0,0,0,0,0,0,0,0,0,0,0,0,0,1,0,0,0,0,0,0,0,0
2007-12-11 10:00:00+00:00,30,12,10,356.5101013183594,263.15325927734375,0,0,0,0,0,0,0,0,0,0,0,0,0,0,0,0,0,0,0,0,0,0,0,0,0
2007-12-11 10:00:00+00:00,30,12,10,398.7218933105469,231.1312255859375,0,0,0,0,0,0,0,0,0,0,0,0,0,0,0,0,0,0,0,0,0,0,0,0,0
2007-12-11 10:00:00+00:00,30,12,10,324.4761657714844,226.42156982421875,0,0,0,0,0,0,0,0,0,0,0,0,0,0,0,0,1,0,0,0,0,0,0,0,0
2007-12-11 10:00:00+00:00,30,12,10,212.76243591308594,124.12950134277344,0,0,0,0,0,0,0,0,0,0,0,0,0,0,1,1,1,0,0,0,0,0,0,0,0
2007-12-11 10:00:00+00:00,30,12,10,,,0,0,0,0,0,0,0,0,0,0,0,0,0,0,0,0,0,0,0,0,0,0,0,0,0
2007-12-11 10:00:00+00:00,30,12,10,,,0,0,0,0,0,0,0,0,0,0,0,0,0,0,0,0,0,0,0,0,0,0,0,0,0
2007-12-11 10:00:00+00:00,30,12,10,231.14732360839844,127.64164733886719,0,0,0,0,0,0,0,0,0,0,0,0,0,0,1,1,1,0,0,0,0,0,0,0,0
2007-12-11 10:15:00+00:00,30,12,10,,198.33665466308594,0,0,0,0,0,0,0,0,0,0,0,0,0,0,0,0,0,0,0,0,0,0,0,0,0
2007-12-11 10:15:00+00:00,30,12,10,238.8778839111328,238.8778839111328,0,0,0,0,0,0,0,0,0,0,0,0,0,0,1,1,1,0,0,0,0,0,0,0,0
2007-12-11 10:15:00+00:00,30,12,10,123.52488708496094,123.7158203125,0,0,0,0,0,0,0,0,0,0,0,1,1,1,1,1,1,0,0,0,0,0,0,0,0
2007-12-11 10:15:00+00:00,30,12,10,345.6419372558594,345.6419372558594,0,0,0,0,0,0,0,0,0,0,0,0,0,0,0,0,1,0,0,0,0,0,0,0,0
2007-12-11 10:15:00+00:00,30,12,10,204.1610107421875,128.79579162597656,0,0,0,0,0,0,0,0,0,0,0,0,0,0,1,1,1,0,0,0,0,0,0,0,0
2007-12-11 10:15:00+00:00,30,12,10,146.4686279296875,324.5602722167969,0,0,0,0,0,0,0,0,0,0,0,1,1,1,1,1,1,0,0,0,0,0,0,0,0
2007-12-11 10:15:00+00:00,30,12,10,,,0,0,0,0,0,0,0,0,0,0,0,0,0,0,0,0,0,0,0,0,0,0,0,0,0
2007-12-11 10:15:00+00:00,30,12,10,,,0,0,0,0,0,0,0,0,0,0,0,0,0,0,0,0,0,0,0,0,0,0,0,0,0
2007-12-11 10:15:00+00:00,30,12,10,109.52688598632812,164.82131958007812,0,0,0,0,0,0,0,0,0,0,1,1,1,1,1,1,1,0,0,0,0,0,0,0,0
2007-12-11 10:15:00+00:00,30,12,10,,,0,0,0,0,0,0,0,0,0,0,0,0,0,0,0,0,0,0,0,0,0,0,0,0,0
2007-12-11 10:15:00+00:00,30,12,10,234.5957794189453,214.87588500976562,0,0,0,0,0,0,0,0,0,0,0,0,0,0,1,1,1,0,0,0,0,0,0,0,0
2007-12-11 10:15:00+00:00,30,12,10,246.72323608398438,237.68016052246094,0,0,0,0,0,0,0,0,0,0,0,0,0,0,1,1,1,0,0,0,0,0,0,0,0
2007-12-11 10:15:00+00:00,30,12,10,342.7401428222656,318.7622375488281,0,0,0,0,0,0,0,0,0,0,0,0,0,0,0,0,1,0,0,0,0,0,0,0,0
2007-12-11 10:15:00+00:00,30,12,10,340.3570861816406,317.35992431640625,0,0,0,0,0,0,0,0,0,0,0,0,0,0,0,0,1,0,0,0,0,0,0,0,0
2007-12-11 10:15:00+00:00,30,12,10,282.3455505371094,260.2284851074219,0,0,0,0,0,0,0,0,0,0,0,0,0,0,0,1,1,0,0,0,0,0,0,0,0
2007-12-11 10:15:00+00:00,30,12,10,307.6633605957031,127.14715576171875,0,0,0,0,0,0,0,0,0,0,0,0,0,0,0,0,1,0,0,0,0,0,0,0,0
2007-12-11 10:15:00+00:00,30,12,10,189.37020874023438,171.18185424804688,0,0,0,0,0,0,0,0,0,0,0,0,0,1,1,1,1,0,0,0,0,0,0,0,0
2007-12-11 10:30:00+00:00,30,12,10,,,0,0,0,0,0,0,0,0,0,0,0,0,0,0,0,0,0,0,0,0,0,0,0,0,0
2007-12-11 10:30:00+00:00,30,12,10,,,0,0,0,0,0,0,0,0,0,0,0,0,0,0,0,0,0,0,0,0,0,0,0,0,0
2007-12-11 10:30:00+00:00,30,12,10,459.10662841796875,329.53643798828125,0,0,0,0,0,0,0,0,0,0,0,0,0,0,0,0,0,0,0,0,0,0,0,0,0
2007-12-11 10:30:00+00:00,30,12,10,147.16201782226562,107.96009826660156,0,0,0,0,0,0,0,0,0,0,0,1,1,1,1,1,1,0,0,0,0,0,0,0,0
2007-12-11 10:30:00+00:00,30,12,10,213.6615447998047,121.9765853881836,0,0,0,0,0,0,0,0,0,0,0,0,0,0,1,1,1,0,0,0,0,0,0,0,0
2007-12-11 10:30:00+00:00,30,12,10,111.49668884277344,159.95030212402344,0,0,0,0,0,0,0,0,0,0,1,1,1,1,1,1,1,0,0,0,0,0,0,0,0
2007-12-11 10:30:00+00:00,30,12,10,100.72420501708984,42.9884033203125,0,0,0,0,0,0,0,0,0,0,1,1,1,1,1,1,1,0,0,0,0,0,0,1,1
2007-12-11 10:30:00+00:00,30,12,10,252.62684631347656,250.73060607910156,0,0,0,0,0,0,0,0,0,0,0,0,0,0,0,1,1,0,0,0,0,0,0,0,0
2007-12-11 10:30:00+00:00,30,12,10,115.85344696044922,145.01454162597656,0,0,0,0,0,0,0,0,0,0,1,1,1,1,1,1,1,0,0,0,0,0,0,0,0
2007-12-11 10:30:00+00:00,30,12,10,90.11473846435547,96.83763122558594,0,0,0,0,0,0,0,0,0,1,1,1,1,1,1,1,1,0,0,0,0,0,0,0,0
2007-12-11 10:30:00+00:00,30,12,10,,,0,0,0,0,0,0,0,0,0,0,0,0,0,0,0,0,0,0,0,0,0,0,0,0,0
2007-12-11 10:30:00+00:00,30,12,10,202.30252075195312,203.8462371826172,0,0,0,0,0,0,0,0,0,0,0,0,0,0,1,1,1,0,0,0,0,0,0,0,0
2007-12-11 10:30:00+00:00,30,12,10,308.2703857421875,156.42440795898438,0,0,0,0,0,0,0,0,0,0,0,0,0,0,0,0,1,0,0,0,0,0,0,0,0
2007-12-11 10:30:00+00:00,30,12,10,216.10475158691406,106.31790924072266,0,0,0,0,0,0,0,0,0,0,0,0,0,0,1,1,1,0,0,0,0,0,0,0,0
2007-12-11 10:30:00+00:00,30,12,10,,,0,0,0,0,0,0,0,0,0,0,0,0,0,0,0,0,0,0,0,0,0,0,0,0,0
2007-12-11 10:30:00+00:00,30,12,10,,,0,0,0,0,0,0,0,0,0,0,0,0,0,0,0,0,0,0,0,0,0,0,0,0,0
2007-12-11 10:30:00+00:00,30,12,10,,,0,0,0,0,0,0,0,0,0,0,0,0,0,0,0,0,0,0,0,0,0,0,0,0,0
2007-12-11 10:30:00+00:00,30,12,10,,,0,0,0,0,0,0,0,0,0,0,0,0,0,0,0,0,0,0,0,0,0,0,0,0,0
2007-12-11 10:30:00+00:00,30,12,10,,,0,0,0,0,0,0,0,0,0,0,0,0,0,0,0,0,0,0,0,0,0,0,0,0,0
2007-12-11 10:30:00+00:00,30,12,10,373.8894958496094,363.66204833984375,0,0,0,0,0,0,0,0,0,0,0,0,0,0,0,0,0,0,0,0,0,0,0,0,0
2007-12-11 10:30:00+00:00,30,12,10,310.6329345703125,300.4230651855469,0,0,0,0,0,0,0,0,0,0,0,0,0,0,0,0,1,0,0,0,0,0,0,0,0
2007-12-11 10:30:00+00:00,30,12,10,176.77304077148438,180.48797607421875,0,0,0,0,0,0,0,0,0,0,0,0,1,1,1,1,1,0,0,0,0,0,0,0,0
2007-12-11 10:30:00+00:00,30,12,10,329.8373718261719,309.6549377441406,0,0,0,0,0,0,0,0,0,0,0,0,0,0,0,0,1,0,0,0,0,0,0,0,0
2007-12-11 10:30:00+00:00,30,12,10,77.97822570800781,68.35816955566406,0,0,0,0,0,0,0,0,1,1,1,1,1,1,1,1,1,0,0,0,0,0,0,0,0
2007-12-11 10:30:00+00:00,30,12,10,181.54708862304688,161.2140655517578,0,0,0,0,0,0,0,0,0,0,0,0,0,1,1,1,1,0,0,0,0,0,0,0,0
2007-12-11 10:45:00+00:00,30,12,10,384.52569580078125,372.50482177734375,0,0,0,0,0,0,0,0,0,0,0,0,0,0,0,0,0,0,0,0,0,0,0,0,0
2007-12-11 10:45:00+00:00,30,12,10,172.46359252929688,157.1240692138672,0,0,0,0,0,0,0,0,0,0,0,0,1,1,1,1,1,0,0,0,0,0,0,0,0
2007-12-11 10:45:00+00:00,30,12,10,140.3346405029297,163.24496459960938,0,0,0,0,0,0,0,0,0,0,0,1,1,1,1,1,1,0,0,0,0,0,0,0,0
2007-12-11 10:45:00+00:00,30,12,10,80.22528839111328,75.70977783203125,0,0,0,0,0,0,0,0,0,1,1,1,1,1,1,1,1,0,0,0,0,0,0,0,0
2007-12-11 10:45:00+00:00,30,12,10,224.40676879882812,174.7830047607422,0,0,0,0,0,0,0,0,0,0,0,0,0,0,1,1,1,0,0,0,0,0,0,0,0
2007-12-11 10:45:00+00:00,30,12,10,130.47654724121094,3.348337173461914,0,0,0,0,0,0,0,0,0,0,0,1,1,1,1,1,1,1,1,1,1,1,1,1,1
2007-12-11 10:45:00+00:00,30,12,10,262.4012145996094,112.79691314697266,0,0,0,0,0,0,0,0,0,0,0,0,0,0,0,1,1,0,0,0,0,0,0,0,0
2007-12-11 10:45:00+00:00,30,12,10,273.31427001953125,266.4679260253906,0,0,0,0,0,0,0,0,0,0,0,0,0,0,0,1,1,0,0,0,0,0,0,0,0
2007-12-11 10:45:00+00:00,30,12,10,,,0,0,0,0,0,0,0,0,0,0,0,0,0,0,0,0,0,0,0,0,0,0,0,0,0
2007-12-11 10:45:00+00:00,30,12,10,277.41412353515625,251.9385528564453,0,0,0,0,0,0,0,0,0,0,0,0,0,0,0,1,1,0,0,0,0,0,0,0,0
2007-12-11 10:45:00+00:00,30,12,10,88.16415405273438,177.5027313232422,0,0,0,0,0,0,0,0,0,1,1,1,1,1,1,1,1,0,0,0,0,0,0,0,0
2007-12-11 10:45:00+00:00,30,12,10,,,0,0,0,0,0,0,0,0,0,0,0,0,0,0,0,0,0,0,0,0,0,0,0,0,0
2007-12-11 10:45:00+00:00,30,12,10,255.50331115722656,236.62713623046875,0,0,0,0,0,0,0,0,0,0,0,0,0,0,0,1,1,0,0,0,0,0,0,0,0
2007-12-11 11:00:00+00:00,30,12,11,,,0,0,0,0,0,0,0,0,0,0,0,0,0,0,0,0,0,0,0,0,0,0,0,0,0
2007-12-11 11:00:00+00:00,30,12,11,,,0,0,0,0,0,0,0,0,0,0,0,0,0,0,0,0,0,0,0,0,0,0,0,0,0
2007-12-11 11:00:00+00:00,30,12,11,,,0,0,0,0,0,0,0,0,0,0,0,0,0,0,0,0,0,0,0,0,0,0,0,0,0
2007-12-11 11:00:00+00:00,30,12,11,66.7968978881836,53.97187423706055,0,0,0,0,0,0,0,0,1,1,1,1,1,1,1,1,1,0,0,0,0,0,0,0,1
2007-12-11 11:00:00+00:00,30,12,11,213.4052276611328,162.40025329589844,0,0,0,0,0,0,0,0,0,0,0,0,0,0,1,1,1,0,0,0,0,0,0,0,0
2007-12-11 11:00:00+00:00,30,12,11,266.1843566894531,39.95346450805664,0,0,0,0,0,0,0,0,0,0,0,0,0,0,0,1,1,0,0,0,0,0,1,1,1
2007-12-11 11:00:00+00:00,30,12,11,,,0,0,0,0,0,0,0,0,0,0,0,0,0,0,0,0,0,0,0,0,0,0,0,0,0
2007-12-11 11:00:00+00:00,30,12,11,198.76380920410156,193.9097137451172,0,0,0,0,0,0,0,0,0,0,0,0,0,1,1,1,1,0,0,0,0,0,0,0,0
2007-12-11 11:00:00+00:00,30,12,11,,,0,0,0,0,0,0,0,0,0,0,0,0,0,0,0,0,0,0,0,0,0,0,0,0,0
2007-12-11 11:00:00+00:00,30,12,11,,,0,0,0,0,0,0,0,0,0,0,0,0,0,0,0,0,0,0,0,0,0,0,0,0,0
2007-12-11 11:00:00+00:00,30,12,11,,,0,0,0,0,0,0,0,0,0,0,0,0,0,0,0,0,0,0,0,0,0,0,0,0,0
2007-12-11 11:00:00+00:00,30,12,11,,,0,0,0,0,0,0,0,0,0,0,0,0,0,0,0,0,0,0,0,0,0,0,0,0,0
2007-12-11 11:00:00+00:00,30,12,11,,,0,0,0,0,0,0,0,0,0,0,0,0,0,0,0,0,0,0,0,0,0,0,0,0,0
2007-12-11 11:00:00+00:00,30,12,11,213.2016143798828,185.37313842773438,0,0,0,0,0,0,0,0,0,0,0,0,0,0,1,1,1,0,0,0,0,0,0,0,0
2007-12-11 11:00:00+00:00,30,12,11,231.2354278564453,190.75672912597656,0,0,0,0,0,0,0,0,0,0,0,0,0,0,1,1,1,0,0,0,0,0,0,0,0
2007-12-11 11:00:00+00:00,30,12,11,272.5942077636719,48.78774642944336,0,0,0,0,0,0,0,0,0,0,0,0,0,0,0,1,1,0,0,0,0,0,0,1,1
2007-12-11 11:00:00+00:00,30,12,11,405.14093017578125,334.7461242675781,0,0,0,0,0,0,0,0,0,0,0,0,0,0,0,0,0,0,0,0,0,0,0,0,0
2007-12-11 11:00:00+00:00,30,12,11,,588.1925048828125,0,0,0,0,0,0,0,0,0,0,0,0,0,0,0,0,0,0,0,0,0,0,0,0,0
2007-12-11 11:00:00+00:00,30,12,11,130.42962646484375,113.46302795410156,0,0,0,0,0,0,0,0,0,0,0,1,1,1,1,1,1,0,0,0,0,0,0,0,0
2007-12-11 11:15:00+00:00,30,12,11,,,0,0,0,0,0,0,0,0,0,0,0,0,0,0,0,0,0,0,0,0,0,0,0,0,0
2007-12-11 11:15:00+00:00,30,12,11,84.471923828125,78.83988189697266,0,0,0,0,0,0,0,0,0,1,1,1,1,1,1,1,1,0,0,0,0,0,0,0,0
2007-12-11 11:15:00+00:00,30,12,11,101.1454086303711,88.13719177246094,0,0,0,0,0,0,0,0,0,0,1,1,1,1,1,1,1,0,0,0,0,0,0,0,0
2007-12-11 11:15:00+00:00,30,12,11,47.521873474121094,141.97906494140625,0,0,0,0,0,0,1,1,1,1,1,1,1,1,1,1,1,0,0,0,0,0,0,0,0
2007-12-11 11:15:00+00:00,30,12,11,239.0550537109375,218.26686096191406,0,0,0,0,0,0,0,0,0,0,0,0,0,0,1,1,1,0,0,0,0,0,0,0,0
2007-12-11 11:15:00+00:00,30,12,11,181.14144897460938,175.18109130859375,0,0,0,0,0,0,0,0,0,0,0,0,0,1,1,1,1,0,0,0,0,0,0,0,0
2007-12-11 11:15:00+00:00,30,12,11,,490.08282470703125,0,0,0,0,0,0,0,0,0,0,0,0,0,0,0,0,0,0,0,0,0,0,0,0,0
2007-12-11 11:15:00+00:00,30,12,11,174.67840576171875,179.14002990722656,0,0,0,0,0,0,0,0,0,0,0,0,1,1,1,1,1,0,0,0,0,0,0,0,0
2007-12-11 11:15:00+00:00,30,12,11,,,0,0,0,0,0,0,0,0,0,0,0,0,0,0,0,0,0,0,0,0,0,0,0,0,0
2007-12-11 11:15:00+00:00,30,12,11,94.51909637451172,54.53789138793945,0,0,0,0,0,0,0,0,0,1,1,1,1,1,1,1,1,0,0,0,0,0,0,0,1
2007-12-11 11:15:00+00:00,30,12,11,,,0,0,0,0,0,0,0,0,0,0,0,0,0,0,0,0,0,0,0,0,0,0,0,0,0
2007-12-11 11:15:00+00:00,30,12,11,,,0,0,0,0,0,0,0,0,0,0,0,0,0,0,0,0,0,0,0,0,0,0,0,0,0
2007-12-11 11:15:00+00:00,30,12,11,,,0,0,0,0,0,0,0,0,0,0,0,0,0,0,0,0,0,0,0,0,0,0,0,0,0
2007-12-11 11:15:00+00:00,30,12,11,47.88259506225586,24.620079040527344,0,0,0,0,0,0,1,1,1,1,1,1,1,1,1,1,1,0,0,0,1,1,1,1,1
2007-12-11 11:15:00+00:00,30,12,11,,,0,0,0,0,0,0,0,0,0,0,0,0,0,0,0,0,0,0,0,0,0,0,0,0,0
2007-12-11 11:15:00+00:00,30,12,11,310.414794921875,250.61874389648438,0,0,0,0,0,0,0,0,0,0,0,0,0,0,0,0,1,0,0,0,0,0,0,0,0
2007-12-11 11:15:00+00:00,30,12,11,367.6461486816406,164.947509765625,0,0,0,0,0,0,0,0,0,0,0,0,0,0,0,0,0,0,0,0,0,0,0,0,0
2007-12-11 11:15:00+00:00,30,12,11,,564.5188598632812,0,0,0,0,0,0,0,0,0,0,0,0,0,0,0,0,0,0,0,0,0,0,0,0,0
2007-12-11 11:30:00+00:00,30,12,11,,,0,0,0,0,0,0,0,0,0,0,0,0,0,0,0,0,0,0,0,0,0,0,0,0,0
2007-12-11 11:30:00+00:00,30,12,11,53.72427749633789,125.55430603027344,0,0,0,0,0,0,0,1,1,1,1,1,1,1,1,1,1,0,0,0,0,0,0,0,0
2007-12-11 11:30:00+00:00,30,12,11,111.09678649902344,80.77107238769531,0,0,0,0,0,0,0,0,0,0,1,1,1,1,1,1,1,0,0,0,0,0,0,0,0
2007-12-11 11:30:00+00:00,30,12,11,189.7913055419922,188.55157470703125,0,0,0,0,0,0,0,0,0,0,0,0,0,1,1,1,1,0,0,0,0,0,0,0,0
2007-12-11 11:30:00+00:00,30,12,11,159.45657348632812,122.03462982177734,0,0,0,0,0,0,0,0,0,0,0,0,1,1,1,1,1,0,0,0,0,0,0,0,0
2007-12-11 11:30:00+00:00,30,12,11,,,0,0,0,0,0,0,0,0,0,0,0,0,0,0,0,0,0,0,0,0,0,0,0,0,0
2007-12-11 11:30:00+00:00,30,12,11,,372.19903564453125,0,0,0,0,0,0,0,0,0,0,0,0,0,0,0,0,0,0,0,0,0,0,0,0,0
2007-12-11 11:30:00+00:00,30,12,11,166.42665100097656,155.94442749023438,0,0,0,0,0,0,0,0,0,0,0,0,1,1,1,1,1,0,0,0,0,0,0,0,0
2007-12-11 11:30:00+00:00,30,12,11,489.8026123046875,516.580810546875,0,0,0,0,0,0,0,0,0,0,0,0,0,0,0,0,0,0,0,0,0,0,0,0,0
2007-12-11 11:30:00+00:00,30,12,11,,,0,0,0,0,0,0,0,0,0,0,0,0,0,0,0,0,0,0,0,0,0,0,0,0,0
2007-12-11 11:30:00+00:00,30,12,11,66.5117416381836,251.0129852294922,0,0,0,0,0,0,0,0,1,1,1,1,1,1,1,1,1,0,0,0,0,0,0,0,0
2007-12-11 11:30:00+00:00,30,12,11,,,0,0,0,0,0,0,0,0,0,0,0,0,0,0,0,0,0,0,0,0,0,0,0,0,0
2007-12-11 11:30:00+00:00,30,12,11,,,0,0,0,0,0,0,0,0,0,0,0,0,0,0,0,0,0,0,0,0,0,0,0,0,0
2007-12-11 11:30:00+00:00,30,12,11,127.35818481445312,98.03577423095703,0,0,0,0,0,0,0,0,0,0,0,1,1,1,1,1,1,0,0,0,0,0,0,0,0
2007-12-11 11:30:00+00:00,30,12,11,321.0406494140625,93.96553039550781,0,0,0,0,0,0,0,0,0,0,0,0,0,0,0,0,1,0,0,0,0,0,0,0,0
2007-12-11 11:30:00+00:00,30,12,11,,,0,0,0,0,0,0,0,0,0,0,0,0,0,0,0,0,0,0,0,0,0,0,0,0,0
2007-12-11 11:30:00+00:00,30,12,11,132.59800720214844,88.23645782470703,0,0,0,0,0,0,0,0,0,0,0,1,1,1,1,1,1,0,0,0,0,0,0,0,0
2007-12-11 11:30:00+00:00,30,12,11,,,0,0,0,0,0,0,0,0,0,0,0,0,0,0,0,0,0,0,0,0,0,0,0,0,0
2007-12-11 11:30:00+00:00,30,12,11,,188.88963317871094,0,0,0,0,0,0,0,0,0,0,0,0,0,0,0,0,0,0,0,0,0,0,0,0,0
2007-12-11 11:30:00+00:00,30,12,11,328.91680908203125,309.2152404785156,0,0,0,0,0,0,0,0,0,0,0,0,0,0,0,0,1,0,0,0,0,0,0,0,0
2007-12-11 11:30:00+00:00,30,12,11,,,0,0,0,0,0,0,0,0,0,0,0,0,0,0,0,0,0,0,0,0,0,0,0,0,0
2007-12-11 11:45:00+00:00,30,12,11,,,0,0,0,0,0,0,0,0,0,0,0,0,0,0,0,0,0,0,0,0,0,0,0,0,0
2007-12-11 11:45:00+00:00,30,12,11,,,0,0,0,0,0,0,0,0,0,0,0,0,0,0,0,0,0,0,0,0,0,0,0,0,0
2007-12-11 11:45:00+00:00,30,12,11,184.23829650878906,227.64527893066406,0,0,0,0,0,0,0,0,0,0,0,0,0,1,1,1,1,0,0,0,0,0,0,0,0
2007-12-11 11:45:00+00:00,30,12,11,375.5926208496094,247.01678466796875,0,0,0,0,0,0,0,0,0,0,0,0,0,0,0,0,0,0,0,0,0,0,0,0,0
2007-12-11 11:45:00+00:00,30,12,11,108.07134246826172,104.04199981689453,0,0,0,0,0,0,0,0,0,0,1,1,1,1,1,1,1,0,0,0,0,0,0,0,0
2007-12-11 11:45:00+00:00,30,12,11,258.2102355957031,223.50140380859375,0,0,0,0,0,0,0,0,0,0,0,0,0,0,0,1,1,0,0,0,0,0,0,0,0
2007-12-11 11:45:00+00:00,30,12,11,109.93285369873047,102.87374114990234,0,0,0,0,0,0,0,0,0,0,1,1,1,1,1,1,1,0,0,0,0,0,0,0,0
2007-12-11 11:45:00+00:00,30,12,11,,,0,0,0,0,0,0,0,0,0,0,0,0,0,0,0,0,0,0,0,0,0,0,0,0,0
2007-12-11 11:45:00+00:00,30,12,11,205.47789001464844,282.88739013671875,0,0,0,0,0,0,0,0,0,0,0,0,0,0,1,1,1,0,0,0,0,0,0,0,0
2007-12-11 11:45:00+00:00,30,12,11,,,0,0,0,0,0,0,0,0,0,0,0,0,0,0,0,0,0,0,0,0,0,0,0,0,0
2007-12-11 11:45:00+00:00,30,12,11,381.9930419921875,360.21832275390625,0,0,0,0,0,0,0,0,0,0,0,0,0,0,0,0,0,0,0,0,0,0,0,0,0
2007-12-11 11:45:00+00:00,30,12,11,,,0,0,0,0,0,0,0,0,0,0,0,0,0,0,0,0,0,0,0,0,0,0,0,0,0
2007-12-11 11:45:00+00:00,30,12,11,,,0,0,0,0,0,0,0,0,0,0,0,0,0,0,0,0,0,0,0,0,0,0,0,0,0
2007-12-11 11:45:00+00:00,30,12,11,71.3688735961914,105.12918853759766,0,0,0,0,0,0,0,0,1,1,1,1,1,1,1,1,1,0,0,0,0,0,0,0,0
2007-12-11 11:45:00+00:00,30,12,11,237.57359313964844,217.0126190185547,0,0,0,0,0,0,0,0,0,0,0,0,0,0,1,1,1,0,0,0,0,0,0,0,0
2007-12-11 11:45:00+00:00,30,12,11,59.26313400268555,44.265625,0,0,0,0,0,0,0,1,1,1,1,1,1,1,1,1,1,0,0,0,0,0,0,1,1
2007-12-11 11:45:00+00:00,30,12,11,,,0,0,0,0,0,0,0,0,0,0,0,0,0,0,0,0,0,0,0,0,0,0,0,0,0
2007-12-11 11:45:00+00:00,30,12,11,,,0,0,0,0,0,0,0,0,0,0,0,0,0,0,0,0,0,0,0,0,0,0,0,0,0
2007-12-11 11:45:00+00:00,30,12,11,,,0,0,0,0,0,0,0,0,0,0,0,0,0,0,0,0,0,0,0,0,0,0,0,0,0
2007-12-11 11:45:00+00:00,30,12,11,189.08604431152344,175.90365600585938,0,0,0,0,0,0,0,0,0,0,0,0,0,1,1,1,1,0,0,0,0,0,0,0,0
2007-12-11 11:45:00+00:00,30,12,11,176.2426300048828,151.54779052734375,0,0,0,0,0,0,0,0,0,0,0,0,1,1,1,1,1,0,0,0,0,0,0,0,0
2007-12-11 11:45:00+00:00,30,12,11,177.0162811279297,171.4538116455078,0,0,0,0,0,0,0,0,0,0,0,0,1,1,1,1,1,0,0,0,0,0,0,0,0
2007-12-11 11:45:00+00:00,30,12,11,,,0,0,0,0,0,0,0,0,0,0,0,0,0,0,0,0,0,0,0,0,0,0,0,0,0
2007-12-11 11:45:00+00:00,30,12,11,135.6241455078125,146.25918579101562,0,0,0,0,0,0,0,0,0,0,0,1,1,1,1,1,1,0,0,0,0,0,0,0,0
2007-12-11 11:45:00+00:00,30,12,11,,91.05769348144531,0,0,0,0,0,0,0,0,0,0,0,0,0,0,0,0,0,0,0,0,0,0,0,0,0
2007-12-11 11:45:00+00:00,30,12,11,60.82610321044922,65.87773132324219,0,0,0,0,0,0,0,0,1,1,1,1,1,1,1,1,1,0,0,0,0,0,0,0,0
2007-12-11 11:45:00+00:00,30,12,11,260.23455810546875,211.6294403076172,0,0,0,0,0,0,0,0,0,0,0,0,0,0,0,1,1,0,0,0,0,0,0,0,0
2007-12-11 12:00:00+00:00,30,12,12,,490.329833984375,0,0,0,0,0,0,0,0,0,0,0,0,0,0,0,0,0,0,0,0,0,0,0,0,0
2007-12-11 12:00:00+00:00,30,12,12,140.3826141357422,121.68951416015625,0,0,0,0,0,0,0,0,0,0,0,1,1,1,1,1,1,0,0,0,0,0,0,0,0
2007-12-11 12:00:00+00:00,30,12,12,446.177734375,428.9136962890625,0,0,0,0,0,0,0,0,0,0,0,0,0,0,0,0,0,0,0,0,0,0,0,0,0
2007-12-11 12:00:00+00:00,30,12,12,113.60883331298828,141.7113800048828,0,0,0,0,0,0,0,0,0,0,1,1,1,1,1,1,1,0,0,0,0,0,0,0,0
2007-12-11 12:00:00+00:00,30,12,12,67.07659912109375,72.36737060546875,0,0,0,0,0,0,0,0,1,1,1,1,1,1,1,1,1,0,0,0,0,0,0,0,0
2007-12-11 12:00:00+00:00,30,12,12,206.11471557617188,130.4775390625,0,0,0,0,0,0,0,0,0,0,0,0,0,0,1,1,1,0,0,0,0,0,0,0,0
2007-12-11 12:00:00+00:00,30,12,12,80.39105987548828,87.27948760986328,0,0,0,0,0,0,0,0,0,1,1,1,1,1,1,1,1,0,0,0,0,0,0,0,0
2007-12-11 12:00:00+00:00,30,12,12,131.70172119140625,155.43011474609375,0,0,0,0,0,0,0,0,0,0,0,1,1,1,1,1,1,0,0,0,0,0,0,0,0
2007-12-11 12:00:00+00:00,30,12,12,143.97576904296875,103.15621948242188,0,0,0,0,0,0,0,0,0,0,0,1,1,1,1,1,1,0,0,0,0,0,0,0,0
2007-12-11 12:00:00+00:00,30,12,12,183.63583374023438,152.34536743164062,0,0,0,0,0,0,0,0,0,0,0,0,0,1,1,1,1,0,0,0,0,0,0,0,0
2007-12-11 12:00:00+00:00,30,12,12,136.2425079345703,0.0,0,0,0,0,0,0,0,0,0,0,0,1,1,1,1,1,1,1,1,1,1,1,1,1,1
2007-12-11 12:00:00+00:00,30,12,12,188.16847229003906,124.30339050292969,0,0,0,0,0,0,0,0,0,0,0,0,0,1,1,1,1,0,0,0,0,0,0,0,0
2007-12-11 12:00:00+00:00,30,12,12,,,0,0,0,0,0,0,0,0,0,0,0,0,0,0,0,0,0,0,0,0,0,0,0,0,0
2007-12-11 12:00:00+00:00,30,12,12,383.8765563964844,219.94090270996094,0,0,0,0,0,0,0,0,0,0,0,0,0,0,0,0,0,0,0,0,0,0,0,0,0
2007-12-11 12:00:00+00:00,30,12,12,,,0,0,0,0,0,0,0,0,0,0,0,0,0,0,0,0,0,0,0,0,0,0,0,0,0
2007-12-11 12:00:00+00:00,30,12,12,,,0,0,0,0,0,0,0,0,0,0,0,0,0,0,0,0,0,0,0,0,0,0,0,0,0
2007-12-11 12:00:00+00:00,30,12,12,,,0,0,0,0,0,0,0,0,0,0,0,0,0,0,0,0,0,0,0,0,0,0,0,0,0
2007-12-11 12:00:00+00:00,30,12,12,102.78182983398438,107.63883972167969,0,0,0,0,0,0,0,0,0,0,1,1,1,1,1,1,1,0,0,0,0,0,0,0,0
2007-12-11 12:00:00+00:00,30,12,12,162.4573974609375,128.58106994628906,0,0,0,0,0,0,0,0,0,0,0,0,1,1,1,1,1,0,0,0,0,0,0,0,0
2007-12-11 12:00:00+00:00,30,12,12,273.011474609375,217.87429809570312,0,0,0,0,0,0,0,0,0,0,0,0,0,0,0,1,1,0,0,0,0,0,0,0,0
2007-12-11 12:15:00+00:00,30,12,12,,,0,0,0,0,0,0,0,0,0,0,0,0,0,0,0,0,0,0,0,0,0,0,0,0,0
2007-12-11 12:15:00+00:00,30,12,12,197.03973388671875,0.0,0,0,0,0,0,0,0,0,0,0,0,0,0,1,1,1,1,1,1,1,1,1,1,1,1
2007-12-11 12:15:00+00:00,30,12,12,,,0,0,0,0,0,0,0,0,0,0,0,0,0,0,0,0,0,0,0,0,0,0,0,0,0
2007-12-11 12:15:00+00:00,30,12,12,75.20084381103516,74.42430877685547,0,0,0,0,0,0,0,0,1,1,1,1,1,1,1,1,1,0,0,0,0,0,0,0,0
2007-12-11 12:15:00+00:00,30,12,12,,,0,0,0,0,0,0,0,0,0,0,0,0,0,0,0,0,0,0,0,0,0,0,0,0,0
2007-12-11 12:15:00+00:00,30,12,12,,,0,0,0,0,0,0,0,0,0,0,0,0,0,0,0,0,0,0,0,0,0,0,0,0,0
2007-12-11 12:15:00+00:00,30,12,12,,,0,0,0,0,0,0,0,0,0,0,0,0,0,0,0,0,0,0,0,0,0,0,0,0,0
2007-12-11 12:15:00+00:00,30,12,12,,,0,0,0,0,0,0,0,0,0,0,0,0,0,0,0,0,0,0,0,0,0,0,0,0,0
2007-12-11 12:15:00+00:00,30,12,12,,,0,0,0,0,0,0,0,0,0,0,0,0,0,0,0,0,0,0,0,0,0,0,0,0,0
2007-12-11 12:15:00+00:00,30,12,12,,,0,0,0,0,0,0,0,0,0,0,0,0,0,0,0,0,0,0,0,0,0,0,0,0,0
2007-12-11 12:15:00+00:00,30,12,12,,,0,0,0,0,0,0,0,0,0,0,0,0,0,0,0,0,0,0,0,0,0,0,0,0,0
2007-12-11 12:15:00+00:00,30,12,12,,,0,0,0,0,0,0,0,0,0,0,0,0,0,0,0,0,0,0,0,0,0,0,0,0,0
2007-12-11 12:15:00+00:00,30,12,12,,,0,0,0,0,0,0,0,0,0,0,0,0,0,0,0,0,0,0,0,0,0,0,0,0,0
2007-12-11 12:15:00+00:00,30,12,12,,,0,0,0,0,0,0,0,0,0,0,0,0,0,0,0,0,0,0,0,0,0,0,0,0,0
2007-12-11 12:15:00+00:00,30,12,12,116.12260437011719,48.2076416015625,0,0,0,0,0,0,0,0,0,0,1,1,1,1,1,1,1,0,0,0,0,0,0,1,1
2007-12-11 12:15:00+00:00,30,12,12,,,0,0,0,0,0,0,0,0,0,0,0,0,0,0,0,0,0,0,0,0,0,0,0,0,0
2007-12-11 12:15:00+00:00,30,12,12,114.4013900756836,83.0570068359375,0,0,0,0,0,0,0,0,0,0,1,1,1,1,1,1,1,0,0,0,0,0,0,0,0
2007-12-11 12:15:00+00:00,30,12,12,243.6300811767578,228.3538360595703,0,0,0,0,0,0,0,0,0,0,0,0,0,0,1,1,1,0,0,0,0,0,0,0,0
2007-12-11 12:15:00+00:00,30,12,12,126.62860107421875,108.38668060302734,0,0,0,0,0,0,0,0,0,0,0,1,1,1,1,1,1,0,0,0,0,0,0,0,0
2007-12-11 12:15:00+00:00,30,12,12,115.12220764160156,105.34869384765625,0,0,0,0,0,0,0,0,0,0,1,1,1,1,1,1,1,0,0,0,0,0,0,0,0
2007-12-11 12:15:00+00:00,30,12,12,201.49755859375,202.5809326171875,0,0,0,0,0,0,0,0,0,0,0,0,0,0,1,1,1,0,0,0,0,0,0,0,0
2007-12-11 12:15:00+00:00,30,12,12,201.16775512695312,179.13272094726562,0,0,0,0,0,0,0,0,0,0,0,0,0,0,1,1,1,0,0,0,0,0,0,0,0
2007-12-11 12:15:00+00:00,30,12,12,308.604736328125,303.6640930175781,0,0,0,0,0,0,0,0,0,0,0,0,0,0,0,0,1,0,0,0,0,0,0,0,0
2007-12-11 12:15:00+00:00,30,12,12,68.09188079833984,58.951847076416016,0,0,0,0,0,0,0,0,1,1,1,1,1,1,1,1,1,0,0,0,0,0,0,0,1
2007-12-11 12:30:00+00:00,30,12,12,,,0,0,0,0,0,0,0,0,0,0,0,0,0,0,0,0,0,0,0,0,0,0,0,0,0
2007-12-11 12:30:00+00:00,30,12,12,,400.5666198730469,0,0,0,0,0,0,0,0,0,0,0,0,0,0,0,0,0,0,0,0,0,0,0,0,0
2007-12-11 12:30:00+00:00,30,12,12,191.64146423339844,4.447713851928711,0,0,0,0,0,0,0,0,0,0,0,0,0,1,1,1,1,1,1,1,1,1,1,1,1
2007-12-11 12:30:00+00:00,30,12,12,378.798828125,356.1834716796875,0,0,0,0,0,0,0,0,0,0,0,0,0,0,0,0,0,0,0,0,0,0,0,0,0
2007-12-11 12:30:00+00:00,30,12,12,289.6417236328125,,0,0,0,0,0,0,0,0,0,0,0,0,0,0,0,1,1,0,0,0,0,0,0,0,0
2007-12-11 12:30:00+00:00,30,12,12,144.18104553222656,89.4269790649414,0,0,0,0,0,0,0,0,0,0,0,1,1,1,1,1,1,0,0,0,0,0,0,0,0
2007-12-11 12:30:00+00:00,30,12,12,82.32955932617188,71.92366027832031,0,0,0,0,0,0,0,0,0,1,1,1,1,1,1,1,1,0,0,0,0,0,0,0,0
2007-12-11 12:30:00+00:00,30,12,12,149.9606170654297,144.22381591796875,0,0,0,0,0,0,0,0,0,0,0,1,1,1,1,1,1,0,0,0,0,0,0,0,0
2007-12-11 12:30:00+00:00,30,12,12,100.50350189208984,85.78933715820312,0,0,0,0,0,0,0,0,0,0,1,1,1,1,1,1,1,0,0,0,0,0,0,0,0
2007-12-11 12:30:00+00:00,30,12,12,,,0,0,0,0,0,0,0,0,0,0,0,0,0,0,0,0,0,0,0,0,0,0,0,0,0
2007-12-11 12:30:00+00:00,30,12,12,,,0,0,0,0,0,0,0,0,0,0,0,0,0,0,0,0,0,0,0,0,0,0,0,0,0
2007-12-11 12:30:00+00:00,30,12,12,353.5602722167969,184.65248107910156,0,0,0,0,0,0,0,0,0,0,0,0,0,0,0,0,0,0,0,0,0,0,0,0,0
2007-12-11 12:30:00+00:00,30,12,12,,,0,0,0,0,0,0,0,0,0,0,0,0,0,0,0,0,0,0,0,0,0,0,0,0,0
2007-12-11 12:30:00+00:00,30,12,12,142.33648681640625,156.93295288085938,0,0,0,0,0,0,0,0,0,0,0,1,1,1,1,1,1,0,0,0,0,0,0,0,0
2007-12-11 12:30:00+00:00,30,12,12,116.22935485839844,108.71984100341797,0,0,0,0,0,0,0,0,0,0,1,1,1,1,1,1,1,0,0,0,0,0,0,0,0
2007-12-11 12:30:00+00:00,30,12,12,116.01522827148438,92.58443450927734,0,0,0,0,0,0,0,0,0,0,1,1,1,1,1,1,1,0,0,0,0,0,0,0,0
2007-12-11 12:30:00+00:00,30,12,12,,,0,0,0,0,0,0,0,0,0,0,0,0,0,0,0,0,0,0,0,0,0,0,0,0,0
2007-12-11 12:30:00+00:00,30,12,12,298.32611083984375,293.3179016113281,0,0,0,0,0,0,0,0,0,0,0,0,0,0,0,1,1,0,0,0,0,0,0,0,0
2007-12-11 12:30:00+00:00,30,12,12,115.45059204101562,102.85167694091797,0,0,0,0,0,0,0,0,0,0,1,1,1,1,1,1,1,0,0,0,0,0,0,0,0
2007-12-11 12:45:00+00:00,30,12,12,,,0,0,0,0,0,0,0,0,0,0,0,0,0,0,0,0,0,0,0,0,0,0,0,0,0
2007-12-11 12:45:00+00:00,30,12,12,,,0,0,0,0,0,0,0,0,0,0,0,0,0,0,0,0,0,0,0,0,0,0,0,0,0
2007-12-11 12:45:00+00:00,30,12,12,,,0,0,0,0,0,0,0,0,0,0,0,0,0,0,0,0,0,0,0,0,0,0,0,0,0
2007-12-11 12:45:00+00:00,30,12,12,311.02984619140625,271.9995422363281,0,0,0,0,0,0,0,0,0,0,0,0,0,0,0,0,1,0,0,0,0,0,0,0,0
2007-12-11 12:45:00+00:00,30,12,12,144.36917114257812,131.0308380126953,0,0,0,0,0,0,0,0,0,0,0,1,1,1,1,1,1,0,0,0,0,0,0,0,0
2007-12-11 12:45:00+00:00,30,12,12,,,0,0,0,0,0,0,0,0,0,0,0,0,0,0,0,0,0,0,0,0,0,0,0,0,0
2007-12-11 12:45:00+00:00,30,12,12,,,0,0,0,0,0,0,0,0,0,0,0,0,0,0,0,0,0,0,0,0,0,0,0,0,0
2007-12-11 12:45:00+00:00,30,12,12,88.08900451660156,70.65248107910156,0,0,0,0,0,0,0,0,0,1,1,1,1,1,1,1,1,0,0,0,0,0,0,0,0
2007-12-11 12:45:00+00:00,30,12,12,97.12985229492188,85.37803649902344,0,0,0,0,0,0,0,0,0,1,1,1,1,1,1,1,1,0,0,0,0,0,0,0,0
2007-12-11 12:45:00+00:00,30,12,12,343.5946044921875,435.3072509765625,0,0,0,0,0,0,0,0,0,0,0,0,0,0,0,0,1,0,0,0,0,0,0,0,0
2007-12-11 12:45:00+00:00,30,12,12,177.4835968017578,221.9687957763672,0,0,0,0,0,0,0,0,0,0,0,0,1,1,1,1,1,0,0,0,0,0,0,0,0
2007-12-11 12:45:00+00:00,30,12,12,277.2091979980469,256.7839660644531,0,0,0,0,0,0,0,0,0,0,0,0,0,0,0,1,1,0,0,0,0,0,0,0,0
2007-12-11 12:45:00+00:00,30,12,12,116.38768768310547,85.79564666748047,0,0,0,0,0,0,0,0,0,0,1,1,1,1,1,1,1,0,0,0,0,0,0,0,0
2007-12-11 12:45:00+00:00,30,12,12,,378.3511657714844,0,0,0,0,0,0,0,0,0,0,0,0,0,0,0,0,0,0,0,0,0,0,0,0,0
2007-12-11 12:45:00+00:00,30,12,12,,276.8180236816406,0,0,0,0,0,0,0,0,0,0,0,0,0,0,0,0,0,0,0,0,0,0,0,0,0
2007-12-11 12:45:00+00:00,30,12,12,,165.34088134765625,0,0,0,0,0,0,0,0,0,0,0,0,0,0,0,0,0,0,0,0,0,0,0,0,0
2007-12-11 12:45:00+00:00,30,12,12,,238.48487854003906,0,0,0,0,0,0,0,0,0,0,0,0,0,0,0,0,0,0,0,0,0,0,0,0,0
2007-12-11 12:45:00+00:00,30,12,12,,153.4972686767578,0,0,0,0,0,0,0,0,0,0,0,0,0,0,0,0,0,0,0,0,0,0,0,0,0
2007-12-11 12:45:00+00:00,30,12,12,,125.72623443603516,0,0,0,0,0,0,0,0,0,0,0,0,0,0,0,0,0,0,0,0,0,0,0,0,0
2007-12-11 12:45:00+00:00,30,12,12,,81.6026611328125,0,0,0,0,0,0,0,0,0,0,0,0,0,0,0,0,0,0,0,0,0,0,0,0,0
2007-12-11 12:45:00+00:00,30,12,12,,,0,0,0,0,0,0,0,0,0,0,0,0,0,0,0,0,0,0,0,0,0,0,0,0,0
2007-12-11 12:45:00+00:00,30,12,12,237.4833984375,255.04937744140625,0,0,0,0,0,0,0,0,0,0,0,0,0,0,1,1,1,0,0,0,0,0,0,0,0
2007-12-11 12:45:00+00:00,30,12,12,165.42344665527344,165.32223510742188,0,0,0,0,0,0,0,0,0,0,0,0,1,1,1,1,1,0,0,0,0,0,0,0,0
2007-12-11 13:00:00+00:00,30,12,13,396.7130126953125,411.8318786621094,0,0,0,0,0,0,0,0,0,0,0,0,0,0,0,0,0,0,0,0,0,0,0,0,0
2007-12-11 13:00:00+00:00,30,12,13,46.86568832397461,20.002492904663086,0,0,0,0,0,0,1,1,1,1,1,1,1,1,1,1,1,0,0,0,1,1,1,1,1
2007-12-11 13:00:00+00:00,30,12,13,136.511474609375,133.59188842773438,0,0,0,0,0,0,0,0,0,0,0,1,1,1,1,1,1,0,0,0,0,0,0,0,0
2007-12-11 13:00:00+00:00,30,12,13,84.52778625488281,81.69300079345703,0,0,0,0,0,0,0,0,0,1,1,1,1,1,1,1,1,0,0,0,0,0,0,0,0
2007-12-11 13:00:00+00:00,30,12,13,79.98783874511719,143.40834045410156,0,0,0,0,0,0,0,0,1,1,1,1,1,1,1,1,1,0,0,0,0,0,0,0,0
2007-12-11 13:00:00+00:00,30,12,13,,,0,0,0,0,0,0,0,0,0,0,0,0,0,0,0,0,0,0,0,0,0,0,0,0,0
2007-12-11 13:00:00+00:00,30,12,13,,205.01356506347656,0,0,0,0,0,0,0,0,0,0,0,0,0,0,0,0,0,0,0,0,0,0,0,0,0
2007-12-11 13:00:00+00:00,30,12,13,211.8567352294922,282.72271728515625,0,0,0,0,0,0,0,0,0,0,0,0,0,0,1,1,1,0,0,0,0,0,0,0,0
2007-12-11 13:00:00+00:00,30,12,13,350.3440856933594,330.8707275390625,0,0,0,0,0,0,0,0,0,0,0,0,0,0,0,0,0,0,0,0,0,0,0,0,0
2007-12-11 13:00:00+00:00,30,12,13,336.55023193359375,318.1363525390625,0,0,0,0,0,0,0,0,0,0,0,0,0,0,0,0,1,0,0,0,0,0,0,0,0
2007-12-11 13:00:00+00:00,30,12,13,289.0894775390625,185.3552703857422,0,0,0,0,0,0,0,0,0,0,0,0,0,0,0,1,1,0,0,0,0,0,0,0,0
2007-12-11 13:00:00+00:00,30,12,13,383.2981872558594,386.1578674316406,0,0,0,0,0,0,0,0,0,0,0,0,0,0,0,0,0,0,0,0,0,0,0,0,0
2007-12-11 13:00:00+00:00,30,12,13,68.40977478027344,51.19260025024414,0,0,0,0,0,0,0,0,1,1,1,1,1,1,1,1,1,0,0,0,0,0,0,0,1
2007-12-11 13:00:00+00:00,30,12,13,,,0,0,0,0,0,0,0,0,0,0,0,0,0,0,0,0,0,0,0,0,0,0,0,0,0
2007-12-11 13:00:00+00:00,30,12,13,,,0,0,0,0,0,0,0,0,0,0,0,0,0,0,0,0,0,0,0,0,0,0,0,0,0
2007-12-11 13:15:00+00:00,30,12,13,89.16995239257812,98.61235046386719,0,0,0,0,0,0,0,0,0,1,1,1,1,1,1,1,1,0,0,0,0,0,0,0,0
2007-12-11 13:15:00+00:00,30,12,13,46.232330322265625,33.04967498779297,0,0,0,0,0,0,1,1,1,1,1,1,1,1,1,1,1,0,0,0,0,0,1,1,1
2007-12-11 13:15:00+00:00,30,12,13,179.3058624267578,152.10031127929688,0,0,0,0,0,0,0,0,0,0,0,0,1,1,1,1,1,0,0,0,0,0,0,0,0
2007-12-11 13:15:00+00:00,30,12,13,545.5436401367188,560.810546875,0,0,0,0,0,0,0,0,0,0,0,0,0,0,0,0,0,0,0,0,0,0,0,0,0
2007-12-11 13:15:00+00:00,30,12,13,,,0,0,0,0,0,0,0,0,0,0,0,0,0,0,0,0,0,0,0,0,0,0,0,0,0
2007-12-11 13:15:00+00:00,30,12,13,151.2603759765625,134.7498779296875,0,0,0,0,0,0,0,0,0,0,0,0,1,1,1,1,1,0,0,0,0,0,0,0,0
2007-12-11 13:15:00+00:00,30,12,13,79.42678833007812,74.37909698486328,0,0,0,0,0,0,0,0,1,1,1,1,1,1,1,1,1,0,0,0,0,0,0,0,0
2007-12-11 13:15:00+00:00,30,12,13,353.50762939453125,362.1363525390625,0,0,0,0,0,0,0,0,0,0,0,0,0,0,0,0,0,0,0,0,0,0,0,0,0
2007-12-11 13:15:00+00:00,30,12,13,,403.52239990234375,0,0,0,0,0,0,0,0,0,0,0,0,0,0,0,0,0,0,0,0,0,0,0,0,0
2007-12-11 13:30:00+00:00,30,12,13,,,0,0,0,0,0,0,0,0,0,0,0,0,0,0,0,0,0,0,0,0,0,0,0,0,0
2007-12-11 13:30:00+00:00,30,12,13,280.1582946777344,179.8736114501953,0,0,0,0,0,0,0,0,0,0,0,0,0,0,0,1,1,0,0,0,0,0,0,0,0
2007-12-11 13:30:00+00:00,30,12,13,161.07162475585938,165.57582092285156,0,0,0,0,0,0,0,0,0,0,0,0,1,1,1,1,1,0,0,0,0,0,0,0,0
2007-12-11 13:30:00+00:00,30,12,13,,,0,0,0,0,0,0,0,0,0,0,0,0,0,0,0,0,0,0,0,0,0,0,0,0,0
2007-12-11 13:30:00+00:00,30,12,13,460.4417419433594,266.8099365234375,0,0,0,0,0,0,0,0,0,0,0,0,0,0,0,0,0,0,0,0,0,0,0,0,0
2007-12-11 13:30:00+00:00,30,12,13,112.9629898071289,132.76461791992188,0,0,0,0,0,0,0,0,0,0,1,1,1,1,1,1,1,0,0,0,0,0,0,0,0
2007-12-11 13:30:00+00:00,30,12,13,,209.76158142089844,0,0,0,0,0,0,0,0,0,0,0,0,0,0,0,0,0,0,0,0,0,0,0,0,0
2007-12-11 13:30:00+00:00,30,12,13,234.26158142089844,185.03099060058594,0,0,0,0,0,0,0,0,0,0,0,0,0,0,1,1,1,0,0,0,0,0,0,0,0
2007-12-11 13:30:00+00:00,30,12,13,84.25093841552734,88.75224304199219,0,0,0,0,0,0,0,0,0,1,1,1,1,1,1,1,1,0,0,0,0,0,0,0,0
2007-12-11 13:30:00+00:00,30,12,13,199.7941131591797,281.1591491699219,0,0,0,0,0,0,0,0,0,0,0,0,0,1,1,1,1,0,0,0,0,0,0,0,0
2007-12-11 13:30:00+00:00,30,12,13,443.3638000488281,439.2477722167969,0,0,0,0,0,0,0,0,0,0,0,0,0,0,0,0,0,0,0,0,0,0,0,0,0
2007-12-11 13:30:00+00:00,30,12,13,301.95538330078125,308.64508056640625,0,0,0,0,0,0,0,0,0,0,0,0,0,0,0,0,1,0,0,0,0,0,0,0,0
2007-12-11 13:30:00+00:00,30,12,13,212.81964111328125,136.12730407714844,0,0,0,0,0,0,0,0,0,0,0,0,0,0,1,1,1,0,0,0,0,0,0,0,0
2007-12-11 13:45:00+00:00,30,12,13,,,0,0,0,0,0,0,0,0,0,0,0,0,0,0,0,0,0,0,0,0,0,0,0,0,0
2007-12-11 13:45:00+00:00,30,12,13,377.8544921875,474.0440368652344,0,0,0,0,0,0,0,0,0,0,0,0,0,0,0,0,0,0,0,0,0,0,0,0,0
2007-12-11 13:45:00+00:00,30,12,13,363.0216979980469,340.47515869140625,0,0,0,0,0,0,0,0,0,0,0,0,0,0,0,0,0,0,0,0,0,0,0,0,0
2007-12-11 13:45:00+00:00,30,12,13,234.99868774414062,252.95199584960938,0,0,0,0,0,0,0,0,0,0,0,0,0,0,1,1,1,0,0,0,0,0,0,0,0
2007-12-11 13:45:00+00:00,30,12,13,,,0,0,0,0,0,0,0,0,0,0,0,0,0,0,0,0,0,0,0,0,0,0,0,0,0
2007-12-11 13:45:00+00:00,30,12,13,60.4740104675293,,0,0,0,0,0,0,0,0,1,1,1,1,1,1,1,1,1,0,0,0,0,0,0,0,0
2007-12-11 13:45:00+00:00,30,12,13,79.61021423339844,50.38155746459961,0,0,0,0,0,0,0,0,1,1,1,1,1,1,1,1,1,0,0,0,0,0,0,0,1
2007-12-11 13:45:00+00:00,30,12,13,264.74774169921875,263.763671875,0,0,0,0,0,0,0,0,0,0,0,0,0,0,0,1,1,0,0,0,0,0,0,0,0
2007-12-11 13:45:00+00:00,30,12,13,324.92608642578125,335.9071960449219,0,0,0,0,0,0,0,0,0,0,0,0,0,0,0,0,1,0,0,0,0,0,0,0,0
2007-12-11 14:00:00+00:00,30,12,14,391.96893310546875,360.8005065917969,0,0,0,0,0,0,0,0,0,0,0,0,0,0,0,0,0,0,0,0,0,0,0,0,0
2007-12-11 14:00:00+00:00,30,12,14,283.4189147949219,278.5702209472656,0,0,0,0,0,0,0,0,0,0,0,0,0,0,0,1,1,0,0,0,0,0,0,0,0
2007-12-11 14:00:00+00:00,30,12,14,315.5621337890625,128.8726806640625,0,0,0,0,0,0,0,0,0,0,0,0,0,0,0,0,1,0,0,0,0,0,0,0,0
2007-12-11 14:00:00+00:00,30,12,14,139.04647827148438,149.07858276367188,0,0,0,0,0,0,0,0,0,0,0,1,1,1,1,1,1,0,0,0,0,0,0,0,0
2007-12-11 14:00:00+00:00,30,12,14,322.17803955078125,246.84877014160156,0,0,0,0,0,0,0,0,0,0,0,0,0,0,0,0,1,0,0,0,0,0,0,0,0
2007-12-11 14:00:00+00:00,30,12,14,477.48980712890625,273.745849609375,0,0,0,0,0,0,0,0,0,0,0,0,0,0,0,0,0,0,0,0,0,0,0,0,0
2007-12-11 14:00:00+00:00,30,12,14,96.43138122558594,158.99623107910156,0,0,0,0,0,0,0,0,0,1,1,1,1,1,1,1,1,0,0,0,0,0,0,0,0
2007-12-11 14:15:00+00:00,30,12,14,203.13706970214844,178.62103271484375,0,0,0,0,0,0,0,0,0,0,0,0,0,0,1,1,1,0,0,0,0,0,0,0,0
2007-12-11 14:15:00+00:00,30,12,14,351.48394775390625,128.9025421142578,0,0,0,0,0,0,0,0,0,0,0,0,0,0,0,0,0,0,0,0,0,0,0,0,0
2007-12-11 14:15:00+00:00,30,12,14,192.16883850097656,141.86776733398438,0,0,0,0,0,0,0,0,0,0,0,0,0,1,1,1,1,0,0,0,0,0,0,0,0
2007-12-11 14:15:00+00:00,30,12,14,261.69915771484375,420.1667785644531,0,0,0,0,0,0,0,0,0,0,0,0,0,0,0,1,1,0,0,0,0,0,0,0,0
2007-12-11 14:15:00+00:00,30,12,14,32.1998176574707,37.4900016784668,0,0,0,0,0,1,1,1,1,1,1,1,1,1,1,1,1,0,0,0,0,0,1,1,1
2007-12-11 14:15:00+00:00,30,12,14,205.3878173828125,256.0733642578125,0,0,0,0,0,0,0,0,0,0,0,0,0,0,1,1,1,0,0,0,0,0,0,0,0
2007-12-11 14:15:00+00:00,30,12,14,421.9231262207031,473.9716796875,0,0,0,0,0,0,0,0,0,0,0,0,0,0,0,0,0,0,0,0,0,0,0,0,0
2007-12-11 14:30:00+00:00,30,12,14,262.8706970214844,235.40414428710938,0,0,0,0,0,0,0,0,0,0,0,0,0,0,0,1,1,0,0,0,0,0,0,0,0
2007-12-11 14:30:00+00:00,30,12,14,,,0,0,0,0,0,0,0,0,0,0,0,0,0,0,0,0,0,0,0,0,0,0,0,0,0
2007-12-11 14:30:00+00:00,30,12,14,101.45233154296875,87.1807632446289,0,0,0,0,0,0,0,0,0,0,1,1,1,1,1,1,1,0,0,0,0,0,0,0,0
2007-12-11 14:30:00+00:00,30,12,14,126.75708770751953,72.95366668701172,0,0,0,0,0,0,0,0,0,0,0,1,1,1,1,1,1,0,0,0,0,0,0,0,0
2007-12-11 14:30:00+00:00,30,12,14,209.08425903320312,196.75941467285156,0,0,0,0,0,0,0,0,0,0,0,0,0,0,1,1,1,0,0,0,0,0,0,0,0
2007-12-11 14:30:00+00:00,30,12,14,162.98867797851562,151.1829833984375,0,0,0,0,0,0,0,0,0,0,0,0,1,1,1,1,1,0,0,0,0,0,0,0,0
2007-12-11 14:30:00+00:00,30,12,14,231.2592315673828,241.86219787597656,0,0,0,0,0,0,0,0,0,0,0,0,0,0,1,1,1,0,0,0,0,0,0,0,0
2007-12-11 14:30:00+00:00,30,12,14,418.75128173828125,333.4820251464844,0,0,0,0,0,0,0,0,0,0,0,0,0,0,0,0,0,0,0,0,0,0,0,0,0
2007-12-11 14:30:00+00:00,30,12,14,,354.4612731933594,0,0,0,0,0,0,0,0,0,0,0,0,0,0,0,0,0,0,0,0,0,0,0,0,0
2007-12-11 14:45:00+00:00,30,12,14,334.312255859375,321.705810546875,0,0,0,0,0,0,0,0,0,0,0,0,0,0,0,0,1,0,0,0,0,0,0,0,0
2007-12-11 14:45:00+00:00,30,12,14,274.5650329589844,140.25416564941406,0,0,0,0,0,0,0,0,0,0,0,0,0,0,0,1,1,0,0,0,0,0,0,0,0
2007-12-11 14:45:00+00:00,30,12,14,66.81898498535156,153.32003784179688,0,0,0,0,0,0,0,0,1,1,1,1,1,1,1,1,1,0,0,0,0,0,0,0,0
2007-12-11 14:45:00+00:00,30,12,14,169.7227325439453,160.4348907470703,0,0,0,0,0,0,0,0,0,0,0,0,1,1,1,1,1,0,0,0,0,0,0,0,0
2007-12-11 14:45:00+00:00,30,12,14,140.98619079589844,125.28181457519531,0,0,0,0,0,0,0,0,0,0,0,1,1,1,1,1,1,0,0,0,0,0,0,0,0
2007-12-11 15:00:00+00:00,30,12,15,79.48603820800781,173.5831756591797,0,0,0,0,0,0,0,0,1,1,1,1,1,1,1,1,1,0,0,0,0,0,0,0,0
2007-12-11 15:00:00+00:00,30,12,15,,,0,0,0,0,0,0,0,0,0,0,0,0,0,0,0,0,0,0,0,0,0,0,0,0,0
2007-12-11 15:00:00+00:00,30,12,15,242.86767578125,6.2651214599609375,0,0,0,0,0,0,0,0,0,0,0,0,0,0,1,1,1,1,1,1,1,1,1,1,1
2007-12-11 15:00:00+00:00,30,12,15,439.0007019042969,427.4093933105469,0,0,0,0,0,0,0,0,0,0,0,0,0,0,0,0,0,0,0,0,0,0,0,0,0
2007-12-11 15:15:00+00:00,30,12,15,,,0,0,0,0,0,0,0,0,0,0,0,0,0,0,0,0,0,0,0,0,0,0,0,0,0
2007-12-11 15:15:00+00:00,30,12,15,68.34022521972656,70.53951263427734,0,0,0,0,0,0,0,0,1,1,1,1,1,1,1,1,1,0,0,0,0,0,0,0,0
2007-12-11 15:30:00+00:00,30,12,15,,,0,0,0,0,0,0,0,0,0,0,0,0,0,0,0,0,0,0,0,0,0,0,0,0,0
2007-12-11 15:30:00+00:00,30,12,15,328.93719482421875,320.6514892578125,0,0,0,0,0,0,0,0,0,0,0,0,0,0,0,0,1,0,0,0,0,0,0,0,0
2007-12-11 15:30:00+00:00,30,12,15,459.77313232421875,465.01177978515625,0,0,0,0,0,0,0,0,0,0,0,0,0,0,0,0,0,0,0,0,0,0,0,0,0
2007-12-11 15:30:00+00:00,30,12,15,323.80157470703125,240.3466796875,0,0,0,0,0,0,0,0,0,0,0,0,0,0,0,0,1,0,0,0,0,0,0,0,0
2007-12-11 15:30:00+00:00,30,12,15,76.22205352783203,77.64537048339844,0,0,0,0,0,0,0,0,1,1,1,1,1,1,1,1,1,0,0,0,0,0,0,0,0
2007-12-11 15:30:00+00:00,30,12,15,175.32492065429688,185.38856506347656,0,0,0,0,0,0,0,0,0,0,0,0,1,1,1,1,1,0,0,0,0,0,0,0,0
2007-12-11 15:30:00+00:00,30,12,15,,,0,0,0,0,0,0,0,0,0,0,0,0,0,0,0,0,0,0,0,0,0,0,0,0,0
2007-12-11 15:45:00+00:00,30,12,15,36.45039749145508,9.459741592407227,0,0,0,0,0,1,1,1,1,1,1,1,1,1,1,1,1,1,1,1,1,1,1,1,1
2007-12-11 15:45:00+00:00,30,12,15,51.442626953125,106.77679443359375,0,0,0,0,0,0,0,1,1,1,1,1,1,1,1,1,1,0,0,0,0,0,0,0,0
2007-12-11 15:45:00+00:00,30,12,15,217.75648498535156,196.90188598632812,0,0,0,0,0,0,0,0,0,0,0,0,0,0,1,1,1,0,0,0,0,0,0,0,0
2007-12-11 15:45:00+00:00,30,12,15,209.19863891601562,211.9795379638672,0,0,0,0,0,0,0,0,0,0,0,0,0,0,1,1,1,0,0,0,0,0,0,0,0
2007-12-11 15:45:00+00:00,30,12,15,70.45062255859375,82.06751251220703,0,0,0,0,0,0,0,0,1,1,1,1,1,1,1,1,1,0,0,0,0,0,0,0,0
2007-12-11 16:00:00+00:00,30,12,16,109.52835845947266,95.80615997314453,0,0,0,0,0,0,0,0,0,0,1,1,1,1,1,1,1,0,0,0,0,0,0,0,0
2007-12-11 16:00:00+00:00,30,12,16,306.5172424316406,323.9261779785156,0,0,0,0,0,0,0,0,0,0,0,0,0,0,0,0,1,0,0,0,0,0,0,0,0
2007-12-11 16:00:00+00:00,30,12,16,,,0,0,0,0,0,0,0,0,0,0,0,0,0,0,0,0,0,0,0,0,0,0,0,0,0
2007-12-11 16:15:00+00:00,30,12,16,201.53607177734375,192.88931274414062,0,0,0,0,0,0,0,0,0,0,0,0,0,0,1,1,1,0,0,0,0,0,0,0,0
2007-12-11 16:15:00+00:00,30,12,16,299.3780517578125,276.18621826171875,0,0,0,0,0,0,0,0,0,0,0,0,0,0,0,1,1,0,0,0,0,0,0,0,0
2007-12-11 16:15:00+00:00,30,12,16,120.85067749023438,121.12901306152344,0,0,0,0,0,0,0,0,0,0,0,1,1,1,1,1,1,0,0,0,0,0,0,0,0
2007-12-11 16:15:00+00:00,30,12,16,183.68736267089844,127.23311614990234,0,0,0,0,0,0,0,0,0,0,0,0,0,1,1,1,1,0,0,0,0,0,0,0,0
2007-12-11 16:15:00+00:00,30,12,16,211.51673889160156,144.66439819335938,0,0,0,0,0,0,0,0,0,0,0,0,0,0,1,1,1,0,0,0,0,0,0,0,0
2007-12-11 16:15:00+00:00,30,12,16,116.83059692382812,62.378448486328125,0,0,0,0,0,0,0,0,0,0,1,1,1,1,1,1,1,0,0,0,0,0,0,0,0
2007-12-11 16:15:00+00:00,30,12,16,283.4579162597656,301.9791564941406,0,0,0,0,0,0,0,0,0,0,0,0,0,0,0,1,1,0,0,0,0,0,0,0,0
2007-12-11 16:15:00+00:00,30,12,16,133.8662872314453,246.67652893066406,0,0,0,0,0,0,0,0,0,0,0,1,1,1,1,1,1,0,0,0,0,0,0,0,0
2007-12-11 16:15:00+00:00,30,12,16,,,0,0,0,0,0,0,0,0,0,0,0,0,0,0,0,0,0,0,0,0,0,0,0,0,0
2007-12-11 16:30:00+00:00,30,12,16,210.4059295654297,197.3003692626953,0,0,0,0,0,0,0,0,0,0,0,0,0,0,1,1,1,0,0,0,0,0,0,0,0
2007-12-11 16:30:00+00:00,30,12,16,101.34769439697266,149.41127014160156,0,0,0,0,0,0,0,0,0,0,1,1,1,1,1,1,1,0,0,0,0,0,0,0,0
2007-12-11 16:30:00+00:00,30,12,16,151.9584503173828,179.04025268554688,0,0,0,0,0,0,0,0,0,0,0,0,1,1,1,1,1,0,0,0,0,0,0,0,0
2007-12-11 16:30:00+00:00,30,12,16,336.9599304199219,344.4559020996094,0,0,0,0,0,0,0,0,0,0,0,0,0,0,0,0,1,0,0,0,0,0,0,0,0
2007-12-11 16:30:00+00:00,30,12,16,90.04381561279297,71.72613525390625,0,0,0,0,0,0,0,0,0,1,1,1,1,1,1,1,1,0,0,0,0,0,0,0,0
2007-12-11 16:30:00+00:00,30,12,16,162.07464599609375,253.8927001953125,0,0,0,0,0,0,0,0,0,0,0,0,1,1,1,1,1,0,0,0,0,0,0,0,0
2007-12-11 16:45:00+00:00,30,12,16,73.24635314941406,85.92366790771484,0,0,0,0,0,0,0,0,1,1,1,1,1,1,1,1,1,0,0,0,0,0,0,0,0
2007-12-11 16:45:00+00:00,30,12,16,,8.520008087158203,0,0,0,0,0,0,0,0,0,0,0,0,0,0,0,0,0,1,1,1,1,1,1,1,1
2007-12-11 17:00:00+00:00,30,12,17,493.1150207519531,482.0891418457031,0,0,0,0,0,0,0,0,0,0,0,0,0,0,0,0,0,0,0,0,0,0,0,0,0
2007-12-11 17:00:00+00:00,30,12,17,153.95211791992188,167.4669647216797,0,0,0,0,0,0,0,0,0,0,0,0,1,1,1,1,1,0,0,0,0,0,0,0,0
2007-12-11 17:00:00+00:00,30,12,17,93.70289611816406,90.08518981933594,0,0,0,0,0,0,0,0,0,1,1,1,1,1,1,1,1,0,0,0,0,0,0,0,0
2007-12-11 17:00:00+00:00,30,12,17,102.57955932617188,109.56873321533203,0,0,0,0,0,0,0,0,0,0,1,1,1,1,1,1,1,0,0,0,0,0,0,0,0
2007-12-11 17:00:00+00:00,30,12,17,124.09434509277344,434.49261474609375,0,0,0,0,0,0,0,0,0,0,0,1,1,1,1,1,1,0,0,0,0,0,0,0,0
2007-12-11 17:15:00+00:00,30,12,17,211.1989288330078,200.86573791503906,0,0,0,0,0,0,0,0,0,0,0,0,0,0,1,1,1,0,0,0,0,0,0,0,0
2007-12-11 17:15:00+00:00,30,12,17,249.18975830078125,264.6195068359375,0,0,0,0,0,0,0,0,0,0,0,0,0,0,1,1,1,0,0,0,0,0,0,0,0
2007-12-11 17:15:00+00:00,30,12,17,,384.0154113769531,0,0,0,0,0,0,0,0,0,0,0,0,0,0,0,0,0,0,0,0,0,0,0,0,0
2007-12-11 17:15:00+00:00,30,12,17,109.20174407958984,392.3387145996094,0,0,0,0,0,0,0,0,0,0,1,1,1,1,1,1,1,0,0,0,0,0,0,0,0
2007-12-11 17:15:00+00:00,30,12,17,133.572265625,75.98870849609375,0,0,0,0,0,0,0,0,0,0,0,1,1,1,1,1,1,0,0,0,0,0,0,0,0
2007-12-11 17:30:00+00:00,30,12,17,122.31106567382812,298.4303283691406,0,0,0,0,0,0,0,0,0,0,0,1,1,1,1,1,1,0,0,0,0,0,0,0,0
2007-12-11 17:30:00+00:00,30,12,17,152.7764892578125,143.33448791503906,0,0,0,0,0,0,0,0,0,0,0,0,1,1,1,1,1,0,0,0,0,0,0,0,0
2007-12-11 17:45:00+00:00,30,12,17,,,0,0,0,0,0,0,0,0,0,0,0,0,0,0,0,0,0,0,0,0,0,0,0,0,0
2007-12-11 17:45:00+00:00,30,12,17,114.4768295288086,186.21214294433594,0,0,0,0,0,0,0,0,0,0,1,1,1,1,1,1,1,0,0,0,0,0,0,0,0
2007-12-13 10:00:00+00:00,30,12,10,157.79986572265625,186.7014923095703,0,0,0,0,0,0,0,0,0,0,0,0,1,1,1,1,1,0,0,0,0,0,0,0,0
2007-12-13 10:00:00+00:00,30,12,10,159.59487915039062,187.2411651611328,0,0,0,0,0,0,0,0,0,0,0,0,1,1,1,1,1,0,0,0,0,0,0,0,0
2007-12-13 10:00:00+00:00,30,12,10,194.66091918945312,170.14649963378906,0,0,0,0,0,0,0,0,0,0,0,0,0,1,1,1,1,0,0,0,0,0,0,0,0
2007-12-13 10:00:00+00:00,30,12,10,440.89471435546875,418.09088134765625,0,0,0,0,0,0,0,0,0,0,0,0,0,0,0,0,0,0,0,0,0,0,0,0,0
2007-12-13 10:00:00+00:00,30,12,10,357.9162292480469,247.50103759765625,0,0,0,0,0,0,0,0,0,0,0,0,0,0,0,0,0,0,0,0,0,0,0,0,0
2007-12-13 10:00:00+00:00,30,12,10,,302.29608154296875,0,0,0,0,0,0,0,0,0,0,0,0,0,0,0,0,0,0,0,0,0,0,0,0,0
2007-12-13 10:00:00+00:00,30,12,10,,339.30377197265625,0,0,0,0,0,0,0,0,0,0,0,0,0,0,0,0,0,0,0,0,0,0,0,0,0
2007-12-13 10:00:00+00:00,30,12,10,,,0,0,0,0,0,0,0,0,0,0,0,0,0,0,0,0,0,0,0,0,0,0,0,0,0
2007-12-13 10:00:00+00:00,30,12,10,,,0,0,0,0,0,0,0,0,0,0,0,0,0,0,0,0,0,0,0,0,0,0,0,0,0
2007-12-13 10:00:00+00:00,30,12,10,,,0,0,0,0,0,0,0,0,0,0,0,0,0,0,0,0,0,0,0,0,0,0,0,0,0
2007-12-13 10:00:00+00:00,30,12,10,,,0,0,0,0,0,0,0,0,0,0,0,0,0,0,0,0,0,0,0,0,0,0,0,0,0
2007-12-13 10:00:00+00:00,30,12,10,,340.62615966796875,0,0,0,0,0,0,0,0,0,0,0,0,0,0,0,0,0,0,0,0,0,0,0,0,0
2007-12-13 10:00:00+00:00,30,12,10,,43.14131164550781,0,0,0,0,0,0,0,0,0,0,0,0,0,0,0,0,0,0,0,0,0,0,0,1,1
2007-12-13 10:00:00+00:00,30,12,10,,94.4819564819336,0,0,0,0,0,0,0,0,0,0,0,0,0,0,0,0,0,0,0,0,0,0,0,0,0
2007-12-13 10:15:00+00:00,30,12,10,,,0,0,0,0,0,0,0,0,0,0,0,0,0,0,0,0,0,0,0,0,0,0,0,0,0
2007-12-13 10:15:00+00:00,30,12,10,194.6044158935547,187.7145538330078,0,0,0,0,0,0,0,0,0,0,0,0,0,1,1,1,1,0,0,0,0,0,0,0,0
2007-12-13 10:15:00+00:00,30,12,10,363.64276123046875,337.0349426269531,0,0,0,0,0,0,0,0,0,0,0,0,0,0,0,0,0,0,0,0,0,0,0,0,0
2007-12-13 10:15:00+00:00,30,12,10,421.0733947753906,,0,0,0,0,0,0,0,0,0,0,0,0,0,0,0,0,0,0,0,0,0,0,0,0,0
2007-12-13 10:15:00+00:00,30,12,10,,,0,0,0,0,0,0,0,0,0,0,0,0,0,0,0,0,0,0,0,0,0,0,0,0,0
2007-12-13 10:15:00+00:00,30,12,10,,,0,0,0,0,0,0,0,0,0,0,0,0,0,0,0,0,0,0,0,0,0,0,0,0,0
2007-12-13 10:15:00+00:00,30,12,10,,,0,0,0,0,0,0,0,0,0,0,0,0,0,0,0,0,0,0,0,0,0,0,0,0,0
2007-12-13 10:15:00+00:00,30,12,10,,335.403076171875,0,0,0,0,0,0,0,0,0,0,0,0,0,0,0,0,0,0,0,0,0,0,0,0,0
2007-12-13 10:15:00+00:00,30,12,10,,365.0882568359375,0,0,0,0,0,0,0,0,0,0,0,0,0,0,0,0,0,0,0,0,0,0,0,0,0
2007-12-13 10:15:00+00:00,30,12,10,,143.188232421875,0,0,0,0,0,0,0,0,0,0,0,0,0,0,0,0,0,0,0,0,0,0,0,0,0
2007-12-13 10:15:00+00:00,30,12,10,,313.5999450683594,0,0,0,0,0,0,0,0,0,0,0,0,0,0,0,0,0,0,0,0,0,0,0,0,0
2007-12-13 10:15:00+00:00,30,12,10,,243.79830932617188,0,0,0,0,0,0,0,0,0,0,0,0,0,0,0,0,0,0,0,0,0,0,0,0,0
2007-12-13 10:15:00+00:00,30,12,10,,102.8043212890625,0,0,0,0,0,0,0,0,0,0,0,0,0,0,0,0,0,0,0,0,0,0,0,0,0
2007-12-13 10:15:00+00:00,30,12,10,,,0,0,0,0,0,0,0,0,0,0,0,0,0,0,0,0,0,0,0,0,0,0,0,0,0
2007-12-13 10:15:00+00:00,30,12,10,,,0,0,0,0,0,0,0,0,0,0,0,0,0,0,0,0,0,0,0,0,0,0,0,0,0
2007-12-13 10:30:00+00:00,30,12,10,,,0,0,0,0,0,0,0,0,0,0,0,0,0,0,0,0,0,0,0,0,0,0,0,0,0
2007-12-13 10:30:00+00:00,30,12,10,118.89141082763672,88.10250854492188,0,0,0,0,0,0,0,0,0,0,1,1,1,1,1,1,1,0,0,0,0,0,0,0,0
2007-12-13 10:30:00+00:00,30,12,10,197.5019989013672,212.65765380859375,0,0,0,0,0,0,0,0,0,0,0,0,0,1,1,1,1,0,0,0,0,0,0,0,0
2007-12-13 10:30:00+00:00,30,12,10,456.7199401855469,277.1507873535156,0,0,0,0,0,0,0,0,0,0,0,0,0,0,0,0,0,0,0,0,0,0,0,0,0
2007-12-13 10:30:00+00:00,30,12,10,317.0596618652344,304.0269775390625,0,0,0,0,0,0,0,0,0,0,0,0,0,0,0,0,1,0,0,0,0,0,0,0,0
2007-12-13 10:30:00+00:00,30,12,10,,,0,0,0,0,0,0,0,0,0,0,0,0,0,0,0,0,0,0,0,0,0,0,0,0,0
2007-12-13 10:30:00+00:00,30,12,10,,,0,0,0,0,0,0,0,0,0,0,0,0,0,0,0,0,0,0,0,0,0,0,0,0,0
2007-12-13 10:30:00+00:00,30,12,10,,,0,0,0,0,0,0,0,0,0,0,0,0,0,0,0,0,0,0,0,0,0,0,0,0,0
2007-12-13 10:30:00+00:00,30,12,10,,,0,0,0,0,0,0,0,0,0,0,0,0,0,0,0,0,0,0,0,0,0,0,0,0,0
2007-12-13 10:30:00+00:00,30,12,10,,,0,0,0,0,0,0,0,0,0,0,0,0,0,0,0,0,0,0,0,0,0,0,0,0,0
2007-12-13 10:30:00+00:00,30,12,10,,,0,0,0,0,0,0,0,0,0,0,0,0,0,0,0,0,0,0,0,0,0,0,0,0,0
2007-12-13 10:30:00+00:00,30,12,10,,,0,0,0,0,0,0,0,0,0,0,0,0,0,0,0,0,0,0,0,0,0,0,0,0,0
2007-12-13 10:30:00+00:00,30,12,10,,,0,0,0,0,0,0,0,0,0,0,0,0,0,0,0,0,0,0,0,0,0,0,0,0,0
2007-12-13 10:30:00+00:00,30,12,10,385.3503112792969,111.73839569091797,0,0,0,0,0,0,0,0,0,0,0,0,0,0,0,0,0,0,0,0,0,0,0,0,0
2007-12-13 10:30:00+00:00,30,12,10,195.63368225097656,181.99844360351562,0,0,0,0,0,0,0,0,0,0,0,0,0,1,1,1,1,0,0,0,0,0,0,0,0
2007-12-13 10:30:00+00:00,30,12,10,,,0,0,0,0,0,0,0,0,0,0,0,0,0,0,0,0,0,0,0,0,0,0,0,0,0
2007-12-13 10:45:00+00:00,30,12,10,,,0,0,0,0,0,0,0,0,0,0,0,0,0,0,0,0,0,0,0,0,0,0,0,0,0
2007-12-13 10:45:00+00:00,30,12,10,,,0,0,0,0,0,0,0,0,0,0,0,0,0,0,0,0,0,0,0,0,0,0,0,0,0
2007-12-13 10:45:00+00:00,30,12,10,440.40228271484375,405.6158447265625,0,0,0,0,0,0,0,0,0,0,0,0,0,0,0,0,0,0,0,0,0,0,0,0,0
2007-12-13 10:45:00+00:00,30,12,10,148.7752227783203,108.74983978271484,0,0,0,0,0,0,0,0,0,0,0,1,1,1,1,1,1,0,0,0,0,0,0,0,0
2007-12-13 10:45:00+00:00,30,12,10,,,0,0,0,0,0,0,0,0,0,0,0,0,0,0,0,0,0,0,0,0,0,0,0,0,0
2007-12-13 10:45:00+00:00,30,12,10,53.04180908203125,47.70088195800781,0,0,0,0,0,0,0,1,1,1,1,1,1,1,1,1,1,0,0,0,0,0,0,1,1
2007-12-13 10:45:00+00:00,30,12,10,152.04774475097656,136.23606872558594,0,0,0,0,0,0,0,0,0,0,0,0,1,1,1,1,1,0,0,0,0,0,0,0,0
2007-12-13 10:45:00+00:00,30,12,10,182.03268432617188,11.890454292297363,0,0,0,0,0,0,0,0,0,0,0,0,0,1,1,1,1,0,1,1,1,1,1,1,1
2007-12-13 10:45:00+00:00,30,12,10,204.65382385253906,97.87792205810547,0,0,0,0,0,0,0,0,0,0,0,0,0,0,1,1,1,0,0,0,0,0,0,0,0
2007-12-13 10:45:00+00:00,30,12,10,127.56321716308594,131.36036682128906,0,0,0,0,0,0,0,0,0,0,0,1,1,1,1,1,1,0,0,0,0,0,0,0,0
2007-12-13 10:45:00+00:00,30,12,10,424.6302185058594,396.4942321777344,0,0,0,0,0,0,0,0,0,0,0,0,0,0,0,0,0,0,0,0,0,0,0,0,0
2007-12-13 10:45:00+00:00,30,12,10,212.2381591796875,,0,0,0,0,0,0,0,0,0,0,0,0,0,0,1,1,1,0,0,0,0,0,0,0,0
2007-12-13 10:45:00+00:00,30,12,10,,,0,0,0,0,0,0,0,0,0,0,0,0,0,0,0,0,0,0,0,0,0,0,0,0,0
2007-12-13 10:45:00+00:00,30,12,10,288.8246154785156,124.0553207397461,0,0,0,0,0,0,0,0,0,0,0,0,0,0,0,1,1,0,0,0,0,0,0,0,0
2007-12-13 10:45:00+00:00,30,12,10,,374.01031494140625,0,0,0,0,0,0,0,0,0,0,0,0,0,0,0,0,0,0,0,0,0,0,0,0,0
2007-12-13 10:45:00+00:00,30,12,10,,371.1628723144531,0,0,0,0,0,0,0,0,0,0,0,0,0,0,0,0,0,0,0,0,0,0,0,0,0
2007-12-13 10:45:00+00:00,30,12,10,265.3426513671875,229.65406799316406,0,0,0,0,0,0,0,0,0,0,0,0,0,0,0,1,1,0,0,0,0,0,0,0,0
2007-12-13 10:45:00+00:00,30,12,10,,,0,0,0,0,0,0,0,0,0,0,0,0,0,0,0,0,0,0,0,0,0,0,0,0,0
2007-12-13 10:45:00+00:00,30,12,10,72.2244644165039,49.313560485839844,0,0,0,0,0,0,0,0,1,1,1,1,1,1,1,1,1,0,0,0,0,0,0,1,1
2007-12-13 10:45:00+00:00,30,12,10,199.85121154785156,171.0049285888672,0,0,0,0,0,0,0,0,0,0,0,0,0,1,1,1,1,0,0,0,0,0,0,0,0
2007-12-13 10:45:00+00:00,30,12,10,,,0,0,0,0,0,0,0,0,0,0,0,0,0,0,0,0,0,0,0,0,0,0,0,0,0
2007-12-13 11:00:00+00:00,30,12,11,183.50428771972656,3.5293965339660645,0,0,0,0,0,0,0,0,0,0,0,0,0,1,1,1,1,1,1,1,1,1,1,1,1
2007-12-13 11:00:00+00:00,30,12,11,104.46115112304688,95.03135681152344,0,0,0,0,0,0,0,0,0,0,1,1,1,1,1,1,1,0,0,0,0,0,0,0,0
2007-12-13 11:00:00+00:00,30,12,11,292.82818603515625,328.4585876464844,0,0,0,0,0,0,0,0,0,0,0,0,0,0,0,1,1,0,0,0,0,0,0,0,0
2007-12-13 11:00:00+00:00,30,12,11,194.37408447265625,186.23822021484375,0,0,0,0,0,0,0,0,0,0,0,0,0,1,1,1,1,0,0,0,0,0,0,0,0
2007-12-13 11:00:00+00:00,30,12,11,162.4974365234375,153.73678588867188,0,0,0,0,0,0,0,0,0,0,0,0,1,1,1,1,1,0,0,0,0,0,0,0,0
2007-12-13 11:00:00+00:00,30,12,11,,,0,0,0,0,0,0,0,0,0,0,0,0,0,0,0,0,0,0,0,0,0,0,0,0,0
2007-12-13 11:00:00+00:00,30,12,11,65.00859069824219,57.568817138671875,0,0,0,0,0,0,0,0,1,1,1,1,1,1,1,1,1,0,0,0,0,0,0,0,1
2007-12-13 11:00:00+00:00,30,12,11,138.44789123535156,142.52587890625,0,0,0,0,0,0,0,0,0,0,0,1,1,1,1,1,1,0,0,0,0,0,0,0,0
2007-12-13 11:00:00+00:00,30,12,11,186.2870635986328,181.82473754882812,0,0,0,0,0,0,0,0,0,0,0,0,0,1,1,1,1,0,0,0,0,0,0,0,0
2007-12-13 11:15:00+00:00,30,12,11,383.2766418457031,326.5803527832031,0,0,0,0,0,0,0,0,0,0,0,0,0,0,0,0,0,0,0,0,0,0,0,0,0
2007-12-13 11:15:00+00:00,30,12,11,123.41195678710938,39.68658447265625,0,0,0,0,0,0,0,0,0,0,0,1,1,1,1,1,1,0,0,0,0,0,1,1,1
2007-12-13 11:15:00+00:00,30,12,11,222.67144775390625,265.34844970703125,0,0,0,0,0,0,0,0,0,0,0,0,0,0,1,1,1,0,0,0,0,0,0,0,0
2007-12-13 11:15:00+00:00,30,12,11,204.78363037109375,19.68524932861328,0,0,0,0,0,0,0,0,0,0,0,0,0,0,1,1,1,0,0,1,1,1,1,1,1
2007-12-13 11:15:00+00:00,30,12,11,221.41664123535156,46.60410690307617,0,0,0,0,0,0,0,0,0,0,0,0,0,0,1,1,1,0,0,0,0,0,0,1,1
2007-12-13 11:15:00+00:00,30,12,11,,371.4368591308594,0,0,0,0,0,0,0,0,0,0,0,0,0,0,0,0,0,0,0,0,0,0,0,0,0
2007-12-13 11:15:00+00:00,30,12,11,,,0,0,0,0,0,0,0,0,0,0,0,0,0,0,0,0,0,0,0,0,0,0,0,0,0
2007-12-13 11:15:00+00:00,30,12,11,,,0,0,0,0,0,0,0,0,0,0,0,0,0,0,0,0,0,0,0,0,0,0,0,0,0
2007-12-13 11:15:00+00:00,30,12,11,,,0,0,0,0,0,0,0,0,0,0,0,0,0,0,0,0,0,0,0,0,0,0,0,0,0
2007-12-13 11:15:00+00:00,30,12,11,450.2030334472656,479.02130126953125,0,0,0,0,0,0,0,0,0,0,0,0,0,0,0,0,0,0,0,0,0,0,0,0,0
2007-12-13 11:30:00+00:00,30,12,11,,72.80413818359375,0,0,0,0,0,0,0,0,0,0,0,0,0,0,0,0,0,0,0,0,0,0,0,0,0
2007-12-13 11:30:00+00:00,30,12,11,,103.1108627319336,0,0,0,0,0,0,0,0,0,0,0,0,0,0,0,0,0,0,0,0,0,0,0,0,0
2007-12-13 11:30:00+00:00,30,12,11,166.99386596679688,147.5031280517578,0,0,0,0,0,0,0,0,0,0,0,0,1,1,1,1,1,0,0,0,0,0,0,0,0
2007-12-13 11:30:00+00:00,30,12,11,543.77734375,572.9949340820312,0,0,0,0,0,0,0,0,0,0,0,0,0,0,0,0,0,0,0,0,0,0,0,0,0
2007-12-13 11:30:00+00:00,30,12,11,220.9072265625,333.64617919921875,0,0,0,0,0,0,0,0,0,0,0,0,0,0,1,1,1,0,0,0,0,0,0,0,0
2007-12-13 11:30:00+00:00,30,12,11,56.97429656982422,97.61900329589844,0,0,0,0,0,0,0,1,1,1,1,1,1,1,1,1,1,0,0,0,0,0,0,0,0
2007-12-13 11:30:00+00:00,30,12,11,147.37376403808594,151.1889190673828,0,0,0,0,0,0,0,0,0,0,0,1,1,1,1,1,1,0,0,0,0,0,0,0,0
2007-12-13 11:30:00+00:00,30,12,11,60.33759307861328,41.86990737915039,0,0,0,0,0,0,0,0,1,1,1,1,1,1,1,1,1,0,0,0,0,0,0,1,1
2007-12-13 11:30:00+00:00,30,12,11,254.5826416015625,238.310791015625,0,0,0,0,0,0,0,0,0,0,0,0,0,0,0,1,1,0,0,0,0,0,0,0,0
2007-12-13 11:30:00+00:00,30,12,11,103.69202423095703,91.8417739868164,0,0,0,0,0,0,0,0,0,0,1,1,1,1,1,1,1,0,0,0,0,0,0,0,0
2007-12-13 11:30:00+00:00,30,12,11,367.3492126464844,363.67755126953125,0,0,0,0,0,0,0,0,0,0,0,0,0,0,0,0,0,0,0,0,0,0,0,0,0
2007-12-13 11:30:00+00:00,30,12,11,256.0617980957031,267.90234375,0,0,0,0,0,0,0,0,0,0,0,0,0,0,0,1,1,0,0,0,0,0,0,0,0
2007-12-13 11:30:00+00:00,30,12,11,250.984130859375,267.9659729003906,0,0,0,0,0,0,0,0,0,0,0,0,0,0,0,1,1,0,0,0,0,0,0,0,0
2007-12-13 11:30:00+00:00,30,12,11,270.9278564453125,287.9101257324219,0,0,0,0,0,0,0,0,0,0,0,0,0,0,0,1,1,0,0,0,0,0,0,0,0
2007-12-13 11:45:00+00:00,30,12,11,,,0,0,0,0,0,0,0,0,0,0,0,0,0,0,0,0,0,0,0,0,0,0,0,0,0
2007-12-13 11:45:00+00:00,30,12,11,,,0,0,0,0,0,0,0,0,0,0,0,0,0,0,0,0,0,0,0,0,0,0,0,0,0
2007-12-13 11:45:00+00:00,30,12,11,,,0,0,0,0,0,0,0,0,0,0,0,0,0,0,0,0,0,0,0,0,0,0,0,0,0
2007-12-13 11:45:00+00:00,30,12,11,,,0,0,0,0,0,0,0,0,0,0,0,0,0,0,0,0,0,0,0,0,0,0,0,0,0
2007-12-13 11:45:00+00:00,30,12,11,,127.61885070800781,0,0,0,0,0,0,0,0,0,0,0,0,0,0,0,0,0,0,0,0,0,0,0,0,0
2007-12-13 11:45:00+00:00,30,12,11,191.26290893554688,212.87583923339844,0,0,0,0,0,0,0,0,0,0,0,0,0,1,1,1,1,0,0,0,0,0,0,0,0
2007-12-13 11:45:00+00:00,30,12,11,114.35436248779297,79.46487426757812,0,0,0,0,0,0,0,0,0,0,1,1,1,1,1,1,1,0,0,0,0,0,0,0,0
2007-12-13 11:45:00+00:00,30,12,11,71.19872283935547,51.012996673583984,0,0,0,0,0,0,0,0,1,1,1,1,1,1,1,1,1,0,0,0,0,0,0,0,1
2007-12-13 11:45:00+00:00,30,12,11,24.158475875854492,3.4713244438171387,0,0,0,1,1,1,1,1,1,1,1,1,1,1,1,1,1,1,1,1,1,1,1,1,1
2007-12-13 11:45:00+00:00,30,12,11,215.77647399902344,175.08544921875,0,0,0,0,0,0,0,0,0,0,0,0,0,0,1,1,1,0,0,0,0,0,0,0,0
2007-12-13 11:45:00+00:00,30,12,11,62.36394500732422,78.53670501708984,0,0,0,0,0,0,0,0,1,1,1,1,1,1,1,1,1,0,0,0,0,0,0,0,0
2007-12-13 11:45:00+00:00,30,12,11,73.20543670654297,147.82180786132812,0,0,0,0,0,0,0,0,1,1,1,1,1,1,1,1,1,0,0,0,0,0,0,0,0
2007-12-13 11:45:00+00:00,30,12,11,42.946319580078125,37.86112976074219,0,0,0,0,0,0,1,1,1,1,1,1,1,1,1,1,1,0,0,0,0,0,1,1,1
2007-12-13 11:45:00+00:00,30,12,11,374.47979736328125,387.8782958984375,0,0,0,0,0,0,0,0,0,0,0,0,0,0,0,0,0,0,0,0,0,0,0,0,0
2007-12-13 11:45:00+00:00,30,12,11,191.574951171875,183.33932495117188,0,0,0,0,0,0,0,0,0,0,0,0,0,1,1,1,1,0,0,0,0,0,0,0,0
2007-12-13 11:45:00+00:00,30,12,11,161.22227478027344,139.091796875,0,0,0,0,0,0,0,0,0,0,0,0,1,1,1,1,1,0,0,0,0,0,0,0,0
2007-12-13 11:45:00+00:00,30,12,11,50.38564682006836,43.21925354003906,0,0,0,0,0,0,0,1,1,1,1,1,1,1,1,1,1,0,0,0,0,0,0,1,1
2007-12-13 11:45:00+00:00,30,12,11,93.38510131835938,106.35498046875,0,0,0,0,0,0,0,0,0,1,1,1,1,1,1,1,1,0,0,0,0,0,0,0,0
2007-12-13 11:45:00+00:00,30,12,11,85.98475646972656,61.48538589477539,0,0,0,0,0,0,0,0,0,1,1,1,1,1,1,1,1,0,0,0,0,0,0,0,0
2007-12-13 11:45:00+00:00,30,12,11,43.58692169189453,17.312286376953125,0,0,0,0,0,0,1,1,1,1,1,1,1,1,1,1,1,0,0,1,1,1,1,1,1
2007-12-13 11:45:00+00:00,30,12,11,,150.57260131835938,0,0,0,0,0,0,0,0,0,0,0,0,0,0,0,0,0,0,0,0,0,0,0,0,0
2007-12-13 11:45:00+00:00,30,12,11,381.1488342285156,87.15361022949219,0,0,0,0,0,0,0,0,0,0,0,0,0,0,0,0,0,0,0,0,0,0,0,0,0
2007-12-13 12:00:00+00:00,30,12,12,214.13230895996094,202.0487518310547,0,0,0,0,0,0,0,0,0,0,0,0,0,0,1,1,1,0,0,0,0,0,0,0,0
2007-12-13 12:00:00+00:00,30,12,12,58.646522521972656,46.178932189941406,0,0,0,0,0,0,0,1,1,1,1,1,1,1,1,1,1,0,0,0,0,0,0,1,1
2007-12-13 12:00:00+00:00,30,12,12,,,0,0,0,0,0,0,0,0,0,0,0,0,0,0,0,0,0,0,0,0,0,0,0,0,0
2007-12-13 12:00:00+00:00,30,12,12,216.63731384277344,193.2187957763672,0,0,0,0,0,0,0,0,0,0,0,0,0,0,1,1,1,0,0,0,0,0,0,0,0
2007-12-13 12:00:00+00:00,30,12,12,137.34068298339844,109.72844696044922,0,0,0,0,0,0,0,0,0,0,0,1,1,1,1,1,1,0,0,0,0,0,0,0,0
2007-12-13 12:00:00+00:00,30,12,12,215.95079040527344,196.6003875732422,0,0,0,0,0,0,0,0,0,0,0,0,0,0,1,1,1,0,0,0,0,0,0,0,0
2007-12-13 12:00:00+00:00,30,12,12,,153.2729949951172,0,0,0,0,0,0,0,0,0,0,0,0,0,0,0,0,0,0,0,0,0,0,0,0,0
2007-12-13 12:00:00+00:00,30,12,12,182.10800170898438,164.78472900390625,0,0,0,0,0,0,0,0,0,0,0,0,0,1,1,1,1,0,0,0,0,0,0,0,0
2007-12-13 12:00:00+00:00,30,12,12,,,0,0,0,0,0,0,0,0,0,0,0,0,0,0,0,0,0,0,0,0,0,0,0,0,0
2007-12-13 12:15:00+00:00,30,12,12,,,0,0,0,0,0,0,0,0,0,0,0,0,0,0,0,0,0,0,0,0,0,0,0,0,0
2007-12-13 12:15:00+00:00,30,12,12,184.14173889160156,177.89353942871094,0,0,0,0,0,0,0,0,0,0,0,0,0,1,1,1,1,0,0,0,0,0,0,0,0
2007-12-13 12:15:00+00:00,30,12,12,154.26084899902344,153.038818359375,0,0,0,0,0,0,0,0,0,0,0,0,1,1,1,1,1,0,0,0,0,0,0,0,0
2007-12-13 12:15:00+00:00,30,12,12,158.62322998046875,285.724853515625,0,0,0,0,0,0,0,0,0,0,0,0,1,1,1,1,1,0,0,0,0,0,0,0,0
2007-12-13 12:15:00+00:00,30,12,12,128.60708618164062,288.9160461425781,0,0,0,0,0,0,0,0,0,0,0,1,1,1,1,1,1,0,0,0,0,0,0,0,0
2007-12-13 12:15:00+00:00,30,12,12,205.92149353027344,192.90541076660156,0,0,0,0,0,0,0,0,0,0,0,0,0,0,1,1,1,0,0,0,0,0,0,0,0
2007-12-13 12:15:00+00:00,30,12,12,133.1396942138672,119.01107025146484,0,0,0,0,0,0,0,0,0,0,0,1,1,1,1,1,1,0,0,0,0,0,0,0,0
2007-12-13 12:15:00+00:00,30,12,12,127.7607421875,122.18570709228516,0,0,0,0,0,0,0,0,0,0,0,1,1,1,1,1,1,0,0,0,0,0,0,0,0
2007-12-13 12:15:00+00:00,30,12,12,55.788780212402344,57.53750228881836,0,0,0,0,0,0,0,1,1,1,1,1,1,1,1,1,1,0,0,0,0,0,0,0,1
2007-12-13 12:15:00+00:00,30,12,12,,426.5491943359375,0,0,0,0,0,0,0,0,0,0,0,0,0,0,0,0,0,0,0,0,0,0,0,0,0
2007-12-13 12:15:00+00:00,30,12,12,93.27760314941406,,0,0,0,0,0,0,0,0,0,1,1,1,1,1,1,1,1,0,0,0,0,0,0,0,0
2007-12-13 12:15:00+00:00,30,12,12,,,0,0,0,0,0,0,0,0,0,0,0,0,0,0,0,0,0,0,0,0,0,0,0,0,0
2007-12-13 12:15:00+00:00,30,12,12,,,0,0,0,0,0,0,0,0,0,0,0,0,0,0,0,0,0,0,0,0,0,0,0,0,0
2007-12-13 12:30:00+00:00,30,12,12,35.755741119384766,28.654558181762695,0,0,0,0,0,1,1,1,1,1,1,1,1,1,1,1,1,0,0,0,0,1,1,1,1
2007-12-13 12:30:00+00:00,30,12,12,381.0533752441406,369.7137451171875,0,0,0,0,0,0,0,0,0,0,0,0,0,0,0,0,0,0,0,0,0,0,0,0,0
2007-12-13 12:30:00+00:00,30,12,12,361.68450927734375,344.6994934082031,0,0,0,0,0,0,0,0,0,0,0,0,0,0,0,0,0,0,0,0,0,0,0,0,0
2007-12-13 12:30:00+00:00,30,12,12,71.41991424560547,84.08941650390625,0,0,0,0,0,0,0,0,1,1,1,1,1,1,1,1,1,0,0,0,0,0,0,0,0
2007-12-13 12:30:00+00:00,30,12,12,217.7988739013672,209.46450805664062,0,0,0,0,0,0,0,0,0,0,0,0,0,0,1,1,1,0,0,0,0,0,0,0,0
2007-12-13 12:30:00+00:00,30,12,12,199.0340118408203,208.43280029296875,0,0,0,0,0,0,0,0,0,0,0,0,0,1,1,1,1,0,0,0,0,0,0,0,0
2007-12-13 12:30:00+00:00,30,12,12,240.79177856445312,236.75401306152344,0,0,0,0,0,0,0,0,0,0,0,0,0,0,1,1,1,0,0,0,0,0,0,0,0
2007-12-13 12:30:00+00:00,30,12,12,370.8284606933594,373.4097900390625,0,0,0,0,0,0,0,0,0,0,0,0,0,0,0,0,0,0,0,0,0,0,0,0,0
2007-12-13 12:30:00+00:00,30,12,12,161.5423126220703,,0,0,0,0,0,0,0,0,0,0,0,0,1,1,1,1,1,0,0,0,0,0,0,0,0
2007-12-13 12:30:00+00:00,30,12,12,502.07879638671875,475.6490478515625,0,0,0,0,0,0,0,0,0,0,0,0,0,0,0,0,0,0,0,0,0,0,0,0,0
2007-12-13 12:30:00+00:00,30,12,12,158.69105529785156,164.5675506591797,0,0,0,0,0,0,0,0,0,0,0,0,1,1,1,1,1,0,0,0,0,0,0,0,0
2007-12-13 12:30:00+00:00,30,12,12,112.11964416503906,231.306884765625,0,0,0,0,0,0,0,0,0,0,1,1,1,1,1,1,1,0,0,0,0,0,0,0,0
2007-12-13 12:30:00+00:00,30,12,12,131.15432739257812,17.05819320678711,0,0,0,0,0,0,0,0,0,0,0,1,1,1,1,1,1,0,0,1,1,1,1,1,1
2007-12-13 12:45:00+00:00,30,12,12,376.0735168457031,355.5218811035156,0,0,0,0,0,0,0,0,0,0,0,0,0,0,0,0,0,0,0,0,0,0,0,0,0
2007-12-13 12:45:00+00:00,30,12,12,350.4305725097656,353.9271545410156,0,0,0,0,0,0,0,0,0,0,0,0,0,0,0,0,0,0,0,0,0,0,0,0,0
2007-12-13 12:45:00+00:00,30,12,12,423.6153564453125,430.1903381347656,0,0,0,0,0,0,0,0,0,0,0,0,0,0,0,0,0,0,0,0,0,0,0,0,0
2007-12-13 12:45:00+00:00,30,12,12,294.0583190917969,286.66558837890625,0,0,0,0,0,0,0,0,0,0,0,0,0,0,0,1,1,0,0,0,0,0,0,0,0
2007-12-13 12:45:00+00:00,30,12,12,196.05970764160156,196.69784545898438,0,0,0,0,0,0,0,0,0,0,0,0,0,1,1,1,1,0,0,0,0,0,0,0,0
2007-12-13 12:45:00+00:00,30,12,12,,60.73249053955078,0,0,0,0,0,0,0,0,0,0,0,0,0,0,0,0,0,0,0,0,0,0,0,0,0
2007-12-13 12:45:00+00:00,30,12,12,,99.05037689208984,0,0,0,0,0,0,0,0,0,0,0,0,0,0,0,0,0,0,0,0,0,0,0,0,0
2007-12-13 13:00:00+00:00,30,12,13,56.7112922668457,34.76641082763672,0,0,0,0,0,0,0,1,1,1,1,1,1,1,1,1,1,0,0,0,0,0,1,1,1
2007-12-13 13:00:00+00:00,30,12,13,333.69757080078125,323.06768798828125,0,0,0,0,0,0,0,0,0,0,0,0,0,0,0,0,1,0,0,0,0,0,0,0,0
2007-12-13 13:00:00+00:00,30,12,13,98.74462127685547,72.42989349365234,0,0,0,0,0,0,0,0,0,1,1,1,1,1,1,1,1,0,0,0,0,0,0,0,0
2007-12-13 13:00:00+00:00,30,12,13,149.01808166503906,24.06390380859375,0,0,0,0,0,0,0,0,0,0,0,1,1,1,1,1,1,0,0,0,1,1,1,1,1
2007-12-13 13:00:00+00:00,30,12,13,134.8896026611328,99.18293762207031,0,0,0,0,0,0,0,0,0,0,0,1,1,1,1,1,1,0,0,0,0,0,0,0,0
2007-12-13 13:00:00+00:00,30,12,13,162.57508850097656,130.65521240234375,0,0,0,0,0,0,0,0,0,0,0,0,1,1,1,1,1,0,0,0,0,0,0,0,0
2007-12-13 13:00:00+00:00,30,12,13,102.39094543457031,319.48040771484375,0,0,0,0,0,0,0,0,0,0,1,1,1,1,1,1,1,0,0,0,0,0,0,0,0
2007-12-13 13:00:00+00:00,30,12,13,,43.82748031616211,0,0,0,0,0,0,0,0,0,0,0,0,0,0,0,0,0,0,0,0,0,0,0,1,1
2007-12-13 13:00:00+00:00,30,12,13,,222.35009765625,0,0,0,0,0,0,0,0,0,0,0,0,0,0,0,0,0,0,0,0,0,0,0,0,0
2007-12-13 13:00:00+00:00,30,12,13,,133.34352111816406,0,0,0,0,0,0,0,0,0,0,0,0,0,0,0,0,0,0,0,0,0,0,0,0,0
2007-12-13 13:00:00+00:00,30,12,13,300.8026428222656,97.34103393554688,0,0,0,0,0,0,0,0,0,0,0,0,0,0,0,0,1,0,0,0,0,0,0,0,0
2007-12-13 13:00:00+00:00,30,12,13,297.7947998046875,276.98297119140625,0,0,0,0,0,0,0,0,0,0,0,0,0,0,0,1,1,0,0,0,0,0,0,0,0
2007-12-13 13:00:00+00:00,30,12,13,117.5250015258789,126.95831298828125,0,0,0,0,0,0,0,0,0,0,1,1,1,1,1,1,1,0,0,0,0,0,0,0,0
2007-12-13 13:00:00+00:00,30,12,13,,,0,0,0,0,0,0,0,0,0,0,0,0,0,0,0,0,0,0,0,0,0,0,0,0,0
2007-12-13 13:15:00+00:00,30,12,13,,,0,0,0,0,0,0,0,0,0,0,0,0,0,0,0,0,0,0,0,0,0,0,0,0,0
2007-12-13 13:15:00+00:00,30,12,13,185.80355834960938,168.43418884277344,0,0,0,0,0,0,0,0,0,0,0,0,0,1,1,1,1,0,0,0,0,0,0,0,0
2007-12-13 13:15:00+00:00,30,12,13,56.31328582763672,60.75188446044922,0,0,0,0,0,0,0,1,1,1,1,1,1,1,1,1,1,0,0,0,0,0,0,0,0
2007-12-13 13:15:00+00:00,30,12,13,66.09895324707031,76.90026092529297,0,0,0,0,0,0,0,0,1,1,1,1,1,1,1,1,1,0,0,0,0,0,0,0,0
2007-12-13 13:15:00+00:00,30,12,13,78.79418182373047,106.06317138671875,0,0,0,0,0,0,0,0,1,1,1,1,1,1,1,1,1,0,0,0,0,0,0,0,0
2007-12-13 13:15:00+00:00,30,12,13,113.67890930175781,148.54002380371094,0,0,0,0,0,0,0,0,0,0,1,1,1,1,1,1,1,0,0,0,0,0,0,0,0
2007-12-13 13:15:00+00:00,30,12,13,388.2193298339844,389.18603515625,0,0,0,0,0,0,0,0,0,0,0,0,0,0,0,0,0,0,0,0,0,0,0,0,0
2007-12-13 13:15:00+00:00,30,12,13,51.33869552612305,330.1520080566406,0,0,0,0,0,0,0,1,1,1,1,1,1,1,1,1,1,0,0,0,0,0,0,0,0
2007-12-13 13:15:00+00:00,30,12,13,288.9394226074219,291.1429443359375,0,0,0,0,0,0,0,0,0,0,0,0,0,0,0,1,1,0,0,0,0,0,0,0,0
2007-12-13 13:15:00+00:00,30,12,13,276.9421081542969,100.69764709472656,0,0,0,0,0,0,0,0,0,0,0,0,0,0,0,1,1,0,0,0,0,0,0,0,0
2007-12-13 13:15:00+00:00,30,12,13,244.20652770996094,3.0993456840515137,0,0,0,0,0,0,0,0,0,0,0,0,0,0,1,1,1,1,1,1,1,1,1,1,1
2007-12-13 13:15:00+00:00,30,12,13,324.11785888671875,163.350830078125,0,0,0,0,0,0,0,0,0,0,0,0,0,0,0,0,1,0,0,0,0,0,0,0,0
2007-12-13 13:15:00+00:00,30,12,13,127.73802185058594,14.871376991271973,0,0,0,0,0,0,0,0,0,0,0,1,1,1,1,1,1,0,1,1,1,1,1,1,1
2007-12-13 13:15:00+00:00,30,12,13,291.1906433105469,151.21109008789062,0,0,0,0,0,0,0,0,0,0,0,0,0,0,0,1,1,0,0,0,0,0,0,0,0
2007-12-13 13:15:00+00:00,30,12,13,218.811767578125,219.5922088623047,0,0,0,0,0,0,0,0,0,0,0,0,0,0,1,1,1,0,0,0,0,0,0,0,0
2007-12-13 13:30:00+00:00,30,12,13,67.7767333984375,66.76689910888672,0,0,0,0,0,0,0,0,1,1,1,1,1,1,1,1,1,0,0,0,0,0,0,0,0
2007-12-13 13:30:00+00:00,30,12,13,425.2203369140625,418.8564453125,0,0,0,0,0,0,0,0,0,0,0,0,0,0,0,0,0,0,0,0,0,0,0,0,0
2007-12-13 13:30:00+00:00,30,12,13,345.36968994140625,356.8644104003906,0,0,0,0,0,0,0,0,0,0,0,0,0,0,0,0,1,0,0,0,0,0,0,0,0
2007-12-13 13:30:00+00:00,30,12,13,37.986148834228516,26.030033111572266,0,0,0,0,0,1,1,1,1,1,1,1,1,1,1,1,1,0,0,0,0,1,1,1,1
2007-12-13 13:30:00+00:00,30,12,13,,,0,0,0,0,0,0,0,0,0,0,0,0,0,0,0,0,0,0,0,0,0,0,0,0,0
2007-12-13 13:30:00+00:00,30,12,13,263.4716796875,409.6927490234375,0,0,0,0,0,0,0,0,0,0,0,0,0,0,0,1,1,0,0,0,0,0,0,0,0
2007-12-13 13:30:00+00:00,30,12,13,335.5828552246094,111.54390716552734,0,0,0,0,0,0,0,0,0,0,0,0,0,0,0,0,1,0,0,0,0,0,0,0,0
2007-12-13 13:30:00+00:00,30,12,13,79.61551666259766,77.63418579101562,0,0,0,0,0,0,0,0,1,1,1,1,1,1,1,1,1,0,0,0,0,0,0,0,0
2007-12-13 13:30:00+00:00,30,12,13,56.576377868652344,56.576377868652344,0,0,0,0,0,0,0,1,1,1,1,1,1,1,1,1,1,0,0,0,0,0,0,0,1
2007-12-13 13:30:00+00:00,30,12,13,179.38331604003906,75.91354370117188,0,0,0,0,0,0,0,0,0,0,0,0,1,1,1,1,1,0,0,0,0,0,0,0,0
2007-12-13 13:30:00+00:00,30,12,13,184.2511749267578,170.05020141601562,0,0,0,0,0,0,0,0,0,0,0,0,0,1,1,1,1,0,0,0,0,0,0,0,0
2007-12-13 13:30:00+00:00,30,12,13,83.43513488769531,11.591415405273438,0,0,0,0,0,0,0,0,0,1,1,1,1,1,1,1,1,0,1,1,1,1,1,1,1
2007-12-13 13:45:00+00:00,30,12,13,109.50880432128906,76.43927764892578,0,0,0,0,0,0,0,0,0,0,1,1,1,1,1,1,1,0,0,0,0,0,0,0,0
2007-12-13 13:45:00+00:00,30,12,13,92.0130615234375,87.0278549194336,0,0,0,0,0,0,0,0,0,1,1,1,1,1,1,1,1,0,0,0,0,0,0,0,0
2007-12-13 13:45:00+00:00,30,12,13,337.33203125,375.5803527832031,0,0,0,0,0,0,0,0,0,0,0,0,0,0,0,0,1,0,0,0,0,0,0,0,0
2007-12-13 13:45:00+00:00,30,12,13,556.3253784179688,182.61294555664062,0,0,0,0,0,0,0,0,0,0,0,0,0,0,0,0,0,0,0,0,0,0,0,0,0
2007-12-13 13:45:00+00:00,30,12,13,,,0,0,0,0,0,0,0,0,0,0,0,0,0,0,0,0,0,0,0,0,0,0,0,0,0
2007-12-13 13:45:00+00:00,30,12,13,92.35775756835938,101.35503387451172,0,0,0,0,0,0,0,0,0,1,1,1,1,1,1,1,1,0,0,0,0,0,0,0,0
2007-12-13 13:45:00+00:00,30,12,13,180.11325073242188,90.94226837158203,0,0,0,0,0,0,0,0,0,0,0,0,0,1,1,1,1,0,0,0,0,0,0,0,0
2007-12-13 13:45:00+00:00,30,12,13,232.47622680664062,185.23056030273438,0,0,0,0,0,0,0,0,0,0,0,0,0,0,1,1,1,0,0,0,0,0,0,0,0
2007-12-13 14:00:00+00:00,30,12,14,,367.4199523925781,0,0,0,0,0,0,0,0,0,0,0,0,0,0,0,0,0,0,0,0,0,0,0,0,0
2007-12-13 14:00:00+00:00,30,12,14,207.6636962890625,335.14111328125,0,0,0,0,0,0,0,0,0,0,0,0,0,0,1,1,1,0,0,0,0,0,0,0,0
2007-12-13 14:00:00+00:00,30,12,14,112.84949493408203,83.22068786621094,0,0,0,0,0,0,0,0,0,0,1,1,1,1,1,1,1,0,0,0,0,0,0,0,0
2007-12-13 14:00:00+00:00,30,12,14,269.0103454589844,246.22430419921875,0,0,0,0,0,0,0,0,0,0,0,0,0,0,0,1,1,0,0,0,0,0,0,0,0
2007-12-13 14:00:00+00:00,30,12,14,142.12229919433594,0.0,0,0,0,0,0,0,0,0,0,0,0,1,1,1,1,1,1,1,1,1,1,1,1,1,1
2007-12-13 14:00:00+00:00,30,12,14,322.1217956542969,,0,0,0,0,0,0,0,0,0,0,0,0,0,0,0,0,1,0,0,0,0,0,0,0,0
2007-12-13 14:15:00+00:00,30,12,14,191.6582794189453,176.05101013183594,0,0,0,0,0,0,0,0,0,0,0,0,0,1,1,1,1,0,0,0,0,0,0,0,0
2007-12-13 14:15:00+00:00,30,12,14,39.6759033203125,47.04076385498047,0,0,0,0,0,1,1,1,1,1,1,1,1,1,1,1,1,0,0,0,0,0,0,1,1
2007-12-13 14:15:00+00:00,30,12,14,197.79263305664062,289.51251220703125,0,0,0,0,0,0,0,0,0,0,0,0,0,1,1,1,1,0,0,0,0,0,0,0,0
2007-12-13 14:15:00+00:00,30,12,14,376.73126220703125,376.71148681640625,0,0,0,0,0,0,0,0,0,0,0,0,0,0,0,0,0,0,0,0,0,0,0,0,0
2007-12-13 14:30:00+00:00,30,12,14,143.02651977539062,161.27011108398438,0,0,0,0,0,0,0,0,0,0,0,1,1,1,1,1,1,0,0,0,0,0,0,0,0
2007-12-13 14:30:00+00:00,30,12,14,87.44830322265625,131.36534118652344,0,0,0,0,0,0,0,0,0,1,1,1,1,1,1,1,1,0,0,0,0,0,0,0,0
2007-12-13 14:30:00+00:00,30,12,14,49.39099884033203,68.00464630126953,0,0,0,0,0,0,1,1,1,1,1,1,1,1,1,1,1,0,0,0,0,0,0,0,0
2007-12-13 14:30:00+00:00,30,12,14,132.2071990966797,126.38775634765625,0,0,0,0,0,0,0,0,0,0,0,1,1,1,1,1,1,0,0,0,0,0,0,0,0
2007-12-13 14:30:00+00:00,30,12,14,294.714111328125,350.0960693359375,0,0,0,0,0,0,0,0,0,0,0,0,0,0,0,1,1,0,0,0,0,0,0,0,0
2007-12-13 14:30:00+00:00,30,12,14,121.04647827148438,49.61317825317383,0,0,0,0,0,0,0,0,0,0,0,1,1,1,1,1,1,0,0,0,0,0,0,1,1
2007-12-13 14:30:00+00:00,30,12,14,307.1455078125,314.76171875,0,0,0,0,0,0,0,0,0,0,0,0,0,0,0,0,1,0,0,0,0,0,0,0,0
2007-12-13 14:30:00+00:00,30,12,14,131.9358367919922,122.79239654541016,0,0,0,0,0,0,0,0,0,0,0,1,1,1,1,1,1,0,0,0,0,0,0,0,0
2007-12-13 14:45:00+00:00,30,12,14,122.11058807373047,89.04328918457031,0,0,0,0,0,0,0,0,0,0,0,1,1,1,1,1,1,0,0,0,0,0,0,0,0
2007-12-13 14:45:00+00:00,30,12,14,110.85755920410156,44.788490295410156,0,0,0,0,0,0,0,0,0,0,1,1,1,1,1,1,1,0,0,0,0,0,0,1,1
2007-12-13 14:45:00+00:00,30,12,14,400.9396667480469,387.5762634277344,0,0,0,0,0,0,0,0,0,0,0,0,0,0,0,0,0,0,0,0,0,0,0,0,0
2007-12-13 14:45:00+00:00,30,12,14,77.44990539550781,24.415544509887695,0,0,0,0,0,0,0,0,1,1,1,1,1,1,1,1,1,0,0,0,1,1,1,1,1
2007-12-13 14:45:00+00:00,30,12,14,137.1435546875,74.28115844726562,0,0,0,0,0,0,0,0,0,0,0,1,1,1,1,1,1,0,0,0,0,0,0,0,0
2007-12-13 14:45:00+00:00,30,12,14,148.43637084960938,145.9141082763672,0,0,0,0,0,0,0,0,0,0,0,1,1,1,1,1,1,0,0,0,0,0,0,0,0
2007-12-13 14:45:00+00:00,30,12,14,150.31060791015625,144.8849639892578,0,0,0,0,0,0,0,0,0,0,0,0,1,1,1,1,1,0,0,0,0,0,0,0,0
2007-12-13 14:45:00+00:00,30,12,14,118.46783447265625,125.77336883544922,0,0,0,0,0,0,0,0,0,0,1,1,1,1,1,1,1,0,0,0,0,0,0,0,0
2007-12-13 14:45:00+00:00,30,12,14,75.83377838134766,56.01082992553711,0,0,0,0,0,0,0,0,1,1,1,1,1,1,1,1,1,0,0,0,0,0,0,0,1
2007-12-13 14:45:00+00:00,30,12,14,224.64215087890625,266.9891662597656,0,0,0,0,0,0,0,0,0,0,0,0,0,0,1,1,1,0,0,0,0,0,0,0,0
2007-12-13 14:45:00+00:00,30,12,14,89.27408599853516,91.1275634765625,0,0,0,0,0,0,0,0,0,1,1,1,1,1,1,1,1,0,0,0,0,0,0,0,0
2007-12-13 15:00:00+00:00,30,12,15,319.7355651855469,314.49578857421875,0,0,0,0,0,0,0,0,0,0,0,0,0,0,0,0,1,0,0,0,0,0,0,0,0
2007-12-13 15:00:00+00:00,30,12,15,379.3431396484375,434.5693054199219,0,0,0,0,0,0,0,0,0,0,0,0,0,0,0,0,0,0,0,0,0,0,0,0,0
2007-12-13 15:00:00+00:00,30,12,15,79.60890197753906,93.47250366210938,0,0,0,0,0,0,0,0,1,1,1,1,1,1,1,1,1,0,0,0,0,0,0,0,0
2007-12-13 15:00:00+00:00,30,12,15,376.3416442871094,,0,0,0,0,0,0,0,0,0,0,0,0,0,0,0,0,0,0,0,0,0,0,0,0,0
2007-12-13 15:00:00+00:00,30,12,15,52.20911407470703,57.58602523803711,0,0,0,0,0,0,0,1,1,1,1,1,1,1,1,1,1,0,0,0,0,0,0,0,1
2007-12-13 15:00:00+00:00,30,12,15,,,0,0,0,0,0,0,0,0,0,0,0,0,0,0,0,0,0,0,0,0,0,0,0,0,0
2007-12-13 15:00:00+00:00,30,12,15,,367.7561340332031,0,0,0,0,0,0,0,0,0,0,0,0,0,0,0,0,0,0,0,0,0,0,0,0,0
2007-12-13 15:00:00+00:00,30,12,15,,,0,0,0,0,0,0,0,0,0,0,0,0,0,0,0,0,0,0,0,0,0,0,0,0,0
2007-12-13 15:00:00+00:00,30,12,15,71.36923217773438,81.56401062011719,0,0,0,0,0,0,0,0,1,1,1,1,1,1,1,1,1,0,0,0,0,0,0,0,0
2007-12-13 15:15:00+00:00,30,12,15,,,0,0,0,0,0,0,0,0,0,0,0,0,0,0,0,0,0,0,0,0,0,0,0,0,0
2007-12-13 15:15:00+00:00,30,12,15,,,0,0,0,0,0,0,0,0,0,0,0,0,0,0,0,0,0,0,0,0,0,0,0,0,0
2007-12-13 15:15:00+00:00,30,12,15,457.99371337890625,435.8696594238281,0,0,0,0,0,0,0,0,0,0,0,0,0,0,0,0,0,0,0,0,0,0,0,0,0
2007-12-13 15:15:00+00:00,30,12,15,114.1679916381836,81.59668731689453,0,0,0,0,0,0,0,0,0,0,1,1,1,1,1,1,1,0,0,0,0,0,0,0,0
2007-12-13 15:15:00+00:00,30,12,15,324.4751281738281,287.5235900878906,0,0,0,0,0,0,0,0,0,0,0,0,0,0,0,0,1,0,0,0,0,0,0,0,0
2007-12-13 15:15:00+00:00,30,12,15,307.72900390625,332.84979248046875,0,0,0,0,0,0,0,0,0,0,0,0,0,0,0,0,1,0,0,0,0,0,0,0,0
2007-12-13 15:15:00+00:00,30,12,15,386.22723388671875,385.9560546875,0,0,0,0,0,0,0,0,0,0,0,0,0,0,0,0,0,0,0,0,0,0,0,0,0
2007-12-13 15:15:00+00:00,30,12,15,88.45111846923828,89.21995544433594,0,0,0,0,0,0,0,0,0,1,1,1,1,1,1,1,1,0,0,0,0,0,0,0,0
2007-12-13 15:15:00+00:00,30,12,15,89.17835998535156,106.13877868652344,0,0,0,0,0,0,0,0,0,1,1,1,1,1,1,1,1,0,0,0,0,0,0,0,0
2007-12-13 15:15:00+00:00,30,12,15,107.09547424316406,137.0815887451172,0,0,0,0,0,0,0,0,0,0,1,1,1,1,1,1,1,0,0,0,0,0,0,0,0
2007-12-13 15:30:00+00:00,30,12,15,380.1166076660156,362.2537536621094,0,0,0,0,0,0,0,0,0,0,0,0,0,0,0,0,0,0,0,0,0,0,0,0,0
2007-12-13 15:30:00+00:00,30,12,15,84.6900863647461,65.3706283569336,0,0,0,0,0,0,0,0,0,1,1,1,1,1,1,1,1,0,0,0,0,0,0,0,0
2007-12-13 15:30:00+00:00,30,12,15,356.70806884765625,,0,0,0,0,0,0,0,0,0,0,0,0,0,0,0,0,0,0,0,0,0,0,0,0,0
2007-12-13 15:30:00+00:00,30,12,15,157.014404296875,65.55481719970703,0,0,0,0,0,0,0,0,0,0,0,0,1,1,1,1,1,0,0,0,0,0,0,0,0
2007-12-13 15:30:00+00:00,30,12,15,104.94287872314453,117.1623306274414,0,0,0,0,0,0,0,0,0,0,1,1,1,1,1,1,1,0,0,0,0,0,0,0,0
2007-12-13 15:30:00+00:00,30,12,15,371.0473327636719,348.6531982421875,0,0,0,0,0,0,0,0,0,0,0,0,0,0,0,0,0,0,0,0,0,0,0,0,0
2007-12-13 15:30:00+00:00,30,12,15,459.6094970703125,452.1290283203125,0,0,0,0,0,0,0,0,0,0,0,0,0,0,0,0,0,0,0,0,0,0,0,0,0
2007-12-13 15:30:00+00:00,30,12,15,86.51551055908203,70.72246551513672,0,0,0,0,0,0,0,0,0,1,1,1,1,1,1,1,1,0,0,0,0,0,0,0,0
2007-12-13 15:45:00+00:00,30,12,15,284.7948913574219,291.850341796875,0,0,0,0,0,0,0,0,0,0,0,0,0,0,0,1,1,0,0,0,0,0,0,0,0
2007-12-13 15:45:00+00:00,30,12,15,236.4700164794922,243.3595428466797,0,0,0,0,0,0,0,0,0,0,0,0,0,0,1,1,1,0,0,0,0,0,0,0,0
2007-12-13 15:45:00+00:00,30,12,15,109.12946319580078,82.63963317871094,0,0,0,0,0,0,0,0,0,0,1,1,1,1,1,1,1,0,0,0,0,0,0,0,0
2007-12-13 15:45:00+00:00,30,12,15,334.2716369628906,223.13722229003906,0,0,0,0,0,0,0,0,0,0,0,0,0,0,0,0,1,0,0,0,0,0,0,0,0
2007-12-13 15:45:00+00:00,30,12,15,189.87274169921875,91.77704620361328,0,0,0,0,0,0,0,0,0,0,0,0,0,1,1,1,1,0,0,0,0,0,0,0,0
2007-12-13 15:45:00+00:00,30,12,15,74.94386291503906,0.0,0,0,0,0,0,0,0,0,1,1,1,1,1,1,1,1,1,1,1,1,1,1,1,1,1
2007-12-13 15:45:00+00:00,30,12,15,104.40802764892578,0.0,0,0,0,0,0,0,0,0,0,0,1,1,1,1,1,1,1,1,1,1,1,1,1,1,1
2007-12-13 15:45:00+00:00,30,12,15,,,0,0,0,0,0,0,0,0,0,0,0,0,0,0,0,0,0,0,0,0,0,0,0,0,0
2007-12-13 16:00:00+00:00,30,12,16,260.2021179199219,254.0272979736328,0,0,0,0,0,0,0,0,0,0,0,0,0,0,0,1,1,0,0,0,0,0,0,0,0
2007-12-13 16:00:00+00:00,30,12,16,282.1864013671875,317.1661071777344,0,0,0,0,0,0,0,0,0,0,0,0,0,0,0,1,1,0,0,0,0,0,0,0,0
2007-12-13 16:00:00+00:00,30,12,16,43.00868225097656,18.67313003540039,0,0,0,0,0,0,1,1,1,1,1,1,1,1,1,1,1,0,0,1,1,1,1,1,1
2007-12-13 16:00:00+00:00,30,12,16,128.34661865234375,124.49454498291016,0,0,0,0,0,0,0,0,0,0,0,1,1,1,1,1,1,0,0,0,0,0,0,0,0
2007-12-13 16:15:00+00:00,30,12,16,,,0,0,0,0,0,0,0,0,0,0,0,0,0,0,0,0,0,0,0,0,0,0,0,0,0
2007-12-13 16:15:00+00:00,30,12,16,342.1590270996094,351.59381103515625,0,0,0,0,0,0,0,0,0,0,0,0,0,0,0,0,1,0,0,0,0,0,0,0,0
2007-12-13 16:30:00+00:00,30,12,16,,,0,0,0,0,0,0,0,0,0,0,0,0,0,0,0,0,0,0,0,0,0,0,0,0,0
2007-12-13 16:30:00+00:00,30,12,16,131.87490844726562,139.78233337402344,0,0,0,0,0,0,0,0,0,0,0,1,1,1,1,1,1,0,0,0,0,0,0,0,0
2007-12-13 16:30:00+00:00,30,12,16,269.22784423828125,269.4398193359375,0,0,0,0,0,0,0,0,0,0,0,0,0,0,0,1,1,0,0,0,0,0,0,0,0
2007-12-13 16:30:00+00:00,30,12,16,175.89459228515625,176.35385131835938,0,0,0,0,0,0,0,0,0,0,0,0,1,1,1,1,1,0,0,0,0,0,0,0,0
2007-12-13 16:45:00+00:00,30,12,16,,,0,0,0,0,0,0,0,0,0,0,0,0,0,0,0,0,0,0,0,0,0,0,0,0,0
2007-12-13 17:00:00+00:00,30,12,17,,,0,0,0,0,0,0,0,0,0,0,0,0,0,0,0,0,0,0,0,0,0,0,0,0,0
2007-12-13 17:00:00+00:00,30,12,17,210.97801208496094,292.2857360839844,0,0,0,0,0,0,0,0,0,0,0,0,0,0,1,1,1,0,0,0,0,0,0,0,0
2007-12-13 17:00:00+00:00,30,12,17,258.0957336425781,339.92803955078125,0,0,0,0,0,0,0,0,0,0,0,0,0,0,0,1,1,0,0,0,0,0,0,0,0
2007-12-13 17:15:00+00:00,30,12,17,83.16576385498047,28.20701789855957,0,0,0,0,0,0,0,0,0,1,1,1,1,1,1,1,1,0,0,0,0,1,1,1,1
2007-12-13 17:15:00+00:00,30,12,17,391.4459228515625,373.9520568847656,0,0,0,0,0,0,0,0,0,0,0,0,0,0,0,0,0,0,0,0,0,0,0,0,0
2007-12-13 17:15:00+00:00,30,12,17,93.4564208984375,48.28412628173828,0,0,0,0,0,0,0,0,0,1,1,1,1,1,1,1,1,0,0,0,0,0,0,1,1
2007-12-13 17:15:00+00:00,30,12,17,,,0,0,0,0,0,0,0,0,0,0,0,0,0,0,0,0,0,0,0,0,0,0,0,0,0
2007-12-13 17:15:00+00:00,30,12,17,76.54007720947266,87.3822021484375,0,0,0,0,0,0,0,0,1,1,1,1,1,1,1,1,1,0,0,0,0,0,0,0,0
2007-12-13 17:15:00+00:00,30,12,17,227.3553466796875,240.8849639892578,0,0,0,0,0,0,0,0,0,0,0,0,0,0,1,1,1,0,0,0,0,0,0,0,0
2007-12-13 17:30:00+00:00,30,12,17,304.3663635253906,290.167236328125,0,0,0,0,0,0,0,0,0,0,0,0,0,0,0,0,1,0,0,0,0,0,0,0,0
2007-12-13 17:30:00+00:00,30,12,17,,,0,0,0,0,0,0,0,0,0,0,0,0,0,0,0,0,0,0,0,0,0,0,0,0,0
2007-12-13 17:30:00+00:00,30,12,17,,,0,0,0,0,0,0,0,0,0,0,0,0,0,0,0,0,0,0,0,0,0,0,0,0,0
2007-12-13 17:30:00+00:00,30,12,17,103.59464263916016,104.43802642822266,0,0,0,0,0,0,0,0,0,0,1,1,1,1,1,1,1,0,0,0,0,0,0,0,0
2007-12-13 17:30:00+00:00,30,12,17,49.965152740478516,39.462310791015625,0,0,0,0,0,0,1,1,1,1,1,1,1,1,1,1,1,0,0,0,0,0,1,1,1
2007-12-13 17:30:00+00:00,30,12,17,246.00611877441406,281.58294677734375,0,0,0,0,0,0,0,0,0,0,0,0,0,0,1,1,1,0,0,0,0,0,0,0,0
2007-12-13 17:45:00+00:00,30,12,17,,320.2390441894531,0,0,0,0,0,0,0,0,0,0,0,0,0,0,0,0,0,0,0,0,0,0,0,0,0
2007-12-13 17:45:00+00:00,30,12,17,227.3282928466797,234.21881103515625,0,0,0,0,0,0,0,0,0,0,0,0,0,0,1,1,1,0,0,0,0,0,0,0,0
2007-12-14 10:00:00+00:00,30,12,10,,268.7733154296875,0,0,0,0,0,0,0,0,0,0,0,0,0,0,0,0,0,0,0,0,0,0,0,0,0
2007-12-14 10:00:00+00:00,30,12,10,,238.49609375,0,0,0,0,0,0,0,0,0,0,0,0,0,0,0,0,0,0,0,0,0,0,0,0,0
2007-12-14 10:00:00+00:00,30,12,10,,,0,0,0,0,0,0,0,0,0,0,0,0,0,0,0,0,0,0,0,0,0,0,0,0,0
2007-12-14 10:00:00+00:00,30,12,10,315.45843505859375,271.22454833984375,0,0,0,0,0,0,0,0,0,0,0,0,0,0,0,0,1,0,0,0,0,0,0,0,0
2007-12-14 10:00:00+00:00,30,12,10,262.128662109375,246.1318359375,0,0,0,0,0,0,0,0,0,0,0,0,0,0,0,1,1,0,0,0,0,0,0,0,0
2007-12-14 10:00:00+00:00,30,12,10,,,0,0,0,0,0,0,0,0,0,0,0,0,0,0,0,0,0,0,0,0,0,0,0,0,0
2007-12-14 10:00:00+00:00,30,12,10,,,0,0,0,0,0,0,0,0,0,0,0,0,0,0,0,0,0,0,0,0,0,0,0,0,0
2007-12-14 10:00:00+00:00,30,12,10,447.8427429199219,435.9494323730469,0,0,0,0,0,0,0,0,0,0,0,0,0,0,0,0,0,0,0,0,0,0,0,0,0
2007-12-14 10:00:00+00:00,30,12,10,595.5120849609375,582.792724609375,0,0,0,0,0,0,0,0,0,0,0,0,0,0,0,0,0,0,0,0,0,0,0,0,0
2007-12-14 10:00:00+00:00,30,12,10,,610.9654541015625,0,0,0,0,0,0,0,0,0,0,0,0,0,0,0,0,0,0,0,0,0,0,0,0,0
2007-12-14 10:00:00+00:00,30,12,10,330.9851379394531,318.9705505371094,0,0,0,0,0,0,0,0,0,0,0,0,0,0,0,0,1,0,0,0,0,0,0,0,0
2007-12-14 10:00:00+00:00,30,12,10,,308.2393798828125,0,0,0,0,0,0,0,0,0,0,0,0,0,0,0,0,0,0,0,0,0,0,0,0,0
2007-12-14 10:00:00+00:00,30,12,10,227.72357177734375,206.96875,0,0,0,0,0,0,0,0,0,0,0,0,0,0,1,1,1,0,0,0,0,0,0,0,0
2007-12-14 10:00:00+00:00,30,12,10,217.28997802734375,70.41284942626953,0,0,0,0,0,0,0,0,0,0,0,0,0,0,1,1,1,0,0,0,0,0,0,0,0
2007-12-14 10:00:00+00:00,30,12,10,76.19727325439453,328.173583984375,0,0,0,0,0,0,0,0,1,1,1,1,1,1,1,1,1,0,0,0,0,0,0,0,0
2007-12-14 10:00:00+00:00,30,12,10,93.3037338256836,358.962646484375,0,0,0,0,0,0,0,0,0,1,1,1,1,1,1,1,1,0,0,0,0,0,0,0,0
2007-12-14 10:00:00+00:00,30,12,10,296.103271484375,244.26258850097656,0,0,0,0,0,0,0,0,0,0,0,0,0,0,0,1,1,0,0,0,0,0,0,0,0
2007-12-14 10:00:00+00:00,30,12,10,,,0,0,0,0,0,0,0,0,0,0,0,0,0,0,0,0,0,0,0,0,0,0,0,0,0
2007-12-14 10:00:00+00:00,30,12,10,375.0506896972656,179.2295684814453,0,0,0,0,0,0,0,0,0,0,0,0,0,0,0,0,0,0,0,0,0,0,0,0,0
2007-12-14 10:00:00+00:00,30,12,10,,343.6015625,0,0,0,0,0,0,0,0,0,0,0,0,0,0,0,0,0,0,0,0,0,0,0,0,0
2007-12-14 10:00:00+00:00,30,12,10,,,0,0,0,0,0,0,0,0,0,0,0,0,0,0,0,0,0,0,0,0,0,0,0,0,0
2007-12-14 10:00:00+00:00,30,12,10,,,0,0,0,0,0,0,0,0,0,0,0,0,0,0,0,0,0,0,0,0,0,0,0,0,0
2007-12-14 10:00:00+00:00,30,12,10,,,0,0,0,0,0,0,0,0,0,0,0,0,0,0,0,0,0,0,0,0,0,0,0,0,0
2007-12-14 10:00:00+00:00,30,12,10,,,0,0,0,0,0,0,0,0,0,0,0,0,0,0,0,0,0,0,0,0,0,0,0,0,0
2007-12-14 10:15:00+00:00,30,12,10,161.5796356201172,149.14625549316406,0,0,0,0,0,0,0,0,0,0,0,0,1,1,1,1,1,0,0,0,0,0,0,0,0
2007-12-14 10:15:00+00:00,30,12,10,146.81771850585938,135.16444396972656,0,0,0,0,0,0,0,0,0,0,0,1,1,1,1,1,1,0,0,0,0,0,0,0,0
2007-12-14 10:15:00+00:00,30,12,10,236.790771484375,228.8712921142578,0,0,0,0,0,0,0,0,0,0,0,0,0,0,1,1,1,0,0,0,0,0,0,0,0
2007-12-14 10:15:00+00:00,30,12,10,,,0,0,0,0,0,0,0,0,0,0,0,0,0,0,0,0,0,0,0,0,0,0,0,0,0
2007-12-14 10:15:00+00:00,30,12,10,142.2178955078125,129.45938110351562,0,0,0,0,0,0,0,0,0,0,0,1,1,1,1,1,1,0,0,0,0,0,0,0,0
2007-12-14 10:15:00+00:00,30,12,10,,,0,0,0,0,0,0,0,0,0,0,0,0,0,0,0,0,0,0,0,0,0,0,0,0,0
2007-12-14 10:15:00+00:00,30,12,10,,,0,0,0,0,0,0,0,0,0,0,0,0,0,0,0,0,0,0,0,0,0,0,0,0,0
2007-12-14 10:15:00+00:00,30,12,10,,613.6477661132812,0,0,0,0,0,0,0,0,0,0,0,0,0,0,0,0,0,0,0,0,0,0,0,0,0
2007-12-14 10:15:00+00:00,30,12,10,,448.59649658203125,0,0,0,0,0,0,0,0,0,0,0,0,0,0,0,0,0,0,0,0,0,0,0,0,0
2007-12-14 10:15:00+00:00,30,12,10,,330.087646484375,0,0,0,0,0,0,0,0,0,0,0,0,0,0,0,0,0,0,0,0,0,0,0,0,0
2007-12-14 10:15:00+00:00,30,12,10,,,0,0,0,0,0,0,0,0,0,0,0,0,0,0,0,0,0,0,0,0,0,0,0,0,0
2007-12-14 10:15:00+00:00,30,12,10,,430.41552734375,0,0,0,0,0,0,0,0,0,0,0,0,0,0,0,0,0,0,0,0,0,0,0,0,0
2007-12-14 10:15:00+00:00,30,12,10,229.3037109375,236.6668701171875,0,0,0,0,0,0,0,0,0,0,0,0,0,0,1,1,1,0,0,0,0,0,0,0,0
2007-12-14 10:15:00+00:00,30,12,10,,266.882080078125,0,0,0,0,0,0,0,0,0,0,0,0,0,0,0,0,0,0,0,0,0,0,0,0,0
2007-12-14 10:15:00+00:00,30,12,10,,169.796875,0,0,0,0,0,0,0,0,0,0,0,0,0,0,0,0,0,0,0,0,0,0,0,0,0
2007-12-14 10:15:00+00:00,30,12,10,,367.1405334472656,0,0,0,0,0,0,0,0,0,0,0,0,0,0,0,0,0,0,0,0,0,0,0,0,0
2007-12-14 10:15:00+00:00,30,12,10,354.5860595703125,202.65374755859375,0,0,0,0,0,0,0,0,0,0,0,0,0,0,0,0,0,0,0,0,0,0,0,0,0
2007-12-14 10:15:00+00:00,30,12,10,350.4338684082031,114.53640747070312,0,0,0,0,0,0,0,0,0,0,0,0,0,0,0,0,0,0,0,0,0,0,0,0,0
2007-12-14 10:15:00+00:00,30,12,10,,,0,0,0,0,0,0,0,0,0,0,0,0,0,0,0,0,0,0,0,0,0,0,0,0,0
2007-12-14 10:15:00+00:00,30,12,10,88.57342529296875,85.84783935546875,0,0,0,0,0,0,0,0,0,1,1,1,1,1,1,1,1,0,0,0,0,0,0,0,0
2007-12-14 10:15:00+00:00,30,12,10,369.10479736328125,395.1372375488281,0,0,0,0,0,0,0,0,0,0,0,0,0,0,0,0,0,0,0,0,0,0,0,0,0
2007-12-14 10:15:00+00:00,30,12,10,149.88467407226562,153.78749084472656,0,0,0,0,0,0,0,0,0,0,0,1,1,1,1,1,1,0,0,0,0,0,0,0,0
2007-12-14 10:15:00+00:00,30,12,10,,,0,0,0,0,0,0,0,0,0,0,0,0,0,0,0,0,0,0,0,0,0,0,0,0,0
2007-12-14 10:15:00+00:00,30,12,10,397.12762451171875,421.6942443847656,0,0,0,0,0,0,0,0,0,0,0,0,0,0,0,0,0,0,0,0,0,0,0,0,0
2007-12-14 10:15:00+00:00,30,12,10,316.117431640625,300.0516052246094,0,0,0,0,0,0,0,0,0,0,0,0,0,0,0,0,1,0,0,0,0,0,0,0,0
2007-12-14 10:15:00+00:00,30,12,10,,467.234130859375,0,0,0,0,0,0,0,0,0,0,0,0,0,0,0,0,0,0,0,0,0,0,0,0,0
2007-12-14 10:15:00+00:00,30,12,10,,222.41578674316406,0,0,0,0,0,0,0,0,0,0,0,0,0,0,0,0,0,0,0,0,0,0,0,0,0
2007-12-14 10:15:00+00:00,30,12,10,,0.0,0,0,0,0,0,0,0,0,0,0,0,0,0,0,0,0,0,1,1,1,1,1,1,1,1
2007-12-14 10:30:00+00:00,30,12,10,138.34713745117188,145.69097900390625,0,0,0,0,0,0,0,0,0,0,0,1,1,1,1,1,1,0,0,0,0,0,0,0,0
2007-12-14 10:30:00+00:00,30,12,10,171.66488647460938,178.14590454101562,0,0,0,0,0,0,0,0,0,0,0,0,1,1,1,1,1,0,0,0,0,0,0,0,0
2007-12-14 10:30:00+00:00,30,12,10,99.32758331298828,105.8992919921875,0,0,0,0,0,0,0,0,0,1,1,1,1,1,1,1,1,0,0,0,0,0,0,0,0
2007-12-14 10:30:00+00:00,30,12,10,117.31049346923828,107.70264434814453,0,0,0,0,0,0,0,0,0,0,1,1,1,1,1,1,1,0,0,0,0,0,0,0,0
2007-12-14 10:30:00+00:00,30,12,10,219.42005920410156,285.7236022949219,0,0,0,0,0,0,0,0,0,0,0,0,0,0,1,1,1,0,0,0,0,0,0,0,0
2007-12-14 10:30:00+00:00,30,12,10,,,0,0,0,0,0,0,0,0,0,0,0,0,0,0,0,0,0,0,0,0,0,0,0,0,0
2007-12-14 10:30:00+00:00,30,12,10,414.1150817871094,,0,0,0,0,0,0,0,0,0,0,0,0,0,0,0,0,0,0,0,0,0,0,0,0,0
2007-12-14 10:30:00+00:00,30,12,10,357.5328674316406,,0,0,0,0,0,0,0,0,0,0,0,0,0,0,0,0,0,0,0,0,0,0,0,0,0
2007-12-14 10:30:00+00:00,30,12,10,,,0,0,0,0,0,0,0,0,0,0,0,0,0,0,0,0,0,0,0,0,0,0,0,0,0
2007-12-14 10:30:00+00:00,30,12,10,444.0406188964844,286.3902282714844,0,0,0,0,0,0,0,0,0,0,0,0,0,0,0,0,0,0,0,0,0,0,0,0,0
2007-12-14 10:30:00+00:00,30,12,10,334.2754211425781,315.5724182128906,0,0,0,0,0,0,0,0,0,0,0,0,0,0,0,0,1,0,0,0,0,0,0,0,0
2007-12-14 10:30:00+00:00,30,12,10,175.8783416748047,147.35337829589844,0,0,0,0,0,0,0,0,0,0,0,0,1,1,1,1,1,0,0,0,0,0,0,0,0
2007-12-14 10:30:00+00:00,30,12,10,534.17529296875,319.2953796386719,0,0,0,0,0,0,0,0,0,0,0,0,0,0,0,0,0,0,0,0,0,0,0,0,0
2007-12-14 10:30:00+00:00,30,12,10,317.71209716796875,114.54368591308594,0,0,0,0,0,0,0,0,0,0,0,0,0,0,0,0,1,0,0,0,0,0,0,0,0
2007-12-14 10:30:00+00:00,30,12,10,216.518310546875,105.62723541259766,0,0,0,0,0,0,0,0,0,0,0,0,0,0,1,1,1,0,0,0,0,0,0,0,0
2007-12-14 10:30:00+00:00,30,12,10,168.820556640625,197.61228942871094,0,0,0,0,0,0,0,0,0,0,0,0,1,1,1,1,1,0,0,0,0,0,0,0,0
2007-12-14 10:30:00+00:00,30,12,10,289.53363037109375,406.38037109375,0,0,0,0,0,0,0,0,0,0,0,0,0,0,0,1,1,0,0,0,0,0,0,0,0
2007-12-14 10:30:00+00:00,30,12,10,,,0,0,0,0,0,0,0,0,0,0,0,0,0,0,0,0,0,0,0,0,0,0,0,0,0
2007-12-14 10:45:00+00:00,30,12,10,,,0,0,0,0,0,0,0,0,0,0,0,0,0,0,0,0,0,0,0,0,0,0,0,0,0
2007-12-14 10:45:00+00:00,30,12,10,,,0,0,0,0,0,0,0,0,0,0,0,0,0,0,0,0,0,0,0,0,0,0,0,0,0
2007-12-14 10:45:00+00:00,30,12,10,131.11019897460938,124.200927734375,0,0,0,0,0,0,0,0,0,0,0,1,1,1,1,1,1,0,0,0,0,0,0,0,0
2007-12-14 10:45:00+00:00,30,12,10,84.69908142089844,77.72814178466797,0,0,0,0,0,0,0,0,0,1,1,1,1,1,1,1,1,0,0,0,0,0,0,0,0
2007-12-14 10:45:00+00:00,30,12,10,,338.47882080078125,0,0,0,0,0,0,0,0,0,0,0,0,0,0,0,0,0,0,0,0,0,0,0,0,0
2007-12-14 10:45:00+00:00,30,12,10,188.16783142089844,183.7019805908203,0,0,0,0,0,0,0,0,0,0,0,0,0,1,1,1,1,0,0,0,0,0,0,0,0
2007-12-14 10:45:00+00:00,30,12,10,,36.36231231689453,0,0,0,0,0,0,0,0,0,0,0,0,0,0,0,0,0,0,0,0,0,0,1,1,1
2007-12-14 10:45:00+00:00,30,12,10,181.8115692138672,174.36790466308594,0,0,0,0,0,0,0,0,0,0,0,0,0,1,1,1,1,0,0,0,0,0,0,0,0
2007-12-14 10:45:00+00:00,30,12,10,,470.37469482421875,0,0,0,0,0,0,0,0,0,0,0,0,0,0,0,0,0,0,0,0,0,0,0,0,0
2007-12-14 10:45:00+00:00,30,12,10,413.50054931640625,461.8074035644531,0,0,0,0,0,0,0,0,0,0,0,0,0,0,0,0,0,0,0,0,0,0,0,0,0
2007-12-14 10:45:00+00:00,30,12,10,376.8172607421875,428.9502868652344,0,0,0,0,0,0,0,0,0,0,0,0,0,0,0,0,0,0,0,0,0,0,0,0,0
2007-12-14 10:45:00+00:00,30,12,10,,,0,0,0,0,0,0,0,0,0,0,0,0,0,0,0,0,0,0,0,0,0,0,0,0,0
2007-12-14 10:45:00+00:00,30,12,10,,,0,0,0,0,0,0,0,0,0,0,0,0,0,0,0,0,0,0,0,0,0,0,0,0,0
2007-12-14 10:45:00+00:00,30,12,10,402.04833984375,454.6436767578125,0,0,0,0,0,0,0,0,0,0,0,0,0,0,0,0,0,0,0,0,0,0,0,0,0
2007-12-14 10:45:00+00:00,30,12,10,,,0,0,0,0,0,0,0,0,0,0,0,0,0,0,0,0,0,0,0,0,0,0,0,0,0
2007-12-14 10:45:00+00:00,30,12,10,361.3297119140625,342.5682067871094,0,0,0,0,0,0,0,0,0,0,0,0,0,0,0,0,0,0,0,0,0,0,0,0,0
2007-12-14 10:45:00+00:00,30,12,10,303.94586181640625,285.30413818359375,0,0,0,0,0,0,0,0,0,0,0,0,0,0,0,0,1,0,0,0,0,0,0,0,0
2007-12-14 10:45:00+00:00,30,12,10,253.4305419921875,235.5160369873047,0,0,0,0,0,0,0,0,0,0,0,0,0,0,0,1,1,0,0,0,0,0,0,0,0
2007-12-14 10:45:00+00:00,30,12,10,109.75686645507812,59.69047546386719,0,0,0,0,0,0,0,0,0,0,1,1,1,1,1,1,1,0,0,0,0,0,0,0,1
2007-12-14 10:45:00+00:00,30,12,10,277.44647216796875,271.71490478515625,0,0,0,0,0,0,0,0,0,0,0,0,0,0,0,1,1,0,0,0,0,0,0,0,0
2007-12-14 10:45:00+00:00,30,12,10,470.75494384765625,463.7785339355469,0,0,0,0,0,0,0,0,0,0,0,0,0,0,0,0,0,0,0,0,0,0,0,0,0
2007-12-14 10:45:00+00:00,30,12,10,,450.9738464355469,0,0,0,0,0,0,0,0,0,0,0,0,0,0,0,0,0,0,0,0,0,0,0,0,0
2007-12-14 10:45:00+00:00,30,12,10,355.9562072753906,,0,0,0,0,0,0,0,0,0,0,0,0,0,0,0,0,0,0,0,0,0,0,0,0,0
2007-12-14 10:45:00+00:00,30,12,10,364.8659362792969,363.8132019042969,0,0,0,0,0,0,0,0,0,0,0,0,0,0,0,0,0,0,0,0,0,0,0,0,0
2007-12-14 10:45:00+00:00,30,12,10,156.2395477294922,137.91152954101562,0,0,0,0,0,0,0,0,0,0,0,0,1,1,1,1,1,0,0,0,0,0,0,0,0
2007-12-14 10:45:00+00:00,30,12,10,44.58774185180664,40.434566497802734,0,0,0,0,0,0,1,1,1,1,1,1,1,1,1,1,1,0,0,0,0,0,0,1,1
2007-12-14 10:45:00+00:00,30,12,10,,,0,0,0,0,0,0,0,0,0,0,0,0,0,0,0,0,0,0,0,0,0,0,0,0,0
2007-12-14 11:00:00+00:00,30,12,11,69.39646911621094,67.18560028076172,0,0,0,0,0,0,0,0,1,1,1,1,1,1,1,1,1,0,0,0,0,0,0,0,0
2007-12-14 11:00:00+00:00,30,12,11,348.35528564453125,348.1460266113281,0,0,0,0,0,0,0,0,0,0,0,0,0,0,0,0,1,0,0,0,0,0,0,0,0
2007-12-14 11:00:00+00:00,30,12,11,292.4706726074219,271.3808898925781,0,0,0,0,0,0,0,0,0,0,0,0,0,0,0,1,1,0,0,0,0,0,0,0,0
2007-12-14 11:00:00+00:00,30,12,11,384.1051330566406,336.9653625488281,0,0,0,0,0,0,0,0,0,0,0,0,0,0,0,0,0,0,0,0,0,0,0,0,0
2007-12-14 11:00:00+00:00,30,12,11,136.22775268554688,145.90988159179688,0,0,0,0,0,0,0,0,0,0,0,1,1,1,1,1,1,0,0,0,0,0,0,0,0
2007-12-14 11:00:00+00:00,30,12,11,,,0,0,0,0,0,0,0,0,0,0,0,0,0,0,0,0,0,0,0,0,0,0,0,0,0
2007-12-14 11:00:00+00:00,30,12,11,,,0,0,0,0,0,0,0,0,0,0,0,0,0,0,0,0,0,0,0,0,0,0,0,0,0
2007-12-14 11:00:00+00:00,30,12,11,514.14453125,505.9461975097656,0,0,0,0,0,0,0,0,0,0,0,0,0,0,0,0,0,0,0,0,0,0,0,0,0
2007-12-14 11:00:00+00:00,30,12,11,,,0,0,0,0,0,0,0,0,0,0,0,0,0,0,0,0,0,0,0,0,0,0,0,0,0
2007-12-14 11:00:00+00:00,30,12,11,434.0376892089844,264.7138366699219,0,0,0,0,0,0,0,0,0,0,0,0,0,0,0,0,0,0,0,0,0,0,0,0,0
2007-12-14 11:00:00+00:00,30,12,11,381.3800048828125,299.7643127441406,0,0,0,0,0,0,0,0,0,0,0,0,0,0,0,0,0,0,0,0,0,0,0,0,0
2007-12-14 11:00:00+00:00,30,12,11,198.9033660888672,216.4170684814453,0,0,0,0,0,0,0,0,0,0,0,0,0,1,1,1,1,0,0,0,0,0,0,0,0
2007-12-14 11:00:00+00:00,30,12,11,234.37574768066406,57.61785888671875,0,0,0,0,0,0,0,0,0,0,0,0,0,0,1,1,1,0,0,0,0,0,0,0,1
2007-12-14 11:00:00+00:00,30,12,11,327.1193542480469,461.7227478027344,0,0,0,0,0,0,0,0,0,0,0,0,0,0,0,0,1,0,0,0,0,0,0,0,0
2007-12-14 11:00:00+00:00,30,12,11,353.3482666015625,333.5420837402344,0,0,0,0,0,0,0,0,0,0,0,0,0,0,0,0,0,0,0,0,0,0,0,0,0
2007-12-14 11:00:00+00:00,30,12,11,336.86187744140625,331.64251708984375,0,0,0,0,0,0,0,0,0,0,0,0,0,0,0,0,1,0,0,0,0,0,0,0,0
2007-12-14 11:00:00+00:00,30,12,11,506.6748962402344,270.39361572265625,0,0,0,0,0,0,0,0,0,0,0,0,0,0,0,0,0,0,0,0,0,0,0,0,0
2007-12-14 11:00:00+00:00,30,12,11,,119.00231170654297,0,0,0,0,0,0,0,0,0,0,0,0,0,0,0,0,0,0,0,0,0,0,0,0,0
2007-12-14 11:00:00+00:00,30,12,11,56.03836441040039,32.659908294677734,0,0,0,0,0,0,0,1,1,1,1,1,1,1,1,1,1,0,0,0,0,0,1,1,1
2007-12-14 11:15:00+00:00,30,12,11,,,0,0,0,0,0,0,0,0,0,0,0,0,0,0,0,0,0,0,0,0,0,0,0,0,0
2007-12-14 11:15:00+00:00,30,12,11,,,0,0,0,0,0,0,0,0,0,0,0,0,0,0,0,0,0,0,0,0,0,0,0,0,0
2007-12-14 11:15:00+00:00,30,12,11,,,0,0,0,0,0,0,0,0,0,0,0,0,0,0,0,0,0,0,0,0,0,0,0,0,0
2007-12-14 11:15:00+00:00,30,12,11,,,0,0,0,0,0,0,0,0,0,0,0,0,0,0,0,0,0,0,0,0,0,0,0,0,0
2007-12-14 11:15:00+00:00,30,12,11,278.0845031738281,275.5953063964844,0,0,0,0,0,0,0,0,0,0,0,0,0,0,0,1,1,0,0,0,0,0,0,0,0
2007-12-14 11:15:00+00:00,30,12,11,109.48674011230469,119.5531234741211,0,0,0,0,0,0,0,0,0,0,1,1,1,1,1,1,1,0,0,0,0,0,0,0,0
2007-12-14 11:15:00+00:00,30,12,11,333.6191101074219,323.85015869140625,0,0,0,0,0,0,0,0,0,0,0,0,0,0,0,0,1,0,0,0,0,0,0,0,0
2007-12-14 11:15:00+00:00,30,12,11,141.43603515625,121.97521209716797,0,0,0,0,0,0,0,0,0,0,0,1,1,1,1,1,1,0,0,0,0,0,0,0,0
2007-12-14 11:15:00+00:00,30,12,11,286.6396179199219,280.7815856933594,0,0,0,0,0,0,0,0,0,0,0,0,0,0,0,1,1,0,0,0,0,0,0,0,0
2007-12-14 11:15:00+00:00,30,12,11,103.74322509765625,101.0723648071289,0,0,0,0,0,0,0,0,0,0,1,1,1,1,1,1,1,0,0,0,0,0,0,0,0
2007-12-14 11:15:00+00:00,30,12,11,,385.8213195800781,0,0,0,0,0,0,0,0,0,0,0,0,0,0,0,0,0,0,0,0,0,0,0,0,0
2007-12-14 11:15:00+00:00,30,12,11,,395.0402526855469,0,0,0,0,0,0,0,0,0,0,0,0,0,0,0,0,0,0,0,0,0,0,0,0,0
2007-12-14 11:15:00+00:00,30,12,11,,423.73187255859375,0,0,0,0,0,0,0,0,0,0,0,0,0,0,0,0,0,0,0,0,0,0,0,0,0
2007-12-14 11:15:00+00:00,30,12,11,459.630615234375,327.39788818359375,0,0,0,0,0,0,0,0,0,0,0,0,0,0,0,0,0,0,0,0,0,0,0,0,0
2007-12-14 11:15:00+00:00,30,12,11,,151.0587615966797,0,0,0,0,0,0,0,0,0,0,0,0,0,0,0,0,0,0,0,0,0,0,0,0,0
2007-12-14 11:15:00+00:00,30,12,11,390.6944580078125,110.88571166992188,0,0,0,0,0,0,0,0,0,0,0,0,0,0,0,0,0,0,0,0,0,0,0,0,0
2007-12-14 11:15:00+00:00,30,12,11,395.5628662109375,182.7338409423828,0,0,0,0,0,0,0,0,0,0,0,0,0,0,0,0,0,0,0,0,0,0,0,0,0
2007-12-14 11:15:00+00:00,30,12,11,178.2117156982422,189.46243286132812,0,0,0,0,0,0,0,0,0,0,0,0,1,1,1,1,1,0,0,0,0,0,0,0,0
2007-12-14 11:15:00+00:00,30,12,11,340.4449768066406,147.08009338378906,0,0,0,0,0,0,0,0,0,0,0,0,0,0,0,0,1,0,0,0,0,0,0,0,0
2007-12-14 11:15:00+00:00,30,12,11,272.37200927734375,87.32905578613281,0,0,0,0,0,0,0,0,0,0,0,0,0,0,0,1,1,0,0,0,0,0,0,0,0
2007-12-14 11:15:00+00:00,30,12,11,170.637451171875,140.4780731201172,0,0,0,0,0,0,0,0,0,0,0,0,1,1,1,1,1,0,0,0,0,0,0,0,0
2007-12-14 11:15:00+00:00,30,12,11,292.25946044921875,45.04829025268555,0,0,0,0,0,0,0,0,0,0,0,0,0,0,0,1,1,0,0,0,0,0,0,1,1
2007-12-14 11:15:00+00:00,30,12,11,,274.1367492675781,0,0,0,0,0,0,0,0,0,0,0,0,0,0,0,0,0,0,0,0,0,0,0,0,0
2007-12-14 11:15:00+00:00,30,12,11,397.7593078613281,376.5801696777344,0,0,0,0,0,0,0,0,0,0,0,0,0,0,0,0,0,0,0,0,0,0,0,0,0
2007-12-14 11:15:00+00:00,30,12,11,164.6174774169922,162.04571533203125,0,0,0,0,0,0,0,0,0,0,0,0,1,1,1,1,1,0,0,0,0,0,0,0,0
2007-12-14 11:15:00+00:00,30,12,11,188.38197326660156,186.5802001953125,0,0,0,0,0,0,0,0,0,0,0,0,0,1,1,1,1,0,0,0,0,0,0,0,0
2007-12-14 11:15:00+00:00,30,12,11,64.79574584960938,42.41956329345703,0,0,0,0,0,0,0,0,1,1,1,1,1,1,1,1,1,0,0,0,0,0,0,1,1
2007-12-14 11:15:00+00:00,30,12,11,258.22515869140625,258.3144226074219,0,0,0,0,0,0,0,0,0,0,0,0,0,0,0,1,1,0,0,0,0,0,0,0,0
2007-12-14 11:15:00+00:00,30,12,11,,,0,0,0,0,0,0,0,0,0,0,0,0,0,0,0,0,0,0,0,0,0,0,0,0,0
2007-12-14 11:30:00+00:00,30,12,11,,,0,0,0,0,0,0,0,0,0,0,0,0,0,0,0,0,0,0,0,0,0,0,0,0,0
2007-12-14 11:30:00+00:00,30,12,11,,,0,0,0,0,0,0,0,0,0,0,0,0,0,0,0,0,0,0,0,0,0,0,0,0,0
2007-12-14 11:30:00+00:00,30,12,11,,,0,0,0,0,0,0,0,0,0,0,0,0,0,0,0,0,0,0,0,0,0,0,0,0,0
2007-12-14 11:30:00+00:00,30,12,11,,,0,0,0,0,0,0,0,0,0,0,0,0,0,0,0,0,0,0,0,0,0,0,0,0,0
2007-12-14 11:30:00+00:00,30,12,11,186.16552734375,157.99012756347656,0,0,0,0,0,0,0,0,0,0,0,0,0,1,1,1,1,0,0,0,0,0,0,0,0
2007-12-14 11:30:00+00:00,30,12,11,176.81541442871094,151.57275390625,0,0,0,0,0,0,0,0,0,0,0,0,1,1,1,1,1,0,0,0,0,0,0,0,0
2007-12-14 11:30:00+00:00,30,12,11,377.0711975097656,376.6249084472656,0,0,0,0,0,0,0,0,0,0,0,0,0,0,0,0,0,0,0,0,0,0,0,0,0
2007-12-14 11:30:00+00:00,30,12,11,203.86422729492188,221.13046264648438,0,0,0,0,0,0,0,0,0,0,0,0,0,0,1,1,1,0,0,0,0,0,0,0,0
2007-12-14 11:30:00+00:00,30,12,11,300.0833435058594,207.05606079101562,0,0,0,0,0,0,0,0,0,0,0,0,0,0,0,0,1,0,0,0,0,0,0,0,0
2007-12-14 11:30:00+00:00,30,12,11,,193.81568908691406,0,0,0,0,0,0,0,0,0,0,0,0,0,0,0,0,0,0,0,0,0,0,0,0,0
2007-12-14 11:30:00+00:00,30,12,11,363.05157470703125,350.5203552246094,0,0,0,0,0,0,0,0,0,0,0,0,0,0,0,0,0,0,0,0,0,0,0,0,0
2007-12-14 11:30:00+00:00,30,12,11,,227.2692413330078,0,0,0,0,0,0,0,0,0,0,0,0,0,0,0,0,0,0,0,0,0,0,0,0,0
2007-12-14 11:30:00+00:00,30,12,11,427.2684631347656,147.7454071044922,0,0,0,0,0,0,0,0,0,0,0,0,0,0,0,0,0,0,0,0,0,0,0,0,0
2007-12-14 11:30:00+00:00,30,12,11,206.20809936523438,212.5192108154297,0,0,0,0,0,0,0,0,0,0,0,0,0,0,1,1,1,0,0,0,0,0,0,0,0
2007-12-14 11:30:00+00:00,30,12,11,274.6605224609375,177.35980224609375,0,0,0,0,0,0,0,0,0,0,0,0,0,0,0,1,1,0,0,0,0,0,0,0,0
2007-12-14 11:30:00+00:00,30,12,11,30.976428985595703,48.93603515625,0,0,0,0,0,1,1,1,1,1,1,1,1,1,1,1,1,0,0,0,0,0,0,1,1
2007-12-14 11:30:00+00:00,30,12,11,93.28837585449219,236.0028076171875,0,0,0,0,0,0,0,0,0,1,1,1,1,1,1,1,1,0,0,0,0,0,0,0,0
2007-12-14 11:30:00+00:00,30,12,11,208.42555236816406,196.96737670898438,0,0,0,0,0,0,0,0,0,0,0,0,0,0,1,1,1,0,0,0,0,0,0,0,0
2007-12-14 11:30:00+00:00,30,12,11,,,0,0,0,0,0,0,0,0,0,0,0,0,0,0,0,0,0,0,0,0,0,0,0,0,0
2007-12-14 11:45:00+00:00,30,12,11,82.5383529663086,79.69097900390625,0,0,0,0,0,0,0,0,0,1,1,1,1,1,1,1,1,0,0,0,0,0,0,0,0
2007-12-14 11:45:00+00:00,30,12,11,130.7484588623047,79.50399780273438,0,0,0,0,0,0,0,0,0,0,0,1,1,1,1,1,1,0,0,0,0,0,0,0,0
2007-12-14 11:45:00+00:00,30,12,11,332.8578796386719,248.8857421875,0,0,0,0,0,0,0,0,0,0,0,0,0,0,0,0,1,0,0,0,0,0,0,0,0
2007-12-14 11:45:00+00:00,30,12,11,130.1172332763672,82.79798889160156,0,0,0,0,0,0,0,0,0,0,0,1,1,1,1,1,1,0,0,0,0,0,0,0,0
2007-12-14 11:45:00+00:00,30,12,11,124.93563842773438,75.87176513671875,0,0,0,0,0,0,0,0,0,0,0,1,1,1,1,1,1,0,0,0,0,0,0,0,0
2007-12-14 11:45:00+00:00,30,12,11,91.63526153564453,24.059650421142578,0,0,0,0,0,0,0,0,0,1,1,1,1,1,1,1,1,0,0,0,1,1,1,1,1
2007-12-14 11:45:00+00:00,30,12,11,305.1480712890625,290.4761047363281,0,0,0,0,0,0,0,0,0,0,0,0,0,0,0,0,1,0,0,0,0,0,0,0,0
2007-12-14 11:45:00+00:00,30,12,11,385.1199645996094,218.61473083496094,0,0,0,0,0,0,0,0,0,0,0,0,0,0,0,0,0,0,0,0,0,0,0,0,0
2007-12-14 11:45:00+00:00,30,12,11,159.0989990234375,188.44593811035156,0,0,0,0,0,0,0,0,0,0,0,0,1,1,1,1,1,0,0,0,0,0,0,0,0
2007-12-14 11:45:00+00:00,30,12,11,266.5808410644531,175.78787231445312,0,0,0,0,0,0,0,0,0,0,0,0,0,0,0,1,1,0,0,0,0,0,0,0,0
2007-12-14 11:45:00+00:00,30,12,11,331.9197998046875,313.001953125,0,0,0,0,0,0,0,0,0,0,0,0,0,0,0,0,1,0,0,0,0,0,0,0,0
2007-12-14 11:45:00+00:00,30,12,11,167.62738037109375,146.45455932617188,0,0,0,0,0,0,0,0,0,0,0,0,1,1,1,1,1,0,0,0,0,0,0,0,0
2007-12-14 11:45:00+00:00,30,12,11,469.1640319824219,156.58642578125,0,0,0,0,0,0,0,0,0,0,0,0,0,0,0,0,0,0,0,0,0,0,0,0,0
2007-12-14 11:45:00+00:00,30,12,11,113.02938079833984,93.22817993164062,0,0,0,0,0,0,0,0,0,0,1,1,1,1,1,1,1,0,0,0,0,0,0,0,0
2007-12-14 11:45:00+00:00,30,12,11,55.162574768066406,59.32328796386719,0,0,0,0,0,0,0,1,1,1,1,1,1,1,1,1,1,0,0,0,0,0,0,0,1
2007-12-14 11:45:00+00:00,30,12,11,280.4968566894531,265.3323669433594,0,0,0,0,0,0,0,0,0,0,0,0,0,0,0,1,1,0,0,0,0,0,0,0,0
2007-12-14 11:45:00+00:00,30,12,11,291.0828857421875,153.4082794189453,0,0,0,0,0,0,0,0,0,0,0,0,0,0,0,1,1,0,0,0,0,0,0,0,0
2007-12-14 11:45:00+00:00,30,12,11,365.6571960449219,87.29377746582031,0,0,0,0,0,0,0,0,0,0,0,0,0,0,0,0,0,0,0,0,0,0,0,0,0
2007-12-14 11:45:00+00:00,30,12,11,,,0,0,0,0,0,0,0,0,0,0,0,0,0,0,0,0,0,0,0,0,0,0,0,0,0
2007-12-14 11:45:00+00:00,30,12,11,142.56849670410156,101.249267578125,0,0,0,0,0,0,0,0,0,0,0,1,1,1,1,1,1,0,0,0,0,0,0,0,0
2007-12-14 11:45:00+00:00,30,12,11,156.049072265625,150.09156799316406,0,0,0,0,0,0,0,0,0,0,0,0,1,1,1,1,1,0,0,0,0,0,0,0,0
2007-12-14 11:45:00+00:00,30,12,11,,,0,0,0,0,0,0,0,0,0,0,0,0,0,0,0,0,0,0,0,0,0,0,0,0,0
2007-12-14 11:45:00+00:00,30,12,11,,,0,0,0,0,0,0,0,0,0,0,0,0,0,0,0,0,0,0,0,0,0,0,0,0,0
2007-12-14 12:00:00+00:00,30,12,12,,,0,0,0,0,0,0,0,0,0,0,0,0,0,0,0,0,0,0,0,0,0,0,0,0,0
2007-12-14 12:00:00+00:00,30,12,12,90.72900390625,88.56974029541016,0,0,0,0,0,0,0,0,0,1,1,1,1,1,1,1,1,0,0,0,0,0,0,0,0
2007-12-14 12:00:00+00:00,30,12,12,165.15126037597656,165.30755615234375,0,0,0,0,0,0,0,0,0,0,0,0,1,1,1,1,1,0,0,0,0,0,0,0,0
2007-12-14 12:00:00+00:00,30,12,12,226.23568725585938,234.0772247314453,0,0,0,0,0,0,0,0,0,0,0,0,0,0,1,1,1,0,0,0,0,0,0,0,0
2007-12-14 12:00:00+00:00,30,12,12,227.87957763671875,222.0858917236328,0,0,0,0,0,0,0,0,0,0,0,0,0,0,1,1,1,0,0,0,0,0,0,0,0
2007-12-14 12:00:00+00:00,30,12,12,247.29859924316406,238.4893341064453,0,0,0,0,0,0,0,0,0,0,0,0,0,0,1,1,1,0,0,0,0,0,0,0,0
2007-12-14 12:00:00+00:00,30,12,12,180.9132843017578,179.69651794433594,0,0,0,0,0,0,0,0,0,0,0,0,0,1,1,1,1,0,0,0,0,0,0,0,0
2007-12-14 12:00:00+00:00,30,12,12,341.5264892578125,315.5466613769531,0,0,0,0,0,0,0,0,0,0,0,0,0,0,0,0,1,0,0,0,0,0,0,0,0
2007-12-14 12:15:00+00:00,30,12,12,586.3671875,589.0427856445312,0,0,0,0,0,0,0,0,0,0,0,0,0,0,0,0,0,0,0,0,0,0,0,0,0
2007-12-14 12:15:00+00:00,30,12,12,64.08442687988281,132.947509765625,0,0,0,0,0,0,0,0,1,1,1,1,1,1,1,1,1,0,0,0,0,0,0,0,0
2007-12-14 12:15:00+00:00,30,12,12,91.37854766845703,81.43107604980469,0,0,0,0,0,0,0,0,0,1,1,1,1,1,1,1,1,0,0,0,0,0,0,0,0
2007-12-14 12:15:00+00:00,30,12,12,143.38339233398438,146.69850158691406,0,0,0,0,0,0,0,0,0,0,0,1,1,1,1,1,1,0,0,0,0,0,0,0,0
2007-12-14 12:15:00+00:00,30,12,12,216.0303955078125,195.72547912597656,0,0,0,0,0,0,0,0,0,0,0,0,0,0,1,1,1,0,0,0,0,0,0,0,0
2007-12-14 12:15:00+00:00,30,12,12,120.45459747314453,120.72803497314453,0,0,0,0,0,0,0,0,0,0,0,1,1,1,1,1,1,0,0,0,0,0,0,0,0
2007-12-14 12:15:00+00:00,30,12,12,232.8358917236328,229.60792541503906,0,0,0,0,0,0,0,0,0,0,0,0,0,0,1,1,1,0,0,0,0,0,0,0,0
2007-12-14 12:15:00+00:00,30,12,12,136.19252014160156,133.73487854003906,0,0,0,0,0,0,0,0,0,0,0,1,1,1,1,1,1,0,0,0,0,0,0,0,0
2007-12-14 12:15:00+00:00,30,12,12,58.4655647277832,53.60655212402344,0,0,0,0,0,0,0,1,1,1,1,1,1,1,1,1,1,0,0,0,0,0,0,0,1
2007-12-14 12:15:00+00:00,30,12,12,153.33535766601562,146.76785278320312,0,0,0,0,0,0,0,0,0,0,0,0,1,1,1,1,1,0,0,0,0,0,0,0,0
2007-12-14 12:30:00+00:00,30,12,12,358.1203308105469,343.0831298828125,0,0,0,0,0,0,0,0,0,0,0,0,0,0,0,0,0,0,0,0,0,0,0,0,0
2007-12-14 12:30:00+00:00,30,12,12,96.24498748779297,78.71744537353516,0,0,0,0,0,0,0,0,0,1,1,1,1,1,1,1,1,0,0,0,0,0,0,0,0
2007-12-14 12:30:00+00:00,30,12,12,91.75177764892578,84.318603515625,0,0,0,0,0,0,0,0,0,1,1,1,1,1,1,1,1,0,0,0,0,0,0,0,0
2007-12-14 12:30:00+00:00,30,12,12,361.81646728515625,85.49127197265625,0,0,0,0,0,0,0,0,0,0,0,0,0,0,0,0,0,0,0,0,0,0,0,0,0
2007-12-14 12:30:00+00:00,30,12,12,117.07748413085938,100.33482360839844,0,0,0,0,0,0,0,0,0,0,1,1,1,1,1,1,1,0,0,0,0,0,0,0,0
2007-12-14 12:30:00+00:00,30,12,12,227.66537475585938,203.51498413085938,0,0,0,0,0,0,0,0,0,0,0,0,0,0,1,1,1,0,0,0,0,0,0,0,0
2007-12-14 12:30:00+00:00,30,12,12,121.73126983642578,117.91819763183594,0,0,0,0,0,0,0,0,0,0,0,1,1,1,1,1,1,0,0,0,0,0,0,0,0
2007-12-14 12:30:00+00:00,30,12,12,181.7273406982422,159.30833435058594,0,0,0,0,0,0,0,0,0,0,0,0,0,1,1,1,1,0,0,0,0,0,0,0,0
2007-12-14 12:30:00+00:00,30,12,12,172.1891326904297,153.29051208496094,0,0,0,0,0,0,0,0,0,0,0,0,1,1,1,1,1,0,0,0,0,0,0,0,0
2007-12-14 12:30:00+00:00,30,12,12,284.8026428222656,154.2119140625,0,0,0,0,0,0,0,0,0,0,0,0,0,0,0,1,1,0,0,0,0,0,0,0,0
2007-12-14 12:30:00+00:00,30,12,12,137.4941864013672,108.51854705810547,0,0,0,0,0,0,0,0,0,0,0,1,1,1,1,1,1,0,0,0,0,0,0,0,0
2007-12-14 12:30:00+00:00,30,12,12,365.29852294921875,344.4058837890625,0,0,0,0,0,0,0,0,0,0,0,0,0,0,0,0,0,0,0,0,0,0,0,0,0
2007-12-14 12:30:00+00:00,30,12,12,315.8578186035156,304.14654541015625,0,0,0,0,0,0,0,0,0,0,0,0,0,0,0,0,1,0,0,0,0,0,0,0,0
2007-12-14 12:30:00+00:00,30,12,12,87.33623504638672,111.40520477294922,0,0,0,0,0,0,0,0,0,1,1,1,1,1,1,1,1,0,0,0,0,0,0,0,0
2007-12-14 12:30:00+00:00,30,12,12,161.52127075195312,161.52127075195312,0,0,0,0,0,0,0,0,0,0,0,0,1,1,1,1,1,0,0,0,0,0,0,0,0
2007-12-14 12:45:00+00:00,30,12,12,,442.1390686035156,0,0,0,0,0,0,0,0,0,0,0,0,0,0,0,0,0,0,0,0,0,0,0,0,0
2007-12-14 12:45:00+00:00,30,12,12,,471.1588134765625,0,0,0,0,0,0,0,0,0,0,0,0,0,0,0,0,0,0,0,0,0,0,0,0,0
2007-12-14 12:45:00+00:00,30,12,12,422.6447448730469,274.3929138183594,0,0,0,0,0,0,0,0,0,0,0,0,0,0,0,0,0,0,0,0,0,0,0,0,0
2007-12-14 12:45:00+00:00,30,12,12,194.66519165039062,65.4448013305664,0,0,0,0,0,0,0,0,0,0,0,0,0,1,1,1,1,0,0,0,0,0,0,0,0
2007-12-14 12:45:00+00:00,30,12,12,181.74974060058594,64.25630950927734,0,0,0,0,0,0,0,0,0,0,0,0,0,1,1,1,1,0,0,0,0,0,0,0,0
2007-12-14 12:45:00+00:00,30,12,12,62.38970184326172,55.7689323425293,0,0,0,0,0,0,0,0,1,1,1,1,1,1,1,1,1,0,0,0,0,0,0,0,1
2007-12-14 13:00:00+00:00,30,12,13,72.4416275024414,58.94822311401367,0,0,0,0,0,0,0,0,1,1,1,1,1,1,1,1,1,0,0,0,0,0,0,0,1
2007-12-14 13:00:00+00:00,30,12,13,209.95494079589844,206.58445739746094,0,0,0,0,0,0,0,0,0,0,0,0,0,0,1,1,1,0,0,0,0,0,0,0,0
2007-12-14 13:00:00+00:00,30,12,13,99.31108093261719,86.15421295166016,0,0,0,0,0,0,0,0,0,1,1,1,1,1,1,1,1,0,0,0,0,0,0,0,0
2007-12-14 13:00:00+00:00,30,12,13,58.90382385253906,23.17239761352539,0,0,0,0,0,0,0,1,1,1,1,1,1,1,1,1,1,0,0,0,1,1,1,1,1
2007-12-14 13:00:00+00:00,30,12,13,169.00758361816406,161.6001739501953,0,0,0,0,0,0,0,0,0,0,0,0,1,1,1,1,1,0,0,0,0,0,0,0,0
2007-12-14 13:00:00+00:00,30,12,13,150.36488342285156,162.5117645263672,0,0,0,0,0,0,0,0,0,0,0,0,1,1,1,1,1,0,0,0,0,0,0,0,0
2007-12-14 13:15:00+00:00,30,12,13,331.5894775390625,325.7384948730469,0,0,0,0,0,0,0,0,0,0,0,0,0,0,0,0,1,0,0,0,0,0,0,0,0
2007-12-14 13:15:00+00:00,30,12,13,44.86970138549805,33.746315002441406,0,0,0,0,0,0,1,1,1,1,1,1,1,1,1,1,1,0,0,0,0,0,1,1,1
2007-12-14 13:15:00+00:00,30,12,13,139.18017578125,128.22781372070312,0,0,0,0,0,0,0,0,0,0,0,1,1,1,1,1,1,0,0,0,0,0,0,0,0
2007-12-14 13:15:00+00:00,30,12,13,40.09844207763672,18.06873321533203,0,0,0,0,0,0,1,1,1,1,1,1,1,1,1,1,1,0,0,1,1,1,1,1,1
2007-12-14 13:15:00+00:00,30,12,13,201.6842803955078,210.636474609375,0,0,0,0,0,0,0,0,0,0,0,0,0,0,1,1,1,0,0,0,0,0,0,0,0
2007-12-14 13:15:00+00:00,30,12,13,316.556884765625,304.0159606933594,0,0,0,0,0,0,0,0,0,0,0,0,0,0,0,0,1,0,0,0,0,0,0,0,0
2007-12-14 13:15:00+00:00,30,12,13,375.56884765625,354.19451904296875,0,0,0,0,0,0,0,0,0,0,0,0,0,0,0,0,0,0,0,0,0,0,0,0,0
2007-12-14 13:15:00+00:00,30,12,13,173.40914916992188,179.1803741455078,0,0,0,0,0,0,0,0,0,0,0,0,1,1,1,1,1,0,0,0,0,0,0,0,0
2007-12-14 13:15:00+00:00,30,12,13,212.14068603515625,220.71446228027344,0,0,0,0,0,0,0,0,0,0,0,0,0,0,1,1,1,0,0,0,0,0,0,0,0
2007-12-14 13:30:00+00:00,30,12,13,511.7768249511719,,0,0,0,0,0,0,0,0,0,0,0,0,0,0,0,0,0,0,0,0,0,0,0,0,0
2007-12-14 13:30:00+00:00,30,12,13,138.10504150390625,125.20763397216797,0,0,0,0,0,0,0,0,0,0,0,1,1,1,1,1,1,0,0,0,0,0,0,0,0
2007-12-14 13:30:00+00:00,30,12,13,111.99996185302734,109.88422393798828,0,0,0,0,0,0,0,0,0,0,1,1,1,1,1,1,1,0,0,0,0,0,0,0,0
2007-12-14 13:30:00+00:00,30,12,13,175.99905395507812,175.29251098632812,0,0,0,0,0,0,0,0,0,0,0,0,1,1,1,1,1,0,0,0,0,0,0,0,0
2007-12-14 13:30:00+00:00,30,12,13,205.03091430664062,180.9092559814453,0,0,0,0,0,0,0,0,0,0,0,0,0,0,1,1,1,0,0,0,0,0,0,0,0
2007-12-14 13:30:00+00:00,30,12,13,236.01626586914062,237.2653045654297,0,0,0,0,0,0,0,0,0,0,0,0,0,0,1,1,1,0,0,0,0,0,0,0,0
2007-12-14 13:30:00+00:00,30,12,13,110.56775665283203,118.77568817138672,0,0,0,0,0,0,0,0,0,0,1,1,1,1,1,1,1,0,0,0,0,0,0,0,0
2007-12-14 13:30:00+00:00,30,12,13,263.16827392578125,246.4156494140625,0,0,0,0,0,0,0,0,0,0,0,0,0,0,0,1,1,0,0,0,0,0,0,0,0
2007-12-14 13:30:00+00:00,30,12,13,,136.94068908691406,0,0,0,0,0,0,0,0,0,0,0,0,0,0,0,0,0,0,0,0,0,0,0,0,0
2007-12-14 13:30:00+00:00,30,12,13,,120.69163513183594,0,0,0,0,0,0,0,0,0,0,0,0,0,0,0,0,0,0,0,0,0,0,0,0,0
2007-12-14 13:30:00+00:00,30,12,13,,,0,0,0,0,0,0,0,0,0,0,0,0,0,0,0,0,0,0,0,0,0,0,0,0,0
2007-12-14 13:45:00+00:00,30,12,13,,77.34046173095703,0,0,0,0,0,0,0,0,0,0,0,0,0,0,0,0,0,0,0,0,0,0,0,0,0
2007-12-14 13:45:00+00:00,30,12,13,431.7378845214844,426.5205078125,0,0,0,0,0,0,0,0,0,0,0,0,0,0,0,0,0,0,0,0,0,0,0,0,0
2007-12-14 13:45:00+00:00,30,12,13,137.3938751220703,127.73698425292969,0,0,0,0,0,0,0,0,0,0,0,1,1,1,1,1,1,0,0,0,0,0,0,0,0
2007-12-14 13:45:00+00:00,30,12,13,269.45733642578125,277.117919921875,0,0,0,0,0,0,0,0,0,0,0,0,0,0,0,1,1,0,0,0,0,0,0,0,0
2007-12-14 13:45:00+00:00,30,12,13,183.12879943847656,385.1963806152344,0,0,0,0,0,0,0,0,0,0,0,0,0,1,1,1,1,0,0,0,0,0,0,0,0
2007-12-14 13:45:00+00:00,30,12,13,193.33595275878906,242.66897583007812,0,0,0,0,0,0,0,0,0,0,0,0,0,1,1,1,1,0,0,0,0,0,0,0,0
2007-12-14 13:45:00+00:00,30,12,13,187.24978637695312,270.6241149902344,0,0,0,0,0,0,0,0,0,0,0,0,0,1,1,1,1,0,0,0,0,0,0,0,0
2007-12-14 13:45:00+00:00,30,12,13,229.34922790527344,220.39767456054688,0,0,0,0,0,0,0,0,0,0,0,0,0,0,1,1,1,0,0,0,0,0,0,0,0
2007-12-14 14:00:00+00:00,30,12,14,118.77434539794922,129.6400909423828,0,0,0,0,0,0,0,0,0,0,1,1,1,1,1,1,1,0,0,0,0,0,0,0,0
2007-12-14 14:00:00+00:00,30,12,14,123.74252319335938,48.99968719482422,0,0,0,0,0,0,0,0,0,0,0,1,1,1,1,1,1,0,0,0,0,0,0,1,1
2007-12-14 14:00:00+00:00,30,12,14,90.82923126220703,78.66490936279297,0,0,0,0,0,0,0,0,0,1,1,1,1,1,1,1,1,0,0,0,0,0,0,0,0
2007-12-14 14:00:00+00:00,30,12,14,115.34184265136719,126.35690307617188,0,0,0,0,0,0,0,0,0,0,1,1,1,1,1,1,1,0,0,0,0,0,0,0,0
2007-12-14 14:00:00+00:00,30,12,14,,,0,0,0,0,0,0,0,0,0,0,0,0,0,0,0,0,0,0,0,0,0,0,0,0,0
2007-12-14 14:15:00+00:00,30,12,14,90.5633773803711,90.3936996459961,0,0,0,0,0,0,0,0,0,1,1,1,1,1,1,1,1,0,0,0,0,0,0,0,0
2007-12-14 14:15:00+00:00,30,12,14,261.25604248046875,249.80487060546875,0,0,0,0,0,0,0,0,0,0,0,0,0,0,0,1,1,0,0,0,0,0,0,0,0
2007-12-14 14:15:00+00:00,30,12,14,157.82566833496094,116.68292236328125,0,0,0,0,0,0,0,0,0,0,0,0,1,1,1,1,1,0,0,0,0,0,0,0,0
2007-12-14 14:15:00+00:00,30,12,14,117.37154388427734,112.42367553710938,0,0,0,0,0,0,0,0,0,0,1,1,1,1,1,1,1,0,0,0,0,0,0,0,0
2007-12-14 14:15:00+00:00,30,12,14,161.170654296875,138.30694580078125,0,0,0,0,0,0,0,0,0,0,0,0,1,1,1,1,1,0,0,0,0,0,0,0,0
2007-12-14 14:15:00+00:00,30,12,14,218.13619995117188,93.41259765625,0,0,0,0,0,0,0,0,0,0,0,0,0,0,1,1,1,0,0,0,0,0,0,0,0
2007-12-14 14:15:00+00:00,30,12,14,127.69204711914062,159.6260528564453,0,0,0,0,0,0,0,0,0,0,0,1,1,1,1,1,1,0,0,0,0,0,0,0,0
2007-12-14 14:15:00+00:00,30,12,14,75.744384765625,141.54034423828125,0,0,0,0,0,0,0,0,1,1,1,1,1,1,1,1,1,0,0,0,0,0,0,0,0
2007-12-14 14:15:00+00:00,30,12,14,77.26181030273438,61.73454284667969,0,0,0,0,0,0,0,0,1,1,1,1,1,1,1,1,1,0,0,0,0,0,0,0,0
2007-12-14 14:15:00+00:00,30,12,14,96.2096939086914,152.31924438476562,0,0,0,0,0,0,0,0,0,1,1,1,1,1,1,1,1,0,0,0,0,0,0,0,0
2007-12-14 14:15:00+00:00,30,12,14,166.90673828125,159.6380157470703,0,0,0,0,0,0,0,0,0,0,0,0,1,1,1,1,1,0,0,0,0,0,0,0,0
2007-12-14 14:15:00+00:00,30,12,14,145.30038452148438,148.3258819580078,0,0,0,0,0,0,0,0,0,0,0,1,1,1,1,1,1,0,0,0,0,0,0,0,0
2007-12-14 14:15:00+00:00,30,12,14,263.10943603515625,0.0,0,0,0,0,0,0,0,0,0,0,0,0,0,0,0,1,1,1,1,1,1,1,1,1,1
2007-12-14 14:15:00+00:00,30,12,14,288.5118408203125,0.0,0,0,0,0,0,0,0,0,0,0,0,0,0,0,0,1,1,1,1,1,1,1,1,1,1
2007-12-14 14:15:00+00:00,30,12,14,363.1538391113281,324.5200500488281,0,0,0,0,0,0,0,0,0,0,0,0,0,0,0,0,0,0,0,0,0,0,0,0,0
2007-12-14 14:15:00+00:00,30,12,14,,,0,0,0,0,0,0,0,0,0,0,0,0,0,0,0,0,0,0,0,0,0,0,0,0,0
2007-12-14 14:30:00+00:00,30,12,14,87.79733276367188,36.29022979736328,0,0,0,0,0,0,0,0,0,1,1,1,1,1,1,1,1,0,0,0,0,0,1,1,1
2007-12-14 14:30:00+00:00,30,12,14,83.02063751220703,88.35050964355469,0,0,0,0,0,0,0,0,0,1,1,1,1,1,1,1,1,0,0,0,0,0,0,0,0
2007-12-14 14:30:00+00:00,30,12,14,112.81574249267578,96.78218078613281,0,0,0,0,0,0,0,0,0,0,1,1,1,1,1,1,1,0,0,0,0,0,0,0,0
2007-12-14 14:30:00+00:00,30,12,14,167.34011840820312,157.62191772460938,0,0,0,0,0,0,0,0,0,0,0,0,1,1,1,1,1,0,0,0,0,0,0,0,0
2007-12-14 14:30:00+00:00,30,12,14,147.8429412841797,123.46256256103516,0,0,0,0,0,0,0,0,0,0,0,1,1,1,1,1,1,0,0,0,0,0,0,0,0
2007-12-14 14:30:00+00:00,30,12,14,,,0,0,0,0,0,0,0,0,0,0,0,0,0,0,0,0,0,0,0,0,0,0,0,0,0
2007-12-14 14:30:00+00:00,30,12,14,123.20729064941406,85.73493957519531,0,0,0,0,0,0,0,0,0,0,0,1,1,1,1,1,1,0,0,0,0,0,0,0,0
2007-12-14 14:30:00+00:00,30,12,14,62.167701721191406,73.78807830810547,0,0,0,0,0,0,0,0,1,1,1,1,1,1,1,1,1,0,0,0,0,0,0,0,0
2007-12-14 14:30:00+00:00,30,12,14,328.10748291015625,257.22711181640625,0,0,0,0,0,0,0,0,0,0,0,0,0,0,0,0,1,0,0,0,0,0,0,0,0
2007-12-14 14:30:00+00:00,30,12,14,249.80389404296875,212.87818908691406,0,0,0,0,0,0,0,0,0,0,0,0,0,0,1,1,1,0,0,0,0,0,0,0,0
2007-12-14 14:30:00+00:00,30,12,14,262.2196350097656,235.8367919921875,0,0,0,0,0,0,0,0,0,0,0,0,0,0,0,1,1,0,0,0,0,0,0,0,0
2007-12-14 14:30:00+00:00,30,12,14,96.20647430419922,50.682186126708984,0,0,0,0,0,0,0,0,0,1,1,1,1,1,1,1,1,0,0,0,0,0,0,0,1
2007-12-14 14:30:00+00:00,30,12,14,,,0,0,0,0,0,0,0,0,0,0,0,0,0,0,0,0,0,0,0,0,0,0,0,0,0
2007-12-14 14:30:00+00:00,30,12,14,,,0,0,0,0,0,0,0,0,0,0,0,0,0,0,0,0,0,0,0,0,0,0,0,0,0
2007-12-14 14:45:00+00:00,30,12,14,72.08305358886719,87.01820373535156,0,0,0,0,0,0,0,0,1,1,1,1,1,1,1,1,1,0,0,0,0,0,0,0,0
2007-12-14 14:45:00+00:00,30,12,14,63.124183654785156,77.9942398071289,0,0,0,0,0,0,0,0,1,1,1,1,1,1,1,1,1,0,0,0,0,0,0,0,0
2007-12-14 14:45:00+00:00,30,12,14,170.8745880126953,173.49545288085938,0,0,0,0,0,0,0,0,0,0,0,0,1,1,1,1,1,0,0,0,0,0,0,0,0
2007-12-14 14:45:00+00:00,30,12,14,147.8243408203125,206.1176300048828,0,0,0,0,0,0,0,0,0,0,0,1,1,1,1,1,1,0,0,0,0,0,0,0,0
2007-12-14 14:45:00+00:00,30,12,14,183.20912170410156,216.39425659179688,0,0,0,0,0,0,0,0,0,0,0,0,0,1,1,1,1,0,0,0,0,0,0,0,0
2007-12-14 14:45:00+00:00,30,12,14,165.18357849121094,156.68260192871094,0,0,0,0,0,0,0,0,0,0,0,0,1,1,1,1,1,0,0,0,0,0,0,0,0
2007-12-14 14:45:00+00:00,30,12,14,144.8231201171875,0.0,0,0,0,0,0,0,0,0,0,0,0,1,1,1,1,1,1,1,1,1,1,1,1,1,1
2007-12-14 14:45:00+00:00,30,12,14,183.6055450439453,273.6981506347656,0,0,0,0,0,0,0,0,0,0,0,0,0,1,1,1,1,0,0,0,0,0,0,0,0
2007-12-14 14:45:00+00:00,30,12,14,,,0,0,0,0,0,0,0,0,0,0,0,0,0,0,0,0,0,0,0,0,0,0,0,0,0
2007-12-14 15:00:00+00:00,30,12,15,,,0,0,0,0,0,0,0,0,0,0,0,0,0,0,0,0,0,0,0,0,0,0,0,0,0
2007-12-14 15:00:00+00:00,30,12,15,426.8022766113281,416.3826904296875,0,0,0,0,0,0,0,0,0,0,0,0,0,0,0,0,0,0,0,0,0,0,0,0,0
2007-12-14 15:00:00+00:00,30,12,15,269.3539733886719,149.64996337890625,0,0,0,0,0,0,0,0,0,0,0,0,0,0,0,1,1,0,0,0,0,0,0,0,0
2007-12-14 15:00:00+00:00,30,12,15,87.08435821533203,89.01744842529297,0,0,0,0,0,0,0,0,0,1,1,1,1,1,1,1,1,0,0,0,0,0,0,0,0
2007-12-14 15:00:00+00:00,30,12,15,174.73196411132812,185.30429077148438,0,0,0,0,0,0,0,0,0,0,0,0,1,1,1,1,1,0,0,0,0,0,0,0,0
2007-12-14 15:00:00+00:00,30,12,15,140.4163818359375,142.61758422851562,0,0,0,0,0,0,0,0,0,0,0,1,1,1,1,1,1,0,0,0,0,0,0,0,0
2007-12-14 15:00:00+00:00,30,12,15,65.89537048339844,70.69466400146484,0,0,0,0,0,0,0,0,1,1,1,1,1,1,1,1,1,0,0,0,0,0,0,0,0
2007-12-14 15:15:00+00:00,30,12,15,333.91339111328125,299.0533447265625,0,0,0,0,0,0,0,0,0,0,0,0,0,0,0,0,1,0,0,0,0,0,0,0,0
2007-12-14 15:15:00+00:00,30,12,15,207.87742614746094,206.07240295410156,0,0,0,0,0,0,0,0,0,0,0,0,0,0,1,1,1,0,0,0,0,0,0,0,0
2007-12-14 15:15:00+00:00,30,12,15,145.11251831054688,133.82501220703125,0,0,0,0,0,0,0,0,0,0,0,1,1,1,1,1,1,0,0,0,0,0,0,0,0
2007-12-14 15:15:00+00:00,30,12,15,143.22914123535156,142.90786743164062,0,0,0,0,0,0,0,0,0,0,0,1,1,1,1,1,1,0,0,0,0,0,0,0,0
2007-12-14 15:15:00+00:00,30,12,15,109.63117218017578,170.93572998046875,0,0,0,0,0,0,0,0,0,0,1,1,1,1,1,1,1,0,0,0,0,0,0,0,0
2007-12-14 15:15:00+00:00,30,12,15,44.54185485839844,142.93316650390625,0,0,0,0,0,0,1,1,1,1,1,1,1,1,1,1,1,0,0,0,0,0,0,0,0
2007-12-14 15:15:00+00:00,30,12,15,71.38423919677734,76.80171966552734,0,0,0,0,0,0,0,0,1,1,1,1,1,1,1,1,1,0,0,0,0,0,0,0,0
2007-12-14 15:30:00+00:00,30,12,15,286.736572265625,280.9604797363281,0,0,0,0,0,0,0,0,0,0,0,0,0,0,0,1,1,0,0,0,0,0,0,0,0
2007-12-14 15:30:00+00:00,30,12,15,263.9031982421875,226.44692993164062,0,0,0,0,0,0,0,0,0,0,0,0,0,0,0,1,1,0,0,0,0,0,0,0,0
2007-12-14 15:30:00+00:00,30,12,15,121.16405487060547,149.33383178710938,0,0,0,0,0,0,0,0,0,0,0,1,1,1,1,1,1,0,0,0,0,0,0,0,0
2007-12-14 15:30:00+00:00,30,12,15,186.1230010986328,182.65765380859375,0,0,0,0,0,0,0,0,0,0,0,0,0,1,1,1,1,0,0,0,0,0,0,0,0
2007-12-14 15:30:00+00:00,30,12,15,452.5267639160156,393.4652099609375,0,0,0,0,0,0,0,0,0,0,0,0,0,0,0,0,0,0,0,0,0,0,0,0,0
2007-12-14 15:30:00+00:00,30,12,15,120.71414947509766,113.86707305908203,0,0,0,0,0,0,0,0,0,0,0,1,1,1,1,1,1,0,0,0,0,0,0,0,0
2007-12-14 15:30:00+00:00,30,12,15,145.0555877685547,144.48963928222656,0,0,0,0,0,0,0,0,0,0,0,1,1,1,1,1,1,0,0,0,0,0,0,0,0
2007-12-14 15:30:00+00:00,30,12,15,,,0,0,0,0,0,0,0,0,0,0,0,0,0,0,0,0,0,0,0,0,0,0,0,0,0
2007-12-14 15:45:00+00:00,30,12,15,39.91001510620117,27.57696533203125,0,0,0,0,0,1,1,1,1,1,1,1,1,1,1,1,1,0,0,0,0,1,1,1,1
2007-12-14 15:45:00+00:00,30,12,15,174.77633666992188,162.1149139404297,0,0,0,0,0,0,0,0,0,0,0,0,1,1,1,1,1,0,0,0,0,0,0,0,0
2007-12-14 15:45:00+00:00,30,12,15,188.43870544433594,199.83604431152344,0,0,0,0,0,0,0,0,0,0,0,0,0,1,1,1,1,0,0,0,0,0,0,0,0
2007-12-14 15:45:00+00:00,30,12,15,238.4946746826172,257.41937255859375,0,0,0,0,0,0,0,0,0,0,0,0,0,0,1,1,1,0,0,0,0,0,0,0,0
2007-12-14 15:45:00+00:00,30,12,15,299.5910339355469,235.77090454101562,0,0,0,0,0,0,0,0,0,0,0,0,0,0,0,1,1,0,0,0,0,0,0,0,0
2007-12-14 15:45:00+00:00,30,12,15,161.10345458984375,0.0,0,0,0,0,0,0,0,0,0,0,0,0,1,1,1,1,1,1,1,1,1,1,1,1,1
2007-12-14 15:45:00+00:00,30,12,15,304.1153869628906,195.56820678710938,0,0,0,0,0,0,0,0,0,0,0,0,0,0,0,0,1,0,0,0,0,0,0,0,0
2007-12-14 16:00:00+00:00,30,12,16,68.78909301757812,50.55564498901367,0,0,0,0,0,0,0,0,1,1,1,1,1,1,1,1,1,0,0,0,0,0,0,0,1
2007-12-14 16:00:00+00:00,30,12,16,70.44237518310547,61.76328659057617,0,0,0,0,0,0,0,0,1,1,1,1,1,1,1,1,1,0,0,0,0,0,0,0,0
2007-12-14 16:15:00+00:00,30,12,16,237.20285034179688,254.61541748046875,0,0,0,0,0,0,0,0,0,0,0,0,0,0,1,1,1,0,0,0,0,0,0,0,0
2007-12-14 16:15:00+00:00,30,12,16,287.67877197265625,375.39276123046875,0,0,0,0,0,0,0,0,0,0,0,0,0,0,0,1,1,0,0,0,0,0,0,0,0
2007-12-14 16:15:00+00:00,30,12,16,226.35830688476562,279.6417236328125,0,0,0,0,0,0,0,0,0,0,0,0,0,0,1,1,1,0,0,0,0,0,0,0,0
2007-12-14 16:15:00+00:00,30,12,16,82.05111694335938,87.42549133300781,0,0,0,0,0,0,0,0,0,1,1,1,1,1,1,1,1,0,0,0,0,0,0,0,0
2007-12-14 16:15:00+00:00,30,12,16,80.310791015625,98.34703826904297,0,0,0,0,0,0,0,0,0,1,1,1,1,1,1,1,1,0,0,0,0,0,0,0,0
2007-12-14 16:30:00+00:00,30,12,16,,,0,0,0,0,0,0,0,0,0,0,0,0,0,0,0,0,0,0,0,0,0,0,0,0,0
2007-12-14 16:30:00+00:00,30,12,16,422.41485595703125,428.934326171875,0,0,0,0,0,0,0,0,0,0,0,0,0,0,0,0,0,0,0,0,0,0,0,0,0
2007-12-14 16:30:00+00:00,30,12,16,429.4533386230469,434.9317932128906,0,0,0,0,0,0,0,0,0,0,0,0,0,0,0,0,0,0,0,0,0,0,0,0,0
2007-12-14 16:30:00+00:00,30,12,16,226.59095764160156,209.563232421875,0,0,0,0,0,0,0,0,0,0,0,0,0,0,1,1,1,0,0,0,0,0,0,0,0
2007-12-14 16:30:00+00:00,30,12,16,223.380859375,248.78248596191406,0,0,0,0,0,0,0,0,0,0,0,0,0,0,1,1,1,0,0,0,0,0,0,0,0
2007-12-14 16:30:00+00:00,30,12,16,192.76773071289062,203.64697265625,0,0,0,0,0,0,0,0,0,0,0,0,0,1,1,1,1,0,0,0,0,0,0,0,0
2007-12-14 16:30:00+00:00,30,12,16,261.9259338378906,221.7351531982422,0,0,0,0,0,0,0,0,0,0,0,0,0,0,0,1,1,0,0,0,0,0,0,0,0
2007-12-14 16:30:00+00:00,30,12,16,223.717041015625,238.95420837402344,0,0,0,0,0,0,0,0,0,0,0,0,0,0,1,1,1,0,0,0,0,0,0,0,0
2007-12-14 16:30:00+00:00,30,12,16,347.8282470703125,151.48829650878906,0,0,0,0,0,0,0,0,0,0,0,0,0,0,0,0,1,0,0,0,0,0,0,0,0
2007-12-14 16:30:00+00:00,30,12,16,318.656005859375,421.9085998535156,0,0,0,0,0,0,0,0,0,0,0,0,0,0,0,0,1,0,0,0,0,0,0,0,0
2007-12-14 16:30:00+00:00,30,12,16,165.3798065185547,178.88388061523438,0,0,0,0,0,0,0,0,0,0,0,0,1,1,1,1,1,0,0,0,0,0,0,0,0
2007-12-14 16:30:00+00:00,30,12,16,,,0,0,0,0,0,0,0,0,0,0,0,0,0,0,0,0,0,0,0,0,0,0,0,0,0
2007-12-14 16:45:00+00:00,30,12,16,69.01178741455078,64.69245910644531,0,0,0,0,0,0,0,0,1,1,1,1,1,1,1,1,1,0,0,0,0,0,0,0,0
2007-12-14 16:45:00+00:00,30,12,16,207.31747436523438,247.09844970703125,0,0,0,0,0,0,0,0,0,0,0,0,0,0,1,1,1,0,0,0,0,0,0,0,0
2007-12-14 17:00:00+00:00,30,12,17,90.62174224853516,104.16461944580078,0,0,0,0,0,0,0,0,0,1,1,1,1,1,1,1,1,0,0,0,0,0,0,0,0
2007-12-14 17:15:00+00:00,30,12,17,515.4356689453125,325.3426208496094,0,0,0,0,0,0,0,0,0,0,0,0,0,0,0,0,0,0,0,0,0,0,0,0,0
2007-12-14 17:15:00+00:00,30,12,17,232.2093963623047,307.563232421875,0,0,0,0,0,0,0,0,0,0,0,0,0,0,1,1,1,0,0,0,0,0,0,0,0
2007-12-14 17:30:00+00:00,30,12,17,218.00453186035156,175.864501953125,0,0,0,0,0,0,0,0,0,0,0,0,0,0,1,1,1,0,0,0,0,0,0,0,0
2007-12-14 17:30:00+00:00,30,12,17,112.61680603027344,97.67713928222656,0,0,0,0,0,0,0,0,0,0,1,1,1,1,1,1,1,0,0,0,0,0,0,0,0
2007-12-14 17:45:00+00:00,30,12,17,,,0,0,0,0,0,0,0,0,0,0,0,0,0,0,0,0,0,0,0,0,0,0,0,0,0
2007-12-14 17:45:00+00:00,30,12,17,,,0,0,0,0,0,0,0,0,0,0,0,0,0,0,0,0,0,0,0,0,0,0,0,0,0
2007-12-15 10:00:00+00:00,30,12,10,,,0,0,0,0,0,0,0,0,0,0,0,0,0,0,0,0,0,0,0,0,0,0,0,0,0
2007-12-15 10:00:00+00:00,30,12,10,,,0,0,0,0,0,0,0,0,0,0,0,0,0,0,0,0,0,0,0,0,0,0,0,0,0
2007-12-15 10:00:00+00:00,30,12,10,,,0,0,0,0,0,0,0,0,0,0,0,0,0,0,0,0,0,0,0,0,0,0,0,0,0
2007-12-15 10:00:00+00:00,30,12,10,262.2348937988281,210.0958709716797,0,0,0,0,0,0,0,0,0,0,0,0,0,0,0,1,1,0,0,0,0,0,0,0,0
2007-12-15 10:00:00+00:00,30,12,10,,,0,0,0,0,0,0,0,0,0,0,0,0,0,0,0,0,0,0,0,0,0,0,0,0,0
2007-12-15 10:00:00+00:00,30,12,10,124.33084106445312,73.19000244140625,0,0,0,0,0,0,0,0,0,0,0,1,1,1,1,1,1,0,0,0,0,0,0,0,0
2007-12-15 10:00:00+00:00,30,12,10,93.80659484863281,85.40571594238281,0,0,0,0,0,0,0,0,0,1,1,1,1,1,1,1,1,0,0,0,0,0,0,0,0
2007-12-15 10:00:00+00:00,30,12,10,253.6800079345703,243.931884765625,0,0,0,0,0,0,0,0,0,0,0,0,0,0,0,1,1,0,0,0,0,0,0,0,0
2007-12-15 10:00:00+00:00,30,12,10,250.82884216308594,242.05422973632812,0,0,0,0,0,0,0,0,0,0,0,0,0,0,0,1,1,0,0,0,0,0,0,0,0
2007-12-15 10:00:00+00:00,30,12,10,65.41246795654297,15.801159858703613,0,0,0,0,0,0,0,0,1,1,1,1,1,1,1,1,1,0,0,1,1,1,1,1,1
2007-12-15 10:00:00+00:00,30,12,10,171.71470642089844,161.63955688476562,0,0,0,0,0,0,0,0,0,0,0,0,1,1,1,1,1,0,0,0,0,0,0,0,0
2007-12-15 10:00:00+00:00,30,12,10,75.56024169921875,36.17071533203125,0,0,0,0,0,0,0,0,1,1,1,1,1,1,1,1,1,0,0,0,0,0,1,1,1
2007-12-15 10:00:00+00:00,30,12,10,115.67404174804688,118.75458526611328,0,0,0,0,0,0,0,0,0,0,1,1,1,1,1,1,1,0,0,0,0,0,0,0,0
2007-12-15 10:00:00+00:00,30,12,10,267.4741516113281,258.9030456542969,0,0,0,0,0,0,0,0,0,0,0,0,0,0,0,1,1,0,0,0,0,0,0,0,0
2007-12-15 10:00:00+00:00,30,12,10,362.1869812011719,381.4891052246094,0,0,0,0,0,0,0,0,0,0,0,0,0,0,0,0,0,0,0,0,0,0,0,0,0
2007-12-15 10:00:00+00:00,30,12,10,370.9739990234375,364.56610107421875,0,0,0,0,0,0,0,0,0,0,0,0,0,0,0,0,0,0,0,0,0,0,0,0,0
2007-12-15 10:00:00+00:00,30,12,10,444.7989807128906,438.4740905761719,0,0,0,0,0,0,0,0,0,0,0,0,0,0,0,0,0,0,0,0,0,0,0,0,0
2007-12-15 10:00:00+00:00,30,12,10,347.6038513183594,351.4163513183594,0,0,0,0,0,0,0,0,0,0,0,0,0,0,0,0,1,0,0,0,0,0,0,0,0
2007-12-15 10:00:00+00:00,30,12,10,227.55947875976562,247.02041625976562,0,0,0,0,0,0,0,0,0,0,0,0,0,0,1,1,1,0,0,0,0,0,0,0,0
2007-12-15 10:00:00+00:00,30,12,10,,,0,0,0,0,0,0,0,0,0,0,0,0,0,0,0,0,0,0,0,0,0,0,0,0,0
2007-12-15 10:00:00+00:00,30,12,10,,,0,0,0,0,0,0,0,0,0,0,0,0,0,0,0,0,0,0,0,0,0,0,0,0,0
2007-12-15 10:00:00+00:00,30,12,10,279.1070556640625,267.87237548828125,0,0,0,0,0,0,0,0,0,0,0,0,0,0,0,1,1,0,0,0,0,0,0,0,0
2007-12-15 10:15:00+00:00,30,12,10,,,0,0,0,0,0,0,0,0,0,0,0,0,0,0,0,0,0,0,0,0,0,0,0,0,0
2007-12-15 10:15:00+00:00,30,12,10,,,0,0,0,0,0,0,0,0,0,0,0,0,0,0,0,0,0,0,0,0,0,0,0,0,0
2007-12-15 10:15:00+00:00,30,12,10,,415.83721923828125,0,0,0,0,0,0,0,0,0,0,0,0,0,0,0,0,0,0,0,0,0,0,0,0,0
2007-12-15 10:15:00+00:00,30,12,10,,344.0597839355469,0,0,0,0,0,0,0,0,0,0,0,0,0,0,0,0,0,0,0,0,0,0,0,0,0
2007-12-15 10:15:00+00:00,30,12,10,135.819091796875,107.48625183105469,0,0,0,0,0,0,0,0,0,0,0,1,1,1,1,1,1,0,0,0,0,0,0,0,0
2007-12-15 10:15:00+00:00,30,12,10,,,0,0,0,0,0,0,0,0,0,0,0,0,0,0,0,0,0,0,0,0,0,0,0,0,0
2007-12-15 10:15:00+00:00,30,12,10,129.29713439941406,81.07258605957031,0,0,0,0,0,0,0,0,0,0,0,1,1,1,1,1,1,0,0,0,0,0,0,0,0
2007-12-15 10:15:00+00:00,30,12,10,53.068790435791016,33.31918716430664,0,0,0,0,0,0,0,1,1,1,1,1,1,1,1,1,1,0,0,0,0,0,1,1,1
2007-12-15 10:15:00+00:00,30,12,10,114.19478607177734,43.36826705932617,0,0,0,0,0,0,0,0,0,0,1,1,1,1,1,1,1,0,0,0,0,0,0,1,1
2007-12-15 10:15:00+00:00,30,12,10,93.8328628540039,79.86410522460938,0,0,0,0,0,0,0,0,0,1,1,1,1,1,1,1,1,0,0,0,0,0,0,0,0
2007-12-15 10:15:00+00:00,30,12,10,101.14024353027344,59.91170883178711,0,0,0,0,0,0,0,0,0,0,1,1,1,1,1,1,1,0,0,0,0,0,0,0,1
2007-12-15 10:15:00+00:00,30,12,10,112.98117065429688,99.25823974609375,0,0,0,0,0,0,0,0,0,0,1,1,1,1,1,1,1,0,0,0,0,0,0,0,0
2007-12-15 10:15:00+00:00,30,12,10,85.48807525634766,96.02149200439453,0,0,0,0,0,0,0,0,0,1,1,1,1,1,1,1,1,0,0,0,0,0,0,0,0
2007-12-15 10:15:00+00:00,30,12,10,73.26888275146484,88.46080780029297,0,0,0,0,0,0,0,0,1,1,1,1,1,1,1,1,1,0,0,0,0,0,0,0,0
2007-12-15 10:15:00+00:00,30,12,10,185.81317138671875,181.0742645263672,0,0,0,0,0,0,0,0,0,0,0,0,0,1,1,1,1,0,0,0,0,0,0,0,0
2007-12-15 10:15:00+00:00,30,12,10,141.49563598632812,156.59768676757812,0,0,0,0,0,0,0,0,0,0,0,1,1,1,1,1,1,0,0,0,0,0,0,0,0
2007-12-15 10:15:00+00:00,30,12,10,90.62954711914062,97.14791107177734,0,0,0,0,0,0,0,0,0,1,1,1,1,1,1,1,1,0,0,0,0,0,0,0,0
2007-12-15 10:15:00+00:00,30,12,10,175.7810516357422,,0,0,0,0,0,0,0,0,0,0,0,0,1,1,1,1,1,0,0,0,0,0,0,0,0
2007-12-15 10:30:00+00:00,30,12,10,,,0,0,0,0,0,0,0,0,0,0,0,0,0,0,0,0,0,0,0,0,0,0,0,0,0
2007-12-15 10:30:00+00:00,30,12,10,,,0,0,0,0,0,0,0,0,0,0,0,0,0,0,0,0,0,0,0,0,0,0,0,0,0
2007-12-15 10:30:00+00:00,30,12,10,,,0,0,0,0,0,0,0,0,0,0,0,0,0,0,0,0,0,0,0,0,0,0,0,0,0
2007-12-15 10:30:00+00:00,30,12,10,45.81338882446289,7.62025260925293,0,0,0,0,0,0,1,1,1,1,1,1,1,1,1,1,1,1,1,1,1,1,1,1,1
2007-12-15 10:30:00+00:00,30,12,10,,359.3970947265625,0,0,0,0,0,0,0,0,0,0,0,0,0,0,0,0,0,0,0,0,0,0,0,0,0
2007-12-15 10:30:00+00:00,30,12,10,144.71168518066406,137.81591796875,0,0,0,0,0,0,0,0,0,0,0,1,1,1,1,1,1,0,0,0,0,0,0,0,0
2007-12-15 10:30:00+00:00,30,12,10,213.84207153320312,65.68949127197266,0,0,0,0,0,0,0,0,0,0,0,0,0,0,1,1,1,0,0,0,0,0,0,0,0
2007-12-15 10:30:00+00:00,30,12,10,300.81695556640625,307.19940185546875,0,0,0,0,0,0,0,0,0,0,0,0,0,0,0,0,1,0,0,0,0,0,0,0,0
2007-12-15 10:30:00+00:00,30,12,10,338.5028076171875,330.5945739746094,0,0,0,0,0,0,0,0,0,0,0,0,0,0,0,0,1,0,0,0,0,0,0,0,0
2007-12-15 10:30:00+00:00,30,12,10,212.93707275390625,219.51974487304688,0,0,0,0,0,0,0,0,0,0,0,0,0,0,1,1,1,0,0,0,0,0,0,0,0
2007-12-15 10:30:00+00:00,30,12,10,130.19651794433594,113.68927764892578,0,0,0,0,0,0,0,0,0,0,0,1,1,1,1,1,1,0,0,0,0,0,0,0,0
2007-12-15 10:30:00+00:00,30,12,10,142.11997985839844,94.57576751708984,0,0,0,0,0,0,0,0,0,0,0,1,1,1,1,1,1,0,0,0,0,0,0,0,0
2007-12-15 10:30:00+00:00,30,12,10,386.08331298828125,294.7897644042969,0,0,0,0,0,0,0,0,0,0,0,0,0,0,0,0,0,0,0,0,0,0,0,0,0
2007-12-15 10:30:00+00:00,30,12,10,,357.3075256347656,0,0,0,0,0,0,0,0,0,0,0,0,0,0,0,0,0,0,0,0,0,0,0,0,0
2007-12-15 10:30:00+00:00,30,12,10,,373.7514953613281,0,0,0,0,0,0,0,0,0,0,0,0,0,0,0,0,0,0,0,0,0,0,0,0,0
2007-12-15 10:30:00+00:00,30,12,10,,,0,0,0,0,0,0,0,0,0,0,0,0,0,0,0,0,0,0,0,0,0,0,0,0,0
2007-12-15 10:45:00+00:00,30,12,10,,,0,0,0,0,0,0,0,0,0,0,0,0,0,0,0,0,0,0,0,0,0,0,0,0,0
2007-12-15 10:45:00+00:00,30,12,10,,,0,0,0,0,0,0,0,0,0,0,0,0,0,0,0,0,0,0,0,0,0,0,0,0,0
2007-12-15 10:45:00+00:00,30,12,10,149.3738555908203,76.77517700195312,0,0,0,0,0,0,0,0,0,0,0,1,1,1,1,1,1,0,0,0,0,0,0,0,0
2007-12-15 10:45:00+00:00,30,12,10,53.077388763427734,41.44944381713867,0,0,0,0,0,0,0,1,1,1,1,1,1,1,1,1,1,0,0,0,0,0,0,1,1
2007-12-15 10:45:00+00:00,30,12,10,183.77041625976562,178.18496704101562,0,0,0,0,0,0,0,0,0,0,0,0,0,1,1,1,1,0,0,0,0,0,0,0,0
2007-12-15 10:45:00+00:00,30,12,10,89.77792358398438,120.6001205444336,0,0,0,0,0,0,0,0,0,1,1,1,1,1,1,1,1,0,0,0,0,0,0,0,0
2007-12-15 10:45:00+00:00,30,12,10,,,0,0,0,0,0,0,0,0,0,0,0,0,0,0,0,0,0,0,0,0,0,0,0,0,0
2007-12-15 10:45:00+00:00,30,12,10,,329.8642272949219,0,0,0,0,0,0,0,0,0,0,0,0,0,0,0,0,0,0,0,0,0,0,0,0,0
2007-12-15 10:45:00+00:00,30,12,10,369.9548034667969,226.61672973632812,0,0,0,0,0,0,0,0,0,0,0,0,0,0,0,0,0,0,0,0,0,0,0,0,0
2007-12-15 10:45:00+00:00,30,12,10,480.8880615234375,284.4551696777344,0,0,0,0,0,0,0,0,0,0,0,0,0,0,0,0,0,0,0,0,0,0,0,0,0
2007-12-15 10:45:00+00:00,30,12,10,429.7821960449219,231.87588500976562,0,0,0,0,0,0,0,0,0,0,0,0,0,0,0,0,0,0,0,0,0,0,0,0,0
2007-12-15 10:45:00+00:00,30,12,10,249.19699096679688,254.17579650878906,0,0,0,0,0,0,0,0,0,0,0,0,0,0,1,1,1,0,0,0,0,0,0,0,0
2007-12-15 10:45:00+00:00,30,12,10,,342.2085266113281,0,0,0,0,0,0,0,0,0,0,0,0,0,0,0,0,0,0,0,0,0,0,0,0,0
2007-12-15 10:45:00+00:00,30,12,10,,,0,0,0,0,0,0,0,0,0,0,0,0,0,0,0,0,0,0,0,0,0,0,0,0,0
2007-12-15 11:00:00+00:00,30,12,11,,,0,0,0,0,0,0,0,0,0,0,0,0,0,0,0,0,0,0,0,0,0,0,0,0,0
2007-12-15 11:00:00+00:00,30,12,11,,256.90625,0,0,0,0,0,0,0,0,0,0,0,0,0,0,0,0,0,0,0,0,0,0,0,0,0
2007-12-15 11:00:00+00:00,30,12,11,,184.50733947753906,0,0,0,0,0,0,0,0,0,0,0,0,0,0,0,0,0,0,0,0,0,0,0,0,0
2007-12-15 11:00:00+00:00,30,12,11,,74.07132720947266,0,0,0,0,0,0,0,0,0,0,0,0,0,0,0,0,0,0,0,0,0,0,0,0,0
2007-12-15 11:00:00+00:00,30,12,11,48.88762283325195,46.21760177612305,0,0,0,0,0,0,1,1,1,1,1,1,1,1,1,1,1,0,0,0,0,0,0,1,1
2007-12-15 11:00:00+00:00,30,12,11,206.63250732421875,216.44322204589844,0,0,0,0,0,0,0,0,0,0,0,0,0,0,1,1,1,0,0,0,0,0,0,0,0
2007-12-15 11:00:00+00:00,30,12,11,410.572998046875,412.99176025390625,0,0,0,0,0,0,0,0,0,0,0,0,0,0,0,0,0,0,0,0,0,0,0,0,0
2007-12-15 11:00:00+00:00,30,12,11,209.69522094726562,247.1055908203125,0,0,0,0,0,0,0,0,0,0,0,0,0,0,1,1,1,0,0,0,0,0,0,0,0
2007-12-15 11:00:00+00:00,30,12,11,253.64608764648438,289.34552001953125,0,0,0,0,0,0,0,0,0,0,0,0,0,0,0,1,1,0,0,0,0,0,0,0,0
2007-12-15 11:00:00+00:00,30,12,11,250.50387573242188,288.54107666015625,0,0,0,0,0,0,0,0,0,0,0,0,0,0,0,1,1,0,0,0,0,0,0,0,0
2007-12-15 11:00:00+00:00,30,12,11,374.5708923339844,326.89630126953125,0,0,0,0,0,0,0,0,0,0,0,0,0,0,0,0,0,0,0,0,0,0,0,0,0
2007-12-15 11:00:00+00:00,30,12,11,409.3858642578125,362.4530944824219,0,0,0,0,0,0,0,0,0,0,0,0,0,0,0,0,0,0,0,0,0,0,0,0,0
2007-12-15 11:00:00+00:00,30,12,11,319.1983642578125,119.83794403076172,0,0,0,0,0,0,0,0,0,0,0,0,0,0,0,0,1,0,0,0,0,0,0,0,0
2007-12-15 11:15:00+00:00,30,12,11,184.21864318847656,285.3406677246094,0,0,0,0,0,0,0,0,0,0,0,0,0,1,1,1,1,0,0,0,0,0,0,0,0
2007-12-15 11:15:00+00:00,30,12,11,,,0,0,0,0,0,0,0,0,0,0,0,0,0,0,0,0,0,0,0,0,0,0,0,0,0
2007-12-15 11:15:00+00:00,30,12,11,45.4686393737793,32.51502227783203,0,0,0,0,0,0,1,1,1,1,1,1,1,1,1,1,1,0,0,0,0,0,1,1,1
2007-12-15 11:15:00+00:00,30,12,11,317.3419189453125,200.58596801757812,0,0,0,0,0,0,0,0,0,0,0,0,0,0,0,0,1,0,0,0,0,0,0,0,0
2007-12-15 11:15:00+00:00,30,12,11,393.2964172363281,378.1270446777344,0,0,0,0,0,0,0,0,0,0,0,0,0,0,0,0,0,0,0,0,0,0,0,0,0
2007-12-15 11:15:00+00:00,30,12,11,,,0,0,0,0,0,0,0,0,0,0,0,0,0,0,0,0,0,0,0,0,0,0,0,0,0
2007-12-15 11:15:00+00:00,30,12,11,229.1222381591797,127.64543151855469,0,0,0,0,0,0,0,0,0,0,0,0,0,0,1,1,1,0,0,0,0,0,0,0,0
2007-12-15 11:15:00+00:00,30,12,11,111.00044250488281,12.27829360961914,0,0,0,0,0,0,0,0,0,0,1,1,1,1,1,1,1,0,1,1,1,1,1,1,1
2007-12-15 11:30:00+00:00,30,12,11,349.79034423828125,421.59466552734375,0,0,0,0,0,0,0,0,0,0,0,0,0,0,0,0,1,0,0,0,0,0,0,0,0
2007-12-15 11:30:00+00:00,30,12,11,257.20892333984375,158.9385223388672,0,0,0,0,0,0,0,0,0,0,0,0,0,0,0,1,1,0,0,0,0,0,0,0,0
2007-12-15 11:30:00+00:00,30,12,11,286.42730712890625,314.004638671875,0,0,0,0,0,0,0,0,0,0,0,0,0,0,0,1,1,0,0,0,0,0,0,0,0
2007-12-15 11:30:00+00:00,30,12,11,328.5668029785156,125.05364227294922,0,0,0,0,0,0,0,0,0,0,0,0,0,0,0,0,1,0,0,0,0,0,0,0,0
2007-12-15 11:30:00+00:00,30,12,11,161.9915313720703,140.29473876953125,0,0,0,0,0,0,0,0,0,0,0,0,1,1,1,1,1,0,0,0,0,0,0,0,0
2007-12-15 11:30:00+00:00,30,12,11,,79.65706634521484,0,0,0,0,0,0,0,0,0,0,0,0,0,0,0,0,0,0,0,0,0,0,0,0,0
2007-12-15 11:30:00+00:00,30,12,11,,262.0611267089844,0,0,0,0,0,0,0,0,0,0,0,0,0,0,0,0,0,0,0,0,0,0,0,0,0
2007-12-15 11:30:00+00:00,30,12,11,123.0946044921875,177.02267456054688,0,0,0,0,0,0,0,0,0,0,0,1,1,1,1,1,1,0,0,0,0,0,0,0,0
2007-12-15 11:30:00+00:00,30,12,11,342.88958740234375,345.967529296875,0,0,0,0,0,0,0,0,0,0,0,0,0,0,0,0,1,0,0,0,0,0,0,0,0
2007-12-15 11:30:00+00:00,30,12,11,,,0,0,0,0,0,0,0,0,0,0,0,0,0,0,0,0,0,0,0,0,0,0,0,0,0
2007-12-15 11:30:00+00:00,30,12,11,,,0,0,0,0,0,0,0,0,0,0,0,0,0,0,0,0,0,0,0,0,0,0,0,0,0
2007-12-15 11:45:00+00:00,30,12,11,152.64535522460938,106.5564956665039,0,0,0,0,0,0,0,0,0,0,0,0,1,1,1,1,1,0,0,0,0,0,0,0,0
2007-12-15 11:45:00+00:00,30,12,11,169.92013549804688,148.26272583007812,0,0,0,0,0,0,0,0,0,0,0,0,1,1,1,1,1,0,0,0,0,0,0,0,0
2007-12-15 11:45:00+00:00,30,12,11,180.36709594726562,181.25009155273438,0,0,0,0,0,0,0,0,0,0,0,0,0,1,1,1,1,0,0,0,0,0,0,0,0
2007-12-15 11:45:00+00:00,30,12,11,148.25350952148438,149.31704711914062,0,0,0,0,0,0,0,0,0,0,0,1,1,1,1,1,1,0,0,0,0,0,0,0,0
2007-12-15 11:45:00+00:00,30,12,11,227.86087036132812,230.45233154296875,0,0,0,0,0,0,0,0,0,0,0,0,0,0,1,1,1,0,0,0,0,0,0,0,0
2007-12-15 11:45:00+00:00,30,12,11,459.80126953125,143.89736938476562,0,0,0,0,0,0,0,0,0,0,0,0,0,0,0,0,0,0,0,0,0,0,0,0,0
2007-12-15 11:45:00+00:00,30,12,11,131.6886444091797,87.43805694580078,0,0,0,0,0,0,0,0,0,0,0,1,1,1,1,1,1,0,0,0,0,0,0,0,0
2007-12-15 11:45:00+00:00,30,12,11,,22.063819885253906,0,0,0,0,0,0,0,0,0,0,0,0,0,0,0,0,0,0,0,0,1,1,1,1,1
2007-12-15 11:45:00+00:00,30,12,11,,62.56533432006836,0,0,0,0,0,0,0,0,0,0,0,0,0,0,0,0,0,0,0,0,0,0,0,0,0
2007-12-15 11:45:00+00:00,30,12,11,78.38838958740234,56.800167083740234,0,0,0,0,0,0,0,0,1,1,1,1,1,1,1,1,1,0,0,0,0,0,0,0,1
2007-12-15 11:45:00+00:00,30,12,11,94.78087615966797,75.15901947021484,0,0,0,0,0,0,0,0,0,1,1,1,1,1,1,1,1,0,0,0,0,0,0,0,0
2007-12-15 11:45:00+00:00,30,12,11,,181.68673706054688,0,0,0,0,0,0,0,0,0,0,0,0,0,0,0,0,0,0,0,0,0,0,0,0,0
2007-12-15 11:45:00+00:00,30,12,11,,141.85704040527344,0,0,0,0,0,0,0,0,0,0,0,0,0,0,0,0,0,0,0,0,0,0,0,0,0
2007-12-15 11:45:00+00:00,30,12,11,,168.00448608398438,0,0,0,0,0,0,0,0,0,0,0,0,0,0,0,0,0,0,0,0,0,0,0,0,0
2007-12-15 12:00:00+00:00,30,12,12,379.2696838378906,,0,0,0,0,0,0,0,0,0,0,0,0,0,0,0,0,0,0,0,0,0,0,0,0,0
2007-12-15 12:00:00+00:00,30,12,12,,,0,0,0,0,0,0,0,0,0,0,0,0,0,0,0,0,0,0,0,0,0,0,0,0,0
2007-12-15 12:00:00+00:00,30,12,12,107.79459381103516,121.2294692993164,0,0,0,0,0,0,0,0,0,0,1,1,1,1,1,1,1,0,0,0,0,0,0,0,0
2007-12-15 12:00:00+00:00,30,12,12,56.83161544799805,54.55336380004883,0,0,0,0,0,0,0,1,1,1,1,1,1,1,1,1,1,0,0,0,0,0,0,0,1
2007-12-15 12:00:00+00:00,30,12,12,81.65525817871094,75.3527603149414,0,0,0,0,0,0,0,0,0,1,1,1,1,1,1,1,1,0,0,0,0,0,0,0,0
2007-12-15 12:00:00+00:00,30,12,12,332.86419677734375,167.78533935546875,0,0,0,0,0,0,0,0,0,0,0,0,0,0,0,0,1,0,0,0,0,0,0,0,0
2007-12-15 12:00:00+00:00,30,12,12,137.74484252929688,107.70600891113281,0,0,0,0,0,0,0,0,0,0,0,1,1,1,1,1,1,0,0,0,0,0,0,0,0
2007-12-15 12:00:00+00:00,30,12,12,130.95645141601562,138.64102172851562,0,0,0,0,0,0,0,0,0,0,0,1,1,1,1,1,1,0,0,0,0,0,0,0,0
2007-12-15 12:00:00+00:00,30,12,12,168.40316772460938,183.3326416015625,0,0,0,0,0,0,0,0,0,0,0,0,1,1,1,1,1,0,0,0,0,0,0,0,0
2007-12-15 12:00:00+00:00,30,12,12,,,0,0,0,0,0,0,0,0,0,0,0,0,0,0,0,0,0,0,0,0,0,0,0,0,0
2007-12-15 12:00:00+00:00,30,12,12,196.89459228515625,175.5560302734375,0,0,0,0,0,0,0,0,0,0,0,0,0,1,1,1,1,0,0,0,0,0,0,0,0
2007-12-15 12:00:00+00:00,30,12,12,257.8948974609375,236.67124938964844,0,0,0,0,0,0,0,0,0,0,0,0,0,0,0,1,1,0,0,0,0,0,0,0,0
2007-12-15 12:00:00+00:00,30,12,12,248.1514434814453,244.8069305419922,0,0,0,0,0,0,0,0,0,0,0,0,0,0,1,1,1,0,0,0,0,0,0,0,0
2007-12-15 12:00:00+00:00,30,12,12,273.2588806152344,247.07041931152344,0,0,0,0,0,0,0,0,0,0,0,0,0,0,0,1,1,0,0,0,0,0,0,0,0
2007-12-15 12:00:00+00:00,30,12,12,,294.1600646972656,0,0,0,0,0,0,0,0,0,0,0,0,0,0,0,0,0,0,0,0,0,0,0,0,0
2007-12-15 12:00:00+00:00,30,12,12,,380.12628173828125,0,0,0,0,0,0,0,0,0,0,0,0,0,0,0,0,0,0,0,0,0,0,0,0,0
2007-12-15 12:00:00+00:00,30,12,12,,,0,0,0,0,0,0,0,0,0,0,0,0,0,0,0,0,0,0,0,0,0,0,0,0,0
2007-12-15 12:00:00+00:00,30,12,12,,,0,0,0,0,0,0,0,0,0,0,0,0,0,0,0,0,0,0,0,0,0,0,0,0,0
2007-12-15 12:15:00+00:00,30,12,12,429.5328674316406,,0,0,0,0,0,0,0,0,0,0,0,0,0,0,0,0,0,0,0,0,0,0,0,0,0
2007-12-15 12:15:00+00:00,30,12,12,175.83248901367188,,0,0,0,0,0,0,0,0,0,0,0,0,1,1,1,1,1,0,0,0,0,0,0,0,0
2007-12-15 12:15:00+00:00,30,12,12,210.50924682617188,224.21575927734375,0,0,0,0,0,0,0,0,0,0,0,0,0,0,1,1,1,0,0,0,0,0,0,0,0
2007-12-15 12:15:00+00:00,30,12,12,197.46571350097656,187.7434844970703,0,0,0,0,0,0,0,0,0,0,0,0,0,1,1,1,1,0,0,0,0,0,0,0,0
2007-12-15 12:15:00+00:00,30,12,12,82.44957733154297,71.7426986694336,0,0,0,0,0,0,0,0,0,1,1,1,1,1,1,1,1,0,0,0,0,0,0,0,0
2007-12-15 12:15:00+00:00,30,12,12,286.9183349609375,194.1708221435547,0,0,0,0,0,0,0,0,0,0,0,0,0,0,0,1,1,0,0,0,0,0,0,0,0
2007-12-15 12:15:00+00:00,30,12,12,94.71353149414062,86.5956802368164,0,0,0,0,0,0,0,0,0,1,1,1,1,1,1,1,1,0,0,0,0,0,0,0,0
2007-12-15 12:15:00+00:00,30,12,12,228.4217529296875,217.6963653564453,0,0,0,0,0,0,0,0,0,0,0,0,0,0,1,1,1,0,0,0,0,0,0,0,0
2007-12-15 12:15:00+00:00,30,12,12,,,0,0,0,0,0,0,0,0,0,0,0,0,0,0,0,0,0,0,0,0,0,0,0,0,0
2007-12-15 12:15:00+00:00,30,12,12,50.61839294433594,141.58660888671875,0,0,0,0,0,0,0,1,1,1,1,1,1,1,1,1,1,0,0,0,0,0,0,0,0
2007-12-15 12:15:00+00:00,30,12,12,172.85858154296875,29.26384735107422,0,0,0,0,0,0,0,0,0,0,0,0,1,1,1,1,1,0,0,0,0,1,1,1,1
2007-12-15 12:15:00+00:00,30,12,12,133.1497344970703,79.91083526611328,0,0,0,0,0,0,0,0,0,0,0,1,1,1,1,1,1,0,0,0,0,0,0,0,0
2007-12-15 12:15:00+00:00,30,12,12,157.43212890625,383.50140380859375,0,0,0,0,0,0,0,0,0,0,0,0,1,1,1,1,1,0,0,0,0,0,0,0,0
2007-12-15 12:15:00+00:00,30,12,12,,,0,0,0,0,0,0,0,0,0,0,0,0,0,0,0,0,0,0,0,0,0,0,0,0,0
2007-12-15 12:30:00+00:00,30,12,12,,,0,0,0,0,0,0,0,0,0,0,0,0,0,0,0,0,0,0,0,0,0,0,0,0,0
2007-12-15 12:30:00+00:00,30,12,12,,,0,0,0,0,0,0,0,0,0,0,0,0,0,0,0,0,0,0,0,0,0,0,0,0,0
2007-12-15 12:30:00+00:00,30,12,12,100.03276824951172,106.99874114990234,0,0,0,0,0,0,0,0,0,0,1,1,1,1,1,1,1,0,0,0,0,0,0,0,0
2007-12-15 12:30:00+00:00,30,12,12,163.44366455078125,8.231513023376465,0,0,0,0,0,0,0,0,0,0,0,0,1,1,1,1,1,1,1,1,1,1,1,1,1
2007-12-15 12:30:00+00:00,30,12,12,83.01862335205078,101.6765365600586,0,0,0,0,0,0,0,0,0,1,1,1,1,1,1,1,1,0,0,0,0,0,0,0,0
2007-12-15 12:30:00+00:00,30,12,12,385.819580078125,378.3342590332031,0,0,0,0,0,0,0,0,0,0,0,0,0,0,0,0,0,0,0,0,0,0,0,0,0
2007-12-15 12:30:00+00:00,30,12,12,257.71087646484375,286.471923828125,0,0,0,0,0,0,0,0,0,0,0,0,0,0,0,1,1,0,0,0,0,0,0,0,0
2007-12-15 12:30:00+00:00,30,12,12,55.54936599731445,29.12567710876465,0,0,0,0,0,0,0,1,1,1,1,1,1,1,1,1,1,0,0,0,0,1,1,1,1
2007-12-15 12:30:00+00:00,30,12,12,181.1646728515625,161.25592041015625,0,0,0,0,0,0,0,0,0,0,0,0,0,1,1,1,1,0,0,0,0,0,0,0,0
2007-12-15 12:30:00+00:00,30,12,12,410.893310546875,154.52362060546875,0,0,0,0,0,0,0,0,0,0,0,0,0,0,0,0,0,0,0,0,0,0,0,0,0
2007-12-15 12:30:00+00:00,30,12,12,,,0,0,0,0,0,0,0,0,0,0,0,0,0,0,0,0,0,0,0,0,0,0,0,0,0
2007-12-15 12:45:00+00:00,30,12,12,,,0,0,0,0,0,0,0,0,0,0,0,0,0,0,0,0,0,0,0,0,0,0,0,0,0
2007-12-15 12:45:00+00:00,30,12,12,,,0,0,0,0,0,0,0,0,0,0,0,0,0,0,0,0,0,0,0,0,0,0,0,0,0
2007-12-15 12:45:00+00:00,30,12,12,,,0,0,0,0,0,0,0,0,0,0,0,0,0,0,0,0,0,0,0,0,0,0,0,0,0
2007-12-15 12:45:00+00:00,30,12,12,,,0,0,0,0,0,0,0,0,0,0,0,0,0,0,0,0,0,0,0,0,0,0,0,0,0
2007-12-15 12:45:00+00:00,30,12,12,,,0,0,0,0,0,0,0,0,0,0,0,0,0,0,0,0,0,0,0,0,0,0,0,0,0
2007-12-15 12:45:00+00:00,30,12,12,109.21560668945312,115.66830444335938,0,0,0,0,0,0,0,0,0,0,1,1,1,1,1,1,1,0,0,0,0,0,0,0,0
2007-12-15 12:45:00+00:00,30,12,12,125.43892669677734,132.89938354492188,0,0,0,0,0,0,0,0,0,0,0,1,1,1,1,1,1,0,0,0,0,0,0,0,0
2007-12-15 12:45:00+00:00,30,12,12,52.4185791015625,53.263389587402344,0,0,0,0,0,0,0,1,1,1,1,1,1,1,1,1,1,0,0,0,0,0,0,0,1
2007-12-15 12:45:00+00:00,30,12,12,186.998291015625,183.52105712890625,0,0,0,0,0,0,0,0,0,0,0,0,0,1,1,1,1,0,0,0,0,0,0,0,0
2007-12-15 12:45:00+00:00,30,12,12,59.6132926940918,0.0,0,0,0,0,0,0,0,1,1,1,1,1,1,1,1,1,1,1,1,1,1,1,1,1,1
2007-12-15 12:45:00+00:00,30,12,12,377.57342529296875,367.6980895996094,0,0,0,0,0,0,0,0,0,0,0,0,0,0,0,0,0,0,0,0,0,0,0,0,0
2007-12-15 12:45:00+00:00,30,12,12,170.33944702148438,197.22999572753906,0,0,0,0,0,0,0,0,0,0,0,0,1,1,1,1,1,0,0,0,0,0,0,0,0
2007-12-15 12:45:00+00:00,30,12,12,162.64849853515625,104.64908599853516,0,0,0,0,0,0,0,0,0,0,0,0,1,1,1,1,1,0,0,0,0,0,0,0,0
2007-12-15 12:45:00+00:00,30,12,12,244.8766326904297,289.35693359375,0,0,0,0,0,0,0,0,0,0,0,0,0,0,1,1,1,0,0,0,0,0,0,0,0
2007-12-15 12:45:00+00:00,30,12,12,234.900634765625,255.92408752441406,0,0,0,0,0,0,0,0,0,0,0,0,0,0,1,1,1,0,0,0,0,0,0,0,0
2007-12-15 12:45:00+00:00,30,12,12,,340.59228515625,0,0,0,0,0,0,0,0,0,0,0,0,0,0,0,0,0,0,0,0,0,0,0,0,0
2007-12-15 12:45:00+00:00,30,12,12,,,0,0,0,0,0,0,0,0,0,0,0,0,0,0,0,0,0,0,0,0,0,0,0,0,0
2007-12-15 13:00:00+00:00,30,12,13,,471.6280822753906,0,0,0,0,0,0,0,0,0,0,0,0,0,0,0,0,0,0,0,0,0,0,0,0,0
2007-12-15 13:00:00+00:00,30,12,13,153.26385498046875,133.24212646484375,0,0,0,0,0,0,0,0,0,0,0,0,1,1,1,1,1,0,0,0,0,0,0,0,0
2007-12-15 13:00:00+00:00,30,12,13,245.11294555664062,243.01397705078125,0,0,0,0,0,0,0,0,0,0,0,0,0,0,1,1,1,0,0,0,0,0,0,0,0
2007-12-15 13:00:00+00:00,30,12,13,341.21136474609375,332.91204833984375,0,0,0,0,0,0,0,0,0,0,0,0,0,0,0,0,1,0,0,0,0,0,0,0,0
2007-12-15 13:00:00+00:00,30,12,13,,469.738525390625,0,0,0,0,0,0,0,0,0,0,0,0,0,0,0,0,0,0,0,0,0,0,0,0,0
2007-12-15 13:00:00+00:00,30,12,13,128.68788146972656,,0,0,0,0,0,0,0,0,0,0,0,1,1,1,1,1,1,0,0,0,0,0,0,0,0
2007-12-15 13:00:00+00:00,30,12,13,159.99185180664062,319.9300231933594,0,0,0,0,0,0,0,0,0,0,0,0,1,1,1,1,1,0,0,0,0,0,0,0,0
2007-12-15 13:00:00+00:00,30,12,13,74.18125915527344,54.23647689819336,0,0,0,0,0,0,0,0,1,1,1,1,1,1,1,1,1,0,0,0,0,0,0,0,1
2007-12-15 13:00:00+00:00,30,12,13,186.080322265625,117.13538360595703,0,0,0,0,0,0,0,0,0,0,0,0,0,1,1,1,1,0,0,0,0,0,0,0,0
2007-12-15 13:00:00+00:00,30,12,13,338.9795837402344,340.50823974609375,0,0,0,0,0,0,0,0,0,0,0,0,0,0,0,0,1,0,0,0,0,0,0,0,0
2007-12-15 13:00:00+00:00,30,12,13,200.6201934814453,195.92990112304688,0,0,0,0,0,0,0,0,0,0,0,0,0,0,1,1,1,0,0,0,0,0,0,0,0
2007-12-15 13:00:00+00:00,30,12,13,,,0,0,0,0,0,0,0,0,0,0,0,0,0,0,0,0,0,0,0,0,0,0,0,0,0
2007-12-15 13:00:00+00:00,30,12,13,,,0,0,0,0,0,0,0,0,0,0,0,0,0,0,0,0,0,0,0,0,0,0,0,0,0
2007-12-15 13:00:00+00:00,30,12,13,,,0,0,0,0,0,0,0,0,0,0,0,0,0,0,0,0,0,0,0,0,0,0,0,0,0
2007-12-15 13:00:00+00:00,30,12,13,,,0,0,0,0,0,0,0,0,0,0,0,0,0,0,0,0,0,0,0,0,0,0,0,0,0
2007-12-15 13:15:00+00:00,30,12,13,,143.5438690185547,0,0,0,0,0,0,0,0,0,0,0,0,0,0,0,0,0,0,0,0,0,0,0,0,0
2007-12-15 13:15:00+00:00,30,12,13,260.245361328125,373.29620361328125,0,0,0,0,0,0,0,0,0,0,0,0,0,0,0,1,1,0,0,0,0,0,0,0,0
2007-12-15 13:15:00+00:00,30,12,13,142.45654296875,315.989501953125,0,0,0,0,0,0,0,0,0,0,0,1,1,1,1,1,1,0,0,0,0,0,0,0,0
2007-12-15 13:15:00+00:00,30,12,13,335.21966552734375,0.0,0,0,0,0,0,0,0,0,0,0,0,0,0,0,0,0,1,1,1,1,1,1,1,1,1
2007-12-15 13:15:00+00:00,30,12,13,197.00885009765625,210.9610595703125,0,0,0,0,0,0,0,0,0,0,0,0,0,1,1,1,1,0,0,0,0,0,0,0,0
2007-12-15 13:15:00+00:00,30,12,13,121.4291763305664,167.06275939941406,0,0,0,0,0,0,0,0,0,0,0,1,1,1,1,1,1,0,0,0,0,0,0,0,0
2007-12-15 13:15:00+00:00,30,12,13,80.28751373291016,64.89592742919922,0,0,0,0,0,0,0,0,0,1,1,1,1,1,1,1,1,0,0,0,0,0,0,0,0
2007-12-15 13:15:00+00:00,30,12,13,,,0,0,0,0,0,0,0,0,0,0,0,0,0,0,0,0,0,0,0,0,0,0,0,0,0
2007-12-15 13:30:00+00:00,30,12,13,,,0,0,0,0,0,0,0,0,0,0,0,0,0,0,0,0,0,0,0,0,0,0,0,0,0
2007-12-15 13:30:00+00:00,30,12,13,62.92723846435547,65.67277526855469,0,0,0,0,0,0,0,0,1,1,1,1,1,1,1,1,1,0,0,0,0,0,0,0,0
2007-12-15 13:30:00+00:00,30,12,13,35.0251350402832,27.94908905029297,0,0,0,0,0,1,1,1,1,1,1,1,1,1,1,1,1,0,0,0,0,1,1,1,1
2007-12-15 13:30:00+00:00,30,12,13,208.3880157470703,144.46273803710938,0,0,0,0,0,0,0,0,0,0,0,0,0,0,1,1,1,0,0,0,0,0,0,0,0
2007-12-15 13:30:00+00:00,30,12,13,222.78501892089844,48.722469329833984,0,0,0,0,0,0,0,0,0,0,0,0,0,0,1,1,1,0,0,0,0,0,0,1,1
2007-12-15 13:30:00+00:00,30,12,13,73.5373764038086,53.96288299560547,0,0,0,0,0,0,0,0,1,1,1,1,1,1,1,1,1,0,0,0,0,0,0,0,1
2007-12-15 13:30:00+00:00,30,12,13,275.2272644042969,220.8842315673828,0,0,0,0,0,0,0,0,0,0,0,0,0,0,0,1,1,0,0,0,0,0,0,0,0
2007-12-15 13:30:00+00:00,30,12,13,58.21827697753906,15.373181343078613,0,0,0,0,0,0,0,1,1,1,1,1,1,1,1,1,1,0,0,1,1,1,1,1,1
2007-12-15 13:30:00+00:00,30,12,13,277.8480529785156,250.2770233154297,0,0,0,0,0,0,0,0,0,0,0,0,0,0,0,1,1,0,0,0,0,0,0,0,0
2007-12-15 13:30:00+00:00,30,12,13,190.08154296875,138.30950927734375,0,0,0,0,0,0,0,0,0,0,0,0,0,1,1,1,1,0,0,0,0,0,0,0,0
2007-12-15 13:30:00+00:00,30,12,13,,90.69053649902344,0,0,0,0,0,0,0,0,0,0,0,0,0,0,0,0,0,0,0,0,0,0,0,0,0
2007-12-15 13:30:00+00:00,30,12,13,244.91351318359375,238.2760467529297,0,0,0,0,0,0,0,0,0,0,0,0,0,0,1,1,1,0,0,0,0,0,0,0,0
2007-12-15 13:30:00+00:00,30,12,13,,,0,0,0,0,0,0,0,0,0,0,0,0,0,0,0,0,0,0,0,0,0,0,0,0,0
2007-12-15 13:45:00+00:00,30,12,13,67.4380874633789,45.68341827392578,0,0,0,0,0,0,0,0,1,1,1,1,1,1,1,1,1,0,0,0,0,0,0,1,1
2007-12-15 13:45:00+00:00,30,12,13,149.20782470703125,91.1177978515625,0,0,0,0,0,0,0,0,0,0,0,1,1,1,1,1,1,0,0,0,0,0,0,0,0
2007-12-15 13:45:00+00:00,30,12,13,89.39886474609375,94.74137115478516,0,0,0,0,0,0,0,0,0,1,1,1,1,1,1,1,1,0,0,0,0,0,0,0,0
2007-12-15 13:45:00+00:00,30,12,13,65.33059692382812,51.80780029296875,0,0,0,0,0,0,0,0,1,1,1,1,1,1,1,1,1,0,0,0,0,0,0,0,1
2007-12-15 13:45:00+00:00,30,12,13,121.12367248535156,134.3788299560547,0,0,0,0,0,0,0,0,0,0,0,1,1,1,1,1,1,0,0,0,0,0,0,0,0
2007-12-15 13:45:00+00:00,30,12,13,196.14950561523438,199.9088897705078,0,0,0,0,0,0,0,0,0,0,0,0,0,1,1,1,1,0,0,0,0,0,0,0,0
2007-12-15 13:45:00+00:00,30,12,13,311.9100036621094,49.90224838256836,0,0,0,0,0,0,0,0,0,0,0,0,0,0,0,0,1,0,0,0,0,0,0,1,1
2007-12-15 13:45:00+00:00,30,12,13,321.51617431640625,6.290088176727295,0,0,0,0,0,0,0,0,0,0,0,0,0,0,0,0,1,1,1,1,1,1,1,1,1
2007-12-15 13:45:00+00:00,30,12,13,202.30091857910156,216.52377319335938,0,0,0,0,0,0,0,0,0,0,0,0,0,0,1,1,1,0,0,0,0,0,0,0,0
2007-12-15 13:45:00+00:00,30,12,13,45.989906311035156,87.31666564941406,0,0,0,0,0,0,1,1,1,1,1,1,1,1,1,1,1,0,0,0,0,0,0,0,0
2007-12-15 13:45:00+00:00,30,12,13,,,0,0,0,0,0,0,0,0,0,0,0,0,0,0,0,0,0,0,0,0,0,0,0,0,0
2007-12-15 14:00:00+00:00,30,12,14,292.65576171875,337.49713134765625,0,0,0,0,0,0,0,0,0,0,0,0,0,0,0,1,1,0,0,0,0,0,0,0,0
2007-12-15 14:00:00+00:00,30,12,14,63.89346694946289,44.14715576171875,0,0,0,0,0,0,0,0,1,1,1,1,1,1,1,1,1,0,0,0,0,0,0,1,1
2007-12-15 14:00:00+00:00,30,12,14,181.63621520996094,293.9717102050781,0,0,0,0,0,0,0,0,0,0,0,0,0,1,1,1,1,0,0,0,0,0,0,0,0
2007-12-15 14:00:00+00:00,30,12,14,152.54811096191406,181.3855743408203,0,0,0,0,0,0,0,0,0,0,0,0,1,1,1,1,1,0,0,0,0,0,0,0,0
2007-12-15 14:00:00+00:00,30,12,14,80.32889556884766,80.86359405517578,0,0,0,0,0,0,0,0,0,1,1,1,1,1,1,1,1,0,0,0,0,0,0,0,0
2007-12-15 14:00:00+00:00,30,12,14,229.138916015625,264.904052734375,0,0,0,0,0,0,0,0,0,0,0,0,0,0,1,1,1,0,0,0,0,0,0,0,0
2007-12-15 14:00:00+00:00,30,12,14,134.44338989257812,127.92302703857422,0,0,0,0,0,0,0,0,0,0,0,1,1,1,1,1,1,0,0,0,0,0,0,0,0
2007-12-15 14:00:00+00:00,30,12,14,349.73004150390625,327.0523376464844,0,0,0,0,0,0,0,0,0,0,0,0,0,0,0,0,1,0,0,0,0,0,0,0,0
2007-12-15 14:00:00+00:00,30,12,14,99.58582305908203,92.52847290039062,0,0,0,0,0,0,0,0,0,1,1,1,1,1,1,1,1,0,0,0,0,0,0,0,0
2007-12-15 14:00:00+00:00,30,12,14,107.75818634033203,168.77813720703125,0,0,0,0,0,0,0,0,0,0,1,1,1,1,1,1,1,0,0,0,0,0,0,0,0
2007-12-15 14:00:00+00:00,30,12,14,,,0,0,0,0,0,0,0,0,0,0,0,0,0,0,0,0,0,0,0,0,0,0,0,0,0
2007-12-15 14:15:00+00:00,30,12,14,333.87701416015625,54.7742919921875,0,0,0,0,0,0,0,0,0,0,0,0,0,0,0,0,1,0,0,0,0,0,0,0,1
2007-12-15 14:15:00+00:00,30,12,14,179.0400848388672,234.39797973632812,0,0,0,0,0,0,0,0,0,0,0,0,1,1,1,1,1,0,0,0,0,0,0,0,0
2007-12-15 14:15:00+00:00,30,12,14,126.3792724609375,114.24824523925781,0,0,0,0,0,0,0,0,0,0,0,1,1,1,1,1,1,0,0,0,0,0,0,0,0
2007-12-15 14:15:00+00:00,30,12,14,123.32005310058594,110.50328826904297,0,0,0,0,0,0,0,0,0,0,0,1,1,1,1,1,1,0,0,0,0,0,0,0,0
2007-12-15 14:15:00+00:00,30,12,14,120.59480285644531,137.17242431640625,0,0,0,0,0,0,0,0,0,0,0,1,1,1,1,1,1,0,0,0,0,0,0,0,0
2007-12-15 14:15:00+00:00,30,12,14,148.15609741210938,11.53054141998291,0,0,0,0,0,0,0,0,0,0,0,1,1,1,1,1,1,0,1,1,1,1,1,1,1
2007-12-15 14:15:00+00:00,30,12,14,151.99667358398438,136.82568359375,0,0,0,0,0,0,0,0,0,0,0,0,1,1,1,1,1,0,0,0,0,0,0,0,0
2007-12-15 14:15:00+00:00,30,12,14,179.9362030029297,164.91366577148438,0,0,0,0,0,0,0,0,0,0,0,0,1,1,1,1,1,0,0,0,0,0,0,0,0
2007-12-15 14:15:00+00:00,30,12,14,135.57916259765625,136.0448760986328,0,0,0,0,0,0,0,0,0,0,0,1,1,1,1,1,1,0,0,0,0,0,0,0,0
2007-12-15 14:15:00+00:00,30,12,14,128.96286010742188,138.27760314941406,0,0,0,0,0,0,0,0,0,0,0,1,1,1,1,1,1,0,0,0,0,0,0,0,0
2007-12-15 14:15:00+00:00,30,12,14,118.91387939453125,0.0,0,0,0,0,0,0,0,0,0,0,1,1,1,1,1,1,1,1,1,1,1,1,1,1,1
2007-12-15 14:15:00+00:00,30,12,14,133.4779815673828,129.14999389648438,0,0,0,0,0,0,0,0,0,0,0,1,1,1,1,1,1,0,0,0,0,0,0,0,0
2007-12-15 14:15:00+00:00,30,12,14,212.1146240234375,207.97242736816406,0,0,0,0,0,0,0,0,0,0,0,0,0,0,1,1,1,0,0,0,0,0,0,0,0
2007-12-15 14:15:00+00:00,30,12,14,,,0,0,0,0,0,0,0,0,0,0,0,0,0,0,0,0,0,0,0,0,0,0,0,0,0
2007-12-15 14:30:00+00:00,30,12,14,215.1670379638672,187.96214294433594,0,0,0,0,0,0,0,0,0,0,0,0,0,0,1,1,1,0,0,0,0,0,0,0,0
2007-12-15 14:30:00+00:00,30,12,14,137.12660217285156,223.50833129882812,0,0,0,0,0,0,0,0,0,0,0,1,1,1,1,1,1,0,0,0,0,0,0,0,0
2007-12-15 14:30:00+00:00,30,12,14,52.24498748779297,21.905454635620117,0,0,0,0,0,0,0,1,1,1,1,1,1,1,1,1,1,0,0,0,1,1,1,1,1
2007-12-15 14:30:00+00:00,30,12,14,55.893760681152344,25.92978858947754,0,0,0,0,0,0,0,1,1,1,1,1,1,1,1,1,1,0,0,0,0,1,1,1,1
2007-12-15 14:30:00+00:00,30,12,14,200.8631134033203,160.037353515625,0,0,0,0,0,0,0,0,0,0,0,0,0,0,1,1,1,0,0,0,0,0,0,0,0
2007-12-15 14:30:00+00:00,30,12,14,119.9427719116211,344.8727722167969,0,0,0,0,0,0,0,0,0,0,1,1,1,1,1,1,1,0,0,0,0,0,0,0,0
2007-12-15 14:30:00+00:00,30,12,14,60.398075103759766,59.16020584106445,0,0,0,0,0,0,0,0,1,1,1,1,1,1,1,1,1,0,0,0,0,0,0,0,1
2007-12-15 14:30:00+00:00,30,12,14,137.78952026367188,6.8036417961120605,0,0,0,0,0,0,0,0,0,0,0,1,1,1,1,1,1,1,1,1,1,1,1,1,1
2007-12-15 14:30:00+00:00,30,12,14,162.84498596191406,93.74871063232422,0,0,0,0,0,0,0,0,0,0,0,0,1,1,1,1,1,0,0,0,0,0,0,0,0
2007-12-15 14:30:00+00:00,30,12,14,157.1464385986328,116.2479019165039,0,0,0,0,0,0,0,0,0,0,0,0,1,1,1,1,1,0,0,0,0,0,0,0,0
2007-12-15 14:30:00+00:00,30,12,14,,,0,0,0,0,0,0,0,0,0,0,0,0,0,0,0,0,0,0,0,0,0,0,0,0,0
2007-12-15 14:30:00+00:00,30,12,14,,,0,0,0,0,0,0,0,0,0,0,0,0,0,0,0,0,0,0,0,0,0,0,0,0,0
2007-12-15 14:45:00+00:00,30,12,14,79.2121810913086,64.84843444824219,0,0,0,0,0,0,0,0,1,1,1,1,1,1,1,1,1,0,0,0,0,0,0,0,0
2007-12-15 14:45:00+00:00,30,12,14,222.01376342773438,115.55213928222656,0,0,0,0,0,0,0,0,0,0,0,0,0,0,1,1,1,0,0,0,0,0,0,0,0
2007-12-15 14:45:00+00:00,30,12,14,188.16078186035156,99.12767791748047,0,0,0,0,0,0,0,0,0,0,0,0,0,1,1,1,1,0,0,0,0,0,0,0,0
2007-12-15 14:45:00+00:00,30,12,14,308.48248291015625,296.0293273925781,0,0,0,0,0,0,0,0,0,0,0,0,0,0,0,0,1,0,0,0,0,0,0,0,0
2007-12-15 14:45:00+00:00,30,12,14,379.2433776855469,68.04976654052734,0,0,0,0,0,0,0,0,0,0,0,0,0,0,0,0,0,0,0,0,0,0,0,0,0
2007-12-15 14:45:00+00:00,30,12,14,306.6644287109375,301.1349182128906,0,0,0,0,0,0,0,0,0,0,0,0,0,0,0,0,1,0,0,0,0,0,0,0,0
2007-12-15 14:45:00+00:00,30,12,14,,173.9801025390625,0,0,0,0,0,0,0,0,0,0,0,0,0,0,0,0,0,0,0,0,0,0,0,0,0
2007-12-15 14:45:00+00:00,30,12,14,,,0,0,0,0,0,0,0,0,0,0,0,0,0,0,0,0,0,0,0,0,0,0,0,0,0
2007-12-15 15:00:00+00:00,30,12,15,395.7328796386719,244.44854736328125,0,0,0,0,0,0,0,0,0,0,0,0,0,0,0,0,0,0,0,0,0,0,0,0,0
2007-12-15 15:00:00+00:00,30,12,15,36.7625617980957,38.14678192138672,0,0,0,0,0,1,1,1,1,1,1,1,1,1,1,1,1,0,0,0,0,0,1,1,1
2007-12-15 15:00:00+00:00,30,12,15,,,0,0,0,0,0,0,0,0,0,0,0,0,0,0,0,0,0,0,0,0,0,0,0,0,0
2007-12-15 15:00:00+00:00,30,12,15,,,0,0,0,0,0,0,0,0,0,0,0,0,0,0,0,0,0,0,0,0,0,0,0,0,0
2007-12-15 15:00:00+00:00,30,12,15,,,0,0,0,0,0,0,0,0,0,0,0,0,0,0,0,0,0,0,0,0,0,0,0,0,0
2007-12-15 15:15:00+00:00,30,12,15,227.96694946289062,254.5946044921875,0,0,0,0,0,0,0,0,0,0,0,0,0,0,1,1,1,0,0,0,0,0,0,0,0
2007-12-15 15:15:00+00:00,30,12,15,125.07206726074219,193.72117614746094,0,0,0,0,0,0,0,0,0,0,0,1,1,1,1,1,1,0,0,0,0,0,0,0,0
2007-12-15 15:15:00+00:00,30,12,15,124.48230743408203,0.0,0,0,0,0,0,0,0,0,0,0,0,1,1,1,1,1,1,1,1,1,1,1,1,1,1
2007-12-15 15:15:00+00:00,30,12,15,157.79568481445312,314.53680419921875,0,0,0,0,0,0,0,0,0,0,0,0,1,1,1,1,1,0,0,0,0,0,0,0,0
2007-12-15 15:15:00+00:00,30,12,15,74.9875259399414,88.23883819580078,0,0,0,0,0,0,0,0,1,1,1,1,1,1,1,1,1,0,0,0,0,0,0,0,0
2007-12-15 15:15:00+00:00,30,12,15,355.72607421875,343.4814147949219,0,0,0,0,0,0,0,0,0,0,0,0,0,0,0,0,0,0,0,0,0,0,0,0,0
2007-12-15 15:30:00+00:00,30,12,15,,,0,0,0,0,0,0,0,0,0,0,0,0,0,0,0,0,0,0,0,0,0,0,0,0,0
2007-12-15 15:30:00+00:00,30,12,15,135.08877563476562,139.80014038085938,0,0,0,0,0,0,0,0,0,0,0,1,1,1,1,1,1,0,0,0,0,0,0,0,0
2007-12-15 15:30:00+00:00,30,12,15,182.77015686035156,194.23643493652344,0,0,0,0,0,0,0,0,0,0,0,0,0,1,1,1,1,0,0,0,0,0,0,0,0
2007-12-15 15:30:00+00:00,30,12,15,232.63522338867188,215.82815551757812,0,0,0,0,0,0,0,0,0,0,0,0,0,0,1,1,1,0,0,0,0,0,0,0,0
2007-12-15 15:30:00+00:00,30,12,15,252.15005493164062,65.44680786132812,0,0,0,0,0,0,0,0,0,0,0,0,0,0,0,1,1,0,0,0,0,0,0,0,0
2007-12-15 15:30:00+00:00,30,12,15,300.11376953125,74.00111389160156,0,0,0,0,0,0,0,0,0,0,0,0,0,0,0,0,1,0,0,0,0,0,0,0,0
2007-12-15 15:30:00+00:00,30,12,15,260.5342102050781,272.7682800292969,0,0,0,0,0,0,0,0,0,0,0,0,0,0,0,1,1,0,0,0,0,0,0,0,0
2007-12-15 15:30:00+00:00,30,12,15,319.6921081542969,325.4360046386719,0,0,0,0,0,0,0,0,0,0,0,0,0,0,0,0,1,0,0,0,0,0,0,0,0
2007-12-15 15:45:00+00:00,30,12,15,81.38253784179688,0.0,0,0,0,0,0,0,0,0,0,1,1,1,1,1,1,1,1,1,1,1,1,1,1,1,1
2007-12-15 15:45:00+00:00,30,12,15,112.20878601074219,119.683349609375,0,0,0,0,0,0,0,0,0,0,1,1,1,1,1,1,1,0,0,0,0,0,0,0,0
2007-12-15 15:45:00+00:00,30,12,15,197.1709747314453,197.78135681152344,0,0,0,0,0,0,0,0,0,0,0,0,0,1,1,1,1,0,0,0,0,0,0,0,0
2007-12-15 15:45:00+00:00,30,12,15,226.1773681640625,289.1924133300781,0,0,0,0,0,0,0,0,0,0,0,0,0,0,1,1,1,0,0,0,0,0,0,0,0
2007-12-15 15:45:00+00:00,30,12,15,,,0,0,0,0,0,0,0,0,0,0,0,0,0,0,0,0,0,0,0,0,0,0,0,0,0
2007-12-15 16:00:00+00:00,30,12,16,195.78549194335938,131.69715881347656,0,0,0,0,0,0,0,0,0,0,0,0,0,1,1,1,1,0,0,0,0,0,0,0,0
2007-12-15 16:00:00+00:00,30,12,16,210.99514770507812,224.3218536376953,0,0,0,0,0,0,0,0,0,0,0,0,0,0,1,1,1,0,0,0,0,0,0,0,0
2007-12-15 16:00:00+00:00,30,12,16,262.808837890625,237.66029357910156,0,0,0,0,0,0,0,0,0,0,0,0,0,0,0,1,1,0,0,0,0,0,0,0,0
2007-12-15 16:00:00+00:00,30,12,16,,,0,0,0,0,0,0,0,0,0,0,0,0,0,0,0,0,0,0,0,0,0,0,0,0,0
2007-12-15 16:15:00+00:00,30,12,16,187.9146270751953,78.94638061523438,0,0,0,0,0,0,0,0,0,0,0,0,0,1,1,1,1,0,0,0,0,0,0,0,0
2007-12-15 16:15:00+00:00,30,12,16,135.67010498046875,138.57916259765625,0,0,0,0,0,0,0,0,0,0,0,1,1,1,1,1,1,0,0,0,0,0,0,0,0
2007-12-15 16:15:00+00:00,30,12,16,80.13011932373047,3.0476887226104736,0,0,0,0,0,0,0,0,0,1,1,1,1,1,1,1,1,1,1,1,1,1,1,1,1
2007-12-15 16:15:00+00:00,30,12,16,,,0,0,0,0,0,0,0,0,0,0,0,0,0,0,0,0,0,0,0,0,0,0,0,0,0
2007-12-15 16:30:00+00:00,30,12,16,170.80299377441406,181.86692810058594,0,0,0,0,0,0,0,0,0,0,0,0,1,1,1,1,1,0,0,0,0,0,0,0,0
2007-12-15 16:30:00+00:00,30,12,16,,,0,0,0,0,0,0,0,0,0,0,0,0,0,0,0,0,0,0,0,0,0,0,0,0,0
2007-12-15 16:30:00+00:00,30,12,16,,,0,0,0,0,0,0,0,0,0,0,0,0,0,0,0,0,0,0,0,0,0,0,0,0,0
2007-12-15 16:45:00+00:00,30,12,16,280.6675109863281,231.5985107421875,0,0,0,0,0,0,0,0,0,0,0,0,0,0,0,1,1,0,0,0,0,0,0,0,0
2007-12-15 16:45:00+00:00,30,12,16,269.4251708984375,253.58250427246094,0,0,0,0,0,0,0,0,0,0,0,0,0,0,0,1,1,0,0,0,0,0,0,0,0
2007-12-15 16:45:00+00:00,30,12,16,98.92205047607422,88.02517700195312,0,0,0,0,0,0,0,0,0,1,1,1,1,1,1,1,1,0,0,0,0,0,0,0,0
2007-12-15 16:45:00+00:00,30,12,16,301.5629577636719,326.36468505859375,0,0,0,0,0,0,0,0,0,0,0,0,0,0,0,0,1,0,0,0,0,0,0,0,0
2007-12-15 16:45:00+00:00,30,12,16,79.13928985595703,128.01283264160156,0,0,0,0,0,0,0,0,1,1,1,1,1,1,1,1,1,0,0,0,0,0,0,0,0
2007-12-15 16:45:00+00:00,30,12,16,,,0,0,0,0,0,0,0,0,0,0,0,0,0,0,0,0,0,0,0,0,0,0,0,0,0
2007-12-15 17:00:00+00:00,30,12,17,,,0,0,0,0,0,0,0,0,0,0,0,0,0,0,0,0,0,0,0,0,0,0,0,0,0
2007-12-15 17:00:00+00:00,30,12,17,,,0,0,0,0,0,0,0,0,0,0,0,0,0,0,0,0,0,0,0,0,0,0,0,0,0
2007-12-15 17:00:00+00:00,30,12,17,328.24993896484375,325.27490234375,0,0,0,0,0,0,0,0,0,0,0,0,0,0,0,0,1,0,0,0,0,0,0,0,0
2007-12-15 17:00:00+00:00,30,12,17,138.42396545410156,143.2914581298828,0,0,0,0,0,0,0,0,0,0,0,1,1,1,1,1,1,0,0,0,0,0,0,0,0
2007-12-15 17:00:00+00:00,30,12,17,244.66297912597656,344.8966979980469,0,0,0,0,0,0,0,0,0,0,0,0,0,0,1,1,1,0,0,0,0,0,0,0,0
2007-12-15 17:00:00+00:00,30,12,17,118.64356231689453,250.58657836914062,0,0,0,0,0,0,0,0,0,0,1,1,1,1,1,1,1,0,0,0,0,0,0,0,0
2007-12-15 17:00:00+00:00,30,12,17,101.43936157226562,,0,0,0,0,0,0,0,0,0,0,1,1,1,1,1,1,1,0,0,0,0,0,0,0,0
2007-12-15 17:00:00+00:00,30,12,17,256.63006591796875,248.82940673828125,0,0,0,0,0,0,0,0,0,0,0,0,0,0,0,1,1,0,0,0,0,0,0,0,0
2007-12-15 17:00:00+00:00,30,12,17,,,0,0,0,0,0,0,0,0,0,0,0,0,0,0,0,0,0,0,0,0,0,0,0,0,0
2007-12-15 17:15:00+00:00,30,12,17,344.40289306640625,337.5012512207031,0,0,0,0,0,0,0,0,0,0,0,0,0,0,0,0,1,0,0,0,0,0,0,0,0
2007-12-15 17:15:00+00:00,30,12,17,428.43048095703125,429.7089538574219,0,0,0,0,0,0,0,0,0,0,0,0,0,0,0,0,0,0,0,0,0,0,0,0,0
2007-12-15 17:15:00+00:00,30,12,17,,,0,0,0,0,0,0,0,0,0,0,0,0,0,0,0,0,0,0,0,0,0,0,0,0,0
2007-12-15 17:15:00+00:00,30,12,17,142.0449981689453,141.76431274414062,0,0,0,0,0,0,0,0,0,0,0,1,1,1,1,1,1,0,0,0,0,0,0,0,0
2007-12-15 17:30:00+00:00,30,12,17,98.39826202392578,74.01649475097656,0,0,0,0,0,0,0,0,0,1,1,1,1,1,1,1,1,0,0,0,0,0,0,0,0
2007-12-15 17:30:00+00:00,30,12,17,223.9188995361328,271.541748046875,0,0,0,0,0,0,0,0,0,0,0,0,0,0,1,1,1,0,0,0,0,0,0,0,0
2007-12-15 17:30:00+00:00,30,12,17,153.63058471679688,162.62977600097656,0,0,0,0,0,0,0,0,0,0,0,0,1,1,1,1,1,0,0,0,0,0,0,0,0
2007-12-15 17:30:00+00:00,30,12,17,121.99073028564453,108.89910888671875,0,0,0,0,0,0,0,0,0,0,0,1,1,1,1,1,1,0,0,0,0,0,0,0,0
2007-12-15 17:30:00+00:00,30,12,17,290.0331115722656,285.5852966308594,0,0,0,0,0,0,0,0,0,0,0,0,0,0,0,1,1,0,0,0,0,0,0,0,0
2007-12-15 17:30:00+00:00,30,12,17,74.24851989746094,61.90839767456055,0,0,0,0,0,0,0,0,1,1,1,1,1,1,1,1,1,0,0,0,0,0,0,0,0
2007-12-15 17:30:00+00:00,30,12,17,,,0,0,0,0,0,0,0,0,0,0,0,0,0,0,0,0,0,0,0,0,0,0,0,0,0
2007-12-15 17:45:00+00:00,30,12,17,331.4856262207031,322.5539855957031,0,0,0,0,0,0,0,0,0,0,0,0,0,0,0,0,1,0,0,0,0,0,0,0,0
2007-12-15 17:45:00+00:00,30,12,17,309.6854553222656,0.0,0,0,0,0,0,0,0,0,0,0,0,0,0,0,0,0,1,1,1,1,1,1,1,1,1
2007-12-15 17:45:00+00:00,30,12,17,221.36087036132812,218.20225524902344,0,0,0,0,0,0,0,0,0,0,0,0,0,0,1,1,1,0,0,0,0,0,0,0,0
2007-12-16 10:00:00+00:00,30,12,10,,,0,0,0,0,0,0,0,0,0,0,0,0,0,0,0,0,0,0,0,0,0,0,0,0,0
2007-12-16 10:00:00+00:00,30,12,10,566.277587890625,543.2153930664062,0,0,0,0,0,0,0,0,0,0,0,0,0,0,0,0,0,0,0,0,0,0,0,0,0
2007-12-16 10:00:00+00:00,30,12,10,146.58941650390625,158.87371826171875,0,0,0,0,0,0,0,0,0,0,0,1,1,1,1,1,1,0,0,0,0,0,0,0,0
2007-12-16 10:00:00+00:00,30,12,10,97.54490661621094,93.66796875,0,0,0,0,0,0,0,0,0,1,1,1,1,1,1,1,1,0,0,0,0,0,0,0,0
2007-12-16 10:00:00+00:00,30,12,10,238.68756103515625,41.068756103515625,0,0,0,0,0,0,0,0,0,0,0,0,0,0,1,1,1,0,0,0,0,0,0,1,1
2007-12-16 10:00:00+00:00,30,12,10,136.26983642578125,140.22947692871094,0,0,0,0,0,0,0,0,0,0,0,1,1,1,1,1,1,0,0,0,0,0,0,0,0
2007-12-16 10:00:00+00:00,30,12,10,43.653076171875,47.49764633178711,0,0,0,0,0,0,1,1,1,1,1,1,1,1,1,1,1,0,0,0,0,0,0,1,1
2007-12-16 10:00:00+00:00,30,12,10,295.9684143066406,134.6520538330078,0,0,0,0,0,0,0,0,0,0,0,0,0,0,0,1,1,0,0,0,0,0,0,0,0
2007-12-16 10:00:00+00:00,30,12,10,48.235225677490234,36.38382339477539,0,0,0,0,0,0,1,1,1,1,1,1,1,1,1,1,1,0,0,0,0,0,1,1,1
2007-12-16 10:00:00+00:00,30,12,10,237.02207946777344,83.50397491455078,0,0,0,0,0,0,0,0,0,0,0,0,0,0,1,1,1,0,0,0,0,0,0,0,0
2007-12-16 10:00:00+00:00,30,12,10,185.17665100097656,83.17619323730469,0,0,0,0,0,0,0,0,0,0,0,0,0,1,1,1,1,0,0,0,0,0,0,0,0
2007-12-16 10:00:00+00:00,30,12,10,143.8716278076172,130.30897521972656,0,0,0,0,0,0,0,0,0,0,0,1,1,1,1,1,1,0,0,0,0,0,0,0,0
2007-12-16 10:00:00+00:00,30,12,10,255.6852569580078,190.07969665527344,0,0,0,0,0,0,0,0,0,0,0,0,0,0,0,1,1,0,0,0,0,0,0,0,0
2007-12-16 10:00:00+00:00,30,12,10,216.51809692382812,218.5851287841797,0,0,0,0,0,0,0,0,0,0,0,0,0,0,1,1,1,0,0,0,0,0,0,0,0
2007-12-16 10:00:00+00:00,30,12,10,175.77357482910156,197.57369995117188,0,0,0,0,0,0,0,0,0,0,0,0,1,1,1,1,1,0,0,0,0,0,0,0,0
2007-12-16 10:00:00+00:00,30,12,10,113.33252716064453,132.41140747070312,0,0,0,0,0,0,0,0,0,0,1,1,1,1,1,1,1,0,0,0,0,0,0,0,0
2007-12-16 10:00:00+00:00,30,12,10,221.7393035888672,99.65406036376953,0,0,0,0,0,0,0,0,0,0,0,0,0,0,1,1,1,0,0,0,0,0,0,0,0
2007-12-16 10:00:00+00:00,30,12,10,136.66908264160156,158.450927734375,0,0,0,0,0,0,0,0,0,0,0,1,1,1,1,1,1,0,0,0,0,0,0,0,0
2007-12-16 10:00:00+00:00,30,12,10,346.0820617675781,256.79754638671875,0,0,0,0,0,0,0,0,0,0,0,0,0,0,0,0,1,0,0,0,0,0,0,0,0
2007-12-16 10:00:00+00:00,30,12,10,160.0413360595703,150.22792053222656,0,0,0,0,0,0,0,0,0,0,0,0,1,1,1,1,1,0,0,0,0,0,0,0,0
2007-12-16 10:00:00+00:00,30,12,10,337.2338562011719,212.35841369628906,0,0,0,0,0,0,0,0,0,0,0,0,0,0,0,0,1,0,0,0,0,0,0,0,0
2007-12-16 10:00:00+00:00,30,12,10,34.21245574951172,20.938640594482422,0,0,0,0,0,1,1,1,1,1,1,1,1,1,1,1,1,0,0,0,1,1,1,1,1
2007-12-16 10:00:00+00:00,30,12,10,,,0,0,0,0,0,0,0,0,0,0,0,0,0,0,0,0,0,0,0,0,0,0,0,0,0
2007-12-16 10:00:00+00:00,30,12,10,49.84650802612305,46.75467300415039,0,0,0,0,0,0,1,1,1,1,1,1,1,1,1,1,1,0,0,0,0,0,0,1,1
2007-12-16 10:00:00+00:00,30,12,10,346.81768798828125,354.22021484375,0,0,0,0,0,0,0,0,0,0,0,0,0,0,0,0,1,0,0,0,0,0,0,0,0
2007-12-16 10:00:00+00:00,30,12,10,73.97957611083984,88.05599212646484,0,0,0,0,0,0,0,0,1,1,1,1,1,1,1,1,1,0,0,0,0,0,0,0,0
2007-12-16 10:00:00+00:00,30,12,10,239.08441162109375,217.980224609375,0,0,0,0,0,0,0,0,0,0,0,0,0,0,1,1,1,0,0,0,0,0,0,0,0
2007-12-16 10:00:00+00:00,30,12,10,269.0926818847656,253.36984252929688,0,0,0,0,0,0,0,0,0,0,0,0,0,0,0,1,1,0,0,0,0,0,0,0,0
2007-12-16 10:00:00+00:00,30,12,10,180.6440887451172,176.68350219726562,0,0,0,0,0,0,0,0,0,0,0,0,0,1,1,1,1,0,0,0,0,0,0,0,0
2007-12-16 10:00:00+00:00,30,12,10,325.6313781738281,201.57058715820312,0,0,0,0,0,0,0,0,0,0,0,0,0,0,0,0,1,0,0,0,0,0,0,0,0
2007-12-16 10:15:00+00:00,30,12,10,260.14373779296875,75.64032745361328,0,0,0,0,0,0,0,0,0,0,0,0,0,0,0,1,1,0,0,0,0,0,0,0,0
2007-12-16 10:15:00+00:00,30,12,10,112.86417388916016,126.63278198242188,0,0,0,0,0,0,0,0,0,0,1,1,1,1,1,1,1,0,0,0,0,0,0,0,0
2007-12-16 10:15:00+00:00,30,12,10,269.0848083496094,204.4944305419922,0,0,0,0,0,0,0,0,0,0,0,0,0,0,0,1,1,0,0,0,0,0,0,0,0
2007-12-16 10:15:00+00:00,30,12,10,278.09222412109375,277.2643737792969,0,0,0,0,0,0,0,0,0,0,0,0,0,0,0,1,1,0,0,0,0,0,0,0,0
2007-12-16 10:15:00+00:00,30,12,10,124.54125213623047,110.11731719970703,0,0,0,0,0,0,0,0,0,0,0,1,1,1,1,1,1,0,0,0,0,0,0,0,0
2007-12-16 10:15:00+00:00,30,12,10,171.9665985107422,95.49413299560547,0,0,0,0,0,0,0,0,0,0,0,0,1,1,1,1,1,0,0,0,0,0,0,0,0
2007-12-16 10:15:00+00:00,30,12,10,215.86634826660156,41.723976135253906,0,0,0,0,0,0,0,0,0,0,0,0,0,0,1,1,1,0,0,0,0,0,0,1,1
2007-12-16 10:15:00+00:00,30,12,10,109.42015838623047,103.8616714477539,0,0,0,0,0,0,0,0,0,0,1,1,1,1,1,1,1,0,0,0,0,0,0,0,0
2007-12-16 10:15:00+00:00,30,12,10,393.3617858886719,84.24720764160156,0,0,0,0,0,0,0,0,0,0,0,0,0,0,0,0,0,0,0,0,0,0,0,0,0
2007-12-16 10:15:00+00:00,30,12,10,64.15679168701172,65.7673568725586,0,0,0,0,0,0,0,0,1,1,1,1,1,1,1,1,1,0,0,0,0,0,0,0,0
2007-12-16 10:15:00+00:00,30,12,10,101.33567810058594,120.32703399658203,0,0,0,0,0,0,0,0,0,0,1,1,1,1,1,1,1,0,0,0,0,0,0,0,0
2007-12-16 10:15:00+00:00,30,12,10,72.25169372558594,91.4873046875,0,0,0,0,0,0,0,0,1,1,1,1,1,1,1,1,1,0,0,0,0,0,0,0,0
2007-12-16 10:15:00+00:00,30,12,10,125.44445037841797,126.73680877685547,0,0,0,0,0,0,0,0,0,0,0,1,1,1,1,1,1,0,0,0,0,0,0,0,0
2007-12-16 10:15:00+00:00,30,12,10,39.02914047241211,37.46358108520508,0,0,0,0,0,1,1,1,1,1,1,1,1,1,1,1,1,0,0,0,0,0,1,1,1
2007-12-16 10:15:00+00:00,30,12,10,104.21211242675781,98.26434326171875,0,0,0,0,0,0,0,0,0,0,1,1,1,1,1,1,1,0,0,0,0,0,0,0,0
2007-12-16 10:15:00+00:00,30,12,10,270.49267578125,257.2433166503906,0,0,0,0,0,0,0,0,0,0,0,0,0,0,0,1,1,0,0,0,0,0,0,0,0
2007-12-16 10:15:00+00:00,30,12,10,147.46165466308594,61.220523834228516,0,0,0,0,0,0,0,0,0,0,0,1,1,1,1,1,1,0,0,0,0,0,0,0,0
2007-12-16 10:15:00+00:00,30,12,10,291.6484375,170.5123291015625,0,0,0,0,0,0,0,0,0,0,0,0,0,0,0,1,1,0,0,0,0,0,0,0,0
2007-12-16 10:30:00+00:00,30,12,10,403.4619140625,391.85394287109375,0,0,0,0,0,0,0,0,0,0,0,0,0,0,0,0,0,0,0,0,0,0,0,0,0
2007-12-16 10:30:00+00:00,30,12,10,,,0,0,0,0,0,0,0,0,0,0,0,0,0,0,0,0,0,0,0,0,0,0,0,0,0
2007-12-16 10:30:00+00:00,30,12,10,68.05326843261719,46.25716018676758,0,0,0,0,0,0,0,0,1,1,1,1,1,1,1,1,1,0,0,0,0,0,0,1,1
2007-12-16 10:30:00+00:00,30,12,10,68.16887664794922,54.71635055541992,0,0,0,0,0,0,0,0,1,1,1,1,1,1,1,1,1,0,0,0,0,0,0,0,1
2007-12-16 10:30:00+00:00,30,12,10,145.57122802734375,131.84979248046875,0,0,0,0,0,0,0,0,0,0,0,1,1,1,1,1,1,0,0,0,0,0,0,0,0
2007-12-16 10:30:00+00:00,30,12,10,265.1695861816406,251.80838012695312,0,0,0,0,0,0,0,0,0,0,0,0,0,0,0,1,1,0,0,0,0,0,0,0,0
2007-12-16 10:30:00+00:00,30,12,10,111.16158294677734,115.60797119140625,0,0,0,0,0,0,0,0,0,0,1,1,1,1,1,1,1,0,0,0,0,0,0,0,0
2007-12-16 10:30:00+00:00,30,12,10,157.5787811279297,157.22860717773438,0,0,0,0,0,0,0,0,0,0,0,0,1,1,1,1,1,0,0,0,0,0,0,0,0
2007-12-16 10:30:00+00:00,30,12,10,59.78251266479492,68.1548843383789,0,0,0,0,0,0,0,1,1,1,1,1,1,1,1,1,1,0,0,0,0,0,0,0,0
2007-12-16 10:30:00+00:00,30,12,10,182.6549530029297,194.17018127441406,0,0,0,0,0,0,0,0,0,0,0,0,0,1,1,1,1,0,0,0,0,0,0,0,0
2007-12-16 10:30:00+00:00,30,12,10,193.05587768554688,183.5936279296875,0,0,0,0,0,0,0,0,0,0,0,0,0,1,1,1,1,0,0,0,0,0,0,0,0
2007-12-16 10:30:00+00:00,30,12,10,198.22686767578125,199.7876739501953,0,0,0,0,0,0,0,0,0,0,0,0,0,1,1,1,1,0,0,0,0,0,0,0,0
2007-12-16 10:30:00+00:00,30,12,10,178.5787353515625,163.65496826171875,0,0,0,0,0,0,0,0,0,0,0,0,1,1,1,1,1,0,0,0,0,0,0,0,0
2007-12-16 10:30:00+00:00,30,12,10,59.282466888427734,81.78704833984375,0,0,0,0,0,0,0,1,1,1,1,1,1,1,1,1,1,0,0,0,0,0,0,0,0
2007-12-16 10:30:00+00:00,30,12,10,162.5543212890625,150.42001342773438,0,0,0,0,0,0,0,0,0,0,0,0,1,1,1,1,1,0,0,0,0,0,0,0,0
2007-12-16 10:30:00+00:00,30,12,10,222.6466827392578,205.7667236328125,0,0,0,0,0,0,0,0,0,0,0,0,0,0,1,1,1,0,0,0,0,0,0,0,0
2007-12-16 10:30:00+00:00,30,12,10,183.61900329589844,104.86943054199219,0,0,0,0,0,0,0,0,0,0,0,0,0,1,1,1,1,0,0,0,0,0,0,0,0
2007-12-16 10:30:00+00:00,30,12,10,160.57347106933594,162.2675323486328,0,0,0,0,0,0,0,0,0,0,0,0,1,1,1,1,1,0,0,0,0,0,0,0,0
2007-12-16 10:30:00+00:00,30,12,10,192.46875,68.22077941894531,0,0,0,0,0,0,0,0,0,0,0,0,0,1,1,1,1,0,0,0,0,0,0,0,0
2007-12-16 10:30:00+00:00,30,12,10,76.73733520507812,31.87690544128418,0,0,0,0,0,0,0,0,1,1,1,1,1,1,1,1,1,0,0,0,0,0,1,1,1
2007-12-16 10:30:00+00:00,30,12,10,274.8753662109375,165.70262145996094,0,0,0,0,0,0,0,0,0,0,0,0,0,0,0,1,1,0,0,0,0,0,0,0,0
2007-12-16 10:30:00+00:00,30,12,10,363.6570739746094,372.73199462890625,0,0,0,0,0,0,0,0,0,0,0,0,0,0,0,0,0,0,0,0,0,0,0,0,0
2007-12-16 10:30:00+00:00,30,12,10,62.34653091430664,55.83936309814453,0,0,0,0,0,0,0,0,1,1,1,1,1,1,1,1,1,0,0,0,0,0,0,0,1
2007-12-16 10:30:00+00:00,30,12,10,92.84669494628906,82.31387329101562,0,0,0,0,0,0,0,0,0,1,1,1,1,1,1,1,1,0,0,0,0,0,0,0,0
2007-12-16 10:30:00+00:00,30,12,10,131.91770935058594,131.91770935058594,0,0,0,0,0,0,0,0,0,0,0,1,1,1,1,1,1,0,0,0,0,0,0,0,0
2007-12-16 10:30:00+00:00,30,12,10,119.08674621582031,116.81417846679688,0,0,0,0,0,0,0,0,0,0,1,1,1,1,1,1,1,0,0,0,0,0,0,0,0
2007-12-16 10:30:00+00:00,30,12,10,269.4640808105469,269.4640808105469,0,0,0,0,0,0,0,0,0,0,0,0,0,0,0,1,1,0,0,0,0,0,0,0,0
2007-12-16 10:45:00+00:00,30,12,10,,,0,0,0,0,0,0,0,0,0,0,0,0,0,0,0,0,0,0,0,0,0,0,0,0,0
2007-12-16 10:45:00+00:00,30,12,10,413.3616638183594,419.24530029296875,0,0,0,0,0,0,0,0,0,0,0,0,0,0,0,0,0,0,0,0,0,0,0,0,0
2007-12-16 10:45:00+00:00,30,12,10,246.88482666015625,237.8407440185547,0,0,0,0,0,0,0,0,0,0,0,0,0,0,1,1,1,0,0,0,0,0,0,0,0
2007-12-16 10:45:00+00:00,30,12,10,327.4184265136719,241.1436767578125,0,0,0,0,0,0,0,0,0,0,0,0,0,0,0,0,1,0,0,0,0,0,0,0,0
2007-12-16 10:45:00+00:00,30,12,10,304.09906005859375,217.1207733154297,0,0,0,0,0,0,0,0,0,0,0,0,0,0,0,0,1,0,0,0,0,0,0,0,0
2007-12-16 10:45:00+00:00,30,12,10,30.81788444519043,9.992018699645996,0,0,0,0,0,1,1,1,1,1,1,1,1,1,1,1,1,1,1,1,1,1,1,1,1
2007-12-16 10:45:00+00:00,30,12,10,146.13670349121094,119.87399291992188,0,0,0,0,0,0,0,0,0,0,0,1,1,1,1,1,1,0,0,0,0,0,0,0,0
2007-12-16 10:45:00+00:00,30,12,10,115.87682342529297,110.38971710205078,0,0,0,0,0,0,0,0,0,0,1,1,1,1,1,1,1,0,0,0,0,0,0,0,0
2007-12-16 10:45:00+00:00,30,12,10,54.77547073364258,35.593387603759766,0,0,0,0,0,0,0,1,1,1,1,1,1,1,1,1,1,0,0,0,0,0,1,1,1
2007-12-16 10:45:00+00:00,30,12,10,129.1283416748047,164.71083068847656,0,0,0,0,0,0,0,0,0,0,0,1,1,1,1,1,1,0,0,0,0,0,0,0,0
2007-12-16 10:45:00+00:00,30,12,10,126.60592651367188,121.62417602539062,0,0,0,0,0,0,0,0,0,0,0,1,1,1,1,1,1,0,0,0,0,0,0,0,0
2007-12-16 10:45:00+00:00,30,12,10,204.9821319580078,66.16903686523438,0,0,0,0,0,0,0,0,0,0,0,0,0,0,1,1,1,0,0,0,0,0,0,0,0
2007-12-16 10:45:00+00:00,30,12,10,263.0423583984375,73.70304870605469,0,0,0,0,0,0,0,0,0,0,0,0,0,0,0,1,1,0,0,0,0,0,0,0,0
2007-12-16 10:45:00+00:00,30,12,10,47.191707611083984,46.09086608886719,0,0,0,0,0,0,1,1,1,1,1,1,1,1,1,1,1,0,0,0,0,0,0,1,1
2007-12-16 10:45:00+00:00,30,12,10,186.607177734375,0.0,0,0,0,0,0,0,0,0,0,0,0,0,0,1,1,1,1,1,1,1,1,1,1,1,1
2007-12-16 10:45:00+00:00,30,12,10,170.58970642089844,132.56385803222656,0,0,0,0,0,0,0,0,0,0,0,0,1,1,1,1,1,0,0,0,0,0,0,0,0
2007-12-16 10:45:00+00:00,30,12,10,145.00115966796875,147.65493774414062,0,0,0,0,0,0,0,0,0,0,0,1,1,1,1,1,1,0,0,0,0,0,0,0,0
2007-12-16 10:45:00+00:00,30,12,10,,,0,0,0,0,0,0,0,0,0,0,0,0,0,0,0,0,0,0,0,0,0,0,0,0,0
2007-12-16 11:00:00+00:00,30,12,11,,,0,0,0,0,0,0,0,0,0,0,0,0,0,0,0,0,0,0,0,0,0,0,0,0,0
2007-12-16 11:00:00+00:00,30,12,11,90.77896881103516,97.78260040283203,0,0,0,0,0,0,0,0,0,1,1,1,1,1,1,1,1,0,0,0,0,0,0,0,0
2007-12-16 11:00:00+00:00,30,12,11,194.26283264160156,81.70236206054688,0,0,0,0,0,0,0,0,0,0,0,0,0,1,1,1,1,0,0,0,0,0,0,0,0
2007-12-16 11:00:00+00:00,30,12,11,343.951904296875,368.28656005859375,0,0,0,0,0,0,0,0,0,0,0,0,0,0,0,0,1,0,0,0,0,0,0,0,0
2007-12-16 11:00:00+00:00,30,12,11,76.35800170898438,104.4515151977539,0,0,0,0,0,0,0,0,1,1,1,1,1,1,1,1,1,0,0,0,0,0,0,0,0
2007-12-16 11:00:00+00:00,30,12,11,324.8985900878906,171.7216033935547,0,0,0,0,0,0,0,0,0,0,0,0,0,0,0,0,1,0,0,0,0,0,0,0,0
2007-12-16 11:00:00+00:00,30,12,11,127.61199188232422,101.5691146850586,0,0,0,0,0,0,0,0,0,0,0,1,1,1,1,1,1,0,0,0,0,0,0,0,0
2007-12-16 11:00:00+00:00,30,12,11,353.69561767578125,356.93316650390625,0,0,0,0,0,0,0,0,0,0,0,0,0,0,0,0,0,0,0,0,0,0,0,0,0
2007-12-16 11:00:00+00:00,30,12,11,289.2850341796875,101.30834197998047,0,0,0,0,0,0,0,0,0,0,0,0,0,0,0,1,1,0,0,0,0,0,0,0,0
2007-12-16 11:00:00+00:00,30,12,11,112.97724151611328,73.41133117675781,0,0,0,0,0,0,0,0,0,0,1,1,1,1,1,1,1,0,0,0,0,0,0,0,0
2007-12-16 11:00:00+00:00,30,12,11,,,0,0,0,0,0,0,0,0,0,0,0,0,0,0,0,0,0,0,0,0,0,0,0,0,0
2007-12-16 11:00:00+00:00,30,12,11,,,0,0,0,0,0,0,0,0,0,0,0,0,0,0,0,0,0,0,0,0,0,0,0,0,0
2007-12-16 11:15:00+00:00,30,12,11,180.72720336914062,159.7341766357422,0,0,0,0,0,0,0,0,0,0,0,0,0,1,1,1,1,0,0,0,0,0,0,0,0
2007-12-16 11:15:00+00:00,30,12,11,46.86547088623047,8.285857200622559,0,0,0,0,0,0,1,1,1,1,1,1,1,1,1,1,1,1,1,1,1,1,1,1,1
2007-12-16 11:15:00+00:00,30,12,11,101.45254516601562,70.58443450927734,0,0,0,0,0,0,0,0,0,0,1,1,1,1,1,1,1,0,0,0,0,0,0,0,0
2007-12-16 11:15:00+00:00,30,12,11,73.3716049194336,71.1990737915039,0,0,0,0,0,0,0,0,1,1,1,1,1,1,1,1,1,0,0,0,0,0,0,0,0
2007-12-16 11:15:00+00:00,30,12,11,280.42242431640625,291.7627868652344,0,0,0,0,0,0,0,0,0,0,0,0,0,0,0,1,1,0,0,0,0,0,0,0,0
2007-12-16 11:15:00+00:00,30,12,11,58.36412811279297,64.15223693847656,0,0,0,0,0,0,0,1,1,1,1,1,1,1,1,1,1,0,0,0,0,0,0,0,0
2007-12-16 11:15:00+00:00,30,12,11,49.98693084716797,0.0,0,0,0,0,0,0,1,1,1,1,1,1,1,1,1,1,1,1,1,1,1,1,1,1,1
2007-12-16 11:15:00+00:00,30,12,11,155.51382446289062,181.9900360107422,0,0,0,0,0,0,0,0,0,0,0,0,1,1,1,1,1,0,0,0,0,0,0,0,0
2007-12-16 11:15:00+00:00,30,12,11,175.60028076171875,62.82585906982422,0,0,0,0,0,0,0,0,0,0,0,0,1,1,1,1,1,0,0,0,0,0,0,0,0
2007-12-16 11:15:00+00:00,30,12,11,122.98326873779297,56.7187385559082,0,0,0,0,0,0,0,0,0,0,0,1,1,1,1,1,1,0,0,0,0,0,0,0,1
2007-12-16 11:15:00+00:00,30,12,11,155.20582580566406,151.5298309326172,0,0,0,0,0,0,0,0,0,0,0,0,1,1,1,1,1,0,0,0,0,0,0,0,0
2007-12-16 11:15:00+00:00,30,12,11,78.6457290649414,72.0890884399414,0,0,0,0,0,0,0,0,1,1,1,1,1,1,1,1,1,0,0,0,0,0,0,0,0
2007-12-16 11:15:00+00:00,30,12,11,95.42106628417969,95.1406478881836,0,0,0,0,0,0,0,0,0,1,1,1,1,1,1,1,1,0,0,0,0,0,0,0,0
2007-12-16 11:15:00+00:00,30,12,11,291.6240539550781,277.8962097167969,0,0,0,0,0,0,0,0,0,0,0,0,0,0,0,1,1,0,0,0,0,0,0,0,0
2007-12-16 11:15:00+00:00,30,12,11,97.41566467285156,68.19090270996094,0,0,0,0,0,0,0,0,0,1,1,1,1,1,1,1,1,0,0,0,0,0,0,0,0
2007-12-16 11:15:00+00:00,30,12,11,215.32485961914062,217.1517791748047,0,0,0,0,0,0,0,0,0,0,0,0,0,0,1,1,1,0,0,0,0,0,0,0,0
2007-12-16 11:15:00+00:00,30,12,11,115.20741271972656,101.12017822265625,0,0,0,0,0,0,0,0,0,0,1,1,1,1,1,1,1,0,0,0,0,0,0,0,0
2007-12-16 11:15:00+00:00,30,12,11,258.8611755371094,236.38760375976562,0,0,0,0,0,0,0,0,0,0,0,0,0,0,0,1,1,0,0,0,0,0,0,0,0
2007-12-16 11:15:00+00:00,30,12,11,,,0,0,0,0,0,0,0,0,0,0,0,0,0,0,0,0,0,0,0,0,0,0,0,0,0
2007-12-16 11:15:00+00:00,30,12,11,,,0,0,0,0,0,0,0,0,0,0,0,0,0,0,0,0,0,0,0,0,0,0,0,0,0
2007-12-16 11:30:00+00:00,30,12,11,96.25875854492188,82.28504180908203,0,0,0,0,0,0,0,0,0,1,1,1,1,1,1,1,1,0,0,0,0,0,0,0,0
2007-12-16 11:30:00+00:00,30,12,11,289.6447448730469,61.655982971191406,0,0,0,0,0,0,0,0,0,0,0,0,0,0,0,1,1,0,0,0,0,0,0,0,0
2007-12-16 11:30:00+00:00,30,12,11,101.96968078613281,100.43771362304688,0,0,0,0,0,0,0,0,0,0,1,1,1,1,1,1,1,0,0,0,0,0,0,0,0
2007-12-16 11:30:00+00:00,30,12,11,129.7549285888672,101.40058135986328,0,0,0,0,0,0,0,0,0,0,0,1,1,1,1,1,1,0,0,0,0,0,0,0,0
2007-12-16 11:30:00+00:00,30,12,11,60.548831939697266,9.980709075927734,0,0,0,0,0,0,0,0,1,1,1,1,1,1,1,1,1,1,1,1,1,1,1,1,1
2007-12-16 11:30:00+00:00,30,12,11,,,0,0,0,0,0,0,0,0,0,0,0,0,0,0,0,0,0,0,0,0,0,0,0,0,0
2007-12-16 11:30:00+00:00,30,12,11,110.94767761230469,64.59954071044922,0,0,0,0,0,0,0,0,0,0,1,1,1,1,1,1,1,0,0,0,0,0,0,0,0
2007-12-16 11:30:00+00:00,30,12,11,,190.3672332763672,0,0,0,0,0,0,0,0,0,0,0,0,0,0,0,0,0,0,0,0,0,0,0,0,0
2007-12-16 11:30:00+00:00,30,12,11,112.80876922607422,99.33058166503906,0,0,0,0,0,0,0,0,0,0,1,1,1,1,1,1,1,0,0,0,0,0,0,0,0
2007-12-16 11:30:00+00:00,30,12,11,91.59318542480469,20.384428024291992,0,0,0,0,0,0,0,0,0,1,1,1,1,1,1,1,1,0,0,0,1,1,1,1,1
2007-12-16 11:30:00+00:00,30,12,11,68.09840393066406,0.0,0,0,0,0,0,0,0,0,1,1,1,1,1,1,1,1,1,1,1,1,1,1,1,1,1
2007-12-16 11:30:00+00:00,30,12,11,39.297447204589844,25.4086856842041,0,0,0,0,0,1,1,1,1,1,1,1,1,1,1,1,1,0,0,0,0,1,1,1,1
2007-12-16 11:30:00+00:00,30,12,11,96.85006713867188,103.57831573486328,0,0,0,0,0,0,0,0,0,1,1,1,1,1,1,1,1,0,0,0,0,0,0,0,0
2007-12-16 11:30:00+00:00,30,12,11,80.65815734863281,92.10939025878906,0,0,0,0,0,0,0,0,0,1,1,1,1,1,1,1,1,0,0,0,0,0,0,0,0
2007-12-16 11:30:00+00:00,30,12,11,89.99205017089844,44.77371597290039,0,0,0,0,0,0,0,0,0,1,1,1,1,1,1,1,1,0,0,0,0,0,0,1,1
2007-12-16 11:30:00+00:00,30,12,11,,,0,0,0,0,0,0,0,0,0,0,0,0,0,0,0,0,0,0,0,0,0,0,0,0,0
2007-12-16 11:45:00+00:00,30,12,11,280.920654296875,91.80699920654297,0,0,0,0,0,0,0,0,0,0,0,0,0,0,0,1,1,0,0,0,0,0,0,0,0
2007-12-16 11:45:00+00:00,30,12,11,116.2280044555664,108.06399536132812,0,0,0,0,0,0,0,0,0,0,1,1,1,1,1,1,1,0,0,0,0,0,0,0,0
2007-12-16 11:45:00+00:00,30,12,11,182.00685119628906,180.5525665283203,0,0,0,0,0,0,0,0,0,0,0,0,0,1,1,1,1,0,0,0,0,0,0,0,0
2007-12-16 11:45:00+00:00,30,12,11,234.5072479248047,204.034912109375,0,0,0,0,0,0,0,0,0,0,0,0,0,0,1,1,1,0,0,0,0,0,0,0,0
2007-12-16 11:45:00+00:00,30,12,11,238.5306396484375,163.25643920898438,0,0,0,0,0,0,0,0,0,0,0,0,0,0,1,1,1,0,0,0,0,0,0,0,0
2007-12-16 11:45:00+00:00,30,12,11,245.4039306640625,187.87176513671875,0,0,0,0,0,0,0,0,0,0,0,0,0,0,1,1,1,0,0,0,0,0,0,0,0
2007-12-16 11:45:00+00:00,30,12,11,123.34687042236328,116.59838104248047,0,0,0,0,0,0,0,0,0,0,0,1,1,1,1,1,1,0,0,0,0,0,0,0,0
2007-12-16 11:45:00+00:00,30,12,11,232.921875,228.03347778320312,0,0,0,0,0,0,0,0,0,0,0,0,0,0,1,1,1,0,0,0,0,0,0,0,0
2007-12-16 11:45:00+00:00,30,12,11,248.160888671875,231.43893432617188,0,0,0,0,0,0,0,0,0,0,0,0,0,0,1,1,1,0,0,0,0,0,0,0,0
2007-12-16 11:45:00+00:00,30,12,11,75.36383819580078,77.45560455322266,0,0,0,0,0,0,0,0,1,1,1,1,1,1,1,1,1,0,0,0,0,0,0,0,0
2007-12-16 11:45:00+00:00,30,12,11,181.89344787597656,145.96463012695312,0,0,0,0,0,0,0,0,0,0,0,0,0,1,1,1,1,0,0,0,0,0,0,0,0
2007-12-16 11:45:00+00:00,30,12,11,41.22312545776367,30.799489974975586,0,0,0,0,0,0,1,1,1,1,1,1,1,1,1,1,1,0,0,0,0,0,1,1,1
2007-12-16 11:45:00+00:00,30,12,11,48.15373611450195,45.63298034667969,0,0,0,0,0,0,1,1,1,1,1,1,1,1,1,1,1,0,0,0,0,0,0,1,1
2007-12-16 11:45:00+00:00,30,12,11,,,0,0,0,0,0,0,0,0,0,0,0,0,0,0,0,0,0,0,0,0,0,0,0,0,0
2007-12-16 12:00:00+00:00,30,12,12,,208.02308654785156,0,0,0,0,0,0,0,0,0,0,0,0,0,0,0,0,0,0,0,0,0,0,0,0,0
2007-12-16 12:00:00+00:00,30,12,12,369.1742858886719,354.0760192871094,0,0,0,0,0,0,0,0,0,0,0,0,0,0,0,0,0,0,0,0,0,0,0,0,0
2007-12-16 12:00:00+00:00,30,12,12,74.11780548095703,60.922584533691406,0,0,0,0,0,0,0,0,1,1,1,1,1,1,1,1,1,0,0,0,0,0,0,0,0
2007-12-16 12:00:00+00:00,30,12,12,73.26143646240234,74.85899353027344,0,0,0,0,0,0,0,0,1,1,1,1,1,1,1,1,1,0,0,0,0,0,0,0,0
2007-12-16 12:00:00+00:00,30,12,12,104.14924621582031,107.64541625976562,0,0,0,0,0,0,0,0,0,0,1,1,1,1,1,1,1,0,0,0,0,0,0,0,0
2007-12-16 12:00:00+00:00,30,12,12,132.06365966796875,148.80299377441406,0,0,0,0,0,0,0,0,0,0,0,1,1,1,1,1,1,0,0,0,0,0,0,0,0
2007-12-16 12:00:00+00:00,30,12,12,431.3628845214844,417.9706726074219,0,0,0,0,0,0,0,0,0,0,0,0,0,0,0,0,0,0,0,0,0,0,0,0,0
2007-12-16 12:00:00+00:00,30,12,12,162.4806365966797,150.9295196533203,0,0,0,0,0,0,0,0,0,0,0,0,1,1,1,1,1,0,0,0,0,0,0,0,0
2007-12-16 12:00:00+00:00,30,12,12,58.3671989440918,64.28296661376953,0,0,0,0,0,0,0,1,1,1,1,1,1,1,1,1,1,0,0,0,0,0,0,0,0
2007-12-16 12:00:00+00:00,30,12,12,284.6571960449219,295.430419921875,0,0,0,0,0,0,0,0,0,0,0,0,0,0,0,1,1,0,0,0,0,0,0,0,0
2007-12-16 12:00:00+00:00,30,12,12,195.09840393066406,182.5461883544922,0,0,0,0,0,0,0,0,0,0,0,0,0,1,1,1,1,0,0,0,0,0,0,0,0
2007-12-16 12:00:00+00:00,30,12,12,142.65057373046875,86.30555725097656,0,0,0,0,0,0,0,0,0,0,0,1,1,1,1,1,1,0,0,0,0,0,0,0,0
2007-12-16 12:00:00+00:00,30,12,12,197.6482696533203,114.77146911621094,0,0,0,0,0,0,0,0,0,0,0,0,0,1,1,1,1,0,0,0,0,0,0,0,0
2007-12-16 12:00:00+00:00,30,12,12,168.21316528320312,170.70196533203125,0,0,0,0,0,0,0,0,0,0,0,0,1,1,1,1,1,0,0,0,0,0,0,0,0
2007-12-16 12:00:00+00:00,30,12,12,66.02436065673828,102.3532943725586,0,0,0,0,0,0,0,0,1,1,1,1,1,1,1,1,1,0,0,0,0,0,0,0,0
2007-12-16 12:00:00+00:00,30,12,12,,,0,0,0,0,0,0,0,0,0,0,0,0,0,0,0,0,0,0,0,0,0,0,0,0,0
2007-12-16 12:15:00+00:00,30,12,12,205.68565368652344,186.24806213378906,0,0,0,0,0,0,0,0,0,0,0,0,0,0,1,1,1,0,0,0,0,0,0,0,0
2007-12-16 12:15:00+00:00,30,12,12,176.2802276611328,71.19637298583984,0,0,0,0,0,0,0,0,0,0,0,0,1,1,1,1,1,0,0,0,0,0,0,0,0
2007-12-16 12:15:00+00:00,30,12,12,109.08139038085938,95.1915512084961,0,0,0,0,0,0,0,0,0,0,1,1,1,1,1,1,1,0,0,0,0,0,0,0,0
2007-12-16 12:15:00+00:00,30,12,12,170.2814483642578,244.13134765625,0,0,0,0,0,0,0,0,0,0,0,0,1,1,1,1,1,0,0,0,0,0,0,0,0
2007-12-16 12:15:00+00:00,30,12,12,,,0,0,0,0,0,0,0,0,0,0,0,0,0,0,0,0,0,0,0,0,0,0,0,0,0
2007-12-16 12:15:00+00:00,30,12,12,153.7898406982422,137.4228973388672,0,0,0,0,0,0,0,0,0,0,0,0,1,1,1,1,1,0,0,0,0,0,0,0,0
2007-12-16 12:15:00+00:00,30,12,12,132.4056854248047,124.22300720214844,0,0,0,0,0,0,0,0,0,0,0,1,1,1,1,1,1,0,0,0,0,0,0,0,0
2007-12-16 12:15:00+00:00,30,12,12,118.88257598876953,104.38923645019531,0,0,0,0,0,0,0,0,0,0,1,1,1,1,1,1,1,0,0,0,0,0,0,0,0
2007-12-16 12:15:00+00:00,30,12,12,61.55400085449219,52.958457946777344,0,0,0,0,0,0,0,0,1,1,1,1,1,1,1,1,1,0,0,0,0,0,0,0,1
2007-12-16 12:15:00+00:00,30,12,12,146.0087890625,148.26150512695312,0,0,0,0,0,0,0,0,0,0,0,1,1,1,1,1,1,0,0,0,0,0,0,0,0
2007-12-16 12:15:00+00:00,30,12,12,67.77557373046875,55.4763298034668,0,0,0,0,0,0,0,0,1,1,1,1,1,1,1,1,1,0,0,0,0,0,0,0,1
2007-12-16 12:15:00+00:00,30,12,12,150.6167449951172,148.54977416992188,0,0,0,0,0,0,0,0,0,0,0,0,1,1,1,1,1,0,0,0,0,0,0,0,0
2007-12-16 12:15:00+00:00,30,12,12,,357.9083557128906,0,0,0,0,0,0,0,0,0,0,0,0,0,0,0,0,0,0,0,0,0,0,0,0,0
2007-12-16 12:15:00+00:00,30,12,12,259.12615966796875,270.8848571777344,0,0,0,0,0,0,0,0,0,0,0,0,0,0,0,1,1,0,0,0,0,0,0,0,0
2007-12-16 12:15:00+00:00,30,12,12,,,0,0,0,0,0,0,0,0,0,0,0,0,0,0,0,0,0,0,0,0,0,0,0,0,0
2007-12-16 12:30:00+00:00,30,12,12,312.0630187988281,403.6308898925781,0,0,0,0,0,0,0,0,0,0,0,0,0,0,0,0,1,0,0,0,0,0,0,0,0
2007-12-16 12:30:00+00:00,30,12,12,116.36410522460938,106.80760955810547,0,0,0,0,0,0,0,0,0,0,1,1,1,1,1,1,1,0,0,0,0,0,0,0,0
2007-12-16 12:30:00+00:00,30,12,12,289.0347900390625,290.8690185546875,0,0,0,0,0,0,0,0,0,0,0,0,0,0,0,1,1,0,0,0,0,0,0,0,0
2007-12-16 12:30:00+00:00,30,12,12,,,0,0,0,0,0,0,0,0,0,0,0,0,0,0,0,0,0,0,0,0,0,0,0,0,0
2007-12-16 12:30:00+00:00,30,12,12,101.05522155761719,97.35729217529297,0,0,0,0,0,0,0,0,0,0,1,1,1,1,1,1,1,0,0,0,0,0,0,0,0
2007-12-16 12:30:00+00:00,30,12,12,37.63422775268555,30.864286422729492,0,0,0,0,0,1,1,1,1,1,1,1,1,1,1,1,1,0,0,0,0,0,1,1,1
2007-12-16 12:30:00+00:00,30,12,12,117.7546615600586,107.33292388916016,0,0,0,0,0,0,0,0,0,0,1,1,1,1,1,1,1,0,0,0,0,0,0,0,0
2007-12-16 12:30:00+00:00,30,12,12,156.7008819580078,157.229248046875,0,0,0,0,0,0,0,0,0,0,0,0,1,1,1,1,1,0,0,0,0,0,0,0,0
2007-12-16 12:30:00+00:00,30,12,12,60.81394958496094,77.50264739990234,0,0,0,0,0,0,0,0,1,1,1,1,1,1,1,1,1,0,0,0,0,0,0,0,0
2007-12-16 12:30:00+00:00,30,12,12,170.0090789794922,176.1420135498047,0,0,0,0,0,0,0,0,0,0,0,0,1,1,1,1,1,0,0,0,0,0,0,0,0
2007-12-16 12:30:00+00:00,30,12,12,247.49371337890625,233.72360229492188,0,0,0,0,0,0,0,0,0,0,0,0,0,0,1,1,1,0,0,0,0,0,0,0,0
2007-12-16 12:45:00+00:00,30,12,12,83.4865493774414,3.2725696563720703,0,0,0,0,0,0,0,0,0,1,1,1,1,1,1,1,1,1,1,1,1,1,1,1,1
2007-12-16 12:45:00+00:00,30,12,12,,,0,0,0,0,0,0,0,0,0,0,0,0,0,0,0,0,0,0,0,0,0,0,0,0,0
2007-12-16 12:45:00+00:00,30,12,12,445.0271911621094,432.3843688964844,0,0,0,0,0,0,0,0,0,0,0,0,0,0,0,0,0,0,0,0,0,0,0,0,0
2007-12-16 12:45:00+00:00,30,12,12,170.82080078125,152.89471435546875,0,0,0,0,0,0,0,0,0,0,0,0,1,1,1,1,1,0,0,0,0,0,0,0,0
2007-12-16 12:45:00+00:00,30,12,12,163.50286865234375,136.75851440429688,0,0,0,0,0,0,0,0,0,0,0,0,1,1,1,1,1,0,0,0,0,0,0,0,0
2007-12-16 12:45:00+00:00,30,12,12,123.03360748291016,112.34293365478516,0,0,0,0,0,0,0,0,0,0,0,1,1,1,1,1,1,0,0,0,0,0,0,0,0
2007-12-16 12:45:00+00:00,30,12,12,239.69140625,229.71966552734375,0,0,0,0,0,0,0,0,0,0,0,0,0,0,1,1,1,0,0,0,0,0,0,0,0
2007-12-16 12:45:00+00:00,30,12,12,89.894775390625,46.03696823120117,0,0,0,0,0,0,0,0,0,1,1,1,1,1,1,1,1,0,0,0,0,0,0,1,1
2007-12-16 12:45:00+00:00,30,12,12,315.81103515625,331.6753845214844,0,0,0,0,0,0,0,0,0,0,0,0,0,0,0,0,1,0,0,0,0,0,0,0,0
2007-12-16 13:00:00+00:00,30,12,13,50.16318130493164,8.961689949035645,0,0,0,0,0,0,0,1,1,1,1,1,1,1,1,1,1,1,1,1,1,1,1,1,1
2007-12-16 13:00:00+00:00,30,12,13,124.55014038085938,131.4979248046875,0,0,0,0,0,0,0,0,0,0,0,1,1,1,1,1,1,0,0,0,0,0,0,0,0
2007-12-16 13:00:00+00:00,30,12,13,168.5598602294922,158.25396728515625,0,0,0,0,0,0,0,0,0,0,0,0,1,1,1,1,1,0,0,0,0,0,0,0,0
2007-12-16 13:00:00+00:00,30,12,13,103.10889434814453,281.9881896972656,0,0,0,0,0,0,0,0,0,0,1,1,1,1,1,1,1,0,0,0,0,0,0,0,0
2007-12-16 13:00:00+00:00,30,12,13,45.72603988647461,79.22871398925781,0,0,0,0,0,0,1,1,1,1,1,1,1,1,1,1,1,0,0,0,0,0,0,0,0
2007-12-16 13:00:00+00:00,30,12,13,228.46400451660156,222.24319458007812,0,0,0,0,0,0,0,0,0,0,0,0,0,0,1,1,1,0,0,0,0,0,0,0,0
2007-12-16 13:00:00+00:00,30,12,13,156.01089477539062,135.4858856201172,0,0,0,0,0,0,0,0,0,0,0,0,1,1,1,1,1,0,0,0,0,0,0,0,0
2007-12-16 13:00:00+00:00,30,12,13,185.1118621826172,191.9955291748047,0,0,0,0,0,0,0,0,0,0,0,0,0,1,1,1,1,0,0,0,0,0,0,0,0
2007-12-16 13:00:00+00:00,30,12,13,82.66668701171875,67.94326782226562,0,0,0,0,0,0,0,0,0,1,1,1,1,1,1,1,1,0,0,0,0,0,0,0,0
2007-12-16 13:00:00+00:00,30,12,13,138.2332763671875,136.52301025390625,0,0,0,0,0,0,0,0,0,0,0,1,1,1,1,1,1,0,0,0,0,0,0,0,0
2007-12-16 13:15:00+00:00,30,12,13,278.321044921875,222.9130096435547,0,0,0,0,0,0,0,0,0,0,0,0,0,0,0,1,1,0,0,0,0,0,0,0,0
2007-12-16 13:15:00+00:00,30,12,13,55.13779830932617,59.419189453125,0,0,0,0,0,0,0,1,1,1,1,1,1,1,1,1,1,0,0,0,0,0,0,0,1
2007-12-16 13:15:00+00:00,30,12,13,49.890052795410156,71.4491958618164,0,0,0,0,0,0,1,1,1,1,1,1,1,1,1,1,1,0,0,0,0,0,0,0,0
2007-12-16 13:15:00+00:00,30,12,13,84.46063995361328,114.88839721679688,0,0,0,0,0,0,0,0,0,1,1,1,1,1,1,1,1,0,0,0,0,0,0,0,0
2007-12-16 13:15:00+00:00,30,12,13,171.62574768066406,177.5248260498047,0,0,0,0,0,0,0,0,0,0,0,0,1,1,1,1,1,0,0,0,0,0,0,0,0
2007-12-16 13:15:00+00:00,30,12,13,92.44393920898438,102.86953735351562,0,0,0,0,0,0,0,0,0,1,1,1,1,1,1,1,1,0,0,0,0,0,0,0,0
2007-12-16 13:15:00+00:00,30,12,13,106.14775848388672,18.798629760742188,0,0,0,0,0,0,0,0,0,0,1,1,1,1,1,1,1,0,0,1,1,1,1,1,1
2007-12-16 13:15:00+00:00,30,12,13,176.27296447753906,178.19369506835938,0,0,0,0,0,0,0,0,0,0,0,0,1,1,1,1,1,0,0,0,0,0,0,0,0
2007-12-16 13:15:00+00:00,30,12,13,177.2214813232422,35.811710357666016,0,0,0,0,0,0,0,0,0,0,0,0,1,1,1,1,1,0,0,0,0,0,1,1,1
2007-12-16 13:15:00+00:00,30,12,13,311.58758544921875,88.50188446044922,0,0,0,0,0,0,0,0,0,0,0,0,0,0,0,0,1,0,0,0,0,0,0,0,0
2007-12-16 13:15:00+00:00,30,12,13,205.85757446289062,147.306396484375,0,0,0,0,0,0,0,0,0,0,0,0,0,0,1,1,1,0,0,0,0,0,0,0,0
2007-12-16 13:30:00+00:00,30,12,13,281.94500732421875,,0,0,0,0,0,0,0,0,0,0,0,0,0,0,0,1,1,0,0,0,0,0,0,0,0
2007-12-16 13:30:00+00:00,30,12,13,60.18173599243164,53.37358093261719,0,0,0,0,0,0,0,0,1,1,1,1,1,1,1,1,1,0,0,0,0,0,0,0,1
2007-12-16 13:30:00+00:00,30,12,13,44.44841766357422,26.283130645751953,0,0,0,0,0,0,1,1,1,1,1,1,1,1,1,1,1,0,0,0,0,1,1,1,1
2007-12-16 13:30:00+00:00,30,12,13,177.25328063964844,186.1162872314453,0,0,0,0,0,0,0,0,0,0,0,0,1,1,1,1,1,0,0,0,0,0,0,0,0
2007-12-16 13:30:00+00:00,30,12,13,103.23300170898438,92.60059356689453,0,0,0,0,0,0,0,0,0,0,1,1,1,1,1,1,1,0,0,0,0,0,0,0,0
2007-12-16 13:30:00+00:00,30,12,13,257.581298828125,240.48765563964844,0,0,0,0,0,0,0,0,0,0,0,0,0,0,0,1,1,0,0,0,0,0,0,0,0
2007-12-16 13:30:00+00:00,30,12,13,44.86330032348633,23.329607009887695,0,0,0,0,0,0,1,1,1,1,1,1,1,1,1,1,1,0,0,0,1,1,1,1,1
2007-12-16 13:45:00+00:00,30,12,13,73.51289367675781,61.58781051635742,0,0,0,0,0,0,0,0,1,1,1,1,1,1,1,1,1,0,0,0,0,0,0,0,0
2007-12-16 13:45:00+00:00,30,12,13,173.96408081054688,347.88641357421875,0,0,0,0,0,0,0,0,0,0,0,0,1,1,1,1,1,0,0,0,0,0,0,0,0
2007-12-16 13:45:00+00:00,30,12,13,48.74565887451172,0.0,0,0,0,0,0,0,1,1,1,1,1,1,1,1,1,1,1,1,1,1,1,1,1,1,1
2007-12-16 13:45:00+00:00,30,12,13,146.213623046875,223.99777221679688,0,0,0,0,0,0,0,0,0,0,0,1,1,1,1,1,1,0,0,0,0,0,0,0,0
2007-12-16 13:45:00+00:00,30,12,13,72.95266723632812,50.763545989990234,0,0,0,0,0,0,0,0,1,1,1,1,1,1,1,1,1,0,0,0,0,0,0,0,1
2007-12-16 13:45:00+00:00,30,12,13,287.962646484375,273.735595703125,0,0,0,0,0,0,0,0,0,0,0,0,0,0,0,1,1,0,0,0,0,0,0,0,0
2007-12-16 13:45:00+00:00,30,12,13,126.25053405761719,105.01754760742188,0,0,0,0,0,0,0,0,0,0,0,1,1,1,1,1,1,0,0,0,0,0,0,0,0
2007-12-16 13:45:00+00:00,30,12,13,58.788814544677734,73.36582946777344,0,0,0,0,0,0,0,1,1,1,1,1,1,1,1,1,1,0,0,0,0,0,0,0,0
2007-12-16 14:00:00+00:00,30,12,14,59.15268325805664,51.8294563293457,0,0,0,0,0,0,0,1,1,1,1,1,1,1,1,1,1,0,0,0,0,0,0,0,1
2007-12-16 14:00:00+00:00,30,12,14,155.06004333496094,130.43072509765625,0,0,0,0,0,0,0,0,0,0,0,0,1,1,1,1,1,0,0,0,0,0,0,0,0
2007-12-16 14:00:00+00:00,30,12,14,183.57945251464844,163.4664764404297,0,0,0,0,0,0,0,0,0,0,0,0,0,1,1,1,1,0,0,0,0,0,0,0,0
2007-12-16 14:00:00+00:00,30,12,14,120.08655548095703,161.81544494628906,0,0,0,0,0,0,0,0,0,0,0,1,1,1,1,1,1,0,0,0,0,0,0,0,0
2007-12-16 14:00:00+00:00,30,12,14,250.12709045410156,234.87059020996094,0,0,0,0,0,0,0,0,0,0,0,0,0,0,0,1,1,0,0,0,0,0,0,0,0
2007-12-16 14:00:00+00:00,30,12,14,236.6369171142578,218.5076904296875,0,0,0,0,0,0,0,0,0,0,0,0,0,0,1,1,1,0,0,0,0,0,0,0,0
2007-12-16 14:00:00+00:00,30,12,14,206.56838989257812,137.6558074951172,0,0,0,0,0,0,0,0,0,0,0,0,0,0,1,1,1,0,0,0,0,0,0,0,0
2007-12-16 14:00:00+00:00,30,12,14,135.66860961914062,118.83903503417969,0,0,0,0,0,0,0,0,0,0,0,1,1,1,1,1,1,0,0,0,0,0,0,0,0
2007-12-16 14:00:00+00:00,30,12,14,77.17008209228516,78.7086181640625,0,0,0,0,0,0,0,0,1,1,1,1,1,1,1,1,1,0,0,0,0,0,0,0,0
2007-12-16 14:00:00+00:00,30,12,14,354.07855224609375,312.0549621582031,0,0,0,0,0,0,0,0,0,0,0,0,0,0,0,0,0,0,0,0,0,0,0,0,0
2007-12-16 14:15:00+00:00,30,12,14,383.94720458984375,321.924560546875,0,0,0,0,0,0,0,0,0,0,0,0,0,0,0,0,0,0,0,0,0,0,0,0,0
2007-12-16 14:15:00+00:00,30,12,14,91.30966186523438,104.64801788330078,0,0,0,0,0,0,0,0,0,1,1,1,1,1,1,1,1,0,0,0,0,0,0,0,0
2007-12-16 14:15:00+00:00,30,12,14,330.30181884765625,292.0169677734375,0,0,0,0,0,0,0,0,0,0,0,0,0,0,0,0,1,0,0,0,0,0,0,0,0
2007-12-16 14:15:00+00:00,30,12,14,58.25716018676758,301.545166015625,0,0,0,0,0,0,0,1,1,1,1,1,1,1,1,1,1,0,0,0,0,0,0,0,0
2007-12-16 14:15:00+00:00,30,12,14,87.54204559326172,141.25250244140625,0,0,0,0,0,0,0,0,0,1,1,1,1,1,1,1,1,0,0,0,0,0,0,0,0
2007-12-16 14:15:00+00:00,30,12,14,37.34246826171875,42.01226043701172,0,0,0,0,0,1,1,1,1,1,1,1,1,1,1,1,1,0,0,0,0,0,0,1,1
2007-12-16 14:15:00+00:00,30,12,14,,,0,0,0,0,0,0,0,0,0,0,0,0,0,0,0,0,0,0,0,0,0,0,0,0,0
2007-12-16 14:30:00+00:00,30,12,14,87.88963317871094,82.3515396118164,0,0,0,0,0,0,0,0,0,1,1,1,1,1,1,1,1,0,0,0,0,0,0,0,0
2007-12-16 14:30:00+00:00,30,12,14,279.0973815917969,271.1255187988281,0,0,0,0,0,0,0,0,0,0,0,0,0,0,0,1,1,0,0,0,0,0,0,0,0
2007-12-16 14:30:00+00:00,30,12,14,381.1474304199219,3.0406839847564697,0,0,0,0,0,0,0,0,0,0,0,0,0,0,0,0,0,1,1,1,1,1,1,1,1
2007-12-16 14:30:00+00:00,30,12,14,357.1199951171875,31.541954040527344,0,0,0,0,0,0,0,0,0,0,0,0,0,0,0,0,0,0,0,0,0,0,1,1,1
2007-12-16 14:45:00+00:00,30,12,14,106.48173522949219,106.48173522949219,0,0,0,0,0,0,0,0,0,0,1,1,1,1,1,1,1,0,0,0,0,0,0,0,0
2007-12-16 14:45:00+00:00,30,12,14,55.266048431396484,118.8459243774414,0,0,0,0,0,0,0,1,1,1,1,1,1,1,1,1,1,0,0,0,0,0,0,0,0
2007-12-16 14:45:00+00:00,30,12,14,371.3564453125,359.1391296386719,0,0,0,0,0,0,0,0,0,0,0,0,0,0,0,0,0,0,0,0,0,0,0,0,0
2007-12-16 14:45:00+00:00,30,12,14,43.388301849365234,43.388301849365234,0,0,0,0,0,0,1,1,1,1,1,1,1,1,1,1,1,0,0,0,0,0,0,1,1
2007-12-16 14:45:00+00:00,30,12,14,75.63993072509766,3.101119041442871,0,0,0,0,0,0,0,0,1,1,1,1,1,1,1,1,1,1,1,1,1,1,1,1,1
2007-12-16 14:45:00+00:00,30,12,14,147.81295776367188,13.080103874206543,0,0,0,0,0,0,0,0,0,0,0,1,1,1,1,1,1,0,1,1,1,1,1,1,1
2007-12-16 14:45:00+00:00,30,12,14,225.4321746826172,234.75466918945312,0,0,0,0,0,0,0,0,0,0,0,0,0,0,1,1,1,0,0,0,0,0,0,0,0
2007-12-16 15:00:00+00:00,30,12,15,41.780242919921875,0.0,0,0,0,0,0,0,1,1,1,1,1,1,1,1,1,1,1,1,1,1,1,1,1,1,1
2007-12-16 15:00:00+00:00,30,12,15,274.4640197753906,217.95281982421875,0,0,0,0,0,0,0,0,0,0,0,0,0,0,0,1,1,0,0,0,0,0,0,0,0
2007-12-16 15:00:00+00:00,30,12,15,55.80424499511719,61.02585220336914,0,0,0,0,0,0,0,1,1,1,1,1,1,1,1,1,1,0,0,0,0,0,0,0,0
2007-12-16 15:00:00+00:00,30,12,15,460.8194885253906,445.6093444824219,0,0,0,0,0,0,0,0,0,0,0,0,0,0,0,0,0,0,0,0,0,0,0,0,0
2007-12-16 15:00:00+00:00,30,12,15,171.5181884765625,40.908935546875,0,0,0,0,0,0,0,0,0,0,0,0,1,1,1,1,1,0,0,0,0,0,0,1,1
2007-12-16 15:00:00+00:00,30,12,15,108.10147094726562,11.441177368164062,0,0,0,0,0,0,0,0,0,0,1,1,1,1,1,1,1,0,1,1,1,1,1,1,1
2007-12-16 15:00:00+00:00,30,12,15,165.2600860595703,107.31006622314453,0,0,0,0,0,0,0,0,0,0,0,0,1,1,1,1,1,0,0,0,0,0,0,0,0
2007-12-16 15:00:00+00:00,30,12,15,73.2802505493164,57.8892822265625,0,0,0,0,0,0,0,0,1,1,1,1,1,1,1,1,1,0,0,0,0,0,0,0,1
2007-12-16 15:00:00+00:00,30,12,15,190.26734924316406,0.0,0,0,0,0,0,0,0,0,0,0,0,0,0,1,1,1,1,1,1,1,1,1,1,1,1
2007-12-16 15:00:00+00:00,30,12,15,282.52880859375,281.6344909667969,0,0,0,0,0,0,0,0,0,0,0,0,0,0,0,1,1,0,0,0,0,0,0,0,0
2007-12-16 15:15:00+00:00,30,12,15,48.09232711791992,0.0,0,0,0,0,0,0,1,1,1,1,1,1,1,1,1,1,1,1,1,1,1,1,1,1,1
2007-12-16 15:15:00+00:00,30,12,15,61.478965759277344,62.6358642578125,0,0,0,0,0,0,0,0,1,1,1,1,1,1,1,1,1,0,0,0,0,0,0,0,0
2007-12-16 15:15:00+00:00,30,12,15,44.633514404296875,8.79578971862793,0,0,0,0,0,0,1,1,1,1,1,1,1,1,1,1,1,1,1,1,1,1,1,1,1
2007-12-16 15:15:00+00:00,30,12,15,137.1122589111328,163.78797912597656,0,0,0,0,0,0,0,0,0,0,0,1,1,1,1,1,1,0,0,0,0,0,0,0,0
2007-12-16 15:15:00+00:00,30,12,15,40.649497985839844,10.41529369354248,0,0,0,0,0,0,1,1,1,1,1,1,1,1,1,1,1,0,1,1,1,1,1,1,1
2007-12-16 15:15:00+00:00,30,12,15,166.86053466796875,169.4603729248047,0,0,0,0,0,0,0,0,0,0,0,0,1,1,1,1,1,0,0,0,0,0,0,0,0
2007-12-16 15:15:00+00:00,30,12,15,347.46734619140625,330.54296875,0,0,0,0,0,0,0,0,0,0,0,0,0,0,0,0,1,0,0,0,0,0,0,0,0
2007-12-16 15:15:00+00:00,30,12,15,,180.3277587890625,0,0,0,0,0,0,0,0,0,0,0,0,0,0,0,0,0,0,0,0,0,0,0,0,0
2007-12-16 15:30:00+00:00,30,12,15,70.69287109375,22.305774688720703,0,0,0,0,0,0,0,0,1,1,1,1,1,1,1,1,1,0,0,0,1,1,1,1,1
2007-12-16 15:30:00+00:00,30,12,15,55.58483123779297,33.65713882446289,0,0,0,0,0,0,0,1,1,1,1,1,1,1,1,1,1,0,0,0,0,0,1,1,1
2007-12-16 15:30:00+00:00,30,12,15,82.19989013671875,170.8407440185547,0,0,0,0,0,0,0,0,0,1,1,1,1,1,1,1,1,0,0,0,0,0,0,0,0
2007-12-16 15:30:00+00:00,30,12,15,91.92455291748047,232.48605346679688,0,0,0,0,0,0,0,0,0,1,1,1,1,1,1,1,1,0,0,0,0,0,0,0,0
2007-12-16 15:30:00+00:00,30,12,15,66.9181137084961,65.94832611083984,0,0,0,0,0,0,0,0,1,1,1,1,1,1,1,1,1,0,0,0,0,0,0,0,0
2007-12-16 15:30:00+00:00,30,12,15,49.682376861572266,34.34568405151367,0,0,0,0,0,0,1,1,1,1,1,1,1,1,1,1,1,0,0,0,0,0,1,1,1
2007-12-16 15:30:00+00:00,30,12,15,,,0,0,0,0,0,0,0,0,0,0,0,0,0,0,0,0,0,0,0,0,0,0,0,0,0
2007-12-16 15:45:00+00:00,30,12,15,85.68589782714844,33.923973083496094,0,0,0,0,0,0,0,0,0,1,1,1,1,1,1,1,1,0,0,0,0,0,1,1,1
2007-12-16 15:45:00+00:00,30,12,15,62.099796295166016,44.890499114990234,0,0,0,0,0,0,0,0,1,1,1,1,1,1,1,1,1,0,0,0,0,0,0,1,1
2007-12-16 15:45:00+00:00,30,12,15,240.10952758789062,151.24378967285156,0,0,0,0,0,0,0,0,0,0,0,0,0,0,1,1,1,0,0,0,0,0,0,0,0
2007-12-16 15:45:00+00:00,30,12,15,244.2632598876953,232.77178955078125,0,0,0,0,0,0,0,0,0,0,0,0,0,0,1,1,1,0,0,0,0,0,0,0,0
2007-12-16 15:45:00+00:00,30,12,15,260.153076171875,255.64830017089844,0,0,0,0,0,0,0,0,0,0,0,0,0,0,0,1,1,0,0,0,0,0,0,0,0
2007-12-16 15:45:00+00:00,30,12,15,,,0,0,0,0,0,0,0,0,0,0,0,0,0,0,0,0,0,0,0,0,0,0,0,0,0
2007-12-16 16:00:00+00:00,30,12,16,104.1766357421875,3.0512008666992188,0,0,0,0,0,0,0,0,0,0,1,1,1,1,1,1,1,1,1,1,1,1,1,1,1
2007-12-16 16:00:00+00:00,30,12,16,341.73065185546875,354.0007019042969,0,0,0,0,0,0,0,0,0,0,0,0,0,0,0,0,1,0,0,0,0,0,0,0,0
2007-12-16 16:00:00+00:00,30,12,16,380.05877685546875,361.53717041015625,0,0,0,0,0,0,0,0,0,0,0,0,0,0,0,0,0,0,0,0,0,0,0,0,0
2007-12-16 16:00:00+00:00,30,12,16,154.48529052734375,64.67082977294922,0,0,0,0,0,0,0,0,0,0,0,0,1,1,1,1,1,0,0,0,0,0,0,0,0
2007-12-16 16:00:00+00:00,30,12,16,,,0,0,0,0,0,0,0,0,0,0,0,0,0,0,0,0,0,0,0,0,0,0,0,0,0
2007-12-16 16:00:00+00:00,30,12,16,,,0,0,0,0,0,0,0,0,0,0,0,0,0,0,0,0,0,0,0,0,0,0,0,0,0
2007-12-16 16:00:00+00:00,30,12,16,,,0,0,0,0,0,0,0,0,0,0,0,0,0,0,0,0,0,0,0,0,0,0,0,0,0
2007-12-16 16:15:00+00:00,30,12,16,355.942138671875,358.8979797363281,0,0,0,0,0,0,0,0,0,0,0,0,0,0,0,0,0,0,0,0,0,0,0,0,0
2007-12-16 16:15:00+00:00,30,12,16,,,0,0,0,0,0,0,0,0,0,0,0,0,0,0,0,0,0,0,0,0,0,0,0,0,0
2007-12-16 16:30:00+00:00,30,12,16,225.1064453125,143.22262573242188,0,0,0,0,0,0,0,0,0,0,0,0,0,0,1,1,1,0,0,0,0,0,0,0,0
2007-12-16 16:30:00+00:00,30,12,16,260.5289306640625,296.4037780761719,0,0,0,0,0,0,0,0,0,0,0,0,0,0,0,1,1,0,0,0,0,0,0,0,0
2007-12-16 16:30:00+00:00,30,12,16,195.52162170410156,179.76185607910156,0,0,0,0,0,0,0,0,0,0,0,0,0,1,1,1,1,0,0,0,0,0,0,0,0
2007-12-16 16:30:00+00:00,30,12,16,76.60014343261719,95.0927963256836,0,0,0,0,0,0,0,0,1,1,1,1,1,1,1,1,1,0,0,0,0,0,0,0,0
2007-12-16 16:30:00+00:00,30,12,16,112.84595489501953,104.35735321044922,0,0,0,0,0,0,0,0,0,0,1,1,1,1,1,1,1,0,0,0,0,0,0,0,0
2007-12-16 16:30:00+00:00,30,12,16,287.90948486328125,283.5571594238281,0,0,0,0,0,0,0,0,0,0,0,0,0,0,0,1,1,0,0,0,0,0,0,0,0
2007-12-16 16:30:00+00:00,30,12,16,75.10152435302734,76.15626525878906,0,0,0,0,0,0,0,0,1,1,1,1,1,1,1,1,1,0,0,0,0,0,0,0,0
2007-12-16 16:30:00+00:00,30,12,16,,,0,0,0,0,0,0,0,0,0,0,0,0,0,0,0,0,0,0,0,0,0,0,0,0,0
2007-12-16 16:30:00+00:00,30,12,16,,,0,0,0,0,0,0,0,0,0,0,0,0,0,0,0,0,0,0,0,0,0,0,0,0,0
2007-12-16 16:45:00+00:00,30,12,16,209.94573974609375,188.12303161621094,0,0,0,0,0,0,0,0,0,0,0,0,0,0,1,1,1,0,0,0,0,0,0,0,0
2007-12-16 16:45:00+00:00,30,12,16,120.77519226074219,124.81416320800781,0,0,0,0,0,0,0,0,0,0,0,1,1,1,1,1,1,0,0,0,0,0,0,0,0
2007-12-16 16:45:00+00:00,30,12,16,213.4558868408203,211.61277770996094,0,0,0,0,0,0,0,0,0,0,0,0,0,0,1,1,1,0,0,0,0,0,0,0,0
2007-12-16 16:45:00+00:00,30,12,16,114.97301483154297,126.65449523925781,0,0,0,0,0,0,0,0,0,0,1,1,1,1,1,1,1,0,0,0,0,0,0,0,0
2007-12-16 16:45:00+00:00,30,12,16,127.00032043457031,116.2416763305664,0,0,0,0,0,0,0,0,0,0,0,1,1,1,1,1,1,0,0,0,0,0,0,0,0
2007-12-16 17:00:00+00:00,30,12,17,81.68582153320312,100.98920440673828,0,0,0,0,0,0,0,0,0,1,1,1,1,1,1,1,1,0,0,0,0,0,0,0,0
2007-12-16 17:00:00+00:00,30,12,17,128.56199645996094,193.01087951660156,0,0,0,0,0,0,0,0,0,0,0,1,1,1,1,1,1,0,0,0,0,0,0,0,0
2007-12-16 17:00:00+00:00,30,12,17,77.72869873046875,83.89818572998047,0,0,0,0,0,0,0,0,1,1,1,1,1,1,1,1,1,0,0,0,0,0,0,0,0
2007-12-16 17:00:00+00:00,30,12,17,111.60230255126953,124.22598266601562,0,0,0,0,0,0,0,0,0,0,1,1,1,1,1,1,1,0,0,0,0,0,0,0,0
2007-12-16 17:00:00+00:00,30,12,17,91.59111022949219,276.3839416503906,0,0,0,0,0,0,0,0,0,1,1,1,1,1,1,1,1,0,0,0,0,0,0,0,0
2007-12-16 17:00:00+00:00,30,12,17,,,0,0,0,0,0,0,0,0,0,0,0,0,0,0,0,0,0,0,0,0,0,0,0,0,0
2007-12-16 17:00:00+00:00,30,12,17,,,0,0,0,0,0,0,0,0,0,0,0,0,0,0,0,0,0,0,0,0,0,0,0,0,0
2007-12-16 17:15:00+00:00,30,12,17,149.4198455810547,300.9209289550781,0,0,0,0,0,0,0,0,0,0,0,1,1,1,1,1,1,0,0,0,0,0,0,0,0
2007-12-16 17:30:00+00:00,30,12,17,207.86862182617188,29.21384048461914,0,0,0,0,0,0,0,0,0,0,0,0,0,0,1,1,1,0,0,0,0,1,1,1,1
2007-12-16 17:30:00+00:00,30,12,17,,,0,0,0,0,0,0,0,0,0,0,0,0,0,0,0,0,0,0,0,0,0,0,0,0,0
2007-12-16 17:45:00+00:00,30,12,17,104.38397979736328,66.0762939453125,0,0,0,0,0,0,0,0,0,0,1,1,1,1,1,1,1,0,0,0,0,0,0,0,0
2007-12-16 17:45:00+00:00,30,12,17,207.73794555664062,101.02328491210938,0,0,0,0,0,0,0,0,0,0,0,0,0,0,1,1,1,0,0,0,0,0,0,0,0
2007-12-16 17:45:00+00:00,30,12,17,,,0,0,0,0,0,0,0,0,0,0,0,0,0,0,0,0,0,0,0,0,0,0,0,0,0
2007-12-17 10:00:00+00:00,30,12,10,52.117088317871094,70.40287780761719,0,0,0,0,0,0,0,1,1,1,1,1,1,1,1,1,1,0,0,0,0,0,0,0,0
2007-12-17 10:00:00+00:00,30,12,10,83.99240112304688,0.0,0,0,0,0,0,0,0,0,0,1,1,1,1,1,1,1,1,1,1,1,1,1,1,1,1
2007-12-17 10:00:00+00:00,30,12,10,129.03713989257812,3.506533145904541,0,0,0,0,0,0,0,0,0,0,0,1,1,1,1,1,1,1,1,1,1,1,1,1,1
2007-12-17 10:00:00+00:00,30,12,10,125.5716323852539,4.413088321685791,0,0,0,0,0,0,0,0,0,0,0,1,1,1,1,1,1,1,1,1,1,1,1,1,1
2007-12-17 10:00:00+00:00,30,12,10,89.3138656616211,65.83780670166016,0,0,0,0,0,0,0,0,0,1,1,1,1,1,1,1,1,0,0,0,0,0,0,0,0
2007-12-17 10:00:00+00:00,30,12,10,265.4703369140625,230.83285522460938,0,0,0,0,0,0,0,0,0,0,0,0,0,0,0,1,1,0,0,0,0,0,0,0,0
2007-12-17 10:00:00+00:00,30,12,10,120.2477035522461,98.56777954101562,0,0,0,0,0,0,0,0,0,0,0,1,1,1,1,1,1,0,0,0,0,0,0,0,0
2007-12-17 10:00:00+00:00,30,12,10,224.4441375732422,213.96646118164062,0,0,0,0,0,0,0,0,0,0,0,0,0,0,1,1,1,0,0,0,0,0,0,0,0
2007-12-17 10:00:00+00:00,30,12,10,257.2561340332031,252.23590087890625,0,0,0,0,0,0,0,0,0,0,0,0,0,0,0,1,1,0,0,0,0,0,0,0,0
2007-12-17 10:00:00+00:00,30,12,10,68.73193359375,3.318300485610962,0,0,0,0,0,0,0,0,1,1,1,1,1,1,1,1,1,1,1,1,1,1,1,1,1
2007-12-17 10:00:00+00:00,30,12,10,175.87950134277344,126.06326293945312,0,0,0,0,0,0,0,0,0,0,0,0,1,1,1,1,1,0,0,0,0,0,0,0,0
2007-12-17 10:00:00+00:00,30,12,10,73.06437683105469,62.880638122558594,0,0,0,0,0,0,0,0,1,1,1,1,1,1,1,1,1,0,0,0,0,0,0,0,0
2007-12-17 10:00:00+00:00,30,12,10,68.70597076416016,58.90813446044922,0,0,0,0,0,0,0,0,1,1,1,1,1,1,1,1,1,0,0,0,0,0,0,0,1
2007-12-17 10:00:00+00:00,30,12,10,36.195152282714844,27.659870147705078,0,0,0,0,0,1,1,1,1,1,1,1,1,1,1,1,1,0,0,0,0,1,1,1,1
2007-12-17 10:00:00+00:00,30,12,10,206.6595001220703,197.68505859375,0,0,0,0,0,0,0,0,0,0,0,0,0,0,1,1,1,0,0,0,0,0,0,0,0
2007-12-17 10:15:00+00:00,30,12,10,51.52092742919922,58.12456512451172,0,0,0,0,0,0,0,1,1,1,1,1,1,1,1,1,1,0,0,0,0,0,0,0,1
2007-12-17 10:15:00+00:00,30,12,10,121.40259552001953,123.3786392211914,0,0,0,0,0,0,0,0,0,0,0,1,1,1,1,1,1,0,0,0,0,0,0,0,0
2007-12-17 10:15:00+00:00,30,12,10,296.3653869628906,296.3653869628906,0,0,0,0,0,0,0,0,0,0,0,0,0,0,0,1,1,0,0,0,0,0,0,0,0
2007-12-17 10:15:00+00:00,30,12,10,279.7752990722656,263.9785461425781,0,0,0,0,0,0,0,0,0,0,0,0,0,0,0,1,1,0,0,0,0,0,0,0,0
2007-12-17 10:15:00+00:00,30,12,10,228.3451690673828,212.497314453125,0,0,0,0,0,0,0,0,0,0,0,0,0,0,1,1,1,0,0,0,0,0,0,0,0
2007-12-17 10:15:00+00:00,30,12,10,266.2146301269531,144.2244110107422,0,0,0,0,0,0,0,0,0,0,0,0,0,0,0,1,1,0,0,0,0,0,0,0,0
2007-12-17 10:15:00+00:00,30,12,10,327.2692565917969,222.1796875,0,0,0,0,0,0,0,0,0,0,0,0,0,0,0,0,1,0,0,0,0,0,0,0,0
2007-12-17 10:15:00+00:00,30,12,10,485.646728515625,391.6999206542969,0,0,0,0,0,0,0,0,0,0,0,0,0,0,0,0,0,0,0,0,0,0,0,0,0
2007-12-17 10:15:00+00:00,30,12,10,,220.86474609375,0,0,0,0,0,0,0,0,0,0,0,0,0,0,0,0,0,0,0,0,0,0,0,0,0
2007-12-17 10:15:00+00:00,30,12,10,119.82271575927734,68.9265365600586,0,0,0,0,0,0,0,0,0,0,1,1,1,1,1,1,1,0,0,0,0,0,0,0,0
2007-12-17 10:15:00+00:00,30,12,10,166.49517822265625,120.16876983642578,0,0,0,0,0,0,0,0,0,0,0,0,1,1,1,1,1,0,0,0,0,0,0,0,0
2007-12-17 10:15:00+00:00,30,12,10,260.50213623046875,179.00338745117188,0,0,0,0,0,0,0,0,0,0,0,0,0,0,0,1,1,0,0,0,0,0,0,0,0
2007-12-17 10:15:00+00:00,30,12,10,,189.9397735595703,0,0,0,0,0,0,0,0,0,0,0,0,0,0,0,0,0,0,0,0,0,0,0,0,0
2007-12-17 10:30:00+00:00,30,12,10,,238.0704345703125,0,0,0,0,0,0,0,0,0,0,0,0,0,0,0,0,0,0,0,0,0,0,0,0,0
2007-12-17 10:30:00+00:00,30,12,10,68.0727767944336,112.9173355102539,0,0,0,0,0,0,0,0,1,1,1,1,1,1,1,1,1,0,0,0,0,0,0,0,0
2007-12-17 10:30:00+00:00,30,12,10,254.2908477783203,251.1824188232422,0,0,0,0,0,0,0,0,0,0,0,0,0,0,0,1,1,0,0,0,0,0,0,0,0
2007-12-17 10:30:00+00:00,30,12,10,321.3146057128906,185.18988037109375,0,0,0,0,0,0,0,0,0,0,0,0,0,0,0,0,1,0,0,0,0,0,0,0,0
2007-12-17 10:30:00+00:00,30,12,10,105.68104553222656,103.28595733642578,0,0,0,0,0,0,0,0,0,0,1,1,1,1,1,1,1,0,0,0,0,0,0,0,0
2007-12-17 10:30:00+00:00,30,12,10,186.63204956054688,45.99401092529297,0,0,0,0,0,0,0,0,0,0,0,0,0,1,1,1,1,0,0,0,0,0,0,1,1
2007-12-17 10:30:00+00:00,30,12,10,187.35028076171875,135.1280975341797,0,0,0,0,0,0,0,0,0,0,0,0,0,1,1,1,1,0,0,0,0,0,0,0,0
2007-12-17 10:30:00+00:00,30,12,10,34.81953811645508,17.42078399658203,0,0,0,0,0,1,1,1,1,1,1,1,1,1,1,1,1,0,0,1,1,1,1,1,1
2007-12-17 10:30:00+00:00,30,12,10,75.8900375366211,95.18660736083984,0,0,0,0,0,0,0,0,1,1,1,1,1,1,1,1,1,0,0,0,0,0,0,0,0
2007-12-17 10:30:00+00:00,30,12,10,308.5713806152344,229.55929565429688,0,0,0,0,0,0,0,0,0,0,0,0,0,0,0,0,1,0,0,0,0,0,0,0,0
2007-12-17 10:30:00+00:00,30,12,10,,493.4792785644531,0,0,0,0,0,0,0,0,0,0,0,0,0,0,0,0,0,0,0,0,0,0,0,0,0
2007-12-17 10:30:00+00:00,30,12,10,207.00657653808594,204.47421264648438,0,0,0,0,0,0,0,0,0,0,0,0,0,0,1,1,1,0,0,0,0,0,0,0,0
2007-12-17 10:30:00+00:00,30,12,10,171.48143005371094,89.3975830078125,0,0,0,0,0,0,0,0,0,0,0,0,1,1,1,1,1,0,0,0,0,0,0,0,0
2007-12-17 10:30:00+00:00,30,12,10,246.42210388183594,153.19122314453125,0,0,0,0,0,0,0,0,0,0,0,0,0,0,1,1,1,0,0,0,0,0,0,0,0
2007-12-17 10:30:00+00:00,30,12,10,163.35650634765625,137.97894287109375,0,0,0,0,0,0,0,0,0,0,0,0,1,1,1,1,1,0,0,0,0,0,0,0,0
2007-12-17 10:30:00+00:00,30,12,10,504.6091003417969,444.9059753417969,0,0,0,0,0,0,0,0,0,0,0,0,0,0,0,0,0,0,0,0,0,0,0,0,0
2007-12-17 10:30:00+00:00,30,12,10,263.361328125,246.08294677734375,0,0,0,0,0,0,0,0,0,0,0,0,0,0,0,1,1,0,0,0,0,0,0,0,0
2007-12-17 10:30:00+00:00,30,12,10,88.85924530029297,71.62017059326172,0,0,0,0,0,0,0,0,0,1,1,1,1,1,1,1,1,0,0,0,0,0,0,0,0
2007-12-17 10:30:00+00:00,30,12,10,252.38021850585938,227.13450622558594,0,0,0,0,0,0,0,0,0,0,0,0,0,0,0,1,1,0,0,0,0,0,0,0,0
2007-12-17 10:30:00+00:00,30,12,10,256.5714416503906,50.186988830566406,0,0,0,0,0,0,0,0,0,0,0,0,0,0,0,1,1,0,0,0,0,0,0,0,1
2007-12-17 10:45:00+00:00,30,12,10,114.23627471923828,77.10830688476562,0,0,0,0,0,0,0,0,0,0,1,1,1,1,1,1,1,0,0,0,0,0,0,0,0
2007-12-17 10:45:00+00:00,30,12,10,171.94178771972656,160.9313201904297,0,0,0,0,0,0,0,0,0,0,0,0,1,1,1,1,1,0,0,0,0,0,0,0,0
2007-12-17 10:45:00+00:00,30,12,10,135.96530151367188,132.3613739013672,0,0,0,0,0,0,0,0,0,0,0,1,1,1,1,1,1,0,0,0,0,0,0,0,0
2007-12-17 10:45:00+00:00,30,12,10,146.8433837890625,146.8433837890625,0,0,0,0,0,0,0,0,0,0,0,1,1,1,1,1,1,0,0,0,0,0,0,0,0
2007-12-17 10:45:00+00:00,30,12,10,441.5924987792969,471.0140380859375,0,0,0,0,0,0,0,0,0,0,0,0,0,0,0,0,0,0,0,0,0,0,0,0,0
2007-12-17 10:45:00+00:00,30,12,10,318.1885986328125,337.1874694824219,0,0,0,0,0,0,0,0,0,0,0,0,0,0,0,0,1,0,0,0,0,0,0,0,0
2007-12-17 10:45:00+00:00,30,12,10,432.81268310546875,450.91015625,0,0,0,0,0,0,0,0,0,0,0,0,0,0,0,0,0,0,0,0,0,0,0,0,0
2007-12-17 10:45:00+00:00,30,12,10,496.5160827636719,551.7044067382812,0,0,0,0,0,0,0,0,0,0,0,0,0,0,0,0,0,0,0,0,0,0,0,0,0
2007-12-17 10:45:00+00:00,30,12,10,221.9301300048828,169.05079650878906,0,0,0,0,0,0,0,0,0,0,0,0,0,0,1,1,1,0,0,0,0,0,0,0,0
2007-12-17 10:45:00+00:00,30,12,10,259.21588134765625,156.97157287597656,0,0,0,0,0,0,0,0,0,0,0,0,0,0,0,1,1,0,0,0,0,0,0,0,0
2007-12-17 10:45:00+00:00,30,12,10,100.56409454345703,99.03857421875,0,0,0,0,0,0,0,0,0,0,1,1,1,1,1,1,1,0,0,0,0,0,0,0,0
2007-12-17 10:45:00+00:00,30,12,10,184.13775634765625,152.58670043945312,0,0,0,0,0,0,0,0,0,0,0,0,0,1,1,1,1,0,0,0,0,0,0,0,0
2007-12-17 10:45:00+00:00,30,12,10,433.9390869140625,361.7347717285156,0,0,0,0,0,0,0,0,0,0,0,0,0,0,0,0,0,0,0,0,0,0,0,0,0
2007-12-17 10:45:00+00:00,30,12,10,62.08376693725586,64.04354095458984,0,0,0,0,0,0,0,0,1,1,1,1,1,1,1,1,1,0,0,0,0,0,0,0,0
2007-12-17 10:45:00+00:00,30,12,10,130.332275390625,110.8902816772461,0,0,0,0,0,0,0,0,0,0,0,1,1,1,1,1,1,0,0,0,0,0,0,0,0
2007-12-17 10:45:00+00:00,30,12,10,159.93582153320312,123.25778198242188,0,0,0,0,0,0,0,0,0,0,0,0,1,1,1,1,1,0,0,0,0,0,0,0,0
2007-12-17 10:45:00+00:00,30,12,10,358.7124938964844,193.1786651611328,0,0,0,0,0,0,0,0,0,0,0,0,0,0,0,0,0,0,0,0,0,0,0,0,0
2007-12-17 10:45:00+00:00,30,12,10,301.35870361328125,174.7189178466797,0,0,0,0,0,0,0,0,0,0,0,0,0,0,0,0,1,0,0,0,0,0,0,0,0
2007-12-17 10:45:00+00:00,30,12,10,138.94473266601562,119.15007781982422,0,0,0,0,0,0,0,0,0,0,0,1,1,1,1,1,1,0,0,0,0,0,0,0,0
2007-12-17 10:45:00+00:00,30,12,10,163.85784912109375,151.56492614746094,0,0,0,0,0,0,0,0,0,0,0,0,1,1,1,1,1,0,0,0,0,0,0,0,0
2007-12-17 10:45:00+00:00,30,12,10,74.1218490600586,65.39630126953125,0,0,0,0,0,0,0,0,1,1,1,1,1,1,1,1,1,0,0,0,0,0,0,0,0
2007-12-17 10:45:00+00:00,30,12,10,177.40267944335938,3.0940189361572266,0,0,0,0,0,0,0,0,0,0,0,0,1,1,1,1,1,1,1,1,1,1,1,1,1
2007-12-17 10:45:00+00:00,30,12,10,244.59165954589844,53.58123779296875,0,0,0,0,0,0,0,0,0,0,0,0,0,0,1,1,1,0,0,0,0,0,0,0,1
2007-12-17 10:45:00+00:00,30,12,10,156.91940307617188,148.4604034423828,0,0,0,0,0,0,0,0,0,0,0,0,1,1,1,1,1,0,0,0,0,0,0,0,0
2007-12-17 10:45:00+00:00,30,12,10,251.77684020996094,252.80001831054688,0,0,0,0,0,0,0,0,0,0,0,0,0,0,0,1,1,0,0,0,0,0,0,0,0
2007-12-17 10:45:00+00:00,30,12,10,71.75297546386719,61.65972900390625,0,0,0,0,0,0,0,0,1,1,1,1,1,1,1,1,1,0,0,0,0,0,0,0,0
2007-12-17 10:45:00+00:00,30,12,10,258.52447509765625,235.2012939453125,0,0,0,0,0,0,0,0,0,0,0,0,0,0,0,1,1,0,0,0,0,0,0,0,0
2007-12-17 10:45:00+00:00,30,12,10,282.4774169921875,257.3242492675781,0,0,0,0,0,0,0,0,0,0,0,0,0,0,0,1,1,0,0,0,0,0,0,0,0
2007-12-17 10:45:00+00:00,30,12,10,361.90521240234375,284.0871887207031,0,0,0,0,0,0,0,0,0,0,0,0,0,0,0,0,0,0,0,0,0,0,0,0,0
2007-12-17 11:00:00+00:00,30,12,11,222.69070434570312,219.1066131591797,0,0,0,0,0,0,0,0,0,0,0,0,0,0,1,1,1,0,0,0,0,0,0,0,0
2007-12-17 11:00:00+00:00,30,12,11,264.52020263671875,262.51025390625,0,0,0,0,0,0,0,0,0,0,0,0,0,0,0,1,1,0,0,0,0,0,0,0,0
2007-12-17 11:00:00+00:00,30,12,11,187.04217529296875,98.64674377441406,0,0,0,0,0,0,0,0,0,0,0,0,0,1,1,1,1,0,0,0,0,0,0,0,0
2007-12-17 11:00:00+00:00,30,12,11,331.08062744140625,78.86073303222656,0,0,0,0,0,0,0,0,0,0,0,0,0,0,0,0,1,0,0,0,0,0,0,0,0
2007-12-17 11:00:00+00:00,30,12,11,245.8144073486328,193.25677490234375,0,0,0,0,0,0,0,0,0,0,0,0,0,0,1,1,1,0,0,0,0,0,0,0,0
2007-12-17 11:00:00+00:00,30,12,11,198.37396240234375,159.61204528808594,0,0,0,0,0,0,0,0,0,0,0,0,0,1,1,1,1,0,0,0,0,0,0,0,0
2007-12-17 11:00:00+00:00,30,12,11,233.42901611328125,185.13531494140625,0,0,0,0,0,0,0,0,0,0,0,0,0,0,1,1,1,0,0,0,0,0,0,0,0
2007-12-17 11:00:00+00:00,30,12,11,208.49856567382812,151.51913452148438,0,0,0,0,0,0,0,0,0,0,0,0,0,0,1,1,1,0,0,0,0,0,0,0,0
2007-12-17 11:00:00+00:00,30,12,11,120.54130554199219,87.19957733154297,0,0,0,0,0,0,0,0,0,0,0,1,1,1,1,1,1,0,0,0,0,0,0,0,0
2007-12-17 11:00:00+00:00,30,12,11,74.20760345458984,41.34022521972656,0,0,0,0,0,0,0,0,1,1,1,1,1,1,1,1,1,0,0,0,0,0,0,1,1
2007-12-17 11:00:00+00:00,30,12,11,191.7986602783203,24.477067947387695,0,0,0,0,0,0,0,0,0,0,0,0,0,1,1,1,1,0,0,0,1,1,1,1,1
2007-12-17 11:00:00+00:00,30,12,11,317.6280212402344,263.4618835449219,0,0,0,0,0,0,0,0,0,0,0,0,0,0,0,0,1,0,0,0,0,0,0,0,0
2007-12-17 11:00:00+00:00,30,12,11,115.2530746459961,114.66622161865234,0,0,0,0,0,0,0,0,0,0,1,1,1,1,1,1,1,0,0,0,0,0,0,0,0
2007-12-17 11:00:00+00:00,30,12,11,,,0,0,0,0,0,0,0,0,0,0,0,0,0,0,0,0,0,0,0,0,0,0,0,0,0
2007-12-17 11:15:00+00:00,30,12,11,169.39788818359375,181.9676055908203,0,0,0,0,0,0,0,0,0,0,0,0,1,1,1,1,1,0,0,0,0,0,0,0,0
2007-12-17 11:15:00+00:00,30,12,11,100.8118896484375,80.16829681396484,0,0,0,0,0,0,0,0,0,0,1,1,1,1,1,1,1,0,0,0,0,0,0,0,0
2007-12-17 11:15:00+00:00,30,12,11,395.946533203125,427.9163818359375,0,0,0,0,0,0,0,0,0,0,0,0,0,0,0,0,0,0,0,0,0,0,0,0,0
2007-12-17 11:15:00+00:00,30,12,11,360.4389343261719,387.4747314453125,0,0,0,0,0,0,0,0,0,0,0,0,0,0,0,0,0,0,0,0,0,0,0,0,0
2007-12-17 11:15:00+00:00,30,12,11,357.6581115722656,0.0,0,0,0,0,0,0,0,0,0,0,0,0,0,0,0,0,0,1,1,1,1,1,1,1,1
2007-12-17 11:15:00+00:00,30,12,11,281.88720703125,286.306640625,0,0,0,0,0,0,0,0,0,0,0,0,0,0,0,1,1,0,0,0,0,0,0,0,0
2007-12-17 11:15:00+00:00,30,12,11,454.1167907714844,467.1885070800781,0,0,0,0,0,0,0,0,0,0,0,0,0,0,0,0,0,0,0,0,0,0,0,0,0
2007-12-17 11:15:00+00:00,30,12,11,128.51480102539062,132.9037628173828,0,0,0,0,0,0,0,0,0,0,0,1,1,1,1,1,1,0,0,0,0,0,0,0,0
2007-12-17 11:15:00+00:00,30,12,11,89.63461303710938,92.82940673828125,0,0,0,0,0,0,0,0,0,1,1,1,1,1,1,1,1,0,0,0,0,0,0,0,0
2007-12-17 11:15:00+00:00,30,12,11,74.9365463256836,66.7248764038086,0,0,0,0,0,0,0,0,1,1,1,1,1,1,1,1,1,0,0,0,0,0,0,0,0
2007-12-17 11:15:00+00:00,30,12,11,182.469482421875,171.40896606445312,0,0,0,0,0,0,0,0,0,0,0,0,0,1,1,1,1,0,0,0,0,0,0,0,0
2007-12-17 11:15:00+00:00,30,12,11,243.30697631835938,202.1783905029297,0,0,0,0,0,0,0,0,0,0,0,0,0,0,1,1,1,0,0,0,0,0,0,0,0
2007-12-17 11:30:00+00:00,30,12,11,303.81207275390625,305.9438171386719,0,0,0,0,0,0,0,0,0,0,0,0,0,0,0,0,1,0,0,0,0,0,0,0,0
2007-12-17 11:30:00+00:00,30,12,11,135.729736328125,135.729736328125,0,0,0,0,0,0,0,0,0,0,0,1,1,1,1,1,1,0,0,0,0,0,0,0,0
2007-12-17 11:30:00+00:00,30,12,11,91.59999084472656,124.97845458984375,0,0,0,0,0,0,0,0,0,1,1,1,1,1,1,1,1,0,0,0,0,0,0,0,0
2007-12-17 11:30:00+00:00,30,12,11,210.26901245117188,201.94602966308594,0,0,0,0,0,0,0,0,0,0,0,0,0,0,1,1,1,0,0,0,0,0,0,0,0
2007-12-17 11:30:00+00:00,30,12,11,137.2081756591797,121.9646224975586,0,0,0,0,0,0,0,0,0,0,0,1,1,1,1,1,1,0,0,0,0,0,0,0,0
2007-12-17 11:30:00+00:00,30,12,11,314.18804931640625,184.4725341796875,0,0,0,0,0,0,0,0,0,0,0,0,0,0,0,0,1,0,0,0,0,0,0,0,0
2007-12-17 11:30:00+00:00,30,12,11,380.466552734375,229.83013916015625,0,0,0,0,0,0,0,0,0,0,0,0,0,0,0,0,0,0,0,0,0,0,0,0,0
2007-12-17 11:30:00+00:00,30,12,11,107.0347900390625,88.9156494140625,0,0,0,0,0,0,0,0,0,0,1,1,1,1,1,1,1,0,0,0,0,0,0,0,0
2007-12-17 11:45:00+00:00,30,12,11,216.48074340820312,208.81443786621094,0,0,0,0,0,0,0,0,0,0,0,0,0,0,1,1,1,0,0,0,0,0,0,0,0
2007-12-17 11:45:00+00:00,30,12,11,115.79765319824219,95.90786743164062,0,0,0,0,0,0,0,0,0,0,1,1,1,1,1,1,1,0,0,0,0,0,0,0,0
2007-12-17 11:45:00+00:00,30,12,11,643.79150390625,468.56231689453125,0,0,0,0,0,0,0,0,0,0,0,0,0,0,0,0,0,0,0,0,0,0,0,0,0
2007-12-17 11:45:00+00:00,30,12,11,232.8105010986328,189.6798095703125,0,0,0,0,0,0,0,0,0,0,0,0,0,0,1,1,1,0,0,0,0,0,0,0,0
2007-12-17 11:45:00+00:00,30,12,11,626.3438110351562,469.64996337890625,0,0,0,0,0,0,0,0,0,0,0,0,0,0,0,0,0,0,0,0,0,0,0,0,0
2007-12-17 11:45:00+00:00,30,12,11,126.43858337402344,114.0273208618164,0,0,0,0,0,0,0,0,0,0,0,1,1,1,1,1,1,0,0,0,0,0,0,0,0
2007-12-17 11:45:00+00:00,30,12,11,230.46481323242188,222.39889526367188,0,0,0,0,0,0,0,0,0,0,0,0,0,0,1,1,1,0,0,0,0,0,0,0,0
2007-12-17 11:45:00+00:00,30,12,11,404.3050231933594,461.044921875,0,0,0,0,0,0,0,0,0,0,0,0,0,0,0,0,0,0,0,0,0,0,0,0,0
2007-12-17 11:45:00+00:00,30,12,11,80.73243713378906,66.49346923828125,0,0,0,0,0,0,0,0,0,1,1,1,1,1,1,1,1,0,0,0,0,0,0,0,0
2007-12-17 11:45:00+00:00,30,12,11,64.75204467773438,45.66044235229492,0,0,0,0,0,0,0,0,1,1,1,1,1,1,1,1,1,0,0,0,0,0,0,1,1
2007-12-17 11:45:00+00:00,30,12,11,265.5694274902344,69.06144714355469,0,0,0,0,0,0,0,0,0,0,0,0,0,0,0,1,1,0,0,0,0,0,0,0,0
2007-12-17 11:45:00+00:00,30,12,11,384.7287902832031,195.20106506347656,0,0,0,0,0,0,0,0,0,0,0,0,0,0,0,0,0,0,0,0,0,0,0,0,0
2007-12-17 11:45:00+00:00,30,12,11,49.282169342041016,21.500022888183594,0,0,0,0,0,0,1,1,1,1,1,1,1,1,1,1,1,0,0,0,1,1,1,1,1
2007-12-17 12:00:00+00:00,30,12,12,70.96732330322266,80.51761627197266,0,0,0,0,0,0,0,0,1,1,1,1,1,1,1,1,1,0,0,0,0,0,0,0,0
2007-12-17 12:00:00+00:00,30,12,12,70.40377807617188,57.679107666015625,0,0,0,0,0,0,0,0,1,1,1,1,1,1,1,1,1,0,0,0,0,0,0,0,1
2007-12-17 12:00:00+00:00,30,12,12,165.43943786621094,206.6418914794922,0,0,0,0,0,0,0,0,0,0,0,0,1,1,1,1,1,0,0,0,0,0,0,0,0
2007-12-17 12:00:00+00:00,30,12,12,168.94674682617188,168.1811065673828,0,0,0,0,0,0,0,0,0,0,0,0,1,1,1,1,1,0,0,0,0,0,0,0,0
2007-12-17 12:00:00+00:00,30,12,12,531.2400512695312,414.44366455078125,0,0,0,0,0,0,0,0,0,0,0,0,0,0,0,0,0,0,0,0,0,0,0,0,0
2007-12-17 12:00:00+00:00,30,12,12,131.14085388183594,134.49668884277344,0,0,0,0,0,0,0,0,0,0,0,1,1,1,1,1,1,0,0,0,0,0,0,0,0
2007-12-17 12:00:00+00:00,30,12,12,158.3178253173828,159.62294006347656,0,0,0,0,0,0,0,0,0,0,0,0,1,1,1,1,1,0,0,0,0,0,0,0,0
2007-12-17 12:00:00+00:00,30,12,12,308.8125305175781,212.32305908203125,0,0,0,0,0,0,0,0,0,0,0,0,0,0,0,0,1,0,0,0,0,0,0,0,0
2007-12-17 12:00:00+00:00,30,12,12,105.21357727050781,48.579620361328125,0,0,0,0,0,0,0,0,0,0,1,1,1,1,1,1,1,0,0,0,0,0,0,1,1
2007-12-17 12:15:00+00:00,30,12,12,167.47479248046875,,0,0,0,0,0,0,0,0,0,0,0,0,1,1,1,1,1,0,0,0,0,0,0,0,0
2007-12-17 12:15:00+00:00,30,12,12,106.15363311767578,113.75242614746094,0,0,0,0,0,0,0,0,0,0,1,1,1,1,1,1,1,0,0,0,0,0,0,0,0
2007-12-17 12:15:00+00:00,30,12,12,137.31553649902344,140.04371643066406,0,0,0,0,0,0,0,0,0,0,0,1,1,1,1,1,1,0,0,0,0,0,0,0,0
2007-12-17 12:15:00+00:00,30,12,12,141.53208923339844,123.47161102294922,0,0,0,0,0,0,0,0,0,0,0,1,1,1,1,1,1,0,0,0,0,0,0,0,0
2007-12-17 12:15:00+00:00,30,12,12,285.52801513671875,300.83282470703125,0,0,0,0,0,0,0,0,0,0,0,0,0,0,0,1,1,0,0,0,0,0,0,0,0
2007-12-17 12:15:00+00:00,30,12,12,238.75135803222656,197.73480224609375,0,0,0,0,0,0,0,0,0,0,0,0,0,0,1,1,1,0,0,0,0,0,0,0,0
2007-12-17 12:15:00+00:00,30,12,12,467.1971435546875,465.81671142578125,0,0,0,0,0,0,0,0,0,0,0,0,0,0,0,0,0,0,0,0,0,0,0,0,0
2007-12-17 12:15:00+00:00,30,12,12,38.422325134277344,54.98757553100586,0,0,0,0,0,1,1,1,1,1,1,1,1,1,1,1,1,0,0,0,0,0,0,0,1
2007-12-17 12:15:00+00:00,30,12,12,224.97483825683594,212.72750854492188,0,0,0,0,0,0,0,0,0,0,0,0,0,0,1,1,1,0,0,0,0,0,0,0,0
2007-12-17 12:15:00+00:00,30,12,12,71.15708923339844,64.67474365234375,0,0,0,0,0,0,0,0,1,1,1,1,1,1,1,1,1,0,0,0,0,0,0,0,0
2007-12-17 12:15:00+00:00,30,12,12,118.97212982177734,114.45323944091797,0,0,0,0,0,0,0,0,0,0,1,1,1,1,1,1,1,0,0,0,0,0,0,0,0
2007-12-17 12:15:00+00:00,30,12,12,167.3319854736328,177.87435913085938,0,0,0,0,0,0,0,0,0,0,0,0,1,1,1,1,1,0,0,0,0,0,0,0,0
2007-12-17 12:30:00+00:00,30,12,12,220.05966186523438,127.45201110839844,0,0,0,0,0,0,0,0,0,0,0,0,0,0,1,1,1,0,0,0,0,0,0,0,0
2007-12-17 12:30:00+00:00,30,12,12,66.25862884521484,3.314263105392456,0,0,0,0,0,0,0,0,1,1,1,1,1,1,1,1,1,1,1,1,1,1,1,1,1
2007-12-17 12:30:00+00:00,30,12,12,104.43244934082031,17.926347732543945,0,0,0,0,0,0,0,0,0,0,1,1,1,1,1,1,1,0,0,1,1,1,1,1,1
2007-12-17 12:30:00+00:00,30,12,12,153.38629150390625,53.05015182495117,0,0,0,0,0,0,0,0,0,0,0,0,1,1,1,1,1,0,0,0,0,0,0,0,1
2007-12-17 12:30:00+00:00,30,12,12,55.98985290527344,59.66611099243164,0,0,0,0,0,0,0,1,1,1,1,1,1,1,1,1,1,0,0,0,0,0,0,0,1
2007-12-17 12:30:00+00:00,30,12,12,299.9876708984375,224.29296875,0,0,0,0,0,0,0,0,0,0,0,0,0,0,0,1,1,0,0,0,0,0,0,0,0
2007-12-17 12:30:00+00:00,30,12,12,137.673095703125,146.5844268798828,0,0,0,0,0,0,0,0,0,0,0,1,1,1,1,1,1,0,0,0,0,0,0,0,0
2007-12-17 12:45:00+00:00,30,12,12,484.50042724609375,486.9703369140625,0,0,0,0,0,0,0,0,0,0,0,0,0,0,0,0,0,0,0,0,0,0,0,0,0
2007-12-17 12:45:00+00:00,30,12,12,78.68753051757812,41.532745361328125,0,0,0,0,0,0,0,0,1,1,1,1,1,1,1,1,1,0,0,0,0,0,0,1,1
2007-12-17 12:45:00+00:00,30,12,12,106.52752685546875,84.23834991455078,0,0,0,0,0,0,0,0,0,0,1,1,1,1,1,1,1,0,0,0,0,0,0,0,0
2007-12-17 12:45:00+00:00,30,12,12,177.01885986328125,3.521955966949463,0,0,0,0,0,0,0,0,0,0,0,0,1,1,1,1,1,1,1,1,1,1,1,1,1
2007-12-17 12:45:00+00:00,30,12,12,193.83761596679688,182.34877014160156,0,0,0,0,0,0,0,0,0,0,0,0,0,1,1,1,1,0,0,0,0,0,0,0,0
2007-12-17 12:45:00+00:00,30,12,12,273.2509765625,264.5455627441406,0,0,0,0,0,0,0,0,0,0,0,0,0,0,0,1,1,0,0,0,0,0,0,0,0
2007-12-17 12:45:00+00:00,30,12,12,351.1654357910156,343.8296203613281,0,0,0,0,0,0,0,0,0,0,0,0,0,0,0,0,0,0,0,0,0,0,0,0,0
2007-12-17 13:00:00+00:00,30,12,13,100.34640502929688,129.61572265625,0,0,0,0,0,0,0,0,0,0,1,1,1,1,1,1,1,0,0,0,0,0,0,0,0
2007-12-17 13:00:00+00:00,30,12,13,288.4805908203125,271.79595947265625,0,0,0,0,0,0,0,0,0,0,0,0,0,0,0,1,1,0,0,0,0,0,0,0,0
2007-12-17 13:00:00+00:00,30,12,13,110.56124114990234,31.92111587524414,0,0,0,0,0,0,0,0,0,0,1,1,1,1,1,1,1,0,0,0,0,0,1,1,1
2007-12-17 13:00:00+00:00,30,12,13,267.6526794433594,273.01800537109375,0,0,0,0,0,0,0,0,0,0,0,0,0,0,0,1,1,0,0,0,0,0,0,0,0
2007-12-17 13:00:00+00:00,30,12,13,23.472618103027344,12.646025657653809,0,0,0,1,1,1,1,1,1,1,1,1,1,1,1,1,1,0,1,1,1,1,1,1,1
2007-12-17 13:00:00+00:00,30,12,13,70.32662963867188,16.665807723999023,0,0,0,0,0,0,0,0,1,1,1,1,1,1,1,1,1,0,0,1,1,1,1,1,1
2007-12-17 13:00:00+00:00,30,12,13,109.9897689819336,112.43803405761719,0,0,0,0,0,0,0,0,0,0,1,1,1,1,1,1,1,0,0,0,0,0,0,0,0
2007-12-17 13:00:00+00:00,30,12,13,,,0,0,0,0,0,0,0,0,0,0,0,0,0,0,0,0,0,0,0,0,0,0,0,0,0
2007-12-17 13:15:00+00:00,30,12,13,,467.0294189453125,0,0,0,0,0,0,0,0,0,0,0,0,0,0,0,0,0,0,0,0,0,0,0,0,0
2007-12-17 13:15:00+00:00,30,12,13,415.6355285644531,339.20123291015625,0,0,0,0,0,0,0,0,0,0,0,0,0,0,0,0,0,0,0,0,0,0,0,0,0
2007-12-17 13:15:00+00:00,30,12,13,55.09794998168945,9.715119361877441,0,0,0,0,0,0,0,1,1,1,1,1,1,1,1,1,1,1,1,1,1,1,1,1,1
2007-12-17 13:15:00+00:00,30,12,13,33.09153366088867,0.0,0,0,0,0,0,1,1,1,1,1,1,1,1,1,1,1,1,1,1,1,1,1,1,1,1
2007-12-17 13:15:00+00:00,30,12,13,73.5265121459961,42.90647506713867,0,0,0,0,0,0,0,0,1,1,1,1,1,1,1,1,1,0,0,0,0,0,0,1,1
2007-12-17 13:15:00+00:00,30,12,13,308.7093811035156,27.098058700561523,0,0,0,0,0,0,0,0,0,0,0,0,0,0,0,0,1,0,0,0,0,1,1,1,1
2007-12-17 13:15:00+00:00,30,12,13,189.1060333251953,209.49464416503906,0,0,0,0,0,0,0,0,0,0,0,0,0,1,1,1,1,0,0,0,0,0,0,0,0
2007-12-17 13:15:00+00:00,30,12,13,217.5286407470703,239.01275634765625,0,0,0,0,0,0,0,0,0,0,0,0,0,0,1,1,1,0,0,0,0,0,0,0,0
2007-12-17 13:30:00+00:00,30,12,13,87.623046875,126.21401977539062,0,0,0,0,0,0,0,0,0,1,1,1,1,1,1,1,1,0,0,0,0,0,0,0,0
2007-12-17 13:30:00+00:00,30,12,13,60.32931137084961,51.920536041259766,0,0,0,0,0,0,0,0,1,1,1,1,1,1,1,1,1,0,0,0,0,0,0,0,1
2007-12-17 13:30:00+00:00,30,12,13,138.86351013183594,123.07976531982422,0,0,0,0,0,0,0,0,0,0,0,1,1,1,1,1,1,0,0,0,0,0,0,0,0
2007-12-17 13:30:00+00:00,30,12,13,57.59281921386719,63.13429260253906,0,0,0,0,0,0,0,1,1,1,1,1,1,1,1,1,1,0,0,0,0,0,0,0,0
2007-12-17 13:30:00+00:00,30,12,13,42.59440612792969,51.227420806884766,0,0,0,0,0,0,1,1,1,1,1,1,1,1,1,1,1,0,0,0,0,0,0,0,1
2007-12-17 13:45:00+00:00,30,12,13,299.05352783203125,286.7827453613281,0,0,0,0,0,0,0,0,0,0,0,0,0,0,0,1,1,0,0,0,0,0,0,0,0
2007-12-17 13:45:00+00:00,30,12,13,101.56324005126953,68.44396209716797,0,0,0,0,0,0,0,0,0,0,1,1,1,1,1,1,1,0,0,0,0,0,0,0,0
2007-12-17 13:45:00+00:00,30,12,13,48.44642639160156,54.33163833618164,0,0,0,0,0,0,1,1,1,1,1,1,1,1,1,1,1,0,0,0,0,0,0,0,1
2007-12-17 13:45:00+00:00,30,12,13,104.37530517578125,93.27706909179688,0,0,0,0,0,0,0,0,0,0,1,1,1,1,1,1,1,0,0,0,0,0,0,0,0
2007-12-17 13:45:00+00:00,30,12,13,64.98585510253906,11.273391723632812,0,0,0,0,0,0,0,0,1,1,1,1,1,1,1,1,1,0,1,1,1,1,1,1,1
2007-12-17 13:45:00+00:00,30,12,13,167.79893493652344,0.0,0,0,0,0,0,0,0,0,0,0,0,0,1,1,1,1,1,1,1,1,1,1,1,1,1
2007-12-17 13:45:00+00:00,30,12,13,89.58325958251953,80.22270965576172,0,0,0,0,0,0,0,0,0,1,1,1,1,1,1,1,1,0,0,0,0,0,0,0,0
2007-12-17 13:45:00+00:00,30,12,13,275.2622985839844,282.618896484375,0,0,0,0,0,0,0,0,0,0,0,0,0,0,0,1,1,0,0,0,0,0,0,0,0
2007-12-17 14:00:00+00:00,30,12,14,,,0,0,0,0,0,0,0,0,0,0,0,0,0,0,0,0,0,0,0,0,0,0,0,0,0
2007-12-17 14:00:00+00:00,30,12,14,135.23570251464844,121.26353454589844,0,0,0,0,0,0,0,0,0,0,0,1,1,1,1,1,1,0,0,0,0,0,0,0,0
2007-12-17 14:00:00+00:00,30,12,14,110.00437927246094,113.93517303466797,0,0,0,0,0,0,0,0,0,0,1,1,1,1,1,1,1,0,0,0,0,0,0,0,0
2007-12-17 14:00:00+00:00,30,12,14,256.4445495605469,251.50469970703125,0,0,0,0,0,0,0,0,0,0,0,0,0,0,0,1,1,0,0,0,0,0,0,0,0
2007-12-17 14:00:00+00:00,30,12,14,386.2391662597656,177.4062957763672,0,0,0,0,0,0,0,0,0,0,0,0,0,0,0,0,0,0,0,0,0,0,0,0,0
2007-12-17 14:00:00+00:00,30,12,14,29.194398880004883,34.82950973510742,0,0,0,0,1,1,1,1,1,1,1,1,1,1,1,1,1,0,0,0,0,0,1,1,1
2007-12-17 14:00:00+00:00,30,12,14,426.2752990722656,445.34234619140625,0,0,0,0,0,0,0,0,0,0,0,0,0,0,0,0,0,0,0,0,0,0,0,0,0
2007-12-17 14:00:00+00:00,30,12,14,104.74464416503906,116.54731750488281,0,0,0,0,0,0,0,0,0,0,1,1,1,1,1,1,1,0,0,0,0,0,0,0,0
2007-12-17 14:00:00+00:00,30,12,14,93.25858306884766,87.25447845458984,0,0,0,0,0,0,0,0,0,1,1,1,1,1,1,1,1,0,0,0,0,0,0,0,0
2007-12-17 14:00:00+00:00,30,12,14,50.638370513916016,63.944007873535156,0,0,0,0,0,0,0,1,1,1,1,1,1,1,1,1,1,0,0,0,0,0,0,0,0
2007-12-17 14:00:00+00:00,30,12,14,138.0861358642578,104.63546752929688,0,0,0,0,0,0,0,0,0,0,0,1,1,1,1,1,1,0,0,0,0,0,0,0,0
2007-12-17 14:15:00+00:00,30,12,14,72.66510009765625,61.137725830078125,0,0,0,0,0,0,0,0,1,1,1,1,1,1,1,1,1,0,0,0,0,0,0,0,0
2007-12-17 14:15:00+00:00,30,12,14,182.5017547607422,168.04254150390625,0,0,0,0,0,0,0,0,0,0,0,0,0,1,1,1,1,0,0,0,0,0,0,0,0
2007-12-17 14:15:00+00:00,30,12,14,319.6546325683594,301.5016784667969,0,0,0,0,0,0,0,0,0,0,0,0,0,0,0,0,1,0,0,0,0,0,0,0,0
2007-12-17 14:15:00+00:00,30,12,14,272.90814208984375,261.9082946777344,0,0,0,0,0,0,0,0,0,0,0,0,0,0,0,1,1,0,0,0,0,0,0,0,0
2007-12-17 14:15:00+00:00,30,12,14,110.45887756347656,130.67196655273438,0,0,0,0,0,0,0,0,0,0,1,1,1,1,1,1,1,0,0,0,0,0,0,0,0
2007-12-17 14:15:00+00:00,30,12,14,63.947288513183594,107.66776275634766,0,0,0,0,0,0,0,0,1,1,1,1,1,1,1,1,1,0,0,0,0,0,0,0,0
2007-12-17 14:15:00+00:00,30,12,14,88.70832061767578,78.29945373535156,0,0,0,0,0,0,0,0,0,1,1,1,1,1,1,1,1,0,0,0,0,0,0,0,0
2007-12-17 14:15:00+00:00,30,12,14,256.8374938964844,213.0167999267578,0,0,0,0,0,0,0,0,0,0,0,0,0,0,0,1,1,0,0,0,0,0,0,0,0
2007-12-17 14:15:00+00:00,30,12,14,145.3048553466797,169.99305725097656,0,0,0,0,0,0,0,0,0,0,0,1,1,1,1,1,1,0,0,0,0,0,0,0,0
2007-12-17 14:15:00+00:00,30,12,14,139.22254943847656,119.8929214477539,0,0,0,0,0,0,0,0,0,0,0,1,1,1,1,1,1,0,0,0,0,0,0,0,0
2007-12-17 14:30:00+00:00,30,12,14,248.92262268066406,273.14019775390625,0,0,0,0,0,0,0,0,0,0,0,0,0,0,1,1,1,0,0,0,0,0,0,0,0
2007-12-17 14:30:00+00:00,30,12,14,105.3711929321289,140.62892150878906,0,0,0,0,0,0,0,0,0,0,1,1,1,1,1,1,1,0,0,0,0,0,0,0,0
2007-12-17 14:30:00+00:00,30,12,14,92.232421875,92.16188049316406,0,0,0,0,0,0,0,0,0,1,1,1,1,1,1,1,1,0,0,0,0,0,0,0,0
2007-12-17 14:30:00+00:00,30,12,14,54.903663635253906,31.834121704101562,0,0,0,0,0,0,0,1,1,1,1,1,1,1,1,1,1,0,0,0,0,0,1,1,1
2007-12-17 14:30:00+00:00,30,12,14,255.2224578857422,252.6818084716797,0,0,0,0,0,0,0,0,0,0,0,0,0,0,0,1,1,0,0,0,0,0,0,0,0
2007-12-17 14:45:00+00:00,30,12,14,67.2035903930664,94.67263793945312,0,0,0,0,0,0,0,0,1,1,1,1,1,1,1,1,1,0,0,0,0,0,0,0,0
2007-12-17 14:45:00+00:00,30,12,14,157.88363647460938,163.14041137695312,0,0,0,0,0,0,0,0,0,0,0,0,1,1,1,1,1,0,0,0,0,0,0,0,0
2007-12-17 14:45:00+00:00,30,12,14,231.05789184570312,247.40525817871094,0,0,0,0,0,0,0,0,0,0,0,0,0,0,1,1,1,0,0,0,0,0,0,0,0
2007-12-17 14:45:00+00:00,30,12,14,190.21144104003906,316.6820068359375,0,0,0,0,0,0,0,0,0,0,0,0,0,1,1,1,1,0,0,0,0,0,0,0,0
2007-12-17 14:45:00+00:00,30,12,14,48.360107421875,36.17049789428711,0,0,0,0,0,0,1,1,1,1,1,1,1,1,1,1,1,0,0,0,0,0,1,1,1
2007-12-17 14:45:00+00:00,30,12,14,211.4508819580078,212.4934844970703,0,0,0,0,0,0,0,0,0,0,0,0,0,0,1,1,1,0,0,0,0,0,0,0,0
2007-12-17 14:45:00+00:00,30,12,14,94.3197021484375,104.95326232910156,0,0,0,0,0,0,0,0,0,1,1,1,1,1,1,1,1,0,0,0,0,0,0,0,0
2007-12-17 15:00:00+00:00,30,12,15,,,0,0,0,0,0,0,0,0,0,0,0,0,0,0,0,0,0,0,0,0,0,0,0,0,0
2007-12-17 15:00:00+00:00,30,12,15,62.55756759643555,61.80617904663086,0,0,0,0,0,0,0,0,1,1,1,1,1,1,1,1,1,0,0,0,0,0,0,0,0
2007-12-17 15:00:00+00:00,30,12,15,136.95706176757812,129.64602661132812,0,0,0,0,0,0,0,0,0,0,0,1,1,1,1,1,1,0,0,0,0,0,0,0,0
2007-12-17 15:00:00+00:00,30,12,15,197.79278564453125,367.0364685058594,0,0,0,0,0,0,0,0,0,0,0,0,0,1,1,1,1,0,0,0,0,0,0,0,0
2007-12-17 15:00:00+00:00,30,12,15,72.2458724975586,80.41973114013672,0,0,0,0,0,0,0,0,1,1,1,1,1,1,1,1,1,0,0,0,0,0,0,0,0
2007-12-17 15:15:00+00:00,30,12,15,258.4770812988281,269.15142822265625,0,0,0,0,0,0,0,0,0,0,0,0,0,0,0,1,1,0,0,0,0,0,0,0,0
2007-12-17 15:15:00+00:00,30,12,15,373.802734375,361.25238037109375,0,0,0,0,0,0,0,0,0,0,0,0,0,0,0,0,0,0,0,0,0,0,0,0,0
2007-12-17 15:15:00+00:00,30,12,15,275.1079406738281,276.0002746582031,0,0,0,0,0,0,0,0,0,0,0,0,0,0,0,1,1,0,0,0,0,0,0,0,0
2007-12-17 15:15:00+00:00,30,12,15,127.9864501953125,120.1882095336914,0,0,0,0,0,0,0,0,0,0,0,1,1,1,1,1,1,0,0,0,0,0,0,0,0
2007-12-17 15:15:00+00:00,30,12,15,,,0,0,0,0,0,0,0,0,0,0,0,0,0,0,0,0,0,0,0,0,0,0,0,0,0
2007-12-17 15:30:00+00:00,30,12,15,41.071292877197266,28.31453514099121,0,0,0,0,0,0,1,1,1,1,1,1,1,1,1,1,1,0,0,0,0,1,1,1,1
2007-12-17 15:30:00+00:00,30,12,15,331.4917297363281,346.2196044921875,0,0,0,0,0,0,0,0,0,0,0,0,0,0,0,0,1,0,0,0,0,0,0,0,0
2007-12-17 15:30:00+00:00,30,12,15,95.01006317138672,207.3290557861328,0,0,0,0,0,0,0,0,0,1,1,1,1,1,1,1,1,0,0,0,0,0,0,0,0
2007-12-17 15:30:00+00:00,30,12,15,105.5793228149414,108.15145111083984,0,0,0,0,0,0,0,0,0,0,1,1,1,1,1,1,1,0,0,0,0,0,0,0,0
2007-12-17 15:30:00+00:00,30,12,15,179.50592041015625,253.2036895751953,0,0,0,0,0,0,0,0,0,0,0,0,1,1,1,1,1,0,0,0,0,0,0,0,0
2007-12-17 15:30:00+00:00,30,12,15,166.05825805664062,75.2005844116211,0,0,0,0,0,0,0,0,0,0,0,0,1,1,1,1,1,0,0,0,0,0,0,0,0
2007-12-17 15:30:00+00:00,30,12,15,143.80564880371094,137.9834442138672,0,0,0,0,0,0,0,0,0,0,0,1,1,1,1,1,1,0,0,0,0,0,0,0,0
2007-12-17 15:45:00+00:00,30,12,15,323.3979797363281,,0,0,0,0,0,0,0,0,0,0,0,0,0,0,0,0,1,0,0,0,0,0,0,0,0
2007-12-17 15:45:00+00:00,30,12,15,139.9934844970703,155.587646484375,0,0,0,0,0,0,0,0,0,0,0,1,1,1,1,1,1,0,0,0,0,0,0,0,0
2007-12-17 15:45:00+00:00,30,12,15,121.06965637207031,113.07823944091797,0,0,0,0,0,0,0,0,0,0,0,1,1,1,1,1,1,0,0,0,0,0,0,0,0
2007-12-17 16:00:00+00:00,30,12,16,245.4677276611328,250.9344940185547,0,0,0,0,0,0,0,0,0,0,0,0,0,0,1,1,1,0,0,0,0,0,0,0,0
2007-12-17 16:00:00+00:00,30,12,16,187.5481719970703,186.7532501220703,0,0,0,0,0,0,0,0,0,0,0,0,0,1,1,1,1,0,0,0,0,0,0,0,0
2007-12-17 16:00:00+00:00,30,12,16,44.091217041015625,27.957950592041016,0,0,0,0,0,0,1,1,1,1,1,1,1,1,1,1,1,0,0,0,0,1,1,1,1
2007-12-17 16:15:00+00:00,30,12,16,53.58079528808594,46.046329498291016,0,0,0,0,0,0,0,1,1,1,1,1,1,1,1,1,1,0,0,0,0,0,0,1,1
2007-12-17 16:15:00+00:00,30,12,16,86.62932586669922,58.59992218017578,0,0,0,0,0,0,0,0,0,1,1,1,1,1,1,1,1,0,0,0,0,0,0,0,1
2007-12-17 16:30:00+00:00,30,12,16,,,0,0,0,0,0,0,0,0,0,0,0,0,0,0,0,0,0,0,0,0,0,0,0,0,0
2007-12-17 16:45:00+00:00,30,12,16,125.02642059326172,243.765380859375,0,0,0,0,0,0,0,0,0,0,0,1,1,1,1,1,1,0,0,0,0,0,0,0,0
2007-12-17 16:45:00+00:00,30,12,16,,,0,0,0,0,0,0,0,0,0,0,0,0,0,0,0,0,0,0,0,0,0,0,0,0,0
2007-12-17 17:00:00+00:00,30,12,17,60.798160552978516,28.018308639526367,0,0,0,0,0,0,0,0,1,1,1,1,1,1,1,1,1,0,0,0,0,1,1,1,1
2007-12-17 17:00:00+00:00,30,12,17,83.02522277832031,73.3812026977539,0,0,0,0,0,0,0,0,0,1,1,1,1,1,1,1,1,0,0,0,0,0,0,0,0
2007-12-17 17:00:00+00:00,30,12,17,60.91938018798828,51.6634407043457,0,0,0,0,0,0,0,0,1,1,1,1,1,1,1,1,1,0,0,0,0,0,0,0,1
2007-12-17 17:15:00+00:00,30,12,17,300.1711120605469,363.9531555175781,0,0,0,0,0,0,0,0,0,0,0,0,0,0,0,0,1,0,0,0,0,0,0,0,0
2007-12-17 17:15:00+00:00,30,12,17,222.49197387695312,255.0061798095703,0,0,0,0,0,0,0,0,0,0,0,0,0,0,1,1,1,0,0,0,0,0,0,0,0
2007-12-17 17:15:00+00:00,30,12,17,74.94804382324219,72.5621109008789,0,0,0,0,0,0,0,0,1,1,1,1,1,1,1,1,1,0,0,0,0,0,0,0,0
2007-12-17 17:30:00+00:00,30,12,17,164.47511291503906,168.02542114257812,0,0,0,0,0,0,0,0,0,0,0,0,1,1,1,1,1,0,0,0,0,0,0,0,0
2007-12-18 10:00:00+00:00,30,12,10,198.4890899658203,182.9285888671875,0,0,0,0,0,0,0,0,0,0,0,0,0,1,1,1,1,0,0,0,0,0,0,0,0
2007-12-18 10:00:00+00:00,30,12,10,419.1557312011719,413.3371887207031,0,0,0,0,0,0,0,0,0,0,0,0,0,0,0,0,0,0,0,0,0,0,0,0,0
2007-12-18 10:00:00+00:00,30,12,10,,,0,0,0,0,0,0,0,0,0,0,0,0,0,0,0,0,0,0,0,0,0,0,0,0,0
2007-12-18 10:00:00+00:00,30,12,10,519.847900390625,144.85797119140625,0,0,0,0,0,0,0,0,0,0,0,0,0,0,0,0,0,0,0,0,0,0,0,0,0
2007-12-18 10:00:00+00:00,30,12,10,,,0,0,0,0,0,0,0,0,0,0,0,0,0,0,0,0,0,0,0,0,0,0,0,0,0
2007-12-18 10:00:00+00:00,30,12,10,,408.5453796386719,0,0,0,0,0,0,0,0,0,0,0,0,0,0,0,0,0,0,0,0,0,0,0,0,0
2007-12-18 10:00:00+00:00,30,12,10,,,0,0,0,0,0,0,0,0,0,0,0,0,0,0,0,0,0,0,0,0,0,0,0,0,0
2007-12-18 10:00:00+00:00,30,12,10,,,0,0,0,0,0,0,0,0,0,0,0,0,0,0,0,0,0,0,0,0,0,0,0,0,0
2007-12-18 10:00:00+00:00,30,12,10,,,0,0,0,0,0,0,0,0,0,0,0,0,0,0,0,0,0,0,0,0,0,0,0,0,0
2007-12-18 10:15:00+00:00,30,12,10,,,0,0,0,0,0,0,0,0,0,0,0,0,0,0,0,0,0,0,0,0,0,0,0,0,0
2007-12-18 10:15:00+00:00,30,12,10,305.4923095703125,308.720703125,0,0,0,0,0,0,0,0,0,0,0,0,0,0,0,0,1,0,0,0,0,0,0,0,0
2007-12-18 10:15:00+00:00,30,12,10,277.672607421875,255.03280639648438,0,0,0,0,0,0,0,0,0,0,0,0,0,0,0,1,1,0,0,0,0,0,0,0,0
2007-12-18 10:15:00+00:00,30,12,10,,,0,0,0,0,0,0,0,0,0,0,0,0,0,0,0,0,0,0,0,0,0,0,0,0,0
2007-12-18 10:30:00+00:00,30,12,10,,618.4970092773438,0,0,0,0,0,0,0,0,0,0,0,0,0,0,0,0,0,0,0,0,0,0,0,0,0
2007-12-18 10:30:00+00:00,30,12,10,,684.2020874023438,0,0,0,0,0,0,0,0,0,0,0,0,0,0,0,0,0,0,0,0,0,0,0,0,0
2007-12-18 10:30:00+00:00,30,12,10,,,0,0,0,0,0,0,0,0,0,0,0,0,0,0,0,0,0,0,0,0,0,0,0,0,0
2007-12-18 10:30:00+00:00,30,12,10,423.0851745605469,319.2948303222656,0,0,0,0,0,0,0,0,0,0,0,0,0,0,0,0,0,0,0,0,0,0,0,0,0
2007-12-18 10:30:00+00:00,30,12,10,,89.2470703125,0,0,0,0,0,0,0,0,0,0,0,0,0,0,0,0,0,0,0,0,0,0,0,0,0
2007-12-18 10:30:00+00:00,30,12,10,,55.613067626953125,0,0,0,0,0,0,0,0,0,0,0,0,0,0,0,0,0,0,0,0,0,0,0,0,1
2007-12-18 10:30:00+00:00,30,12,10,,131.34535217285156,0,0,0,0,0,0,0,0,0,0,0,0,0,0,0,0,0,0,0,0,0,0,0,0,0
2007-12-18 10:30:00+00:00,30,12,10,,,0,0,0,0,0,0,0,0,0,0,0,0,0,0,0,0,0,0,0,0,0,0,0,0,0
2007-12-18 10:30:00+00:00,30,12,10,,497.05340576171875,0,0,0,0,0,0,0,0,0,0,0,0,0,0,0,0,0,0,0,0,0,0,0,0,0
2007-12-18 10:30:00+00:00,30,12,10,,52.31680679321289,0,0,0,0,0,0,0,0,0,0,0,0,0,0,0,0,0,0,0,0,0,0,0,0,1
2007-12-18 10:30:00+00:00,30,12,10,338.3184814453125,58.22355270385742,0,0,0,0,0,0,0,0,0,0,0,0,0,0,0,0,1,0,0,0,0,0,0,0,1
2007-12-18 10:45:00+00:00,30,12,10,366.699462890625,218.13209533691406,0,0,0,0,0,0,0,0,0,0,0,0,0,0,0,0,0,0,0,0,0,0,0,0,0
2007-12-18 10:45:00+00:00,30,12,10,320.48040771484375,203.94688415527344,0,0,0,0,0,0,0,0,0,0,0,0,0,0,0,0,1,0,0,0,0,0,0,0,0
2007-12-18 10:45:00+00:00,30,12,10,78.29682922363281,59.35789108276367,0,0,0,0,0,0,0,0,1,1,1,1,1,1,1,1,1,0,0,0,0,0,0,0,1
2007-12-18 10:45:00+00:00,30,12,10,217.1231231689453,0.0,0,0,0,0,0,0,0,0,0,0,0,0,0,0,1,1,1,1,1,1,1,1,1,1,1
2007-12-18 10:45:00+00:00,30,12,10,522.8255615234375,156.08226013183594,0,0,0,0,0,0,0,0,0,0,0,0,0,0,0,0,0,0,0,0,0,0,0,0,0
2007-12-18 10:45:00+00:00,30,12,10,293.08929443359375,284.89605712890625,0,0,0,0,0,0,0,0,0,0,0,0,0,0,0,1,1,0,0,0,0,0,0,0,0
2007-12-18 10:45:00+00:00,30,12,10,160.89437866210938,127.24957275390625,0,0,0,0,0,0,0,0,0,0,0,0,1,1,1,1,1,0,0,0,0,0,0,0,0
2007-12-18 10:45:00+00:00,30,12,10,131.84332275390625,97.07078552246094,0,0,0,0,0,0,0,0,0,0,0,1,1,1,1,1,1,0,0,0,0,0,0,0,0
2007-12-18 10:45:00+00:00,30,12,10,347.00177001953125,414.11029052734375,0,0,0,0,0,0,0,0,0,0,0,0,0,0,0,0,1,0,0,0,0,0,0,0,0
2007-12-18 10:45:00+00:00,30,12,10,386.3982238769531,371.91192626953125,0,0,0,0,0,0,0,0,0,0,0,0,0,0,0,0,0,0,0,0,0,0,0,0,0
2007-12-18 10:45:00+00:00,30,12,10,524.8667602539062,452.8312072753906,0,0,0,0,0,0,0,0,0,0,0,0,0,0,0,0,0,0,0,0,0,0,0,0,0
2007-12-18 10:45:00+00:00,30,12,10,128.4682159423828,57.404727935791016,0,0,0,0,0,0,0,0,0,0,0,1,1,1,1,1,1,0,0,0,0,0,0,0,1
2007-12-18 10:45:00+00:00,30,12,10,,,0,0,0,0,0,0,0,0,0,0,0,0,0,0,0,0,0,0,0,0,0,0,0,0,0
2007-12-18 11:00:00+00:00,30,12,11,484.655517578125,42.910831451416016,0,0,0,0,0,0,0,0,0,0,0,0,0,0,0,0,0,0,0,0,0,0,0,1,1
2007-12-18 11:00:00+00:00,30,12,11,379.8252258300781,264.3507385253906,0,0,0,0,0,0,0,0,0,0,0,0,0,0,0,0,0,0,0,0,0,0,0,0,0
2007-12-18 11:00:00+00:00,30,12,11,172.86184692382812,167.81100463867188,0,0,0,0,0,0,0,0,0,0,0,0,1,1,1,1,1,0,0,0,0,0,0,0,0
2007-12-18 11:00:00+00:00,30,12,11,106.33065795898438,116.76712036132812,0,0,0,0,0,0,0,0,0,0,1,1,1,1,1,1,1,0,0,0,0,0,0,0,0
2007-12-18 11:00:00+00:00,30,12,11,127.21305847167969,135.04037475585938,0,0,0,0,0,0,0,0,0,0,0,1,1,1,1,1,1,0,0,0,0,0,0,0,0
2007-12-18 11:00:00+00:00,30,12,11,173.6434326171875,177.12416076660156,0,0,0,0,0,0,0,0,0,0,0,0,1,1,1,1,1,0,0,0,0,0,0,0,0
2007-12-18 11:15:00+00:00,30,12,11,,,0,0,0,0,0,0,0,0,0,0,0,0,0,0,0,0,0,0,0,0,0,0,0,0,0
2007-12-18 11:15:00+00:00,30,12,11,,175.27020263671875,0,0,0,0,0,0,0,0,0,0,0,0,0,0,0,0,0,0,0,0,0,0,0,0,0
2007-12-18 11:15:00+00:00,30,12,11,,147.50732421875,0,0,0,0,0,0,0,0,0,0,0,0,0,0,0,0,0,0,0,0,0,0,0,0,0
2007-12-18 11:15:00+00:00,30,12,11,,,0,0,0,0,0,0,0,0,0,0,0,0,0,0,0,0,0,0,0,0,0,0,0,0,0
2007-12-18 11:30:00+00:00,30,12,11,428.4738464355469,94.42706298828125,0,0,0,0,0,0,0,0,0,0,0,0,0,0,0,0,0,0,0,0,0,0,0,0,0
2007-12-18 11:30:00+00:00,30,12,11,88.7269058227539,74.91243743896484,0,0,0,0,0,0,0,0,0,1,1,1,1,1,1,1,1,0,0,0,0,0,0,0,0
2007-12-18 11:30:00+00:00,30,12,11,100.08067321777344,132.4932861328125,0,0,0,0,0,0,0,0,0,0,1,1,1,1,1,1,1,0,0,0,0,0,0,0,0
2007-12-18 11:30:00+00:00,30,12,11,239.40138244628906,212.18983459472656,0,0,0,0,0,0,0,0,0,0,0,0,0,0,1,1,1,0,0,0,0,0,0,0,0
2007-12-18 11:30:00+00:00,30,12,11,431.6436462402344,0.0,0,0,0,0,0,0,0,0,0,0,0,0,0,0,0,0,0,1,1,1,1,1,1,1,1
2007-12-18 11:30:00+00:00,30,12,11,131.58975219726562,113.31785583496094,0,0,0,0,0,0,0,0,0,0,0,1,1,1,1,1,1,0,0,0,0,0,0,0,0
2007-12-18 11:30:00+00:00,30,12,11,149.71939086914062,132.5946044921875,0,0,0,0,0,0,0,0,0,0,0,1,1,1,1,1,1,0,0,0,0,0,0,0,0
2007-12-18 11:30:00+00:00,30,12,11,451.6095275878906,,0,0,0,0,0,0,0,0,0,0,0,0,0,0,0,0,0,0,0,0,0,0,0,0,0
2007-12-18 11:30:00+00:00,30,12,11,264.9064636230469,0.0,0,0,0,0,0,0,0,0,0,0,0,0,0,0,0,1,1,1,1,1,1,1,1,1,1
2007-12-18 11:30:00+00:00,30,12,11,119.5106201171875,197.353271484375,0,0,0,0,0,0,0,0,0,0,1,1,1,1,1,1,1,0,0,0,0,0,0,0,0
2007-12-18 11:30:00+00:00,30,12,11,227.28317260742188,331.1473083496094,0,0,0,0,0,0,0,0,0,0,0,0,0,0,1,1,1,0,0,0,0,0,0,0,0
2007-12-18 11:45:00+00:00,30,12,11,404.22344970703125,393.9571228027344,0,0,0,0,0,0,0,0,0,0,0,0,0,0,0,0,0,0,0,0,0,0,0,0,0
2007-12-18 11:45:00+00:00,30,12,11,99.00719451904297,101.67350006103516,0,0,0,0,0,0,0,0,0,1,1,1,1,1,1,1,1,0,0,0,0,0,0,0,0
2007-12-18 11:45:00+00:00,30,12,11,147.3516845703125,51.501800537109375,0,0,0,0,0,0,0,0,0,0,0,1,1,1,1,1,1,0,0,0,0,0,0,0,1
2007-12-18 11:45:00+00:00,30,12,11,314.9657897949219,362.1477355957031,0,0,0,0,0,0,0,0,0,0,0,0,0,0,0,0,1,0,0,0,0,0,0,0,0
2007-12-18 12:00:00+00:00,30,12,12,112.33399200439453,47.50103759765625,0,0,0,0,0,0,0,0,0,0,1,1,1,1,1,1,1,0,0,0,0,0,0,1,1
2007-12-18 12:00:00+00:00,30,12,12,162.1974334716797,108.61180877685547,0,0,0,0,0,0,0,0,0,0,0,0,1,1,1,1,1,0,0,0,0,0,0,0,0
2007-12-18 12:00:00+00:00,30,12,12,64.61463165283203,172.49514770507812,0,0,0,0,0,0,0,0,1,1,1,1,1,1,1,1,1,0,0,0,0,0,0,0,0
2007-12-18 12:00:00+00:00,30,12,12,,,0,0,0,0,0,0,0,0,0,0,0,0,0,0,0,0,0,0,0,0,0,0,0,0,0
2007-12-18 12:00:00+00:00,30,12,12,195.04013061523438,140.01510620117188,0,0,0,0,0,0,0,0,0,0,0,0,0,1,1,1,1,0,0,0,0,0,0,0,0
2007-12-18 12:00:00+00:00,30,12,12,155.4203338623047,147.87152099609375,0,0,0,0,0,0,0,0,0,0,0,0,1,1,1,1,1,0,0,0,0,0,0,0,0
2007-12-18 12:00:00+00:00,30,12,12,134.40118408203125,106.74897766113281,0,0,0,0,0,0,0,0,0,0,0,1,1,1,1,1,1,0,0,0,0,0,0,0,0
2007-12-18 12:00:00+00:00,30,12,12,264.5972900390625,319.4888916015625,0,0,0,0,0,0,0,0,0,0,0,0,0,0,0,1,1,0,0,0,0,0,0,0,0
2007-12-18 12:00:00+00:00,30,12,12,153.3679962158203,,0,0,0,0,0,0,0,0,0,0,0,0,1,1,1,1,1,0,0,0,0,0,0,0,0
2007-12-18 12:00:00+00:00,30,12,12,279.4577941894531,285.12939453125,0,0,0,0,0,0,0,0,0,0,0,0,0,0,0,1,1,0,0,0,0,0,0,0,0
2007-12-18 12:00:00+00:00,30,12,12,,,0,0,0,0,0,0,0,0,0,0,0,0,0,0,0,0,0,0,0,0,0,0,0,0,0
2007-12-18 12:00:00+00:00,30,12,12,,,0,0,0,0,0,0,0,0,0,0,0,0,0,0,0,0,0,0,0,0,0,0,0,0,0
2007-12-18 12:15:00+00:00,30,12,12,249.78720092773438,256.9033508300781,0,0,0,0,0,0,0,0,0,0,0,0,0,0,1,1,1,0,0,0,0,0,0,0,0
2007-12-18 12:15:00+00:00,30,12,12,77.3289566040039,155.18081665039062,0,0,0,0,0,0,0,0,1,1,1,1,1,1,1,1,1,0,0,0,0,0,0,0,0
2007-12-18 12:15:00+00:00,30,12,12,213.29739379882812,137.95144653320312,0,0,0,0,0,0,0,0,0,0,0,0,0,0,1,1,1,0,0,0,0,0,0,0,0
2007-12-18 12:15:00+00:00,30,12,12,166.3877410888672,130.1348114013672,0,0,0,0,0,0,0,0,0,0,0,0,1,1,1,1,1,0,0,0,0,0,0,0,0
2007-12-18 12:15:00+00:00,30,12,12,203.21441650390625,211.847900390625,0,0,0,0,0,0,0,0,0,0,0,0,0,0,1,1,1,0,0,0,0,0,0,0,0
2007-12-18 12:15:00+00:00,30,12,12,199.9112548828125,205.21273803710938,0,0,0,0,0,0,0,0,0,0,0,0,0,1,1,1,1,0,0,0,0,0,0,0,0
2007-12-18 12:15:00+00:00,30,12,12,,,0,0,0,0,0,0,0,0,0,0,0,0,0,0,0,0,0,0,0,0,0,0,0,0,0
2007-12-18 12:30:00+00:00,30,12,12,35.39606475830078,0.0,0,0,0,0,0,1,1,1,1,1,1,1,1,1,1,1,1,1,1,1,1,1,1,1,1
2007-12-18 12:30:00+00:00,30,12,12,81.00132751464844,0.0,0,0,0,0,0,0,0,0,0,1,1,1,1,1,1,1,1,1,1,1,1,1,1,1,1
2007-12-18 12:30:00+00:00,30,12,12,163.61392211914062,0.0,0,0,0,0,0,0,0,0,0,0,0,0,1,1,1,1,1,1,1,1,1,1,1,1,1
2007-12-18 12:30:00+00:00,30,12,12,166.0269317626953,146.07064819335938,0,0,0,0,0,0,0,0,0,0,0,0,1,1,1,1,1,0,0,0,0,0,0,0,0
2007-12-18 12:30:00+00:00,30,12,12,315.43402099609375,328.57281494140625,0,0,0,0,0,0,0,0,0,0,0,0,0,0,0,0,1,0,0,0,0,0,0,0,0
2007-12-18 12:30:00+00:00,30,12,12,201.26560974121094,222.2750701904297,0,0,0,0,0,0,0,0,0,0,0,0,0,0,1,1,1,0,0,0,0,0,0,0,0
2007-12-18 12:30:00+00:00,30,12,12,417.9249267578125,78.21276092529297,0,0,0,0,0,0,0,0,0,0,0,0,0,0,0,0,0,0,0,0,0,0,0,0,0
2007-12-18 12:30:00+00:00,30,12,12,233.41831970214844,242.75173950195312,0,0,0,0,0,0,0,0,0,0,0,0,0,0,1,1,1,0,0,0,0,0,0,0,0
2007-12-18 12:30:00+00:00,30,12,12,288.6856994628906,221.54652404785156,0,0,0,0,0,0,0,0,0,0,0,0,0,0,0,1,1,0,0,0,0,0,0,0,0
2007-12-18 12:30:00+00:00,30,12,12,272.3123779296875,245.1256866455078,0,0,0,0,0,0,0,0,0,0,0,0,0,0,0,1,1,0,0,0,0,0,0,0,0
2007-12-18 12:45:00+00:00,30,12,12,113.55086517333984,62.08456802368164,0,0,0,0,0,0,0,0,0,0,1,1,1,1,1,1,1,0,0,0,0,0,0,0,0
2007-12-18 12:45:00+00:00,30,12,12,168.82508850097656,41.8287467956543,0,0,0,0,0,0,0,0,0,0,0,0,1,1,1,1,1,0,0,0,0,0,0,1,1
2007-12-18 12:45:00+00:00,30,12,12,,377.5553894042969,0,0,0,0,0,0,0,0,0,0,0,0,0,0,0,0,0,0,0,0,0,0,0,0,0
2007-12-18 12:45:00+00:00,30,12,12,499.8942565917969,351.37890625,0,0,0,0,0,0,0,0,0,0,0,0,0,0,0,0,0,0,0,0,0,0,0,0,0
2007-12-18 12:45:00+00:00,30,12,12,74.30211639404297,54.88703918457031,0,0,0,0,0,0,0,0,1,1,1,1,1,1,1,1,1,0,0,0,0,0,0,0,1
2007-12-18 12:45:00+00:00,30,12,12,287.5802307128906,265.3539123535156,0,0,0,0,0,0,0,0,0,0,0,0,0,0,0,1,1,0,0,0,0,0,0,0,0
2007-12-18 12:45:00+00:00,30,12,12,54.52605438232422,46.05609893798828,0,0,0,0,0,0,0,1,1,1,1,1,1,1,1,1,1,0,0,0,0,0,0,1,1
2007-12-18 12:45:00+00:00,30,12,12,82.49895477294922,62.97626876831055,0,0,0,0,0,0,0,0,0,1,1,1,1,1,1,1,1,0,0,0,0,0,0,0,0
2007-12-18 13:00:00+00:00,30,12,13,388.896484375,,0,0,0,0,0,0,0,0,0,0,0,0,0,0,0,0,0,0,0,0,0,0,0,0,0
2007-12-18 13:00:00+00:00,30,12,13,175.35784912109375,166.82261657714844,0,0,0,0,0,0,0,0,0,0,0,0,1,1,1,1,1,0,0,0,0,0,0,0,0
2007-12-18 13:00:00+00:00,30,12,13,101.78890228271484,40.677268981933594,0,0,0,0,0,0,0,0,0,0,1,1,1,1,1,1,1,0,0,0,0,0,0,1,1
2007-12-18 13:00:00+00:00,30,12,13,363.9068298339844,327.8410339355469,0,0,0,0,0,0,0,0,0,0,0,0,0,0,0,0,0,0,0,0,0,0,0,0,0
2007-12-18 13:00:00+00:00,30,12,13,179.11485290527344,3.302621841430664,0,0,0,0,0,0,0,0,0,0,0,0,1,1,1,1,1,1,1,1,1,1,1,1,1
2007-12-18 13:00:00+00:00,30,12,13,343.9932556152344,343.34759521484375,0,0,0,0,0,0,0,0,0,0,0,0,0,0,0,0,1,0,0,0,0,0,0,0,0
2007-12-18 13:15:00+00:00,30,12,13,447.532958984375,444.0526428222656,0,0,0,0,0,0,0,0,0,0,0,0,0,0,0,0,0,0,0,0,0,0,0,0,0
2007-12-18 13:15:00+00:00,30,12,13,215.5083465576172,190.88633728027344,0,0,0,0,0,0,0,0,0,0,0,0,0,0,1,1,1,0,0,0,0,0,0,0,0
2007-12-18 13:15:00+00:00,30,12,13,34.98310089111328,19.951255798339844,0,0,0,0,0,1,1,1,1,1,1,1,1,1,1,1,1,0,0,1,1,1,1,1,1
2007-12-18 13:15:00+00:00,30,12,13,143.73712158203125,200.32655334472656,0,0,0,0,0,0,0,0,0,0,0,1,1,1,1,1,1,0,0,0,0,0,0,0,0
2007-12-18 13:15:00+00:00,30,12,13,77.4605941772461,64.86231994628906,0,0,0,0,0,0,0,0,1,1,1,1,1,1,1,1,1,0,0,0,0,0,0,0,0
2007-12-18 13:30:00+00:00,30,12,13,67.79864501953125,104.69998931884766,0,0,0,0,0,0,0,0,1,1,1,1,1,1,1,1,1,0,0,0,0,0,0,0,0
2007-12-18 13:30:00+00:00,30,12,13,221.39804077148438,185.53591918945312,0,0,0,0,0,0,0,0,0,0,0,0,0,0,1,1,1,0,0,0,0,0,0,0,0
2007-12-18 13:30:00+00:00,30,12,13,237.62655639648438,64.90025329589844,0,0,0,0,0,0,0,0,0,0,0,0,0,0,1,1,1,0,0,0,0,0,0,0,0
2007-12-18 13:45:00+00:00,30,12,13,106.15879821777344,108.25308227539062,0,0,0,0,0,0,0,0,0,0,1,1,1,1,1,1,1,0,0,0,0,0,0,0,0
2007-12-18 13:45:00+00:00,30,12,13,75.43083953857422,78.53880310058594,0,0,0,0,0,0,0,0,1,1,1,1,1,1,1,1,1,0,0,0,0,0,0,0,0
2007-12-18 13:45:00+00:00,30,12,13,49.793617248535156,27.236854553222656,0,0,0,0,0,0,1,1,1,1,1,1,1,1,1,1,1,0,0,0,0,1,1,1,1
2007-12-18 13:45:00+00:00,30,12,13,212.74319458007812,212.8086700439453,0,0,0,0,0,0,0,0,0,0,0,0,0,0,1,1,1,0,0,0,0,0,0,0,0
2007-12-18 13:45:00+00:00,30,12,13,185.08993530273438,147.1636199951172,0,0,0,0,0,0,0,0,0,0,0,0,0,1,1,1,1,0,0,0,0,0,0,0,0
2007-12-18 13:45:00+00:00,30,12,13,323.9619445800781,309.6636962890625,0,0,0,0,0,0,0,0,0,0,0,0,0,0,0,0,1,0,0,0,0,0,0,0,0
2007-12-18 13:45:00+00:00,30,12,13,,,0,0,0,0,0,0,0,0,0,0,0,0,0,0,0,0,0,0,0,0,0,0,0,0,0
2007-12-18 14:00:00+00:00,30,12,14,147.81478881835938,132.3029327392578,0,0,0,0,0,0,0,0,0,0,0,1,1,1,1,1,1,0,0,0,0,0,0,0,0
2007-12-18 14:00:00+00:00,30,12,14,84.90345764160156,68.97970581054688,0,0,0,0,0,0,0,0,0,1,1,1,1,1,1,1,1,0,0,0,0,0,0,0,0
2007-12-18 14:00:00+00:00,30,12,14,214.83177185058594,208.76593017578125,0,0,0,0,0,0,0,0,0,0,0,0,0,0,1,1,1,0,0,0,0,0,0,0,0
2007-12-18 14:00:00+00:00,30,12,14,82.83417510986328,61.95583724975586,0,0,0,0,0,0,0,0,0,1,1,1,1,1,1,1,1,0,0,0,0,0,0,0,0
2007-12-18 14:00:00+00:00,30,12,14,272.7996520996094,286.0333557128906,0,0,0,0,0,0,0,0,0,0,0,0,0,0,0,1,1,0,0,0,0,0,0,0,0
2007-12-18 14:00:00+00:00,30,12,14,135.2471466064453,,0,0,0,0,0,0,0,0,0,0,0,1,1,1,1,1,1,0,0,0,0,0,0,0,0
2007-12-18 14:00:00+00:00,30,12,14,,162.48800659179688,0,0,0,0,0,0,0,0,0,0,0,0,0,0,0,0,0,0,0,0,0,0,0,0,0
2007-12-18 14:00:00+00:00,30,12,14,,,0,0,0,0,0,0,0,0,0,0,0,0,0,0,0,0,0,0,0,0,0,0,0,0,0
2007-12-18 14:00:00+00:00,30,12,14,,,0,0,0,0,0,0,0,0,0,0,0,0,0,0,0,0,0,0,0,0,0,0,0,0,0
2007-12-18 14:15:00+00:00,30,12,14,178.28671264648438,116.08590698242188,0,0,0,0,0,0,0,0,0,0,0,0,1,1,1,1,1,0,0,0,0,0,0,0,0
2007-12-18 14:15:00+00:00,30,12,14,282.1824035644531,174.96873474121094,0,0,0,0,0,0,0,0,0,0,0,0,0,0,0,1,1,0,0,0,0,0,0,0,0
2007-12-18 14:15:00+00:00,30,12,14,339.6324462890625,325.0906677246094,0,0,0,0,0,0,0,0,0,0,0,0,0,0,0,0,1,0,0,0,0,0,0,0,0
2007-12-18 14:30:00+00:00,30,12,14,202.22103881835938,268.212646484375,0,0,0,0,0,0,0,0,0,0,0,0,0,0,1,1,1,0,0,0,0,0,0,0,0
2007-12-18 14:30:00+00:00,30,12,14,58.23250961303711,30.723249435424805,0,0,0,0,0,0,0,1,1,1,1,1,1,1,1,1,1,0,0,0,0,0,1,1,1
2007-12-18 14:30:00+00:00,30,12,14,88.40924072265625,80.238525390625,0,0,0,0,0,0,0,0,0,1,1,1,1,1,1,1,1,0,0,0,0,0,0,0,0
2007-12-18 14:30:00+00:00,30,12,14,150.66078186035156,128.24118041992188,0,0,0,0,0,0,0,0,0,0,0,0,1,1,1,1,1,0,0,0,0,0,0,0,0
2007-12-18 14:30:00+00:00,30,12,14,277.6729431152344,258.3119201660156,0,0,0,0,0,0,0,0,0,0,0,0,0,0,0,1,1,0,0,0,0,0,0,0,0
2007-12-18 14:45:00+00:00,30,12,14,333.4047546386719,334.04638671875,0,0,0,0,0,0,0,0,0,0,0,0,0,0,0,0,1,0,0,0,0,0,0,0,0
2007-12-18 14:45:00+00:00,30,12,14,,,0,0,0,0,0,0,0,0,0,0,0,0,0,0,0,0,0,0,0,0,0,0,0,0,0
2007-12-18 14:45:00+00:00,30,12,14,123.30097961425781,92.67353820800781,0,0,0,0,0,0,0,0,0,0,0,1,1,1,1,1,1,0,0,0,0,0,0,0,0
2007-12-18 14:45:00+00:00,30,12,14,240.42921447753906,230.19125366210938,0,0,0,0,0,0,0,0,0,0,0,0,0,0,1,1,1,0,0,0,0,0,0,0,0
2007-12-18 14:45:00+00:00,30,12,14,108.00701141357422,216.31015014648438,0,0,0,0,0,0,0,0,0,0,1,1,1,1,1,1,1,0,0,0,0,0,0,0,0
2007-12-18 14:45:00+00:00,30,12,14,,,0,0,0,0,0,0,0,0,0,0,0,0,0,0,0,0,0,0,0,0,0,0,0,0,0
2007-12-18 15:00:00+00:00,30,12,15,,,0,0,0,0,0,0,0,0,0,0,0,0,0,0,0,0,0,0,0,0,0,0,0,0,0
2007-12-18 15:15:00+00:00,30,12,15,189.91876220703125,177.1405029296875,0,0,0,0,0,0,0,0,0,0,0,0,0,1,1,1,1,0,0,0,0,0,0,0,0
2007-12-18 15:15:00+00:00,30,12,15,,,0,0,0,0,0,0,0,0,0,0,0,0,0,0,0,0,0,0,0,0,0,0,0,0,0
2007-12-18 15:30:00+00:00,30,12,15,,,0,0,0,0,0,0,0,0,0,0,0,0,0,0,0,0,0,0,0,0,0,0,0,0,0
2007-12-18 15:30:00+00:00,30,12,15,,,0,0,0,0,0,0,0,0,0,0,0,0,0,0,0,0,0,0,0,0,0,0,0,0,0
2007-12-18 15:45:00+00:00,30,12,15,,,0,0,0,0,0,0,0,0,0,0,0,0,0,0,0,0,0,0,0,0,0,0,0,0,0
2007-12-18 15:45:00+00:00,30,12,15,,,0,0,0,0,0,0,0,0,0,0,0,0,0,0,0,0,0,0,0,0,0,0,0,0,0
2007-12-18 16:00:00+00:00,30,12,16,91.03175354003906,85.79566955566406,0,0,0,0,0,0,0,0,0,1,1,1,1,1,1,1,1,0,0,0,0,0,0,0,0
2007-12-18 16:00:00+00:00,30,12,16,88.1529541015625,0.0,0,0,0,0,0,0,0,0,0,1,1,1,1,1,1,1,1,1,1,1,1,1,1,1,1
2007-12-18 16:00:00+00:00,30,12,16,268.5265808105469,268.255859375,0,0,0,0,0,0,0,0,0,0,0,0,0,0,0,1,1,0,0,0,0,0,0,0,0
2007-12-18 16:00:00+00:00,30,12,16,,,0,0,0,0,0,0,0,0,0,0,0,0,0,0,0,0,0,0,0,0,0,0,0,0,0
2007-12-18 16:00:00+00:00,30,12,16,63.533626556396484,39.48889923095703,0,0,0,0,0,0,0,0,1,1,1,1,1,1,1,1,1,0,0,0,0,0,1,1,1
2007-12-18 16:00:00+00:00,30,12,16,,,0,0,0,0,0,0,0,0,0,0,0,0,0,0,0,0,0,0,0,0,0,0,0,0,0
2007-12-18 16:15:00+00:00,30,12,16,92.5987319946289,114.0461196899414,0,0,0,0,0,0,0,0,0,1,1,1,1,1,1,1,1,0,0,0,0,0,0,0,0
2007-12-18 16:15:00+00:00,30,12,16,113.36045837402344,22.11728858947754,0,0,0,0,0,0,0,0,0,0,1,1,1,1,1,1,1,0,0,0,1,1,1,1,1
2007-12-18 16:15:00+00:00,30,12,16,69.81902313232422,74.41133117675781,0,0,0,0,0,0,0,0,1,1,1,1,1,1,1,1,1,0,0,0,0,0,0,0,0
2007-12-18 16:30:00+00:00,30,12,16,44.432743072509766,32.028263092041016,0,0,0,0,0,0,1,1,1,1,1,1,1,1,1,1,1,0,0,0,0,0,1,1,1
2007-12-18 16:45:00+00:00,30,12,16,275.26312255859375,283.0354309082031,0,0,0,0,0,0,0,0,0,0,0,0,0,0,0,1,1,0,0,0,0,0,0,0,0
2007-12-18 16:45:00+00:00,30,12,16,,,0,0,0,0,0,0,0,0,0,0,0,0,0,0,0,0,0,0,0,0,0,0,0,0,0
2007-12-18 16:45:00+00:00,30,12,16,,,0,0,0,0,0,0,0,0,0,0,0,0,0,0,0,0,0,0,0,0,0,0,0,0,0
2007-12-18 17:15:00+00:00,30,12,17,190.43655395507812,221.7040557861328,0,0,0,0,0,0,0,0,0,0,0,0,0,1,1,1,1,0,0,0,0,0,0,0,0
2007-12-18 17:15:00+00:00,30,12,17,114.1295394897461,178.7492218017578,0,0,0,0,0,0,0,0,0,0,1,1,1,1,1,1,1,0,0,0,0,0,0,0,0
2007-12-18 17:30:00+00:00,30,12,17,79.3104476928711,93.42926025390625,0,0,0,0,0,0,0,0,1,1,1,1,1,1,1,1,1,0,0,0,0,0,0,0,0
2007-12-18 17:45:00+00:00,30,12,17,111.76260375976562,133.68759155273438,0,0,0,0,0,0,0,0,0,0,1,1,1,1,1,1,1,0,0,0,0,0,0,0,0
2007-12-19 10:00:00+00:00,30,12,10,325.44744873046875,58.77703094482422,0,0,0,0,0,0,0,0,0,0,0,0,0,0,0,0,1,0,0,0,0,0,0,0,1
2007-12-19 10:00:00+00:00,30,12,10,,,0,0,0,0,0,0,0,0,0,0,0,0,0,0,0,0,0,0,0,0,0,0,0,0,0
2007-12-19 10:00:00+00:00,30,12,10,124.38713836669922,121.67999267578125,0,0,0,0,0,0,0,0,0,0,0,1,1,1,1,1,1,0,0,0,0,0,0,0,0
2007-12-19 10:00:00+00:00,30,12,10,233.61476135253906,204.30307006835938,0,0,0,0,0,0,0,0,0,0,0,0,0,0,1,1,1,0,0,0,0,0,0,0,0
2007-12-19 10:00:00+00:00,30,12,10,397.7806701660156,369.22320556640625,0,0,0,0,0,0,0,0,0,0,0,0,0,0,0,0,0,0,0,0,0,0,0,0,0
2007-12-19 10:00:00+00:00,30,12,10,,,0,0,0,0,0,0,0,0,0,0,0,0,0,0,0,0,0,0,0,0,0,0,0,0,0
2007-12-19 10:00:00+00:00,30,12,10,,,0,0,0,0,0,0,0,0,0,0,0,0,0,0,0,0,0,0,0,0,0,0,0,0,0
2007-12-19 10:00:00+00:00,30,12,10,,,0,0,0,0,0,0,0,0,0,0,0,0,0,0,0,0,0,0,0,0,0,0,0,0,0
2007-12-19 10:15:00+00:00,30,12,10,435.4335021972656,212.34014892578125,0,0,0,0,0,0,0,0,0,0,0,0,0,0,0,0,0,0,0,0,0,0,0,0,0
2007-12-19 10:15:00+00:00,30,12,10,394.89837646484375,140.15130615234375,0,0,0,0,0,0,0,0,0,0,0,0,0,0,0,0,0,0,0,0,0,0,0,0,0
2007-12-19 10:15:00+00:00,30,12,10,461.8121032714844,173.1366729736328,0,0,0,0,0,0,0,0,0,0,0,0,0,0,0,0,0,0,0,0,0,0,0,0,0
2007-12-19 10:15:00+00:00,30,12,10,247.53790283203125,248.74937438964844,0,0,0,0,0,0,0,0,0,0,0,0,0,0,1,1,1,0,0,0,0,0,0,0,0
2007-12-19 10:15:00+00:00,30,12,10,,,0,0,0,0,0,0,0,0,0,0,0,0,0,0,0,0,0,0,0,0,0,0,0,0,0
2007-12-19 10:30:00+00:00,30,12,10,91.81767272949219,101.74909973144531,0,0,0,0,0,0,0,0,0,1,1,1,1,1,1,1,1,0,0,0,0,0,0,0,0
2007-12-19 10:30:00+00:00,30,12,10,,,0,0,0,0,0,0,0,0,0,0,0,0,0,0,0,0,0,0,0,0,0,0,0,0,0
2007-12-19 10:30:00+00:00,30,12,10,178.0854034423828,180.6791534423828,0,0,0,0,0,0,0,0,0,0,0,0,1,1,1,1,1,0,0,0,0,0,0,0,0
2007-12-19 10:30:00+00:00,30,12,10,280.5961608886719,342.3442077636719,0,0,0,0,0,0,0,0,0,0,0,0,0,0,0,1,1,0,0,0,0,0,0,0,0
2007-12-19 10:45:00+00:00,30,12,10,72.1519775390625,71.78752136230469,0,0,0,0,0,0,0,0,1,1,1,1,1,1,1,1,1,0,0,0,0,0,0,0,0
2007-12-19 10:45:00+00:00,30,12,10,,14.449005126953125,0,0,0,0,0,0,0,0,0,0,0,0,0,0,0,0,0,0,1,1,1,1,1,1,1
2007-12-19 10:45:00+00:00,30,12,10,,76.6592025756836,0,0,0,0,0,0,0,0,0,0,0,0,0,0,0,0,0,0,0,0,0,0,0,0,0
2007-12-19 10:45:00+00:00,30,12,10,,,0,0,0,0,0,0,0,0,0,0,0,0,0,0,0,0,0,0,0,0,0,0,0,0,0
2007-12-19 10:45:00+00:00,30,12,10,,,0,0,0,0,0,0,0,0,0,0,0,0,0,0,0,0,0,0,0,0,0,0,0,0,0
2007-12-19 10:45:00+00:00,30,12,10,,,0,0,0,0,0,0,0,0,0,0,0,0,0,0,0,0,0,0,0,0,0,0,0,0,0
2007-12-19 11:00:00+00:00,30,12,11,138.3638916015625,128.3553466796875,0,0,0,0,0,0,0,0,0,0,0,1,1,1,1,1,1,0,0,0,0,0,0,0,0
2007-12-19 11:00:00+00:00,30,12,11,214.1615447998047,200.80377197265625,0,0,0,0,0,0,0,0,0,0,0,0,0,0,1,1,1,0,0,0,0,0,0,0,0
2007-12-19 11:00:00+00:00,30,12,11,,,0,0,0,0,0,0,0,0,0,0,0,0,0,0,0,0,0,0,0,0,0,0,0,0,0
2007-12-19 11:15:00+00:00,30,12,11,66.43098449707031,45.971134185791016,0,0,0,0,0,0,0,0,1,1,1,1,1,1,1,1,1,0,0,0,0,0,0,1,1
2007-12-19 11:15:00+00:00,30,12,11,95.45454406738281,78.75724029541016,0,0,0,0,0,0,0,0,0,1,1,1,1,1,1,1,1,0,0,0,0,0,0,0,0
2007-12-19 11:15:00+00:00,30,12,11,,441.52972412109375,0,0,0,0,0,0,0,0,0,0,0,0,0,0,0,0,0,0,0,0,0,0,0,0,0
2007-12-19 11:15:00+00:00,30,12,11,70.49516296386719,125.73403930664062,0,0,0,0,0,0,0,0,1,1,1,1,1,1,1,1,1,0,0,0,0,0,0,0,0
2007-12-19 11:15:00+00:00,30,12,11,242.62974548339844,221.81983947753906,0,0,0,0,0,0,0,0,0,0,0,0,0,0,1,1,1,0,0,0,0,0,0,0,0
2007-12-19 11:15:00+00:00,30,12,11,,,0,0,0,0,0,0,0,0,0,0,0,0,0,0,0,0,0,0,0,0,0,0,0,0,0
2007-12-19 11:15:00+00:00,30,12,11,,,0,0,0,0,0,0,0,0,0,0,0,0,0,0,0,0,0,0,0,0,0,0,0,0,0
2007-12-19 11:15:00+00:00,30,12,11,,,0,0,0,0,0,0,0,0,0,0,0,0,0,0,0,0,0,0,0,0,0,0,0,0,0
2007-12-19 11:30:00+00:00,30,12,11,105.40574645996094,80.52812957763672,0,0,0,0,0,0,0,0,0,0,1,1,1,1,1,1,1,0,0,0,0,0,0,0,0
2007-12-19 11:30:00+00:00,30,12,11,,,0,0,0,0,0,0,0,0,0,0,0,0,0,0,0,0,0,0,0,0,0,0,0,0,0
2007-12-19 11:30:00+00:00,30,12,11,418.3670959472656,336.931396484375,0,0,0,0,0,0,0,0,0,0,0,0,0,0,0,0,0,0,0,0,0,0,0,0,0
2007-12-19 11:30:00+00:00,30,12,11,,,0,0,0,0,0,0,0,0,0,0,0,0,0,0,0,0,0,0,0,0,0,0,0,0,0
2007-12-19 11:45:00+00:00,30,12,11,16.147768020629883,0.0,0,0,1,1,1,1,1,1,1,1,1,1,1,1,1,1,1,1,1,1,1,1,1,1,1
2007-12-19 11:45:00+00:00,30,12,11,345.5666198730469,335.0792541503906,0,0,0,0,0,0,0,0,0,0,0,0,0,0,0,0,1,0,0,0,0,0,0,0,0
2007-12-19 11:45:00+00:00,30,12,11,52.72991180419922,54.66392135620117,0,0,0,0,0,0,0,1,1,1,1,1,1,1,1,1,1,0,0,0,0,0,0,0,1
2007-12-19 11:45:00+00:00,30,12,11,132.46299743652344,83.09011840820312,0,0,0,0,0,0,0,0,0,0,0,1,1,1,1,1,1,0,0,0,0,0,0,0,0
2007-12-19 11:45:00+00:00,30,12,11,399.1540832519531,378.2430419921875,0,0,0,0,0,0,0,0,0,0,0,0,0,0,0,0,0,0,0,0,0,0,0,0,0
2007-12-19 11:45:00+00:00,30,12,11,,,0,0,0,0,0,0,0,0,0,0,0,0,0,0,0,0,0,0,0,0,0,0,0,0,0
2007-12-19 11:45:00+00:00,30,12,11,,,0,0,0,0,0,0,0,0,0,0,0,0,0,0,0,0,0,0,0,0,0,0,0,0,0
2007-12-19 11:45:00+00:00,30,12,11,,,0,0,0,0,0,0,0,0,0,0,0,0,0,0,0,0,0,0,0,0,0,0,0,0,0
2007-12-19 12:00:00+00:00,30,12,12,76.12152099609375,49.25993728637695,0,0,0,0,0,0,0,0,1,1,1,1,1,1,1,1,1,0,0,0,0,0,0,1,1
2007-12-19 12:00:00+00:00,30,12,12,60.55013656616211,56.21941375732422,0,0,0,0,0,0,0,0,1,1,1,1,1,1,1,1,1,0,0,0,0,0,0,0,1
2007-12-19 12:00:00+00:00,30,12,12,133.91213989257812,127.31656646728516,0,0,0,0,0,0,0,0,0,0,0,1,1,1,1,1,1,0,0,0,0,0,0,0,0
2007-12-19 12:00:00+00:00,30,12,12,454.5210266113281,446.9253234863281,0,0,0,0,0,0,0,0,0,0,0,0,0,0,0,0,0,0,0,0,0,0,0,0,0
2007-12-19 12:00:00+00:00,30,12,12,,,0,0,0,0,0,0,0,0,0,0,0,0,0,0,0,0,0,0,0,0,0,0,0,0,0
2007-12-19 12:00:00+00:00,30,12,12,,,0,0,0,0,0,0,0,0,0,0,0,0,0,0,0,0,0,0,0,0,0,0,0,0,0
2007-12-19 12:15:00+00:00,30,12,12,58.81083297729492,59.273677825927734,0,0,0,0,0,0,0,1,1,1,1,1,1,1,1,1,1,0,0,0,0,0,0,0,1
2007-12-19 12:15:00+00:00,30,12,12,193.2947998046875,176.44361877441406,0,0,0,0,0,0,0,0,0,0,0,0,0,1,1,1,1,0,0,0,0,0,0,0,0
2007-12-19 12:15:00+00:00,30,12,12,265.0884094238281,323.5835876464844,0,0,0,0,0,0,0,0,0,0,0,0,0,0,0,1,1,0,0,0,0,0,0,0,0
2007-12-19 12:15:00+00:00,30,12,12,,,0,0,0,0,0,0,0,0,0,0,0,0,0,0,0,0,0,0,0,0,0,0,0,0,0
2007-12-19 12:15:00+00:00,30,12,12,,,0,0,0,0,0,0,0,0,0,0,0,0,0,0,0,0,0,0,0,0,0,0,0,0,0
2007-12-19 12:30:00+00:00,30,12,12,113.62263488769531,59.469608306884766,0,0,0,0,0,0,0,0,0,0,1,1,1,1,1,1,1,0,0,0,0,0,0,0,1
2007-12-19 12:30:00+00:00,30,12,12,,,0,0,0,0,0,0,0,0,0,0,0,0,0,0,0,0,0,0,0,0,0,0,0,0,0
2007-12-19 12:30:00+00:00,30,12,12,,429.61669921875,0,0,0,0,0,0,0,0,0,0,0,0,0,0,0,0,0,0,0,0,0,0,0,0,0
2007-12-19 12:45:00+00:00,30,12,12,75.17195129394531,25.544700622558594,0,0,0,0,0,0,0,0,1,1,1,1,1,1,1,1,1,0,0,0,0,1,1,1,1
2007-12-19 12:45:00+00:00,30,12,12,353.30767822265625,314.6995544433594,0,0,0,0,0,0,0,0,0,0,0,0,0,0,0,0,0,0,0,0,0,0,0,0,0
2007-12-19 12:45:00+00:00,30,12,12,312.2817687988281,206.33441162109375,0,0,0,0,0,0,0,0,0,0,0,0,0,0,0,0,1,0,0,0,0,0,0,0,0
2007-12-19 12:45:00+00:00,30,12,12,85.01089477539062,100.8757553100586,0,0,0,0,0,0,0,0,0,1,1,1,1,1,1,1,1,0,0,0,0,0,0,0,0
2007-12-19 12:45:00+00:00,30,12,12,157.45767211914062,153.80380249023438,0,0,0,0,0,0,0,0,0,0,0,0,1,1,1,1,1,0,0,0,0,0,0,0,0
2007-12-19 12:45:00+00:00,30,12,12,508.8782958984375,,0,0,0,0,0,0,0,0,0,0,0,0,0,0,0,0,0,0,0,0,0,0,0,0,0
2007-12-19 12:45:00+00:00,30,12,12,,88.14800262451172,0,0,0,0,0,0,0,0,0,0,0,0,0,0,0,0,0,0,0,0,0,0,0,0,0
2007-12-19 12:45:00+00:00,30,12,12,,360.2160339355469,0,0,0,0,0,0,0,0,0,0,0,0,0,0,0,0,0,0,0,0,0,0,0,0,0
2007-12-19 12:45:00+00:00,30,12,12,,,0,0,0,0,0,0,0,0,0,0,0,0,0,0,0,0,0,0,0,0,0,0,0,0,0
2007-12-19 12:45:00+00:00,30,12,12,,287.75848388671875,0,0,0,0,0,0,0,0,0,0,0,0,0,0,0,0,0,0,0,0,0,0,0,0,0
2007-12-19 13:00:00+00:00,30,12,13,173.7974395751953,183.93788146972656,0,0,0,0,0,0,0,0,0,0,0,0,1,1,1,1,1,0,0,0,0,0,0,0,0
2007-12-19 13:00:00+00:00,30,12,13,,,0,0,0,0,0,0,0,0,0,0,0,0,0,0,0,0,0,0,0,0,0,0,0,0,0
2007-12-19 13:00:00+00:00,30,12,13,451.5889892578125,438.35333251953125,0,0,0,0,0,0,0,0,0,0,0,0,0,0,0,0,0,0,0,0,0,0,0,0,0
2007-12-19 13:00:00+00:00,30,12,13,276.88775634765625,293.4585266113281,0,0,0,0,0,0,0,0,0,0,0,0,0,0,0,1,1,0,0,0,0,0,0,0,0
2007-12-19 13:00:00+00:00,30,12,13,278.615478515625,299.13665771484375,0,0,0,0,0,0,0,0,0,0,0,0,0,0,0,1,1,0,0,0,0,0,0,0,0
2007-12-19 13:15:00+00:00,30,12,13,182.6240234375,269.3597412109375,0,0,0,0,0,0,0,0,0,0,0,0,0,1,1,1,1,0,0,0,0,0,0,0,0
2007-12-19 13:15:00+00:00,30,12,13,54.55528259277344,55.60274887084961,0,0,0,0,0,0,0,1,1,1,1,1,1,1,1,1,1,0,0,0,0,0,0,0,1
2007-12-19 13:15:00+00:00,30,12,13,,143.27951049804688,0,0,0,0,0,0,0,0,0,0,0,0,0,0,0,0,0,0,0,0,0,0,0,0,0
2007-12-19 13:15:00+00:00,30,12,13,,,0,0,0,0,0,0,0,0,0,0,0,0,0,0,0,0,0,0,0,0,0,0,0,0,0
2007-12-19 13:30:00+00:00,30,12,13,186.98431396484375,161.61505126953125,0,0,0,0,0,0,0,0,0,0,0,0,0,1,1,1,1,0,0,0,0,0,0,0,0
2007-12-19 13:30:00+00:00,30,12,13,,,0,0,0,0,0,0,0,0,0,0,0,0,0,0,0,0,0,0,0,0,0,0,0,0,0
2007-12-19 13:45:00+00:00,30,12,13,153.42332458496094,145.41136169433594,0,0,0,0,0,0,0,0,0,0,0,0,1,1,1,1,1,0,0,0,0,0,0,0,0
2007-12-19 13:45:00+00:00,30,12,13,295.7259216308594,159.89126586914062,0,0,0,0,0,0,0,0,0,0,0,0,0,0,0,1,1,0,0,0,0,0,0,0,0
2007-12-19 13:45:00+00:00,30,12,13,286.5426025390625,255.04847717285156,0,0,0,0,0,0,0,0,0,0,0,0,0,0,0,1,1,0,0,0,0,0,0,0,0
2007-12-19 14:00:00+00:00,30,12,14,,,0,0,0,0,0,0,0,0,0,0,0,0,0,0,0,0,0,0,0,0,0,0,0,0,0
2007-12-19 14:15:00+00:00,30,12,14,466.6989440917969,440.7126159667969,0,0,0,0,0,0,0,0,0,0,0,0,0,0,0,0,0,0,0,0,0,0,0,0,0
2007-12-19 14:15:00+00:00,30,12,14,,,0,0,0,0,0,0,0,0,0,0,0,0,0,0,0,0,0,0,0,0,0,0,0,0,0
2007-12-19 14:15:00+00:00,30,12,14,213.1709442138672,426.5233459472656,0,0,0,0,0,0,0,0,0,0,0,0,0,0,1,1,1,0,0,0,0,0,0,0,0
2007-12-19 14:15:00+00:00,30,12,14,,401.1185302734375,0,0,0,0,0,0,0,0,0,0,0,0,0,0,0,0,0,0,0,0,0,0,0,0,0
2007-12-19 14:15:00+00:00,30,12,14,,,0,0,0,0,0,0,0,0,0,0,0,0,0,0,0,0,0,0,0,0,0,0,0,0,0
2007-12-19 14:15:00+00:00,30,12,14,106.87142944335938,101.68684387207031,0,0,0,0,0,0,0,0,0,0,1,1,1,1,1,1,1,0,0,0,0,0,0,0,0
2007-12-19 14:15:00+00:00,30,12,14,380.3026428222656,271.5086975097656,0,0,0,0,0,0,0,0,0,0,0,0,0,0,0,0,0,0,0,0,0,0,0,0,0
2007-12-19 14:15:00+00:00,30,12,14,430.8674011230469,424.16436767578125,0,0,0,0,0,0,0,0,0,0,0,0,0,0,0,0,0,0,0,0,0,0,0,0,0
2007-12-19 14:15:00+00:00,30,12,14,,,0,0,0,0,0,0,0,0,0,0,0,0,0,0,0,0,0,0,0,0,0,0,0,0,0
2007-12-19 14:30:00+00:00,30,12,14,219.00735473632812,217.70277404785156,0,0,0,0,0,0,0,0,0,0,0,0,0,0,1,1,1,0,0,0,0,0,0,0,0
2007-12-19 14:30:00+00:00,30,12,14,261.40802001953125,273.2831115722656,0,0,0,0,0,0,0,0,0,0,0,0,0,0,0,1,1,0,0,0,0,0,0,0,0
2007-12-19 14:30:00+00:00,30,12,14,281.6825866699219,259.93023681640625,0,0,0,0,0,0,0,0,0,0,0,0,0,0,0,1,1,0,0,0,0,0,0,0,0
2007-12-19 14:30:00+00:00,30,12,14,,,0,0,0,0,0,0,0,0,0,0,0,0,0,0,0,0,0,0,0,0,0,0,0,0,0
2007-12-19 14:30:00+00:00,30,12,14,66.15907287597656,72.43765258789062,0,0,0,0,0,0,0,0,1,1,1,1,1,1,1,1,1,0,0,0,0,0,0,0,0
2007-12-19 14:45:00+00:00,30,12,14,,,0,0,0,0,0,0,0,0,0,0,0,0,0,0,0,0,0,0,0,0,0,0,0,0,0
2007-12-19 14:45:00+00:00,30,12,14,,,0,0,0,0,0,0,0,0,0,0,0,0,0,0,0,0,0,0,0,0,0,0,0,0,0
2007-12-19 14:45:00+00:00,30,12,14,134.39132690429688,131.49008178710938,0,0,0,0,0,0,0,0,0,0,0,1,1,1,1,1,1,0,0,0,0,0,0,0,0
2007-12-19 14:45:00+00:00,30,12,14,,,0,0,0,0,0,0,0,0,0,0,0,0,0,0,0,0,0,0,0,0,0,0,0,0,0
2007-12-19 15:00:00+00:00,30,12,15,,401.7405090332031,0,0,0,0,0,0,0,0,0,0,0,0,0,0,0,0,0,0,0,0,0,0,0,0,0
2007-12-19 15:00:00+00:00,30,12,15,,430.9428405761719,0,0,0,0,0,0,0,0,0,0,0,0,0,0,0,0,0,0,0,0,0,0,0,0,0
2007-12-19 15:15:00+00:00,30,12,15,438.0816955566406,437.34991455078125,0,0,0,0,0,0,0,0,0,0,0,0,0,0,0,0,0,0,0,0,0,0,0,0,0
2007-12-19 15:30:00+00:00,30,12,15,,,0,0,0,0,0,0,0,0,0,0,0,0,0,0,0,0,0,0,0,0,0,0,0,0,0
2007-12-19 15:30:00+00:00,30,12,15,169.1396026611328,193.09524536132812,0,0,0,0,0,0,0,0,0,0,0,0,1,1,1,1,1,0,0,0,0,0,0,0,0
2007-12-19 15:30:00+00:00,30,12,15,353.3304748535156,388.5120544433594,0,0,0,0,0,0,0,0,0,0,0,0,0,0,0,0,0,0,0,0,0,0,0,0,0
2007-12-19 15:30:00+00:00,30,12,15,,302.2900085449219,0,0,0,0,0,0,0,0,0,0,0,0,0,0,0,0,0,0,0,0,0,0,0,0,0
2007-12-19 15:30:00+00:00,30,12,15,,234.91749572753906,0,0,0,0,0,0,0,0,0,0,0,0,0,0,0,0,0,0,0,0,0,0,0,0,0
2007-12-19 15:45:00+00:00,30,12,15,,,0,0,0,0,0,0,0,0,0,0,0,0,0,0,0,0,0,0,0,0,0,0,0,0,0
2007-12-19 15:45:00+00:00,30,12,15,515.1223754882812,248.8229217529297,0,0,0,0,0,0,0,0,0,0,0,0,0,0,0,0,0,0,0,0,0,0,0,0,0
2007-12-19 15:45:00+00:00,30,12,15,,437.7742919921875,0,0,0,0,0,0,0,0,0,0,0,0,0,0,0,0,0,0,0,0,0,0,0,0,0
2007-12-19 15:45:00+00:00,30,12,15,245.7010040283203,480.9442138671875,0,0,0,0,0,0,0,0,0,0,0,0,0,0,1,1,1,0,0,0,0,0,0,0,0
2007-12-19 15:45:00+00:00,30,12,15,,4.287900924682617,0,0,0,0,0,0,0,0,0,0,0,0,0,0,0,0,0,1,1,1,1,1,1,1,1
2007-12-19 15:45:00+00:00,30,12,15,,40.04677200317383,0,0,0,0,0,0,0,0,0,0,0,0,0,0,0,0,0,0,0,0,0,0,0,1,1
2007-12-19 15:45:00+00:00,30,12,15,,97.0857925415039,0,0,0,0,0,0,0,0,0,0,0,0,0,0,0,0,0,0,0,0,0,0,0,0,0
2007-12-19 16:00:00+00:00,30,12,16,126.58357238769531,327.160888671875,0,0,0,0,0,0,0,0,0,0,0,1,1,1,1,1,1,0,0,0,0,0,0,0,0
2007-12-19 16:00:00+00:00,30,12,16,189.56686401367188,0.0,0,0,0,0,0,0,0,0,0,0,0,0,0,1,1,1,1,1,1,1,1,1,1,1,1
2007-12-19 16:00:00+00:00,30,12,16,,74.71809387207031,0,0,0,0,0,0,0,0,0,0,0,0,0,0,0,0,0,0,0,0,0,0,0,0,0
2007-12-19 16:15:00+00:00,30,12,16,139.2480926513672,45.73548126220703,0,0,0,0,0,0,0,0,0,0,0,1,1,1,1,1,1,0,0,0,0,0,0,1,1
2007-12-19 16:30:00+00:00,30,12,16,106.54566192626953,10.390053749084473,0,0,0,0,0,0,0,0,0,0,1,1,1,1,1,1,1,0,1,1,1,1,1,1,1
2007-12-19 16:30:00+00:00,30,12,16,72.63530731201172,39.01142883300781,0,0,0,0,0,0,0,0,1,1,1,1,1,1,1,1,1,0,0,0,0,0,1,1,1
2007-12-19 16:30:00+00:00,30,12,16,,,0,0,0,0,0,0,0,0,0,0,0,0,0,0,0,0,0,0,0,0,0,0,0,0,0
2007-12-19 16:30:00+00:00,30,12,16,,,0,0,0,0,0,0,0,0,0,0,0,0,0,0,0,0,0,0,0,0,0,0,0,0,0
2007-12-19 16:30:00+00:00,30,12,16,,,0,0,0,0,0,0,0,0,0,0,0,0,0,0,0,0,0,0,0,0,0,0,0,0,0
2007-12-19 16:30:00+00:00,30,12,16,253.90972900390625,237.85861206054688,0,0,0,0,0,0,0,0,0,0,0,0,0,0,0,1,1,0,0,0,0,0,0,0,0
2007-12-19 16:45:00+00:00,30,12,16,98.51025390625,17.426361083984375,0,0,0,0,0,0,0,0,0,1,1,1,1,1,1,1,1,0,0,1,1,1,1,1,1
2007-12-19 16:45:00+00:00,30,12,16,148.98486328125,164.26724243164062,0,0,0,0,0,0,0,0,0,0,0,1,1,1,1,1,1,0,0,0,0,0,0,0,0
2007-12-19 16:45:00+00:00,30,12,16,240.91552734375,227.59347534179688,0,0,0,0,0,0,0,0,0,0,0,0,0,0,1,1,1,0,0,0,0,0,0,0,0
2007-12-19 16:45:00+00:00,30,12,16,,,0,0,0,0,0,0,0,0,0,0,0,0,0,0,0,0,0,0,0,0,0,0,0,0,0
2007-12-19 16:45:00+00:00,30,12,16,210.30606079101562,286.6289978027344,0,0,0,0,0,0,0,0,0,0,0,0,0,0,1,1,1,0,0,0,0,0,0,0,0
2007-12-19 17:00:00+00:00,30,12,17,,,0,0,0,0,0,0,0,0,0,0,0,0,0,0,0,0,0,0,0,0,0,0,0,0,0
2007-12-19 17:00:00+00:00,30,12,17,92.71341705322266,,0,0,0,0,0,0,0,0,0,1,1,1,1,1,1,1,1,0,0,0,0,0,0,0,0
2007-12-19 17:15:00+00:00,30,12,17,252.21873474121094,346.9880676269531,0,0,0,0,0,0,0,0,0,0,0,0,0,0,0,1,1,0,0,0,0,0,0,0,0
2007-12-19 17:15:00+00:00,30,12,17,,,0,0,0,0,0,0,0,0,0,0,0,0,0,0,0,0,0,0,0,0,0,0,0,0,0
2007-12-19 17:30:00+00:00,30,12,17,284.54345703125,233.75363159179688,0,0,0,0,0,0,0,0,0,0,0,0,0,0,0,1,1,0,0,0,0,0,0,0,0
2007-12-19 17:30:00+00:00,30,12,17,,,0,0,0,0,0,0,0,0,0,0,0,0,0,0,0,0,0,0,0,0,0,0,0,0,0
2007-12-19 17:30:00+00:00,30,12,17,343.9975891113281,332.678466796875,0,0,0,0,0,0,0,0,0,0,0,0,0,0,0,0,1,0,0,0,0,0,0,0,0
2007-12-19 17:45:00+00:00,30,12,17,589.8320922851562,592.8410034179688,0,0,0,0,0,0,0,0,0,0,0,0,0,0,0,0,0,0,0,0,0,0,0,0,0
2007-12-19 17:45:00+00:00,30,12,17,,,0,0,0,0,0,0,0,0,0,0,0,0,0,0,0,0,0,0,0,0,0,0,0,0,0
2007-12-19 17:45:00+00:00,30,12,17,180.29339599609375,243.18675231933594,0,0,0,0,0,0,0,0,0,0,0,0,0,1,1,1,1,0,0,0,0,0,0,0,0
2007-12-20 10:00:00+00:00,30,12,10,,,0,0,0,0,0,0,0,0,0,0,0,0,0,0,0,0,0,0,0,0,0,0,0,0,0
2007-12-20 10:00:00+00:00,30,12,10,65.50897216796875,55.42243194580078,0,0,0,0,0,0,0,0,1,1,1,1,1,1,1,1,1,0,0,0,0,0,0,0,1
2007-12-20 10:00:00+00:00,30,12,10,75.96898651123047,86.47293853759766,0,0,0,0,0,0,0,0,1,1,1,1,1,1,1,1,1,0,0,0,0,0,0,0,0
2007-12-20 10:00:00+00:00,30,12,10,228.75448608398438,160.56607055664062,0,0,0,0,0,0,0,0,0,0,0,0,0,0,1,1,1,0,0,0,0,0,0,0,0
2007-12-20 10:00:00+00:00,30,12,10,,,0,0,0,0,0,0,0,0,0,0,0,0,0,0,0,0,0,0,0,0,0,0,0,0,0
2007-12-20 10:00:00+00:00,30,12,10,601.9935302734375,613.827880859375,0,0,0,0,0,0,0,0,0,0,0,0,0,0,0,0,0,0,0,0,0,0,0,0,0
2007-12-20 10:00:00+00:00,30,12,10,,,0,0,0,0,0,0,0,0,0,0,0,0,0,0,0,0,0,0,0,0,0,0,0,0,0
2007-12-20 10:15:00+00:00,30,12,10,155.31060791015625,147.9921417236328,0,0,0,0,0,0,0,0,0,0,0,0,1,1,1,1,1,0,0,0,0,0,0,0,0
2007-12-20 10:15:00+00:00,30,12,10,38.267608642578125,28.757915496826172,0,0,0,0,0,1,1,1,1,1,1,1,1,1,1,1,1,0,0,0,0,1,1,1,1
2007-12-20 10:15:00+00:00,30,12,10,150.27371215820312,128.5310516357422,0,0,0,0,0,0,0,0,0,0,0,0,1,1,1,1,1,0,0,0,0,0,0,0,0
2007-12-20 10:15:00+00:00,30,12,10,495.6467590332031,466.20654296875,0,0,0,0,0,0,0,0,0,0,0,0,0,0,0,0,0,0,0,0,0,0,0,0,0
2007-12-20 10:15:00+00:00,30,12,10,,,0,0,0,0,0,0,0,0,0,0,0,0,0,0,0,0,0,0,0,0,0,0,0,0,0
2007-12-20 10:15:00+00:00,30,12,10,,,0,0,0,0,0,0,0,0,0,0,0,0,0,0,0,0,0,0,0,0,0,0,0,0,0
2007-12-20 10:15:00+00:00,30,12,10,,,0,0,0,0,0,0,0,0,0,0,0,0,0,0,0,0,0,0,0,0,0,0,0,0,0
2007-12-20 10:30:00+00:00,30,12,10,334.5047912597656,329.3911437988281,0,0,0,0,0,0,0,0,0,0,0,0,0,0,0,0,1,0,0,0,0,0,0,0,0
2007-12-20 10:30:00+00:00,30,12,10,138.00477600097656,136.021484375,0,0,0,0,0,0,0,0,0,0,0,1,1,1,1,1,1,0,0,0,0,0,0,0,0
2007-12-20 10:30:00+00:00,30,12,10,110.8721923828125,106.09053039550781,0,0,0,0,0,0,0,0,0,0,1,1,1,1,1,1,1,0,0,0,0,0,0,0,0
2007-12-20 10:30:00+00:00,30,12,10,583.648681640625,585.7431640625,0,0,0,0,0,0,0,0,0,0,0,0,0,0,0,0,0,0,0,0,0,0,0,0,0
2007-12-20 10:30:00+00:00,30,12,10,,,0,0,0,0,0,0,0,0,0,0,0,0,0,0,0,0,0,0,0,0,0,0,0,0,0
2007-12-20 10:30:00+00:00,30,12,10,,,0,0,0,0,0,0,0,0,0,0,0,0,0,0,0,0,0,0,0,0,0,0,0,0,0
2007-12-20 10:30:00+00:00,30,12,10,,,0,0,0,0,0,0,0,0,0,0,0,0,0,0,0,0,0,0,0,0,0,0,0,0,0
2007-12-20 10:45:00+00:00,30,12,10,65.14224243164062,16.30843162536621,0,0,0,0,0,0,0,0,1,1,1,1,1,1,1,1,1,0,0,1,1,1,1,1,1
2007-12-20 10:45:00+00:00,30,12,10,114.78227996826172,97.26676940917969,0,0,0,0,0,0,0,0,0,0,1,1,1,1,1,1,1,0,0,0,0,0,0,0,0
2007-12-20 10:45:00+00:00,30,12,10,129.68382263183594,121.29681396484375,0,0,0,0,0,0,0,0,0,0,0,1,1,1,1,1,1,0,0,0,0,0,0,0,0
2007-12-20 10:45:00+00:00,30,12,10,,,0,0,0,0,0,0,0,0,0,0,0,0,0,0,0,0,0,0,0,0,0,0,0,0,0
2007-12-20 10:45:00+00:00,30,12,10,,,0,0,0,0,0,0,0,0,0,0,0,0,0,0,0,0,0,0,0,0,0,0,0,0,0
2007-12-20 10:45:00+00:00,30,12,10,592.7234497070312,,0,0,0,0,0,0,0,0,0,0,0,0,0,0,0,0,0,0,0,0,0,0,0,0,0
2007-12-20 10:45:00+00:00,30,12,10,,,0,0,0,0,0,0,0,0,0,0,0,0,0,0,0,0,0,0,0,0,0,0,0,0,0
2007-12-20 11:00:00+00:00,30,12,11,,,0,0,0,0,0,0,0,0,0,0,0,0,0,0,0,0,0,0,0,0,0,0,0,0,0
2007-12-20 11:00:00+00:00,30,12,11,,,0,0,0,0,0,0,0,0,0,0,0,0,0,0,0,0,0,0,0,0,0,0,0,0,0
2007-12-20 11:00:00+00:00,30,12,11,,,0,0,0,0,0,0,0,0,0,0,0,0,0,0,0,0,0,0,0,0,0,0,0,0,0
2007-12-20 11:00:00+00:00,30,12,11,353.3957214355469,328.8845520019531,0,0,0,0,0,0,0,0,0,0,0,0,0,0,0,0,0,0,0,0,0,0,0,0,0
2007-12-20 11:00:00+00:00,30,12,11,,,0,0,0,0,0,0,0,0,0,0,0,0,0,0,0,0,0,0,0,0,0,0,0,0,0
2007-12-20 11:00:00+00:00,30,12,11,,,0,0,0,0,0,0,0,0,0,0,0,0,0,0,0,0,0,0,0,0,0,0,0,0,0
2007-12-20 11:00:00+00:00,30,12,11,400.8365173339844,373.9916076660156,0,0,0,0,0,0,0,0,0,0,0,0,0,0,0,0,0,0,0,0,0,0,0,0,0
2007-12-20 11:00:00+00:00,30,12,11,,,0,0,0,0,0,0,0,0,0,0,0,0,0,0,0,0,0,0,0,0,0,0,0,0,0
2007-12-20 11:00:00+00:00,30,12,11,,,0,0,0,0,0,0,0,0,0,0,0,0,0,0,0,0,0,0,0,0,0,0,0,0,0
2007-12-20 11:00:00+00:00,30,12,11,,,0,0,0,0,0,0,0,0,0,0,0,0,0,0,0,0,0,0,0,0,0,0,0,0,0
2007-12-20 11:00:00+00:00,30,12,11,,,0,0,0,0,0,0,0,0,0,0,0,0,0,0,0,0,0,0,0,0,0,0,0,0,0
2007-12-20 11:15:00+00:00,30,12,11,,,0,0,0,0,0,0,0,0,0,0,0,0,0,0,0,0,0,0,0,0,0,0,0,0,0
2007-12-20 11:15:00+00:00,30,12,11,116.54068756103516,119.5504150390625,0,0,0,0,0,0,0,0,0,0,1,1,1,1,1,1,1,0,0,0,0,0,0,0,0
2007-12-20 11:15:00+00:00,30,12,11,,,0,0,0,0,0,0,0,0,0,0,0,0,0,0,0,0,0,0,0,0,0,0,0,0,0
2007-12-20 11:15:00+00:00,30,12,11,,,0,0,0,0,0,0,0,0,0,0,0,0,0,0,0,0,0,0,0,0,0,0,0,0,0
2007-12-20 11:15:00+00:00,30,12,11,,,0,0,0,0,0,0,0,0,0,0,0,0,0,0,0,0,0,0,0,0,0,0,0,0,0
2007-12-20 11:15:00+00:00,30,12,11,,,0,0,0,0,0,0,0,0,0,0,0,0,0,0,0,0,0,0,0,0,0,0,0,0,0
2007-12-20 11:15:00+00:00,30,12,11,,,0,0,0,0,0,0,0,0,0,0,0,0,0,0,0,0,0,0,0,0,0,0,0,0,0
2007-12-20 11:30:00+00:00,30,12,11,,,0,0,0,0,0,0,0,0,0,0,0,0,0,0,0,0,0,0,0,0,0,0,0,0,0
2007-12-20 11:30:00+00:00,30,12,11,,,0,0,0,0,0,0,0,0,0,0,0,0,0,0,0,0,0,0,0,0,0,0,0,0,0
2007-12-20 11:30:00+00:00,30,12,11,,,0,0,0,0,0,0,0,0,0,0,0,0,0,0,0,0,0,0,0,0,0,0,0,0,0
2007-12-20 11:30:00+00:00,30,12,11,,,0,0,0,0,0,0,0,0,0,0,0,0,0,0,0,0,0,0,0,0,0,0,0,0,0
2007-12-20 11:30:00+00:00,30,12,11,,,0,0,0,0,0,0,0,0,0,0,0,0,0,0,0,0,0,0,0,0,0,0,0,0,0
2007-12-20 11:30:00+00:00,30,12,11,,339.1676330566406,0,0,0,0,0,0,0,0,0,0,0,0,0,0,0,0,0,0,0,0,0,0,0,0,0
2007-12-20 11:45:00+00:00,30,12,11,,,0,0,0,0,0,0,0,0,0,0,0,0,0,0,0,0,0,0,0,0,0,0,0,0,0
2007-12-20 11:45:00+00:00,30,12,11,,,0,0,0,0,0,0,0,0,0,0,0,0,0,0,0,0,0,0,0,0,0,0,0,0,0
2007-12-20 11:45:00+00:00,30,12,11,,,0,0,0,0,0,0,0,0,0,0,0,0,0,0,0,0,0,0,0,0,0,0,0,0,0
2007-12-20 11:45:00+00:00,30,12,11,318.46966552734375,264.06610107421875,0,0,0,0,0,0,0,0,0,0,0,0,0,0,0,0,1,0,0,0,0,0,0,0,0
2007-12-20 11:45:00+00:00,30,12,11,,,0,0,0,0,0,0,0,0,0,0,0,0,0,0,0,0,0,0,0,0,0,0,0,0,0
2007-12-20 11:45:00+00:00,30,12,11,182.06253051757812,148.4873504638672,0,0,0,0,0,0,0,0,0,0,0,0,0,1,1,1,1,0,0,0,0,0,0,0,0
2007-12-20 11:45:00+00:00,30,12,11,,,0,0,0,0,0,0,0,0,0,0,0,0,0,0,0,0,0,0,0,0,0,0,0,0,0
2007-12-20 11:45:00+00:00,30,12,11,106.96908569335938,92.97512817382812,0,0,0,0,0,0,0,0,0,0,1,1,1,1,1,1,1,0,0,0,0,0,0,0,0
2007-12-20 11:45:00+00:00,30,12,11,427.321044921875,275.2587890625,0,0,0,0,0,0,0,0,0,0,0,0,0,0,0,0,0,0,0,0,0,0,0,0,0
2007-12-20 12:00:00+00:00,30,12,12,,,0,0,0,0,0,0,0,0,0,0,0,0,0,0,0,0,0,0,0,0,0,0,0,0,0
2007-12-20 12:00:00+00:00,30,12,12,411.525390625,388.0814514160156,0,0,0,0,0,0,0,0,0,0,0,0,0,0,0,0,0,0,0,0,0,0,0,0,0
2007-12-20 12:00:00+00:00,30,12,12,,,0,0,0,0,0,0,0,0,0,0,0,0,0,0,0,0,0,0,0,0,0,0,0,0,0
2007-12-20 12:00:00+00:00,30,12,12,,,0,0,0,0,0,0,0,0,0,0,0,0,0,0,0,0,0,0,0,0,0,0,0,0,0
2007-12-20 12:00:00+00:00,30,12,12,,,0,0,0,0,0,0,0,0,0,0,0,0,0,0,0,0,0,0,0,0,0,0,0,0,0
2007-12-20 12:00:00+00:00,30,12,12,,,0,0,0,0,0,0,0,0,0,0,0,0,0,0,0,0,0,0,0,0,0,0,0,0,0
2007-12-20 12:15:00+00:00,30,12,12,221.24305725097656,196.8617706298828,0,0,0,0,0,0,0,0,0,0,0,0,0,0,1,1,1,0,0,0,0,0,0,0,0
2007-12-20 12:15:00+00:00,30,12,12,413.8833312988281,301.4982604980469,0,0,0,0,0,0,0,0,0,0,0,0,0,0,0,0,0,0,0,0,0,0,0,0,0
2007-12-20 12:15:00+00:00,30,12,12,,,0,0,0,0,0,0,0,0,0,0,0,0,0,0,0,0,0,0,0,0,0,0,0,0,0
2007-12-20 12:30:00+00:00,30,12,12,,,0,0,0,0,0,0,0,0,0,0,0,0,0,0,0,0,0,0,0,0,0,0,0,0,0
2007-12-20 12:30:00+00:00,30,12,12,,,0,0,0,0,0,0,0,0,0,0,0,0,0,0,0,0,0,0,0,0,0,0,0,0,0
2007-12-20 12:30:00+00:00,30,12,12,,,0,0,0,0,0,0,0,0,0,0,0,0,0,0,0,0,0,0,0,0,0,0,0,0,0
2007-12-20 12:30:00+00:00,30,12,12,,,0,0,0,0,0,0,0,0,0,0,0,0,0,0,0,0,0,0,0,0,0,0,0,0,0
2007-12-20 12:30:00+00:00,30,12,12,,,0,0,0,0,0,0,0,0,0,0,0,0,0,0,0,0,0,0,0,0,0,0,0,0,0
2007-12-20 12:30:00+00:00,30,12,12,,,0,0,0,0,0,0,0,0,0,0,0,0,0,0,0,0,0,0,0,0,0,0,0,0,0
2007-12-20 12:30:00+00:00,30,12,12,,,0,0,0,0,0,0,0,0,0,0,0,0,0,0,0,0,0,0,0,0,0,0,0,0,0
2007-12-20 12:30:00+00:00,30,12,12,265.2108459472656,,0,0,0,0,0,0,0,0,0,0,0,0,0,0,0,1,1,0,0,0,0,0,0,0,0
2007-12-20 12:30:00+00:00,30,12,12,,,0,0,0,0,0,0,0,0,0,0,0,0,0,0,0,0,0,0,0,0,0,0,0,0,0
2007-12-20 12:45:00+00:00,30,12,12,,,0,0,0,0,0,0,0,0,0,0,0,0,0,0,0,0,0,0,0,0,0,0,0,0,0
2007-12-20 12:45:00+00:00,30,12,12,,322.7098083496094,0,0,0,0,0,0,0,0,0,0,0,0,0,0,0,0,0,0,0,0,0,0,0,0,0
2007-12-20 12:45:00+00:00,30,12,12,,,0,0,0,0,0,0,0,0,0,0,0,0,0,0,0,0,0,0,0,0,0,0,0,0,0
2007-12-20 12:45:00+00:00,30,12,12,177.00839233398438,124.69137573242188,0,0,0,0,0,0,0,0,0,0,0,0,1,1,1,1,1,0,0,0,0,0,0,0,0
2007-12-20 12:45:00+00:00,30,12,12,,,0,0,0,0,0,0,0,0,0,0,0,0,0,0,0,0,0,0,0,0,0,0,0,0,0
2007-12-20 12:45:00+00:00,30,12,12,,,0,0,0,0,0,0,0,0,0,0,0,0,0,0,0,0,0,0,0,0,0,0,0,0,0
2007-12-20 13:00:00+00:00,30,12,13,,,0,0,0,0,0,0,0,0,0,0,0,0,0,0,0,0,0,0,0,0,0,0,0,0,0
2007-12-20 13:00:00+00:00,30,12,13,31.50899314880371,30.858308792114258,0,0,0,0,0,1,1,1,1,1,1,1,1,1,1,1,1,0,0,0,0,0,1,1,1
2007-12-20 13:00:00+00:00,30,12,13,319.49407958984375,353.51483154296875,0,0,0,0,0,0,0,0,0,0,0,0,0,0,0,0,1,0,0,0,0,0,0,0,0
2007-12-20 13:00:00+00:00,30,12,13,,449.7351379394531,0,0,0,0,0,0,0,0,0,0,0,0,0,0,0,0,0,0,0,0,0,0,0,0,0
2007-12-20 13:00:00+00:00,30,12,13,,,0,0,0,0,0,0,0,0,0,0,0,0,0,0,0,0,0,0,0,0,0,0,0,0,0
2007-12-20 13:00:00+00:00,30,12,13,204.64105224609375,292.56378173828125,0,0,0,0,0,0,0,0,0,0,0,0,0,0,1,1,1,0,0,0,0,0,0,0,0
2007-12-20 13:15:00+00:00,30,12,13,335.34381103515625,305.0023193359375,0,0,0,0,0,0,0,0,0,0,0,0,0,0,0,0,1,0,0,0,0,0,0,0,0
2007-12-20 13:15:00+00:00,30,12,13,274.9351501464844,275.0221862792969,0,0,0,0,0,0,0,0,0,0,0,0,0,0,0,1,1,0,0,0,0,0,0,0,0
2007-12-20 13:15:00+00:00,30,12,13,328.7520446777344,335.6034851074219,0,0,0,0,0,0,0,0,0,0,0,0,0,0,0,0,1,0,0,0,0,0,0,0,0
2007-12-20 13:15:00+00:00,30,12,13,358.6506652832031,341.44110107421875,0,0,0,0,0,0,0,0,0,0,0,0,0,0,0,0,0,0,0,0,0,0,0,0,0
2007-12-20 13:15:00+00:00,30,12,13,,,0,0,0,0,0,0,0,0,0,0,0,0,0,0,0,0,0,0,0,0,0,0,0,0,0
2007-12-20 13:15:00+00:00,30,12,13,,,0,0,0,0,0,0,0,0,0,0,0,0,0,0,0,0,0,0,0,0,0,0,0,0,0
2007-12-20 13:30:00+00:00,30,12,13,,,0,0,0,0,0,0,0,0,0,0,0,0,0,0,0,0,0,0,0,0,0,0,0,0,0
2007-12-20 13:30:00+00:00,30,12,13,331.99884033203125,313.0936584472656,0,0,0,0,0,0,0,0,0,0,0,0,0,0,0,0,1,0,0,0,0,0,0,0,0
2007-12-20 13:30:00+00:00,30,12,13,266.59857177734375,243.13230895996094,0,0,0,0,0,0,0,0,0,0,0,0,0,0,0,1,1,0,0,0,0,0,0,0,0
2007-12-20 13:30:00+00:00,30,12,13,,,0,0,0,0,0,0,0,0,0,0,0,0,0,0,0,0,0,0,0,0,0,0,0,0,0
2007-12-20 13:30:00+00:00,30,12,13,336.43365478515625,278.85113525390625,0,0,0,0,0,0,0,0,0,0,0,0,0,0,0,0,1,0,0,0,0,0,0,0,0
2007-12-20 13:30:00+00:00,30,12,13,,,0,0,0,0,0,0,0,0,0,0,0,0,0,0,0,0,0,0,0,0,0,0,0,0,0
2007-12-20 13:30:00+00:00,30,12,13,313.042724609375,188.75393676757812,0,0,0,0,0,0,0,0,0,0,0,0,0,0,0,0,1,0,0,0,0,0,0,0,0
2007-12-20 13:30:00+00:00,30,12,13,533.6138916015625,519.3536987304688,0,0,0,0,0,0,0,0,0,0,0,0,0,0,0,0,0,0,0,0,0,0,0,0,0
2007-12-20 13:30:00+00:00,30,12,13,,,0,0,0,0,0,0,0,0,0,0,0,0,0,0,0,0,0,0,0,0,0,0,0,0,0
2007-12-20 13:30:00+00:00,30,12,13,,,0,0,0,0,0,0,0,0,0,0,0,0,0,0,0,0,0,0,0,0,0,0,0,0,0
2007-12-20 13:45:00+00:00,30,12,13,138.6490936279297,139.117431640625,0,0,0,0,0,0,0,0,0,0,0,1,1,1,1,1,1,0,0,0,0,0,0,0,0
2007-12-20 13:45:00+00:00,30,12,13,171.12481689453125,155.23101806640625,0,0,0,0,0,0,0,0,0,0,0,0,1,1,1,1,1,0,0,0,0,0,0,0,0
2007-12-20 13:45:00+00:00,30,12,13,,,0,0,0,0,0,0,0,0,0,0,0,0,0,0,0,0,0,0,0,0,0,0,0,0,0
2007-12-20 13:45:00+00:00,30,12,13,,,0,0,0,0,0,0,0,0,0,0,0,0,0,0,0,0,0,0,0,0,0,0,0,0,0
2007-12-20 13:45:00+00:00,30,12,13,,,0,0,0,0,0,0,0,0,0,0,0,0,0,0,0,0,0,0,0,0,0,0,0,0,0
2007-12-20 13:45:00+00:00,30,12,13,,,0,0,0,0,0,0,0,0,0,0,0,0,0,0,0,0,0,0,0,0,0,0,0,0,0
2007-12-20 13:45:00+00:00,30,12,13,,,0,0,0,0,0,0,0,0,0,0,0,0,0,0,0,0,0,0,0,0,0,0,0,0,0
2007-12-20 14:00:00+00:00,30,12,14,,,0,0,0,0,0,0,0,0,0,0,0,0,0,0,0,0,0,0,0,0,0,0,0,0,0
2007-12-20 14:00:00+00:00,30,12,14,,,0,0,0,0,0,0,0,0,0,0,0,0,0,0,0,0,0,0,0,0,0,0,0,0,0
2007-12-20 14:15:00+00:00,30,12,14,329.4842529296875,,0,0,0,0,0,0,0,0,0,0,0,0,0,0,0,0,1,0,0,0,0,0,0,0,0
2007-12-20 14:15:00+00:00,30,12,14,396.691162109375,382.0993347167969,0,0,0,0,0,0,0,0,0,0,0,0,0,0,0,0,0,0,0,0,0,0,0,0,0
2007-12-20 14:15:00+00:00,30,12,14,295.4432373046875,269.1155700683594,0,0,0,0,0,0,0,0,0,0,0,0,0,0,0,1,1,0,0,0,0,0,0,0,0
2007-12-20 14:15:00+00:00,30,12,14,,,0,0,0,0,0,0,0,0,0,0,0,0,0,0,0,0,0,0,0,0,0,0,0,0,0
2007-12-20 14:15:00+00:00,30,12,14,,,0,0,0,0,0,0,0,0,0,0,0,0,0,0,0,0,0,0,0,0,0,0,0,0,0
2007-12-20 14:15:00+00:00,30,12,14,,,0,0,0,0,0,0,0,0,0,0,0,0,0,0,0,0,0,0,0,0,0,0,0,0,0
2007-12-20 14:15:00+00:00,30,12,14,388.37249755859375,402.8836975097656,0,0,0,0,0,0,0,0,0,0,0,0,0,0,0,0,0,0,0,0,0,0,0,0,0
2007-12-20 14:15:00+00:00,30,12,14,,,0,0,0,0,0,0,0,0,0,0,0,0,0,0,0,0,0,0,0,0,0,0,0,0,0
2007-12-20 14:15:00+00:00,30,12,14,,,0,0,0,0,0,0,0,0,0,0,0,0,0,0,0,0,0,0,0,0,0,0,0,0,0
2007-12-20 14:15:00+00:00,30,12,14,,,0,0,0,0,0,0,0,0,0,0,0,0,0,0,0,0,0,0,0,0,0,0,0,0,0
2007-12-20 14:15:00+00:00,30,12,14,,,0,0,0,0,0,0,0,0,0,0,0,0,0,0,0,0,0,0,0,0,0,0,0,0,0
2007-12-20 14:15:00+00:00,30,12,14,,,0,0,0,0,0,0,0,0,0,0,0,0,0,0,0,0,0,0,0,0,0,0,0,0,0
2007-12-20 14:15:00+00:00,30,12,14,,,0,0,0,0,0,0,0,0,0,0,0,0,0,0,0,0,0,0,0,0,0,0,0,0,0
2007-12-20 14:15:00+00:00,30,12,14,,,0,0,0,0,0,0,0,0,0,0,0,0,0,0,0,0,0,0,0,0,0,0,0,0,0
2007-12-20 14:15:00+00:00,30,12,14,,,0,0,0,0,0,0,0,0,0,0,0,0,0,0,0,0,0,0,0,0,0,0,0,0,0
2007-12-20 14:30:00+00:00,30,12,14,182.91134643554688,171.95492553710938,0,0,0,0,0,0,0,0,0,0,0,0,0,1,1,1,1,0,0,0,0,0,0,0,0
2007-12-20 14:30:00+00:00,30,12,14,65.14501953125,61.51932907104492,0,0,0,0,0,0,0,0,1,1,1,1,1,1,1,1,1,0,0,0,0,0,0,0,0
2007-12-20 14:30:00+00:00,30,12,14,157.58822631835938,162.52279663085938,0,0,0,0,0,0,0,0,0,0,0,0,1,1,1,1,1,0,0,0,0,0,0,0,0
2007-12-20 14:30:00+00:00,30,12,14,,,0,0,0,0,0,0,0,0,0,0,0,0,0,0,0,0,0,0,0,0,0,0,0,0,0
2007-12-20 14:30:00+00:00,30,12,14,,,0,0,0,0,0,0,0,0,0,0,0,0,0,0,0,0,0,0,0,0,0,0,0,0,0
2007-12-20 14:30:00+00:00,30,12,14,,,0,0,0,0,0,0,0,0,0,0,0,0,0,0,0,0,0,0,0,0,0,0,0,0,0
2007-12-20 14:30:00+00:00,30,12,14,,0.0,0,0,0,0,0,0,0,0,0,0,0,0,0,0,0,0,0,1,1,1,1,1,1,1,1
2007-12-20 14:45:00+00:00,30,12,14,,,0,0,0,0,0,0,0,0,0,0,0,0,0,0,0,0,0,0,0,0,0,0,0,0,0
2007-12-20 14:45:00+00:00,30,12,14,,,0,0,0,0,0,0,0,0,0,0,0,0,0,0,0,0,0,0,0,0,0,0,0,0,0
2007-12-20 14:45:00+00:00,30,12,14,,,0,0,0,0,0,0,0,0,0,0,0,0,0,0,0,0,0,0,0,0,0,0,0,0,0
2007-12-20 15:00:00+00:00,30,12,15,146.0296630859375,112.82035827636719,0,0,0,0,0,0,0,0,0,0,0,1,1,1,1,1,1,0,0,0,0,0,0,0,0
2007-12-20 15:00:00+00:00,30,12,15,400.63397216796875,378.7668762207031,0,0,0,0,0,0,0,0,0,0,0,0,0,0,0,0,0,0,0,0,0,0,0,0,0
2007-12-20 15:00:00+00:00,30,12,15,,,0,0,0,0,0,0,0,0,0,0,0,0,0,0,0,0,0,0,0,0,0,0,0,0,0
2007-12-20 15:00:00+00:00,30,12,15,,,0,0,0,0,0,0,0,0,0,0,0,0,0,0,0,0,0,0,0,0,0,0,0,0,0
2007-12-20 15:00:00+00:00,30,12,15,,,0,0,0,0,0,0,0,0,0,0,0,0,0,0,0,0,0,0,0,0,0,0,0,0,0
2007-12-20 15:00:00+00:00,30,12,15,,,0,0,0,0,0,0,0,0,0,0,0,0,0,0,0,0,0,0,0,0,0,0,0,0,0
2007-12-20 15:00:00+00:00,30,12,15,,,0,0,0,0,0,0,0,0,0,0,0,0,0,0,0,0,0,0,0,0,0,0,0,0,0
2007-12-20 15:00:00+00:00,30,12,15,107.99559783935547,90.48162841796875,0,0,0,0,0,0,0,0,0,0,1,1,1,1,1,1,1,0,0,0,0,0,0,0,0
2007-12-20 15:15:00+00:00,30,12,15,,,0,0,0,0,0,0,0,0,0,0,0,0,0,0,0,0,0,0,0,0,0,0,0,0,0
2007-12-20 15:15:00+00:00,30,12,15,,,0,0,0,0,0,0,0,0,0,0,0,0,0,0,0,0,0,0,0,0,0,0,0,0,0
2007-12-20 15:15:00+00:00,30,12,15,,,0,0,0,0,0,0,0,0,0,0,0,0,0,0,0,0,0,0,0,0,0,0,0,0,0
2007-12-20 15:15:00+00:00,30,12,15,,,0,0,0,0,0,0,0,0,0,0,0,0,0,0,0,0,0,0,0,0,0,0,0,0,0
2007-12-20 15:15:00+00:00,30,12,15,113.87352752685547,,0,0,0,0,0,0,0,0,0,0,1,1,1,1,1,1,1,0,0,0,0,0,0,0,0
2007-12-20 15:15:00+00:00,30,12,15,509.8331604003906,,0,0,0,0,0,0,0,0,0,0,0,0,0,0,0,0,0,0,0,0,0,0,0,0,0
2007-12-20 15:15:00+00:00,30,12,15,,,0,0,0,0,0,0,0,0,0,0,0,0,0,0,0,0,0,0,0,0,0,0,0,0,0
2007-12-20 15:15:00+00:00,30,12,15,108.62799072265625,100.78578186035156,0,0,0,0,0,0,0,0,0,0,1,1,1,1,1,1,1,0,0,0,0,0,0,0,0
2007-12-20 15:15:00+00:00,30,12,15,,,0,0,0,0,0,0,0,0,0,0,0,0,0,0,0,0,0,0,0,0,0,0,0,0,0
2007-12-20 15:30:00+00:00,30,12,15,,,0,0,0,0,0,0,0,0,0,0,0,0,0,0,0,0,0,0,0,0,0,0,0,0,0
2007-12-20 15:30:00+00:00,30,12,15,,,0,0,0,0,0,0,0,0,0,0,0,0,0,0,0,0,0,0,0,0,0,0,0,0,0
2007-12-20 15:30:00+00:00,30,12,15,,,0,0,0,0,0,0,0,0,0,0,0,0,0,0,0,0,0,0,0,0,0,0,0,0,0
2007-12-20 15:30:00+00:00,30,12,15,101.39054107666016,72.55133819580078,0,0,0,0,0,0,0,0,0,0,1,1,1,1,1,1,1,0,0,0,0,0,0,0,0
2007-12-20 15:30:00+00:00,30,12,15,,,0,0,0,0,0,0,0,0,0,0,0,0,0,0,0,0,0,0,0,0,0,0,0,0,0
2007-12-20 15:30:00+00:00,30,12,15,,,0,0,0,0,0,0,0,0,0,0,0,0,0,0,0,0,0,0,0,0,0,0,0,0,0
2007-12-20 15:30:00+00:00,30,12,15,,,0,0,0,0,0,0,0,0,0,0,0,0,0,0,0,0,0,0,0,0,0,0,0,0,0
2007-12-20 15:30:00+00:00,30,12,15,,,0,0,0,0,0,0,0,0,0,0,0,0,0,0,0,0,0,0,0,0,0,0,0,0,0
2007-12-20 15:30:00+00:00,30,12,15,35.22850799560547,7.63649320602417,0,0,0,0,0,1,1,1,1,1,1,1,1,1,1,1,1,1,1,1,1,1,1,1,1
2007-12-20 15:45:00+00:00,30,12,15,377.22113037109375,,0,0,0,0,0,0,0,0,0,0,0,0,0,0,0,0,0,0,0,0,0,0,0,0,0
2007-12-20 15:45:00+00:00,30,12,15,,,0,0,0,0,0,0,0,0,0,0,0,0,0,0,0,0,0,0,0,0,0,0,0,0,0
2007-12-20 15:45:00+00:00,30,12,15,,,0,0,0,0,0,0,0,0,0,0,0,0,0,0,0,0,0,0,0,0,0,0,0,0,0
2007-12-20 15:45:00+00:00,30,12,15,,190.2313690185547,0,0,0,0,0,0,0,0,0,0,0,0,0,0,0,0,0,0,0,0,0,0,0,0,0
2007-12-20 15:45:00+00:00,30,12,15,167.27655029296875,172.51478576660156,0,0,0,0,0,0,0,0,0,0,0,0,1,1,1,1,1,0,0,0,0,0,0,0,0
2007-12-20 15:45:00+00:00,30,12,15,279.57830810546875,286.9303283691406,0,0,0,0,0,0,0,0,0,0,0,0,0,0,0,1,1,0,0,0,0,0,0,0,0
2007-12-20 16:00:00+00:00,30,12,16,179.3220977783203,156.2025909423828,0,0,0,0,0,0,0,0,0,0,0,0,1,1,1,1,1,0,0,0,0,0,0,0,0
2007-12-20 16:00:00+00:00,30,12,16,,,0,0,0,0,0,0,0,0,0,0,0,0,0,0,0,0,0,0,0,0,0,0,0,0,0
2007-12-20 16:00:00+00:00,30,12,16,,276.7108459472656,0,0,0,0,0,0,0,0,0,0,0,0,0,0,0,0,0,0,0,0,0,0,0,0,0
2007-12-20 16:00:00+00:00,30,12,16,,,0,0,0,0,0,0,0,0,0,0,0,0,0,0,0,0,0,0,0,0,0,0,0,0,0
2007-12-20 16:00:00+00:00,30,12,16,268.56939697265625,278.1724853515625,0,0,0,0,0,0,0,0,0,0,0,0,0,0,0,1,1,0,0,0,0,0,0,0,0
2007-12-20 16:15:00+00:00,30,12,16,,,0,0,0,0,0,0,0,0,0,0,0,0,0,0,0,0,0,0,0,0,0,0,0,0,0
2007-12-20 16:15:00+00:00,30,12,16,,,0,0,0,0,0,0,0,0,0,0,0,0,0,0,0,0,0,0,0,0,0,0,0,0,0
2007-12-20 16:15:00+00:00,30,12,16,401.3622741699219,387.00506591796875,0,0,0,0,0,0,0,0,0,0,0,0,0,0,0,0,0,0,0,0,0,0,0,0,0
2007-12-20 16:15:00+00:00,30,12,16,296.6112060546875,284.5565490722656,0,0,0,0,0,0,0,0,0,0,0,0,0,0,0,1,1,0,0,0,0,0,0,0,0
2007-12-20 16:15:00+00:00,30,12,16,,,0,0,0,0,0,0,0,0,0,0,0,0,0,0,0,0,0,0,0,0,0,0,0,0,0
2007-12-20 16:15:00+00:00,30,12,16,113.84988403320312,140.0908203125,0,0,0,0,0,0,0,0,0,0,1,1,1,1,1,1,1,0,0,0,0,0,0,0,0
2007-12-20 16:30:00+00:00,30,12,16,,,0,0,0,0,0,0,0,0,0,0,0,0,0,0,0,0,0,0,0,0,0,0,0,0,0
2007-12-20 16:30:00+00:00,30,12,16,409.7069396972656,401.5681457519531,0,0,0,0,0,0,0,0,0,0,0,0,0,0,0,0,0,0,0,0,0,0,0,0,0
2007-12-20 16:45:00+00:00,30,12,16,,,0,0,0,0,0,0,0,0,0,0,0,0,0,0,0,0,0,0,0,0,0,0,0,0,0
2007-12-20 16:45:00+00:00,30,12,16,59.44670867919922,60.83911895751953,0,0,0,0,0,0,0,1,1,1,1,1,1,1,1,1,1,0,0,0,0,0,0,0,0
2007-12-20 16:45:00+00:00,30,12,16,,99.89608001708984,0,0,0,0,0,0,0,0,0,0,0,0,0,0,0,0,0,0,0,0,0,0,0,0,0
2007-12-20 16:45:00+00:00,30,12,16,335.4899597167969,328.12457275390625,0,0,0,0,0,0,0,0,0,0,0,0,0,0,0,0,1,0,0,0,0,0,0,0,0
2007-12-20 17:00:00+00:00,30,12,17,336.16943359375,351.7612609863281,0,0,0,0,0,0,0,0,0,0,0,0,0,0,0,0,1,0,0,0,0,0,0,0,0
2007-12-20 17:00:00+00:00,30,12,17,,,0,0,0,0,0,0,0,0,0,0,0,0,0,0,0,0,0,0,0,0,0,0,0,0,0
2007-12-20 17:00:00+00:00,30,12,17,,,0,0,0,0,0,0,0,0,0,0,0,0,0,0,0,0,0,0,0,0,0,0,0,0,0
2007-12-20 17:15:00+00:00,30,12,17,,,0,0,0,0,0,0,0,0,0,0,0,0,0,0,0,0,0,0,0,0,0,0,0,0,0
2007-12-20 17:30:00+00:00,30,12,17,,,0,0,0,0,0,0,0,0,0,0,0,0,0,0,0,0,0,0,0,0,0,0,0,0,0
2007-12-20 17:30:00+00:00,30,12,17,,,0,0,0,0,0,0,0,0,0,0,0,0,0,0,0,0,0,0,0,0,0,0,0,0,0
2007-12-20 17:45:00+00:00,30,12,17,,361.82769775390625,0,0,0,0,0,0,0,0,0,0,0,0,0,0,0,0,0,0,0,0,0,0,0,0,0
2007-12-20 17:45:00+00:00,30,12,17,,458.7996520996094,0,0,0,0,0,0,0,0,0,0,0,0,0,0,0,0,0,0,0,0,0,0,0,0,0
2007-12-20 17:45:00+00:00,30,12,17,,,0,0,0,0,0,0,0,0,0,0,0,0,0,0,0,0,0,0,0,0,0,0,0,0,0
2007-12-20 17:45:00+00:00,30,12,17,,,0,0,0,0,0,0,0,0,0,0,0,0,0,0,0,0,0,0,0,0,0,0,0,0,0
2007-12-21 10:00:00+00:00,30,12,10,398.6455993652344,414.8529052734375,0,0,0,0,0,0,0,0,0,0,0,0,0,0,0,0,0,0,0,0,0,0,0,0,0
2007-12-21 10:00:00+00:00,30,12,10,,,0,0,0,0,0,0,0,0,0,0,0,0,0,0,0,0,0,0,0,0,0,0,0,0,0
2007-12-21 10:00:00+00:00,30,12,10,345.5140380859375,474.3586120605469,0,0,0,0,0,0,0,0,0,0,0,0,0,0,0,0,1,0,0,0,0,0,0,0,0
2007-12-21 10:00:00+00:00,30,12,10,,,0,0,0,0,0,0,0,0,0,0,0,0,0,0,0,0,0,0,0,0,0,0,0,0,0
2007-12-21 10:00:00+00:00,30,12,10,,,0,0,0,0,0,0,0,0,0,0,0,0,0,0,0,0,0,0,0,0,0,0,0,0,0
2007-12-21 10:00:00+00:00,30,12,10,,502.7706298828125,0,0,0,0,0,0,0,0,0,0,0,0,0,0,0,0,0,0,0,0,0,0,0,0,0
2007-12-21 10:00:00+00:00,30,12,10,308.66326904296875,323.66021728515625,0,0,0,0,0,0,0,0,0,0,0,0,0,0,0,0,1,0,0,0,0,0,0,0,0
2007-12-21 10:00:00+00:00,30,12,10,,,0,0,0,0,0,0,0,0,0,0,0,0,0,0,0,0,0,0,0,0,0,0,0,0,0
2007-12-21 10:00:00+00:00,30,12,10,,,0,0,0,0,0,0,0,0,0,0,0,0,0,0,0,0,0,0,0,0,0,0,0,0,0
2007-12-21 10:00:00+00:00,30,12,10,,,0,0,0,0,0,0,0,0,0,0,0,0,0,0,0,0,0,0,0,0,0,0,0,0,0
2007-12-21 10:15:00+00:00,30,12,10,,,0,0,0,0,0,0,0,0,0,0,0,0,0,0,0,0,0,0,0,0,0,0,0,0,0
2007-12-21 10:15:00+00:00,30,12,10,,,0,0,0,0,0,0,0,0,0,0,0,0,0,0,0,0,0,0,0,0,0,0,0,0,0
2007-12-21 10:15:00+00:00,30,12,10,492.456298828125,467.682373046875,0,0,0,0,0,0,0,0,0,0,0,0,0,0,0,0,0,0,0,0,0,0,0,0,0
2007-12-21 10:15:00+00:00,30,12,10,686.9172973632812,690.612060546875,0,0,0,0,0,0,0,0,0,0,0,0,0,0,0,0,0,0,0,0,0,0,0,0,0
2007-12-21 10:15:00+00:00,30,12,10,99.49899291992188,73.38665008544922,0,0,0,0,0,0,0,0,0,1,1,1,1,1,1,1,1,0,0,0,0,0,0,0,0
2007-12-21 10:15:00+00:00,30,12,10,240.70669555664062,245.35552978515625,0,0,0,0,0,0,0,0,0,0,0,0,0,0,1,1,1,0,0,0,0,0,0,0,0
2007-12-21 10:15:00+00:00,30,12,10,419.2881164550781,123.32691955566406,0,0,0,0,0,0,0,0,0,0,0,0,0,0,0,0,0,0,0,0,0,0,0,0,0
2007-12-21 10:15:00+00:00,30,12,10,398.94091796875,118.14305114746094,0,0,0,0,0,0,0,0,0,0,0,0,0,0,0,0,0,0,0,0,0,0,0,0,0
2007-12-21 10:15:00+00:00,30,12,10,,,0,0,0,0,0,0,0,0,0,0,0,0,0,0,0,0,0,0,0,0,0,0,0,0,0
2007-12-21 10:15:00+00:00,30,12,10,,,0,0,0,0,0,0,0,0,0,0,0,0,0,0,0,0,0,0,0,0,0,0,0,0,0
2007-12-21 10:15:00+00:00,30,12,10,,,0,0,0,0,0,0,0,0,0,0,0,0,0,0,0,0,0,0,0,0,0,0,0,0,0
2007-12-21 10:15:00+00:00,30,12,10,,,0,0,0,0,0,0,0,0,0,0,0,0,0,0,0,0,0,0,0,0,0,0,0,0,0
2007-12-21 10:15:00+00:00,30,12,10,,,0,0,0,0,0,0,0,0,0,0,0,0,0,0,0,0,0,0,0,0,0,0,0,0,0
2007-12-21 10:15:00+00:00,30,12,10,,,0,0,0,0,0,0,0,0,0,0,0,0,0,0,0,0,0,0,0,0,0,0,0,0,0
2007-12-21 10:15:00+00:00,30,12,10,,,0,0,0,0,0,0,0,0,0,0,0,0,0,0,0,0,0,0,0,0,0,0,0,0,0
2007-12-21 10:15:00+00:00,30,12,10,,,0,0,0,0,0,0,0,0,0,0,0,0,0,0,0,0,0,0,0,0,0,0,0,0,0
2007-12-21 10:15:00+00:00,30,12,10,,,0,0,0,0,0,0,0,0,0,0,0,0,0,0,0,0,0,0,0,0,0,0,0,0,0
2007-12-21 10:15:00+00:00,30,12,10,,,0,0,0,0,0,0,0,0,0,0,0,0,0,0,0,0,0,0,0,0,0,0,0,0,0
2007-12-21 10:15:00+00:00,30,12,10,,,0,0,0,0,0,0,0,0,0,0,0,0,0,0,0,0,0,0,0,0,0,0,0,0,0
2007-12-21 10:30:00+00:00,30,12,10,,,0,0,0,0,0,0,0,0,0,0,0,0,0,0,0,0,0,0,0,0,0,0,0,0,0
2007-12-21 10:30:00+00:00,30,12,10,,,0,0,0,0,0,0,0,0,0,0,0,0,0,0,0,0,0,0,0,0,0,0,0,0,0
2007-12-21 10:30:00+00:00,30,12,10,748.0349731445312,756.0148315429688,0,0,0,0,0,0,0,0,0,0,0,0,0,0,0,0,0,0,0,0,0,0,0,0,0
2007-12-21 10:30:00+00:00,30,12,10,,277.3981628417969,0,0,0,0,0,0,0,0,0,0,0,0,0,0,0,0,0,0,0,0,0,0,0,0,0
2007-12-21 10:30:00+00:00,30,12,10,,,0,0,0,0,0,0,0,0,0,0,0,0,0,0,0,0,0,0,0,0,0,0,0,0,0
2007-12-21 10:30:00+00:00,30,12,10,421.53338623046875,470.1855163574219,0,0,0,0,0,0,0,0,0,0,0,0,0,0,0,0,0,0,0,0,0,0,0,0,0
2007-12-21 10:30:00+00:00,30,12,10,,459.5645446777344,0,0,0,0,0,0,0,0,0,0,0,0,0,0,0,0,0,0,0,0,0,0,0,0,0
2007-12-21 10:30:00+00:00,30,12,10,,,0,0,0,0,0,0,0,0,0,0,0,0,0,0,0,0,0,0,0,0,0,0,0,0,0
2007-12-21 10:30:00+00:00,30,12,10,,,0,0,0,0,0,0,0,0,0,0,0,0,0,0,0,0,0,0,0,0,0,0,0,0,0
2007-12-21 10:30:00+00:00,30,12,10,,,0,0,0,0,0,0,0,0,0,0,0,0,0,0,0,0,0,0,0,0,0,0,0,0,0
2007-12-21 10:30:00+00:00,30,12,10,,,0,0,0,0,0,0,0,0,0,0,0,0,0,0,0,0,0,0,0,0,0,0,0,0,0
2007-12-21 10:30:00+00:00,30,12,10,,,0,0,0,0,0,0,0,0,0,0,0,0,0,0,0,0,0,0,0,0,0,0,0,0,0
2007-12-21 10:45:00+00:00,30,12,10,482.1250305175781,240.40818786621094,0,0,0,0,0,0,0,0,0,0,0,0,0,0,0,0,0,0,0,0,0,0,0,0,0
2007-12-21 10:45:00+00:00,30,12,10,551.4876708984375,381.2776184082031,0,0,0,0,0,0,0,0,0,0,0,0,0,0,0,0,0,0,0,0,0,0,0,0,0
2007-12-21 10:45:00+00:00,30,12,10,,,0,0,0,0,0,0,0,0,0,0,0,0,0,0,0,0,0,0,0,0,0,0,0,0,0
2007-12-21 10:45:00+00:00,30,12,10,,,0,0,0,0,0,0,0,0,0,0,0,0,0,0,0,0,0,0,0,0,0,0,0,0,0
2007-12-21 10:45:00+00:00,30,12,10,,,0,0,0,0,0,0,0,0,0,0,0,0,0,0,0,0,0,0,0,0,0,0,0,0,0
2007-12-21 10:45:00+00:00,30,12,10,100.12210083007812,0.0,0,0,0,0,0,0,0,0,0,0,1,1,1,1,1,1,1,1,1,1,1,1,1,1,1
2007-12-21 10:45:00+00:00,30,12,10,,330.43634033203125,0,0,0,0,0,0,0,0,0,0,0,0,0,0,0,0,0,0,0,0,0,0,0,0,0
2007-12-21 10:45:00+00:00,30,12,10,,,0,0,0,0,0,0,0,0,0,0,0,0,0,0,0,0,0,0,0,0,0,0,0,0,0
2007-12-21 10:45:00+00:00,30,12,10,,,0,0,0,0,0,0,0,0,0,0,0,0,0,0,0,0,0,0,0,0,0,0,0,0,0
2007-12-21 10:45:00+00:00,30,12,10,192.26548767089844,158.76870727539062,0,0,0,0,0,0,0,0,0,0,0,0,0,1,1,1,1,0,0,0,0,0,0,0,0
2007-12-21 10:45:00+00:00,30,12,10,,599.26220703125,0,0,0,0,0,0,0,0,0,0,0,0,0,0,0,0,0,0,0,0,0,0,0,0,0
2007-12-21 10:45:00+00:00,30,12,10,,,0,0,0,0,0,0,0,0,0,0,0,0,0,0,0,0,0,0,0,0,0,0,0,0,0
2007-12-21 10:45:00+00:00,30,12,10,,,0,0,0,0,0,0,0,0,0,0,0,0,0,0,0,0,0,0,0,0,0,0,0,0,0
2007-12-21 10:45:00+00:00,30,12,10,,,0,0,0,0,0,0,0,0,0,0,0,0,0,0,0,0,0,0,0,0,0,0,0,0,0
2007-12-21 10:45:00+00:00,30,12,10,,,0,0,0,0,0,0,0,0,0,0,0,0,0,0,0,0,0,0,0,0,0,0,0,0,0
2007-12-21 10:45:00+00:00,30,12,10,,,0,0,0,0,0,0,0,0,0,0,0,0,0,0,0,0,0,0,0,0,0,0,0,0,0
2007-12-21 10:45:00+00:00,30,12,10,,,0,0,0,0,0,0,0,0,0,0,0,0,0,0,0,0,0,0,0,0,0,0,0,0,0
2007-12-21 10:45:00+00:00,30,12,10,,,0,0,0,0,0,0,0,0,0,0,0,0,0,0,0,0,0,0,0,0,0,0,0,0,0
2007-12-21 10:45:00+00:00,30,12,10,,,0,0,0,0,0,0,0,0,0,0,0,0,0,0,0,0,0,0,0,0,0,0,0,0,0
2007-12-21 10:45:00+00:00,30,12,10,,,0,0,0,0,0,0,0,0,0,0,0,0,0,0,0,0,0,0,0,0,0,0,0,0,0
2007-12-21 11:00:00+00:00,30,12,11,524.002197265625,181.17718505859375,0,0,0,0,0,0,0,0,0,0,0,0,0,0,0,0,0,0,0,0,0,0,0,0,0
2007-12-21 11:00:00+00:00,30,12,11,457.5442810058594,214.0452117919922,0,0,0,0,0,0,0,0,0,0,0,0,0,0,0,0,0,0,0,0,0,0,0,0,0
2007-12-21 11:00:00+00:00,30,12,11,,,0,0,0,0,0,0,0,0,0,0,0,0,0,0,0,0,0,0,0,0,0,0,0,0,0
2007-12-21 11:00:00+00:00,30,12,11,396.6410827636719,414.9295349121094,0,0,0,0,0,0,0,0,0,0,0,0,0,0,0,0,0,0,0,0,0,0,0,0,0
2007-12-21 11:00:00+00:00,30,12,11,458.1392822265625,483.2850341796875,0,0,0,0,0,0,0,0,0,0,0,0,0,0,0,0,0,0,0,0,0,0,0,0,0
2007-12-21 11:00:00+00:00,30,12,11,205.8904266357422,214.43544006347656,0,0,0,0,0,0,0,0,0,0,0,0,0,0,1,1,1,0,0,0,0,0,0,0,0
2007-12-21 11:00:00+00:00,30,12,11,495.169189453125,741.8607177734375,0,0,0,0,0,0,0,0,0,0,0,0,0,0,0,0,0,0,0,0,0,0,0,0,0
2007-12-21 11:00:00+00:00,30,12,11,,,0,0,0,0,0,0,0,0,0,0,0,0,0,0,0,0,0,0,0,0,0,0,0,0,0
2007-12-21 11:00:00+00:00,30,12,11,,,0,0,0,0,0,0,0,0,0,0,0,0,0,0,0,0,0,0,0,0,0,0,0,0,0
2007-12-21 11:00:00+00:00,30,12,11,,,0,0,0,0,0,0,0,0,0,0,0,0,0,0,0,0,0,0,0,0,0,0,0,0,0
2007-12-21 11:00:00+00:00,30,12,11,,,0,0,0,0,0,0,0,0,0,0,0,0,0,0,0,0,0,0,0,0,0,0,0,0,0
2007-12-21 11:00:00+00:00,30,12,11,,,0,0,0,0,0,0,0,0,0,0,0,0,0,0,0,0,0,0,0,0,0,0,0,0,0
2007-12-21 11:00:00+00:00,30,12,11,,,0,0,0,0,0,0,0,0,0,0,0,0,0,0,0,0,0,0,0,0,0,0,0,0,0
2007-12-21 11:00:00+00:00,30,12,11,,,0,0,0,0,0,0,0,0,0,0,0,0,0,0,0,0,0,0,0,0,0,0,0,0,0
2007-12-21 11:00:00+00:00,30,12,11,,,0,0,0,0,0,0,0,0,0,0,0,0,0,0,0,0,0,0,0,0,0,0,0,0,0
2007-12-21 11:00:00+00:00,30,12,11,,,0,0,0,0,0,0,0,0,0,0,0,0,0,0,0,0,0,0,0,0,0,0,0,0,0
2007-12-21 11:15:00+00:00,30,12,11,224.6056671142578,140.99642944335938,0,0,0,0,0,0,0,0,0,0,0,0,0,0,1,1,1,0,0,0,0,0,0,0,0
2007-12-21 11:15:00+00:00,30,12,11,,,0,0,0,0,0,0,0,0,0,0,0,0,0,0,0,0,0,0,0,0,0,0,0,0,0
2007-12-21 11:15:00+00:00,30,12,11,,,0,0,0,0,0,0,0,0,0,0,0,0,0,0,0,0,0,0,0,0,0,0,0,0,0
2007-12-21 11:15:00+00:00,30,12,11,,,0,0,0,0,0,0,0,0,0,0,0,0,0,0,0,0,0,0,0,0,0,0,0,0,0
2007-12-21 11:15:00+00:00,30,12,11,,,0,0,0,0,0,0,0,0,0,0,0,0,0,0,0,0,0,0,0,0,0,0,0,0,0
2007-12-21 11:30:00+00:00,30,12,11,180.3957977294922,162.43621826171875,0,0,0,0,0,0,0,0,0,0,0,0,0,1,1,1,1,0,0,0,0,0,0,0,0
2007-12-21 11:30:00+00:00,30,12,11,316.9140930175781,309.6200256347656,0,0,0,0,0,0,0,0,0,0,0,0,0,0,0,0,1,0,0,0,0,0,0,0,0
2007-12-21 11:30:00+00:00,30,12,11,,,0,0,0,0,0,0,0,0,0,0,0,0,0,0,0,0,0,0,0,0,0,0,0,0,0
2007-12-21 11:30:00+00:00,30,12,11,,,0,0,0,0,0,0,0,0,0,0,0,0,0,0,0,0,0,0,0,0,0,0,0,0,0
2007-12-21 11:30:00+00:00,30,12,11,,,0,0,0,0,0,0,0,0,0,0,0,0,0,0,0,0,0,0,0,0,0,0,0,0,0
2007-12-21 11:30:00+00:00,30,12,11,135.99302673339844,212.17930603027344,0,0,0,0,0,0,0,0,0,0,0,1,1,1,1,1,1,0,0,0,0,0,0,0,0
2007-12-21 11:30:00+00:00,30,12,11,,,0,0,0,0,0,0,0,0,0,0,0,0,0,0,0,0,0,0,0,0,0,0,0,0,0
2007-12-21 11:30:00+00:00,30,12,11,,,0,0,0,0,0,0,0,0,0,0,0,0,0,0,0,0,0,0,0,0,0,0,0,0,0
2007-12-21 11:30:00+00:00,30,12,11,,,0,0,0,0,0,0,0,0,0,0,0,0,0,0,0,0,0,0,0,0,0,0,0,0,0
2007-12-21 11:30:00+00:00,30,12,11,,162.376708984375,0,0,0,0,0,0,0,0,0,0,0,0,0,0,0,0,0,0,0,0,0,0,0,0,0
2007-12-21 11:30:00+00:00,30,12,11,,,0,0,0,0,0,0,0,0,0,0,0,0,0,0,0,0,0,0,0,0,0,0,0,0,0
2007-12-21 11:30:00+00:00,30,12,11,,,0,0,0,0,0,0,0,0,0,0,0,0,0,0,0,0,0,0,0,0,0,0,0,0,0
2007-12-21 11:45:00+00:00,30,12,11,,,0,0,0,0,0,0,0,0,0,0,0,0,0,0,0,0,0,0,0,0,0,0,0,0,0
2007-12-21 11:45:00+00:00,30,12,11,216.7092742919922,242.88330078125,0,0,0,0,0,0,0,0,0,0,0,0,0,0,1,1,1,0,0,0,0,0,0,0,0
2007-12-21 11:45:00+00:00,30,12,11,183.36204528808594,156.61151123046875,0,0,0,0,0,0,0,0,0,0,0,0,0,1,1,1,1,0,0,0,0,0,0,0,0
2007-12-21 11:45:00+00:00,30,12,11,,,0,0,0,0,0,0,0,0,0,0,0,0,0,0,0,0,0,0,0,0,0,0,0,0,0
2007-12-21 11:45:00+00:00,30,12,11,144.19772338867188,201.21766662597656,0,0,0,0,0,0,0,0,0,0,0,1,1,1,1,1,1,0,0,0,0,0,0,0,0
2007-12-21 11:45:00+00:00,30,12,11,127.47985076904297,244.43344116210938,0,0,0,0,0,0,0,0,0,0,0,1,1,1,1,1,1,0,0,0,0,0,0,0,0
2007-12-21 11:45:00+00:00,30,12,11,,,0,0,0,0,0,0,0,0,0,0,0,0,0,0,0,0,0,0,0,0,0,0,0,0,0
2007-12-21 11:45:00+00:00,30,12,11,172.73069763183594,164.60873413085938,0,0,0,0,0,0,0,0,0,0,0,0,1,1,1,1,1,0,0,0,0,0,0,0,0
2007-12-21 11:45:00+00:00,30,12,11,456.3831787109375,454.3201904296875,0,0,0,0,0,0,0,0,0,0,0,0,0,0,0,0,0,0,0,0,0,0,0,0,0
2007-12-21 11:45:00+00:00,30,12,11,,,0,0,0,0,0,0,0,0,0,0,0,0,0,0,0,0,0,0,0,0,0,0,0,0,0
2007-12-21 11:45:00+00:00,30,12,11,,,0,0,0,0,0,0,0,0,0,0,0,0,0,0,0,0,0,0,0,0,0,0,0,0,0
2007-12-21 11:45:00+00:00,30,12,11,,354.83770751953125,0,0,0,0,0,0,0,0,0,0,0,0,0,0,0,0,0,0,0,0,0,0,0,0,0
2007-12-21 11:45:00+00:00,30,12,11,,,0,0,0,0,0,0,0,0,0,0,0,0,0,0,0,0,0,0,0,0,0,0,0,0,0
2007-12-21 11:45:00+00:00,30,12,11,,,0,0,0,0,0,0,0,0,0,0,0,0,0,0,0,0,0,0,0,0,0,0,0,0,0
2007-12-21 11:45:00+00:00,30,12,11,,,0,0,0,0,0,0,0,0,0,0,0,0,0,0,0,0,0,0,0,0,0,0,0,0,0
2007-12-21 11:45:00+00:00,30,12,11,,,0,0,0,0,0,0,0,0,0,0,0,0,0,0,0,0,0,0,0,0,0,0,0,0,0
2007-12-21 12:00:00+00:00,30,12,12,294.9552307128906,232.8155975341797,0,0,0,0,0,0,0,0,0,0,0,0,0,0,0,1,1,0,0,0,0,0,0,0,0
2007-12-21 12:00:00+00:00,30,12,12,,,0,0,0,0,0,0,0,0,0,0,0,0,0,0,0,0,0,0,0,0,0,0,0,0,0
2007-12-21 12:00:00+00:00,30,12,12,107.97953796386719,88.8685302734375,0,0,0,0,0,0,0,0,0,0,1,1,1,1,1,1,1,0,0,0,0,0,0,0,0
2007-12-21 12:00:00+00:00,30,12,12,,552.9340209960938,0,0,0,0,0,0,0,0,0,0,0,0,0,0,0,0,0,0,0,0,0,0,0,0,0
2007-12-21 12:00:00+00:00,30,12,12,,,0,0,0,0,0,0,0,0,0,0,0,0,0,0,0,0,0,0,0,0,0,0,0,0,0
2007-12-21 12:00:00+00:00,30,12,12,,,0,0,0,0,0,0,0,0,0,0,0,0,0,0,0,0,0,0,0,0,0,0,0,0,0
2007-12-21 12:00:00+00:00,30,12,12,,,0,0,0,0,0,0,0,0,0,0,0,0,0,0,0,0,0,0,0,0,0,0,0,0,0
2007-12-21 12:00:00+00:00,30,12,12,,,0,0,0,0,0,0,0,0,0,0,0,0,0,0,0,0,0,0,0,0,0,0,0,0,0
2007-12-21 12:00:00+00:00,30,12,12,,,0,0,0,0,0,0,0,0,0,0,0,0,0,0,0,0,0,0,0,0,0,0,0,0,0
2007-12-21 12:00:00+00:00,30,12,12,,,0,0,0,0,0,0,0,0,0,0,0,0,0,0,0,0,0,0,0,0,0,0,0,0,0
2007-12-21 12:00:00+00:00,30,12,12,,,0,0,0,0,0,0,0,0,0,0,0,0,0,0,0,0,0,0,0,0,0,0,0,0,0
2007-12-21 12:00:00+00:00,30,12,12,319.6996154785156,332.4791564941406,0,0,0,0,0,0,0,0,0,0,0,0,0,0,0,0,1,0,0,0,0,0,0,0,0
2007-12-21 12:00:00+00:00,30,12,12,,,0,0,0,0,0,0,0,0,0,0,0,0,0,0,0,0,0,0,0,0,0,0,0,0,0
2007-12-21 12:00:00+00:00,30,12,12,202.7753143310547,89.98992156982422,0,0,0,0,0,0,0,0,0,0,0,0,0,0,1,1,1,0,0,0,0,0,0,0,0
2007-12-21 12:00:00+00:00,30,12,12,,,0,0,0,0,0,0,0,0,0,0,0,0,0,0,0,0,0,0,0,0,0,0,0,0,0
2007-12-21 12:15:00+00:00,30,12,12,,,0,0,0,0,0,0,0,0,0,0,0,0,0,0,0,0,0,0,0,0,0,0,0,0,0
2007-12-21 12:15:00+00:00,30,12,12,762.8668212890625,206.96173095703125,0,0,0,0,0,0,0,0,0,0,0,0,0,0,0,0,0,0,0,0,0,0,0,0,0
2007-12-21 12:15:00+00:00,30,12,12,,490.92913818359375,0,0,0,0,0,0,0,0,0,0,0,0,0,0,0,0,0,0,0,0,0,0,0,0,0
2007-12-21 12:15:00+00:00,30,12,12,48.84807205200195,176.8670196533203,0,0,0,0,0,0,1,1,1,1,1,1,1,1,1,1,1,0,0,0,0,0,0,0,0
2007-12-21 12:15:00+00:00,30,12,12,,,0,0,0,0,0,0,0,0,0,0,0,0,0,0,0,0,0,0,0,0,0,0,0,0,0
2007-12-21 12:15:00+00:00,30,12,12,58.196964263916016,106.74270629882812,0,0,0,0,0,0,0,1,1,1,1,1,1,1,1,1,1,0,0,0,0,0,0,0,0
2007-12-21 12:15:00+00:00,30,12,12,,,0,0,0,0,0,0,0,0,0,0,0,0,0,0,0,0,0,0,0,0,0,0,0,0,0
2007-12-21 12:15:00+00:00,30,12,12,456.4093322753906,416.94927978515625,0,0,0,0,0,0,0,0,0,0,0,0,0,0,0,0,0,0,0,0,0,0,0,0,0
2007-12-21 12:15:00+00:00,30,12,12,,,0,0,0,0,0,0,0,0,0,0,0,0,0,0,0,0,0,0,0,0,0,0,0,0,0
2007-12-21 12:15:00+00:00,30,12,12,,,0,0,0,0,0,0,0,0,0,0,0,0,0,0,0,0,0,0,0,0,0,0,0,0,0
2007-12-21 12:15:00+00:00,30,12,12,,,0,0,0,0,0,0,0,0,0,0,0,0,0,0,0,0,0,0,0,0,0,0,0,0,0
2007-12-21 12:15:00+00:00,30,12,12,,,0,0,0,0,0,0,0,0,0,0,0,0,0,0,0,0,0,0,0,0,0,0,0,0,0
2007-12-21 12:15:00+00:00,30,12,12,,,0,0,0,0,0,0,0,0,0,0,0,0,0,0,0,0,0,0,0,0,0,0,0,0,0
2007-12-21 12:15:00+00:00,30,12,12,,,0,0,0,0,0,0,0,0,0,0,0,0,0,0,0,0,0,0,0,0,0,0,0,0,0
2007-12-21 12:15:00+00:00,30,12,12,,,0,0,0,0,0,0,0,0,0,0,0,0,0,0,0,0,0,0,0,0,0,0,0,0,0
2007-12-21 12:15:00+00:00,30,12,12,,,0,0,0,0,0,0,0,0,0,0,0,0,0,0,0,0,0,0,0,0,0,0,0,0,0
2007-12-21 12:15:00+00:00,30,12,12,,,0,0,0,0,0,0,0,0,0,0,0,0,0,0,0,0,0,0,0,0,0,0,0,0,0
2007-12-21 12:30:00+00:00,30,12,12,,,0,0,0,0,0,0,0,0,0,0,0,0,0,0,0,0,0,0,0,0,0,0,0,0,0
2007-12-21 12:30:00+00:00,30,12,12,,,0,0,0,0,0,0,0,0,0,0,0,0,0,0,0,0,0,0,0,0,0,0,0,0,0
2007-12-21 12:30:00+00:00,30,12,12,207.13265991210938,196.49954223632812,0,0,0,0,0,0,0,0,0,0,0,0,0,0,1,1,1,0,0,0,0,0,0,0,0
2007-12-21 12:30:00+00:00,30,12,12,182.66647338867188,185.6166534423828,0,0,0,0,0,0,0,0,0,0,0,0,0,1,1,1,1,0,0,0,0,0,0,0,0
2007-12-21 12:30:00+00:00,30,12,12,441.0502624511719,457.591796875,0,0,0,0,0,0,0,0,0,0,0,0,0,0,0,0,0,0,0,0,0,0,0,0,0
2007-12-21 12:30:00+00:00,30,12,12,373.9078369140625,462.4582824707031,0,0,0,0,0,0,0,0,0,0,0,0,0,0,0,0,0,0,0,0,0,0,0,0,0
2007-12-21 12:30:00+00:00,30,12,12,159.0828857421875,158.1356658935547,0,0,0,0,0,0,0,0,0,0,0,0,1,1,1,1,1,0,0,0,0,0,0,0,0
2007-12-21 12:30:00+00:00,30,12,12,498.26751708984375,507.8024597167969,0,0,0,0,0,0,0,0,0,0,0,0,0,0,0,0,0,0,0,0,0,0,0,0,0
2007-12-21 12:30:00+00:00,30,12,12,,,0,0,0,0,0,0,0,0,0,0,0,0,0,0,0,0,0,0,0,0,0,0,0,0,0
2007-12-21 12:30:00+00:00,30,12,12,,,0,0,0,0,0,0,0,0,0,0,0,0,0,0,0,0,0,0,0,0,0,0,0,0,0
2007-12-21 12:30:00+00:00,30,12,12,,,0,0,0,0,0,0,0,0,0,0,0,0,0,0,0,0,0,0,0,0,0,0,0,0,0
2007-12-21 12:30:00+00:00,30,12,12,,,0,0,0,0,0,0,0,0,0,0,0,0,0,0,0,0,0,0,0,0,0,0,0,0,0
2007-12-21 12:30:00+00:00,30,12,12,,,0,0,0,0,0,0,0,0,0,0,0,0,0,0,0,0,0,0,0,0,0,0,0,0,0
2007-12-21 12:30:00+00:00,30,12,12,114.32172393798828,107.14456176757812,0,0,0,0,0,0,0,0,0,0,1,1,1,1,1,1,1,0,0,0,0,0,0,0,0
2007-12-21 12:30:00+00:00,30,12,12,,,0,0,0,0,0,0,0,0,0,0,0,0,0,0,0,0,0,0,0,0,0,0,0,0,0
2007-12-21 12:30:00+00:00,30,12,12,,,0,0,0,0,0,0,0,0,0,0,0,0,0,0,0,0,0,0,0,0,0,0,0,0,0
2007-12-21 12:45:00+00:00,30,12,12,144.74447631835938,152.57168579101562,0,0,0,0,0,0,0,0,0,0,0,1,1,1,1,1,1,0,0,0,0,0,0,0,0
2007-12-21 12:45:00+00:00,30,12,12,212.6487579345703,231.36819458007812,0,0,0,0,0,0,0,0,0,0,0,0,0,0,1,1,1,0,0,0,0,0,0,0,0
2007-12-21 12:45:00+00:00,30,12,12,,,0,0,0,0,0,0,0,0,0,0,0,0,0,0,0,0,0,0,0,0,0,0,0,0,0
2007-12-21 12:45:00+00:00,30,12,12,,,0,0,0,0,0,0,0,0,0,0,0,0,0,0,0,0,0,0,0,0,0,0,0,0,0
2007-12-21 12:45:00+00:00,30,12,12,,,0,0,0,0,0,0,0,0,0,0,0,0,0,0,0,0,0,0,0,0,0,0,0,0,0
2007-12-21 12:45:00+00:00,30,12,12,,,0,0,0,0,0,0,0,0,0,0,0,0,0,0,0,0,0,0,0,0,0,0,0,0,0
2007-12-21 12:45:00+00:00,30,12,12,,,0,0,0,0,0,0,0,0,0,0,0,0,0,0,0,0,0,0,0,0,0,0,0,0,0
2007-12-21 12:45:00+00:00,30,12,12,,,0,0,0,0,0,0,0,0,0,0,0,0,0,0,0,0,0,0,0,0,0,0,0,0,0
2007-12-21 12:45:00+00:00,30,12,12,396.271728515625,165.0303497314453,0,0,0,0,0,0,0,0,0,0,0,0,0,0,0,0,0,0,0,0,0,0,0,0,0
2007-12-21 12:45:00+00:00,30,12,12,,,0,0,0,0,0,0,0,0,0,0,0,0,0,0,0,0,0,0,0,0,0,0,0,0,0
2007-12-21 12:45:00+00:00,30,12,12,,,0,0,0,0,0,0,0,0,0,0,0,0,0,0,0,0,0,0,0,0,0,0,0,0,0
2007-12-21 12:45:00+00:00,30,12,12,,,0,0,0,0,0,0,0,0,0,0,0,0,0,0,0,0,0,0,0,0,0,0,0,0,0
2007-12-21 12:45:00+00:00,30,12,12,,,0,0,0,0,0,0,0,0,0,0,0,0,0,0,0,0,0,0,0,0,0,0,0,0,0
2007-12-21 12:45:00+00:00,30,12,12,,,0,0,0,0,0,0,0,0,0,0,0,0,0,0,0,0,0,0,0,0,0,0,0,0,0
2007-12-21 12:45:00+00:00,30,12,12,,,0,0,0,0,0,0,0,0,0,0,0,0,0,0,0,0,0,0,0,0,0,0,0,0,0
2007-12-21 12:45:00+00:00,30,12,12,,,0,0,0,0,0,0,0,0,0,0,0,0,0,0,0,0,0,0,0,0,0,0,0,0,0
2007-12-21 13:00:00+00:00,30,12,13,509.23919677734375,527.7000732421875,0,0,0,0,0,0,0,0,0,0,0,0,0,0,0,0,0,0,0,0,0,0,0,0,0
2007-12-21 13:00:00+00:00,30,12,13,,93.32386016845703,0,0,0,0,0,0,0,0,0,0,0,0,0,0,0,0,0,0,0,0,0,0,0,0,0
2007-12-21 13:00:00+00:00,30,12,13,,,0,0,0,0,0,0,0,0,0,0,0,0,0,0,0,0,0,0,0,0,0,0,0,0,0
2007-12-21 13:00:00+00:00,30,12,13,,,0,0,0,0,0,0,0,0,0,0,0,0,0,0,0,0,0,0,0,0,0,0,0,0,0
2007-12-21 13:00:00+00:00,30,12,13,,,0,0,0,0,0,0,0,0,0,0,0,0,0,0,0,0,0,0,0,0,0,0,0,0,0
2007-12-21 13:00:00+00:00,30,12,13,,346.8388977050781,0,0,0,0,0,0,0,0,0,0,0,0,0,0,0,0,0,0,0,0,0,0,0,0,0
2007-12-21 13:00:00+00:00,30,12,13,370.8746032714844,231.5244598388672,0,0,0,0,0,0,0,0,0,0,0,0,0,0,0,0,0,0,0,0,0,0,0,0,0
2007-12-21 13:00:00+00:00,30,12,13,194.91224670410156,202.10446166992188,0,0,0,0,0,0,0,0,0,0,0,0,0,1,1,1,1,0,0,0,0,0,0,0,0
2007-12-21 13:00:00+00:00,30,12,13,,,0,0,0,0,0,0,0,0,0,0,0,0,0,0,0,0,0,0,0,0,0,0,0,0,0
2007-12-21 13:00:00+00:00,30,12,13,,,0,0,0,0,0,0,0,0,0,0,0,0,0,0,0,0,0,0,0,0,0,0,0,0,0
2007-12-21 13:00:00+00:00,30,12,13,,,0,0,0,0,0,0,0,0,0,0,0,0,0,0,0,0,0,0,0,0,0,0,0,0,0
2007-12-21 13:00:00+00:00,30,12,13,,,0,0,0,0,0,0,0,0,0,0,0,0,0,0,0,0,0,0,0,0,0,0,0,0,0
2007-12-21 13:00:00+00:00,30,12,13,,,0,0,0,0,0,0,0,0,0,0,0,0,0,0,0,0,0,0,0,0,0,0,0,0,0
2007-12-21 13:00:00+00:00,30,12,13,,,0,0,0,0,0,0,0,0,0,0,0,0,0,0,0,0,0,0,0,0,0,0,0,0,0
2007-12-21 13:00:00+00:00,30,12,13,147.9805908203125,129.0757293701172,0,0,0,0,0,0,0,0,0,0,0,1,1,1,1,1,1,0,0,0,0,0,0,0,0
2007-12-21 13:00:00+00:00,30,12,13,,,0,0,0,0,0,0,0,0,0,0,0,0,0,0,0,0,0,0,0,0,0,0,0,0,0
2007-12-21 13:15:00+00:00,30,12,13,,,0,0,0,0,0,0,0,0,0,0,0,0,0,0,0,0,0,0,0,0,0,0,0,0,0
2007-12-21 13:15:00+00:00,30,12,13,439.7620544433594,453.7721252441406,0,0,0,0,0,0,0,0,0,0,0,0,0,0,0,0,0,0,0,0,0,0,0,0,0
2007-12-21 13:15:00+00:00,30,12,13,416.0945129394531,429.55340576171875,0,0,0,0,0,0,0,0,0,0,0,0,0,0,0,0,0,0,0,0,0,0,0,0,0
2007-12-21 13:15:00+00:00,30,12,13,344.4859619140625,304.11767578125,0,0,0,0,0,0,0,0,0,0,0,0,0,0,0,0,1,0,0,0,0,0,0,0,0
2007-12-21 13:15:00+00:00,30,12,13,,,0,0,0,0,0,0,0,0,0,0,0,0,0,0,0,0,0,0,0,0,0,0,0,0,0
2007-12-21 13:15:00+00:00,30,12,13,495.0910949707031,134.39292907714844,0,0,0,0,0,0,0,0,0,0,0,0,0,0,0,0,0,0,0,0,0,0,0,0,0
2007-12-21 13:15:00+00:00,30,12,13,55.032222747802734,0.0,0,0,0,0,0,0,0,1,1,1,1,1,1,1,1,1,1,1,1,1,1,1,1,1,1
2007-12-21 13:15:00+00:00,30,12,13,,440.2931213378906,0,0,0,0,0,0,0,0,0,0,0,0,0,0,0,0,0,0,0,0,0,0,0,0,0
2007-12-21 13:15:00+00:00,30,12,13,,,0,0,0,0,0,0,0,0,0,0,0,0,0,0,0,0,0,0,0,0,0,0,0,0,0
2007-12-21 13:15:00+00:00,30,12,13,,,0,0,0,0,0,0,0,0,0,0,0,0,0,0,0,0,0,0,0,0,0,0,0,0,0
2007-12-21 13:15:00+00:00,30,12,13,,,0,0,0,0,0,0,0,0,0,0,0,0,0,0,0,0,0,0,0,0,0,0,0,0,0
2007-12-21 13:15:00+00:00,30,12,13,,,0,0,0,0,0,0,0,0,0,0,0,0,0,0,0,0,0,0,0,0,0,0,0,0,0
2007-12-21 13:15:00+00:00,30,12,13,,,0,0,0,0,0,0,0,0,0,0,0,0,0,0,0,0,0,0,0,0,0,0,0,0,0
2007-12-21 13:15:00+00:00,30,12,13,,,0,0,0,0,0,0,0,0,0,0,0,0,0,0,0,0,0,0,0,0,0,0,0,0,0
2007-12-21 13:15:00+00:00,30,12,13,,,0,0,0,0,0,0,0,0,0,0,0,0,0,0,0,0,0,0,0,0,0,0,0,0,0
2007-12-21 13:15:00+00:00,30,12,13,,,0,0,0,0,0,0,0,0,0,0,0,0,0,0,0,0,0,0,0,0,0,0,0,0,0
2007-12-21 13:30:00+00:00,30,12,13,,,0,0,0,0,0,0,0,0,0,0,0,0,0,0,0,0,0,0,0,0,0,0,0,0,0
2007-12-21 13:30:00+00:00,30,12,13,177.08116149902344,106.20996856689453,0,0,0,0,0,0,0,0,0,0,0,0,1,1,1,1,1,0,0,0,0,0,0,0,0
2007-12-21 13:30:00+00:00,30,12,13,412.2978820800781,364.79168701171875,0,0,0,0,0,0,0,0,0,0,0,0,0,0,0,0,0,0,0,0,0,0,0,0,0
2007-12-21 13:30:00+00:00,30,12,13,,,0,0,0,0,0,0,0,0,0,0,0,0,0,0,0,0,0,0,0,0,0,0,0,0,0
2007-12-21 13:30:00+00:00,30,12,13,,,0,0,0,0,0,0,0,0,0,0,0,0,0,0,0,0,0,0,0,0,0,0,0,0,0
2007-12-21 13:30:00+00:00,30,12,13,242.62144470214844,268.4051818847656,0,0,0,0,0,0,0,0,0,0,0,0,0,0,1,1,1,0,0,0,0,0,0,0,0
2007-12-21 13:30:00+00:00,30,12,13,279.7568359375,281.4987487792969,0,0,0,0,0,0,0,0,0,0,0,0,0,0,0,1,1,0,0,0,0,0,0,0,0
2007-12-21 13:30:00+00:00,30,12,13,60.99372100830078,36.689151763916016,0,0,0,0,0,0,0,0,1,1,1,1,1,1,1,1,1,0,0,0,0,0,1,1,1
2007-12-21 13:30:00+00:00,30,12,13,355.3424987792969,,0,0,0,0,0,0,0,0,0,0,0,0,0,0,0,0,0,0,0,0,0,0,0,0,0
2007-12-21 13:30:00+00:00,30,12,13,439.5175476074219,342.04315185546875,0,0,0,0,0,0,0,0,0,0,0,0,0,0,0,0,0,0,0,0,0,0,0,0,0
2007-12-21 13:30:00+00:00,30,12,13,,,0,0,0,0,0,0,0,0,0,0,0,0,0,0,0,0,0,0,0,0,0,0,0,0,0
2007-12-21 13:30:00+00:00,30,12,13,277.05755615234375,202.46328735351562,0,0,0,0,0,0,0,0,0,0,0,0,0,0,0,1,1,0,0,0,0,0,0,0,0
2007-12-21 13:30:00+00:00,30,12,13,,,0,0,0,0,0,0,0,0,0,0,0,0,0,0,0,0,0,0,0,0,0,0,0,0,0
2007-12-21 13:30:00+00:00,30,12,13,,,0,0,0,0,0,0,0,0,0,0,0,0,0,0,0,0,0,0,0,0,0,0,0,0,0
2007-12-21 13:30:00+00:00,30,12,13,,,0,0,0,0,0,0,0,0,0,0,0,0,0,0,0,0,0,0,0,0,0,0,0,0,0
2007-12-21 13:30:00+00:00,30,12,13,,,0,0,0,0,0,0,0,0,0,0,0,0,0,0,0,0,0,0,0,0,0,0,0,0,0
2007-12-21 13:30:00+00:00,30,12,13,,,0,0,0,0,0,0,0,0,0,0,0,0,0,0,0,0,0,0,0,0,0,0,0,0,0
2007-12-21 13:30:00+00:00,30,12,13,,,0,0,0,0,0,0,0,0,0,0,0,0,0,0,0,0,0,0,0,0,0,0,0,0,0
2007-12-21 13:30:00+00:00,30,12,13,,,0,0,0,0,0,0,0,0,0,0,0,0,0,0,0,0,0,0,0,0,0,0,0,0,0
2007-12-21 13:45:00+00:00,30,12,13,,,0,0,0,0,0,0,0,0,0,0,0,0,0,0,0,0,0,0,0,0,0,0,0,0,0
2007-12-21 13:45:00+00:00,30,12,13,,503.6921691894531,0,0,0,0,0,0,0,0,0,0,0,0,0,0,0,0,0,0,0,0,0,0,0,0,0
2007-12-21 13:45:00+00:00,30,12,13,390.9264221191406,330.9299621582031,0,0,0,0,0,0,0,0,0,0,0,0,0,0,0,0,0,0,0,0,0,0,0,0,0
2007-12-21 13:45:00+00:00,30,12,13,73.9918441772461,94.61365509033203,0,0,0,0,0,0,0,0,1,1,1,1,1,1,1,1,1,0,0,0,0,0,0,0,0
2007-12-21 13:45:00+00:00,30,12,13,,,0,0,0,0,0,0,0,0,0,0,0,0,0,0,0,0,0,0,0,0,0,0,0,0,0
2007-12-21 13:45:00+00:00,30,12,13,96.10986328125,130.40060424804688,0,0,0,0,0,0,0,0,0,1,1,1,1,1,1,1,1,0,0,0,0,0,0,0,0
2007-12-21 13:45:00+00:00,30,12,13,408.0951232910156,,0,0,0,0,0,0,0,0,0,0,0,0,0,0,0,0,0,0,0,0,0,0,0,0,0
2007-12-21 13:45:00+00:00,30,12,13,,,0,0,0,0,0,0,0,0,0,0,0,0,0,0,0,0,0,0,0,0,0,0,0,0,0
2007-12-21 13:45:00+00:00,30,12,13,191.65313720703125,175.56912231445312,0,0,0,0,0,0,0,0,0,0,0,0,0,1,1,1,1,0,0,0,0,0,0,0,0
2007-12-21 13:45:00+00:00,30,12,13,122.18718719482422,157.33953857421875,0,0,0,0,0,0,0,0,0,0,0,1,1,1,1,1,1,0,0,0,0,0,0,0,0
2007-12-21 13:45:00+00:00,30,12,13,,,0,0,0,0,0,0,0,0,0,0,0,0,0,0,0,0,0,0,0,0,0,0,0,0,0
2007-12-21 13:45:00+00:00,30,12,13,,,0,0,0,0,0,0,0,0,0,0,0,0,0,0,0,0,0,0,0,0,0,0,0,0,0
2007-12-21 13:45:00+00:00,30,12,13,345.62176513671875,,0,0,0,0,0,0,0,0,0,0,0,0,0,0,0,0,1,0,0,0,0,0,0,0,0
2007-12-21 13:45:00+00:00,30,12,13,,,0,0,0,0,0,0,0,0,0,0,0,0,0,0,0,0,0,0,0,0,0,0,0,0,0
2007-12-21 13:45:00+00:00,30,12,13,,,0,0,0,0,0,0,0,0,0,0,0,0,0,0,0,0,0,0,0,0,0,0,0,0,0
2007-12-21 13:45:00+00:00,30,12,13,,421.7268371582031,0,0,0,0,0,0,0,0,0,0,0,0,0,0,0,0,0,0,0,0,0,0,0,0,0
2007-12-21 13:45:00+00:00,30,12,13,,180.71267700195312,0,0,0,0,0,0,0,0,0,0,0,0,0,0,0,0,0,0,0,0,0,0,0,0,0
2007-12-21 13:45:00+00:00,30,12,13,,,0,0,0,0,0,0,0,0,0,0,0,0,0,0,0,0,0,0,0,0,0,0,0,0,0
2007-12-21 14:00:00+00:00,30,12,14,,426.6517639160156,0,0,0,0,0,0,0,0,0,0,0,0,0,0,0,0,0,0,0,0,0,0,0,0,0
2007-12-21 14:00:00+00:00,30,12,14,,274.4820251464844,0,0,0,0,0,0,0,0,0,0,0,0,0,0,0,0,0,0,0,0,0,0,0,0,0
2007-12-21 14:00:00+00:00,30,12,14,,317.8338928222656,0,0,0,0,0,0,0,0,0,0,0,0,0,0,0,0,0,0,0,0,0,0,0,0,0
2007-12-21 14:00:00+00:00,30,12,14,,366.1818542480469,0,0,0,0,0,0,0,0,0,0,0,0,0,0,0,0,0,0,0,0,0,0,0,0,0
2007-12-21 14:00:00+00:00,30,12,14,,127.6159896850586,0,0,0,0,0,0,0,0,0,0,0,0,0,0,0,0,0,0,0,0,0,0,0,0,0
2007-12-21 14:00:00+00:00,30,12,14,305.7925720214844,,0,0,0,0,0,0,0,0,0,0,0,0,0,0,0,0,1,0,0,0,0,0,0,0,0
2007-12-21 14:00:00+00:00,30,12,14,239.63465881347656,38.202796936035156,0,0,0,0,0,0,0,0,0,0,0,0,0,0,1,1,1,0,0,0,0,0,1,1,1
2007-12-21 14:00:00+00:00,30,12,14,363.397705078125,387.9550476074219,0,0,0,0,0,0,0,0,0,0,0,0,0,0,0,0,0,0,0,0,0,0,0,0,0
2007-12-21 14:00:00+00:00,30,12,14,,510.2481384277344,0,0,0,0,0,0,0,0,0,0,0,0,0,0,0,0,0,0,0,0,0,0,0,0,0
2007-12-21 14:00:00+00:00,30,12,14,,,0,0,0,0,0,0,0,0,0,0,0,0,0,0,0,0,0,0,0,0,0,0,0,0,0
2007-12-21 14:00:00+00:00,30,12,14,,230.72555541992188,0,0,0,0,0,0,0,0,0,0,0,0,0,0,0,0,0,0,0,0,0,0,0,0,0
2007-12-21 14:00:00+00:00,30,12,14,,128.3665008544922,0,0,0,0,0,0,0,0,0,0,0,0,0,0,0,0,0,0,0,0,0,0,0,0,0
2007-12-21 14:00:00+00:00,30,12,14,,,0,0,0,0,0,0,0,0,0,0,0,0,0,0,0,0,0,0,0,0,0,0,0,0,0
2007-12-21 14:15:00+00:00,30,12,14,,,0,0,0,0,0,0,0,0,0,0,0,0,0,0,0,0,0,0,0,0,0,0,0,0,0
2007-12-21 14:15:00+00:00,30,12,14,,210.37294006347656,0,0,0,0,0,0,0,0,0,0,0,0,0,0,0,0,0,0,0,0,0,0,0,0,0
2007-12-21 14:15:00+00:00,30,12,14,289.5630187988281,319.4731140136719,0,0,0,0,0,0,0,0,0,0,0,0,0,0,0,1,1,0,0,0,0,0,0,0,0
2007-12-21 14:15:00+00:00,30,12,14,256.31298828125,249.13438415527344,0,0,0,0,0,0,0,0,0,0,0,0,0,0,0,1,1,0,0,0,0,0,0,0,0
2007-12-21 14:15:00+00:00,30,12,14,484.0485534667969,419.8472595214844,0,0,0,0,0,0,0,0,0,0,0,0,0,0,0,0,0,0,0,0,0,0,0,0,0
2007-12-21 14:15:00+00:00,30,12,14,384.2263488769531,356.17889404296875,0,0,0,0,0,0,0,0,0,0,0,0,0,0,0,0,0,0,0,0,0,0,0,0,0
2007-12-21 14:15:00+00:00,30,12,14,,222.07025146484375,0,0,0,0,0,0,0,0,0,0,0,0,0,0,0,0,0,0,0,0,0,0,0,0,0
2007-12-21 14:15:00+00:00,30,12,14,98.8973159790039,106.37553405761719,0,0,0,0,0,0,0,0,0,1,1,1,1,1,1,1,1,0,0,0,0,0,0,0,0
2007-12-21 14:15:00+00:00,30,12,14,,,0,0,0,0,0,0,0,0,0,0,0,0,0,0,0,0,0,0,0,0,0,0,0,0,0
2007-12-21 14:15:00+00:00,30,12,14,,,0,0,0,0,0,0,0,0,0,0,0,0,0,0,0,0,0,0,0,0,0,0,0,0,0
2007-12-21 14:15:00+00:00,30,12,14,263.15802001953125,255.4993438720703,0,0,0,0,0,0,0,0,0,0,0,0,0,0,0,1,1,0,0,0,0,0,0,0,0
2007-12-21 14:15:00+00:00,30,12,14,,,0,0,0,0,0,0,0,0,0,0,0,0,0,0,0,0,0,0,0,0,0,0,0,0,0
2007-12-21 14:15:00+00:00,30,12,14,246.87200927734375,238.07814025878906,0,0,0,0,0,0,0,0,0,0,0,0,0,0,1,1,1,0,0,0,0,0,0,0,0
2007-12-21 14:15:00+00:00,30,12,14,451.7479553222656,445.0342712402344,0,0,0,0,0,0,0,0,0,0,0,0,0,0,0,0,0,0,0,0,0,0,0,0,0
2007-12-21 14:30:00+00:00,30,12,14,401.43695068359375,426.1482849121094,0,0,0,0,0,0,0,0,0,0,0,0,0,0,0,0,0,0,0,0,0,0,0,0,0
2007-12-21 14:30:00+00:00,30,12,14,183.49195861816406,173.08677673339844,0,0,0,0,0,0,0,0,0,0,0,0,0,1,1,1,1,0,0,0,0,0,0,0,0
2007-12-21 14:30:00+00:00,30,12,14,,,0,0,0,0,0,0,0,0,0,0,0,0,0,0,0,0,0,0,0,0,0,0,0,0,0
2007-12-21 14:30:00+00:00,30,12,14,,,0,0,0,0,0,0,0,0,0,0,0,0,0,0,0,0,0,0,0,0,0,0,0,0,0
2007-12-21 14:30:00+00:00,30,12,14,,333.6075134277344,0,0,0,0,0,0,0,0,0,0,0,0,0,0,0,0,0,0,0,0,0,0,0,0,0
2007-12-21 14:30:00+00:00,30,12,14,372.92706298828125,359.5079040527344,0,0,0,0,0,0,0,0,0,0,0,0,0,0,0,0,0,0,0,0,0,0,0,0,0
2007-12-21 14:30:00+00:00,30,12,14,,67.59837341308594,0,0,0,0,0,0,0,0,0,0,0,0,0,0,0,0,0,0,0,0,0,0,0,0,0
2007-12-21 14:30:00+00:00,30,12,14,,355.8362121582031,0,0,0,0,0,0,0,0,0,0,0,0,0,0,0,0,0,0,0,0,0,0,0,0,0
2007-12-21 14:30:00+00:00,30,12,14,,111.34095764160156,0,0,0,0,0,0,0,0,0,0,0,0,0,0,0,0,0,0,0,0,0,0,0,0,0
2007-12-21 14:45:00+00:00,30,12,14,94.35089874267578,45.17961120605469,0,0,0,0,0,0,0,0,0,1,1,1,1,1,1,1,1,0,0,0,0,0,0,1,1
2007-12-21 14:45:00+00:00,30,12,14,,253.17141723632812,0,0,0,0,0,0,0,0,0,0,0,0,0,0,0,0,0,0,0,0,0,0,0,0,0
2007-12-21 14:45:00+00:00,30,12,14,,370.86578369140625,0,0,0,0,0,0,0,0,0,0,0,0,0,0,0,0,0,0,0,0,0,0,0,0,0
2007-12-21 14:45:00+00:00,30,12,14,,,0,0,0,0,0,0,0,0,0,0,0,0,0,0,0,0,0,0,0,0,0,0,0,0,0
2007-12-21 14:45:00+00:00,30,12,14,275.8576965332031,272.57244873046875,0,0,0,0,0,0,0,0,0,0,0,0,0,0,0,1,1,0,0,0,0,0,0,0,0
2007-12-21 14:45:00+00:00,30,12,14,276.1399230957031,349.1278076171875,0,0,0,0,0,0,0,0,0,0,0,0,0,0,0,1,1,0,0,0,0,0,0,0,0
2007-12-21 14:45:00+00:00,30,12,14,,,0,0,0,0,0,0,0,0,0,0,0,0,0,0,0,0,0,0,0,0,0,0,0,0,0
2007-12-21 14:45:00+00:00,30,12,14,,144.88710021972656,0,0,0,0,0,0,0,0,0,0,0,0,0,0,0,0,0,0,0,0,0,0,0,0,0
2007-12-21 14:45:00+00:00,30,12,14,,,0,0,0,0,0,0,0,0,0,0,0,0,0,0,0,0,0,0,0,0,0,0,0,0,0
2007-12-21 15:00:00+00:00,30,12,15,,,0,0,0,0,0,0,0,0,0,0,0,0,0,0,0,0,0,0,0,0,0,0,0,0,0
2007-12-21 15:00:00+00:00,30,12,15,263.9209899902344,268.80322265625,0,0,0,0,0,0,0,0,0,0,0,0,0,0,0,1,1,0,0,0,0,0,0,0,0
2007-12-21 15:00:00+00:00,30,12,15,267.9319763183594,265.775390625,0,0,0,0,0,0,0,0,0,0,0,0,0,0,0,1,1,0,0,0,0,0,0,0,0
2007-12-21 15:00:00+00:00,30,12,15,156.59877014160156,93.4787368774414,0,0,0,0,0,0,0,0,0,0,0,0,1,1,1,1,1,0,0,0,0,0,0,0,0
2007-12-21 15:00:00+00:00,30,12,15,,,0,0,0,0,0,0,0,0,0,0,0,0,0,0,0,0,0,0,0,0,0,0,0,0,0
2007-12-21 15:00:00+00:00,30,12,15,99.86387634277344,95.53144073486328,0,0,0,0,0,0,0,0,0,1,1,1,1,1,1,1,1,0,0,0,0,0,0,0,0
2007-12-21 15:00:00+00:00,30,12,15,182.11676025390625,346.64837646484375,0,0,0,0,0,0,0,0,0,0,0,0,0,1,1,1,1,0,0,0,0,0,0,0,0
2007-12-21 15:00:00+00:00,30,12,15,,,0,0,0,0,0,0,0,0,0,0,0,0,0,0,0,0,0,0,0,0,0,0,0,0,0
2007-12-21 15:00:00+00:00,30,12,15,,,0,0,0,0,0,0,0,0,0,0,0,0,0,0,0,0,0,0,0,0,0,0,0,0,0
2007-12-21 15:15:00+00:00,30,12,15,406.63592529296875,399.2343444824219,0,0,0,0,0,0,0,0,0,0,0,0,0,0,0,0,0,0,0,0,0,0,0,0,0
2007-12-21 15:15:00+00:00,30,12,15,198.3208770751953,190.3160858154297,0,0,0,0,0,0,0,0,0,0,0,0,0,1,1,1,1,0,0,0,0,0,0,0,0
2007-12-21 15:15:00+00:00,30,12,15,,517.1494140625,0,0,0,0,0,0,0,0,0,0,0,0,0,0,0,0,0,0,0,0,0,0,0,0,0
2007-12-21 15:15:00+00:00,30,12,15,388.263427734375,,0,0,0,0,0,0,0,0,0,0,0,0,0,0,0,0,0,0,0,0,0,0,0,0,0
2007-12-21 15:15:00+00:00,30,12,15,300.9351806640625,146.3070831298828,0,0,0,0,0,0,0,0,0,0,0,0,0,0,0,0,1,0,0,0,0,0,0,0,0
2007-12-21 15:15:00+00:00,30,12,15,175.5487518310547,169.02920532226562,0,0,0,0,0,0,0,0,0,0,0,0,1,1,1,1,1,0,0,0,0,0,0,0,0
2007-12-21 15:15:00+00:00,30,12,15,388.70697021484375,117.0291748046875,0,0,0,0,0,0,0,0,0,0,0,0,0,0,0,0,0,0,0,0,0,0,0,0,0
2007-12-21 15:15:00+00:00,30,12,15,495.42083740234375,,0,0,0,0,0,0,0,0,0,0,0,0,0,0,0,0,0,0,0,0,0,0,0,0,0
2007-12-21 15:15:00+00:00,30,12,15,261.55963134765625,224.76287841796875,0,0,0,0,0,0,0,0,0,0,0,0,0,0,0,1,1,0,0,0,0,0,0,0,0
2007-12-21 15:15:00+00:00,30,12,15,255.3399658203125,303.46240234375,0,0,0,0,0,0,0,0,0,0,0,0,0,0,0,1,1,0,0,0,0,0,0,0,0
2007-12-21 15:15:00+00:00,30,12,15,,,0,0,0,0,0,0,0,0,0,0,0,0,0,0,0,0,0,0,0,0,0,0,0,0,0
2007-12-21 15:15:00+00:00,30,12,15,349.09527587890625,500.9013671875,0,0,0,0,0,0,0,0,0,0,0,0,0,0,0,0,1,0,0,0,0,0,0,0,0
2007-12-21 15:30:00+00:00,30,12,15,274.06610107421875,267.6348876953125,0,0,0,0,0,0,0,0,0,0,0,0,0,0,0,1,1,0,0,0,0,0,0,0,0
2007-12-21 15:30:00+00:00,30,12,15,130.01046752929688,119.73413848876953,0,0,0,0,0,0,0,0,0,0,0,1,1,1,1,1,1,0,0,0,0,0,0,0,0
2007-12-21 15:30:00+00:00,30,12,15,113.42717742919922,191.00692749023438,0,0,0,0,0,0,0,0,0,0,1,1,1,1,1,1,1,0,0,0,0,0,0,0,0
2007-12-21 15:30:00+00:00,30,12,15,136.80438232421875,346.5937805175781,0,0,0,0,0,0,0,0,0,0,0,1,1,1,1,1,1,0,0,0,0,0,0,0,0
2007-12-21 15:30:00+00:00,30,12,15,,,0,0,0,0,0,0,0,0,0,0,0,0,0,0,0,0,0,0,0,0,0,0,0,0,0
2007-12-21 15:30:00+00:00,30,12,15,,,0,0,0,0,0,0,0,0,0,0,0,0,0,0,0,0,0,0,0,0,0,0,0,0,0
2007-12-21 15:45:00+00:00,30,12,15,,,0,0,0,0,0,0,0,0,0,0,0,0,0,0,0,0,0,0,0,0,0,0,0,0,0
2007-12-21 15:45:00+00:00,30,12,15,109.11177062988281,133.1873321533203,0,0,0,0,0,0,0,0,0,0,1,1,1,1,1,1,1,0,0,0,0,0,0,0,0
2007-12-21 15:45:00+00:00,30,12,15,466.0455322265625,459.3578186035156,0,0,0,0,0,0,0,0,0,0,0,0,0,0,0,0,0,0,0,0,0,0,0,0,0
2007-12-21 15:45:00+00:00,30,12,15,305.5643615722656,317.2968444824219,0,0,0,0,0,0,0,0,0,0,0,0,0,0,0,0,1,0,0,0,0,0,0,0,0
2007-12-21 15:45:00+00:00,30,12,15,,,0,0,0,0,0,0,0,0,0,0,0,0,0,0,0,0,0,0,0,0,0,0,0,0,0
2007-12-21 15:45:00+00:00,30,12,15,131.4842529296875,134.63636779785156,0,0,0,0,0,0,0,0,0,0,0,1,1,1,1,1,1,0,0,0,0,0,0,0,0
2007-12-21 15:45:00+00:00,30,12,15,468.4039611816406,296.50555419921875,0,0,0,0,0,0,0,0,0,0,0,0,0,0,0,0,0,0,0,0,0,0,0,0,0
2007-12-21 15:45:00+00:00,30,12,15,376.97467041015625,165.98548889160156,0,0,0,0,0,0,0,0,0,0,0,0,0,0,0,0,0,0,0,0,0,0,0,0,0
2007-12-21 16:00:00+00:00,30,12,16,343.6197204589844,,0,0,0,0,0,0,0,0,0,0,0,0,0,0,0,0,1,0,0,0,0,0,0,0,0
2007-12-21 16:15:00+00:00,30,12,16,,,0,0,0,0,0,0,0,0,0,0,0,0,0,0,0,0,0,0,0,0,0,0,0,0,0
2007-12-21 16:15:00+00:00,30,12,16,206.61575317382812,303.0653076171875,0,0,0,0,0,0,0,0,0,0,0,0,0,0,1,1,1,0,0,0,0,0,0,0,0
2007-12-21 16:15:00+00:00,30,12,16,389.4347229003906,389.1681823730469,0,0,0,0,0,0,0,0,0,0,0,0,0,0,0,0,0,0,0,0,0,0,0,0,0
2007-12-21 16:15:00+00:00,30,12,16,,,0,0,0,0,0,0,0,0,0,0,0,0,0,0,0,0,0,0,0,0,0,0,0,0,0
2007-12-21 16:30:00+00:00,30,12,16,66.75110626220703,146.88209533691406,0,0,0,0,0,0,0,0,1,1,1,1,1,1,1,1,1,0,0,0,0,0,0,0,0
2007-12-21 16:30:00+00:00,30,12,16,240.545166015625,232.69146728515625,0,0,0,0,0,0,0,0,0,0,0,0,0,0,1,1,1,0,0,0,0,0,0,0,0
2007-12-21 16:45:00+00:00,30,12,16,,188.42930603027344,0,0,0,0,0,0,0,0,0,0,0,0,0,0,0,0,0,0,0,0,0,0,0,0,0
2007-12-21 16:45:00+00:00,30,12,16,,,0,0,0,0,0,0,0,0,0,0,0,0,0,0,0,0,0,0,0,0,0,0,0,0,0
2007-12-21 17:00:00+00:00,30,12,17,,,0,0,0,0,0,0,0,0,0,0,0,0,0,0,0,0,0,0,0,0,0,0,0,0,0
2007-12-21 17:15:00+00:00,30,12,17,64.04352569580078,62.608848571777344,0,0,0,0,0,0,0,0,1,1,1,1,1,1,1,1,1,0,0,0,0,0,0,0,0
2007-12-21 17:30:00+00:00,30,12,17,101.76214599609375,95.97612762451172,0,0,0,0,0,0,0,0,0,0,1,1,1,1,1,1,1,0,0,0,0,0,0,0,0
2007-12-21 17:30:00+00:00,30,12,17,286.20477294921875,274.9847717285156,0,0,0,0,0,0,0,0,0,0,0,0,0,0,0,1,1,0,0,0,0,0,0,0,0
2007-12-21 17:45:00+00:00,30,12,17,,,0,0,0,0,0,0,0,0,0,0,0,0,0,0,0,0,0,0,0,0,0,0,0,0,0
2007-12-22 10:00:00+00:00,30,12,10,72.17288970947266,62.72312927246094,0,0,0,0,0,0,0,0,1,1,1,1,1,1,1,1,1,0,0,0,0,0,0,0,0
2007-12-22 10:00:00+00:00,30,12,10,170.9125213623047,144.54855346679688,0,0,0,0,0,0,0,0,0,0,0,0,1,1,1,1,1,0,0,0,0,0,0,0,0
2007-12-22 10:00:00+00:00,30,12,10,124.02140808105469,117.70922088623047,0,0,0,0,0,0,0,0,0,0,0,1,1,1,1,1,1,0,0,0,0,0,0,0,0
2007-12-22 10:00:00+00:00,30,12,10,74.39852142333984,75.54496765136719,0,0,0,0,0,0,0,0,1,1,1,1,1,1,1,1,1,0,0,0,0,0,0,0,0
2007-12-22 10:00:00+00:00,30,12,10,,,0,0,0,0,0,0,0,0,0,0,0,0,0,0,0,0,0,0,0,0,0,0,0,0,0
2007-12-22 10:00:00+00:00,30,12,10,177.41424560546875,88.45513916015625,0,0,0,0,0,0,0,0,0,0,0,0,1,1,1,1,1,0,0,0,0,0,0,0,0
2007-12-22 10:00:00+00:00,30,12,10,471.0140380859375,186.2668914794922,0,0,0,0,0,0,0,0,0,0,0,0,0,0,0,0,0,0,0,0,0,0,0,0,0
2007-12-22 10:00:00+00:00,30,12,10,,,0,0,0,0,0,0,0,0,0,0,0,0,0,0,0,0,0,0,0,0,0,0,0,0,0
2007-12-22 10:00:00+00:00,30,12,10,53.194496154785156,47.735050201416016,0,0,0,0,0,0,0,1,1,1,1,1,1,1,1,1,1,0,0,0,0,0,0,1,1
2007-12-22 10:00:00+00:00,30,12,10,,,0,0,0,0,0,0,0,0,0,0,0,0,0,0,0,0,0,0,0,0,0,0,0,0,0
2007-12-22 10:00:00+00:00,30,12,10,67.2456283569336,44.04487991333008,0,0,0,0,0,0,0,0,1,1,1,1,1,1,1,1,1,0,0,0,0,0,0,1,1
2007-12-22 10:00:00+00:00,30,12,10,,249.7012176513672,0,0,0,0,0,0,0,0,0,0,0,0,0,0,0,0,0,0,0,0,0,0,0,0,0
2007-12-22 10:15:00+00:00,30,12,10,111.83325958251953,127.97395324707031,0,0,0,0,0,0,0,0,0,0,1,1,1,1,1,1,1,0,0,0,0,0,0,0,0
2007-12-22 10:15:00+00:00,30,12,10,,122.10977935791016,0,0,0,0,0,0,0,0,0,0,0,0,0,0,0,0,0,0,0,0,0,0,0,0,0
2007-12-22 10:15:00+00:00,30,12,10,83.53266143798828,90.9599380493164,0,0,0,0,0,0,0,0,0,1,1,1,1,1,1,1,1,0,0,0,0,0,0,0,0
2007-12-22 10:15:00+00:00,30,12,10,177.95875549316406,83.16868591308594,0,0,0,0,0,0,0,0,0,0,0,0,1,1,1,1,1,0,0,0,0,0,0,0,0
2007-12-22 10:15:00+00:00,30,12,10,161.31321716308594,146.75466918945312,0,0,0,0,0,0,0,0,0,0,0,0,1,1,1,1,1,0,0,0,0,0,0,0,0
2007-12-22 10:15:00+00:00,30,12,10,184.5037841796875,331.3808898925781,0,0,0,0,0,0,0,0,0,0,0,0,0,1,1,1,1,0,0,0,0,0,0,0,0
2007-12-22 10:15:00+00:00,30,12,10,,575.3932495117188,0,0,0,0,0,0,0,0,0,0,0,0,0,0,0,0,0,0,0,0,0,0,0,0,0
2007-12-22 10:15:00+00:00,30,12,10,363.0455322265625,,0,0,0,0,0,0,0,0,0,0,0,0,0,0,0,0,0,0,0,0,0,0,0,0,0
2007-12-22 10:15:00+00:00,30,12,10,,355.4867858886719,0,0,0,0,0,0,0,0,0,0,0,0,0,0,0,0,0,0,0,0,0,0,0,0,0
2007-12-22 10:15:00+00:00,30,12,10,277.902587890625,,0,0,0,0,0,0,0,0,0,0,0,0,0,0,0,1,1,0,0,0,0,0,0,0,0
2007-12-22 10:15:00+00:00,30,12,10,,,0,0,0,0,0,0,0,0,0,0,0,0,0,0,0,0,0,0,0,0,0,0,0,0,0
2007-12-22 10:15:00+00:00,30,12,10,,,0,0,0,0,0,0,0,0,0,0,0,0,0,0,0,0,0,0,0,0,0,0,0,0,0
2007-12-22 10:30:00+00:00,30,12,10,169.14620971679688,147.5903778076172,0,0,0,0,0,0,0,0,0,0,0,0,1,1,1,1,1,0,0,0,0,0,0,0,0
2007-12-22 10:30:00+00:00,30,12,10,294.87493896484375,268.5993347167969,0,0,0,0,0,0,0,0,0,0,0,0,0,0,0,1,1,0,0,0,0,0,0,0,0
2007-12-22 10:30:00+00:00,30,12,10,273.35638427734375,246.0055694580078,0,0,0,0,0,0,0,0,0,0,0,0,0,0,0,1,1,0,0,0,0,0,0,0,0
2007-12-22 10:30:00+00:00,30,12,10,235.4937744140625,112.6478271484375,0,0,0,0,0,0,0,0,0,0,0,0,0,0,1,1,1,0,0,0,0,0,0,0,0
2007-12-22 10:30:00+00:00,30,12,10,170.06460571289062,71.84361267089844,0,0,0,0,0,0,0,0,0,0,0,0,1,1,1,1,1,0,0,0,0,0,0,0,0
2007-12-22 10:30:00+00:00,30,12,10,146.24966430664062,120.27607727050781,0,0,0,0,0,0,0,0,0,0,0,1,1,1,1,1,1,0,0,0,0,0,0,0,0
2007-12-22 10:30:00+00:00,30,12,10,121.05939483642578,88.46368408203125,0,0,0,0,0,0,0,0,0,0,0,1,1,1,1,1,1,0,0,0,0,0,0,0,0
2007-12-22 10:30:00+00:00,30,12,10,96.94481658935547,91.3417739868164,0,0,0,0,0,0,0,0,0,1,1,1,1,1,1,1,1,0,0,0,0,0,0,0,0
2007-12-22 10:30:00+00:00,30,12,10,,,0,0,0,0,0,0,0,0,0,0,0,0,0,0,0,0,0,0,0,0,0,0,0,0,0
2007-12-22 10:30:00+00:00,30,12,10,,100.8389663696289,0,0,0,0,0,0,0,0,0,0,0,0,0,0,0,0,0,0,0,0,0,0,0,0,0
2007-12-22 10:30:00+00:00,30,12,10,,275.8722229003906,0,0,0,0,0,0,0,0,0,0,0,0,0,0,0,0,0,0,0,0,0,0,0,0,0
2007-12-22 10:30:00+00:00,30,12,10,,282.8674621582031,0,0,0,0,0,0,0,0,0,0,0,0,0,0,0,0,0,0,0,0,0,0,0,0,0
2007-12-22 10:30:00+00:00,30,12,10,203.88009643554688,179.31663513183594,0,0,0,0,0,0,0,0,0,0,0,0,0,0,1,1,1,0,0,0,0,0,0,0,0
2007-12-22 10:30:00+00:00,30,12,10,,354.5458679199219,0,0,0,0,0,0,0,0,0,0,0,0,0,0,0,0,0,0,0,0,0,0,0,0,0
2007-12-22 10:30:00+00:00,30,12,10,,,0,0,0,0,0,0,0,0,0,0,0,0,0,0,0,0,0,0,0,0,0,0,0,0,0
2007-12-22 10:30:00+00:00,30,12,10,,,0,0,0,0,0,0,0,0,0,0,0,0,0,0,0,0,0,0,0,0,0,0,0,0,0
2007-12-22 10:30:00+00:00,30,12,10,90.11775970458984,47.63483428955078,0,0,0,0,0,0,0,0,0,1,1,1,1,1,1,1,1,0,0,0,0,0,0,1,1
2007-12-22 10:45:00+00:00,30,12,10,44.76748275756836,41.02615737915039,0,0,0,0,0,0,1,1,1,1,1,1,1,1,1,1,1,0,0,0,0,0,0,1,1
2007-12-22 10:45:00+00:00,30,12,10,244.23345947265625,246.23001098632812,0,0,0,0,0,0,0,0,0,0,0,0,0,0,1,1,1,0,0,0,0,0,0,0,0
2007-12-22 10:45:00+00:00,30,12,10,,414.5218200683594,0,0,0,0,0,0,0,0,0,0,0,0,0,0,0,0,0,0,0,0,0,0,0,0,0
2007-12-22 10:45:00+00:00,30,12,10,177.64382934570312,215.20114135742188,0,0,0,0,0,0,0,0,0,0,0,0,1,1,1,1,1,0,0,0,0,0,0,0,0
2007-12-22 10:45:00+00:00,30,12,10,154.4065704345703,201.21299743652344,0,0,0,0,0,0,0,0,0,0,0,0,1,1,1,1,1,0,0,0,0,0,0,0,0
2007-12-22 10:45:00+00:00,30,12,10,340.9670715332031,373.54351806640625,0,0,0,0,0,0,0,0,0,0,0,0,0,0,0,0,1,0,0,0,0,0,0,0,0
2007-12-22 10:45:00+00:00,30,12,10,141.9251708984375,109.19291687011719,0,0,0,0,0,0,0,0,0,0,0,1,1,1,1,1,1,0,0,0,0,0,0,0,0
2007-12-22 10:45:00+00:00,30,12,10,146.92877197265625,144.9493408203125,0,0,0,0,0,0,0,0,0,0,0,1,1,1,1,1,1,0,0,0,0,0,0,0,0
2007-12-22 10:45:00+00:00,30,12,10,401.36566162109375,369.9383850097656,0,0,0,0,0,0,0,0,0,0,0,0,0,0,0,0,0,0,0,0,0,0,0,0,0
2007-12-22 10:45:00+00:00,30,12,10,176.42385864257812,153.21482849121094,0,0,0,0,0,0,0,0,0,0,0,0,1,1,1,1,1,0,0,0,0,0,0,0,0
2007-12-22 10:45:00+00:00,30,12,10,,194.46214294433594,0,0,0,0,0,0,0,0,0,0,0,0,0,0,0,0,0,0,0,0,0,0,0,0,0
2007-12-22 10:45:00+00:00,30,12,10,,,0,0,0,0,0,0,0,0,0,0,0,0,0,0,0,0,0,0,0,0,0,0,0,0,0
2007-12-22 10:45:00+00:00,30,12,10,236.0731201171875,140.00430297851562,0,0,0,0,0,0,0,0,0,0,0,0,0,0,1,1,1,0,0,0,0,0,0,0,0
2007-12-22 10:45:00+00:00,30,12,10,,,0,0,0,0,0,0,0,0,0,0,0,0,0,0,0,0,0,0,0,0,0,0,0,0,0
2007-12-22 10:45:00+00:00,30,12,10,72.93517303466797,92.48146057128906,0,0,0,0,0,0,0,0,1,1,1,1,1,1,1,1,1,0,0,0,0,0,0,0,0
2007-12-22 10:45:00+00:00,30,12,10,,,0,0,0,0,0,0,0,0,0,0,0,0,0,0,0,0,0,0,0,0,0,0,0,0,0
2007-12-22 10:45:00+00:00,30,12,10,,,0,0,0,0,0,0,0,0,0,0,0,0,0,0,0,0,0,0,0,0,0,0,0,0,0
2007-12-22 11:00:00+00:00,30,12,11,29.646543502807617,37.752437591552734,0,0,0,0,1,1,1,1,1,1,1,1,1,1,1,1,1,0,0,0,0,0,1,1,1
2007-12-22 11:00:00+00:00,30,12,11,231.12220764160156,212.7362823486328,0,0,0,0,0,0,0,0,0,0,0,0,0,0,1,1,1,0,0,0,0,0,0,0,0
2007-12-22 11:00:00+00:00,30,12,11,128.998779296875,114.492431640625,0,0,0,0,0,0,0,0,0,0,0,1,1,1,1,1,1,0,0,0,0,0,0,0,0
2007-12-22 11:00:00+00:00,30,12,11,162.16259765625,141.0285186767578,0,0,0,0,0,0,0,0,0,0,0,0,1,1,1,1,1,0,0,0,0,0,0,0,0
2007-12-22 11:00:00+00:00,30,12,11,152.76956176757812,120.39982604980469,0,0,0,0,0,0,0,0,0,0,0,0,1,1,1,1,1,0,0,0,0,0,0,0,0
2007-12-22 11:00:00+00:00,30,12,11,344.3677673339844,307.80645751953125,0,0,0,0,0,0,0,0,0,0,0,0,0,0,0,0,1,0,0,0,0,0,0,0,0
2007-12-22 11:00:00+00:00,30,12,11,257.3427429199219,243.2867889404297,0,0,0,0,0,0,0,0,0,0,0,0,0,0,0,1,1,0,0,0,0,0,0,0,0
2007-12-22 11:00:00+00:00,30,12,11,209.07754516601562,195.05856323242188,0,0,0,0,0,0,0,0,0,0,0,0,0,0,1,1,1,0,0,0,0,0,0,0,0
2007-12-22 11:00:00+00:00,30,12,11,190.37535095214844,178.1984100341797,0,0,0,0,0,0,0,0,0,0,0,0,0,1,1,1,1,0,0,0,0,0,0,0,0
2007-12-22 11:00:00+00:00,30,12,11,207.1272430419922,136.8930206298828,0,0,0,0,0,0,0,0,0,0,0,0,0,0,1,1,1,0,0,0,0,0,0,0,0
2007-12-22 11:00:00+00:00,30,12,11,121.94348907470703,141.02577209472656,0,0,0,0,0,0,0,0,0,0,0,1,1,1,1,1,1,0,0,0,0,0,0,0,0
2007-12-22 11:00:00+00:00,30,12,11,150.75440979003906,120.48898315429688,0,0,0,0,0,0,0,0,0,0,0,0,1,1,1,1,1,0,0,0,0,0,0,0,0
2007-12-22 11:00:00+00:00,30,12,11,170.5950927734375,147.22738647460938,0,0,0,0,0,0,0,0,0,0,0,0,1,1,1,1,1,0,0,0,0,0,0,0,0
2007-12-22 11:15:00+00:00,30,12,11,,,0,0,0,0,0,0,0,0,0,0,0,0,0,0,0,0,0,0,0,0,0,0,0,0,0
2007-12-22 11:15:00+00:00,30,12,11,228.0343780517578,199.95846557617188,0,0,0,0,0,0,0,0,0,0,0,0,0,0,1,1,1,0,0,0,0,0,0,0,0
2007-12-22 11:15:00+00:00,30,12,11,148.7360382080078,145.3983917236328,0,0,0,0,0,0,0,0,0,0,0,1,1,1,1,1,1,0,0,0,0,0,0,0,0
2007-12-22 11:15:00+00:00,30,12,11,148.3392791748047,136.5235595703125,0,0,0,0,0,0,0,0,0,0,0,1,1,1,1,1,1,0,0,0,0,0,0,0,0
2007-12-22 11:15:00+00:00,30,12,11,183.37100219726562,172.73736572265625,0,0,0,0,0,0,0,0,0,0,0,0,0,1,1,1,1,0,0,0,0,0,0,0,0
2007-12-22 11:15:00+00:00,30,12,11,555.2667236328125,324.208251953125,0,0,0,0,0,0,0,0,0,0,0,0,0,0,0,0,0,0,0,0,0,0,0,0,0
2007-12-22 11:15:00+00:00,30,12,11,271.0849304199219,260.31488037109375,0,0,0,0,0,0,0,0,0,0,0,0,0,0,0,1,1,0,0,0,0,0,0,0,0
2007-12-22 11:15:00+00:00,30,12,11,188.13829040527344,148.6356964111328,0,0,0,0,0,0,0,0,0,0,0,0,0,1,1,1,1,0,0,0,0,0,0,0,0
2007-12-22 11:15:00+00:00,30,12,11,82.10077667236328,33.199928283691406,0,0,0,0,0,0,0,0,0,1,1,1,1,1,1,1,1,0,0,0,0,0,1,1,1
2007-12-22 11:15:00+00:00,30,12,11,,,0,0,0,0,0,0,0,0,0,0,0,0,0,0,0,0,0,0,0,0,0,0,0,0,0
2007-12-22 11:15:00+00:00,30,12,11,,424.3076171875,0,0,0,0,0,0,0,0,0,0,0,0,0,0,0,0,0,0,0,0,0,0,0,0,0
2007-12-22 11:15:00+00:00,30,12,11,321.34619140625,297.1443176269531,0,0,0,0,0,0,0,0,0,0,0,0,0,0,0,0,1,0,0,0,0,0,0,0,0
2007-12-22 11:15:00+00:00,30,12,11,,,0,0,0,0,0,0,0,0,0,0,0,0,0,0,0,0,0,0,0,0,0,0,0,0,0
2007-12-22 11:15:00+00:00,30,12,11,269.6962890625,220.3723602294922,0,0,0,0,0,0,0,0,0,0,0,0,0,0,0,1,1,0,0,0,0,0,0,0,0
2007-12-22 11:15:00+00:00,30,12,11,226.75511169433594,171.42149353027344,0,0,0,0,0,0,0,0,0,0,0,0,0,0,1,1,1,0,0,0,0,0,0,0,0
2007-12-22 11:30:00+00:00,30,12,11,267.7687683105469,254.83526611328125,0,0,0,0,0,0,0,0,0,0,0,0,0,0,0,1,1,0,0,0,0,0,0,0,0
2007-12-22 11:30:00+00:00,30,12,11,,,0,0,0,0,0,0,0,0,0,0,0,0,0,0,0,0,0,0,0,0,0,0,0,0,0
2007-12-22 11:30:00+00:00,30,12,11,188.05845642089844,177.04360961914062,0,0,0,0,0,0,0,0,0,0,0,0,0,1,1,1,1,0,0,0,0,0,0,0,0
2007-12-22 11:30:00+00:00,30,12,11,184.11915588378906,51.28342056274414,0,0,0,0,0,0,0,0,0,0,0,0,0,1,1,1,1,0,0,0,0,0,0,0,1
2007-12-22 11:30:00+00:00,30,12,11,287.97930908203125,288.1542053222656,0,0,0,0,0,0,0,0,0,0,0,0,0,0,0,1,1,0,0,0,0,0,0,0,0
2007-12-22 11:30:00+00:00,30,12,11,220.5860137939453,70.65389251708984,0,0,0,0,0,0,0,0,0,0,0,0,0,0,1,1,1,0,0,0,0,0,0,0,0
2007-12-22 11:30:00+00:00,30,12,11,,,0,0,0,0,0,0,0,0,0,0,0,0,0,0,0,0,0,0,0,0,0,0,0,0,0
2007-12-22 11:45:00+00:00,30,12,11,,,0,0,0,0,0,0,0,0,0,0,0,0,0,0,0,0,0,0,0,0,0,0,0,0,0
2007-12-22 11:45:00+00:00,30,12,11,183.64324951171875,21.696184158325195,0,0,0,0,0,0,0,0,0,0,0,0,0,1,1,1,1,0,0,0,1,1,1,1,1
2007-12-22 11:45:00+00:00,30,12,11,340.7539367675781,323.91058349609375,0,0,0,0,0,0,0,0,0,0,0,0,0,0,0,0,1,0,0,0,0,0,0,0,0
2007-12-22 11:45:00+00:00,30,12,11,277.1724853515625,260.71722412109375,0,0,0,0,0,0,0,0,0,0,0,0,0,0,0,1,1,0,0,0,0,0,0,0,0
2007-12-22 11:45:00+00:00,30,12,11,55.33234405517578,50.50840759277344,0,0,0,0,0,0,0,1,1,1,1,1,1,1,1,1,1,0,0,0,0,0,0,0,1
2007-12-22 11:45:00+00:00,30,12,11,312.7013854980469,241.7994384765625,0,0,0,0,0,0,0,0,0,0,0,0,0,0,0,0,1,0,0,0,0,0,0,0,0
2007-12-22 11:45:00+00:00,30,12,11,280.3297119140625,259.545166015625,0,0,0,0,0,0,0,0,0,0,0,0,0,0,0,1,1,0,0,0,0,0,0,0,0
2007-12-22 11:45:00+00:00,30,12,11,138.41845703125,130.93511962890625,0,0,0,0,0,0,0,0,0,0,0,1,1,1,1,1,1,0,0,0,0,0,0,0,0
2007-12-22 11:45:00+00:00,30,12,11,150.32447814941406,112.60928344726562,0,0,0,0,0,0,0,0,0,0,0,0,1,1,1,1,1,0,0,0,0,0,0,0,0
2007-12-22 11:45:00+00:00,30,12,11,99.65945434570312,110.52200317382812,0,0,0,0,0,0,0,0,0,1,1,1,1,1,1,1,1,0,0,0,0,0,0,0,0
2007-12-22 11:45:00+00:00,30,12,11,,,0,0,0,0,0,0,0,0,0,0,0,0,0,0,0,0,0,0,0,0,0,0,0,0,0
2007-12-22 11:45:00+00:00,30,12,11,397.81378173828125,,0,0,0,0,0,0,0,0,0,0,0,0,0,0,0,0,0,0,0,0,0,0,0,0,0
2007-12-22 11:45:00+00:00,30,12,11,425.0988464355469,,0,0,0,0,0,0,0,0,0,0,0,0,0,0,0,0,0,0,0,0,0,0,0,0,0
2007-12-22 11:45:00+00:00,30,12,11,225.7882537841797,120.40679168701172,0,0,0,0,0,0,0,0,0,0,0,0,0,0,1,1,1,0,0,0,0,0,0,0,0
2007-12-22 11:45:00+00:00,30,12,11,138.02801513671875,135.11785888671875,0,0,0,0,0,0,0,0,0,0,0,1,1,1,1,1,1,0,0,0,0,0,0,0,0
2007-12-22 11:45:00+00:00,30,12,11,,485.26385498046875,0,0,0,0,0,0,0,0,0,0,0,0,0,0,0,0,0,0,0,0,0,0,0,0,0
2007-12-22 11:45:00+00:00,30,12,11,,364.0188293457031,0,0,0,0,0,0,0,0,0,0,0,0,0,0,0,0,0,0,0,0,0,0,0,0,0
2007-12-22 12:00:00+00:00,30,12,12,,,0,0,0,0,0,0,0,0,0,0,0,0,0,0,0,0,0,0,0,0,0,0,0,0,0
2007-12-22 12:00:00+00:00,30,12,12,30.416210174560547,19.765220642089844,0,0,0,0,0,1,1,1,1,1,1,1,1,1,1,1,1,0,0,1,1,1,1,1,1
2007-12-22 12:00:00+00:00,30,12,12,170.24415588378906,52.74042510986328,0,0,0,0,0,0,0,0,0,0,0,0,1,1,1,1,1,0,0,0,0,0,0,0,1
2007-12-22 12:00:00+00:00,30,12,12,,71.36168670654297,0,0,0,0,0,0,0,0,0,0,0,0,0,0,0,0,0,0,0,0,0,0,0,0,0
2007-12-22 12:00:00+00:00,30,12,12,317.6873779296875,262.6391906738281,0,0,0,0,0,0,0,0,0,0,0,0,0,0,0,0,1,0,0,0,0,0,0,0,0
2007-12-22 12:00:00+00:00,30,12,12,307.0030517578125,318.31134033203125,0,0,0,0,0,0,0,0,0,0,0,0,0,0,0,0,1,0,0,0,0,0,0,0,0
2007-12-22 12:00:00+00:00,30,12,12,,388.0851135253906,0,0,0,0,0,0,0,0,0,0,0,0,0,0,0,0,0,0,0,0,0,0,0,0,0
2007-12-22 12:00:00+00:00,30,12,12,,258.021484375,0,0,0,0,0,0,0,0,0,0,0,0,0,0,0,0,0,0,0,0,0,0,0,0,0
2007-12-22 12:00:00+00:00,30,12,12,100.83039093017578,0.0,0,0,0,0,0,0,0,0,0,0,1,1,1,1,1,1,1,1,1,1,1,1,1,1,1
2007-12-22 12:00:00+00:00,30,12,12,143.33407592773438,171.0960235595703,0,0,0,0,0,0,0,0,0,0,0,1,1,1,1,1,1,0,0,0,0,0,0,0,0
2007-12-22 12:00:00+00:00,30,12,12,,111.27217102050781,0,0,0,0,0,0,0,0,0,0,0,0,0,0,0,0,0,0,0,0,0,0,0,0,0
2007-12-22 12:00:00+00:00,30,12,12,257.597900390625,156.4562225341797,0,0,0,0,0,0,0,0,0,0,0,0,0,0,0,1,1,0,0,0,0,0,0,0,0
2007-12-22 12:00:00+00:00,30,12,12,311.6320495605469,205.08058166503906,0,0,0,0,0,0,0,0,0,0,0,0,0,0,0,0,1,0,0,0,0,0,0,0,0
2007-12-22 12:00:00+00:00,30,12,12,168.58123779296875,263.1232604980469,0,0,0,0,0,0,0,0,0,0,0,0,1,1,1,1,1,0,0,0,0,0,0,0,0
2007-12-22 12:00:00+00:00,30,12,12,275.3737487792969,159.89019775390625,0,0,0,0,0,0,0,0,0,0,0,0,0,0,0,1,1,0,0,0,0,0,0,0,0
2007-12-22 12:00:00+00:00,30,12,12,,,0,0,0,0,0,0,0,0,0,0,0,0,0,0,0,0,0,0,0,0,0,0,0,0,0
2007-12-22 12:00:00+00:00,30,12,12,272.0478820800781,273.2434997558594,0,0,0,0,0,0,0,0,0,0,0,0,0,0,0,1,1,0,0,0,0,0,0,0,0
2007-12-22 12:15:00+00:00,30,12,12,,,0,0,0,0,0,0,0,0,0,0,0,0,0,0,0,0,0,0,0,0,0,0,0,0,0
2007-12-22 12:15:00+00:00,30,12,12,,,0,0,0,0,0,0,0,0,0,0,0,0,0,0,0,0,0,0,0,0,0,0,0,0,0
2007-12-22 12:15:00+00:00,30,12,12,133.10153198242188,130.17056274414062,0,0,0,0,0,0,0,0,0,0,0,1,1,1,1,1,1,0,0,0,0,0,0,0,0
2007-12-22 12:15:00+00:00,30,12,12,305.3412780761719,356.322265625,0,0,0,0,0,0,0,0,0,0,0,0,0,0,0,0,1,0,0,0,0,0,0,0,0
2007-12-22 12:15:00+00:00,30,12,12,70.55769348144531,85.14411926269531,0,0,0,0,0,0,0,0,1,1,1,1,1,1,1,1,1,0,0,0,0,0,0,0,0
2007-12-22 12:15:00+00:00,30,12,12,160.9430389404297,248.43496704101562,0,0,0,0,0,0,0,0,0,0,0,0,1,1,1,1,1,0,0,0,0,0,0,0,0
2007-12-22 12:15:00+00:00,30,12,12,,138.77627563476562,0,0,0,0,0,0,0,0,0,0,0,0,0,0,0,0,0,0,0,0,0,0,0,0,0
2007-12-22 12:15:00+00:00,30,12,12,283.39862060546875,277.5864562988281,0,0,0,0,0,0,0,0,0,0,0,0,0,0,0,1,1,0,0,0,0,0,0,0,0
2007-12-22 12:15:00+00:00,30,12,12,525.560302734375,123.2185287475586,0,0,0,0,0,0,0,0,0,0,0,0,0,0,0,0,0,0,0,0,0,0,0,0,0
2007-12-22 12:15:00+00:00,30,12,12,219.33514404296875,206.2250213623047,0,0,0,0,0,0,0,0,0,0,0,0,0,0,1,1,1,0,0,0,0,0,0,0,0
2007-12-22 12:15:00+00:00,30,12,12,203.14212036132812,196.4954376220703,0,0,0,0,0,0,0,0,0,0,0,0,0,0,1,1,1,0,0,0,0,0,0,0,0
2007-12-22 12:15:00+00:00,30,12,12,444.19683837890625,346.578125,0,0,0,0,0,0,0,0,0,0,0,0,0,0,0,0,0,0,0,0,0,0,0,0,0
2007-12-22 12:15:00+00:00,30,12,12,316.6914367675781,228.2628631591797,0,0,0,0,0,0,0,0,0,0,0,0,0,0,0,0,1,0,0,0,0,0,0,0,0
2007-12-22 12:30:00+00:00,30,12,12,,,0,0,0,0,0,0,0,0,0,0,0,0,0,0,0,0,0,0,0,0,0,0,0,0,0
2007-12-22 12:30:00+00:00,30,12,12,291.7891540527344,291.7891540527344,0,0,0,0,0,0,0,0,0,0,0,0,0,0,0,1,1,0,0,0,0,0,0,0,0
2007-12-22 12:30:00+00:00,30,12,12,72.00288391113281,45.26012420654297,0,0,0,0,0,0,0,0,1,1,1,1,1,1,1,1,1,0,0,0,0,0,0,1,1
2007-12-22 12:30:00+00:00,30,12,12,,,0,0,0,0,0,0,0,0,0,0,0,0,0,0,0,0,0,0,0,0,0,0,0,0,0
2007-12-22 12:30:00+00:00,30,12,12,,403.5786437988281,0,0,0,0,0,0,0,0,0,0,0,0,0,0,0,0,0,0,0,0,0,0,0,0,0
2007-12-22 12:30:00+00:00,30,12,12,79.0025863647461,74.05587768554688,0,0,0,0,0,0,0,0,1,1,1,1,1,1,1,1,1,0,0,0,0,0,0,0,0
2007-12-22 12:30:00+00:00,30,12,12,155.94712829589844,157.44761657714844,0,0,0,0,0,0,0,0,0,0,0,0,1,1,1,1,1,0,0,0,0,0,0,0,0
2007-12-22 12:30:00+00:00,30,12,12,,,0,0,0,0,0,0,0,0,0,0,0,0,0,0,0,0,0,0,0,0,0,0,0,0,0
2007-12-22 12:45:00+00:00,30,12,12,,,0,0,0,0,0,0,0,0,0,0,0,0,0,0,0,0,0,0,0,0,0,0,0,0,0
2007-12-22 12:45:00+00:00,30,12,12,,,0,0,0,0,0,0,0,0,0,0,0,0,0,0,0,0,0,0,0,0,0,0,0,0,0
2007-12-22 12:45:00+00:00,30,12,12,,,0,0,0,0,0,0,0,0,0,0,0,0,0,0,0,0,0,0,0,0,0,0,0,0,0
2007-12-22 12:45:00+00:00,30,12,12,,,0,0,0,0,0,0,0,0,0,0,0,0,0,0,0,0,0,0,0,0,0,0,0,0,0
2007-12-22 12:45:00+00:00,30,12,12,,,0,0,0,0,0,0,0,0,0,0,0,0,0,0,0,0,0,0,0,0,0,0,0,0,0
2007-12-22 12:45:00+00:00,30,12,12,,,0,0,0,0,0,0,0,0,0,0,0,0,0,0,0,0,0,0,0,0,0,0,0,0,0
2007-12-22 12:45:00+00:00,30,12,12,319.6128234863281,229.8343048095703,0,0,0,0,0,0,0,0,0,0,0,0,0,0,0,0,1,0,0,0,0,0,0,0,0
2007-12-22 12:45:00+00:00,30,12,12,115.19699096679688,119.07275390625,0,0,0,0,0,0,0,0,0,0,1,1,1,1,1,1,1,0,0,0,0,0,0,0,0
2007-12-22 12:45:00+00:00,30,12,12,132.698974609375,128.693115234375,0,0,0,0,0,0,0,0,0,0,0,1,1,1,1,1,1,0,0,0,0,0,0,0,0
2007-12-22 12:45:00+00:00,30,12,12,87.86123657226562,71.73351287841797,0,0,0,0,0,0,0,0,0,1,1,1,1,1,1,1,1,0,0,0,0,0,0,0,0
2007-12-22 12:45:00+00:00,30,12,12,343.4745178222656,231.8231201171875,0,0,0,0,0,0,0,0,0,0,0,0,0,0,0,0,1,0,0,0,0,0,0,0,0
2007-12-22 12:45:00+00:00,30,12,12,55.527015686035156,3.8144497871398926,0,0,0,0,0,0,0,1,1,1,1,1,1,1,1,1,1,1,1,1,1,1,1,1,1
2007-12-22 12:45:00+00:00,30,12,12,106.45223999023438,93.90399932861328,0,0,0,0,0,0,0,0,0,0,1,1,1,1,1,1,1,0,0,0,0,0,0,0,0
2007-12-22 12:45:00+00:00,30,12,12,174.24368286132812,158.14959716796875,0,0,0,0,0,0,0,0,0,0,0,0,1,1,1,1,1,0,0,0,0,0,0,0,0
2007-12-22 12:45:00+00:00,30,12,12,52.98183059692383,48.25673294067383,0,0,0,0,0,0,0,1,1,1,1,1,1,1,1,1,1,0,0,0,0,0,0,1,1
2007-12-22 12:45:00+00:00,30,12,12,226.48350524902344,173.7013702392578,0,0,0,0,0,0,0,0,0,0,0,0,0,0,1,1,1,0,0,0,0,0,0,0,0
2007-12-22 12:45:00+00:00,30,12,12,164.73672485351562,230.529052734375,0,0,0,0,0,0,0,0,0,0,0,0,1,1,1,1,1,0,0,0,0,0,0,0,0
2007-12-22 12:45:00+00:00,30,12,12,250.08950805664062,227.32444763183594,0,0,0,0,0,0,0,0,0,0,0,0,0,0,0,1,1,0,0,0,0,0,0,0,0
2007-12-22 12:45:00+00:00,30,12,12,240.68606567382812,13.138467788696289,0,0,0,0,0,0,0,0,0,0,0,0,0,0,1,1,1,0,1,1,1,1,1,1,1
2007-12-22 12:45:00+00:00,30,12,12,,394.8901672363281,0,0,0,0,0,0,0,0,0,0,0,0,0,0,0,0,0,0,0,0,0,0,0,0,0
2007-12-22 12:45:00+00:00,30,12,12,,,0,0,0,0,0,0,0,0,0,0,0,0,0,0,0,0,0,0,0,0,0,0,0,0,0
2007-12-22 12:45:00+00:00,30,12,12,,,0,0,0,0,0,0,0,0,0,0,0,0,0,0,0,0,0,0,0,0,0,0,0,0,0
2007-12-22 13:00:00+00:00,30,12,13,,,0,0,0,0,0,0,0,0,0,0,0,0,0,0,0,0,0,0,0,0,0,0,0,0,0
2007-12-22 13:00:00+00:00,30,12,13,,,0,0,0,0,0,0,0,0,0,0,0,0,0,0,0,0,0,0,0,0,0,0,0,0,0
2007-12-22 13:00:00+00:00,30,12,13,113.18862915039062,116.1022720336914,0,0,0,0,0,0,0,0,0,0,1,1,1,1,1,1,1,0,0,0,0,0,0,0,0
2007-12-22 13:00:00+00:00,30,12,13,107.17149353027344,232.39657592773438,0,0,0,0,0,0,0,0,0,0,1,1,1,1,1,1,1,0,0,0,0,0,0,0,0
2007-12-22 13:00:00+00:00,30,12,13,254.78858947753906,232.92550659179688,0,0,0,0,0,0,0,0,0,0,0,0,0,0,0,1,1,0,0,0,0,0,0,0,0
2007-12-22 13:00:00+00:00,30,12,13,328.15289306640625,250.60562133789062,0,0,0,0,0,0,0,0,0,0,0,0,0,0,0,0,1,0,0,0,0,0,0,0,0
2007-12-22 13:00:00+00:00,30,12,13,,,0,0,0,0,0,0,0,0,0,0,0,0,0,0,0,0,0,0,0,0,0,0,0,0,0
2007-12-22 13:00:00+00:00,30,12,13,,,0,0,0,0,0,0,0,0,0,0,0,0,0,0,0,0,0,0,0,0,0,0,0,0,0
2007-12-22 13:15:00+00:00,30,12,13,,,0,0,0,0,0,0,0,0,0,0,0,0,0,0,0,0,0,0,0,0,0,0,0,0,0
2007-12-22 13:15:00+00:00,30,12,13,,,0,0,0,0,0,0,0,0,0,0,0,0,0,0,0,0,0,0,0,0,0,0,0,0,0
2007-12-22 13:15:00+00:00,30,12,13,,,0,0,0,0,0,0,0,0,0,0,0,0,0,0,0,0,0,0,0,0,0,0,0,0,0
2007-12-22 13:15:00+00:00,30,12,13,,,0,0,0,0,0,0,0,0,0,0,0,0,0,0,0,0,0,0,0,0,0,0,0,0,0
2007-12-22 13:15:00+00:00,30,12,13,,,0,0,0,0,0,0,0,0,0,0,0,0,0,0,0,0,0,0,0,0,0,0,0,0,0
2007-12-22 13:15:00+00:00,30,12,13,299.39874267578125,295.7664489746094,0,0,0,0,0,0,0,0,0,0,0,0,0,0,0,1,1,0,0,0,0,0,0,0,0
2007-12-22 13:15:00+00:00,30,12,13,121.86946105957031,122.80331420898438,0,0,0,0,0,0,0,0,0,0,0,1,1,1,1,1,1,0,0,0,0,0,0,0,0
2007-12-22 13:15:00+00:00,30,12,13,124.57710266113281,138.17776489257812,0,0,0,0,0,0,0,0,0,0,0,1,1,1,1,1,1,0,0,0,0,0,0,0,0
2007-12-22 13:15:00+00:00,30,12,13,265.9249572753906,72.90191650390625,0,0,0,0,0,0,0,0,0,0,0,0,0,0,0,1,1,0,0,0,0,0,0,0,0
2007-12-22 13:15:00+00:00,30,12,13,156.7899627685547,79.53790283203125,0,0,0,0,0,0,0,0,0,0,0,0,1,1,1,1,1,0,0,0,0,0,0,0,0
2007-12-22 13:15:00+00:00,30,12,13,129.71429443359375,122.10883331298828,0,0,0,0,0,0,0,0,0,0,0,1,1,1,1,1,1,0,0,0,0,0,0,0,0
2007-12-22 13:15:00+00:00,30,12,13,260.969970703125,242.1854705810547,0,0,0,0,0,0,0,0,0,0,0,0,0,0,0,1,1,0,0,0,0,0,0,0,0
2007-12-22 13:15:00+00:00,30,12,13,131.4356231689453,198.61705017089844,0,0,0,0,0,0,0,0,0,0,0,1,1,1,1,1,1,0,0,0,0,0,0,0,0
2007-12-22 13:15:00+00:00,30,12,13,,,0,0,0,0,0,0,0,0,0,0,0,0,0,0,0,0,0,0,0,0,0,0,0,0,0
2007-12-22 13:30:00+00:00,30,12,13,469.0854187011719,311.6849365234375,0,0,0,0,0,0,0,0,0,0,0,0,0,0,0,0,0,0,0,0,0,0,0,0,0
2007-12-22 13:30:00+00:00,30,12,13,289.872802734375,302.6074523925781,0,0,0,0,0,0,0,0,0,0,0,0,0,0,0,1,1,0,0,0,0,0,0,0,0
2007-12-22 13:30:00+00:00,30,12,13,97.59387969970703,74.37638854980469,0,0,0,0,0,0,0,0,0,1,1,1,1,1,1,1,1,0,0,0,0,0,0,0,0
2007-12-22 13:30:00+00:00,30,12,13,156.5633544921875,156.3023223876953,0,0,0,0,0,0,0,0,0,0,0,0,1,1,1,1,1,0,0,0,0,0,0,0,0
2007-12-22 13:30:00+00:00,30,12,13,172.99903869628906,122.7082748413086,0,0,0,0,0,0,0,0,0,0,0,0,1,1,1,1,1,0,0,0,0,0,0,0,0
2007-12-22 13:30:00+00:00,30,12,13,,413.2992858886719,0,0,0,0,0,0,0,0,0,0,0,0,0,0,0,0,0,0,0,0,0,0,0,0,0
2007-12-22 13:45:00+00:00,30,12,13,,,0,0,0,0,0,0,0,0,0,0,0,0,0,0,0,0,0,0,0,0,0,0,0,0,0
2007-12-22 13:45:00+00:00,30,12,13,87.24958801269531,88.16600799560547,0,0,0,0,0,0,0,0,0,1,1,1,1,1,1,1,1,0,0,0,0,0,0,0,0
2007-12-22 13:45:00+00:00,30,12,13,443.1094055175781,,0,0,0,0,0,0,0,0,0,0,0,0,0,0,0,0,0,0,0,0,0,0,0,0,0
2007-12-22 13:45:00+00:00,30,12,13,305.2528381347656,211.09454345703125,0,0,0,0,0,0,0,0,0,0,0,0,0,0,0,0,1,0,0,0,0,0,0,0,0
2007-12-22 13:45:00+00:00,30,12,13,79.12065887451172,81.12368774414062,0,0,0,0,0,0,0,0,1,1,1,1,1,1,1,1,1,0,0,0,0,0,0,0,0
2007-12-22 13:45:00+00:00,30,12,13,485.3043518066406,576.7537841796875,0,0,0,0,0,0,0,0,0,0,0,0,0,0,0,0,0,0,0,0,0,0,0,0,0
2007-12-22 14:00:00+00:00,30,12,14,,,0,0,0,0,0,0,0,0,0,0,0,0,0,0,0,0,0,0,0,0,0,0,0,0,0
2007-12-22 14:00:00+00:00,30,12,14,275.8542175292969,268.2185363769531,0,0,0,0,0,0,0,0,0,0,0,0,0,0,0,1,1,0,0,0,0,0,0,0,0
2007-12-22 14:00:00+00:00,30,12,14,,,0,0,0,0,0,0,0,0,0,0,0,0,0,0,0,0,0,0,0,0,0,0,0,0,0
2007-12-22 14:00:00+00:00,30,12,14,224.78416442871094,218.70265197753906,0,0,0,0,0,0,0,0,0,0,0,0,0,0,1,1,1,0,0,0,0,0,0,0,0
2007-12-22 14:00:00+00:00,30,12,14,175.00506591796875,188.0307159423828,0,0,0,0,0,0,0,0,0,0,0,0,1,1,1,1,1,0,0,0,0,0,0,0,0
2007-12-22 14:00:00+00:00,30,12,14,302.7970886230469,170.6900634765625,0,0,0,0,0,0,0,0,0,0,0,0,0,0,0,0,1,0,0,0,0,0,0,0,0
2007-12-22 14:15:00+00:00,30,12,14,,,0,0,0,0,0,0,0,0,0,0,0,0,0,0,0,0,0,0,0,0,0,0,0,0,0
2007-12-22 14:15:00+00:00,30,12,14,60.96931076049805,60.9548225402832,0,0,0,0,0,0,0,0,1,1,1,1,1,1,1,1,1,0,0,0,0,0,0,0,0
2007-12-22 14:15:00+00:00,30,12,14,,,0,0,0,0,0,0,0,0,0,0,0,0,0,0,0,0,0,0,0,0,0,0,0,0,0
2007-12-22 14:15:00+00:00,30,12,14,94.64922332763672,97.94266510009766,0,0,0,0,0,0,0,0,0,1,1,1,1,1,1,1,1,0,0,0,0,0,0,0,0
2007-12-22 14:15:00+00:00,30,12,14,93.65400695800781,113.07377624511719,0,0,0,0,0,0,0,0,0,1,1,1,1,1,1,1,1,0,0,0,0,0,0,0,0
2007-12-22 14:15:00+00:00,30,12,14,116.00896453857422,115.7607421875,0,0,0,0,0,0,0,0,0,0,1,1,1,1,1,1,1,0,0,0,0,0,0,0,0
2007-12-22 14:15:00+00:00,30,12,14,216.88868713378906,278.291259765625,0,0,0,0,0,0,0,0,0,0,0,0,0,0,1,1,1,0,0,0,0,0,0,0,0
2007-12-22 14:15:00+00:00,30,12,14,130.06863403320312,127.39164733886719,0,0,0,0,0,0,0,0,0,0,0,1,1,1,1,1,1,0,0,0,0,0,0,0,0
2007-12-22 14:30:00+00:00,30,12,14,,,0,0,0,0,0,0,0,0,0,0,0,0,0,0,0,0,0,0,0,0,0,0,0,0,0
2007-12-22 14:30:00+00:00,30,12,14,,404.5594482421875,0,0,0,0,0,0,0,0,0,0,0,0,0,0,0,0,0,0,0,0,0,0,0,0,0
2007-12-22 14:30:00+00:00,30,12,14,,65.81566619873047,0,0,0,0,0,0,0,0,0,0,0,0,0,0,0,0,0,0,0,0,0,0,0,0,0
2007-12-22 14:30:00+00:00,30,12,14,140.894287109375,65.36964416503906,0,0,0,0,0,0,0,0,0,0,0,1,1,1,1,1,1,0,0,0,0,0,0,0,0
2007-12-22 14:30:00+00:00,30,12,14,334.5264892578125,167.59738159179688,0,0,0,0,0,0,0,0,0,0,0,0,0,0,0,0,1,0,0,0,0,0,0,0,0
2007-12-22 14:30:00+00:00,30,12,14,197.5267333984375,,0,0,0,0,0,0,0,0,0,0,0,0,0,1,1,1,1,0,0,0,0,0,0,0,0
2007-12-22 14:45:00+00:00,30,12,14,,,0,0,0,0,0,0,0,0,0,0,0,0,0,0,0,0,0,0,0,0,0,0,0,0,0
2007-12-22 14:45:00+00:00,30,12,14,,94.38651275634766,0,0,0,0,0,0,0,0,0,0,0,0,0,0,0,0,0,0,0,0,0,0,0,0,0
2007-12-22 14:45:00+00:00,30,12,14,220.88356018066406,205.38992309570312,0,0,0,0,0,0,0,0,0,0,0,0,0,0,1,1,1,0,0,0,0,0,0,0,0
2007-12-22 14:45:00+00:00,30,12,14,62.22002410888672,322.3697814941406,0,0,0,0,0,0,0,0,1,1,1,1,1,1,1,1,1,0,0,0,0,0,0,0,0
2007-12-22 14:45:00+00:00,30,12,14,142.9347381591797,154.55386352539062,0,0,0,0,0,0,0,0,0,0,0,1,1,1,1,1,1,0,0,0,0,0,0,0,0
2007-12-22 14:45:00+00:00,30,12,14,296.70953369140625,282.6769104003906,0,0,0,0,0,0,0,0,0,0,0,0,0,0,0,1,1,0,0,0,0,0,0,0,0
2007-12-22 14:45:00+00:00,30,12,14,171.3801727294922,164.80050659179688,0,0,0,0,0,0,0,0,0,0,0,0,1,1,1,1,1,0,0,0,0,0,0,0,0
2007-12-22 14:45:00+00:00,30,12,14,395.3363342285156,397.2175598144531,0,0,0,0,0,0,0,0,0,0,0,0,0,0,0,0,0,0,0,0,0,0,0,0,0
2007-12-22 14:45:00+00:00,30,12,14,302.2859802246094,281.66650390625,0,0,0,0,0,0,0,0,0,0,0,0,0,0,0,0,1,0,0,0,0,0,0,0,0
2007-12-22 15:00:00+00:00,30,12,15,,,0,0,0,0,0,0,0,0,0,0,0,0,0,0,0,0,0,0,0,0,0,0,0,0,0
2007-12-22 15:00:00+00:00,30,12,15,,,0,0,0,0,0,0,0,0,0,0,0,0,0,0,0,0,0,0,0,0,0,0,0,0,0
2007-12-22 15:00:00+00:00,30,12,15,,,0,0,0,0,0,0,0,0,0,0,0,0,0,0,0,0,0,0,0,0,0,0,0,0,0
2007-12-22 15:00:00+00:00,30,12,15,64.0261459350586,54.5510368347168,0,0,0,0,0,0,0,0,1,1,1,1,1,1,1,1,1,0,0,0,0,0,0,0,1
2007-12-22 15:00:00+00:00,30,12,15,389.4970397949219,418.341064453125,0,0,0,0,0,0,0,0,0,0,0,0,0,0,0,0,0,0,0,0,0,0,0,0,0
2007-12-22 15:00:00+00:00,30,12,15,168.87034606933594,87.30921173095703,0,0,0,0,0,0,0,0,0,0,0,0,1,1,1,1,1,0,0,0,0,0,0,0,0
2007-12-22 15:15:00+00:00,30,12,15,160.33285522460938,,0,0,0,0,0,0,0,0,0,0,0,0,1,1,1,1,1,0,0,0,0,0,0,0,0
2007-12-22 15:15:00+00:00,30,12,15,267.9425964355469,212.63755798339844,0,0,0,0,0,0,0,0,0,0,0,0,0,0,0,1,1,0,0,0,0,0,0,0,0
2007-12-22 15:30:00+00:00,30,12,15,254.7267303466797,204.20098876953125,0,0,0,0,0,0,0,0,0,0,0,0,0,0,0,1,1,0,0,0,0,0,0,0,0
2007-12-22 15:30:00+00:00,30,12,15,377.47589111328125,,0,0,0,0,0,0,0,0,0,0,0,0,0,0,0,0,0,0,0,0,0,0,0,0,0
2007-12-22 15:45:00+00:00,30,12,15,,,0,0,0,0,0,0,0,0,0,0,0,0,0,0,0,0,0,0,0,0,0,0,0,0,0
2007-12-22 15:45:00+00:00,30,12,15,,,0,0,0,0,0,0,0,0,0,0,0,0,0,0,0,0,0,0,0,0,0,0,0,0,0
2007-12-22 15:45:00+00:00,30,12,15,392.4086608886719,379.8833923339844,0,0,0,0,0,0,0,0,0,0,0,0,0,0,0,0,0,0,0,0,0,0,0,0,0
2007-12-22 15:45:00+00:00,30,12,15,112.37725067138672,177.7823486328125,0,0,0,0,0,0,0,0,0,0,1,1,1,1,1,1,1,0,0,0,0,0,0,0,0
2007-12-22 15:45:00+00:00,30,12,15,347.8690490722656,332.29254150390625,0,0,0,0,0,0,0,0,0,0,0,0,0,0,0,0,1,0,0,0,0,0,0,0,0
2007-12-22 15:45:00+00:00,30,12,15,230.1695098876953,138.837890625,0,0,0,0,0,0,0,0,0,0,0,0,0,0,1,1,1,0,0,0,0,0,0,0,0
2007-12-22 16:00:00+00:00,30,12,16,237.6213836669922,242.43399047851562,0,0,0,0,0,0,0,0,0,0,0,0,0,0,1,1,1,0,0,0,0,0,0,0,0
2007-12-22 16:00:00+00:00,30,12,16,373.99420166015625,395.230712890625,0,0,0,0,0,0,0,0,0,0,0,0,0,0,0,0,0,0,0,0,0,0,0,0,0
2007-12-22 16:00:00+00:00,30,12,16,101.61146545410156,61.31165313720703,0,0,0,0,0,0,0,0,0,0,1,1,1,1,1,1,1,0,0,0,0,0,0,0,0
2007-12-22 16:00:00+00:00,30,12,16,81.85063934326172,59.35070037841797,0,0,0,0,0,0,0,0,0,1,1,1,1,1,1,1,1,0,0,0,0,0,0,0,1
2007-12-22 16:00:00+00:00,30,12,16,165.6536102294922,55.16518020629883,0,0,0,0,0,0,0,0,0,0,0,0,1,1,1,1,1,0,0,0,0,0,0,0,1
2007-12-22 16:00:00+00:00,30,12,16,157.0586700439453,82.79510498046875,0,0,0,0,0,0,0,0,0,0,0,0,1,1,1,1,1,0,0,0,0,0,0,0,0
2007-12-22 16:15:00+00:00,30,12,16,,,0,0,0,0,0,0,0,0,0,0,0,0,0,0,0,0,0,0,0,0,0,0,0,0,0
2007-12-22 16:15:00+00:00,30,12,16,123.77681732177734,112.84370422363281,0,0,0,0,0,0,0,0,0,0,0,1,1,1,1,1,1,0,0,0,0,0,0,0,0
2007-12-22 16:15:00+00:00,30,12,16,185.76513671875,168.57223510742188,0,0,0,0,0,0,0,0,0,0,0,0,0,1,1,1,1,0,0,0,0,0,0,0,0
2007-12-22 16:15:00+00:00,30,12,16,133.5634307861328,132.2659149169922,0,0,0,0,0,0,0,0,0,0,0,1,1,1,1,1,1,0,0,0,0,0,0,0,0
2007-12-22 16:30:00+00:00,30,12,16,324.08367919921875,323.1126708984375,0,0,0,0,0,0,0,0,0,0,0,0,0,0,0,0,1,0,0,0,0,0,0,0,0
2007-12-22 16:30:00+00:00,30,12,16,,414.91107177734375,0,0,0,0,0,0,0,0,0,0,0,0,0,0,0,0,0,0,0,0,0,0,0,0,0
2007-12-22 16:30:00+00:00,30,12,16,87.22977447509766,124.18305969238281,0,0,0,0,0,0,0,0,0,1,1,1,1,1,1,1,1,0,0,0,0,0,0,0,0
2007-12-22 16:30:00+00:00,30,12,16,36.89004898071289,44.7208251953125,0,0,0,0,0,1,1,1,1,1,1,1,1,1,1,1,1,0,0,0,0,0,0,1,1
2007-12-22 16:45:00+00:00,30,12,16,152.38575744628906,141.8234100341797,0,0,0,0,0,0,0,0,0,0,0,0,1,1,1,1,1,0,0,0,0,0,0,0,0
2007-12-22 16:45:00+00:00,30,12,16,343.4826354980469,401.8594665527344,0,0,0,0,0,0,0,0,0,0,0,0,0,0,0,0,1,0,0,0,0,0,0,0,0
2007-12-22 16:45:00+00:00,30,12,16,164.1461639404297,152.09906005859375,0,0,0,0,0,0,0,0,0,0,0,0,1,1,1,1,1,0,0,0,0,0,0,0,0
2007-12-22 17:00:00+00:00,30,12,17,99.16827392578125,81.91899871826172,0,0,0,0,0,0,0,0,0,1,1,1,1,1,1,1,1,0,0,0,0,0,0,0,0
2007-12-22 17:00:00+00:00,30,12,17,,,0,0,0,0,0,0,0,0,0,0,0,0,0,0,0,0,0,0,0,0,0,0,0,0,0
2007-12-22 17:15:00+00:00,30,12,17,,,0,0,0,0,0,0,0,0,0,0,0,0,0,0,0,0,0,0,0,0,0,0,0,0,0
2007-12-22 17:15:00+00:00,30,12,17,192.298583984375,196.2157440185547,0,0,0,0,0,0,0,0,0,0,0,0,0,1,1,1,1,0,0,0,0,0,0,0,0
2007-12-22 17:15:00+00:00,30,12,17,125.08195495605469,130.1551971435547,0,0,0,0,0,0,0,0,0,0,0,1,1,1,1,1,1,0,0,0,0,0,0,0,0
2007-12-22 17:15:00+00:00,30,12,17,131.50103759765625,90.94699096679688,0,0,0,0,0,0,0,0,0,0,0,1,1,1,1,1,1,0,0,0,0,0,0,0,0
2007-12-22 17:30:00+00:00,30,12,17,293.70635986328125,284.5438232421875,0,0,0,0,0,0,0,0,0,0,0,0,0,0,0,1,1,0,0,0,0,0,0,0,0
2007-12-22 17:30:00+00:00,30,12,17,,,0,0,0,0,0,0,0,0,0,0,0,0,0,0,0,0,0,0,0,0,0,0,0,0,0
2007-12-23 10:00:00+00:00,30,12,10,,,0,0,0,0,0,0,0,0,0,0,0,0,0,0,0,0,0,0,0,0,0,0,0,0,0
2007-12-23 10:00:00+00:00,30,12,10,,,0,0,0,0,0,0,0,0,0,0,0,0,0,0,0,0,0,0,0,0,0,0,0,0,0
2007-12-23 10:00:00+00:00,30,12,10,,,0,0,0,0,0,0,0,0,0,0,0,0,0,0,0,0,0,0,0,0,0,0,0,0,0
2007-12-23 10:00:00+00:00,30,12,10,,,0,0,0,0,0,0,0,0,0,0,0,0,0,0,0,0,0,0,0,0,0,0,0,0,0
2007-12-23 10:00:00+00:00,30,12,10,90.3471908569336,92.70619201660156,0,0,0,0,0,0,0,0,0,1,1,1,1,1,1,1,1,0,0,0,0,0,0,0,0
2007-12-23 10:00:00+00:00,30,12,10,,,0,0,0,0,0,0,0,0,0,0,0,0,0,0,0,0,0,0,0,0,0,0,0,0,0
2007-12-23 10:00:00+00:00,30,12,10,79.24253845214844,85.89359283447266,0,0,0,0,0,0,0,0,1,1,1,1,1,1,1,1,1,0,0,0,0,0,0,0,0
2007-12-23 10:00:00+00:00,30,12,10,412.0661926269531,315.0256652832031,0,0,0,0,0,0,0,0,0,0,0,0,0,0,0,0,0,0,0,0,0,0,0,0,0
2007-12-23 10:00:00+00:00,30,12,10,,,0,0,0,0,0,0,0,0,0,0,0,0,0,0,0,0,0,0,0,0,0,0,0,0,0
2007-12-23 10:00:00+00:00,30,12,10,372.5994873046875,381.265380859375,0,0,0,0,0,0,0,0,0,0,0,0,0,0,0,0,0,0,0,0,0,0,0,0,0
2007-12-23 10:00:00+00:00,30,12,10,224.94662475585938,235.05039978027344,0,0,0,0,0,0,0,0,0,0,0,0,0,0,1,1,1,0,0,0,0,0,0,0,0
2007-12-23 10:00:00+00:00,30,12,10,251.7397918701172,266.05133056640625,0,0,0,0,0,0,0,0,0,0,0,0,0,0,0,1,1,0,0,0,0,0,0,0,0
2007-12-23 10:00:00+00:00,30,12,10,318.83953857421875,336.1170654296875,0,0,0,0,0,0,0,0,0,0,0,0,0,0,0,0,1,0,0,0,0,0,0,0,0
2007-12-23 10:00:00+00:00,30,12,10,68.97534942626953,86.38733673095703,0,0,0,0,0,0,0,0,1,1,1,1,1,1,1,1,1,0,0,0,0,0,0,0,0
2007-12-23 10:00:00+00:00,30,12,10,334.9069519042969,351.8637390136719,0,0,0,0,0,0,0,0,0,0,0,0,0,0,0,0,1,0,0,0,0,0,0,0,0
2007-12-23 10:00:00+00:00,30,12,10,247.0091552734375,277.5854797363281,0,0,0,0,0,0,0,0,0,0,0,0,0,0,1,1,1,0,0,0,0,0,0,0,0
2007-12-23 10:00:00+00:00,30,12,10,455.3358459472656,,0,0,0,0,0,0,0,0,0,0,0,0,0,0,0,0,0,0,0,0,0,0,0,0,0
2007-12-23 10:00:00+00:00,30,12,10,403.04937744140625,,0,0,0,0,0,0,0,0,0,0,0,0,0,0,0,0,0,0,0,0,0,0,0,0,0
2007-12-23 10:00:00+00:00,30,12,10,212.783203125,,0,0,0,0,0,0,0,0,0,0,0,0,0,0,1,1,1,0,0,0,0,0,0,0,0
2007-12-23 10:00:00+00:00,30,12,10,,,0,0,0,0,0,0,0,0,0,0,0,0,0,0,0,0,0,0,0,0,0,0,0,0,0
2007-12-23 10:00:00+00:00,30,12,10,,,0,0,0,0,0,0,0,0,0,0,0,0,0,0,0,0,0,0,0,0,0,0,0,0,0
2007-12-23 10:15:00+00:00,30,12,10,,,0,0,0,0,0,0,0,0,0,0,0,0,0,0,0,0,0,0,0,0,0,0,0,0,0
2007-12-23 10:15:00+00:00,30,12,10,,,0,0,0,0,0,0,0,0,0,0,0,0,0,0,0,0,0,0,0,0,0,0,0,0,0
2007-12-23 10:15:00+00:00,30,12,10,,,0,0,0,0,0,0,0,0,0,0,0,0,0,0,0,0,0,0,0,0,0,0,0,0,0
2007-12-23 10:15:00+00:00,30,12,10,221.8797607421875,82.98509979248047,0,0,0,0,0,0,0,0,0,0,0,0,0,0,1,1,1,0,0,0,0,0,0,0,0
2007-12-23 10:15:00+00:00,30,12,10,,359.9142761230469,0,0,0,0,0,0,0,0,0,0,0,0,0,0,0,0,0,0,0,0,0,0,0,0,0
2007-12-23 10:15:00+00:00,30,12,10,179.491455078125,124.6422119140625,0,0,0,0,0,0,0,0,0,0,0,0,1,1,1,1,1,0,0,0,0,0,0,0,0
2007-12-23 10:15:00+00:00,30,12,10,229.82362365722656,229.82362365722656,0,0,0,0,0,0,0,0,0,0,0,0,0,0,1,1,1,0,0,0,0,0,0,0,0
2007-12-23 10:15:00+00:00,30,12,10,160.80801391601562,155.780029296875,0,0,0,0,0,0,0,0,0,0,0,0,1,1,1,1,1,0,0,0,0,0,0,0,0
2007-12-23 10:15:00+00:00,30,12,10,,250.7086181640625,0,0,0,0,0,0,0,0,0,0,0,0,0,0,0,0,0,0,0,0,0,0,0,0,0
2007-12-23 10:15:00+00:00,30,12,10,214.504150390625,236.15692138671875,0,0,0,0,0,0,0,0,0,0,0,0,0,0,1,1,1,0,0,0,0,0,0,0,0
2007-12-23 10:15:00+00:00,30,12,10,352.8555908203125,315.9898681640625,0,0,0,0,0,0,0,0,0,0,0,0,0,0,0,0,0,0,0,0,0,0,0,0,0
2007-12-23 10:15:00+00:00,30,12,10,284.8138122558594,248.3970947265625,0,0,0,0,0,0,0,0,0,0,0,0,0,0,0,1,1,0,0,0,0,0,0,0,0
2007-12-23 10:15:00+00:00,30,12,10,150.29000854492188,389.4502868652344,0,0,0,0,0,0,0,0,0,0,0,0,1,1,1,1,1,0,0,0,0,0,0,0,0
2007-12-23 10:15:00+00:00,30,12,10,233.26734924316406,,0,0,0,0,0,0,0,0,0,0,0,0,0,0,1,1,1,0,0,0,0,0,0,0,0
2007-12-23 10:15:00+00:00,30,12,10,248.91213989257812,271.6916198730469,0,0,0,0,0,0,0,0,0,0,0,0,0,0,1,1,1,0,0,0,0,0,0,0,0
2007-12-23 10:15:00+00:00,30,12,10,,,0,0,0,0,0,0,0,0,0,0,0,0,0,0,0,0,0,0,0,0,0,0,0,0,0
2007-12-23 10:15:00+00:00,30,12,10,359.1945495605469,,0,0,0,0,0,0,0,0,0,0,0,0,0,0,0,0,0,0,0,0,0,0,0,0,0
2007-12-23 10:30:00+00:00,30,12,10,,,0,0,0,0,0,0,0,0,0,0,0,0,0,0,0,0,0,0,0,0,0,0,0,0,0
2007-12-23 10:30:00+00:00,30,12,10,,,0,0,0,0,0,0,0,0,0,0,0,0,0,0,0,0,0,0,0,0,0,0,0,0,0
2007-12-23 10:30:00+00:00,30,12,10,,,0,0,0,0,0,0,0,0,0,0,0,0,0,0,0,0,0,0,0,0,0,0,0,0,0
2007-12-23 10:30:00+00:00,30,12,10,,,0,0,0,0,0,0,0,0,0,0,0,0,0,0,0,0,0,0,0,0,0,0,0,0,0
2007-12-23 10:30:00+00:00,30,12,10,63.7658576965332,73.63343048095703,0,0,0,0,0,0,0,0,1,1,1,1,1,1,1,1,1,0,0,0,0,0,0,0,0
2007-12-23 10:30:00+00:00,30,12,10,78.8743896484375,226.19049072265625,0,0,0,0,0,0,0,0,1,1,1,1,1,1,1,1,1,0,0,0,0,0,0,0,0
2007-12-23 10:30:00+00:00,30,12,10,76.04436492919922,77.92292022705078,0,0,0,0,0,0,0,0,1,1,1,1,1,1,1,1,1,0,0,0,0,0,0,0,0
2007-12-23 10:30:00+00:00,30,12,10,388.5009460449219,93.27315521240234,0,0,0,0,0,0,0,0,0,0,0,0,0,0,0,0,0,0,0,0,0,0,0,0,0
2007-12-23 10:30:00+00:00,30,12,10,,,0,0,0,0,0,0,0,0,0,0,0,0,0,0,0,0,0,0,0,0,0,0,0,0,0
2007-12-23 10:30:00+00:00,30,12,10,,463.9241638183594,0,0,0,0,0,0,0,0,0,0,0,0,0,0,0,0,0,0,0,0,0,0,0,0,0
2007-12-23 10:30:00+00:00,30,12,10,91.5452651977539,89.73641204833984,0,0,0,0,0,0,0,0,0,1,1,1,1,1,1,1,1,0,0,0,0,0,0,0,0
2007-12-23 10:30:00+00:00,30,12,10,468.48162841796875,386.132080078125,0,0,0,0,0,0,0,0,0,0,0,0,0,0,0,0,0,0,0,0,0,0,0,0,0
2007-12-23 10:30:00+00:00,30,12,10,275.71722412109375,278.1463928222656,0,0,0,0,0,0,0,0,0,0,0,0,0,0,0,1,1,0,0,0,0,0,0,0,0
2007-12-23 10:30:00+00:00,30,12,10,33.930606842041016,5.605075836181641,0,0,0,0,0,1,1,1,1,1,1,1,1,1,1,1,1,1,1,1,1,1,1,1,1
2007-12-23 10:30:00+00:00,30,12,10,615.4006958007812,101.82343292236328,0,0,0,0,0,0,0,0,0,0,0,0,0,0,0,0,0,0,0,0,0,0,0,0,0
2007-12-23 10:30:00+00:00,30,12,10,333.97772216796875,305.1496887207031,0,0,0,0,0,0,0,0,0,0,0,0,0,0,0,0,1,0,0,0,0,0,0,0,0
2007-12-23 10:30:00+00:00,30,12,10,87.95813751220703,80.21795654296875,0,0,0,0,0,0,0,0,0,1,1,1,1,1,1,1,1,0,0,0,0,0,0,0,0
2007-12-23 10:30:00+00:00,30,12,10,67.36027526855469,67.30512237548828,0,0,0,0,0,0,0,0,1,1,1,1,1,1,1,1,1,0,0,0,0,0,0,0,0
2007-12-23 10:30:00+00:00,30,12,10,,244.59889221191406,0,0,0,0,0,0,0,0,0,0,0,0,0,0,0,0,0,0,0,0,0,0,0,0,0
2007-12-23 10:30:00+00:00,30,12,10,,441.8983154296875,0,0,0,0,0,0,0,0,0,0,0,0,0,0,0,0,0,0,0,0,0,0,0,0,0
2007-12-23 10:30:00+00:00,30,12,10,270.0043640136719,268.5509338378906,0,0,0,0,0,0,0,0,0,0,0,0,0,0,0,1,1,0,0,0,0,0,0,0,0
2007-12-23 10:30:00+00:00,30,12,10,371.9595947265625,361.44488525390625,0,0,0,0,0,0,0,0,0,0,0,0,0,0,0,0,0,0,0,0,0,0,0,0,0
2007-12-23 10:30:00+00:00,30,12,10,,,0,0,0,0,0,0,0,0,0,0,0,0,0,0,0,0,0,0,0,0,0,0,0,0,0
2007-12-23 10:30:00+00:00,30,12,10,,,0,0,0,0,0,0,0,0,0,0,0,0,0,0,0,0,0,0,0,0,0,0,0,0,0
2007-12-23 10:30:00+00:00,30,12,10,,,0,0,0,0,0,0,0,0,0,0,0,0,0,0,0,0,0,0,0,0,0,0,0,0,0
2007-12-23 10:45:00+00:00,30,12,10,,,0,0,0,0,0,0,0,0,0,0,0,0,0,0,0,0,0,0,0,0,0,0,0,0,0
2007-12-23 10:45:00+00:00,30,12,10,,,0,0,0,0,0,0,0,0,0,0,0,0,0,0,0,0,0,0,0,0,0,0,0,0,0
2007-12-23 10:45:00+00:00,30,12,10,,164.50485229492188,0,0,0,0,0,0,0,0,0,0,0,0,0,0,0,0,0,0,0,0,0,0,0,0,0
2007-12-23 10:45:00+00:00,30,12,10,135.8379364013672,135.32669067382812,0,0,0,0,0,0,0,0,0,0,0,1,1,1,1,1,1,0,0,0,0,0,0,0,0
2007-12-23 10:45:00+00:00,30,12,10,111.42496490478516,79.50436401367188,0,0,0,0,0,0,0,0,0,0,1,1,1,1,1,1,1,0,0,0,0,0,0,0,0
2007-12-23 10:45:00+00:00,30,12,10,329.8556823730469,321.270751953125,0,0,0,0,0,0,0,0,0,0,0,0,0,0,0,0,1,0,0,0,0,0,0,0,0
2007-12-23 10:45:00+00:00,30,12,10,229.98072814941406,239.45120239257812,0,0,0,0,0,0,0,0,0,0,0,0,0,0,1,1,1,0,0,0,0,0,0,0,0
2007-12-23 10:45:00+00:00,30,12,10,393.7522888183594,354.7909851074219,0,0,0,0,0,0,0,0,0,0,0,0,0,0,0,0,0,0,0,0,0,0,0,0,0
2007-12-23 10:45:00+00:00,30,12,10,232.29525756835938,213.7561492919922,0,0,0,0,0,0,0,0,0,0,0,0,0,0,1,1,1,0,0,0,0,0,0,0,0
2007-12-23 10:45:00+00:00,30,12,10,479.197265625,141.8793487548828,0,0,0,0,0,0,0,0,0,0,0,0,0,0,0,0,0,0,0,0,0,0,0,0,0
2007-12-23 10:45:00+00:00,30,12,10,,252.9295196533203,0,0,0,0,0,0,0,0,0,0,0,0,0,0,0,0,0,0,0,0,0,0,0,0,0
2007-12-23 10:45:00+00:00,30,12,10,,361.6919860839844,0,0,0,0,0,0,0,0,0,0,0,0,0,0,0,0,0,0,0,0,0,0,0,0,0
2007-12-23 11:00:00+00:00,30,12,11,,,0,0,0,0,0,0,0,0,0,0,0,0,0,0,0,0,0,0,0,0,0,0,0,0,0
2007-12-23 11:00:00+00:00,30,12,11,,,0,0,0,0,0,0,0,0,0,0,0,0,0,0,0,0,0,0,0,0,0,0,0,0,0
2007-12-23 11:00:00+00:00,30,12,11,,,0,0,0,0,0,0,0,0,0,0,0,0,0,0,0,0,0,0,0,0,0,0,0,0,0
2007-12-23 11:00:00+00:00,30,12,11,,,0,0,0,0,0,0,0,0,0,0,0,0,0,0,0,0,0,0,0,0,0,0,0,0,0
2007-12-23 11:00:00+00:00,30,12,11,99.1142349243164,79.8306655883789,0,0,0,0,0,0,0,0,0,1,1,1,1,1,1,1,1,0,0,0,0,0,0,0,0
2007-12-23 11:00:00+00:00,30,12,11,,264.35107421875,0,0,0,0,0,0,0,0,0,0,0,0,0,0,0,0,0,0,0,0,0,0,0,0,0
2007-12-23 11:00:00+00:00,30,12,11,253.45077514648438,21.605764389038086,0,0,0,0,0,0,0,0,0,0,0,0,0,0,0,1,1,0,0,0,1,1,1,1,1
2007-12-23 11:00:00+00:00,30,12,11,187.5181121826172,391.27496337890625,0,0,0,0,0,0,0,0,0,0,0,0,0,1,1,1,1,0,0,0,0,0,0,0,0
2007-12-23 11:00:00+00:00,30,12,11,133.42848205566406,115.40811920166016,0,0,0,0,0,0,0,0,0,0,0,1,1,1,1,1,1,0,0,0,0,0,0,0,0
2007-12-23 11:00:00+00:00,30,12,11,198.76138305664062,184.71600341796875,0,0,0,0,0,0,0,0,0,0,0,0,0,1,1,1,1,0,0,0,0,0,0,0,0
2007-12-23 11:00:00+00:00,30,12,11,346.714599609375,203.6630859375,0,0,0,0,0,0,0,0,0,0,0,0,0,0,0,0,1,0,0,0,0,0,0,0,0
2007-12-23 11:00:00+00:00,30,12,11,39.63321304321289,24.912626266479492,0,0,0,0,0,1,1,1,1,1,1,1,1,1,1,1,1,0,0,0,1,1,1,1,1
2007-12-23 11:00:00+00:00,30,12,11,127.52941131591797,131.90589904785156,0,0,0,0,0,0,0,0,0,0,0,1,1,1,1,1,1,0,0,0,0,0,0,0,0
2007-12-23 11:00:00+00:00,30,12,11,246.1316680908203,238.48648071289062,0,0,0,0,0,0,0,0,0,0,0,0,0,0,1,1,1,0,0,0,0,0,0,0,0
2007-12-23 11:00:00+00:00,30,12,11,170.77720642089844,163.58184814453125,0,0,0,0,0,0,0,0,0,0,0,0,1,1,1,1,1,0,0,0,0,0,0,0,0
2007-12-23 11:00:00+00:00,30,12,11,248.3229217529297,151.9750518798828,0,0,0,0,0,0,0,0,0,0,0,0,0,0,1,1,1,0,0,0,0,0,0,0,0
2007-12-23 11:00:00+00:00,30,12,11,,,0,0,0,0,0,0,0,0,0,0,0,0,0,0,0,0,0,0,0,0,0,0,0,0,0
2007-12-23 11:00:00+00:00,30,12,11,,,0,0,0,0,0,0,0,0,0,0,0,0,0,0,0,0,0,0,0,0,0,0,0,0,0
2007-12-23 11:00:00+00:00,30,12,11,435.6077575683594,299.4876403808594,0,0,0,0,0,0,0,0,0,0,0,0,0,0,0,0,0,0,0,0,0,0,0,0,0
2007-12-23 11:00:00+00:00,30,12,11,,511.5325622558594,0,0,0,0,0,0,0,0,0,0,0,0,0,0,0,0,0,0,0,0,0,0,0,0,0
2007-12-23 11:00:00+00:00,30,12,11,,162.63458251953125,0,0,0,0,0,0,0,0,0,0,0,0,0,0,0,0,0,0,0,0,0,0,0,0,0
2007-12-23 11:00:00+00:00,30,12,11,258.7790832519531,202.20188903808594,0,0,0,0,0,0,0,0,0,0,0,0,0,0,0,1,1,0,0,0,0,0,0,0,0
2007-12-23 11:00:00+00:00,30,12,11,,301.7590026855469,0,0,0,0,0,0,0,0,0,0,0,0,0,0,0,0,0,0,0,0,0,0,0,0,0
2007-12-23 11:00:00+00:00,30,12,11,,,0,0,0,0,0,0,0,0,0,0,0,0,0,0,0,0,0,0,0,0,0,0,0,0,0
2007-12-23 11:15:00+00:00,30,12,11,,,0,0,0,0,0,0,0,0,0,0,0,0,0,0,0,0,0,0,0,0,0,0,0,0,0
2007-12-23 11:15:00+00:00,30,12,11,,,0,0,0,0,0,0,0,0,0,0,0,0,0,0,0,0,0,0,0,0,0,0,0,0,0
2007-12-23 11:15:00+00:00,30,12,11,182.03733825683594,184.51797485351562,0,0,0,0,0,0,0,0,0,0,0,0,0,1,1,1,1,0,0,0,0,0,0,0,0
2007-12-23 11:15:00+00:00,30,12,11,305.4691162109375,294.2364501953125,0,0,0,0,0,0,0,0,0,0,0,0,0,0,0,0,1,0,0,0,0,0,0,0,0
2007-12-23 11:15:00+00:00,30,12,11,98.0121078491211,78.7701644897461,0,0,0,0,0,0,0,0,0,1,1,1,1,1,1,1,1,0,0,0,0,0,0,0,0
2007-12-23 11:15:00+00:00,30,12,11,93.24542999267578,93.76146697998047,0,0,0,0,0,0,0,0,0,1,1,1,1,1,1,1,1,0,0,0,0,0,0,0,0
2007-12-23 11:15:00+00:00,30,12,11,156.49655151367188,415.6416015625,0,0,0,0,0,0,0,0,0,0,0,0,1,1,1,1,1,0,0,0,0,0,0,0,0
2007-12-23 11:15:00+00:00,30,12,11,155.20042419433594,161.44061279296875,0,0,0,0,0,0,0,0,0,0,0,0,1,1,1,1,1,0,0,0,0,0,0,0,0
2007-12-23 11:15:00+00:00,30,12,11,90.02963256835938,97.07801818847656,0,0,0,0,0,0,0,0,0,1,1,1,1,1,1,1,1,0,0,0,0,0,0,0,0
2007-12-23 11:15:00+00:00,30,12,11,129.23361206054688,136.2281036376953,0,0,0,0,0,0,0,0,0,0,0,1,1,1,1,1,1,0,0,0,0,0,0,0,0
2007-12-23 11:15:00+00:00,30,12,11,311.0912170410156,300.52392578125,0,0,0,0,0,0,0,0,0,0,0,0,0,0,0,0,1,0,0,0,0,0,0,0,0
2007-12-23 11:30:00+00:00,30,12,11,,,0,0,0,0,0,0,0,0,0,0,0,0,0,0,0,0,0,0,0,0,0,0,0,0,0
2007-12-23 11:30:00+00:00,30,12,11,,,0,0,0,0,0,0,0,0,0,0,0,0,0,0,0,0,0,0,0,0,0,0,0,0,0
2007-12-23 11:30:00+00:00,30,12,11,292.201416015625,287.5672912597656,0,0,0,0,0,0,0,0,0,0,0,0,0,0,0,1,1,0,0,0,0,0,0,0,0
2007-12-23 11:30:00+00:00,30,12,11,333.2826232910156,308.8962707519531,0,0,0,0,0,0,0,0,0,0,0,0,0,0,0,0,1,0,0,0,0,0,0,0,0
2007-12-23 11:30:00+00:00,30,12,11,332.97369384765625,106.27444458007812,0,0,0,0,0,0,0,0,0,0,0,0,0,0,0,0,1,0,0,0,0,0,0,0,0
2007-12-23 11:30:00+00:00,30,12,11,308.2355651855469,179.56491088867188,0,0,0,0,0,0,0,0,0,0,0,0,0,0,0,0,1,0,0,0,0,0,0,0,0
2007-12-23 11:30:00+00:00,30,12,11,119.40463256835938,110.76348876953125,0,0,0,0,0,0,0,0,0,0,1,1,1,1,1,1,1,0,0,0,0,0,0,0,0
2007-12-23 11:30:00+00:00,30,12,11,215.83682250976562,155.87527465820312,0,0,0,0,0,0,0,0,0,0,0,0,0,0,1,1,1,0,0,0,0,0,0,0,0
2007-12-23 11:30:00+00:00,30,12,11,374.5556335449219,289.3890075683594,0,0,0,0,0,0,0,0,0,0,0,0,0,0,0,0,0,0,0,0,0,0,0,0,0
2007-12-23 11:30:00+00:00,30,12,11,128.4117431640625,140.75648498535156,0,0,0,0,0,0,0,0,0,0,0,1,1,1,1,1,1,0,0,0,0,0,0,0,0
2007-12-23 11:30:00+00:00,30,12,11,86.79132080078125,104.96566009521484,0,0,0,0,0,0,0,0,0,1,1,1,1,1,1,1,1,0,0,0,0,0,0,0,0
2007-12-23 11:30:00+00:00,30,12,11,101.91942596435547,0.0,0,0,0,0,0,0,0,0,0,0,1,1,1,1,1,1,1,1,1,1,1,1,1,1,1
2007-12-23 11:30:00+00:00,30,12,11,300.67962646484375,390.5474853515625,0,0,0,0,0,0,0,0,0,0,0,0,0,0,0,0,1,0,0,0,0,0,0,0,0
2007-12-23 11:30:00+00:00,30,12,11,392.3517150878906,447.04693603515625,0,0,0,0,0,0,0,0,0,0,0,0,0,0,0,0,0,0,0,0,0,0,0,0,0
2007-12-23 11:30:00+00:00,30,12,11,149.58966064453125,133.2041015625,0,0,0,0,0,0,0,0,0,0,0,1,1,1,1,1,1,0,0,0,0,0,0,0,0
2007-12-23 11:30:00+00:00,30,12,11,166.95361328125,134.09339904785156,0,0,0,0,0,0,0,0,0,0,0,0,1,1,1,1,1,0,0,0,0,0,0,0,0
2007-12-23 11:30:00+00:00,30,12,11,546.3031616210938,505.49267578125,0,0,0,0,0,0,0,0,0,0,0,0,0,0,0,0,0,0,0,0,0,0,0,0,0
2007-12-23 11:30:00+00:00,30,12,11,,,0,0,0,0,0,0,0,0,0,0,0,0,0,0,0,0,0,0,0,0,0,0,0,0,0
2007-12-23 11:30:00+00:00,30,12,11,471.1632995605469,424.4158020019531,0,0,0,0,0,0,0,0,0,0,0,0,0,0,0,0,0,0,0,0,0,0,0,0,0
2007-12-23 11:30:00+00:00,30,12,11,,,0,0,0,0,0,0,0,0,0,0,0,0,0,0,0,0,0,0,0,0,0,0,0,0,0
2007-12-23 11:45:00+00:00,30,12,11,,,0,0,0,0,0,0,0,0,0,0,0,0,0,0,0,0,0,0,0,0,0,0,0,0,0
2007-12-23 11:45:00+00:00,30,12,11,,,0,0,0,0,0,0,0,0,0,0,0,0,0,0,0,0,0,0,0,0,0,0,0,0,0
2007-12-23 11:45:00+00:00,30,12,11,,,0,0,0,0,0,0,0,0,0,0,0,0,0,0,0,0,0,0,0,0,0,0,0,0,0
2007-12-23 11:45:00+00:00,30,12,11,158.70816040039062,145.90330505371094,0,0,0,0,0,0,0,0,0,0,0,0,1,1,1,1,1,0,0,0,0,0,0,0,0
2007-12-23 11:45:00+00:00,30,12,11,189.91038513183594,182.82777404785156,0,0,0,0,0,0,0,0,0,0,0,0,0,1,1,1,1,0,0,0,0,0,0,0,0
2007-12-23 11:45:00+00:00,30,12,11,266.0978698730469,234.61752319335938,0,0,0,0,0,0,0,0,0,0,0,0,0,0,0,1,1,0,0,0,0,0,0,0,0
2007-12-23 11:45:00+00:00,30,12,11,183.489501953125,155.96005249023438,0,0,0,0,0,0,0,0,0,0,0,0,0,1,1,1,1,0,0,0,0,0,0,0,0
2007-12-23 11:45:00+00:00,30,12,11,105.44781494140625,105.27526092529297,0,0,0,0,0,0,0,0,0,0,1,1,1,1,1,1,1,0,0,0,0,0,0,0,0
2007-12-23 11:45:00+00:00,30,12,11,299.46307373046875,241.7436981201172,0,0,0,0,0,0,0,0,0,0,0,0,0,0,0,1,1,0,0,0,0,0,0,0,0
2007-12-23 11:45:00+00:00,30,12,11,94.45947265625,103.50590515136719,0,0,0,0,0,0,0,0,0,1,1,1,1,1,1,1,1,0,0,0,0,0,0,0,0
2007-12-23 11:45:00+00:00,30,12,11,134.35337829589844,124.7469253540039,0,0,0,0,0,0,0,0,0,0,0,1,1,1,1,1,1,0,0,0,0,0,0,0,0
2007-12-23 11:45:00+00:00,30,12,11,405.45770263671875,353.1997375488281,0,0,0,0,0,0,0,0,0,0,0,0,0,0,0,0,0,0,0,0,0,0,0,0,0
2007-12-23 11:45:00+00:00,30,12,11,184.03587341308594,166.23326110839844,0,0,0,0,0,0,0,0,0,0,0,0,0,1,1,1,1,0,0,0,0,0,0,0,0
2007-12-23 11:45:00+00:00,30,12,11,415.6748046875,323.8787536621094,0,0,0,0,0,0,0,0,0,0,0,0,0,0,0,0,0,0,0,0,0,0,0,0,0
2007-12-23 11:45:00+00:00,30,12,11,,,0,0,0,0,0,0,0,0,0,0,0,0,0,0,0,0,0,0,0,0,0,0,0,0,0
2007-12-23 11:45:00+00:00,30,12,11,510.87811279296875,555.4022216796875,0,0,0,0,0,0,0,0,0,0,0,0,0,0,0,0,0,0,0,0,0,0,0,0,0
2007-12-23 12:00:00+00:00,30,12,12,,,0,0,0,0,0,0,0,0,0,0,0,0,0,0,0,0,0,0,0,0,0,0,0,0,0
2007-12-23 12:00:00+00:00,30,12,12,,,0,0,0,0,0,0,0,0,0,0,0,0,0,0,0,0,0,0,0,0,0,0,0,0,0
2007-12-23 12:00:00+00:00,30,12,12,175.33572387695312,198.4224395751953,0,0,0,0,0,0,0,0,0,0,0,0,1,1,1,1,1,0,0,0,0,0,0,0,0
2007-12-23 12:00:00+00:00,30,12,12,274.971435546875,245.61776733398438,0,0,0,0,0,0,0,0,0,0,0,0,0,0,0,1,1,0,0,0,0,0,0,0,0
2007-12-23 12:00:00+00:00,30,12,12,187.37933349609375,109.49909973144531,0,0,0,0,0,0,0,0,0,0,0,0,0,1,1,1,1,0,0,0,0,0,0,0,0
2007-12-23 12:00:00+00:00,30,12,12,201.11502075195312,153.14639282226562,0,0,0,0,0,0,0,0,0,0,0,0,0,0,1,1,1,0,0,0,0,0,0,0,0
2007-12-23 12:00:00+00:00,30,12,12,383.321044921875,370.2357177734375,0,0,0,0,0,0,0,0,0,0,0,0,0,0,0,0,0,0,0,0,0,0,0,0,0
2007-12-23 12:00:00+00:00,30,12,12,353.0465087890625,339.96112060546875,0,0,0,0,0,0,0,0,0,0,0,0,0,0,0,0,0,0,0,0,0,0,0,0,0
2007-12-23 12:00:00+00:00,30,12,12,34.75248718261719,0.0,0,0,0,0,0,1,1,1,1,1,1,1,1,1,1,1,1,1,1,1,1,1,1,1,1
2007-12-23 12:00:00+00:00,30,12,12,294.1277770996094,315.4560852050781,0,0,0,0,0,0,0,0,0,0,0,0,0,0,0,1,1,0,0,0,0,0,0,0,0
2007-12-23 12:00:00+00:00,30,12,12,56.73122787475586,37.040069580078125,0,0,0,0,0,0,0,1,1,1,1,1,1,1,1,1,1,0,0,0,0,0,1,1,1
2007-12-23 12:00:00+00:00,30,12,12,296.6676330566406,293.4910583496094,0,0,0,0,0,0,0,0,0,0,0,0,0,0,0,1,1,0,0,0,0,0,0,0,0
2007-12-23 12:00:00+00:00,30,12,12,,,0,0,0,0,0,0,0,0,0,0,0,0,0,0,0,0,0,0,0,0,0,0,0,0,0
2007-12-23 12:15:00+00:00,30,12,12,,107.9423599243164,0,0,0,0,0,0,0,0,0,0,0,0,0,0,0,0,0,0,0,0,0,0,0,0,0
2007-12-23 12:15:00+00:00,30,12,12,,,0,0,0,0,0,0,0,0,0,0,0,0,0,0,0,0,0,0,0,0,0,0,0,0,0
2007-12-23 12:15:00+00:00,30,12,12,242.30813598632812,228.4401092529297,0,0,0,0,0,0,0,0,0,0,0,0,0,0,1,1,1,0,0,0,0,0,0,0,0
2007-12-23 12:15:00+00:00,30,12,12,125.36736297607422,129.0032501220703,0,0,0,0,0,0,0,0,0,0,0,1,1,1,1,1,1,0,0,0,0,0,0,0,0
2007-12-23 12:15:00+00:00,30,12,12,110.98974609375,129.43051147460938,0,0,0,0,0,0,0,0,0,0,1,1,1,1,1,1,1,0,0,0,0,0,0,0,0
2007-12-23 12:15:00+00:00,30,12,12,59.35076141357422,14.104488372802734,0,0,0,0,0,0,0,1,1,1,1,1,1,1,1,1,1,0,1,1,1,1,1,1,1
2007-12-23 12:15:00+00:00,30,12,12,59.16032028198242,46.816162109375,0,0,0,0,0,0,0,1,1,1,1,1,1,1,1,1,1,0,0,0,0,0,0,1,1
2007-12-23 12:15:00+00:00,30,12,12,435.49603271484375,29.099618911743164,0,0,0,0,0,0,0,0,0,0,0,0,0,0,0,0,0,0,0,0,0,1,1,1,1
2007-12-23 12:15:00+00:00,30,12,12,108.28656005859375,103.51116180419922,0,0,0,0,0,0,0,0,0,0,1,1,1,1,1,1,1,0,0,0,0,0,0,0,0
2007-12-23 12:15:00+00:00,30,12,12,100.05821990966797,96.6347885131836,0,0,0,0,0,0,0,0,0,0,1,1,1,1,1,1,1,0,0,0,0,0,0,0,0
2007-12-23 12:15:00+00:00,30,12,12,107.1651840209961,262.721923828125,0,0,0,0,0,0,0,0,0,0,1,1,1,1,1,1,1,0,0,0,0,0,0,0,0
2007-12-23 12:15:00+00:00,30,12,12,175.455810546875,131.45858764648438,0,0,0,0,0,0,0,0,0,0,0,0,1,1,1,1,1,0,0,0,0,0,0,0,0
2007-12-23 12:15:00+00:00,30,12,12,325.36590576171875,281.4378356933594,0,0,0,0,0,0,0,0,0,0,0,0,0,0,0,0,1,0,0,0,0,0,0,0,0
2007-12-23 12:15:00+00:00,30,12,12,515.5921020507812,507.2008972167969,0,0,0,0,0,0,0,0,0,0,0,0,0,0,0,0,0,0,0,0,0,0,0,0,0
2007-12-23 12:15:00+00:00,30,12,12,202.33526611328125,364.9256591796875,0,0,0,0,0,0,0,0,0,0,0,0,0,0,1,1,1,0,0,0,0,0,0,0,0
2007-12-23 12:15:00+00:00,30,12,12,520.2053833007812,513.6732788085938,0,0,0,0,0,0,0,0,0,0,0,0,0,0,0,0,0,0,0,0,0,0,0,0,0
2007-12-23 12:15:00+00:00,30,12,12,,,0,0,0,0,0,0,0,0,0,0,0,0,0,0,0,0,0,0,0,0,0,0,0,0,0
2007-12-23 12:30:00+00:00,30,12,12,182.40087890625,106.84040069580078,0,0,0,0,0,0,0,0,0,0,0,0,0,1,1,1,1,0,0,0,0,0,0,0,0
2007-12-23 12:30:00+00:00,30,12,12,313.9301452636719,306.2868347167969,0,0,0,0,0,0,0,0,0,0,0,0,0,0,0,0,1,0,0,0,0,0,0,0,0
2007-12-23 12:30:00+00:00,30,12,12,154.43572998046875,153.94537353515625,0,0,0,0,0,0,0,0,0,0,0,0,1,1,1,1,1,0,0,0,0,0,0,0,0
2007-12-23 12:30:00+00:00,30,12,12,235.19192504882812,307.8639831542969,0,0,0,0,0,0,0,0,0,0,0,0,0,0,1,1,1,0,0,0,0,0,0,0,0
2007-12-23 12:30:00+00:00,30,12,12,,,0,0,0,0,0,0,0,0,0,0,0,0,0,0,0,0,0,0,0,0,0,0,0,0,0
2007-12-23 12:30:00+00:00,30,12,12,175.59280395507812,192.4842987060547,0,0,0,0,0,0,0,0,0,0,0,0,1,1,1,1,1,0,0,0,0,0,0,0,0
2007-12-23 12:30:00+00:00,30,12,12,448.3843078613281,451.29876708984375,0,0,0,0,0,0,0,0,0,0,0,0,0,0,0,0,0,0,0,0,0,0,0,0,0
2007-12-23 12:45:00+00:00,30,12,12,,,0,0,0,0,0,0,0,0,0,0,0,0,0,0,0,0,0,0,0,0,0,0,0,0,0
2007-12-23 12:45:00+00:00,30,12,12,191.73622131347656,170.52159118652344,0,0,0,0,0,0,0,0,0,0,0,0,0,1,1,1,1,0,0,0,0,0,0,0,0
2007-12-23 12:45:00+00:00,30,12,12,250.1865234375,257.180419921875,0,0,0,0,0,0,0,0,0,0,0,0,0,0,0,1,1,0,0,0,0,0,0,0,0
2007-12-23 12:45:00+00:00,30,12,12,259.60791015625,275.3284912109375,0,0,0,0,0,0,0,0,0,0,0,0,0,0,0,1,1,0,0,0,0,0,0,0,0
2007-12-23 12:45:00+00:00,30,12,12,300.6421813964844,375.4022216796875,0,0,0,0,0,0,0,0,0,0,0,0,0,0,0,0,1,0,0,0,0,0,0,0,0
2007-12-23 12:45:00+00:00,30,12,12,,370.42132568359375,0,0,0,0,0,0,0,0,0,0,0,0,0,0,0,0,0,0,0,0,0,0,0,0,0
2007-12-23 12:45:00+00:00,30,12,12,369.4189147949219,382.7085266113281,0,0,0,0,0,0,0,0,0,0,0,0,0,0,0,0,0,0,0,0,0,0,0,0,0
2007-12-23 13:00:00+00:00,30,12,13,393.6958312988281,,0,0,0,0,0,0,0,0,0,0,0,0,0,0,0,0,0,0,0,0,0,0,0,0,0
2007-12-23 13:00:00+00:00,30,12,13,165.21791076660156,109.43209838867188,0,0,0,0,0,0,0,0,0,0,0,0,1,1,1,1,1,0,0,0,0,0,0,0,0
2007-12-23 13:00:00+00:00,30,12,13,220.8926544189453,266.7901611328125,0,0,0,0,0,0,0,0,0,0,0,0,0,0,1,1,1,0,0,0,0,0,0,0,0
2007-12-23 13:00:00+00:00,30,12,13,137.09378051757812,164.2862548828125,0,0,0,0,0,0,0,0,0,0,0,1,1,1,1,1,1,0,0,0,0,0,0,0,0
2007-12-23 13:00:00+00:00,30,12,13,197.1229705810547,89.27191925048828,0,0,0,0,0,0,0,0,0,0,0,0,0,1,1,1,1,0,0,0,0,0,0,0,0
2007-12-23 13:00:00+00:00,30,12,13,328.10235595703125,250.4279022216797,0,0,0,0,0,0,0,0,0,0,0,0,0,0,0,0,1,0,0,0,0,0,0,0,0
2007-12-23 13:00:00+00:00,30,12,13,281.8624572753906,214.5797119140625,0,0,0,0,0,0,0,0,0,0,0,0,0,0,0,1,1,0,0,0,0,0,0,0,0
2007-12-23 13:00:00+00:00,30,12,13,,,0,0,0,0,0,0,0,0,0,0,0,0,0,0,0,0,0,0,0,0,0,0,0,0,0
2007-12-23 13:00:00+00:00,30,12,13,268.9454650878906,273.7345275878906,0,0,0,0,0,0,0,0,0,0,0,0,0,0,0,1,1,0,0,0,0,0,0,0,0
2007-12-23 13:15:00+00:00,30,12,13,,,0,0,0,0,0,0,0,0,0,0,0,0,0,0,0,0,0,0,0,0,0,0,0,0,0
2007-12-23 13:15:00+00:00,30,12,13,247.09483337402344,240.2449493408203,0,0,0,0,0,0,0,0,0,0,0,0,0,0,1,1,1,0,0,0,0,0,0,0,0
2007-12-23 13:15:00+00:00,30,12,13,161.12940979003906,143.81910705566406,0,0,0,0,0,0,0,0,0,0,0,0,1,1,1,1,1,0,0,0,0,0,0,0,0
2007-12-23 13:15:00+00:00,30,12,13,148.177001953125,153.66180419921875,0,0,0,0,0,0,0,0,0,0,0,1,1,1,1,1,1,0,0,0,0,0,0,0,0
2007-12-23 13:15:00+00:00,30,12,13,98.06224060058594,142.93519592285156,0,0,0,0,0,0,0,0,0,1,1,1,1,1,1,1,1,0,0,0,0,0,0,0,0
2007-12-23 13:15:00+00:00,30,12,13,82.92430114746094,71.05154418945312,0,0,0,0,0,0,0,0,0,1,1,1,1,1,1,1,1,0,0,0,0,0,0,0,0
2007-12-23 13:15:00+00:00,30,12,13,139.95359802246094,134.10220336914062,0,0,0,0,0,0,0,0,0,0,0,1,1,1,1,1,1,0,0,0,0,0,0,0,0
2007-12-23 13:15:00+00:00,30,12,13,95.54837036132812,82.12139129638672,0,0,0,0,0,0,0,0,0,1,1,1,1,1,1,1,1,0,0,0,0,0,0,0,0
2007-12-23 13:15:00+00:00,30,12,13,,311.56878662109375,0,0,0,0,0,0,0,0,0,0,0,0,0,0,0,0,0,0,0,0,0,0,0,0,0
2007-12-23 13:15:00+00:00,30,12,13,,,0,0,0,0,0,0,0,0,0,0,0,0,0,0,0,0,0,0,0,0,0,0,0,0,0
2007-12-23 13:15:00+00:00,30,12,13,,,0,0,0,0,0,0,0,0,0,0,0,0,0,0,0,0,0,0,0,0,0,0,0,0,0
2007-12-23 13:30:00+00:00,30,12,13,206.70889282226562,181.7084503173828,0,0,0,0,0,0,0,0,0,0,0,0,0,0,1,1,1,0,0,0,0,0,0,0,0
2007-12-23 13:30:00+00:00,30,12,13,205.92442321777344,201.96157836914062,0,0,0,0,0,0,0,0,0,0,0,0,0,0,1,1,1,0,0,0,0,0,0,0,0
2007-12-23 13:30:00+00:00,30,12,13,148.0648651123047,135.55111694335938,0,0,0,0,0,0,0,0,0,0,0,1,1,1,1,1,1,0,0,0,0,0,0,0,0
2007-12-23 13:30:00+00:00,30,12,13,94.16240692138672,47.70134353637695,0,0,0,0,0,0,0,0,0,1,1,1,1,1,1,1,1,0,0,0,0,0,0,1,1
2007-12-23 13:30:00+00:00,30,12,13,80.59685516357422,38.03485870361328,0,0,0,0,0,0,0,0,0,1,1,1,1,1,1,1,1,0,0,0,0,0,1,1,1
2007-12-23 13:30:00+00:00,30,12,13,122.38178253173828,49.43025588989258,0,0,0,0,0,0,0,0,0,0,0,1,1,1,1,1,1,0,0,0,0,0,0,1,1
2007-12-23 13:30:00+00:00,30,12,13,163.52310180664062,121.95991516113281,0,0,0,0,0,0,0,0,0,0,0,0,1,1,1,1,1,0,0,0,0,0,0,0,0
2007-12-23 13:30:00+00:00,30,12,13,158.03811645507812,121.19872283935547,0,0,0,0,0,0,0,0,0,0,0,0,1,1,1,1,1,0,0,0,0,0,0,0,0
2007-12-23 13:30:00+00:00,30,12,13,347.1562805175781,448.3421630859375,0,0,0,0,0,0,0,0,0,0,0,0,0,0,0,0,1,0,0,0,0,0,0,0,0
2007-12-23 13:45:00+00:00,30,12,13,179.56973266601562,199.02420043945312,0,0,0,0,0,0,0,0,0,0,0,0,1,1,1,1,1,0,0,0,0,0,0,0,0
2007-12-23 13:45:00+00:00,30,12,13,178.37481689453125,485.3936462402344,0,0,0,0,0,0,0,0,0,0,0,0,1,1,1,1,1,0,0,0,0,0,0,0,0
2007-12-23 13:45:00+00:00,30,12,13,114.18415069580078,100.24076843261719,0,0,0,0,0,0,0,0,0,0,1,1,1,1,1,1,1,0,0,0,0,0,0,0,0
2007-12-23 13:45:00+00:00,30,12,13,271.2608947753906,265.8591003417969,0,0,0,0,0,0,0,0,0,0,0,0,0,0,0,1,1,0,0,0,0,0,0,0,0
2007-12-23 13:45:00+00:00,30,12,13,62.572322845458984,64.26898193359375,0,0,0,0,0,0,0,0,1,1,1,1,1,1,1,1,1,0,0,0,0,0,0,0,0
2007-12-23 13:45:00+00:00,30,12,13,80.7244873046875,85.3160629272461,0,0,0,0,0,0,0,0,0,1,1,1,1,1,1,1,1,0,0,0,0,0,0,0,0
2007-12-23 13:45:00+00:00,30,12,13,383.9103698730469,166.6134796142578,0,0,0,0,0,0,0,0,0,0,0,0,0,0,0,0,0,0,0,0,0,0,0,0,0
2007-12-23 14:00:00+00:00,30,12,14,119.2076644897461,136.13111877441406,0,0,0,0,0,0,0,0,0,0,1,1,1,1,1,1,1,0,0,0,0,0,0,0,0
2007-12-23 14:00:00+00:00,30,12,14,79.25119018554688,159.162353515625,0,0,0,0,0,0,0,0,1,1,1,1,1,1,1,1,1,0,0,0,0,0,0,0,0
2007-12-23 14:00:00+00:00,30,12,14,101.95059967041016,28.788488388061523,0,0,0,0,0,0,0,0,0,0,1,1,1,1,1,1,1,0,0,0,0,1,1,1,1
2007-12-23 14:00:00+00:00,30,12,14,80.31298065185547,89.7757568359375,0,0,0,0,0,0,0,0,0,1,1,1,1,1,1,1,1,0,0,0,0,0,0,0,0
2007-12-23 14:00:00+00:00,30,12,14,250.15512084960938,425.8766174316406,0,0,0,0,0,0,0,0,0,0,0,0,0,0,0,1,1,0,0,0,0,0,0,0,0
2007-12-23 14:15:00+00:00,30,12,14,176.37246704101562,152.6815185546875,0,0,0,0,0,0,0,0,0,0,0,0,1,1,1,1,1,0,0,0,0,0,0,0,0
2007-12-23 14:15:00+00:00,30,12,14,288.9132995605469,124.24800872802734,0,0,0,0,0,0,0,0,0,0,0,0,0,0,0,1,1,0,0,0,0,0,0,0,0
2007-12-23 14:15:00+00:00,30,12,14,247.4085235595703,165.9263916015625,0,0,0,0,0,0,0,0,0,0,0,0,0,0,1,1,1,0,0,0,0,0,0,0,0
2007-12-23 14:15:00+00:00,30,12,14,194.2939453125,253.1205291748047,0,0,0,0,0,0,0,0,0,0,0,0,0,1,1,1,1,0,0,0,0,0,0,0,0
2007-12-23 14:15:00+00:00,30,12,14,176.18511962890625,242.20486450195312,0,0,0,0,0,0,0,0,0,0,0,0,1,1,1,1,1,0,0,0,0,0,0,0,0
2007-12-23 14:30:00+00:00,30,12,14,261.0011291503906,323.6301574707031,0,0,0,0,0,0,0,0,0,0,0,0,0,0,0,1,1,0,0,0,0,0,0,0,0
2007-12-23 14:30:00+00:00,30,12,14,186.1811981201172,150.8580780029297,0,0,0,0,0,0,0,0,0,0,0,0,0,1,1,1,1,0,0,0,0,0,0,0,0
2007-12-23 14:30:00+00:00,30,12,14,111.19171142578125,235.96714782714844,0,0,0,0,0,0,0,0,0,0,1,1,1,1,1,1,1,0,0,0,0,0,0,0,0
2007-12-23 14:30:00+00:00,30,12,14,243.76657104492188,266.13775634765625,0,0,0,0,0,0,0,0,0,0,0,0,0,0,1,1,1,0,0,0,0,0,0,0,0
2007-12-23 14:30:00+00:00,30,12,14,120.32467651367188,123.1014633178711,0,0,0,0,0,0,0,0,0,0,0,1,1,1,1,1,1,0,0,0,0,0,0,0,0
2007-12-23 14:30:00+00:00,30,12,14,94.28693389892578,87.85017395019531,0,0,0,0,0,0,0,0,0,1,1,1,1,1,1,1,1,0,0,0,0,0,0,0,0
2007-12-23 14:30:00+00:00,30,12,14,106.99173736572266,107.47090148925781,0,0,0,0,0,0,0,0,0,0,1,1,1,1,1,1,1,0,0,0,0,0,0,0,0
2007-12-23 14:30:00+00:00,30,12,14,230.23748779296875,211.0252227783203,0,0,0,0,0,0,0,0,0,0,0,0,0,0,1,1,1,0,0,0,0,0,0,0,0
2007-12-23 14:30:00+00:00,30,12,14,376.7227783203125,271.53497314453125,0,0,0,0,0,0,0,0,0,0,0,0,0,0,0,0,0,0,0,0,0,0,0,0,0
2007-12-23 14:30:00+00:00,30,12,14,486.99114990234375,273.403564453125,0,0,0,0,0,0,0,0,0,0,0,0,0,0,0,0,0,0,0,0,0,0,0,0,0
2007-12-23 14:45:00+00:00,30,12,14,,,0,0,0,0,0,0,0,0,0,0,0,0,0,0,0,0,0,0,0,0,0,0,0,0,0
2007-12-23 14:45:00+00:00,30,12,14,181.38389587402344,297.6537780761719,0,0,0,0,0,0,0,0,0,0,0,0,0,1,1,1,1,0,0,0,0,0,0,0,0
2007-12-23 14:45:00+00:00,30,12,14,145.7036895751953,131.2046356201172,0,0,0,0,0,0,0,0,0,0,0,1,1,1,1,1,1,0,0,0,0,0,0,0,0
2007-12-23 14:45:00+00:00,30,12,14,237.0619659423828,114.38923645019531,0,0,0,0,0,0,0,0,0,0,0,0,0,0,1,1,1,0,0,0,0,0,0,0,0
2007-12-23 14:45:00+00:00,30,12,14,95.76638793945312,109.11668395996094,0,0,0,0,0,0,0,0,0,1,1,1,1,1,1,1,1,0,0,0,0,0,0,0,0
2007-12-23 14:45:00+00:00,30,12,14,196.28541564941406,196.1556396484375,0,0,0,0,0,0,0,0,0,0,0,0,0,1,1,1,1,0,0,0,0,0,0,0,0
2007-12-23 14:45:00+00:00,30,12,14,172.2502899169922,145.4314727783203,0,0,0,0,0,0,0,0,0,0,0,0,1,1,1,1,1,0,0,0,0,0,0,0,0
2007-12-23 14:45:00+00:00,30,12,14,307.8581848144531,91.58190155029297,0,0,0,0,0,0,0,0,0,0,0,0,0,0,0,0,1,0,0,0,0,0,0,0,0
2007-12-23 14:45:00+00:00,30,12,14,279.6533203125,85.1128158569336,0,0,0,0,0,0,0,0,0,0,0,0,0,0,0,1,1,0,0,0,0,0,0,0,0
2007-12-23 14:45:00+00:00,30,12,14,507.8829040527344,514.9983520507812,0,0,0,0,0,0,0,0,0,0,0,0,0,0,0,0,0,0,0,0,0,0,0,0,0
2007-12-23 15:00:00+00:00,30,12,15,,,0,0,0,0,0,0,0,0,0,0,0,0,0,0,0,0,0,0,0,0,0,0,0,0,0
2007-12-23 15:00:00+00:00,30,12,15,74.39846801757812,6.602494716644287,0,0,0,0,0,0,0,0,1,1,1,1,1,1,1,1,1,1,1,1,1,1,1,1,1
2007-12-23 15:00:00+00:00,30,12,15,281.17864990234375,267.2968444824219,0,0,0,0,0,0,0,0,0,0,0,0,0,0,0,1,1,0,0,0,0,0,0,0,0
2007-12-23 15:00:00+00:00,30,12,15,220.40087890625,209.0541229248047,0,0,0,0,0,0,0,0,0,0,0,0,0,0,1,1,1,0,0,0,0,0,0,0,0
2007-12-23 15:00:00+00:00,30,12,15,280.6468200683594,498.7070007324219,0,0,0,0,0,0,0,0,0,0,0,0,0,0,0,1,1,0,0,0,0,0,0,0,0
2007-12-23 15:00:00+00:00,30,12,15,148.8667449951172,311.47760009765625,0,0,0,0,0,0,0,0,0,0,0,1,1,1,1,1,1,0,0,0,0,0,0,0,0
2007-12-23 15:00:00+00:00,30,12,15,,,0,0,0,0,0,0,0,0,0,0,0,0,0,0,0,0,0,0,0,0,0,0,0,0,0
2007-12-23 15:15:00+00:00,30,12,15,217.01295471191406,207.80743408203125,0,0,0,0,0,0,0,0,0,0,0,0,0,0,1,1,1,0,0,0,0,0,0,0,0
2007-12-23 15:15:00+00:00,30,12,15,65.89102935791016,62.220035552978516,0,0,0,0,0,0,0,0,1,1,1,1,1,1,1,1,1,0,0,0,0,0,0,0,0
2007-12-23 15:15:00+00:00,30,12,15,,,0,0,0,0,0,0,0,0,0,0,0,0,0,0,0,0,0,0,0,0,0,0,0,0,0
2007-12-23 15:30:00+00:00,30,12,15,65.15990447998047,40.135581970214844,0,0,0,0,0,0,0,0,1,1,1,1,1,1,1,1,1,0,0,0,0,0,0,1,1
2007-12-23 15:45:00+00:00,30,12,15,,,0,0,0,0,0,0,0,0,0,0,0,0,0,0,0,0,0,0,0,0,0,0,0,0,0
2007-12-23 15:45:00+00:00,30,12,15,,362.4183349609375,0,0,0,0,0,0,0,0,0,0,0,0,0,0,0,0,0,0,0,0,0,0,0,0,0
2007-12-23 15:45:00+00:00,30,12,15,83.0737533569336,85.95944213867188,0,0,0,0,0,0,0,0,0,1,1,1,1,1,1,1,1,0,0,0,0,0,0,0,0
2007-12-23 15:45:00+00:00,30,12,15,241.88197326660156,246.39761352539062,0,0,0,0,0,0,0,0,0,0,0,0,0,0,1,1,1,0,0,0,0,0,0,0,0
2007-12-23 15:45:00+00:00,30,12,15,295.2953796386719,295.2251281738281,0,0,0,0,0,0,0,0,0,0,0,0,0,0,0,1,1,0,0,0,0,0,0,0,0
2007-12-23 15:45:00+00:00,30,12,15,112.72642517089844,164.810302734375,0,0,0,0,0,0,0,0,0,0,1,1,1,1,1,1,1,0,0,0,0,0,0,0,0
2007-12-23 16:00:00+00:00,30,12,16,,,0,0,0,0,0,0,0,0,0,0,0,0,0,0,0,0,0,0,0,0,0,0,0,0,0
2007-12-23 16:00:00+00:00,30,12,16,379.4845275878906,259.11505126953125,0,0,0,0,0,0,0,0,0,0,0,0,0,0,0,0,0,0,0,0,0,0,0,0,0
2007-12-23 16:00:00+00:00,30,12,16,165.67991638183594,183.50233459472656,0,0,0,0,0,0,0,0,0,0,0,0,1,1,1,1,1,0,0,0,0,0,0,0,0
2007-12-23 16:00:00+00:00,30,12,16,190.84951782226562,168.3184356689453,0,0,0,0,0,0,0,0,0,0,0,0,0,1,1,1,1,0,0,0,0,0,0,0,0
2007-12-23 16:00:00+00:00,30,12,16,136.62168884277344,116.9636459350586,0,0,0,0,0,0,0,0,0,0,0,1,1,1,1,1,1,0,0,0,0,0,0,0,0
2007-12-23 16:00:00+00:00,30,12,16,84.16735076904297,102.97865295410156,0,0,0,0,0,0,0,0,0,1,1,1,1,1,1,1,1,0,0,0,0,0,0,0,0
2007-12-23 16:00:00+00:00,30,12,16,,,0,0,0,0,0,0,0,0,0,0,0,0,0,0,0,0,0,0,0,0,0,0,0,0,0
2007-12-23 16:15:00+00:00,30,12,16,482.6141357421875,271.5395202636719,0,0,0,0,0,0,0,0,0,0,0,0,0,0,0,0,0,0,0,0,0,0,0,0,0
2007-12-23 16:30:00+00:00,30,12,16,148.1442108154297,485.7963562011719,0,0,0,0,0,0,0,0,0,0,0,1,1,1,1,1,1,0,0,0,0,0,0,0,0
2007-12-23 16:30:00+00:00,30,12,16,182.3170928955078,173.49330139160156,0,0,0,0,0,0,0,0,0,0,0,0,0,1,1,1,1,0,0,0,0,0,0,0,0
2007-12-23 16:45:00+00:00,30,12,16,295.3779602050781,179.8251953125,0,0,0,0,0,0,0,0,0,0,0,0,0,0,0,1,1,0,0,0,0,0,0,0,0
2007-12-23 17:00:00+00:00,30,12,17,397.0277099609375,372.4627990722656,0,0,0,0,0,0,0,0,0,0,0,0,0,0,0,0,0,0,0,0,0,0,0,0,0
2007-12-23 17:00:00+00:00,30,12,17,205.04673767089844,72.15727233886719,0,0,0,0,0,0,0,0,0,0,0,0,0,0,1,1,1,0,0,0,0,0,0,0,0
2007-12-23 17:00:00+00:00,30,12,17,518.605224609375,515.2162475585938,0,0,0,0,0,0,0,0,0,0,0,0,0,0,0,0,0,0,0,0,0,0,0,0,0
2007-12-23 17:30:00+00:00,30,12,17,,451.2869567871094,0,0,0,0,0,0,0,0,0,0,0,0,0,0,0,0,0,0,0,0,0,0,0,0,0
2007-12-23 17:30:00+00:00,30,12,17,191.79966735839844,158.66342163085938,0,0,0,0,0,0,0,0,0,0,0,0,0,1,1,1,1,0,0,0,0,0,0,0,0
2007-12-23 17:30:00+00:00,30,12,17,,,0,0,0,0,0,0,0,0,0,0,0,0,0,0,0,0,0,0,0,0,0,0,0,0,0
2007-12-23 17:30:00+00:00,30,12,17,,,0,0,0,0,0,0,0,0,0,0,0,0,0,0,0,0,0,0,0,0,0,0,0,0,0
2007-12-23 17:45:00+00:00,30,12,17,,,0,0,0,0,0,0,0,0,0,0,0,0,0,0,0,0,0,0,0,0,0,0,0,0,0
2007-12-24 10:00:00+00:00,30,12,10,119.13450622558594,96.96945190429688,0,0,0,0,0,0,0,0,0,0,1,1,1,1,1,1,1,0,0,0,0,0,0,0,0
2007-12-24 10:00:00+00:00,30,12,10,51.84507369995117,67.9639892578125,0,0,0,0,0,0,0,1,1,1,1,1,1,1,1,1,1,0,0,0,0,0,0,0,0
2007-12-24 10:00:00+00:00,30,12,10,,,0,0,0,0,0,0,0,0,0,0,0,0,0,0,0,0,0,0,0,0,0,0,0,0,0
2007-12-24 10:00:00+00:00,30,12,10,,267.28948974609375,0,0,0,0,0,0,0,0,0,0,0,0,0,0,0,0,0,0,0,0,0,0,0,0,0
2007-12-24 10:00:00+00:00,30,12,10,235.3470458984375,209.48460388183594,0,0,0,0,0,0,0,0,0,0,0,0,0,0,1,1,1,0,0,0,0,0,0,0,0
2007-12-24 10:00:00+00:00,30,12,10,373.4441223144531,384.47314453125,0,0,0,0,0,0,0,0,0,0,0,0,0,0,0,0,0,0,0,0,0,0,0,0,0
2007-12-24 10:00:00+00:00,30,12,10,,,0,0,0,0,0,0,0,0,0,0,0,0,0,0,0,0,0,0,0,0,0,0,0,0,0
2007-12-24 10:15:00+00:00,30,12,10,114.76599884033203,129.37664794921875,0,0,0,0,0,0,0,0,0,0,1,1,1,1,1,1,1,0,0,0,0,0,0,0,0
2007-12-24 10:15:00+00:00,30,12,10,214.62245178222656,161.79823303222656,0,0,0,0,0,0,0,0,0,0,0,0,0,0,1,1,1,0,0,0,0,0,0,0,0
2007-12-24 10:15:00+00:00,30,12,10,338.2032165527344,263.9798278808594,0,0,0,0,0,0,0,0,0,0,0,0,0,0,0,0,1,0,0,0,0,0,0,0,0
2007-12-24 10:15:00+00:00,30,12,10,127.76170349121094,128.77291870117188,0,0,0,0,0,0,0,0,0,0,0,1,1,1,1,1,1,0,0,0,0,0,0,0,0
2007-12-24 10:15:00+00:00,30,12,10,272.7743835449219,154.67469787597656,0,0,0,0,0,0,0,0,0,0,0,0,0,0,0,1,1,0,0,0,0,0,0,0,0
2007-12-24 10:15:00+00:00,30,12,10,391.747802734375,167.84754943847656,0,0,0,0,0,0,0,0,0,0,0,0,0,0,0,0,0,0,0,0,0,0,0,0,0
2007-12-24 10:15:00+00:00,30,12,10,88.30366516113281,19.193086624145508,0,0,0,0,0,0,0,0,0,1,1,1,1,1,1,1,1,0,0,1,1,1,1,1,1
2007-12-24 10:15:00+00:00,30,12,10,176.85337829589844,136.99998474121094,0,0,0,0,0,0,0,0,0,0,0,0,1,1,1,1,1,0,0,0,0,0,0,0,0
2007-12-24 10:15:00+00:00,30,12,10,316.4170837402344,68.17244720458984,0,0,0,0,0,0,0,0,0,0,0,0,0,0,0,0,1,0,0,0,0,0,0,0,0
2007-12-24 10:15:00+00:00,30,12,10,249.97909545898438,141.82164001464844,0,0,0,0,0,0,0,0,0,0,0,0,0,0,1,1,1,0,0,0,0,0,0,0,0
2007-12-24 10:15:00+00:00,30,12,10,396.5410461425781,402.460693359375,0,0,0,0,0,0,0,0,0,0,0,0,0,0,0,0,0,0,0,0,0,0,0,0,0
2007-12-24 10:15:00+00:00,30,12,10,,,0,0,0,0,0,0,0,0,0,0,0,0,0,0,0,0,0,0,0,0,0,0,0,0,0
2007-12-24 10:15:00+00:00,30,12,10,,,0,0,0,0,0,0,0,0,0,0,0,0,0,0,0,0,0,0,0,0,0,0,0,0,0
2007-12-24 10:15:00+00:00,30,12,10,,,0,0,0,0,0,0,0,0,0,0,0,0,0,0,0,0,0,0,0,0,0,0,0,0,0
2007-12-24 10:30:00+00:00,30,12,10,98.79358673095703,127.92989349365234,0,0,0,0,0,0,0,0,0,1,1,1,1,1,1,1,1,0,0,0,0,0,0,0,0
2007-12-24 10:30:00+00:00,30,12,10,510.9586181640625,502.3343811035156,0,0,0,0,0,0,0,0,0,0,0,0,0,0,0,0,0,0,0,0,0,0,0,0,0
2007-12-24 10:30:00+00:00,30,12,10,43.796932220458984,47.58903121948242,0,0,0,0,0,0,1,1,1,1,1,1,1,1,1,1,1,0,0,0,0,0,0,1,1
2007-12-24 10:30:00+00:00,30,12,10,141.49000549316406,129.98699951171875,0,0,0,0,0,0,0,0,0,0,0,1,1,1,1,1,1,0,0,0,0,0,0,0,0
2007-12-24 10:30:00+00:00,30,12,10,189.61170959472656,180.98043823242188,0,0,0,0,0,0,0,0,0,0,0,0,0,1,1,1,1,0,0,0,0,0,0,0,0
2007-12-24 10:30:00+00:00,30,12,10,304.5783996582031,213.16268920898438,0,0,0,0,0,0,0,0,0,0,0,0,0,0,0,0,1,0,0,0,0,0,0,0,0
2007-12-24 10:30:00+00:00,30,12,10,293.27630615234375,291.31414794921875,0,0,0,0,0,0,0,0,0,0,0,0,0,0,0,1,1,0,0,0,0,0,0,0,0
2007-12-24 10:30:00+00:00,30,12,10,382.5488586425781,387.20648193359375,0,0,0,0,0,0,0,0,0,0,0,0,0,0,0,0,0,0,0,0,0,0,0,0,0
2007-12-24 10:30:00+00:00,30,12,10,,,0,0,0,0,0,0,0,0,0,0,0,0,0,0,0,0,0,0,0,0,0,0,0,0,0
2007-12-24 10:30:00+00:00,30,12,10,382.4923095703125,378.33544921875,0,0,0,0,0,0,0,0,0,0,0,0,0,0,0,0,0,0,0,0,0,0,0,0,0
2007-12-24 10:45:00+00:00,30,12,10,,,0,0,0,0,0,0,0,0,0,0,0,0,0,0,0,0,0,0,0,0,0,0,0,0,0
2007-12-24 10:45:00+00:00,30,12,10,,,0,0,0,0,0,0,0,0,0,0,0,0,0,0,0,0,0,0,0,0,0,0,0,0,0
2007-12-24 10:45:00+00:00,30,12,10,461.15509033203125,451.8453063964844,0,0,0,0,0,0,0,0,0,0,0,0,0,0,0,0,0,0,0,0,0,0,0,0,0
2007-12-24 10:45:00+00:00,30,12,10,401.0483703613281,392.9725036621094,0,0,0,0,0,0,0,0,0,0,0,0,0,0,0,0,0,0,0,0,0,0,0,0,0
2007-12-24 10:45:00+00:00,30,12,10,252.3773651123047,39.20349884033203,0,0,0,0,0,0,0,0,0,0,0,0,0,0,0,1,1,0,0,0,0,0,1,1,1
2007-12-24 10:45:00+00:00,30,12,10,120.72099304199219,127.871826171875,0,0,0,0,0,0,0,0,0,0,0,1,1,1,1,1,1,0,0,0,0,0,0,0,0
2007-12-24 10:45:00+00:00,30,12,10,219.29774475097656,226.7174835205078,0,0,0,0,0,0,0,0,0,0,0,0,0,0,1,1,1,0,0,0,0,0,0,0,0
2007-12-24 10:45:00+00:00,30,12,10,288.3991394042969,299.576416015625,0,0,0,0,0,0,0,0,0,0,0,0,0,0,0,1,1,0,0,0,0,0,0,0,0
2007-12-24 10:45:00+00:00,30,12,10,313.07049560546875,323.4393005371094,0,0,0,0,0,0,0,0,0,0,0,0,0,0,0,0,1,0,0,0,0,0,0,0,0
2007-12-24 10:45:00+00:00,30,12,10,487.1908264160156,475.1708984375,0,0,0,0,0,0,0,0,0,0,0,0,0,0,0,0,0,0,0,0,0,0,0,0,0
2007-12-24 10:45:00+00:00,30,12,10,334.92889404296875,325.41357421875,0,0,0,0,0,0,0,0,0,0,0,0,0,0,0,0,1,0,0,0,0,0,0,0,0
2007-12-24 10:45:00+00:00,30,12,10,,324.3360290527344,0,0,0,0,0,0,0,0,0,0,0,0,0,0,0,0,0,0,0,0,0,0,0,0,0
2007-12-24 10:45:00+00:00,30,12,10,,,0,0,0,0,0,0,0,0,0,0,0,0,0,0,0,0,0,0,0,0,0,0,0,0,0
2007-12-24 10:45:00+00:00,30,12,10,,,0,0,0,0,0,0,0,0,0,0,0,0,0,0,0,0,0,0,0,0,0,0,0,0,0
2007-12-24 10:45:00+00:00,30,12,10,,,0,0,0,0,0,0,0,0,0,0,0,0,0,0,0,0,0,0,0,0,0,0,0,0,0
2007-12-24 11:00:00+00:00,30,12,11,,,0,0,0,0,0,0,0,0,0,0,0,0,0,0,0,0,0,0,0,0,0,0,0,0,0
2007-12-24 11:00:00+00:00,30,12,11,436.1825866699219,435.66534423828125,0,0,0,0,0,0,0,0,0,0,0,0,0,0,0,0,0,0,0,0,0,0,0,0,0
2007-12-24 11:00:00+00:00,30,12,11,379.0711669921875,355.51727294921875,0,0,0,0,0,0,0,0,0,0,0,0,0,0,0,0,0,0,0,0,0,0,0,0,0
2007-12-24 11:00:00+00:00,30,12,11,114.85221099853516,87.66895294189453,0,0,0,0,0,0,0,0,0,0,1,1,1,1,1,1,1,0,0,0,0,0,0,0,0
2007-12-24 11:00:00+00:00,30,12,11,238.6956787109375,220.90655517578125,0,0,0,0,0,0,0,0,0,0,0,0,0,0,1,1,1,0,0,0,0,0,0,0,0
2007-12-24 11:00:00+00:00,30,12,11,356.4869689941406,36.57884216308594,0,0,0,0,0,0,0,0,0,0,0,0,0,0,0,0,0,0,0,0,0,0,1,1,1
2007-12-24 11:00:00+00:00,30,12,11,329.4295349121094,314.44696044921875,0,0,0,0,0,0,0,0,0,0,0,0,0,0,0,0,1,0,0,0,0,0,0,0,0
2007-12-24 11:00:00+00:00,30,12,11,,,0,0,0,0,0,0,0,0,0,0,0,0,0,0,0,0,0,0,0,0,0,0,0,0,0
2007-12-24 11:00:00+00:00,30,12,11,,,0,0,0,0,0,0,0,0,0,0,0,0,0,0,0,0,0,0,0,0,0,0,0,0,0
2007-12-24 11:00:00+00:00,30,12,11,,,0,0,0,0,0,0,0,0,0,0,0,0,0,0,0,0,0,0,0,0,0,0,0,0,0
2007-12-24 11:15:00+00:00,30,12,11,,,0,0,0,0,0,0,0,0,0,0,0,0,0,0,0,0,0,0,0,0,0,0,0,0,0
2007-12-24 11:15:00+00:00,30,12,11,,,0,0,0,0,0,0,0,0,0,0,0,0,0,0,0,0,0,0,0,0,0,0,0,0,0
2007-12-24 11:15:00+00:00,30,12,11,372.61724853515625,366.91461181640625,0,0,0,0,0,0,0,0,0,0,0,0,0,0,0,0,0,0,0,0,0,0,0,0,0
2007-12-24 11:15:00+00:00,30,12,11,364.97479248046875,359.53607177734375,0,0,0,0,0,0,0,0,0,0,0,0,0,0,0,0,0,0,0,0,0,0,0,0,0
2007-12-24 11:15:00+00:00,30,12,11,360.6788635253906,355.259765625,0,0,0,0,0,0,0,0,0,0,0,0,0,0,0,0,0,0,0,0,0,0,0,0,0
2007-12-24 11:15:00+00:00,30,12,11,79.23175048828125,73.87694549560547,0,0,0,0,0,0,0,0,1,1,1,1,1,1,1,1,1,0,0,0,0,0,0,0,0
2007-12-24 11:15:00+00:00,30,12,11,177.62159729003906,186.92633056640625,0,0,0,0,0,0,0,0,0,0,0,0,1,1,1,1,1,0,0,0,0,0,0,0,0
2007-12-24 11:15:00+00:00,30,12,11,79.57984924316406,92.73487854003906,0,0,0,0,0,0,0,0,1,1,1,1,1,1,1,1,1,0,0,0,0,0,0,0,0
2007-12-24 11:15:00+00:00,30,12,11,,427.4105224609375,0,0,0,0,0,0,0,0,0,0,0,0,0,0,0,0,0,0,0,0,0,0,0,0,0
2007-12-24 11:15:00+00:00,30,12,11,487.2890625,417.0694274902344,0,0,0,0,0,0,0,0,0,0,0,0,0,0,0,0,0,0,0,0,0,0,0,0,0
2007-12-24 11:15:00+00:00,30,12,11,,,0,0,0,0,0,0,0,0,0,0,0,0,0,0,0,0,0,0,0,0,0,0,0,0,0
2007-12-24 11:30:00+00:00,30,12,11,,,0,0,0,0,0,0,0,0,0,0,0,0,0,0,0,0,0,0,0,0,0,0,0,0,0
2007-12-24 11:30:00+00:00,30,12,11,370.2501220703125,279.02008056640625,0,0,0,0,0,0,0,0,0,0,0,0,0,0,0,0,0,0,0,0,0,0,0,0,0
2007-12-24 11:30:00+00:00,30,12,11,82.01165008544922,83.59007263183594,0,0,0,0,0,0,0,0,0,1,1,1,1,1,1,1,1,0,0,0,0,0,0,0,0
2007-12-24 11:30:00+00:00,30,12,11,278.4029235839844,178.79441833496094,0,0,0,0,0,0,0,0,0,0,0,0,0,0,0,1,1,0,0,0,0,0,0,0,0
2007-12-24 11:30:00+00:00,30,12,11,75.12258911132812,23.233482360839844,0,0,0,0,0,0,0,0,1,1,1,1,1,1,1,1,1,0,0,0,1,1,1,1,1
2007-12-24 11:30:00+00:00,30,12,11,340.4498596191406,351.33917236328125,0,0,0,0,0,0,0,0,0,0,0,0,0,0,0,0,1,0,0,0,0,0,0,0,0
2007-12-24 11:30:00+00:00,30,12,11,343.7229919433594,379.2552795410156,0,0,0,0,0,0,0,0,0,0,0,0,0,0,0,0,1,0,0,0,0,0,0,0,0
2007-12-24 11:30:00+00:00,30,12,11,158.123046875,143.2438507080078,0,0,0,0,0,0,0,0,0,0,0,0,1,1,1,1,1,0,0,0,0,0,0,0,0
2007-12-24 11:30:00+00:00,30,12,11,424.502197265625,315.74871826171875,0,0,0,0,0,0,0,0,0,0,0,0,0,0,0,0,0,0,0,0,0,0,0,0,0
2007-12-24 11:45:00+00:00,30,12,11,,,0,0,0,0,0,0,0,0,0,0,0,0,0,0,0,0,0,0,0,0,0,0,0,0,0
2007-12-24 11:45:00+00:00,30,12,11,319.8840026855469,325.48297119140625,0,0,0,0,0,0,0,0,0,0,0,0,0,0,0,0,1,0,0,0,0,0,0,0,0
2007-12-24 11:45:00+00:00,30,12,11,293.3749694824219,299.79705810546875,0,0,0,0,0,0,0,0,0,0,0,0,0,0,0,1,1,0,0,0,0,0,0,0,0
2007-12-24 11:45:00+00:00,30,12,11,132.8199920654297,133.73304748535156,0,0,0,0,0,0,0,0,0,0,0,1,1,1,1,1,1,0,0,0,0,0,0,0,0
2007-12-24 11:45:00+00:00,30,12,11,,,0,0,0,0,0,0,0,0,0,0,0,0,0,0,0,0,0,0,0,0,0,0,0,0,0
2007-12-24 11:45:00+00:00,30,12,11,,,0,0,0,0,0,0,0,0,0,0,0,0,0,0,0,0,0,0,0,0,0,0,0,0,0
2007-12-24 11:45:00+00:00,30,12,11,,,0,0,0,0,0,0,0,0,0,0,0,0,0,0,0,0,0,0,0,0,0,0,0,0,0
2007-12-24 12:00:00+00:00,30,12,12,131.7481689453125,131.24200439453125,0,0,0,0,0,0,0,0,0,0,0,1,1,1,1,1,1,0,0,0,0,0,0,0,0
2007-12-24 12:00:00+00:00,30,12,12,258.37738037109375,217.29959106445312,0,0,0,0,0,0,0,0,0,0,0,0,0,0,0,1,1,0,0,0,0,0,0,0,0
2007-12-24 12:00:00+00:00,30,12,12,202.16879272460938,171.17225646972656,0,0,0,0,0,0,0,0,0,0,0,0,0,0,1,1,1,0,0,0,0,0,0,0,0
2007-12-24 12:00:00+00:00,30,12,12,236.52761840820312,223.50025939941406,0,0,0,0,0,0,0,0,0,0,0,0,0,0,1,1,1,0,0,0,0,0,0,0,0
2007-12-24 12:00:00+00:00,30,12,12,83.37220764160156,97.47919464111328,0,0,0,0,0,0,0,0,0,1,1,1,1,1,1,1,1,0,0,0,0,0,0,0,0
2007-12-24 12:00:00+00:00,30,12,12,72.45687866210938,67.0923080444336,0,0,0,0,0,0,0,0,1,1,1,1,1,1,1,1,1,0,0,0,0,0,0,0,0
2007-12-24 12:00:00+00:00,30,12,12,291.93695068359375,294.0688781738281,0,0,0,0,0,0,0,0,0,0,0,0,0,0,0,1,1,0,0,0,0,0,0,0,0
2007-12-24 12:00:00+00:00,30,12,12,,,0,0,0,0,0,0,0,0,0,0,0,0,0,0,0,0,0,0,0,0,0,0,0,0,0
2007-12-24 12:00:00+00:00,30,12,12,,198.417724609375,0,0,0,0,0,0,0,0,0,0,0,0,0,0,0,0,0,0,0,0,0,0,0,0,0
2007-12-24 12:00:00+00:00,30,12,12,,,0,0,0,0,0,0,0,0,0,0,0,0,0,0,0,0,0,0,0,0,0,0,0,0,0
2007-12-24 12:00:00+00:00,30,12,12,,,0,0,0,0,0,0,0,0,0,0,0,0,0,0,0,0,0,0,0,0,0,0,0,0,0
2007-12-24 12:15:00+00:00,30,12,12,,,0,0,0,0,0,0,0,0,0,0,0,0,0,0,0,0,0,0,0,0,0,0,0,0,0
2007-12-24 12:15:00+00:00,30,12,12,210.03903198242188,131.44911193847656,0,0,0,0,0,0,0,0,0,0,0,0,0,0,1,1,1,0,0,0,0,0,0,0,0
2007-12-24 12:15:00+00:00,30,12,12,142.32305908203125,131.58718872070312,0,0,0,0,0,0,0,0,0,0,0,1,1,1,1,1,1,0,0,0,0,0,0,0,0
2007-12-24 12:15:00+00:00,30,12,12,46.982425689697266,82.39057159423828,0,0,0,0,0,0,1,1,1,1,1,1,1,1,1,1,1,0,0,0,0,0,0,0,0
2007-12-24 12:15:00+00:00,30,12,12,71.4945297241211,87.4842758178711,0,0,0,0,0,0,0,0,1,1,1,1,1,1,1,1,1,0,0,0,0,0,0,0,0
2007-12-24 12:15:00+00:00,30,12,12,249.05084228515625,241.64913940429688,0,0,0,0,0,0,0,0,0,0,0,0,0,0,1,1,1,0,0,0,0,0,0,0,0
2007-12-24 12:15:00+00:00,30,12,12,,,0,0,0,0,0,0,0,0,0,0,0,0,0,0,0,0,0,0,0,0,0,0,0,0,0
2007-12-24 12:15:00+00:00,30,12,12,,,0,0,0,0,0,0,0,0,0,0,0,0,0,0,0,0,0,0,0,0,0,0,0,0,0
2007-12-24 12:15:00+00:00,30,12,12,,,0,0,0,0,0,0,0,0,0,0,0,0,0,0,0,0,0,0,0,0,0,0,0,0,0
2007-12-24 12:15:00+00:00,30,12,12,,,0,0,0,0,0,0,0,0,0,0,0,0,0,0,0,0,0,0,0,0,0,0,0,0,0
2007-12-24 12:30:00+00:00,30,12,12,,,0,0,0,0,0,0,0,0,0,0,0,0,0,0,0,0,0,0,0,0,0,0,0,0,0
2007-12-24 12:30:00+00:00,30,12,12,,,0,0,0,0,0,0,0,0,0,0,0,0,0,0,0,0,0,0,0,0,0,0,0,0,0
2007-12-24 12:30:00+00:00,30,12,12,,,0,0,0,0,0,0,0,0,0,0,0,0,0,0,0,0,0,0,0,0,0,0,0,0,0
2007-12-24 12:30:00+00:00,30,12,12,455.45745849609375,264.256591796875,0,0,0,0,0,0,0,0,0,0,0,0,0,0,0,0,0,0,0,0,0,0,0,0,0
2007-12-24 12:30:00+00:00,30,12,12,,,0,0,0,0,0,0,0,0,0,0,0,0,0,0,0,0,0,0,0,0,0,0,0,0,0
2007-12-24 12:30:00+00:00,30,12,12,173.5720672607422,169.32809448242188,0,0,0,0,0,0,0,0,0,0,0,0,1,1,1,1,1,0,0,0,0,0,0,0,0
2007-12-24 12:30:00+00:00,30,12,12,222.98226928710938,212.04359436035156,0,0,0,0,0,0,0,0,0,0,0,0,0,0,1,1,1,0,0,0,0,0,0,0,0
2007-12-24 12:30:00+00:00,30,12,12,71.83019256591797,61.58737564086914,0,0,0,0,0,0,0,0,1,1,1,1,1,1,1,1,1,0,0,0,0,0,0,0,0
2007-12-24 12:30:00+00:00,30,12,12,147.53465270996094,142.9413299560547,0,0,0,0,0,0,0,0,0,0,0,1,1,1,1,1,1,0,0,0,0,0,0,0,0
2007-12-24 12:30:00+00:00,30,12,12,352.6639709472656,353.6006774902344,0,0,0,0,0,0,0,0,0,0,0,0,0,0,0,0,0,0,0,0,0,0,0,0,0
2007-12-24 12:30:00+00:00,30,12,12,,,0,0,0,0,0,0,0,0,0,0,0,0,0,0,0,0,0,0,0,0,0,0,0,0,0
2007-12-24 12:30:00+00:00,30,12,12,,,0,0,0,0,0,0,0,0,0,0,0,0,0,0,0,0,0,0,0,0,0,0,0,0,0
2007-12-24 12:45:00+00:00,30,12,12,,,0,0,0,0,0,0,0,0,0,0,0,0,0,0,0,0,0,0,0,0,0,0,0,0,0
2007-12-24 12:45:00+00:00,30,12,12,,,0,0,0,0,0,0,0,0,0,0,0,0,0,0,0,0,0,0,0,0,0,0,0,0,0
2007-12-24 12:45:00+00:00,30,12,12,,,0,0,0,0,0,0,0,0,0,0,0,0,0,0,0,0,0,0,0,0,0,0,0,0,0
2007-12-24 12:45:00+00:00,30,12,12,296.88360595703125,142.0195770263672,0,0,0,0,0,0,0,0,0,0,0,0,0,0,0,1,1,0,0,0,0,0,0,0,0
2007-12-24 12:45:00+00:00,30,12,12,330.0324401855469,339.1747131347656,0,0,0,0,0,0,0,0,0,0,0,0,0,0,0,0,1,0,0,0,0,0,0,0,0
2007-12-24 12:45:00+00:00,30,12,12,284.35791015625,239.2235107421875,0,0,0,0,0,0,0,0,0,0,0,0,0,0,0,1,1,0,0,0,0,0,0,0,0
2007-12-24 12:45:00+00:00,30,12,12,455.5884094238281,437.479736328125,0,0,0,0,0,0,0,0,0,0,0,0,0,0,0,0,0,0,0,0,0,0,0,0,0
2007-12-24 12:45:00+00:00,30,12,12,102.23533630371094,21.14253807067871,0,0,0,0,0,0,0,0,0,0,1,1,1,1,1,1,1,0,0,0,1,1,1,1,1
2007-12-24 12:45:00+00:00,30,12,12,75.27735900878906,72.27668762207031,0,0,0,0,0,0,0,0,1,1,1,1,1,1,1,1,1,0,0,0,0,0,0,0,0
2007-12-24 12:45:00+00:00,30,12,12,,,0,0,0,0,0,0,0,0,0,0,0,0,0,0,0,0,0,0,0,0,0,0,0,0,0
2007-12-24 13:00:00+00:00,30,12,13,,,0,0,0,0,0,0,0,0,0,0,0,0,0,0,0,0,0,0,0,0,0,0,0,0,0
2007-12-24 13:00:00+00:00,30,12,13,,326.4335632324219,0,0,0,0,0,0,0,0,0,0,0,0,0,0,0,0,0,0,0,0,0,0,0,0,0
2007-12-24 13:00:00+00:00,30,12,13,202.0609588623047,202.9600067138672,0,0,0,0,0,0,0,0,0,0,0,0,0,0,1,1,1,0,0,0,0,0,0,0,0
2007-12-24 13:00:00+00:00,30,12,13,,,0,0,0,0,0,0,0,0,0,0,0,0,0,0,0,0,0,0,0,0,0,0,0,0,0
2007-12-24 13:00:00+00:00,30,12,13,,,0,0,0,0,0,0,0,0,0,0,0,0,0,0,0,0,0,0,0,0,0,0,0,0,0
2007-12-24 13:00:00+00:00,30,12,13,,,0,0,0,0,0,0,0,0,0,0,0,0,0,0,0,0,0,0,0,0,0,0,0,0,0
2007-12-24 13:00:00+00:00,30,12,13,,,0,0,0,0,0,0,0,0,0,0,0,0,0,0,0,0,0,0,0,0,0,0,0,0,0
2007-12-24 13:15:00+00:00,30,12,13,,,0,0,0,0,0,0,0,0,0,0,0,0,0,0,0,0,0,0,0,0,0,0,0,0,0
2007-12-24 13:15:00+00:00,30,12,13,140.5872344970703,138.24205017089844,0,0,0,0,0,0,0,0,0,0,0,1,1,1,1,1,1,0,0,0,0,0,0,0,0
2007-12-24 13:15:00+00:00,30,12,13,183.27076721191406,185.9945068359375,0,0,0,0,0,0,0,0,0,0,0,0,0,1,1,1,1,0,0,0,0,0,0,0,0
2007-12-24 13:15:00+00:00,30,12,13,267.74884033203125,244.04409790039062,0,0,0,0,0,0,0,0,0,0,0,0,0,0,0,1,1,0,0,0,0,0,0,0,0
2007-12-24 13:15:00+00:00,30,12,13,212.572265625,194.76336669921875,0,0,0,0,0,0,0,0,0,0,0,0,0,0,1,1,1,0,0,0,0,0,0,0,0
2007-12-24 13:15:00+00:00,30,12,13,232.2909393310547,310.2491149902344,0,0,0,0,0,0,0,0,0,0,0,0,0,0,1,1,1,0,0,0,0,0,0,0,0
2007-12-24 13:15:00+00:00,30,12,13,,417.755859375,0,0,0,0,0,0,0,0,0,0,0,0,0,0,0,0,0,0,0,0,0,0,0,0,0
2007-12-24 13:15:00+00:00,30,12,13,,,0,0,0,0,0,0,0,0,0,0,0,0,0,0,0,0,0,0,0,0,0,0,0,0,0
2007-12-24 13:15:00+00:00,30,12,13,,,0,0,0,0,0,0,0,0,0,0,0,0,0,0,0,0,0,0,0,0,0,0,0,0,0
2007-12-24 13:15:00+00:00,30,12,13,,195.21620178222656,0,0,0,0,0,0,0,0,0,0,0,0,0,0,0,0,0,0,0,0,0,0,0,0,0
2007-12-24 13:30:00+00:00,30,12,13,,,0,0,0,0,0,0,0,0,0,0,0,0,0,0,0,0,0,0,0,0,0,0,0,0,0
2007-12-24 13:30:00+00:00,30,12,13,,,0,0,0,0,0,0,0,0,0,0,0,0,0,0,0,0,0,0,0,0,0,0,0,0,0
2007-12-24 13:30:00+00:00,30,12,13,99.33151245117188,85.4275894165039,0,0,0,0,0,0,0,0,0,1,1,1,1,1,1,1,1,0,0,0,0,0,0,0,0
2007-12-24 13:30:00+00:00,30,12,13,111.53111267089844,98.91780090332031,0,0,0,0,0,0,0,0,0,0,1,1,1,1,1,1,1,0,0,0,0,0,0,0,0
2007-12-24 13:30:00+00:00,30,12,13,,,0,0,0,0,0,0,0,0,0,0,0,0,0,0,0,0,0,0,0,0,0,0,0,0,0
2007-12-24 13:30:00+00:00,30,12,13,,263.150146484375,0,0,0,0,0,0,0,0,0,0,0,0,0,0,0,0,0,0,0,0,0,0,0,0,0
2007-12-24 13:30:00+00:00,30,12,13,,423.9585266113281,0,0,0,0,0,0,0,0,0,0,0,0,0,0,0,0,0,0,0,0,0,0,0,0,0
2007-12-24 13:45:00+00:00,30,12,13,,,0,0,0,0,0,0,0,0,0,0,0,0,0,0,0,0,0,0,0,0,0,0,0,0,0
2007-12-24 13:45:00+00:00,30,12,13,,,0,0,0,0,0,0,0,0,0,0,0,0,0,0,0,0,0,0,0,0,0,0,0,0,0
2007-12-24 13:45:00+00:00,30,12,13,,,0,0,0,0,0,0,0,0,0,0,0,0,0,0,0,0,0,0,0,0,0,0,0,0,0
2007-12-24 13:45:00+00:00,30,12,13,114.5188980102539,31.84604263305664,0,0,0,0,0,0,0,0,0,0,1,1,1,1,1,1,1,0,0,0,0,0,1,1,1
2007-12-24 13:45:00+00:00,30,12,13,53.313323974609375,0.0,0,0,0,0,0,0,0,1,1,1,1,1,1,1,1,1,1,1,1,1,1,1,1,1,1
2007-12-24 13:45:00+00:00,30,12,13,160.523193359375,71.22544860839844,0,0,0,0,0,0,0,0,0,0,0,0,1,1,1,1,1,0,0,0,0,0,0,0,0
2007-12-24 13:45:00+00:00,30,12,13,82.97392272949219,43.033470153808594,0,0,0,0,0,0,0,0,0,1,1,1,1,1,1,1,1,0,0,0,0,0,0,1,1
2007-12-24 13:45:00+00:00,30,12,13,,0.0,0,0,0,0,0,0,0,0,0,0,0,0,0,0,0,0,0,1,1,1,1,1,1,1,1
2007-12-24 13:45:00+00:00,30,12,13,,6.607595443725586,0,0,0,0,0,0,0,0,0,0,0,0,0,0,0,0,0,1,1,1,1,1,1,1,1
2007-12-24 14:00:00+00:00,30,12,14,97.58902740478516,105.84732818603516,0,0,0,0,0,0,0,0,0,1,1,1,1,1,1,1,1,0,0,0,0,0,0,0,0
2007-12-24 14:00:00+00:00,30,12,14,144.31573486328125,166.89962768554688,0,0,0,0,0,0,0,0,0,0,0,1,1,1,1,1,1,0,0,0,0,0,0,0,0
2007-12-24 14:00:00+00:00,30,12,14,44.71086120605469,45.896636962890625,0,0,0,0,0,0,1,1,1,1,1,1,1,1,1,1,1,0,0,0,0,0,0,1,1
2007-12-24 14:00:00+00:00,30,12,14,,176.84800720214844,0,0,0,0,0,0,0,0,0,0,0,0,0,0,0,0,0,0,0,0,0,0,0,0,0
2007-12-24 14:00:00+00:00,30,12,14,193.53509521484375,195.36415100097656,0,0,0,0,0,0,0,0,0,0,0,0,0,1,1,1,1,0,0,0,0,0,0,0,0
2007-12-24 14:15:00+00:00,30,12,14,409.21575927734375,421.77313232421875,0,0,0,0,0,0,0,0,0,0,0,0,0,0,0,0,0,0,0,0,0,0,0,0,0
2007-12-24 14:15:00+00:00,30,12,14,167.80332946777344,199.8523712158203,0,0,0,0,0,0,0,0,0,0,0,0,1,1,1,1,1,0,0,0,0,0,0,0,0
2007-12-24 14:15:00+00:00,30,12,14,91.03590393066406,158.98187255859375,0,0,0,0,0,0,0,0,0,1,1,1,1,1,1,1,1,0,0,0,0,0,0,0,0
2007-12-24 14:15:00+00:00,30,12,14,209.66970825195312,253.14109802246094,0,0,0,0,0,0,0,0,0,0,0,0,0,0,1,1,1,0,0,0,0,0,0,0,0
2007-12-24 14:30:00+00:00,30,12,14,,,0,0,0,0,0,0,0,0,0,0,0,0,0,0,0,0,0,0,0,0,0,0,0,0,0
2007-12-24 14:30:00+00:00,30,12,14,123.44235229492188,119.09346008300781,0,0,0,0,0,0,0,0,0,0,0,1,1,1,1,1,1,0,0,0,0,0,0,0,0
2007-12-24 14:30:00+00:00,30,12,14,37.18861770629883,49.51651382446289,0,0,0,0,0,1,1,1,1,1,1,1,1,1,1,1,1,0,0,0,0,0,0,1,1
2007-12-24 14:30:00+00:00,30,12,14,172.4475555419922,160.93734741210938,0,0,0,0,0,0,0,0,0,0,0,0,1,1,1,1,1,0,0,0,0,0,0,0,0
2007-12-24 14:30:00+00:00,30,12,14,64.3024673461914,36.53252029418945,0,0,0,0,0,0,0,0,1,1,1,1,1,1,1,1,1,0,0,0,0,0,1,1,1
2007-12-24 14:30:00+00:00,30,12,14,,,0,0,0,0,0,0,0,0,0,0,0,0,0,0,0,0,0,0,0,0,0,0,0,0,0
2007-12-24 14:45:00+00:00,30,12,14,332.40753173828125,245.75054931640625,0,0,0,0,0,0,0,0,0,0,0,0,0,0,0,0,1,0,0,0,0,0,0,0,0
2007-12-24 14:45:00+00:00,30,12,14,528.9339599609375,360.6461181640625,0,0,0,0,0,0,0,0,0,0,0,0,0,0,0,0,0,0,0,0,0,0,0,0,0
2007-12-24 14:45:00+00:00,30,12,14,371.6546630859375,293.3722839355469,0,0,0,0,0,0,0,0,0,0,0,0,0,0,0,0,0,0,0,0,0,0,0,0,0
2007-12-24 15:00:00+00:00,30,12,15,,,0,0,0,0,0,0,0,0,0,0,0,0,0,0,0,0,0,0,0,0,0,0,0,0,0
2007-12-24 15:00:00+00:00,30,12,15,99.6197280883789,27.212791442871094,0,0,0,0,0,0,0,0,0,1,1,1,1,1,1,1,1,0,0,0,0,1,1,1,1
2007-12-24 15:00:00+00:00,30,12,15,403.3782653808594,393.7435302734375,0,0,0,0,0,0,0,0,0,0,0,0,0,0,0,0,0,0,0,0,0,0,0,0,0
2007-12-24 15:00:00+00:00,30,12,15,261.1045227050781,168.35533142089844,0,0,0,0,0,0,0,0,0,0,0,0,0,0,0,1,1,0,0,0,0,0,0,0,0
2007-12-24 15:00:00+00:00,30,12,15,418.1814880371094,,0,0,0,0,0,0,0,0,0,0,0,0,0,0,0,0,0,0,0,0,0,0,0,0,0
2007-12-24 15:00:00+00:00,30,12,15,329.1451416015625,320.871337890625,0,0,0,0,0,0,0,0,0,0,0,0,0,0,0,0,1,0,0,0,0,0,0,0,0
2007-12-24 15:15:00+00:00,30,12,15,,,0,0,0,0,0,0,0,0,0,0,0,0,0,0,0,0,0,0,0,0,0,0,0,0,0
2007-12-24 15:15:00+00:00,30,12,15,161.5853729248047,545.406982421875,0,0,0,0,0,0,0,0,0,0,0,0,1,1,1,1,1,0,0,0,0,0,0,0,0
2007-12-24 15:30:00+00:00,30,12,15,97.60469055175781,109.05084991455078,0,0,0,0,0,0,0,0,0,1,1,1,1,1,1,1,1,0,0,0,0,0,0,0,0
2007-12-24 15:30:00+00:00,30,12,15,332.20172119140625,,0,0,0,0,0,0,0,0,0,0,0,0,0,0,0,0,1,0,0,0,0,0,0,0,0
2007-12-24 15:30:00+00:00,30,12,15,163.30665588378906,187.74041748046875,0,0,0,0,0,0,0,0,0,0,0,0,1,1,1,1,1,0,0,0,0,0,0,0,0
2007-12-24 15:45:00+00:00,30,12,15,,,0,0,0,0,0,0,0,0,0,0,0,0,0,0,0,0,0,0,0,0,0,0,0,0,0
2007-12-24 15:45:00+00:00,30,12,15,343.20794677734375,209.12599182128906,0,0,0,0,0,0,0,0,0,0,0,0,0,0,0,0,1,0,0,0,0,0,0,0,0
2007-12-24 15:45:00+00:00,30,12,15,168.33253479003906,8.251421928405762,0,0,0,0,0,0,0,0,0,0,0,0,1,1,1,1,1,1,1,1,1,1,1,1,1
2007-12-24 15:45:00+00:00,30,12,15,85.96031188964844,79.45460510253906,0,0,0,0,0,0,0,0,0,1,1,1,1,1,1,1,1,0,0,0,0,0,0,0,0
2007-12-24 16:00:00+00:00,30,12,16,464.46307373046875,471.6673583984375,0,0,0,0,0,0,0,0,0,0,0,0,0,0,0,0,0,0,0,0,0,0,0,0,0
2007-12-24 16:00:00+00:00,30,12,16,178.57264709472656,177.21185302734375,0,0,0,0,0,0,0,0,0,0,0,0,1,1,1,1,1,0,0,0,0,0,0,0,0
2007-12-24 16:00:00+00:00,30,12,16,233.7183837890625,250.48194885253906,0,0,0,0,0,0,0,0,0,0,0,0,0,0,1,1,1,0,0,0,0,0,0,0,0
2007-12-24 16:15:00+00:00,30,12,16,93.36064910888672,79.60453796386719,0,0,0,0,0,0,0,0,0,1,1,1,1,1,1,1,1,0,0,0,0,0,0,0,0
2007-12-24 16:15:00+00:00,30,12,16,230.3794403076172,226.3058624267578,0,0,0,0,0,0,0,0,0,0,0,0,0,0,1,1,1,0,0,0,0,0,0,0,0
2007-12-24 16:30:00+00:00,30,12,16,,,0,0,0,0,0,0,0,0,0,0,0,0,0,0,0,0,0,0,0,0,0,0,0,0,0
2007-12-24 16:30:00+00:00,30,12,16,164.9989776611328,152.7972412109375,0,0,0,0,0,0,0,0,0,0,0,0,1,1,1,1,1,0,0,0,0,0,0,0,0
2007-12-24 16:30:00+00:00,30,12,16,174.53414916992188,163.697021484375,0,0,0,0,0,0,0,0,0,0,0,0,1,1,1,1,1,0,0,0,0,0,0,0,0
2007-12-24 16:30:00+00:00,30,12,16,199.47140502929688,148.23025512695312,0,0,0,0,0,0,0,0,0,0,0,0,0,1,1,1,1,0,0,0,0,0,0,0,0
2007-12-24 16:30:00+00:00,30,12,16,167.21925354003906,168.5132598876953,0,0,0,0,0,0,0,0,0,0,0,0,1,1,1,1,1,0,0,0,0,0,0,0,0
2007-12-24 16:30:00+00:00,30,12,16,,180.38168334960938,0,0,0,0,0,0,0,0,0,0,0,0,0,0,0,0,0,0,0,0,0,0,0,0,0
2007-12-24 16:30:00+00:00,30,12,16,,,0,0,0,0,0,0,0,0,0,0,0,0,0,0,0,0,0,0,0,0,0,0,0,0,0
2007-12-24 16:45:00+00:00,30,12,16,,,0,0,0,0,0,0,0,0,0,0,0,0,0,0,0,0,0,0,0,0,0,0,0,0,0
2007-12-24 17:00:00+00:00,30,12,17,,6.828357219696045,0,0,0,0,0,0,0,0,0,0,0,0,0,0,0,0,0,1,1,1,1,1,1,1,1
2007-12-24 17:15:00+00:00,30,12,17,,196.5132598876953,0,0,0,0,0,0,0,0,0,0,0,0,0,0,0,0,0,0,0,0,0,0,0,0,0
2007-12-24 17:15:00+00:00,30,12,17,,28.481063842773438,0,0,0,0,0,0,0,0,0,0,0,0,0,0,0,0,0,0,0,0,0,1,1,1,1
2007-12-24 17:30:00+00:00,30,12,17,,,0,0,0,0,0,0,0,0,0,0,0,0,0,0,0,0,0,0,0,0,0,0,0,0,0
2007-12-24 17:45:00+00:00,30,12,17,,,0,0,0,0,0,0,0,0,0,0,0,0,0,0,0,0,0,0,0,0,0,0,0,0,0
2007-12-24 17:45:00+00:00,30,12,17,212.0859832763672,198.15858459472656,0,0,0,0,0,0,0,0,0,0,0,0,0,0,1,1,1,0,0,0,0,0,0,0,0
2007-12-25 10:00:00+00:00,30,12,10,,,0,0,0,0,0,0,0,0,0,0,0,0,0,0,0,0,0,0,0,0,0,0,0,0,0
2007-12-25 10:00:00+00:00,30,12,10,,317.03125,0,0,0,0,0,0,0,0,0,0,0,0,0,0,0,0,0,0,0,0,0,0,0,0,0
2007-12-25 10:00:00+00:00,30,12,10,374.9434814453125,193.92239379882812,0,0,0,0,0,0,0,0,0,0,0,0,0,0,0,0,0,0,0,0,0,0,0,0,0
2007-12-25 10:00:00+00:00,30,12,10,212.4208221435547,101.68305206298828,0,0,0,0,0,0,0,0,0,0,0,0,0,0,1,1,1,0,0,0,0,0,0,0,0
2007-12-25 10:00:00+00:00,30,12,10,,,0,0,0,0,0,0,0,0,0,0,0,0,0,0,0,0,0,0,0,0,0,0,0,0,0
2007-12-25 10:00:00+00:00,30,12,10,218.6678924560547,181.93759155273438,0,0,0,0,0,0,0,0,0,0,0,0,0,0,1,1,1,0,0,0,0,0,0,0,0
2007-12-25 10:00:00+00:00,30,12,10,158.4462890625,158.4462890625,0,0,0,0,0,0,0,0,0,0,0,0,1,1,1,1,1,0,0,0,0,0,0,0,0
2007-12-25 10:00:00+00:00,30,12,10,,,0,0,0,0,0,0,0,0,0,0,0,0,0,0,0,0,0,0,0,0,0,0,0,0,0
2007-12-25 10:00:00+00:00,30,12,10,247.6338653564453,246.22711181640625,0,0,0,0,0,0,0,0,0,0,0,0,0,0,1,1,1,0,0,0,0,0,0,0,0
2007-12-25 10:00:00+00:00,30,12,10,,,0,0,0,0,0,0,0,0,0,0,0,0,0,0,0,0,0,0,0,0,0,0,0,0,0
2007-12-25 10:00:00+00:00,30,12,10,412.6234436035156,367.38201904296875,0,0,0,0,0,0,0,0,0,0,0,0,0,0,0,0,0,0,0,0,0,0,0,0,0
2007-12-25 10:00:00+00:00,30,12,10,,,0,0,0,0,0,0,0,0,0,0,0,0,0,0,0,0,0,0,0,0,0,0,0,0,0
2007-12-25 10:00:00+00:00,30,12,10,,,0,0,0,0,0,0,0,0,0,0,0,0,0,0,0,0,0,0,0,0,0,0,0,0,0
2007-12-25 10:00:00+00:00,30,12,10,,,0,0,0,0,0,0,0,0,0,0,0,0,0,0,0,0,0,0,0,0,0,0,0,0,0
2007-12-25 10:00:00+00:00,30,12,10,,,0,0,0,0,0,0,0,0,0,0,0,0,0,0,0,0,0,0,0,0,0,0,0,0,0
2007-12-25 10:00:00+00:00,30,12,10,,,0,0,0,0,0,0,0,0,0,0,0,0,0,0,0,0,0,0,0,0,0,0,0,0,0
2007-12-25 10:15:00+00:00,30,12,10,,,0,0,0,0,0,0,0,0,0,0,0,0,0,0,0,0,0,0,0,0,0,0,0,0,0
2007-12-25 10:15:00+00:00,30,12,10,,159.078125,0,0,0,0,0,0,0,0,0,0,0,0,0,0,0,0,0,0,0,0,0,0,0,0,0
2007-12-25 10:15:00+00:00,30,12,10,,257.8881530761719,0,0,0,0,0,0,0,0,0,0,0,0,0,0,0,0,0,0,0,0,0,0,0,0,0
2007-12-25 10:15:00+00:00,30,12,10,,259.3281555175781,0,0,0,0,0,0,0,0,0,0,0,0,0,0,0,0,0,0,0,0,0,0,0,0,0
2007-12-25 10:15:00+00:00,30,12,10,,,0,0,0,0,0,0,0,0,0,0,0,0,0,0,0,0,0,0,0,0,0,0,0,0,0
2007-12-25 10:15:00+00:00,30,12,10,139.626220703125,138.59149169921875,0,0,0,0,0,0,0,0,0,0,0,1,1,1,1,1,1,0,0,0,0,0,0,0,0
2007-12-25 10:15:00+00:00,30,12,10,,,0,0,0,0,0,0,0,0,0,0,0,0,0,0,0,0,0,0,0,0,0,0,0,0,0
2007-12-25 10:15:00+00:00,30,12,10,144.9936065673828,229.55738830566406,0,0,0,0,0,0,0,0,0,0,0,1,1,1,1,1,1,0,0,0,0,0,0,0,0
2007-12-25 10:15:00+00:00,30,12,10,156.7371368408203,134.83322143554688,0,0,0,0,0,0,0,0,0,0,0,0,1,1,1,1,1,0,0,0,0,0,0,0,0
2007-12-25 10:15:00+00:00,30,12,10,571.0081176757812,548.8943481445312,0,0,0,0,0,0,0,0,0,0,0,0,0,0,0,0,0,0,0,0,0,0,0,0,0
2007-12-25 10:15:00+00:00,30,12,10,408.7839050292969,376.9745788574219,0,0,0,0,0,0,0,0,0,0,0,0,0,0,0,0,0,0,0,0,0,0,0,0,0
2007-12-25 10:15:00+00:00,30,12,10,,,0,0,0,0,0,0,0,0,0,0,0,0,0,0,0,0,0,0,0,0,0,0,0,0,0
2007-12-25 10:15:00+00:00,30,12,10,,173.42007446289062,0,0,0,0,0,0,0,0,0,0,0,0,0,0,0,0,0,0,0,0,0,0,0,0,0
2007-12-25 10:30:00+00:00,30,12,10,,,0,0,0,0,0,0,0,0,0,0,0,0,0,0,0,0,0,0,0,0,0,0,0,0,0
2007-12-25 10:30:00+00:00,30,12,10,,,0,0,0,0,0,0,0,0,0,0,0,0,0,0,0,0,0,0,0,0,0,0,0,0,0
2007-12-25 10:30:00+00:00,30,12,10,,,0,0,0,0,0,0,0,0,0,0,0,0,0,0,0,0,0,0,0,0,0,0,0,0,0
2007-12-25 10:30:00+00:00,30,12,10,269.1315002441406,446.2892761230469,0,0,0,0,0,0,0,0,0,0,0,0,0,0,0,1,1,0,0,0,0,0,0,0,0
2007-12-25 10:30:00+00:00,30,12,10,127.18382263183594,318.8817443847656,0,0,0,0,0,0,0,0,0,0,0,1,1,1,1,1,1,0,0,0,0,0,0,0,0
2007-12-25 10:30:00+00:00,30,12,10,104.51704406738281,292.8511962890625,0,0,0,0,0,0,0,0,0,0,1,1,1,1,1,1,1,0,0,0,0,0,0,0,0
2007-12-25 10:30:00+00:00,30,12,10,139.78955078125,125.76908111572266,0,0,0,0,0,0,0,0,0,0,0,1,1,1,1,1,1,0,0,0,0,0,0,0,0
2007-12-25 10:30:00+00:00,30,12,10,268.28631591796875,254.19613647460938,0,0,0,0,0,0,0,0,0,0,0,0,0,0,0,1,1,0,0,0,0,0,0,0,0
2007-12-25 10:30:00+00:00,30,12,10,247.8308563232422,265.3365478515625,0,0,0,0,0,0,0,0,0,0,0,0,0,0,1,1,1,0,0,0,0,0,0,0,0
2007-12-25 10:30:00+00:00,30,12,10,,,0,0,0,0,0,0,0,0,0,0,0,0,0,0,0,0,0,0,0,0,0,0,0,0,0
2007-12-25 10:30:00+00:00,30,12,10,188.25315856933594,150.52081298828125,0,0,0,0,0,0,0,0,0,0,0,0,0,1,1,1,1,0,0,0,0,0,0,0,0
2007-12-25 10:30:00+00:00,30,12,10,,,0,0,0,0,0,0,0,0,0,0,0,0,0,0,0,0,0,0,0,0,0,0,0,0,0
2007-12-25 10:45:00+00:00,30,12,10,,,0,0,0,0,0,0,0,0,0,0,0,0,0,0,0,0,0,0,0,0,0,0,0,0,0
2007-12-25 10:45:00+00:00,30,12,10,,,0,0,0,0,0,0,0,0,0,0,0,0,0,0,0,0,0,0,0,0,0,0,0,0,0
2007-12-25 10:45:00+00:00,30,12,10,,,0,0,0,0,0,0,0,0,0,0,0,0,0,0,0,0,0,0,0,0,0,0,0,0,0
2007-12-25 10:45:00+00:00,30,12,10,574.2431030273438,157.89663696289062,0,0,0,0,0,0,0,0,0,0,0,0,0,0,0,0,0,0,0,0,0,0,0,0,0
2007-12-25 10:45:00+00:00,30,12,10,,230.40701293945312,0,0,0,0,0,0,0,0,0,0,0,0,0,0,0,0,0,0,0,0,0,0,0,0,0
2007-12-25 10:45:00+00:00,30,12,10,286.52532958984375,185.43698120117188,0,0,0,0,0,0,0,0,0,0,0,0,0,0,0,1,1,0,0,0,0,0,0,0,0
2007-12-25 10:45:00+00:00,30,12,10,269.8614501953125,229.46963500976562,0,0,0,0,0,0,0,0,0,0,0,0,0,0,0,1,1,0,0,0,0,0,0,0,0
2007-12-25 10:45:00+00:00,30,12,10,,,0,0,0,0,0,0,0,0,0,0,0,0,0,0,0,0,0,0,0,0,0,0,0,0,0
2007-12-25 10:45:00+00:00,30,12,10,,,0,0,0,0,0,0,0,0,0,0,0,0,0,0,0,0,0,0,0,0,0,0,0,0,0
2007-12-25 10:45:00+00:00,30,12,10,,355.5337829589844,0,0,0,0,0,0,0,0,0,0,0,0,0,0,0,0,0,0,0,0,0,0,0,0,0
2007-12-25 10:45:00+00:00,30,12,10,,,0,0,0,0,0,0,0,0,0,0,0,0,0,0,0,0,0,0,0,0,0,0,0,0,0
2007-12-25 10:45:00+00:00,30,12,10,,,0,0,0,0,0,0,0,0,0,0,0,0,0,0,0,0,0,0,0,0,0,0,0,0,0
2007-12-25 10:45:00+00:00,30,12,10,414.1363830566406,401.4643859863281,0,0,0,0,0,0,0,0,0,0,0,0,0,0,0,0,0,0,0,0,0,0,0,0,0
2007-12-25 11:00:00+00:00,30,12,11,,,0,0,0,0,0,0,0,0,0,0,0,0,0,0,0,0,0,0,0,0,0,0,0,0,0
2007-12-25 11:00:00+00:00,30,12,11,,377.3599853515625,0,0,0,0,0,0,0,0,0,0,0,0,0,0,0,0,0,0,0,0,0,0,0,0,0
2007-12-25 11:00:00+00:00,30,12,11,82.52519989013672,79.64237976074219,0,0,0,0,0,0,0,0,0,1,1,1,1,1,1,1,1,0,0,0,0,0,0,0,0
2007-12-25 11:00:00+00:00,30,12,11,341.6883850097656,377.4996643066406,0,0,0,0,0,0,0,0,0,0,0,0,0,0,0,0,1,0,0,0,0,0,0,0,0
2007-12-25 11:00:00+00:00,30,12,11,,346.14971923828125,0,0,0,0,0,0,0,0,0,0,0,0,0,0,0,0,0,0,0,0,0,0,0,0,0
2007-12-25 11:00:00+00:00,30,12,11,118.93601989746094,15.113072395324707,0,0,0,0,0,0,0,0,0,0,1,1,1,1,1,1,1,0,0,1,1,1,1,1,1
2007-12-25 11:15:00+00:00,30,12,11,,79.20137786865234,0,0,0,0,0,0,0,0,0,0,0,0,0,0,0,0,0,0,0,0,0,0,0,0,0
2007-12-25 11:15:00+00:00,30,12,11,120.97175598144531,294.6787414550781,0,0,0,0,0,0,0,0,0,0,0,1,1,1,1,1,1,0,0,0,0,0,0,0,0
2007-12-25 11:15:00+00:00,30,12,11,180.94175720214844,405.6882019042969,0,0,0,0,0,0,0,0,0,0,0,0,0,1,1,1,1,0,0,0,0,0,0,0,0
2007-12-25 11:15:00+00:00,30,12,11,179.5859375,171.22509765625,0,0,0,0,0,0,0,0,0,0,0,0,1,1,1,1,1,0,0,0,0,0,0,0,0
2007-12-25 11:15:00+00:00,30,12,11,217.4442901611328,151.0771484375,0,0,0,0,0,0,0,0,0,0,0,0,0,0,1,1,1,0,0,0,0,0,0,0,0
2007-12-25 11:15:00+00:00,30,12,11,104.17555236816406,127.03746795654297,0,0,0,0,0,0,0,0,0,0,1,1,1,1,1,1,1,0,0,0,0,0,0,0,0
2007-12-25 11:15:00+00:00,30,12,11,71.17093658447266,49.91390609741211,0,0,0,0,0,0,0,0,1,1,1,1,1,1,1,1,1,0,0,0,0,0,0,1,1
2007-12-25 11:15:00+00:00,30,12,11,343.223388671875,317.7828063964844,0,0,0,0,0,0,0,0,0,0,0,0,0,0,0,0,1,0,0,0,0,0,0,0,0
2007-12-25 11:15:00+00:00,30,12,11,,,0,0,0,0,0,0,0,0,0,0,0,0,0,0,0,0,0,0,0,0,0,0,0,0,0
2007-12-25 11:15:00+00:00,30,12,11,,,0,0,0,0,0,0,0,0,0,0,0,0,0,0,0,0,0,0,0,0,0,0,0,0,0
2007-12-25 11:15:00+00:00,30,12,11,,,0,0,0,0,0,0,0,0,0,0,0,0,0,0,0,0,0,0,0,0,0,0,0,0,0
2007-12-25 11:15:00+00:00,30,12,11,,,0,0,0,0,0,0,0,0,0,0,0,0,0,0,0,0,0,0,0,0,0,0,0,0,0
2007-12-25 11:30:00+00:00,30,12,11,,,0,0,0,0,0,0,0,0,0,0,0,0,0,0,0,0,0,0,0,0,0,0,0,0,0
2007-12-25 11:30:00+00:00,30,12,11,,,0,0,0,0,0,0,0,0,0,0,0,0,0,0,0,0,0,0,0,0,0,0,0,0,0
2007-12-25 11:30:00+00:00,30,12,11,362.5353088378906,57.72880172729492,0,0,0,0,0,0,0,0,0,0,0,0,0,0,0,0,0,0,0,0,0,0,0,0,1
2007-12-25 11:30:00+00:00,30,12,11,347.3422546386719,128.3682403564453,0,0,0,0,0,0,0,0,0,0,0,0,0,0,0,0,1,0,0,0,0,0,0,0,0
2007-12-25 11:30:00+00:00,30,12,11,299.02569580078125,398.4171142578125,0,0,0,0,0,0,0,0,0,0,0,0,0,0,0,1,1,0,0,0,0,0,0,0,0
2007-12-25 11:30:00+00:00,30,12,11,183.90821838378906,79.24484252929688,0,0,0,0,0,0,0,0,0,0,0,0,0,1,1,1,1,0,0,0,0,0,0,0,0
2007-12-25 11:30:00+00:00,30,12,11,128.5248260498047,349.01202392578125,0,0,0,0,0,0,0,0,0,0,0,1,1,1,1,1,1,0,0,0,0,0,0,0,0
2007-12-25 11:30:00+00:00,30,12,11,120.72490692138672,152.5755157470703,0,0,0,0,0,0,0,0,0,0,0,1,1,1,1,1,1,0,0,0,0,0,0,0,0
2007-12-25 11:30:00+00:00,30,12,11,,540.2789306640625,0,0,0,0,0,0,0,0,0,0,0,0,0,0,0,0,0,0,0,0,0,0,0,0,0
2007-12-25 11:30:00+00:00,30,12,11,441.50848388671875,448.6784973144531,0,0,0,0,0,0,0,0,0,0,0,0,0,0,0,0,0,0,0,0,0,0,0,0,0
2007-12-25 11:30:00+00:00,30,12,11,,,0,0,0,0,0,0,0,0,0,0,0,0,0,0,0,0,0,0,0,0,0,0,0,0,0
2007-12-25 11:30:00+00:00,30,12,11,,,0,0,0,0,0,0,0,0,0,0,0,0,0,0,0,0,0,0,0,0,0,0,0,0,0
2007-12-25 11:30:00+00:00,30,12,11,264.19671630859375,244.90121459960938,0,0,0,0,0,0,0,0,0,0,0,0,0,0,0,1,1,0,0,0,0,0,0,0,0
2007-12-25 11:30:00+00:00,30,12,11,339.0238952636719,320.5687561035156,0,0,0,0,0,0,0,0,0,0,0,0,0,0,0,0,1,0,0,0,0,0,0,0,0
2007-12-25 11:45:00+00:00,30,12,11,,396.7756652832031,0,0,0,0,0,0,0,0,0,0,0,0,0,0,0,0,0,0,0,0,0,0,0,0,0
2007-12-25 11:45:00+00:00,30,12,11,173.58375549316406,180.09983825683594,0,0,0,0,0,0,0,0,0,0,0,0,1,1,1,1,1,0,0,0,0,0,0,0,0
2007-12-25 11:45:00+00:00,30,12,11,222.0642547607422,242.945556640625,0,0,0,0,0,0,0,0,0,0,0,0,0,0,1,1,1,0,0,0,0,0,0,0,0
2007-12-25 11:45:00+00:00,30,12,11,101.68570709228516,377.4866943359375,0,0,0,0,0,0,0,0,0,0,1,1,1,1,1,1,1,0,0,0,0,0,0,0,0
2007-12-25 11:45:00+00:00,30,12,11,71.9577407836914,52.33968734741211,0,0,0,0,0,0,0,0,1,1,1,1,1,1,1,1,1,0,0,0,0,0,0,0,1
2007-12-25 11:45:00+00:00,30,12,11,53.88888931274414,81.65833282470703,0,0,0,0,0,0,0,1,1,1,1,1,1,1,1,1,1,0,0,0,0,0,0,0,0
2007-12-25 11:45:00+00:00,30,12,11,528.474853515625,509.3470153808594,0,0,0,0,0,0,0,0,0,0,0,0,0,0,0,0,0,0,0,0,0,0,0,0,0
2007-12-25 11:45:00+00:00,30,12,11,,,0,0,0,0,0,0,0,0,0,0,0,0,0,0,0,0,0,0,0,0,0,0,0,0,0
2007-12-25 11:45:00+00:00,30,12,11,,,0,0,0,0,0,0,0,0,0,0,0,0,0,0,0,0,0,0,0,0,0,0,0,0,0
2007-12-25 11:45:00+00:00,30,12,11,340.7293395996094,320.93060302734375,0,0,0,0,0,0,0,0,0,0,0,0,0,0,0,0,1,0,0,0,0,0,0,0,0
2007-12-25 11:45:00+00:00,30,12,11,287.1895446777344,267.7984313964844,0,0,0,0,0,0,0,0,0,0,0,0,0,0,0,1,1,0,0,0,0,0,0,0,0
2007-12-25 11:45:00+00:00,30,12,11,,,0,0,0,0,0,0,0,0,0,0,0,0,0,0,0,0,0,0,0,0,0,0,0,0,0
2007-12-25 12:00:00+00:00,30,12,12,,,0,0,0,0,0,0,0,0,0,0,0,0,0,0,0,0,0,0,0,0,0,0,0,0,0
2007-12-25 12:00:00+00:00,30,12,12,255.50152587890625,237.3098602294922,0,0,0,0,0,0,0,0,0,0,0,0,0,0,0,1,1,0,0,0,0,0,0,0,0
2007-12-25 12:00:00+00:00,30,12,12,220.05030822753906,213.97308349609375,0,0,0,0,0,0,0,0,0,0,0,0,0,0,1,1,1,0,0,0,0,0,0,0,0
2007-12-25 12:00:00+00:00,30,12,12,413.7580261230469,305.30859375,0,0,0,0,0,0,0,0,0,0,0,0,0,0,0,0,0,0,0,0,0,0,0,0,0
2007-12-25 12:00:00+00:00,30,12,12,54.09290313720703,71.90476989746094,0,0,0,0,0,0,0,1,1,1,1,1,1,1,1,1,1,0,0,0,0,0,0,0,0
2007-12-25 12:00:00+00:00,30,12,12,197.29566955566406,185.8284912109375,0,0,0,0,0,0,0,0,0,0,0,0,0,1,1,1,1,0,0,0,0,0,0,0,0
2007-12-25 12:00:00+00:00,30,12,12,,,0,0,0,0,0,0,0,0,0,0,0,0,0,0,0,0,0,0,0,0,0,0,0,0,0
2007-12-25 12:15:00+00:00,30,12,12,,,0,0,0,0,0,0,0,0,0,0,0,0,0,0,0,0,0,0,0,0,0,0,0,0,0
2007-12-25 12:15:00+00:00,30,12,12,115.05575561523438,118.87305450439453,0,0,0,0,0,0,0,0,0,0,1,1,1,1,1,1,1,0,0,0,0,0,0,0,0
2007-12-25 12:15:00+00:00,30,12,12,142.63990783691406,133.87692260742188,0,0,0,0,0,0,0,0,0,0,0,1,1,1,1,1,1,0,0,0,0,0,0,0,0
2007-12-25 12:15:00+00:00,30,12,12,470.1509094238281,409.31658935546875,0,0,0,0,0,0,0,0,0,0,0,0,0,0,0,0,0,0,0,0,0,0,0,0,0
2007-12-25 12:15:00+00:00,30,12,12,,,0,0,0,0,0,0,0,0,0,0,0,0,0,0,0,0,0,0,0,0,0,0,0,0,0
2007-12-25 12:15:00+00:00,30,12,12,,,0,0,0,0,0,0,0,0,0,0,0,0,0,0,0,0,0,0,0,0,0,0,0,0,0
2007-12-25 12:15:00+00:00,30,12,12,290.76824951171875,293.90789794921875,0,0,0,0,0,0,0,0,0,0,0,0,0,0,0,1,1,0,0,0,0,0,0,0,0
2007-12-25 12:15:00+00:00,30,12,12,290.3598327636719,290.3598327636719,0,0,0,0,0,0,0,0,0,0,0,0,0,0,0,1,1,0,0,0,0,0,0,0,0
2007-12-25 12:30:00+00:00,30,12,12,57.13273239135742,153.41244506835938,0,0,0,0,0,0,0,1,1,1,1,1,1,1,1,1,1,0,0,0,0,0,0,0,0
2007-12-25 12:30:00+00:00,30,12,12,263.4129943847656,329.2774658203125,0,0,0,0,0,0,0,0,0,0,0,0,0,0,0,1,1,0,0,0,0,0,0,0,0
2007-12-25 12:30:00+00:00,30,12,12,235.47471618652344,218.5139923095703,0,0,0,0,0,0,0,0,0,0,0,0,0,0,1,1,1,0,0,0,0,0,0,0,0
2007-12-25 12:30:00+00:00,30,12,12,,,0,0,0,0,0,0,0,0,0,0,0,0,0,0,0,0,0,0,0,0,0,0,0,0,0
2007-12-25 12:30:00+00:00,30,12,12,,,0,0,0,0,0,0,0,0,0,0,0,0,0,0,0,0,0,0,0,0,0,0,0,0,0
2007-12-25 12:45:00+00:00,30,12,12,187.6874237060547,337.8609924316406,0,0,0,0,0,0,0,0,0,0,0,0,0,1,1,1,1,0,0,0,0,0,0,0,0
2007-12-25 12:45:00+00:00,30,12,12,137.2501678466797,174.5795135498047,0,0,0,0,0,0,0,0,0,0,0,1,1,1,1,1,1,0,0,0,0,0,0,0,0
2007-12-25 12:45:00+00:00,30,12,12,56.279205322265625,67.94790649414062,0,0,0,0,0,0,0,1,1,1,1,1,1,1,1,1,1,0,0,0,0,0,0,0,0
2007-12-25 12:45:00+00:00,30,12,12,,,0,0,0,0,0,0,0,0,0,0,0,0,0,0,0,0,0,0,0,0,0,0,0,0,0
2007-12-25 12:45:00+00:00,30,12,12,,,0,0,0,0,0,0,0,0,0,0,0,0,0,0,0,0,0,0,0,0,0,0,0,0,0
2007-12-25 12:45:00+00:00,30,12,12,,,0,0,0,0,0,0,0,0,0,0,0,0,0,0,0,0,0,0,0,0,0,0,0,0,0
2007-12-25 12:45:00+00:00,30,12,12,446.6596984863281,,0,0,0,0,0,0,0,0,0,0,0,0,0,0,0,0,0,0,0,0,0,0,0,0,0
2007-12-25 12:45:00+00:00,30,12,12,391.8404235839844,,0,0,0,0,0,0,0,0,0,0,0,0,0,0,0,0,0,0,0,0,0,0,0,0,0
2007-12-25 13:00:00+00:00,30,12,13,121.29335021972656,108.86053466796875,0,0,0,0,0,0,0,0,0,0,0,1,1,1,1,1,1,0,0,0,0,0,0,0,0
2007-12-25 13:00:00+00:00,30,12,13,216.0142822265625,228.47726440429688,0,0,0,0,0,0,0,0,0,0,0,0,0,0,1,1,1,0,0,0,0,0,0,0,0
2007-12-25 13:00:00+00:00,30,12,13,,299.2646789550781,0,0,0,0,0,0,0,0,0,0,0,0,0,0,0,0,0,0,0,0,0,0,0,0,0
2007-12-25 13:00:00+00:00,30,12,13,242.01670837402344,231.23680114746094,0,0,0,0,0,0,0,0,0,0,0,0,0,0,1,1,1,0,0,0,0,0,0,0,0
2007-12-25 13:00:00+00:00,30,12,13,260.4988098144531,306.992431640625,0,0,0,0,0,0,0,0,0,0,0,0,0,0,0,1,1,0,0,0,0,0,0,0,0
2007-12-25 13:15:00+00:00,30,12,13,82.84697723388672,123.97089385986328,0,0,0,0,0,0,0,0,0,1,1,1,1,1,1,1,1,0,0,0,0,0,0,0,0
2007-12-25 13:15:00+00:00,30,12,13,133.84544372558594,133.83135986328125,0,0,0,0,0,0,0,0,0,0,0,1,1,1,1,1,1,0,0,0,0,0,0,0,0
2007-12-25 13:15:00+00:00,30,12,13,,217.20809936523438,0,0,0,0,0,0,0,0,0,0,0,0,0,0,0,0,0,0,0,0,0,0,0,0,0
2007-12-25 13:15:00+00:00,30,12,13,,,0,0,0,0,0,0,0,0,0,0,0,0,0,0,0,0,0,0,0,0,0,0,0,0,0
2007-12-25 13:15:00+00:00,30,12,13,247.35586547851562,229.94100952148438,0,0,0,0,0,0,0,0,0,0,0,0,0,0,1,1,1,0,0,0,0,0,0,0,0
2007-12-25 13:15:00+00:00,30,12,13,,,0,0,0,0,0,0,0,0,0,0,0,0,0,0,0,0,0,0,0,0,0,0,0,0,0
2007-12-25 13:15:00+00:00,30,12,13,469.6947021484375,,0,0,0,0,0,0,0,0,0,0,0,0,0,0,0,0,0,0,0,0,0,0,0,0,0
2007-12-25 13:15:00+00:00,30,12,13,,,0,0,0,0,0,0,0,0,0,0,0,0,0,0,0,0,0,0,0,0,0,0,0,0,0
2007-12-25 13:15:00+00:00,30,12,13,,,0,0,0,0,0,0,0,0,0,0,0,0,0,0,0,0,0,0,0,0,0,0,0,0,0
2007-12-25 13:15:00+00:00,30,12,13,,,0,0,0,0,0,0,0,0,0,0,0,0,0,0,0,0,0,0,0,0,0,0,0,0,0
2007-12-25 13:15:00+00:00,30,12,13,,,0,0,0,0,0,0,0,0,0,0,0,0,0,0,0,0,0,0,0,0,0,0,0,0,0
2007-12-25 13:15:00+00:00,30,12,13,,,0,0,0,0,0,0,0,0,0,0,0,0,0,0,0,0,0,0,0,0,0,0,0,0,0
2007-12-25 13:15:00+00:00,30,12,13,,,0,0,0,0,0,0,0,0,0,0,0,0,0,0,0,0,0,0,0,0,0,0,0,0,0
2007-12-25 13:30:00+00:00,30,12,13,79.43405151367188,116.25038146972656,0,0,0,0,0,0,0,0,1,1,1,1,1,1,1,1,1,0,0,0,0,0,0,0,0
2007-12-25 13:30:00+00:00,30,12,13,74.17745208740234,107.3763656616211,0,0,0,0,0,0,0,0,1,1,1,1,1,1,1,1,1,0,0,0,0,0,0,0,0
2007-12-25 13:30:00+00:00,30,12,13,117.0009536743164,153.04917907714844,0,0,0,0,0,0,0,0,0,0,1,1,1,1,1,1,1,0,0,0,0,0,0,0,0
2007-12-25 13:30:00+00:00,30,12,13,240.94000244140625,221.30027770996094,0,0,0,0,0,0,0,0,0,0,0,0,0,0,1,1,1,0,0,0,0,0,0,0,0
2007-12-25 13:30:00+00:00,30,12,13,,,0,0,0,0,0,0,0,0,0,0,0,0,0,0,0,0,0,0,0,0,0,0,0,0,0
2007-12-25 13:30:00+00:00,30,12,13,,276.739990234375,0,0,0,0,0,0,0,0,0,0,0,0,0,0,0,0,0,0,0,0,0,0,0,0,0
2007-12-25 13:45:00+00:00,30,12,13,213.94638061523438,170.08297729492188,0,0,0,0,0,0,0,0,0,0,0,0,0,0,1,1,1,0,0,0,0,0,0,0,0
2007-12-25 13:45:00+00:00,30,12,13,146.8590545654297,190.5624542236328,0,0,0,0,0,0,0,0,0,0,0,1,1,1,1,1,1,0,0,0,0,0,0,0,0
2007-12-25 13:45:00+00:00,30,12,13,329.43035888671875,335.6687316894531,0,0,0,0,0,0,0,0,0,0,0,0,0,0,0,0,1,0,0,0,0,0,0,0,0
2007-12-25 13:45:00+00:00,30,12,13,,,0,0,0,0,0,0,0,0,0,0,0,0,0,0,0,0,0,0,0,0,0,0,0,0,0
2007-12-25 13:45:00+00:00,30,12,13,,,0,0,0,0,0,0,0,0,0,0,0,0,0,0,0,0,0,0,0,0,0,0,0,0,0
2007-12-25 13:45:00+00:00,30,12,13,254.53016662597656,246.9407196044922,0,0,0,0,0,0,0,0,0,0,0,0,0,0,0,1,1,0,0,0,0,0,0,0,0
2007-12-25 13:45:00+00:00,30,12,13,,350.695556640625,0,0,0,0,0,0,0,0,0,0,0,0,0,0,0,0,0,0,0,0,0,0,0,0,0
2007-12-25 14:00:00+00:00,30,12,14,123.29395294189453,33.97065734863281,0,0,0,0,0,0,0,0,0,0,0,1,1,1,1,1,1,0,0,0,0,0,1,1,1
2007-12-25 14:00:00+00:00,30,12,14,205.77792358398438,200.29092407226562,0,0,0,0,0,0,0,0,0,0,0,0,0,0,1,1,1,0,0,0,0,0,0,0,0
2007-12-25 14:00:00+00:00,30,12,14,,225.53346252441406,0,0,0,0,0,0,0,0,0,0,0,0,0,0,0,0,0,0,0,0,0,0,0,0,0
2007-12-25 14:00:00+00:00,30,12,14,276.4117431640625,246.34689331054688,0,0,0,0,0,0,0,0,0,0,0,0,0,0,0,1,1,0,0,0,0,0,0,0,0
2007-12-25 14:15:00+00:00,30,12,14,361.9295959472656,388.91162109375,0,0,0,0,0,0,0,0,0,0,0,0,0,0,0,0,0,0,0,0,0,0,0,0,0
2007-12-25 14:15:00+00:00,30,12,14,138.4962615966797,150.55569458007812,0,0,0,0,0,0,0,0,0,0,0,1,1,1,1,1,1,0,0,0,0,0,0,0,0
2007-12-25 14:15:00+00:00,30,12,14,162.9192352294922,133.6048126220703,0,0,0,0,0,0,0,0,0,0,0,0,1,1,1,1,1,0,0,0,0,0,0,0,0
2007-12-25 14:15:00+00:00,30,12,14,282.3448791503906,334.5816345214844,0,0,0,0,0,0,0,0,0,0,0,0,0,0,0,1,1,0,0,0,0,0,0,0,0
2007-12-25 14:15:00+00:00,30,12,14,256.3699035644531,306.12969970703125,0,0,0,0,0,0,0,0,0,0,0,0,0,0,0,1,1,0,0,0,0,0,0,0,0
2007-12-25 14:15:00+00:00,30,12,14,259.3858947753906,306.3489074707031,0,0,0,0,0,0,0,0,0,0,0,0,0,0,0,1,1,0,0,0,0,0,0,0,0
2007-12-25 14:15:00+00:00,30,12,14,219.47471618652344,221.23426818847656,0,0,0,0,0,0,0,0,0,0,0,0,0,0,1,1,1,0,0,0,0,0,0,0,0
2007-12-25 14:15:00+00:00,30,12,14,351.63885498046875,352.9081115722656,0,0,0,0,0,0,0,0,0,0,0,0,0,0,0,0,0,0,0,0,0,0,0,0,0
2007-12-25 14:15:00+00:00,30,12,14,179.73062133789062,166.44723510742188,0,0,0,0,0,0,0,0,0,0,0,0,1,1,1,1,1,0,0,0,0,0,0,0,0
2007-12-25 14:15:00+00:00,30,12,14,,43.21964645385742,0,0,0,0,0,0,0,0,0,0,0,0,0,0,0,0,0,0,0,0,0,0,0,1,1
2007-12-25 14:30:00+00:00,30,12,14,,,0,0,0,0,0,0,0,0,0,0,0,0,0,0,0,0,0,0,0,0,0,0,0,0,0
2007-12-25 14:30:00+00:00,30,12,14,302.9074401855469,344.58758544921875,0,0,0,0,0,0,0,0,0,0,0,0,0,0,0,0,1,0,0,0,0,0,0,0,0
2007-12-25 14:30:00+00:00,30,12,14,372.94049072265625,468.3418273925781,0,0,0,0,0,0,0,0,0,0,0,0,0,0,0,0,0,0,0,0,0,0,0,0,0
2007-12-25 14:30:00+00:00,30,12,14,198.42315673828125,0.0,0,0,0,0,0,0,0,0,0,0,0,0,0,1,1,1,1,1,1,1,1,1,1,1,1
2007-12-25 14:30:00+00:00,30,12,14,50.15855026245117,60.819698333740234,0,0,0,0,0,0,0,1,1,1,1,1,1,1,1,1,1,0,0,0,0,0,0,0,0
2007-12-25 14:30:00+00:00,30,12,14,95.29525756835938,166.65267944335938,0,0,0,0,0,0,0,0,0,1,1,1,1,1,1,1,1,0,0,0,0,0,0,0,0
2007-12-25 14:30:00+00:00,30,12,14,,0.0,0,0,0,0,0,0,0,0,0,0,0,0,0,0,0,0,0,1,1,1,1,1,1,1,1
2007-12-25 14:45:00+00:00,30,12,14,223.03021240234375,215.5781707763672,0,0,0,0,0,0,0,0,0,0,0,0,0,0,1,1,1,0,0,0,0,0,0,0,0
2007-12-25 14:45:00+00:00,30,12,14,193.4640655517578,147.1591796875,0,0,0,0,0,0,0,0,0,0,0,0,0,1,1,1,1,0,0,0,0,0,0,0,0
2007-12-25 14:45:00+00:00,30,12,14,552.0567016601562,,0,0,0,0,0,0,0,0,0,0,0,0,0,0,0,0,0,0,0,0,0,0,0,0,0
2007-12-25 14:45:00+00:00,30,12,14,254.7734375,236.73727416992188,0,0,0,0,0,0,0,0,0,0,0,0,0,0,0,1,1,0,0,0,0,0,0,0,0
2007-12-25 14:45:00+00:00,30,12,14,229.28329467773438,267.42333984375,0,0,0,0,0,0,0,0,0,0,0,0,0,0,1,1,1,0,0,0,0,0,0,0,0
2007-12-25 14:45:00+00:00,30,12,14,104.95684814453125,366.728759765625,0,0,0,0,0,0,0,0,0,0,1,1,1,1,1,1,1,0,0,0,0,0,0,0,0
2007-12-25 14:45:00+00:00,30,12,14,262.0606994628906,258.63238525390625,0,0,0,0,0,0,0,0,0,0,0,0,0,0,0,1,1,0,0,0,0,0,0,0,0
2007-12-25 14:45:00+00:00,30,12,14,,,0,0,0,0,0,0,0,0,0,0,0,0,0,0,0,0,0,0,0,0,0,0,0,0,0
2007-12-25 15:00:00+00:00,30,12,15,226.48863220214844,241.23403930664062,0,0,0,0,0,0,0,0,0,0,0,0,0,0,1,1,1,0,0,0,0,0,0,0,0
2007-12-25 15:00:00+00:00,30,12,15,350.76348876953125,392.1590270996094,0,0,0,0,0,0,0,0,0,0,0,0,0,0,0,0,0,0,0,0,0,0,0,0,0
2007-12-25 15:00:00+00:00,30,12,15,256.8896484375,255.5113067626953,0,0,0,0,0,0,0,0,0,0,0,0,0,0,0,1,1,0,0,0,0,0,0,0,0
2007-12-25 15:00:00+00:00,30,12,15,220.9665985107422,367.4989013671875,0,0,0,0,0,0,0,0,0,0,0,0,0,0,1,1,1,0,0,0,0,0,0,0,0
2007-12-25 15:15:00+00:00,30,12,15,180.3712615966797,187.37559509277344,0,0,0,0,0,0,0,0,0,0,0,0,0,1,1,1,1,0,0,0,0,0,0,0,0
2007-12-25 15:15:00+00:00,30,12,15,159.44082641601562,104.78546142578125,0,0,0,0,0,0,0,0,0,0,0,0,1,1,1,1,1,0,0,0,0,0,0,0,0
2007-12-25 15:15:00+00:00,30,12,15,351.1565246582031,361.78961181640625,0,0,0,0,0,0,0,0,0,0,0,0,0,0,0,0,0,0,0,0,0,0,0,0,0
2007-12-25 15:30:00+00:00,30,12,15,91.0439224243164,233.44482421875,0,0,0,0,0,0,0,0,0,1,1,1,1,1,1,1,1,0,0,0,0,0,0,0,0
2007-12-25 15:30:00+00:00,30,12,15,160.1098175048828,214.39395141601562,0,0,0,0,0,0,0,0,0,0,0,0,1,1,1,1,1,0,0,0,0,0,0,0,0
2007-12-25 15:30:00+00:00,30,12,15,201.4608612060547,319.31640625,0,0,0,0,0,0,0,0,0,0,0,0,0,0,1,1,1,0,0,0,0,0,0,0,0
2007-12-25 15:30:00+00:00,30,12,15,298.3955383300781,28.219558715820312,0,0,0,0,0,0,0,0,0,0,0,0,0,0,0,1,1,0,0,0,0,1,1,1,1
2007-12-25 15:30:00+00:00,30,12,15,247.4957275390625,304.9122009277344,0,0,0,0,0,0,0,0,0,0,0,0,0,0,1,1,1,0,0,0,0,0,0,0,0
2007-12-25 15:30:00+00:00,30,12,15,275.8836975097656,284.5956726074219,0,0,0,0,0,0,0,0,0,0,0,0,0,0,0,1,1,0,0,0,0,0,0,0,0
2007-12-25 15:30:00+00:00,30,12,15,232.1338653564453,420.1656799316406,0,0,0,0,0,0,0,0,0,0,0,0,0,0,1,1,1,0,0,0,0,0,0,0,0
2007-12-25 15:30:00+00:00,30,12,15,47.2279167175293,37.729698181152344,0,0,0,0,0,0,1,1,1,1,1,1,1,1,1,1,1,0,0,0,0,0,1,1,1
2007-12-25 15:30:00+00:00,30,12,15,,,0,0,0,0,0,0,0,0,0,0,0,0,0,0,0,0,0,0,0,0,0,0,0,0,0
2007-12-25 15:45:00+00:00,30,12,15,,,0,0,0,0,0,0,0,0,0,0,0,0,0,0,0,0,0,0,0,0,0,0,0,0,0
2007-12-25 15:45:00+00:00,30,12,15,,,0,0,0,0,0,0,0,0,0,0,0,0,0,0,0,0,0,0,0,0,0,0,0,0,0
2007-12-25 15:45:00+00:00,30,12,15,,224.47398376464844,0,0,0,0,0,0,0,0,0,0,0,0,0,0,0,0,0,0,0,0,0,0,0,0,0
2007-12-25 15:45:00+00:00,30,12,15,333.95166015625,116.40760040283203,0,0,0,0,0,0,0,0,0,0,0,0,0,0,0,0,1,0,0,0,0,0,0,0,0
2007-12-25 15:45:00+00:00,30,12,15,,,0,0,0,0,0,0,0,0,0,0,0,0,0,0,0,0,0,0,0,0,0,0,0,0,0
2007-12-25 15:45:00+00:00,30,12,15,,,0,0,0,0,0,0,0,0,0,0,0,0,0,0,0,0,0,0,0,0,0,0,0,0,0
2007-12-25 16:00:00+00:00,30,12,16,185.34487915039062,175.14764404296875,0,0,0,0,0,0,0,0,0,0,0,0,0,1,1,1,1,0,0,0,0,0,0,0,0
2007-12-25 16:00:00+00:00,30,12,16,265.5198974609375,75.55091857910156,0,0,0,0,0,0,0,0,0,0,0,0,0,0,0,1,1,0,0,0,0,0,0,0,0
2007-12-25 16:00:00+00:00,30,12,16,37.93257141113281,42.094276428222656,0,0,0,0,0,1,1,1,1,1,1,1,1,1,1,1,1,0,0,0,0,0,0,1,1
2007-12-25 16:00:00+00:00,30,12,16,365.8333740234375,56.65496063232422,0,0,0,0,0,0,0,0,0,0,0,0,0,0,0,0,0,0,0,0,0,0,0,0,1
2007-12-25 16:00:00+00:00,30,12,16,,302.0970458984375,0,0,0,0,0,0,0,0,0,0,0,0,0,0,0,0,0,0,0,0,0,0,0,0,0
2007-12-25 16:15:00+00:00,30,12,16,,,0,0,0,0,0,0,0,0,0,0,0,0,0,0,0,0,0,0,0,0,0,0,0,0,0
2007-12-25 16:15:00+00:00,30,12,16,35.550289154052734,39.67365264892578,0,0,0,0,0,1,1,1,1,1,1,1,1,1,1,1,1,0,0,0,0,0,1,1,1
2007-12-25 16:30:00+00:00,30,12,16,154.51559448242188,138.86932373046875,0,0,0,0,0,0,0,0,0,0,0,0,1,1,1,1,1,0,0,0,0,0,0,0,0
2007-12-25 16:45:00+00:00,30,12,16,,,0,0,0,0,0,0,0,0,0,0,0,0,0,0,0,0,0,0,0,0,0,0,0,0,0
2007-12-25 17:00:00+00:00,30,12,17,180.91891479492188,141.66026306152344,0,0,0,0,0,0,0,0,0,0,0,0,0,1,1,1,1,0,0,0,0,0,0,0,0
2007-12-25 17:00:00+00:00,30,12,17,74.49124908447266,105.96774291992188,0,0,0,0,0,0,0,0,1,1,1,1,1,1,1,1,1,0,0,0,0,0,0,0,0
2007-12-25 17:00:00+00:00,30,12,17,360.103759765625,343.6413879394531,0,0,0,0,0,0,0,0,0,0,0,0,0,0,0,0,0,0,0,0,0,0,0,0,0
2007-12-25 17:00:00+00:00,30,12,17,,244.68055725097656,0,0,0,0,0,0,0,0,0,0,0,0,0,0,0,0,0,0,0,0,0,0,0,0,0
2007-12-25 17:15:00+00:00,30,12,17,161.8056640625,416.33026123046875,0,0,0,0,0,0,0,0,0,0,0,0,1,1,1,1,1,0,0,0,0,0,0,0,0
2007-12-25 17:15:00+00:00,30,12,17,88.48793029785156,112.08087158203125,0,0,0,0,0,0,0,0,0,1,1,1,1,1,1,1,1,0,0,0,0,0,0,0,0
2007-12-25 17:15:00+00:00,30,12,17,,,0,0,0,0,0,0,0,0,0,0,0,0,0,0,0,0,0,0,0,0,0,0,0,0,0
2007-12-25 17:15:00+00:00,30,12,17,,,0,0,0,0,0,0,0,0,0,0,0,0,0,0,0,0,0,0,0,0,0,0,0,0,0
2007-12-25 17:30:00+00:00,30,12,17,111.03433990478516,121.33023071289062,0,0,0,0,0,0,0,0,0,0,1,1,1,1,1,1,1,0,0,0,0,0,0,0,0
2007-12-25 17:30:00+00:00,30,12,17,,327.91680908203125,0,0,0,0,0,0,0,0,0,0,0,0,0,0,0,0,0,0,0,0,0,0,0,0,0
2007-12-25 17:45:00+00:00,30,12,17,414.5984802246094,385.17913818359375,0,0,0,0,0,0,0,0,0,0,0,0,0,0,0,0,0,0,0,0,0,0,0,0,0
2007-12-26 10:00:00+00:00,30,12,10,528.0364379882812,432.8620910644531,0,0,0,0,0,0,0,0,0,0,0,0,0,0,0,0,0,0,0,0,0,0,0,0,0
2007-12-26 10:00:00+00:00,30,12,10,145.98013305664062,138.32681274414062,0,0,0,0,0,0,0,0,0,0,0,1,1,1,1,1,1,0,0,0,0,0,0,0,0
2007-12-26 10:00:00+00:00,30,12,10,198.2296905517578,187.4571075439453,0,0,0,0,0,0,0,0,0,0,0,0,0,1,1,1,1,0,0,0,0,0,0,0,0
2007-12-26 10:00:00+00:00,30,12,10,137.9927520751953,111.64749145507812,0,0,0,0,0,0,0,0,0,0,0,1,1,1,1,1,1,0,0,0,0,0,0,0,0
2007-12-26 10:00:00+00:00,30,12,10,143.0372314453125,114.50811767578125,0,0,0,0,0,0,0,0,0,0,0,1,1,1,1,1,1,0,0,0,0,0,0,0,0
2007-12-26 10:00:00+00:00,30,12,10,,236.84767150878906,0,0,0,0,0,0,0,0,0,0,0,0,0,0,0,0,0,0,0,0,0,0,0,0,0
2007-12-26 10:00:00+00:00,30,12,10,415.7073669433594,55.83224868774414,0,0,0,0,0,0,0,0,0,0,0,0,0,0,0,0,0,0,0,0,0,0,0,0,1
2007-12-26 10:00:00+00:00,30,12,10,,217.22064208984375,0,0,0,0,0,0,0,0,0,0,0,0,0,0,0,0,0,0,0,0,0,0,0,0,0
2007-12-26 10:15:00+00:00,30,12,10,276.7370910644531,272.052490234375,0,0,0,0,0,0,0,0,0,0,0,0,0,0,0,1,1,0,0,0,0,0,0,0,0
2007-12-26 10:15:00+00:00,30,12,10,181.23568725585938,172.2686309814453,0,0,0,0,0,0,0,0,0,0,0,0,0,1,1,1,1,0,0,0,0,0,0,0,0
2007-12-26 10:15:00+00:00,30,12,10,324.3522033691406,221.5133819580078,0,0,0,0,0,0,0,0,0,0,0,0,0,0,0,0,1,0,0,0,0,0,0,0,0
2007-12-26 10:15:00+00:00,30,12,10,39.55622863769531,13.106830596923828,0,0,0,0,0,1,1,1,1,1,1,1,1,1,1,1,1,0,1,1,1,1,1,1,1
2007-12-26 10:15:00+00:00,30,12,10,240.61676025390625,223.7698974609375,0,0,0,0,0,0,0,0,0,0,0,0,0,0,1,1,1,0,0,0,0,0,0,0,0
2007-12-26 10:15:00+00:00,30,12,10,218.3986053466797,220.8413848876953,0,0,0,0,0,0,0,0,0,0,0,0,0,0,1,1,1,0,0,0,0,0,0,0,0
2007-12-26 10:15:00+00:00,30,12,10,105.33403778076172,95.56224060058594,0,0,0,0,0,0,0,0,0,0,1,1,1,1,1,1,1,0,0,0,0,0,0,0,0
2007-12-26 10:15:00+00:00,30,12,10,101.6265640258789,101.79293823242188,0,0,0,0,0,0,0,0,0,0,1,1,1,1,1,1,1,0,0,0,0,0,0,0,0
2007-12-26 10:15:00+00:00,30,12,10,341.4062194824219,263.0111083984375,0,0,0,0,0,0,0,0,0,0,0,0,0,0,0,0,1,0,0,0,0,0,0,0,0
2007-12-26 10:15:00+00:00,30,12,10,311.25775146484375,232.5457000732422,0,0,0,0,0,0,0,0,0,0,0,0,0,0,0,0,1,0,0,0,0,0,0,0,0
2007-12-26 10:15:00+00:00,30,12,10,,171.10983276367188,0,0,0,0,0,0,0,0,0,0,0,0,0,0,0,0,0,0,0,0,0,0,0,0,0
2007-12-26 10:15:00+00:00,30,12,10,272.5138244628906,154.41419982910156,0,0,0,0,0,0,0,0,0,0,0,0,0,0,0,1,1,0,0,0,0,0,0,0,0
2007-12-26 10:15:00+00:00,30,12,10,495.3666076660156,287.322021484375,0,0,0,0,0,0,0,0,0,0,0,0,0,0,0,0,0,0,0,0,0,0,0,0,0
2007-12-26 10:15:00+00:00,30,12,10,,98.10355377197266,0,0,0,0,0,0,0,0,0,0,0,0,0,0,0,0,0,0,0,0,0,0,0,0,0
2007-12-26 10:15:00+00:00,30,12,10,,96.55725860595703,0,0,0,0,0,0,0,0,0,0,0,0,0,0,0,0,0,0,0,0,0,0,0,0,0
2007-12-26 10:30:00+00:00,30,12,10,68.99016571044922,69.6929931640625,0,0,0,0,0,0,0,0,1,1,1,1,1,1,1,1,1,0,0,0,0,0,0,0,0
2007-12-26 10:30:00+00:00,30,12,10,283.50146484375,261.0212097167969,0,0,0,0,0,0,0,0,0,0,0,0,0,0,0,1,1,0,0,0,0,0,0,0,0
2007-12-26 10:30:00+00:00,30,12,10,268.2957763671875,114.39288330078125,0,0,0,0,0,0,0,0,0,0,0,0,0,0,0,1,1,0,0,0,0,0,0,0,0
2007-12-26 10:30:00+00:00,30,12,10,,145.52406311035156,0,0,0,0,0,0,0,0,0,0,0,0,0,0,0,0,0,0,0,0,0,0,0,0,0
2007-12-26 10:30:00+00:00,30,12,10,152.2031707763672,141.9116973876953,0,0,0,0,0,0,0,0,0,0,0,0,1,1,1,1,1,0,0,0,0,0,0,0,0
2007-12-26 10:30:00+00:00,30,12,10,50.752464294433594,82.28498840332031,0,0,0,0,0,0,0,1,1,1,1,1,1,1,1,1,1,0,0,0,0,0,0,0,0
2007-12-26 10:30:00+00:00,30,12,10,98.76766204833984,118.34466552734375,0,0,0,0,0,0,0,0,0,1,1,1,1,1,1,1,1,0,0,0,0,0,0,0,0
2007-12-26 10:30:00+00:00,30,12,10,,470.5947570800781,0,0,0,0,0,0,0,0,0,0,0,0,0,0,0,0,0,0,0,0,0,0,0,0,0
2007-12-26 10:30:00+00:00,30,12,10,240.40736389160156,207.18377685546875,0,0,0,0,0,0,0,0,0,0,0,0,0,0,1,1,1,0,0,0,0,0,0,0,0
2007-12-26 10:30:00+00:00,30,12,10,216.56692504882812,209.65286254882812,0,0,0,0,0,0,0,0,0,0,0,0,0,0,1,1,1,0,0,0,0,0,0,0,0
2007-12-26 10:30:00+00:00,30,12,10,,200.15538024902344,0,0,0,0,0,0,0,0,0,0,0,0,0,0,0,0,0,0,0,0,0,0,0,0,0
2007-12-26 10:30:00+00:00,30,12,10,227.48690795898438,131.0210418701172,0,0,0,0,0,0,0,0,0,0,0,0,0,0,1,1,1,0,0,0,0,0,0,0,0
2007-12-26 10:30:00+00:00,30,12,10,53.24381637573242,82.55818939208984,0,0,0,0,0,0,0,1,1,1,1,1,1,1,1,1,1,0,0,0,0,0,0,0,0
2007-12-26 10:30:00+00:00,30,12,10,,,0,0,0,0,0,0,0,0,0,0,0,0,0,0,0,0,0,0,0,0,0,0,0,0,0
2007-12-26 10:30:00+00:00,30,12,10,227.89601135253906,125.32787322998047,0,0,0,0,0,0,0,0,0,0,0,0,0,0,1,1,1,0,0,0,0,0,0,0,0
2007-12-26 10:30:00+00:00,30,12,10,106.18528747558594,106.35254669189453,0,0,0,0,0,0,0,0,0,0,1,1,1,1,1,1,1,0,0,0,0,0,0,0,0
2007-12-26 10:30:00+00:00,30,12,10,123.9980697631836,162.08912658691406,0,0,0,0,0,0,0,0,0,0,0,1,1,1,1,1,1,0,0,0,0,0,0,0,0
2007-12-26 10:45:00+00:00,30,12,10,398.9250183105469,262.1346130371094,0,0,0,0,0,0,0,0,0,0,0,0,0,0,0,0,0,0,0,0,0,0,0,0,0
2007-12-26 10:45:00+00:00,30,12,10,145.70632934570312,44.17415237426758,0,0,0,0,0,0,0,0,0,0,0,1,1,1,1,1,1,0,0,0,0,0,0,1,1
2007-12-26 10:45:00+00:00,30,12,10,108.32044982910156,93.1055908203125,0,0,0,0,0,0,0,0,0,0,1,1,1,1,1,1,1,0,0,0,0,0,0,0,0
2007-12-26 10:45:00+00:00,30,12,10,279.3974609375,273.2892761230469,0,0,0,0,0,0,0,0,0,0,0,0,0,0,0,1,1,0,0,0,0,0,0,0,0
2007-12-26 10:45:00+00:00,30,12,10,254.19979858398438,259.5007629394531,0,0,0,0,0,0,0,0,0,0,0,0,0,0,0,1,1,0,0,0,0,0,0,0,0
2007-12-26 10:45:00+00:00,30,12,10,107.41960906982422,16.294166564941406,0,0,0,0,0,0,0,0,0,0,1,1,1,1,1,1,1,0,0,1,1,1,1,1,1
2007-12-26 10:45:00+00:00,30,12,10,106.70291900634766,87.15867614746094,0,0,0,0,0,0,0,0,0,0,1,1,1,1,1,1,1,0,0,0,0,0,0,0,0
2007-12-26 10:45:00+00:00,30,12,10,151.28688049316406,143.60092163085938,0,0,0,0,0,0,0,0,0,0,0,0,1,1,1,1,1,0,0,0,0,0,0,0,0
2007-12-26 10:45:00+00:00,30,12,10,95.93011474609375,54.913333892822266,0,0,0,0,0,0,0,0,0,1,1,1,1,1,1,1,1,0,0,0,0,0,0,0,1
2007-12-26 10:45:00+00:00,30,12,10,30.286216735839844,0.0,0,0,0,0,0,1,1,1,1,1,1,1,1,1,1,1,1,1,1,1,1,1,1,1,1
2007-12-26 10:45:00+00:00,30,12,10,174.7571563720703,169.5681610107422,0,0,0,0,0,0,0,0,0,0,0,0,1,1,1,1,1,0,0,0,0,0,0,0,0
2007-12-26 10:45:00+00:00,30,12,10,112.54108428955078,101.65802001953125,0,0,0,0,0,0,0,0,0,0,1,1,1,1,1,1,1,0,0,0,0,0,0,0,0
2007-12-26 10:45:00+00:00,30,12,10,83.92206573486328,116.9309310913086,0,0,0,0,0,0,0,0,0,1,1,1,1,1,1,1,1,0,0,0,0,0,0,0,0
2007-12-26 10:45:00+00:00,30,12,10,57.551971435546875,96.15959930419922,0,0,0,0,0,0,0,1,1,1,1,1,1,1,1,1,1,0,0,0,0,0,0,0,0
2007-12-26 10:45:00+00:00,30,12,10,246.06358337402344,19.258731842041016,0,0,0,0,0,0,0,0,0,0,0,0,0,0,1,1,1,0,0,1,1,1,1,1,1
2007-12-26 10:45:00+00:00,30,12,10,294.9746398925781,73.58369445800781,0,0,0,0,0,0,0,0,0,0,0,0,0,0,0,1,1,0,0,0,0,0,0,0,0
2007-12-26 10:45:00+00:00,30,12,10,84.3388671875,77.07646942138672,0,0,0,0,0,0,0,0,0,1,1,1,1,1,1,1,1,0,0,0,0,0,0,0,0
2007-12-26 10:45:00+00:00,30,12,10,469.5683898925781,453.4908142089844,0,0,0,0,0,0,0,0,0,0,0,0,0,0,0,0,0,0,0,0,0,0,0,0,0
2007-12-26 10:45:00+00:00,30,12,10,69.37030792236328,0.0,0,0,0,0,0,0,0,0,1,1,1,1,1,1,1,1,1,1,1,1,1,1,1,1,1
2007-12-26 10:45:00+00:00,30,12,10,106.8329086303711,85.99835205078125,0,0,0,0,0,0,0,0,0,0,1,1,1,1,1,1,1,0,0,0,0,0,0,0,0
2007-12-26 10:45:00+00:00,30,12,10,137.53541564941406,107.7563247680664,0,0,0,0,0,0,0,0,0,0,0,1,1,1,1,1,1,0,0,0,0,0,0,0,0
2007-12-26 10:45:00+00:00,30,12,10,280.2723083496094,187.5465087890625,0,0,0,0,0,0,0,0,0,0,0,0,0,0,0,1,1,0,0,0,0,0,0,0,0
2007-12-26 10:45:00+00:00,30,12,10,284.67120361328125,209.3435516357422,0,0,0,0,0,0,0,0,0,0,0,0,0,0,0,1,1,0,0,0,0,0,0,0,0
2007-12-26 11:00:00+00:00,30,12,11,170.63113403320312,80.99748229980469,0,0,0,0,0,0,0,0,0,0,0,0,1,1,1,1,1,0,0,0,0,0,0,0,0
2007-12-26 11:00:00+00:00,30,12,11,197.17987060546875,196.46487426757812,0,0,0,0,0,0,0,0,0,0,0,0,0,1,1,1,1,0,0,0,0,0,0,0,0
2007-12-26 11:00:00+00:00,30,12,11,119.614990234375,106.2012939453125,0,0,0,0,0,0,0,0,0,0,1,1,1,1,1,1,1,0,0,0,0,0,0,0,0
2007-12-26 11:00:00+00:00,30,12,11,209.47357177734375,201.87918090820312,0,0,0,0,0,0,0,0,0,0,0,0,0,0,1,1,1,0,0,0,0,0,0,0,0
2007-12-26 11:00:00+00:00,30,12,11,58.676849365234375,70.80378723144531,0,0,0,0,0,0,0,1,1,1,1,1,1,1,1,1,1,0,0,0,0,0,0,0,0
2007-12-26 11:00:00+00:00,30,12,11,216.5514678955078,195.74876403808594,0,0,0,0,0,0,0,0,0,0,0,0,0,0,1,1,1,0,0,0,0,0,0,0,0
2007-12-26 11:00:00+00:00,30,12,11,131.53602600097656,63.43364715576172,0,0,0,0,0,0,0,0,0,0,0,1,1,1,1,1,1,0,0,0,0,0,0,0,0
2007-12-26 11:00:00+00:00,30,12,11,124.62218475341797,28.038686752319336,0,0,0,0,0,0,0,0,0,0,0,1,1,1,1,1,1,0,0,0,0,1,1,1,1
2007-12-26 11:00:00+00:00,30,12,11,132.92938232421875,70.41349792480469,0,0,0,0,0,0,0,0,0,0,0,1,1,1,1,1,1,0,0,0,0,0,0,0,0
2007-12-26 11:00:00+00:00,30,12,11,151.86367797851562,126.84461975097656,0,0,0,0,0,0,0,0,0,0,0,0,1,1,1,1,1,0,0,0,0,0,0,0,0
2007-12-26 11:00:00+00:00,30,12,11,352.4294128417969,120.6562271118164,0,0,0,0,0,0,0,0,0,0,0,0,0,0,0,0,0,0,0,0,0,0,0,0,0
2007-12-26 11:00:00+00:00,30,12,11,332.9112548828125,118.72068786621094,0,0,0,0,0,0,0,0,0,0,0,0,0,0,0,0,1,0,0,0,0,0,0,0,0
2007-12-26 11:00:00+00:00,30,12,11,109.99685668945312,101.53792572021484,0,0,0,0,0,0,0,0,0,0,1,1,1,1,1,1,1,0,0,0,0,0,0,0,0
2007-12-26 11:00:00+00:00,30,12,11,87.8825454711914,396.97784423828125,0,0,0,0,0,0,0,0,0,1,1,1,1,1,1,1,1,0,0,0,0,0,0,0,0
2007-12-26 11:00:00+00:00,30,12,11,449.3868713378906,,0,0,0,0,0,0,0,0,0,0,0,0,0,0,0,0,0,0,0,0,0,0,0,0,0
2007-12-26 11:00:00+00:00,30,12,11,234.08642578125,118.6561050415039,0,0,0,0,0,0,0,0,0,0,0,0,0,0,1,1,1,0,0,0,0,0,0,0,0
2007-12-26 11:00:00+00:00,30,12,11,205.93174743652344,94.37225341796875,0,0,0,0,0,0,0,0,0,0,0,0,0,0,1,1,1,0,0,0,0,0,0,0,0
2007-12-26 11:15:00+00:00,30,12,11,133.18243408203125,115.00341033935547,0,0,0,0,0,0,0,0,0,0,0,1,1,1,1,1,1,0,0,0,0,0,0,0,0
2007-12-26 11:15:00+00:00,30,12,11,179.55007934570312,122.02095794677734,0,0,0,0,0,0,0,0,0,0,0,0,1,1,1,1,1,0,0,0,0,0,0,0,0
2007-12-26 11:15:00+00:00,30,12,11,211.3649444580078,174.5998077392578,0,0,0,0,0,0,0,0,0,0,0,0,0,0,1,1,1,0,0,0,0,0,0,0,0
2007-12-26 11:15:00+00:00,30,12,11,186.49867248535156,214.299560546875,0,0,0,0,0,0,0,0,0,0,0,0,0,1,1,1,1,0,0,0,0,0,0,0,0
2007-12-26 11:15:00+00:00,30,12,11,160.55287170410156,158.6219482421875,0,0,0,0,0,0,0,0,0,0,0,0,1,1,1,1,1,0,0,0,0,0,0,0,0
2007-12-26 11:15:00+00:00,30,12,11,118.0387191772461,101.67874145507812,0,0,0,0,0,0,0,0,0,0,1,1,1,1,1,1,1,0,0,0,0,0,0,0,0
2007-12-26 11:15:00+00:00,30,12,11,267.3825378417969,295.1469421386719,0,0,0,0,0,0,0,0,0,0,0,0,0,0,0,1,1,0,0,0,0,0,0,0,0
2007-12-26 11:15:00+00:00,30,12,11,207.72056579589844,204.4426727294922,0,0,0,0,0,0,0,0,0,0,0,0,0,0,1,1,1,0,0,0,0,0,0,0,0
2007-12-26 11:15:00+00:00,30,12,11,124.91368103027344,134.9988250732422,0,0,0,0,0,0,0,0,0,0,0,1,1,1,1,1,1,0,0,0,0,0,0,0,0
2007-12-26 11:15:00+00:00,30,12,11,110.9563980102539,95.54230499267578,0,0,0,0,0,0,0,0,0,0,1,1,1,1,1,1,1,0,0,0,0,0,0,0,0
2007-12-26 11:15:00+00:00,30,12,11,105.57748413085938,129.50146484375,0,0,0,0,0,0,0,0,0,0,1,1,1,1,1,1,1,0,0,0,0,0,0,0,0
2007-12-26 11:15:00+00:00,30,12,11,380.10980224609375,139.3931884765625,0,0,0,0,0,0,0,0,0,0,0,0,0,0,0,0,0,0,0,0,0,0,0,0,0
2007-12-26 11:15:00+00:00,30,12,11,275.95672607421875,110.1155014038086,0,0,0,0,0,0,0,0,0,0,0,0,0,0,0,1,1,0,0,0,0,0,0,0,0
2007-12-26 11:15:00+00:00,30,12,11,114.39250183105469,94.57996368408203,0,0,0,0,0,0,0,0,0,0,1,1,1,1,1,1,1,0,0,0,0,0,0,0,0
2007-12-26 11:30:00+00:00,30,12,11,,,0,0,0,0,0,0,0,0,0,0,0,0,0,0,0,0,0,0,0,0,0,0,0,0,0
2007-12-26 11:30:00+00:00,30,12,11,110.60923767089844,79.63610076904297,0,0,0,0,0,0,0,0,0,0,1,1,1,1,1,1,1,0,0,0,0,0,0,0,0
2007-12-26 11:30:00+00:00,30,12,11,159.3468017578125,45.000885009765625,0,0,0,0,0,0,0,0,0,0,0,0,1,1,1,1,1,0,0,0,0,0,0,1,1
2007-12-26 11:30:00+00:00,30,12,11,220.31553649902344,230.45277404785156,0,0,0,0,0,0,0,0,0,0,0,0,0,0,1,1,1,0,0,0,0,0,0,0,0
2007-12-26 11:30:00+00:00,30,12,11,222.76492309570312,172.09967041015625,0,0,0,0,0,0,0,0,0,0,0,0,0,0,1,1,1,0,0,0,0,0,0,0,0
2007-12-26 11:30:00+00:00,30,12,11,115.04020690917969,105.84146118164062,0,0,0,0,0,0,0,0,0,0,1,1,1,1,1,1,1,0,0,0,0,0,0,0,0
2007-12-26 11:30:00+00:00,30,12,11,337.1194763183594,334.5194396972656,0,0,0,0,0,0,0,0,0,0,0,0,0,0,0,0,1,0,0,0,0,0,0,0,0
2007-12-26 11:30:00+00:00,30,12,11,230.2580108642578,227.6303253173828,0,0,0,0,0,0,0,0,0,0,0,0,0,0,1,1,1,0,0,0,0,0,0,0,0
2007-12-26 11:30:00+00:00,30,12,11,146.13499450683594,127.40047454833984,0,0,0,0,0,0,0,0,0,0,0,1,1,1,1,1,1,0,0,0,0,0,0,0,0
2007-12-26 11:30:00+00:00,30,12,11,148.55902099609375,207.74371337890625,0,0,0,0,0,0,0,0,0,0,0,1,1,1,1,1,1,0,0,0,0,0,0,0,0
2007-12-26 11:30:00+00:00,30,12,11,238.79747009277344,223.45108032226562,0,0,0,0,0,0,0,0,0,0,0,0,0,0,1,1,1,0,0,0,0,0,0,0,0
2007-12-26 11:30:00+00:00,30,12,11,,369.3263244628906,0,0,0,0,0,0,0,0,0,0,0,0,0,0,0,0,0,0,0,0,0,0,0,0,0
2007-12-26 11:45:00+00:00,30,12,11,134.35107421875,0.0,0,0,0,0,0,0,0,0,0,0,0,1,1,1,1,1,1,1,1,1,1,1,1,1,1
2007-12-26 11:45:00+00:00,30,12,11,99.59672546386719,81.58323669433594,0,0,0,0,0,0,0,0,0,1,1,1,1,1,1,1,1,0,0,0,0,0,0,0,0
2007-12-26 11:45:00+00:00,30,12,11,102.04849243164062,73.46653747558594,0,0,0,0,0,0,0,0,0,0,1,1,1,1,1,1,1,0,0,0,0,0,0,0,0
2007-12-26 11:45:00+00:00,30,12,11,93.82044982910156,85.24297332763672,0,0,0,0,0,0,0,0,0,1,1,1,1,1,1,1,1,0,0,0,0,0,0,0,0
2007-12-26 11:45:00+00:00,30,12,11,97.1367416381836,123.18030548095703,0,0,0,0,0,0,0,0,0,1,1,1,1,1,1,1,1,0,0,0,0,0,0,0,0
2007-12-26 11:45:00+00:00,30,12,11,135.5188446044922,134.8269500732422,0,0,0,0,0,0,0,0,0,0,0,1,1,1,1,1,1,0,0,0,0,0,0,0,0
2007-12-26 11:45:00+00:00,30,12,11,271.2950744628906,80.23954772949219,0,0,0,0,0,0,0,0,0,0,0,0,0,0,0,1,1,0,0,0,0,0,0,0,0
2007-12-26 11:45:00+00:00,30,12,11,81.03650665283203,71.7466049194336,0,0,0,0,0,0,0,0,0,1,1,1,1,1,1,1,1,0,0,0,0,0,0,0,0
2007-12-26 11:45:00+00:00,30,12,11,349.35784912109375,334.1947326660156,0,0,0,0,0,0,0,0,0,0,0,0,0,0,0,0,1,0,0,0,0,0,0,0,0
2007-12-26 11:45:00+00:00,30,12,11,343.5249328613281,349.380615234375,0,0,0,0,0,0,0,0,0,0,0,0,0,0,0,0,1,0,0,0,0,0,0,0,0
2007-12-26 11:45:00+00:00,30,12,11,53.571075439453125,47.86091613769531,0,0,0,0,0,0,0,1,1,1,1,1,1,1,1,1,1,0,0,0,0,0,0,1,1
2007-12-26 11:45:00+00:00,30,12,11,207.22555541992188,196.18386840820312,0,0,0,0,0,0,0,0,0,0,0,0,0,0,1,1,1,0,0,0,0,0,0,0,0
2007-12-26 11:45:00+00:00,30,12,11,222.18814086914062,214.21534729003906,0,0,0,0,0,0,0,0,0,0,0,0,0,0,1,1,1,0,0,0,0,0,0,0,0
2007-12-26 11:45:00+00:00,30,12,11,,,0,0,0,0,0,0,0,0,0,0,0,0,0,0,0,0,0,0,0,0,0,0,0,0,0
2007-12-26 12:00:00+00:00,30,12,12,101.43395233154297,81.87824249267578,0,0,0,0,0,0,0,0,0,0,1,1,1,1,1,1,1,0,0,0,0,0,0,0,0
2007-12-26 12:00:00+00:00,30,12,12,126.60306549072266,123.4378890991211,0,0,0,0,0,0,0,0,0,0,0,1,1,1,1,1,1,0,0,0,0,0,0,0,0
2007-12-26 12:00:00+00:00,30,12,12,185.96939086914062,65.66954803466797,0,0,0,0,0,0,0,0,0,0,0,0,0,1,1,1,1,0,0,0,0,0,0,0,0
2007-12-26 12:00:00+00:00,30,12,12,158.51051330566406,91.81502532958984,0,0,0,0,0,0,0,0,0,0,0,0,1,1,1,1,1,0,0,0,0,0,0,0,0
2007-12-26 12:00:00+00:00,30,12,12,206.9578399658203,208.24842834472656,0,0,0,0,0,0,0,0,0,0,0,0,0,0,1,1,1,0,0,0,0,0,0,0,0
2007-12-26 12:00:00+00:00,30,12,12,262.7087707519531,112.1524887084961,0,0,0,0,0,0,0,0,0,0,0,0,0,0,0,1,1,0,0,0,0,0,0,0,0
2007-12-26 12:00:00+00:00,30,12,12,184.76080322265625,63.962284088134766,0,0,0,0,0,0,0,0,0,0,0,0,0,1,1,1,1,0,0,0,0,0,0,0,0
2007-12-26 12:00:00+00:00,30,12,12,247.91693115234375,188.88858032226562,0,0,0,0,0,0,0,0,0,0,0,0,0,0,1,1,1,0,0,0,0,0,0,0,0
2007-12-26 12:00:00+00:00,30,12,12,219.44374084472656,237.51654052734375,0,0,0,0,0,0,0,0,0,0,0,0,0,0,1,1,1,0,0,0,0,0,0,0,0
2007-12-26 12:15:00+00:00,30,12,12,140.61434936523438,3.414658308029175,0,0,0,0,0,0,0,0,0,0,0,1,1,1,1,1,1,1,1,1,1,1,1,1,1
2007-12-26 12:15:00+00:00,30,12,12,110.13016510009766,110.72569274902344,0,0,0,0,0,0,0,0,0,0,1,1,1,1,1,1,1,0,0,0,0,0,0,0,0
2007-12-26 12:15:00+00:00,30,12,12,134.62852478027344,125.58111572265625,0,0,0,0,0,0,0,0,0,0,0,1,1,1,1,1,1,0,0,0,0,0,0,0,0
2007-12-26 12:15:00+00:00,30,12,12,169.88531494140625,144.557373046875,0,0,0,0,0,0,0,0,0,0,0,0,1,1,1,1,1,0,0,0,0,0,0,0,0
2007-12-26 12:15:00+00:00,30,12,12,102.76091766357422,93.86271667480469,0,0,0,0,0,0,0,0,0,0,1,1,1,1,1,1,1,0,0,0,0,0,0,0,0
2007-12-26 12:15:00+00:00,30,12,12,30.50933265686035,27.518686294555664,0,0,0,0,0,1,1,1,1,1,1,1,1,1,1,1,1,0,0,0,0,1,1,1,1
2007-12-26 12:15:00+00:00,30,12,12,73.31476593017578,45.653629302978516,0,0,0,0,0,0,0,0,1,1,1,1,1,1,1,1,1,0,0,0,0,0,0,1,1
2007-12-26 12:15:00+00:00,30,12,12,313.0249938964844,310.8890380859375,0,0,0,0,0,0,0,0,0,0,0,0,0,0,0,0,1,0,0,0,0,0,0,0,0
2007-12-26 12:15:00+00:00,30,12,12,94.80821990966797,54.97846221923828,0,0,0,0,0,0,0,0,0,1,1,1,1,1,1,1,1,0,0,0,0,0,0,0,1
2007-12-26 12:15:00+00:00,30,12,12,143.62100219726562,76.02408599853516,0,0,0,0,0,0,0,0,0,0,0,1,1,1,1,1,1,0,0,0,0,0,0,0,0
2007-12-26 12:15:00+00:00,30,12,12,176.8554229736328,170.7363739013672,0,0,0,0,0,0,0,0,0,0,0,0,1,1,1,1,1,0,0,0,0,0,0,0,0
2007-12-26 12:15:00+00:00,30,12,12,,,0,0,0,0,0,0,0,0,0,0,0,0,0,0,0,0,0,0,0,0,0,0,0,0,0
2007-12-26 12:15:00+00:00,30,12,12,305.53619384765625,190.3568115234375,0,0,0,0,0,0,0,0,0,0,0,0,0,0,0,0,1,0,0,0,0,0,0,0,0
2007-12-26 12:15:00+00:00,30,12,12,246.69412231445312,209.28477478027344,0,0,0,0,0,0,0,0,0,0,0,0,0,0,1,1,1,0,0,0,0,0,0,0,0
2007-12-26 12:15:00+00:00,30,12,12,,,0,0,0,0,0,0,0,0,0,0,0,0,0,0,0,0,0,0,0,0,0,0,0,0,0
2007-12-26 12:30:00+00:00,30,12,12,,,0,0,0,0,0,0,0,0,0,0,0,0,0,0,0,0,0,0,0,0,0,0,0,0,0
2007-12-26 12:30:00+00:00,30,12,12,65.72694396972656,58.45505142211914,0,0,0,0,0,0,0,0,1,1,1,1,1,1,1,1,1,0,0,0,0,0,0,0,1
2007-12-26 12:30:00+00:00,30,12,12,29.265625,24.535219192504883,0,0,0,0,1,1,1,1,1,1,1,1,1,1,1,1,1,0,0,0,1,1,1,1,1
2007-12-26 12:30:00+00:00,30,12,12,132.3551788330078,126.0916748046875,0,0,0,0,0,0,0,0,0,0,0,1,1,1,1,1,1,0,0,0,0,0,0,0,0
2007-12-26 12:30:00+00:00,30,12,12,89.66311645507812,10.351348876953125,0,0,0,0,0,0,0,0,0,1,1,1,1,1,1,1,1,0,1,1,1,1,1,1,1
2007-12-26 12:30:00+00:00,30,12,12,131.36654663085938,69.81254577636719,0,0,0,0,0,0,0,0,0,0,0,1,1,1,1,1,1,0,0,0,0,0,0,0,0
2007-12-26 12:30:00+00:00,30,12,12,101.4847640991211,87.0682373046875,0,0,0,0,0,0,0,0,0,0,1,1,1,1,1,1,1,0,0,0,0,0,0,0,0
2007-12-26 12:30:00+00:00,30,12,12,231.9978790283203,201.3205108642578,0,0,0,0,0,0,0,0,0,0,0,0,0,0,1,1,1,0,0,0,0,0,0,0,0
2007-12-26 12:30:00+00:00,30,12,12,162.0093231201172,105.17315673828125,0,0,0,0,0,0,0,0,0,0,0,0,1,1,1,1,1,0,0,0,0,0,0,0,0
2007-12-26 12:45:00+00:00,30,12,12,143.9357452392578,103.09376525878906,0,0,0,0,0,0,0,0,0,0,0,1,1,1,1,1,1,0,0,0,0,0,0,0,0
2007-12-26 12:45:00+00:00,30,12,12,60.08908462524414,60.08908462524414,0,0,0,0,0,0,0,0,1,1,1,1,1,1,1,1,1,0,0,0,0,0,0,0,0
2007-12-26 12:45:00+00:00,30,12,12,64.75920867919922,63.817317962646484,0,0,0,0,0,0,0,0,1,1,1,1,1,1,1,1,1,0,0,0,0,0,0,0,0
2007-12-26 12:45:00+00:00,30,12,12,228.95559692382812,201.04566955566406,0,0,0,0,0,0,0,0,0,0,0,0,0,0,1,1,1,0,0,0,0,0,0,0,0
2007-12-26 12:45:00+00:00,30,12,12,99.8983154296875,51.084815979003906,0,0,0,0,0,0,0,0,0,1,1,1,1,1,1,1,1,0,0,0,0,0,0,0,1
2007-12-26 12:45:00+00:00,30,12,12,152.0478057861328,69.45293426513672,0,0,0,0,0,0,0,0,0,0,0,0,1,1,1,1,1,0,0,0,0,0,0,0,0
2007-12-26 12:45:00+00:00,30,12,12,185.71368408203125,55.69969177246094,0,0,0,0,0,0,0,0,0,0,0,0,0,1,1,1,1,0,0,0,0,0,0,0,1
2007-12-26 12:45:00+00:00,30,12,12,238.1827392578125,36.04953384399414,0,0,0,0,0,0,0,0,0,0,0,0,0,0,1,1,1,0,0,0,0,0,1,1,1
2007-12-26 12:45:00+00:00,30,12,12,,,0,0,0,0,0,0,0,0,0,0,0,0,0,0,0,0,0,0,0,0,0,0,0,0,0
2007-12-26 13:00:00+00:00,30,12,13,,,0,0,0,0,0,0,0,0,0,0,0,0,0,0,0,0,0,0,0,0,0,0,0,0,0
2007-12-26 13:00:00+00:00,30,12,13,163.62930297851562,173.4383087158203,0,0,0,0,0,0,0,0,0,0,0,0,1,1,1,1,1,0,0,0,0,0,0,0,0
2007-12-26 13:00:00+00:00,30,12,13,174.89320373535156,156.20884704589844,0,0,0,0,0,0,0,0,0,0,0,0,1,1,1,1,1,0,0,0,0,0,0,0,0
2007-12-26 13:00:00+00:00,30,12,13,,142.70675659179688,0,0,0,0,0,0,0,0,0,0,0,0,0,0,0,0,0,0,0,0,0,0,0,0,0
2007-12-26 13:15:00+00:00,30,12,13,,,0,0,0,0,0,0,0,0,0,0,0,0,0,0,0,0,0,0,0,0,0,0,0,0,0
2007-12-26 13:15:00+00:00,30,12,13,153.34854125976562,151.91917419433594,0,0,0,0,0,0,0,0,0,0,0,0,1,1,1,1,1,0,0,0,0,0,0,0,0
2007-12-26 13:15:00+00:00,30,12,13,167.0553741455078,158.49783325195312,0,0,0,0,0,0,0,0,0,0,0,0,1,1,1,1,1,0,0,0,0,0,0,0,0
2007-12-26 13:15:00+00:00,30,12,13,,215.86241149902344,0,0,0,0,0,0,0,0,0,0,0,0,0,0,0,0,0,0,0,0,0,0,0,0,0
2007-12-26 13:30:00+00:00,30,12,13,155.8229217529297,151.6344757080078,0,0,0,0,0,0,0,0,0,0,0,0,1,1,1,1,1,0,0,0,0,0,0,0,0
2007-12-26 13:30:00+00:00,30,12,13,24.221691131591797,9.532279014587402,0,0,0,1,1,1,1,1,1,1,1,1,1,1,1,1,1,1,1,1,1,1,1,1,1
2007-12-26 13:30:00+00:00,30,12,13,229.89918518066406,224.7469024658203,0,0,0,0,0,0,0,0,0,0,0,0,0,0,1,1,1,0,0,0,0,0,0,0,0
2007-12-26 13:30:00+00:00,30,12,13,135.88836669921875,127.88269805908203,0,0,0,0,0,0,0,0,0,0,0,1,1,1,1,1,1,0,0,0,0,0,0,0,0
2007-12-26 13:45:00+00:00,30,12,13,,103.00982666015625,0,0,0,0,0,0,0,0,0,0,0,0,0,0,0,0,0,0,0,0,0,0,0,0,0
2007-12-26 13:45:00+00:00,30,12,13,170.2966766357422,170.10316467285156,0,0,0,0,0,0,0,0,0,0,0,0,1,1,1,1,1,0,0,0,0,0,0,0,0
2007-12-26 13:45:00+00:00,30,12,13,157.48016357421875,60.63656997680664,0,0,0,0,0,0,0,0,0,0,0,0,1,1,1,1,1,0,0,0,0,0,0,0,0
2007-12-26 13:45:00+00:00,30,12,13,245.45689392089844,243.2547607421875,0,0,0,0,0,0,0,0,0,0,0,0,0,0,1,1,1,0,0,0,0,0,0,0,0
2007-12-26 14:00:00+00:00,30,12,14,98.82955169677734,76.7388916015625,0,0,0,0,0,0,0,0,0,1,1,1,1,1,1,1,1,0,0,0,0,0,0,0,0
2007-12-26 14:00:00+00:00,30,12,14,117.12004089355469,42.78049850463867,0,0,0,0,0,0,0,0,0,0,1,1,1,1,1,1,1,0,0,0,0,0,0,1,1
2007-12-26 14:00:00+00:00,30,12,14,136.39935302734375,4.752431869506836,0,0,0,0,0,0,0,0,0,0,0,1,1,1,1,1,1,1,1,1,1,1,1,1,1
2007-12-26 14:15:00+00:00,30,12,14,115.50593566894531,85.83382415771484,0,0,0,0,0,0,0,0,0,0,1,1,1,1,1,1,1,0,0,0,0,0,0,0,0
2007-12-26 14:15:00+00:00,30,12,14,114.37467956542969,212.1348419189453,0,0,0,0,0,0,0,0,0,0,1,1,1,1,1,1,1,0,0,0,0,0,0,0,0
2007-12-26 14:30:00+00:00,30,12,14,60.20610809326172,127.2871322631836,0,0,0,0,0,0,0,0,1,1,1,1,1,1,1,1,1,0,0,0,0,0,0,0,0
2007-12-26 14:30:00+00:00,30,12,14,296.3521728515625,276.32452392578125,0,0,0,0,0,0,0,0,0,0,0,0,0,0,0,1,1,0,0,0,0,0,0,0,0
2007-12-26 14:30:00+00:00,30,12,14,,,0,0,0,0,0,0,0,0,0,0,0,0,0,0,0,0,0,0,0,0,0,0,0,0,0
2007-12-26 14:45:00+00:00,30,12,14,64.53243255615234,72.16194915771484,0,0,0,0,0,0,0,0,1,1,1,1,1,1,1,1,1,0,0,0,0,0,0,0,0
2007-12-26 14:45:00+00:00,30,12,14,84.76065063476562,68.37303924560547,0,0,0,0,0,0,0,0,0,1,1,1,1,1,1,1,1,0,0,0,0,0,0,0,0
2007-12-26 14:45:00+00:00,30,12,14,68.35101318359375,66.59527587890625,0,0,0,0,0,0,0,0,1,1,1,1,1,1,1,1,1,0,0,0,0,0,0,0,0
2007-12-26 14:45:00+00:00,30,12,14,19.662282943725586,26.71038055419922,0,0,1,1,1,1,1,1,1,1,1,1,1,1,1,1,1,0,0,0,0,1,1,1,1
2007-12-26 14:45:00+00:00,30,12,14,80.42105865478516,77.43860626220703,0,0,0,0,0,0,0,0,0,1,1,1,1,1,1,1,1,0,0,0,0,0,0,0,0
2007-12-26 14:45:00+00:00,30,12,14,190.71937561035156,159.3831024169922,0,0,0,0,0,0,0,0,0,0,0,0,0,1,1,1,1,0,0,0,0,0,0,0,0
2007-12-26 14:45:00+00:00,30,12,14,249.13272094726562,206.75607299804688,0,0,0,0,0,0,0,0,0,0,0,0,0,0,1,1,1,0,0,0,0,0,0,0,0
2007-12-26 14:45:00+00:00,30,12,14,113.83717346191406,118.03819274902344,0,0,0,0,0,0,0,0,0,0,1,1,1,1,1,1,1,0,0,0,0,0,0,0,0
2007-12-26 15:00:00+00:00,30,12,15,113.73814392089844,147.0641632080078,0,0,0,0,0,0,0,0,0,0,1,1,1,1,1,1,1,0,0,0,0,0,0,0,0
2007-12-26 15:00:00+00:00,30,12,15,160.64833068847656,209.64944458007812,0,0,0,0,0,0,0,0,0,0,0,0,1,1,1,1,1,0,0,0,0,0,0,0,0
2007-12-26 15:00:00+00:00,30,12,15,458.47344970703125,253.9750213623047,0,0,0,0,0,0,0,0,0,0,0,0,0,0,0,0,0,0,0,0,0,0,0,0,0
2007-12-26 15:15:00+00:00,30,12,15,118.21240997314453,113.3856201171875,0,0,0,0,0,0,0,0,0,0,1,1,1,1,1,1,1,0,0,0,0,0,0,0,0
2007-12-26 15:15:00+00:00,30,12,15,98.54585266113281,103.0062484741211,0,0,0,0,0,0,0,0,0,1,1,1,1,1,1,1,1,0,0,0,0,0,0,0,0
2007-12-26 15:15:00+00:00,30,12,15,77.6578598022461,19.726896286010742,0,0,0,0,0,0,0,0,1,1,1,1,1,1,1,1,1,0,0,1,1,1,1,1,1
2007-12-26 15:15:00+00:00,30,12,15,,,0,0,0,0,0,0,0,0,0,0,0,0,0,0,0,0,0,0,0,0,0,0,0,0,0
2007-12-26 15:30:00+00:00,30,12,15,92.0311508178711,81.50202178955078,0,0,0,0,0,0,0,0,0,1,1,1,1,1,1,1,1,0,0,0,0,0,0,0,0
2007-12-26 15:30:00+00:00,30,12,15,44.65462875366211,106.78630828857422,0,0,0,0,0,0,1,1,1,1,1,1,1,1,1,1,1,0,0,0,0,0,0,0,0
2007-12-26 15:30:00+00:00,30,12,15,202.8165740966797,158.4570770263672,0,0,0,0,0,0,0,0,0,0,0,0,0,0,1,1,1,0,0,0,0,0,0,0,0
2007-12-26 15:30:00+00:00,30,12,15,,,0,0,0,0,0,0,0,0,0,0,0,0,0,0,0,0,0,0,0,0,0,0,0,0,0
2007-12-26 15:45:00+00:00,30,12,15,271.49749755859375,269.6763000488281,0,0,0,0,0,0,0,0,0,0,0,0,0,0,0,1,1,0,0,0,0,0,0,0,0
2007-12-26 15:45:00+00:00,30,12,15,121.80352783203125,109.42393493652344,0,0,0,0,0,0,0,0,0,0,0,1,1,1,1,1,1,0,0,0,0,0,0,0,0
2007-12-26 15:45:00+00:00,30,12,15,157.7013397216797,59.25341033935547,0,0,0,0,0,0,0,0,0,0,0,0,1,1,1,1,1,0,0,0,0,0,0,0,1
2007-12-26 15:45:00+00:00,30,12,15,114.24662017822266,26.97467803955078,0,0,0,0,0,0,0,0,0,0,1,1,1,1,1,1,1,0,0,0,0,1,1,1,1
2007-12-26 15:45:00+00:00,30,12,15,51.37467575073242,3.113497018814087,0,0,0,0,0,0,0,1,1,1,1,1,1,1,1,1,1,1,1,1,1,1,1,1,1
2007-12-26 15:45:00+00:00,30,12,15,43.98490524291992,53.965667724609375,0,0,0,0,0,0,1,1,1,1,1,1,1,1,1,1,1,0,0,0,0,0,0,0,1
2007-12-26 15:45:00+00:00,30,12,15,,,0,0,0,0,0,0,0,0,0,0,0,0,0,0,0,0,0,0,0,0,0,0,0,0,0
2007-12-26 15:45:00+00:00,30,12,15,,,0,0,0,0,0,0,0,0,0,0,0,0,0,0,0,0,0,0,0,0,0,0,0,0,0
2007-12-26 15:45:00+00:00,30,12,15,,,0,0,0,0,0,0,0,0,0,0,0,0,0,0,0,0,0,0,0,0,0,0,0,0,0
2007-12-26 16:00:00+00:00,30,12,16,244.3959197998047,238.05856323242188,0,0,0,0,0,0,0,0,0,0,0,0,0,0,1,1,1,0,0,0,0,0,0,0,0
2007-12-26 16:00:00+00:00,30,12,16,,,0,0,0,0,0,0,0,0,0,0,0,0,0,0,0,0,0,0,0,0,0,0,0,0,0
2007-12-26 16:15:00+00:00,30,12,16,,203.47183227539062,0,0,0,0,0,0,0,0,0,0,0,0,0,0,0,0,0,0,0,0,0,0,0,0,0
2007-12-26 16:30:00+00:00,30,12,16,151.58131408691406,236.4905242919922,0,0,0,0,0,0,0,0,0,0,0,0,1,1,1,1,1,0,0,0,0,0,0,0,0
2007-12-26 16:30:00+00:00,30,12,16,203.95692443847656,196.65016174316406,0,0,0,0,0,0,0,0,0,0,0,0,0,0,1,1,1,0,0,0,0,0,0,0,0
2007-12-26 16:45:00+00:00,30,12,16,47.286258697509766,0.0,0,0,0,0,0,0,1,1,1,1,1,1,1,1,1,1,1,1,1,1,1,1,1,1,1
2007-12-26 16:45:00+00:00,30,12,16,370.87255859375,348.404296875,0,0,0,0,0,0,0,0,0,0,0,0,0,0,0,0,0,0,0,0,0,0,0,0,0
2007-12-26 16:45:00+00:00,30,12,16,221.33517456054688,200.93174743652344,0,0,0,0,0,0,0,0,0,0,0,0,0,0,1,1,1,0,0,0,0,0,0,0,0
2007-12-26 16:45:00+00:00,30,12,16,86.56426239013672,71.01663970947266,0,0,0,0,0,0,0,0,0,1,1,1,1,1,1,1,1,0,0,0,0,0,0,0,0
2007-12-26 17:00:00+00:00,30,12,17,45.096900939941406,45.37671661376953,0,0,0,0,0,0,1,1,1,1,1,1,1,1,1,1,1,0,0,0,0,0,0,1,1
2007-12-26 17:00:00+00:00,30,12,17,30.779945373535156,25.769777297973633,0,0,0,0,0,1,1,1,1,1,1,1,1,1,1,1,1,0,0,0,0,1,1,1,1
2007-12-26 17:00:00+00:00,30,12,17,48.04415512084961,22.677940368652344,0,0,0,0,0,0,1,1,1,1,1,1,1,1,1,1,1,0,0,0,1,1,1,1,1
2007-12-26 17:00:00+00:00,30,12,17,139.95838928222656,122.84230041503906,0,0,0,0,0,0,0,0,0,0,0,1,1,1,1,1,1,0,0,0,0,0,0,0,0
2007-12-26 17:00:00+00:00,30,12,17,116.40059661865234,97.90550231933594,0,0,0,0,0,0,0,0,0,0,1,1,1,1,1,1,1,0,0,0,0,0,0,0,0
2007-12-26 17:00:00+00:00,30,12,17,107.581298828125,132.46768188476562,0,0,0,0,0,0,0,0,0,0,1,1,1,1,1,1,1,0,0,0,0,0,0,0,0
2007-12-26 17:15:00+00:00,30,12,17,35.1439094543457,33.01045227050781,0,0,0,0,0,1,1,1,1,1,1,1,1,1,1,1,1,0,0,0,0,0,1,1,1
2007-12-26 17:15:00+00:00,30,12,17,48.857791900634766,56.04486846923828,0,0,0,0,0,0,1,1,1,1,1,1,1,1,1,1,1,0,0,0,0,0,0,0,1
2007-12-26 17:15:00+00:00,30,12,17,169.26528930664062,168.90626525878906,0,0,0,0,0,0,0,0,0,0,0,0,1,1,1,1,1,0,0,0,0,0,0,0,0
2007-12-26 17:15:00+00:00,30,12,17,440.30059814453125,449.142822265625,0,0,0,0,0,0,0,0,0,0,0,0,0,0,0,0,0,0,0,0,0,0,0,0,0
2007-12-26 17:15:00+00:00,30,12,17,145.85537719726562,166.6038055419922,0,0,0,0,0,0,0,0,0,0,0,1,1,1,1,1,1,0,0,0,0,0,0,0,0
2007-12-26 17:30:00+00:00,30,12,17,274.5605773925781,246.63832092285156,0,0,0,0,0,0,0,0,0,0,0,0,0,0,0,1,1,0,0,0,0,0,0,0,0
2007-12-26 17:30:00+00:00,30,12,17,331.4908142089844,323.53125,0,0,0,0,0,0,0,0,0,0,0,0,0,0,0,0,1,0,0,0,0,0,0,0,0
2007-12-26 17:30:00+00:00,30,12,17,,,0,0,0,0,0,0,0,0,0,0,0,0,0,0,0,0,0,0,0,0,0,0,0,0,0
2007-12-26 17:30:00+00:00,30,12,17,,321.808837890625,0,0,0,0,0,0,0,0,0,0,0,0,0,0,0,0,0,0,0,0,0,0,0,0,0
2007-12-26 17:45:00+00:00,30,12,17,74.28280639648438,176.5467529296875,0,0,0,0,0,0,0,0,1,1,1,1,1,1,1,1,1,0,0,0,0,0,0,0,0
2007-12-26 17:45:00+00:00,30,12,17,165.5319366455078,319.48028564453125,0,0,0,0,0,0,0,0,0,0,0,0,1,1,1,1,1,0,0,0,0,0,0,0,0
2007-12-27 10:00:00+00:00,30,12,10,99.28004455566406,15.300252914428711,0,0,0,0,0,0,0,0,0,1,1,1,1,1,1,1,1,0,0,1,1,1,1,1,1
2007-12-27 10:00:00+00:00,30,12,10,163.8523406982422,173.05160522460938,0,0,0,0,0,0,0,0,0,0,0,0,1,1,1,1,1,0,0,0,0,0,0,0,0
2007-12-27 10:00:00+00:00,30,12,10,88.08291625976562,86.65080261230469,0,0,0,0,0,0,0,0,0,1,1,1,1,1,1,1,1,0,0,0,0,0,0,0,0
2007-12-27 10:00:00+00:00,30,12,10,351.2644348144531,256.1591796875,0,0,0,0,0,0,0,0,0,0,0,0,0,0,0,0,0,0,0,0,0,0,0,0,0
2007-12-27 10:00:00+00:00,30,12,10,135.24899291992188,128.1478729248047,0,0,0,0,0,0,0,0,0,0,0,1,1,1,1,1,1,0,0,0,0,0,0,0,0
2007-12-27 10:00:00+00:00,30,12,10,374.3062744140625,370.9200744628906,0,0,0,0,0,0,0,0,0,0,0,0,0,0,0,0,0,0,0,0,0,0,0,0,0
2007-12-27 10:00:00+00:00,30,12,10,395.7125549316406,397.26226806640625,0,0,0,0,0,0,0,0,0,0,0,0,0,0,0,0,0,0,0,0,0,0,0,0,0
2007-12-27 10:00:00+00:00,30,12,10,270.0621643066406,270.7084655761719,0,0,0,0,0,0,0,0,0,0,0,0,0,0,0,1,1,0,0,0,0,0,0,0,0
2007-12-27 10:00:00+00:00,30,12,10,439.4942321777344,404.05517578125,0,0,0,0,0,0,0,0,0,0,0,0,0,0,0,0,0,0,0,0,0,0,0,0,0
2007-12-27 10:00:00+00:00,30,12,10,291.6710510253906,195.572998046875,0,0,0,0,0,0,0,0,0,0,0,0,0,0,0,1,1,0,0,0,0,0,0,0,0
2007-12-27 10:00:00+00:00,30,12,10,320.0397033691406,129.9010772705078,0,0,0,0,0,0,0,0,0,0,0,0,0,0,0,0,1,0,0,0,0,0,0,0,0
2007-12-27 10:00:00+00:00,30,12,10,212.64405822753906,181.67959594726562,0,0,0,0,0,0,0,0,0,0,0,0,0,0,1,1,1,0,0,0,0,0,0,0,0
2007-12-27 10:00:00+00:00,30,12,10,150.46746826171875,120.93411254882812,0,0,0,0,0,0,0,0,0,0,0,0,1,1,1,1,1,0,0,0,0,0,0,0,0
2007-12-27 10:00:00+00:00,30,12,10,140.82510375976562,100.44733428955078,0,0,0,0,0,0,0,0,0,0,0,1,1,1,1,1,1,0,0,0,0,0,0,0,0
2007-12-27 10:00:00+00:00,30,12,10,136.69766235351562,111.09487915039062,0,0,0,0,0,0,0,0,0,0,0,1,1,1,1,1,1,0,0,0,0,0,0,0,0
2007-12-27 10:00:00+00:00,30,12,10,260.0446472167969,248.69549560546875,0,0,0,0,0,0,0,0,0,0,0,0,0,0,0,1,1,0,0,0,0,0,0,0,0
2007-12-27 10:00:00+00:00,30,12,10,171.57369995117188,184.064697265625,0,0,0,0,0,0,0,0,0,0,0,0,1,1,1,1,1,0,0,0,0,0,0,0,0
2007-12-27 10:15:00+00:00,30,12,10,107.21520233154297,82.24796295166016,0,0,0,0,0,0,0,0,0,0,1,1,1,1,1,1,1,0,0,0,0,0,0,0,0
2007-12-27 10:15:00+00:00,30,12,10,114.79315185546875,103.34478759765625,0,0,0,0,0,0,0,0,0,0,1,1,1,1,1,1,1,0,0,0,0,0,0,0,0
2007-12-27 10:15:00+00:00,30,12,10,,,0,0,0,0,0,0,0,0,0,0,0,0,0,0,0,0,0,0,0,0,0,0,0,0,0
2007-12-27 10:15:00+00:00,30,12,10,264.00140380859375,266.8248291015625,0,0,0,0,0,0,0,0,0,0,0,0,0,0,0,1,1,0,0,0,0,0,0,0,0
2007-12-27 10:15:00+00:00,30,12,10,,,0,0,0,0,0,0,0,0,0,0,0,0,0,0,0,0,0,0,0,0,0,0,0,0,0
2007-12-27 10:15:00+00:00,30,12,10,,524.8751220703125,0,0,0,0,0,0,0,0,0,0,0,0,0,0,0,0,0,0,0,0,0,0,0,0,0
2007-12-27 10:15:00+00:00,30,12,10,,466.0892639160156,0,0,0,0,0,0,0,0,0,0,0,0,0,0,0,0,0,0,0,0,0,0,0,0,0
2007-12-27 10:15:00+00:00,30,12,10,282.045166015625,280.9214172363281,0,0,0,0,0,0,0,0,0,0,0,0,0,0,0,1,1,0,0,0,0,0,0,0,0
2007-12-27 10:15:00+00:00,30,12,10,44.23607635498047,35.42638397216797,0,0,0,0,0,0,1,1,1,1,1,1,1,1,1,1,1,0,0,0,0,0,1,1,1
2007-12-27 10:15:00+00:00,30,12,10,124.99950408935547,103.69406127929688,0,0,0,0,0,0,0,0,0,0,0,1,1,1,1,1,1,0,0,0,0,0,0,0,0
2007-12-27 10:15:00+00:00,30,12,10,296.6725158691406,258.09423828125,0,0,0,0,0,0,0,0,0,0,0,0,0,0,0,1,1,0,0,0,0,0,0,0,0
2007-12-27 10:15:00+00:00,30,12,10,458.99432373046875,,0,0,0,0,0,0,0,0,0,0,0,0,0,0,0,0,0,0,0,0,0,0,0,0,0
2007-12-27 10:30:00+00:00,30,12,10,67.90251159667969,53.398963928222656,0,0,0,0,0,0,0,0,1,1,1,1,1,1,1,1,1,0,0,0,0,0,0,0,1
2007-12-27 10:30:00+00:00,30,12,10,66.1043472290039,63.32524490356445,0,0,0,0,0,0,0,0,1,1,1,1,1,1,1,1,1,0,0,0,0,0,0,0,0
2007-12-27 10:30:00+00:00,30,12,10,96.82063293457031,73.672607421875,0,0,0,0,0,0,0,0,0,1,1,1,1,1,1,1,1,0,0,0,0,0,0,0,0
2007-12-27 10:30:00+00:00,30,12,10,103.63008880615234,103.55941009521484,0,0,0,0,0,0,0,0,0,0,1,1,1,1,1,1,1,0,0,0,0,0,0,0,0
2007-12-27 10:30:00+00:00,30,12,10,68.0042495727539,0.0,0,0,0,0,0,0,0,0,1,1,1,1,1,1,1,1,1,1,1,1,1,1,1,1,1
2007-12-27 10:30:00+00:00,30,12,10,158.75909423828125,113.73798370361328,0,0,0,0,0,0,0,0,0,0,0,0,1,1,1,1,1,0,0,0,0,0,0,0,0
2007-12-27 10:30:00+00:00,30,12,10,179.7653350830078,158.49952697753906,0,0,0,0,0,0,0,0,0,0,0,0,1,1,1,1,1,0,0,0,0,0,0,0,0
2007-12-27 10:30:00+00:00,30,12,10,159.98350524902344,159.09336853027344,0,0,0,0,0,0,0,0,0,0,0,0,1,1,1,1,1,0,0,0,0,0,0,0,0
2007-12-27 10:30:00+00:00,30,12,10,192.07421875,141.95729064941406,0,0,0,0,0,0,0,0,0,0,0,0,0,1,1,1,1,0,0,0,0,0,0,0,0
2007-12-27 10:30:00+00:00,30,12,10,421.8512268066406,405.41607666015625,0,0,0,0,0,0,0,0,0,0,0,0,0,0,0,0,0,0,0,0,0,0,0,0,0
2007-12-27 10:45:00+00:00,30,12,10,428.10693359375,388.8781433105469,0,0,0,0,0,0,0,0,0,0,0,0,0,0,0,0,0,0,0,0,0,0,0,0,0
2007-12-27 10:45:00+00:00,30,12,10,189.81175231933594,150.93984985351562,0,0,0,0,0,0,0,0,0,0,0,0,0,1,1,1,1,0,0,0,0,0,0,0,0
2007-12-27 10:45:00+00:00,30,12,10,226.5424346923828,199.79519653320312,0,0,0,0,0,0,0,0,0,0,0,0,0,0,1,1,1,0,0,0,0,0,0,0,0
2007-12-27 10:45:00+00:00,30,12,10,487.8426818847656,468.7286376953125,0,0,0,0,0,0,0,0,0,0,0,0,0,0,0,0,0,0,0,0,0,0,0,0,0
2007-12-27 10:45:00+00:00,30,12,10,177.38734436035156,204.81277465820312,0,0,0,0,0,0,0,0,0,0,0,0,1,1,1,1,1,0,0,0,0,0,0,0,0
2007-12-27 10:45:00+00:00,30,12,10,85.86580657958984,101.68480682373047,0,0,0,0,0,0,0,0,0,1,1,1,1,1,1,1,1,0,0,0,0,0,0,0,0
2007-12-27 10:45:00+00:00,30,12,10,,,0,0,0,0,0,0,0,0,0,0,0,0,0,0,0,0,0,0,0,0,0,0,0,0,0
2007-12-27 11:00:00+00:00,30,12,11,128.36392211914062,77.57162475585938,0,0,0,0,0,0,0,0,0,0,0,1,1,1,1,1,1,0,0,0,0,0,0,0,0
2007-12-27 11:00:00+00:00,30,12,11,212.3480682373047,285.4278869628906,0,0,0,0,0,0,0,0,0,0,0,0,0,0,1,1,1,0,0,0,0,0,0,0,0
2007-12-27 11:00:00+00:00,30,12,11,88.03250885009766,98.65184020996094,0,0,0,0,0,0,0,0,0,1,1,1,1,1,1,1,1,0,0,0,0,0,0,0,0
2007-12-27 11:00:00+00:00,30,12,11,99.9459457397461,99.03080749511719,0,0,0,0,0,0,0,0,0,1,1,1,1,1,1,1,1,0,0,0,0,0,0,0,0
2007-12-27 11:00:00+00:00,30,12,11,130.16018676757812,5.900233745574951,0,0,0,0,0,0,0,0,0,0,0,1,1,1,1,1,1,1,1,1,1,1,1,1,1
2007-12-27 11:00:00+00:00,30,12,11,202.42355346679688,201.16600036621094,0,0,0,0,0,0,0,0,0,0,0,0,0,0,1,1,1,0,0,0,0,0,0,0,0
2007-12-27 11:00:00+00:00,30,12,11,244.40493774414062,219.9788055419922,0,0,0,0,0,0,0,0,0,0,0,0,0,0,1,1,1,0,0,0,0,0,0,0,0
2007-12-27 11:00:00+00:00,30,12,11,154.7047882080078,186.52224731445312,0,0,0,0,0,0,0,0,0,0,0,0,1,1,1,1,1,0,0,0,0,0,0,0,0
2007-12-27 11:00:00+00:00,30,12,11,169.3314208984375,154.61767578125,0,0,0,0,0,0,0,0,0,0,0,0,1,1,1,1,1,0,0,0,0,0,0,0,0
2007-12-27 11:00:00+00:00,30,12,11,340.8079833984375,353.0791015625,0,0,0,0,0,0,0,0,0,0,0,0,0,0,0,0,1,0,0,0,0,0,0,0,0
2007-12-27 11:00:00+00:00,30,12,11,219.28749084472656,251.80287170410156,0,0,0,0,0,0,0,0,0,0,0,0,0,0,1,1,1,0,0,0,0,0,0,0,0
2007-12-27 11:00:00+00:00,30,12,11,246.1842498779297,19.677202224731445,0,0,0,0,0,0,0,0,0,0,0,0,0,0,1,1,1,0,0,1,1,1,1,1,1
2007-12-27 11:15:00+00:00,30,12,11,440.3558044433594,221.05162048339844,0,0,0,0,0,0,0,0,0,0,0,0,0,0,0,0,0,0,0,0,0,0,0,0,0
2007-12-27 11:15:00+00:00,30,12,11,65.21390533447266,56.20916748046875,0,0,0,0,0,0,0,0,1,1,1,1,1,1,1,1,1,0,0,0,0,0,0,0,1
2007-12-27 11:15:00+00:00,30,12,11,107.64221954345703,99.55337524414062,0,0,0,0,0,0,0,0,0,0,1,1,1,1,1,1,1,0,0,0,0,0,0,0,0
2007-12-27 11:15:00+00:00,30,12,11,202.91392517089844,283.4781188964844,0,0,0,0,0,0,0,0,0,0,0,0,0,0,1,1,1,0,0,0,0,0,0,0,0
2007-12-27 11:15:00+00:00,30,12,11,256.5281677246094,145.70458984375,0,0,0,0,0,0,0,0,0,0,0,0,0,0,0,1,1,0,0,0,0,0,0,0,0
2007-12-27 11:15:00+00:00,30,12,11,228.6415252685547,122.26378631591797,0,0,0,0,0,0,0,0,0,0,0,0,0,0,1,1,1,0,0,0,0,0,0,0,0
2007-12-27 11:15:00+00:00,30,12,11,417.1915588378906,393.5055847167969,0,0,0,0,0,0,0,0,0,0,0,0,0,0,0,0,0,0,0,0,0,0,0,0,0
2007-12-27 11:15:00+00:00,30,12,11,205.3181610107422,132.28579711914062,0,0,0,0,0,0,0,0,0,0,0,0,0,0,1,1,1,0,0,0,0,0,0,0,0
2007-12-27 11:15:00+00:00,30,12,11,,,0,0,0,0,0,0,0,0,0,0,0,0,0,0,0,0,0,0,0,0,0,0,0,0,0
2007-12-27 11:15:00+00:00,30,12,11,181.46023559570312,135.99948120117188,0,0,0,0,0,0,0,0,0,0,0,0,0,1,1,1,1,0,0,0,0,0,0,0,0
2007-12-27 11:15:00+00:00,30,12,11,126.71328735351562,165.3202362060547,0,0,0,0,0,0,0,0,0,0,0,1,1,1,1,1,1,0,0,0,0,0,0,0,0
2007-12-27 11:15:00+00:00,30,12,11,,,0,0,0,0,0,0,0,0,0,0,0,0,0,0,0,0,0,0,0,0,0,0,0,0,0
2007-12-27 11:30:00+00:00,30,12,11,410.41107177734375,40.943626403808594,0,0,0,0,0,0,0,0,0,0,0,0,0,0,0,0,0,0,0,0,0,0,0,1,1
2007-12-27 11:30:00+00:00,30,12,11,196.26016235351562,273.3893737792969,0,0,0,0,0,0,0,0,0,0,0,0,0,1,1,1,1,0,0,0,0,0,0,0,0
2007-12-27 11:30:00+00:00,30,12,11,,196.99761962890625,0,0,0,0,0,0,0,0,0,0,0,0,0,0,0,0,0,0,0,0,0,0,0,0,0
2007-12-27 11:30:00+00:00,30,12,11,84.45375061035156,75.18769073486328,0,0,0,0,0,0,0,0,0,1,1,1,1,1,1,1,1,0,0,0,0,0,0,0,0
2007-12-27 11:30:00+00:00,30,12,11,231.82464599609375,255.95053100585938,0,0,0,0,0,0,0,0,0,0,0,0,0,0,1,1,1,0,0,0,0,0,0,0,0
2007-12-27 11:30:00+00:00,30,12,11,186.46405029296875,203.5683135986328,0,0,0,0,0,0,0,0,0,0,0,0,0,1,1,1,1,0,0,0,0,0,0,0,0
2007-12-27 11:30:00+00:00,30,12,11,369.1485595703125,344.68292236328125,0,0,0,0,0,0,0,0,0,0,0,0,0,0,0,0,0,0,0,0,0,0,0,0,0
2007-12-27 11:30:00+00:00,30,12,11,287.3194274902344,259.68060302734375,0,0,0,0,0,0,0,0,0,0,0,0,0,0,0,1,1,0,0,0,0,0,0,0,0
2007-12-27 11:30:00+00:00,30,12,11,252.58447265625,224.62477111816406,0,0,0,0,0,0,0,0,0,0,0,0,0,0,0,1,1,0,0,0,0,0,0,0,0
2007-12-27 11:30:00+00:00,30,12,11,94.24565887451172,58.86704635620117,0,0,0,0,0,0,0,0,0,1,1,1,1,1,1,1,1,0,0,0,0,0,0,0,1
2007-12-27 11:30:00+00:00,30,12,11,155.71144104003906,131.4976348876953,0,0,0,0,0,0,0,0,0,0,0,0,1,1,1,1,1,0,0,0,0,0,0,0,0
2007-12-27 11:30:00+00:00,30,12,11,209.38922119140625,167.78009033203125,0,0,0,0,0,0,0,0,0,0,0,0,0,0,1,1,1,0,0,0,0,0,0,0,0
2007-12-27 11:30:00+00:00,30,12,11,53.22095489501953,9.90063190460205,0,0,0,0,0,0,0,1,1,1,1,1,1,1,1,1,1,1,1,1,1,1,1,1,1
2007-12-27 11:30:00+00:00,30,12,11,343.3909606933594,314.65362548828125,0,0,0,0,0,0,0,0,0,0,0,0,0,0,0,0,1,0,0,0,0,0,0,0,0
2007-12-27 11:30:00+00:00,30,12,11,75.54425048828125,44.14751434326172,0,0,0,0,0,0,0,0,1,1,1,1,1,1,1,1,1,0,0,0,0,0,0,1,1
2007-12-27 11:45:00+00:00,30,12,11,,52.43305587768555,0,0,0,0,0,0,0,0,0,0,0,0,0,0,0,0,0,0,0,0,0,0,0,0,1
2007-12-27 11:45:00+00:00,30,12,11,421.2362365722656,117.39817810058594,0,0,0,0,0,0,0,0,0,0,0,0,0,0,0,0,0,0,0,0,0,0,0,0,0
2007-12-27 11:45:00+00:00,30,12,11,118.53041076660156,111.29302978515625,0,0,0,0,0,0,0,0,0,0,1,1,1,1,1,1,1,0,0,0,0,0,0,0,0
2007-12-27 11:45:00+00:00,30,12,11,156.54913330078125,149.3887939453125,0,0,0,0,0,0,0,0,0,0,0,0,1,1,1,1,1,0,0,0,0,0,0,0,0
2007-12-27 11:45:00+00:00,30,12,11,105.14031982421875,84.72600555419922,0,0,0,0,0,0,0,0,0,0,1,1,1,1,1,1,1,0,0,0,0,0,0,0,0
2007-12-27 11:45:00+00:00,30,12,11,197.79241943359375,205.31832885742188,0,0,0,0,0,0,0,0,0,0,0,0,0,1,1,1,1,0,0,0,0,0,0,0,0
2007-12-27 11:45:00+00:00,30,12,11,145.52328491210938,160.3411407470703,0,0,0,0,0,0,0,0,0,0,0,1,1,1,1,1,1,0,0,0,0,0,0,0,0
2007-12-27 11:45:00+00:00,30,12,11,275.35595703125,250.44406127929688,0,0,0,0,0,0,0,0,0,0,0,0,0,0,0,1,1,0,0,0,0,0,0,0,0
2007-12-27 11:45:00+00:00,30,12,11,108.62718963623047,106.51675415039062,0,0,0,0,0,0,0,0,0,0,1,1,1,1,1,1,1,0,0,0,0,0,0,0,0
2007-12-27 11:45:00+00:00,30,12,11,52.80557632446289,0.0,0,0,0,0,0,0,0,1,1,1,1,1,1,1,1,1,1,1,1,1,1,1,1,1,1
2007-12-27 11:45:00+00:00,30,12,11,101.27804565429688,62.8797492980957,0,0,0,0,0,0,0,0,0,0,1,1,1,1,1,1,1,0,0,0,0,0,0,0,0
2007-12-27 12:00:00+00:00,30,12,12,153.4168701171875,137.9533233642578,0,0,0,0,0,0,0,0,0,0,0,0,1,1,1,1,1,0,0,0,0,0,0,0,0
2007-12-27 12:00:00+00:00,30,12,12,48.288177490234375,17.06974983215332,0,0,0,0,0,0,1,1,1,1,1,1,1,1,1,1,1,0,0,1,1,1,1,1,1
2007-12-27 12:00:00+00:00,30,12,12,154.8083953857422,132.33787536621094,0,0,0,0,0,0,0,0,0,0,0,0,1,1,1,1,1,0,0,0,0,0,0,0,0
2007-12-27 12:00:00+00:00,30,12,12,282.3609924316406,266.04840087890625,0,0,0,0,0,0,0,0,0,0,0,0,0,0,0,1,1,0,0,0,0,0,0,0,0
2007-12-27 12:00:00+00:00,30,12,12,144.7301025390625,122.84691619873047,0,0,0,0,0,0,0,0,0,0,0,1,1,1,1,1,1,0,0,0,0,0,0,0,0
2007-12-27 12:00:00+00:00,30,12,12,234.30393981933594,167.8459930419922,0,0,0,0,0,0,0,0,0,0,0,0,0,0,1,1,1,0,0,0,0,0,0,0,0
2007-12-27 12:00:00+00:00,30,12,12,77.56845092773438,0.0,0,0,0,0,0,0,0,0,1,1,1,1,1,1,1,1,1,1,1,1,1,1,1,1,1
2007-12-27 12:00:00+00:00,30,12,12,212.3548583984375,219.9204864501953,0,0,0,0,0,0,0,0,0,0,0,0,0,0,1,1,1,0,0,0,0,0,0,0,0
2007-12-27 12:15:00+00:00,30,12,12,239.47608947753906,223.95704650878906,0,0,0,0,0,0,0,0,0,0,0,0,0,0,1,1,1,0,0,0,0,0,0,0,0
2007-12-27 12:15:00+00:00,30,12,12,201.84689331054688,254.27435302734375,0,0,0,0,0,0,0,0,0,0,0,0,0,0,1,1,1,0,0,0,0,0,0,0,0
2007-12-27 12:15:00+00:00,30,12,12,49.471492767333984,36.48640441894531,0,0,0,0,0,0,1,1,1,1,1,1,1,1,1,1,1,0,0,0,0,0,1,1,1
2007-12-27 12:15:00+00:00,30,12,12,239.4276123046875,219.25108337402344,0,0,0,0,0,0,0,0,0,0,0,0,0,0,1,1,1,0,0,0,0,0,0,0,0
2007-12-27 12:15:00+00:00,30,12,12,298.65740966796875,227.13626098632812,0,0,0,0,0,0,0,0,0,0,0,0,0,0,0,1,1,0,0,0,0,0,0,0,0
2007-12-27 12:30:00+00:00,30,12,12,245.63406372070312,245.0293731689453,0,0,0,0,0,0,0,0,0,0,0,0,0,0,1,1,1,0,0,0,0,0,0,0,0
2007-12-27 12:30:00+00:00,30,12,12,283.2771911621094,89.73696899414062,0,0,0,0,0,0,0,0,0,0,0,0,0,0,0,1,1,0,0,0,0,0,0,0,0
2007-12-27 12:30:00+00:00,30,12,12,56.008460998535156,53.73528289794922,0,0,0,0,0,0,0,1,1,1,1,1,1,1,1,1,1,0,0,0,0,0,0,0,1
2007-12-27 12:30:00+00:00,30,12,12,162.68533325195312,131.37278747558594,0,0,0,0,0,0,0,0,0,0,0,0,1,1,1,1,1,0,0,0,0,0,0,0,0
2007-12-27 12:30:00+00:00,30,12,12,211.35874938964844,23.60308265686035,0,0,0,0,0,0,0,0,0,0,0,0,0,0,1,1,1,0,0,0,1,1,1,1,1
2007-12-27 12:45:00+00:00,30,12,12,148.57818603515625,153.44749450683594,0,0,0,0,0,0,0,0,0,0,0,1,1,1,1,1,1,0,0,0,0,0,0,0,0
2007-12-27 12:45:00+00:00,30,12,12,152.71783447265625,160.0059356689453,0,0,0,0,0,0,0,0,0,0,0,0,1,1,1,1,1,0,0,0,0,0,0,0,0
2007-12-27 12:45:00+00:00,30,12,12,95.5506591796875,102.18512725830078,0,0,0,0,0,0,0,0,0,1,1,1,1,1,1,1,1,0,0,0,0,0,0,0,0
2007-12-27 12:45:00+00:00,30,12,12,188.60450744628906,155.82766723632812,0,0,0,0,0,0,0,0,0,0,0,0,0,1,1,1,1,0,0,0,0,0,0,0,0
2007-12-27 12:45:00+00:00,30,12,12,313.8038024902344,304.75726318359375,0,0,0,0,0,0,0,0,0,0,0,0,0,0,0,0,1,0,0,0,0,0,0,0,0
2007-12-27 12:45:00+00:00,30,12,12,107.13143157958984,109.45145416259766,0,0,0,0,0,0,0,0,0,0,1,1,1,1,1,1,1,0,0,0,0,0,0,0,0
2007-12-27 13:00:00+00:00,30,12,13,97.48342895507812,80.17505645751953,0,0,0,0,0,0,0,0,0,1,1,1,1,1,1,1,1,0,0,0,0,0,0,0,0
2007-12-27 13:00:00+00:00,30,12,13,75.74222564697266,37.89814376831055,0,0,0,0,0,0,0,0,1,1,1,1,1,1,1,1,1,0,0,0,0,0,1,1,1
2007-12-27 13:00:00+00:00,30,12,13,104.686279296875,69.10859680175781,0,0,0,0,0,0,0,0,0,0,1,1,1,1,1,1,1,0,0,0,0,0,0,0,0
2007-12-27 13:15:00+00:00,30,12,13,83.83033752441406,39.1587028503418,0,0,0,0,0,0,0,0,0,1,1,1,1,1,1,1,1,0,0,0,0,0,1,1,1
2007-12-27 13:15:00+00:00,30,12,13,99.96700286865234,194.1488494873047,0,0,0,0,0,0,0,0,0,1,1,1,1,1,1,1,1,0,0,0,0,0,0,0,0
2007-12-27 13:15:00+00:00,30,12,13,,244.13995361328125,0,0,0,0,0,0,0,0,0,0,0,0,0,0,0,0,0,0,0,0,0,0,0,0,0
2007-12-27 13:15:00+00:00,30,12,13,50.391502380371094,43.8345832824707,0,0,0,0,0,0,0,1,1,1,1,1,1,1,1,1,1,0,0,0,0,0,0,1,1
2007-12-27 13:15:00+00:00,30,12,13,,,0,0,0,0,0,0,0,0,0,0,0,0,0,0,0,0,0,0,0,0,0,0,0,0,0
2007-12-27 13:30:00+00:00,30,12,13,,,0,0,0,0,0,0,0,0,0,0,0,0,0,0,0,0,0,0,0,0,0,0,0,0,0
2007-12-27 13:30:00+00:00,30,12,13,76.32027435302734,33.08148193359375,0,0,0,0,0,0,0,0,1,1,1,1,1,1,1,1,1,0,0,0,0,0,1,1,1
2007-12-27 13:30:00+00:00,30,12,13,149.5782470703125,162.81642150878906,0,0,0,0,0,0,0,0,0,0,0,1,1,1,1,1,1,0,0,0,0,0,0,0,0
2007-12-27 13:30:00+00:00,30,12,13,130.24403381347656,3.2199387550354004,0,0,0,0,0,0,0,0,0,0,0,1,1,1,1,1,1,1,1,1,1,1,1,1,1
2007-12-27 13:30:00+00:00,30,12,13,151.6512908935547,39.58696746826172,0,0,0,0,0,0,0,0,0,0,0,0,1,1,1,1,1,0,0,0,0,0,1,1,1
2007-12-27 13:30:00+00:00,30,12,13,127.7415542602539,109.83839416503906,0,0,0,0,0,0,0,0,0,0,0,1,1,1,1,1,1,0,0,0,0,0,0,0,0
2007-12-27 13:30:00+00:00,30,12,13,454.5173645019531,,0,0,0,0,0,0,0,0,0,0,0,0,0,0,0,0,0,0,0,0,0,0,0,0,0
2007-12-27 13:30:00+00:00,30,12,13,,,0,0,0,0,0,0,0,0,0,0,0,0,0,0,0,0,0,0,0,0,0,0,0,0,0
2007-12-27 13:45:00+00:00,30,12,13,356.67559814453125,320.379150390625,0,0,0,0,0,0,0,0,0,0,0,0,0,0,0,0,0,0,0,0,0,0,0,0,0
2007-12-27 13:45:00+00:00,30,12,13,300.9662170410156,343.3790283203125,0,0,0,0,0,0,0,0,0,0,0,0,0,0,0,0,1,0,0,0,0,0,0,0,0
2007-12-27 13:45:00+00:00,30,12,13,,,0,0,0,0,0,0,0,0,0,0,0,0,0,0,0,0,0,0,0,0,0,0,0,0,0
2007-12-27 14:00:00+00:00,30,12,14,446.9653625488281,,0,0,0,0,0,0,0,0,0,0,0,0,0,0,0,0,0,0,0,0,0,0,0,0,0
2007-12-27 14:00:00+00:00,30,12,14,212.85353088378906,0.0,0,0,0,0,0,0,0,0,0,0,0,0,0,0,1,1,1,1,1,1,1,1,1,1,1
2007-12-27 14:00:00+00:00,30,12,14,246.5262451171875,53.32294845581055,0,0,0,0,0,0,0,0,0,0,0,0,0,0,1,1,1,0,0,0,0,0,0,0,1
2007-12-27 14:00:00+00:00,30,12,14,317.55596923828125,128.8760528564453,0,0,0,0,0,0,0,0,0,0,0,0,0,0,0,0,1,0,0,0,0,0,0,0,0
2007-12-27 14:00:00+00:00,30,12,14,,305.185791015625,0,0,0,0,0,0,0,0,0,0,0,0,0,0,0,0,0,0,0,0,0,0,0,0,0
2007-12-27 14:00:00+00:00,30,12,14,,451.9951171875,0,0,0,0,0,0,0,0,0,0,0,0,0,0,0,0,0,0,0,0,0,0,0,0,0
2007-12-27 14:00:00+00:00,30,12,14,309.27813720703125,250.54061889648438,0,0,0,0,0,0,0,0,0,0,0,0,0,0,0,0,1,0,0,0,0,0,0,0,0
2007-12-27 14:00:00+00:00,30,12,14,332.8096923828125,359.5765686035156,0,0,0,0,0,0,0,0,0,0,0,0,0,0,0,0,1,0,0,0,0,0,0,0,0
2007-12-27 14:00:00+00:00,30,12,14,,,0,0,0,0,0,0,0,0,0,0,0,0,0,0,0,0,0,0,0,0,0,0,0,0,0
2007-12-27 14:00:00+00:00,30,12,14,,,0,0,0,0,0,0,0,0,0,0,0,0,0,0,0,0,0,0,0,0,0,0,0,0,0
2007-12-27 14:00:00+00:00,30,12,14,,,0,0,0,0,0,0,0,0,0,0,0,0,0,0,0,0,0,0,0,0,0,0,0,0,0
2007-12-27 14:15:00+00:00,30,12,14,43.59274673461914,168.52516174316406,0,0,0,0,0,0,1,1,1,1,1,1,1,1,1,1,1,0,0,0,0,0,0,0,0
2007-12-27 14:15:00+00:00,30,12,14,,,0,0,0,0,0,0,0,0,0,0,0,0,0,0,0,0,0,0,0,0,0,0,0,0,0
2007-12-27 14:30:00+00:00,30,12,14,91.36444854736328,82.22869110107422,0,0,0,0,0,0,0,0,0,1,1,1,1,1,1,1,1,0,0,0,0,0,0,0,0
2007-12-27 14:30:00+00:00,30,12,14,,347.0715026855469,0,0,0,0,0,0,0,0,0,0,0,0,0,0,0,0,0,0,0,0,0,0,0,0,0
2007-12-27 14:30:00+00:00,30,12,14,431.6327209472656,439.3201599121094,0,0,0,0,0,0,0,0,0,0,0,0,0,0,0,0,0,0,0,0,0,0,0,0,0
2007-12-27 14:30:00+00:00,30,12,14,487.4345703125,483.7727966308594,0,0,0,0,0,0,0,0,0,0,0,0,0,0,0,0,0,0,0,0,0,0,0,0,0
2007-12-27 14:45:00+00:00,30,12,14,169.4433135986328,159.07823181152344,0,0,0,0,0,0,0,0,0,0,0,0,1,1,1,1,1,0,0,0,0,0,0,0,0
2007-12-27 14:45:00+00:00,30,12,14,140.19541931152344,63.36794662475586,0,0,0,0,0,0,0,0,0,0,0,1,1,1,1,1,1,0,0,0,0,0,0,0,0
2007-12-27 14:45:00+00:00,30,12,14,407.0471496582031,415.3877258300781,0,0,0,0,0,0,0,0,0,0,0,0,0,0,0,0,0,0,0,0,0,0,0,0,0
2007-12-27 14:45:00+00:00,30,12,14,,167.55711364746094,0,0,0,0,0,0,0,0,0,0,0,0,0,0,0,0,0,0,0,0,0,0,0,0,0
2007-12-27 14:45:00+00:00,30,12,14,,,0,0,0,0,0,0,0,0,0,0,0,0,0,0,0,0,0,0,0,0,0,0,0,0,0
2007-12-27 15:00:00+00:00,30,12,15,62.90533447265625,16.033403396606445,0,0,0,0,0,0,0,0,1,1,1,1,1,1,1,1,1,0,0,1,1,1,1,1,1
2007-12-27 15:00:00+00:00,30,12,15,283.0484313964844,3.0897908210754395,0,0,0,0,0,0,0,0,0,0,0,0,0,0,0,1,1,1,1,1,1,1,1,1,1
2007-12-27 15:00:00+00:00,30,12,15,398.46185302734375,,0,0,0,0,0,0,0,0,0,0,0,0,0,0,0,0,0,0,0,0,0,0,0,0,0
2007-12-27 15:00:00+00:00,30,12,15,,,0,0,0,0,0,0,0,0,0,0,0,0,0,0,0,0,0,0,0,0,0,0,0,0,0
2007-12-27 15:15:00+00:00,30,12,15,188.04403686523438,276.9138488769531,0,0,0,0,0,0,0,0,0,0,0,0,0,1,1,1,1,0,0,0,0,0,0,0,0
2007-12-27 15:15:00+00:00,30,12,15,149.26190185546875,134.3961944580078,0,0,0,0,0,0,0,0,0,0,0,1,1,1,1,1,1,0,0,0,0,0,0,0,0
2007-12-27 15:15:00+00:00,30,12,15,235.11851501464844,203.37765502929688,0,0,0,0,0,0,0,0,0,0,0,0,0,0,1,1,1,0,0,0,0,0,0,0,0
2007-12-27 15:15:00+00:00,30,12,15,,,0,0,0,0,0,0,0,0,0,0,0,0,0,0,0,0,0,0,0,0,0,0,0,0,0
2007-12-27 15:15:00+00:00,30,12,15,,,0,0,0,0,0,0,0,0,0,0,0,0,0,0,0,0,0,0,0,0,0,0,0,0,0
2007-12-27 15:15:00+00:00,30,12,15,,,0,0,0,0,0,0,0,0,0,0,0,0,0,0,0,0,0,0,0,0,0,0,0,0,0
2007-12-27 15:30:00+00:00,30,12,15,264.4227294921875,277.4867858886719,0,0,0,0,0,0,0,0,0,0,0,0,0,0,0,1,1,0,0,0,0,0,0,0,0
2007-12-27 15:30:00+00:00,30,12,15,,,0,0,0,0,0,0,0,0,0,0,0,0,0,0,0,0,0,0,0,0,0,0,0,0,0
2007-12-27 15:30:00+00:00,30,12,15,,,0,0,0,0,0,0,0,0,0,0,0,0,0,0,0,0,0,0,0,0,0,0,0,0,0
2007-12-27 15:45:00+00:00,30,12,15,186.65713500976562,190.00331115722656,0,0,0,0,0,0,0,0,0,0,0,0,0,1,1,1,1,0,0,0,0,0,0,0,0
2007-12-27 15:45:00+00:00,30,12,15,340.88983154296875,330.8470764160156,0,0,0,0,0,0,0,0,0,0,0,0,0,0,0,0,1,0,0,0,0,0,0,0,0
2007-12-27 15:45:00+00:00,30,12,15,,,0,0,0,0,0,0,0,0,0,0,0,0,0,0,0,0,0,0,0,0,0,0,0,0,0
2007-12-27 16:00:00+00:00,30,12,16,154.1009521484375,100.019287109375,0,0,0,0,0,0,0,0,0,0,0,0,1,1,1,1,1,0,0,0,0,0,0,0,0
2007-12-27 16:00:00+00:00,30,12,16,170.77857971191406,184.8791046142578,0,0,0,0,0,0,0,0,0,0,0,0,1,1,1,1,1,0,0,0,0,0,0,0,0
2007-12-27 16:30:00+00:00,30,12,16,,,0,0,0,0,0,0,0,0,0,0,0,0,0,0,0,0,0,0,0,0,0,0,0,0,0
2007-12-27 16:30:00+00:00,30,12,16,281.5745849609375,274.48663330078125,0,0,0,0,0,0,0,0,0,0,0,0,0,0,0,1,1,0,0,0,0,0,0,0,0
2007-12-27 16:30:00+00:00,30,12,16,,106.61595916748047,0,0,0,0,0,0,0,0,0,0,0,0,0,0,0,0,0,0,0,0,0,0,0,0,0
2007-12-27 16:45:00+00:00,30,12,16,195.50962829589844,225.463623046875,0,0,0,0,0,0,0,0,0,0,0,0,0,1,1,1,1,0,0,0,0,0,0,0,0
2007-12-27 16:45:00+00:00,30,12,16,204.10452270507812,202.3059539794922,0,0,0,0,0,0,0,0,0,0,0,0,0,0,1,1,1,0,0,0,0,0,0,0,0
2007-12-27 17:00:00+00:00,30,12,17,46.11077880859375,32.45048141479492,0,0,0,0,0,0,1,1,1,1,1,1,1,1,1,1,1,0,0,0,0,0,1,1,1
2007-12-27 17:15:00+00:00,30,12,17,324.8101806640625,354.2931823730469,0,0,0,0,0,0,0,0,0,0,0,0,0,0,0,0,1,0,0,0,0,0,0,0,0
2007-12-27 17:15:00+00:00,30,12,17,318.70013427734375,298.9836730957031,0,0,0,0,0,0,0,0,0,0,0,0,0,0,0,0,1,0,0,0,0,0,0,0,0
2007-12-27 17:15:00+00:00,30,12,17,286.27947998046875,,0,0,0,0,0,0,0,0,0,0,0,0,0,0,0,1,1,0,0,0,0,0,0,0,0
2007-12-27 17:30:00+00:00,30,12,17,66.7544937133789,70.1101303100586,0,0,0,0,0,0,0,0,1,1,1,1,1,1,1,1,1,0,0,0,0,0,0,0,0
2007-12-27 17:30:00+00:00,30,12,17,234.95587158203125,95.98680114746094,0,0,0,0,0,0,0,0,0,0,0,0,0,0,1,1,1,0,0,0,0,0,0,0,0
2007-12-27 17:30:00+00:00,30,12,17,87.73189544677734,79.1365737915039,0,0,0,0,0,0,0,0,0,1,1,1,1,1,1,1,1,0,0,0,0,0,0,0,0
2007-12-27 17:30:00+00:00,30,12,17,135.58856201171875,164.55328369140625,0,0,0,0,0,0,0,0,0,0,0,1,1,1,1,1,1,0,0,0,0,0,0,0,0
2007-12-27 17:30:00+00:00,30,12,17,169.9604034423828,160.51048278808594,0,0,0,0,0,0,0,0,0,0,0,0,1,1,1,1,1,0,0,0,0,0,0,0,0
2007-12-27 17:30:00+00:00,30,12,17,162.40106201171875,,0,0,0,0,0,0,0,0,0,0,0,0,1,1,1,1,1,0,0,0,0,0,0,0,0
2007-12-27 17:30:00+00:00,30,12,17,,,0,0,0,0,0,0,0,0,0,0,0,0,0,0,0,0,0,0,0,0,0,0,0,0,0
2007-12-27 17:45:00+00:00,30,12,17,67.01786804199219,58.20127868652344,0,0,0,0,0,0,0,0,1,1,1,1,1,1,1,1,1,0,0,0,0,0,0,0,1
2007-12-27 17:45:00+00:00,30,12,17,,,0,0,0,0,0,0,0,0,0,0,0,0,0,0,0,0,0,0,0,0,0,0,0,0,0
2007-12-28 10:00:00+00:00,30,12,10,267.8874206542969,260.49786376953125,0,0,0,0,0,0,0,0,0,0,0,0,0,0,0,1,1,0,0,0,0,0,0,0,0
2007-12-28 10:00:00+00:00,30,12,10,,,0,0,0,0,0,0,0,0,0,0,0,0,0,0,0,0,0,0,0,0,0,0,0,0,0
2007-12-28 10:15:00+00:00,30,12,10,397.4905090332031,389.7807922363281,0,0,0,0,0,0,0,0,0,0,0,0,0,0,0,0,0,0,0,0,0,0,0,0,0
2007-12-28 10:15:00+00:00,30,12,10,121.4415054321289,107.38097381591797,0,0,0,0,0,0,0,0,0,0,0,1,1,1,1,1,1,0,0,0,0,0,0,0,0
2007-12-28 10:15:00+00:00,30,12,10,,,0,0,0,0,0,0,0,0,0,0,0,0,0,0,0,0,0,0,0,0,0,0,0,0,0
2007-12-28 10:15:00+00:00,30,12,10,,,0,0,0,0,0,0,0,0,0,0,0,0,0,0,0,0,0,0,0,0,0,0,0,0,0
2007-12-28 10:15:00+00:00,30,12,10,,,0,0,0,0,0,0,0,0,0,0,0,0,0,0,0,0,0,0,0,0,0,0,0,0,0
2007-12-28 10:30:00+00:00,30,12,10,,,0,0,0,0,0,0,0,0,0,0,0,0,0,0,0,0,0,0,0,0,0,0,0,0,0
2007-12-28 10:30:00+00:00,30,12,10,202.53152465820312,205.9060516357422,0,0,0,0,0,0,0,0,0,0,0,0,0,0,1,1,1,0,0,0,0,0,0,0,0
2007-12-28 10:30:00+00:00,30,12,10,,,0,0,0,0,0,0,0,0,0,0,0,0,0,0,0,0,0,0,0,0,0,0,0,0,0
2007-12-28 10:30:00+00:00,30,12,10,,,0,0,0,0,0,0,0,0,0,0,0,0,0,0,0,0,0,0,0,0,0,0,0,0,0
2007-12-28 10:45:00+00:00,30,12,10,39.31834030151367,36.7362174987793,0,0,0,0,0,1,1,1,1,1,1,1,1,1,1,1,1,0,0,0,0,0,1,1,1
2007-12-28 10:45:00+00:00,30,12,10,152.8433074951172,140.99819946289062,0,0,0,0,0,0,0,0,0,0,0,0,1,1,1,1,1,0,0,0,0,0,0,0,0
2007-12-28 10:45:00+00:00,30,12,10,465.4846496582031,489.55706787109375,0,0,0,0,0,0,0,0,0,0,0,0,0,0,0,0,0,0,0,0,0,0,0,0,0
2007-12-28 10:45:00+00:00,30,12,10,,,0,0,0,0,0,0,0,0,0,0,0,0,0,0,0,0,0,0,0,0,0,0,0,0,0
2007-12-28 10:45:00+00:00,30,12,10,,,0,0,0,0,0,0,0,0,0,0,0,0,0,0,0,0,0,0,0,0,0,0,0,0,0
2007-12-28 10:45:00+00:00,30,12,10,,,0,0,0,0,0,0,0,0,0,0,0,0,0,0,0,0,0,0,0,0,0,0,0,0,0
2007-12-28 11:00:00+00:00,30,12,11,268.6214599609375,263.60516357421875,0,0,0,0,0,0,0,0,0,0,0,0,0,0,0,1,1,0,0,0,0,0,0,0,0
2007-12-28 11:00:00+00:00,30,12,11,190.74588012695312,163.30076599121094,0,0,0,0,0,0,0,0,0,0,0,0,0,1,1,1,1,0,0,0,0,0,0,0,0
2007-12-28 11:00:00+00:00,30,12,11,168.68807983398438,143.85052490234375,0,0,0,0,0,0,0,0,0,0,0,0,1,1,1,1,1,0,0,0,0,0,0,0,0
2007-12-28 11:00:00+00:00,30,12,11,204.45375061035156,178.3746795654297,0,0,0,0,0,0,0,0,0,0,0,0,0,0,1,1,1,0,0,0,0,0,0,0,0
2007-12-28 11:00:00+00:00,30,12,11,,,0,0,0,0,0,0,0,0,0,0,0,0,0,0,0,0,0,0,0,0,0,0,0,0,0
2007-12-28 11:00:00+00:00,30,12,11,473.85113525390625,418.16650390625,0,0,0,0,0,0,0,0,0,0,0,0,0,0,0,0,0,0,0,0,0,0,0,0,0
2007-12-28 11:00:00+00:00,30,12,11,219.67823791503906,229.52452087402344,0,0,0,0,0,0,0,0,0,0,0,0,0,0,1,1,1,0,0,0,0,0,0,0,0
2007-12-28 11:00:00+00:00,30,12,11,204.63870239257812,188.283447265625,0,0,0,0,0,0,0,0,0,0,0,0,0,0,1,1,1,0,0,0,0,0,0,0,0
2007-12-28 11:15:00+00:00,30,12,11,406.2951965332031,395.1268005371094,0,0,0,0,0,0,0,0,0,0,0,0,0,0,0,0,0,0,0,0,0,0,0,0,0
2007-12-28 11:15:00+00:00,30,12,11,,,0,0,0,0,0,0,0,0,0,0,0,0,0,0,0,0,0,0,0,0,0,0,0,0,0
2007-12-28 11:15:00+00:00,30,12,11,91.00991821289062,26.749906539916992,0,0,0,0,0,0,0,0,0,1,1,1,1,1,1,1,1,0,0,0,0,1,1,1,1
2007-12-28 11:15:00+00:00,30,12,11,110.08818054199219,75.9997787475586,0,0,0,0,0,0,0,0,0,0,1,1,1,1,1,1,1,0,0,0,0,0,0,0,0
2007-12-28 11:15:00+00:00,30,12,11,,,0,0,0,0,0,0,0,0,0,0,0,0,0,0,0,0,0,0,0,0,0,0,0,0,0
2007-12-28 11:15:00+00:00,30,12,11,,,0,0,0,0,0,0,0,0,0,0,0,0,0,0,0,0,0,0,0,0,0,0,0,0,0
2007-12-28 11:15:00+00:00,30,12,11,,,0,0,0,0,0,0,0,0,0,0,0,0,0,0,0,0,0,0,0,0,0,0,0,0,0
2007-12-28 11:15:00+00:00,30,12,11,,,0,0,0,0,0,0,0,0,0,0,0,0,0,0,0,0,0,0,0,0,0,0,0,0,0
2007-12-28 11:15:00+00:00,30,12,11,,,0,0,0,0,0,0,0,0,0,0,0,0,0,0,0,0,0,0,0,0,0,0,0,0,0
2007-12-28 11:15:00+00:00,30,12,11,,,0,0,0,0,0,0,0,0,0,0,0,0,0,0,0,0,0,0,0,0,0,0,0,0,0
2007-12-28 11:15:00+00:00,30,12,11,,,0,0,0,0,0,0,0,0,0,0,0,0,0,0,0,0,0,0,0,0,0,0,0,0,0
2007-12-28 11:30:00+00:00,30,12,11,441.1007080078125,445.260498046875,0,0,0,0,0,0,0,0,0,0,0,0,0,0,0,0,0,0,0,0,0,0,0,0,0
2007-12-28 11:30:00+00:00,30,12,11,,,0,0,0,0,0,0,0,0,0,0,0,0,0,0,0,0,0,0,0,0,0,0,0,0,0
2007-12-28 11:30:00+00:00,30,12,11,,,0,0,0,0,0,0,0,0,0,0,0,0,0,0,0,0,0,0,0,0,0,0,0,0,0
2007-12-28 11:30:00+00:00,30,12,11,140.09945678710938,96.63218688964844,0,0,0,0,0,0,0,0,0,0,0,1,1,1,1,1,1,0,0,0,0,0,0,0,0
2007-12-28 11:30:00+00:00,30,12,11,,,0,0,0,0,0,0,0,0,0,0,0,0,0,0,0,0,0,0,0,0,0,0,0,0,0
2007-12-28 11:30:00+00:00,30,12,11,,,0,0,0,0,0,0,0,0,0,0,0,0,0,0,0,0,0,0,0,0,0,0,0,0,0
2007-12-28 11:45:00+00:00,30,12,11,117.53033447265625,105.61215209960938,0,0,0,0,0,0,0,0,0,0,1,1,1,1,1,1,1,0,0,0,0,0,0,0,0
2007-12-28 11:45:00+00:00,30,12,11,177.5402069091797,220.9330291748047,0,0,0,0,0,0,0,0,0,0,0,0,1,1,1,1,1,0,0,0,0,0,0,0,0
2007-12-28 11:45:00+00:00,30,12,11,255.7352294921875,246.79620361328125,0,0,0,0,0,0,0,0,0,0,0,0,0,0,0,1,1,0,0,0,0,0,0,0,0
2007-12-28 11:45:00+00:00,30,12,11,,,0,0,0,0,0,0,0,0,0,0,0,0,0,0,0,0,0,0,0,0,0,0,0,0,0
2007-12-28 11:45:00+00:00,30,12,11,,,0,0,0,0,0,0,0,0,0,0,0,0,0,0,0,0,0,0,0,0,0,0,0,0,0
2007-12-28 11:45:00+00:00,30,12,11,,235.58364868164062,0,0,0,0,0,0,0,0,0,0,0,0,0,0,0,0,0,0,0,0,0,0,0,0,0
2007-12-28 11:45:00+00:00,30,12,11,,183.6363525390625,0,0,0,0,0,0,0,0,0,0,0,0,0,0,0,0,0,0,0,0,0,0,0,0,0
2007-12-28 11:45:00+00:00,30,12,11,,143.94911193847656,0,0,0,0,0,0,0,0,0,0,0,0,0,0,0,0,0,0,0,0,0,0,0,0,0
2007-12-28 11:45:00+00:00,30,12,11,116.63984680175781,180.52105712890625,0,0,0,0,0,0,0,0,0,0,1,1,1,1,1,1,1,0,0,0,0,0,0,0,0
2007-12-28 11:45:00+00:00,30,12,11,502.233642578125,454.2508239746094,0,0,0,0,0,0,0,0,0,0,0,0,0,0,0,0,0,0,0,0,0,0,0,0,0
2007-12-28 12:00:00+00:00,30,12,12,371.3469543457031,390.660400390625,0,0,0,0,0,0,0,0,0,0,0,0,0,0,0,0,0,0,0,0,0,0,0,0,0
2007-12-28 12:00:00+00:00,30,12,12,115.62015533447266,136.8421173095703,0,0,0,0,0,0,0,0,0,0,1,1,1,1,1,1,1,0,0,0,0,0,0,0,0
2007-12-28 12:00:00+00:00,30,12,12,,217.36109924316406,0,0,0,0,0,0,0,0,0,0,0,0,0,0,0,0,0,0,0,0,0,0,0,0,0
2007-12-28 12:00:00+00:00,30,12,12,119.24383544921875,112.73102569580078,0,0,0,0,0,0,0,0,0,0,1,1,1,1,1,1,1,0,0,0,0,0,0,0,0
2007-12-28 12:00:00+00:00,30,12,12,,,0,0,0,0,0,0,0,0,0,0,0,0,0,0,0,0,0,0,0,0,0,0,0,0,0
2007-12-28 12:00:00+00:00,30,12,12,,,0,0,0,0,0,0,0,0,0,0,0,0,0,0,0,0,0,0,0,0,0,0,0,0,0
2007-12-28 12:00:00+00:00,30,12,12,,,0,0,0,0,0,0,0,0,0,0,0,0,0,0,0,0,0,0,0,0,0,0,0,0,0
2007-12-28 12:00:00+00:00,30,12,12,,,0,0,0,0,0,0,0,0,0,0,0,0,0,0,0,0,0,0,0,0,0,0,0,0,0
2007-12-28 12:15:00+00:00,30,12,12,285.1483154296875,362.53240966796875,0,0,0,0,0,0,0,0,0,0,0,0,0,0,0,1,1,0,0,0,0,0,0,0,0
2007-12-28 12:15:00+00:00,30,12,12,168.33985900878906,82.18382263183594,0,0,0,0,0,0,0,0,0,0,0,0,1,1,1,1,1,0,0,0,0,0,0,0,0
2007-12-28 12:15:00+00:00,30,12,12,344.3787536621094,350.6788330078125,0,0,0,0,0,0,0,0,0,0,0,0,0,0,0,0,1,0,0,0,0,0,0,0,0
2007-12-28 12:15:00+00:00,30,12,12,,53.61772537231445,0,0,0,0,0,0,0,0,0,0,0,0,0,0,0,0,0,0,0,0,0,0,0,0,1
2007-12-28 12:15:00+00:00,30,12,12,434.42169189453125,420.5419006347656,0,0,0,0,0,0,0,0,0,0,0,0,0,0,0,0,0,0,0,0,0,0,0,0,0
2007-12-28 12:15:00+00:00,30,12,12,,,0,0,0,0,0,0,0,0,0,0,0,0,0,0,0,0,0,0,0,0,0,0,0,0,0
2007-12-28 12:15:00+00:00,30,12,12,,,0,0,0,0,0,0,0,0,0,0,0,0,0,0,0,0,0,0,0,0,0,0,0,0,0
2007-12-28 12:15:00+00:00,30,12,12,,,0,0,0,0,0,0,0,0,0,0,0,0,0,0,0,0,0,0,0,0,0,0,0,0,0
2007-12-28 12:30:00+00:00,30,12,12,121.38336944580078,146.50184631347656,0,0,0,0,0,0,0,0,0,0,0,1,1,1,1,1,1,0,0,0,0,0,0,0,0
2007-12-28 12:30:00+00:00,30,12,12,378.783203125,412.3511962890625,0,0,0,0,0,0,0,0,0,0,0,0,0,0,0,0,0,0,0,0,0,0,0,0,0
2007-12-28 12:30:00+00:00,30,12,12,255.04379272460938,280.4219055175781,0,0,0,0,0,0,0,0,0,0,0,0,0,0,0,1,1,0,0,0,0,0,0,0,0
2007-12-28 12:30:00+00:00,30,12,12,491.5450134277344,406.4732971191406,0,0,0,0,0,0,0,0,0,0,0,0,0,0,0,0,0,0,0,0,0,0,0,0,0
2007-12-28 12:30:00+00:00,30,12,12,,,0,0,0,0,0,0,0,0,0,0,0,0,0,0,0,0,0,0,0,0,0,0,0,0,0
2007-12-28 12:30:00+00:00,30,12,12,,,0,0,0,0,0,0,0,0,0,0,0,0,0,0,0,0,0,0,0,0,0,0,0,0,0
2007-12-28 12:30:00+00:00,30,12,12,,,0,0,0,0,0,0,0,0,0,0,0,0,0,0,0,0,0,0,0,0,0,0,0,0,0
2007-12-28 12:30:00+00:00,30,12,12,,,0,0,0,0,0,0,0,0,0,0,0,0,0,0,0,0,0,0,0,0,0,0,0,0,0
2007-12-28 12:30:00+00:00,30,12,12,,,0,0,0,0,0,0,0,0,0,0,0,0,0,0,0,0,0,0,0,0,0,0,0,0,0
2007-12-28 12:45:00+00:00,30,12,12,613.2390747070312,629.95263671875,0,0,0,0,0,0,0,0,0,0,0,0,0,0,0,0,0,0,0,0,0,0,0,0,0
2007-12-28 12:45:00+00:00,30,12,12,326.87847900390625,323.2621765136719,0,0,0,0,0,0,0,0,0,0,0,0,0,0,0,0,1,0,0,0,0,0,0,0,0
2007-12-28 12:45:00+00:00,30,12,12,,,0,0,0,0,0,0,0,0,0,0,0,0,0,0,0,0,0,0,0,0,0,0,0,0,0
2007-12-28 12:45:00+00:00,30,12,12,114.66241455078125,141.65403747558594,0,0,0,0,0,0,0,0,0,0,1,1,1,1,1,1,1,0,0,0,0,0,0,0,0
2007-12-28 12:45:00+00:00,30,12,12,154.58029174804688,181.6578826904297,0,0,0,0,0,0,0,0,0,0,0,0,1,1,1,1,1,0,0,0,0,0,0,0,0
2007-12-28 12:45:00+00:00,30,12,12,367.3243103027344,373.9836730957031,0,0,0,0,0,0,0,0,0,0,0,0,0,0,0,0,0,0,0,0,0,0,0,0,0
2007-12-28 12:45:00+00:00,30,12,12,312.3065490722656,294.8586730957031,0,0,0,0,0,0,0,0,0,0,0,0,0,0,0,0,1,0,0,0,0,0,0,0,0
2007-12-28 12:45:00+00:00,30,12,12,97.06048583984375,90.09967803955078,0,0,0,0,0,0,0,0,0,1,1,1,1,1,1,1,1,0,0,0,0,0,0,0,0
2007-12-28 12:45:00+00:00,30,12,12,97.55944061279297,75.75530242919922,0,0,0,0,0,0,0,0,0,1,1,1,1,1,1,1,1,0,0,0,0,0,0,0,0
2007-12-28 12:45:00+00:00,30,12,12,313.0969543457031,284.024658203125,0,0,0,0,0,0,0,0,0,0,0,0,0,0,0,0,1,0,0,0,0,0,0,0,0
2007-12-28 12:45:00+00:00,30,12,12,,,0,0,0,0,0,0,0,0,0,0,0,0,0,0,0,0,0,0,0,0,0,0,0,0,0
2007-12-28 12:45:00+00:00,30,12,12,,183.7998046875,0,0,0,0,0,0,0,0,0,0,0,0,0,0,0,0,0,0,0,0,0,0,0,0,0
2007-12-28 12:45:00+00:00,30,12,12,,,0,0,0,0,0,0,0,0,0,0,0,0,0,0,0,0,0,0,0,0,0,0,0,0,0
2007-12-28 13:00:00+00:00,30,12,13,355.1736145019531,259.4537048339844,0,0,0,0,0,0,0,0,0,0,0,0,0,0,0,0,0,0,0,0,0,0,0,0,0
2007-12-28 13:00:00+00:00,30,12,13,154.95338439941406,130.46434020996094,0,0,0,0,0,0,0,0,0,0,0,0,1,1,1,1,1,0,0,0,0,0,0,0,0
2007-12-28 13:00:00+00:00,30,12,13,,168.64019775390625,0,0,0,0,0,0,0,0,0,0,0,0,0,0,0,0,0,0,0,0,0,0,0,0,0
2007-12-28 13:00:00+00:00,30,12,13,,353.4727478027344,0,0,0,0,0,0,0,0,0,0,0,0,0,0,0,0,0,0,0,0,0,0,0,0,0
2007-12-28 13:00:00+00:00,30,12,13,,390.0500793457031,0,0,0,0,0,0,0,0,0,0,0,0,0,0,0,0,0,0,0,0,0,0,0,0,0
2007-12-28 13:15:00+00:00,30,12,13,34.304874420166016,3.347548007965088,0,0,0,0,0,1,1,1,1,1,1,1,1,1,1,1,1,1,1,1,1,1,1,1,1
2007-12-28 13:15:00+00:00,30,12,13,393.8238830566406,182.11497497558594,0,0,0,0,0,0,0,0,0,0,0,0,0,0,0,0,0,0,0,0,0,0,0,0,0
2007-12-28 13:15:00+00:00,30,12,13,326.1904602050781,101.5512466430664,0,0,0,0,0,0,0,0,0,0,0,0,0,0,0,0,1,0,0,0,0,0,0,0,0
2007-12-28 13:15:00+00:00,30,12,13,319.248779296875,310.89398193359375,0,0,0,0,0,0,0,0,0,0,0,0,0,0,0,0,1,0,0,0,0,0,0,0,0
2007-12-28 13:15:00+00:00,30,12,13,179.33294677734375,190.7421417236328,0,0,0,0,0,0,0,0,0,0,0,0,1,1,1,1,1,0,0,0,0,0,0,0,0
2007-12-28 13:15:00+00:00,30,12,13,375.9638671875,382.914794921875,0,0,0,0,0,0,0,0,0,0,0,0,0,0,0,0,0,0,0,0,0,0,0,0,0
2007-12-28 13:15:00+00:00,30,12,13,,,0,0,0,0,0,0,0,0,0,0,0,0,0,0,0,0,0,0,0,0,0,0,0,0,0
2007-12-28 13:15:00+00:00,30,12,13,,,0,0,0,0,0,0,0,0,0,0,0,0,0,0,0,0,0,0,0,0,0,0,0,0,0
2007-12-28 13:30:00+00:00,30,12,13,,,0,0,0,0,0,0,0,0,0,0,0,0,0,0,0,0,0,0,0,0,0,0,0,0,0
2007-12-28 13:30:00+00:00,30,12,13,263.5680847167969,260.6509704589844,0,0,0,0,0,0,0,0,0,0,0,0,0,0,0,1,1,0,0,0,0,0,0,0,0
2007-12-28 13:30:00+00:00,30,12,13,191.3718719482422,256.070556640625,0,0,0,0,0,0,0,0,0,0,0,0,0,1,1,1,1,0,0,0,0,0,0,0,0
2007-12-28 13:30:00+00:00,30,12,13,277.2333679199219,215.04209899902344,0,0,0,0,0,0,0,0,0,0,0,0,0,0,0,1,1,0,0,0,0,0,0,0,0
2007-12-28 13:30:00+00:00,30,12,13,148.66064453125,136.2025146484375,0,0,0,0,0,0,0,0,0,0,0,1,1,1,1,1,1,0,0,0,0,0,0,0,0
2007-12-28 13:30:00+00:00,30,12,13,333.05645751953125,462.3067626953125,0,0,0,0,0,0,0,0,0,0,0,0,0,0,0,0,1,0,0,0,0,0,0,0,0
2007-12-28 13:30:00+00:00,30,12,13,159.78028869628906,,0,0,0,0,0,0,0,0,0,0,0,0,1,1,1,1,1,0,0,0,0,0,0,0,0
2007-12-28 13:30:00+00:00,30,12,13,327.86700439453125,262.99884033203125,0,0,0,0,0,0,0,0,0,0,0,0,0,0,0,0,1,0,0,0,0,0,0,0,0
2007-12-28 13:30:00+00:00,30,12,13,,142.50039672851562,0,0,0,0,0,0,0,0,0,0,0,0,0,0,0,0,0,0,0,0,0,0,0,0,0
2007-12-28 13:30:00+00:00,30,12,13,,,0,0,0,0,0,0,0,0,0,0,0,0,0,0,0,0,0,0,0,0,0,0,0,0,0
2007-12-28 13:30:00+00:00,30,12,13,,0.0,0,0,0,0,0,0,0,0,0,0,0,0,0,0,0,0,0,1,1,1,1,1,1,1,1
2007-12-28 13:30:00+00:00,30,12,13,,,0,0,0,0,0,0,0,0,0,0,0,0,0,0,0,0,0,0,0,0,0,0,0,0,0
2007-12-28 13:30:00+00:00,30,12,13,,,0,0,0,0,0,0,0,0,0,0,0,0,0,0,0,0,0,0,0,0,0,0,0,0,0
2007-12-28 13:45:00+00:00,30,12,13,,,0,0,0,0,0,0,0,0,0,0,0,0,0,0,0,0,0,0,0,0,0,0,0,0,0
2007-12-28 13:45:00+00:00,30,12,13,73.56415557861328,107.83198547363281,0,0,0,0,0,0,0,0,1,1,1,1,1,1,1,1,1,0,0,0,0,0,0,0,0
2007-12-28 13:45:00+00:00,30,12,13,111.82584381103516,5.431481838226318,0,0,0,0,0,0,0,0,0,0,1,1,1,1,1,1,1,1,1,1,1,1,1,1,1
2007-12-28 13:45:00+00:00,30,12,13,156.4317626953125,177.6439971923828,0,0,0,0,0,0,0,0,0,0,0,0,1,1,1,1,1,0,0,0,0,0,0,0,0
2007-12-28 13:45:00+00:00,30,12,13,189.4001007080078,232.06541442871094,0,0,0,0,0,0,0,0,0,0,0,0,0,1,1,1,1,0,0,0,0,0,0,0,0
2007-12-28 13:45:00+00:00,30,12,13,97.21627807617188,,0,0,0,0,0,0,0,0,0,1,1,1,1,1,1,1,1,0,0,0,0,0,0,0,0
2007-12-28 13:45:00+00:00,30,12,13,,,0,0,0,0,0,0,0,0,0,0,0,0,0,0,0,0,0,0,0,0,0,0,0,0,0
2007-12-28 13:45:00+00:00,30,12,13,,396.611572265625,0,0,0,0,0,0,0,0,0,0,0,0,0,0,0,0,0,0,0,0,0,0,0,0,0
2007-12-28 13:45:00+00:00,30,12,13,,,0,0,0,0,0,0,0,0,0,0,0,0,0,0,0,0,0,0,0,0,0,0,0,0,0
2007-12-28 14:00:00+00:00,30,12,14,,,0,0,0,0,0,0,0,0,0,0,0,0,0,0,0,0,0,0,0,0,0,0,0,0,0
2007-12-28 14:00:00+00:00,30,12,14,128.9693603515625,145.89096069335938,0,0,0,0,0,0,0,0,0,0,0,1,1,1,1,1,1,0,0,0,0,0,0,0,0
2007-12-28 14:00:00+00:00,30,12,14,252.44532775878906,241.53384399414062,0,0,0,0,0,0,0,0,0,0,0,0,0,0,0,1,1,0,0,0,0,0,0,0,0
2007-12-28 14:00:00+00:00,30,12,14,220.44070434570312,235.71311950683594,0,0,0,0,0,0,0,0,0,0,0,0,0,0,1,1,1,0,0,0,0,0,0,0,0
2007-12-28 14:00:00+00:00,30,12,14,284.9329528808594,250.03024291992188,0,0,0,0,0,0,0,0,0,0,0,0,0,0,0,1,1,0,0,0,0,0,0,0,0
2007-12-28 14:00:00+00:00,30,12,14,226.59657287597656,138.8605194091797,0,0,0,0,0,0,0,0,0,0,0,0,0,0,1,1,1,0,0,0,0,0,0,0,0
2007-12-28 14:00:00+00:00,30,12,14,345.1700744628906,,0,0,0,0,0,0,0,0,0,0,0,0,0,0,0,0,1,0,0,0,0,0,0,0,0
2007-12-28 14:00:00+00:00,30,12,14,,,0,0,0,0,0,0,0,0,0,0,0,0,0,0,0,0,0,0,0,0,0,0,0,0,0
2007-12-28 14:00:00+00:00,30,12,14,,403.64935302734375,0,0,0,0,0,0,0,0,0,0,0,0,0,0,0,0,0,0,0,0,0,0,0,0,0
2007-12-28 14:00:00+00:00,30,12,14,,,0,0,0,0,0,0,0,0,0,0,0,0,0,0,0,0,0,0,0,0,0,0,0,0,0
2007-12-28 14:00:00+00:00,30,12,14,,,0,0,0,0,0,0,0,0,0,0,0,0,0,0,0,0,0,0,0,0,0,0,0,0,0
2007-12-28 14:15:00+00:00,30,12,14,167.6358184814453,337.8109130859375,0,0,0,0,0,0,0,0,0,0,0,0,1,1,1,1,1,0,0,0,0,0,0,0,0
2007-12-28 14:15:00+00:00,30,12,14,,,0,0,0,0,0,0,0,0,0,0,0,0,0,0,0,0,0,0,0,0,0,0,0,0,0
2007-12-28 14:15:00+00:00,30,12,14,182.36061096191406,184.15933227539062,0,0,0,0,0,0,0,0,0,0,0,0,0,1,1,1,1,0,0,0,0,0,0,0,0
2007-12-28 14:15:00+00:00,30,12,14,390.2563781738281,108.11186981201172,0,0,0,0,0,0,0,0,0,0,0,0,0,0,0,0,0,0,0,0,0,0,0,0,0
2007-12-28 14:15:00+00:00,30,12,14,535.1196899414062,556.294921875,0,0,0,0,0,0,0,0,0,0,0,0,0,0,0,0,0,0,0,0,0,0,0,0,0
2007-12-28 14:15:00+00:00,30,12,14,,,0,0,0,0,0,0,0,0,0,0,0,0,0,0,0,0,0,0,0,0,0,0,0,0,0
2007-12-28 14:15:00+00:00,30,12,14,,,0,0,0,0,0,0,0,0,0,0,0,0,0,0,0,0,0,0,0,0,0,0,0,0,0
2007-12-28 14:15:00+00:00,30,12,14,,,0,0,0,0,0,0,0,0,0,0,0,0,0,0,0,0,0,0,0,0,0,0,0,0,0
2007-12-28 14:30:00+00:00,30,12,14,366.9277648925781,157.52320861816406,0,0,0,0,0,0,0,0,0,0,0,0,0,0,0,0,0,0,0,0,0,0,0,0,0
2007-12-28 14:30:00+00:00,30,12,14,177.8487091064453,110.7312240600586,0,0,0,0,0,0,0,0,0,0,0,0,1,1,1,1,1,0,0,0,0,0,0,0,0
2007-12-28 14:30:00+00:00,30,12,14,,,0,0,0,0,0,0,0,0,0,0,0,0,0,0,0,0,0,0,0,0,0,0,0,0,0
2007-12-28 14:30:00+00:00,30,12,14,53.15530014038086,356.6285400390625,0,0,0,0,0,0,0,1,1,1,1,1,1,1,1,1,1,0,0,0,0,0,0,0,0
2007-12-28 14:30:00+00:00,30,12,14,178.3578643798828,167.17999267578125,0,0,0,0,0,0,0,0,0,0,0,0,1,1,1,1,1,0,0,0,0,0,0,0,0
2007-12-28 14:30:00+00:00,30,12,14,431.871337890625,,0,0,0,0,0,0,0,0,0,0,0,0,0,0,0,0,0,0,0,0,0,0,0,0,0
2007-12-28 14:30:00+00:00,30,12,14,,,0,0,0,0,0,0,0,0,0,0,0,0,0,0,0,0,0,0,0,0,0,0,0,0,0
2007-12-28 14:45:00+00:00,30,12,14,140.7770538330078,47.8350715637207,0,0,0,0,0,0,0,0,0,0,0,1,1,1,1,1,1,0,0,0,0,0,0,1,1
2007-12-28 14:45:00+00:00,30,12,14,187.10194396972656,176.66873168945312,0,0,0,0,0,0,0,0,0,0,0,0,0,1,1,1,1,0,0,0,0,0,0,0,0
2007-12-28 14:45:00+00:00,30,12,14,273.6062927246094,235.2645263671875,0,0,0,0,0,0,0,0,0,0,0,0,0,0,0,1,1,0,0,0,0,0,0,0,0
2007-12-28 14:45:00+00:00,30,12,14,104.3506851196289,536.6801147460938,0,0,0,0,0,0,0,0,0,0,1,1,1,1,1,1,1,0,0,0,0,0,0,0,0
2007-12-28 14:45:00+00:00,30,12,14,,,0,0,0,0,0,0,0,0,0,0,0,0,0,0,0,0,0,0,0,0,0,0,0,0,0
2007-12-28 14:45:00+00:00,30,12,14,,,0,0,0,0,0,0,0,0,0,0,0,0,0,0,0,0,0,0,0,0,0,0,0,0,0
2007-12-28 14:45:00+00:00,30,12,14,,,0,0,0,0,0,0,0,0,0,0,0,0,0,0,0,0,0,0,0,0,0,0,0,0,0
2007-12-28 15:00:00+00:00,30,12,15,235.46510314941406,238.0865020751953,0,0,0,0,0,0,0,0,0,0,0,0,0,0,1,1,1,0,0,0,0,0,0,0,0
2007-12-28 15:00:00+00:00,30,12,15,,,0,0,0,0,0,0,0,0,0,0,0,0,0,0,0,0,0,0,0,0,0,0,0,0,0
2007-12-28 15:00:00+00:00,30,12,15,172.25811767578125,143.9135284423828,0,0,0,0,0,0,0,0,0,0,0,0,1,1,1,1,1,0,0,0,0,0,0,0,0
2007-12-28 15:00:00+00:00,30,12,15,,,0,0,0,0,0,0,0,0,0,0,0,0,0,0,0,0,0,0,0,0,0,0,0,0,0
2007-12-28 15:00:00+00:00,30,12,15,,,0,0,0,0,0,0,0,0,0,0,0,0,0,0,0,0,0,0,0,0,0,0,0,0,0
2007-12-28 15:15:00+00:00,30,12,15,,,0,0,0,0,0,0,0,0,0,0,0,0,0,0,0,0,0,0,0,0,0,0,0,0,0
2007-12-28 15:15:00+00:00,30,12,15,318.6129455566406,323.96490478515625,0,0,0,0,0,0,0,0,0,0,0,0,0,0,0,0,1,0,0,0,0,0,0,0,0
2007-12-28 15:15:00+00:00,30,12,15,233.56492614746094,235.54788208007812,0,0,0,0,0,0,0,0,0,0,0,0,0,0,1,1,1,0,0,0,0,0,0,0,0
2007-12-28 15:15:00+00:00,30,12,15,121.30061340332031,108.8443374633789,0,0,0,0,0,0,0,0,0,0,0,1,1,1,1,1,1,0,0,0,0,0,0,0,0
2007-12-28 15:15:00+00:00,30,12,15,359.3235168457031,53.48432159423828,0,0,0,0,0,0,0,0,0,0,0,0,0,0,0,0,0,0,0,0,0,0,0,0,1
2007-12-28 15:15:00+00:00,30,12,15,,,0,0,0,0,0,0,0,0,0,0,0,0,0,0,0,0,0,0,0,0,0,0,0,0,0
2007-12-28 15:15:00+00:00,30,12,15,,,0,0,0,0,0,0,0,0,0,0,0,0,0,0,0,0,0,0,0,0,0,0,0,0,0
2007-12-28 15:30:00+00:00,30,12,15,,,0,0,0,0,0,0,0,0,0,0,0,0,0,0,0,0,0,0,0,0,0,0,0,0,0
2007-12-28 15:30:00+00:00,30,12,15,190.4790802001953,193.38499450683594,0,0,0,0,0,0,0,0,0,0,0,0,0,1,1,1,1,0,0,0,0,0,0,0,0
2007-12-28 15:30:00+00:00,30,12,15,362.44110107421875,197.125244140625,0,0,0,0,0,0,0,0,0,0,0,0,0,0,0,0,0,0,0,0,0,0,0,0,0
2007-12-28 15:30:00+00:00,30,12,15,265.2900390625,271.04547119140625,0,0,0,0,0,0,0,0,0,0,0,0,0,0,0,1,1,0,0,0,0,0,0,0,0
2007-12-28 15:30:00+00:00,30,12,15,215.98043823242188,222.17929077148438,0,0,0,0,0,0,0,0,0,0,0,0,0,0,1,1,1,0,0,0,0,0,0,0,0
2007-12-28 15:30:00+00:00,30,12,15,361.1236572265625,352.16644287109375,0,0,0,0,0,0,0,0,0,0,0,0,0,0,0,0,0,0,0,0,0,0,0,0,0
2007-12-28 15:30:00+00:00,30,12,15,199.11337280273438,192.9143524169922,0,0,0,0,0,0,0,0,0,0,0,0,0,1,1,1,1,0,0,0,0,0,0,0,0
2007-12-28 15:30:00+00:00,30,12,15,65.6572494506836,67.87010955810547,0,0,0,0,0,0,0,0,1,1,1,1,1,1,1,1,1,0,0,0,0,0,0,0,0
2007-12-28 15:45:00+00:00,30,12,15,273.11334228515625,212.68080139160156,0,0,0,0,0,0,0,0,0,0,0,0,0,0,0,1,1,0,0,0,0,0,0,0,0
2007-12-28 15:45:00+00:00,30,12,15,185.9994354248047,180.35987854003906,0,0,0,0,0,0,0,0,0,0,0,0,0,1,1,1,1,0,0,0,0,0,0,0,0
2007-12-28 15:45:00+00:00,30,12,15,101.88286590576172,75.77740478515625,0,0,0,0,0,0,0,0,0,0,1,1,1,1,1,1,1,0,0,0,0,0,0,0,0
2007-12-28 15:45:00+00:00,30,12,15,147.7420196533203,222.4106903076172,0,0,0,0,0,0,0,0,0,0,0,1,1,1,1,1,1,0,0,0,0,0,0,0,0
2007-12-28 15:45:00+00:00,30,12,15,,,0,0,0,0,0,0,0,0,0,0,0,0,0,0,0,0,0,0,0,0,0,0,0,0,0
2007-12-28 16:00:00+00:00,30,12,16,,346.04730224609375,0,0,0,0,0,0,0,0,0,0,0,0,0,0,0,0,0,0,0,0,0,0,0,0,0
2007-12-28 16:00:00+00:00,30,12,16,151.13169860839844,152.45982360839844,0,0,0,0,0,0,0,0,0,0,0,0,1,1,1,1,1,0,0,0,0,0,0,0,0
2007-12-28 16:00:00+00:00,30,12,16,182.5382843017578,163.916015625,0,0,0,0,0,0,0,0,0,0,0,0,0,1,1,1,1,0,0,0,0,0,0,0,0
2007-12-28 16:00:00+00:00,30,12,16,192.6791534423828,171.22607421875,0,0,0,0,0,0,0,0,0,0,0,0,0,1,1,1,1,0,0,0,0,0,0,0,0
2007-12-28 16:00:00+00:00,30,12,16,456.8587341308594,407.6734924316406,0,0,0,0,0,0,0,0,0,0,0,0,0,0,0,0,0,0,0,0,0,0,0,0,0
2007-12-28 16:00:00+00:00,30,12,16,397.9453125,247.25753784179688,0,0,0,0,0,0,0,0,0,0,0,0,0,0,0,0,0,0,0,0,0,0,0,0,0
2007-12-28 16:00:00+00:00,30,12,16,241.53480529785156,119.80799865722656,0,0,0,0,0,0,0,0,0,0,0,0,0,0,1,1,1,0,0,0,0,0,0,0,0
2007-12-28 16:15:00+00:00,30,12,16,,,0,0,0,0,0,0,0,0,0,0,0,0,0,0,0,0,0,0,0,0,0,0,0,0,0
2007-12-28 16:30:00+00:00,30,12,16,190.0651397705078,214.45335388183594,0,0,0,0,0,0,0,0,0,0,0,0,0,1,1,1,1,0,0,0,0,0,0,0,0
2007-12-28 16:30:00+00:00,30,12,16,94.20195007324219,131.61036682128906,0,0,0,0,0,0,0,0,0,1,1,1,1,1,1,1,1,0,0,0,0,0,0,0,0
2007-12-28 16:30:00+00:00,30,12,16,227.64077758789062,231.25450134277344,0,0,0,0,0,0,0,0,0,0,0,0,0,0,1,1,1,0,0,0,0,0,0,0,0
2007-12-28 16:30:00+00:00,30,12,16,,,0,0,0,0,0,0,0,0,0,0,0,0,0,0,0,0,0,0,0,0,0,0,0,0,0
2007-12-28 16:45:00+00:00,30,12,16,,,0,0,0,0,0,0,0,0,0,0,0,0,0,0,0,0,0,0,0,0,0,0,0,0,0
2007-12-28 16:45:00+00:00,30,12,16,,,0,0,0,0,0,0,0,0,0,0,0,0,0,0,0,0,0,0,0,0,0,0,0,0,0
2007-12-28 17:00:00+00:00,30,12,17,39.293914794921875,16.29753875732422,0,0,0,0,0,1,1,1,1,1,1,1,1,1,1,1,1,0,0,1,1,1,1,1,1
2007-12-28 17:00:00+00:00,30,12,17,304.9781799316406,227.0123748779297,0,0,0,0,0,0,0,0,0,0,0,0,0,0,0,0,1,0,0,0,0,0,0,0,0
2007-12-28 17:00:00+00:00,30,12,17,,436.4141540527344,0,0,0,0,0,0,0,0,0,0,0,0,0,0,0,0,0,0,0,0,0,0,0,0,0
2007-12-28 17:15:00+00:00,30,12,17,302.3283386230469,284.5287170410156,0,0,0,0,0,0,0,0,0,0,0,0,0,0,0,0,1,0,0,0,0,0,0,0,0
2007-12-28 17:30:00+00:00,30,12,17,202.48280334472656,235.11770629882812,0,0,0,0,0,0,0,0,0,0,0,0,0,0,1,1,1,0,0,0,0,0,0,0,0
2007-12-28 17:30:00+00:00,30,12,17,,,0,0,0,0,0,0,0,0,0,0,0,0,0,0,0,0,0,0,0,0,0,0,0,0,0
2007-12-28 17:45:00+00:00,30,12,17,324.1814880371094,,0,0,0,0,0,0,0,0,0,0,0,0,0,0,0,0,1,0,0,0,0,0,0,0,0
2007-12-28 17:45:00+00:00,30,12,17,287.8238220214844,128.03309631347656,0,0,0,0,0,0,0,0,0,0,0,0,0,0,0,1,1,0,0,0,0,0,0,0,0
2007-12-28 17:45:00+00:00,30,12,17,363.08935546875,88.66407012939453,0,0,0,0,0,0,0,0,0,0,0,0,0,0,0,0,0,0,0,0,0,0,0,0,0
2007-12-28 17:45:00+00:00,30,12,17,136.4442596435547,,0,0,0,0,0,0,0,0,0,0,0,1,1,1,1,1,1,0,0,0,0,0,0,0,0
2007-12-29 10:00:00+00:00,30,12,10,,,0,0,0,0,0,0,0,0,0,0,0,0,0,0,0,0,0,0,0,0,0,0,0,0,0
2007-12-29 10:00:00+00:00,30,12,10,,,0,0,0,0,0,0,0,0,0,0,0,0,0,0,0,0,0,0,0,0,0,0,0,0,0
2007-12-29 10:00:00+00:00,30,12,10,270.4501647949219,272.0058288574219,0,0,0,0,0,0,0,0,0,0,0,0,0,0,0,1,1,0,0,0,0,0,0,0,0
2007-12-29 10:00:00+00:00,30,12,10,242.11358642578125,244.8415985107422,0,0,0,0,0,0,0,0,0,0,0,0,0,0,1,1,1,0,0,0,0,0,0,0,0
2007-12-29 10:00:00+00:00,30,12,10,,,0,0,0,0,0,0,0,0,0,0,0,0,0,0,0,0,0,0,0,0,0,0,0,0,0
2007-12-29 10:00:00+00:00,30,12,10,,,0,0,0,0,0,0,0,0,0,0,0,0,0,0,0,0,0,0,0,0,0,0,0,0,0
2007-12-29 10:00:00+00:00,30,12,10,,,0,0,0,0,0,0,0,0,0,0,0,0,0,0,0,0,0,0,0,0,0,0,0,0,0
2007-12-29 10:00:00+00:00,30,12,10,,,0,0,0,0,0,0,0,0,0,0,0,0,0,0,0,0,0,0,0,0,0,0,0,0,0
2007-12-29 10:00:00+00:00,30,12,10,,,0,0,0,0,0,0,0,0,0,0,0,0,0,0,0,0,0,0,0,0,0,0,0,0,0
2007-12-29 10:15:00+00:00,30,12,10,,,0,0,0,0,0,0,0,0,0,0,0,0,0,0,0,0,0,0,0,0,0,0,0,0,0
2007-12-29 10:15:00+00:00,30,12,10,,,0,0,0,0,0,0,0,0,0,0,0,0,0,0,0,0,0,0,0,0,0,0,0,0,0
2007-12-29 10:15:00+00:00,30,12,10,,,0,0,0,0,0,0,0,0,0,0,0,0,0,0,0,0,0,0,0,0,0,0,0,0,0
2007-12-29 10:15:00+00:00,30,12,10,,,0,0,0,0,0,0,0,0,0,0,0,0,0,0,0,0,0,0,0,0,0,0,0,0,0
2007-12-29 10:15:00+00:00,30,12,10,,,0,0,0,0,0,0,0,0,0,0,0,0,0,0,0,0,0,0,0,0,0,0,0,0,0
2007-12-29 10:15:00+00:00,30,12,10,,,0,0,0,0,0,0,0,0,0,0,0,0,0,0,0,0,0,0,0,0,0,0,0,0,0
2007-12-29 10:15:00+00:00,30,12,10,,,0,0,0,0,0,0,0,0,0,0,0,0,0,0,0,0,0,0,0,0,0,0,0,0,0
2007-12-29 10:15:00+00:00,30,12,10,,,0,0,0,0,0,0,0,0,0,0,0,0,0,0,0,0,0,0,0,0,0,0,0,0,0
2007-12-29 10:30:00+00:00,30,12,10,303.3638610839844,198.6333770751953,0,0,0,0,0,0,0,0,0,0,0,0,0,0,0,0,1,0,0,0,0,0,0,0,0
2007-12-29 10:30:00+00:00,30,12,10,,,0,0,0,0,0,0,0,0,0,0,0,0,0,0,0,0,0,0,0,0,0,0,0,0,0
2007-12-29 10:30:00+00:00,30,12,10,362.09820556640625,294.5775451660156,0,0,0,0,0,0,0,0,0,0,0,0,0,0,0,0,0,0,0,0,0,0,0,0,0
2007-12-29 10:30:00+00:00,30,12,10,275.7225036621094,171.5570068359375,0,0,0,0,0,0,0,0,0,0,0,0,0,0,0,1,1,0,0,0,0,0,0,0,0
2007-12-29 10:30:00+00:00,30,12,10,302.8641662597656,273.9513244628906,0,0,0,0,0,0,0,0,0,0,0,0,0,0,0,0,1,0,0,0,0,0,0,0,0
2007-12-29 10:30:00+00:00,30,12,10,332.9300537109375,304.22125244140625,0,0,0,0,0,0,0,0,0,0,0,0,0,0,0,0,1,0,0,0,0,0,0,0,0
2007-12-29 10:30:00+00:00,30,12,10,,,0,0,0,0,0,0,0,0,0,0,0,0,0,0,0,0,0,0,0,0,0,0,0,0,0
2007-12-29 10:30:00+00:00,30,12,10,,,0,0,0,0,0,0,0,0,0,0,0,0,0,0,0,0,0,0,0,0,0,0,0,0,0
2007-12-29 10:30:00+00:00,30,12,10,,,0,0,0,0,0,0,0,0,0,0,0,0,0,0,0,0,0,0,0,0,0,0,0,0,0
2007-12-29 10:30:00+00:00,30,12,10,,,0,0,0,0,0,0,0,0,0,0,0,0,0,0,0,0,0,0,0,0,0,0,0,0,0
2007-12-29 10:45:00+00:00,30,12,10,,,0,0,0,0,0,0,0,0,0,0,0,0,0,0,0,0,0,0,0,0,0,0,0,0,0
2007-12-29 10:45:00+00:00,30,12,10,,,0,0,0,0,0,0,0,0,0,0,0,0,0,0,0,0,0,0,0,0,0,0,0,0,0
2007-12-29 10:45:00+00:00,30,12,10,,,0,0,0,0,0,0,0,0,0,0,0,0,0,0,0,0,0,0,0,0,0,0,0,0,0
2007-12-29 10:45:00+00:00,30,12,10,,,0,0,0,0,0,0,0,0,0,0,0,0,0,0,0,0,0,0,0,0,0,0,0,0,0
2007-12-29 10:45:00+00:00,30,12,10,247.4829864501953,6.858165740966797,0,0,0,0,0,0,0,0,0,0,0,0,0,0,1,1,1,1,1,1,1,1,1,1,1
2007-12-29 10:45:00+00:00,30,12,10,249.67381286621094,195.72792053222656,0,0,0,0,0,0,0,0,0,0,0,0,0,0,1,1,1,0,0,0,0,0,0,0,0
2007-12-29 10:45:00+00:00,30,12,10,,,0,0,0,0,0,0,0,0,0,0,0,0,0,0,0,0,0,0,0,0,0,0,0,0,0
2007-12-29 10:45:00+00:00,30,12,10,378.9207763671875,214.4629669189453,0,0,0,0,0,0,0,0,0,0,0,0,0,0,0,0,0,0,0,0,0,0,0,0,0
2007-12-29 10:45:00+00:00,30,12,10,539.678466796875,368.96612548828125,0,0,0,0,0,0,0,0,0,0,0,0,0,0,0,0,0,0,0,0,0,0,0,0,0
2007-12-29 10:45:00+00:00,30,12,10,284.02874755859375,208.03810119628906,0,0,0,0,0,0,0,0,0,0,0,0,0,0,0,1,1,0,0,0,0,0,0,0,0
2007-12-29 10:45:00+00:00,30,12,10,,398.00665283203125,0,0,0,0,0,0,0,0,0,0,0,0,0,0,0,0,0,0,0,0,0,0,0,0,0
2007-12-29 10:45:00+00:00,30,12,10,,137.9740447998047,0,0,0,0,0,0,0,0,0,0,0,0,0,0,0,0,0,0,0,0,0,0,0,0,0
2007-12-29 10:45:00+00:00,30,12,10,,,0,0,0,0,0,0,0,0,0,0,0,0,0,0,0,0,0,0,0,0,0,0,0,0,0
2007-12-29 11:00:00+00:00,30,12,11,,,0,0,0,0,0,0,0,0,0,0,0,0,0,0,0,0,0,0,0,0,0,0,0,0,0
2007-12-29 11:00:00+00:00,30,12,11,,,0,0,0,0,0,0,0,0,0,0,0,0,0,0,0,0,0,0,0,0,0,0,0,0,0
2007-12-29 11:00:00+00:00,30,12,11,93.07811737060547,90.85126495361328,0,0,0,0,0,0,0,0,0,1,1,1,1,1,1,1,1,0,0,0,0,0,0,0,0
2007-12-29 11:00:00+00:00,30,12,11,,,0,0,0,0,0,0,0,0,0,0,0,0,0,0,0,0,0,0,0,0,0,0,0,0,0
2007-12-29 11:00:00+00:00,30,12,11,,,0,0,0,0,0,0,0,0,0,0,0,0,0,0,0,0,0,0,0,0,0,0,0,0,0
2007-12-29 11:00:00+00:00,30,12,11,140.50213623046875,162.20941162109375,0,0,0,0,0,0,0,0,0,0,0,1,1,1,1,1,1,0,0,0,0,0,0,0,0
2007-12-29 11:00:00+00:00,30,12,11,,175.9801025390625,0,0,0,0,0,0,0,0,0,0,0,0,0,0,0,0,0,0,0,0,0,0,0,0,0
2007-12-29 11:00:00+00:00,30,12,11,,,0,0,0,0,0,0,0,0,0,0,0,0,0,0,0,0,0,0,0,0,0,0,0,0,0
2007-12-29 11:00:00+00:00,30,12,11,,118.16329193115234,0,0,0,0,0,0,0,0,0,0,0,0,0,0,0,0,0,0,0,0,0,0,0,0,0
2007-12-29 11:00:00+00:00,30,12,11,,364.3521423339844,0,0,0,0,0,0,0,0,0,0,0,0,0,0,0,0,0,0,0,0,0,0,0,0,0
2007-12-29 11:00:00+00:00,30,12,11,,,0,0,0,0,0,0,0,0,0,0,0,0,0,0,0,0,0,0,0,0,0,0,0,0,0
2007-12-29 11:15:00+00:00,30,12,11,,,0,0,0,0,0,0,0,0,0,0,0,0,0,0,0,0,0,0,0,0,0,0,0,0,0
2007-12-29 11:15:00+00:00,30,12,11,,,0,0,0,0,0,0,0,0,0,0,0,0,0,0,0,0,0,0,0,0,0,0,0,0,0
2007-12-29 11:15:00+00:00,30,12,11,137.03326416015625,113.84246063232422,0,0,0,0,0,0,0,0,0,0,0,1,1,1,1,1,1,0,0,0,0,0,0,0,0
2007-12-29 11:15:00+00:00,30,12,11,196.08164978027344,83.82572174072266,0,0,0,0,0,0,0,0,0,0,0,0,0,1,1,1,1,0,0,0,0,0,0,0,0
2007-12-29 11:15:00+00:00,30,12,11,,253.40701293945312,0,0,0,0,0,0,0,0,0,0,0,0,0,0,0,0,0,0,0,0,0,0,0,0,0
2007-12-29 11:15:00+00:00,30,12,11,,,0,0,0,0,0,0,0,0,0,0,0,0,0,0,0,0,0,0,0,0,0,0,0,0,0
2007-12-29 11:15:00+00:00,30,12,11,,391.4589538574219,0,0,0,0,0,0,0,0,0,0,0,0,0,0,0,0,0,0,0,0,0,0,0,0,0
2007-12-29 11:15:00+00:00,30,12,11,,150.1212158203125,0,0,0,0,0,0,0,0,0,0,0,0,0,0,0,0,0,0,0,0,0,0,0,0,0
2007-12-29 11:30:00+00:00,30,12,11,,,0,0,0,0,0,0,0,0,0,0,0,0,0,0,0,0,0,0,0,0,0,0,0,0,0
2007-12-29 11:30:00+00:00,30,12,11,,,0,0,0,0,0,0,0,0,0,0,0,0,0,0,0,0,0,0,0,0,0,0,0,0,0
2007-12-29 11:30:00+00:00,30,12,11,,,0,0,0,0,0,0,0,0,0,0,0,0,0,0,0,0,0,0,0,0,0,0,0,0,0
2007-12-29 11:30:00+00:00,30,12,11,,,0,0,0,0,0,0,0,0,0,0,0,0,0,0,0,0,0,0,0,0,0,0,0,0,0
2007-12-29 11:30:00+00:00,30,12,11,,,0,0,0,0,0,0,0,0,0,0,0,0,0,0,0,0,0,0,0,0,0,0,0,0,0
2007-12-29 11:30:00+00:00,30,12,11,,,0,0,0,0,0,0,0,0,0,0,0,0,0,0,0,0,0,0,0,0,0,0,0,0,0
2007-12-29 11:30:00+00:00,30,12,11,,,0,0,0,0,0,0,0,0,0,0,0,0,0,0,0,0,0,0,0,0,0,0,0,0,0
2007-12-29 11:30:00+00:00,30,12,11,229.4748992919922,77.62641143798828,0,0,0,0,0,0,0,0,0,0,0,0,0,0,1,1,1,0,0,0,0,0,0,0,0
2007-12-29 11:30:00+00:00,30,12,11,,433.4268798828125,0,0,0,0,0,0,0,0,0,0,0,0,0,0,0,0,0,0,0,0,0,0,0,0,0
2007-12-29 11:30:00+00:00,30,12,11,,386.7574768066406,0,0,0,0,0,0,0,0,0,0,0,0,0,0,0,0,0,0,0,0,0,0,0,0,0
2007-12-29 11:30:00+00:00,30,12,11,,0.0,0,0,0,0,0,0,0,0,0,0,0,0,0,0,0,0,0,1,1,1,1,1,1,1,1
2007-12-29 11:30:00+00:00,30,12,11,,223.80726623535156,0,0,0,0,0,0,0,0,0,0,0,0,0,0,0,0,0,0,0,0,0,0,0,0,0
2007-12-29 11:30:00+00:00,30,12,11,,,0,0,0,0,0,0,0,0,0,0,0,0,0,0,0,0,0,0,0,0,0,0,0,0,0
2007-12-29 11:45:00+00:00,30,12,11,,,0,0,0,0,0,0,0,0,0,0,0,0,0,0,0,0,0,0,0,0,0,0,0,0,0
2007-12-29 11:45:00+00:00,30,12,11,,,0,0,0,0,0,0,0,0,0,0,0,0,0,0,0,0,0,0,0,0,0,0,0,0,0
2007-12-29 11:45:00+00:00,30,12,11,,,0,0,0,0,0,0,0,0,0,0,0,0,0,0,0,0,0,0,0,0,0,0,0,0,0
2007-12-29 11:45:00+00:00,30,12,11,,,0,0,0,0,0,0,0,0,0,0,0,0,0,0,0,0,0,0,0,0,0,0,0,0,0
2007-12-29 11:45:00+00:00,30,12,11,100.97544860839844,151.18618774414062,0,0,0,0,0,0,0,0,0,0,1,1,1,1,1,1,1,0,0,0,0,0,0,0,0
2007-12-29 11:45:00+00:00,30,12,11,236.0594024658203,223.2735137939453,0,0,0,0,0,0,0,0,0,0,0,0,0,0,1,1,1,0,0,0,0,0,0,0,0
2007-12-29 11:45:00+00:00,30,12,11,327.297119140625,134.37814331054688,0,0,0,0,0,0,0,0,0,0,0,0,0,0,0,0,1,0,0,0,0,0,0,0,0
2007-12-29 11:45:00+00:00,30,12,11,204.45716857910156,200.35137939453125,0,0,0,0,0,0,0,0,0,0,0,0,0,0,1,1,1,0,0,0,0,0,0,0,0
2007-12-29 11:45:00+00:00,30,12,11,,426.36383056640625,0,0,0,0,0,0,0,0,0,0,0,0,0,0,0,0,0,0,0,0,0,0,0,0,0
2007-12-29 11:45:00+00:00,30,12,11,118.20843505859375,157.76368713378906,0,0,0,0,0,0,0,0,0,0,1,1,1,1,1,1,1,0,0,0,0,0,0,0,0
2007-12-29 11:45:00+00:00,30,12,11,,,0,0,0,0,0,0,0,0,0,0,0,0,0,0,0,0,0,0,0,0,0,0,0,0,0
2007-12-29 12:00:00+00:00,30,12,12,,,0,0,0,0,0,0,0,0,0,0,0,0,0,0,0,0,0,0,0,0,0,0,0,0,0
2007-12-29 12:00:00+00:00,30,12,12,339.289794921875,354.8699645996094,0,0,0,0,0,0,0,0,0,0,0,0,0,0,0,0,1,0,0,0,0,0,0,0,0
2007-12-29 12:00:00+00:00,30,12,12,115.93657684326172,149.45648193359375,0,0,0,0,0,0,0,0,0,0,1,1,1,1,1,1,1,0,0,0,0,0,0,0,0
2007-12-29 12:00:00+00:00,30,12,12,139.98704528808594,162.36309814453125,0,0,0,0,0,0,0,0,0,0,0,1,1,1,1,1,1,0,0,0,0,0,0,0,0
2007-12-29 12:00:00+00:00,30,12,12,205.3144989013672,203.47842407226562,0,0,0,0,0,0,0,0,0,0,0,0,0,0,1,1,1,0,0,0,0,0,0,0,0
2007-12-29 12:00:00+00:00,30,12,12,279.97515869140625,274.886474609375,0,0,0,0,0,0,0,0,0,0,0,0,0,0,0,1,1,0,0,0,0,0,0,0,0
2007-12-29 12:00:00+00:00,30,12,12,,,0,0,0,0,0,0,0,0,0,0,0,0,0,0,0,0,0,0,0,0,0,0,0,0,0
2007-12-29 12:00:00+00:00,30,12,12,,87.792724609375,0,0,0,0,0,0,0,0,0,0,0,0,0,0,0,0,0,0,0,0,0,0,0,0,0
2007-12-29 12:00:00+00:00,30,12,12,,260.44659423828125,0,0,0,0,0,0,0,0,0,0,0,0,0,0,0,0,0,0,0,0,0,0,0,0,0
2007-12-29 12:00:00+00:00,30,12,12,,196.6156768798828,0,0,0,0,0,0,0,0,0,0,0,0,0,0,0,0,0,0,0,0,0,0,0,0,0
2007-12-29 12:00:00+00:00,30,12,12,,,0,0,0,0,0,0,0,0,0,0,0,0,0,0,0,0,0,0,0,0,0,0,0,0,0
2007-12-29 12:15:00+00:00,30,12,12,,,0,0,0,0,0,0,0,0,0,0,0,0,0,0,0,0,0,0,0,0,0,0,0,0,0
2007-12-29 12:15:00+00:00,30,12,12,417.68792724609375,424.51904296875,0,0,0,0,0,0,0,0,0,0,0,0,0,0,0,0,0,0,0,0,0,0,0,0,0
2007-12-29 12:15:00+00:00,30,12,12,,169.4341583251953,0,0,0,0,0,0,0,0,0,0,0,0,0,0,0,0,0,0,0,0,0,0,0,0,0
2007-12-29 12:15:00+00:00,30,12,12,,,0,0,0,0,0,0,0,0,0,0,0,0,0,0,0,0,0,0,0,0,0,0,0,0,0
2007-12-29 12:15:00+00:00,30,12,12,355.5648498535156,355.5712890625,0,0,0,0,0,0,0,0,0,0,0,0,0,0,0,0,0,0,0,0,0,0,0,0,0
2007-12-29 12:15:00+00:00,30,12,12,108.72246551513672,30.25432777404785,0,0,0,0,0,0,0,0,0,0,1,1,1,1,1,1,1,0,0,0,0,0,1,1,1
2007-12-29 12:15:00+00:00,30,12,12,305.6002502441406,285.86614990234375,0,0,0,0,0,0,0,0,0,0,0,0,0,0,0,0,1,0,0,0,0,0,0,0,0
2007-12-29 12:15:00+00:00,30,12,12,72.3780288696289,94.19636535644531,0,0,0,0,0,0,0,0,1,1,1,1,1,1,1,1,1,0,0,0,0,0,0,0,0
2007-12-29 12:15:00+00:00,30,12,12,353.2616271972656,323.3740234375,0,0,0,0,0,0,0,0,0,0,0,0,0,0,0,0,0,0,0,0,0,0,0,0,0
2007-12-29 12:15:00+00:00,30,12,12,318.39935302734375,287.59765625,0,0,0,0,0,0,0,0,0,0,0,0,0,0,0,0,1,0,0,0,0,0,0,0,0
2007-12-29 12:15:00+00:00,30,12,12,68.85674285888672,43.981544494628906,0,0,0,0,0,0,0,0,1,1,1,1,1,1,1,1,1,0,0,0,0,0,0,1,1
2007-12-29 12:15:00+00:00,30,12,12,119.4540023803711,90.4156265258789,0,0,0,0,0,0,0,0,0,0,1,1,1,1,1,1,1,0,0,0,0,0,0,0,0
2007-12-29 12:15:00+00:00,30,12,12,210.36631774902344,179.93994140625,0,0,0,0,0,0,0,0,0,0,0,0,0,0,1,1,1,0,0,0,0,0,0,0,0
2007-12-29 12:15:00+00:00,30,12,12,175.5500030517578,182.20809936523438,0,0,0,0,0,0,0,0,0,0,0,0,1,1,1,1,1,0,0,0,0,0,0,0,0
2007-12-29 12:15:00+00:00,30,12,12,262.95709228515625,279.9915771484375,0,0,0,0,0,0,0,0,0,0,0,0,0,0,0,1,1,0,0,0,0,0,0,0,0
2007-12-29 12:15:00+00:00,30,12,12,251.03311157226562,304.87152099609375,0,0,0,0,0,0,0,0,0,0,0,0,0,0,0,1,1,0,0,0,0,0,0,0,0
2007-12-29 12:15:00+00:00,30,12,12,,,0,0,0,0,0,0,0,0,0,0,0,0,0,0,0,0,0,0,0,0,0,0,0,0,0
2007-12-29 12:15:00+00:00,30,12,12,342.62158203125,99.60746765136719,0,0,0,0,0,0,0,0,0,0,0,0,0,0,0,0,1,0,0,0,0,0,0,0,0
2007-12-29 12:15:00+00:00,30,12,12,,251.4173583984375,0,0,0,0,0,0,0,0,0,0,0,0,0,0,0,0,0,0,0,0,0,0,0,0,0
2007-12-29 12:15:00+00:00,30,12,12,,297.2136535644531,0,0,0,0,0,0,0,0,0,0,0,0,0,0,0,0,0,0,0,0,0,0,0,0,0
2007-12-29 12:15:00+00:00,30,12,12,,309.4654235839844,0,0,0,0,0,0,0,0,0,0,0,0,0,0,0,0,0,0,0,0,0,0,0,0,0
2007-12-29 12:15:00+00:00,30,12,12,,286.78570556640625,0,0,0,0,0,0,0,0,0,0,0,0,0,0,0,0,0,0,0,0,0,0,0,0,0
2007-12-29 12:15:00+00:00,30,12,12,,,0,0,0,0,0,0,0,0,0,0,0,0,0,0,0,0,0,0,0,0,0,0,0,0,0
2007-12-29 12:30:00+00:00,30,12,12,296.73529052734375,270.48052978515625,0,0,0,0,0,0,0,0,0,0,0,0,0,0,0,1,1,0,0,0,0,0,0,0,0
2007-12-29 12:30:00+00:00,30,12,12,240.74305725097656,212.30224609375,0,0,0,0,0,0,0,0,0,0,0,0,0,0,1,1,1,0,0,0,0,0,0,0,0
2007-12-29 12:30:00+00:00,30,12,12,232.6317138671875,255.50732421875,0,0,0,0,0,0,0,0,0,0,0,0,0,0,1,1,1,0,0,0,0,0,0,0,0
2007-12-29 12:30:00+00:00,30,12,12,127.86588287353516,111.70897674560547,0,0,0,0,0,0,0,0,0,0,0,1,1,1,1,1,1,0,0,0,0,0,0,0,0
2007-12-29 12:30:00+00:00,30,12,12,198.97596740722656,198.39849853515625,0,0,0,0,0,0,0,0,0,0,0,0,0,1,1,1,1,0,0,0,0,0,0,0,0
2007-12-29 12:30:00+00:00,30,12,12,,,0,0,0,0,0,0,0,0,0,0,0,0,0,0,0,0,0,0,0,0,0,0,0,0,0
2007-12-29 12:45:00+00:00,30,12,12,,,0,0,0,0,0,0,0,0,0,0,0,0,0,0,0,0,0,0,0,0,0,0,0,0,0
2007-12-29 12:45:00+00:00,30,12,12,,,0,0,0,0,0,0,0,0,0,0,0,0,0,0,0,0,0,0,0,0,0,0,0,0,0
2007-12-29 12:45:00+00:00,30,12,12,462.3442077636719,152.924560546875,0,0,0,0,0,0,0,0,0,0,0,0,0,0,0,0,0,0,0,0,0,0,0,0,0
2007-12-29 12:45:00+00:00,30,12,12,,,0,0,0,0,0,0,0,0,0,0,0,0,0,0,0,0,0,0,0,0,0,0,0,0,0
2007-12-29 12:45:00+00:00,30,12,12,71.73365020751953,61.09577178955078,0,0,0,0,0,0,0,0,1,1,1,1,1,1,1,1,1,0,0,0,0,0,0,0,0
2007-12-29 12:45:00+00:00,30,12,12,299.2172546386719,199.1363067626953,0,0,0,0,0,0,0,0,0,0,0,0,0,0,0,1,1,0,0,0,0,0,0,0,0
2007-12-29 12:45:00+00:00,30,12,12,91.92423248291016,95.95750427246094,0,0,0,0,0,0,0,0,0,1,1,1,1,1,1,1,1,0,0,0,0,0,0,0,0
2007-12-29 12:45:00+00:00,30,12,12,433.2747802734375,422.8223876953125,0,0,0,0,0,0,0,0,0,0,0,0,0,0,0,0,0,0,0,0,0,0,0,0,0
2007-12-29 12:45:00+00:00,30,12,12,,284.1736145019531,0,0,0,0,0,0,0,0,0,0,0,0,0,0,0,0,0,0,0,0,0,0,0,0,0
2007-12-29 12:45:00+00:00,30,12,12,,,0,0,0,0,0,0,0,0,0,0,0,0,0,0,0,0,0,0,0,0,0,0,0,0,0
2007-12-29 13:00:00+00:00,30,12,13,,,0,0,0,0,0,0,0,0,0,0,0,0,0,0,0,0,0,0,0,0,0,0,0,0,0
2007-12-29 13:00:00+00:00,30,12,13,,,0,0,0,0,0,0,0,0,0,0,0,0,0,0,0,0,0,0,0,0,0,0,0,0,0
2007-12-29 13:00:00+00:00,30,12,13,258.1572570800781,200.211181640625,0,0,0,0,0,0,0,0,0,0,0,0,0,0,0,1,1,0,0,0,0,0,0,0,0
2007-12-29 13:00:00+00:00,30,12,13,372.3236083984375,109.13194274902344,0,0,0,0,0,0,0,0,0,0,0,0,0,0,0,0,0,0,0,0,0,0,0,0,0
2007-12-29 13:00:00+00:00,30,12,13,312.1272888183594,406.12518310546875,0,0,0,0,0,0,0,0,0,0,0,0,0,0,0,0,1,0,0,0,0,0,0,0,0
2007-12-29 13:00:00+00:00,30,12,13,205.6342010498047,357.2527160644531,0,0,0,0,0,0,0,0,0,0,0,0,0,0,1,1,1,0,0,0,0,0,0,0,0
2007-12-29 13:00:00+00:00,30,12,13,223.258056640625,366.5742492675781,0,0,0,0,0,0,0,0,0,0,0,0,0,0,1,1,1,0,0,0,0,0,0,0,0
2007-12-29 13:00:00+00:00,30,12,13,156.64125061035156,257.19415283203125,0,0,0,0,0,0,0,0,0,0,0,0,1,1,1,1,1,0,0,0,0,0,0,0,0
2007-12-29 13:00:00+00:00,30,12,13,136.67054748535156,223.2888946533203,0,0,0,0,0,0,0,0,0,0,0,1,1,1,1,1,1,0,0,0,0,0,0,0,0
2007-12-29 13:00:00+00:00,30,12,13,324.3788146972656,292.5597229003906,0,0,0,0,0,0,0,0,0,0,0,0,0,0,0,0,1,0,0,0,0,0,0,0,0
2007-12-29 13:00:00+00:00,30,12,13,303.78192138671875,322.34490966796875,0,0,0,0,0,0,0,0,0,0,0,0,0,0,0,0,1,0,0,0,0,0,0,0,0
2007-12-29 13:00:00+00:00,30,12,13,193.93215942382812,205.6500244140625,0,0,0,0,0,0,0,0,0,0,0,0,0,1,1,1,1,0,0,0,0,0,0,0,0
2007-12-29 13:00:00+00:00,30,12,13,141.615478515625,136.5654296875,0,0,0,0,0,0,0,0,0,0,0,1,1,1,1,1,1,0,0,0,0,0,0,0,0
2007-12-29 13:15:00+00:00,30,12,13,55.247615814208984,21.646459579467773,0,0,0,0,0,0,0,1,1,1,1,1,1,1,1,1,1,0,0,0,1,1,1,1,1
2007-12-29 13:15:00+00:00,30,12,13,311.62591552734375,,0,0,0,0,0,0,0,0,0,0,0,0,0,0,0,0,1,0,0,0,0,0,0,0,0
2007-12-29 13:15:00+00:00,30,12,13,140.56085205078125,153.98353576660156,0,0,0,0,0,0,0,0,0,0,0,1,1,1,1,1,1,0,0,0,0,0,0,0,0
2007-12-29 13:15:00+00:00,30,12,13,100.00301361083984,113.92942810058594,0,0,0,0,0,0,0,0,0,0,1,1,1,1,1,1,1,0,0,0,0,0,0,0,0
2007-12-29 13:15:00+00:00,30,12,13,,,0,0,0,0,0,0,0,0,0,0,0,0,0,0,0,0,0,0,0,0,0,0,0,0,0
2007-12-29 13:15:00+00:00,30,12,13,,541.9453125,0,0,0,0,0,0,0,0,0,0,0,0,0,0,0,0,0,0,0,0,0,0,0,0,0
2007-12-29 13:15:00+00:00,30,12,13,494.3788757324219,320.1182556152344,0,0,0,0,0,0,0,0,0,0,0,0,0,0,0,0,0,0,0,0,0,0,0,0,0
2007-12-29 13:15:00+00:00,30,12,13,,288.7088928222656,0,0,0,0,0,0,0,0,0,0,0,0,0,0,0,0,0,0,0,0,0,0,0,0,0
2007-12-29 13:15:00+00:00,30,12,13,,,0,0,0,0,0,0,0,0,0,0,0,0,0,0,0,0,0,0,0,0,0,0,0,0,0
2007-12-29 13:15:00+00:00,30,12,13,,,0,0,0,0,0,0,0,0,0,0,0,0,0,0,0,0,0,0,0,0,0,0,0,0,0
2007-12-29 13:15:00+00:00,30,12,13,349.5277099609375,398.02587890625,0,0,0,0,0,0,0,0,0,0,0,0,0,0,0,0,1,0,0,0,0,0,0,0,0
2007-12-29 13:15:00+00:00,30,12,13,232.70944213867188,355.7686767578125,0,0,0,0,0,0,0,0,0,0,0,0,0,0,1,1,1,0,0,0,0,0,0,0,0
2007-12-29 13:15:00+00:00,30,12,13,205.85922241210938,,0,0,0,0,0,0,0,0,0,0,0,0,0,0,1,1,1,0,0,0,0,0,0,0,0
2007-12-29 13:15:00+00:00,30,12,13,228.75677490234375,,0,0,0,0,0,0,0,0,0,0,0,0,0,0,1,1,1,0,0,0,0,0,0,0,0
2007-12-29 13:30:00+00:00,30,12,13,,,0,0,0,0,0,0,0,0,0,0,0,0,0,0,0,0,0,0,0,0,0,0,0,0,0
2007-12-29 13:30:00+00:00,30,12,13,,,0,0,0,0,0,0,0,0,0,0,0,0,0,0,0,0,0,0,0,0,0,0,0,0,0
2007-12-29 13:30:00+00:00,30,12,13,,,0,0,0,0,0,0,0,0,0,0,0,0,0,0,0,0,0,0,0,0,0,0,0,0,0
2007-12-29 13:30:00+00:00,30,12,13,109.88790130615234,126.7420425415039,0,0,0,0,0,0,0,0,0,0,1,1,1,1,1,1,1,0,0,0,0,0,0,0,0
2007-12-29 13:30:00+00:00,30,12,13,42.61144256591797,9.359933853149414,0,0,0,0,0,0,1,1,1,1,1,1,1,1,1,1,1,1,1,1,1,1,1,1,1
2007-12-29 13:30:00+00:00,30,12,13,204.67881774902344,,0,0,0,0,0,0,0,0,0,0,0,0,0,0,1,1,1,0,0,0,0,0,0,0,0
2007-12-29 13:30:00+00:00,30,12,13,222.780029296875,234.42840576171875,0,0,0,0,0,0,0,0,0,0,0,0,0,0,1,1,1,0,0,0,0,0,0,0,0
2007-12-29 13:30:00+00:00,30,12,13,,,0,0,0,0,0,0,0,0,0,0,0,0,0,0,0,0,0,0,0,0,0,0,0,0,0
2007-12-29 13:30:00+00:00,30,12,13,,,0,0,0,0,0,0,0,0,0,0,0,0,0,0,0,0,0,0,0,0,0,0,0,0,0
2007-12-29 13:30:00+00:00,30,12,13,,,0,0,0,0,0,0,0,0,0,0,0,0,0,0,0,0,0,0,0,0,0,0,0,0,0
2007-12-29 13:30:00+00:00,30,12,13,,0.0,0,0,0,0,0,0,0,0,0,0,0,0,0,0,0,0,0,1,1,1,1,1,1,1,1
2007-12-29 13:30:00+00:00,30,12,13,,,0,0,0,0,0,0,0,0,0,0,0,0,0,0,0,0,0,0,0,0,0,0,0,0,0
2007-12-29 13:45:00+00:00,30,12,13,,207.03152465820312,0,0,0,0,0,0,0,0,0,0,0,0,0,0,0,0,0,0,0,0,0,0,0,0,0
2007-12-29 13:45:00+00:00,30,12,13,288.77923583984375,186.07113647460938,0,0,0,0,0,0,0,0,0,0,0,0,0,0,0,1,1,0,0,0,0,0,0,0,0
2007-12-29 13:45:00+00:00,30,12,13,,131.10643005371094,0,0,0,0,0,0,0,0,0,0,0,0,0,0,0,0,0,0,0,0,0,0,0,0,0
2007-12-29 13:45:00+00:00,30,12,13,478.55987548828125,,0,0,0,0,0,0,0,0,0,0,0,0,0,0,0,0,0,0,0,0,0,0,0,0,0
2007-12-29 13:45:00+00:00,30,12,13,,327.4982604980469,0,0,0,0,0,0,0,0,0,0,0,0,0,0,0,0,0,0,0,0,0,0,0,0,0
2007-12-29 13:45:00+00:00,30,12,13,322.91888427734375,351.3119201660156,0,0,0,0,0,0,0,0,0,0,0,0,0,0,0,0,1,0,0,0,0,0,0,0,0
2007-12-29 13:45:00+00:00,30,12,13,,,0,0,0,0,0,0,0,0,0,0,0,0,0,0,0,0,0,0,0,0,0,0,0,0,0
2007-12-29 14:00:00+00:00,30,12,14,,377.73486328125,0,0,0,0,0,0,0,0,0,0,0,0,0,0,0,0,0,0,0,0,0,0,0,0,0
2007-12-29 14:00:00+00:00,30,12,14,,,0,0,0,0,0,0,0,0,0,0,0,0,0,0,0,0,0,0,0,0,0,0,0,0,0
2007-12-29 14:00:00+00:00,30,12,14,,376.8554382324219,0,0,0,0,0,0,0,0,0,0,0,0,0,0,0,0,0,0,0,0,0,0,0,0,0
2007-12-29 14:00:00+00:00,30,12,14,75.38555908203125,42.13840103149414,0,0,0,0,0,0,0,0,1,1,1,1,1,1,1,1,1,0,0,0,0,0,0,1,1
2007-12-29 14:00:00+00:00,30,12,14,238.51885986328125,272.6791687011719,0,0,0,0,0,0,0,0,0,0,0,0,0,0,1,1,1,0,0,0,0,0,0,0,0
2007-12-29 14:00:00+00:00,30,12,14,,428.8106689453125,0,0,0,0,0,0,0,0,0,0,0,0,0,0,0,0,0,0,0,0,0,0,0,0,0
2007-12-29 14:00:00+00:00,30,12,14,,,0,0,0,0,0,0,0,0,0,0,0,0,0,0,0,0,0,0,0,0,0,0,0,0,0
2007-12-29 14:00:00+00:00,30,12,14,290.996826171875,136.6346893310547,0,0,0,0,0,0,0,0,0,0,0,0,0,0,0,1,1,0,0,0,0,0,0,0,0
2007-12-29 14:00:00+00:00,30,12,14,30.741634368896484,24.594606399536133,0,0,0,0,0,1,1,1,1,1,1,1,1,1,1,1,1,0,0,0,1,1,1,1,1
2007-12-29 14:15:00+00:00,30,12,14,,,0,0,0,0,0,0,0,0,0,0,0,0,0,0,0,0,0,0,0,0,0,0,0,0,0
2007-12-29 14:15:00+00:00,30,12,14,162.38023376464844,,0,0,0,0,0,0,0,0,0,0,0,0,1,1,1,1,1,0,0,0,0,0,0,0,0
2007-12-29 14:15:00+00:00,30,12,14,72.71246337890625,0.0,0,0,0,0,0,0,0,0,1,1,1,1,1,1,1,1,1,1,1,1,1,1,1,1,1
2007-12-29 14:15:00+00:00,30,12,14,230.55014038085938,288.93115234375,0,0,0,0,0,0,0,0,0,0,0,0,0,0,1,1,1,0,0,0,0,0,0,0,0
2007-12-29 14:15:00+00:00,30,12,14,235.79513549804688,190.30540466308594,0,0,0,0,0,0,0,0,0,0,0,0,0,0,1,1,1,0,0,0,0,0,0,0,0
2007-12-29 14:15:00+00:00,30,12,14,201.73719787597656,157.10728454589844,0,0,0,0,0,0,0,0,0,0,0,0,0,0,1,1,1,0,0,0,0,0,0,0,0
2007-12-29 14:15:00+00:00,30,12,14,350.7167663574219,235.90216064453125,0,0,0,0,0,0,0,0,0,0,0,0,0,0,0,0,0,0,0,0,0,0,0,0,0
2007-12-29 14:15:00+00:00,30,12,14,132.10763549804688,79.4715576171875,0,0,0,0,0,0,0,0,0,0,0,1,1,1,1,1,1,0,0,0,0,0,0,0,0
2007-12-29 14:15:00+00:00,30,12,14,125.6305160522461,91.73258972167969,0,0,0,0,0,0,0,0,0,0,0,1,1,1,1,1,1,0,0,0,0,0,0,0,0
2007-12-29 14:15:00+00:00,30,12,14,231.6036376953125,297.0692443847656,0,0,0,0,0,0,0,0,0,0,0,0,0,0,1,1,1,0,0,0,0,0,0,0,0
2007-12-29 14:15:00+00:00,30,12,14,309.64715576171875,342.2663269042969,0,0,0,0,0,0,0,0,0,0,0,0,0,0,0,0,1,0,0,0,0,0,0,0,0
2007-12-29 14:15:00+00:00,30,12,14,149.19566345214844,158.5701446533203,0,0,0,0,0,0,0,0,0,0,0,1,1,1,1,1,1,0,0,0,0,0,0,0,0
2007-12-29 14:15:00+00:00,30,12,14,,390.71929931640625,0,0,0,0,0,0,0,0,0,0,0,0,0,0,0,0,0,0,0,0,0,0,0,0,0
2007-12-29 14:15:00+00:00,30,12,14,,407.12652587890625,0,0,0,0,0,0,0,0,0,0,0,0,0,0,0,0,0,0,0,0,0,0,0,0,0
2007-12-29 14:15:00+00:00,30,12,14,408.78973388671875,390.2980651855469,0,0,0,0,0,0,0,0,0,0,0,0,0,0,0,0,0,0,0,0,0,0,0,0,0
2007-12-29 14:15:00+00:00,30,12,14,462.6286315917969,310.2355651855469,0,0,0,0,0,0,0,0,0,0,0,0,0,0,0,0,0,0,0,0,0,0,0,0,0
2007-12-29 14:30:00+00:00,30,12,14,,,0,0,0,0,0,0,0,0,0,0,0,0,0,0,0,0,0,0,0,0,0,0,0,0,0
2007-12-29 14:30:00+00:00,30,12,14,75.61078643798828,80.83177185058594,0,0,0,0,0,0,0,0,1,1,1,1,1,1,1,1,1,0,0,0,0,0,0,0,0
2007-12-29 14:30:00+00:00,30,12,14,,,0,0,0,0,0,0,0,0,0,0,0,0,0,0,0,0,0,0,0,0,0,0,0,0,0
2007-12-29 14:30:00+00:00,30,12,14,,,0,0,0,0,0,0,0,0,0,0,0,0,0,0,0,0,0,0,0,0,0,0,0,0,0
2007-12-29 14:30:00+00:00,30,12,14,323.1081848144531,0.0,0,0,0,0,0,0,0,0,0,0,0,0,0,0,0,0,1,1,1,1,1,1,1,1,1
2007-12-29 14:30:00+00:00,30,12,14,326.3565979003906,146.55374145507812,0,0,0,0,0,0,0,0,0,0,0,0,0,0,0,0,1,0,0,0,0,0,0,0,0
2007-12-29 14:45:00+00:00,30,12,14,,31.8877010345459,0,0,0,0,0,0,0,0,0,0,0,0,0,0,0,0,0,0,0,0,0,0,1,1,1
2007-12-29 14:45:00+00:00,30,12,14,,279.24102783203125,0,0,0,0,0,0,0,0,0,0,0,0,0,0,0,0,0,0,0,0,0,0,0,0,0
2007-12-29 14:45:00+00:00,30,12,14,131.43934631347656,162.80224609375,0,0,0,0,0,0,0,0,0,0,0,1,1,1,1,1,1,0,0,0,0,0,0,0,0
2007-12-29 14:45:00+00:00,30,12,14,187.6197967529297,113.74755859375,0,0,0,0,0,0,0,0,0,0,0,0,0,1,1,1,1,0,0,0,0,0,0,0,0
2007-12-29 14:45:00+00:00,30,12,14,243.9676055908203,97.94329071044922,0,0,0,0,0,0,0,0,0,0,0,0,0,0,1,1,1,0,0,0,0,0,0,0,0
2007-12-29 14:45:00+00:00,30,12,14,244.2120361328125,133.94915771484375,0,0,0,0,0,0,0,0,0,0,0,0,0,0,1,1,1,0,0,0,0,0,0,0,0
2007-12-29 15:00:00+00:00,30,12,15,393.23077392578125,402.4880065917969,0,0,0,0,0,0,0,0,0,0,0,0,0,0,0,0,0,0,0,0,0,0,0,0,0
2007-12-29 15:00:00+00:00,30,12,15,329.7937927246094,339.8707275390625,0,0,0,0,0,0,0,0,0,0,0,0,0,0,0,0,1,0,0,0,0,0,0,0,0
2007-12-29 15:00:00+00:00,30,12,15,23.787961959838867,0.0,0,0,0,1,1,1,1,1,1,1,1,1,1,1,1,1,1,1,1,1,1,1,1,1,1
2007-12-29 15:00:00+00:00,30,12,15,,156.7701873779297,0,0,0,0,0,0,0,0,0,0,0,0,0,0,0,0,0,0,0,0,0,0,0,0,0
2007-12-29 15:00:00+00:00,30,12,15,175.13636779785156,162.5855712890625,0,0,0,0,0,0,0,0,0,0,0,0,1,1,1,1,1,0,0,0,0,0,0,0,0
2007-12-29 15:00:00+00:00,30,12,15,183.39370727539062,169.6999053955078,0,0,0,0,0,0,0,0,0,0,0,0,0,1,1,1,1,0,0,0,0,0,0,0,0
2007-12-29 15:00:00+00:00,30,12,15,149.1345672607422,155.9488067626953,0,0,0,0,0,0,0,0,0,0,0,1,1,1,1,1,1,0,0,0,0,0,0,0,0
2007-12-29 15:00:00+00:00,30,12,15,77.63617706298828,70.77368927001953,0,0,0,0,0,0,0,0,1,1,1,1,1,1,1,1,1,0,0,0,0,0,0,0,0
2007-12-29 15:00:00+00:00,30,12,15,179.9361572265625,304.0055236816406,0,0,0,0,0,0,0,0,0,0,0,0,1,1,1,1,1,0,0,0,0,0,0,0,0
2007-12-29 15:00:00+00:00,30,12,15,146.04835510253906,153.1733856201172,0,0,0,0,0,0,0,0,0,0,0,1,1,1,1,1,1,0,0,0,0,0,0,0,0
2007-12-29 15:00:00+00:00,30,12,15,,,0,0,0,0,0,0,0,0,0,0,0,0,0,0,0,0,0,0,0,0,0,0,0,0,0
2007-12-29 15:15:00+00:00,30,12,15,102.86686706542969,112.02662658691406,0,0,0,0,0,0,0,0,0,0,1,1,1,1,1,1,1,0,0,0,0,0,0,0,0
2007-12-29 15:15:00+00:00,30,12,15,319.2185974121094,166.1807861328125,0,0,0,0,0,0,0,0,0,0,0,0,0,0,0,0,1,0,0,0,0,0,0,0,0
2007-12-29 15:15:00+00:00,30,12,15,364.5682678222656,,0,0,0,0,0,0,0,0,0,0,0,0,0,0,0,0,0,0,0,0,0,0,0,0,0
2007-12-29 15:15:00+00:00,30,12,15,320.1590270996094,317.1109924316406,0,0,0,0,0,0,0,0,0,0,0,0,0,0,0,0,1,0,0,0,0,0,0,0,0
2007-12-29 15:15:00+00:00,30,12,15,101.79959106445312,136.4644775390625,0,0,0,0,0,0,0,0,0,0,1,1,1,1,1,1,1,0,0,0,0,0,0,0,0
2007-12-29 15:15:00+00:00,30,12,15,166.1132049560547,156.69583129882812,0,0,0,0,0,0,0,0,0,0,0,0,1,1,1,1,1,0,0,0,0,0,0,0,0
2007-12-29 15:15:00+00:00,30,12,15,196.69586181640625,187.84625244140625,0,0,0,0,0,0,0,0,0,0,0,0,0,1,1,1,1,0,0,0,0,0,0,0,0
2007-12-29 15:15:00+00:00,30,12,15,,,0,0,0,0,0,0,0,0,0,0,0,0,0,0,0,0,0,0,0,0,0,0,0,0,0
2007-12-29 15:15:00+00:00,30,12,15,,,0,0,0,0,0,0,0,0,0,0,0,0,0,0,0,0,0,0,0,0,0,0,0,0,0
2007-12-29 15:30:00+00:00,30,12,15,,,0,0,0,0,0,0,0,0,0,0,0,0,0,0,0,0,0,0,0,0,0,0,0,0,0
2007-12-29 15:30:00+00:00,30,12,15,150.923583984375,145.522216796875,0,0,0,0,0,0,0,0,0,0,0,0,1,1,1,1,1,0,0,0,0,0,0,0,0
2007-12-29 15:30:00+00:00,30,12,15,279.7259521484375,285.76416015625,0,0,0,0,0,0,0,0,0,0,0,0,0,0,0,1,1,0,0,0,0,0,0,0,0
2007-12-29 15:30:00+00:00,30,12,15,213.35780334472656,125.60629272460938,0,0,0,0,0,0,0,0,0,0,0,0,0,0,1,1,1,0,0,0,0,0,0,0,0
2007-12-29 15:30:00+00:00,30,12,15,244.24818420410156,145.26565551757812,0,0,0,0,0,0,0,0,0,0,0,0,0,0,1,1,1,0,0,0,0,0,0,0,0
2007-12-29 15:30:00+00:00,30,12,15,68.69790649414062,86.64978790283203,0,0,0,0,0,0,0,0,1,1,1,1,1,1,1,1,1,0,0,0,0,0,0,0,0
2007-12-29 15:30:00+00:00,30,12,15,,,0,0,0,0,0,0,0,0,0,0,0,0,0,0,0,0,0,0,0,0,0,0,0,0,0
2007-12-29 15:45:00+00:00,30,12,15,,,0,0,0,0,0,0,0,0,0,0,0,0,0,0,0,0,0,0,0,0,0,0,0,0,0
2007-12-29 15:45:00+00:00,30,12,15,,,0,0,0,0,0,0,0,0,0,0,0,0,0,0,0,0,0,0,0,0,0,0,0,0,0
2007-12-29 16:00:00+00:00,30,12,16,215.16790771484375,211.14830017089844,0,0,0,0,0,0,0,0,0,0,0,0,0,0,1,1,1,0,0,0,0,0,0,0,0
2007-12-29 16:00:00+00:00,30,12,16,200.18753051757812,209.74581909179688,0,0,0,0,0,0,0,0,0,0,0,0,0,0,1,1,1,0,0,0,0,0,0,0,0
2007-12-29 16:00:00+00:00,30,12,16,,,0,0,0,0,0,0,0,0,0,0,0,0,0,0,0,0,0,0,0,0,0,0,0,0,0
2007-12-29 16:15:00+00:00,30,12,16,,,0,0,0,0,0,0,0,0,0,0,0,0,0,0,0,0,0,0,0,0,0,0,0,0,0
2007-12-29 16:15:00+00:00,30,12,16,68.68157958984375,82.87232971191406,0,0,0,0,0,0,0,0,1,1,1,1,1,1,1,1,1,0,0,0,0,0,0,0,0
2007-12-29 16:15:00+00:00,30,12,16,,,0,0,0,0,0,0,0,0,0,0,0,0,0,0,0,0,0,0,0,0,0,0,0,0,0
2007-12-29 16:30:00+00:00,30,12,16,,,0,0,0,0,0,0,0,0,0,0,0,0,0,0,0,0,0,0,0,0,0,0,0,0,0
2007-12-29 16:30:00+00:00,30,12,16,,,0,0,0,0,0,0,0,0,0,0,0,0,0,0,0,0,0,0,0,0,0,0,0,0,0
2007-12-29 16:30:00+00:00,30,12,16,169.58384704589844,171.45672607421875,0,0,0,0,0,0,0,0,0,0,0,0,1,1,1,1,1,0,0,0,0,0,0,0,0
2007-12-29 16:30:00+00:00,30,12,16,186.30691528320312,153.58651733398438,0,0,0,0,0,0,0,0,0,0,0,0,0,1,1,1,1,0,0,0,0,0,0,0,0
2007-12-29 16:30:00+00:00,30,12,16,29.764610290527344,19.13829231262207,0,0,0,0,1,1,1,1,1,1,1,1,1,1,1,1,1,0,0,1,1,1,1,1,1
2007-12-29 16:30:00+00:00,30,12,16,,,0,0,0,0,0,0,0,0,0,0,0,0,0,0,0,0,0,0,0,0,0,0,0,0,0
2007-12-29 16:45:00+00:00,30,12,16,161.8896942138672,253.5078125,0,0,0,0,0,0,0,0,0,0,0,0,1,1,1,1,1,0,0,0,0,0,0,0,0
2007-12-29 16:45:00+00:00,30,12,16,317.59600830078125,306.89434814453125,0,0,0,0,0,0,0,0,0,0,0,0,0,0,0,0,1,0,0,0,0,0,0,0,0
2007-12-29 16:45:00+00:00,30,12,16,130.29588317871094,136.4973907470703,0,0,0,0,0,0,0,0,0,0,0,1,1,1,1,1,1,0,0,0,0,0,0,0,0
2007-12-29 16:45:00+00:00,30,12,16,34.08185958862305,45.92809295654297,0,0,0,0,0,1,1,1,1,1,1,1,1,1,1,1,1,0,0,0,0,0,0,1,1
2007-12-29 17:00:00+00:00,30,12,17,379.44427490234375,,0,0,0,0,0,0,0,0,0,0,0,0,0,0,0,0,0,0,0,0,0,0,0,0,0
2007-12-29 17:00:00+00:00,30,12,17,194.29434204101562,183.51934814453125,0,0,0,0,0,0,0,0,0,0,0,0,0,1,1,1,1,0,0,0,0,0,0,0,0
2007-12-29 17:00:00+00:00,30,12,17,300.9253234863281,328.6372985839844,0,0,0,0,0,0,0,0,0,0,0,0,0,0,0,0,1,0,0,0,0,0,0,0,0
2007-12-29 17:00:00+00:00,30,12,17,133.87835693359375,106.11359405517578,0,0,0,0,0,0,0,0,0,0,0,1,1,1,1,1,1,0,0,0,0,0,0,0,0
2007-12-29 17:00:00+00:00,30,12,17,,,0,0,0,0,0,0,0,0,0,0,0,0,0,0,0,0,0,0,0,0,0,0,0,0,0
2007-12-29 17:30:00+00:00,30,12,17,130.44325256347656,,0,0,0,0,0,0,0,0,0,0,0,1,1,1,1,1,1,0,0,0,0,0,0,0,0
2007-12-29 17:30:00+00:00,30,12,17,,,0,0,0,0,0,0,0,0,0,0,0,0,0,0,0,0,0,0,0,0,0,0,0,0,0
2007-12-29 17:45:00+00:00,30,12,17,,61.68446350097656,0,0,0,0,0,0,0,0,0,0,0,0,0,0,0,0,0,0,0,0,0,0,0,0,0
2007-12-29 17:45:00+00:00,30,12,17,126.1616439819336,93.99054718017578,0,0,0,0,0,0,0,0,0,0,0,1,1,1,1,1,1,0,0,0,0,0,0,0,0
2007-12-29 17:45:00+00:00,30,12,17,203.20770263671875,173.3264617919922,0,0,0,0,0,0,0,0,0,0,0,0,0,0,1,1,1,0,0,0,0,0,0,0,0
2007-12-29 17:45:00+00:00,30,12,17,,,0,0,0,0,0,0,0,0,0,0,0,0,0,0,0,0,0,0,0,0,0,0,0,0,0
2007-12-30 10:00:00+00:00,30,12,10,309.68408203125,302.0364074707031,0,0,0,0,0,0,0,0,0,0,0,0,0,0,0,0,1,0,0,0,0,0,0,0,0
2007-12-30 10:00:00+00:00,30,12,10,309.5549011230469,298.9288635253906,0,0,0,0,0,0,0,0,0,0,0,0,0,0,0,0,1,0,0,0,0,0,0,0,0
2007-12-30 10:00:00+00:00,30,12,10,170.70602416992188,168.07403564453125,0,0,0,0,0,0,0,0,0,0,0,0,1,1,1,1,1,0,0,0,0,0,0,0,0
2007-12-30 10:00:00+00:00,30,12,10,262.8365783691406,224.83056640625,0,0,0,0,0,0,0,0,0,0,0,0,0,0,0,1,1,0,0,0,0,0,0,0,0
2007-12-30 10:00:00+00:00,30,12,10,135.62469482421875,102.2215805053711,0,0,0,0,0,0,0,0,0,0,0,1,1,1,1,1,1,0,0,0,0,0,0,0,0
2007-12-30 10:00:00+00:00,30,12,10,145.58270263671875,129.7701873779297,0,0,0,0,0,0,0,0,0,0,0,1,1,1,1,1,1,0,0,0,0,0,0,0,0
2007-12-30 10:00:00+00:00,30,12,10,356.2131042480469,,0,0,0,0,0,0,0,0,0,0,0,0,0,0,0,0,0,0,0,0,0,0,0,0,0
2007-12-30 10:00:00+00:00,30,12,10,,,0,0,0,0,0,0,0,0,0,0,0,0,0,0,0,0,0,0,0,0,0,0,0,0,0
2007-12-30 10:00:00+00:00,30,12,10,96.36366271972656,80.14425659179688,0,0,0,0,0,0,0,0,0,1,1,1,1,1,1,1,1,0,0,0,0,0,0,0,0
2007-12-30 10:00:00+00:00,30,12,10,101.35624694824219,7.25315523147583,0,0,0,0,0,0,0,0,0,0,1,1,1,1,1,1,1,1,1,1,1,1,1,1,1
2007-12-30 10:00:00+00:00,30,12,10,232.70530700683594,126.96975708007812,0,0,0,0,0,0,0,0,0,0,0,0,0,0,1,1,1,0,0,0,0,0,0,0,0
2007-12-30 10:00:00+00:00,30,12,10,,,0,0,0,0,0,0,0,0,0,0,0,0,0,0,0,0,0,0,0,0,0,0,0,0,0
2007-12-30 10:15:00+00:00,30,12,10,,,0,0,0,0,0,0,0,0,0,0,0,0,0,0,0,0,0,0,0,0,0,0,0,0,0
2007-12-30 10:15:00+00:00,30,12,10,499.0277404785156,499.1712341308594,0,0,0,0,0,0,0,0,0,0,0,0,0,0,0,0,0,0,0,0,0,0,0,0,0
2007-12-30 10:15:00+00:00,30,12,10,172.7843017578125,181.13424682617188,0,0,0,0,0,0,0,0,0,0,0,0,1,1,1,1,1,0,0,0,0,0,0,0,0
2007-12-30 10:15:00+00:00,30,12,10,235.10740661621094,241.46083068847656,0,0,0,0,0,0,0,0,0,0,0,0,0,0,1,1,1,0,0,0,0,0,0,0,0
2007-12-30 10:15:00+00:00,30,12,10,133.36843872070312,127.455078125,0,0,0,0,0,0,0,0,0,0,0,1,1,1,1,1,1,0,0,0,0,0,0,0,0
2007-12-30 10:15:00+00:00,30,12,10,,,0,0,0,0,0,0,0,0,0,0,0,0,0,0,0,0,0,0,0,0,0,0,0,0,0
2007-12-30 10:15:00+00:00,30,12,10,,3.9898204803466797,0,0,0,0,0,0,0,0,0,0,0,0,0,0,0,0,0,1,1,1,1,1,1,1,1
2007-12-30 10:15:00+00:00,30,12,10,,201.87059020996094,0,0,0,0,0,0,0,0,0,0,0,0,0,0,0,0,0,0,0,0,0,0,0,0,0
2007-12-30 10:15:00+00:00,30,12,10,166.13404846191406,173.9291229248047,0,0,0,0,0,0,0,0,0,0,0,0,1,1,1,1,1,0,0,0,0,0,0,0,0
2007-12-30 10:15:00+00:00,30,12,10,253.4403839111328,77.58712005615234,0,0,0,0,0,0,0,0,0,0,0,0,0,0,0,1,1,0,0,0,0,0,0,0,0
2007-12-30 10:15:00+00:00,30,12,10,246.93218994140625,45.00279235839844,0,0,0,0,0,0,0,0,0,0,0,0,0,0,1,1,1,0,0,0,0,0,0,1,1
2007-12-30 10:15:00+00:00,30,12,10,55.990394592285156,35.981224060058594,0,0,0,0,0,0,0,1,1,1,1,1,1,1,1,1,1,0,0,0,0,0,1,1,1
2007-12-30 10:15:00+00:00,30,12,10,47.49968338012695,50.811153411865234,0,0,0,0,0,0,1,1,1,1,1,1,1,1,1,1,1,0,0,0,0,0,0,0,1
2007-12-30 10:15:00+00:00,30,12,10,,,0,0,0,0,0,0,0,0,0,0,0,0,0,0,0,0,0,0,0,0,0,0,0,0,0
2007-12-30 10:30:00+00:00,30,12,10,,,0,0,0,0,0,0,0,0,0,0,0,0,0,0,0,0,0,0,0,0,0,0,0,0,0
2007-12-30 10:30:00+00:00,30,12,10,115.49317932128906,128.8349609375,0,0,0,0,0,0,0,0,0,0,1,1,1,1,1,1,1,0,0,0,0,0,0,0,0
2007-12-30 10:30:00+00:00,30,12,10,400.29620361328125,317.6234436035156,0,0,0,0,0,0,0,0,0,0,0,0,0,0,0,0,0,0,0,0,0,0,0,0,0
2007-12-30 10:30:00+00:00,30,12,10,116.06265258789062,91.50665283203125,0,0,0,0,0,0,0,0,0,0,1,1,1,1,1,1,1,0,0,0,0,0,0,0,0
2007-12-30 10:30:00+00:00,30,12,10,182.1448516845703,61.86991500854492,0,0,0,0,0,0,0,0,0,0,0,0,0,1,1,1,1,0,0,0,0,0,0,0,0
2007-12-30 10:30:00+00:00,30,12,10,65.55529022216797,45.43842697143555,0,0,0,0,0,0,0,0,1,1,1,1,1,1,1,1,1,0,0,0,0,0,0,1,1
2007-12-30 10:30:00+00:00,30,12,10,105.6922836303711,95.94115447998047,0,0,0,0,0,0,0,0,0,0,1,1,1,1,1,1,1,0,0,0,0,0,0,0,0
2007-12-30 10:30:00+00:00,30,12,10,198.78939819335938,104.34662628173828,0,0,0,0,0,0,0,0,0,0,0,0,0,1,1,1,1,0,0,0,0,0,0,0,0
2007-12-30 10:45:00+00:00,30,12,10,,,0,0,0,0,0,0,0,0,0,0,0,0,0,0,0,0,0,0,0,0,0,0,0,0,0
2007-12-30 10:45:00+00:00,30,12,10,504.0443115234375,490.1487731933594,0,0,0,0,0,0,0,0,0,0,0,0,0,0,0,0,0,0,0,0,0,0,0,0,0
2007-12-30 10:45:00+00:00,30,12,10,98.43959045410156,105.54291534423828,0,0,0,0,0,0,0,0,0,1,1,1,1,1,1,1,1,0,0,0,0,0,0,0,0
2007-12-30 10:45:00+00:00,30,12,10,,442.0090026855469,0,0,0,0,0,0,0,0,0,0,0,0,0,0,0,0,0,0,0,0,0,0,0,0,0
2007-12-30 10:45:00+00:00,30,12,10,107.63648986816406,7.060499668121338,0,0,0,0,0,0,0,0,0,0,1,1,1,1,1,1,1,1,1,1,1,1,1,1,1
2007-12-30 10:45:00+00:00,30,12,10,71.52539825439453,52.45628356933594,0,0,0,0,0,0,0,0,1,1,1,1,1,1,1,1,1,0,0,0,0,0,0,0,1
2007-12-30 10:45:00+00:00,30,12,10,189.18618774414062,170.33555603027344,0,0,0,0,0,0,0,0,0,0,0,0,0,1,1,1,1,0,0,0,0,0,0,0,0
2007-12-30 10:45:00+00:00,30,12,10,252.80804443359375,68.6874771118164,0,0,0,0,0,0,0,0,0,0,0,0,0,0,0,1,1,0,0,0,0,0,0,0,0
2007-12-30 10:45:00+00:00,30,12,10,359.2298889160156,179.91688537597656,0,0,0,0,0,0,0,0,0,0,0,0,0,0,0,0,0,0,0,0,0,0,0,0,0
2007-12-30 10:45:00+00:00,30,12,10,60.83543395996094,0.0,0,0,0,0,0,0,0,0,1,1,1,1,1,1,1,1,1,1,1,1,1,1,1,1,1
2007-12-30 10:45:00+00:00,30,12,10,245.20558166503906,76.69237518310547,0,0,0,0,0,0,0,0,0,0,0,0,0,0,1,1,1,0,0,0,0,0,0,0,0
2007-12-30 10:45:00+00:00,30,12,10,118.87606811523438,60.84743881225586,0,0,0,0,0,0,0,0,0,0,1,1,1,1,1,1,1,0,0,0,0,0,0,0,0
2007-12-30 10:45:00+00:00,30,12,10,,,0,0,0,0,0,0,0,0,0,0,0,0,0,0,0,0,0,0,0,0,0,0,0,0,0
2007-12-30 11:00:00+00:00,30,12,11,502.9886169433594,395.8135070800781,0,0,0,0,0,0,0,0,0,0,0,0,0,0,0,0,0,0,0,0,0,0,0,0,0
2007-12-30 11:00:00+00:00,30,12,11,100.0073471069336,81.13725280761719,0,0,0,0,0,0,0,0,0,0,1,1,1,1,1,1,1,0,0,0,0,0,0,0,0
2007-12-30 11:00:00+00:00,30,12,11,243.44053649902344,306.08160400390625,0,0,0,0,0,0,0,0,0,0,0,0,0,0,1,1,1,0,0,0,0,0,0,0,0
2007-12-30 11:00:00+00:00,30,12,11,217.47412109375,206.25839233398438,0,0,0,0,0,0,0,0,0,0,0,0,0,0,1,1,1,0,0,0,0,0,0,0,0
2007-12-30 11:00:00+00:00,30,12,11,459.39752197265625,409.94354248046875,0,0,0,0,0,0,0,0,0,0,0,0,0,0,0,0,0,0,0,0,0,0,0,0,0
2007-12-30 11:00:00+00:00,30,12,11,156.009521484375,103.98951721191406,0,0,0,0,0,0,0,0,0,0,0,0,1,1,1,1,1,0,0,0,0,0,0,0,0
2007-12-30 11:00:00+00:00,30,12,11,158.41555786132812,145.17869567871094,0,0,0,0,0,0,0,0,0,0,0,0,1,1,1,1,1,0,0,0,0,0,0,0,0
2007-12-30 11:00:00+00:00,30,12,11,,,0,0,0,0,0,0,0,0,0,0,0,0,0,0,0,0,0,0,0,0,0,0,0,0,0
2007-12-30 11:00:00+00:00,30,12,11,92.82035064697266,64.97987365722656,0,0,0,0,0,0,0,0,0,1,1,1,1,1,1,1,1,0,0,0,0,0,0,0,0
2007-12-30 11:00:00+00:00,30,12,11,154.74630737304688,146.44076538085938,0,0,0,0,0,0,0,0,0,0,0,0,1,1,1,1,1,0,0,0,0,0,0,0,0
2007-12-30 11:00:00+00:00,30,12,11,66.15331268310547,66.18878173828125,0,0,0,0,0,0,0,0,1,1,1,1,1,1,1,1,1,0,0,0,0,0,0,0,0
2007-12-30 11:00:00+00:00,30,12,11,100.88361358642578,99.37305450439453,0,0,0,0,0,0,0,0,0,0,1,1,1,1,1,1,1,0,0,0,0,0,0,0,0
2007-12-30 11:00:00+00:00,30,12,11,161.18618774414062,0.0,0,0,0,0,0,0,0,0,0,0,0,0,1,1,1,1,1,1,1,1,1,1,1,1,1
2007-12-30 11:00:00+00:00,30,12,11,220.5689239501953,218.9441680908203,0,0,0,0,0,0,0,0,0,0,0,0,0,0,1,1,1,0,0,0,0,0,0,0,0
2007-12-30 11:00:00+00:00,30,12,11,,,0,0,0,0,0,0,0,0,0,0,0,0,0,0,0,0,0,0,0,0,0,0,0,0,0
2007-12-30 11:15:00+00:00,30,12,11,,,0,0,0,0,0,0,0,0,0,0,0,0,0,0,0,0,0,0,0,0,0,0,0,0,0
2007-12-30 11:15:00+00:00,30,12,11,,,0,0,0,0,0,0,0,0,0,0,0,0,0,0,0,0,0,0,0,0,0,0,0,0,0
2007-12-30 11:15:00+00:00,30,12,11,,,0,0,0,0,0,0,0,0,0,0,0,0,0,0,0,0,0,0,0,0,0,0,0,0,0
2007-12-30 11:15:00+00:00,30,12,11,,,0,0,0,0,0,0,0,0,0,0,0,0,0,0,0,0,0,0,0,0,0,0,0,0,0
2007-12-30 11:15:00+00:00,30,12,11,365.2407531738281,288.6164855957031,0,0,0,0,0,0,0,0,0,0,0,0,0,0,0,0,0,0,0,0,0,0,0,0,0
2007-12-30 11:15:00+00:00,30,12,11,219.5049591064453,216.90489196777344,0,0,0,0,0,0,0,0,0,0,0,0,0,0,1,1,1,0,0,0,0,0,0,0,0
2007-12-30 11:15:00+00:00,30,12,11,236.45510864257812,245.84620666503906,0,0,0,0,0,0,0,0,0,0,0,0,0,0,1,1,1,0,0,0,0,0,0,0,0
2007-12-30 11:15:00+00:00,30,12,11,248.21900939941406,294.9215393066406,0,0,0,0,0,0,0,0,0,0,0,0,0,0,1,1,1,0,0,0,0,0,0,0,0
2007-12-30 11:15:00+00:00,30,12,11,59.13294219970703,48.58401870727539,0,0,0,0,0,0,0,1,1,1,1,1,1,1,1,1,1,0,0,0,0,0,0,1,1
2007-12-30 11:15:00+00:00,30,12,11,60.153907775878906,66.1821060180664,0,0,0,0,0,0,0,0,1,1,1,1,1,1,1,1,1,0,0,0,0,0,0,0,0
2007-12-30 11:15:00+00:00,30,12,11,73.7580337524414,37.85014724731445,0,0,0,0,0,0,0,0,1,1,1,1,1,1,1,1,1,0,0,0,0,0,1,1,1
2007-12-30 11:15:00+00:00,30,12,11,113.91647338867188,3.067918300628662,0,0,0,0,0,0,0,0,0,0,1,1,1,1,1,1,1,1,1,1,1,1,1,1,1
2007-12-30 11:15:00+00:00,30,12,11,,,0,0,0,0,0,0,0,0,0,0,0,0,0,0,0,0,0,0,0,0,0,0,0,0,0
2007-12-30 11:15:00+00:00,30,12,11,256.6378173828125,0.0,0,0,0,0,0,0,0,0,0,0,0,0,0,0,0,1,1,1,1,1,1,1,1,1,1
2007-12-30 11:15:00+00:00,30,12,11,145.6705780029297,144.28863525390625,0,0,0,0,0,0,0,0,0,0,0,1,1,1,1,1,1,0,0,0,0,0,0,0,0
2007-12-30 11:15:00+00:00,30,12,11,85.0968017578125,0.0,0,0,0,0,0,0,0,0,0,1,1,1,1,1,1,1,1,1,1,1,1,1,1,1,1
2007-12-30 11:15:00+00:00,30,12,11,190.6959228515625,134.91221618652344,0,0,0,0,0,0,0,0,0,0,0,0,0,1,1,1,1,0,0,0,0,0,0,0,0
2007-12-30 11:15:00+00:00,30,12,11,,,0,0,0,0,0,0,0,0,0,0,0,0,0,0,0,0,0,0,0,0,0,0,0,0,0
2007-12-30 11:30:00+00:00,30,12,11,,,0,0,0,0,0,0,0,0,0,0,0,0,0,0,0,0,0,0,0,0,0,0,0,0,0
2007-12-30 11:30:00+00:00,30,12,11,,,0,0,0,0,0,0,0,0,0,0,0,0,0,0,0,0,0,0,0,0,0,0,0,0,0
2007-12-30 11:30:00+00:00,30,12,11,,,0,0,0,0,0,0,0,0,0,0,0,0,0,0,0,0,0,0,0,0,0,0,0,0,0
2007-12-30 11:30:00+00:00,30,12,11,,,0,0,0,0,0,0,0,0,0,0,0,0,0,0,0,0,0,0,0,0,0,0,0,0,0
2007-12-30 11:30:00+00:00,30,12,11,212.43873596191406,138.81637573242188,0,0,0,0,0,0,0,0,0,0,0,0,0,0,1,1,1,0,0,0,0,0,0,0,0
2007-12-30 11:30:00+00:00,30,12,11,95.02532196044922,77.3326644897461,0,0,0,0,0,0,0,0,0,1,1,1,1,1,1,1,1,0,0,0,0,0,0,0,0
2007-12-30 11:30:00+00:00,30,12,11,66.14141082763672,66.65655517578125,0,0,0,0,0,0,0,0,1,1,1,1,1,1,1,1,1,0,0,0,0,0,0,0,0
2007-12-30 11:30:00+00:00,30,12,11,137.1329345703125,113.16812133789062,0,0,0,0,0,0,0,0,0,0,0,1,1,1,1,1,1,0,0,0,0,0,0,0,0
2007-12-30 11:30:00+00:00,30,12,11,142.20884704589844,0.0,0,0,0,0,0,0,0,0,0,0,0,1,1,1,1,1,1,1,1,1,1,1,1,1,1
2007-12-30 11:30:00+00:00,30,12,11,44.47580337524414,0.0,0,0,0,0,0,0,1,1,1,1,1,1,1,1,1,1,1,1,1,1,1,1,1,1,1
2007-12-30 11:30:00+00:00,30,12,11,41.610923767089844,21.20237922668457,0,0,0,0,0,0,1,1,1,1,1,1,1,1,1,1,1,0,0,0,1,1,1,1,1
2007-12-30 11:30:00+00:00,30,12,11,,,0,0,0,0,0,0,0,0,0,0,0,0,0,0,0,0,0,0,0,0,0,0,0,0,0
2007-12-30 11:30:00+00:00,30,12,11,,,0,0,0,0,0,0,0,0,0,0,0,0,0,0,0,0,0,0,0,0,0,0,0,0,0
2007-12-30 11:30:00+00:00,30,12,11,,,0,0,0,0,0,0,0,0,0,0,0,0,0,0,0,0,0,0,0,0,0,0,0,0,0
2007-12-30 11:45:00+00:00,30,12,11,,,0,0,0,0,0,0,0,0,0,0,0,0,0,0,0,0,0,0,0,0,0,0,0,0,0
2007-12-30 11:45:00+00:00,30,12,11,,,0,0,0,0,0,0,0,0,0,0,0,0,0,0,0,0,0,0,0,0,0,0,0,0,0
2007-12-30 11:45:00+00:00,30,12,11,,,0,0,0,0,0,0,0,0,0,0,0,0,0,0,0,0,0,0,0,0,0,0,0,0,0
2007-12-30 11:45:00+00:00,30,12,11,,,0,0,0,0,0,0,0,0,0,0,0,0,0,0,0,0,0,0,0,0,0,0,0,0,0
2007-12-30 11:45:00+00:00,30,12,11,237.53121948242188,210.01727294921875,0,0,0,0,0,0,0,0,0,0,0,0,0,0,1,1,1,0,0,0,0,0,0,0,0
2007-12-30 11:45:00+00:00,30,12,11,137.85018920898438,129.81411743164062,0,0,0,0,0,0,0,0,0,0,0,1,1,1,1,1,1,0,0,0,0,0,0,0,0
2007-12-30 11:45:00+00:00,30,12,11,394.17401123046875,390.83123779296875,0,0,0,0,0,0,0,0,0,0,0,0,0,0,0,0,0,0,0,0,0,0,0,0,0
2007-12-30 11:45:00+00:00,30,12,11,98.2667465209961,77.1660385131836,0,0,0,0,0,0,0,0,0,1,1,1,1,1,1,1,1,0,0,0,0,0,0,0,0
2007-12-30 11:45:00+00:00,30,12,11,106.03030395507812,3.0785162448883057,0,0,0,0,0,0,0,0,0,0,1,1,1,1,1,1,1,1,1,1,1,1,1,1,1
2007-12-30 11:45:00+00:00,30,12,11,87.73661804199219,66.21376037597656,0,0,0,0,0,0,0,0,0,1,1,1,1,1,1,1,1,0,0,0,0,0,0,0,0
2007-12-30 11:45:00+00:00,30,12,11,432.8304748535156,406.6212158203125,0,0,0,0,0,0,0,0,0,0,0,0,0,0,0,0,0,0,0,0,0,0,0,0,0
2007-12-30 11:45:00+00:00,30,12,11,48.42384338378906,35.26092529296875,0,0,0,0,0,0,1,1,1,1,1,1,1,1,1,1,1,0,0,0,0,0,1,1,1
2007-12-30 11:45:00+00:00,30,12,11,,,0,0,0,0,0,0,0,0,0,0,0,0,0,0,0,0,0,0,0,0,0,0,0,0,0
2007-12-30 12:00:00+00:00,30,12,12,,,0,0,0,0,0,0,0,0,0,0,0,0,0,0,0,0,0,0,0,0,0,0,0,0,0
2007-12-30 12:00:00+00:00,30,12,12,,,0,0,0,0,0,0,0,0,0,0,0,0,0,0,0,0,0,0,0,0,0,0,0,0,0
2007-12-30 12:00:00+00:00,30,12,12,109.38131713867188,96.0506591796875,0,0,0,0,0,0,0,0,0,0,1,1,1,1,1,1,1,0,0,0,0,0,0,0,0
2007-12-30 12:00:00+00:00,30,12,12,167.72373962402344,151.91796875,0,0,0,0,0,0,0,0,0,0,0,0,1,1,1,1,1,0,0,0,0,0,0,0,0
2007-12-30 12:00:00+00:00,30,12,12,152.56143188476562,144.2879638671875,0,0,0,0,0,0,0,0,0,0,0,0,1,1,1,1,1,0,0,0,0,0,0,0,0
2007-12-30 12:00:00+00:00,30,12,12,,,0,0,0,0,0,0,0,0,0,0,0,0,0,0,0,0,0,0,0,0,0,0,0,0,0
2007-12-30 12:00:00+00:00,30,12,12,266.9313049316406,265.8135070800781,0,0,0,0,0,0,0,0,0,0,0,0,0,0,0,1,1,0,0,0,0,0,0,0,0
2007-12-30 12:00:00+00:00,30,12,12,49.767906188964844,36.86038589477539,0,0,0,0,0,0,1,1,1,1,1,1,1,1,1,1,1,0,0,0,0,0,1,1,1
2007-12-30 12:00:00+00:00,30,12,12,231.12399291992188,174.01858520507812,0,0,0,0,0,0,0,0,0,0,0,0,0,0,1,1,1,0,0,0,0,0,0,0,0
2007-12-30 12:00:00+00:00,30,12,12,293.6925964355469,278.0875549316406,0,0,0,0,0,0,0,0,0,0,0,0,0,0,0,1,1,0,0,0,0,0,0,0,0
2007-12-30 12:00:00+00:00,30,12,12,126.43700408935547,98.09449768066406,0,0,0,0,0,0,0,0,0,0,0,1,1,1,1,1,1,0,0,0,0,0,0,0,0
2007-12-30 12:00:00+00:00,30,12,12,,,0,0,0,0,0,0,0,0,0,0,0,0,0,0,0,0,0,0,0,0,0,0,0,0,0
2007-12-30 12:15:00+00:00,30,12,12,,,0,0,0,0,0,0,0,0,0,0,0,0,0,0,0,0,0,0,0,0,0,0,0,0,0
2007-12-30 12:15:00+00:00,30,12,12,211.36959838867188,195.4901885986328,0,0,0,0,0,0,0,0,0,0,0,0,0,0,1,1,1,0,0,0,0,0,0,0,0
2007-12-30 12:15:00+00:00,30,12,12,201.9208526611328,124.55097198486328,0,0,0,0,0,0,0,0,0,0,0,0,0,0,1,1,1,0,0,0,0,0,0,0,0
2007-12-30 12:15:00+00:00,30,12,12,73.44629669189453,40.00990676879883,0,0,0,0,0,0,0,0,1,1,1,1,1,1,1,1,1,0,0,0,0,0,0,1,1
2007-12-30 12:15:00+00:00,30,12,12,,,0,0,0,0,0,0,0,0,0,0,0,0,0,0,0,0,0,0,0,0,0,0,0,0,0
2007-12-30 12:15:00+00:00,30,12,12,370.4491271972656,376.3841247558594,0,0,0,0,0,0,0,0,0,0,0,0,0,0,0,0,0,0,0,0,0,0,0,0,0
2007-12-30 12:15:00+00:00,30,12,12,361.6141662597656,351.8457946777344,0,0,0,0,0,0,0,0,0,0,0,0,0,0,0,0,0,0,0,0,0,0,0,0,0
2007-12-30 12:15:00+00:00,30,12,12,214.67564392089844,210.0875701904297,0,0,0,0,0,0,0,0,0,0,0,0,0,0,1,1,1,0,0,0,0,0,0,0,0
2007-12-30 12:15:00+00:00,30,12,12,179.6072998046875,4.592440605163574,0,0,0,0,0,0,0,0,0,0,0,0,1,1,1,1,1,1,1,1,1,1,1,1,1
2007-12-30 12:15:00+00:00,30,12,12,,,0,0,0,0,0,0,0,0,0,0,0,0,0,0,0,0,0,0,0,0,0,0,0,0,0
2007-12-30 12:30:00+00:00,30,12,12,,,0,0,0,0,0,0,0,0,0,0,0,0,0,0,0,0,0,0,0,0,0,0,0,0,0
2007-12-30 12:30:00+00:00,30,12,12,,302.0467834472656,0,0,0,0,0,0,0,0,0,0,0,0,0,0,0,0,0,0,0,0,0,0,0,0,0
2007-12-30 12:30:00+00:00,30,12,12,64.95208740234375,74.88518524169922,0,0,0,0,0,0,0,0,1,1,1,1,1,1,1,1,1,0,0,0,0,0,0,0,0
2007-12-30 12:30:00+00:00,30,12,12,109.5574722290039,152.3682403564453,0,0,0,0,0,0,0,0,0,0,1,1,1,1,1,1,1,0,0,0,0,0,0,0,0
2007-12-30 12:30:00+00:00,30,12,12,118.69680786132812,232.41845703125,0,0,0,0,0,0,0,0,0,0,1,1,1,1,1,1,1,0,0,0,0,0,0,0,0
2007-12-30 12:30:00+00:00,30,12,12,,,0,0,0,0,0,0,0,0,0,0,0,0,0,0,0,0,0,0,0,0,0,0,0,0,0
2007-12-30 12:45:00+00:00,30,12,12,,,0,0,0,0,0,0,0,0,0,0,0,0,0,0,0,0,0,0,0,0,0,0,0,0,0
2007-12-30 12:45:00+00:00,30,12,12,,,0,0,0,0,0,0,0,0,0,0,0,0,0,0,0,0,0,0,0,0,0,0,0,0,0
2007-12-30 12:45:00+00:00,30,12,12,175.1361541748047,136.66659545898438,0,0,0,0,0,0,0,0,0,0,0,0,1,1,1,1,1,0,0,0,0,0,0,0,0
2007-12-30 12:45:00+00:00,30,12,12,181.48892211914062,173.54017639160156,0,0,0,0,0,0,0,0,0,0,0,0,0,1,1,1,1,0,0,0,0,0,0,0,0
2007-12-30 12:45:00+00:00,30,12,12,153.9472198486328,0.0,0,0,0,0,0,0,0,0,0,0,0,0,1,1,1,1,1,1,1,1,1,1,1,1,1
2007-12-30 12:45:00+00:00,30,12,12,164.30140686035156,137.17144775390625,0,0,0,0,0,0,0,0,0,0,0,0,1,1,1,1,1,0,0,0,0,0,0,0,0
2007-12-30 12:45:00+00:00,30,12,12,182.88111877441406,186.767822265625,0,0,0,0,0,0,0,0,0,0,0,0,0,1,1,1,1,0,0,0,0,0,0,0,0
2007-12-30 12:45:00+00:00,30,12,12,71.49007415771484,71.62459564208984,0,0,0,0,0,0,0,0,1,1,1,1,1,1,1,1,1,0,0,0,0,0,0,0,0
2007-12-30 12:45:00+00:00,30,12,12,,,0,0,0,0,0,0,0,0,0,0,0,0,0,0,0,0,0,0,0,0,0,0,0,0,0
2007-12-30 13:00:00+00:00,30,12,13,,,0,0,0,0,0,0,0,0,0,0,0,0,0,0,0,0,0,0,0,0,0,0,0,0,0
2007-12-30 13:00:00+00:00,30,12,13,128.39599609375,139.44509887695312,0,0,0,0,0,0,0,0,0,0,0,1,1,1,1,1,1,0,0,0,0,0,0,0,0
2007-12-30 13:00:00+00:00,30,12,13,106.30530548095703,92.18848419189453,0,0,0,0,0,0,0,0,0,0,1,1,1,1,1,1,1,0,0,0,0,0,0,0,0
2007-12-30 13:00:00+00:00,30,12,13,76.83853912353516,67.89324951171875,0,0,0,0,0,0,0,0,1,1,1,1,1,1,1,1,1,0,0,0,0,0,0,0,0
2007-12-30 13:00:00+00:00,30,12,13,222.4197540283203,155.6739044189453,0,0,0,0,0,0,0,0,0,0,0,0,0,0,1,1,1,0,0,0,0,0,0,0,0
2007-12-30 13:00:00+00:00,30,12,13,121.27703094482422,131.8135986328125,0,0,0,0,0,0,0,0,0,0,0,1,1,1,1,1,1,0,0,0,0,0,0,0,0
2007-12-30 13:00:00+00:00,30,12,13,329.8870849609375,196.4136199951172,0,0,0,0,0,0,0,0,0,0,0,0,0,0,0,0,1,0,0,0,0,0,0,0,0
2007-12-30 13:00:00+00:00,30,12,13,272.51202392578125,227.4429473876953,0,0,0,0,0,0,0,0,0,0,0,0,0,0,0,1,1,0,0,0,0,0,0,0,0
2007-12-30 13:00:00+00:00,30,12,13,117.60372161865234,100.4634780883789,0,0,0,0,0,0,0,0,0,0,1,1,1,1,1,1,1,0,0,0,0,0,0,0,0
2007-12-30 13:00:00+00:00,30,12,13,80.96177673339844,133.8406219482422,0,0,0,0,0,0,0,0,0,1,1,1,1,1,1,1,1,0,0,0,0,0,0,0,0
2007-12-30 13:00:00+00:00,30,12,13,,,0,0,0,0,0,0,0,0,0,0,0,0,0,0,0,0,0,0,0,0,0,0,0,0,0
2007-12-30 13:00:00+00:00,30,12,13,,,0,0,0,0,0,0,0,0,0,0,0,0,0,0,0,0,0,0,0,0,0,0,0,0,0
2007-12-30 13:15:00+00:00,30,12,13,95.94834899902344,38.5460319519043,0,0,0,0,0,0,0,0,0,1,1,1,1,1,1,1,1,0,0,0,0,0,1,1,1
2007-12-30 13:15:00+00:00,30,12,13,,,0,0,0,0,0,0,0,0,0,0,0,0,0,0,0,0,0,0,0,0,0,0,0,0,0
2007-12-30 13:15:00+00:00,30,12,13,,360.3662109375,0,0,0,0,0,0,0,0,0,0,0,0,0,0,0,0,0,0,0,0,0,0,0,0,0
2007-12-30 13:15:00+00:00,30,12,13,540.3720092773438,201.6235809326172,0,0,0,0,0,0,0,0,0,0,0,0,0,0,0,0,0,0,0,0,0,0,0,0,0
2007-12-30 13:15:00+00:00,30,12,13,44.027835845947266,33.93675231933594,0,0,0,0,0,0,1,1,1,1,1,1,1,1,1,1,1,0,0,0,0,0,1,1,1
2007-12-30 13:15:00+00:00,30,12,13,375.97698974609375,,0,0,0,0,0,0,0,0,0,0,0,0,0,0,0,0,0,0,0,0,0,0,0,0,0
2007-12-30 13:15:00+00:00,30,12,13,273.55450439453125,358.5956115722656,0,0,0,0,0,0,0,0,0,0,0,0,0,0,0,1,1,0,0,0,0,0,0,0,0
2007-12-30 13:15:00+00:00,30,12,13,,,0,0,0,0,0,0,0,0,0,0,0,0,0,0,0,0,0,0,0,0,0,0,0,0,0
2007-12-30 13:15:00+00:00,30,12,13,,,0,0,0,0,0,0,0,0,0,0,0,0,0,0,0,0,0,0,0,0,0,0,0,0,0
2007-12-30 13:15:00+00:00,30,12,13,56.36183547973633,64.9320297241211,0,0,0,0,0,0,0,1,1,1,1,1,1,1,1,1,1,0,0,0,0,0,0,0,0
2007-12-30 13:15:00+00:00,30,12,13,,,0,0,0,0,0,0,0,0,0,0,0,0,0,0,0,0,0,0,0,0,0,0,0,0,0
2007-12-30 13:15:00+00:00,30,12,13,,,0,0,0,0,0,0,0,0,0,0,0,0,0,0,0,0,0,0,0,0,0,0,0,0,0
2007-12-30 13:30:00+00:00,30,12,13,293.4675598144531,178.0635223388672,0,0,0,0,0,0,0,0,0,0,0,0,0,0,0,1,1,0,0,0,0,0,0,0,0
2007-12-30 13:30:00+00:00,30,12,13,310.4171142578125,99.30631256103516,0,0,0,0,0,0,0,0,0,0,0,0,0,0,0,0,1,0,0,0,0,0,0,0,0
2007-12-30 13:30:00+00:00,30,12,13,44.86580276489258,9.317331314086914,0,0,0,0,0,0,1,1,1,1,1,1,1,1,1,1,1,1,1,1,1,1,1,1,1
2007-12-30 13:30:00+00:00,30,12,13,87.41273498535156,72.57907104492188,0,0,0,0,0,0,0,0,0,1,1,1,1,1,1,1,1,0,0,0,0,0,0,0,0
2007-12-30 13:30:00+00:00,30,12,13,,,0,0,0,0,0,0,0,0,0,0,0,0,0,0,0,0,0,0,0,0,0,0,0,0,0
2007-12-30 13:30:00+00:00,30,12,13,179.96206665039062,166.0924530029297,0,0,0,0,0,0,0,0,0,0,0,0,1,1,1,1,1,0,0,0,0,0,0,0,0
2007-12-30 13:30:00+00:00,30,12,13,153.11111450195312,136.45912170410156,0,0,0,0,0,0,0,0,0,0,0,0,1,1,1,1,1,0,0,0,0,0,0,0,0
2007-12-30 13:30:00+00:00,30,12,13,,,0,0,0,0,0,0,0,0,0,0,0,0,0,0,0,0,0,0,0,0,0,0,0,0,0
2007-12-30 13:45:00+00:00,30,12,13,81.72969055175781,102.66888427734375,0,0,0,0,0,0,0,0,0,1,1,1,1,1,1,1,1,0,0,0,0,0,0,0,0
2007-12-30 13:45:00+00:00,30,12,13,171.84349060058594,179.2568817138672,0,0,0,0,0,0,0,0,0,0,0,0,1,1,1,1,1,0,0,0,0,0,0,0,0
2007-12-30 13:45:00+00:00,30,12,13,134.7104034423828,156.6756591796875,0,0,0,0,0,0,0,0,0,0,0,1,1,1,1,1,1,0,0,0,0,0,0,0,0
2007-12-30 13:45:00+00:00,30,12,13,,,0,0,0,0,0,0,0,0,0,0,0,0,0,0,0,0,0,0,0,0,0,0,0,0,0
2007-12-30 13:45:00+00:00,30,12,13,,,0,0,0,0,0,0,0,0,0,0,0,0,0,0,0,0,0,0,0,0,0,0,0,0,0
2007-12-30 13:45:00+00:00,30,12,13,104.07470703125,80.99090576171875,0,0,0,0,0,0,0,0,0,0,1,1,1,1,1,1,1,0,0,0,0,0,0,0,0
2007-12-30 13:45:00+00:00,30,12,13,,,0,0,0,0,0,0,0,0,0,0,0,0,0,0,0,0,0,0,0,0,0,0,0,0,0
2007-12-30 13:45:00+00:00,30,12,13,,,0,0,0,0,0,0,0,0,0,0,0,0,0,0,0,0,0,0,0,0,0,0,0,0,0
2007-12-30 14:00:00+00:00,30,12,14,82.8426742553711,69.64686584472656,0,0,0,0,0,0,0,0,0,1,1,1,1,1,1,1,1,0,0,0,0,0,0,0,0
2007-12-30 14:00:00+00:00,30,12,14,192.67002868652344,134.24375915527344,0,0,0,0,0,0,0,0,0,0,0,0,0,1,1,1,1,0,0,0,0,0,0,0,0
2007-12-30 14:00:00+00:00,30,12,14,178.65379333496094,168.24771118164062,0,0,0,0,0,0,0,0,0,0,0,0,1,1,1,1,1,0,0,0,0,0,0,0,0
2007-12-30 14:00:00+00:00,30,12,14,278.37286376953125,309.5089416503906,0,0,0,0,0,0,0,0,0,0,0,0,0,0,0,1,1,0,0,0,0,0,0,0,0
2007-12-30 14:00:00+00:00,30,12,14,110.54751586914062,84.4374008178711,0,0,0,0,0,0,0,0,0,0,1,1,1,1,1,1,1,0,0,0,0,0,0,0,0
2007-12-30 14:00:00+00:00,30,12,14,73.8943099975586,65.94065856933594,0,0,0,0,0,0,0,0,1,1,1,1,1,1,1,1,1,0,0,0,0,0,0,0,0
2007-12-30 14:00:00+00:00,30,12,14,170.34034729003906,155.79257202148438,0,0,0,0,0,0,0,0,0,0,0,0,1,1,1,1,1,0,0,0,0,0,0,0,0
2007-12-30 14:00:00+00:00,30,12,14,48.82188034057617,3.072948455810547,0,0,0,0,0,0,1,1,1,1,1,1,1,1,1,1,1,1,1,1,1,1,1,1,1
2007-12-30 14:00:00+00:00,30,12,14,98.115478515625,75.78829956054688,0,0,0,0,0,0,0,0,0,1,1,1,1,1,1,1,1,0,0,0,0,0,0,0,0
2007-12-30 14:00:00+00:00,30,12,14,,,0,0,0,0,0,0,0,0,0,0,0,0,0,0,0,0,0,0,0,0,0,0,0,0,0
2007-12-30 14:15:00+00:00,30,12,14,,,0,0,0,0,0,0,0,0,0,0,0,0,0,0,0,0,0,0,0,0,0,0,0,0,0
2007-12-30 14:15:00+00:00,30,12,14,209.59437561035156,89.10384368896484,0,0,0,0,0,0,0,0,0,0,0,0,0,0,1,1,1,0,0,0,0,0,0,0,0
2007-12-30 14:15:00+00:00,30,12,14,76.28857421875,38.02371597290039,0,0,0,0,0,0,0,0,1,1,1,1,1,1,1,1,1,0,0,0,0,0,1,1,1
2007-12-30 14:15:00+00:00,30,12,14,236.5828857421875,58.92214584350586,0,0,0,0,0,0,0,0,0,0,0,0,0,0,1,1,1,0,0,0,0,0,0,0,1
2007-12-30 14:30:00+00:00,30,12,14,301.26434326171875,287.2789611816406,0,0,0,0,0,0,0,0,0,0,0,0,0,0,0,0,1,0,0,0,0,0,0,0,0
2007-12-30 14:30:00+00:00,30,12,14,288.7130432128906,273.8369445800781,0,0,0,0,0,0,0,0,0,0,0,0,0,0,0,1,1,0,0,0,0,0,0,0,0
2007-12-30 14:30:00+00:00,30,12,14,,,0,0,0,0,0,0,0,0,0,0,0,0,0,0,0,0,0,0,0,0,0,0,0,0,0
2007-12-30 14:30:00+00:00,30,12,14,,,0,0,0,0,0,0,0,0,0,0,0,0,0,0,0,0,0,0,0,0,0,0,0,0,0
2007-12-30 14:30:00+00:00,30,12,14,,,0,0,0,0,0,0,0,0,0,0,0,0,0,0,0,0,0,0,0,0,0,0,0,0,0
2007-12-30 14:30:00+00:00,30,12,14,,,0,0,0,0,0,0,0,0,0,0,0,0,0,0,0,0,0,0,0,0,0,0,0,0,0
2007-12-30 14:45:00+00:00,30,12,14,,,0,0,0,0,0,0,0,0,0,0,0,0,0,0,0,0,0,0,0,0,0,0,0,0,0
2007-12-30 14:45:00+00:00,30,12,14,,,0,0,0,0,0,0,0,0,0,0,0,0,0,0,0,0,0,0,0,0,0,0,0,0,0
2007-12-30 14:45:00+00:00,30,12,14,,,0,0,0,0,0,0,0,0,0,0,0,0,0,0,0,0,0,0,0,0,0,0,0,0,0
2007-12-30 14:45:00+00:00,30,12,14,109.19525909423828,50.74522018432617,0,0,0,0,0,0,0,0,0,0,1,1,1,1,1,1,1,0,0,0,0,0,0,0,1
2007-12-30 14:45:00+00:00,30,12,14,,,0,0,0,0,0,0,0,0,0,0,0,0,0,0,0,0,0,0,0,0,0,0,0,0,0
2007-12-30 15:00:00+00:00,30,12,15,,,0,0,0,0,0,0,0,0,0,0,0,0,0,0,0,0,0,0,0,0,0,0,0,0,0
2007-12-30 15:00:00+00:00,30,12,15,,,0,0,0,0,0,0,0,0,0,0,0,0,0,0,0,0,0,0,0,0,0,0,0,0,0
2007-12-30 15:00:00+00:00,30,12,15,421.42633056640625,382.9853210449219,0,0,0,0,0,0,0,0,0,0,0,0,0,0,0,0,0,0,0,0,0,0,0,0,0
2007-12-30 15:00:00+00:00,30,12,15,97.3874740600586,85.30792999267578,0,0,0,0,0,0,0,0,0,1,1,1,1,1,1,1,1,0,0,0,0,0,0,0,0
2007-12-30 15:00:00+00:00,30,12,15,119.36591339111328,176.61822509765625,0,0,0,0,0,0,0,0,0,0,1,1,1,1,1,1,1,0,0,0,0,0,0,0,0
2007-12-30 15:00:00+00:00,30,12,15,134.8956298828125,22.798337936401367,0,0,0,0,0,0,0,0,0,0,0,1,1,1,1,1,1,0,0,0,1,1,1,1,1
2007-12-30 15:15:00+00:00,30,12,15,,,0,0,0,0,0,0,0,0,0,0,0,0,0,0,0,0,0,0,0,0,0,0,0,0,0
2007-12-30 15:15:00+00:00,30,12,15,52.139137268066406,0.0,0,0,0,0,0,0,0,1,1,1,1,1,1,1,1,1,1,1,1,1,1,1,1,1,1
2007-12-30 15:15:00+00:00,30,12,15,154.8472900390625,236.77601623535156,0,0,0,0,0,0,0,0,0,0,0,0,1,1,1,1,1,0,0,0,0,0,0,0,0
2007-12-30 15:15:00+00:00,30,12,15,192.61720275878906,119.18687438964844,0,0,0,0,0,0,0,0,0,0,0,0,0,1,1,1,1,0,0,0,0,0,0,0,0
2007-12-30 15:15:00+00:00,30,12,15,72.73060607910156,92.78776550292969,0,0,0,0,0,0,0,0,1,1,1,1,1,1,1,1,1,0,0,0,0,0,0,0,0
2007-12-30 15:15:00+00:00,30,12,15,83.15327453613281,69.50257110595703,0,0,0,0,0,0,0,0,0,1,1,1,1,1,1,1,1,0,0,0,0,0,0,0,0
2007-12-30 15:15:00+00:00,30,12,15,199.23997497558594,189.2875213623047,0,0,0,0,0,0,0,0,0,0,0,0,0,1,1,1,1,0,0,0,0,0,0,0,0
2007-12-30 15:15:00+00:00,30,12,15,235.82786560058594,326.4417724609375,0,0,0,0,0,0,0,0,0,0,0,0,0,0,1,1,1,0,0,0,0,0,0,0,0
2007-12-30 15:15:00+00:00,30,12,15,,,0,0,0,0,0,0,0,0,0,0,0,0,0,0,0,0,0,0,0,0,0,0,0,0,0
2007-12-30 15:30:00+00:00,30,12,15,196.03053283691406,118.30908966064453,0,0,0,0,0,0,0,0,0,0,0,0,0,1,1,1,1,0,0,0,0,0,0,0,0
2007-12-30 15:30:00+00:00,30,12,15,65.32624816894531,0.0,0,0,0,0,0,0,0,0,1,1,1,1,1,1,1,1,1,1,1,1,1,1,1,1,1
2007-12-30 15:30:00+00:00,30,12,15,450.3937072753906,372.0918884277344,0,0,0,0,0,0,0,0,0,0,0,0,0,0,0,0,0,0,0,0,0,0,0,0,0
2007-12-30 15:30:00+00:00,30,12,15,,,0,0,0,0,0,0,0,0,0,0,0,0,0,0,0,0,0,0,0,0,0,0,0,0,0
2007-12-30 15:30:00+00:00,30,12,15,,,0,0,0,0,0,0,0,0,0,0,0,0,0,0,0,0,0,0,0,0,0,0,0,0,0
2007-12-30 15:45:00+00:00,30,12,15,,,0,0,0,0,0,0,0,0,0,0,0,0,0,0,0,0,0,0,0,0,0,0,0,0,0
2007-12-30 15:45:00+00:00,30,12,15,141.48446655273438,99.46996307373047,0,0,0,0,0,0,0,0,0,0,0,1,1,1,1,1,1,0,0,0,0,0,0,0,0
2007-12-30 15:45:00+00:00,30,12,15,,,0,0,0,0,0,0,0,0,0,0,0,0,0,0,0,0,0,0,0,0,0,0,0,0,0
2007-12-30 15:45:00+00:00,30,12,15,,42.11164855957031,0,0,0,0,0,0,0,0,0,0,0,0,0,0,0,0,0,0,0,0,0,0,0,1,1
2007-12-30 15:45:00+00:00,30,12,15,,7.846457481384277,0,0,0,0,0,0,0,0,0,0,0,0,0,0,0,0,0,1,1,1,1,1,1,1,1
2007-12-30 15:45:00+00:00,30,12,15,,,0,0,0,0,0,0,0,0,0,0,0,0,0,0,0,0,0,0,0,0,0,0,0,0,0
2007-12-30 15:45:00+00:00,30,12,15,,,0,0,0,0,0,0,0,0,0,0,0,0,0,0,0,0,0,0,0,0,0,0,0,0,0
2007-12-30 15:45:00+00:00,30,12,15,,,0,0,0,0,0,0,0,0,0,0,0,0,0,0,0,0,0,0,0,0,0,0,0,0,0
2007-12-30 16:00:00+00:00,30,12,16,225.11753845214844,230.0735321044922,0,0,0,0,0,0,0,0,0,0,0,0,0,0,1,1,1,0,0,0,0,0,0,0,0
2007-12-30 16:00:00+00:00,30,12,16,272.4842834472656,,0,0,0,0,0,0,0,0,0,0,0,0,0,0,0,1,1,0,0,0,0,0,0,0,0
2007-12-30 16:00:00+00:00,30,12,16,137.24464416503906,140.18167114257812,0,0,0,0,0,0,0,0,0,0,0,1,1,1,1,1,1,0,0,0,0,0,0,0,0
2007-12-30 16:00:00+00:00,30,12,16,,70.06564331054688,0,0,0,0,0,0,0,0,0,0,0,0,0,0,0,0,0,0,0,0,0,0,0,0,0
2007-12-30 16:00:00+00:00,30,12,16,,,0,0,0,0,0,0,0,0,0,0,0,0,0,0,0,0,0,0,0,0,0,0,0,0,0
2007-12-30 16:15:00+00:00,30,12,16,,,0,0,0,0,0,0,0,0,0,0,0,0,0,0,0,0,0,0,0,0,0,0,0,0,0
2007-12-30 16:15:00+00:00,30,12,16,,,0,0,0,0,0,0,0,0,0,0,0,0,0,0,0,0,0,0,0,0,0,0,0,0,0
2007-12-30 16:30:00+00:00,30,12,16,377.41650390625,376.39605712890625,0,0,0,0,0,0,0,0,0,0,0,0,0,0,0,0,0,0,0,0,0,0,0,0,0
2007-12-30 16:30:00+00:00,30,12,16,,,0,0,0,0,0,0,0,0,0,0,0,0,0,0,0,0,0,0,0,0,0,0,0,0,0
2007-12-30 16:30:00+00:00,30,12,16,,,0,0,0,0,0,0,0,0,0,0,0,0,0,0,0,0,0,0,0,0,0,0,0,0,0
2007-12-30 16:30:00+00:00,30,12,16,,,0,0,0,0,0,0,0,0,0,0,0,0,0,0,0,0,0,0,0,0,0,0,0,0,0
2007-12-30 16:45:00+00:00,30,12,16,,,0,0,0,0,0,0,0,0,0,0,0,0,0,0,0,0,0,0,0,0,0,0,0,0,0
2007-12-30 16:45:00+00:00,30,12,16,,,0,0,0,0,0,0,0,0,0,0,0,0,0,0,0,0,0,0,0,0,0,0,0,0,0
2007-12-30 16:45:00+00:00,30,12,16,,165.87754821777344,0,0,0,0,0,0,0,0,0,0,0,0,0,0,0,0,0,0,0,0,0,0,0,0,0
2007-12-30 16:45:00+00:00,30,12,16,293.1235046386719,326.8138732910156,0,0,0,0,0,0,0,0,0,0,0,0,0,0,0,1,1,0,0,0,0,0,0,0,0
2007-12-30 17:00:00+00:00,30,12,17,,,0,0,0,0,0,0,0,0,0,0,0,0,0,0,0,0,0,0,0,0,0,0,0,0,0
2007-12-30 17:00:00+00:00,30,12,17,53.100669860839844,10.28931999206543,0,0,0,0,0,0,0,1,1,1,1,1,1,1,1,1,1,0,1,1,1,1,1,1,1
2007-12-30 17:15:00+00:00,30,12,17,,,0,0,0,0,0,0,0,0,0,0,0,0,0,0,0,0,0,0,0,0,0,0,0,0,0
2007-12-30 17:30:00+00:00,30,12,17,,,0,0,0,0,0,0,0,0,0,0,0,0,0,0,0,0,0,0,0,0,0,0,0,0,0
2007-12-30 17:30:00+00:00,30,12,17,187.37725830078125,186.9732208251953,0,0,0,0,0,0,0,0,0,0,0,0,0,1,1,1,1,0,0,0,0,0,0,0,0
2007-12-30 17:30:00+00:00,30,12,17,144.19764709472656,157.0204315185547,0,0,0,0,0,0,0,0,0,0,0,1,1,1,1,1,1,0,0,0,0,0,0,0,0
2007-12-30 17:30:00+00:00,30,12,17,,,0,0,0,0,0,0,0,0,0,0,0,0,0,0,0,0,0,0,0,0,0,0,0,0,0
2007-12-30 17:30:00+00:00,30,12,17,,,0,0,0,0,0,0,0,0,0,0,0,0,0,0,0,0,0,0,0,0,0,0,0,0,0
2007-12-30 17:45:00+00:00,30,12,17,,,0,0,0,0,0,0,0,0,0,0,0,0,0,0,0,0,0,0,0,0,0,0,0,0,0
2007-12-30 17:45:00+00:00,30,12,17,188.8123779296875,217.31126403808594,0,0,0,0,0,0,0,0,0,0,0,0,0,1,1,1,1,0,0,0,0,0,0,0,0
2007-12-31 10:00:00+00:00,30,12,10,,,0,0,0,0,0,0,0,0,0,0,0,0,0,0,0,0,0,0,0,0,0,0,0,0,0
2007-12-31 10:00:00+00:00,30,12,10,378.3071594238281,370.0419006347656,0,0,0,0,0,0,0,0,0,0,0,0,0,0,0,0,0,0,0,0,0,0,0,0,0
2007-12-31 10:00:00+00:00,30,12,10,320.98541259765625,295.0479736328125,0,0,0,0,0,0,0,0,0,0,0,0,0,0,0,0,1,0,0,0,0,0,0,0,0
2007-12-31 10:00:00+00:00,30,12,10,,,0,0,0,0,0,0,0,0,0,0,0,0,0,0,0,0,0,0,0,0,0,0,0,0,0
2007-12-31 10:00:00+00:00,30,12,10,154.63059997558594,118.99015808105469,0,0,0,0,0,0,0,0,0,0,0,0,1,1,1,1,1,0,0,0,0,0,0,0,0
2007-12-31 10:00:00+00:00,30,12,10,62.395477294921875,0.0,0,0,0,0,0,0,0,0,1,1,1,1,1,1,1,1,1,1,1,1,1,1,1,1,1
2007-12-31 10:00:00+00:00,30,12,10,404.6012268066406,386.51806640625,0,0,0,0,0,0,0,0,0,0,0,0,0,0,0,0,0,0,0,0,0,0,0,0,0
2007-12-31 10:00:00+00:00,30,12,10,,366.9547424316406,0,0,0,0,0,0,0,0,0,0,0,0,0,0,0,0,0,0,0,0,0,0,0,0,0
2007-12-31 10:00:00+00:00,30,12,10,,,0,0,0,0,0,0,0,0,0,0,0,0,0,0,0,0,0,0,0,0,0,0,0,0,0
2007-12-31 10:00:00+00:00,30,12,10,,,0,0,0,0,0,0,0,0,0,0,0,0,0,0,0,0,0,0,0,0,0,0,0,0,0
2007-12-31 10:00:00+00:00,30,12,10,,,0,0,0,0,0,0,0,0,0,0,0,0,0,0,0,0,0,0,0,0,0,0,0,0,0
2007-12-31 10:15:00+00:00,30,12,10,,589.6189575195312,0,0,0,0,0,0,0,0,0,0,0,0,0,0,0,0,0,0,0,0,0,0,0,0,0
2007-12-31 10:15:00+00:00,30,12,10,410.42584228515625,407.1044921875,0,0,0,0,0,0,0,0,0,0,0,0,0,0,0,0,0,0,0,0,0,0,0,0,0
2007-12-31 10:15:00+00:00,30,12,10,287.3758239746094,295.46160888671875,0,0,0,0,0,0,0,0,0,0,0,0,0,0,0,1,1,0,0,0,0,0,0,0,0
2007-12-31 10:15:00+00:00,30,12,10,118.42552185058594,103.47215270996094,0,0,0,0,0,0,0,0,0,0,1,1,1,1,1,1,1,0,0,0,0,0,0,0,0
2007-12-31 10:15:00+00:00,30,12,10,122.7296142578125,69.55675506591797,0,0,0,0,0,0,0,0,0,0,0,1,1,1,1,1,1,0,0,0,0,0,0,0,0
2007-12-31 10:15:00+00:00,30,12,10,195.3839874267578,200.40530395507812,0,0,0,0,0,0,0,0,0,0,0,0,0,1,1,1,1,0,0,0,0,0,0,0,0
2007-12-31 10:15:00+00:00,30,12,10,,,0,0,0,0,0,0,0,0,0,0,0,0,0,0,0,0,0,0,0,0,0,0,0,0,0
2007-12-31 10:15:00+00:00,30,12,10,,,0,0,0,0,0,0,0,0,0,0,0,0,0,0,0,0,0,0,0,0,0,0,0,0,0
2007-12-31 10:15:00+00:00,30,12,10,,,0,0,0,0,0,0,0,0,0,0,0,0,0,0,0,0,0,0,0,0,0,0,0,0,0
2007-12-31 10:30:00+00:00,30,12,10,329.3997802734375,326.5284423828125,0,0,0,0,0,0,0,0,0,0,0,0,0,0,0,0,1,0,0,0,0,0,0,0,0
2007-12-31 10:30:00+00:00,30,12,10,,,0,0,0,0,0,0,0,0,0,0,0,0,0,0,0,0,0,0,0,0,0,0,0,0,0
2007-12-31 10:30:00+00:00,30,12,10,137.51255798339844,84.93257904052734,0,0,0,0,0,0,0,0,0,0,0,1,1,1,1,1,1,0,0,0,0,0,0,0,0
2007-12-31 10:30:00+00:00,30,12,10,,,0,0,0,0,0,0,0,0,0,0,0,0,0,0,0,0,0,0,0,0,0,0,0,0,0
2007-12-31 10:30:00+00:00,30,12,10,375.7044372558594,380.7275390625,0,0,0,0,0,0,0,0,0,0,0,0,0,0,0,0,0,0,0,0,0,0,0,0,0
2007-12-31 10:30:00+00:00,30,12,10,,,0,0,0,0,0,0,0,0,0,0,0,0,0,0,0,0,0,0,0,0,0,0,0,0,0
2007-12-31 10:30:00+00:00,30,12,10,,,0,0,0,0,0,0,0,0,0,0,0,0,0,0,0,0,0,0,0,0,0,0,0,0,0
2007-12-31 10:30:00+00:00,30,12,10,,,0,0,0,0,0,0,0,0,0,0,0,0,0,0,0,0,0,0,0,0,0,0,0,0,0
2007-12-31 10:30:00+00:00,30,12,10,,,0,0,0,0,0,0,0,0,0,0,0,0,0,0,0,0,0,0,0,0,0,0,0,0,0
2007-12-31 10:30:00+00:00,30,12,10,,,0,0,0,0,0,0,0,0,0,0,0,0,0,0,0,0,0,0,0,0,0,0,0,0,0
2007-12-31 10:30:00+00:00,30,12,10,,,0,0,0,0,0,0,0,0,0,0,0,0,0,0,0,0,0,0,0,0,0,0,0,0,0
2007-12-31 10:30:00+00:00,30,12,10,,,0,0,0,0,0,0,0,0,0,0,0,0,0,0,0,0,0,0,0,0,0,0,0,0,0
2007-12-31 10:30:00+00:00,30,12,10,,,0,0,0,0,0,0,0,0,0,0,0,0,0,0,0,0,0,0,0,0,0,0,0,0,0
2007-12-31 10:45:00+00:00,30,12,10,,,0,0,0,0,0,0,0,0,0,0,0,0,0,0,0,0,0,0,0,0,0,0,0,0,0
2007-12-31 10:45:00+00:00,30,12,10,199.38995361328125,195.2642059326172,0,0,0,0,0,0,0,0,0,0,0,0,0,1,1,1,1,0,0,0,0,0,0,0,0
2007-12-31 10:45:00+00:00,30,12,10,169.59727478027344,170.35635375976562,0,0,0,0,0,0,0,0,0,0,0,0,1,1,1,1,1,0,0,0,0,0,0,0,0
2007-12-31 10:45:00+00:00,30,12,10,119.94908905029297,108.46737670898438,0,0,0,0,0,0,0,0,0,0,1,1,1,1,1,1,1,0,0,0,0,0,0,0,0
2007-12-31 10:45:00+00:00,30,12,10,520.4588012695312,385.9326477050781,0,0,0,0,0,0,0,0,0,0,0,0,0,0,0,0,0,0,0,0,0,0,0,0,0
2007-12-31 10:45:00+00:00,30,12,10,210.79107666015625,187.08026123046875,0,0,0,0,0,0,0,0,0,0,0,0,0,0,1,1,1,0,0,0,0,0,0,0,0
2007-12-31 10:45:00+00:00,30,12,10,,,0,0,0,0,0,0,0,0,0,0,0,0,0,0,0,0,0,0,0,0,0,0,0,0,0
2007-12-31 10:45:00+00:00,30,12,10,,,0,0,0,0,0,0,0,0,0,0,0,0,0,0,0,0,0,0,0,0,0,0,0,0,0
2007-12-31 10:45:00+00:00,30,12,10,,,0,0,0,0,0,0,0,0,0,0,0,0,0,0,0,0,0,0,0,0,0,0,0,0,0
2007-12-31 11:00:00+00:00,30,12,11,216.2212371826172,179.3100128173828,0,0,0,0,0,0,0,0,0,0,0,0,0,0,1,1,1,0,0,0,0,0,0,0,0
2007-12-31 11:00:00+00:00,30,12,11,33.94614028930664,43.84890365600586,0,0,0,0,0,1,1,1,1,1,1,1,1,1,1,1,1,0,0,0,0,0,0,1,1
2007-12-31 11:00:00+00:00,30,12,11,373.8611755371094,368.5625305175781,0,0,0,0,0,0,0,0,0,0,0,0,0,0,0,0,0,0,0,0,0,0,0,0,0
2007-12-31 11:00:00+00:00,30,12,11,,,0,0,0,0,0,0,0,0,0,0,0,0,0,0,0,0,0,0,0,0,0,0,0,0,0
2007-12-31 11:00:00+00:00,30,12,11,434.0361633300781,416.4222412109375,0,0,0,0,0,0,0,0,0,0,0,0,0,0,0,0,0,0,0,0,0,0,0,0,0
2007-12-31 11:00:00+00:00,30,12,11,274.6592712402344,272.76055908203125,0,0,0,0,0,0,0,0,0,0,0,0,0,0,0,1,1,0,0,0,0,0,0,0,0
2007-12-31 11:00:00+00:00,30,12,11,383.3203430175781,374.2002868652344,0,0,0,0,0,0,0,0,0,0,0,0,0,0,0,0,0,0,0,0,0,0,0,0,0
2007-12-31 11:00:00+00:00,30,12,11,,,0,0,0,0,0,0,0,0,0,0,0,0,0,0,0,0,0,0,0,0,0,0,0,0,0
2007-12-31 11:00:00+00:00,30,12,11,,,0,0,0,0,0,0,0,0,0,0,0,0,0,0,0,0,0,0,0,0,0,0,0,0,0
2007-12-31 11:15:00+00:00,30,12,11,577.8799438476562,,0,0,0,0,0,0,0,0,0,0,0,0,0,0,0,0,0,0,0,0,0,0,0,0,0
2007-12-31 11:15:00+00:00,30,12,11,626.915283203125,206.9329071044922,0,0,0,0,0,0,0,0,0,0,0,0,0,0,0,0,0,0,0,0,0,0,0,0,0
2007-12-31 11:15:00+00:00,30,12,11,138.1485137939453,132.9600830078125,0,0,0,0,0,0,0,0,0,0,0,1,1,1,1,1,1,0,0,0,0,0,0,0,0
2007-12-31 11:15:00+00:00,30,12,11,299.40167236328125,305.0855407714844,0,0,0,0,0,0,0,0,0,0,0,0,0,0,0,1,1,0,0,0,0,0,0,0,0
2007-12-31 11:15:00+00:00,30,12,11,67.41316223144531,57.63882064819336,0,0,0,0,0,0,0,0,1,1,1,1,1,1,1,1,1,0,0,0,0,0,0,0,1
2007-12-31 11:15:00+00:00,30,12,11,330.5850830078125,325.35162353515625,0,0,0,0,0,0,0,0,0,0,0,0,0,0,0,0,1,0,0,0,0,0,0,0,0
2007-12-31 11:15:00+00:00,30,12,11,262.9755554199219,268.23150634765625,0,0,0,0,0,0,0,0,0,0,0,0,0,0,0,1,1,0,0,0,0,0,0,0,0
2007-12-31 11:15:00+00:00,30,12,11,,,0,0,0,0,0,0,0,0,0,0,0,0,0,0,0,0,0,0,0,0,0,0,0,0,0
2007-12-31 11:15:00+00:00,30,12,11,,,0,0,0,0,0,0,0,0,0,0,0,0,0,0,0,0,0,0,0,0,0,0,0,0,0
2007-12-31 11:30:00+00:00,30,12,11,120.599853515625,113.27183532714844,0,0,0,0,0,0,0,0,0,0,0,1,1,1,1,1,1,0,0,0,0,0,0,0,0
2007-12-31 11:30:00+00:00,30,12,11,108.01793670654297,80.83020782470703,0,0,0,0,0,0,0,0,0,0,1,1,1,1,1,1,1,0,0,0,0,0,0,0,0
2007-12-31 11:30:00+00:00,30,12,11,313.9114990234375,135.5956268310547,0,0,0,0,0,0,0,0,0,0,0,0,0,0,0,0,1,0,0,0,0,0,0,0,0
2007-12-31 11:30:00+00:00,30,12,11,177.53443908691406,3.1461687088012695,0,0,0,0,0,0,0,0,0,0,0,0,1,1,1,1,1,1,1,1,1,1,1,1,1
2007-12-31 11:30:00+00:00,30,12,11,87.54703521728516,63.80310821533203,0,0,0,0,0,0,0,0,0,1,1,1,1,1,1,1,1,0,0,0,0,0,0,0,0
2007-12-31 11:30:00+00:00,30,12,11,252.90744018554688,256.7765197753906,0,0,0,0,0,0,0,0,0,0,0,0,0,0,0,1,1,0,0,0,0,0,0,0,0
2007-12-31 11:30:00+00:00,30,12,11,,,0,0,0,0,0,0,0,0,0,0,0,0,0,0,0,0,0,0,0,0,0,0,0,0,0
2007-12-31 11:30:00+00:00,30,12,11,,,0,0,0,0,0,0,0,0,0,0,0,0,0,0,0,0,0,0,0,0,0,0,0,0,0
2007-12-31 11:45:00+00:00,30,12,11,,,0,0,0,0,0,0,0,0,0,0,0,0,0,0,0,0,0,0,0,0,0,0,0,0,0
2007-12-31 11:45:00+00:00,30,12,11,77.79300689697266,78.78186798095703,0,0,0,0,0,0,0,0,1,1,1,1,1,1,1,1,1,0,0,0,0,0,0,0,0
2007-12-31 11:45:00+00:00,30,12,11,155.4870147705078,138.175537109375,0,0,0,0,0,0,0,0,0,0,0,0,1,1,1,1,1,0,0,0,0,0,0,0,0
2007-12-31 11:45:00+00:00,30,12,11,132.3719940185547,125.99300384521484,0,0,0,0,0,0,0,0,0,0,0,1,1,1,1,1,1,0,0,0,0,0,0,0,0
2007-12-31 11:45:00+00:00,30,12,11,143.1017303466797,0.0,0,0,0,0,0,0,0,0,0,0,0,1,1,1,1,1,1,1,1,1,1,1,1,1,1
2007-12-31 11:45:00+00:00,30,12,11,96.88053131103516,42.486183166503906,0,0,0,0,0,0,0,0,0,1,1,1,1,1,1,1,1,0,0,0,0,0,0,1,1
2007-12-31 11:45:00+00:00,30,12,11,,,0,0,0,0,0,0,0,0,0,0,0,0,0,0,0,0,0,0,0,0,0,0,0,0,0
2007-12-31 11:45:00+00:00,30,12,11,,,0,0,0,0,0,0,0,0,0,0,0,0,0,0,0,0,0,0,0,0,0,0,0,0,0
2007-12-31 11:45:00+00:00,30,12,11,,,0,0,0,0,0,0,0,0,0,0,0,0,0,0,0,0,0,0,0,0,0,0,0,0,0
2007-12-31 11:45:00+00:00,30,12,11,,,0,0,0,0,0,0,0,0,0,0,0,0,0,0,0,0,0,0,0,0,0,0,0,0,0
2007-12-31 11:45:00+00:00,30,12,11,,,0,0,0,0,0,0,0,0,0,0,0,0,0,0,0,0,0,0,0,0,0,0,0,0,0
2007-12-31 11:45:00+00:00,30,12,11,,,0,0,0,0,0,0,0,0,0,0,0,0,0,0,0,0,0,0,0,0,0,0,0,0,0
2007-12-31 12:00:00+00:00,30,12,12,201.4403839111328,212.91331481933594,0,0,0,0,0,0,0,0,0,0,0,0,0,0,1,1,1,0,0,0,0,0,0,0,0
2007-12-31 12:00:00+00:00,30,12,12,190.153564453125,41.720699310302734,0,0,0,0,0,0,0,0,0,0,0,0,0,1,1,1,1,0,0,0,0,0,0,1,1
2007-12-31 12:00:00+00:00,30,12,12,196.25125122070312,110.11029815673828,0,0,0,0,0,0,0,0,0,0,0,0,0,1,1,1,1,0,0,0,0,0,0,0,0
2007-12-31 12:00:00+00:00,30,12,12,208.23483276367188,66.49498748779297,0,0,0,0,0,0,0,0,0,0,0,0,0,0,1,1,1,0,0,0,0,0,0,0,0
2007-12-31 12:00:00+00:00,30,12,12,,,0,0,0,0,0,0,0,0,0,0,0,0,0,0,0,0,0,0,0,0,0,0,0,0,0
2007-12-31 12:00:00+00:00,30,12,12,,,0,0,0,0,0,0,0,0,0,0,0,0,0,0,0,0,0,0,0,0,0,0,0,0,0
2007-12-31 12:00:00+00:00,30,12,12,,,0,0,0,0,0,0,0,0,0,0,0,0,0,0,0,0,0,0,0,0,0,0,0,0,0
2007-12-31 12:00:00+00:00,30,12,12,,,0,0,0,0,0,0,0,0,0,0,0,0,0,0,0,0,0,0,0,0,0,0,0,0,0
2007-12-31 12:15:00+00:00,30,12,12,182.16583251953125,124.67868041992188,0,0,0,0,0,0,0,0,0,0,0,0,0,1,1,1,1,0,0,0,0,0,0,0,0
2007-12-31 12:15:00+00:00,30,12,12,145.01751708984375,138.4969024658203,0,0,0,0,0,0,0,0,0,0,0,1,1,1,1,1,1,0,0,0,0,0,0,0,0
2007-12-31 12:15:00+00:00,30,12,12,,,0,0,0,0,0,0,0,0,0,0,0,0,0,0,0,0,0,0,0,0,0,0,0,0,0
2007-12-31 12:15:00+00:00,30,12,12,343.0670471191406,321.198486328125,0,0,0,0,0,0,0,0,0,0,0,0,0,0,0,0,1,0,0,0,0,0,0,0,0
2007-12-31 12:15:00+00:00,30,12,12,,92.78353118896484,0,0,0,0,0,0,0,0,0,0,0,0,0,0,0,0,0,0,0,0,0,0,0,0,0
2007-12-31 12:15:00+00:00,30,12,12,,233.00177001953125,0,0,0,0,0,0,0,0,0,0,0,0,0,0,0,0,0,0,0,0,0,0,0,0,0
2007-12-31 12:15:00+00:00,30,12,12,,,0,0,0,0,0,0,0,0,0,0,0,0,0,0,0,0,0,0,0,0,0,0,0,0,0
2007-12-31 12:15:00+00:00,30,12,12,,,0,0,0,0,0,0,0,0,0,0,0,0,0,0,0,0,0,0,0,0,0,0,0,0,0
2007-12-31 12:15:00+00:00,30,12,12,,,0,0,0,0,0,0,0,0,0,0,0,0,0,0,0,0,0,0,0,0,0,0,0,0,0
2007-12-31 12:15:00+00:00,30,12,12,,,0,0,0,0,0,0,0,0,0,0,0,0,0,0,0,0,0,0,0,0,0,0,0,0,0
2007-12-31 12:30:00+00:00,30,12,12,,,0,0,0,0,0,0,0,0,0,0,0,0,0,0,0,0,0,0,0,0,0,0,0,0,0
2007-12-31 12:30:00+00:00,30,12,12,94.88545227050781,175.77615356445312,0,0,0,0,0,0,0,0,0,1,1,1,1,1,1,1,1,0,0,0,0,0,0,0,0
2007-12-31 12:30:00+00:00,30,12,12,67.48206329345703,14.887625694274902,0,0,0,0,0,0,0,0,1,1,1,1,1,1,1,1,1,0,1,1,1,1,1,1,1
2007-12-31 12:30:00+00:00,30,12,12,45.965858459472656,69.8095703125,0,0,0,0,0,0,1,1,1,1,1,1,1,1,1,1,1,0,0,0,0,0,0,0,0
2007-12-31 12:30:00+00:00,30,12,12,111.60823822021484,92.71090698242188,0,0,0,0,0,0,0,0,0,0,1,1,1,1,1,1,1,0,0,0,0,0,0,0,0
2007-12-31 12:30:00+00:00,30,12,12,330.73480224609375,339.4577331542969,0,0,0,0,0,0,0,0,0,0,0,0,0,0,0,0,1,0,0,0,0,0,0,0,0
2007-12-31 12:30:00+00:00,30,12,12,225.07862854003906,266.5783996582031,0,0,0,0,0,0,0,0,0,0,0,0,0,0,1,1,1,0,0,0,0,0,0,0,0
2007-12-31 12:30:00+00:00,30,12,12,121.46541595458984,129.11334228515625,0,0,0,0,0,0,0,0,0,0,0,1,1,1,1,1,1,0,0,0,0,0,0,0,0
2007-12-31 12:30:00+00:00,30,12,12,295.2214660644531,,0,0,0,0,0,0,0,0,0,0,0,0,0,0,0,1,1,0,0,0,0,0,0,0,0
2007-12-31 12:30:00+00:00,30,12,12,69.8831558227539,,0,0,0,0,0,0,0,0,1,1,1,1,1,1,1,1,1,0,0,0,0,0,0,0,0
2007-12-31 12:30:00+00:00,30,12,12,,,0,0,0,0,0,0,0,0,0,0,0,0,0,0,0,0,0,0,0,0,0,0,0,0,0
2007-12-31 12:30:00+00:00,30,12,12,,,0,0,0,0,0,0,0,0,0,0,0,0,0,0,0,0,0,0,0,0,0,0,0,0,0
2007-12-31 12:30:00+00:00,30,12,12,,,0,0,0,0,0,0,0,0,0,0,0,0,0,0,0,0,0,0,0,0,0,0,0,0,0
2007-12-31 12:30:00+00:00,30,12,12,,,0,0,0,0,0,0,0,0,0,0,0,0,0,0,0,0,0,0,0,0,0,0,0,0,0
2007-12-31 12:30:00+00:00,30,12,12,,,0,0,0,0,0,0,0,0,0,0,0,0,0,0,0,0,0,0,0,0,0,0,0,0,0
2007-12-31 12:45:00+00:00,30,12,12,117.532958984375,34.28792953491211,0,0,0,0,0,0,0,0,0,0,1,1,1,1,1,1,1,0,0,0,0,0,1,1,1
2007-12-31 12:45:00+00:00,30,12,12,,,0,0,0,0,0,0,0,0,0,0,0,0,0,0,0,0,0,0,0,0,0,0,0,0,0
2007-12-31 12:45:00+00:00,30,12,12,99.04443359375,115.27755737304688,0,0,0,0,0,0,0,0,0,1,1,1,1,1,1,1,1,0,0,0,0,0,0,0,0
2007-12-31 12:45:00+00:00,30,12,12,530.2529296875,549.2882080078125,0,0,0,0,0,0,0,0,0,0,0,0,0,0,0,0,0,0,0,0,0,0,0,0,0
2007-12-31 12:45:00+00:00,30,12,12,,,0,0,0,0,0,0,0,0,0,0,0,0,0,0,0,0,0,0,0,0,0,0,0,0,0
2007-12-31 12:45:00+00:00,30,12,12,155.6887664794922,164.62913513183594,0,0,0,0,0,0,0,0,0,0,0,0,1,1,1,1,1,0,0,0,0,0,0,0,0
2007-12-31 12:45:00+00:00,30,12,12,,,0,0,0,0,0,0,0,0,0,0,0,0,0,0,0,0,0,0,0,0,0,0,0,0,0
2007-12-31 12:45:00+00:00,30,12,12,,,0,0,0,0,0,0,0,0,0,0,0,0,0,0,0,0,0,0,0,0,0,0,0,0,0
2007-12-31 12:45:00+00:00,30,12,12,,,0,0,0,0,0,0,0,0,0,0,0,0,0,0,0,0,0,0,0,0,0,0,0,0,0
2007-12-31 12:45:00+00:00,30,12,12,,,0,0,0,0,0,0,0,0,0,0,0,0,0,0,0,0,0,0,0,0,0,0,0,0,0
2007-12-31 13:00:00+00:00,30,12,13,40.92716598510742,22.2308406829834,0,0,0,0,0,0,1,1,1,1,1,1,1,1,1,1,1,0,0,0,1,1,1,1,1
2007-12-31 13:00:00+00:00,30,12,13,115.1487808227539,75.2918701171875,0,0,0,0,0,0,0,0,0,0,1,1,1,1,1,1,1,0,0,0,0,0,0,0,0
2007-12-31 13:00:00+00:00,30,12,13,28.905437469482422,0.0,0,0,0,0,1,1,1,1,1,1,1,1,1,1,1,1,1,1,1,1,1,1,1,1,1
2007-12-31 13:00:00+00:00,30,12,13,,,0,0,0,0,0,0,0,0,0,0,0,0,0,0,0,0,0,0,0,0,0,0,0,0,0
2007-12-31 13:00:00+00:00,30,12,13,,137.748779296875,0,0,0,0,0,0,0,0,0,0,0,0,0,0,0,0,0,0,0,0,0,0,0,0,0
2007-12-31 13:00:00+00:00,30,12,13,,,0,0,0,0,0,0,0,0,0,0,0,0,0,0,0,0,0,0,0,0,0,0,0,0,0
2007-12-31 13:00:00+00:00,30,12,13,,,0,0,0,0,0,0,0,0,0,0,0,0,0,0,0,0,0,0,0,0,0,0,0,0,0
2007-12-31 13:00:00+00:00,30,12,13,,,0,0,0,0,0,0,0,0,0,0,0,0,0,0,0,0,0,0,0,0,0,0,0,0,0
2007-12-31 13:00:00+00:00,30,12,13,,,0,0,0,0,0,0,0,0,0,0,0,0,0,0,0,0,0,0,0,0,0,0,0,0,0
2007-12-31 13:00:00+00:00,30,12,13,,,0,0,0,0,0,0,0,0,0,0,0,0,0,0,0,0,0,0,0,0,0,0,0,0,0
2007-12-31 13:00:00+00:00,30,12,13,,,0,0,0,0,0,0,0,0,0,0,0,0,0,0,0,0,0,0,0,0,0,0,0,0,0
2007-12-31 13:15:00+00:00,30,12,13,,,0,0,0,0,0,0,0,0,0,0,0,0,0,0,0,0,0,0,0,0,0,0,0,0,0
2007-12-31 13:15:00+00:00,30,12,13,102.84654998779297,95.19476318359375,0,0,0,0,0,0,0,0,0,0,1,1,1,1,1,1,1,0,0,0,0,0,0,0,0
2007-12-31 13:15:00+00:00,30,12,13,118.82476043701172,65.09123229980469,0,0,0,0,0,0,0,0,0,0,1,1,1,1,1,1,1,0,0,0,0,0,0,0,0
2007-12-31 13:15:00+00:00,30,12,13,64.37964630126953,9.868429183959961,0,0,0,0,0,0,0,0,1,1,1,1,1,1,1,1,1,1,1,1,1,1,1,1,1
2007-12-31 13:15:00+00:00,30,12,13,90.39584350585938,78.87540435791016,0,0,0,0,0,0,0,0,0,1,1,1,1,1,1,1,1,0,0,0,0,0,0,0,0
2007-12-31 13:15:00+00:00,30,12,13,337.17425537109375,307.37432861328125,0,0,0,0,0,0,0,0,0,0,0,0,0,0,0,0,1,0,0,0,0,0,0,0,0
2007-12-31 13:15:00+00:00,30,12,13,369.56402587890625,341.961669921875,0,0,0,0,0,0,0,0,0,0,0,0,0,0,0,0,0,0,0,0,0,0,0,0,0
2007-12-31 13:15:00+00:00,30,12,13,302.18804931640625,242.47412109375,0,0,0,0,0,0,0,0,0,0,0,0,0,0,0,0,1,0,0,0,0,0,0,0,0
2007-12-31 13:15:00+00:00,30,12,13,73.92410278320312,95.60108947753906,0,0,0,0,0,0,0,0,1,1,1,1,1,1,1,1,1,0,0,0,0,0,0,0,0
2007-12-31 13:15:00+00:00,30,12,13,,,0,0,0,0,0,0,0,0,0,0,0,0,0,0,0,0,0,0,0,0,0,0,0,0,0
2007-12-31 13:15:00+00:00,30,12,13,,,0,0,0,0,0,0,0,0,0,0,0,0,0,0,0,0,0,0,0,0,0,0,0,0,0
2007-12-31 13:15:00+00:00,30,12,13,,,0,0,0,0,0,0,0,0,0,0,0,0,0,0,0,0,0,0,0,0,0,0,0,0,0
2007-12-31 13:15:00+00:00,30,12,13,,,0,0,0,0,0,0,0,0,0,0,0,0,0,0,0,0,0,0,0,0,0,0,0,0,0
2007-12-31 13:30:00+00:00,30,12,13,52.44671630859375,41.484039306640625,0,0,0,0,0,0,0,1,1,1,1,1,1,1,1,1,1,0,0,0,0,0,0,1,1
2007-12-31 13:30:00+00:00,30,12,13,,,0,0,0,0,0,0,0,0,0,0,0,0,0,0,0,0,0,0,0,0,0,0,0,0,0
2007-12-31 13:30:00+00:00,30,12,13,,516.378173828125,0,0,0,0,0,0,0,0,0,0,0,0,0,0,0,0,0,0,0,0,0,0,0,0,0
2007-12-31 13:30:00+00:00,30,12,13,259.9185485839844,245.6927947998047,0,0,0,0,0,0,0,0,0,0,0,0,0,0,0,1,1,0,0,0,0,0,0,0,0
2007-12-31 13:30:00+00:00,30,12,13,352.44189453125,366.3915710449219,0,0,0,0,0,0,0,0,0,0,0,0,0,0,0,0,0,0,0,0,0,0,0,0,0
2007-12-31 13:30:00+00:00,30,12,13,,,0,0,0,0,0,0,0,0,0,0,0,0,0,0,0,0,0,0,0,0,0,0,0,0,0
2007-12-31 13:30:00+00:00,30,12,13,,,0,0,0,0,0,0,0,0,0,0,0,0,0,0,0,0,0,0,0,0,0,0,0,0,0
2007-12-31 13:30:00+00:00,30,12,13,,,0,0,0,0,0,0,0,0,0,0,0,0,0,0,0,0,0,0,0,0,0,0,0,0,0
2007-12-31 13:30:00+00:00,30,12,13,,,0,0,0,0,0,0,0,0,0,0,0,0,0,0,0,0,0,0,0,0,0,0,0,0,0
2007-12-31 13:45:00+00:00,30,12,13,95.07365417480469,103.9061279296875,0,0,0,0,0,0,0,0,0,1,1,1,1,1,1,1,1,0,0,0,0,0,0,0,0
2007-12-31 13:45:00+00:00,30,12,13,277.2967224121094,270.60394287109375,0,0,0,0,0,0,0,0,0,0,0,0,0,0,0,1,1,0,0,0,0,0,0,0,0
2007-12-31 13:45:00+00:00,30,12,13,332.68756103515625,341.15313720703125,0,0,0,0,0,0,0,0,0,0,0,0,0,0,0,0,1,0,0,0,0,0,0,0,0
2007-12-31 13:45:00+00:00,30,12,13,,,0,0,0,0,0,0,0,0,0,0,0,0,0,0,0,0,0,0,0,0,0,0,0,0,0
2007-12-31 13:45:00+00:00,30,12,13,,,0,0,0,0,0,0,0,0,0,0,0,0,0,0,0,0,0,0,0,0,0,0,0,0,0
2007-12-31 14:00:00+00:00,30,12,14,,329.826171875,0,0,0,0,0,0,0,0,0,0,0,0,0,0,0,0,0,0,0,0,0,0,0,0,0
2007-12-31 14:00:00+00:00,30,12,14,90.44303131103516,95.31339263916016,0,0,0,0,0,0,0,0,0,1,1,1,1,1,1,1,1,0,0,0,0,0,0,0,0
2007-12-31 14:00:00+00:00,30,12,14,231.66941833496094,233.79844665527344,0,0,0,0,0,0,0,0,0,0,0,0,0,0,1,1,1,0,0,0,0,0,0,0,0
2007-12-31 14:00:00+00:00,30,12,14,,3.046818971633911,0,0,0,0,0,0,0,0,0,0,0,0,0,0,0,0,0,1,1,1,1,1,1,1,1
2007-12-31 14:00:00+00:00,30,12,14,,19.446622848510742,0,0,0,0,0,0,0,0,0,0,0,0,0,0,0,0,0,0,0,1,1,1,1,1,1
2007-12-31 14:00:00+00:00,30,12,14,,,0,0,0,0,0,0,0,0,0,0,0,0,0,0,0,0,0,0,0,0,0,0,0,0,0
2007-12-31 14:00:00+00:00,30,12,14,316.1463623046875,303.23089599609375,0,0,0,0,0,0,0,0,0,0,0,0,0,0,0,0,1,0,0,0,0,0,0,0,0
2007-12-31 14:00:00+00:00,30,12,14,,,0,0,0,0,0,0,0,0,0,0,0,0,0,0,0,0,0,0,0,0,0,0,0,0,0
2007-12-31 14:00:00+00:00,30,12,14,,,0,0,0,0,0,0,0,0,0,0,0,0,0,0,0,0,0,0,0,0,0,0,0,0,0
2007-12-31 14:00:00+00:00,30,12,14,,,0,0,0,0,0,0,0,0,0,0,0,0,0,0,0,0,0,0,0,0,0,0,0,0,0
2007-12-31 14:00:00+00:00,30,12,14,,,0,0,0,0,0,0,0,0,0,0,0,0,0,0,0,0,0,0,0,0,0,0,0,0,0
2007-12-31 14:00:00+00:00,30,12,14,,,0,0,0,0,0,0,0,0,0,0,0,0,0,0,0,0,0,0,0,0,0,0,0,0,0
2007-12-31 14:00:00+00:00,30,12,14,,,0,0,0,0,0,0,0,0,0,0,0,0,0,0,0,0,0,0,0,0,0,0,0,0,0
2007-12-31 14:15:00+00:00,30,12,14,375.9544677734375,,0,0,0,0,0,0,0,0,0,0,0,0,0,0,0,0,0,0,0,0,0,0,0,0,0
2007-12-31 14:15:00+00:00,30,12,14,,158.63925170898438,0,0,0,0,0,0,0,0,0,0,0,0,0,0,0,0,0,0,0,0,0,0,0,0,0
2007-12-31 14:15:00+00:00,30,12,14,,,0,0,0,0,0,0,0,0,0,0,0,0,0,0,0,0,0,0,0,0,0,0,0,0,0
2007-12-31 14:15:00+00:00,30,12,14,,,0,0,0,0,0,0,0,0,0,0,0,0,0,0,0,0,0,0,0,0,0,0,0,0,0
2007-12-31 14:15:00+00:00,30,12,14,164.04148864746094,180.23782348632812,0,0,0,0,0,0,0,0,0,0,0,0,1,1,1,1,1,0,0,0,0,0,0,0,0
2007-12-31 14:15:00+00:00,30,12,14,,,0,0,0,0,0,0,0,0,0,0,0,0,0,0,0,0,0,0,0,0,0,0,0,0,0
2007-12-31 14:15:00+00:00,30,12,14,,,0,0,0,0,0,0,0,0,0,0,0,0,0,0,0,0,0,0,0,0,0,0,0,0,0
2007-12-31 14:15:00+00:00,30,12,14,,,0,0,0,0,0,0,0,0,0,0,0,0,0,0,0,0,0,0,0,0,0,0,0,0,0
2007-12-31 14:30:00+00:00,30,12,14,67.89599609375,82.87823486328125,0,0,0,0,0,0,0,0,1,1,1,1,1,1,1,1,1,0,0,0,0,0,0,0,0
2007-12-31 14:30:00+00:00,30,12,14,82.83172607421875,62.87934875488281,0,0,0,0,0,0,0,0,0,1,1,1,1,1,1,1,1,0,0,0,0,0,0,0,0
2007-12-31 14:30:00+00:00,30,12,14,,,0,0,0,0,0,0,0,0,0,0,0,0,0,0,0,0,0,0,0,0,0,0,0,0,0
2007-12-31 14:30:00+00:00,30,12,14,,,0,0,0,0,0,0,0,0,0,0,0,0,0,0,0,0,0,0,0,0,0,0,0,0,0
2007-12-31 14:30:00+00:00,30,12,14,,,0,0,0,0,0,0,0,0,0,0,0,0,0,0,0,0,0,0,0,0,0,0,0,0,0
2007-12-31 14:45:00+00:00,30,12,14,74.1028060913086,75.11751556396484,0,0,0,0,0,0,0,0,1,1,1,1,1,1,1,1,1,0,0,0,0,0,0,0,0
2007-12-31 14:45:00+00:00,30,12,14,357.5086364746094,462.716552734375,0,0,0,0,0,0,0,0,0,0,0,0,0,0,0,0,0,0,0,0,0,0,0,0,0
2007-12-31 14:45:00+00:00,30,12,14,409.0847473144531,365.24462890625,0,0,0,0,0,0,0,0,0,0,0,0,0,0,0,0,0,0,0,0,0,0,0,0,0
2007-12-31 14:45:00+00:00,30,12,14,,,0,0,0,0,0,0,0,0,0,0,0,0,0,0,0,0,0,0,0,0,0,0,0,0,0
2007-12-31 14:45:00+00:00,30,12,14,,,0,0,0,0,0,0,0,0,0,0,0,0,0,0,0,0,0,0,0,0,0,0,0,0,0
2007-12-31 14:45:00+00:00,30,12,14,,,0,0,0,0,0,0,0,0,0,0,0,0,0,0,0,0,0,0,0,0,0,0,0,0,0
2007-12-31 14:45:00+00:00,30,12,14,,,0,0,0,0,0,0,0,0,0,0,0,0,0,0,0,0,0,0,0,0,0,0,0,0,0
2007-12-31 15:00:00+00:00,30,12,15,64.91239166259766,67.59534454345703,0,0,0,0,0,0,0,0,1,1,1,1,1,1,1,1,1,0,0,0,0,0,0,0,0
2007-12-31 15:00:00+00:00,30,12,15,90.7851333618164,75.66376495361328,0,0,0,0,0,0,0,0,0,1,1,1,1,1,1,1,1,0,0,0,0,0,0,0,0
2007-12-31 15:00:00+00:00,30,12,15,210.0425262451172,226.81983947753906,0,0,0,0,0,0,0,0,0,0,0,0,0,0,1,1,1,0,0,0,0,0,0,0,0
2007-12-31 15:00:00+00:00,30,12,15,207.87045288085938,177.10165405273438,0,0,0,0,0,0,0,0,0,0,0,0,0,0,1,1,1,0,0,0,0,0,0,0,0
2007-12-31 15:00:00+00:00,30,12,15,315.541259765625,320.0361633300781,0,0,0,0,0,0,0,0,0,0,0,0,0,0,0,0,1,0,0,0,0,0,0,0,0
2007-12-31 15:00:00+00:00,30,12,15,98.05597686767578,137.47030639648438,0,0,0,0,0,0,0,0,0,1,1,1,1,1,1,1,1,0,0,0,0,0,0,0,0
2007-12-31 15:00:00+00:00,30,12,15,217.09945678710938,195.6426239013672,0,0,0,0,0,0,0,0,0,0,0,0,0,0,1,1,1,0,0,0,0,0,0,0,0
2007-12-31 15:00:00+00:00,30,12,15,,,0,0,0,0,0,0,0,0,0,0,0,0,0,0,0,0,0,0,0,0,0,0,0,0,0
2007-12-31 15:00:00+00:00,30,12,15,,,0,0,0,0,0,0,0,0,0,0,0,0,0,0,0,0,0,0,0,0,0,0,0,0,0
2007-12-31 15:00:00+00:00,30,12,15,,,0,0,0,0,0,0,0,0,0,0,0,0,0,0,0,0,0,0,0,0,0,0,0,0,0
2007-12-31 15:15:00+00:00,30,12,15,421.01629638671875,419.19696044921875,0,0,0,0,0,0,0,0,0,0,0,0,0,0,0,0,0,0,0,0,0,0,0,0,0
2007-12-31 15:15:00+00:00,30,12,15,219.4416046142578,248.70285034179688,0,0,0,0,0,0,0,0,0,0,0,0,0,0,1,1,1,0,0,0,0,0,0,0,0
2007-12-31 15:15:00+00:00,30,12,15,36.042991638183594,82.64647674560547,0,0,0,0,0,1,1,1,1,1,1,1,1,1,1,1,1,0,0,0,0,0,0,0,0
2007-12-31 15:15:00+00:00,30,12,15,119.54805755615234,147.60604858398438,0,0,0,0,0,0,0,0,0,0,1,1,1,1,1,1,1,0,0,0,0,0,0,0,0
2007-12-31 15:15:00+00:00,30,12,15,281.6687927246094,280.5208740234375,0,0,0,0,0,0,0,0,0,0,0,0,0,0,0,1,1,0,0,0,0,0,0,0,0
2007-12-31 15:15:00+00:00,30,12,15,251.77780151367188,250.9814453125,0,0,0,0,0,0,0,0,0,0,0,0,0,0,0,1,1,0,0,0,0,0,0,0,0
2007-12-31 15:15:00+00:00,30,12,15,152.8982696533203,152.55908203125,0,0,0,0,0,0,0,0,0,0,0,0,1,1,1,1,1,0,0,0,0,0,0,0,0
2007-12-31 15:15:00+00:00,30,12,15,,,0,0,0,0,0,0,0,0,0,0,0,0,0,0,0,0,0,0,0,0,0,0,0,0,0
2007-12-31 15:15:00+00:00,30,12,15,,,0,0,0,0,0,0,0,0,0,0,0,0,0,0,0,0,0,0,0,0,0,0,0,0,0
2007-12-31 15:15:00+00:00,30,12,15,,,0,0,0,0,0,0,0,0,0,0,0,0,0,0,0,0,0,0,0,0,0,0,0,0,0
2007-12-31 15:30:00+00:00,30,12,15,141.15122985839844,144.4368133544922,0,0,0,0,0,0,0,0,0,0,0,1,1,1,1,1,1,0,0,0,0,0,0,0,0
2007-12-31 15:30:00+00:00,30,12,15,229.299072265625,222.25347900390625,0,0,0,0,0,0,0,0,0,0,0,0,0,0,1,1,1,0,0,0,0,0,0,0,0
2007-12-31 15:30:00+00:00,30,12,15,197.9145965576172,272.741455078125,0,0,0,0,0,0,0,0,0,0,0,0,0,1,1,1,1,0,0,0,0,0,0,0,0
2007-12-31 15:30:00+00:00,30,12,15,187.11383056640625,195.04522705078125,0,0,0,0,0,0,0,0,0,0,0,0,0,1,1,1,1,0,0,0,0,0,0,0,0
2007-12-31 15:30:00+00:00,30,12,15,205.48655700683594,164.12765502929688,0,0,0,0,0,0,0,0,0,0,0,0,0,0,1,1,1,0,0,0,0,0,0,0,0
2007-12-31 15:30:00+00:00,30,12,15,52.806358337402344,65.49515533447266,0,0,0,0,0,0,0,1,1,1,1,1,1,1,1,1,1,0,0,0,0,0,0,0,0
2007-12-31 15:30:00+00:00,30,12,15,,,0,0,0,0,0,0,0,0,0,0,0,0,0,0,0,0,0,0,0,0,0,0,0,0,0
2007-12-31 15:30:00+00:00,30,12,15,,19.55457305908203,0,0,0,0,0,0,0,0,0,0,0,0,0,0,0,0,0,0,0,1,1,1,1,1,1
2007-12-31 15:30:00+00:00,30,12,15,,,0,0,0,0,0,0,0,0,0,0,0,0,0,0,0,0,0,0,0,0,0,0,0,0,0
2007-12-31 15:45:00+00:00,30,12,15,303.9458312988281,310.2730712890625,0,0,0,0,0,0,0,0,0,0,0,0,0,0,0,0,1,0,0,0,0,0,0,0,0
2007-12-31 15:45:00+00:00,30,12,15,426.2804260253906,111.03156280517578,0,0,0,0,0,0,0,0,0,0,0,0,0,0,0,0,0,0,0,0,0,0,0,0,0
2007-12-31 15:45:00+00:00,30,12,15,223.5887908935547,248.3934326171875,0,0,0,0,0,0,0,0,0,0,0,0,0,0,1,1,1,0,0,0,0,0,0,0,0
2007-12-31 15:45:00+00:00,30,12,15,,,0,0,0,0,0,0,0,0,0,0,0,0,0,0,0,0,0,0,0,0,0,0,0,0,0
2007-12-31 16:00:00+00:00,30,12,16,46.189117431640625,24.963533401489258,0,0,0,0,0,0,1,1,1,1,1,1,1,1,1,1,1,0,0,0,1,1,1,1,1
2007-12-31 16:00:00+00:00,30,12,16,177.251220703125,165.2760467529297,0,0,0,0,0,0,0,0,0,0,0,0,1,1,1,1,1,0,0,0,0,0,0,0,0
2007-12-31 16:00:00+00:00,30,12,16,54.49639892578125,51.02901077270508,0,0,0,0,0,0,0,1,1,1,1,1,1,1,1,1,1,0,0,0,0,0,0,0,1
2007-12-31 16:00:00+00:00,30,12,16,106.337646484375,110.308837890625,0,0,0,0,0,0,0,0,0,0,1,1,1,1,1,1,1,0,0,0,0,0,0,0,0
2007-12-31 16:00:00+00:00,30,12,16,241.82994079589844,227.3739471435547,0,0,0,0,0,0,0,0,0,0,0,0,0,0,1,1,1,0,0,0,0,0,0,0,0
2007-12-31 16:00:00+00:00,30,12,16,31.75676727294922,0.0,0,0,0,0,0,1,1,1,1,1,1,1,1,1,1,1,1,1,1,1,1,1,1,1,1
2007-12-31 16:00:00+00:00,30,12,16,,456.6659240722656,0,0,0,0,0,0,0,0,0,0,0,0,0,0,0,0,0,0,0,0,0,0,0,0,0
2007-12-31 16:15:00+00:00,30,12,16,,,0,0,0,0,0,0,0,0,0,0,0,0,0,0,0,0,0,0,0,0,0,0,0,0,0
2007-12-31 16:15:00+00:00,30,12,16,,3.043154716491699,0,0,0,0,0,0,0,0,0,0,0,0,0,0,0,0,0,1,1,1,1,1,1,1,1
2007-12-31 16:15:00+00:00,30,12,16,,,0,0,0,0,0,0,0,0,0,0,0,0,0,0,0,0,0,0,0,0,0,0,0,0,0
2007-12-31 16:15:00+00:00,30,12,16,,206.26051330566406,0,0,0,0,0,0,0,0,0,0,0,0,0,0,0,0,0,0,0,0,0,0,0,0,0
2007-12-31 16:15:00+00:00,30,12,16,,,0,0,0,0,0,0,0,0,0,0,0,0,0,0,0,0,0,0,0,0,0,0,0,0,0
2007-12-31 16:15:00+00:00,30,12,16,,,0,0,0,0,0,0,0,0,0,0,0,0,0,0,0,0,0,0,0,0,0,0,0,0,0
2007-12-31 16:30:00+00:00,30,12,16,,,0,0,0,0,0,0,0,0,0,0,0,0,0,0,0,0,0,0,0,0,0,0,0,0,0
2007-12-31 16:30:00+00:00,30,12,16,210.45193481445312,457.7270812988281,0,0,0,0,0,0,0,0,0,0,0,0,0,0,1,1,1,0,0,0,0,0,0,0,0
2007-12-31 16:30:00+00:00,30,12,16,222.02761840820312,207.73001098632812,0,0,0,0,0,0,0,0,0,0,0,0,0,0,1,1,1,0,0,0,0,0,0,0,0
2007-12-31 16:30:00+00:00,30,12,16,,,0,0,0,0,0,0,0,0,0,0,0,0,0,0,0,0,0,0,0,0,0,0,0,0,0
2007-12-31 16:45:00+00:00,30,12,16,247.109130859375,252.87936401367188,0,0,0,0,0,0,0,0,0,0,0,0,0,0,1,1,1,0,0,0,0,0,0,0,0
2007-12-31 16:45:00+00:00,30,12,16,,,0,0,0,0,0,0,0,0,0,0,0,0,0,0,0,0,0,0,0,0,0,0,0,0,0
2007-12-31 17:00:00+00:00,30,12,17,,,0,0,0,0,0,0,0,0,0,0,0,0,0,0,0,0,0,0,0,0,0,0,0,0,0
2007-12-31 17:00:00+00:00,30,12,17,246.27293395996094,56.99597930908203,0,0,0,0,0,0,0,0,0,0,0,0,0,0,1,1,1,0,0,0,0,0,0,0,1
2007-12-31 17:00:00+00:00,30,12,17,241.32595825195312,8.751260757446289,0,0,0,0,0,0,0,0,0,0,0,0,0,0,1,1,1,1,1,1,1,1,1,1,1
2007-12-31 17:15:00+00:00,30,12,17,,,0,0,0,0,0,0,0,0,0,0,0,0,0,0,0,0,0,0,0,0,0,0,0,0,0
2007-12-31 17:15:00+00:00,30,12,17,220.44534301757812,219.23272705078125,0,0,0,0,0,0,0,0,0,0,0,0,0,0,1,1,1,0,0,0,0,0,0,0,0
2007-12-31 17:15:00+00:00,30,12,17,246.93890380859375,247.5512237548828,0,0,0,0,0,0,0,0,0,0,0,0,0,0,1,1,1,0,0,0,0,0,0,0,0
2007-12-31 17:15:00+00:00,30,12,17,,,0,0,0,0,0,0,0,0,0,0,0,0,0,0,0,0,0,0,0,0,0,0,0,0,0
2007-12-31 17:30:00+00:00,30,12,17,195.3895721435547,239.4615936279297,0,0,0,0,0,0,0,0,0,0,0,0,0,1,1,1,1,0,0,0,0,0,0,0,0
2007-12-31 17:30:00+00:00,30,12,17,106.07454681396484,123.01092529296875,0,0,0,0,0,0,0,0,0,0,1,1,1,1,1,1,1,0,0,0,0,0,0,0,0
2007-12-31 17:30:00+00:00,30,12,17,33.111778259277344,8.843932151794434,0,0,0,0,0,1,1,1,1,1,1,1,1,1,1,1,1,1,1,1,1,1,1,1,1
2007-12-31 17:30:00+00:00,30,12,17,252.4014129638672,261.77532958984375,0,0,0,0,0,0,0,0,0,0,0,0,0,0,0,1,1,0,0,0,0,0,0,0,0
2007-12-31 17:30:00+00:00,30,12,17,173.9419708251953,160.29232788085938,0,0,0,0,0,0,0,0,0,0,0,0,1,1,1,1,1,0,0,0,0,0,0,0,0
2007-12-31 17:30:00+00:00,30,12,17,,,0,0,0,0,0,0,0,0,0,0,0,0,0,0,0,0,0,0,0,0,0,0,0,0,0
2007-12-31 17:45:00+00:00,30,12,17,498.74810791015625,,0,0,0,0,0,0,0,0,0,0,0,0,0,0,0,0,0,0,0,0,0,0,0,0,0
