valid_time,lead_time_min,month,hour,dmin_t0_km,dmin_t_km,excl_010km,excl_015km,excl_020km,excl_025km,excl_030km,excl_040km,excl_050km,excl_060km,excl_080km,excl_100km,excl_120km,excl_150km,excl_180km,excl_200km,excl_250km,excl_300km,excl_350km,incl_010km,incl_015km,incl_020km,incl_025km,incl_030km,incl_040km,incl_050km,incl_060km
2008-02-01 10:00:00+00:00,30,2,10,374.5959777832031,,0,0,0,0,0,0,0,0,0,0,0,0,0,0,0,0,0,0,0,0,0,0,0,0,0
2008-02-01 10:00:00+00:00,30,2,10,,,0,0,0,0,0,0,0,0,0,0,0,0,0,0,0,0,0,0,0,0,0,0,0,0,0
2008-02-01 10:00:00+00:00,30,2,10,,355.1887512207031,0,0,0,0,0,0,0,0,0,0,0,0,0,0,0,0,0,0,0,0,0,0,0,0,0
2008-02-01 10:00:00+00:00,30,2,10,,,0,0,0,0,0,0,0,0,0,0,0,0,0,0,0,0,0,0,0,0,0,0,0,0,0
2008-02-01 10:00:00+00:00,30,2,10,148.5759735107422,0.0,0,0,0,0,0,0,0,0,0,0,0,1,1,1,1,1,1,1,1,1,1,1,1,1,1
2008-02-01 10:00:00+00:00,30,2,10,69.951416015625,80.97789001464844,0,0,0,0,0,0,0,0,1,1,1,1,1,1,1,1,1,0,0,0,0,0,0,0,0
2008-02-01 10:00:00+00:00,30,2,10,,0.0,0,0,0,0,0,0,0,0,0,0,0,0,0,0,0,0,0,1,1,1,1,1,1,1,1
2008-02-01 10:00:00+00:00,30,2,10,453.0605163574219,190.50894165039062,0,0,0,0,0,0,0,0,0,0,0,0,0,0,0,0,0,0,0,0,0,0,0,0,0
2008-02-01 10:00:00+00:00,30,2,10,276.8291320800781,68.22450256347656,0,0,0,0,0,0,0,0,0,0,0,0,0,0,0,1,1,0,0,0,0,0,0,0,0
2008-02-01 10:00:00+00:00,30,2,10,339.69482421875,139.6332550048828,0,0,0,0,0,0,0,0,0,0,0,0,0,0,0,0,1,0,0,0,0,0,0,0,0
2008-02-01 10:00:00+00:00,30,2,10,336.9052429199219,234.58966064453125,0,0,0,0,0,0,0,0,0,0,0,0,0,0,0,0,1,0,0,0,0,0,0,0,0
2008-02-01 10:15:00+00:00,30,2,10,,235.7646942138672,0,0,0,0,0,0,0,0,0,0,0,0,0,0,0,0,0,0,0,0,0,0,0,0,0
2008-02-01 10:15:00+00:00,30,2,10,299.0007019042969,109.967529296875,0,0,0,0,0,0,0,0,0,0,0,0,0,0,0,1,1,0,0,0,0,0,0,0,0
2008-02-01 10:15:00+00:00,30,2,10,206.77505493164062,152.54969787597656,0,0,0,0,0,0,0,0,0,0,0,0,0,0,1,1,1,0,0,0,0,0,0,0,0
2008-02-01 10:15:00+00:00,30,2,10,,,0,0,0,0,0,0,0,0,0,0,0,0,0,0,0,0,0,0,0,0,0,0,0,0,0
2008-02-01 10:15:00+00:00,30,2,10,111.32742309570312,112.96536254882812,0,0,0,0,0,0,0,0,0,0,1,1,1,1,1,1,1,0,0,0,0,0,0,0,0
2008-02-01 10:15:00+00:00,30,2,10,417.1205749511719,426.51226806640625,0,0,0,0,0,0,0,0,0,0,0,0,0,0,0,0,0,0,0,0,0,0,0,0,0
2008-02-01 10:15:00+00:00,30,2,10,117.7652816772461,132.26815795898438,0,0,0,0,0,0,0,0,0,0,1,1,1,1,1,1,1,0,0,0,0,0,0,0,0
2008-02-01 10:15:00+00:00,30,2,10,36.4518928527832,50.3085823059082,0,0,0,0,0,1,1,1,1,1,1,1,1,1,1,1,1,0,0,0,0,0,0,0,1
2008-02-01 10:15:00+00:00,30,2,10,220.03103637695312,116.96758270263672,0,0,0,0,0,0,0,0,0,0,0,0,0,0,1,1,1,0,0,0,0,0,0,0,0
2008-02-01 10:30:00+00:00,30,2,10,533.8731689453125,345.8542175292969,0,0,0,0,0,0,0,0,0,0,0,0,0,0,0,0,0,0,0,0,0,0,0,0,0
2008-02-01 10:30:00+00:00,30,2,10,237.98263549804688,304.5540466308594,0,0,0,0,0,0,0,0,0,0,0,0,0,0,1,1,1,0,0,0,0,0,0,0,0
2008-02-01 10:30:00+00:00,30,2,10,285.1463928222656,358.321044921875,0,0,0,0,0,0,0,0,0,0,0,0,0,0,0,1,1,0,0,0,0,0,0,0,0
2008-02-01 10:30:00+00:00,30,2,10,173.59580993652344,162.11993408203125,0,0,0,0,0,0,0,0,0,0,0,0,1,1,1,1,1,0,0,0,0,0,0,0,0
2008-02-01 10:30:00+00:00,30,2,10,400.6476135253906,168.76568603515625,0,0,0,0,0,0,0,0,0,0,0,0,0,0,0,0,0,0,0,0,0,0,0,0,0
2008-02-01 10:30:00+00:00,30,2,10,276.5867004394531,176.9380645751953,0,0,0,0,0,0,0,0,0,0,0,0,0,0,0,1,1,0,0,0,0,0,0,0,0
2008-02-01 10:30:00+00:00,30,2,10,101.23845672607422,113.95721435546875,0,0,0,0,0,0,0,0,0,0,1,1,1,1,1,1,1,0,0,0,0,0,0,0,0
2008-02-01 10:30:00+00:00,30,2,10,339.6864318847656,339.1329345703125,0,0,0,0,0,0,0,0,0,0,0,0,0,0,0,0,1,0,0,0,0,0,0,0,0
2008-02-01 10:30:00+00:00,30,2,10,94.12568664550781,80.92684173583984,0,0,0,0,0,0,0,0,0,1,1,1,1,1,1,1,1,0,0,0,0,0,0,0,0
2008-02-01 10:30:00+00:00,30,2,10,168.7527618408203,154.68446350097656,0,0,0,0,0,0,0,0,0,0,0,0,1,1,1,1,1,0,0,0,0,0,0,0,0
2008-02-01 10:30:00+00:00,30,2,10,141.13829040527344,24.035594940185547,0,0,0,0,0,0,0,0,0,0,0,1,1,1,1,1,1,0,0,0,1,1,1,1,1
2008-02-01 10:30:00+00:00,30,2,10,279.78955078125,97.23113250732422,0,0,0,0,0,0,0,0,0,0,0,0,0,0,0,1,1,0,0,0,0,0,0,0,0
2008-02-01 10:30:00+00:00,30,2,10,247.6024627685547,280.1025695800781,0,0,0,0,0,0,0,0,0,0,0,0,0,0,1,1,1,0,0,0,0,0,0,0,0
2008-02-01 10:45:00+00:00,30,2,10,,,0,0,0,0,0,0,0,0,0,0,0,0,0,0,0,0,0,0,0,0,0,0,0,0,0
2008-02-01 10:45:00+00:00,30,2,10,,226.5196075439453,0,0,0,0,0,0,0,0,0,0,0,0,0,0,0,0,0,0,0,0,0,0,0,0,0
2008-02-01 10:45:00+00:00,30,2,10,271.9163818359375,257.72772216796875,0,0,0,0,0,0,0,0,0,0,0,0,0,0,0,1,1,0,0,0,0,0,0,0,0
2008-02-01 10:45:00+00:00,30,2,10,237.11929321289062,222.95338439941406,0,0,0,0,0,0,0,0,0,0,0,0,0,0,1,1,1,0,0,0,0,0,0,0,0
2008-02-01 10:45:00+00:00,30,2,10,295.8067932128906,477.6743469238281,0,0,0,0,0,0,0,0,0,0,0,0,0,0,0,1,1,0,0,0,0,0,0,0,0
2008-02-01 10:45:00+00:00,30,2,10,367.3735656738281,279.1922607421875,0,0,0,0,0,0,0,0,0,0,0,0,0,0,0,0,0,0,0,0,0,0,0,0,0
2008-02-01 10:45:00+00:00,30,2,10,138.9136505126953,321.1322326660156,0,0,0,0,0,0,0,0,0,0,0,1,1,1,1,1,1,0,0,0,0,0,0,0,0
2008-02-01 10:45:00+00:00,30,2,10,380.1261901855469,343.54840087890625,0,0,0,0,0,0,0,0,0,0,0,0,0,0,0,0,0,0,0,0,0,0,0,0,0
2008-02-01 10:45:00+00:00,30,2,10,405.6335754394531,394.31268310546875,0,0,0,0,0,0,0,0,0,0,0,0,0,0,0,0,0,0,0,0,0,0,0,0,0
2008-02-01 10:45:00+00:00,30,2,10,113.1129150390625,113.71156311035156,0,0,0,0,0,0,0,0,0,0,1,1,1,1,1,1,1,0,0,0,0,0,0,0,0
2008-02-01 10:45:00+00:00,30,2,10,157.0741424560547,73.7416000366211,0,0,0,0,0,0,0,0,0,0,0,0,1,1,1,1,1,0,0,0,0,0,0,0,0
2008-02-01 10:45:00+00:00,30,2,10,233.93170166015625,208.95811462402344,0,0,0,0,0,0,0,0,0,0,0,0,0,0,1,1,1,0,0,0,0,0,0,0,0
2008-02-01 10:45:00+00:00,30,2,10,386.5638732910156,289.2375793457031,0,0,0,0,0,0,0,0,0,0,0,0,0,0,0,0,0,0,0,0,0,0,0,0,0
2008-02-01 10:45:00+00:00,30,2,10,211.66253662109375,154.54100036621094,0,0,0,0,0,0,0,0,0,0,0,0,0,0,1,1,1,0,0,0,0,0,0,0,0
2008-02-01 11:00:00+00:00,30,2,11,,,0,0,0,0,0,0,0,0,0,0,0,0,0,0,0,0,0,0,0,0,0,0,0,0,0
2008-02-01 11:00:00+00:00,30,2,11,227.88265991210938,79.19097900390625,0,0,0,0,0,0,0,0,0,0,0,0,0,0,1,1,1,0,0,0,0,0,0,0,0
2008-02-01 11:00:00+00:00,30,2,11,191.13409423828125,60.74742889404297,0,0,0,0,0,0,0,0,0,0,0,0,0,1,1,1,1,0,0,0,0,0,0,0,0
2008-02-01 11:00:00+00:00,30,2,11,337.1561279296875,349.61767578125,0,0,0,0,0,0,0,0,0,0,0,0,0,0,0,0,1,0,0,0,0,0,0,0,0
2008-02-01 11:00:00+00:00,30,2,11,394.7826843261719,393.90045166015625,0,0,0,0,0,0,0,0,0,0,0,0,0,0,0,0,0,0,0,0,0,0,0,0,0
2008-02-01 11:00:00+00:00,30,2,11,56.23187255859375,73.72733306884766,0,0,0,0,0,0,0,1,1,1,1,1,1,1,1,1,1,0,0,0,0,0,0,0,0
2008-02-01 11:00:00+00:00,30,2,11,38.110286712646484,22.07607650756836,0,0,0,0,0,1,1,1,1,1,1,1,1,1,1,1,1,0,0,0,1,1,1,1,1
2008-02-01 11:00:00+00:00,30,2,11,235.5269775390625,224.31617736816406,0,0,0,0,0,0,0,0,0,0,0,0,0,0,1,1,1,0,0,0,0,0,0,0,0
2008-02-01 11:00:00+00:00,30,2,11,87.98687744140625,94.81913757324219,0,0,0,0,0,0,0,0,0,1,1,1,1,1,1,1,1,0,0,0,0,0,0,0,0
2008-02-01 11:00:00+00:00,30,2,11,115.20452880859375,105.79639434814453,0,0,0,0,0,0,0,0,0,0,1,1,1,1,1,1,1,0,0,0,0,0,0,0,0
2008-02-01 11:00:00+00:00,30,2,11,83.2619400024414,85.06968688964844,0,0,0,0,0,0,0,0,0,1,1,1,1,1,1,1,1,0,0,0,0,0,0,0,0
2008-02-01 11:00:00+00:00,30,2,11,121.96649932861328,126.53240966796875,0,0,0,0,0,0,0,0,0,0,0,1,1,1,1,1,1,0,0,0,0,0,0,0,0
2008-02-01 11:15:00+00:00,30,2,11,,,0,0,0,0,0,0,0,0,0,0,0,0,0,0,0,0,0,0,0,0,0,0,0,0,0
2008-02-01 11:15:00+00:00,30,2,11,,606.357177734375,0,0,0,0,0,0,0,0,0,0,0,0,0,0,0,0,0,0,0,0,0,0,0,0,0
2008-02-01 11:15:00+00:00,30,2,11,153.3595428466797,148.92735290527344,0,0,0,0,0,0,0,0,0,0,0,0,1,1,1,1,1,0,0,0,0,0,0,0,0
2008-02-01 11:15:00+00:00,30,2,11,319.16741943359375,315.909912109375,0,0,0,0,0,0,0,0,0,0,0,0,0,0,0,0,1,0,0,0,0,0,0,0,0
2008-02-01 11:15:00+00:00,30,2,11,316.3899230957031,189.92156982421875,0,0,0,0,0,0,0,0,0,0,0,0,0,0,0,0,1,0,0,0,0,0,0,0,0
2008-02-01 11:15:00+00:00,30,2,11,356.3075256347656,361.1714782714844,0,0,0,0,0,0,0,0,0,0,0,0,0,0,0,0,0,0,0,0,0,0,0,0,0
2008-02-01 11:15:00+00:00,30,2,11,346.1556091308594,341.3230285644531,0,0,0,0,0,0,0,0,0,0,0,0,0,0,0,0,1,0,0,0,0,0,0,0,0
2008-02-01 11:15:00+00:00,30,2,11,170.6116485595703,170.6116485595703,0,0,0,0,0,0,0,0,0,0,0,0,1,1,1,1,1,0,0,0,0,0,0,0,0
2008-02-01 11:15:00+00:00,30,2,11,68.04668426513672,45.60057830810547,0,0,0,0,0,0,0,0,1,1,1,1,1,1,1,1,1,0,0,0,0,0,0,1,1
2008-02-01 11:15:00+00:00,30,2,11,91.4661636352539,106.1270980834961,0,0,0,0,0,0,0,0,0,1,1,1,1,1,1,1,1,0,0,0,0,0,0,0,0
2008-02-01 11:15:00+00:00,30,2,11,149.41348266601562,172.6802520751953,0,0,0,0,0,0,0,0,0,0,0,1,1,1,1,1,1,0,0,0,0,0,0,0,0
2008-02-01 11:15:00+00:00,30,2,11,125.38237762451172,147.55615234375,0,0,0,0,0,0,0,0,0,0,0,1,1,1,1,1,1,0,0,0,0,0,0,0,0
2008-02-01 11:15:00+00:00,30,2,11,142.66021728515625,119.41732788085938,0,0,0,0,0,0,0,0,0,0,0,1,1,1,1,1,1,0,0,0,0,0,0,0,0
2008-02-01 11:15:00+00:00,30,2,11,153.63343811035156,140.51541137695312,0,0,0,0,0,0,0,0,0,0,0,0,1,1,1,1,1,0,0,0,0,0,0,0,0
2008-02-01 11:15:00+00:00,30,2,11,146.62376403808594,116.17420959472656,0,0,0,0,0,0,0,0,0,0,0,1,1,1,1,1,1,0,0,0,0,0,0,0,0
2008-02-01 11:15:00+00:00,30,2,11,191.3036651611328,154.77561950683594,0,0,0,0,0,0,0,0,0,0,0,0,0,1,1,1,1,0,0,0,0,0,0,0,0
2008-02-01 11:15:00+00:00,30,2,11,161.36044311523438,108.66909790039062,0,0,0,0,0,0,0,0,0,0,0,0,1,1,1,1,1,0,0,0,0,0,0,0,0
2008-02-01 11:15:00+00:00,30,2,11,105.55560302734375,82.99330139160156,0,0,0,0,0,0,0,0,0,0,1,1,1,1,1,1,1,0,0,0,0,0,0,0,0
2008-02-01 11:15:00+00:00,30,2,11,73.3902587890625,0.0,0,0,0,0,0,0,0,0,1,1,1,1,1,1,1,1,1,1,1,1,1,1,1,1,1
2008-02-01 11:15:00+00:00,30,2,11,101.95526123046875,8.920894622802734,0,0,0,0,0,0,0,0,0,0,1,1,1,1,1,1,1,1,1,1,1,1,1,1,1
2008-02-01 11:15:00+00:00,30,2,11,106.15851593017578,114.76654815673828,0,0,0,0,0,0,0,0,0,0,1,1,1,1,1,1,1,0,0,0,0,0,0,0,0
2008-02-01 11:15:00+00:00,30,2,11,,,0,0,0,0,0,0,0,0,0,0,0,0,0,0,0,0,0,0,0,0,0,0,0,0,0
2008-02-01 11:15:00+00:00,30,2,11,206.04730224609375,179.72483825683594,0,0,0,0,0,0,0,0,0,0,0,0,0,0,1,1,1,0,0,0,0,0,0,0,0
2008-02-01 11:30:00+00:00,30,2,11,,,0,0,0,0,0,0,0,0,0,0,0,0,0,0,0,0,0,0,0,0,0,0,0,0,0
2008-02-01 11:30:00+00:00,30,2,11,,,0,0,0,0,0,0,0,0,0,0,0,0,0,0,0,0,0,0,0,0,0,0,0,0,0
2008-02-01 11:30:00+00:00,30,2,11,,,0,0,0,0,0,0,0,0,0,0,0,0,0,0,0,0,0,0,0,0,0,0,0,0,0
2008-02-01 11:30:00+00:00,30,2,11,,,0,0,0,0,0,0,0,0,0,0,0,0,0,0,0,0,0,0,0,0,0,0,0,0,0
2008-02-01 11:30:00+00:00,30,2,11,,,0,0,0,0,0,0,0,0,0,0,0,0,0,0,0,0,0,0,0,0,0,0,0,0,0
2008-02-01 11:30:00+00:00,30,2,11,114.64957427978516,108.21075439453125,0,0,0,0,0,0,0,0,0,0,1,1,1,1,1,1,1,0,0,0,0,0,0,0,0
2008-02-01 11:30:00+00:00,30,2,11,355.1579284667969,336.2284240722656,0,0,0,0,0,0,0,0,0,0,0,0,0,0,0,0,0,0,0,0,0,0,0,0,0
2008-02-01 11:30:00+00:00,30,2,11,87.46508026123047,25.981565475463867,0,0,0,0,0,0,0,0,0,1,1,1,1,1,1,1,1,0,0,0,0,1,1,1,1
2008-02-01 11:30:00+00:00,30,2,11,162.6168975830078,165.07659912109375,0,0,0,0,0,0,0,0,0,0,0,0,1,1,1,1,1,0,0,0,0,0,0,0,0
2008-02-01 11:30:00+00:00,30,2,11,191.54478454589844,179.34820556640625,0,0,0,0,0,0,0,0,0,0,0,0,0,1,1,1,1,0,0,0,0,0,0,0,0
2008-02-01 11:30:00+00:00,30,2,11,135.06906127929688,111.17022705078125,0,0,0,0,0,0,0,0,0,0,0,1,1,1,1,1,1,0,0,0,0,0,0,0,0
2008-02-01 11:30:00+00:00,30,2,11,328.0557861328125,146.4466094970703,0,0,0,0,0,0,0,0,0,0,0,0,0,0,0,0,1,0,0,0,0,0,0,0,0
2008-02-01 11:30:00+00:00,30,2,11,,10.441073417663574,0,0,0,0,0,0,0,0,0,0,0,0,0,0,0,0,0,0,1,1,1,1,1,1,1
2008-02-01 11:30:00+00:00,30,2,11,68.95504760742188,44.641048431396484,0,0,0,0,0,0,0,0,1,1,1,1,1,1,1,1,1,0,0,0,0,0,0,1,1
2008-02-01 11:30:00+00:00,30,2,11,,,0,0,0,0,0,0,0,0,0,0,0,0,0,0,0,0,0,0,0,0,0,0,0,0,0
2008-02-01 11:45:00+00:00,30,2,11,,,0,0,0,0,0,0,0,0,0,0,0,0,0,0,0,0,0,0,0,0,0,0,0,0,0
2008-02-01 11:45:00+00:00,30,2,11,,,0,0,0,0,0,0,0,0,0,0,0,0,0,0,0,0,0,0,0,0,0,0,0,0,0
2008-02-01 11:45:00+00:00,30,2,11,,,0,0,0,0,0,0,0,0,0,0,0,0,0,0,0,0,0,0,0,0,0,0,0,0,0
2008-02-01 11:45:00+00:00,30,2,11,162.6124725341797,170.60096740722656,0,0,0,0,0,0,0,0,0,0,0,0,1,1,1,1,1,0,0,0,0,0,0,0,0
2008-02-01 11:45:00+00:00,30,2,11,235.40469360351562,167.9576416015625,0,0,0,0,0,0,0,0,0,0,0,0,0,0,1,1,1,0,0,0,0,0,0,0,0
2008-02-01 11:45:00+00:00,30,2,11,402.0450134277344,278.2597351074219,0,0,0,0,0,0,0,0,0,0,0,0,0,0,0,0,0,0,0,0,0,0,0,0,0
2008-02-01 11:45:00+00:00,30,2,11,394.0032653808594,297.3900146484375,0,0,0,0,0,0,0,0,0,0,0,0,0,0,0,0,0,0,0,0,0,0,0,0,0
2008-02-01 11:45:00+00:00,30,2,11,137.9759521484375,93.35509490966797,0,0,0,0,0,0,0,0,0,0,0,1,1,1,1,1,1,0,0,0,0,0,0,0,0
2008-02-01 11:45:00+00:00,30,2,11,201.00038146972656,181.5119171142578,0,0,0,0,0,0,0,0,0,0,0,0,0,0,1,1,1,0,0,0,0,0,0,0,0
2008-02-01 11:45:00+00:00,30,2,11,135.59727478027344,116.80046081542969,0,0,0,0,0,0,0,0,0,0,0,1,1,1,1,1,1,0,0,0,0,0,0,0,0
2008-02-01 11:45:00+00:00,30,2,11,175.75558471679688,51.16083526611328,0,0,0,0,0,0,0,0,0,0,0,0,1,1,1,1,1,0,0,0,0,0,0,0,1
2008-02-01 11:45:00+00:00,30,2,11,402.7272033691406,52.829925537109375,0,0,0,0,0,0,0,0,0,0,0,0,0,0,0,0,0,0,0,0,0,0,0,0,1
2008-02-01 11:45:00+00:00,30,2,11,71.01786041259766,46.33582305908203,0,0,0,0,0,0,0,0,1,1,1,1,1,1,1,1,1,0,0,0,0,0,0,1,1
2008-02-01 11:45:00+00:00,30,2,11,193.15216064453125,138.6916046142578,0,0,0,0,0,0,0,0,0,0,0,0,0,1,1,1,1,0,0,0,0,0,0,0,0
2008-02-01 11:45:00+00:00,30,2,11,159.71905517578125,154.68795776367188,0,0,0,0,0,0,0,0,0,0,0,0,1,1,1,1,1,0,0,0,0,0,0,0,0
2008-02-01 11:45:00+00:00,30,2,11,107.67779541015625,110.98128509521484,0,0,0,0,0,0,0,0,0,0,1,1,1,1,1,1,1,0,0,0,0,0,0,0,0
2008-02-01 11:45:00+00:00,30,2,11,,484.308349609375,0,0,0,0,0,0,0,0,0,0,0,0,0,0,0,0,0,0,0,0,0,0,0,0,0
2008-02-01 12:00:00+00:00,30,2,12,,,0,0,0,0,0,0,0,0,0,0,0,0,0,0,0,0,0,0,0,0,0,0,0,0,0
2008-02-01 12:00:00+00:00,30,2,12,,,0,0,0,0,0,0,0,0,0,0,0,0,0,0,0,0,0,0,0,0,0,0,0,0,0
2008-02-01 12:00:00+00:00,30,2,12,,,0,0,0,0,0,0,0,0,0,0,0,0,0,0,0,0,0,0,0,0,0,0,0,0,0
2008-02-01 12:00:00+00:00,30,2,12,,,0,0,0,0,0,0,0,0,0,0,0,0,0,0,0,0,0,0,0,0,0,0,0,0,0
2008-02-01 12:00:00+00:00,30,2,12,,,0,0,0,0,0,0,0,0,0,0,0,0,0,0,0,0,0,0,0,0,0,0,0,0,0
2008-02-01 12:00:00+00:00,30,2,12,,,0,0,0,0,0,0,0,0,0,0,0,0,0,0,0,0,0,0,0,0,0,0,0,0,0
2008-02-01 12:00:00+00:00,30,2,12,,,0,0,0,0,0,0,0,0,0,0,0,0,0,0,0,0,0,0,0,0,0,0,0,0,0
2008-02-01 12:00:00+00:00,30,2,12,,,0,0,0,0,0,0,0,0,0,0,0,0,0,0,0,0,0,0,0,0,0,0,0,0,0
2008-02-01 12:00:00+00:00,30,2,12,248.70980834960938,256.4625244140625,0,0,0,0,0,0,0,0,0,0,0,0,0,0,1,1,1,0,0,0,0,0,0,0,0
2008-02-01 12:00:00+00:00,30,2,12,,362.5481262207031,0,0,0,0,0,0,0,0,0,0,0,0,0,0,0,0,0,0,0,0,0,0,0,0,0
2008-02-01 12:00:00+00:00,30,2,12,83.0389404296875,32.68507385253906,0,0,0,0,0,0,0,0,0,1,1,1,1,1,1,1,1,0,0,0,0,0,1,1,1
2008-02-01 12:00:00+00:00,30,2,12,79.50074768066406,11.07284927368164,0,0,0,0,0,0,0,0,1,1,1,1,1,1,1,1,1,0,1,1,1,1,1,1,1
2008-02-01 12:00:00+00:00,30,2,12,79.22463989257812,3.298776865005493,0,0,0,0,0,0,0,0,1,1,1,1,1,1,1,1,1,1,1,1,1,1,1,1,1
2008-02-01 12:00:00+00:00,30,2,12,192.01409912109375,7.14836311340332,0,0,0,0,0,0,0,0,0,0,0,0,0,1,1,1,1,1,1,1,1,1,1,1,1
2008-02-01 12:00:00+00:00,30,2,12,44.89617919921875,7.20782995223999,0,0,0,0,0,0,1,1,1,1,1,1,1,1,1,1,1,1,1,1,1,1,1,1,1
2008-02-01 12:15:00+00:00,30,2,12,,,0,0,0,0,0,0,0,0,0,0,0,0,0,0,0,0,0,0,0,0,0,0,0,0,0
2008-02-01 12:15:00+00:00,30,2,12,,,0,0,0,0,0,0,0,0,0,0,0,0,0,0,0,0,0,0,0,0,0,0,0,0,0
2008-02-01 12:15:00+00:00,30,2,12,,,0,0,0,0,0,0,0,0,0,0,0,0,0,0,0,0,0,0,0,0,0,0,0,0,0
2008-02-01 12:15:00+00:00,30,2,12,,,0,0,0,0,0,0,0,0,0,0,0,0,0,0,0,0,0,0,0,0,0,0,0,0,0
2008-02-01 12:15:00+00:00,30,2,12,,,0,0,0,0,0,0,0,0,0,0,0,0,0,0,0,0,0,0,0,0,0,0,0,0,0
2008-02-01 12:15:00+00:00,30,2,12,,,0,0,0,0,0,0,0,0,0,0,0,0,0,0,0,0,0,0,0,0,0,0,0,0,0
2008-02-01 12:15:00+00:00,30,2,12,,,0,0,0,0,0,0,0,0,0,0,0,0,0,0,0,0,0,0,0,0,0,0,0,0,0
2008-02-01 12:15:00+00:00,30,2,12,,,0,0,0,0,0,0,0,0,0,0,0,0,0,0,0,0,0,0,0,0,0,0,0,0,0
2008-02-01 12:15:00+00:00,30,2,12,231.68179321289062,229.24974060058594,0,0,0,0,0,0,0,0,0,0,0,0,0,0,1,1,1,0,0,0,0,0,0,0,0
2008-02-01 12:15:00+00:00,30,2,12,116.93997955322266,109.28070068359375,0,0,0,0,0,0,0,0,0,0,1,1,1,1,1,1,1,0,0,0,0,0,0,0,0
2008-02-01 12:15:00+00:00,30,2,12,273.9433288574219,226.7634735107422,0,0,0,0,0,0,0,0,0,0,0,0,0,0,0,1,1,0,0,0,0,0,0,0,0
2008-02-01 12:15:00+00:00,30,2,12,244.97059631347656,200.73245239257812,0,0,0,0,0,0,0,0,0,0,0,0,0,0,1,1,1,0,0,0,0,0,0,0,0
2008-02-01 12:15:00+00:00,30,2,12,78.59639739990234,117.66193389892578,0,0,0,0,0,0,0,0,1,1,1,1,1,1,1,1,1,0,0,0,0,0,0,0,0
2008-02-01 12:15:00+00:00,30,2,12,136.037353515625,89.91816711425781,0,0,0,0,0,0,0,0,0,0,0,1,1,1,1,1,1,0,0,0,0,0,0,0,0
2008-02-01 12:15:00+00:00,30,2,12,173.0009307861328,157.8918914794922,0,0,0,0,0,0,0,0,0,0,0,0,1,1,1,1,1,0,0,0,0,0,0,0,0
2008-02-01 12:15:00+00:00,30,2,12,60.78858947753906,34.506004333496094,0,0,0,0,0,0,0,0,1,1,1,1,1,1,1,1,1,0,0,0,0,0,1,1,1
2008-02-01 12:15:00+00:00,30,2,12,307.8195495605469,284.03125,0,0,0,0,0,0,0,0,0,0,0,0,0,0,0,0,1,0,0,0,0,0,0,0,0
2008-02-01 12:15:00+00:00,30,2,12,206.27792358398438,189.9874267578125,0,0,0,0,0,0,0,0,0,0,0,0,0,0,1,1,1,0,0,0,0,0,0,0,0
2008-02-01 12:15:00+00:00,30,2,12,117.63099670410156,73.00772094726562,0,0,0,0,0,0,0,0,0,0,1,1,1,1,1,1,1,0,0,0,0,0,0,0,0
2008-02-01 12:15:00+00:00,30,2,12,53.56697082519531,35.98297119140625,0,0,0,0,0,0,0,1,1,1,1,1,1,1,1,1,1,0,0,0,0,0,1,1,1
2008-02-01 12:15:00+00:00,30,2,12,160.48219299316406,15.388962745666504,0,0,0,0,0,0,0,0,0,0,0,0,1,1,1,1,1,0,0,1,1,1,1,1,1
2008-02-01 12:30:00+00:00,30,2,12,,,0,0,0,0,0,0,0,0,0,0,0,0,0,0,0,0,0,0,0,0,0,0,0,0,0
2008-02-01 12:30:00+00:00,30,2,12,,,0,0,0,0,0,0,0,0,0,0,0,0,0,0,0,0,0,0,0,0,0,0,0,0,0
2008-02-01 12:30:00+00:00,30,2,12,54.94520568847656,45.79869079589844,0,0,0,0,0,0,0,1,1,1,1,1,1,1,1,1,1,0,0,0,0,0,0,1,1
2008-02-01 12:30:00+00:00,30,2,12,275.7823181152344,138.326904296875,0,0,0,0,0,0,0,0,0,0,0,0,0,0,0,1,1,0,0,0,0,0,0,0,0
2008-02-01 12:30:00+00:00,30,2,12,62.057437896728516,0.0,0,0,0,0,0,0,0,0,1,1,1,1,1,1,1,1,1,1,1,1,1,1,1,1,1
2008-02-01 12:30:00+00:00,30,2,12,135.19972229003906,82.61522674560547,0,0,0,0,0,0,0,0,0,0,0,1,1,1,1,1,1,0,0,0,0,0,0,0,0
2008-02-01 12:30:00+00:00,30,2,12,328.80413818359375,292.9169616699219,0,0,0,0,0,0,0,0,0,0,0,0,0,0,0,0,1,0,0,0,0,0,0,0,0
2008-02-01 12:45:00+00:00,30,2,12,,,0,0,0,0,0,0,0,0,0,0,0,0,0,0,0,0,0,0,0,0,0,0,0,0,0
2008-02-01 12:45:00+00:00,30,2,12,,,0,0,0,0,0,0,0,0,0,0,0,0,0,0,0,0,0,0,0,0,0,0,0,0,0
2008-02-01 12:45:00+00:00,30,2,12,,,0,0,0,0,0,0,0,0,0,0,0,0,0,0,0,0,0,0,0,0,0,0,0,0,0
2008-02-01 12:45:00+00:00,30,2,12,,390.5908508300781,0,0,0,0,0,0,0,0,0,0,0,0,0,0,0,0,0,0,0,0,0,0,0,0,0
2008-02-01 12:45:00+00:00,30,2,12,321.5095520019531,305.6423034667969,0,0,0,0,0,0,0,0,0,0,0,0,0,0,0,0,1,0,0,0,0,0,0,0,0
2008-02-01 12:45:00+00:00,30,2,12,144.5071563720703,150.27149963378906,0,0,0,0,0,0,0,0,0,0,0,1,1,1,1,1,1,0,0,0,0,0,0,0,0
2008-02-01 12:45:00+00:00,30,2,12,78.34486389160156,56.17277526855469,0,0,0,0,0,0,0,0,1,1,1,1,1,1,1,1,1,0,0,0,0,0,0,0,1
2008-02-01 12:45:00+00:00,30,2,12,264.78094482421875,276.2813415527344,0,0,0,0,0,0,0,0,0,0,0,0,0,0,0,1,1,0,0,0,0,0,0,0,0
2008-02-01 12:45:00+00:00,30,2,12,145.2720184326172,107.7186050415039,0,0,0,0,0,0,0,0,0,0,0,1,1,1,1,1,1,0,0,0,0,0,0,0,0
2008-02-01 12:45:00+00:00,30,2,12,139.5553436279297,123.07293701171875,0,0,0,0,0,0,0,0,0,0,0,1,1,1,1,1,1,0,0,0,0,0,0,0,0
2008-02-01 12:45:00+00:00,30,2,12,309.39337158203125,264.8495178222656,0,0,0,0,0,0,0,0,0,0,0,0,0,0,0,0,1,0,0,0,0,0,0,0,0
2008-02-01 13:00:00+00:00,30,2,13,,,0,0,0,0,0,0,0,0,0,0,0,0,0,0,0,0,0,0,0,0,0,0,0,0,0
2008-02-01 13:00:00+00:00,30,2,13,,,0,0,0,0,0,0,0,0,0,0,0,0,0,0,0,0,0,0,0,0,0,0,0,0,0
2008-02-01 13:00:00+00:00,30,2,13,,,0,0,0,0,0,0,0,0,0,0,0,0,0,0,0,0,0,0,0,0,0,0,0,0,0
2008-02-01 13:00:00+00:00,30,2,13,,,0,0,0,0,0,0,0,0,0,0,0,0,0,0,0,0,0,0,0,0,0,0,0,0,0
2008-02-01 13:00:00+00:00,30,2,13,242.71189880371094,238.81581115722656,0,0,0,0,0,0,0,0,0,0,0,0,0,0,1,1,1,0,0,0,0,0,0,0,0
2008-02-01 13:00:00+00:00,30,2,13,122.29095458984375,124.72551727294922,0,0,0,0,0,0,0,0,0,0,0,1,1,1,1,1,1,0,0,0,0,0,0,0,0
2008-02-01 13:00:00+00:00,30,2,13,204.4608917236328,101.7400131225586,0,0,0,0,0,0,0,0,0,0,0,0,0,0,1,1,1,0,0,0,0,0,0,0,0
2008-02-01 13:00:00+00:00,30,2,13,294.9261779785156,27.1990966796875,0,0,0,0,0,0,0,0,0,0,0,0,0,0,0,1,1,0,0,0,0,1,1,1,1
2008-02-01 13:00:00+00:00,30,2,13,123.17514038085938,106.84953308105469,0,0,0,0,0,0,0,0,0,0,0,1,1,1,1,1,1,0,0,0,0,0,0,0,0
2008-02-01 13:00:00+00:00,30,2,13,61.29729461669922,117.32666778564453,0,0,0,0,0,0,0,0,1,1,1,1,1,1,1,1,1,0,0,0,0,0,0,0,0
2008-02-01 13:00:00+00:00,30,2,13,53.006038665771484,36.94422149658203,0,0,0,0,0,0,0,1,1,1,1,1,1,1,1,1,1,0,0,0,0,0,1,1,1
2008-02-01 13:00:00+00:00,30,2,13,220.78646850585938,214.64129638671875,0,0,0,0,0,0,0,0,0,0,0,0,0,0,1,1,1,0,0,0,0,0,0,0,0
2008-02-01 13:15:00+00:00,30,2,13,,241.71151733398438,0,0,0,0,0,0,0,0,0,0,0,0,0,0,0,0,0,0,0,0,0,0,0,0,0
2008-02-01 13:15:00+00:00,30,2,13,,314.96417236328125,0,0,0,0,0,0,0,0,0,0,0,0,0,0,0,0,0,0,0,0,0,0,0,0,0
2008-02-01 13:15:00+00:00,30,2,13,454.4994201660156,296.69842529296875,0,0,0,0,0,0,0,0,0,0,0,0,0,0,0,0,0,0,0,0,0,0,0,0,0
2008-02-01 13:15:00+00:00,30,2,13,242.1790008544922,242.23358154296875,0,0,0,0,0,0,0,0,0,0,0,0,0,0,1,1,1,0,0,0,0,0,0,0,0
2008-02-01 13:15:00+00:00,30,2,13,113.9740982055664,0.0,0,0,0,0,0,0,0,0,0,0,1,1,1,1,1,1,1,1,1,1,1,1,1,1,1
2008-02-01 13:15:00+00:00,30,2,13,194.18556213378906,0.0,0,0,0,0,0,0,0,0,0,0,0,0,0,1,1,1,1,1,1,1,1,1,1,1,1
2008-02-01 13:30:00+00:00,30,2,13,377.3555908203125,249.5509796142578,0,0,0,0,0,0,0,0,0,0,0,0,0,0,0,0,0,0,0,0,0,0,0,0,0
2008-02-01 13:30:00+00:00,30,2,13,454.1003112792969,299.0765075683594,0,0,0,0,0,0,0,0,0,0,0,0,0,0,0,0,0,0,0,0,0,0,0,0,0
2008-02-01 13:30:00+00:00,30,2,13,,,0,0,0,0,0,0,0,0,0,0,0,0,0,0,0,0,0,0,0,0,0,0,0,0,0
2008-02-01 13:30:00+00:00,30,2,13,48.36603546142578,35.61724853515625,0,0,0,0,0,0,1,1,1,1,1,1,1,1,1,1,1,0,0,0,0,0,1,1,1
2008-02-01 13:30:00+00:00,30,2,13,182.17250061035156,176.26834106445312,0,0,0,0,0,0,0,0,0,0,0,0,0,1,1,1,1,0,0,0,0,0,0,0,0
2008-02-01 13:30:00+00:00,30,2,13,152.10182189941406,36.57156753540039,0,0,0,0,0,0,0,0,0,0,0,0,1,1,1,1,1,0,0,0,0,0,1,1,1
2008-02-01 13:45:00+00:00,30,2,13,369.38385009765625,,0,0,0,0,0,0,0,0,0,0,0,0,0,0,0,0,0,0,0,0,0,0,0,0,0
2008-02-01 13:45:00+00:00,30,2,13,,,0,0,0,0,0,0,0,0,0,0,0,0,0,0,0,0,0,0,0,0,0,0,0,0,0
2008-02-01 13:45:00+00:00,30,2,13,284.8909606933594,275.5704040527344,0,0,0,0,0,0,0,0,0,0,0,0,0,0,0,1,1,0,0,0,0,0,0,0,0
2008-02-01 13:45:00+00:00,30,2,13,33.982337951660156,33.37282943725586,0,0,0,0,0,1,1,1,1,1,1,1,1,1,1,1,1,0,0,0,0,0,1,1,1
2008-02-01 13:45:00+00:00,30,2,13,198.45069885253906,296.3444519042969,0,0,0,0,0,0,0,0,0,0,0,0,0,1,1,1,1,0,0,0,0,0,0,0,0
2008-02-01 13:45:00+00:00,30,2,13,87.9385757446289,86.8408203125,0,0,0,0,0,0,0,0,0,1,1,1,1,1,1,1,1,0,0,0,0,0,0,0,0
2008-02-01 13:45:00+00:00,30,2,13,69.878173828125,9.83491039276123,0,0,0,0,0,0,0,0,1,1,1,1,1,1,1,1,1,1,1,1,1,1,1,1,1
2008-02-01 13:45:00+00:00,30,2,13,200.0449981689453,196.76768493652344,0,0,0,0,0,0,0,0,0,0,0,0,0,0,1,1,1,0,0,0,0,0,0,0,0
2008-02-01 13:45:00+00:00,30,2,13,76.6521987915039,54.938636779785156,0,0,0,0,0,0,0,0,1,1,1,1,1,1,1,1,1,0,0,0,0,0,0,0,1
2008-02-01 13:45:00+00:00,30,2,13,34.23311233520508,57.21533966064453,0,0,0,0,0,1,1,1,1,1,1,1,1,1,1,1,1,0,0,0,0,0,0,0,1
2008-02-01 14:00:00+00:00,30,2,14,160.65879821777344,157.96160888671875,0,0,0,0,0,0,0,0,0,0,0,0,1,1,1,1,1,0,0,0,0,0,0,0,0
2008-02-01 14:00:00+00:00,30,2,14,309.4541320800781,217.63430786132812,0,0,0,0,0,0,0,0,0,0,0,0,0,0,0,0,1,0,0,0,0,0,0,0,0
2008-02-01 14:00:00+00:00,30,2,14,27.51682472229004,0.0,0,0,0,0,1,1,1,1,1,1,1,1,1,1,1,1,1,1,1,1,1,1,1,1,1
2008-02-01 14:00:00+00:00,30,2,14,537.6360473632812,,0,0,0,0,0,0,0,0,0,0,0,0,0,0,0,0,0,0,0,0,0,0,0,0,0
2008-02-01 14:15:00+00:00,30,2,14,269.4295654296875,282.1192626953125,0,0,0,0,0,0,0,0,0,0,0,0,0,0,0,1,1,0,0,0,0,0,0,0,0
2008-02-01 14:15:00+00:00,30,2,14,194.91708374023438,183.79518127441406,0,0,0,0,0,0,0,0,0,0,0,0,0,1,1,1,1,0,0,0,0,0,0,0,0
2008-02-01 14:15:00+00:00,30,2,14,62.723907470703125,75.75785064697266,0,0,0,0,0,0,0,0,1,1,1,1,1,1,1,1,1,0,0,0,0,0,0,0,0
2008-02-01 14:15:00+00:00,30,2,14,205.76687622070312,183.13925170898438,0,0,0,0,0,0,0,0,0,0,0,0,0,0,1,1,1,0,0,0,0,0,0,0,0
2008-02-01 14:15:00+00:00,30,2,14,96.65805053710938,78.4699935913086,0,0,0,0,0,0,0,0,0,1,1,1,1,1,1,1,1,0,0,0,0,0,0,0,0
2008-02-01 14:15:00+00:00,30,2,14,260.6045227050781,256.7189025878906,0,0,0,0,0,0,0,0,0,0,0,0,0,0,0,1,1,0,0,0,0,0,0,0,0
2008-02-01 14:30:00+00:00,30,2,14,,276.654296875,0,0,0,0,0,0,0,0,0,0,0,0,0,0,0,0,0,0,0,0,0,0,0,0,0
2008-02-01 14:30:00+00:00,30,2,14,,234.8467559814453,0,0,0,0,0,0,0,0,0,0,0,0,0,0,0,0,0,0,0,0,0,0,0,0,0
2008-02-01 14:30:00+00:00,30,2,14,,509.02734375,0,0,0,0,0,0,0,0,0,0,0,0,0,0,0,0,0,0,0,0,0,0,0,0,0
2008-02-01 14:30:00+00:00,30,2,14,171.07550048828125,535.428955078125,0,0,0,0,0,0,0,0,0,0,0,0,1,1,1,1,1,0,0,0,0,0,0,0,0
2008-02-01 14:30:00+00:00,30,2,14,27.299665451049805,0.0,0,0,0,0,1,1,1,1,1,1,1,1,1,1,1,1,1,1,1,1,1,1,1,1,1
2008-02-01 14:30:00+00:00,30,2,14,84.29634094238281,28.740325927734375,0,0,0,0,0,0,0,0,0,1,1,1,1,1,1,1,1,0,0,0,0,1,1,1,1
2008-02-01 14:45:00+00:00,30,2,14,,,0,0,0,0,0,0,0,0,0,0,0,0,0,0,0,0,0,0,0,0,0,0,0,0,0
2008-02-01 14:45:00+00:00,30,2,14,,,0,0,0,0,0,0,0,0,0,0,0,0,0,0,0,0,0,0,0,0,0,0,0,0,0
2008-02-01 14:45:00+00:00,30,2,14,134.0052032470703,97.22683715820312,0,0,0,0,0,0,0,0,0,0,0,1,1,1,1,1,1,0,0,0,0,0,0,0,0
2008-02-01 14:45:00+00:00,30,2,14,123.45114135742188,137.55862426757812,0,0,0,0,0,0,0,0,0,0,0,1,1,1,1,1,1,0,0,0,0,0,0,0,0
2008-02-01 15:00:00+00:00,30,2,15,147.51663208007812,231.47183227539062,0,0,0,0,0,0,0,0,0,0,0,1,1,1,1,1,1,0,0,0,0,0,0,0,0
2008-02-01 15:00:00+00:00,30,2,15,336.45916748046875,269.3563537597656,0,0,0,0,0,0,0,0,0,0,0,0,0,0,0,0,1,0,0,0,0,0,0,0,0
2008-02-01 15:00:00+00:00,30,2,15,99.57514190673828,127.51807403564453,0,0,0,0,0,0,0,0,0,1,1,1,1,1,1,1,1,0,0,0,0,0,0,0,0
2008-02-01 15:00:00+00:00,30,2,15,129.3515167236328,113.94912719726562,0,0,0,0,0,0,0,0,0,0,0,1,1,1,1,1,1,0,0,0,0,0,0,0,0
2008-02-01 15:00:00+00:00,30,2,15,218.76806640625,227.45701599121094,0,0,0,0,0,0,0,0,0,0,0,0,0,0,1,1,1,0,0,0,0,0,0,0,0
2008-02-01 15:00:00+00:00,30,2,15,,,0,0,0,0,0,0,0,0,0,0,0,0,0,0,0,0,0,0,0,0,0,0,0,0,0
2008-02-01 15:15:00+00:00,30,2,15,545.200927734375,425.69537353515625,0,0,0,0,0,0,0,0,0,0,0,0,0,0,0,0,0,0,0,0,0,0,0,0,0
2008-02-01 15:15:00+00:00,30,2,15,83.48664093017578,83.72229766845703,0,0,0,0,0,0,0,0,0,1,1,1,1,1,1,1,1,0,0,0,0,0,0,0,0
2008-02-01 15:15:00+00:00,30,2,15,170.54647827148438,172.08001708984375,0,0,0,0,0,0,0,0,0,0,0,0,1,1,1,1,1,0,0,0,0,0,0,0,0
2008-02-01 15:15:00+00:00,30,2,15,104.62544250488281,127.52349090576172,0,0,0,0,0,0,0,0,0,0,1,1,1,1,1,1,1,0,0,0,0,0,0,0,0
2008-02-01 15:15:00+00:00,30,2,15,147.4176025390625,141.66827392578125,0,0,0,0,0,0,0,0,0,0,0,1,1,1,1,1,1,0,0,0,0,0,0,0,0
2008-02-01 15:15:00+00:00,30,2,15,131.952392578125,127.93936157226562,0,0,0,0,0,0,0,0,0,0,0,1,1,1,1,1,1,0,0,0,0,0,0,0,0
2008-02-01 15:15:00+00:00,30,2,15,82.5889892578125,78.82121276855469,0,0,0,0,0,0,0,0,0,1,1,1,1,1,1,1,1,0,0,0,0,0,0,0,0
2008-02-01 15:15:00+00:00,30,2,15,71.54631042480469,80.74649047851562,0,0,0,0,0,0,0,0,1,1,1,1,1,1,1,1,1,0,0,0,0,0,0,0,0
2008-02-01 15:30:00+00:00,30,2,15,36.66740417480469,33.622779846191406,0,0,0,0,0,1,1,1,1,1,1,1,1,1,1,1,1,0,0,0,0,0,1,1,1
2008-02-01 15:45:00+00:00,30,2,15,246.1558074951172,246.1558074951172,0,0,0,0,0,0,0,0,0,0,0,0,0,0,1,1,1,0,0,0,0,0,0,0,0
2008-02-01 15:45:00+00:00,30,2,15,205.45790100097656,204.256591796875,0,0,0,0,0,0,0,0,0,0,0,0,0,0,1,1,1,0,0,0,0,0,0,0,0
2008-02-01 15:45:00+00:00,30,2,15,175.5465850830078,173.08128356933594,0,0,0,0,0,0,0,0,0,0,0,0,1,1,1,1,1,0,0,0,0,0,0,0,0
2008-02-01 15:45:00+00:00,30,2,15,,,0,0,0,0,0,0,0,0,0,0,0,0,0,0,0,0,0,0,0,0,0,0,0,0,0
2008-02-01 15:45:00+00:00,30,2,15,90.36311340332031,5.2888898849487305,0,0,0,0,0,0,0,0,0,1,1,1,1,1,1,1,1,1,1,1,1,1,1,1,1
2008-02-01 15:45:00+00:00,30,2,15,163.8718719482422,171.67556762695312,0,0,0,0,0,0,0,0,0,0,0,0,1,1,1,1,1,0,0,0,0,0,0,0,0
2008-02-01 16:00:00+00:00,30,2,16,183.75160217285156,192.02610778808594,0,0,0,0,0,0,0,0,0,0,0,0,0,1,1,1,1,0,0,0,0,0,0,0,0
2008-02-01 16:15:00+00:00,30,2,16,155.2494659423828,26.778352737426758,0,0,0,0,0,0,0,0,0,0,0,0,1,1,1,1,1,0,0,0,0,1,1,1,1
2008-02-01 16:15:00+00:00,30,2,16,164.8567352294922,165.11514282226562,0,0,0,0,0,0,0,0,0,0,0,0,1,1,1,1,1,0,0,0,0,0,0,0,0
2008-02-01 16:15:00+00:00,30,2,16,83.36197662353516,130.10264587402344,0,0,0,0,0,0,0,0,0,1,1,1,1,1,1,1,1,0,0,0,0,0,0,0,0
2008-02-01 16:15:00+00:00,30,2,16,181.46826171875,210.7357635498047,0,0,0,0,0,0,0,0,0,0,0,0,0,1,1,1,1,0,0,0,0,0,0,0,0
2008-02-01 16:30:00+00:00,30,2,16,130.81060791015625,147.24447631835938,0,0,0,0,0,0,0,0,0,0,0,1,1,1,1,1,1,0,0,0,0,0,0,0,0
2008-02-01 16:30:00+00:00,30,2,16,65.77261352539062,50.94291687011719,0,0,0,0,0,0,0,0,1,1,1,1,1,1,1,1,1,0,0,0,0,0,0,0,1
2008-02-01 16:30:00+00:00,30,2,16,40.036590576171875,46.524776458740234,0,0,0,0,0,0,1,1,1,1,1,1,1,1,1,1,1,0,0,0,0,0,0,1,1
2008-02-01 16:30:00+00:00,30,2,16,208.58851623535156,122.45297241210938,0,0,0,0,0,0,0,0,0,0,0,0,0,0,1,1,1,0,0,0,0,0,0,0,0
2008-02-01 16:45:00+00:00,30,2,16,229.6392364501953,222.42288208007812,0,0,0,0,0,0,0,0,0,0,0,0,0,0,1,1,1,0,0,0,0,0,0,0,0
2008-02-01 16:45:00+00:00,30,2,16,50.21617889404297,20.521928787231445,0,0,0,0,0,0,0,1,1,1,1,1,1,1,1,1,1,0,0,0,1,1,1,1,1
2008-02-01 17:00:00+00:00,30,2,17,395.6302185058594,,0,0,0,0,0,0,0,0,0,0,0,0,0,0,0,0,0,0,0,0,0,0,0,0,0
2008-02-01 17:00:00+00:00,30,2,17,330.6841125488281,313.8489990234375,0,0,0,0,0,0,0,0,0,0,0,0,0,0,0,0,1,0,0,0,0,0,0,0,0
2008-02-01 17:00:00+00:00,30,2,17,63.26466369628906,50.478580474853516,0,0,0,0,0,0,0,0,1,1,1,1,1,1,1,1,1,0,0,0,0,0,0,0,1
2008-02-01 17:00:00+00:00,30,2,17,276.3750915527344,273.2953796386719,0,0,0,0,0,0,0,0,0,0,0,0,0,0,0,1,1,0,0,0,0,0,0,0,0
2008-02-01 17:00:00+00:00,30,2,17,175.95692443847656,141.86251831054688,0,0,0,0,0,0,0,0,0,0,0,0,1,1,1,1,1,0,0,0,0,0,0,0,0
2008-02-01 17:15:00+00:00,30,2,17,,,0,0,0,0,0,0,0,0,0,0,0,0,0,0,0,0,0,0,0,0,0,0,0,0,0
2008-02-01 17:15:00+00:00,30,2,17,204.83670043945312,195.55892944335938,0,0,0,0,0,0,0,0,0,0,0,0,0,0,1,1,1,0,0,0,0,0,0,0,0
2008-02-01 17:15:00+00:00,30,2,17,,457.400634765625,0,0,0,0,0,0,0,0,0,0,0,0,0,0,0,0,0,0,0,0,0,0,0,0,0
2008-02-01 17:30:00+00:00,30,2,17,156.0258331298828,13.307263374328613,0,0,0,0,0,0,0,0,0,0,0,0,1,1,1,1,1,0,1,1,1,1,1,1,1
2008-02-01 17:30:00+00:00,30,2,17,268.9789123535156,103.7950668334961,0,0,0,0,0,0,0,0,0,0,0,0,0,0,0,1,1,0,0,0,0,0,0,0,0
2008-02-01 17:45:00+00:00,30,2,17,,,0,0,0,0,0,0,0,0,0,0,0,0,0,0,0,0,0,0,0,0,0,0,0,0,0
2008-02-01 17:45:00+00:00,30,2,17,121.43832397460938,0.0,0,0,0,0,0,0,0,0,0,0,0,1,1,1,1,1,1,1,1,1,1,1,1,1,1
2008-02-01 17:45:00+00:00,30,2,17,,437.03887939453125,0,0,0,0,0,0,0,0,0,0,0,0,0,0,0,0,0,0,0,0,0,0,0,0,0
2008-02-02 10:00:00+00:00,30,2,10,,,0,0,0,0,0,0,0,0,0,0,0,0,0,0,0,0,0,0,0,0,0,0,0,0,0
2008-02-02 10:00:00+00:00,30,2,10,,,0,0,0,0,0,0,0,0,0,0,0,0,0,0,0,0,0,0,0,0,0,0,0,0,0
2008-02-02 10:00:00+00:00,30,2,10,250.6593780517578,168.25611877441406,0,0,0,0,0,0,0,0,0,0,0,0,0,0,0,1,1,0,0,0,0,0,0,0,0
2008-02-02 10:00:00+00:00,30,2,10,302.9974060058594,112.1436767578125,0,0,0,0,0,0,0,0,0,0,0,0,0,0,0,0,1,0,0,0,0,0,0,0,0
2008-02-02 10:00:00+00:00,30,2,10,62.66502380371094,50.4599723815918,0,0,0,0,0,0,0,0,1,1,1,1,1,1,1,1,1,0,0,0,0,0,0,0,1
2008-02-02 10:00:00+00:00,30,2,10,185.68875122070312,80.89584350585938,0,0,0,0,0,0,0,0,0,0,0,0,0,1,1,1,1,0,0,0,0,0,0,0,0
2008-02-02 10:00:00+00:00,30,2,10,27.050241470336914,3.1470398902893066,0,0,0,0,1,1,1,1,1,1,1,1,1,1,1,1,1,1,1,1,1,1,1,1,1
2008-02-02 10:00:00+00:00,30,2,10,165.9656524658203,3.2073326110839844,0,0,0,0,0,0,0,0,0,0,0,0,1,1,1,1,1,1,1,1,1,1,1,1,1
2008-02-02 10:00:00+00:00,30,2,10,40.7182731628418,47.98427963256836,0,0,0,0,0,0,1,1,1,1,1,1,1,1,1,1,1,0,0,0,0,0,0,1,1
2008-02-02 10:00:00+00:00,30,2,10,105.59944915771484,99.9737548828125,0,0,0,0,0,0,0,0,0,0,1,1,1,1,1,1,1,0,0,0,0,0,0,0,0
2008-02-02 10:00:00+00:00,30,2,10,46.62540817260742,37.1814079284668,0,0,0,0,0,0,1,1,1,1,1,1,1,1,1,1,1,0,0,0,0,0,1,1,1
2008-02-02 10:00:00+00:00,30,2,10,259.8075866699219,286.3479919433594,0,0,0,0,0,0,0,0,0,0,0,0,0,0,0,1,1,0,0,0,0,0,0,0,0
2008-02-02 10:15:00+00:00,30,2,10,,,0,0,0,0,0,0,0,0,0,0,0,0,0,0,0,0,0,0,0,0,0,0,0,0,0
2008-02-02 10:15:00+00:00,30,2,10,,,0,0,0,0,0,0,0,0,0,0,0,0,0,0,0,0,0,0,0,0,0,0,0,0,0
2008-02-02 10:15:00+00:00,30,2,10,,,0,0,0,0,0,0,0,0,0,0,0,0,0,0,0,0,0,0,0,0,0,0,0,0,0
2008-02-02 10:15:00+00:00,30,2,10,,,0,0,0,0,0,0,0,0,0,0,0,0,0,0,0,0,0,0,0,0,0,0,0,0,0
2008-02-02 10:15:00+00:00,30,2,10,,,0,0,0,0,0,0,0,0,0,0,0,0,0,0,0,0,0,0,0,0,0,0,0,0,0
2008-02-02 10:15:00+00:00,30,2,10,,,0,0,0,0,0,0,0,0,0,0,0,0,0,0,0,0,0,0,0,0,0,0,0,0,0
2008-02-02 10:15:00+00:00,30,2,10,,,0,0,0,0,0,0,0,0,0,0,0,0,0,0,0,0,0,0,0,0,0,0,0,0,0
2008-02-02 10:15:00+00:00,30,2,10,,,0,0,0,0,0,0,0,0,0,0,0,0,0,0,0,0,0,0,0,0,0,0,0,0,0
2008-02-02 10:15:00+00:00,30,2,10,105.60944366455078,89.62120819091797,0,0,0,0,0,0,0,0,0,0,1,1,1,1,1,1,1,0,0,0,0,0,0,0,0
2008-02-02 10:15:00+00:00,30,2,10,54.63783264160156,67.28279113769531,0,0,0,0,0,0,0,1,1,1,1,1,1,1,1,1,1,0,0,0,0,0,0,0,0
2008-02-02 10:15:00+00:00,30,2,10,71.60383605957031,23.15597915649414,0,0,0,0,0,0,0,0,1,1,1,1,1,1,1,1,1,0,0,0,1,1,1,1,1
2008-02-02 10:15:00+00:00,30,2,10,83.6185302734375,54.29348373413086,0,0,0,0,0,0,0,0,0,1,1,1,1,1,1,1,1,0,0,0,0,0,0,0,1
2008-02-02 10:30:00+00:00,30,2,10,,,0,0,0,0,0,0,0,0,0,0,0,0,0,0,0,0,0,0,0,0,0,0,0,0,0
2008-02-02 10:30:00+00:00,30,2,10,,,0,0,0,0,0,0,0,0,0,0,0,0,0,0,0,0,0,0,0,0,0,0,0,0,0
2008-02-02 10:30:00+00:00,30,2,10,,,0,0,0,0,0,0,0,0,0,0,0,0,0,0,0,0,0,0,0,0,0,0,0,0,0
2008-02-02 10:30:00+00:00,30,2,10,,,0,0,0,0,0,0,0,0,0,0,0,0,0,0,0,0,0,0,0,0,0,0,0,0,0
2008-02-02 10:30:00+00:00,30,2,10,,,0,0,0,0,0,0,0,0,0,0,0,0,0,0,0,0,0,0,0,0,0,0,0,0,0
2008-02-02 10:30:00+00:00,30,2,10,316.0980529785156,143.7816162109375,0,0,0,0,0,0,0,0,0,0,0,0,0,0,0,0,1,0,0,0,0,0,0,0,0
2008-02-02 10:30:00+00:00,30,2,10,187.9047393798828,176.7940216064453,0,0,0,0,0,0,0,0,0,0,0,0,0,1,1,1,1,0,0,0,0,0,0,0,0
2008-02-02 10:30:00+00:00,30,2,10,75.97059631347656,0.0,0,0,0,0,0,0,0,0,1,1,1,1,1,1,1,1,1,1,1,1,1,1,1,1,1
2008-02-02 10:30:00+00:00,30,2,10,88.72698974609375,85.39913177490234,0,0,0,0,0,0,0,0,0,1,1,1,1,1,1,1,1,0,0,0,0,0,0,0,0
2008-02-02 10:45:00+00:00,30,2,10,,544.1993408203125,0,0,0,0,0,0,0,0,0,0,0,0,0,0,0,0,0,0,0,0,0,0,0,0,0
2008-02-02 10:45:00+00:00,30,2,10,112.23835754394531,66.97727966308594,0,0,0,0,0,0,0,0,0,0,1,1,1,1,1,1,1,0,0,0,0,0,0,0,0
2008-02-02 10:45:00+00:00,30,2,10,33.54771423339844,9.966903686523438,0,0,0,0,0,1,1,1,1,1,1,1,1,1,1,1,1,1,1,1,1,1,1,1,1
2008-02-02 10:45:00+00:00,30,2,10,275.7419128417969,124.9425277709961,0,0,0,0,0,0,0,0,0,0,0,0,0,0,0,1,1,0,0,0,0,0,0,0,0
2008-02-02 10:45:00+00:00,30,2,10,176.18405151367188,29.482498168945312,0,0,0,0,0,0,0,0,0,0,0,0,1,1,1,1,1,0,0,0,0,1,1,1,1
2008-02-02 10:45:00+00:00,30,2,10,127.48355865478516,105.39991760253906,0,0,0,0,0,0,0,0,0,0,0,1,1,1,1,1,1,0,0,0,0,0,0,0,0
2008-02-02 10:45:00+00:00,30,2,10,30.002042770385742,16.516429901123047,0,0,0,0,0,1,1,1,1,1,1,1,1,1,1,1,1,0,0,1,1,1,1,1,1
2008-02-02 10:45:00+00:00,30,2,10,63.13262176513672,61.977542877197266,0,0,0,0,0,0,0,0,1,1,1,1,1,1,1,1,1,0,0,0,0,0,0,0,0
2008-02-02 11:00:00+00:00,30,2,11,,433.3819580078125,0,0,0,0,0,0,0,0,0,0,0,0,0,0,0,0,0,0,0,0,0,0,0,0,0
2008-02-02 11:00:00+00:00,30,2,11,,470.14227294921875,0,0,0,0,0,0,0,0,0,0,0,0,0,0,0,0,0,0,0,0,0,0,0,0,0
2008-02-02 11:00:00+00:00,30,2,11,122.0037612915039,61.0861930847168,0,0,0,0,0,0,0,0,0,0,0,1,1,1,1,1,1,0,0,0,0,0,0,0,0
2008-02-02 11:00:00+00:00,30,2,11,62.051822662353516,10.2974214553833,0,0,0,0,0,0,0,0,1,1,1,1,1,1,1,1,1,0,1,1,1,1,1,1,1
2008-02-02 11:00:00+00:00,30,2,11,34.485836029052734,0.0,0,0,0,0,0,1,1,1,1,1,1,1,1,1,1,1,1,1,1,1,1,1,1,1,1
2008-02-02 11:15:00+00:00,30,2,11,,,0,0,0,0,0,0,0,0,0,0,0,0,0,0,0,0,0,0,0,0,0,0,0,0,0
2008-02-02 11:15:00+00:00,30,2,11,,,0,0,0,0,0,0,0,0,0,0,0,0,0,0,0,0,0,0,0,0,0,0,0,0,0
2008-02-02 11:15:00+00:00,30,2,11,294.119140625,292.8684997558594,0,0,0,0,0,0,0,0,0,0,0,0,0,0,0,1,1,0,0,0,0,0,0,0,0
2008-02-02 11:15:00+00:00,30,2,11,264.61114501953125,264.0359802246094,0,0,0,0,0,0,0,0,0,0,0,0,0,0,0,1,1,0,0,0,0,0,0,0,0
2008-02-02 11:15:00+00:00,30,2,11,330.24261474609375,356.385498046875,0,0,0,0,0,0,0,0,0,0,0,0,0,0,0,0,1,0,0,0,0,0,0,0,0
2008-02-02 11:15:00+00:00,30,2,11,92.4684829711914,108.36809539794922,0,0,0,0,0,0,0,0,0,1,1,1,1,1,1,1,1,0,0,0,0,0,0,0,0
2008-02-02 11:15:00+00:00,30,2,11,121.85680389404297,107.83141326904297,0,0,0,0,0,0,0,0,0,0,0,1,1,1,1,1,1,0,0,0,0,0,0,0,0
2008-02-02 11:15:00+00:00,30,2,11,122.98087310791016,144.48414611816406,0,0,0,0,0,0,0,0,0,0,0,1,1,1,1,1,1,0,0,0,0,0,0,0,0
2008-02-02 11:30:00+00:00,30,2,11,230.20945739746094,174.41969299316406,0,0,0,0,0,0,0,0,0,0,0,0,0,0,1,1,1,0,0,0,0,0,0,0,0
2008-02-02 11:30:00+00:00,30,2,11,,,0,0,0,0,0,0,0,0,0,0,0,0,0,0,0,0,0,0,0,0,0,0,0,0,0
2008-02-02 11:30:00+00:00,30,2,11,384.34637451171875,376.6631164550781,0,0,0,0,0,0,0,0,0,0,0,0,0,0,0,0,0,0,0,0,0,0,0,0,0
2008-02-02 11:30:00+00:00,30,2,11,331.6606140136719,321.635986328125,0,0,0,0,0,0,0,0,0,0,0,0,0,0,0,0,1,0,0,0,0,0,0,0,0
2008-02-02 11:30:00+00:00,30,2,11,460.4803466796875,492.7890930175781,0,0,0,0,0,0,0,0,0,0,0,0,0,0,0,0,0,0,0,0,0,0,0,0,0
2008-02-02 11:30:00+00:00,30,2,11,238.48248291015625,179.24618530273438,0,0,0,0,0,0,0,0,0,0,0,0,0,0,1,1,1,0,0,0,0,0,0,0,0
2008-02-02 11:30:00+00:00,30,2,11,64.12213897705078,0.0,0,0,0,0,0,0,0,0,1,1,1,1,1,1,1,1,1,1,1,1,1,1,1,1,1
2008-02-02 11:45:00+00:00,30,2,11,,,0,0,0,0,0,0,0,0,0,0,0,0,0,0,0,0,0,0,0,0,0,0,0,0,0
2008-02-02 11:45:00+00:00,30,2,11,,,0,0,0,0,0,0,0,0,0,0,0,0,0,0,0,0,0,0,0,0,0,0,0,0,0
2008-02-02 11:45:00+00:00,30,2,11,309.546875,300.04095458984375,0,0,0,0,0,0,0,0,0,0,0,0,0,0,0,0,1,0,0,0,0,0,0,0,0
2008-02-02 11:45:00+00:00,30,2,11,,,0,0,0,0,0,0,0,0,0,0,0,0,0,0,0,0,0,0,0,0,0,0,0,0,0
2008-02-02 11:45:00+00:00,30,2,11,,311.10076904296875,0,0,0,0,0,0,0,0,0,0,0,0,0,0,0,0,0,0,0,0,0,0,0,0,0
2008-02-02 11:45:00+00:00,30,2,11,369.3198547363281,188.5382080078125,0,0,0,0,0,0,0,0,0,0,0,0,0,0,0,0,0,0,0,0,0,0,0,0,0
2008-02-02 11:45:00+00:00,30,2,11,238.4372100830078,249.76258850097656,0,0,0,0,0,0,0,0,0,0,0,0,0,0,1,1,1,0,0,0,0,0,0,0,0
2008-02-02 11:45:00+00:00,30,2,11,306.5603942871094,122.46895599365234,0,0,0,0,0,0,0,0,0,0,0,0,0,0,0,0,1,0,0,0,0,0,0,0,0
2008-02-02 11:45:00+00:00,30,2,11,317.32537841796875,302.6070861816406,0,0,0,0,0,0,0,0,0,0,0,0,0,0,0,0,1,0,0,0,0,0,0,0,0
2008-02-02 11:45:00+00:00,30,2,11,117.00370788574219,60.43340301513672,0,0,0,0,0,0,0,0,0,0,1,1,1,1,1,1,1,0,0,0,0,0,0,0,0
2008-02-02 12:00:00+00:00,30,2,12,244.97418212890625,235.7654266357422,0,0,0,0,0,0,0,0,0,0,0,0,0,0,1,1,1,0,0,0,0,0,0,0,0
2008-02-02 12:00:00+00:00,30,2,12,350.6291198730469,322.6205749511719,0,0,0,0,0,0,0,0,0,0,0,0,0,0,0,0,0,0,0,0,0,0,0,0,0
2008-02-02 12:00:00+00:00,30,2,12,333.27813720703125,334.6982727050781,0,0,0,0,0,0,0,0,0,0,0,0,0,0,0,0,1,0,0,0,0,0,0,0,0
2008-02-02 12:00:00+00:00,30,2,12,134.7866973876953,137.42770385742188,0,0,0,0,0,0,0,0,0,0,0,1,1,1,1,1,1,0,0,0,0,0,0,0,0
2008-02-02 12:15:00+00:00,30,2,12,,,0,0,0,0,0,0,0,0,0,0,0,0,0,0,0,0,0,0,0,0,0,0,0,0,0
2008-02-02 12:15:00+00:00,30,2,12,,,0,0,0,0,0,0,0,0,0,0,0,0,0,0,0,0,0,0,0,0,0,0,0,0,0
2008-02-02 12:15:00+00:00,30,2,12,304.5392761230469,305.8922119140625,0,0,0,0,0,0,0,0,0,0,0,0,0,0,0,0,1,0,0,0,0,0,0,0,0
2008-02-02 12:15:00+00:00,30,2,12,,452.7731628417969,0,0,0,0,0,0,0,0,0,0,0,0,0,0,0,0,0,0,0,0,0,0,0,0,0
2008-02-02 12:15:00+00:00,30,2,12,360.5310974121094,330.091552734375,0,0,0,0,0,0,0,0,0,0,0,0,0,0,0,0,0,0,0,0,0,0,0,0,0
2008-02-02 12:15:00+00:00,30,2,12,411.886962890625,281.6159362792969,0,0,0,0,0,0,0,0,0,0,0,0,0,0,0,0,0,0,0,0,0,0,0,0,0
2008-02-02 12:15:00+00:00,30,2,12,302.2041015625,286.40771484375,0,0,0,0,0,0,0,0,0,0,0,0,0,0,0,0,1,0,0,0,0,0,0,0,0
2008-02-02 12:15:00+00:00,30,2,12,288.78753662109375,266.5794677734375,0,0,0,0,0,0,0,0,0,0,0,0,0,0,0,1,1,0,0,0,0,0,0,0,0
2008-02-02 12:15:00+00:00,30,2,12,,362.8791198730469,0,0,0,0,0,0,0,0,0,0,0,0,0,0,0,0,0,0,0,0,0,0,0,0,0
2008-02-02 12:15:00+00:00,30,2,12,449.7959899902344,314.50714111328125,0,0,0,0,0,0,0,0,0,0,0,0,0,0,0,0,0,0,0,0,0,0,0,0,0
2008-02-02 12:15:00+00:00,30,2,12,269.047119140625,269.49359130859375,0,0,0,0,0,0,0,0,0,0,0,0,0,0,0,1,1,0,0,0,0,0,0,0,0
2008-02-02 12:15:00+00:00,30,2,12,457.4682922363281,363.3610534667969,0,0,0,0,0,0,0,0,0,0,0,0,0,0,0,0,0,0,0,0,0,0,0,0,0
2008-02-02 12:15:00+00:00,30,2,12,193.99258422851562,203.85247802734375,0,0,0,0,0,0,0,0,0,0,0,0,0,1,1,1,1,0,0,0,0,0,0,0,0
2008-02-02 12:30:00+00:00,30,2,12,,,0,0,0,0,0,0,0,0,0,0,0,0,0,0,0,0,0,0,0,0,0,0,0,0,0
2008-02-02 12:30:00+00:00,30,2,12,,,0,0,0,0,0,0,0,0,0,0,0,0,0,0,0,0,0,0,0,0,0,0,0,0,0
2008-02-02 12:30:00+00:00,30,2,12,,,0,0,0,0,0,0,0,0,0,0,0,0,0,0,0,0,0,0,0,0,0,0,0,0,0
2008-02-02 12:30:00+00:00,30,2,12,,426.7843322753906,0,0,0,0,0,0,0,0,0,0,0,0,0,0,0,0,0,0,0,0,0,0,0,0,0
2008-02-02 12:30:00+00:00,30,2,12,374.1180725097656,387.6619873046875,0,0,0,0,0,0,0,0,0,0,0,0,0,0,0,0,0,0,0,0,0,0,0,0,0
2008-02-02 12:30:00+00:00,30,2,12,451.77264404296875,,0,0,0,0,0,0,0,0,0,0,0,0,0,0,0,0,0,0,0,0,0,0,0,0,0
2008-02-02 12:30:00+00:00,30,2,12,100.64927673339844,99.76117706298828,0,0,0,0,0,0,0,0,0,0,1,1,1,1,1,1,1,0,0,0,0,0,0,0,0
2008-02-02 12:30:00+00:00,30,2,12,,,0,0,0,0,0,0,0,0,0,0,0,0,0,0,0,0,0,0,0,0,0,0,0,0,0
2008-02-02 12:30:00+00:00,30,2,12,204.7580108642578,199.27037048339844,0,0,0,0,0,0,0,0,0,0,0,0,0,0,1,1,1,0,0,0,0,0,0,0,0
2008-02-02 12:30:00+00:00,30,2,12,238.49163818359375,234.3516082763672,0,0,0,0,0,0,0,0,0,0,0,0,0,0,1,1,1,0,0,0,0,0,0,0,0
2008-02-02 12:30:00+00:00,30,2,12,116.36125946044922,107.2160415649414,0,0,0,0,0,0,0,0,0,0,1,1,1,1,1,1,1,0,0,0,0,0,0,0,0
2008-02-02 12:30:00+00:00,30,2,12,122.21477508544922,136.10116577148438,0,0,0,0,0,0,0,0,0,0,0,1,1,1,1,1,1,0,0,0,0,0,0,0,0
2008-02-02 12:45:00+00:00,30,2,12,,,0,0,0,0,0,0,0,0,0,0,0,0,0,0,0,0,0,0,0,0,0,0,0,0,0
2008-02-02 12:45:00+00:00,30,2,12,,516.455810546875,0,0,0,0,0,0,0,0,0,0,0,0,0,0,0,0,0,0,0,0,0,0,0,0,0
2008-02-02 12:45:00+00:00,30,2,12,,322.37445068359375,0,0,0,0,0,0,0,0,0,0,0,0,0,0,0,0,0,0,0,0,0,0,0,0,0
2008-02-02 12:45:00+00:00,30,2,12,,325.329345703125,0,0,0,0,0,0,0,0,0,0,0,0,0,0,0,0,0,0,0,0,0,0,0,0,0
2008-02-02 13:00:00+00:00,30,2,13,,,0,0,0,0,0,0,0,0,0,0,0,0,0,0,0,0,0,0,0,0,0,0,0,0,0
2008-02-02 13:00:00+00:00,30,2,13,93.15296173095703,70.14137268066406,0,0,0,0,0,0,0,0,0,1,1,1,1,1,1,1,1,0,0,0,0,0,0,0,0
2008-02-02 13:00:00+00:00,30,2,13,,239.81553649902344,0,0,0,0,0,0,0,0,0,0,0,0,0,0,0,0,0,0,0,0,0,0,0,0,0
2008-02-02 13:00:00+00:00,30,2,13,475.3825378417969,355.0235595703125,0,0,0,0,0,0,0,0,0,0,0,0,0,0,0,0,0,0,0,0,0,0,0,0,0
2008-02-02 13:00:00+00:00,30,2,13,117.39799499511719,165.8011016845703,0,0,0,0,0,0,0,0,0,0,1,1,1,1,1,1,1,0,0,0,0,0,0,0,0
2008-02-02 13:00:00+00:00,30,2,13,288.04248046875,303.6814880371094,0,0,0,0,0,0,0,0,0,0,0,0,0,0,0,1,1,0,0,0,0,0,0,0,0
2008-02-02 13:00:00+00:00,30,2,13,,96.5628433227539,0,0,0,0,0,0,0,0,0,0,0,0,0,0,0,0,0,0,0,0,0,0,0,0,0
2008-02-02 13:00:00+00:00,30,2,13,161.80807495117188,162.6707763671875,0,0,0,0,0,0,0,0,0,0,0,0,1,1,1,1,1,0,0,0,0,0,0,0,0
2008-02-02 13:00:00+00:00,30,2,13,82.35081481933594,32.71098709106445,0,0,0,0,0,0,0,0,0,1,1,1,1,1,1,1,1,0,0,0,0,0,1,1,1
2008-02-02 13:00:00+00:00,30,2,13,52.01984405517578,37.21430969238281,0,0,0,0,0,0,0,1,1,1,1,1,1,1,1,1,1,0,0,0,0,0,1,1,1
2008-02-02 13:00:00+00:00,30,2,13,68.09601593017578,69.41765594482422,0,0,0,0,0,0,0,0,1,1,1,1,1,1,1,1,1,0,0,0,0,0,0,0,0
2008-02-02 13:15:00+00:00,30,2,13,,,0,0,0,0,0,0,0,0,0,0,0,0,0,0,0,0,0,0,0,0,0,0,0,0,0
2008-02-02 13:15:00+00:00,30,2,13,,,0,0,0,0,0,0,0,0,0,0,0,0,0,0,0,0,0,0,0,0,0,0,0,0,0
2008-02-02 13:15:00+00:00,30,2,13,96.19210815429688,61.71937561035156,0,0,0,0,0,0,0,0,0,1,1,1,1,1,1,1,1,0,0,0,0,0,0,0,0
2008-02-02 13:15:00+00:00,30,2,13,250.98519897460938,266.3154296875,0,0,0,0,0,0,0,0,0,0,0,0,0,0,0,1,1,0,0,0,0,0,0,0,0
2008-02-02 13:15:00+00:00,30,2,13,194.37185668945312,167.03135681152344,0,0,0,0,0,0,0,0,0,0,0,0,0,1,1,1,1,0,0,0,0,0,0,0,0
2008-02-02 13:15:00+00:00,30,2,13,176.0727081298828,94.79701232910156,0,0,0,0,0,0,0,0,0,0,0,0,1,1,1,1,1,0,0,0,0,0,0,0,0
2008-02-02 13:30:00+00:00,30,2,13,,,0,0,0,0,0,0,0,0,0,0,0,0,0,0,0,0,0,0,0,0,0,0,0,0,0
2008-02-02 13:30:00+00:00,30,2,13,,613.4015502929688,0,0,0,0,0,0,0,0,0,0,0,0,0,0,0,0,0,0,0,0,0,0,0,0,0
2008-02-02 13:30:00+00:00,30,2,13,139.43443298339844,17.335895538330078,0,0,0,0,0,0,0,0,0,0,0,1,1,1,1,1,1,0,0,1,1,1,1,1,1
2008-02-02 13:45:00+00:00,30,2,13,,,0,0,0,0,0,0,0,0,0,0,0,0,0,0,0,0,0,0,0,0,0,0,0,0,0
2008-02-02 13:45:00+00:00,30,2,13,,,0,0,0,0,0,0,0,0,0,0,0,0,0,0,0,0,0,0,0,0,0,0,0,0,0
2008-02-02 13:45:00+00:00,30,2,13,,,0,0,0,0,0,0,0,0,0,0,0,0,0,0,0,0,0,0,0,0,0,0,0,0,0
2008-02-02 13:45:00+00:00,30,2,13,233.54925537109375,204.25350952148438,0,0,0,0,0,0,0,0,0,0,0,0,0,0,1,1,1,0,0,0,0,0,0,0,0
2008-02-02 13:45:00+00:00,30,2,13,460.483154296875,430.9323425292969,0,0,0,0,0,0,0,0,0,0,0,0,0,0,0,0,0,0,0,0,0,0,0,0,0
2008-02-02 13:45:00+00:00,30,2,13,441.0549621582031,425.5833435058594,0,0,0,0,0,0,0,0,0,0,0,0,0,0,0,0,0,0,0,0,0,0,0,0,0
2008-02-02 13:45:00+00:00,30,2,13,320.618896484375,219.76304626464844,0,0,0,0,0,0,0,0,0,0,0,0,0,0,0,0,1,0,0,0,0,0,0,0,0
2008-02-02 13:45:00+00:00,30,2,13,132.3177032470703,103.37321472167969,0,0,0,0,0,0,0,0,0,0,0,1,1,1,1,1,1,0,0,0,0,0,0,0,0
2008-02-02 13:45:00+00:00,30,2,13,,,0,0,0,0,0,0,0,0,0,0,0,0,0,0,0,0,0,0,0,0,0,0,0,0,0
2008-02-02 14:00:00+00:00,30,2,14,,,0,0,0,0,0,0,0,0,0,0,0,0,0,0,0,0,0,0,0,0,0,0,0,0,0
2008-02-02 14:00:00+00:00,30,2,14,260.7784729003906,248.09002685546875,0,0,0,0,0,0,0,0,0,0,0,0,0,0,0,1,1,0,0,0,0,0,0,0,0
2008-02-02 14:00:00+00:00,30,2,14,227.931884765625,228.7766876220703,0,0,0,0,0,0,0,0,0,0,0,0,0,0,1,1,1,0,0,0,0,0,0,0,0
2008-02-02 14:15:00+00:00,30,2,14,336.2654724121094,338.2770080566406,0,0,0,0,0,0,0,0,0,0,0,0,0,0,0,0,1,0,0,0,0,0,0,0,0
2008-02-02 14:15:00+00:00,30,2,14,158.7057647705078,158.6182098388672,0,0,0,0,0,0,0,0,0,0,0,0,1,1,1,1,1,0,0,0,0,0,0,0,0
2008-02-02 14:15:00+00:00,30,2,14,106.1216812133789,101.9090805053711,0,0,0,0,0,0,0,0,0,0,1,1,1,1,1,1,1,0,0,0,0,0,0,0,0
2008-02-02 14:30:00+00:00,30,2,14,,,0,0,0,0,0,0,0,0,0,0,0,0,0,0,0,0,0,0,0,0,0,0,0,0,0
2008-02-02 14:30:00+00:00,30,2,14,,,0,0,0,0,0,0,0,0,0,0,0,0,0,0,0,0,0,0,0,0,0,0,0,0,0
2008-02-02 14:30:00+00:00,30,2,14,,,0,0,0,0,0,0,0,0,0,0,0,0,0,0,0,0,0,0,0,0,0,0,0,0,0
2008-02-02 14:30:00+00:00,30,2,14,135.72857666015625,107.76792907714844,0,0,0,0,0,0,0,0,0,0,0,1,1,1,1,1,1,0,0,0,0,0,0,0,0
2008-02-02 14:30:00+00:00,30,2,14,66.7828369140625,28.785812377929688,0,0,0,0,0,0,0,0,1,1,1,1,1,1,1,1,1,0,0,0,0,1,1,1,1
2008-02-02 14:45:00+00:00,30,2,14,,,0,0,0,0,0,0,0,0,0,0,0,0,0,0,0,0,0,0,0,0,0,0,0,0,0
2008-02-02 14:45:00+00:00,30,2,14,349.44677734375,324.5780029296875,0,0,0,0,0,0,0,0,0,0,0,0,0,0,0,0,1,0,0,0,0,0,0,0,0
2008-02-02 14:45:00+00:00,30,2,14,296.4499816894531,298.3424072265625,0,0,0,0,0,0,0,0,0,0,0,0,0,0,0,1,1,0,0,0,0,0,0,0,0
2008-02-02 14:45:00+00:00,30,2,14,152.44012451171875,140.6887664794922,0,0,0,0,0,0,0,0,0,0,0,0,1,1,1,1,1,0,0,0,0,0,0,0,0
2008-02-02 14:45:00+00:00,30,2,14,135.57594299316406,131.37718200683594,0,0,0,0,0,0,0,0,0,0,0,1,1,1,1,1,1,0,0,0,0,0,0,0,0
2008-02-02 14:45:00+00:00,30,2,14,,,0,0,0,0,0,0,0,0,0,0,0,0,0,0,0,0,0,0,0,0,0,0,0,0,0
2008-02-02 15:00:00+00:00,30,2,15,,,0,0,0,0,0,0,0,0,0,0,0,0,0,0,0,0,0,0,0,0,0,0,0,0,0
2008-02-02 15:00:00+00:00,30,2,15,,,0,0,0,0,0,0,0,0,0,0,0,0,0,0,0,0,0,0,0,0,0,0,0,0,0
2008-02-02 15:00:00+00:00,30,2,15,297.14605712890625,288.9028625488281,0,0,0,0,0,0,0,0,0,0,0,0,0,0,0,1,1,0,0,0,0,0,0,0,0
2008-02-02 15:00:00+00:00,30,2,15,212.05780029296875,219.07888793945312,0,0,0,0,0,0,0,0,0,0,0,0,0,0,1,1,1,0,0,0,0,0,0,0,0
2008-02-02 15:15:00+00:00,30,2,15,119.82498168945312,143.11383056640625,0,0,0,0,0,0,0,0,0,0,1,1,1,1,1,1,1,0,0,0,0,0,0,0,0
2008-02-02 15:30:00+00:00,30,2,15,,,0,0,0,0,0,0,0,0,0,0,0,0,0,0,0,0,0,0,0,0,0,0,0,0,0
2008-02-02 15:30:00+00:00,30,2,15,324.6207580566406,318.0719909667969,0,0,0,0,0,0,0,0,0,0,0,0,0,0,0,0,1,0,0,0,0,0,0,0,0
2008-02-02 15:45:00+00:00,30,2,15,,,0,0,0,0,0,0,0,0,0,0,0,0,0,0,0,0,0,0,0,0,0,0,0,0,0
2008-02-02 15:45:00+00:00,30,2,15,,,0,0,0,0,0,0,0,0,0,0,0,0,0,0,0,0,0,0,0,0,0,0,0,0,0
2008-02-02 15:45:00+00:00,30,2,15,317.20428466796875,329.1111145019531,0,0,0,0,0,0,0,0,0,0,0,0,0,0,0,0,1,0,0,0,0,0,0,0,0
2008-02-02 16:00:00+00:00,30,2,16,,,0,0,0,0,0,0,0,0,0,0,0,0,0,0,0,0,0,0,0,0,0,0,0,0,0
2008-02-02 16:00:00+00:00,30,2,16,,,0,0,0,0,0,0,0,0,0,0,0,0,0,0,0,0,0,0,0,0,0,0,0,0,0
2008-02-02 16:00:00+00:00,30,2,16,87.46319580078125,89.8485336303711,0,0,0,0,0,0,0,0,0,1,1,1,1,1,1,1,1,0,0,0,0,0,0,0,0
2008-02-02 16:00:00+00:00,30,2,16,,,0,0,0,0,0,0,0,0,0,0,0,0,0,0,0,0,0,0,0,0,0,0,0,0,0
2008-02-02 16:15:00+00:00,30,2,16,168.83322143554688,179.13351440429688,0,0,0,0,0,0,0,0,0,0,0,0,1,1,1,1,1,0,0,0,0,0,0,0,0
2008-02-02 16:15:00+00:00,30,2,16,117.06613159179688,96.00157928466797,0,0,0,0,0,0,0,0,0,0,1,1,1,1,1,1,1,0,0,0,0,0,0,0,0
2008-02-02 16:30:00+00:00,30,2,16,,,0,0,0,0,0,0,0,0,0,0,0,0,0,0,0,0,0,0,0,0,0,0,0,0,0
2008-02-02 16:30:00+00:00,30,2,16,125.0814208984375,138.5275421142578,0,0,0,0,0,0,0,0,0,0,0,1,1,1,1,1,1,0,0,0,0,0,0,0,0
2008-02-02 16:30:00+00:00,30,2,16,,,0,0,0,0,0,0,0,0,0,0,0,0,0,0,0,0,0,0,0,0,0,0,0,0,0
2008-02-02 16:45:00+00:00,30,2,16,,,0,0,0,0,0,0,0,0,0,0,0,0,0,0,0,0,0,0,0,0,0,0,0,0,0
2008-02-02 16:45:00+00:00,30,2,16,320.8230285644531,341.1436767578125,0,0,0,0,0,0,0,0,0,0,0,0,0,0,0,0,1,0,0,0,0,0,0,0,0
2008-02-02 16:45:00+00:00,30,2,16,,,0,0,0,0,0,0,0,0,0,0,0,0,0,0,0,0,0,0,0,0,0,0,0,0,0
2008-02-02 17:00:00+00:00,30,2,17,,,0,0,0,0,0,0,0,0,0,0,0,0,0,0,0,0,0,0,0,0,0,0,0,0,0
2008-02-02 17:00:00+00:00,30,2,17,,,0,0,0,0,0,0,0,0,0,0,0,0,0,0,0,0,0,0,0,0,0,0,0,0,0
2008-02-02 17:00:00+00:00,30,2,17,,,0,0,0,0,0,0,0,0,0,0,0,0,0,0,0,0,0,0,0,0,0,0,0,0,0
2008-02-02 17:00:00+00:00,30,2,17,86.27513122558594,110.9242172241211,0,0,0,0,0,0,0,0,0,1,1,1,1,1,1,1,1,0,0,0,0,0,0,0,0
2008-02-02 17:00:00+00:00,30,2,17,135.25230407714844,137.24427795410156,0,0,0,0,0,0,0,0,0,0,0,1,1,1,1,1,1,0,0,0,0,0,0,0,0
2008-02-02 17:00:00+00:00,30,2,17,,,0,0,0,0,0,0,0,0,0,0,0,0,0,0,0,0,0,0,0,0,0,0,0,0,0
2008-02-02 17:15:00+00:00,30,2,17,173.02639770507812,171.30709838867188,0,0,0,0,0,0,0,0,0,0,0,0,1,1,1,1,1,0,0,0,0,0,0,0,0
2008-02-02 17:15:00+00:00,30,2,17,263.4412841796875,251.21954345703125,0,0,0,0,0,0,0,0,0,0,0,0,0,0,0,1,1,0,0,0,0,0,0,0,0
2008-02-03 10:00:00+00:00,30,2,10,,,0,0,0,0,0,0,0,0,0,0,0,0,0,0,0,0,0,0,0,0,0,0,0,0,0
2008-02-03 10:00:00+00:00,30,2,10,,,0,0,0,0,0,0,0,0,0,0,0,0,0,0,0,0,0,0,0,0,0,0,0,0,0
2008-02-03 10:00:00+00:00,30,2,10,,,0,0,0,0,0,0,0,0,0,0,0,0,0,0,0,0,0,0,0,0,0,0,0,0,0
2008-02-03 10:00:00+00:00,30,2,10,,,0,0,0,0,0,0,0,0,0,0,0,0,0,0,0,0,0,0,0,0,0,0,0,0,0
2008-02-03 10:00:00+00:00,30,2,10,388.3074951171875,170.01495361328125,0,0,0,0,0,0,0,0,0,0,0,0,0,0,0,0,0,0,0,0,0,0,0,0,0
2008-02-03 10:00:00+00:00,30,2,10,98.02641296386719,101.53616333007812,0,0,0,0,0,0,0,0,0,1,1,1,1,1,1,1,1,0,0,0,0,0,0,0,0
2008-02-03 10:00:00+00:00,30,2,10,176.384521484375,180.8489227294922,0,0,0,0,0,0,0,0,0,0,0,0,1,1,1,1,1,0,0,0,0,0,0,0,0
2008-02-03 10:00:00+00:00,30,2,10,147.2427215576172,101.61067199707031,0,0,0,0,0,0,0,0,0,0,0,1,1,1,1,1,1,0,0,0,0,0,0,0,0
2008-02-03 10:00:00+00:00,30,2,10,158.29782104492188,82.70426940917969,0,0,0,0,0,0,0,0,0,0,0,0,1,1,1,1,1,0,0,0,0,0,0,0,0
2008-02-03 10:00:00+00:00,30,2,10,113.59210968017578,102.03873443603516,0,0,0,0,0,0,0,0,0,0,1,1,1,1,1,1,1,0,0,0,0,0,0,0,0
2008-02-03 10:00:00+00:00,30,2,10,183.69874572753906,155.85250854492188,0,0,0,0,0,0,0,0,0,0,0,0,0,1,1,1,1,0,0,0,0,0,0,0,0
2008-02-03 10:00:00+00:00,30,2,10,162.2709197998047,142.50987243652344,0,0,0,0,0,0,0,0,0,0,0,0,1,1,1,1,1,0,0,0,0,0,0,0,0
2008-02-03 10:00:00+00:00,30,2,10,151.17784118652344,150.7645263671875,0,0,0,0,0,0,0,0,0,0,0,0,1,1,1,1,1,0,0,0,0,0,0,0,0
2008-02-03 10:00:00+00:00,30,2,10,,,0,0,0,0,0,0,0,0,0,0,0,0,0,0,0,0,0,0,0,0,0,0,0,0,0
2008-02-03 10:00:00+00:00,30,2,10,,391.06024169921875,0,0,0,0,0,0,0,0,0,0,0,0,0,0,0,0,0,0,0,0,0,0,0,0,0
2008-02-03 10:15:00+00:00,30,2,10,,,0,0,0,0,0,0,0,0,0,0,0,0,0,0,0,0,0,0,0,0,0,0,0,0,0
2008-02-03 10:15:00+00:00,30,2,10,,,0,0,0,0,0,0,0,0,0,0,0,0,0,0,0,0,0,0,0,0,0,0,0,0,0
2008-02-03 10:15:00+00:00,30,2,10,,,0,0,0,0,0,0,0,0,0,0,0,0,0,0,0,0,0,0,0,0,0,0,0,0,0
2008-02-03 10:15:00+00:00,30,2,10,,,0,0,0,0,0,0,0,0,0,0,0,0,0,0,0,0,0,0,0,0,0,0,0,0,0
2008-02-03 10:15:00+00:00,30,2,10,,112.3918228149414,0,0,0,0,0,0,0,0,0,0,0,0,0,0,0,0,0,0,0,0,0,0,0,0,0
2008-02-03 10:15:00+00:00,30,2,10,374.9045715332031,258.12518310546875,0,0,0,0,0,0,0,0,0,0,0,0,0,0,0,0,0,0,0,0,0,0,0,0,0
2008-02-03 10:15:00+00:00,30,2,10,,,0,0,0,0,0,0,0,0,0,0,0,0,0,0,0,0,0,0,0,0,0,0,0,0,0
2008-02-03 10:15:00+00:00,30,2,10,,424.88677978515625,0,0,0,0,0,0,0,0,0,0,0,0,0,0,0,0,0,0,0,0,0,0,0,0,0
2008-02-03 10:15:00+00:00,30,2,10,74.82237243652344,50.223716735839844,0,0,0,0,0,0,0,0,1,1,1,1,1,1,1,1,1,0,0,0,0,0,0,0,1
2008-02-03 10:15:00+00:00,30,2,10,96.51019287109375,97.43002319335938,0,0,0,0,0,0,0,0,0,1,1,1,1,1,1,1,1,0,0,0,0,0,0,0,0
2008-02-03 10:15:00+00:00,30,2,10,244.74130249023438,248.4821014404297,0,0,0,0,0,0,0,0,0,0,0,0,0,0,1,1,1,0,0,0,0,0,0,0,0
2008-02-03 10:15:00+00:00,30,2,10,101.4796142578125,104.08891296386719,0,0,0,0,0,0,0,0,0,0,1,1,1,1,1,1,1,0,0,0,0,0,0,0,0
2008-02-03 10:15:00+00:00,30,2,10,208.57742309570312,209.99964904785156,0,0,0,0,0,0,0,0,0,0,0,0,0,0,1,1,1,0,0,0,0,0,0,0,0
2008-02-03 10:15:00+00:00,30,2,10,408.300537109375,419.5679626464844,0,0,0,0,0,0,0,0,0,0,0,0,0,0,0,0,0,0,0,0,0,0,0,0,0
2008-02-03 10:15:00+00:00,30,2,10,125.27204132080078,120.45086669921875,0,0,0,0,0,0,0,0,0,0,0,1,1,1,1,1,1,0,0,0,0,0,0,0,0
2008-02-03 10:15:00+00:00,30,2,10,110.50162506103516,61.62369918823242,0,0,0,0,0,0,0,0,0,0,1,1,1,1,1,1,1,0,0,0,0,0,0,0,0
2008-02-03 10:15:00+00:00,30,2,10,50.55271911621094,3.1349902153015137,0,0,0,0,0,0,0,1,1,1,1,1,1,1,1,1,1,1,1,1,1,1,1,1,1
2008-02-03 10:15:00+00:00,30,2,10,178.2178497314453,158.52330017089844,0,0,0,0,0,0,0,0,0,0,0,0,1,1,1,1,1,0,0,0,0,0,0,0,0
2008-02-03 10:15:00+00:00,30,2,10,36.41145324707031,41.88524627685547,0,0,0,0,0,1,1,1,1,1,1,1,1,1,1,1,1,0,0,0,0,0,0,1,1
2008-02-03 10:30:00+00:00,30,2,10,,,0,0,0,0,0,0,0,0,0,0,0,0,0,0,0,0,0,0,0,0,0,0,0,0,0
2008-02-03 10:30:00+00:00,30,2,10,,,0,0,0,0,0,0,0,0,0,0,0,0,0,0,0,0,0,0,0,0,0,0,0,0,0
2008-02-03 10:30:00+00:00,30,2,10,,79.490966796875,0,0,0,0,0,0,0,0,0,0,0,0,0,0,0,0,0,0,0,0,0,0,0,0,0
2008-02-03 10:30:00+00:00,30,2,10,116.10981750488281,9.5156888961792,0,0,0,0,0,0,0,0,0,0,1,1,1,1,1,1,1,1,1,1,1,1,1,1,1
2008-02-03 10:30:00+00:00,30,2,10,,,0,0,0,0,0,0,0,0,0,0,0,0,0,0,0,0,0,0,0,0,0,0,0,0,0
2008-02-03 10:30:00+00:00,30,2,10,224.02853393554688,163.62918090820312,0,0,0,0,0,0,0,0,0,0,0,0,0,0,1,1,1,0,0,0,0,0,0,0,0
2008-02-03 10:30:00+00:00,30,2,10,125.33492279052734,87.29840087890625,0,0,0,0,0,0,0,0,0,0,0,1,1,1,1,1,1,0,0,0,0,0,0,0,0
2008-02-03 10:30:00+00:00,30,2,10,230.58078002929688,65.28941345214844,0,0,0,0,0,0,0,0,0,0,0,0,0,0,1,1,1,0,0,0,0,0,0,0,0
2008-02-03 10:30:00+00:00,30,2,10,82.29115295410156,114.19352722167969,0,0,0,0,0,0,0,0,0,1,1,1,1,1,1,1,1,0,0,0,0,0,0,0,0
2008-02-03 10:30:00+00:00,30,2,10,259.4397888183594,282.84869384765625,0,0,0,0,0,0,0,0,0,0,0,0,0,0,0,1,1,0,0,0,0,0,0,0,0
2008-02-03 10:45:00+00:00,30,2,10,,,0,0,0,0,0,0,0,0,0,0,0,0,0,0,0,0,0,0,0,0,0,0,0,0,0
2008-02-03 10:45:00+00:00,30,2,10,,295.93194580078125,0,0,0,0,0,0,0,0,0,0,0,0,0,0,0,0,0,0,0,0,0,0,0,0,0
2008-02-03 10:45:00+00:00,30,2,10,,,0,0,0,0,0,0,0,0,0,0,0,0,0,0,0,0,0,0,0,0,0,0,0,0,0
2008-02-03 10:45:00+00:00,30,2,10,,,0,0,0,0,0,0,0,0,0,0,0,0,0,0,0,0,0,0,0,0,0,0,0,0,0
2008-02-03 10:45:00+00:00,30,2,10,,,0,0,0,0,0,0,0,0,0,0,0,0,0,0,0,0,0,0,0,0,0,0,0,0,0
2008-02-03 10:45:00+00:00,30,2,10,,,0,0,0,0,0,0,0,0,0,0,0,0,0,0,0,0,0,0,0,0,0,0,0,0,0
2008-02-03 10:45:00+00:00,30,2,10,58.97654724121094,58.97654724121094,0,0,0,0,0,0,0,1,1,1,1,1,1,1,1,1,1,0,0,0,0,0,0,0,1
2008-02-03 10:45:00+00:00,30,2,10,337.1546325683594,342.88916015625,0,0,0,0,0,0,0,0,0,0,0,0,0,0,0,0,1,0,0,0,0,0,0,0,0
2008-02-03 10:45:00+00:00,30,2,10,202.27149963378906,216.25546264648438,0,0,0,0,0,0,0,0,0,0,0,0,0,0,1,1,1,0,0,0,0,0,0,0,0
2008-02-03 10:45:00+00:00,30,2,10,138.3037567138672,68.9797592163086,0,0,0,0,0,0,0,0,0,0,0,1,1,1,1,1,1,0,0,0,0,0,0,0,0
2008-02-03 10:45:00+00:00,30,2,10,82.6069107055664,19.364473342895508,0,0,0,0,0,0,0,0,0,1,1,1,1,1,1,1,1,0,0,1,1,1,1,1,1
2008-02-03 11:00:00+00:00,30,2,11,,,0,0,0,0,0,0,0,0,0,0,0,0,0,0,0,0,0,0,0,0,0,0,0,0,0
2008-02-03 11:00:00+00:00,30,2,11,,,0,0,0,0,0,0,0,0,0,0,0,0,0,0,0,0,0,0,0,0,0,0,0,0,0
2008-02-03 11:00:00+00:00,30,2,11,230.12429809570312,145.08505249023438,0,0,0,0,0,0,0,0,0,0,0,0,0,0,1,1,1,0,0,0,0,0,0,0,0
2008-02-03 11:00:00+00:00,30,2,11,101.48326110839844,56.15370559692383,0,0,0,0,0,0,0,0,0,0,1,1,1,1,1,1,1,0,0,0,0,0,0,0,1
2008-02-03 11:00:00+00:00,30,2,11,46.02091979980469,89.08179473876953,0,0,0,0,0,0,1,1,1,1,1,1,1,1,1,1,1,0,0,0,0,0,0,0,0
2008-02-03 11:00:00+00:00,30,2,11,168.40721130371094,150.99649047851562,0,0,0,0,0,0,0,0,0,0,0,0,1,1,1,1,1,0,0,0,0,0,0,0,0
2008-02-03 11:00:00+00:00,30,2,11,219.9208526611328,187.8874969482422,0,0,0,0,0,0,0,0,0,0,0,0,0,0,1,1,1,0,0,0,0,0,0,0,0
2008-02-03 11:15:00+00:00,30,2,11,,,0,0,0,0,0,0,0,0,0,0,0,0,0,0,0,0,0,0,0,0,0,0,0,0,0
2008-02-03 11:15:00+00:00,30,2,11,,,0,0,0,0,0,0,0,0,0,0,0,0,0,0,0,0,0,0,0,0,0,0,0,0,0
2008-02-03 11:15:00+00:00,30,2,11,,,0,0,0,0,0,0,0,0,0,0,0,0,0,0,0,0,0,0,0,0,0,0,0,0,0
2008-02-03 11:15:00+00:00,30,2,11,,,0,0,0,0,0,0,0,0,0,0,0,0,0,0,0,0,0,0,0,0,0,0,0,0,0
2008-02-03 11:15:00+00:00,30,2,11,275.2434997558594,164.24240112304688,0,0,0,0,0,0,0,0,0,0,0,0,0,0,0,1,1,0,0,0,0,0,0,0,0
2008-02-03 11:15:00+00:00,30,2,11,,,0,0,0,0,0,0,0,0,0,0,0,0,0,0,0,0,0,0,0,0,0,0,0,0,0
2008-02-03 11:15:00+00:00,30,2,11,211.83753967285156,220.33554077148438,0,0,0,0,0,0,0,0,0,0,0,0,0,0,1,1,1,0,0,0,0,0,0,0,0
2008-02-03 11:15:00+00:00,30,2,11,173.78701782226562,187.00831604003906,0,0,0,0,0,0,0,0,0,0,0,0,1,1,1,1,1,0,0,0,0,0,0,0,0
2008-02-03 11:15:00+00:00,30,2,11,56.02533721923828,59.541664123535156,0,0,0,0,0,0,0,1,1,1,1,1,1,1,1,1,1,0,0,0,0,0,0,0,1
2008-02-03 11:15:00+00:00,30,2,11,182.53526306152344,33.634788513183594,0,0,0,0,0,0,0,0,0,0,0,0,0,1,1,1,1,0,0,0,0,0,1,1,1
2008-02-03 11:15:00+00:00,30,2,11,,,0,0,0,0,0,0,0,0,0,0,0,0,0,0,0,0,0,0,0,0,0,0,0,0,0
2008-02-03 11:15:00+00:00,30,2,11,,,0,0,0,0,0,0,0,0,0,0,0,0,0,0,0,0,0,0,0,0,0,0,0,0,0
2008-02-03 11:15:00+00:00,30,2,11,81.39018249511719,98.4002456665039,0,0,0,0,0,0,0,0,0,1,1,1,1,1,1,1,1,0,0,0,0,0,0,0,0
2008-02-03 11:15:00+00:00,30,2,11,77.59964752197266,93.69697570800781,0,0,0,0,0,0,0,0,1,1,1,1,1,1,1,1,1,0,0,0,0,0,0,0,0
2008-02-03 11:30:00+00:00,30,2,11,115.03421783447266,76.25988006591797,0,0,0,0,0,0,0,0,0,0,1,1,1,1,1,1,1,0,0,0,0,0,0,0,0
2008-02-03 11:30:00+00:00,30,2,11,339.315673828125,,0,0,0,0,0,0,0,0,0,0,0,0,0,0,0,0,1,0,0,0,0,0,0,0,0
2008-02-03 11:30:00+00:00,30,2,11,267.42291259765625,367.6705322265625,0,0,0,0,0,0,0,0,0,0,0,0,0,0,0,1,1,0,0,0,0,0,0,0,0
2008-02-03 11:30:00+00:00,30,2,11,221.3065643310547,344.6552734375,0,0,0,0,0,0,0,0,0,0,0,0,0,0,1,1,1,0,0,0,0,0,0,0,0
2008-02-03 11:30:00+00:00,30,2,11,109.35856628417969,446.9232482910156,0,0,0,0,0,0,0,0,0,0,1,1,1,1,1,1,1,0,0,0,0,0,0,0,0
2008-02-03 11:30:00+00:00,30,2,11,,,0,0,0,0,0,0,0,0,0,0,0,0,0,0,0,0,0,0,0,0,0,0,0,0,0
2008-02-03 11:30:00+00:00,30,2,11,335.4888916015625,,0,0,0,0,0,0,0,0,0,0,0,0,0,0,0,0,1,0,0,0,0,0,0,0,0
2008-02-03 11:30:00+00:00,30,2,11,153.0369110107422,149.95802307128906,0,0,0,0,0,0,0,0,0,0,0,0,1,1,1,1,1,0,0,0,0,0,0,0,0
2008-02-03 11:30:00+00:00,30,2,11,242.29446411132812,125.08284759521484,0,0,0,0,0,0,0,0,0,0,0,0,0,0,1,1,1,0,0,0,0,0,0,0,0
2008-02-03 11:30:00+00:00,30,2,11,239.9366455078125,82.72945404052734,0,0,0,0,0,0,0,0,0,0,0,0,0,0,1,1,1,0,0,0,0,0,0,0,0
2008-02-03 11:30:00+00:00,30,2,11,82.3567123413086,92.83072662353516,0,0,0,0,0,0,0,0,0,1,1,1,1,1,1,1,1,0,0,0,0,0,0,0,0
2008-02-03 11:30:00+00:00,30,2,11,91.10942077636719,20.92458724975586,0,0,0,0,0,0,0,0,0,1,1,1,1,1,1,1,1,0,0,0,1,1,1,1,1
2008-02-03 11:30:00+00:00,30,2,11,118.97330474853516,248.45936584472656,0,0,0,0,0,0,0,0,0,0,1,1,1,1,1,1,1,0,0,0,0,0,0,0,0
2008-02-03 11:45:00+00:00,30,2,11,211.8882293701172,194.4171142578125,0,0,0,0,0,0,0,0,0,0,0,0,0,0,1,1,1,0,0,0,0,0,0,0,0
2008-02-03 11:45:00+00:00,30,2,11,246.5016632080078,237.6203155517578,0,0,0,0,0,0,0,0,0,0,0,0,0,0,1,1,1,0,0,0,0,0,0,0,0
2008-02-03 11:45:00+00:00,30,2,11,,,0,0,0,0,0,0,0,0,0,0,0,0,0,0,0,0,0,0,0,0,0,0,0,0,0
2008-02-03 11:45:00+00:00,30,2,11,,,0,0,0,0,0,0,0,0,0,0,0,0,0,0,0,0,0,0,0,0,0,0,0,0,0
2008-02-03 11:45:00+00:00,30,2,11,,401.5904541015625,0,0,0,0,0,0,0,0,0,0,0,0,0,0,0,0,0,0,0,0,0,0,0,0,0
2008-02-03 11:45:00+00:00,30,2,11,112.1964340209961,123.32875061035156,0,0,0,0,0,0,0,0,0,0,1,1,1,1,1,1,1,0,0,0,0,0,0,0,0
2008-02-03 12:00:00+00:00,30,2,12,171.2197265625,164.3651580810547,0,0,0,0,0,0,0,0,0,0,0,0,1,1,1,1,1,0,0,0,0,0,0,0,0
2008-02-03 12:00:00+00:00,30,2,12,209.43467712402344,196.78416442871094,0,0,0,0,0,0,0,0,0,0,0,0,0,0,1,1,1,0,0,0,0,0,0,0,0
2008-02-03 12:00:00+00:00,30,2,12,338.78564453125,138.51010131835938,0,0,0,0,0,0,0,0,0,0,0,0,0,0,0,0,1,0,0,0,0,0,0,0,0
2008-02-03 12:00:00+00:00,30,2,12,322.338623046875,162.85691833496094,0,0,0,0,0,0,0,0,0,0,0,0,0,0,0,0,1,0,0,0,0,0,0,0,0
2008-02-03 12:00:00+00:00,30,2,12,,3.119328022003174,0,0,0,0,0,0,0,0,0,0,0,0,0,0,0,0,0,1,1,1,1,1,1,1,1
2008-02-03 12:15:00+00:00,30,2,12,,,0,0,0,0,0,0,0,0,0,0,0,0,0,0,0,0,0,0,0,0,0,0,0,0,0
2008-02-03 12:15:00+00:00,30,2,12,,,0,0,0,0,0,0,0,0,0,0,0,0,0,0,0,0,0,0,0,0,0,0,0,0,0
2008-02-03 12:15:00+00:00,30,2,12,,,0,0,0,0,0,0,0,0,0,0,0,0,0,0,0,0,0,0,0,0,0,0,0,0,0
2008-02-03 12:15:00+00:00,30,2,12,55.313926696777344,52.69773483276367,0,0,0,0,0,0,0,1,1,1,1,1,1,1,1,1,1,0,0,0,0,0,0,0,1
2008-02-03 12:15:00+00:00,30,2,12,,,0,0,0,0,0,0,0,0,0,0,0,0,0,0,0,0,0,0,0,0,0,0,0,0,0
2008-02-03 12:15:00+00:00,30,2,12,46.13028335571289,96.25775146484375,0,0,0,0,0,0,1,1,1,1,1,1,1,1,1,1,1,0,0,0,0,0,0,0,0
2008-02-03 12:15:00+00:00,30,2,12,163.1013641357422,110.03038787841797,0,0,0,0,0,0,0,0,0,0,0,0,1,1,1,1,1,0,0,0,0,0,0,0,0
2008-02-03 12:30:00+00:00,30,2,12,,,0,0,0,0,0,0,0,0,0,0,0,0,0,0,0,0,0,0,0,0,0,0,0,0,0
2008-02-03 12:30:00+00:00,30,2,12,125.45577239990234,118.3670883178711,0,0,0,0,0,0,0,0,0,0,0,1,1,1,1,1,1,0,0,0,0,0,0,0,0
2008-02-03 12:30:00+00:00,30,2,12,345.73291015625,340.742431640625,0,0,0,0,0,0,0,0,0,0,0,0,0,0,0,0,1,0,0,0,0,0,0,0,0
2008-02-03 12:30:00+00:00,30,2,12,378.1636657714844,332.8511962890625,0,0,0,0,0,0,0,0,0,0,0,0,0,0,0,0,0,0,0,0,0,0,0,0,0
2008-02-03 12:30:00+00:00,30,2,12,297.5195617675781,286.5515441894531,0,0,0,0,0,0,0,0,0,0,0,0,0,0,0,1,1,0,0,0,0,0,0,0,0
2008-02-03 12:30:00+00:00,30,2,12,227.6959686279297,243.66268920898438,0,0,0,0,0,0,0,0,0,0,0,0,0,0,1,1,1,0,0,0,0,0,0,0,0
2008-02-03 12:30:00+00:00,30,2,12,322.46771240234375,325.7327575683594,0,0,0,0,0,0,0,0,0,0,0,0,0,0,0,0,1,0,0,0,0,0,0,0,0
2008-02-03 12:30:00+00:00,30,2,12,,399.3568115234375,0,0,0,0,0,0,0,0,0,0,0,0,0,0,0,0,0,0,0,0,0,0,0,0,0
2008-02-03 12:30:00+00:00,30,2,12,,,0,0,0,0,0,0,0,0,0,0,0,0,0,0,0,0,0,0,0,0,0,0,0,0,0
2008-02-03 12:45:00+00:00,30,2,12,35.425537109375,21.90371322631836,0,0,0,0,0,1,1,1,1,1,1,1,1,1,1,1,1,0,0,0,1,1,1,1,1
2008-02-03 12:45:00+00:00,30,2,12,129.64263916015625,129.64263916015625,0,0,0,0,0,0,0,0,0,0,0,1,1,1,1,1,1,0,0,0,0,0,0,0,0
2008-02-03 12:45:00+00:00,30,2,12,325.7840881347656,325.8862609863281,0,0,0,0,0,0,0,0,0,0,0,0,0,0,0,0,1,0,0,0,0,0,0,0,0
2008-02-03 12:45:00+00:00,30,2,12,214.6844482421875,221.56996154785156,0,0,0,0,0,0,0,0,0,0,0,0,0,0,1,1,1,0,0,0,0,0,0,0,0
2008-02-03 12:45:00+00:00,30,2,12,363.1910705566406,193.7107696533203,0,0,0,0,0,0,0,0,0,0,0,0,0,0,0,0,0,0,0,0,0,0,0,0,0
2008-02-03 13:00:00+00:00,30,2,13,358.1225280761719,,0,0,0,0,0,0,0,0,0,0,0,0,0,0,0,0,0,0,0,0,0,0,0,0,0
2008-02-03 13:00:00+00:00,30,2,13,,,0,0,0,0,0,0,0,0,0,0,0,0,0,0,0,0,0,0,0,0,0,0,0,0,0
2008-02-03 13:00:00+00:00,30,2,13,85.01895904541016,86.25179290771484,0,0,0,0,0,0,0,0,0,1,1,1,1,1,1,1,1,0,0,0,0,0,0,0,0
2008-02-03 13:00:00+00:00,30,2,13,189.2620391845703,190.554443359375,0,0,0,0,0,0,0,0,0,0,0,0,0,1,1,1,1,0,0,0,0,0,0,0,0
2008-02-03 13:00:00+00:00,30,2,13,229.20309448242188,174.9882354736328,0,0,0,0,0,0,0,0,0,0,0,0,0,0,1,1,1,0,0,0,0,0,0,0,0
2008-02-03 13:00:00+00:00,30,2,13,166.18511962890625,152.7263946533203,0,0,0,0,0,0,0,0,0,0,0,0,1,1,1,1,1,0,0,0,0,0,0,0,0
2008-02-03 13:00:00+00:00,30,2,13,405.82171630859375,332.74749755859375,0,0,0,0,0,0,0,0,0,0,0,0,0,0,0,0,0,0,0,0,0,0,0,0,0
2008-02-03 13:00:00+00:00,30,2,13,194.23866271972656,204.79974365234375,0,0,0,0,0,0,0,0,0,0,0,0,0,1,1,1,1,0,0,0,0,0,0,0,0
2008-02-03 13:00:00+00:00,30,2,13,28.985185623168945,14.206236839294434,0,0,0,0,1,1,1,1,1,1,1,1,1,1,1,1,1,0,1,1,1,1,1,1,1
2008-02-03 13:00:00+00:00,30,2,13,86.71904754638672,84.4126968383789,0,0,0,0,0,0,0,0,0,1,1,1,1,1,1,1,1,0,0,0,0,0,0,0,0
2008-02-03 13:00:00+00:00,30,2,13,,,0,0,0,0,0,0,0,0,0,0,0,0,0,0,0,0,0,0,0,0,0,0,0,0,0
2008-02-03 13:00:00+00:00,30,2,13,,,0,0,0,0,0,0,0,0,0,0,0,0,0,0,0,0,0,0,0,0,0,0,0,0,0
2008-02-03 13:15:00+00:00,30,2,13,457.1441345214844,,0,0,0,0,0,0,0,0,0,0,0,0,0,0,0,0,0,0,0,0,0,0,0,0,0
2008-02-03 13:15:00+00:00,30,2,13,483.0446472167969,,0,0,0,0,0,0,0,0,0,0,0,0,0,0,0,0,0,0,0,0,0,0,0,0,0
2008-02-03 13:15:00+00:00,30,2,13,331.2330627441406,333.85211181640625,0,0,0,0,0,0,0,0,0,0,0,0,0,0,0,0,1,0,0,0,0,0,0,0,0
2008-02-03 13:15:00+00:00,30,2,13,179.84324645996094,185.5714569091797,0,0,0,0,0,0,0,0,0,0,0,0,1,1,1,1,1,0,0,0,0,0,0,0,0
2008-02-03 13:15:00+00:00,30,2,13,156.70912170410156,99.09622955322266,0,0,0,0,0,0,0,0,0,0,0,0,1,1,1,1,1,0,0,0,0,0,0,0,0
2008-02-03 13:15:00+00:00,30,2,13,150.80657958984375,157.0887451171875,0,0,0,0,0,0,0,0,0,0,0,0,1,1,1,1,1,0,0,0,0,0,0,0,0
2008-02-03 13:15:00+00:00,30,2,13,130.14996337890625,114.29689025878906,0,0,0,0,0,0,0,0,0,0,0,1,1,1,1,1,1,0,0,0,0,0,0,0,0
2008-02-03 13:15:00+00:00,30,2,13,335.1448974609375,332.3315124511719,0,0,0,0,0,0,0,0,0,0,0,0,0,0,0,0,1,0,0,0,0,0,0,0,0
2008-02-03 13:15:00+00:00,30,2,13,217.10845947265625,214.26239013671875,0,0,0,0,0,0,0,0,0,0,0,0,0,0,1,1,1,0,0,0,0,0,0,0,0
2008-02-03 13:15:00+00:00,30,2,13,275.5423583984375,273.991943359375,0,0,0,0,0,0,0,0,0,0,0,0,0,0,0,1,1,0,0,0,0,0,0,0,0
2008-02-03 13:30:00+00:00,30,2,13,,,0,0,0,0,0,0,0,0,0,0,0,0,0,0,0,0,0,0,0,0,0,0,0,0,0
2008-02-03 13:30:00+00:00,30,2,13,,,0,0,0,0,0,0,0,0,0,0,0,0,0,0,0,0,0,0,0,0,0,0,0,0,0
2008-02-03 13:30:00+00:00,30,2,13,113.93115997314453,110.40869903564453,0,0,0,0,0,0,0,0,0,0,1,1,1,1,1,1,1,0,0,0,0,0,0,0,0
2008-02-03 13:30:00+00:00,30,2,13,70.7874984741211,65.54098510742188,0,0,0,0,0,0,0,0,1,1,1,1,1,1,1,1,1,0,0,0,0,0,0,0,0
2008-02-03 13:30:00+00:00,30,2,13,110.6749038696289,113.15440368652344,0,0,0,0,0,0,0,0,0,0,1,1,1,1,1,1,1,0,0,0,0,0,0,0,0
2008-02-03 13:30:00+00:00,30,2,13,167.57290649414062,128.16619873046875,0,0,0,0,0,0,0,0,0,0,0,0,1,1,1,1,1,0,0,0,0,0,0,0,0
2008-02-03 13:30:00+00:00,30,2,13,324.6233215332031,304.8900146484375,0,0,0,0,0,0,0,0,0,0,0,0,0,0,0,0,1,0,0,0,0,0,0,0,0
2008-02-03 13:30:00+00:00,30,2,13,143.19464111328125,128.90037536621094,0,0,0,0,0,0,0,0,0,0,0,1,1,1,1,1,1,0,0,0,0,0,0,0,0
2008-02-03 13:45:00+00:00,30,2,13,,,0,0,0,0,0,0,0,0,0,0,0,0,0,0,0,0,0,0,0,0,0,0,0,0,0
2008-02-03 13:45:00+00:00,30,2,13,,,0,0,0,0,0,0,0,0,0,0,0,0,0,0,0,0,0,0,0,0,0,0,0,0,0
2008-02-03 13:45:00+00:00,30,2,13,,,0,0,0,0,0,0,0,0,0,0,0,0,0,0,0,0,0,0,0,0,0,0,0,0,0
2008-02-03 13:45:00+00:00,30,2,13,,,0,0,0,0,0,0,0,0,0,0,0,0,0,0,0,0,0,0,0,0,0,0,0,0,0
2008-02-03 13:45:00+00:00,30,2,13,,,0,0,0,0,0,0,0,0,0,0,0,0,0,0,0,0,0,0,0,0,0,0,0,0,0
2008-02-03 13:45:00+00:00,30,2,13,390.28790283203125,376.6606750488281,0,0,0,0,0,0,0,0,0,0,0,0,0,0,0,0,0,0,0,0,0,0,0,0,0
2008-02-03 13:45:00+00:00,30,2,13,169.40850830078125,156.57391357421875,0,0,0,0,0,0,0,0,0,0,0,0,1,1,1,1,1,0,0,0,0,0,0,0,0
2008-02-03 13:45:00+00:00,30,2,13,91.23306274414062,80.27937316894531,0,0,0,0,0,0,0,0,0,1,1,1,1,1,1,1,1,0,0,0,0,0,0,0,0
2008-02-03 13:45:00+00:00,30,2,13,190.4791717529297,200.9744110107422,0,0,0,0,0,0,0,0,0,0,0,0,0,1,1,1,1,0,0,0,0,0,0,0,0
2008-02-03 13:45:00+00:00,30,2,13,40.143856048583984,38.506534576416016,0,0,0,0,0,0,1,1,1,1,1,1,1,1,1,1,1,0,0,0,0,0,1,1,1
2008-02-03 13:45:00+00:00,30,2,13,186.27809143066406,163.94332885742188,0,0,0,0,0,0,0,0,0,0,0,0,0,1,1,1,1,0,0,0,0,0,0,0,0
2008-02-03 13:45:00+00:00,30,2,13,376.8553161621094,222.2804412841797,0,0,0,0,0,0,0,0,0,0,0,0,0,0,0,0,0,0,0,0,0,0,0,0,0
2008-02-03 13:45:00+00:00,30,2,13,155.1016082763672,170.27886962890625,0,0,0,0,0,0,0,0,0,0,0,0,1,1,1,1,1,0,0,0,0,0,0,0,0
2008-02-03 14:00:00+00:00,30,2,14,381.15106201171875,384.5778503417969,0,0,0,0,0,0,0,0,0,0,0,0,0,0,0,0,0,0,0,0,0,0,0,0,0
2008-02-03 14:00:00+00:00,30,2,14,418.57366943359375,154.5068359375,0,0,0,0,0,0,0,0,0,0,0,0,0,0,0,0,0,0,0,0,0,0,0,0,0
2008-02-03 14:00:00+00:00,30,2,14,357.63836669921875,121.3027572631836,0,0,0,0,0,0,0,0,0,0,0,0,0,0,0,0,0,0,0,0,0,0,0,0,0
2008-02-03 14:15:00+00:00,30,2,14,201.62501525878906,0.0,0,0,0,0,0,0,0,0,0,0,0,0,0,0,1,1,1,1,1,1,1,1,1,1,1
2008-02-03 14:15:00+00:00,30,2,14,443.09112548828125,85.7507553100586,0,0,0,0,0,0,0,0,0,0,0,0,0,0,0,0,0,0,0,0,0,0,0,0,0
2008-02-03 14:15:00+00:00,30,2,14,85.93478393554688,15.315980911254883,0,0,0,0,0,0,0,0,0,1,1,1,1,1,1,1,1,0,0,1,1,1,1,1,1
2008-02-03 14:30:00+00:00,30,2,14,113.62008666992188,106.42619323730469,0,0,0,0,0,0,0,0,0,0,1,1,1,1,1,1,1,0,0,0,0,0,0,0,0
2008-02-03 14:30:00+00:00,30,2,14,204.63992309570312,253.20179748535156,0,0,0,0,0,0,0,0,0,0,0,0,0,0,1,1,1,0,0,0,0,0,0,0,0
2008-02-03 14:30:00+00:00,30,2,14,173.20181274414062,201.01524353027344,0,0,0,0,0,0,0,0,0,0,0,0,1,1,1,1,1,0,0,0,0,0,0,0,0
2008-02-03 14:30:00+00:00,30,2,14,305.1722412109375,0.0,0,0,0,0,0,0,0,0,0,0,0,0,0,0,0,0,1,1,1,1,1,1,1,1,1
2008-02-03 14:30:00+00:00,30,2,14,120.39033508300781,122.96707916259766,0,0,0,0,0,0,0,0,0,0,0,1,1,1,1,1,1,0,0,0,0,0,0,0,0
2008-02-03 14:30:00+00:00,30,2,14,95.8746109008789,4.409328937530518,0,0,0,0,0,0,0,0,0,1,1,1,1,1,1,1,1,1,1,1,1,1,1,1,1
2008-02-03 14:30:00+00:00,30,2,14,273.9206848144531,144.0301513671875,0,0,0,0,0,0,0,0,0,0,0,0,0,0,0,1,1,0,0,0,0,0,0,0,0
2008-02-03 14:45:00+00:00,30,2,14,158.98297119140625,165.81820678710938,0,0,0,0,0,0,0,0,0,0,0,0,1,1,1,1,1,0,0,0,0,0,0,0,0
2008-02-03 14:45:00+00:00,30,2,14,,580.8726196289062,0,0,0,0,0,0,0,0,0,0,0,0,0,0,0,0,0,0,0,0,0,0,0,0,0
2008-02-03 14:45:00+00:00,30,2,14,,,0,0,0,0,0,0,0,0,0,0,0,0,0,0,0,0,0,0,0,0,0,0,0,0,0
2008-02-03 14:45:00+00:00,30,2,14,,,0,0,0,0,0,0,0,0,0,0,0,0,0,0,0,0,0,0,0,0,0,0,0,0,0
2008-02-03 14:45:00+00:00,30,2,14,199.88491821289062,203.1201171875,0,0,0,0,0,0,0,0,0,0,0,0,0,1,1,1,1,0,0,0,0,0,0,0,0
2008-02-03 14:45:00+00:00,30,2,14,89.71139526367188,29.123180389404297,0,0,0,0,0,0,0,0,0,1,1,1,1,1,1,1,1,0,0,0,0,1,1,1,1
2008-02-03 14:45:00+00:00,30,2,14,,,0,0,0,0,0,0,0,0,0,0,0,0,0,0,0,0,0,0,0,0,0,0,0,0,0
2008-02-03 15:00:00+00:00,30,2,15,,382.9880065917969,0,0,0,0,0,0,0,0,0,0,0,0,0,0,0,0,0,0,0,0,0,0,0,0,0
2008-02-03 15:00:00+00:00,30,2,15,243.07217407226562,263.2032775878906,0,0,0,0,0,0,0,0,0,0,0,0,0,0,1,1,1,0,0,0,0,0,0,0,0
2008-02-03 15:00:00+00:00,30,2,15,287.4928283691406,308.01422119140625,0,0,0,0,0,0,0,0,0,0,0,0,0,0,0,1,1,0,0,0,0,0,0,0,0
2008-02-03 15:00:00+00:00,30,2,15,48.074092864990234,3.231412172317505,0,0,0,0,0,0,1,1,1,1,1,1,1,1,1,1,1,1,1,1,1,1,1,1,1
2008-02-03 15:00:00+00:00,30,2,15,93.7049560546875,61.15052032470703,0,0,0,0,0,0,0,0,0,1,1,1,1,1,1,1,1,0,0,0,0,0,0,0,0
2008-02-03 15:00:00+00:00,30,2,15,218.3548126220703,217.0312042236328,0,0,0,0,0,0,0,0,0,0,0,0,0,0,1,1,1,0,0,0,0,0,0,0,0
2008-02-03 15:15:00+00:00,30,2,15,278.4657287597656,285.38677978515625,0,0,0,0,0,0,0,0,0,0,0,0,0,0,0,1,1,0,0,0,0,0,0,0,0
2008-02-03 15:15:00+00:00,30,2,15,253.66600036621094,260.9949035644531,0,0,0,0,0,0,0,0,0,0,0,0,0,0,0,1,1,0,0,0,0,0,0,0,0
2008-02-03 15:15:00+00:00,30,2,15,619.23828125,581.5166015625,0,0,0,0,0,0,0,0,0,0,0,0,0,0,0,0,0,0,0,0,0,0,0,0,0
2008-02-03 15:30:00+00:00,30,2,15,,,0,0,0,0,0,0,0,0,0,0,0,0,0,0,0,0,0,0,0,0,0,0,0,0,0
2008-02-03 15:30:00+00:00,30,2,15,186.20870971679688,176.25607299804688,0,0,0,0,0,0,0,0,0,0,0,0,0,1,1,1,1,0,0,0,0,0,0,0,0
2008-02-03 15:30:00+00:00,30,2,15,415.8623046875,392.70892333984375,0,0,0,0,0,0,0,0,0,0,0,0,0,0,0,0,0,0,0,0,0,0,0,0,0
2008-02-03 15:45:00+00:00,30,2,15,128.83984375,146.11888122558594,0,0,0,0,0,0,0,0,0,0,0,1,1,1,1,1,1,0,0,0,0,0,0,0,0
2008-02-03 15:45:00+00:00,30,2,15,43.75016784667969,57.00727462768555,0,0,0,0,0,0,1,1,1,1,1,1,1,1,1,1,1,0,0,0,0,0,0,0,1
2008-02-03 15:45:00+00:00,30,2,15,195.0006561279297,190.4680633544922,0,0,0,0,0,0,0,0,0,0,0,0,0,1,1,1,1,0,0,0,0,0,0,0,0
2008-02-03 16:00:00+00:00,30,2,16,,348.60833740234375,0,0,0,0,0,0,0,0,0,0,0,0,0,0,0,0,0,0,0,0,0,0,0,0,0
2008-02-03 16:00:00+00:00,30,2,16,358.9056091308594,,0,0,0,0,0,0,0,0,0,0,0,0,0,0,0,0,0,0,0,0,0,0,0,0,0
2008-02-03 16:15:00+00:00,30,2,16,284.7201843261719,259.0790100097656,0,0,0,0,0,0,0,0,0,0,0,0,0,0,0,1,1,0,0,0,0,0,0,0,0
2008-02-03 16:30:00+00:00,30,2,16,44.67068099975586,52.19065475463867,0,0,0,0,0,0,1,1,1,1,1,1,1,1,1,1,1,0,0,0,0,0,0,0,1
2008-02-03 16:45:00+00:00,30,2,16,161.92642211914062,157.2572021484375,0,0,0,0,0,0,0,0,0,0,0,0,1,1,1,1,1,0,0,0,0,0,0,0,0
2008-02-03 16:45:00+00:00,30,2,16,190.5732421875,165.0624237060547,0,0,0,0,0,0,0,0,0,0,0,0,0,1,1,1,1,0,0,0,0,0,0,0,0
2008-02-03 16:45:00+00:00,30,2,16,263.7295227050781,,0,0,0,0,0,0,0,0,0,0,0,0,0,0,0,1,1,0,0,0,0,0,0,0,0
2008-02-03 17:00:00+00:00,30,2,17,240.66795349121094,227.5984344482422,0,0,0,0,0,0,0,0,0,0,0,0,0,0,1,1,1,0,0,0,0,0,0,0,0
2008-02-03 17:00:00+00:00,30,2,17,144.71885681152344,3.092349052429199,0,0,0,0,0,0,0,0,0,0,0,1,1,1,1,1,1,1,1,1,1,1,1,1,1
2008-02-03 17:00:00+00:00,30,2,17,285.56939697265625,298.5910949707031,0,0,0,0,0,0,0,0,0,0,0,0,0,0,0,1,1,0,0,0,0,0,0,0,0
2008-02-03 17:15:00+00:00,30,2,17,266.97882080078125,248.6611785888672,0,0,0,0,0,0,0,0,0,0,0,0,0,0,0,1,1,0,0,0,0,0,0,0,0
2008-02-03 17:15:00+00:00,30,2,17,132.83404541015625,144.5825958251953,0,0,0,0,0,0,0,0,0,0,0,1,1,1,1,1,1,0,0,0,0,0,0,0,0
2008-02-03 17:15:00+00:00,30,2,17,210.5142059326172,216.21246337890625,0,0,0,0,0,0,0,0,0,0,0,0,0,0,1,1,1,0,0,0,0,0,0,0,0
2008-02-03 17:45:00+00:00,30,2,17,354.0340270996094,369.60748291015625,0,0,0,0,0,0,0,0,0,0,0,0,0,0,0,0,0,0,0,0,0,0,0,0,0
2008-02-03 17:45:00+00:00,30,2,17,200.156982421875,162.022216796875,0,0,0,0,0,0,0,0,0,0,0,0,0,0,1,1,1,0,0,0,0,0,0,0,0
2008-02-05 10:00:00+00:00,30,2,10,,,0,0,0,0,0,0,0,0,0,0,0,0,0,0,0,0,0,0,0,0,0,0,0,0,0
2008-02-05 10:00:00+00:00,30,2,10,,312.45086669921875,0,0,0,0,0,0,0,0,0,0,0,0,0,0,0,0,0,0,0,0,0,0,0,0,0
2008-02-05 10:00:00+00:00,30,2,10,,71.95214080810547,0,0,0,0,0,0,0,0,0,0,0,0,0,0,0,0,0,0,0,0,0,0,0,0,0
2008-02-05 10:00:00+00:00,30,2,10,,,0,0,0,0,0,0,0,0,0,0,0,0,0,0,0,0,0,0,0,0,0,0,0,0,0
2008-02-05 10:00:00+00:00,30,2,10,,,0,0,0,0,0,0,0,0,0,0,0,0,0,0,0,0,0,0,0,0,0,0,0,0,0
2008-02-05 10:00:00+00:00,30,2,10,287.0736389160156,275.4588623046875,0,0,0,0,0,0,0,0,0,0,0,0,0,0,0,1,1,0,0,0,0,0,0,0,0
2008-02-05 10:00:00+00:00,30,2,10,109.6938705444336,97.66915130615234,0,0,0,0,0,0,0,0,0,0,1,1,1,1,1,1,1,0,0,0,0,0,0,0,0
2008-02-05 10:00:00+00:00,30,2,10,123.46893310546875,202.22215270996094,0,0,0,0,0,0,0,0,0,0,0,1,1,1,1,1,1,0,0,0,0,0,0,0,0
2008-02-05 10:00:00+00:00,30,2,10,287.4388122558594,180.34945678710938,0,0,0,0,0,0,0,0,0,0,0,0,0,0,0,1,1,0,0,0,0,0,0,0,0
2008-02-05 10:15:00+00:00,30,2,10,,,0,0,0,0,0,0,0,0,0,0,0,0,0,0,0,0,0,0,0,0,0,0,0,0,0
2008-02-05 10:15:00+00:00,30,2,10,199.41163635253906,191.26983642578125,0,0,0,0,0,0,0,0,0,0,0,0,0,1,1,1,1,0,0,0,0,0,0,0,0
2008-02-05 10:15:00+00:00,30,2,10,155.84518432617188,147.90408325195312,0,0,0,0,0,0,0,0,0,0,0,0,1,1,1,1,1,0,0,0,0,0,0,0,0
2008-02-05 10:15:00+00:00,30,2,10,,,0,0,0,0,0,0,0,0,0,0,0,0,0,0,0,0,0,0,0,0,0,0,0,0,0
2008-02-05 10:15:00+00:00,30,2,10,121.94314575195312,78.22364807128906,0,0,0,0,0,0,0,0,0,0,0,1,1,1,1,1,1,0,0,0,0,0,0,0,0
2008-02-05 10:15:00+00:00,30,2,10,93.0350112915039,66.68608856201172,0,0,0,0,0,0,0,0,0,1,1,1,1,1,1,1,1,0,0,0,0,0,0,0,0
2008-02-05 10:15:00+00:00,30,2,10,93.38774108886719,69.03111267089844,0,0,0,0,0,0,0,0,0,1,1,1,1,1,1,1,1,0,0,0,0,0,0,0,0
2008-02-05 10:15:00+00:00,30,2,10,153.09255981445312,170.18267822265625,0,0,0,0,0,0,0,0,0,0,0,0,1,1,1,1,1,0,0,0,0,0,0,0,0
2008-02-05 10:15:00+00:00,30,2,10,209.9554901123047,193.72601318359375,0,0,0,0,0,0,0,0,0,0,0,0,0,0,1,1,1,0,0,0,0,0,0,0,0
2008-02-05 10:15:00+00:00,30,2,10,356.8927917480469,215.25149536132812,0,0,0,0,0,0,0,0,0,0,0,0,0,0,0,0,0,0,0,0,0,0,0,0,0
2008-02-05 10:15:00+00:00,30,2,10,226.77381896972656,233.47262573242188,0,0,0,0,0,0,0,0,0,0,0,0,0,0,1,1,1,0,0,0,0,0,0,0,0
2008-02-05 10:15:00+00:00,30,2,10,224.10264587402344,237.63919067382812,0,0,0,0,0,0,0,0,0,0,0,0,0,0,1,1,1,0,0,0,0,0,0,0,0
2008-02-05 10:15:00+00:00,30,2,10,348.8686218261719,321.3153076171875,0,0,0,0,0,0,0,0,0,0,0,0,0,0,0,0,1,0,0,0,0,0,0,0,0
2008-02-05 10:15:00+00:00,30,2,10,246.91586303710938,212.4286651611328,0,0,0,0,0,0,0,0,0,0,0,0,0,0,1,1,1,0,0,0,0,0,0,0,0
2008-02-05 10:30:00+00:00,30,2,10,,,0,0,0,0,0,0,0,0,0,0,0,0,0,0,0,0,0,0,0,0,0,0,0,0,0
2008-02-05 10:30:00+00:00,30,2,10,,,0,0,0,0,0,0,0,0,0,0,0,0,0,0,0,0,0,0,0,0,0,0,0,0,0
2008-02-05 10:30:00+00:00,30,2,10,57.508811950683594,33.76287078857422,0,0,0,0,0,0,0,1,1,1,1,1,1,1,1,1,1,0,0,0,0,0,1,1,1
2008-02-05 10:45:00+00:00,30,2,10,,,0,0,0,0,0,0,0,0,0,0,0,0,0,0,0,0,0,0,0,0,0,0,0,0,0
2008-02-05 10:45:00+00:00,30,2,10,,,0,0,0,0,0,0,0,0,0,0,0,0,0,0,0,0,0,0,0,0,0,0,0,0,0
2008-02-05 10:45:00+00:00,30,2,10,180.17254638671875,181.097412109375,0,0,0,0,0,0,0,0,0,0,0,0,0,1,1,1,1,0,0,0,0,0,0,0,0
2008-02-05 10:45:00+00:00,30,2,10,116.45111083984375,116.71524810791016,0,0,0,0,0,0,0,0,0,0,1,1,1,1,1,1,1,0,0,0,0,0,0,0,0
2008-02-05 10:45:00+00:00,30,2,10,297.77783203125,303.0673522949219,0,0,0,0,0,0,0,0,0,0,0,0,0,0,0,1,1,0,0,0,0,0,0,0,0
2008-02-05 10:45:00+00:00,30,2,10,283.2408752441406,286.7200012207031,0,0,0,0,0,0,0,0,0,0,0,0,0,0,0,1,1,0,0,0,0,0,0,0,0
2008-02-05 10:45:00+00:00,30,2,10,,,0,0,0,0,0,0,0,0,0,0,0,0,0,0,0,0,0,0,0,0,0,0,0,0,0
2008-02-05 10:45:00+00:00,30,2,10,178.60992431640625,146.0670623779297,0,0,0,0,0,0,0,0,0,0,0,0,1,1,1,1,1,0,0,0,0,0,0,0,0
2008-02-05 10:45:00+00:00,30,2,10,348.3681335449219,382.4098815917969,0,0,0,0,0,0,0,0,0,0,0,0,0,0,0,0,1,0,0,0,0,0,0,0,0
2008-02-05 10:45:00+00:00,30,2,10,364.7030944824219,395.4904479980469,0,0,0,0,0,0,0,0,0,0,0,0,0,0,0,0,0,0,0,0,0,0,0,0,0
2008-02-05 10:45:00+00:00,30,2,10,332.28289794921875,363.32568359375,0,0,0,0,0,0,0,0,0,0,0,0,0,0,0,0,1,0,0,0,0,0,0,0,0
2008-02-05 10:45:00+00:00,30,2,10,42.363040924072266,27.75082778930664,0,0,0,0,0,0,1,1,1,1,1,1,1,1,1,1,1,0,0,0,0,1,1,1,1
2008-02-05 10:45:00+00:00,30,2,10,241.87942504882812,69.91265106201172,0,0,0,0,0,0,0,0,0,0,0,0,0,0,1,1,1,0,0,0,0,0,0,0,0
2008-02-05 10:45:00+00:00,30,2,10,169.9105987548828,105.64314270019531,0,0,0,0,0,0,0,0,0,0,0,0,1,1,1,1,1,0,0,0,0,0,0,0,0
2008-02-05 10:45:00+00:00,30,2,10,110.88033294677734,130.59634399414062,0,0,0,0,0,0,0,0,0,0,1,1,1,1,1,1,1,0,0,0,0,0,0,0,0
2008-02-05 11:00:00+00:00,30,2,11,,,0,0,0,0,0,0,0,0,0,0,0,0,0,0,0,0,0,0,0,0,0,0,0,0,0
2008-02-05 11:00:00+00:00,30,2,11,,,0,0,0,0,0,0,0,0,0,0,0,0,0,0,0,0,0,0,0,0,0,0,0,0,0
2008-02-05 11:00:00+00:00,30,2,11,,,0,0,0,0,0,0,0,0,0,0,0,0,0,0,0,0,0,0,0,0,0,0,0,0,0
2008-02-05 11:00:00+00:00,30,2,11,,,0,0,0,0,0,0,0,0,0,0,0,0,0,0,0,0,0,0,0,0,0,0,0,0,0
2008-02-05 11:00:00+00:00,30,2,11,,546.1190795898438,0,0,0,0,0,0,0,0,0,0,0,0,0,0,0,0,0,0,0,0,0,0,0,0,0
2008-02-05 11:00:00+00:00,30,2,11,,,0,0,0,0,0,0,0,0,0,0,0,0,0,0,0,0,0,0,0,0,0,0,0,0,0
2008-02-05 11:00:00+00:00,30,2,11,96.60539245605469,61.58512878417969,0,0,0,0,0,0,0,0,0,1,1,1,1,1,1,1,1,0,0,0,0,0,0,0,0
2008-02-05 11:00:00+00:00,30,2,11,77.98262023925781,79.28556060791016,0,0,0,0,0,0,0,0,1,1,1,1,1,1,1,1,1,0,0,0,0,0,0,0,0
2008-02-05 11:00:00+00:00,30,2,11,,300.912109375,0,0,0,0,0,0,0,0,0,0,0,0,0,0,0,0,0,0,0,0,0,0,0,0,0
2008-02-05 11:00:00+00:00,30,2,11,200.59469604492188,216.831298828125,0,0,0,0,0,0,0,0,0,0,0,0,0,0,1,1,1,0,0,0,0,0,0,0,0
2008-02-05 11:00:00+00:00,30,2,11,123.14105987548828,83.5191650390625,0,0,0,0,0,0,0,0,0,0,0,1,1,1,1,1,1,0,0,0,0,0,0,0,0
2008-02-05 11:00:00+00:00,30,2,11,36.97412109375,30.230815887451172,0,0,0,0,0,1,1,1,1,1,1,1,1,1,1,1,1,0,0,0,0,0,1,1,1
2008-02-05 11:00:00+00:00,30,2,11,272.3558349609375,155.37034606933594,0,0,0,0,0,0,0,0,0,0,0,0,0,0,0,1,1,0,0,0,0,0,0,0,0
2008-02-05 11:00:00+00:00,30,2,11,147.41946411132812,172.2227783203125,0,0,0,0,0,0,0,0,0,0,0,1,1,1,1,1,1,0,0,0,0,0,0,0,0
2008-02-05 11:15:00+00:00,30,2,11,,,0,0,0,0,0,0,0,0,0,0,0,0,0,0,0,0,0,0,0,0,0,0,0,0,0
2008-02-05 11:15:00+00:00,30,2,11,,,0,0,0,0,0,0,0,0,0,0,0,0,0,0,0,0,0,0,0,0,0,0,0,0,0
2008-02-05 11:15:00+00:00,30,2,11,,,0,0,0,0,0,0,0,0,0,0,0,0,0,0,0,0,0,0,0,0,0,0,0,0,0
2008-02-05 11:15:00+00:00,30,2,11,,,0,0,0,0,0,0,0,0,0,0,0,0,0,0,0,0,0,0,0,0,0,0,0,0,0
2008-02-05 11:15:00+00:00,30,2,11,230.49191284179688,53.18669891357422,0,0,0,0,0,0,0,0,0,0,0,0,0,0,1,1,1,0,0,0,0,0,0,0,1
2008-02-05 11:15:00+00:00,30,2,11,64.42222595214844,61.638511657714844,0,0,0,0,0,0,0,0,1,1,1,1,1,1,1,1,1,0,0,0,0,0,0,0,0
2008-02-05 11:15:00+00:00,30,2,11,50.164066314697266,57.654178619384766,0,0,0,0,0,0,0,1,1,1,1,1,1,1,1,1,1,0,0,0,0,0,0,0,1
2008-02-05 11:15:00+00:00,30,2,11,69.14111328125,46.5301513671875,0,0,0,0,0,0,0,0,1,1,1,1,1,1,1,1,1,0,0,0,0,0,0,1,1
2008-02-05 11:30:00+00:00,30,2,11,167.61373901367188,160.5428924560547,0,0,0,0,0,0,0,0,0,0,0,0,1,1,1,1,1,0,0,0,0,0,0,0,0
2008-02-05 11:30:00+00:00,30,2,11,,,0,0,0,0,0,0,0,0,0,0,0,0,0,0,0,0,0,0,0,0,0,0,0,0,0
2008-02-05 11:30:00+00:00,30,2,11,192.30958557128906,81.00350952148438,0,0,0,0,0,0,0,0,0,0,0,0,0,1,1,1,1,0,0,0,0,0,0,0,0
2008-02-05 11:30:00+00:00,30,2,11,,,0,0,0,0,0,0,0,0,0,0,0,0,0,0,0,0,0,0,0,0,0,0,0,0,0
2008-02-05 11:30:00+00:00,30,2,11,517.5789184570312,504.1645202636719,0,0,0,0,0,0,0,0,0,0,0,0,0,0,0,0,0,0,0,0,0,0,0,0,0
2008-02-05 11:30:00+00:00,30,2,11,,,0,0,0,0,0,0,0,0,0,0,0,0,0,0,0,0,0,0,0,0,0,0,0,0,0
2008-02-05 11:30:00+00:00,30,2,11,313.98291015625,202.00436401367188,0,0,0,0,0,0,0,0,0,0,0,0,0,0,0,0,1,0,0,0,0,0,0,0,0
2008-02-05 11:30:00+00:00,30,2,11,80.81743621826172,44.19940185546875,0,0,0,0,0,0,0,0,0,1,1,1,1,1,1,1,1,0,0,0,0,0,0,1,1
2008-02-05 11:30:00+00:00,30,2,11,76.11589050292969,321.86859130859375,0,0,0,0,0,0,0,0,1,1,1,1,1,1,1,1,1,0,0,0,0,0,0,0,0
2008-02-05 11:30:00+00:00,30,2,11,222.7496795654297,115.96426391601562,0,0,0,0,0,0,0,0,0,0,0,0,0,0,1,1,1,0,0,0,0,0,0,0,0
2008-02-05 11:30:00+00:00,30,2,11,59.10692596435547,35.206275939941406,0,0,0,0,0,0,0,1,1,1,1,1,1,1,1,1,1,0,0,0,0,0,1,1,1
2008-02-05 11:30:00+00:00,30,2,11,64.48758697509766,316.3922119140625,0,0,0,0,0,0,0,0,1,1,1,1,1,1,1,1,1,0,0,0,0,0,0,0,0
2008-02-05 11:30:00+00:00,30,2,11,117.3025894165039,114.87207794189453,0,0,0,0,0,0,0,0,0,0,1,1,1,1,1,1,1,0,0,0,0,0,0,0,0
2008-02-05 11:30:00+00:00,30,2,11,85.52062225341797,73.48846435546875,0,0,0,0,0,0,0,0,0,1,1,1,1,1,1,1,1,0,0,0,0,0,0,0,0
2008-02-05 11:30:00+00:00,30,2,11,58.55012893676758,54.90198516845703,0,0,0,0,0,0,0,1,1,1,1,1,1,1,1,1,1,0,0,0,0,0,0,0,1
2008-02-05 11:30:00+00:00,30,2,11,371.56170654296875,354.9265441894531,0,0,0,0,0,0,0,0,0,0,0,0,0,0,0,0,0,0,0,0,0,0,0,0,0
2008-02-05 11:30:00+00:00,30,2,11,,441.2105712890625,0,0,0,0,0,0,0,0,0,0,0,0,0,0,0,0,0,0,0,0,0,0,0,0,0
2008-02-05 11:45:00+00:00,30,2,11,,,0,0,0,0,0,0,0,0,0,0,0,0,0,0,0,0,0,0,0,0,0,0,0,0,0
2008-02-05 11:45:00+00:00,30,2,11,,,0,0,0,0,0,0,0,0,0,0,0,0,0,0,0,0,0,0,0,0,0,0,0,0,0
2008-02-05 11:45:00+00:00,30,2,11,,,0,0,0,0,0,0,0,0,0,0,0,0,0,0,0,0,0,0,0,0,0,0,0,0,0
2008-02-05 11:45:00+00:00,30,2,11,375.3592834472656,388.146728515625,0,0,0,0,0,0,0,0,0,0,0,0,0,0,0,0,0,0,0,0,0,0,0,0,0
2008-02-05 11:45:00+00:00,30,2,11,61.212554931640625,41.856441497802734,0,0,0,0,0,0,0,0,1,1,1,1,1,1,1,1,1,0,0,0,0,0,0,1,1
2008-02-05 11:45:00+00:00,30,2,11,208.78054809570312,198.3101348876953,0,0,0,0,0,0,0,0,0,0,0,0,0,0,1,1,1,0,0,0,0,0,0,0,0
2008-02-05 11:45:00+00:00,30,2,11,52.13920593261719,33.971221923828125,0,0,0,0,0,0,0,1,1,1,1,1,1,1,1,1,1,0,0,0,0,0,1,1,1
2008-02-05 11:45:00+00:00,30,2,11,146.79721069335938,129.17942810058594,0,0,0,0,0,0,0,0,0,0,0,1,1,1,1,1,1,0,0,0,0,0,0,0,0
2008-02-05 11:45:00+00:00,30,2,11,159.7610321044922,169.16412353515625,0,0,0,0,0,0,0,0,0,0,0,0,1,1,1,1,1,0,0,0,0,0,0,0,0
2008-02-05 11:45:00+00:00,30,2,11,40.020477294921875,48.802547454833984,0,0,0,0,0,0,1,1,1,1,1,1,1,1,1,1,1,0,0,0,0,0,0,1,1
2008-02-05 11:45:00+00:00,30,2,11,234.82431030273438,230.1714324951172,0,0,0,0,0,0,0,0,0,0,0,0,0,0,1,1,1,0,0,0,0,0,0,0,0
2008-02-05 12:00:00+00:00,30,2,12,,,0,0,0,0,0,0,0,0,0,0,0,0,0,0,0,0,0,0,0,0,0,0,0,0,0
2008-02-05 12:00:00+00:00,30,2,12,81.75730895996094,68.77142333984375,0,0,0,0,0,0,0,0,0,1,1,1,1,1,1,1,1,0,0,0,0,0,0,0,0
2008-02-05 12:00:00+00:00,30,2,12,537.9366455078125,293.0823974609375,0,0,0,0,0,0,0,0,0,0,0,0,0,0,0,0,0,0,0,0,0,0,0,0,0
2008-02-05 12:00:00+00:00,30,2,12,115.91889190673828,100.39923095703125,0,0,0,0,0,0,0,0,0,0,1,1,1,1,1,1,1,0,0,0,0,0,0,0,0
2008-02-05 12:00:00+00:00,30,2,12,108.470947265625,112.9837417602539,0,0,0,0,0,0,0,0,0,0,1,1,1,1,1,1,1,0,0,0,0,0,0,0,0
2008-02-05 12:00:00+00:00,30,2,12,85.56461334228516,56.53310775756836,0,0,0,0,0,0,0,0,0,1,1,1,1,1,1,1,1,0,0,0,0,0,0,0,1
2008-02-05 12:00:00+00:00,30,2,12,38.66944885253906,36.557254791259766,0,0,0,0,0,1,1,1,1,1,1,1,1,1,1,1,1,0,0,0,0,0,1,1,1
2008-02-05 12:00:00+00:00,30,2,12,,,0,0,0,0,0,0,0,0,0,0,0,0,0,0,0,0,0,0,0,0,0,0,0,0,0
2008-02-05 12:15:00+00:00,30,2,12,,,0,0,0,0,0,0,0,0,0,0,0,0,0,0,0,0,0,0,0,0,0,0,0,0,0
2008-02-05 12:15:00+00:00,30,2,12,,,0,0,0,0,0,0,0,0,0,0,0,0,0,0,0,0,0,0,0,0,0,0,0,0,0
2008-02-05 12:15:00+00:00,30,2,12,408.3633728027344,408.1593017578125,0,0,0,0,0,0,0,0,0,0,0,0,0,0,0,0,0,0,0,0,0,0,0,0,0
2008-02-05 12:15:00+00:00,30,2,12,43.55406188964844,41.29716110229492,0,0,0,0,0,0,1,1,1,1,1,1,1,1,1,1,1,0,0,0,0,0,0,1,1
2008-02-05 12:15:00+00:00,30,2,12,187.69371032714844,195.4930419921875,0,0,0,0,0,0,0,0,0,0,0,0,0,1,1,1,1,0,0,0,0,0,0,0,0
2008-02-05 12:15:00+00:00,30,2,12,55.14383316040039,43.07925033569336,0,0,0,0,0,0,0,1,1,1,1,1,1,1,1,1,1,0,0,0,0,0,0,1,1
2008-02-05 12:15:00+00:00,30,2,12,324.6509704589844,,0,0,0,0,0,0,0,0,0,0,0,0,0,0,0,0,1,0,0,0,0,0,0,0,0
2008-02-05 12:15:00+00:00,30,2,12,,,0,0,0,0,0,0,0,0,0,0,0,0,0,0,0,0,0,0,0,0,0,0,0,0,0
2008-02-05 12:30:00+00:00,30,2,12,,,0,0,0,0,0,0,0,0,0,0,0,0,0,0,0,0,0,0,0,0,0,0,0,0,0
2008-02-05 12:30:00+00:00,30,2,12,219.13951110839844,199.93479919433594,0,0,0,0,0,0,0,0,0,0,0,0,0,0,1,1,1,0,0,0,0,0,0,0,0
2008-02-05 12:30:00+00:00,30,2,12,191.71681213378906,167.83689880371094,0,0,0,0,0,0,0,0,0,0,0,0,0,1,1,1,1,0,0,0,0,0,0,0,0
2008-02-05 12:30:00+00:00,30,2,12,272.9856872558594,104.60865783691406,0,0,0,0,0,0,0,0,0,0,0,0,0,0,0,1,1,0,0,0,0,0,0,0,0
2008-02-05 12:30:00+00:00,30,2,12,100.13788604736328,103.06007385253906,0,0,0,0,0,0,0,0,0,0,1,1,1,1,1,1,1,0,0,0,0,0,0,0,0
2008-02-05 12:30:00+00:00,30,2,12,118.19007873535156,104.76676177978516,0,0,0,0,0,0,0,0,0,0,1,1,1,1,1,1,1,0,0,0,0,0,0,0,0
2008-02-05 12:30:00+00:00,30,2,12,95.53809356689453,71.19551849365234,0,0,0,0,0,0,0,0,0,1,1,1,1,1,1,1,1,0,0,0,0,0,0,0,0
2008-02-05 12:30:00+00:00,30,2,12,280.3949890136719,302.2185974121094,0,0,0,0,0,0,0,0,0,0,0,0,0,0,0,1,1,0,0,0,0,0,0,0,0
2008-02-05 12:30:00+00:00,30,2,12,,,0,0,0,0,0,0,0,0,0,0,0,0,0,0,0,0,0,0,0,0,0,0,0,0,0
2008-02-05 12:30:00+00:00,30,2,12,,,0,0,0,0,0,0,0,0,0,0,0,0,0,0,0,0,0,0,0,0,0,0,0,0,0
2008-02-05 12:45:00+00:00,30,2,12,,,0,0,0,0,0,0,0,0,0,0,0,0,0,0,0,0,0,0,0,0,0,0,0,0,0
2008-02-05 12:45:00+00:00,30,2,12,,,0,0,0,0,0,0,0,0,0,0,0,0,0,0,0,0,0,0,0,0,0,0,0,0,0
2008-02-05 12:45:00+00:00,30,2,12,74.61149597167969,68.68021392822266,0,0,0,0,0,0,0,0,1,1,1,1,1,1,1,1,1,0,0,0,0,0,0,0,0
2008-02-05 12:45:00+00:00,30,2,12,218.8738250732422,155.7867889404297,0,0,0,0,0,0,0,0,0,0,0,0,0,0,1,1,1,0,0,0,0,0,0,0,0
2008-02-05 12:45:00+00:00,30,2,12,184.40399169921875,185.87644958496094,0,0,0,0,0,0,0,0,0,0,0,0,0,1,1,1,1,0,0,0,0,0,0,0,0
2008-02-05 12:45:00+00:00,30,2,12,139.11557006835938,163.95851135253906,0,0,0,0,0,0,0,0,0,0,0,1,1,1,1,1,1,0,0,0,0,0,0,0,0
2008-02-05 12:45:00+00:00,30,2,12,158.07904052734375,6.149320125579834,0,0,0,0,0,0,0,0,0,0,0,0,1,1,1,1,1,1,1,1,1,1,1,1,1
2008-02-05 12:45:00+00:00,30,2,12,76.48310089111328,53.34117889404297,0,0,0,0,0,0,0,0,1,1,1,1,1,1,1,1,1,0,0,0,0,0,0,0,1
2008-02-05 13:00:00+00:00,30,2,13,,,0,0,0,0,0,0,0,0,0,0,0,0,0,0,0,0,0,0,0,0,0,0,0,0,0
2008-02-05 13:00:00+00:00,30,2,13,,,0,0,0,0,0,0,0,0,0,0,0,0,0,0,0,0,0,0,0,0,0,0,0,0,0
2008-02-05 13:00:00+00:00,30,2,13,,,0,0,0,0,0,0,0,0,0,0,0,0,0,0,0,0,0,0,0,0,0,0,0,0,0
2008-02-05 13:00:00+00:00,30,2,13,,,0,0,0,0,0,0,0,0,0,0,0,0,0,0,0,0,0,0,0,0,0,0,0,0,0
2008-02-05 13:00:00+00:00,30,2,13,246.93983459472656,245.024658203125,0,0,0,0,0,0,0,0,0,0,0,0,0,0,1,1,1,0,0,0,0,0,0,0,0
2008-02-05 13:00:00+00:00,30,2,13,150.31723022460938,114.71196746826172,0,0,0,0,0,0,0,0,0,0,0,0,1,1,1,1,1,0,0,0,0,0,0,0,0
2008-02-05 13:00:00+00:00,30,2,13,62.4029541015625,52.84206771850586,0,0,0,0,0,0,0,0,1,1,1,1,1,1,1,1,1,0,0,0,0,0,0,0,1
2008-02-05 13:00:00+00:00,30,2,13,27.921100616455078,25.112863540649414,0,0,0,0,1,1,1,1,1,1,1,1,1,1,1,1,1,0,0,0,0,1,1,1,1
2008-02-05 13:00:00+00:00,30,2,13,230.09620666503906,215.97312927246094,0,0,0,0,0,0,0,0,0,0,0,0,0,0,1,1,1,0,0,0,0,0,0,0,0
2008-02-05 13:00:00+00:00,30,2,13,53.45619583129883,66.74058532714844,0,0,0,0,0,0,0,1,1,1,1,1,1,1,1,1,1,0,0,0,0,0,0,0,0
2008-02-05 13:00:00+00:00,30,2,13,153.8432159423828,148.29202270507812,0,0,0,0,0,0,0,0,0,0,0,0,1,1,1,1,1,0,0,0,0,0,0,0,0
2008-02-05 13:15:00+00:00,30,2,13,,,0,0,0,0,0,0,0,0,0,0,0,0,0,0,0,0,0,0,0,0,0,0,0,0,0
2008-02-05 13:15:00+00:00,30,2,13,,,0,0,0,0,0,0,0,0,0,0,0,0,0,0,0,0,0,0,0,0,0,0,0,0,0
2008-02-05 13:15:00+00:00,30,2,13,,,0,0,0,0,0,0,0,0,0,0,0,0,0,0,0,0,0,0,0,0,0,0,0,0,0
2008-02-05 13:15:00+00:00,30,2,13,,,0,0,0,0,0,0,0,0,0,0,0,0,0,0,0,0,0,0,0,0,0,0,0,0,0
2008-02-05 13:15:00+00:00,30,2,13,408.4909362792969,187.26487731933594,0,0,0,0,0,0,0,0,0,0,0,0,0,0,0,0,0,0,0,0,0,0,0,0,0
2008-02-05 13:15:00+00:00,30,2,13,171.40252685546875,168.681884765625,0,0,0,0,0,0,0,0,0,0,0,0,1,1,1,1,1,0,0,0,0,0,0,0,0
2008-02-05 13:15:00+00:00,30,2,13,340.717041015625,300.5090026855469,0,0,0,0,0,0,0,0,0,0,0,0,0,0,0,0,1,0,0,0,0,0,0,0,0
2008-02-05 13:15:00+00:00,30,2,13,237.75357055664062,255.98776245117188,0,0,0,0,0,0,0,0,0,0,0,0,0,0,1,1,1,0,0,0,0,0,0,0,0
2008-02-05 13:15:00+00:00,30,2,13,125.7913818359375,108.23230743408203,0,0,0,0,0,0,0,0,0,0,0,1,1,1,1,1,1,0,0,0,0,0,0,0,0
2008-02-05 13:15:00+00:00,30,2,13,65.96925354003906,72.89539337158203,0,0,0,0,0,0,0,0,1,1,1,1,1,1,1,1,1,0,0,0,0,0,0,0,0
2008-02-05 13:15:00+00:00,30,2,13,235.4828338623047,98.09213256835938,0,0,0,0,0,0,0,0,0,0,0,0,0,0,1,1,1,0,0,0,0,0,0,0,0
2008-02-05 13:15:00+00:00,30,2,13,232.0153350830078,9.45533275604248,0,0,0,0,0,0,0,0,0,0,0,0,0,0,1,1,1,1,1,1,1,1,1,1,1
2008-02-05 13:15:00+00:00,30,2,13,163.5604705810547,216.63316345214844,0,0,0,0,0,0,0,0,0,0,0,0,1,1,1,1,1,0,0,0,0,0,0,0,0
2008-02-05 13:15:00+00:00,30,2,13,380.6298522949219,376.140625,0,0,0,0,0,0,0,0,0,0,0,0,0,0,0,0,0,0,0,0,0,0,0,0,0
2008-02-05 13:15:00+00:00,30,2,13,184.922119140625,171.8780975341797,0,0,0,0,0,0,0,0,0,0,0,0,0,1,1,1,1,0,0,0,0,0,0,0,0
2008-02-05 13:15:00+00:00,30,2,13,53.843414306640625,35.1234245300293,0,0,0,0,0,0,0,1,1,1,1,1,1,1,1,1,1,0,0,0,0,0,1,1,1
2008-02-05 13:15:00+00:00,30,2,13,78.28312683105469,37.73868942260742,0,0,0,0,0,0,0,0,1,1,1,1,1,1,1,1,1,0,0,0,0,0,1,1,1
2008-02-05 13:15:00+00:00,30,2,13,63.4515495300293,0.0,0,0,0,0,0,0,0,0,1,1,1,1,1,1,1,1,1,1,1,1,1,1,1,1,1
2008-02-05 13:15:00+00:00,30,2,13,42.70843505859375,44.30445098876953,0,0,0,0,0,0,1,1,1,1,1,1,1,1,1,1,1,0,0,0,0,0,0,1,1
2008-02-05 13:15:00+00:00,30,2,13,228.98284912109375,219.18092346191406,0,0,0,0,0,0,0,0,0,0,0,0,0,0,1,1,1,0,0,0,0,0,0,0,0
2008-02-05 13:30:00+00:00,30,2,13,380.0720520019531,146.16128540039062,0,0,0,0,0,0,0,0,0,0,0,0,0,0,0,0,0,0,0,0,0,0,0,0,0
2008-02-05 13:30:00+00:00,30,2,13,126.36372375488281,5.647805690765381,0,0,0,0,0,0,0,0,0,0,0,1,1,1,1,1,1,1,1,1,1,1,1,1,1
2008-02-05 13:30:00+00:00,30,2,13,189.82420349121094,181.5041046142578,0,0,0,0,0,0,0,0,0,0,0,0,0,1,1,1,1,0,0,0,0,0,0,0,0
2008-02-05 13:30:00+00:00,30,2,13,109.79377746582031,174.5463104248047,0,0,0,0,0,0,0,0,0,0,1,1,1,1,1,1,1,0,0,0,0,0,0,0,0
2008-02-05 13:30:00+00:00,30,2,13,118.60585021972656,120.96317291259766,0,0,0,0,0,0,0,0,0,0,1,1,1,1,1,1,1,0,0,0,0,0,0,0,0
2008-02-05 13:30:00+00:00,30,2,13,192.99143981933594,90.22886657714844,0,0,0,0,0,0,0,0,0,0,0,0,0,1,1,1,1,0,0,0,0,0,0,0,0
2008-02-05 13:30:00+00:00,30,2,13,249.38731384277344,210.91049194335938,0,0,0,0,0,0,0,0,0,0,0,0,0,0,1,1,1,0,0,0,0,0,0,0,0
2008-02-05 13:30:00+00:00,30,2,13,124.75962829589844,140.7461700439453,0,0,0,0,0,0,0,0,0,0,0,1,1,1,1,1,1,0,0,0,0,0,0,0,0
2008-02-05 13:30:00+00:00,30,2,13,56.95457077026367,26.16388702392578,0,0,0,0,0,0,0,1,1,1,1,1,1,1,1,1,1,0,0,0,0,1,1,1,1
2008-02-05 13:30:00+00:00,30,2,13,267.60638427734375,250.7538604736328,0,0,0,0,0,0,0,0,0,0,0,0,0,0,0,1,1,0,0,0,0,0,0,0,0
2008-02-05 13:30:00+00:00,30,2,13,60.20154571533203,29.97211265563965,0,0,0,0,0,0,0,0,1,1,1,1,1,1,1,1,1,0,0,0,0,1,1,1,1
2008-02-05 13:30:00+00:00,30,2,13,40.85633087158203,0.0,0,0,0,0,0,0,1,1,1,1,1,1,1,1,1,1,1,1,1,1,1,1,1,1,1
2008-02-05 13:30:00+00:00,30,2,13,234.44387817382812,191.4137420654297,0,0,0,0,0,0,0,0,0,0,0,0,0,0,1,1,1,0,0,0,0,0,0,0,0
2008-02-05 13:30:00+00:00,30,2,13,,,0,0,0,0,0,0,0,0,0,0,0,0,0,0,0,0,0,0,0,0,0,0,0,0,0
2008-02-05 13:30:00+00:00,30,2,13,,,0,0,0,0,0,0,0,0,0,0,0,0,0,0,0,0,0,0,0,0,0,0,0,0,0
2008-02-05 13:45:00+00:00,30,2,13,,,0,0,0,0,0,0,0,0,0,0,0,0,0,0,0,0,0,0,0,0,0,0,0,0,0
2008-02-05 13:45:00+00:00,30,2,13,519.5638427734375,361.37176513671875,0,0,0,0,0,0,0,0,0,0,0,0,0,0,0,0,0,0,0,0,0,0,0,0,0
2008-02-05 13:45:00+00:00,30,2,13,194.62615966796875,57.056339263916016,0,0,0,0,0,0,0,0,0,0,0,0,0,1,1,1,1,0,0,0,0,0,0,0,1
2008-02-05 13:45:00+00:00,30,2,13,57.12588119506836,55.21546173095703,0,0,0,0,0,0,0,1,1,1,1,1,1,1,1,1,1,0,0,0,0,0,0,0,1
2008-02-05 13:45:00+00:00,30,2,13,185.4066925048828,185.4066925048828,0,0,0,0,0,0,0,0,0,0,0,0,0,1,1,1,1,0,0,0,0,0,0,0,0
2008-02-05 13:45:00+00:00,30,2,13,64.34774780273438,60.11540985107422,0,0,0,0,0,0,0,0,1,1,1,1,1,1,1,1,1,0,0,0,0,0,0,0,0
2008-02-05 13:45:00+00:00,30,2,13,122.65531158447266,86.33466339111328,0,0,0,0,0,0,0,0,0,0,0,1,1,1,1,1,1,0,0,0,0,0,0,0,0
2008-02-05 13:45:00+00:00,30,2,13,29.34724998474121,45.3660888671875,0,0,0,0,1,1,1,1,1,1,1,1,1,1,1,1,1,0,0,0,0,0,0,1,1
2008-02-05 13:45:00+00:00,30,2,13,73.6844253540039,47.377628326416016,0,0,0,0,0,0,0,0,1,1,1,1,1,1,1,1,1,0,0,0,0,0,0,1,1
2008-02-05 13:45:00+00:00,30,2,13,495.3680725097656,476.9720764160156,0,0,0,0,0,0,0,0,0,0,0,0,0,0,0,0,0,0,0,0,0,0,0,0,0
2008-02-05 13:45:00+00:00,30,2,13,96.14350891113281,117.89568328857422,0,0,0,0,0,0,0,0,0,1,1,1,1,1,1,1,1,0,0,0,0,0,0,0,0
2008-02-05 13:45:00+00:00,30,2,13,130.44662475585938,154.40823364257812,0,0,0,0,0,0,0,0,0,0,0,1,1,1,1,1,1,0,0,0,0,0,0,0,0
2008-02-05 13:45:00+00:00,30,2,13,101.43230438232422,9.058584213256836,0,0,0,0,0,0,0,0,0,0,1,1,1,1,1,1,1,1,1,1,1,1,1,1,1
2008-02-05 13:45:00+00:00,30,2,13,120.29702758789062,0.0,0,0,0,0,0,0,0,0,0,0,0,1,1,1,1,1,1,1,1,1,1,1,1,1,1
2008-02-05 13:45:00+00:00,30,2,13,124.60172271728516,131.0729522705078,0,0,0,0,0,0,0,0,0,0,0,1,1,1,1,1,1,0,0,0,0,0,0,0,0
2008-02-05 13:45:00+00:00,30,2,13,442.70428466796875,419.6324768066406,0,0,0,0,0,0,0,0,0,0,0,0,0,0,0,0,0,0,0,0,0,0,0,0,0
2008-02-05 13:45:00+00:00,30,2,13,,111.7133560180664,0,0,0,0,0,0,0,0,0,0,0,0,0,0,0,0,0,0,0,0,0,0,0,0,0
2008-02-05 14:00:00+00:00,30,2,14,,,0,0,0,0,0,0,0,0,0,0,0,0,0,0,0,0,0,0,0,0,0,0,0,0,0
2008-02-05 14:00:00+00:00,30,2,14,399.2857666015625,403.68255615234375,0,0,0,0,0,0,0,0,0,0,0,0,0,0,0,0,0,0,0,0,0,0,0,0,0
2008-02-05 14:00:00+00:00,30,2,14,140.37176513671875,136.29684448242188,0,0,0,0,0,0,0,0,0,0,0,1,1,1,1,1,1,0,0,0,0,0,0,0,0
2008-02-05 14:00:00+00:00,30,2,14,239.1716766357422,229.47164916992188,0,0,0,0,0,0,0,0,0,0,0,0,0,0,1,1,1,0,0,0,0,0,0,0,0
2008-02-05 14:00:00+00:00,30,2,14,36.565406799316406,38.42521667480469,0,0,0,0,0,1,1,1,1,1,1,1,1,1,1,1,1,0,0,0,0,0,1,1,1
2008-02-05 14:00:00+00:00,30,2,14,122.3533706665039,6.917576313018799,0,0,0,0,0,0,0,0,0,0,0,1,1,1,1,1,1,1,1,1,1,1,1,1,1
2008-02-05 14:00:00+00:00,30,2,14,292.978271484375,275.4154968261719,0,0,0,0,0,0,0,0,0,0,0,0,0,0,0,1,1,0,0,0,0,0,0,0,0
2008-02-05 14:00:00+00:00,30,2,14,295.48779296875,278.298095703125,0,0,0,0,0,0,0,0,0,0,0,0,0,0,0,1,1,0,0,0,0,0,0,0,0
2008-02-05 14:15:00+00:00,30,2,14,,,0,0,0,0,0,0,0,0,0,0,0,0,0,0,0,0,0,0,0,0,0,0,0,0,0
2008-02-05 14:15:00+00:00,30,2,14,375.1571350097656,405.2516784667969,0,0,0,0,0,0,0,0,0,0,0,0,0,0,0,0,0,0,0,0,0,0,0,0,0
2008-02-05 14:15:00+00:00,30,2,14,129.06216430664062,137.91506958007812,0,0,0,0,0,0,0,0,0,0,0,1,1,1,1,1,1,0,0,0,0,0,0,0,0
2008-02-05 14:15:00+00:00,30,2,14,188.62435913085938,180.44326782226562,0,0,0,0,0,0,0,0,0,0,0,0,0,1,1,1,1,0,0,0,0,0,0,0,0
2008-02-05 14:15:00+00:00,30,2,14,77.84487915039062,76.35009002685547,0,0,0,0,0,0,0,0,1,1,1,1,1,1,1,1,1,0,0,0,0,0,0,0,0
2008-02-05 14:15:00+00:00,30,2,14,,13.727034568786621,0,0,0,0,0,0,0,0,0,0,0,0,0,0,0,0,0,0,1,1,1,1,1,1,1
2008-02-05 14:15:00+00:00,30,2,14,300.27362060546875,281.671630859375,0,0,0,0,0,0,0,0,0,0,0,0,0,0,0,0,1,0,0,0,0,0,0,0,0
2008-02-05 14:15:00+00:00,30,2,14,,,0,0,0,0,0,0,0,0,0,0,0,0,0,0,0,0,0,0,0,0,0,0,0,0,0
2008-02-05 14:15:00+00:00,30,2,14,336.3349609375,339.4693603515625,0,0,0,0,0,0,0,0,0,0,0,0,0,0,0,0,1,0,0,0,0,0,0,0,0
2008-02-05 14:30:00+00:00,30,2,14,159.1857147216797,138.2676239013672,0,0,0,0,0,0,0,0,0,0,0,0,1,1,1,1,1,0,0,0,0,0,0,0,0
2008-02-05 14:30:00+00:00,30,2,14,85.80577087402344,66.39374542236328,0,0,0,0,0,0,0,0,0,1,1,1,1,1,1,1,1,0,0,0,0,0,0,0,0
2008-02-05 14:30:00+00:00,30,2,14,,,0,0,0,0,0,0,0,0,0,0,0,0,0,0,0,0,0,0,0,0,0,0,0,0,0
2008-02-05 14:45:00+00:00,30,2,14,,,0,0,0,0,0,0,0,0,0,0,0,0,0,0,0,0,0,0,0,0,0,0,0,0,0
2008-02-05 14:45:00+00:00,30,2,14,113.81298828125,132.47779846191406,0,0,0,0,0,0,0,0,0,0,1,1,1,1,1,1,1,0,0,0,0,0,0,0,0
2008-02-05 14:45:00+00:00,30,2,14,65.6889877319336,65.6889877319336,0,0,0,0,0,0,0,0,1,1,1,1,1,1,1,1,1,0,0,0,0,0,0,0,0
2008-02-05 14:45:00+00:00,30,2,14,102.57311248779297,94.52741241455078,0,0,0,0,0,0,0,0,0,0,1,1,1,1,1,1,1,0,0,0,0,0,0,0,0
2008-02-05 14:45:00+00:00,30,2,14,192.07821655273438,182.89968872070312,0,0,0,0,0,0,0,0,0,0,0,0,0,1,1,1,1,0,0,0,0,0,0,0,0
2008-02-05 14:45:00+00:00,30,2,14,166.82174682617188,157.4925994873047,0,0,0,0,0,0,0,0,0,0,0,0,1,1,1,1,1,0,0,0,0,0,0,0,0
2008-02-05 14:45:00+00:00,30,2,14,154.2046356201172,141.94801330566406,0,0,0,0,0,0,0,0,0,0,0,0,1,1,1,1,1,0,0,0,0,0,0,0,0
2008-02-05 14:45:00+00:00,30,2,14,21.888330459594727,49.21598815917969,0,0,0,1,1,1,1,1,1,1,1,1,1,1,1,1,1,0,0,0,0,0,0,1,1
2008-02-05 14:45:00+00:00,30,2,14,89.02262878417969,57.499759674072266,0,0,0,0,0,0,0,0,0,1,1,1,1,1,1,1,1,0,0,0,0,0,0,0,1
2008-02-05 14:45:00+00:00,30,2,14,80.13926696777344,59.21105194091797,0,0,0,0,0,0,0,0,0,1,1,1,1,1,1,1,1,0,0,0,0,0,0,0,1
2008-02-05 14:45:00+00:00,30,2,14,162.47116088867188,172.66033935546875,0,0,0,0,0,0,0,0,0,0,0,0,1,1,1,1,1,0,0,0,0,0,0,0,0
2008-02-05 14:45:00+00:00,30,2,14,125.1998062133789,143.60882568359375,0,0,0,0,0,0,0,0,0,0,0,1,1,1,1,1,1,0,0,0,0,0,0,0,0
2008-02-05 14:45:00+00:00,30,2,14,189.56338500976562,0.0,0,0,0,0,0,0,0,0,0,0,0,0,0,1,1,1,1,1,1,1,1,1,1,1,1
2008-02-05 14:45:00+00:00,30,2,14,116.26868438720703,88.1025161743164,0,0,0,0,0,0,0,0,0,0,1,1,1,1,1,1,1,0,0,0,0,0,0,0,0
2008-02-05 14:45:00+00:00,30,2,14,142.09739685058594,81.1742935180664,0,0,0,0,0,0,0,0,0,0,0,1,1,1,1,1,1,0,0,0,0,0,0,0,0
2008-02-05 14:45:00+00:00,30,2,14,,71.77840423583984,0,0,0,0,0,0,0,0,0,0,0,0,0,0,0,0,0,0,0,0,0,0,0,0,0
2008-02-05 14:45:00+00:00,30,2,14,,,0,0,0,0,0,0,0,0,0,0,0,0,0,0,0,0,0,0,0,0,0,0,0,0,0
2008-02-05 15:00:00+00:00,30,2,15,,,0,0,0,0,0,0,0,0,0,0,0,0,0,0,0,0,0,0,0,0,0,0,0,0,0
2008-02-05 15:00:00+00:00,30,2,15,79.49547576904297,65.1310806274414,0,0,0,0,0,0,0,0,1,1,1,1,1,1,1,1,1,0,0,0,0,0,0,0,0
2008-02-05 15:00:00+00:00,30,2,15,128.06422424316406,116.600830078125,0,0,0,0,0,0,0,0,0,0,0,1,1,1,1,1,1,0,0,0,0,0,0,0,0
2008-02-05 15:00:00+00:00,30,2,15,160.4754180908203,176.20050048828125,0,0,0,0,0,0,0,0,0,0,0,0,1,1,1,1,1,0,0,0,0,0,0,0,0
2008-02-05 15:00:00+00:00,30,2,15,204.16656494140625,194.3877410888672,0,0,0,0,0,0,0,0,0,0,0,0,0,0,1,1,1,0,0,0,0,0,0,0,0
2008-02-05 15:00:00+00:00,30,2,15,124.74519348144531,113.66297149658203,0,0,0,0,0,0,0,0,0,0,0,1,1,1,1,1,1,0,0,0,0,0,0,0,0
2008-02-05 15:00:00+00:00,30,2,15,43.08776092529297,33.26109313964844,0,0,0,0,0,0,1,1,1,1,1,1,1,1,1,1,1,0,0,0,0,0,1,1,1
2008-02-05 15:00:00+00:00,30,2,15,123.76473999023438,0.0,0,0,0,0,0,0,0,0,0,0,0,1,1,1,1,1,1,1,1,1,1,1,1,1,1
2008-02-05 15:00:00+00:00,30,2,15,86.67467498779297,0.0,0,0,0,0,0,0,0,0,0,1,1,1,1,1,1,1,1,1,1,1,1,1,1,1,1
2008-02-05 15:00:00+00:00,30,2,15,49.95072937011719,15.300334930419922,0,0,0,0,0,0,1,1,1,1,1,1,1,1,1,1,1,0,0,1,1,1,1,1,1
2008-02-05 15:00:00+00:00,30,2,15,123.69416809082031,114.21382141113281,0,0,0,0,0,0,0,0,0,0,0,1,1,1,1,1,1,0,0,0,0,0,0,0,0
2008-02-05 15:00:00+00:00,30,2,15,33.796852111816406,24.75823402404785,0,0,0,0,0,1,1,1,1,1,1,1,1,1,1,1,1,0,0,0,1,1,1,1,1
2008-02-05 15:00:00+00:00,30,2,15,102.68980407714844,0.0,0,0,0,0,0,0,0,0,0,0,1,1,1,1,1,1,1,1,1,1,1,1,1,1,1
2008-02-05 15:00:00+00:00,30,2,15,421.52581787109375,439.7200927734375,0,0,0,0,0,0,0,0,0,0,0,0,0,0,0,0,0,0,0,0,0,0,0,0,0
2008-02-05 15:00:00+00:00,30,2,15,77.33821868896484,53.70057678222656,0,0,0,0,0,0,0,0,1,1,1,1,1,1,1,1,1,0,0,0,0,0,0,0,1
2008-02-05 15:15:00+00:00,30,2,15,,,0,0,0,0,0,0,0,0,0,0,0,0,0,0,0,0,0,0,0,0,0,0,0,0,0
2008-02-05 15:15:00+00:00,30,2,15,218.0354766845703,209.25128173828125,0,0,0,0,0,0,0,0,0,0,0,0,0,0,1,1,1,0,0,0,0,0,0,0,0
2008-02-05 15:15:00+00:00,30,2,15,242.2479705810547,181.42874145507812,0,0,0,0,0,0,0,0,0,0,0,0,0,0,1,1,1,0,0,0,0,0,0,0,0
2008-02-05 15:15:00+00:00,30,2,15,216.9947052001953,130.3338165283203,0,0,0,0,0,0,0,0,0,0,0,0,0,0,1,1,1,0,0,0,0,0,0,0,0
2008-02-05 15:15:00+00:00,30,2,15,250.96803283691406,249.0870361328125,0,0,0,0,0,0,0,0,0,0,0,0,0,0,0,1,1,0,0,0,0,0,0,0,0
2008-02-05 15:15:00+00:00,30,2,15,112.722900390625,136.41265869140625,0,0,0,0,0,0,0,0,0,0,1,1,1,1,1,1,1,0,0,0,0,0,0,0,0
2008-02-05 15:15:00+00:00,30,2,15,238.4137420654297,212.21961975097656,0,0,0,0,0,0,0,0,0,0,0,0,0,0,1,1,1,0,0,0,0,0,0,0,0
2008-02-05 15:15:00+00:00,30,2,15,220.0637664794922,3.2059643268585205,0,0,0,0,0,0,0,0,0,0,0,0,0,0,1,1,1,1,1,1,1,1,1,1,1
2008-02-05 15:15:00+00:00,30,2,15,376.1816101074219,458.8992919921875,0,0,0,0,0,0,0,0,0,0,0,0,0,0,0,0,0,0,0,0,0,0,0,0,0
2008-02-05 15:15:00+00:00,30,2,15,97.4875717163086,13.487896919250488,0,0,0,0,0,0,0,0,0,1,1,1,1,1,1,1,1,0,1,1,1,1,1,1,1
2008-02-05 15:15:00+00:00,30,2,15,271.80914306640625,263.5476379394531,0,0,0,0,0,0,0,0,0,0,0,0,0,0,0,1,1,0,0,0,0,0,0,0,0
2008-02-05 15:30:00+00:00,30,2,15,,,0,0,0,0,0,0,0,0,0,0,0,0,0,0,0,0,0,0,0,0,0,0,0,0,0
2008-02-05 15:30:00+00:00,30,2,15,90.5434799194336,95.92878723144531,0,0,0,0,0,0,0,0,0,1,1,1,1,1,1,1,1,0,0,0,0,0,0,0,0
2008-02-05 15:30:00+00:00,30,2,15,45.46414566040039,45.171024322509766,0,0,0,0,0,0,1,1,1,1,1,1,1,1,1,1,1,0,0,0,0,0,0,1,1
2008-02-05 15:45:00+00:00,30,2,15,,,0,0,0,0,0,0,0,0,0,0,0,0,0,0,0,0,0,0,0,0,0,0,0,0,0
2008-02-05 15:45:00+00:00,30,2,15,159.50340270996094,139.90240478515625,0,0,0,0,0,0,0,0,0,0,0,0,1,1,1,1,1,0,0,0,0,0,0,0,0
2008-02-05 15:45:00+00:00,30,2,15,88.2751693725586,95.04953002929688,0,0,0,0,0,0,0,0,0,1,1,1,1,1,1,1,1,0,0,0,0,0,0,0,0
2008-02-05 15:45:00+00:00,30,2,15,163.80032348632812,192.03501892089844,0,0,0,0,0,0,0,0,0,0,0,0,1,1,1,1,1,0,0,0,0,0,0,0,0
2008-02-05 15:45:00+00:00,30,2,15,218.64434814453125,6.1316819190979,0,0,0,0,0,0,0,0,0,0,0,0,0,0,1,1,1,1,1,1,1,1,1,1,1
2008-02-05 16:00:00+00:00,30,2,16,,,0,0,0,0,0,0,0,0,0,0,0,0,0,0,0,0,0,0,0,0,0,0,0,0,0
2008-02-05 16:00:00+00:00,30,2,16,63.55047607421875,181.70997619628906,0,0,0,0,0,0,0,0,1,1,1,1,1,1,1,1,1,0,0,0,0,0,0,0,0
2008-02-05 16:00:00+00:00,30,2,16,82.75675964355469,87.02661895751953,0,0,0,0,0,0,0,0,0,1,1,1,1,1,1,1,1,0,0,0,0,0,0,0,0
2008-02-05 16:00:00+00:00,30,2,16,164.5588836669922,198.82801818847656,0,0,0,0,0,0,0,0,0,0,0,0,1,1,1,1,1,0,0,0,0,0,0,0,0
2008-02-05 16:15:00+00:00,30,2,16,,,0,0,0,0,0,0,0,0,0,0,0,0,0,0,0,0,0,0,0,0,0,0,0,0,0
2008-02-05 16:15:00+00:00,30,2,16,107.42512512207031,105.15565490722656,0,0,0,0,0,0,0,0,0,0,1,1,1,1,1,1,1,0,0,0,0,0,0,0,0
2008-02-05 16:15:00+00:00,30,2,16,180.7340545654297,160.418701171875,0,0,0,0,0,0,0,0,0,0,0,0,0,1,1,1,1,0,0,0,0,0,0,0,0
2008-02-05 16:15:00+00:00,30,2,16,113.1279067993164,121.33441925048828,0,0,0,0,0,0,0,0,0,0,1,1,1,1,1,1,1,0,0,0,0,0,0,0,0
2008-02-05 16:15:00+00:00,30,2,16,266.3710021972656,275.037109375,0,0,0,0,0,0,0,0,0,0,0,0,0,0,0,1,1,0,0,0,0,0,0,0,0
2008-02-05 16:15:00+00:00,30,2,16,217.451171875,241.91981506347656,0,0,0,0,0,0,0,0,0,0,0,0,0,0,1,1,1,0,0,0,0,0,0,0,0
2008-02-05 16:15:00+00:00,30,2,16,49.31686019897461,48.3316535949707,0,0,0,0,0,0,1,1,1,1,1,1,1,1,1,1,1,0,0,0,0,0,0,1,1
2008-02-05 16:15:00+00:00,30,2,16,114.35472869873047,107.91009521484375,0,0,0,0,0,0,0,0,0,0,1,1,1,1,1,1,1,0,0,0,0,0,0,0,0
2008-02-05 16:15:00+00:00,30,2,16,64.28341674804688,57.76499557495117,0,0,0,0,0,0,0,0,1,1,1,1,1,1,1,1,1,0,0,0,0,0,0,0,1
2008-02-05 16:15:00+00:00,30,2,16,289.212158203125,24.368141174316406,0,0,0,0,0,0,0,0,0,0,0,0,0,0,0,1,1,0,0,0,1,1,1,1,1
2008-02-05 16:30:00+00:00,30,2,16,,,0,0,0,0,0,0,0,0,0,0,0,0,0,0,0,0,0,0,0,0,0,0,0,0,0
2008-02-05 16:30:00+00:00,30,2,16,156.06700134277344,165.22364807128906,0,0,0,0,0,0,0,0,0,0,0,0,1,1,1,1,1,0,0,0,0,0,0,0,0
2008-02-05 16:30:00+00:00,30,2,16,288.7084655761719,274.7779846191406,0,0,0,0,0,0,0,0,0,0,0,0,0,0,0,1,1,0,0,0,0,0,0,0,0
2008-02-05 16:30:00+00:00,30,2,16,197.67355346679688,191.59144592285156,0,0,0,0,0,0,0,0,0,0,0,0,0,1,1,1,1,0,0,0,0,0,0,0,0
2008-02-05 16:30:00+00:00,30,2,16,246.6168212890625,252.59625244140625,0,0,0,0,0,0,0,0,0,0,0,0,0,0,1,1,1,0,0,0,0,0,0,0,0
2008-02-05 16:30:00+00:00,30,2,16,284.12640380859375,265.9440612792969,0,0,0,0,0,0,0,0,0,0,0,0,0,0,0,1,1,0,0,0,0,0,0,0,0
2008-02-05 16:30:00+00:00,30,2,16,300.6883544921875,116.96245574951172,0,0,0,0,0,0,0,0,0,0,0,0,0,0,0,0,1,0,0,0,0,0,0,0,0
2008-02-05 16:45:00+00:00,30,2,16,53.42963790893555,65.60691833496094,0,0,0,0,0,0,0,1,1,1,1,1,1,1,1,1,1,0,0,0,0,0,0,0,0
2008-02-05 16:45:00+00:00,30,2,16,477.44427490234375,462.47607421875,0,0,0,0,0,0,0,0,0,0,0,0,0,0,0,0,0,0,0,0,0,0,0,0,0
2008-02-05 16:45:00+00:00,30,2,16,43.875335693359375,19.302330017089844,0,0,0,0,0,0,1,1,1,1,1,1,1,1,1,1,1,0,0,1,1,1,1,1,1
2008-02-05 17:00:00+00:00,30,2,17,278.81878662109375,273.3348388671875,0,0,0,0,0,0,0,0,0,0,0,0,0,0,0,1,1,0,0,0,0,0,0,0,0
2008-02-05 17:00:00+00:00,30,2,17,413.6877746582031,434.7811279296875,0,0,0,0,0,0,0,0,0,0,0,0,0,0,0,0,0,0,0,0,0,0,0,0,0
2008-02-05 17:00:00+00:00,30,2,17,46.456390380859375,86.69685363769531,0,0,0,0,0,0,1,1,1,1,1,1,1,1,1,1,1,0,0,0,0,0,0,0,0
2008-02-05 17:15:00+00:00,30,2,17,107.78523254394531,344.85888671875,0,0,0,0,0,0,0,0,0,0,1,1,1,1,1,1,1,0,0,0,0,0,0,0,0
2008-02-05 17:30:00+00:00,30,2,17,144.2539825439453,128.54661560058594,0,0,0,0,0,0,0,0,0,0,0,1,1,1,1,1,1,0,0,0,0,0,0,0,0
2008-02-05 17:30:00+00:00,30,2,17,82.00605010986328,97.73477935791016,0,0,0,0,0,0,0,0,0,1,1,1,1,1,1,1,1,0,0,0,0,0,0,0,0
2008-02-05 17:30:00+00:00,30,2,17,96.91552734375,102.4290542602539,0,0,0,0,0,0,0,0,0,1,1,1,1,1,1,1,1,0,0,0,0,0,0,0,0
2008-02-05 17:45:00+00:00,30,2,17,,,0,0,0,0,0,0,0,0,0,0,0,0,0,0,0,0,0,0,0,0,0,0,0,0,0
2008-02-05 17:45:00+00:00,30,2,17,218.35398864746094,230.1494598388672,0,0,0,0,0,0,0,0,0,0,0,0,0,0,1,1,1,0,0,0,0,0,0,0,0
2008-02-05 17:45:00+00:00,30,2,17,297.4732360839844,312.4399108886719,0,0,0,0,0,0,0,0,0,0,0,0,0,0,0,1,1,0,0,0,0,0,0,0,0
2008-02-05 17:45:00+00:00,30,2,17,266.96429443359375,,0,0,0,0,0,0,0,0,0,0,0,0,0,0,0,1,1,0,0,0,0,0,0,0,0
2008-02-05 17:45:00+00:00,30,2,17,356.21307373046875,397.49493408203125,0,0,0,0,0,0,0,0,0,0,0,0,0,0,0,0,0,0,0,0,0,0,0,0,0
2008-02-05 17:45:00+00:00,30,2,17,259.07037353515625,251.80038452148438,0,0,0,0,0,0,0,0,0,0,0,0,0,0,0,1,1,0,0,0,0,0,0,0,0
2008-02-05 17:45:00+00:00,30,2,17,77.18628692626953,60.34678649902344,0,0,0,0,0,0,0,0,1,1,1,1,1,1,1,1,1,0,0,0,0,0,0,0,0
2008-02-06 11:30:00+00:00,30,2,11,,,0,0,0,0,0,0,0,0,0,0,0,0,0,0,0,0,0,0,0,0,0,0,0,0,0
2008-02-06 11:30:00+00:00,30,2,11,,,0,0,0,0,0,0,0,0,0,0,0,0,0,0,0,0,0,0,0,0,0,0,0,0,0
2008-02-06 11:30:00+00:00,30,2,11,,,0,0,0,0,0,0,0,0,0,0,0,0,0,0,0,0,0,0,0,0,0,0,0,0,0
2008-02-06 11:30:00+00:00,30,2,11,,,0,0,0,0,0,0,0,0,0,0,0,0,0,0,0,0,0,0,0,0,0,0,0,0,0
2008-02-06 11:30:00+00:00,30,2,11,,,0,0,0,0,0,0,0,0,0,0,0,0,0,0,0,0,0,0,0,0,0,0,0,0,0
2008-02-06 11:30:00+00:00,30,2,11,,,0,0,0,0,0,0,0,0,0,0,0,0,0,0,0,0,0,0,0,0,0,0,0,0,0
2008-02-06 11:30:00+00:00,30,2,11,259.5022888183594,200.59271240234375,0,0,0,0,0,0,0,0,0,0,0,0,0,0,0,1,1,0,0,0,0,0,0,0,0
2008-02-06 11:30:00+00:00,30,2,11,244.0516357421875,189.70184326171875,0,0,0,0,0,0,0,0,0,0,0,0,0,0,1,1,1,0,0,0,0,0,0,0,0
2008-02-06 11:30:00+00:00,30,2,11,104.20010375976562,80.1345443725586,0,0,0,0,0,0,0,0,0,0,1,1,1,1,1,1,1,0,0,0,0,0,0,0,0
2008-02-06 11:30:00+00:00,30,2,11,33.67329025268555,0.0,0,0,0,0,0,1,1,1,1,1,1,1,1,1,1,1,1,1,1,1,1,1,1,1,1
2008-02-06 11:30:00+00:00,30,2,11,132.21803283691406,81.05767059326172,0,0,0,0,0,0,0,0,0,0,0,1,1,1,1,1,1,0,0,0,0,0,0,0,0
2008-02-06 11:30:00+00:00,30,2,11,127.88861846923828,115.04629516601562,0,0,0,0,0,0,0,0,0,0,0,1,1,1,1,1,1,0,0,0,0,0,0,0,0
2008-02-06 11:30:00+00:00,30,2,11,198.88388061523438,181.07510375976562,0,0,0,0,0,0,0,0,0,0,0,0,0,1,1,1,1,0,0,0,0,0,0,0,0
2008-02-06 11:30:00+00:00,30,2,11,349.9320068359375,111.5670394897461,0,0,0,0,0,0,0,0,0,0,0,0,0,0,0,0,1,0,0,0,0,0,0,0,0
2008-02-06 11:45:00+00:00,30,2,11,,,0,0,0,0,0,0,0,0,0,0,0,0,0,0,0,0,0,0,0,0,0,0,0,0,0
2008-02-06 11:45:00+00:00,30,2,11,,,0,0,0,0,0,0,0,0,0,0,0,0,0,0,0,0,0,0,0,0,0,0,0,0,0
2008-02-06 11:45:00+00:00,30,2,11,,,0,0,0,0,0,0,0,0,0,0,0,0,0,0,0,0,0,0,0,0,0,0,0,0,0
2008-02-06 11:45:00+00:00,30,2,11,,,0,0,0,0,0,0,0,0,0,0,0,0,0,0,0,0,0,0,0,0,0,0,0,0,0
2008-02-06 11:45:00+00:00,30,2,11,,,0,0,0,0,0,0,0,0,0,0,0,0,0,0,0,0,0,0,0,0,0,0,0,0,0
2008-02-06 11:45:00+00:00,30,2,11,,,0,0,0,0,0,0,0,0,0,0,0,0,0,0,0,0,0,0,0,0,0,0,0,0,0
2008-02-06 11:45:00+00:00,30,2,11,,,0,0,0,0,0,0,0,0,0,0,0,0,0,0,0,0,0,0,0,0,0,0,0,0,0
2008-02-06 11:45:00+00:00,30,2,11,139.840576171875,118.5921630859375,0,0,0,0,0,0,0,0,0,0,0,1,1,1,1,1,1,0,0,0,0,0,0,0,0
2008-02-06 11:45:00+00:00,30,2,11,199.24130249023438,177.74429321289062,0,0,0,0,0,0,0,0,0,0,0,0,0,1,1,1,1,0,0,0,0,0,0,0,0
2008-02-06 11:45:00+00:00,30,2,11,183.2252197265625,126.89474487304688,0,0,0,0,0,0,0,0,0,0,0,0,0,1,1,1,1,0,0,0,0,0,0,0,0
2008-02-06 11:45:00+00:00,30,2,11,186.80258178710938,208.7907257080078,0,0,0,0,0,0,0,0,0,0,0,0,0,1,1,1,1,0,0,0,0,0,0,0,0
2008-02-06 11:45:00+00:00,30,2,11,323.0498962402344,175.7152862548828,0,0,0,0,0,0,0,0,0,0,0,0,0,0,0,0,1,0,0,0,0,0,0,0,0
2008-02-06 11:45:00+00:00,30,2,11,382.4010925292969,376.39862060546875,0,0,0,0,0,0,0,0,0,0,0,0,0,0,0,0,0,0,0,0,0,0,0,0,0
2008-02-06 11:45:00+00:00,30,2,11,67.4969711303711,47.15497589111328,0,0,0,0,0,0,0,0,1,1,1,1,1,1,1,1,1,0,0,0,0,0,0,1,1
2008-02-06 11:45:00+00:00,30,2,11,368.2010803222656,185.5535430908203,0,0,0,0,0,0,0,0,0,0,0,0,0,0,0,0,0,0,0,0,0,0,0,0,0
2008-02-06 11:45:00+00:00,30,2,11,79.3918228149414,259.3298034667969,0,0,0,0,0,0,0,0,1,1,1,1,1,1,1,1,1,0,0,0,0,0,0,0,0
2008-02-06 11:45:00+00:00,30,2,11,201.71539306640625,86.4931411743164,0,0,0,0,0,0,0,0,0,0,0,0,0,0,1,1,1,0,0,0,0,0,0,0,0
2008-02-06 11:45:00+00:00,30,2,11,104.1488037109375,102.50654602050781,0,0,0,0,0,0,0,0,0,0,1,1,1,1,1,1,1,0,0,0,0,0,0,0,0
2008-02-06 11:45:00+00:00,30,2,11,127.01187133789062,106.73037719726562,0,0,0,0,0,0,0,0,0,0,0,1,1,1,1,1,1,0,0,0,0,0,0,0,0
2008-02-06 12:00:00+00:00,30,2,12,,,0,0,0,0,0,0,0,0,0,0,0,0,0,0,0,0,0,0,0,0,0,0,0,0,0
2008-02-06 12:00:00+00:00,30,2,12,,,0,0,0,0,0,0,0,0,0,0,0,0,0,0,0,0,0,0,0,0,0,0,0,0,0
2008-02-06 12:00:00+00:00,30,2,12,,,0,0,0,0,0,0,0,0,0,0,0,0,0,0,0,0,0,0,0,0,0,0,0,0,0
2008-02-06 12:00:00+00:00,30,2,12,274.7205810546875,271.4938659667969,0,0,0,0,0,0,0,0,0,0,0,0,0,0,0,1,1,0,0,0,0,0,0,0,0
2008-02-06 12:00:00+00:00,30,2,12,189.63446044921875,172.2340087890625,0,0,0,0,0,0,0,0,0,0,0,0,0,1,1,1,1,0,0,0,0,0,0,0,0
2008-02-06 12:00:00+00:00,30,2,12,35.95907974243164,13.935880661010742,0,0,0,0,0,1,1,1,1,1,1,1,1,1,1,1,1,0,1,1,1,1,1,1,1
2008-02-06 12:00:00+00:00,30,2,12,118.41828918457031,118.78263854980469,0,0,0,0,0,0,0,0,0,0,1,1,1,1,1,1,1,0,0,0,0,0,0,0,0
2008-02-06 12:00:00+00:00,30,2,12,252.25953674316406,131.3453369140625,0,0,0,0,0,0,0,0,0,0,0,0,0,0,0,1,1,0,0,0,0,0,0,0,0
2008-02-06 12:00:00+00:00,30,2,12,282.14605712890625,539.9900512695312,0,0,0,0,0,0,0,0,0,0,0,0,0,0,0,1,1,0,0,0,0,0,0,0,0
2008-02-06 12:00:00+00:00,30,2,12,447.38677978515625,,0,0,0,0,0,0,0,0,0,0,0,0,0,0,0,0,0,0,0,0,0,0,0,0,0
2008-02-06 12:00:00+00:00,30,2,12,207.87896728515625,181.59706115722656,0,0,0,0,0,0,0,0,0,0,0,0,0,0,1,1,1,0,0,0,0,0,0,0,0
2008-02-06 12:00:00+00:00,30,2,12,239.79879760742188,0.0,0,0,0,0,0,0,0,0,0,0,0,0,0,0,1,1,1,1,1,1,1,1,1,1,1
2008-02-06 12:00:00+00:00,30,2,12,113.43230438232422,156.68450927734375,0,0,0,0,0,0,0,0,0,0,1,1,1,1,1,1,1,0,0,0,0,0,0,0,0
2008-02-06 12:00:00+00:00,30,2,12,,,0,0,0,0,0,0,0,0,0,0,0,0,0,0,0,0,0,0,0,0,0,0,0,0,0
2008-02-06 12:00:00+00:00,30,2,12,,,0,0,0,0,0,0,0,0,0,0,0,0,0,0,0,0,0,0,0,0,0,0,0,0,0
2008-02-06 12:00:00+00:00,30,2,12,,,0,0,0,0,0,0,0,0,0,0,0,0,0,0,0,0,0,0,0,0,0,0,0,0,0
2008-02-06 12:00:00+00:00,30,2,12,334.80706787109375,338.19232177734375,0,0,0,0,0,0,0,0,0,0,0,0,0,0,0,0,1,0,0,0,0,0,0,0,0
2008-02-06 12:15:00+00:00,30,2,12,,,0,0,0,0,0,0,0,0,0,0,0,0,0,0,0,0,0,0,0,0,0,0,0,0,0
2008-02-06 12:15:00+00:00,30,2,12,,,0,0,0,0,0,0,0,0,0,0,0,0,0,0,0,0,0,0,0,0,0,0,0,0,0
2008-02-06 12:15:00+00:00,30,2,12,,,0,0,0,0,0,0,0,0,0,0,0,0,0,0,0,0,0,0,0,0,0,0,0,0,0
2008-02-06 12:15:00+00:00,30,2,12,,,0,0,0,0,0,0,0,0,0,0,0,0,0,0,0,0,0,0,0,0,0,0,0,0,0
2008-02-06 12:15:00+00:00,30,2,12,,,0,0,0,0,0,0,0,0,0,0,0,0,0,0,0,0,0,0,0,0,0,0,0,0,0
2008-02-06 12:15:00+00:00,30,2,12,,,0,0,0,0,0,0,0,0,0,0,0,0,0,0,0,0,0,0,0,0,0,0,0,0,0
2008-02-06 12:15:00+00:00,30,2,12,,,0,0,0,0,0,0,0,0,0,0,0,0,0,0,0,0,0,0,0,0,0,0,0,0,0
2008-02-06 12:15:00+00:00,30,2,12,291.03082275390625,287.4710998535156,0,0,0,0,0,0,0,0,0,0,0,0,0,0,0,1,1,0,0,0,0,0,0,0,0
2008-02-06 12:15:00+00:00,30,2,12,123.04640197753906,104.8831787109375,0,0,0,0,0,0,0,0,0,0,0,1,1,1,1,1,1,0,0,0,0,0,0,0,0
2008-02-06 12:15:00+00:00,30,2,12,157.86058044433594,192.03965759277344,0,0,0,0,0,0,0,0,0,0,0,0,1,1,1,1,1,0,0,0,0,0,0,0,0
2008-02-06 12:15:00+00:00,30,2,12,103.14106750488281,207.48809814453125,0,0,0,0,0,0,0,0,0,0,1,1,1,1,1,1,1,0,0,0,0,0,0,0,0
2008-02-06 12:15:00+00:00,30,2,12,245.8977508544922,216.910400390625,0,0,0,0,0,0,0,0,0,0,0,0,0,0,1,1,1,0,0,0,0,0,0,0,0
2008-02-06 12:15:00+00:00,30,2,12,258.1404113769531,13.479925155639648,0,0,0,0,0,0,0,0,0,0,0,0,0,0,0,1,1,0,1,1,1,1,1,1,1
2008-02-06 12:15:00+00:00,30,2,12,266.56585693359375,148.5817108154297,0,0,0,0,0,0,0,0,0,0,0,0,0,0,0,1,1,0,0,0,0,0,0,0,0
2008-02-06 12:30:00+00:00,30,2,12,,,0,0,0,0,0,0,0,0,0,0,0,0,0,0,0,0,0,0,0,0,0,0,0,0,0
2008-02-06 12:30:00+00:00,30,2,12,,,0,0,0,0,0,0,0,0,0,0,0,0,0,0,0,0,0,0,0,0,0,0,0,0,0
2008-02-06 12:30:00+00:00,30,2,12,,,0,0,0,0,0,0,0,0,0,0,0,0,0,0,0,0,0,0,0,0,0,0,0,0,0
2008-02-06 12:30:00+00:00,30,2,12,,,0,0,0,0,0,0,0,0,0,0,0,0,0,0,0,0,0,0,0,0,0,0,0,0,0
2008-02-06 12:30:00+00:00,30,2,12,,,0,0,0,0,0,0,0,0,0,0,0,0,0,0,0,0,0,0,0,0,0,0,0,0,0
2008-02-06 12:30:00+00:00,30,2,12,101.05329895019531,84.63848876953125,0,0,0,0,0,0,0,0,0,0,1,1,1,1,1,1,1,0,0,0,0,0,0,0,0
2008-02-06 12:30:00+00:00,30,2,12,240.71336364746094,266.0801696777344,0,0,0,0,0,0,0,0,0,0,0,0,0,0,1,1,1,0,0,0,0,0,0,0,0
2008-02-06 12:30:00+00:00,30,2,12,119.7156753540039,116.46159362792969,0,0,0,0,0,0,0,0,0,0,1,1,1,1,1,1,1,0,0,0,0,0,0,0,0
2008-02-06 12:30:00+00:00,30,2,12,97.59968566894531,103.11964416503906,0,0,0,0,0,0,0,0,0,1,1,1,1,1,1,1,1,0,0,0,0,0,0,0,0
2008-02-06 12:30:00+00:00,30,2,12,,,0,0,0,0,0,0,0,0,0,0,0,0,0,0,0,0,0,0,0,0,0,0,0,0,0
2008-02-06 12:30:00+00:00,30,2,12,,,0,0,0,0,0,0,0,0,0,0,0,0,0,0,0,0,0,0,0,0,0,0,0,0,0
2008-02-06 12:30:00+00:00,30,2,12,,,0,0,0,0,0,0,0,0,0,0,0,0,0,0,0,0,0,0,0,0,0,0,0,0,0
2008-02-06 12:30:00+00:00,30,2,12,,,0,0,0,0,0,0,0,0,0,0,0,0,0,0,0,0,0,0,0,0,0,0,0,0,0
2008-02-06 12:45:00+00:00,30,2,12,,,0,0,0,0,0,0,0,0,0,0,0,0,0,0,0,0,0,0,0,0,0,0,0,0,0
2008-02-06 12:45:00+00:00,30,2,12,,,0,0,0,0,0,0,0,0,0,0,0,0,0,0,0,0,0,0,0,0,0,0,0,0,0
2008-02-06 12:45:00+00:00,30,2,12,,,0,0,0,0,0,0,0,0,0,0,0,0,0,0,0,0,0,0,0,0,0,0,0,0,0
2008-02-06 12:45:00+00:00,30,2,12,,,0,0,0,0,0,0,0,0,0,0,0,0,0,0,0,0,0,0,0,0,0,0,0,0,0
2008-02-06 12:45:00+00:00,30,2,12,,,0,0,0,0,0,0,0,0,0,0,0,0,0,0,0,0,0,0,0,0,0,0,0,0,0
2008-02-06 12:45:00+00:00,30,2,12,244.43064880371094,233.76165771484375,0,0,0,0,0,0,0,0,0,0,0,0,0,0,1,1,1,0,0,0,0,0,0,0,0
2008-02-06 12:45:00+00:00,30,2,12,119.93876647949219,118.38516998291016,0,0,0,0,0,0,0,0,0,0,1,1,1,1,1,1,1,0,0,0,0,0,0,0,0
2008-02-06 12:45:00+00:00,30,2,12,162.18508911132812,171.5078582763672,0,0,0,0,0,0,0,0,0,0,0,0,1,1,1,1,1,0,0,0,0,0,0,0,0
2008-02-06 12:45:00+00:00,30,2,12,80.76879119873047,53.078311920166016,0,0,0,0,0,0,0,0,0,1,1,1,1,1,1,1,1,0,0,0,0,0,0,0,1
2008-02-06 12:45:00+00:00,30,2,12,,,0,0,0,0,0,0,0,0,0,0,0,0,0,0,0,0,0,0,0,0,0,0,0,0,0
2008-02-06 12:45:00+00:00,30,2,12,77.65797424316406,53.59993362426758,0,0,0,0,0,0,0,0,1,1,1,1,1,1,1,1,1,0,0,0,0,0,0,0,1
2008-02-06 12:45:00+00:00,30,2,12,553.743408203125,552.7705688476562,0,0,0,0,0,0,0,0,0,0,0,0,0,0,0,0,0,0,0,0,0,0,0,0,0
2008-02-06 12:45:00+00:00,30,2,12,,,0,0,0,0,0,0,0,0,0,0,0,0,0,0,0,0,0,0,0,0,0,0,0,0,0
2008-02-06 13:00:00+00:00,30,2,13,,,0,0,0,0,0,0,0,0,0,0,0,0,0,0,0,0,0,0,0,0,0,0,0,0,0
2008-02-06 13:00:00+00:00,30,2,13,,,0,0,0,0,0,0,0,0,0,0,0,0,0,0,0,0,0,0,0,0,0,0,0,0,0
2008-02-06 13:00:00+00:00,30,2,13,,,0,0,0,0,0,0,0,0,0,0,0,0,0,0,0,0,0,0,0,0,0,0,0,0,0
2008-02-06 13:00:00+00:00,30,2,13,,,0,0,0,0,0,0,0,0,0,0,0,0,0,0,0,0,0,0,0,0,0,0,0,0,0
2008-02-06 13:00:00+00:00,30,2,13,,,0,0,0,0,0,0,0,0,0,0,0,0,0,0,0,0,0,0,0,0,0,0,0,0,0
2008-02-06 13:00:00+00:00,30,2,13,,,0,0,0,0,0,0,0,0,0,0,0,0,0,0,0,0,0,0,0,0,0,0,0,0,0
2008-02-06 13:00:00+00:00,30,2,13,,394.95318603515625,0,0,0,0,0,0,0,0,0,0,0,0,0,0,0,0,0,0,0,0,0,0,0,0,0
2008-02-06 13:00:00+00:00,30,2,13,316.10455322265625,225.71087646484375,0,0,0,0,0,0,0,0,0,0,0,0,0,0,0,0,1,0,0,0,0,0,0,0,0
2008-02-06 13:00:00+00:00,30,2,13,170.63226318359375,154.322509765625,0,0,0,0,0,0,0,0,0,0,0,0,1,1,1,1,1,0,0,0,0,0,0,0,0
2008-02-06 13:00:00+00:00,30,2,13,,,0,0,0,0,0,0,0,0,0,0,0,0,0,0,0,0,0,0,0,0,0,0,0,0,0
2008-02-06 13:00:00+00:00,30,2,13,32.89712142944336,80.29804992675781,0,0,0,0,0,1,1,1,1,1,1,1,1,1,1,1,1,0,0,0,0,0,0,0,0
2008-02-06 13:00:00+00:00,30,2,13,57.94393539428711,43.22501754760742,0,0,0,0,0,0,0,1,1,1,1,1,1,1,1,1,1,0,0,0,0,0,0,1,1
2008-02-06 13:15:00+00:00,30,2,13,,,0,0,0,0,0,0,0,0,0,0,0,0,0,0,0,0,0,0,0,0,0,0,0,0,0
2008-02-06 13:15:00+00:00,30,2,13,,,0,0,0,0,0,0,0,0,0,0,0,0,0,0,0,0,0,0,0,0,0,0,0,0,0
2008-02-06 13:15:00+00:00,30,2,13,114.4047622680664,108.90691375732422,0,0,0,0,0,0,0,0,0,0,1,1,1,1,1,1,1,0,0,0,0,0,0,0,0
2008-02-06 13:15:00+00:00,30,2,13,66.65763854980469,88.88809967041016,0,0,0,0,0,0,0,0,1,1,1,1,1,1,1,1,1,0,0,0,0,0,0,0,0
2008-02-06 13:15:00+00:00,30,2,13,380.6830139160156,370.89691162109375,0,0,0,0,0,0,0,0,0,0,0,0,0,0,0,0,0,0,0,0,0,0,0,0,0
2008-02-06 13:15:00+00:00,30,2,13,,,0,0,0,0,0,0,0,0,0,0,0,0,0,0,0,0,0,0,0,0,0,0,0,0,0
2008-02-06 13:30:00+00:00,30,2,13,,,0,0,0,0,0,0,0,0,0,0,0,0,0,0,0,0,0,0,0,0,0,0,0,0,0
2008-02-06 13:30:00+00:00,30,2,13,,,0,0,0,0,0,0,0,0,0,0,0,0,0,0,0,0,0,0,0,0,0,0,0,0,0
2008-02-06 13:30:00+00:00,30,2,13,,,0,0,0,0,0,0,0,0,0,0,0,0,0,0,0,0,0,0,0,0,0,0,0,0,0
2008-02-06 13:30:00+00:00,30,2,13,54.23159408569336,231.45726013183594,0,0,0,0,0,0,0,1,1,1,1,1,1,1,1,1,1,0,0,0,0,0,0,0,0
2008-02-06 13:30:00+00:00,30,2,13,172.57278442382812,161.53721618652344,0,0,0,0,0,0,0,0,0,0,0,0,1,1,1,1,1,0,0,0,0,0,0,0,0
2008-02-06 13:30:00+00:00,30,2,13,141.54869079589844,109.16015625,0,0,0,0,0,0,0,0,0,0,0,1,1,1,1,1,1,0,0,0,0,0,0,0,0
2008-02-06 13:30:00+00:00,30,2,13,72.83543395996094,67.31774139404297,0,0,0,0,0,0,0,0,1,1,1,1,1,1,1,1,1,0,0,0,0,0,0,0,0
2008-02-06 13:30:00+00:00,30,2,13,,481.7657470703125,0,0,0,0,0,0,0,0,0,0,0,0,0,0,0,0,0,0,0,0,0,0,0,0,0
2008-02-06 13:30:00+00:00,30,2,13,,0.0,0,0,0,0,0,0,0,0,0,0,0,0,0,0,0,0,0,1,1,1,1,1,1,1,1
2008-02-06 13:30:00+00:00,30,2,13,,,0,0,0,0,0,0,0,0,0,0,0,0,0,0,0,0,0,0,0,0,0,0,0,0,0
2008-02-06 13:45:00+00:00,30,2,13,,,0,0,0,0,0,0,0,0,0,0,0,0,0,0,0,0,0,0,0,0,0,0,0,0,0
2008-02-06 13:45:00+00:00,30,2,13,,,0,0,0,0,0,0,0,0,0,0,0,0,0,0,0,0,0,0,0,0,0,0,0,0,0
2008-02-06 13:45:00+00:00,30,2,13,236.50579833984375,173.15745544433594,0,0,0,0,0,0,0,0,0,0,0,0,0,0,1,1,1,0,0,0,0,0,0,0,0
2008-02-06 13:45:00+00:00,30,2,13,257.6555480957031,261.0711669921875,0,0,0,0,0,0,0,0,0,0,0,0,0,0,0,1,1,0,0,0,0,0,0,0,0
2008-02-06 13:45:00+00:00,30,2,13,,372.8285827636719,0,0,0,0,0,0,0,0,0,0,0,0,0,0,0,0,0,0,0,0,0,0,0,0,0
2008-02-06 13:45:00+00:00,30,2,13,,23.07530403137207,0,0,0,0,0,0,0,0,0,0,0,0,0,0,0,0,0,0,0,0,1,1,1,1,1
2008-02-06 13:45:00+00:00,30,2,13,,0.0,0,0,0,0,0,0,0,0,0,0,0,0,0,0,0,0,0,1,1,1,1,1,1,1,1
2008-02-06 13:45:00+00:00,30,2,13,,17.159202575683594,0,0,0,0,0,0,0,0,0,0,0,0,0,0,0,0,0,0,0,1,1,1,1,1,1
2008-02-06 13:45:00+00:00,30,2,13,,,0,0,0,0,0,0,0,0,0,0,0,0,0,0,0,0,0,0,0,0,0,0,0,0,0
2008-02-06 14:00:00+00:00,30,2,14,,,0,0,0,0,0,0,0,0,0,0,0,0,0,0,0,0,0,0,0,0,0,0,0,0,0
2008-02-06 14:00:00+00:00,30,2,14,252.55348205566406,299.641357421875,0,0,0,0,0,0,0,0,0,0,0,0,0,0,0,1,1,0,0,0,0,0,0,0,0
2008-02-06 14:00:00+00:00,30,2,14,123.97015380859375,109.70746612548828,0,0,0,0,0,0,0,0,0,0,0,1,1,1,1,1,1,0,0,0,0,0,0,0,0
2008-02-06 14:00:00+00:00,30,2,14,235.5753173828125,0.0,0,0,0,0,0,0,0,0,0,0,0,0,0,0,1,1,1,1,1,1,1,1,1,1,1
2008-02-06 14:00:00+00:00,30,2,14,256.14190673828125,3.0341320037841797,0,0,0,0,0,0,0,0,0,0,0,0,0,0,0,1,1,1,1,1,1,1,1,1,1
2008-02-06 14:00:00+00:00,30,2,14,,,0,0,0,0,0,0,0,0,0,0,0,0,0,0,0,0,0,0,0,0,0,0,0,0,0
2008-02-06 14:15:00+00:00,30,2,14,,,0,0,0,0,0,0,0,0,0,0,0,0,0,0,0,0,0,0,0,0,0,0,0,0,0
2008-02-06 14:15:00+00:00,30,2,14,,,0,0,0,0,0,0,0,0,0,0,0,0,0,0,0,0,0,0,0,0,0,0,0,0,0
2008-02-06 14:15:00+00:00,30,2,14,151.17796325683594,189.0243377685547,0,0,0,0,0,0,0,0,0,0,0,0,1,1,1,1,1,0,0,0,0,0,0,0,0
2008-02-06 14:15:00+00:00,30,2,14,333.9882507324219,327.21295166015625,0,0,0,0,0,0,0,0,0,0,0,0,0,0,0,0,1,0,0,0,0,0,0,0,0
2008-02-06 14:15:00+00:00,30,2,14,228.8504638671875,120.02703857421875,0,0,0,0,0,0,0,0,0,0,0,0,0,0,1,1,1,0,0,0,0,0,0,0,0
2008-02-06 14:15:00+00:00,30,2,14,32.38618469238281,0.0,0,0,0,0,0,1,1,1,1,1,1,1,1,1,1,1,1,1,1,1,1,1,1,1,1
2008-02-06 14:15:00+00:00,30,2,14,39.713783264160156,25.986675262451172,0,0,0,0,0,1,1,1,1,1,1,1,1,1,1,1,1,0,0,0,0,1,1,1,1
2008-02-06 14:30:00+00:00,30,2,14,,569.2614135742188,0,0,0,0,0,0,0,0,0,0,0,0,0,0,0,0,0,0,0,0,0,0,0,0,0
2008-02-06 14:30:00+00:00,30,2,14,,536.5512084960938,0,0,0,0,0,0,0,0,0,0,0,0,0,0,0,0,0,0,0,0,0,0,0,0,0
2008-02-06 14:30:00+00:00,30,2,14,311.1396179199219,314.9169616699219,0,0,0,0,0,0,0,0,0,0,0,0,0,0,0,0,1,0,0,0,0,0,0,0,0
2008-02-06 14:30:00+00:00,30,2,14,160.71583557128906,149.02255249023438,0,0,0,0,0,0,0,0,0,0,0,0,1,1,1,1,1,0,0,0,0,0,0,0,0
2008-02-06 14:30:00+00:00,30,2,14,186.69827270507812,207.94891357421875,0,0,0,0,0,0,0,0,0,0,0,0,0,1,1,1,1,0,0,0,0,0,0,0,0
2008-02-06 14:30:00+00:00,30,2,14,56.85247802734375,55.05495071411133,0,0,0,0,0,0,0,1,1,1,1,1,1,1,1,1,1,0,0,0,0,0,0,0,1
2008-02-06 14:30:00+00:00,30,2,14,94.0669937133789,81.76095581054688,0,0,0,0,0,0,0,0,0,1,1,1,1,1,1,1,1,0,0,0,0,0,0,0,0
2008-02-06 14:30:00+00:00,30,2,14,235.03147888183594,196.09263610839844,0,0,0,0,0,0,0,0,0,0,0,0,0,0,1,1,1,0,0,0,0,0,0,0,0
2008-02-06 14:30:00+00:00,30,2,14,45.60593032836914,31.72174072265625,0,0,0,0,0,0,1,1,1,1,1,1,1,1,1,1,1,0,0,0,0,0,1,1,1
2008-02-06 14:45:00+00:00,30,2,14,,,0,0,0,0,0,0,0,0,0,0,0,0,0,0,0,0,0,0,0,0,0,0,0,0,0
2008-02-06 14:45:00+00:00,30,2,14,353.07623291015625,338.8206481933594,0,0,0,0,0,0,0,0,0,0,0,0,0,0,0,0,0,0,0,0,0,0,0,0,0
2008-02-06 14:45:00+00:00,30,2,14,91.2077865600586,119.95677947998047,0,0,0,0,0,0,0,0,0,1,1,1,1,1,1,1,1,0,0,0,0,0,0,0,0
2008-02-06 15:00:00+00:00,30,2,15,,,0,0,0,0,0,0,0,0,0,0,0,0,0,0,0,0,0,0,0,0,0,0,0,0,0
2008-02-06 15:00:00+00:00,30,2,15,,,0,0,0,0,0,0,0,0,0,0,0,0,0,0,0,0,0,0,0,0,0,0,0,0,0
2008-02-06 15:00:00+00:00,30,2,15,405.5904541015625,,0,0,0,0,0,0,0,0,0,0,0,0,0,0,0,0,0,0,0,0,0,0,0,0,0
2008-02-06 15:00:00+00:00,30,2,15,179.5075225830078,155.28390502929688,0,0,0,0,0,0,0,0,0,0,0,0,1,1,1,1,1,0,0,0,0,0,0,0,0
2008-02-06 15:00:00+00:00,30,2,15,,,0,0,0,0,0,0,0,0,0,0,0,0,0,0,0,0,0,0,0,0,0,0,0,0,0
2008-02-06 15:00:00+00:00,30,2,15,138.2316131591797,138.171630859375,0,0,0,0,0,0,0,0,0,0,0,1,1,1,1,1,1,0,0,0,0,0,0,0,0
2008-02-06 15:00:00+00:00,30,2,15,168.427490234375,32.86625289916992,0,0,0,0,0,0,0,0,0,0,0,0,1,1,1,1,1,0,0,0,0,0,1,1,1
2008-02-06 15:15:00+00:00,30,2,15,,,0,0,0,0,0,0,0,0,0,0,0,0,0,0,0,0,0,0,0,0,0,0,0,0,0
2008-02-06 15:15:00+00:00,30,2,15,134.47503662109375,40.314788818359375,0,0,0,0,0,0,0,0,0,0,0,1,1,1,1,1,1,0,0,0,0,0,0,1,1
2008-02-06 15:15:00+00:00,30,2,15,140.01759338378906,83.39376068115234,0,0,0,0,0,0,0,0,0,0,0,1,1,1,1,1,1,0,0,0,0,0,0,0,0
2008-02-06 15:15:00+00:00,30,2,15,394.9929504394531,54.56282424926758,0,0,0,0,0,0,0,0,0,0,0,0,0,0,0,0,0,0,0,0,0,0,0,0,1
2008-02-06 15:15:00+00:00,30,2,15,148.17919921875,121.75646209716797,0,0,0,0,0,0,0,0,0,0,0,1,1,1,1,1,1,0,0,0,0,0,0,0,0
2008-02-06 15:15:00+00:00,30,2,15,117.38997650146484,86.91853332519531,0,0,0,0,0,0,0,0,0,0,1,1,1,1,1,1,1,0,0,0,0,0,0,0,0
2008-02-06 15:15:00+00:00,30,2,15,,,0,0,0,0,0,0,0,0,0,0,0,0,0,0,0,0,0,0,0,0,0,0,0,0,0
2008-02-06 15:30:00+00:00,30,2,15,,,0,0,0,0,0,0,0,0,0,0,0,0,0,0,0,0,0,0,0,0,0,0,0,0,0
2008-02-06 15:30:00+00:00,30,2,15,79.24772644042969,82.50212097167969,0,0,0,0,0,0,0,0,1,1,1,1,1,1,1,1,1,0,0,0,0,0,0,0,0
2008-02-06 15:30:00+00:00,30,2,15,178.44528198242188,160.25985717773438,0,0,0,0,0,0,0,0,0,0,0,0,1,1,1,1,1,0,0,0,0,0,0,0,0
2008-02-06 15:30:00+00:00,30,2,15,99.53033447265625,101.26348114013672,0,0,0,0,0,0,0,0,0,1,1,1,1,1,1,1,1,0,0,0,0,0,0,0,0
2008-02-06 15:30:00+00:00,30,2,15,83.86363983154297,123.14137268066406,0,0,0,0,0,0,0,0,0,1,1,1,1,1,1,1,1,0,0,0,0,0,0,0,0
2008-02-06 15:30:00+00:00,30,2,15,,,0,0,0,0,0,0,0,0,0,0,0,0,0,0,0,0,0,0,0,0,0,0,0,0,0
2008-02-06 15:30:00+00:00,30,2,15,,289.763671875,0,0,0,0,0,0,0,0,0,0,0,0,0,0,0,0,0,0,0,0,0,0,0,0,0
2008-02-06 15:30:00+00:00,30,2,15,,,0,0,0,0,0,0,0,0,0,0,0,0,0,0,0,0,0,0,0,0,0,0,0,0,0
2008-02-06 15:45:00+00:00,30,2,15,,,0,0,0,0,0,0,0,0,0,0,0,0,0,0,0,0,0,0,0,0,0,0,0,0,0
2008-02-06 15:45:00+00:00,30,2,15,222.2379150390625,195.56842041015625,0,0,0,0,0,0,0,0,0,0,0,0,0,0,1,1,1,0,0,0,0,0,0,0,0
2008-02-06 15:45:00+00:00,30,2,15,123.79002380371094,107.02812957763672,0,0,0,0,0,0,0,0,0,0,0,1,1,1,1,1,1,0,0,0,0,0,0,0,0
2008-02-06 15:45:00+00:00,30,2,15,303.685546875,309.2269592285156,0,0,0,0,0,0,0,0,0,0,0,0,0,0,0,0,1,0,0,0,0,0,0,0,0
2008-02-06 15:45:00+00:00,30,2,15,347.4370422363281,350.9651184082031,0,0,0,0,0,0,0,0,0,0,0,0,0,0,0,0,1,0,0,0,0,0,0,0,0
2008-02-06 15:45:00+00:00,30,2,15,231.4717254638672,212.14125061035156,0,0,0,0,0,0,0,0,0,0,0,0,0,0,1,1,1,0,0,0,0,0,0,0,0
2008-02-06 15:45:00+00:00,30,2,15,,111.74720001220703,0,0,0,0,0,0,0,0,0,0,0,0,0,0,0,0,0,0,0,0,0,0,0,0,0
2008-02-06 16:00:00+00:00,30,2,16,155.2573699951172,142.96957397460938,0,0,0,0,0,0,0,0,0,0,0,0,1,1,1,1,1,0,0,0,0,0,0,0,0
2008-02-06 16:00:00+00:00,30,2,16,190.56654357910156,182.0254364013672,0,0,0,0,0,0,0,0,0,0,0,0,0,1,1,1,1,0,0,0,0,0,0,0,0
2008-02-06 16:00:00+00:00,30,2,16,141.2717742919922,288.4203186035156,0,0,0,0,0,0,0,0,0,0,0,1,1,1,1,1,1,0,0,0,0,0,0,0,0
2008-02-06 16:00:00+00:00,30,2,16,286.63250732421875,353.3915100097656,0,0,0,0,0,0,0,0,0,0,0,0,0,0,0,1,1,0,0,0,0,0,0,0,0
2008-02-06 16:00:00+00:00,30,2,16,158.1803436279297,182.5390167236328,0,0,0,0,0,0,0,0,0,0,0,0,1,1,1,1,1,0,0,0,0,0,0,0,0
2008-02-06 16:00:00+00:00,30,2,16,,95.53680419921875,0,0,0,0,0,0,0,0,0,0,0,0,0,0,0,0,0,0,0,0,0,0,0,0,0
2008-02-06 16:15:00+00:00,30,2,16,,,0,0,0,0,0,0,0,0,0,0,0,0,0,0,0,0,0,0,0,0,0,0,0,0,0
2008-02-06 16:15:00+00:00,30,2,16,239.8219451904297,243.0764923095703,0,0,0,0,0,0,0,0,0,0,0,0,0,0,1,1,1,0,0,0,0,0,0,0,0
2008-02-06 16:15:00+00:00,30,2,16,,,0,0,0,0,0,0,0,0,0,0,0,0,0,0,0,0,0,0,0,0,0,0,0,0,0
2008-02-06 16:15:00+00:00,30,2,16,191.22705078125,193.4520263671875,0,0,0,0,0,0,0,0,0,0,0,0,0,1,1,1,1,0,0,0,0,0,0,0,0
2008-02-06 16:15:00+00:00,30,2,16,87.09675598144531,425.7187805175781,0,0,0,0,0,0,0,0,0,1,1,1,1,1,1,1,1,0,0,0,0,0,0,0,0
2008-02-06 16:15:00+00:00,30,2,16,186.56776428222656,156.64334106445312,0,0,0,0,0,0,0,0,0,0,0,0,0,1,1,1,1,0,0,0,0,0,0,0,0
2008-02-06 16:30:00+00:00,30,2,16,397.8943176269531,429.593994140625,0,0,0,0,0,0,0,0,0,0,0,0,0,0,0,0,0,0,0,0,0,0,0,0,0
2008-02-06 16:30:00+00:00,30,2,16,115.71285247802734,120.17694091796875,0,0,0,0,0,0,0,0,0,0,1,1,1,1,1,1,1,0,0,0,0,0,0,0,0
2008-02-06 16:30:00+00:00,30,2,16,166.45729064941406,160.097900390625,0,0,0,0,0,0,0,0,0,0,0,0,1,1,1,1,1,0,0,0,0,0,0,0,0
2008-02-06 16:30:00+00:00,30,2,16,57.243812561035156,125.36071014404297,0,0,0,0,0,0,0,1,1,1,1,1,1,1,1,1,1,0,0,0,0,0,0,0,0
2008-02-06 16:30:00+00:00,30,2,16,171.352783203125,108.92872619628906,0,0,0,0,0,0,0,0,0,0,0,0,1,1,1,1,1,0,0,0,0,0,0,0,0
2008-02-06 16:45:00+00:00,30,2,16,217.44378662109375,226.0863494873047,0,0,0,0,0,0,0,0,0,0,0,0,0,0,1,1,1,0,0,0,0,0,0,0,0
2008-02-06 16:45:00+00:00,30,2,16,356.4472961425781,446.1510925292969,0,0,0,0,0,0,0,0,0,0,0,0,0,0,0,0,0,0,0,0,0,0,0,0,0
2008-02-06 16:45:00+00:00,30,2,16,269.1804504394531,159.6279754638672,0,0,0,0,0,0,0,0,0,0,0,0,0,0,0,1,1,0,0,0,0,0,0,0,0
2008-02-06 17:00:00+00:00,30,2,17,,,0,0,0,0,0,0,0,0,0,0,0,0,0,0,0,0,0,0,0,0,0,0,0,0,0
2008-02-06 17:00:00+00:00,30,2,17,87.37162017822266,,0,0,0,0,0,0,0,0,0,1,1,1,1,1,1,1,1,0,0,0,0,0,0,0,0
2008-02-06 17:00:00+00:00,30,2,17,223.46400451660156,219.06602478027344,0,0,0,0,0,0,0,0,0,0,0,0,0,0,1,1,1,0,0,0,0,0,0,0,0
2008-02-06 17:00:00+00:00,30,2,17,177.78396606445312,191.09103393554688,0,0,0,0,0,0,0,0,0,0,0,0,1,1,1,1,1,0,0,0,0,0,0,0,0
2008-02-06 17:00:00+00:00,30,2,17,275.85107421875,275.85107421875,0,0,0,0,0,0,0,0,0,0,0,0,0,0,0,1,1,0,0,0,0,0,0,0,0
2008-02-06 17:15:00+00:00,30,2,17,290.1755065917969,272.54266357421875,0,0,0,0,0,0,0,0,0,0,0,0,0,0,0,1,1,0,0,0,0,0,0,0,0
2008-02-06 17:15:00+00:00,30,2,17,269.7862243652344,250.58348083496094,0,0,0,0,0,0,0,0,0,0,0,0,0,0,0,1,1,0,0,0,0,0,0,0,0
2008-02-06 17:30:00+00:00,30,2,17,,,0,0,0,0,0,0,0,0,0,0,0,0,0,0,0,0,0,0,0,0,0,0,0,0,0
2008-02-06 17:45:00+00:00,30,2,17,,,0,0,0,0,0,0,0,0,0,0,0,0,0,0,0,0,0,0,0,0,0,0,0,0,0
2008-02-06 17:45:00+00:00,30,2,17,363.7887878417969,119.89529418945312,0,0,0,0,0,0,0,0,0,0,0,0,0,0,0,0,0,0,0,0,0,0,0,0,0
2008-02-06 17:45:00+00:00,30,2,17,364.81317138671875,363.9517822265625,0,0,0,0,0,0,0,0,0,0,0,0,0,0,0,0,0,0,0,0,0,0,0,0,0
2008-02-07 10:00:00+00:00,30,2,10,,,0,0,0,0,0,0,0,0,0,0,0,0,0,0,0,0,0,0,0,0,0,0,0,0,0
2008-02-07 10:00:00+00:00,30,2,10,32.56306076049805,40.277854919433594,0,0,0,0,0,1,1,1,1,1,1,1,1,1,1,1,1,0,0,0,0,0,0,1,1
2008-02-07 10:00:00+00:00,30,2,10,367.0412902832031,,0,0,0,0,0,0,0,0,0,0,0,0,0,0,0,0,0,0,0,0,0,0,0,0,0
2008-02-07 10:00:00+00:00,30,2,10,335.1146240234375,339.6053161621094,0,0,0,0,0,0,0,0,0,0,0,0,0,0,0,0,1,0,0,0,0,0,0,0,0
2008-02-07 10:00:00+00:00,30,2,10,106.72919464111328,,0,0,0,0,0,0,0,0,0,0,1,1,1,1,1,1,1,0,0,0,0,0,0,0,0
2008-02-07 10:00:00+00:00,30,2,10,,,0,0,0,0,0,0,0,0,0,0,0,0,0,0,0,0,0,0,0,0,0,0,0,0,0
2008-02-07 10:00:00+00:00,30,2,10,310.896728515625,320.3511657714844,0,0,0,0,0,0,0,0,0,0,0,0,0,0,0,0,1,0,0,0,0,0,0,0,0
2008-02-07 10:00:00+00:00,30,2,10,,,0,0,0,0,0,0,0,0,0,0,0,0,0,0,0,0,0,0,0,0,0,0,0,0,0
2008-02-07 10:00:00+00:00,30,2,10,,,0,0,0,0,0,0,0,0,0,0,0,0,0,0,0,0,0,0,0,0,0,0,0,0,0
2008-02-07 10:00:00+00:00,30,2,10,,,0,0,0,0,0,0,0,0,0,0,0,0,0,0,0,0,0,0,0,0,0,0,0,0,0
2008-02-07 10:00:00+00:00,30,2,10,201.7940216064453,,0,0,0,0,0,0,0,0,0,0,0,0,0,0,1,1,1,0,0,0,0,0,0,0,0
2008-02-07 10:00:00+00:00,30,2,10,,,0,0,0,0,0,0,0,0,0,0,0,0,0,0,0,0,0,0,0,0,0,0,0,0,0
2008-02-07 10:00:00+00:00,30,2,10,,494.424072265625,0,0,0,0,0,0,0,0,0,0,0,0,0,0,0,0,0,0,0,0,0,0,0,0,0
2008-02-07 10:00:00+00:00,30,2,10,,,0,0,0,0,0,0,0,0,0,0,0,0,0,0,0,0,0,0,0,0,0,0,0,0,0
2008-02-07 10:00:00+00:00,30,2,10,503.9056396484375,466.44573974609375,0,0,0,0,0,0,0,0,0,0,0,0,0,0,0,0,0,0,0,0,0,0,0,0,0
2008-02-07 10:00:00+00:00,30,2,10,,,0,0,0,0,0,0,0,0,0,0,0,0,0,0,0,0,0,0,0,0,0,0,0,0,0
2008-02-07 10:00:00+00:00,30,2,10,,,0,0,0,0,0,0,0,0,0,0,0,0,0,0,0,0,0,0,0,0,0,0,0,0,0
2008-02-07 10:15:00+00:00,30,2,10,,,0,0,0,0,0,0,0,0,0,0,0,0,0,0,0,0,0,0,0,0,0,0,0,0,0
2008-02-07 10:15:00+00:00,30,2,10,120.01483154296875,118.7998046875,0,0,0,0,0,0,0,0,0,0,0,1,1,1,1,1,1,0,0,0,0,0,0,0,0
2008-02-07 10:15:00+00:00,30,2,10,440.4700622558594,199.5830535888672,0,0,0,0,0,0,0,0,0,0,0,0,0,0,0,0,0,0,0,0,0,0,0,0,0
2008-02-07 10:15:00+00:00,30,2,10,430.6479187011719,285.6871643066406,0,0,0,0,0,0,0,0,0,0,0,0,0,0,0,0,0,0,0,0,0,0,0,0,0
2008-02-07 10:15:00+00:00,30,2,10,374.6246643066406,379.68768310546875,0,0,0,0,0,0,0,0,0,0,0,0,0,0,0,0,0,0,0,0,0,0,0,0,0
2008-02-07 10:15:00+00:00,30,2,10,232.95176696777344,323.027587890625,0,0,0,0,0,0,0,0,0,0,0,0,0,0,1,1,1,0,0,0,0,0,0,0,0
2008-02-07 10:15:00+00:00,30,2,10,231.95025634765625,399.7875061035156,0,0,0,0,0,0,0,0,0,0,0,0,0,0,1,1,1,0,0,0,0,0,0,0,0
2008-02-07 10:15:00+00:00,30,2,10,401.4206237792969,365.80657958984375,0,0,0,0,0,0,0,0,0,0,0,0,0,0,0,0,0,0,0,0,0,0,0,0,0
2008-02-07 10:15:00+00:00,30,2,10,402.76129150390625,368.0301513671875,0,0,0,0,0,0,0,0,0,0,0,0,0,0,0,0,0,0,0,0,0,0,0,0,0
2008-02-07 10:15:00+00:00,30,2,10,,,0,0,0,0,0,0,0,0,0,0,0,0,0,0,0,0,0,0,0,0,0,0,0,0,0
2008-02-07 10:15:00+00:00,30,2,10,,,0,0,0,0,0,0,0,0,0,0,0,0,0,0,0,0,0,0,0,0,0,0,0,0,0
2008-02-07 10:15:00+00:00,30,2,10,182.2470703125,149.57345581054688,0,0,0,0,0,0,0,0,0,0,0,0,0,1,1,1,1,0,0,0,0,0,0,0,0
2008-02-07 10:15:00+00:00,30,2,10,408.18927001953125,371.11065673828125,0,0,0,0,0,0,0,0,0,0,0,0,0,0,0,0,0,0,0,0,0,0,0,0,0
2008-02-07 10:15:00+00:00,30,2,10,,465.2591857910156,0,0,0,0,0,0,0,0,0,0,0,0,0,0,0,0,0,0,0,0,0,0,0,0,0
2008-02-07 10:15:00+00:00,30,2,10,404.1835632324219,365.23309326171875,0,0,0,0,0,0,0,0,0,0,0,0,0,0,0,0,0,0,0,0,0,0,0,0,0
2008-02-07 10:15:00+00:00,30,2,10,,,0,0,0,0,0,0,0,0,0,0,0,0,0,0,0,0,0,0,0,0,0,0,0,0,0
2008-02-07 10:15:00+00:00,30,2,10,,,0,0,0,0,0,0,0,0,0,0,0,0,0,0,0,0,0,0,0,0,0,0,0,0,0
2008-02-07 10:15:00+00:00,30,2,10,,,0,0,0,0,0,0,0,0,0,0,0,0,0,0,0,0,0,0,0,0,0,0,0,0,0
2008-02-07 10:15:00+00:00,30,2,10,411.53900146484375,400.7453918457031,0,0,0,0,0,0,0,0,0,0,0,0,0,0,0,0,0,0,0,0,0,0,0,0,0
2008-02-07 10:15:00+00:00,30,2,10,,,0,0,0,0,0,0,0,0,0,0,0,0,0,0,0,0,0,0,0,0,0,0,0,0,0
2008-02-07 10:15:00+00:00,30,2,10,,,0,0,0,0,0,0,0,0,0,0,0,0,0,0,0,0,0,0,0,0,0,0,0,0,0
2008-02-07 10:15:00+00:00,30,2,10,,,0,0,0,0,0,0,0,0,0,0,0,0,0,0,0,0,0,0,0,0,0,0,0,0,0
2008-02-07 10:15:00+00:00,30,2,10,,,0,0,0,0,0,0,0,0,0,0,0,0,0,0,0,0,0,0,0,0,0,0,0,0,0
2008-02-07 10:15:00+00:00,30,2,10,,,0,0,0,0,0,0,0,0,0,0,0,0,0,0,0,0,0,0,0,0,0,0,0,0,0
2008-02-07 10:15:00+00:00,30,2,10,,,0,0,0,0,0,0,0,0,0,0,0,0,0,0,0,0,0,0,0,0,0,0,0,0,0
2008-02-07 10:15:00+00:00,30,2,10,,,0,0,0,0,0,0,0,0,0,0,0,0,0,0,0,0,0,0,0,0,0,0,0,0,0
2008-02-07 10:30:00+00:00,30,2,10,,,0,0,0,0,0,0,0,0,0,0,0,0,0,0,0,0,0,0,0,0,0,0,0,0,0
2008-02-07 10:30:00+00:00,30,2,10,137.9524688720703,129.45022583007812,0,0,0,0,0,0,0,0,0,0,0,1,1,1,1,1,1,0,0,0,0,0,0,0,0
2008-02-07 10:30:00+00:00,30,2,10,,185.09805297851562,0,0,0,0,0,0,0,0,0,0,0,0,0,0,0,0,0,0,0,0,0,0,0,0,0
2008-02-07 10:30:00+00:00,30,2,10,,135.76866149902344,0,0,0,0,0,0,0,0,0,0,0,0,0,0,0,0,0,0,0,0,0,0,0,0,0
2008-02-07 10:30:00+00:00,30,2,10,,212.33871459960938,0,0,0,0,0,0,0,0,0,0,0,0,0,0,0,0,0,0,0,0,0,0,0,0,0
2008-02-07 10:30:00+00:00,30,2,10,,243.85177612304688,0,0,0,0,0,0,0,0,0,0,0,0,0,0,0,0,0,0,0,0,0,0,0,0,0
2008-02-07 10:30:00+00:00,30,2,10,,199.94430541992188,0,0,0,0,0,0,0,0,0,0,0,0,0,0,0,0,0,0,0,0,0,0,0,0,0
2008-02-07 10:30:00+00:00,30,2,10,194.74195861816406,218.74806213378906,0,0,0,0,0,0,0,0,0,0,0,0,0,1,1,1,1,0,0,0,0,0,0,0,0
2008-02-07 10:30:00+00:00,30,2,10,,394.2905578613281,0,0,0,0,0,0,0,0,0,0,0,0,0,0,0,0,0,0,0,0,0,0,0,0,0
2008-02-07 10:30:00+00:00,30,2,10,,501.3631286621094,0,0,0,0,0,0,0,0,0,0,0,0,0,0,0,0,0,0,0,0,0,0,0,0,0
2008-02-07 10:30:00+00:00,30,2,10,,226.20248413085938,0,0,0,0,0,0,0,0,0,0,0,0,0,0,0,0,0,0,0,0,0,0,0,0,0
2008-02-07 10:30:00+00:00,30,2,10,,214.01646423339844,0,0,0,0,0,0,0,0,0,0,0,0,0,0,0,0,0,0,0,0,0,0,0,0,0
2008-02-07 10:30:00+00:00,30,2,10,,,0,0,0,0,0,0,0,0,0,0,0,0,0,0,0,0,0,0,0,0,0,0,0,0,0
2008-02-07 10:30:00+00:00,30,2,10,,161.6038818359375,0,0,0,0,0,0,0,0,0,0,0,0,0,0,0,0,0,0,0,0,0,0,0,0,0
2008-02-07 10:30:00+00:00,30,2,10,,,0,0,0,0,0,0,0,0,0,0,0,0,0,0,0,0,0,0,0,0,0,0,0,0,0
2008-02-07 10:30:00+00:00,30,2,10,,,0,0,0,0,0,0,0,0,0,0,0,0,0,0,0,0,0,0,0,0,0,0,0,0,0
2008-02-07 10:30:00+00:00,30,2,10,432.63714599609375,394.8742980957031,0,0,0,0,0,0,0,0,0,0,0,0,0,0,0,0,0,0,0,0,0,0,0,0,0
2008-02-07 10:30:00+00:00,30,2,10,334.7499084472656,296.161865234375,0,0,0,0,0,0,0,0,0,0,0,0,0,0,0,0,1,0,0,0,0,0,0,0,0
2008-02-07 10:30:00+00:00,30,2,10,347.2327880859375,307.52392578125,0,0,0,0,0,0,0,0,0,0,0,0,0,0,0,0,1,0,0,0,0,0,0,0,0
2008-02-07 10:30:00+00:00,30,2,10,374.9561767578125,334.98590087890625,0,0,0,0,0,0,0,0,0,0,0,0,0,0,0,0,0,0,0,0,0,0,0,0,0
2008-02-07 10:30:00+00:00,30,2,10,497.8318176269531,273.4230651855469,0,0,0,0,0,0,0,0,0,0,0,0,0,0,0,0,0,0,0,0,0,0,0,0,0
2008-02-07 10:30:00+00:00,30,2,10,527.7634887695312,245.18467712402344,0,0,0,0,0,0,0,0,0,0,0,0,0,0,0,0,0,0,0,0,0,0,0,0,0
2008-02-07 10:45:00+00:00,30,2,10,,,0,0,0,0,0,0,0,0,0,0,0,0,0,0,0,0,0,0,0,0,0,0,0,0,0
2008-02-07 10:45:00+00:00,30,2,10,,,0,0,0,0,0,0,0,0,0,0,0,0,0,0,0,0,0,0,0,0,0,0,0,0,0
2008-02-07 10:45:00+00:00,30,2,10,,,0,0,0,0,0,0,0,0,0,0,0,0,0,0,0,0,0,0,0,0,0,0,0,0,0
2008-02-07 10:45:00+00:00,30,2,10,140.0895538330078,118.48005676269531,0,0,0,0,0,0,0,0,0,0,0,1,1,1,1,1,1,0,0,0,0,0,0,0,0
2008-02-07 10:45:00+00:00,30,2,10,220.25701904296875,223.43316650390625,0,0,0,0,0,0,0,0,0,0,0,0,0,0,1,1,1,0,0,0,0,0,0,0,0
2008-02-07 10:45:00+00:00,30,2,10,206.38694763183594,245.00584411621094,0,0,0,0,0,0,0,0,0,0,0,0,0,0,1,1,1,0,0,0,0,0,0,0,0
2008-02-07 10:45:00+00:00,30,2,10,64.42626190185547,59.32986068725586,0,0,0,0,0,0,0,0,1,1,1,1,1,1,1,1,1,0,0,0,0,0,0,0,1
2008-02-07 10:45:00+00:00,30,2,10,106.9971694946289,102.07539367675781,0,0,0,0,0,0,0,0,0,0,1,1,1,1,1,1,1,0,0,0,0,0,0,0,0
2008-02-07 10:45:00+00:00,30,2,10,154.94407653808594,143.64785766601562,0,0,0,0,0,0,0,0,0,0,0,0,1,1,1,1,1,0,0,0,0,0,0,0,0
2008-02-07 10:45:00+00:00,30,2,10,372.2812805175781,331.64990234375,0,0,0,0,0,0,0,0,0,0,0,0,0,0,0,0,0,0,0,0,0,0,0,0,0
2008-02-07 10:45:00+00:00,30,2,10,378.92144775390625,262.86370849609375,0,0,0,0,0,0,0,0,0,0,0,0,0,0,0,0,0,0,0,0,0,0,0,0,0
2008-02-07 10:45:00+00:00,30,2,10,465.24713134765625,245.33262634277344,0,0,0,0,0,0,0,0,0,0,0,0,0,0,0,0,0,0,0,0,0,0,0,0,0
2008-02-07 10:45:00+00:00,30,2,10,550.0707397460938,213.03517150878906,0,0,0,0,0,0,0,0,0,0,0,0,0,0,0,0,0,0,0,0,0,0,0,0,0
2008-02-07 10:45:00+00:00,30,2,10,,,0,0,0,0,0,0,0,0,0,0,0,0,0,0,0,0,0,0,0,0,0,0,0,0,0
2008-02-07 10:45:00+00:00,30,2,10,319.7724914550781,222.95773315429688,0,0,0,0,0,0,0,0,0,0,0,0,0,0,0,0,1,0,0,0,0,0,0,0,0
2008-02-07 10:45:00+00:00,30,2,10,,402.136962890625,0,0,0,0,0,0,0,0,0,0,0,0,0,0,0,0,0,0,0,0,0,0,0,0,0
2008-02-07 10:45:00+00:00,30,2,10,,379.3215637207031,0,0,0,0,0,0,0,0,0,0,0,0,0,0,0,0,0,0,0,0,0,0,0,0,0
2008-02-07 10:45:00+00:00,30,2,10,,361.2518310546875,0,0,0,0,0,0,0,0,0,0,0,0,0,0,0,0,0,0,0,0,0,0,0,0,0
2008-02-07 10:45:00+00:00,30,2,10,,212.60211181640625,0,0,0,0,0,0,0,0,0,0,0,0,0,0,0,0,0,0,0,0,0,0,0,0,0
2008-02-07 10:45:00+00:00,30,2,10,,135.32481384277344,0,0,0,0,0,0,0,0,0,0,0,0,0,0,0,0,0,0,0,0,0,0,0,0,0
2008-02-07 10:45:00+00:00,30,2,10,,155.60614013671875,0,0,0,0,0,0,0,0,0,0,0,0,0,0,0,0,0,0,0,0,0,0,0,0,0
2008-02-07 10:45:00+00:00,30,2,10,419.24249267578125,151.3855438232422,0,0,0,0,0,0,0,0,0,0,0,0,0,0,0,0,0,0,0,0,0,0,0,0,0
2008-02-07 10:45:00+00:00,30,2,10,,339.9520263671875,0,0,0,0,0,0,0,0,0,0,0,0,0,0,0,0,0,0,0,0,0,0,0,0,0
2008-02-07 10:45:00+00:00,30,2,10,,,0,0,0,0,0,0,0,0,0,0,0,0,0,0,0,0,0,0,0,0,0,0,0,0,0
2008-02-07 11:00:00+00:00,30,2,11,,,0,0,0,0,0,0,0,0,0,0,0,0,0,0,0,0,0,0,0,0,0,0,0,0,0
2008-02-07 11:00:00+00:00,30,2,11,,,0,0,0,0,0,0,0,0,0,0,0,0,0,0,0,0,0,0,0,0,0,0,0,0,0
2008-02-07 11:00:00+00:00,30,2,11,,,0,0,0,0,0,0,0,0,0,0,0,0,0,0,0,0,0,0,0,0,0,0,0,0,0
2008-02-07 11:00:00+00:00,30,2,11,274.12677001953125,214.67994689941406,0,0,0,0,0,0,0,0,0,0,0,0,0,0,0,1,1,0,0,0,0,0,0,0,0
2008-02-07 11:00:00+00:00,30,2,11,219.7611846923828,297.8025207519531,0,0,0,0,0,0,0,0,0,0,0,0,0,0,1,1,1,0,0,0,0,0,0,0,0
2008-02-07 11:00:00+00:00,30,2,11,117.7387924194336,123.97209930419922,0,0,0,0,0,0,0,0,0,0,1,1,1,1,1,1,1,0,0,0,0,0,0,0,0
2008-02-07 11:00:00+00:00,30,2,11,133.2315673828125,139.661865234375,0,0,0,0,0,0,0,0,0,0,0,1,1,1,1,1,1,0,0,0,0,0,0,0,0
2008-02-07 11:00:00+00:00,30,2,11,206.037841796875,204.65509033203125,0,0,0,0,0,0,0,0,0,0,0,0,0,0,1,1,1,0,0,0,0,0,0,0,0
2008-02-07 11:00:00+00:00,30,2,11,427.24298095703125,411.2075500488281,0,0,0,0,0,0,0,0,0,0,0,0,0,0,0,0,0,0,0,0,0,0,0,0,0
2008-02-07 11:00:00+00:00,30,2,11,311.6256103515625,325.37841796875,0,0,0,0,0,0,0,0,0,0,0,0,0,0,0,0,1,0,0,0,0,0,0,0,0
2008-02-07 11:00:00+00:00,30,2,11,392.7195129394531,353.6675720214844,0,0,0,0,0,0,0,0,0,0,0,0,0,0,0,0,0,0,0,0,0,0,0,0,0
2008-02-07 11:00:00+00:00,30,2,11,464.7936706542969,422.3294372558594,0,0,0,0,0,0,0,0,0,0,0,0,0,0,0,0,0,0,0,0,0,0,0,0,0
2008-02-07 11:00:00+00:00,30,2,11,,,0,0,0,0,0,0,0,0,0,0,0,0,0,0,0,0,0,0,0,0,0,0,0,0,0
2008-02-07 11:00:00+00:00,30,2,11,192.265625,270.8284606933594,0,0,0,0,0,0,0,0,0,0,0,0,0,1,1,1,1,0,0,0,0,0,0,0,0
2008-02-07 11:00:00+00:00,30,2,11,394.2664489746094,286.568603515625,0,0,0,0,0,0,0,0,0,0,0,0,0,0,0,0,0,0,0,0,0,0,0,0,0
2008-02-07 11:00:00+00:00,30,2,11,,,0,0,0,0,0,0,0,0,0,0,0,0,0,0,0,0,0,0,0,0,0,0,0,0,0
2008-02-07 11:00:00+00:00,30,2,11,54.180904388427734,12.193094253540039,0,0,0,0,0,0,0,1,1,1,1,1,1,1,1,1,1,0,1,1,1,1,1,1,1
2008-02-07 11:00:00+00:00,30,2,11,236.56980895996094,93.75432586669922,0,0,0,0,0,0,0,0,0,0,0,0,0,0,1,1,1,0,0,0,0,0,0,0,0
2008-02-07 11:00:00+00:00,30,2,11,281.3899230957031,34.78069305419922,0,0,0,0,0,0,0,0,0,0,0,0,0,0,0,1,1,0,0,0,0,0,1,1,1
2008-02-07 11:00:00+00:00,30,2,11,389.25445556640625,50.624507904052734,0,0,0,0,0,0,0,0,0,0,0,0,0,0,0,0,0,0,0,0,0,0,0,0,1
2008-02-07 11:00:00+00:00,30,2,11,,,0,0,0,0,0,0,0,0,0,0,0,0,0,0,0,0,0,0,0,0,0,0,0,0,0
2008-02-07 11:15:00+00:00,30,2,11,,,0,0,0,0,0,0,0,0,0,0,0,0,0,0,0,0,0,0,0,0,0,0,0,0,0
2008-02-07 11:15:00+00:00,30,2,11,,,0,0,0,0,0,0,0,0,0,0,0,0,0,0,0,0,0,0,0,0,0,0,0,0,0
2008-02-07 11:15:00+00:00,30,2,11,,,0,0,0,0,0,0,0,0,0,0,0,0,0,0,0,0,0,0,0,0,0,0,0,0,0
2008-02-07 11:15:00+00:00,30,2,11,,,0,0,0,0,0,0,0,0,0,0,0,0,0,0,0,0,0,0,0,0,0,0,0,0,0
2008-02-07 11:15:00+00:00,30,2,11,72.16500091552734,40.74779510498047,0,0,0,0,0,0,0,0,1,1,1,1,1,1,1,1,1,0,0,0,0,0,0,1,1
2008-02-07 11:15:00+00:00,30,2,11,191.4561004638672,193.0227508544922,0,0,0,0,0,0,0,0,0,0,0,0,0,1,1,1,1,0,0,0,0,0,0,0,0
2008-02-07 11:15:00+00:00,30,2,11,173.93402099609375,177.31707763671875,0,0,0,0,0,0,0,0,0,0,0,0,1,1,1,1,1,0,0,0,0,0,0,0,0
2008-02-07 11:15:00+00:00,30,2,11,,315.70428466796875,0,0,0,0,0,0,0,0,0,0,0,0,0,0,0,0,0,0,0,0,0,0,0,0,0
2008-02-07 11:15:00+00:00,30,2,11,43.52018737792969,57.89901351928711,0,0,0,0,0,0,1,1,1,1,1,1,1,1,1,1,1,0,0,0,0,0,0,0,1
2008-02-07 11:15:00+00:00,30,2,11,174.72850036621094,290.3009948730469,0,0,0,0,0,0,0,0,0,0,0,0,1,1,1,1,1,0,0,0,0,0,0,0,0
2008-02-07 11:15:00+00:00,30,2,11,283.102783203125,261.6036071777344,0,0,0,0,0,0,0,0,0,0,0,0,0,0,0,1,1,0,0,0,0,0,0,0,0
2008-02-07 11:15:00+00:00,30,2,11,301.8856201171875,300.1256408691406,0,0,0,0,0,0,0,0,0,0,0,0,0,0,0,0,1,0,0,0,0,0,0,0,0
2008-02-07 11:15:00+00:00,30,2,11,257.5699462890625,241.83599853515625,0,0,0,0,0,0,0,0,0,0,0,0,0,0,0,1,1,0,0,0,0,0,0,0,0
2008-02-07 11:15:00+00:00,30,2,11,191.63182067871094,214.8489227294922,0,0,0,0,0,0,0,0,0,0,0,0,0,1,1,1,1,0,0,0,0,0,0,0,0
2008-02-07 11:15:00+00:00,30,2,11,,181.3280029296875,0,0,0,0,0,0,0,0,0,0,0,0,0,0,0,0,0,0,0,0,0,0,0,0,0
2008-02-07 11:15:00+00:00,30,2,11,534.28759765625,247.1711883544922,0,0,0,0,0,0,0,0,0,0,0,0,0,0,0,0,0,0,0,0,0,0,0,0,0
2008-02-07 11:15:00+00:00,30,2,11,,,0,0,0,0,0,0,0,0,0,0,0,0,0,0,0,0,0,0,0,0,0,0,0,0,0
2008-02-07 11:15:00+00:00,30,2,11,,,0,0,0,0,0,0,0,0,0,0,0,0,0,0,0,0,0,0,0,0,0,0,0,0,0
2008-02-07 11:15:00+00:00,30,2,11,,202.35830688476562,0,0,0,0,0,0,0,0,0,0,0,0,0,0,0,0,0,0,0,0,0,0,0,0,0
2008-02-07 11:15:00+00:00,30,2,11,285.2271423339844,237.1787109375,0,0,0,0,0,0,0,0,0,0,0,0,0,0,0,1,1,0,0,0,0,0,0,0,0
2008-02-07 11:15:00+00:00,30,2,11,141.58055114746094,137.91270446777344,0,0,0,0,0,0,0,0,0,0,0,1,1,1,1,1,1,0,0,0,0,0,0,0,0
2008-02-07 11:15:00+00:00,30,2,11,203.4962615966797,197.66500854492188,0,0,0,0,0,0,0,0,0,0,0,0,0,0,1,1,1,0,0,0,0,0,0,0,0
2008-02-07 11:15:00+00:00,30,2,11,170.68634033203125,4.924895286560059,0,0,0,0,0,0,0,0,0,0,0,0,1,1,1,1,1,1,1,1,1,1,1,1,1
2008-02-07 11:15:00+00:00,30,2,11,120.82404327392578,63.53297424316406,0,0,0,0,0,0,0,0,0,0,0,1,1,1,1,1,1,0,0,0,0,0,0,0,0
2008-02-07 11:15:00+00:00,30,2,11,,,0,0,0,0,0,0,0,0,0,0,0,0,0,0,0,0,0,0,0,0,0,0,0,0,0
2008-02-07 11:15:00+00:00,30,2,11,,,0,0,0,0,0,0,0,0,0,0,0,0,0,0,0,0,0,0,0,0,0,0,0,0,0
2008-02-07 11:30:00+00:00,30,2,11,,,0,0,0,0,0,0,0,0,0,0,0,0,0,0,0,0,0,0,0,0,0,0,0,0,0
2008-02-07 11:30:00+00:00,30,2,11,,,0,0,0,0,0,0,0,0,0,0,0,0,0,0,0,0,0,0,0,0,0,0,0,0,0
2008-02-07 11:30:00+00:00,30,2,11,,,0,0,0,0,0,0,0,0,0,0,0,0,0,0,0,0,0,0,0,0,0,0,0,0,0
2008-02-07 11:30:00+00:00,30,2,11,,386.3230285644531,0,0,0,0,0,0,0,0,0,0,0,0,0,0,0,0,0,0,0,0,0,0,0,0,0
2008-02-07 11:30:00+00:00,30,2,11,185.75096130371094,166.5475616455078,0,0,0,0,0,0,0,0,0,0,0,0,0,1,1,1,1,0,0,0,0,0,0,0,0
2008-02-07 11:30:00+00:00,30,2,11,187.18972778320312,171.88107299804688,0,0,0,0,0,0,0,0,0,0,0,0,0,1,1,1,1,0,0,0,0,0,0,0,0
2008-02-07 11:30:00+00:00,30,2,11,148.7788543701172,113.30545806884766,0,0,0,0,0,0,0,0,0,0,0,1,1,1,1,1,1,0,0,0,0,0,0,0,0
2008-02-07 11:30:00+00:00,30,2,11,191.09121704101562,140.96902465820312,0,0,0,0,0,0,0,0,0,0,0,0,0,1,1,1,1,0,0,0,0,0,0,0,0
2008-02-07 11:30:00+00:00,30,2,11,,371.2208557128906,0,0,0,0,0,0,0,0,0,0,0,0,0,0,0,0,0,0,0,0,0,0,0,0,0
2008-02-07 11:30:00+00:00,30,2,11,263.2445068359375,229.63851928710938,0,0,0,0,0,0,0,0,0,0,0,0,0,0,0,1,1,0,0,0,0,0,0,0,0
2008-02-07 11:30:00+00:00,30,2,11,,,0,0,0,0,0,0,0,0,0,0,0,0,0,0,0,0,0,0,0,0,0,0,0,0,0
2008-02-07 11:30:00+00:00,30,2,11,125.99555206298828,154.75645446777344,0,0,0,0,0,0,0,0,0,0,0,1,1,1,1,1,1,0,0,0,0,0,0,0,0
2008-02-07 11:30:00+00:00,30,2,11,130.78158569335938,100.75911712646484,0,0,0,0,0,0,0,0,0,0,0,1,1,1,1,1,1,0,0,0,0,0,0,0,0
2008-02-07 11:30:00+00:00,30,2,11,112.57662963867188,98.9168930053711,0,0,0,0,0,0,0,0,0,0,1,1,1,1,1,1,1,0,0,0,0,0,0,0,0
2008-02-07 11:30:00+00:00,30,2,11,194.8083953857422,131.50611877441406,0,0,0,0,0,0,0,0,0,0,0,0,0,1,1,1,1,0,0,0,0,0,0,0,0
2008-02-07 11:30:00+00:00,30,2,11,,56.279571533203125,0,0,0,0,0,0,0,0,0,0,0,0,0,0,0,0,0,0,0,0,0,0,0,0,1
2008-02-07 11:30:00+00:00,30,2,11,,,0,0,0,0,0,0,0,0,0,0,0,0,0,0,0,0,0,0,0,0,0,0,0,0,0
2008-02-07 11:45:00+00:00,30,2,11,,,0,0,0,0,0,0,0,0,0,0,0,0,0,0,0,0,0,0,0,0,0,0,0,0,0
2008-02-07 11:45:00+00:00,30,2,11,,,0,0,0,0,0,0,0,0,0,0,0,0,0,0,0,0,0,0,0,0,0,0,0,0,0
2008-02-07 11:45:00+00:00,30,2,11,,,0,0,0,0,0,0,0,0,0,0,0,0,0,0,0,0,0,0,0,0,0,0,0,0,0
2008-02-07 11:45:00+00:00,30,2,11,,,0,0,0,0,0,0,0,0,0,0,0,0,0,0,0,0,0,0,0,0,0,0,0,0,0
2008-02-07 11:45:00+00:00,30,2,11,,,0,0,0,0,0,0,0,0,0,0,0,0,0,0,0,0,0,0,0,0,0,0,0,0,0
2008-02-07 11:45:00+00:00,30,2,11,,380.6256408691406,0,0,0,0,0,0,0,0,0,0,0,0,0,0,0,0,0,0,0,0,0,0,0,0,0
2008-02-07 11:45:00+00:00,30,2,11,220.7860870361328,203.98858642578125,0,0,0,0,0,0,0,0,0,0,0,0,0,0,1,1,1,0,0,0,0,0,0,0,0
2008-02-07 11:45:00+00:00,30,2,11,97.3281478881836,92.3393783569336,0,0,0,0,0,0,0,0,0,1,1,1,1,1,1,1,1,0,0,0,0,0,0,0,0
2008-02-07 11:45:00+00:00,30,2,11,346.1546630859375,194.62135314941406,0,0,0,0,0,0,0,0,0,0,0,0,0,0,0,0,1,0,0,0,0,0,0,0,0
2008-02-07 11:45:00+00:00,30,2,11,203.01211547851562,209.55389404296875,0,0,0,0,0,0,0,0,0,0,0,0,0,0,1,1,1,0,0,0,0,0,0,0,0
2008-02-07 11:45:00+00:00,30,2,11,209.8915557861328,79.42510223388672,0,0,0,0,0,0,0,0,0,0,0,0,0,0,1,1,1,0,0,0,0,0,0,0,0
2008-02-07 11:45:00+00:00,30,2,11,296.67156982421875,337.5987854003906,0,0,0,0,0,0,0,0,0,0,0,0,0,0,0,1,1,0,0,0,0,0,0,0,0
2008-02-07 11:45:00+00:00,30,2,11,,,0,0,0,0,0,0,0,0,0,0,0,0,0,0,0,0,0,0,0,0,0,0,0,0,0
2008-02-07 11:45:00+00:00,30,2,11,111.13333892822266,94.79705047607422,0,0,0,0,0,0,0,0,0,0,1,1,1,1,1,1,1,0,0,0,0,0,0,0,0
2008-02-07 11:45:00+00:00,30,2,11,56.83116912841797,52.74091720581055,0,0,0,0,0,0,0,1,1,1,1,1,1,1,1,1,1,0,0,0,0,0,0,0,1
2008-02-07 11:45:00+00:00,30,2,11,,,0,0,0,0,0,0,0,0,0,0,0,0,0,0,0,0,0,0,0,0,0,0,0,0,0
2008-02-07 11:45:00+00:00,30,2,11,250.0049591064453,245.89120483398438,0,0,0,0,0,0,0,0,0,0,0,0,0,0,0,1,1,0,0,0,0,0,0,0,0
2008-02-07 11:45:00+00:00,30,2,11,162.32760620117188,156.30673217773438,0,0,0,0,0,0,0,0,0,0,0,0,1,1,1,1,1,0,0,0,0,0,0,0,0
2008-02-07 11:45:00+00:00,30,2,11,401.7484130859375,328.0322570800781,0,0,0,0,0,0,0,0,0,0,0,0,0,0,0,0,0,0,0,0,0,0,0,0,0
2008-02-07 11:45:00+00:00,30,2,11,112.99519348144531,116.3962631225586,0,0,0,0,0,0,0,0,0,0,1,1,1,1,1,1,1,0,0,0,0,0,0,0,0
2008-02-07 11:45:00+00:00,30,2,11,388.995361328125,201.29188537597656,0,0,0,0,0,0,0,0,0,0,0,0,0,0,0,0,0,0,0,0,0,0,0,0,0
2008-02-07 11:45:00+00:00,30,2,11,159.41888427734375,168.93820190429688,0,0,0,0,0,0,0,0,0,0,0,0,1,1,1,1,1,0,0,0,0,0,0,0,0
2008-02-07 11:45:00+00:00,30,2,11,,434.4314270019531,0,0,0,0,0,0,0,0,0,0,0,0,0,0,0,0,0,0,0,0,0,0,0,0,0
2008-02-07 12:00:00+00:00,30,2,12,,,0,0,0,0,0,0,0,0,0,0,0,0,0,0,0,0,0,0,0,0,0,0,0,0,0
2008-02-07 12:00:00+00:00,30,2,12,,,0,0,0,0,0,0,0,0,0,0,0,0,0,0,0,0,0,0,0,0,0,0,0,0,0
2008-02-07 12:00:00+00:00,30,2,12,60.54248809814453,142.93199157714844,0,0,0,0,0,0,0,0,1,1,1,1,1,1,1,1,1,0,0,0,0,0,0,0,0
2008-02-07 12:00:00+00:00,30,2,12,254.96939086914062,239.098388671875,0,0,0,0,0,0,0,0,0,0,0,0,0,0,0,1,1,0,0,0,0,0,0,0,0
2008-02-07 12:00:00+00:00,30,2,12,156.4767303466797,149.31417846679688,0,0,0,0,0,0,0,0,0,0,0,0,1,1,1,1,1,0,0,0,0,0,0,0,0
2008-02-07 12:00:00+00:00,30,2,12,92.11964416503906,66.86481475830078,0,0,0,0,0,0,0,0,0,1,1,1,1,1,1,1,1,0,0,0,0,0,0,0,0
2008-02-07 12:00:00+00:00,30,2,12,53.005462646484375,33.344200134277344,0,0,0,0,0,0,0,1,1,1,1,1,1,1,1,1,1,0,0,0,0,0,1,1,1
2008-02-07 12:00:00+00:00,30,2,12,268.8394470214844,246.47552490234375,0,0,0,0,0,0,0,0,0,0,0,0,0,0,0,1,1,0,0,0,0,0,0,0,0
2008-02-07 12:00:00+00:00,30,2,12,201.57546997070312,180.46046447753906,0,0,0,0,0,0,0,0,0,0,0,0,0,0,1,1,1,0,0,0,0,0,0,0,0
2008-02-07 12:00:00+00:00,30,2,12,155.3546142578125,143.11207580566406,0,0,0,0,0,0,0,0,0,0,0,0,1,1,1,1,1,0,0,0,0,0,0,0,0
2008-02-07 12:00:00+00:00,30,2,12,190.79063415527344,166.46145629882812,0,0,0,0,0,0,0,0,0,0,0,0,0,1,1,1,1,0,0,0,0,0,0,0,0
2008-02-07 12:00:00+00:00,30,2,12,122.53121185302734,103.81966400146484,0,0,0,0,0,0,0,0,0,0,0,1,1,1,1,1,1,0,0,0,0,0,0,0,0
2008-02-07 12:00:00+00:00,30,2,12,281.1292419433594,268.52484130859375,0,0,0,0,0,0,0,0,0,0,0,0,0,0,0,1,1,0,0,0,0,0,0,0,0
2008-02-07 12:00:00+00:00,30,2,12,173.1341094970703,197.94802856445312,0,0,0,0,0,0,0,0,0,0,0,0,1,1,1,1,1,0,0,0,0,0,0,0,0
2008-02-07 12:00:00+00:00,30,2,12,103.55084228515625,129.03248596191406,0,0,0,0,0,0,0,0,0,0,1,1,1,1,1,1,1,0,0,0,0,0,0,0,0
2008-02-07 12:00:00+00:00,30,2,12,120.20970916748047,109.89443969726562,0,0,0,0,0,0,0,0,0,0,0,1,1,1,1,1,1,0,0,0,0,0,0,0,0
2008-02-07 12:15:00+00:00,30,2,12,,,0,0,0,0,0,0,0,0,0,0,0,0,0,0,0,0,0,0,0,0,0,0,0,0,0
2008-02-07 12:15:00+00:00,30,2,12,,,0,0,0,0,0,0,0,0,0,0,0,0,0,0,0,0,0,0,0,0,0,0,0,0,0
2008-02-07 12:15:00+00:00,30,2,12,,,0,0,0,0,0,0,0,0,0,0,0,0,0,0,0,0,0,0,0,0,0,0,0,0,0
2008-02-07 12:15:00+00:00,30,2,12,,,0,0,0,0,0,0,0,0,0,0,0,0,0,0,0,0,0,0,0,0,0,0,0,0,0
2008-02-07 12:15:00+00:00,30,2,12,394.20050048828125,,0,0,0,0,0,0,0,0,0,0,0,0,0,0,0,0,0,0,0,0,0,0,0,0,0
2008-02-07 12:15:00+00:00,30,2,12,349.8180847167969,345.70098876953125,0,0,0,0,0,0,0,0,0,0,0,0,0,0,0,0,1,0,0,0,0,0,0,0,0
2008-02-07 12:15:00+00:00,30,2,12,319.5310363769531,315.4863586425781,0,0,0,0,0,0,0,0,0,0,0,0,0,0,0,0,1,0,0,0,0,0,0,0,0
2008-02-07 12:15:00+00:00,30,2,12,284.3038330078125,279.2035827636719,0,0,0,0,0,0,0,0,0,0,0,0,0,0,0,1,1,0,0,0,0,0,0,0,0
2008-02-07 12:15:00+00:00,30,2,12,169.27243041992188,138.6239471435547,0,0,0,0,0,0,0,0,0,0,0,0,1,1,1,1,1,0,0,0,0,0,0,0,0
2008-02-07 12:15:00+00:00,30,2,12,339.2970886230469,348.640625,0,0,0,0,0,0,0,0,0,0,0,0,0,0,0,0,1,0,0,0,0,0,0,0,0
2008-02-07 12:15:00+00:00,30,2,12,182.60858154296875,191.4276580810547,0,0,0,0,0,0,0,0,0,0,0,0,0,1,1,1,1,0,0,0,0,0,0,0,0
2008-02-07 12:15:00+00:00,30,2,12,184.50155639648438,183.3404998779297,0,0,0,0,0,0,0,0,0,0,0,0,0,1,1,1,1,0,0,0,0,0,0,0,0
2008-02-07 12:15:00+00:00,30,2,12,166.2674560546875,182.7373046875,0,0,0,0,0,0,0,0,0,0,0,0,1,1,1,1,1,0,0,0,0,0,0,0,0
2008-02-07 12:15:00+00:00,30,2,12,,138.44943237304688,0,0,0,0,0,0,0,0,0,0,0,0,0,0,0,0,0,0,0,0,0,0,0,0,0
2008-02-07 12:15:00+00:00,30,2,12,,225.92422485351562,0,0,0,0,0,0,0,0,0,0,0,0,0,0,0,0,0,0,0,0,0,0,0,0,0
2008-02-07 12:15:00+00:00,30,2,12,239.08702087402344,243.90744018554688,0,0,0,0,0,0,0,0,0,0,0,0,0,0,1,1,1,0,0,0,0,0,0,0,0
2008-02-07 12:15:00+00:00,30,2,12,256.0289306640625,252.53848266601562,0,0,0,0,0,0,0,0,0,0,0,0,0,0,0,1,1,0,0,0,0,0,0,0,0
2008-02-07 12:15:00+00:00,30,2,12,52.184181213378906,54.498600006103516,0,0,0,0,0,0,0,1,1,1,1,1,1,1,1,1,1,0,0,0,0,0,0,0,1
2008-02-07 12:15:00+00:00,30,2,12,94.21195983886719,15.435355186462402,0,0,0,0,0,0,0,0,0,1,1,1,1,1,1,1,1,0,0,1,1,1,1,1,1
2008-02-07 12:15:00+00:00,30,2,12,134.3042449951172,65.09735107421875,0,0,0,0,0,0,0,0,0,0,0,1,1,1,1,1,1,0,0,0,0,0,0,0,0
2008-02-07 12:15:00+00:00,30,2,12,155.7858123779297,23.51198387145996,0,0,0,0,0,0,0,0,0,0,0,0,1,1,1,1,1,0,0,0,1,1,1,1,1
2008-02-07 12:30:00+00:00,30,2,12,,,0,0,0,0,0,0,0,0,0,0,0,0,0,0,0,0,0,0,0,0,0,0,0,0,0
2008-02-07 12:30:00+00:00,30,2,12,344.513916015625,411.8074035644531,0,0,0,0,0,0,0,0,0,0,0,0,0,0,0,0,1,0,0,0,0,0,0,0,0
2008-02-07 12:30:00+00:00,30,2,12,42.90382385253906,53.771644592285156,0,0,0,0,0,0,1,1,1,1,1,1,1,1,1,1,1,0,0,0,0,0,0,0,1
2008-02-07 12:30:00+00:00,30,2,12,145.7970428466797,132.9686737060547,0,0,0,0,0,0,0,0,0,0,0,1,1,1,1,1,1,0,0,0,0,0,0,0,0
2008-02-07 12:30:00+00:00,30,2,12,118.15313720703125,106.780517578125,0,0,0,0,0,0,0,0,0,0,1,1,1,1,1,1,1,0,0,0,0,0,0,0,0
2008-02-07 12:30:00+00:00,30,2,12,,333.45904541015625,0,0,0,0,0,0,0,0,0,0,0,0,0,0,0,0,0,0,0,0,0,0,0,0,0
2008-02-07 12:30:00+00:00,30,2,12,194.844482421875,80.78638458251953,0,0,0,0,0,0,0,0,0,0,0,0,0,1,1,1,1,0,0,0,0,0,0,0,0
2008-02-07 12:30:00+00:00,30,2,12,238.13157653808594,6.771157741546631,0,0,0,0,0,0,0,0,0,0,0,0,0,0,1,1,1,1,1,1,1,1,1,1,1
2008-02-07 12:30:00+00:00,30,2,12,274.6639709472656,6.188633441925049,0,0,0,0,0,0,0,0,0,0,0,0,0,0,0,1,1,1,1,1,1,1,1,1,1
2008-02-07 12:30:00+00:00,30,2,12,435.49798583984375,274.3995666503906,0,0,0,0,0,0,0,0,0,0,0,0,0,0,0,0,0,0,0,0,0,0,0,0,0
2008-02-07 12:30:00+00:00,30,2,12,125.77574157714844,133.31326293945312,0,0,0,0,0,0,0,0,0,0,0,1,1,1,1,1,1,0,0,0,0,0,0,0,0
2008-02-07 12:30:00+00:00,30,2,12,307.0171813964844,105.07017517089844,0,0,0,0,0,0,0,0,0,0,0,0,0,0,0,0,1,0,0,0,0,0,0,0,0
2008-02-07 12:30:00+00:00,30,2,12,,,0,0,0,0,0,0,0,0,0,0,0,0,0,0,0,0,0,0,0,0,0,0,0,0,0
2008-02-07 12:30:00+00:00,30,2,12,53.662620544433594,68.21607208251953,0,0,0,0,0,0,0,1,1,1,1,1,1,1,1,1,1,0,0,0,0,0,0,0,0
2008-02-07 12:30:00+00:00,30,2,12,129.9087677001953,80.644287109375,0,0,0,0,0,0,0,0,0,0,0,1,1,1,1,1,1,0,0,0,0,0,0,0,0
2008-02-07 12:30:00+00:00,30,2,12,146.76416015625,107.16545867919922,0,0,0,0,0,0,0,0,0,0,0,1,1,1,1,1,1,0,0,0,0,0,0,0,0
2008-02-07 12:30:00+00:00,30,2,12,139.5556640625,50.83245086669922,0,0,0,0,0,0,0,0,0,0,0,1,1,1,1,1,1,0,0,0,0,0,0,0,1
2008-02-07 12:30:00+00:00,30,2,12,402.5784606933594,477.8236999511719,0,0,0,0,0,0,0,0,0,0,0,0,0,0,0,0,0,0,0,0,0,0,0,0,0
2008-02-07 12:45:00+00:00,30,2,12,,,0,0,0,0,0,0,0,0,0,0,0,0,0,0,0,0,0,0,0,0,0,0,0,0,0
2008-02-07 12:45:00+00:00,30,2,12,,,0,0,0,0,0,0,0,0,0,0,0,0,0,0,0,0,0,0,0,0,0,0,0,0,0
2008-02-07 12:45:00+00:00,30,2,12,,,0,0,0,0,0,0,0,0,0,0,0,0,0,0,0,0,0,0,0,0,0,0,0,0,0
2008-02-07 12:45:00+00:00,30,2,12,177.8939666748047,119.56531524658203,0,0,0,0,0,0,0,0,0,0,0,0,1,1,1,1,1,0,0,0,0,0,0,0,0
2008-02-07 12:45:00+00:00,30,2,12,83.05103302001953,67.7683334350586,0,0,0,0,0,0,0,0,0,1,1,1,1,1,1,1,1,0,0,0,0,0,0,0,0
2008-02-07 12:45:00+00:00,30,2,12,71.17975616455078,54.363525390625,0,0,0,0,0,0,0,0,1,1,1,1,1,1,1,1,1,0,0,0,0,0,0,0,1
2008-02-07 12:45:00+00:00,30,2,12,47.838600158691406,39.46171188354492,0,0,0,0,0,0,1,1,1,1,1,1,1,1,1,1,1,0,0,0,0,0,1,1,1
2008-02-07 12:45:00+00:00,30,2,12,191.1134796142578,178.8910675048828,0,0,0,0,0,0,0,0,0,0,0,0,0,1,1,1,1,0,0,0,0,0,0,0,0
2008-02-07 12:45:00+00:00,30,2,12,333.11968994140625,98.25657653808594,0,0,0,0,0,0,0,0,0,0,0,0,0,0,0,0,1,0,0,0,0,0,0,0,0
2008-02-07 12:45:00+00:00,30,2,12,,,0,0,0,0,0,0,0,0,0,0,0,0,0,0,0,0,0,0,0,0,0,0,0,0,0
2008-02-07 12:45:00+00:00,30,2,12,215.28955078125,222.4950408935547,0,0,0,0,0,0,0,0,0,0,0,0,0,0,1,1,1,0,0,0,0,0,0,0,0
2008-02-07 12:45:00+00:00,30,2,12,253.05557250976562,232.66690063476562,0,0,0,0,0,0,0,0,0,0,0,0,0,0,0,1,1,0,0,0,0,0,0,0,0
2008-02-07 12:45:00+00:00,30,2,12,39.0520133972168,45.035701751708984,0,0,0,0,0,1,1,1,1,1,1,1,1,1,1,1,1,0,0,0,0,0,0,1,1
2008-02-07 12:45:00+00:00,30,2,12,242.03414916992188,210.98655700683594,0,0,0,0,0,0,0,0,0,0,0,0,0,0,1,1,1,0,0,0,0,0,0,0,0
2008-02-07 12:45:00+00:00,30,2,12,108.55282592773438,3.1090636253356934,0,0,0,0,0,0,0,0,0,0,1,1,1,1,1,1,1,1,1,1,1,1,1,1,1
2008-02-07 12:45:00+00:00,30,2,12,,,0,0,0,0,0,0,0,0,0,0,0,0,0,0,0,0,0,0,0,0,0,0,0,0,0
2008-02-07 12:45:00+00:00,30,2,12,428.38623046875,,0,0,0,0,0,0,0,0,0,0,0,0,0,0,0,0,0,0,0,0,0,0,0,0,0
2008-02-07 13:00:00+00:00,30,2,13,,,0,0,0,0,0,0,0,0,0,0,0,0,0,0,0,0,0,0,0,0,0,0,0,0,0
2008-02-07 13:00:00+00:00,30,2,13,199.42816162109375,151.61106872558594,0,0,0,0,0,0,0,0,0,0,0,0,0,1,1,1,1,0,0,0,0,0,0,0,0
2008-02-07 13:00:00+00:00,30,2,13,419.43023681640625,372.4999084472656,0,0,0,0,0,0,0,0,0,0,0,0,0,0,0,0,0,0,0,0,0,0,0,0,0
2008-02-07 13:00:00+00:00,30,2,13,114.7585678100586,64.11345672607422,0,0,0,0,0,0,0,0,0,0,1,1,1,1,1,1,1,0,0,0,0,0,0,0,0
2008-02-07 13:00:00+00:00,30,2,13,294.4451904296875,283.417236328125,0,0,0,0,0,0,0,0,0,0,0,0,0,0,0,1,1,0,0,0,0,0,0,0,0
2008-02-07 13:00:00+00:00,30,2,13,248.2601776123047,244.029052734375,0,0,0,0,0,0,0,0,0,0,0,0,0,0,1,1,1,0,0,0,0,0,0,0,0
2008-02-07 13:00:00+00:00,30,2,13,40.56961441040039,9.380819320678711,0,0,0,0,0,0,1,1,1,1,1,1,1,1,1,1,1,1,1,1,1,1,1,1,1
2008-02-07 13:00:00+00:00,30,2,13,291.5006408691406,306.0445251464844,0,0,0,0,0,0,0,0,0,0,0,0,0,0,0,1,1,0,0,0,0,0,0,0,0
2008-02-07 13:00:00+00:00,30,2,13,80.34602355957031,95.14501953125,0,0,0,0,0,0,0,0,0,1,1,1,1,1,1,1,1,0,0,0,0,0,0,0,0
2008-02-07 13:00:00+00:00,30,2,13,67.1443862915039,26.118776321411133,0,0,0,0,0,0,0,0,1,1,1,1,1,1,1,1,1,0,0,0,0,1,1,1,1
2008-02-07 13:00:00+00:00,30,2,13,,,0,0,0,0,0,0,0,0,0,0,0,0,0,0,0,0,0,0,0,0,0,0,0,0,0
2008-02-07 13:15:00+00:00,30,2,13,,,0,0,0,0,0,0,0,0,0,0,0,0,0,0,0,0,0,0,0,0,0,0,0,0,0
2008-02-07 13:15:00+00:00,30,2,13,,417.524169921875,0,0,0,0,0,0,0,0,0,0,0,0,0,0,0,0,0,0,0,0,0,0,0,0,0
2008-02-07 13:15:00+00:00,30,2,13,220.3036651611328,217.10153198242188,0,0,0,0,0,0,0,0,0,0,0,0,0,0,1,1,1,0,0,0,0,0,0,0,0
2008-02-07 13:15:00+00:00,30,2,13,215.56764221191406,212.3632354736328,0,0,0,0,0,0,0,0,0,0,0,0,0,0,1,1,1,0,0,0,0,0,0,0,0
2008-02-07 13:15:00+00:00,30,2,13,137.69056701660156,129.13986206054688,0,0,0,0,0,0,0,0,0,0,0,1,1,1,1,1,1,0,0,0,0,0,0,0,0
2008-02-07 13:15:00+00:00,30,2,13,113.51610565185547,107.15202331542969,0,0,0,0,0,0,0,0,0,0,1,1,1,1,1,1,1,0,0,0,0,0,0,0,0
2008-02-07 13:15:00+00:00,30,2,13,80.56720733642578,74.05931091308594,0,0,0,0,0,0,0,0,0,1,1,1,1,1,1,1,1,0,0,0,0,0,0,0,0
2008-02-07 13:15:00+00:00,30,2,13,160.53115844726562,156.60166931152344,0,0,0,0,0,0,0,0,0,0,0,0,1,1,1,1,1,0,0,0,0,0,0,0,0
2008-02-07 13:15:00+00:00,30,2,13,92.59329986572266,88.29391479492188,0,0,0,0,0,0,0,0,0,1,1,1,1,1,1,1,1,0,0,0,0,0,0,0,0
2008-02-07 13:15:00+00:00,30,2,13,278.5968933105469,276.8838195800781,0,0,0,0,0,0,0,0,0,0,0,0,0,0,0,1,1,0,0,0,0,0,0,0,0
2008-02-07 13:15:00+00:00,30,2,13,126.06893920898438,101.09638214111328,0,0,0,0,0,0,0,0,0,0,0,1,1,1,1,1,1,0,0,0,0,0,0,0,0
2008-02-07 13:15:00+00:00,30,2,13,62.149356842041016,90.77459716796875,0,0,0,0,0,0,0,0,1,1,1,1,1,1,1,1,1,0,0,0,0,0,0,0,0
2008-02-07 13:15:00+00:00,30,2,13,79.9975814819336,52.87902069091797,0,0,0,0,0,0,0,0,1,1,1,1,1,1,1,1,1,0,0,0,0,0,0,0,1
2008-02-07 13:15:00+00:00,30,2,13,55.07039260864258,46.520484924316406,0,0,0,0,0,0,0,1,1,1,1,1,1,1,1,1,1,0,0,0,0,0,0,1,1
2008-02-07 13:15:00+00:00,30,2,13,,,0,0,0,0,0,0,0,0,0,0,0,0,0,0,0,0,0,0,0,0,0,0,0,0,0
2008-02-07 13:30:00+00:00,30,2,13,393.7808532714844,346.0593566894531,0,0,0,0,0,0,0,0,0,0,0,0,0,0,0,0,0,0,0,0,0,0,0,0,0
2008-02-07 13:30:00+00:00,30,2,13,80.99813842773438,70.62186431884766,0,0,0,0,0,0,0,0,0,1,1,1,1,1,1,1,1,0,0,0,0,0,0,0,0
2008-02-07 13:30:00+00:00,30,2,13,,,0,0,0,0,0,0,0,0,0,0,0,0,0,0,0,0,0,0,0,0,0,0,0,0,0
2008-02-07 13:30:00+00:00,30,2,13,121.13898468017578,125.17581939697266,0,0,0,0,0,0,0,0,0,0,0,1,1,1,1,1,1,0,0,0,0,0,0,0,0
2008-02-07 13:30:00+00:00,30,2,13,159.6541290283203,120.21975708007812,0,0,0,0,0,0,0,0,0,0,0,0,1,1,1,1,1,0,0,0,0,0,0,0,0
2008-02-07 13:30:00+00:00,30,2,13,289.66656494140625,243.2976837158203,0,0,0,0,0,0,0,0,0,0,0,0,0,0,0,1,1,0,0,0,0,0,0,0,0
2008-02-07 13:30:00+00:00,30,2,13,341.8446044921875,337.4390563964844,0,0,0,0,0,0,0,0,0,0,0,0,0,0,0,0,1,0,0,0,0,0,0,0,0
2008-02-07 13:30:00+00:00,30,2,13,336.02349853515625,333.7562255859375,0,0,0,0,0,0,0,0,0,0,0,0,0,0,0,0,1,0,0,0,0,0,0,0,0
2008-02-07 13:30:00+00:00,30,2,13,148.51609802246094,95.06851959228516,0,0,0,0,0,0,0,0,0,0,0,1,1,1,1,1,1,0,0,0,0,0,0,0,0
2008-02-07 13:30:00+00:00,30,2,13,145.4749755859375,151.46592712402344,0,0,0,0,0,0,0,0,0,0,0,1,1,1,1,1,1,0,0,0,0,0,0,0,0
2008-02-07 13:30:00+00:00,30,2,13,187.31314086914062,136.23153686523438,0,0,0,0,0,0,0,0,0,0,0,0,0,1,1,1,1,0,0,0,0,0,0,0,0
2008-02-07 13:30:00+00:00,30,2,13,107.29963684082031,197.06939697265625,0,0,0,0,0,0,0,0,0,0,1,1,1,1,1,1,1,0,0,0,0,0,0,0,0
2008-02-07 13:30:00+00:00,30,2,13,,,0,0,0,0,0,0,0,0,0,0,0,0,0,0,0,0,0,0,0,0,0,0,0,0,0
2008-02-07 13:30:00+00:00,30,2,13,,,0,0,0,0,0,0,0,0,0,0,0,0,0,0,0,0,0,0,0,0,0,0,0,0,0
2008-02-07 13:45:00+00:00,30,2,13,91.33208465576172,132.80177307128906,0,0,0,0,0,0,0,0,0,1,1,1,1,1,1,1,1,0,0,0,0,0,0,0,0
2008-02-07 13:45:00+00:00,30,2,13,,,0,0,0,0,0,0,0,0,0,0,0,0,0,0,0,0,0,0,0,0,0,0,0,0,0
2008-02-07 13:45:00+00:00,30,2,13,,,0,0,0,0,0,0,0,0,0,0,0,0,0,0,0,0,0,0,0,0,0,0,0,0,0
2008-02-07 13:45:00+00:00,30,2,13,,,0,0,0,0,0,0,0,0,0,0,0,0,0,0,0,0,0,0,0,0,0,0,0,0,0
2008-02-07 13:45:00+00:00,30,2,13,296.43511962890625,,0,0,0,0,0,0,0,0,0,0,0,0,0,0,0,1,1,0,0,0,0,0,0,0,0
2008-02-07 13:45:00+00:00,30,2,13,341.5225524902344,,0,0,0,0,0,0,0,0,0,0,0,0,0,0,0,0,1,0,0,0,0,0,0,0,0
2008-02-07 13:45:00+00:00,30,2,13,187.1627655029297,173.90325927734375,0,0,0,0,0,0,0,0,0,0,0,0,0,1,1,1,1,0,0,0,0,0,0,0,0
2008-02-07 13:45:00+00:00,30,2,13,262.9224853515625,186.55026245117188,0,0,0,0,0,0,0,0,0,0,0,0,0,0,0,1,1,0,0,0,0,0,0,0,0
2008-02-07 13:45:00+00:00,30,2,13,104.60604858398438,144.33349609375,0,0,0,0,0,0,0,0,0,0,1,1,1,1,1,1,1,0,0,0,0,0,0,0,0
2008-02-07 13:45:00+00:00,30,2,13,569.676513671875,544.2472534179688,0,0,0,0,0,0,0,0,0,0,0,0,0,0,0,0,0,0,0,0,0,0,0,0,0
2008-02-07 13:45:00+00:00,30,2,13,,,0,0,0,0,0,0,0,0,0,0,0,0,0,0,0,0,0,0,0,0,0,0,0,0,0
2008-02-07 14:00:00+00:00,30,2,14,,,0,0,0,0,0,0,0,0,0,0,0,0,0,0,0,0,0,0,0,0,0,0,0,0,0
2008-02-07 14:00:00+00:00,30,2,14,44.27526092529297,10.112244606018066,0,0,0,0,0,0,1,1,1,1,1,1,1,1,1,1,1,0,1,1,1,1,1,1,1
2008-02-07 14:00:00+00:00,30,2,14,234.6229705810547,3.082996129989624,0,0,0,0,0,0,0,0,0,0,0,0,0,0,1,1,1,1,1,1,1,1,1,1,1
2008-02-07 14:00:00+00:00,30,2,14,286.2184753417969,35.38431167602539,0,0,0,0,0,0,0,0,0,0,0,0,0,0,0,1,1,0,0,0,0,0,1,1,1
2008-02-07 14:00:00+00:00,30,2,14,150.73443603515625,153.59085083007812,0,0,0,0,0,0,0,0,0,0,0,0,1,1,1,1,1,0,0,0,0,0,0,0,0
2008-02-07 14:00:00+00:00,30,2,14,105.74298095703125,0.0,0,0,0,0,0,0,0,0,0,0,1,1,1,1,1,1,1,1,1,1,1,1,1,1,1
2008-02-07 14:00:00+00:00,30,2,14,309.33685302734375,80.44849395751953,0,0,0,0,0,0,0,0,0,0,0,0,0,0,0,0,1,0,0,0,0,0,0,0,0
2008-02-07 14:00:00+00:00,30,2,14,70.00765228271484,89.56523895263672,0,0,0,0,0,0,0,0,1,1,1,1,1,1,1,1,1,0,0,0,0,0,0,0,0
2008-02-07 14:00:00+00:00,30,2,14,,263.9911193847656,0,0,0,0,0,0,0,0,0,0,0,0,0,0,0,0,0,0,0,0,0,0,0,0,0
2008-02-07 14:00:00+00:00,30,2,14,,234.233642578125,0,0,0,0,0,0,0,0,0,0,0,0,0,0,0,0,0,0,0,0,0,0,0,0,0
2008-02-07 14:15:00+00:00,30,2,14,,,0,0,0,0,0,0,0,0,0,0,0,0,0,0,0,0,0,0,0,0,0,0,0,0,0
2008-02-07 14:15:00+00:00,30,2,14,223.21749877929688,355.4353942871094,0,0,0,0,0,0,0,0,0,0,0,0,0,0,1,1,1,0,0,0,0,0,0,0,0
2008-02-07 14:15:00+00:00,30,2,14,155.20213317871094,118.9235610961914,0,0,0,0,0,0,0,0,0,0,0,0,1,1,1,1,1,0,0,0,0,0,0,0,0
2008-02-07 14:15:00+00:00,30,2,14,61.10147476196289,58.02576446533203,0,0,0,0,0,0,0,0,1,1,1,1,1,1,1,1,1,0,0,0,0,0,0,0,1
2008-02-07 14:15:00+00:00,30,2,14,129.91165161132812,111.58272552490234,0,0,0,0,0,0,0,0,0,0,0,1,1,1,1,1,1,0,0,0,0,0,0,0,0
2008-02-07 14:15:00+00:00,30,2,14,148.8142547607422,89.46189880371094,0,0,0,0,0,0,0,0,0,0,0,1,1,1,1,1,1,0,0,0,0,0,0,0,0
2008-02-07 14:15:00+00:00,30,2,14,,332.16644287109375,0,0,0,0,0,0,0,0,0,0,0,0,0,0,0,0,0,0,0,0,0,0,0,0,0
2008-02-07 14:15:00+00:00,30,2,14,,219.59542846679688,0,0,0,0,0,0,0,0,0,0,0,0,0,0,0,0,0,0,0,0,0,0,0,0,0
2008-02-07 14:15:00+00:00,30,2,14,190.68365478515625,163.234619140625,0,0,0,0,0,0,0,0,0,0,0,0,0,1,1,1,1,0,0,0,0,0,0,0,0
2008-02-07 14:15:00+00:00,30,2,14,,241.331298828125,0,0,0,0,0,0,0,0,0,0,0,0,0,0,0,0,0,0,0,0,0,0,0,0,0
2008-02-07 14:15:00+00:00,30,2,14,349.8341979980469,317.8750305175781,0,0,0,0,0,0,0,0,0,0,0,0,0,0,0,0,1,0,0,0,0,0,0,0,0
2008-02-07 14:15:00+00:00,30,2,14,143.66957092285156,164.16563415527344,0,0,0,0,0,0,0,0,0,0,0,1,1,1,1,1,1,0,0,0,0,0,0,0,0
2008-02-07 14:15:00+00:00,30,2,14,201.91201782226562,201.3115997314453,0,0,0,0,0,0,0,0,0,0,0,0,0,0,1,1,1,0,0,0,0,0,0,0,0
2008-02-07 14:15:00+00:00,30,2,14,141.2045440673828,136.8571014404297,0,0,0,0,0,0,0,0,0,0,0,1,1,1,1,1,1,0,0,0,0,0,0,0,0
2008-02-07 14:15:00+00:00,30,2,14,189.76564025878906,58.012290954589844,0,0,0,0,0,0,0,0,0,0,0,0,0,1,1,1,1,0,0,0,0,0,0,0,1
2008-02-07 14:30:00+00:00,30,2,14,145.3127899169922,72.49871826171875,0,0,0,0,0,0,0,0,0,0,0,1,1,1,1,1,1,0,0,0,0,0,0,0,0
2008-02-07 14:30:00+00:00,30,2,14,276.7745666503906,0.0,0,0,0,0,0,0,0,0,0,0,0,0,0,0,0,1,1,1,1,1,1,1,1,1,1
2008-02-07 14:30:00+00:00,30,2,14,177.20652770996094,193.0556182861328,0,0,0,0,0,0,0,0,0,0,0,0,1,1,1,1,1,0,0,0,0,0,0,0,0
2008-02-07 14:30:00+00:00,30,2,14,125.75434875488281,139.5122833251953,0,0,0,0,0,0,0,0,0,0,0,1,1,1,1,1,1,0,0,0,0,0,0,0,0
2008-02-07 14:30:00+00:00,30,2,14,286.9062805175781,17.528770446777344,0,0,0,0,0,0,0,0,0,0,0,0,0,0,0,1,1,0,0,1,1,1,1,1,1
2008-02-07 14:30:00+00:00,30,2,14,130.00440979003906,110.33717346191406,0,0,0,0,0,0,0,0,0,0,0,1,1,1,1,1,1,0,0,0,0,0,0,0,0
2008-02-07 14:30:00+00:00,30,2,14,167.86167907714844,121.7281265258789,0,0,0,0,0,0,0,0,0,0,0,0,1,1,1,1,1,0,0,0,0,0,0,0,0
2008-02-07 14:30:00+00:00,30,2,14,123.53315734863281,113.48789978027344,0,0,0,0,0,0,0,0,0,0,0,1,1,1,1,1,1,0,0,0,0,0,0,0,0
2008-02-07 14:30:00+00:00,30,2,14,170.4004669189453,182.6364288330078,0,0,0,0,0,0,0,0,0,0,0,0,1,1,1,1,1,0,0,0,0,0,0,0,0
2008-02-07 14:30:00+00:00,30,2,14,178.37942504882812,154.8555908203125,0,0,0,0,0,0,0,0,0,0,0,0,1,1,1,1,1,0,0,0,0,0,0,0,0
2008-02-07 14:45:00+00:00,30,2,14,76.01083374023438,93.40436553955078,0,0,0,0,0,0,0,0,1,1,1,1,1,1,1,1,1,0,0,0,0,0,0,0,0
2008-02-07 14:45:00+00:00,30,2,14,78.46600341796875,78.35884857177734,0,0,0,0,0,0,0,0,1,1,1,1,1,1,1,1,1,0,0,0,0,0,0,0,0
2008-02-07 14:45:00+00:00,30,2,14,362.70648193359375,0.0,0,0,0,0,0,0,0,0,0,0,0,0,0,0,0,0,0,1,1,1,1,1,1,1,1
2008-02-07 14:45:00+00:00,30,2,14,228.6805419921875,245.7822723388672,0,0,0,0,0,0,0,0,0,0,0,0,0,0,1,1,1,0,0,0,0,0,0,0,0
2008-02-07 14:45:00+00:00,30,2,14,177.3240966796875,175.9606475830078,0,0,0,0,0,0,0,0,0,0,0,0,1,1,1,1,1,0,0,0,0,0,0,0,0
2008-02-07 14:45:00+00:00,30,2,14,140.6646728515625,153.10311889648438,0,0,0,0,0,0,0,0,0,0,0,1,1,1,1,1,1,0,0,0,0,0,0,0,0
2008-02-07 14:45:00+00:00,30,2,14,283.5408020019531,112.36133575439453,0,0,0,0,0,0,0,0,0,0,0,0,0,0,0,1,1,0,0,0,0,0,0,0,0
2008-02-07 14:45:00+00:00,30,2,14,107.50829315185547,85.72882843017578,0,0,0,0,0,0,0,0,0,0,1,1,1,1,1,1,1,0,0,0,0,0,0,0,0
2008-02-07 14:45:00+00:00,30,2,14,112.14250183105469,72.46693420410156,0,0,0,0,0,0,0,0,0,0,1,1,1,1,1,1,1,0,0,0,0,0,0,0,0
2008-02-07 14:45:00+00:00,30,2,14,202.64382934570312,164.423095703125,0,0,0,0,0,0,0,0,0,0,0,0,0,0,1,1,1,0,0,0,0,0,0,0,0
2008-02-07 14:45:00+00:00,30,2,14,539.148681640625,560.8878784179688,0,0,0,0,0,0,0,0,0,0,0,0,0,0,0,0,0,0,0,0,0,0,0,0,0
2008-02-07 14:45:00+00:00,30,2,14,188.44862365722656,176.31324768066406,0,0,0,0,0,0,0,0,0,0,0,0,0,1,1,1,1,0,0,0,0,0,0,0,0
2008-02-07 15:00:00+00:00,30,2,15,,,0,0,0,0,0,0,0,0,0,0,0,0,0,0,0,0,0,0,0,0,0,0,0,0,0
2008-02-07 15:00:00+00:00,30,2,15,169.1395263671875,179.066650390625,0,0,0,0,0,0,0,0,0,0,0,0,1,1,1,1,1,0,0,0,0,0,0,0,0
2008-02-07 15:00:00+00:00,30,2,15,155.47230529785156,136.20437622070312,0,0,0,0,0,0,0,0,0,0,0,0,1,1,1,1,1,0,0,0,0,0,0,0,0
2008-02-07 15:00:00+00:00,30,2,15,140.29974365234375,109.98737335205078,0,0,0,0,0,0,0,0,0,0,0,1,1,1,1,1,1,0,0,0,0,0,0,0,0
2008-02-07 15:00:00+00:00,30,2,15,298.4207458496094,286.7203063964844,0,0,0,0,0,0,0,0,0,0,0,0,0,0,0,1,1,0,0,0,0,0,0,0,0
2008-02-07 15:00:00+00:00,30,2,15,102.67843627929688,85.0145492553711,0,0,0,0,0,0,0,0,0,0,1,1,1,1,1,1,1,0,0,0,0,0,0,0,0
2008-02-07 15:00:00+00:00,30,2,15,107.65802001953125,99.24987030029297,0,0,0,0,0,0,0,0,0,0,1,1,1,1,1,1,1,0,0,0,0,0,0,0,0
2008-02-07 15:00:00+00:00,30,2,15,93.65899658203125,91.91841888427734,0,0,0,0,0,0,0,0,0,1,1,1,1,1,1,1,1,0,0,0,0,0,0,0,0
2008-02-07 15:15:00+00:00,30,2,15,414.9049377441406,,0,0,0,0,0,0,0,0,0,0,0,0,0,0,0,0,0,0,0,0,0,0,0,0,0
2008-02-07 15:15:00+00:00,30,2,15,61.3676643371582,88.99706268310547,0,0,0,0,0,0,0,0,1,1,1,1,1,1,1,1,1,0,0,0,0,0,0,0,0
2008-02-07 15:15:00+00:00,30,2,15,190.97665405273438,199.14283752441406,0,0,0,0,0,0,0,0,0,0,0,0,0,1,1,1,1,0,0,0,0,0,0,0,0
2008-02-07 15:15:00+00:00,30,2,15,371.36724853515625,196.4077911376953,0,0,0,0,0,0,0,0,0,0,0,0,0,0,0,0,0,0,0,0,0,0,0,0,0
2008-02-07 15:15:00+00:00,30,2,15,45.42473220825195,48.40321731567383,0,0,0,0,0,0,1,1,1,1,1,1,1,1,1,1,1,0,0,0,0,0,0,1,1
2008-02-07 15:15:00+00:00,30,2,15,379.080322265625,,0,0,0,0,0,0,0,0,0,0,0,0,0,0,0,0,0,0,0,0,0,0,0,0,0
2008-02-07 15:30:00+00:00,30,2,15,282.397705078125,283.433837890625,0,0,0,0,0,0,0,0,0,0,0,0,0,0,0,1,1,0,0,0,0,0,0,0,0
2008-02-07 15:30:00+00:00,30,2,15,49.804954528808594,67.38819122314453,0,0,0,0,0,0,1,1,1,1,1,1,1,1,1,1,1,0,0,0,0,0,0,0,0
2008-02-07 15:30:00+00:00,30,2,15,220.68707275390625,108.9133071899414,0,0,0,0,0,0,0,0,0,0,0,0,0,0,1,1,1,0,0,0,0,0,0,0,0
2008-02-07 15:45:00+00:00,30,2,15,105.86425018310547,107.97924041748047,0,0,0,0,0,0,0,0,0,0,1,1,1,1,1,1,1,0,0,0,0,0,0,0,0
2008-02-07 15:45:00+00:00,30,2,15,389.81072998046875,244.7578887939453,0,0,0,0,0,0,0,0,0,0,0,0,0,0,0,0,0,0,0,0,0,0,0,0,0
2008-02-07 15:45:00+00:00,30,2,15,252.6485595703125,324.8548583984375,0,0,0,0,0,0,0,0,0,0,0,0,0,0,0,1,1,0,0,0,0,0,0,0,0
2008-02-07 16:00:00+00:00,30,2,16,,,0,0,0,0,0,0,0,0,0,0,0,0,0,0,0,0,0,0,0,0,0,0,0,0,0
2008-02-07 16:00:00+00:00,30,2,16,110.89105987548828,92.3198471069336,0,0,0,0,0,0,0,0,0,0,1,1,1,1,1,1,1,0,0,0,0,0,0,0,0
2008-02-07 16:00:00+00:00,30,2,16,,,0,0,0,0,0,0,0,0,0,0,0,0,0,0,0,0,0,0,0,0,0,0,0,0,0
2008-02-07 16:00:00+00:00,30,2,16,236.7506866455078,236.7506866455078,0,0,0,0,0,0,0,0,0,0,0,0,0,0,1,1,1,0,0,0,0,0,0,0,0
2008-02-07 16:00:00+00:00,30,2,16,178.74485778808594,161.52455139160156,0,0,0,0,0,0,0,0,0,0,0,0,1,1,1,1,1,0,0,0,0,0,0,0,0
2008-02-07 16:00:00+00:00,30,2,16,358.513671875,338.9013977050781,0,0,0,0,0,0,0,0,0,0,0,0,0,0,0,0,0,0,0,0,0,0,0,0,0
2008-02-07 16:15:00+00:00,30,2,16,96.16165924072266,69.48297119140625,0,0,0,0,0,0,0,0,0,1,1,1,1,1,1,1,1,0,0,0,0,0,0,0,0
2008-02-07 16:15:00+00:00,30,2,16,209.69512939453125,207.5963897705078,0,0,0,0,0,0,0,0,0,0,0,0,0,0,1,1,1,0,0,0,0,0,0,0,0
2008-02-07 16:15:00+00:00,30,2,16,137.7791748046875,189.414794921875,0,0,0,0,0,0,0,0,0,0,0,1,1,1,1,1,1,0,0,0,0,0,0,0,0
2008-02-07 16:15:00+00:00,30,2,16,284.2557678222656,296.5798034667969,0,0,0,0,0,0,0,0,0,0,0,0,0,0,0,1,1,0,0,0,0,0,0,0,0
2008-02-07 16:15:00+00:00,30,2,16,173.76513671875,167.7548065185547,0,0,0,0,0,0,0,0,0,0,0,0,1,1,1,1,1,0,0,0,0,0,0,0,0
2008-02-07 16:30:00+00:00,30,2,16,220.1793975830078,210.6497802734375,0,0,0,0,0,0,0,0,0,0,0,0,0,0,1,1,1,0,0,0,0,0,0,0,0
2008-02-07 16:30:00+00:00,30,2,16,119.86625671386719,115.51976013183594,0,0,0,0,0,0,0,0,0,0,1,1,1,1,1,1,1,0,0,0,0,0,0,0,0
2008-02-07 16:30:00+00:00,30,2,16,116.45353698730469,108.40719604492188,0,0,0,0,0,0,0,0,0,0,1,1,1,1,1,1,1,0,0,0,0,0,0,0,0
2008-02-07 16:30:00+00:00,30,2,16,63.03954315185547,66.70869445800781,0,0,0,0,0,0,0,0,1,1,1,1,1,1,1,1,1,0,0,0,0,0,0,0,0
2008-02-07 16:45:00+00:00,30,2,16,,,0,0,0,0,0,0,0,0,0,0,0,0,0,0,0,0,0,0,0,0,0,0,0,0,0
2008-02-07 16:45:00+00:00,30,2,16,107.61509704589844,0.0,0,0,0,0,0,0,0,0,0,0,1,1,1,1,1,1,1,1,1,1,1,1,1,1,1
2008-02-07 16:45:00+00:00,30,2,16,163.6811981201172,234.31063842773438,0,0,0,0,0,0,0,0,0,0,0,0,1,1,1,1,1,0,0,0,0,0,0,0,0
2008-02-07 16:45:00+00:00,30,2,16,238.86941528320312,246.734375,0,0,0,0,0,0,0,0,0,0,0,0,0,0,1,1,1,0,0,0,0,0,0,0,0
2008-02-07 16:45:00+00:00,30,2,16,,,0,0,0,0,0,0,0,0,0,0,0,0,0,0,0,0,0,0,0,0,0,0,0,0,0
2008-02-07 17:00:00+00:00,30,2,17,,,0,0,0,0,0,0,0,0,0,0,0,0,0,0,0,0,0,0,0,0,0,0,0,0,0
2008-02-07 17:00:00+00:00,30,2,17,118.88948822021484,113.74898529052734,0,0,0,0,0,0,0,0,0,0,1,1,1,1,1,1,1,0,0,0,0,0,0,0,0
2008-02-07 17:15:00+00:00,30,2,17,174.9456024169922,180.80966186523438,0,0,0,0,0,0,0,0,0,0,0,0,1,1,1,1,1,0,0,0,0,0,0,0,0
2008-02-07 17:15:00+00:00,30,2,17,240.0872802734375,286.6885070800781,0,0,0,0,0,0,0,0,0,0,0,0,0,0,1,1,1,0,0,0,0,0,0,0,0
2008-02-07 17:30:00+00:00,30,2,17,139.84591674804688,147.5812530517578,0,0,0,0,0,0,0,0,0,0,0,1,1,1,1,1,1,0,0,0,0,0,0,0,0
2008-02-07 17:30:00+00:00,30,2,17,168.0863494873047,150.27047729492188,0,0,0,0,0,0,0,0,0,0,0,0,1,1,1,1,1,0,0,0,0,0,0,0,0
2008-02-07 17:30:00+00:00,30,2,17,307.0621337890625,304.46337890625,0,0,0,0,0,0,0,0,0,0,0,0,0,0,0,0,1,0,0,0,0,0,0,0,0
2008-02-08 10:00:00+00:00,30,2,10,308.3216857910156,380.2024230957031,0,0,0,0,0,0,0,0,0,0,0,0,0,0,0,0,1,0,0,0,0,0,0,0,0
2008-02-08 10:00:00+00:00,30,2,10,320.6534118652344,197.2206573486328,0,0,0,0,0,0,0,0,0,0,0,0,0,0,0,0,1,0,0,0,0,0,0,0,0
2008-02-08 10:00:00+00:00,30,2,10,,,0,0,0,0,0,0,0,0,0,0,0,0,0,0,0,0,0,0,0,0,0,0,0,0,0
2008-02-08 10:00:00+00:00,30,2,10,,,0,0,0,0,0,0,0,0,0,0,0,0,0,0,0,0,0,0,0,0,0,0,0,0,0
2008-02-08 10:00:00+00:00,30,2,10,379.831298828125,365.13348388671875,0,0,0,0,0,0,0,0,0,0,0,0,0,0,0,0,0,0,0,0,0,0,0,0,0
2008-02-08 10:00:00+00:00,30,2,10,,290.6256103515625,0,0,0,0,0,0,0,0,0,0,0,0,0,0,0,0,0,0,0,0,0,0,0,0,0
2008-02-08 10:00:00+00:00,30,2,10,,291.9693908691406,0,0,0,0,0,0,0,0,0,0,0,0,0,0,0,0,0,0,0,0,0,0,0,0,0
2008-02-08 10:00:00+00:00,30,2,10,,,0,0,0,0,0,0,0,0,0,0,0,0,0,0,0,0,0,0,0,0,0,0,0,0,0
2008-02-08 10:00:00+00:00,30,2,10,,,0,0,0,0,0,0,0,0,0,0,0,0,0,0,0,0,0,0,0,0,0,0,0,0,0
2008-02-08 10:00:00+00:00,30,2,10,93.6393814086914,135.63180541992188,0,0,0,0,0,0,0,0,0,1,1,1,1,1,1,1,1,0,0,0,0,0,0,0,0
2008-02-08 10:00:00+00:00,30,2,10,432.36041259765625,429.441162109375,0,0,0,0,0,0,0,0,0,0,0,0,0,0,0,0,0,0,0,0,0,0,0,0,0
2008-02-08 10:15:00+00:00,30,2,10,,,0,0,0,0,0,0,0,0,0,0,0,0,0,0,0,0,0,0,0,0,0,0,0,0,0
2008-02-08 10:15:00+00:00,30,2,10,,,0,0,0,0,0,0,0,0,0,0,0,0,0,0,0,0,0,0,0,0,0,0,0,0,0
2008-02-08 10:15:00+00:00,30,2,10,467.0107116699219,406.308349609375,0,0,0,0,0,0,0,0,0,0,0,0,0,0,0,0,0,0,0,0,0,0,0,0,0
2008-02-08 10:15:00+00:00,30,2,10,159.52818298339844,154.15512084960938,0,0,0,0,0,0,0,0,0,0,0,0,1,1,1,1,1,0,0,0,0,0,0,0,0
2008-02-08 10:15:00+00:00,30,2,10,164.9293670654297,154.48622131347656,0,0,0,0,0,0,0,0,0,0,0,0,1,1,1,1,1,0,0,0,0,0,0,0,0
2008-02-08 10:15:00+00:00,30,2,10,,,0,0,0,0,0,0,0,0,0,0,0,0,0,0,0,0,0,0,0,0,0,0,0,0,0
2008-02-08 10:15:00+00:00,30,2,10,,,0,0,0,0,0,0,0,0,0,0,0,0,0,0,0,0,0,0,0,0,0,0,0,0,0
2008-02-08 10:15:00+00:00,30,2,10,275.28082275390625,160.08790588378906,0,0,0,0,0,0,0,0,0,0,0,0,0,0,0,1,1,0,0,0,0,0,0,0,0
2008-02-08 10:15:00+00:00,30,2,10,,,0,0,0,0,0,0,0,0,0,0,0,0,0,0,0,0,0,0,0,0,0,0,0,0,0
2008-02-08 10:15:00+00:00,30,2,10,47.87932205200195,3.192197799682617,0,0,0,0,0,0,1,1,1,1,1,1,1,1,1,1,1,1,1,1,1,1,1,1,1
2008-02-08 10:15:00+00:00,30,2,10,357.86279296875,351.1393127441406,0,0,0,0,0,0,0,0,0,0,0,0,0,0,0,0,0,0,0,0,0,0,0,0,0
2008-02-08 10:15:00+00:00,30,2,10,,,0,0,0,0,0,0,0,0,0,0,0,0,0,0,0,0,0,0,0,0,0,0,0,0,0
2008-02-08 10:15:00+00:00,30,2,10,195.82901000976562,229.64663696289062,0,0,0,0,0,0,0,0,0,0,0,0,0,1,1,1,1,0,0,0,0,0,0,0,0
2008-02-08 10:15:00+00:00,30,2,10,,,0,0,0,0,0,0,0,0,0,0,0,0,0,0,0,0,0,0,0,0,0,0,0,0,0
2008-02-08 10:15:00+00:00,30,2,10,,,0,0,0,0,0,0,0,0,0,0,0,0,0,0,0,0,0,0,0,0,0,0,0,0,0
2008-02-08 10:30:00+00:00,30,2,10,,,0,0,0,0,0,0,0,0,0,0,0,0,0,0,0,0,0,0,0,0,0,0,0,0,0
2008-02-08 10:30:00+00:00,30,2,10,352.3562316894531,345.05133056640625,0,0,0,0,0,0,0,0,0,0,0,0,0,0,0,0,0,0,0,0,0,0,0,0,0
2008-02-08 10:30:00+00:00,30,2,10,195.05970764160156,187.4901123046875,0,0,0,0,0,0,0,0,0,0,0,0,0,1,1,1,1,0,0,0,0,0,0,0,0
2008-02-08 10:30:00+00:00,30,2,10,,275.2385559082031,0,0,0,0,0,0,0,0,0,0,0,0,0,0,0,0,0,0,0,0,0,0,0,0,0
2008-02-08 10:30:00+00:00,30,2,10,,360.639892578125,0,0,0,0,0,0,0,0,0,0,0,0,0,0,0,0,0,0,0,0,0,0,0,0,0
2008-02-08 10:30:00+00:00,30,2,10,,298.01800537109375,0,0,0,0,0,0,0,0,0,0,0,0,0,0,0,0,0,0,0,0,0,0,0,0,0
2008-02-08 10:30:00+00:00,30,2,10,,,0,0,0,0,0,0,0,0,0,0,0,0,0,0,0,0,0,0,0,0,0,0,0,0,0
2008-02-08 10:30:00+00:00,30,2,10,483.06658935546875,143.44004821777344,0,0,0,0,0,0,0,0,0,0,0,0,0,0,0,0,0,0,0,0,0,0,0,0,0
2008-02-08 10:30:00+00:00,30,2,10,356.84979248046875,59.37385940551758,0,0,0,0,0,0,0,0,0,0,0,0,0,0,0,0,0,0,0,0,0,0,0,0,1
2008-02-08 10:30:00+00:00,30,2,10,237.5507354736328,156.22796630859375,0,0,0,0,0,0,0,0,0,0,0,0,0,0,1,1,1,0,0,0,0,0,0,0,0
2008-02-08 10:30:00+00:00,30,2,10,244.32778930664062,193.62965393066406,0,0,0,0,0,0,0,0,0,0,0,0,0,0,1,1,1,0,0,0,0,0,0,0,0
2008-02-08 10:30:00+00:00,30,2,10,355.0445251464844,315.1687316894531,0,0,0,0,0,0,0,0,0,0,0,0,0,0,0,0,0,0,0,0,0,0,0,0,0
2008-02-08 10:30:00+00:00,30,2,10,,,0,0,0,0,0,0,0,0,0,0,0,0,0,0,0,0,0,0,0,0,0,0,0,0,0
2008-02-08 10:30:00+00:00,30,2,10,411.29449462890625,413.9497375488281,0,0,0,0,0,0,0,0,0,0,0,0,0,0,0,0,0,0,0,0,0,0,0,0,0
2008-02-08 10:30:00+00:00,30,2,10,,329.0318908691406,0,0,0,0,0,0,0,0,0,0,0,0,0,0,0,0,0,0,0,0,0,0,0,0,0
2008-02-08 10:30:00+00:00,30,2,10,,97.49229431152344,0,0,0,0,0,0,0,0,0,0,0,0,0,0,0,0,0,0,0,0,0,0,0,0,0
2008-02-08 10:30:00+00:00,30,2,10,257.9819641113281,255.65150451660156,0,0,0,0,0,0,0,0,0,0,0,0,0,0,0,1,1,0,0,0,0,0,0,0,0
2008-02-08 10:30:00+00:00,30,2,10,,,0,0,0,0,0,0,0,0,0,0,0,0,0,0,0,0,0,0,0,0,0,0,0,0,0
2008-02-08 10:45:00+00:00,30,2,10,266.9745178222656,256.65576171875,0,0,0,0,0,0,0,0,0,0,0,0,0,0,0,1,1,0,0,0,0,0,0,0,0
2008-02-08 10:45:00+00:00,30,2,10,213.19793701171875,211.7185516357422,0,0,0,0,0,0,0,0,0,0,0,0,0,0,1,1,1,0,0,0,0,0,0,0,0
2008-02-08 10:45:00+00:00,30,2,10,,379.8074035644531,0,0,0,0,0,0,0,0,0,0,0,0,0,0,0,0,0,0,0,0,0,0,0,0,0
2008-02-08 10:45:00+00:00,30,2,10,,481.3597412109375,0,0,0,0,0,0,0,0,0,0,0,0,0,0,0,0,0,0,0,0,0,0,0,0,0
2008-02-08 10:45:00+00:00,30,2,10,401.788818359375,343.0740966796875,0,0,0,0,0,0,0,0,0,0,0,0,0,0,0,0,0,0,0,0,0,0,0,0,0
2008-02-08 10:45:00+00:00,30,2,10,,,0,0,0,0,0,0,0,0,0,0,0,0,0,0,0,0,0,0,0,0,0,0,0,0,0
2008-02-08 10:45:00+00:00,30,2,10,,97.14134216308594,0,0,0,0,0,0,0,0,0,0,0,0,0,0,0,0,0,0,0,0,0,0,0,0,0
2008-02-08 10:45:00+00:00,30,2,10,89.24027252197266,0.0,0,0,0,0,0,0,0,0,0,1,1,1,1,1,1,1,1,1,1,1,1,1,1,1,1
2008-02-08 10:45:00+00:00,30,2,10,286.57977294921875,277.9263916015625,0,0,0,0,0,0,0,0,0,0,0,0,0,0,0,1,1,0,0,0,0,0,0,0,0
2008-02-08 10:45:00+00:00,30,2,10,163.2571563720703,328.8680419921875,0,0,0,0,0,0,0,0,0,0,0,0,1,1,1,1,1,0,0,0,0,0,0,0,0
2008-02-08 10:45:00+00:00,30,2,10,443.7913818359375,258.43218994140625,0,0,0,0,0,0,0,0,0,0,0,0,0,0,0,0,0,0,0,0,0,0,0,0,0
2008-02-08 10:45:00+00:00,30,2,10,465.0222473144531,303.8624572753906,0,0,0,0,0,0,0,0,0,0,0,0,0,0,0,0,0,0,0,0,0,0,0,0,0
2008-02-08 10:45:00+00:00,30,2,10,474.4510192871094,336.2366027832031,0,0,0,0,0,0,0,0,0,0,0,0,0,0,0,0,0,0,0,0,0,0,0,0,0
2008-02-08 10:45:00+00:00,30,2,10,309.7830505371094,326.5571594238281,0,0,0,0,0,0,0,0,0,0,0,0,0,0,0,0,1,0,0,0,0,0,0,0,0
2008-02-08 11:00:00+00:00,30,2,11,,,0,0,0,0,0,0,0,0,0,0,0,0,0,0,0,0,0,0,0,0,0,0,0,0,0
2008-02-08 11:00:00+00:00,30,2,11,354.77276611328125,353.23974609375,0,0,0,0,0,0,0,0,0,0,0,0,0,0,0,0,0,0,0,0,0,0,0,0,0
2008-02-08 11:00:00+00:00,30,2,11,,,0,0,0,0,0,0,0,0,0,0,0,0,0,0,0,0,0,0,0,0,0,0,0,0,0
2008-02-08 11:00:00+00:00,30,2,11,,,0,0,0,0,0,0,0,0,0,0,0,0,0,0,0,0,0,0,0,0,0,0,0,0,0
2008-02-08 11:00:00+00:00,30,2,11,158.43594360351562,146.44252014160156,0,0,0,0,0,0,0,0,0,0,0,0,1,1,1,1,1,0,0,0,0,0,0,0,0
2008-02-08 11:00:00+00:00,30,2,11,125.0008316040039,81.4620361328125,0,0,0,0,0,0,0,0,0,0,0,1,1,1,1,1,1,0,0,0,0,0,0,0,0
2008-02-08 11:00:00+00:00,30,2,11,276.1478271484375,244.66754150390625,0,0,0,0,0,0,0,0,0,0,0,0,0,0,0,1,1,0,0,0,0,0,0,0,0
2008-02-08 11:00:00+00:00,30,2,11,145.4280548095703,136.36619567871094,0,0,0,0,0,0,0,0,0,0,0,1,1,1,1,1,1,0,0,0,0,0,0,0,0
2008-02-08 11:00:00+00:00,30,2,11,115.24702453613281,109.55947875976562,0,0,0,0,0,0,0,0,0,0,1,1,1,1,1,1,1,0,0,0,0,0,0,0,0
2008-02-08 11:00:00+00:00,30,2,11,533.5045166015625,68.7623519897461,0,0,0,0,0,0,0,0,0,0,0,0,0,0,0,0,0,0,0,0,0,0,0,0,0
2008-02-08 11:00:00+00:00,30,2,11,308.1165466308594,320.6472473144531,0,0,0,0,0,0,0,0,0,0,0,0,0,0,0,0,1,0,0,0,0,0,0,0,0
2008-02-08 11:00:00+00:00,30,2,11,,316.22509765625,0,0,0,0,0,0,0,0,0,0,0,0,0,0,0,0,0,0,0,0,0,0,0,0,0
2008-02-08 11:00:00+00:00,30,2,11,,,0,0,0,0,0,0,0,0,0,0,0,0,0,0,0,0,0,0,0,0,0,0,0,0,0
2008-02-08 11:00:00+00:00,30,2,11,469.67022705078125,464.2180480957031,0,0,0,0,0,0,0,0,0,0,0,0,0,0,0,0,0,0,0,0,0,0,0,0,0
2008-02-08 11:00:00+00:00,30,2,11,51.35674285888672,3.0757055282592773,0,0,0,0,0,0,0,1,1,1,1,1,1,1,1,1,1,1,1,1,1,1,1,1,1
2008-02-08 11:00:00+00:00,30,2,11,207.54087829589844,97.28105926513672,0,0,0,0,0,0,0,0,0,0,0,0,0,0,1,1,1,0,0,0,0,0,0,0,0
2008-02-08 11:00:00+00:00,30,2,11,,40.39852523803711,0,0,0,0,0,0,0,0,0,0,0,0,0,0,0,0,0,0,0,0,0,0,0,1,1
2008-02-08 11:15:00+00:00,30,2,11,,,0,0,0,0,0,0,0,0,0,0,0,0,0,0,0,0,0,0,0,0,0,0,0,0,0
2008-02-08 11:15:00+00:00,30,2,11,,,0,0,0,0,0,0,0,0,0,0,0,0,0,0,0,0,0,0,0,0,0,0,0,0,0
2008-02-08 11:15:00+00:00,30,2,11,335.6298522949219,326.115478515625,0,0,0,0,0,0,0,0,0,0,0,0,0,0,0,0,1,0,0,0,0,0,0,0,0
2008-02-08 11:15:00+00:00,30,2,11,308.19390869140625,299.8350830078125,0,0,0,0,0,0,0,0,0,0,0,0,0,0,0,0,1,0,0,0,0,0,0,0,0
2008-02-08 11:15:00+00:00,30,2,11,105.60856628417969,66.81719207763672,0,0,0,0,0,0,0,0,0,0,1,1,1,1,1,1,1,0,0,0,0,0,0,0,0
2008-02-08 11:15:00+00:00,30,2,11,196.3140411376953,209.71401977539062,0,0,0,0,0,0,0,0,0,0,0,0,0,1,1,1,1,0,0,0,0,0,0,0,0
2008-02-08 11:15:00+00:00,30,2,11,159.22267150878906,157.85670471191406,0,0,0,0,0,0,0,0,0,0,0,0,1,1,1,1,1,0,0,0,0,0,0,0,0
2008-02-08 11:15:00+00:00,30,2,11,97.16450500488281,40.7364501953125,0,0,0,0,0,0,0,0,0,1,1,1,1,1,1,1,1,0,0,0,0,0,0,1,1
2008-02-08 11:15:00+00:00,30,2,11,211.6513671875,220.65884399414062,0,0,0,0,0,0,0,0,0,0,0,0,0,0,1,1,1,0,0,0,0,0,0,0,0
2008-02-08 11:15:00+00:00,30,2,11,374.4114685058594,282.03948974609375,0,0,0,0,0,0,0,0,0,0,0,0,0,0,0,0,0,0,0,0,0,0,0,0,0
2008-02-08 11:15:00+00:00,30,2,11,406.3414306640625,408.3849792480469,0,0,0,0,0,0,0,0,0,0,0,0,0,0,0,0,0,0,0,0,0,0,0,0,0
2008-02-08 11:15:00+00:00,30,2,11,,456.13201904296875,0,0,0,0,0,0,0,0,0,0,0,0,0,0,0,0,0,0,0,0,0,0,0,0,0
2008-02-08 11:15:00+00:00,30,2,11,,100.41145324707031,0,0,0,0,0,0,0,0,0,0,0,0,0,0,0,0,0,0,0,0,0,0,0,0,0
2008-02-08 11:15:00+00:00,30,2,11,,94.95611572265625,0,0,0,0,0,0,0,0,0,0,0,0,0,0,0,0,0,0,0,0,0,0,0,0,0
2008-02-08 11:15:00+00:00,30,2,11,267.0992126464844,262.14385986328125,0,0,0,0,0,0,0,0,0,0,0,0,0,0,0,1,1,0,0,0,0,0,0,0,0
2008-02-08 11:15:00+00:00,30,2,11,250.4013214111328,254.7971954345703,0,0,0,0,0,0,0,0,0,0,0,0,0,0,0,1,1,0,0,0,0,0,0,0,0
2008-02-08 11:15:00+00:00,30,2,11,216.1571044921875,175.92579650878906,0,0,0,0,0,0,0,0,0,0,0,0,0,0,1,1,1,0,0,0,0,0,0,0,0
2008-02-08 11:15:00+00:00,30,2,11,140.16159057617188,56.633914947509766,0,0,0,0,0,0,0,0,0,0,0,1,1,1,1,1,1,0,0,0,0,0,0,0,1
2008-02-08 11:15:00+00:00,30,2,11,394.6332702636719,321.251708984375,0,0,0,0,0,0,0,0,0,0,0,0,0,0,0,0,0,0,0,0,0,0,0,0,0
2008-02-08 11:15:00+00:00,30,2,11,,287.2154235839844,0,0,0,0,0,0,0,0,0,0,0,0,0,0,0,0,0,0,0,0,0,0,0,0,0
2008-02-08 11:15:00+00:00,30,2,11,105.20978546142578,76.34686279296875,0,0,0,0,0,0,0,0,0,0,1,1,1,1,1,1,1,0,0,0,0,0,0,0,0
2008-02-08 11:15:00+00:00,30,2,11,323.5042724609375,0.0,0,0,0,0,0,0,0,0,0,0,0,0,0,0,0,0,1,1,1,1,1,1,1,1,1
2008-02-08 11:15:00+00:00,30,2,11,217.06907653808594,204.61651611328125,0,0,0,0,0,0,0,0,0,0,0,0,0,0,1,1,1,0,0,0,0,0,0,0,0
2008-02-08 11:15:00+00:00,30,2,11,,,0,0,0,0,0,0,0,0,0,0,0,0,0,0,0,0,0,0,0,0,0,0,0,0,0
2008-02-08 11:30:00+00:00,30,2,11,,,0,0,0,0,0,0,0,0,0,0,0,0,0,0,0,0,0,0,0,0,0,0,0,0,0
2008-02-08 11:30:00+00:00,30,2,11,,,0,0,0,0,0,0,0,0,0,0,0,0,0,0,0,0,0,0,0,0,0,0,0,0,0
2008-02-08 11:30:00+00:00,30,2,11,345.5577392578125,245.98410034179688,0,0,0,0,0,0,0,0,0,0,0,0,0,0,0,0,1,0,0,0,0,0,0,0,0
2008-02-08 11:30:00+00:00,30,2,11,125.66620635986328,103.58320617675781,0,0,0,0,0,0,0,0,0,0,0,1,1,1,1,1,1,0,0,0,0,0,0,0,0
2008-02-08 11:30:00+00:00,30,2,11,56.31032180786133,64.18660736083984,0,0,0,0,0,0,0,1,1,1,1,1,1,1,1,1,1,0,0,0,0,0,0,0,0
2008-02-08 11:30:00+00:00,30,2,11,66.68434143066406,54.68229675292969,0,0,0,0,0,0,0,0,1,1,1,1,1,1,1,1,1,0,0,0,0,0,0,0,1
2008-02-08 11:30:00+00:00,30,2,11,279.2976379394531,137.820068359375,0,0,0,0,0,0,0,0,0,0,0,0,0,0,0,1,1,0,0,0,0,0,0,0,0
2008-02-08 11:30:00+00:00,30,2,11,549.3088989257812,,0,0,0,0,0,0,0,0,0,0,0,0,0,0,0,0,0,0,0,0,0,0,0,0,0
2008-02-08 11:30:00+00:00,30,2,11,142.12405395507812,197.33755493164062,0,0,0,0,0,0,0,0,0,0,0,1,1,1,1,1,1,0,0,0,0,0,0,0,0
2008-02-08 11:30:00+00:00,30,2,11,,240.15602111816406,0,0,0,0,0,0,0,0,0,0,0,0,0,0,0,0,0,0,0,0,0,0,0,0,0
2008-02-08 11:30:00+00:00,30,2,11,396.6121826171875,175.18031311035156,0,0,0,0,0,0,0,0,0,0,0,0,0,0,0,0,0,0,0,0,0,0,0,0,0
2008-02-08 11:30:00+00:00,30,2,11,66.23538970947266,56.213375091552734,0,0,0,0,0,0,0,0,1,1,1,1,1,1,1,1,1,0,0,0,0,0,0,0,1
2008-02-08 11:30:00+00:00,30,2,11,254.43118286132812,155.45790100097656,0,0,0,0,0,0,0,0,0,0,0,0,0,0,0,1,1,0,0,0,0,0,0,0,0
2008-02-08 11:30:00+00:00,30,2,11,311.93682861328125,230.07118225097656,0,0,0,0,0,0,0,0,0,0,0,0,0,0,0,0,1,0,0,0,0,0,0,0,0
2008-02-08 11:30:00+00:00,30,2,11,219.1934814453125,139.162841796875,0,0,0,0,0,0,0,0,0,0,0,0,0,0,1,1,1,0,0,0,0,0,0,0,0
2008-02-08 11:30:00+00:00,30,2,11,218.01589965820312,0.0,0,0,0,0,0,0,0,0,0,0,0,0,0,0,1,1,1,1,1,1,1,1,1,1,1
2008-02-08 11:30:00+00:00,30,2,11,223.51402282714844,237.76853942871094,0,0,0,0,0,0,0,0,0,0,0,0,0,0,1,1,1,0,0,0,0,0,0,0,0
2008-02-08 11:30:00+00:00,30,2,11,,,0,0,0,0,0,0,0,0,0,0,0,0,0,0,0,0,0,0,0,0,0,0,0,0,0
2008-02-08 11:30:00+00:00,30,2,11,,,0,0,0,0,0,0,0,0,0,0,0,0,0,0,0,0,0,0,0,0,0,0,0,0,0
2008-02-08 11:45:00+00:00,30,2,11,,,0,0,0,0,0,0,0,0,0,0,0,0,0,0,0,0,0,0,0,0,0,0,0,0,0
2008-02-08 11:45:00+00:00,30,2,11,,,0,0,0,0,0,0,0,0,0,0,0,0,0,0,0,0,0,0,0,0,0,0,0,0,0
2008-02-08 11:45:00+00:00,30,2,11,,,0,0,0,0,0,0,0,0,0,0,0,0,0,0,0,0,0,0,0,0,0,0,0,0,0
2008-02-08 11:45:00+00:00,30,2,11,,,0,0,0,0,0,0,0,0,0,0,0,0,0,0,0,0,0,0,0,0,0,0,0,0,0
2008-02-08 11:45:00+00:00,30,2,11,335.0964050292969,262.8281555175781,0,0,0,0,0,0,0,0,0,0,0,0,0,0,0,0,1,0,0,0,0,0,0,0,0
2008-02-08 11:45:00+00:00,30,2,11,116.0428695678711,109.51436614990234,0,0,0,0,0,0,0,0,0,0,1,1,1,1,1,1,1,0,0,0,0,0,0,0,0
2008-02-08 11:45:00+00:00,30,2,11,71.03297424316406,64.88221740722656,0,0,0,0,0,0,0,0,1,1,1,1,1,1,1,1,1,0,0,0,0,0,0,0,0
2008-02-08 11:45:00+00:00,30,2,11,498.428955078125,197.41610717773438,0,0,0,0,0,0,0,0,0,0,0,0,0,0,0,0,0,0,0,0,0,0,0,0,0
2008-02-08 11:45:00+00:00,30,2,11,,333.1971435546875,0,0,0,0,0,0,0,0,0,0,0,0,0,0,0,0,0,0,0,0,0,0,0,0,0
2008-02-08 11:45:00+00:00,30,2,11,253.82119750976562,251.5581512451172,0,0,0,0,0,0,0,0,0,0,0,0,0,0,0,1,1,0,0,0,0,0,0,0,0
2008-02-08 11:45:00+00:00,30,2,11,388.8475036621094,16.41446876525879,0,0,0,0,0,0,0,0,0,0,0,0,0,0,0,0,0,0,0,1,1,1,1,1,1
2008-02-08 11:45:00+00:00,30,2,11,307.3160095214844,3.2310056686401367,0,0,0,0,0,0,0,0,0,0,0,0,0,0,0,0,1,1,1,1,1,1,1,1,1
2008-02-08 11:45:00+00:00,30,2,11,188.6359100341797,168.10232543945312,0,0,0,0,0,0,0,0,0,0,0,0,0,1,1,1,1,0,0,0,0,0,0,0,0
2008-02-08 11:45:00+00:00,30,2,11,208.50694274902344,131.4390411376953,0,0,0,0,0,0,0,0,0,0,0,0,0,0,1,1,1,0,0,0,0,0,0,0,0
2008-02-08 11:45:00+00:00,30,2,11,320.6344299316406,190.17332458496094,0,0,0,0,0,0,0,0,0,0,0,0,0,0,0,0,1,0,0,0,0,0,0,0,0
2008-02-08 11:45:00+00:00,30,2,11,207.39442443847656,145.43984985351562,0,0,0,0,0,0,0,0,0,0,0,0,0,0,1,1,1,0,0,0,0,0,0,0,0
2008-02-08 11:45:00+00:00,30,2,11,425.8883056640625,331.49298095703125,0,0,0,0,0,0,0,0,0,0,0,0,0,0,0,0,0,0,0,0,0,0,0,0,0
2008-02-08 11:45:00+00:00,30,2,11,74.32427978515625,62.93320846557617,0,0,0,0,0,0,0,0,1,1,1,1,1,1,1,1,1,0,0,0,0,0,0,0,0
2008-02-08 11:45:00+00:00,30,2,11,372.6445617675781,267.1211853027344,0,0,0,0,0,0,0,0,0,0,0,0,0,0,0,0,0,0,0,0,0,0,0,0,0
2008-02-08 11:45:00+00:00,30,2,11,238.25762939453125,225.2625274658203,0,0,0,0,0,0,0,0,0,0,0,0,0,0,1,1,1,0,0,0,0,0,0,0,0
2008-02-08 11:45:00+00:00,30,2,11,123.7212142944336,203.38320922851562,0,0,0,0,0,0,0,0,0,0,0,1,1,1,1,1,1,0,0,0,0,0,0,0,0
2008-02-08 11:45:00+00:00,30,2,11,155.8489990234375,93.91529846191406,0,0,0,0,0,0,0,0,0,0,0,0,1,1,1,1,1,0,0,0,0,0,0,0,0
2008-02-08 11:45:00+00:00,30,2,11,64.16383361816406,128.44154357910156,0,0,0,0,0,0,0,0,1,1,1,1,1,1,1,1,1,0,0,0,0,0,0,0,0
2008-02-08 11:45:00+00:00,30,2,11,101.59307861328125,11.03254508972168,0,0,0,0,0,0,0,0,0,0,1,1,1,1,1,1,1,0,1,1,1,1,1,1,1
2008-02-08 11:45:00+00:00,30,2,11,260.8711853027344,134.3907928466797,0,0,0,0,0,0,0,0,0,0,0,0,0,0,0,1,1,0,0,0,0,0,0,0,0
2008-02-08 11:45:00+00:00,30,2,11,275.94464111328125,174.91172790527344,0,0,0,0,0,0,0,0,0,0,0,0,0,0,0,1,1,0,0,0,0,0,0,0,0
2008-02-08 11:45:00+00:00,30,2,11,50.68151092529297,3.1258840560913086,0,0,0,0,0,0,0,1,1,1,1,1,1,1,1,1,1,1,1,1,1,1,1,1,1
2008-02-08 12:00:00+00:00,30,2,12,,,0,0,0,0,0,0,0,0,0,0,0,0,0,0,0,0,0,0,0,0,0,0,0,0,0
2008-02-08 12:00:00+00:00,30,2,12,,,0,0,0,0,0,0,0,0,0,0,0,0,0,0,0,0,0,0,0,0,0,0,0,0,0
2008-02-08 12:00:00+00:00,30,2,12,,,0,0,0,0,0,0,0,0,0,0,0,0,0,0,0,0,0,0,0,0,0,0,0,0,0
2008-02-08 12:00:00+00:00,30,2,12,,,0,0,0,0,0,0,0,0,0,0,0,0,0,0,0,0,0,0,0,0,0,0,0,0,0
2008-02-08 12:00:00+00:00,30,2,12,201.5563507080078,290.892578125,0,0,0,0,0,0,0,0,0,0,0,0,0,0,1,1,1,0,0,0,0,0,0,0,0
2008-02-08 12:00:00+00:00,30,2,12,199.07749938964844,256.70269775390625,0,0,0,0,0,0,0,0,0,0,0,0,0,1,1,1,1,0,0,0,0,0,0,0,0
2008-02-08 12:00:00+00:00,30,2,12,75.43846893310547,79.97435760498047,0,0,0,0,0,0,0,0,1,1,1,1,1,1,1,1,1,0,0,0,0,0,0,0,0
2008-02-08 12:00:00+00:00,30,2,12,378.26422119140625,332.1165771484375,0,0,0,0,0,0,0,0,0,0,0,0,0,0,0,0,0,0,0,0,0,0,0,0,0
2008-02-08 12:00:00+00:00,30,2,12,137.12933349609375,125.37491607666016,0,0,0,0,0,0,0,0,0,0,0,1,1,1,1,1,1,0,0,0,0,0,0,0,0
2008-02-08 12:00:00+00:00,30,2,12,119.47362518310547,106.94185638427734,0,0,0,0,0,0,0,0,0,0,1,1,1,1,1,1,1,0,0,0,0,0,0,0,0
2008-02-08 12:00:00+00:00,30,2,12,424.8183288574219,171.03887939453125,0,0,0,0,0,0,0,0,0,0,0,0,0,0,0,0,0,0,0,0,0,0,0,0,0
2008-02-08 12:00:00+00:00,30,2,12,506.0821228027344,87.75244903564453,0,0,0,0,0,0,0,0,0,0,0,0,0,0,0,0,0,0,0,0,0,0,0,0,0
2008-02-08 12:00:00+00:00,30,2,12,266.58953857421875,259.6075134277344,0,0,0,0,0,0,0,0,0,0,0,0,0,0,0,1,1,0,0,0,0,0,0,0,0
2008-02-08 12:00:00+00:00,30,2,12,59.37101745605469,51.415313720703125,0,0,0,0,0,0,0,1,1,1,1,1,1,1,1,1,1,0,0,0,0,0,0,0,1
2008-02-08 12:00:00+00:00,30,2,12,251.74453735351562,226.35586547851562,0,0,0,0,0,0,0,0,0,0,0,0,0,0,0,1,1,0,0,0,0,0,0,0,0
2008-02-08 12:00:00+00:00,30,2,12,162.15281677246094,128.5575714111328,0,0,0,0,0,0,0,0,0,0,0,0,1,1,1,1,1,0,0,0,0,0,0,0,0
2008-02-08 12:00:00+00:00,30,2,12,251.30813598632812,198.05166625976562,0,0,0,0,0,0,0,0,0,0,0,0,0,0,0,1,1,0,0,0,0,0,0,0,0
2008-02-08 12:15:00+00:00,30,2,12,,,0,0,0,0,0,0,0,0,0,0,0,0,0,0,0,0,0,0,0,0,0,0,0,0,0
2008-02-08 12:15:00+00:00,30,2,12,,,0,0,0,0,0,0,0,0,0,0,0,0,0,0,0,0,0,0,0,0,0,0,0,0,0
2008-02-08 12:15:00+00:00,30,2,12,,,0,0,0,0,0,0,0,0,0,0,0,0,0,0,0,0,0,0,0,0,0,0,0,0,0
2008-02-08 12:15:00+00:00,30,2,12,,,0,0,0,0,0,0,0,0,0,0,0,0,0,0,0,0,0,0,0,0,0,0,0,0,0
2008-02-08 12:15:00+00:00,30,2,12,,,0,0,0,0,0,0,0,0,0,0,0,0,0,0,0,0,0,0,0,0,0,0,0,0,0
2008-02-08 12:15:00+00:00,30,2,12,,,0,0,0,0,0,0,0,0,0,0,0,0,0,0,0,0,0,0,0,0,0,0,0,0,0
2008-02-08 12:15:00+00:00,30,2,12,,,0,0,0,0,0,0,0,0,0,0,0,0,0,0,0,0,0,0,0,0,0,0,0,0,0
2008-02-08 12:15:00+00:00,30,2,12,,,0,0,0,0,0,0,0,0,0,0,0,0,0,0,0,0,0,0,0,0,0,0,0,0,0
2008-02-08 12:15:00+00:00,30,2,12,237.81687927246094,126.23275756835938,0,0,0,0,0,0,0,0,0,0,0,0,0,0,1,1,1,0,0,0,0,0,0,0,0
2008-02-08 12:15:00+00:00,30,2,12,261.2216796875,266.70452880859375,0,0,0,0,0,0,0,0,0,0,0,0,0,0,0,1,1,0,0,0,0,0,0,0,0
2008-02-08 12:15:00+00:00,30,2,12,236.0150604248047,301.1068115234375,0,0,0,0,0,0,0,0,0,0,0,0,0,0,1,1,1,0,0,0,0,0,0,0,0
2008-02-08 12:15:00+00:00,30,2,12,377.4263000488281,333.4877014160156,0,0,0,0,0,0,0,0,0,0,0,0,0,0,0,0,0,0,0,0,0,0,0,0,0
2008-02-08 12:15:00+00:00,30,2,12,147.05877685546875,290.1817932128906,0,0,0,0,0,0,0,0,0,0,0,1,1,1,1,1,1,0,0,0,0,0,0,0,0
2008-02-08 12:15:00+00:00,30,2,12,255.6521453857422,242.89041137695312,0,0,0,0,0,0,0,0,0,0,0,0,0,0,0,1,1,0,0,0,0,0,0,0,0
2008-02-08 12:15:00+00:00,30,2,12,279.0837097167969,223.3407745361328,0,0,0,0,0,0,0,0,0,0,0,0,0,0,0,1,1,0,0,0,0,0,0,0,0
2008-02-08 12:15:00+00:00,30,2,12,212.2040252685547,212.86216735839844,0,0,0,0,0,0,0,0,0,0,0,0,0,0,1,1,1,0,0,0,0,0,0,0,0
2008-02-08 12:15:00+00:00,30,2,12,118.739990234375,122.73065948486328,0,0,0,0,0,0,0,0,0,0,1,1,1,1,1,1,1,0,0,0,0,0,0,0,0
2008-02-08 12:15:00+00:00,30,2,12,52.89130783081055,52.89130783081055,0,0,0,0,0,0,0,1,1,1,1,1,1,1,1,1,1,0,0,0,0,0,0,0,1
2008-02-08 12:15:00+00:00,30,2,12,72.30509185791016,39.37238693237305,0,0,0,0,0,0,0,0,1,1,1,1,1,1,1,1,1,0,0,0,0,0,1,1,1
2008-02-08 12:30:00+00:00,30,2,12,,,0,0,0,0,0,0,0,0,0,0,0,0,0,0,0,0,0,0,0,0,0,0,0,0,0
2008-02-08 12:30:00+00:00,30,2,12,,,0,0,0,0,0,0,0,0,0,0,0,0,0,0,0,0,0,0,0,0,0,0,0,0,0
2008-02-08 12:30:00+00:00,30,2,12,,,0,0,0,0,0,0,0,0,0,0,0,0,0,0,0,0,0,0,0,0,0,0,0,0,0
2008-02-08 12:30:00+00:00,30,2,12,,,0,0,0,0,0,0,0,0,0,0,0,0,0,0,0,0,0,0,0,0,0,0,0,0,0
2008-02-08 12:30:00+00:00,30,2,12,83.22518157958984,66.23579406738281,0,0,0,0,0,0,0,0,0,1,1,1,1,1,1,1,1,0,0,0,0,0,0,0,0
2008-02-08 12:30:00+00:00,30,2,12,73.82025909423828,48.978729248046875,0,0,0,0,0,0,0,0,1,1,1,1,1,1,1,1,1,0,0,0,0,0,0,1,1
2008-02-08 12:30:00+00:00,30,2,12,57.823577880859375,112.0633544921875,0,0,0,0,0,0,0,1,1,1,1,1,1,1,1,1,1,0,0,0,0,0,0,0,0
2008-02-08 12:30:00+00:00,30,2,12,179.23291015625,160.68495178222656,0,0,0,0,0,0,0,0,0,0,0,0,1,1,1,1,1,0,0,0,0,0,0,0,0
2008-02-08 12:30:00+00:00,30,2,12,58.61445236206055,28.476070404052734,0,0,0,0,0,0,0,1,1,1,1,1,1,1,1,1,1,0,0,0,0,1,1,1,1
2008-02-08 12:30:00+00:00,30,2,12,170.23619079589844,70.83244323730469,0,0,0,0,0,0,0,0,0,0,0,0,1,1,1,1,1,0,0,0,0,0,0,0,0
2008-02-08 12:30:00+00:00,30,2,12,53.169498443603516,61.61732864379883,0,0,0,0,0,0,0,1,1,1,1,1,1,1,1,1,1,0,0,0,0,0,0,0,0
2008-02-08 12:30:00+00:00,30,2,12,41.93946838378906,27.519214630126953,0,0,0,0,0,0,1,1,1,1,1,1,1,1,1,1,1,0,0,0,0,1,1,1,1
2008-02-08 12:30:00+00:00,30,2,12,380.7607727050781,375.9576721191406,0,0,0,0,0,0,0,0,0,0,0,0,0,0,0,0,0,0,0,0,0,0,0,0,0
2008-02-08 12:30:00+00:00,30,2,12,262.59637451171875,237.88934326171875,0,0,0,0,0,0,0,0,0,0,0,0,0,0,0,1,1,0,0,0,0,0,0,0,0
2008-02-08 12:30:00+00:00,30,2,12,235.51502990722656,240.1226043701172,0,0,0,0,0,0,0,0,0,0,0,0,0,0,1,1,1,0,0,0,0,0,0,0,0
2008-02-08 12:30:00+00:00,30,2,12,245.28945922851562,158.036865234375,0,0,0,0,0,0,0,0,0,0,0,0,0,0,1,1,1,0,0,0,0,0,0,0,0
2008-02-08 12:30:00+00:00,30,2,12,149.9585418701172,118.64318084716797,0,0,0,0,0,0,0,0,0,0,0,1,1,1,1,1,1,0,0,0,0,0,0,0,0
2008-02-08 12:30:00+00:00,30,2,12,332.3470153808594,172.25994873046875,0,0,0,0,0,0,0,0,0,0,0,0,0,0,0,0,1,0,0,0,0,0,0,0,0
2008-02-08 12:30:00+00:00,30,2,12,271.1615295410156,201.8999481201172,0,0,0,0,0,0,0,0,0,0,0,0,0,0,0,1,1,0,0,0,0,0,0,0,0
2008-02-08 12:30:00+00:00,30,2,12,222.0840606689453,140.92129516601562,0,0,0,0,0,0,0,0,0,0,0,0,0,0,1,1,1,0,0,0,0,0,0,0,0
2008-02-08 12:30:00+00:00,30,2,12,79.38058471679688,9.417293548583984,0,0,0,0,0,0,0,0,1,1,1,1,1,1,1,1,1,1,1,1,1,1,1,1,1
2008-02-08 12:30:00+00:00,30,2,12,146.10336303710938,65.56668090820312,0,0,0,0,0,0,0,0,0,0,0,1,1,1,1,1,1,0,0,0,0,0,0,0,0
2008-02-08 12:30:00+00:00,30,2,12,97.67326354980469,70.23798370361328,0,0,0,0,0,0,0,0,0,1,1,1,1,1,1,1,1,0,0,0,0,0,0,0,0
2008-02-08 12:30:00+00:00,30,2,12,376.1585388183594,253.35121154785156,0,0,0,0,0,0,0,0,0,0,0,0,0,0,0,0,0,0,0,0,0,0,0,0,0
2008-02-08 12:45:00+00:00,30,2,12,,,0,0,0,0,0,0,0,0,0,0,0,0,0,0,0,0,0,0,0,0,0,0,0,0,0
2008-02-08 12:45:00+00:00,30,2,12,,,0,0,0,0,0,0,0,0,0,0,0,0,0,0,0,0,0,0,0,0,0,0,0,0,0
2008-02-08 12:45:00+00:00,30,2,12,214.33535766601562,213.4579315185547,0,0,0,0,0,0,0,0,0,0,0,0,0,0,1,1,1,0,0,0,0,0,0,0,0
2008-02-08 12:45:00+00:00,30,2,12,,,0,0,0,0,0,0,0,0,0,0,0,0,0,0,0,0,0,0,0,0,0,0,0,0,0
2008-02-08 12:45:00+00:00,30,2,12,292.57720947265625,289.0826416015625,0,0,0,0,0,0,0,0,0,0,0,0,0,0,0,1,1,0,0,0,0,0,0,0,0
2008-02-08 12:45:00+00:00,30,2,12,142.419921875,139.4197540283203,0,0,0,0,0,0,0,0,0,0,0,1,1,1,1,1,1,0,0,0,0,0,0,0,0
2008-02-08 12:45:00+00:00,30,2,12,129.58656311035156,129.58656311035156,0,0,0,0,0,0,0,0,0,0,0,1,1,1,1,1,1,0,0,0,0,0,0,0,0
2008-02-08 12:45:00+00:00,30,2,12,77.33550262451172,81.89064025878906,0,0,0,0,0,0,0,0,1,1,1,1,1,1,1,1,1,0,0,0,0,0,0,0,0
2008-02-08 12:45:00+00:00,30,2,12,119.71988677978516,108.96305847167969,0,0,0,0,0,0,0,0,0,0,1,1,1,1,1,1,1,0,0,0,0,0,0,0,0
2008-02-08 12:45:00+00:00,30,2,12,88.99734497070312,75.77281951904297,0,0,0,0,0,0,0,0,0,1,1,1,1,1,1,1,1,0,0,0,0,0,0,0,0
2008-02-08 12:45:00+00:00,30,2,12,96.31599426269531,83.94175720214844,0,0,0,0,0,0,0,0,0,1,1,1,1,1,1,1,1,0,0,0,0,0,0,0,0
2008-02-08 12:45:00+00:00,30,2,12,285.9455871582031,273.0408630371094,0,0,0,0,0,0,0,0,0,0,0,0,0,0,0,1,1,0,0,0,0,0,0,0,0
2008-02-08 12:45:00+00:00,30,2,12,129.2857666015625,129.41375732421875,0,0,0,0,0,0,0,0,0,0,0,1,1,1,1,1,1,0,0,0,0,0,0,0,0
2008-02-08 12:45:00+00:00,30,2,12,284.85394287109375,293.4128723144531,0,0,0,0,0,0,0,0,0,0,0,0,0,0,0,1,1,0,0,0,0,0,0,0,0
2008-02-08 12:45:00+00:00,30,2,12,74.00780487060547,34.544891357421875,0,0,0,0,0,0,0,0,1,1,1,1,1,1,1,1,1,0,0,0,0,0,1,1,1
2008-02-08 12:45:00+00:00,30,2,12,112.0867691040039,89.68785858154297,0,0,0,0,0,0,0,0,0,0,1,1,1,1,1,1,1,0,0,0,0,0,0,0,0
2008-02-08 12:45:00+00:00,30,2,12,230.84808349609375,202.72421264648438,0,0,0,0,0,0,0,0,0,0,0,0,0,0,1,1,1,0,0,0,0,0,0,0,0
2008-02-08 12:45:00+00:00,30,2,12,146.57044982910156,183.09971618652344,0,0,0,0,0,0,0,0,0,0,0,1,1,1,1,1,1,0,0,0,0,0,0,0,0
2008-02-08 12:45:00+00:00,30,2,12,137.89146423339844,144.5752716064453,0,0,0,0,0,0,0,0,0,0,0,1,1,1,1,1,1,0,0,0,0,0,0,0,0
2008-02-08 12:45:00+00:00,30,2,12,56.15777587890625,36.65309143066406,0,0,0,0,0,0,0,1,1,1,1,1,1,1,1,1,1,0,0,0,0,0,1,1,1
2008-02-08 12:45:00+00:00,30,2,12,90.40983581542969,4.750345230102539,0,0,0,0,0,0,0,0,0,1,1,1,1,1,1,1,1,1,1,1,1,1,1,1,1
2008-02-08 12:45:00+00:00,30,2,12,218.75665283203125,177.29872131347656,0,0,0,0,0,0,0,0,0,0,0,0,0,0,1,1,1,0,0,0,0,0,0,0,0
2008-02-08 12:45:00+00:00,30,2,12,55.92784881591797,51.936275482177734,0,0,0,0,0,0,0,1,1,1,1,1,1,1,1,1,1,0,0,0,0,0,0,0,1
2008-02-08 12:45:00+00:00,30,2,12,28.340076446533203,3.088670253753662,0,0,0,0,1,1,1,1,1,1,1,1,1,1,1,1,1,1,1,1,1,1,1,1,1
2008-02-08 12:45:00+00:00,30,2,12,50.064483642578125,78.38737487792969,0,0,0,0,0,0,0,1,1,1,1,1,1,1,1,1,1,0,0,0,0,0,0,0,0
2008-02-08 12:45:00+00:00,30,2,12,178.22425842285156,171.97836303710938,0,0,0,0,0,0,0,0,0,0,0,0,1,1,1,1,1,0,0,0,0,0,0,0,0
2008-02-08 12:45:00+00:00,30,2,12,,4.25937032699585,0,0,0,0,0,0,0,0,0,0,0,0,0,0,0,0,0,1,1,1,1,1,1,1,1
2008-02-08 12:45:00+00:00,30,2,12,,,0,0,0,0,0,0,0,0,0,0,0,0,0,0,0,0,0,0,0,0,0,0,0,0,0
2008-02-08 12:45:00+00:00,30,2,12,365.1163330078125,0.0,0,0,0,0,0,0,0,0,0,0,0,0,0,0,0,0,0,1,1,1,1,1,1,1,1
2008-02-08 12:45:00+00:00,30,2,12,,,0,0,0,0,0,0,0,0,0,0,0,0,0,0,0,0,0,0,0,0,0,0,0,0,0
2008-02-08 12:45:00+00:00,30,2,12,,,0,0,0,0,0,0,0,0,0,0,0,0,0,0,0,0,0,0,0,0,0,0,0,0,0
2008-02-08 13:00:00+00:00,30,2,13,,,0,0,0,0,0,0,0,0,0,0,0,0,0,0,0,0,0,0,0,0,0,0,0,0,0
2008-02-08 13:00:00+00:00,30,2,13,,,0,0,0,0,0,0,0,0,0,0,0,0,0,0,0,0,0,0,0,0,0,0,0,0,0
2008-02-08 13:00:00+00:00,30,2,13,,,0,0,0,0,0,0,0,0,0,0,0,0,0,0,0,0,0,0,0,0,0,0,0,0,0
2008-02-08 13:00:00+00:00,30,2,13,,289.0255126953125,0,0,0,0,0,0,0,0,0,0,0,0,0,0,0,0,0,0,0,0,0,0,0,0,0
2008-02-08 13:00:00+00:00,30,2,13,397.3392028808594,381.97845458984375,0,0,0,0,0,0,0,0,0,0,0,0,0,0,0,0,0,0,0,0,0,0,0,0,0
2008-02-08 13:00:00+00:00,30,2,13,344.63751220703125,344.63751220703125,0,0,0,0,0,0,0,0,0,0,0,0,0,0,0,0,1,0,0,0,0,0,0,0,0
2008-02-08 13:00:00+00:00,30,2,13,203.4542999267578,197.56893920898438,0,0,0,0,0,0,0,0,0,0,0,0,0,0,1,1,1,0,0,0,0,0,0,0,0
2008-02-08 13:00:00+00:00,30,2,13,189.44070434570312,169.62167358398438,0,0,0,0,0,0,0,0,0,0,0,0,0,1,1,1,1,0,0,0,0,0,0,0,0
2008-02-08 13:00:00+00:00,30,2,13,123.14582061767578,122.75315856933594,0,0,0,0,0,0,0,0,0,0,0,1,1,1,1,1,1,0,0,0,0,0,0,0,0
2008-02-08 13:00:00+00:00,30,2,13,135.62974548339844,167.93014526367188,0,0,0,0,0,0,0,0,0,0,0,1,1,1,1,1,1,0,0,0,0,0,0,0,0
2008-02-08 13:00:00+00:00,30,2,13,215.11436462402344,251.79957580566406,0,0,0,0,0,0,0,0,0,0,0,0,0,0,1,1,1,0,0,0,0,0,0,0,0
2008-02-08 13:00:00+00:00,30,2,13,203.46241760253906,240.16299438476562,0,0,0,0,0,0,0,0,0,0,0,0,0,0,1,1,1,0,0,0,0,0,0,0,0
2008-02-08 13:00:00+00:00,30,2,13,60.184303283691406,0.0,0,0,0,0,0,0,0,0,1,1,1,1,1,1,1,1,1,1,1,1,1,1,1,1,1
2008-02-08 13:00:00+00:00,30,2,13,63.46201705932617,55.10592269897461,0,0,0,0,0,0,0,0,1,1,1,1,1,1,1,1,1,0,0,0,0,0,0,0,1
2008-02-08 13:00:00+00:00,30,2,13,105.39802551269531,162.37486267089844,0,0,0,0,0,0,0,0,0,0,1,1,1,1,1,1,1,0,0,0,0,0,0,0,0
2008-02-08 13:00:00+00:00,30,2,13,377.7960205078125,,0,0,0,0,0,0,0,0,0,0,0,0,0,0,0,0,0,0,0,0,0,0,0,0,0
2008-02-08 13:00:00+00:00,30,2,13,247.07508850097656,106.64485168457031,0,0,0,0,0,0,0,0,0,0,0,0,0,0,1,1,1,0,0,0,0,0,0,0,0
2008-02-08 13:15:00+00:00,30,2,13,,,0,0,0,0,0,0,0,0,0,0,0,0,0,0,0,0,0,0,0,0,0,0,0,0,0
2008-02-08 13:15:00+00:00,30,2,13,,,0,0,0,0,0,0,0,0,0,0,0,0,0,0,0,0,0,0,0,0,0,0,0,0,0
2008-02-08 13:15:00+00:00,30,2,13,,,0,0,0,0,0,0,0,0,0,0,0,0,0,0,0,0,0,0,0,0,0,0,0,0,0
2008-02-08 13:15:00+00:00,30,2,13,65.22662353515625,59.01068878173828,0,0,0,0,0,0,0,0,1,1,1,1,1,1,1,1,1,0,0,0,0,0,0,0,1
2008-02-08 13:15:00+00:00,30,2,13,,165.27491760253906,0,0,0,0,0,0,0,0,0,0,0,0,0,0,0,0,0,0,0,0,0,0,0,0,0
2008-02-08 13:15:00+00:00,30,2,13,,235.56988525390625,0,0,0,0,0,0,0,0,0,0,0,0,0,0,0,0,0,0,0,0,0,0,0,0,0
2008-02-08 13:15:00+00:00,30,2,13,108.72004699707031,126.14225006103516,0,0,0,0,0,0,0,0,0,0,1,1,1,1,1,1,1,0,0,0,0,0,0,0,0
2008-02-08 13:15:00+00:00,30,2,13,114.6893539428711,113.50102233886719,0,0,0,0,0,0,0,0,0,0,1,1,1,1,1,1,1,0,0,0,0,0,0,0,0
2008-02-08 13:15:00+00:00,30,2,13,134.44342041015625,141.83360290527344,0,0,0,0,0,0,0,0,0,0,0,1,1,1,1,1,1,0,0,0,0,0,0,0,0
2008-02-08 13:15:00+00:00,30,2,13,195.44613647460938,185.64276123046875,0,0,0,0,0,0,0,0,0,0,0,0,0,1,1,1,1,0,0,0,0,0,0,0,0
2008-02-08 13:15:00+00:00,30,2,13,133.66836547851562,146.44839477539062,0,0,0,0,0,0,0,0,0,0,0,1,1,1,1,1,1,0,0,0,0,0,0,0,0
2008-02-08 13:15:00+00:00,30,2,13,93.6402587890625,64.48197937011719,0,0,0,0,0,0,0,0,0,1,1,1,1,1,1,1,1,0,0,0,0,0,0,0,0
2008-02-08 13:15:00+00:00,30,2,13,149.22828674316406,7.278624534606934,0,0,0,0,0,0,0,0,0,0,0,1,1,1,1,1,1,1,1,1,1,1,1,1,1
2008-02-08 13:15:00+00:00,30,2,13,243.40911865234375,172.04795837402344,0,0,0,0,0,0,0,0,0,0,0,0,0,0,1,1,1,0,0,0,0,0,0,0,0
2008-02-08 13:15:00+00:00,30,2,13,282.6866149902344,255.65403747558594,0,0,0,0,0,0,0,0,0,0,0,0,0,0,0,1,1,0,0,0,0,0,0,0,0
2008-02-08 13:15:00+00:00,30,2,13,136.23532104492188,50.14326858520508,0,0,0,0,0,0,0,0,0,0,0,1,1,1,1,1,1,0,0,0,0,0,0,0,1
2008-02-08 13:15:00+00:00,30,2,13,,,0,0,0,0,0,0,0,0,0,0,0,0,0,0,0,0,0,0,0,0,0,0,0,0,0
2008-02-08 13:30:00+00:00,30,2,13,,,0,0,0,0,0,0,0,0,0,0,0,0,0,0,0,0,0,0,0,0,0,0,0,0,0
2008-02-08 13:30:00+00:00,30,2,13,,,0,0,0,0,0,0,0,0,0,0,0,0,0,0,0,0,0,0,0,0,0,0,0,0,0
2008-02-08 13:30:00+00:00,30,2,13,,,0,0,0,0,0,0,0,0,0,0,0,0,0,0,0,0,0,0,0,0,0,0,0,0,0
2008-02-08 13:30:00+00:00,30,2,13,,,0,0,0,0,0,0,0,0,0,0,0,0,0,0,0,0,0,0,0,0,0,0,0,0,0
2008-02-08 13:30:00+00:00,30,2,13,136.008056640625,117.57015991210938,0,0,0,0,0,0,0,0,0,0,0,1,1,1,1,1,1,0,0,0,0,0,0,0,0
2008-02-08 13:30:00+00:00,30,2,13,237.63816833496094,244.97244262695312,0,0,0,0,0,0,0,0,0,0,0,0,0,0,1,1,1,0,0,0,0,0,0,0,0
2008-02-08 13:30:00+00:00,30,2,13,83.90864562988281,87.74961853027344,0,0,0,0,0,0,0,0,0,1,1,1,1,1,1,1,1,0,0,0,0,0,0,0,0
2008-02-08 13:30:00+00:00,30,2,13,118.05946350097656,42.1943473815918,0,0,0,0,0,0,0,0,0,0,1,1,1,1,1,1,1,0,0,0,0,0,0,1,1
2008-02-08 13:30:00+00:00,30,2,13,77.4661636352539,94.46644592285156,0,0,0,0,0,0,0,0,1,1,1,1,1,1,1,1,1,0,0,0,0,0,0,0,0
2008-02-08 13:30:00+00:00,30,2,13,97.32865142822266,63.13884353637695,0,0,0,0,0,0,0,0,0,1,1,1,1,1,1,1,1,0,0,0,0,0,0,0,0
2008-02-08 13:30:00+00:00,30,2,13,109.32777404785156,93.7240219116211,0,0,0,0,0,0,0,0,0,0,1,1,1,1,1,1,1,0,0,0,0,0,0,0,0
2008-02-08 13:30:00+00:00,30,2,13,158.57022094726562,195.010986328125,0,0,0,0,0,0,0,0,0,0,0,0,1,1,1,1,1,0,0,0,0,0,0,0,0
2008-02-08 13:30:00+00:00,30,2,13,,,0,0,0,0,0,0,0,0,0,0,0,0,0,0,0,0,0,0,0,0,0,0,0,0,0
2008-02-08 13:30:00+00:00,30,2,13,392.43096923828125,201.4877166748047,0,0,0,0,0,0,0,0,0,0,0,0,0,0,0,0,0,0,0,0,0,0,0,0,0
2008-02-08 13:30:00+00:00,30,2,13,67.64656829833984,21.11037254333496,0,0,0,0,0,0,0,0,1,1,1,1,1,1,1,1,1,0,0,0,1,1,1,1,1
2008-02-08 13:45:00+00:00,30,2,13,203.45932006835938,282.263671875,0,0,0,0,0,0,0,0,0,0,0,0,0,0,1,1,1,0,0,0,0,0,0,0,0
2008-02-08 13:45:00+00:00,30,2,13,150.67648315429688,157.37380981445312,0,0,0,0,0,0,0,0,0,0,0,0,1,1,1,1,1,0,0,0,0,0,0,0,0
2008-02-08 13:45:00+00:00,30,2,13,255.38841247558594,319.163818359375,0,0,0,0,0,0,0,0,0,0,0,0,0,0,0,1,1,0,0,0,0,0,0,0,0
2008-02-08 13:45:00+00:00,30,2,13,195.84495544433594,207.7037353515625,0,0,0,0,0,0,0,0,0,0,0,0,0,1,1,1,1,0,0,0,0,0,0,0,0
2008-02-08 13:45:00+00:00,30,2,13,52.17318344116211,60.763240814208984,0,0,0,0,0,0,0,1,1,1,1,1,1,1,1,1,1,0,0,0,0,0,0,0,0
2008-02-08 13:45:00+00:00,30,2,13,99.17274475097656,100.0626220703125,0,0,0,0,0,0,0,0,0,1,1,1,1,1,1,1,1,0,0,0,0,0,0,0,0
2008-02-08 13:45:00+00:00,30,2,13,94.95086669921875,0.0,0,0,0,0,0,0,0,0,0,1,1,1,1,1,1,1,1,1,1,1,1,1,1,1,1
2008-02-08 13:45:00+00:00,30,2,13,217.61029052734375,269.5339050292969,0,0,0,0,0,0,0,0,0,0,0,0,0,0,1,1,1,0,0,0,0,0,0,0,0
2008-02-08 13:45:00+00:00,30,2,13,206.69996643066406,205.4735870361328,0,0,0,0,0,0,0,0,0,0,0,0,0,0,1,1,1,0,0,0,0,0,0,0,0
2008-02-08 13:45:00+00:00,30,2,13,,,0,0,0,0,0,0,0,0,0,0,0,0,0,0,0,0,0,0,0,0,0,0,0,0,0
2008-02-08 13:45:00+00:00,30,2,13,275.8327331542969,309.5535583496094,0,0,0,0,0,0,0,0,0,0,0,0,0,0,0,1,1,0,0,0,0,0,0,0,0
2008-02-08 14:00:00+00:00,30,2,14,,,0,0,0,0,0,0,0,0,0,0,0,0,0,0,0,0,0,0,0,0,0,0,0,0,0
2008-02-08 14:00:00+00:00,30,2,14,,,0,0,0,0,0,0,0,0,0,0,0,0,0,0,0,0,0,0,0,0,0,0,0,0,0
2008-02-08 14:00:00+00:00,30,2,14,308.7253723144531,338.4826965332031,0,0,0,0,0,0,0,0,0,0,0,0,0,0,0,0,1,0,0,0,0,0,0,0,0
2008-02-08 14:00:00+00:00,30,2,14,162.08811950683594,138.50148010253906,0,0,0,0,0,0,0,0,0,0,0,0,1,1,1,1,1,0,0,0,0,0,0,0,0
2008-02-08 14:00:00+00:00,30,2,14,42.9359245300293,80.69530487060547,0,0,0,0,0,0,1,1,1,1,1,1,1,1,1,1,1,0,0,0,0,0,0,0,0
2008-02-08 14:00:00+00:00,30,2,14,146.05490112304688,167.37966918945312,0,0,0,0,0,0,0,0,0,0,0,1,1,1,1,1,1,0,0,0,0,0,0,0,0
2008-02-08 14:00:00+00:00,30,2,14,160.6699981689453,156.078857421875,0,0,0,0,0,0,0,0,0,0,0,0,1,1,1,1,1,0,0,0,0,0,0,0,0
2008-02-08 14:00:00+00:00,30,2,14,,,0,0,0,0,0,0,0,0,0,0,0,0,0,0,0,0,0,0,0,0,0,0,0,0,0
2008-02-08 14:00:00+00:00,30,2,14,240.77426147460938,250.19212341308594,0,0,0,0,0,0,0,0,0,0,0,0,0,0,1,1,1,0,0,0,0,0,0,0,0
2008-02-08 14:00:00+00:00,30,2,14,149.60079956054688,153.5480194091797,0,0,0,0,0,0,0,0,0,0,0,1,1,1,1,1,1,0,0,0,0,0,0,0,0
2008-02-08 14:00:00+00:00,30,2,14,,,0,0,0,0,0,0,0,0,0,0,0,0,0,0,0,0,0,0,0,0,0,0,0,0,0
2008-02-08 14:15:00+00:00,30,2,14,,,0,0,0,0,0,0,0,0,0,0,0,0,0,0,0,0,0,0,0,0,0,0,0,0,0
2008-02-08 14:15:00+00:00,30,2,14,351.1863708496094,112.14850616455078,0,0,0,0,0,0,0,0,0,0,0,0,0,0,0,0,0,0,0,0,0,0,0,0,0
2008-02-08 14:15:00+00:00,30,2,14,193.38902282714844,79.63253021240234,0,0,0,0,0,0,0,0,0,0,0,0,0,1,1,1,1,0,0,0,0,0,0,0,0
2008-02-08 14:15:00+00:00,30,2,14,189.46371459960938,181.8489227294922,0,0,0,0,0,0,0,0,0,0,0,0,0,1,1,1,1,0,0,0,0,0,0,0,0
2008-02-08 14:15:00+00:00,30,2,14,105.88813781738281,100.97840118408203,0,0,0,0,0,0,0,0,0,0,1,1,1,1,1,1,1,0,0,0,0,0,0,0,0
2008-02-08 14:15:00+00:00,30,2,14,220.89218139648438,84.91282653808594,0,0,0,0,0,0,0,0,0,0,0,0,0,0,1,1,1,0,0,0,0,0,0,0,0
2008-02-08 14:15:00+00:00,30,2,14,69.45277404785156,51.06013107299805,0,0,0,0,0,0,0,0,1,1,1,1,1,1,1,1,1,0,0,0,0,0,0,0,1
2008-02-08 14:15:00+00:00,30,2,14,152.36032104492188,183.78900146484375,0,0,0,0,0,0,0,0,0,0,0,0,1,1,1,1,1,0,0,0,0,0,0,0,0
2008-02-08 14:15:00+00:00,30,2,14,185.4847869873047,214.79302978515625,0,0,0,0,0,0,0,0,0,0,0,0,0,1,1,1,1,0,0,0,0,0,0,0,0
2008-02-08 14:15:00+00:00,30,2,14,234.03817749023438,216.1485137939453,0,0,0,0,0,0,0,0,0,0,0,0,0,0,1,1,1,0,0,0,0,0,0,0,0
2008-02-08 14:15:00+00:00,30,2,14,40.84218215942383,76.04955291748047,0,0,0,0,0,0,1,1,1,1,1,1,1,1,1,1,1,0,0,0,0,0,0,0,0
2008-02-08 14:15:00+00:00,30,2,14,200.28948974609375,163.18682861328125,0,0,0,0,0,0,0,0,0,0,0,0,0,0,1,1,1,0,0,0,0,0,0,0,0
2008-02-08 14:15:00+00:00,30,2,14,79.75106811523438,91.33010864257812,0,0,0,0,0,0,0,0,1,1,1,1,1,1,1,1,1,0,0,0,0,0,0,0,0
2008-02-08 14:15:00+00:00,30,2,14,230.54885864257812,100.66583251953125,0,0,0,0,0,0,0,0,0,0,0,0,0,0,1,1,1,0,0,0,0,0,0,0,0
2008-02-08 14:15:00+00:00,30,2,14,365.0340576171875,360.1567077636719,0,0,0,0,0,0,0,0,0,0,0,0,0,0,0,0,0,0,0,0,0,0,0,0,0
2008-02-08 14:15:00+00:00,30,2,14,,210.69973754882812,0,0,0,0,0,0,0,0,0,0,0,0,0,0,0,0,0,0,0,0,0,0,0,0,0
2008-02-08 14:15:00+00:00,30,2,14,309.632080078125,13.851198196411133,0,0,0,0,0,0,0,0,0,0,0,0,0,0,0,0,1,0,1,1,1,1,1,1,1
2008-02-08 14:30:00+00:00,30,2,14,155.88177490234375,159.3158416748047,0,0,0,0,0,0,0,0,0,0,0,0,1,1,1,1,1,0,0,0,0,0,0,0,0
2008-02-08 14:30:00+00:00,30,2,14,45.73222732543945,38.96162033081055,0,0,0,0,0,0,1,1,1,1,1,1,1,1,1,1,1,0,0,0,0,0,1,1,1
2008-02-08 14:30:00+00:00,30,2,14,183.07705688476562,201.9548797607422,0,0,0,0,0,0,0,0,0,0,0,0,0,1,1,1,1,0,0,0,0,0,0,0,0
2008-02-08 14:30:00+00:00,30,2,14,287.3182373046875,163.00814819335938,0,0,0,0,0,0,0,0,0,0,0,0,0,0,0,1,1,0,0,0,0,0,0,0,0
2008-02-08 14:30:00+00:00,30,2,14,141.5684814453125,181.58216857910156,0,0,0,0,0,0,0,0,0,0,0,1,1,1,1,1,1,0,0,0,0,0,0,0,0
2008-02-08 14:30:00+00:00,30,2,14,100.69001770019531,157.8329620361328,0,0,0,0,0,0,0,0,0,0,1,1,1,1,1,1,1,0,0,0,0,0,0,0,0
2008-02-08 14:30:00+00:00,30,2,14,42.28179168701172,6.154167175292969,0,0,0,0,0,0,1,1,1,1,1,1,1,1,1,1,1,1,1,1,1,1,1,1,1
2008-02-08 14:30:00+00:00,30,2,14,148.3172607421875,97.95113372802734,0,0,0,0,0,0,0,0,0,0,0,1,1,1,1,1,1,0,0,0,0,0,0,0,0
2008-02-08 14:45:00+00:00,30,2,14,,,0,0,0,0,0,0,0,0,0,0,0,0,0,0,0,0,0,0,0,0,0,0,0,0,0
2008-02-08 14:45:00+00:00,30,2,14,229.7615509033203,261.17498779296875,0,0,0,0,0,0,0,0,0,0,0,0,0,0,1,1,1,0,0,0,0,0,0,0,0
2008-02-08 14:45:00+00:00,30,2,14,307.8754577636719,303.5515441894531,0,0,0,0,0,0,0,0,0,0,0,0,0,0,0,0,1,0,0,0,0,0,0,0,0
2008-02-08 14:45:00+00:00,30,2,14,80.14425659179688,93.06632232666016,0,0,0,0,0,0,0,0,0,1,1,1,1,1,1,1,1,0,0,0,0,0,0,0,0
2008-02-08 14:45:00+00:00,30,2,14,57.04899215698242,0.0,0,0,0,0,0,0,0,1,1,1,1,1,1,1,1,1,1,1,1,1,1,1,1,1,1
2008-02-08 14:45:00+00:00,30,2,14,232.05638122558594,50.10725402832031,0,0,0,0,0,0,0,0,0,0,0,0,0,0,1,1,1,0,0,0,0,0,0,0,1
2008-02-08 14:45:00+00:00,30,2,14,,358.1160583496094,0,0,0,0,0,0,0,0,0,0,0,0,0,0,0,0,0,0,0,0,0,0,0,0,0
2008-02-08 14:45:00+00:00,30,2,14,63.485050201416016,0.0,0,0,0,0,0,0,0,0,1,1,1,1,1,1,1,1,1,1,1,1,1,1,1,1,1
2008-02-08 15:00:00+00:00,30,2,15,,,0,0,0,0,0,0,0,0,0,0,0,0,0,0,0,0,0,0,0,0,0,0,0,0,0
2008-02-08 15:00:00+00:00,30,2,15,310.94793701171875,234.46194458007812,0,0,0,0,0,0,0,0,0,0,0,0,0,0,0,0,1,0,0,0,0,0,0,0,0
2008-02-08 15:00:00+00:00,30,2,15,242.12818908691406,240.57180786132812,0,0,0,0,0,0,0,0,0,0,0,0,0,0,1,1,1,0,0,0,0,0,0,0,0
2008-02-08 15:00:00+00:00,30,2,15,230.13656616210938,168.55470275878906,0,0,0,0,0,0,0,0,0,0,0,0,0,0,1,1,1,0,0,0,0,0,0,0,0
2008-02-08 15:00:00+00:00,30,2,15,,,0,0,0,0,0,0,0,0,0,0,0,0,0,0,0,0,0,0,0,0,0,0,0,0,0
2008-02-08 15:00:00+00:00,30,2,15,411.3125915527344,416.72802734375,0,0,0,0,0,0,0,0,0,0,0,0,0,0,0,0,0,0,0,0,0,0,0,0,0
2008-02-08 15:15:00+00:00,30,2,15,132.3843231201172,124.51469421386719,0,0,0,0,0,0,0,0,0,0,0,1,1,1,1,1,1,0,0,0,0,0,0,0,0
2008-02-08 15:15:00+00:00,30,2,15,166.9327392578125,162.5302734375,0,0,0,0,0,0,0,0,0,0,0,0,1,1,1,1,1,0,0,0,0,0,0,0,0
2008-02-08 15:15:00+00:00,30,2,15,226.4832000732422,198.6783905029297,0,0,0,0,0,0,0,0,0,0,0,0,0,0,1,1,1,0,0,0,0,0,0,0,0
2008-02-08 15:15:00+00:00,30,2,15,333.88641357421875,322.8251647949219,0,0,0,0,0,0,0,0,0,0,0,0,0,0,0,0,1,0,0,0,0,0,0,0,0
2008-02-08 15:15:00+00:00,30,2,15,130.14920043945312,124.1146011352539,0,0,0,0,0,0,0,0,0,0,0,1,1,1,1,1,1,0,0,0,0,0,0,0,0
2008-02-08 15:15:00+00:00,30,2,15,40.57017517089844,0.0,0,0,0,0,0,0,1,1,1,1,1,1,1,1,1,1,1,1,1,1,1,1,1,1,1
2008-02-08 15:15:00+00:00,30,2,15,294.45916748046875,330.1618957519531,0,0,0,0,0,0,0,0,0,0,0,0,0,0,0,1,1,0,0,0,0,0,0,0,0
2008-02-08 15:15:00+00:00,30,2,15,66.11808013916016,82.25672149658203,0,0,0,0,0,0,0,0,1,1,1,1,1,1,1,1,1,0,0,0,0,0,0,0,0
2008-02-08 15:15:00+00:00,30,2,15,137.004638671875,121.99736785888672,0,0,0,0,0,0,0,0,0,0,0,1,1,1,1,1,1,0,0,0,0,0,0,0,0
2008-02-08 15:15:00+00:00,30,2,15,50.77358627319336,44.043331146240234,0,0,0,0,0,0,0,1,1,1,1,1,1,1,1,1,1,0,0,0,0,0,0,1,1
2008-02-08 15:15:00+00:00,30,2,15,201.23672485351562,,0,0,0,0,0,0,0,0,0,0,0,0,0,0,1,1,1,0,0,0,0,0,0,0,0
2008-02-08 15:30:00+00:00,30,2,15,,,0,0,0,0,0,0,0,0,0,0,0,0,0,0,0,0,0,0,0,0,0,0,0,0,0
2008-02-08 15:30:00+00:00,30,2,15,136.81668090820312,156.6361541748047,0,0,0,0,0,0,0,0,0,0,0,1,1,1,1,1,1,0,0,0,0,0,0,0,0
2008-02-08 15:30:00+00:00,30,2,15,93.13164520263672,180.96343994140625,0,0,0,0,0,0,0,0,0,1,1,1,1,1,1,1,1,0,0,0,0,0,0,0,0
2008-02-08 15:30:00+00:00,30,2,15,42.12126541137695,67.40218353271484,0,0,0,0,0,0,1,1,1,1,1,1,1,1,1,1,1,0,0,0,0,0,0,0,0
2008-02-08 15:30:00+00:00,30,2,15,63.83858871459961,91.22277069091797,0,0,0,0,0,0,0,0,1,1,1,1,1,1,1,1,1,0,0,0,0,0,0,0,0
2008-02-08 15:45:00+00:00,30,2,15,,,0,0,0,0,0,0,0,0,0,0,0,0,0,0,0,0,0,0,0,0,0,0,0,0,0
2008-02-08 15:45:00+00:00,30,2,15,127.59759521484375,144.92845153808594,0,0,0,0,0,0,0,0,0,0,0,1,1,1,1,1,1,0,0,0,0,0,0,0,0
2008-02-08 15:45:00+00:00,30,2,15,180.98605346679688,92.51864624023438,0,0,0,0,0,0,0,0,0,0,0,0,0,1,1,1,1,0,0,0,0,0,0,0,0
2008-02-08 15:45:00+00:00,30,2,15,143.71498107910156,139.02603149414062,0,0,0,0,0,0,0,0,0,0,0,1,1,1,1,1,1,0,0,0,0,0,0,0,0
2008-02-08 15:45:00+00:00,30,2,15,37.39945602416992,29.486841201782227,0,0,0,0,0,1,1,1,1,1,1,1,1,1,1,1,1,0,0,0,0,1,1,1,1
2008-02-08 15:45:00+00:00,30,2,15,135.71572875976562,115.56409454345703,0,0,0,0,0,0,0,0,0,0,0,1,1,1,1,1,1,0,0,0,0,0,0,0,0
2008-02-08 15:45:00+00:00,30,2,15,,,0,0,0,0,0,0,0,0,0,0,0,0,0,0,0,0,0,0,0,0,0,0,0,0,0
2008-02-08 16:00:00+00:00,30,2,16,72.99455261230469,79.6243896484375,0,0,0,0,0,0,0,0,1,1,1,1,1,1,1,1,1,0,0,0,0,0,0,0,0
2008-02-08 16:00:00+00:00,30,2,16,217.09988403320312,217.01551818847656,0,0,0,0,0,0,0,0,0,0,0,0,0,0,1,1,1,0,0,0,0,0,0,0,0
2008-02-08 16:00:00+00:00,30,2,16,161.29273986816406,195.7023162841797,0,0,0,0,0,0,0,0,0,0,0,0,1,1,1,1,1,0,0,0,0,0,0,0,0
2008-02-08 16:00:00+00:00,30,2,16,261.76116943359375,257.462890625,0,0,0,0,0,0,0,0,0,0,0,0,0,0,0,1,1,0,0,0,0,0,0,0,0
2008-02-08 16:00:00+00:00,30,2,16,,34.81952667236328,0,0,0,0,0,0,0,0,0,0,0,0,0,0,0,0,0,0,0,0,0,0,1,1,1
2008-02-08 16:15:00+00:00,30,2,16,77.35246276855469,65.3057632446289,0,0,0,0,0,0,0,0,1,1,1,1,1,1,1,1,1,0,0,0,0,0,0,0,0
2008-02-08 16:15:00+00:00,30,2,16,223.93589782714844,235.24298095703125,0,0,0,0,0,0,0,0,0,0,0,0,0,0,1,1,1,0,0,0,0,0,0,0,0
2008-02-08 16:15:00+00:00,30,2,16,176.23739624023438,173.44375610351562,0,0,0,0,0,0,0,0,0,0,0,0,1,1,1,1,1,0,0,0,0,0,0,0,0
2008-02-08 16:15:00+00:00,30,2,16,290.8556823730469,283.96429443359375,0,0,0,0,0,0,0,0,0,0,0,0,0,0,0,1,1,0,0,0,0,0,0,0,0
2008-02-08 16:15:00+00:00,30,2,16,39.6843376159668,4.262258529663086,0,0,0,0,0,1,1,1,1,1,1,1,1,1,1,1,1,1,1,1,1,1,1,1,1
2008-02-08 16:15:00+00:00,30,2,16,55.35200119018555,33.14385223388672,0,0,0,0,0,0,0,1,1,1,1,1,1,1,1,1,1,0,0,0,0,0,1,1,1
2008-02-08 16:15:00+00:00,30,2,16,233.43545532226562,208.33123779296875,0,0,0,0,0,0,0,0,0,0,0,0,0,0,1,1,1,0,0,0,0,0,0,0,0
2008-02-08 16:15:00+00:00,30,2,16,99.37749481201172,84.94758605957031,0,0,0,0,0,0,0,0,0,1,1,1,1,1,1,1,1,0,0,0,0,0,0,0,0
2008-02-08 16:30:00+00:00,30,2,16,78.80136108398438,90.96206665039062,0,0,0,0,0,0,0,0,1,1,1,1,1,1,1,1,1,0,0,0,0,0,0,0,0
2008-02-08 16:30:00+00:00,30,2,16,239.87026977539062,135.22581481933594,0,0,0,0,0,0,0,0,0,0,0,0,0,0,1,1,1,0,0,0,0,0,0,0,0
2008-02-08 16:30:00+00:00,30,2,16,70.65457153320312,90.89624786376953,0,0,0,0,0,0,0,0,1,1,1,1,1,1,1,1,1,0,0,0,0,0,0,0,0
2008-02-08 16:30:00+00:00,30,2,16,288.1195068359375,289.2380065917969,0,0,0,0,0,0,0,0,0,0,0,0,0,0,0,1,1,0,0,0,0,0,0,0,0
2008-02-08 16:45:00+00:00,30,2,16,72.27609252929688,0.0,0,0,0,0,0,0,0,0,1,1,1,1,1,1,1,1,1,1,1,1,1,1,1,1,1
2008-02-08 16:45:00+00:00,30,2,16,245.6498260498047,244.62960815429688,0,0,0,0,0,0,0,0,0,0,0,0,0,0,1,1,1,0,0,0,0,0,0,0,0
2008-02-08 16:45:00+00:00,30,2,16,151.34576416015625,63.73554992675781,0,0,0,0,0,0,0,0,0,0,0,0,1,1,1,1,1,0,0,0,0,0,0,0,0
2008-02-08 16:45:00+00:00,30,2,16,299.3663635253906,297.8345031738281,0,0,0,0,0,0,0,0,0,0,0,0,0,0,0,1,1,0,0,0,0,0,0,0,0
2008-02-08 16:45:00+00:00,30,2,16,,,0,0,0,0,0,0,0,0,0,0,0,0,0,0,0,0,0,0,0,0,0,0,0,0,0
2008-02-08 16:45:00+00:00,30,2,16,86.06958770751953,57.126461029052734,0,0,0,0,0,0,0,0,0,1,1,1,1,1,1,1,1,0,0,0,0,0,0,0,1
2008-02-08 17:00:00+00:00,30,2,17,,,0,0,0,0,0,0,0,0,0,0,0,0,0,0,0,0,0,0,0,0,0,0,0,0,0
2008-02-08 17:00:00+00:00,30,2,17,316.9761657714844,303.3930358886719,0,0,0,0,0,0,0,0,0,0,0,0,0,0,0,0,1,0,0,0,0,0,0,0,0
2008-02-08 17:00:00+00:00,30,2,17,123.30418395996094,106.82386779785156,0,0,0,0,0,0,0,0,0,0,0,1,1,1,1,1,1,0,0,0,0,0,0,0,0
2008-02-08 17:00:00+00:00,30,2,17,70.66905212402344,58.58759307861328,0,0,0,0,0,0,0,0,1,1,1,1,1,1,1,1,1,0,0,0,0,0,0,0,1
2008-02-08 17:00:00+00:00,30,2,17,92.09122467041016,115.1363296508789,0,0,0,0,0,0,0,0,0,1,1,1,1,1,1,1,1,0,0,0,0,0,0,0,0
2008-02-08 17:15:00+00:00,30,2,17,211.53086853027344,167.37278747558594,0,0,0,0,0,0,0,0,0,0,0,0,0,0,1,1,1,0,0,0,0,0,0,0,0
2008-02-08 17:15:00+00:00,30,2,17,160.12811279296875,115.91873931884766,0,0,0,0,0,0,0,0,0,0,0,0,1,1,1,1,1,0,0,0,0,0,0,0,0
2008-02-08 17:15:00+00:00,30,2,17,194.9495391845703,8.007156372070312,0,0,0,0,0,0,0,0,0,0,0,0,0,1,1,1,1,1,1,1,1,1,1,1,1
2008-02-08 17:15:00+00:00,30,2,17,95.90129089355469,61.996551513671875,0,0,0,0,0,0,0,0,0,1,1,1,1,1,1,1,1,0,0,0,0,0,0,0,0
2008-02-08 17:15:00+00:00,30,2,17,,,0,0,0,0,0,0,0,0,0,0,0,0,0,0,0,0,0,0,0,0,0,0,0,0,0
2008-02-08 17:15:00+00:00,30,2,17,,,0,0,0,0,0,0,0,0,0,0,0,0,0,0,0,0,0,0,0,0,0,0,0,0,0
2008-02-08 17:15:00+00:00,30,2,17,100.69805908203125,19.379243850708008,0,0,0,0,0,0,0,0,0,0,1,1,1,1,1,1,1,0,0,1,1,1,1,1,1
2008-02-08 17:15:00+00:00,30,2,17,110.78644561767578,121.2044677734375,0,0,0,0,0,0,0,0,0,0,1,1,1,1,1,1,1,0,0,0,0,0,0,0,0
2008-02-08 17:30:00+00:00,30,2,17,278.5153503417969,191.1184844970703,0,0,0,0,0,0,0,0,0,0,0,0,0,0,0,1,1,0,0,0,0,0,0,0,0
2008-02-08 17:30:00+00:00,30,2,17,209.1681671142578,74.40731048583984,0,0,0,0,0,0,0,0,0,0,0,0,0,0,1,1,1,0,0,0,0,0,0,0,0
2008-02-08 17:30:00+00:00,30,2,17,279.2524719238281,290.8183288574219,0,0,0,0,0,0,0,0,0,0,0,0,0,0,0,1,1,0,0,0,0,0,0,0,0
2008-02-08 17:30:00+00:00,30,2,17,,,0,0,0,0,0,0,0,0,0,0,0,0,0,0,0,0,0,0,0,0,0,0,0,0,0
2008-02-08 17:30:00+00:00,30,2,17,,,0,0,0,0,0,0,0,0,0,0,0,0,0,0,0,0,0,0,0,0,0,0,0,0,0
2008-02-08 17:30:00+00:00,30,2,17,,,0,0,0,0,0,0,0,0,0,0,0,0,0,0,0,0,0,0,0,0,0,0,0,0,0
2008-02-08 17:45:00+00:00,30,2,17,322.72894287109375,,0,0,0,0,0,0,0,0,0,0,0,0,0,0,0,0,1,0,0,0,0,0,0,0,0
2008-02-08 17:45:00+00:00,30,2,17,79.62297821044922,0.0,0,0,0,0,0,0,0,0,1,1,1,1,1,1,1,1,1,1,1,1,1,1,1,1,1
2008-02-08 17:45:00+00:00,30,2,17,356.3209533691406,388.265869140625,0,0,0,0,0,0,0,0,0,0,0,0,0,0,0,0,0,0,0,0,0,0,0,0,0
2008-02-08 17:45:00+00:00,30,2,17,372.828857421875,,0,0,0,0,0,0,0,0,0,0,0,0,0,0,0,0,0,0,0,0,0,0,0,0,0
2008-02-09 10:00:00+00:00,30,2,10,,,0,0,0,0,0,0,0,0,0,0,0,0,0,0,0,0,0,0,0,0,0,0,0,0,0
2008-02-09 10:00:00+00:00,30,2,10,,,0,0,0,0,0,0,0,0,0,0,0,0,0,0,0,0,0,0,0,0,0,0,0,0,0
2008-02-09 10:00:00+00:00,30,2,10,273.90045166015625,266.77838134765625,0,0,0,0,0,0,0,0,0,0,0,0,0,0,0,1,1,0,0,0,0,0,0,0,0
2008-02-09 10:00:00+00:00,30,2,10,275.458740234375,254.9185333251953,0,0,0,0,0,0,0,0,0,0,0,0,0,0,0,1,1,0,0,0,0,0,0,0,0
2008-02-09 10:00:00+00:00,30,2,10,225.1501922607422,208.84730529785156,0,0,0,0,0,0,0,0,0,0,0,0,0,0,1,1,1,0,0,0,0,0,0,0,0
2008-02-09 10:00:00+00:00,30,2,10,212.03765869140625,208.46868896484375,0,0,0,0,0,0,0,0,0,0,0,0,0,0,1,1,1,0,0,0,0,0,0,0,0
2008-02-09 10:00:00+00:00,30,2,10,,,0,0,0,0,0,0,0,0,0,0,0,0,0,0,0,0,0,0,0,0,0,0,0,0,0
2008-02-09 10:00:00+00:00,30,2,10,,,0,0,0,0,0,0,0,0,0,0,0,0,0,0,0,0,0,0,0,0,0,0,0,0,0
2008-02-09 10:00:00+00:00,30,2,10,324.4779052734375,332.0043640136719,0,0,0,0,0,0,0,0,0,0,0,0,0,0,0,0,1,0,0,0,0,0,0,0,0
2008-02-09 10:00:00+00:00,30,2,10,,,0,0,0,0,0,0,0,0,0,0,0,0,0,0,0,0,0,0,0,0,0,0,0,0,0
2008-02-09 10:00:00+00:00,30,2,10,239.47103881835938,199.95413208007812,0,0,0,0,0,0,0,0,0,0,0,0,0,0,1,1,1,0,0,0,0,0,0,0,0
2008-02-09 10:00:00+00:00,30,2,10,383.1752014160156,405.00384521484375,0,0,0,0,0,0,0,0,0,0,0,0,0,0,0,0,0,0,0,0,0,0,0,0,0
2008-02-09 10:00:00+00:00,30,2,10,270.94696044921875,284.02691650390625,0,0,0,0,0,0,0,0,0,0,0,0,0,0,0,1,1,0,0,0,0,0,0,0,0
2008-02-09 10:00:00+00:00,30,2,10,474.7384948730469,223.3858642578125,0,0,0,0,0,0,0,0,0,0,0,0,0,0,0,0,0,0,0,0,0,0,0,0,0
2008-02-09 10:00:00+00:00,30,2,10,228.326171875,255.17098999023438,0,0,0,0,0,0,0,0,0,0,0,0,0,0,1,1,1,0,0,0,0,0,0,0,0
2008-02-09 10:15:00+00:00,30,2,10,,,0,0,0,0,0,0,0,0,0,0,0,0,0,0,0,0,0,0,0,0,0,0,0,0,0
2008-02-09 10:15:00+00:00,30,2,10,,,0,0,0,0,0,0,0,0,0,0,0,0,0,0,0,0,0,0,0,0,0,0,0,0,0
2008-02-09 10:15:00+00:00,30,2,10,270.1622314453125,216.51803588867188,0,0,0,0,0,0,0,0,0,0,0,0,0,0,0,1,1,0,0,0,0,0,0,0,0
2008-02-09 10:15:00+00:00,30,2,10,,200.5749053955078,0,0,0,0,0,0,0,0,0,0,0,0,0,0,0,0,0,0,0,0,0,0,0,0,0
2008-02-09 10:15:00+00:00,30,2,10,488.3772277832031,417.7955322265625,0,0,0,0,0,0,0,0,0,0,0,0,0,0,0,0,0,0,0,0,0,0,0,0,0
2008-02-09 10:30:00+00:00,30,2,10,,,0,0,0,0,0,0,0,0,0,0,0,0,0,0,0,0,0,0,0,0,0,0,0,0,0
2008-02-09 10:30:00+00:00,30,2,10,,,0,0,0,0,0,0,0,0,0,0,0,0,0,0,0,0,0,0,0,0,0,0,0,0,0
2008-02-09 10:30:00+00:00,30,2,10,,,0,0,0,0,0,0,0,0,0,0,0,0,0,0,0,0,0,0,0,0,0,0,0,0,0
2008-02-09 10:30:00+00:00,30,2,10,131.6937255859375,87.66251373291016,0,0,0,0,0,0,0,0,0,0,0,1,1,1,1,1,1,0,0,0,0,0,0,0,0
2008-02-09 10:30:00+00:00,30,2,10,,352.8450927734375,0,0,0,0,0,0,0,0,0,0,0,0,0,0,0,0,0,0,0,0,0,0,0,0,0
2008-02-09 10:30:00+00:00,30,2,10,154.54550170898438,165.98284912109375,0,0,0,0,0,0,0,0,0,0,0,0,1,1,1,1,1,0,0,0,0,0,0,0,0
2008-02-09 10:30:00+00:00,30,2,10,137.5879364013672,150.24171447753906,0,0,0,0,0,0,0,0,0,0,0,1,1,1,1,1,1,0,0,0,0,0,0,0,0
2008-02-09 10:30:00+00:00,30,2,10,,387.6716613769531,0,0,0,0,0,0,0,0,0,0,0,0,0,0,0,0,0,0,0,0,0,0,0,0,0
2008-02-09 10:30:00+00:00,30,2,10,,94.84459686279297,0,0,0,0,0,0,0,0,0,0,0,0,0,0,0,0,0,0,0,0,0,0,0,0,0
2008-02-09 10:30:00+00:00,30,2,10,134.34014892578125,130.8218536376953,0,0,0,0,0,0,0,0,0,0,0,1,1,1,1,1,1,0,0,0,0,0,0,0,0
2008-02-09 10:30:00+00:00,30,2,10,460.0935363769531,156.72413635253906,0,0,0,0,0,0,0,0,0,0,0,0,0,0,0,0,0,0,0,0,0,0,0,0,0
2008-02-09 10:30:00+00:00,30,2,10,,3.1201419830322266,0,0,0,0,0,0,0,0,0,0,0,0,0,0,0,0,0,1,1,1,1,1,1,1,1
2008-02-09 10:30:00+00:00,30,2,10,,136.21990966796875,0,0,0,0,0,0,0,0,0,0,0,0,0,0,0,0,0,0,0,0,0,0,0,0,0
2008-02-09 10:30:00+00:00,30,2,10,,124.72049713134766,0,0,0,0,0,0,0,0,0,0,0,0,0,0,0,0,0,0,0,0,0,0,0,0,0
2008-02-09 10:45:00+00:00,30,2,10,,,0,0,0,0,0,0,0,0,0,0,0,0,0,0,0,0,0,0,0,0,0,0,0,0,0
2008-02-09 10:45:00+00:00,30,2,10,,,0,0,0,0,0,0,0,0,0,0,0,0,0,0,0,0,0,0,0,0,0,0,0,0,0
2008-02-09 10:45:00+00:00,30,2,10,,,0,0,0,0,0,0,0,0,0,0,0,0,0,0,0,0,0,0,0,0,0,0,0,0,0
2008-02-09 10:45:00+00:00,30,2,10,,,0,0,0,0,0,0,0,0,0,0,0,0,0,0,0,0,0,0,0,0,0,0,0,0,0
2008-02-09 10:45:00+00:00,30,2,10,,,0,0,0,0,0,0,0,0,0,0,0,0,0,0,0,0,0,0,0,0,0,0,0,0,0
2008-02-09 10:45:00+00:00,30,2,10,,,0,0,0,0,0,0,0,0,0,0,0,0,0,0,0,0,0,0,0,0,0,0,0,0,0
2008-02-09 10:45:00+00:00,30,2,10,,199.16250610351562,0,0,0,0,0,0,0,0,0,0,0,0,0,0,0,0,0,0,0,0,0,0,0,0,0
2008-02-09 10:45:00+00:00,30,2,10,308.1651306152344,78.79899597167969,0,0,0,0,0,0,0,0,0,0,0,0,0,0,0,0,1,0,0,0,0,0,0,0,0
2008-02-09 10:45:00+00:00,30,2,10,383.0194091796875,85.2227554321289,0,0,0,0,0,0,0,0,0,0,0,0,0,0,0,0,0,0,0,0,0,0,0,0,0
2008-02-09 10:45:00+00:00,30,2,10,168.3218994140625,154.21218872070312,0,0,0,0,0,0,0,0,0,0,0,0,1,1,1,1,1,0,0,0,0,0,0,0,0
2008-02-09 10:45:00+00:00,30,2,10,,248.1219024658203,0,0,0,0,0,0,0,0,0,0,0,0,0,0,0,0,0,0,0,0,0,0,0,0,0
2008-02-09 10:45:00+00:00,30,2,10,92.83997344970703,91.27826690673828,0,0,0,0,0,0,0,0,0,1,1,1,1,1,1,1,1,0,0,0,0,0,0,0,0
2008-02-09 10:45:00+00:00,30,2,10,432.5124816894531,89.14781951904297,0,0,0,0,0,0,0,0,0,0,0,0,0,0,0,0,0,0,0,0,0,0,0,0,0
2008-02-09 10:45:00+00:00,30,2,10,363.74908447265625,30.74856948852539,0,0,0,0,0,0,0,0,0,0,0,0,0,0,0,0,0,0,0,0,0,0,1,1,1
2008-02-09 10:45:00+00:00,30,2,10,325.77783203125,44.1931037902832,0,0,0,0,0,0,0,0,0,0,0,0,0,0,0,0,1,0,0,0,0,0,0,1,1
2008-02-09 10:45:00+00:00,30,2,10,221.93035888671875,173.02674865722656,0,0,0,0,0,0,0,0,0,0,0,0,0,0,1,1,1,0,0,0,0,0,0,0,0
2008-02-09 10:45:00+00:00,30,2,10,281.3460693359375,174.96315002441406,0,0,0,0,0,0,0,0,0,0,0,0,0,0,0,1,1,0,0,0,0,0,0,0,0
2008-02-09 10:45:00+00:00,30,2,10,189.0565185546875,175.971923828125,0,0,0,0,0,0,0,0,0,0,0,0,0,1,1,1,1,0,0,0,0,0,0,0,0
2008-02-09 10:45:00+00:00,30,2,10,211.19564819335938,183.4159393310547,0,0,0,0,0,0,0,0,0,0,0,0,0,0,1,1,1,0,0,0,0,0,0,0,0
2008-02-09 10:45:00+00:00,30,2,10,,91.52252960205078,0,0,0,0,0,0,0,0,0,0,0,0,0,0,0,0,0,0,0,0,0,0,0,0,0
2008-02-09 11:00:00+00:00,30,2,11,,,0,0,0,0,0,0,0,0,0,0,0,0,0,0,0,0,0,0,0,0,0,0,0,0,0
2008-02-09 11:00:00+00:00,30,2,11,417.34429931640625,192.9936065673828,0,0,0,0,0,0,0,0,0,0,0,0,0,0,0,0,0,0,0,0,0,0,0,0,0
2008-02-09 11:00:00+00:00,30,2,11,155.7162322998047,146.60781860351562,0,0,0,0,0,0,0,0,0,0,0,0,1,1,1,1,1,0,0,0,0,0,0,0,0
2008-02-09 11:00:00+00:00,30,2,11,101.25835418701172,90.26547241210938,0,0,0,0,0,0,0,0,0,0,1,1,1,1,1,1,1,0,0,0,0,0,0,0,0
2008-02-09 11:00:00+00:00,30,2,11,451.37078857421875,314.048095703125,0,0,0,0,0,0,0,0,0,0,0,0,0,0,0,0,0,0,0,0,0,0,0,0,0
2008-02-09 11:00:00+00:00,30,2,11,230.04373168945312,115.19707489013672,0,0,0,0,0,0,0,0,0,0,0,0,0,0,1,1,1,0,0,0,0,0,0,0,0
2008-02-09 11:00:00+00:00,30,2,11,339.93212890625,341.314697265625,0,0,0,0,0,0,0,0,0,0,0,0,0,0,0,0,1,0,0,0,0,0,0,0,0
2008-02-09 11:00:00+00:00,30,2,11,190.0050048828125,283.5035705566406,0,0,0,0,0,0,0,0,0,0,0,0,0,1,1,1,1,0,0,0,0,0,0,0,0
2008-02-09 11:00:00+00:00,30,2,11,509.9835510253906,161.1806182861328,0,0,0,0,0,0,0,0,0,0,0,0,0,0,0,0,0,0,0,0,0,0,0,0,0
2008-02-09 11:00:00+00:00,30,2,11,249.01979064941406,321.12274169921875,0,0,0,0,0,0,0,0,0,0,0,0,0,0,1,1,1,0,0,0,0,0,0,0,0
2008-02-09 11:00:00+00:00,30,2,11,186.28041076660156,186.32867431640625,0,0,0,0,0,0,0,0,0,0,0,0,0,1,1,1,1,0,0,0,0,0,0,0,0
2008-02-09 11:00:00+00:00,30,2,11,50.03828811645508,28.316083908081055,0,0,0,0,0,0,0,1,1,1,1,1,1,1,1,1,1,0,0,0,0,1,1,1,1
2008-02-09 11:00:00+00:00,30,2,11,74.92378234863281,62.749507904052734,0,0,0,0,0,0,0,0,1,1,1,1,1,1,1,1,1,0,0,0,0,0,0,0,0
2008-02-09 11:15:00+00:00,30,2,11,,,0,0,0,0,0,0,0,0,0,0,0,0,0,0,0,0,0,0,0,0,0,0,0,0,0
2008-02-09 11:15:00+00:00,30,2,11,,,0,0,0,0,0,0,0,0,0,0,0,0,0,0,0,0,0,0,0,0,0,0,0,0,0
2008-02-09 11:15:00+00:00,30,2,11,,,0,0,0,0,0,0,0,0,0,0,0,0,0,0,0,0,0,0,0,0,0,0,0,0,0
2008-02-09 11:15:00+00:00,30,2,11,262.9970703125,249.09481811523438,0,0,0,0,0,0,0,0,0,0,0,0,0,0,0,1,1,0,0,0,0,0,0,0,0
2008-02-09 11:15:00+00:00,30,2,11,89.66265869140625,67.42437744140625,0,0,0,0,0,0,0,0,0,1,1,1,1,1,1,1,1,0,0,0,0,0,0,0,0
2008-02-09 11:15:00+00:00,30,2,11,291.9730224609375,127.92091369628906,0,0,0,0,0,0,0,0,0,0,0,0,0,0,0,1,1,0,0,0,0,0,0,0,0
2008-02-09 11:15:00+00:00,30,2,11,229.9278106689453,289.78411865234375,0,0,0,0,0,0,0,0,0,0,0,0,0,0,1,1,1,0,0,0,0,0,0,0,0
2008-02-09 11:15:00+00:00,30,2,11,204.86776733398438,247.54205322265625,0,0,0,0,0,0,0,0,0,0,0,0,0,0,1,1,1,0,0,0,0,0,0,0,0
2008-02-09 11:15:00+00:00,30,2,11,368.97705078125,360.1931457519531,0,0,0,0,0,0,0,0,0,0,0,0,0,0,0,0,0,0,0,0,0,0,0,0,0
2008-02-09 11:15:00+00:00,30,2,11,199.15721130371094,66.78166198730469,0,0,0,0,0,0,0,0,0,0,0,0,0,1,1,1,1,0,0,0,0,0,0,0,0
2008-02-09 11:15:00+00:00,30,2,11,294.177490234375,268.90399169921875,0,0,0,0,0,0,0,0,0,0,0,0,0,0,0,1,1,0,0,0,0,0,0,0,0
2008-02-09 11:30:00+00:00,30,2,11,,,0,0,0,0,0,0,0,0,0,0,0,0,0,0,0,0,0,0,0,0,0,0,0,0,0
2008-02-09 11:30:00+00:00,30,2,11,,,0,0,0,0,0,0,0,0,0,0,0,0,0,0,0,0,0,0,0,0,0,0,0,0,0
2008-02-09 11:30:00+00:00,30,2,11,,,0,0,0,0,0,0,0,0,0,0,0,0,0,0,0,0,0,0,0,0,0,0,0,0,0
2008-02-09 11:30:00+00:00,30,2,11,114.40066528320312,56.12820053100586,0,0,0,0,0,0,0,0,0,0,1,1,1,1,1,1,1,0,0,0,0,0,0,0,1
2008-02-09 11:30:00+00:00,30,2,11,175.9912872314453,175.9912872314453,0,0,0,0,0,0,0,0,0,0,0,0,1,1,1,1,1,0,0,0,0,0,0,0,0
2008-02-09 11:30:00+00:00,30,2,11,353.5904235839844,342.78704833984375,0,0,0,0,0,0,0,0,0,0,0,0,0,0,0,0,0,0,0,0,0,0,0,0,0
2008-02-09 11:30:00+00:00,30,2,11,,,0,0,0,0,0,0,0,0,0,0,0,0,0,0,0,0,0,0,0,0,0,0,0,0,0
2008-02-09 11:30:00+00:00,30,2,11,90.50233459472656,116.987060546875,0,0,0,0,0,0,0,0,0,1,1,1,1,1,1,1,1,0,0,0,0,0,0,0,0
2008-02-09 11:30:00+00:00,30,2,11,395.98565673828125,223.90834045410156,0,0,0,0,0,0,0,0,0,0,0,0,0,0,0,0,0,0,0,0,0,0,0,0,0
2008-02-09 11:30:00+00:00,30,2,11,236.10061645507812,164.86151123046875,0,0,0,0,0,0,0,0,0,0,0,0,0,0,1,1,1,0,0,0,0,0,0,0,0
2008-02-09 11:30:00+00:00,30,2,11,39.631221771240234,41.94564437866211,0,0,0,0,0,1,1,1,1,1,1,1,1,1,1,1,1,0,0,0,0,0,0,1,1
2008-02-09 11:45:00+00:00,30,2,11,,,0,0,0,0,0,0,0,0,0,0,0,0,0,0,0,0,0,0,0,0,0,0,0,0,0
2008-02-09 11:45:00+00:00,30,2,11,,,0,0,0,0,0,0,0,0,0,0,0,0,0,0,0,0,0,0,0,0,0,0,0,0,0
2008-02-09 11:45:00+00:00,30,2,11,,545.7092895507812,0,0,0,0,0,0,0,0,0,0,0,0,0,0,0,0,0,0,0,0,0,0,0,0,0
2008-02-09 11:45:00+00:00,30,2,11,,414.29266357421875,0,0,0,0,0,0,0,0,0,0,0,0,0,0,0,0,0,0,0,0,0,0,0,0,0
2008-02-09 11:45:00+00:00,30,2,11,,243.04336547851562,0,0,0,0,0,0,0,0,0,0,0,0,0,0,0,0,0,0,0,0,0,0,0,0,0
2008-02-09 11:45:00+00:00,30,2,11,98.56291198730469,52.49889373779297,0,0,0,0,0,0,0,0,0,1,1,1,1,1,1,1,1,0,0,0,0,0,0,0,1
2008-02-09 11:45:00+00:00,30,2,11,165.07891845703125,127.57118225097656,0,0,0,0,0,0,0,0,0,0,0,0,1,1,1,1,1,0,0,0,0,0,0,0,0
2008-02-09 11:45:00+00:00,30,2,11,147.11593627929688,22.789072036743164,0,0,0,0,0,0,0,0,0,0,0,1,1,1,1,1,1,0,0,0,1,1,1,1,1
2008-02-09 11:45:00+00:00,30,2,11,97.08843994140625,103.24658966064453,0,0,0,0,0,0,0,0,0,1,1,1,1,1,1,1,1,0,0,0,0,0,0,0,0
2008-02-09 11:45:00+00:00,30,2,11,241.2946319580078,245.9809112548828,0,0,0,0,0,0,0,0,0,0,0,0,0,0,1,1,1,0,0,0,0,0,0,0,0
2008-02-09 11:45:00+00:00,30,2,11,345.91259765625,354.5249938964844,0,0,0,0,0,0,0,0,0,0,0,0,0,0,0,0,1,0,0,0,0,0,0,0,0
2008-02-09 11:45:00+00:00,30,2,11,126.97908020019531,262.17596435546875,0,0,0,0,0,0,0,0,0,0,0,1,1,1,1,1,1,0,0,0,0,0,0,0,0
2008-02-09 11:45:00+00:00,30,2,11,138.21824645996094,257.97625732421875,0,0,0,0,0,0,0,0,0,0,0,1,1,1,1,1,1,0,0,0,0,0,0,0,0
2008-02-09 11:45:00+00:00,30,2,11,305.9081115722656,326.44830322265625,0,0,0,0,0,0,0,0,0,0,0,0,0,0,0,0,1,0,0,0,0,0,0,0,0
2008-02-09 11:45:00+00:00,30,2,11,162.85888671875,132.0962371826172,0,0,0,0,0,0,0,0,0,0,0,0,1,1,1,1,1,0,0,0,0,0,0,0,0
2008-02-09 12:00:00+00:00,30,2,12,,,0,0,0,0,0,0,0,0,0,0,0,0,0,0,0,0,0,0,0,0,0,0,0,0,0
2008-02-09 12:00:00+00:00,30,2,12,,22.5316104888916,0,0,0,0,0,0,0,0,0,0,0,0,0,0,0,0,0,0,0,0,1,1,1,1,1
2008-02-09 12:00:00+00:00,30,2,12,,0.0,0,0,0,0,0,0,0,0,0,0,0,0,0,0,0,0,0,1,1,1,1,1,1,1,1
2008-02-09 12:00:00+00:00,30,2,12,272.29473876953125,191.20826721191406,0,0,0,0,0,0,0,0,0,0,0,0,0,0,0,1,1,0,0,0,0,0,0,0,0
2008-02-09 12:00:00+00:00,30,2,12,297.5682373046875,292.230224609375,0,0,0,0,0,0,0,0,0,0,0,0,0,0,0,1,1,0,0,0,0,0,0,0,0
2008-02-09 12:00:00+00:00,30,2,12,,,0,0,0,0,0,0,0,0,0,0,0,0,0,0,0,0,0,0,0,0,0,0,0,0,0
2008-02-09 12:15:00+00:00,30,2,12,,,0,0,0,0,0,0,0,0,0,0,0,0,0,0,0,0,0,0,0,0,0,0,0,0,0
2008-02-09 12:15:00+00:00,30,2,12,,248.47085571289062,0,0,0,0,0,0,0,0,0,0,0,0,0,0,0,0,0,0,0,0,0,0,0,0,0
2008-02-09 12:15:00+00:00,30,2,12,,230.93177795410156,0,0,0,0,0,0,0,0,0,0,0,0,0,0,0,0,0,0,0,0,0,0,0,0,0
2008-02-09 12:15:00+00:00,30,2,12,359.4931335449219,123.49870300292969,0,0,0,0,0,0,0,0,0,0,0,0,0,0,0,0,0,0,0,0,0,0,0,0,0
2008-02-09 12:15:00+00:00,30,2,12,139.30416870117188,132.43426513671875,0,0,0,0,0,0,0,0,0,0,0,1,1,1,1,1,1,0,0,0,0,0,0,0,0
2008-02-09 12:15:00+00:00,30,2,12,505.2503662109375,494.4394226074219,0,0,0,0,0,0,0,0,0,0,0,0,0,0,0,0,0,0,0,0,0,0,0,0,0
2008-02-09 12:15:00+00:00,30,2,12,135.3118438720703,145.529541015625,0,0,0,0,0,0,0,0,0,0,0,1,1,1,1,1,1,0,0,0,0,0,0,0,0
2008-02-09 12:15:00+00:00,30,2,12,76.0411148071289,76.53658294677734,0,0,0,0,0,0,0,0,1,1,1,1,1,1,1,1,1,0,0,0,0,0,0,0,0
2008-02-09 12:15:00+00:00,30,2,12,474.31121826171875,186.4469451904297,0,0,0,0,0,0,0,0,0,0,0,0,0,0,0,0,0,0,0,0,0,0,0,0,0
2008-02-09 12:15:00+00:00,30,2,12,257.0154113769531,209.03762817382812,0,0,0,0,0,0,0,0,0,0,0,0,0,0,0,1,1,0,0,0,0,0,0,0,0
2008-02-09 12:15:00+00:00,30,2,12,181.41827392578125,91.39320373535156,0,0,0,0,0,0,0,0,0,0,0,0,0,1,1,1,1,0,0,0,0,0,0,0,0
2008-02-09 12:15:00+00:00,30,2,12,155.46583557128906,128.47802734375,0,0,0,0,0,0,0,0,0,0,0,0,1,1,1,1,1,0,0,0,0,0,0,0,0
2008-02-09 12:15:00+00:00,30,2,12,,,0,0,0,0,0,0,0,0,0,0,0,0,0,0,0,0,0,0,0,0,0,0,0,0,0
2008-02-09 12:15:00+00:00,30,2,12,312.5257873535156,332.7589416503906,0,0,0,0,0,0,0,0,0,0,0,0,0,0,0,0,1,0,0,0,0,0,0,0,0
2008-02-09 12:15:00+00:00,30,2,12,231.57144165039062,274.2713928222656,0,0,0,0,0,0,0,0,0,0,0,0,0,0,1,1,1,0,0,0,0,0,0,0,0
2008-02-09 12:15:00+00:00,30,2,12,188.96441650390625,176.57452392578125,0,0,0,0,0,0,0,0,0,0,0,0,0,1,1,1,1,0,0,0,0,0,0,0,0
2008-02-09 12:30:00+00:00,30,2,12,,,0,0,0,0,0,0,0,0,0,0,0,0,0,0,0,0,0,0,0,0,0,0,0,0,0
2008-02-09 12:30:00+00:00,30,2,12,307.2319030761719,138.6120147705078,0,0,0,0,0,0,0,0,0,0,0,0,0,0,0,0,1,0,0,0,0,0,0,0,0
2008-02-09 12:30:00+00:00,30,2,12,264.7962951660156,249.0998992919922,0,0,0,0,0,0,0,0,0,0,0,0,0,0,0,1,1,0,0,0,0,0,0,0,0
2008-02-09 12:30:00+00:00,30,2,12,37.29374313354492,48.342716217041016,0,0,0,0,0,1,1,1,1,1,1,1,1,1,1,1,1,0,0,0,0,0,0,1,1
2008-02-09 12:30:00+00:00,30,2,12,188.4923858642578,186.8596649169922,0,0,0,0,0,0,0,0,0,0,0,0,0,1,1,1,1,0,0,0,0,0,0,0,0
2008-02-09 12:30:00+00:00,30,2,12,228.48922729492188,172.58609008789062,0,0,0,0,0,0,0,0,0,0,0,0,0,0,1,1,1,0,0,0,0,0,0,0,0
2008-02-09 12:30:00+00:00,30,2,12,274.4887390136719,262.36859130859375,0,0,0,0,0,0,0,0,0,0,0,0,0,0,0,1,1,0,0,0,0,0,0,0,0
2008-02-09 12:30:00+00:00,30,2,12,464.1838073730469,196.4495849609375,0,0,0,0,0,0,0,0,0,0,0,0,0,0,0,0,0,0,0,0,0,0,0,0,0
2008-02-09 12:30:00+00:00,30,2,12,,387.8730773925781,0,0,0,0,0,0,0,0,0,0,0,0,0,0,0,0,0,0,0,0,0,0,0,0,0
2008-02-09 12:30:00+00:00,30,2,12,,,0,0,0,0,0,0,0,0,0,0,0,0,0,0,0,0,0,0,0,0,0,0,0,0,0
2008-02-09 12:45:00+00:00,30,2,12,,,0,0,0,0,0,0,0,0,0,0,0,0,0,0,0,0,0,0,0,0,0,0,0,0,0
2008-02-09 12:45:00+00:00,30,2,12,157.0687713623047,81.9986572265625,0,0,0,0,0,0,0,0,0,0,0,0,1,1,1,1,1,0,0,0,0,0,0,0,0
2008-02-09 12:45:00+00:00,30,2,12,197.58673095703125,127.10917663574219,0,0,0,0,0,0,0,0,0,0,0,0,0,1,1,1,1,0,0,0,0,0,0,0,0
2008-02-09 12:45:00+00:00,30,2,12,116.183349609375,53.00371170043945,0,0,0,0,0,0,0,0,0,0,1,1,1,1,1,1,1,0,0,0,0,0,0,0,1
2008-02-09 12:45:00+00:00,30,2,12,187.05453491210938,39.8720703125,0,0,0,0,0,0,0,0,0,0,0,0,0,1,1,1,1,0,0,0,0,0,1,1,1
2008-02-09 12:45:00+00:00,30,2,12,74.15390014648438,65.50091552734375,0,0,0,0,0,0,0,0,1,1,1,1,1,1,1,1,1,0,0,0,0,0,0,0,0
2008-02-09 12:45:00+00:00,30,2,12,358.5262756347656,360.31402587890625,0,0,0,0,0,0,0,0,0,0,0,0,0,0,0,0,0,0,0,0,0,0,0,0,0
2008-02-09 12:45:00+00:00,30,2,12,133.00743103027344,125.97196197509766,0,0,0,0,0,0,0,0,0,0,0,1,1,1,1,1,1,0,0,0,0,0,0,0,0
2008-02-09 12:45:00+00:00,30,2,12,105.36549377441406,88.69409942626953,0,0,0,0,0,0,0,0,0,0,1,1,1,1,1,1,1,0,0,0,0,0,0,0,0
2008-02-09 12:45:00+00:00,30,2,12,67.46867370605469,83.37115478515625,0,0,0,0,0,0,0,0,1,1,1,1,1,1,1,1,1,0,0,0,0,0,0,0,0
2008-02-09 12:45:00+00:00,30,2,12,88.74610137939453,94.14649200439453,0,0,0,0,0,0,0,0,0,1,1,1,1,1,1,1,1,0,0,0,0,0,0,0,0
2008-02-09 12:45:00+00:00,30,2,12,,,0,0,0,0,0,0,0,0,0,0,0,0,0,0,0,0,0,0,0,0,0,0,0,0,0
2008-02-09 12:45:00+00:00,30,2,12,346.66607666015625,424.0645751953125,0,0,0,0,0,0,0,0,0,0,0,0,0,0,0,0,1,0,0,0,0,0,0,0,0
2008-02-09 12:45:00+00:00,30,2,12,,,0,0,0,0,0,0,0,0,0,0,0,0,0,0,0,0,0,0,0,0,0,0,0,0,0
2008-02-09 12:45:00+00:00,30,2,12,,,0,0,0,0,0,0,0,0,0,0,0,0,0,0,0,0,0,0,0,0,0,0,0,0,0
2008-02-09 13:00:00+00:00,30,2,13,55.84315490722656,45.649879455566406,0,0,0,0,0,0,0,1,1,1,1,1,1,1,1,1,1,0,0,0,0,0,0,1,1
2008-02-09 13:00:00+00:00,30,2,13,232.12387084960938,217.6190185546875,0,0,0,0,0,0,0,0,0,0,0,0,0,0,1,1,1,0,0,0,0,0,0,0,0
2008-02-09 13:00:00+00:00,30,2,13,114.58963775634766,62.74803161621094,0,0,0,0,0,0,0,0,0,0,1,1,1,1,1,1,1,0,0,0,0,0,0,0,0
2008-02-09 13:00:00+00:00,30,2,13,314.3543395996094,350.7034912109375,0,0,0,0,0,0,0,0,0,0,0,0,0,0,0,0,1,0,0,0,0,0,0,0,0
2008-02-09 13:00:00+00:00,30,2,13,260.2540588378906,346.19305419921875,0,0,0,0,0,0,0,0,0,0,0,0,0,0,0,1,1,0,0,0,0,0,0,0,0
2008-02-09 13:00:00+00:00,30,2,13,93.2261734008789,58.37453842163086,0,0,0,0,0,0,0,0,0,1,1,1,1,1,1,1,1,0,0,0,0,0,0,0,1
2008-02-09 13:00:00+00:00,30,2,13,294.2906799316406,70.39613342285156,0,0,0,0,0,0,0,0,0,0,0,0,0,0,0,1,1,0,0,0,0,0,0,0,0
2008-02-09 13:00:00+00:00,30,2,13,327.1794128417969,316.5184020996094,0,0,0,0,0,0,0,0,0,0,0,0,0,0,0,0,1,0,0,0,0,0,0,0,0
2008-02-09 13:00:00+00:00,30,2,13,,,0,0,0,0,0,0,0,0,0,0,0,0,0,0,0,0,0,0,0,0,0,0,0,0,0
2008-02-09 13:15:00+00:00,30,2,13,431.1207580566406,277.52520751953125,0,0,0,0,0,0,0,0,0,0,0,0,0,0,0,0,0,0,0,0,0,0,0,0,0
2008-02-09 13:15:00+00:00,30,2,13,115.43758392333984,126.51869201660156,0,0,0,0,0,0,0,0,0,0,1,1,1,1,1,1,1,0,0,0,0,0,0,0,0
2008-02-09 13:15:00+00:00,30,2,13,82.65264892578125,54.63132858276367,0,0,0,0,0,0,0,0,0,1,1,1,1,1,1,1,1,0,0,0,0,0,0,0,1
2008-02-09 13:15:00+00:00,30,2,13,209.61842346191406,331.47906494140625,0,0,0,0,0,0,0,0,0,0,0,0,0,0,1,1,1,0,0,0,0,0,0,0,0
2008-02-09 13:15:00+00:00,30,2,13,309.70703125,136.41635131835938,0,0,0,0,0,0,0,0,0,0,0,0,0,0,0,0,1,0,0,0,0,0,0,0,0
2008-02-09 13:15:00+00:00,30,2,13,,,0,0,0,0,0,0,0,0,0,0,0,0,0,0,0,0,0,0,0,0,0,0,0,0,0
2008-02-09 13:15:00+00:00,30,2,13,285.0420837402344,247.37078857421875,0,0,0,0,0,0,0,0,0,0,0,0,0,0,0,1,1,0,0,0,0,0,0,0,0
2008-02-09 13:15:00+00:00,30,2,13,89.47773742675781,65.74191284179688,0,0,0,0,0,0,0,0,0,1,1,1,1,1,1,1,1,0,0,0,0,0,0,0,0
2008-02-09 13:15:00+00:00,30,2,13,297.8507385253906,282.13592529296875,0,0,0,0,0,0,0,0,0,0,0,0,0,0,0,1,1,0,0,0,0,0,0,0,0
2008-02-09 13:15:00+00:00,30,2,13,237.41989135742188,212.689453125,0,0,0,0,0,0,0,0,0,0,0,0,0,0,1,1,1,0,0,0,0,0,0,0,0
2008-02-09 13:15:00+00:00,30,2,13,49.50484085083008,19.190837860107422,0,0,0,0,0,0,1,1,1,1,1,1,1,1,1,1,1,0,0,1,1,1,1,1,1
2008-02-09 13:15:00+00:00,30,2,13,,,0,0,0,0,0,0,0,0,0,0,0,0,0,0,0,0,0,0,0,0,0,0,0,0,0
2008-02-09 13:15:00+00:00,30,2,13,,,0,0,0,0,0,0,0,0,0,0,0,0,0,0,0,0,0,0,0,0,0,0,0,0,0
2008-02-09 13:30:00+00:00,30,2,13,,,0,0,0,0,0,0,0,0,0,0,0,0,0,0,0,0,0,0,0,0,0,0,0,0,0
2008-02-09 13:30:00+00:00,30,2,13,187.52880859375,111.77108764648438,0,0,0,0,0,0,0,0,0,0,0,0,0,1,1,1,1,0,0,0,0,0,0,0,0
2008-02-09 13:30:00+00:00,30,2,13,86.02216339111328,174.83648681640625,0,0,0,0,0,0,0,0,0,1,1,1,1,1,1,1,1,0,0,0,0,0,0,0,0
2008-02-09 13:30:00+00:00,30,2,13,294.69830322265625,290.96484375,0,0,0,0,0,0,0,0,0,0,0,0,0,0,0,1,1,0,0,0,0,0,0,0,0
2008-02-09 13:30:00+00:00,30,2,13,328.2825622558594,308.7796936035156,0,0,0,0,0,0,0,0,0,0,0,0,0,0,0,0,1,0,0,0,0,0,0,0,0
2008-02-09 13:30:00+00:00,30,2,13,134.63829040527344,121.81282043457031,0,0,0,0,0,0,0,0,0,0,0,1,1,1,1,1,1,0,0,0,0,0,0,0,0
2008-02-09 13:30:00+00:00,30,2,13,,,0,0,0,0,0,0,0,0,0,0,0,0,0,0,0,0,0,0,0,0,0,0,0,0,0
2008-02-09 13:30:00+00:00,30,2,13,252.85333251953125,148.7106475830078,0,0,0,0,0,0,0,0,0,0,0,0,0,0,0,1,1,0,0,0,0,0,0,0,0
2008-02-09 13:30:00+00:00,30,2,13,202.61988830566406,168.47203063964844,0,0,0,0,0,0,0,0,0,0,0,0,0,0,1,1,1,0,0,0,0,0,0,0,0
2008-02-09 13:30:00+00:00,30,2,13,,402.0655212402344,0,0,0,0,0,0,0,0,0,0,0,0,0,0,0,0,0,0,0,0,0,0,0,0,0
2008-02-09 13:30:00+00:00,30,2,13,243.65174865722656,224.10763549804688,0,0,0,0,0,0,0,0,0,0,0,0,0,0,1,1,1,0,0,0,0,0,0,0,0
2008-02-09 13:30:00+00:00,30,2,13,147.4075927734375,111.35371398925781,0,0,0,0,0,0,0,0,0,0,0,1,1,1,1,1,1,0,0,0,0,0,0,0,0
2008-02-09 13:30:00+00:00,30,2,13,145.3675079345703,58.14151382446289,0,0,0,0,0,0,0,0,0,0,0,1,1,1,1,1,1,0,0,0,0,0,0,0,1
2008-02-09 13:30:00+00:00,30,2,13,,,0,0,0,0,0,0,0,0,0,0,0,0,0,0,0,0,0,0,0,0,0,0,0,0,0
2008-02-09 13:30:00+00:00,30,2,13,,,0,0,0,0,0,0,0,0,0,0,0,0,0,0,0,0,0,0,0,0,0,0,0,0,0
2008-02-09 13:30:00+00:00,30,2,13,,,0,0,0,0,0,0,0,0,0,0,0,0,0,0,0,0,0,0,0,0,0,0,0,0,0
2008-02-09 13:45:00+00:00,30,2,13,,,0,0,0,0,0,0,0,0,0,0,0,0,0,0,0,0,0,0,0,0,0,0,0,0,0
2008-02-09 13:45:00+00:00,30,2,13,85.69384765625,95.58355712890625,0,0,0,0,0,0,0,0,0,1,1,1,1,1,1,1,1,0,0,0,0,0,0,0,0
2008-02-09 13:45:00+00:00,30,2,13,93.08316040039062,103.06468963623047,0,0,0,0,0,0,0,0,0,1,1,1,1,1,1,1,1,0,0,0,0,0,0,0,0
2008-02-09 13:45:00+00:00,30,2,13,256.6707458496094,240.6614532470703,0,0,0,0,0,0,0,0,0,0,0,0,0,0,0,1,1,0,0,0,0,0,0,0,0
2008-02-09 13:45:00+00:00,30,2,13,124.71863555908203,86.43152618408203,0,0,0,0,0,0,0,0,0,0,0,1,1,1,1,1,1,0,0,0,0,0,0,0,0
2008-02-09 13:45:00+00:00,30,2,13,164.866943359375,159.7682647705078,0,0,0,0,0,0,0,0,0,0,0,0,1,1,1,1,1,0,0,0,0,0,0,0,0
2008-02-09 13:45:00+00:00,30,2,13,210.16958618164062,61.890865325927734,0,0,0,0,0,0,0,0,0,0,0,0,0,0,1,1,1,0,0,0,0,0,0,0,0
2008-02-09 13:45:00+00:00,30,2,13,,,0,0,0,0,0,0,0,0,0,0,0,0,0,0,0,0,0,0,0,0,0,0,0,0,0
2008-02-09 13:45:00+00:00,30,2,13,53.14699935913086,56.79358673095703,0,0,0,0,0,0,0,1,1,1,1,1,1,1,1,1,1,0,0,0,0,0,0,0,1
2008-02-09 13:45:00+00:00,30,2,13,286.935302734375,295.2932434082031,0,0,0,0,0,0,0,0,0,0,0,0,0,0,0,1,1,0,0,0,0,0,0,0,0
2008-02-09 13:45:00+00:00,30,2,13,,,0,0,0,0,0,0,0,0,0,0,0,0,0,0,0,0,0,0,0,0,0,0,0,0,0
2008-02-09 14:00:00+00:00,30,2,14,79.79463958740234,74.93995666503906,0,0,0,0,0,0,0,0,1,1,1,1,1,1,1,1,1,0,0,0,0,0,0,0,0
2008-02-09 14:00:00+00:00,30,2,14,95.3046875,212.3116455078125,0,0,0,0,0,0,0,0,0,1,1,1,1,1,1,1,1,0,0,0,0,0,0,0,0
2008-02-09 14:00:00+00:00,30,2,14,154.0841827392578,188.73789978027344,0,0,0,0,0,0,0,0,0,0,0,0,1,1,1,1,1,0,0,0,0,0,0,0,0
2008-02-09 14:00:00+00:00,30,2,14,,,0,0,0,0,0,0,0,0,0,0,0,0,0,0,0,0,0,0,0,0,0,0,0,0,0
2008-02-09 14:15:00+00:00,30,2,14,452.5068054199219,,0,0,0,0,0,0,0,0,0,0,0,0,0,0,0,0,0,0,0,0,0,0,0,0,0
2008-02-09 14:15:00+00:00,30,2,14,42.192440032958984,52.92133712768555,0,0,0,0,0,0,1,1,1,1,1,1,1,1,1,1,1,0,0,0,0,0,0,0,1
2008-02-09 14:15:00+00:00,30,2,14,,49.10637283325195,0,0,0,0,0,0,0,0,0,0,0,0,0,0,0,0,0,0,0,0,0,0,0,1,1
2008-02-09 14:15:00+00:00,30,2,14,86.72969818115234,221.89224243164062,0,0,0,0,0,0,0,0,0,1,1,1,1,1,1,1,1,0,0,0,0,0,0,0,0
2008-02-09 14:15:00+00:00,30,2,14,,354.4386901855469,0,0,0,0,0,0,0,0,0,0,0,0,0,0,0,0,0,0,0,0,0,0,0,0,0
2008-02-09 14:15:00+00:00,30,2,14,353.7235412597656,329.43212890625,0,0,0,0,0,0,0,0,0,0,0,0,0,0,0,0,0,0,0,0,0,0,0,0,0
2008-02-09 14:15:00+00:00,30,2,14,62.399871826171875,56.174068450927734,0,0,0,0,0,0,0,0,1,1,1,1,1,1,1,1,1,0,0,0,0,0,0,0,1
2008-02-09 14:15:00+00:00,30,2,14,142.7683563232422,9.982440948486328,0,0,0,0,0,0,0,0,0,0,0,1,1,1,1,1,1,1,1,1,1,1,1,1,1
2008-02-09 14:15:00+00:00,30,2,14,258.9978332519531,261.056396484375,0,0,0,0,0,0,0,0,0,0,0,0,0,0,0,1,1,0,0,0,0,0,0,0,0
2008-02-09 14:30:00+00:00,30,2,14,292.1064453125,254.9113311767578,0,0,0,0,0,0,0,0,0,0,0,0,0,0,0,1,1,0,0,0,0,0,0,0,0
2008-02-09 14:30:00+00:00,30,2,14,141.95147705078125,89.1579818725586,0,0,0,0,0,0,0,0,0,0,0,1,1,1,1,1,1,0,0,0,0,0,0,0,0
2008-02-09 14:30:00+00:00,30,2,14,387.1947326660156,297.5550842285156,0,0,0,0,0,0,0,0,0,0,0,0,0,0,0,0,0,0,0,0,0,0,0,0,0
2008-02-09 14:30:00+00:00,30,2,14,274.99609375,261.36572265625,0,0,0,0,0,0,0,0,0,0,0,0,0,0,0,1,1,0,0,0,0,0,0,0,0
2008-02-09 14:30:00+00:00,30,2,14,191.2012939453125,177.89102172851562,0,0,0,0,0,0,0,0,0,0,0,0,0,1,1,1,1,0,0,0,0,0,0,0,0
2008-02-09 14:30:00+00:00,30,2,14,300.2350158691406,306.7123107910156,0,0,0,0,0,0,0,0,0,0,0,0,0,0,0,0,1,0,0,0,0,0,0,0,0
2008-02-09 14:30:00+00:00,30,2,14,572.2528076171875,554.8737182617188,0,0,0,0,0,0,0,0,0,0,0,0,0,0,0,0,0,0,0,0,0,0,0,0,0
2008-02-09 14:45:00+00:00,30,2,14,,,0,0,0,0,0,0,0,0,0,0,0,0,0,0,0,0,0,0,0,0,0,0,0,0,0
2008-02-09 14:45:00+00:00,30,2,14,170.67539978027344,176.51434326171875,0,0,0,0,0,0,0,0,0,0,0,0,1,1,1,1,1,0,0,0,0,0,0,0,0
2008-02-09 14:45:00+00:00,30,2,14,227.1728057861328,155.37103271484375,0,0,0,0,0,0,0,0,0,0,0,0,0,0,1,1,1,0,0,0,0,0,0,0,0
2008-02-09 14:45:00+00:00,30,2,14,400.0320129394531,372.97637939453125,0,0,0,0,0,0,0,0,0,0,0,0,0,0,0,0,0,0,0,0,0,0,0,0,0
2008-02-09 14:45:00+00:00,30,2,14,253.19142150878906,226.72927856445312,0,0,0,0,0,0,0,0,0,0,0,0,0,0,0,1,1,0,0,0,0,0,0,0,0
2008-02-09 14:45:00+00:00,30,2,14,137.0728302001953,249.84141540527344,0,0,0,0,0,0,0,0,0,0,0,1,1,1,1,1,1,0,0,0,0,0,0,0,0
2008-02-09 14:45:00+00:00,30,2,14,55.5896110534668,3.0385360717773438,0,0,0,0,0,0,0,1,1,1,1,1,1,1,1,1,1,1,1,1,1,1,1,1,1
2008-02-09 14:45:00+00:00,30,2,14,150.9004364013672,114.9311752319336,0,0,0,0,0,0,0,0,0,0,0,0,1,1,1,1,1,0,0,0,0,0,0,0,0
2008-02-09 15:00:00+00:00,30,2,15,423.3013000488281,,0,0,0,0,0,0,0,0,0,0,0,0,0,0,0,0,0,0,0,0,0,0,0,0,0
2008-02-09 15:00:00+00:00,30,2,15,364.96209716796875,375.80340576171875,0,0,0,0,0,0,0,0,0,0,0,0,0,0,0,0,0,0,0,0,0,0,0,0,0
2008-02-09 15:00:00+00:00,30,2,15,182.941650390625,432.19451904296875,0,0,0,0,0,0,0,0,0,0,0,0,0,1,1,1,1,0,0,0,0,0,0,0,0
2008-02-09 15:00:00+00:00,30,2,15,122.15314483642578,165.47244262695312,0,0,0,0,0,0,0,0,0,0,0,1,1,1,1,1,1,0,0,0,0,0,0,0,0
2008-02-09 15:00:00+00:00,30,2,15,159.94349670410156,140.8901824951172,0,0,0,0,0,0,0,0,0,0,0,0,1,1,1,1,1,0,0,0,0,0,0,0,0
2008-02-09 15:00:00+00:00,30,2,15,128.46546936035156,111.9180679321289,0,0,0,0,0,0,0,0,0,0,0,1,1,1,1,1,1,0,0,0,0,0,0,0,0
2008-02-09 15:15:00+00:00,30,2,15,,,0,0,0,0,0,0,0,0,0,0,0,0,0,0,0,0,0,0,0,0,0,0,0,0,0
2008-02-09 15:15:00+00:00,30,2,15,,,0,0,0,0,0,0,0,0,0,0,0,0,0,0,0,0,0,0,0,0,0,0,0,0,0
2008-02-09 15:15:00+00:00,30,2,15,411.9515075683594,414.50274658203125,0,0,0,0,0,0,0,0,0,0,0,0,0,0,0,0,0,0,0,0,0,0,0,0,0
2008-02-09 15:15:00+00:00,30,2,15,202.39590454101562,198.22531127929688,0,0,0,0,0,0,0,0,0,0,0,0,0,0,1,1,1,0,0,0,0,0,0,0,0
2008-02-09 15:15:00+00:00,30,2,15,209.1069793701172,208.4237823486328,0,0,0,0,0,0,0,0,0,0,0,0,0,0,1,1,1,0,0,0,0,0,0,0,0
2008-02-09 15:15:00+00:00,30,2,15,276.2784729003906,264.0729064941406,0,0,0,0,0,0,0,0,0,0,0,0,0,0,0,1,1,0,0,0,0,0,0,0,0
2008-02-09 15:15:00+00:00,30,2,15,301.4609680175781,138.83592224121094,0,0,0,0,0,0,0,0,0,0,0,0,0,0,0,0,1,0,0,0,0,0,0,0,0
2008-02-09 15:15:00+00:00,30,2,15,228.86512756347656,179.56846618652344,0,0,0,0,0,0,0,0,0,0,0,0,0,0,1,1,1,0,0,0,0,0,0,0,0
2008-02-09 15:15:00+00:00,30,2,15,385.9413757324219,394.2515869140625,0,0,0,0,0,0,0,0,0,0,0,0,0,0,0,0,0,0,0,0,0,0,0,0,0
2008-02-09 15:15:00+00:00,30,2,15,109.8165283203125,204.04327392578125,0,0,0,0,0,0,0,0,0,0,1,1,1,1,1,1,1,0,0,0,0,0,0,0,0
2008-02-09 15:15:00+00:00,30,2,15,,,0,0,0,0,0,0,0,0,0,0,0,0,0,0,0,0,0,0,0,0,0,0,0,0,0
2008-02-09 15:15:00+00:00,30,2,15,,,0,0,0,0,0,0,0,0,0,0,0,0,0,0,0,0,0,0,0,0,0,0,0,0,0
2008-02-09 15:30:00+00:00,30,2,15,138.0541229248047,101.26952362060547,0,0,0,0,0,0,0,0,0,0,0,1,1,1,1,1,1,0,0,0,0,0,0,0,0
2008-02-09 15:30:00+00:00,30,2,15,271.6057434082031,281.0098876953125,0,0,0,0,0,0,0,0,0,0,0,0,0,0,0,1,1,0,0,0,0,0,0,0,0
2008-02-09 15:30:00+00:00,30,2,15,146.5715789794922,285.15966796875,0,0,0,0,0,0,0,0,0,0,0,1,1,1,1,1,1,0,0,0,0,0,0,0,0
2008-02-09 15:30:00+00:00,30,2,15,258.3847351074219,88.58572387695312,0,0,0,0,0,0,0,0,0,0,0,0,0,0,0,1,1,0,0,0,0,0,0,0,0
2008-02-09 15:30:00+00:00,30,2,15,360.621826171875,170.6786651611328,0,0,0,0,0,0,0,0,0,0,0,0,0,0,0,0,0,0,0,0,0,0,0,0,0
2008-02-09 15:30:00+00:00,30,2,15,,305.8838195800781,0,0,0,0,0,0,0,0,0,0,0,0,0,0,0,0,0,0,0,0,0,0,0,0,0
2008-02-09 15:30:00+00:00,30,2,15,,302.8960266113281,0,0,0,0,0,0,0,0,0,0,0,0,0,0,0,0,0,0,0,0,0,0,0,0,0
2008-02-09 15:45:00+00:00,30,2,15,169.48590087890625,170.18157958984375,0,0,0,0,0,0,0,0,0,0,0,0,1,1,1,1,1,0,0,0,0,0,0,0,0
2008-02-09 15:45:00+00:00,30,2,15,186.75997924804688,170.35855102539062,0,0,0,0,0,0,0,0,0,0,0,0,0,1,1,1,1,0,0,0,0,0,0,0,0
2008-02-09 15:45:00+00:00,30,2,15,424.1612854003906,53.95659637451172,0,0,0,0,0,0,0,0,0,0,0,0,0,0,0,0,0,0,0,0,0,0,0,0,1
2008-02-09 15:45:00+00:00,30,2,15,371.6333312988281,81.25772857666016,0,0,0,0,0,0,0,0,0,0,0,0,0,0,0,0,0,0,0,0,0,0,0,0,0
2008-02-09 15:45:00+00:00,30,2,15,154.3742218017578,151.97105407714844,0,0,0,0,0,0,0,0,0,0,0,0,1,1,1,1,1,0,0,0,0,0,0,0,0
2008-02-09 15:45:00+00:00,30,2,15,165.68460083007812,7.235849857330322,0,0,0,0,0,0,0,0,0,0,0,0,1,1,1,1,1,1,1,1,1,1,1,1,1
2008-02-09 15:45:00+00:00,30,2,15,199.19680786132812,212.64842224121094,0,0,0,0,0,0,0,0,0,0,0,0,0,1,1,1,1,0,0,0,0,0,0,0,0
2008-02-09 15:45:00+00:00,30,2,15,208.81600952148438,205.03955078125,0,0,0,0,0,0,0,0,0,0,0,0,0,0,1,1,1,0,0,0,0,0,0,0,0
2008-02-09 16:00:00+00:00,30,2,16,96.30903625488281,172.3361053466797,0,0,0,0,0,0,0,0,0,1,1,1,1,1,1,1,1,0,0,0,0,0,0,0,0
2008-02-09 16:00:00+00:00,30,2,16,,,0,0,0,0,0,0,0,0,0,0,0,0,0,0,0,0,0,0,0,0,0,0,0,0,0
2008-02-09 16:15:00+00:00,30,2,16,217.1455078125,250.51174926757812,0,0,0,0,0,0,0,0,0,0,0,0,0,0,1,1,1,0,0,0,0,0,0,0,0
2008-02-09 16:15:00+00:00,30,2,16,392.11602783203125,382.95281982421875,0,0,0,0,0,0,0,0,0,0,0,0,0,0,0,0,0,0,0,0,0,0,0,0,0
2008-02-09 16:15:00+00:00,30,2,16,,,0,0,0,0,0,0,0,0,0,0,0,0,0,0,0,0,0,0,0,0,0,0,0,0,0
2008-02-09 16:30:00+00:00,30,2,16,232.615234375,223.54759216308594,0,0,0,0,0,0,0,0,0,0,0,0,0,0,1,1,1,0,0,0,0,0,0,0,0
2008-02-09 16:30:00+00:00,30,2,16,121.19422149658203,97.81954956054688,0,0,0,0,0,0,0,0,0,0,0,1,1,1,1,1,1,0,0,0,0,0,0,0,0
2008-02-09 16:30:00+00:00,30,2,16,,,0,0,0,0,0,0,0,0,0,0,0,0,0,0,0,0,0,0,0,0,0,0,0,0,0
2008-02-09 16:30:00+00:00,30,2,16,,,0,0,0,0,0,0,0,0,0,0,0,0,0,0,0,0,0,0,0,0,0,0,0,0,0
2008-02-09 16:45:00+00:00,30,2,16,288.6947021484375,221.11679077148438,0,0,0,0,0,0,0,0,0,0,0,0,0,0,0,1,1,0,0,0,0,0,0,0,0
2008-02-09 17:00:00+00:00,30,2,17,139.50433349609375,149.28155517578125,0,0,0,0,0,0,0,0,0,0,0,1,1,1,1,1,1,0,0,0,0,0,0,0,0
2008-02-09 17:00:00+00:00,30,2,17,,,0,0,0,0,0,0,0,0,0,0,0,0,0,0,0,0,0,0,0,0,0,0,0,0,0
2008-02-09 17:15:00+00:00,30,2,17,,,0,0,0,0,0,0,0,0,0,0,0,0,0,0,0,0,0,0,0,0,0,0,0,0,0
2008-02-09 17:15:00+00:00,30,2,17,468.482421875,,0,0,0,0,0,0,0,0,0,0,0,0,0,0,0,0,0,0,0,0,0,0,0,0,0
2008-02-09 17:15:00+00:00,30,2,17,180.81260681152344,95.13169860839844,0,0,0,0,0,0,0,0,0,0,0,0,0,1,1,1,1,0,0,0,0,0,0,0,0
2008-02-09 17:15:00+00:00,30,2,17,,,0,0,0,0,0,0,0,0,0,0,0,0,0,0,0,0,0,0,0,0,0,0,0,0,0
2008-02-09 17:15:00+00:00,30,2,17,,,0,0,0,0,0,0,0,0,0,0,0,0,0,0,0,0,0,0,0,0,0,0,0,0,0
2008-02-09 17:30:00+00:00,30,2,17,337.6097106933594,229.97157287597656,0,0,0,0,0,0,0,0,0,0,0,0,0,0,0,0,1,0,0,0,0,0,0,0,0
2008-02-09 17:30:00+00:00,30,2,17,39.694053649902344,346.7371520996094,0,0,0,0,0,1,1,1,1,1,1,1,1,1,1,1,1,0,0,0,0,0,0,0,0
2008-02-09 17:30:00+00:00,30,2,17,,,0,0,0,0,0,0,0,0,0,0,0,0,0,0,0,0,0,0,0,0,0,0,0,0,0
2008-02-09 17:45:00+00:00,30,2,17,89.65776824951172,74.35572814941406,0,0,0,0,0,0,0,0,0,1,1,1,1,1,1,1,1,0,0,0,0,0,0,0,0
2008-02-09 17:45:00+00:00,30,2,17,247.9566192626953,253.0497283935547,0,0,0,0,0,0,0,0,0,0,0,0,0,0,1,1,1,0,0,0,0,0,0,0,0
2008-02-13 10:00:00+00:00,30,2,10,,,0,0,0,0,0,0,0,0,0,0,0,0,0,0,0,0,0,0,0,0,0,0,0,0,0
2008-02-13 10:00:00+00:00,30,2,10,,,0,0,0,0,0,0,0,0,0,0,0,0,0,0,0,0,0,0,0,0,0,0,0,0,0
2008-02-13 10:00:00+00:00,30,2,10,,,0,0,0,0,0,0,0,0,0,0,0,0,0,0,0,0,0,0,0,0,0,0,0,0,0
2008-02-13 10:00:00+00:00,30,2,10,,,0,0,0,0,0,0,0,0,0,0,0,0,0,0,0,0,0,0,0,0,0,0,0,0,0
2008-02-13 10:00:00+00:00,30,2,10,,,0,0,0,0,0,0,0,0,0,0,0,0,0,0,0,0,0,0,0,0,0,0,0,0,0
2008-02-13 10:00:00+00:00,30,2,10,,,0,0,0,0,0,0,0,0,0,0,0,0,0,0,0,0,0,0,0,0,0,0,0,0,0
2008-02-13 10:00:00+00:00,30,2,10,,,0,0,0,0,0,0,0,0,0,0,0,0,0,0,0,0,0,0,0,0,0,0,0,0,0
2008-02-13 10:00:00+00:00,30,2,10,,,0,0,0,0,0,0,0,0,0,0,0,0,0,0,0,0,0,0,0,0,0,0,0,0,0
2008-02-13 10:00:00+00:00,30,2,10,,,0,0,0,0,0,0,0,0,0,0,0,0,0,0,0,0,0,0,0,0,0,0,0,0,0
2008-02-13 10:00:00+00:00,30,2,10,,,0,0,0,0,0,0,0,0,0,0,0,0,0,0,0,0,0,0,0,0,0,0,0,0,0
2008-02-13 10:00:00+00:00,30,2,10,,,0,0,0,0,0,0,0,0,0,0,0,0,0,0,0,0,0,0,0,0,0,0,0,0,0
2008-02-13 10:00:00+00:00,30,2,10,,,0,0,0,0,0,0,0,0,0,0,0,0,0,0,0,0,0,0,0,0,0,0,0,0,0
2008-02-13 10:00:00+00:00,30,2,10,,,0,0,0,0,0,0,0,0,0,0,0,0,0,0,0,0,0,0,0,0,0,0,0,0,0
2008-02-13 10:15:00+00:00,30,2,10,,,0,0,0,0,0,0,0,0,0,0,0,0,0,0,0,0,0,0,0,0,0,0,0,0,0
2008-02-13 10:15:00+00:00,30,2,10,,,0,0,0,0,0,0,0,0,0,0,0,0,0,0,0,0,0,0,0,0,0,0,0,0,0
2008-02-13 10:15:00+00:00,30,2,10,,,0,0,0,0,0,0,0,0,0,0,0,0,0,0,0,0,0,0,0,0,0,0,0,0,0
2008-02-13 10:15:00+00:00,30,2,10,,,0,0,0,0,0,0,0,0,0,0,0,0,0,0,0,0,0,0,0,0,0,0,0,0,0
2008-02-13 10:15:00+00:00,30,2,10,,,0,0,0,0,0,0,0,0,0,0,0,0,0,0,0,0,0,0,0,0,0,0,0,0,0
2008-02-13 10:15:00+00:00,30,2,10,,498.0863952636719,0,0,0,0,0,0,0,0,0,0,0,0,0,0,0,0,0,0,0,0,0,0,0,0,0
2008-02-13 10:15:00+00:00,30,2,10,,,0,0,0,0,0,0,0,0,0,0,0,0,0,0,0,0,0,0,0,0,0,0,0,0,0
2008-02-13 10:15:00+00:00,30,2,10,,,0,0,0,0,0,0,0,0,0,0,0,0,0,0,0,0,0,0,0,0,0,0,0,0,0
2008-02-13 10:15:00+00:00,30,2,10,,,0,0,0,0,0,0,0,0,0,0,0,0,0,0,0,0,0,0,0,0,0,0,0,0,0
2008-02-13 10:15:00+00:00,30,2,10,,,0,0,0,0,0,0,0,0,0,0,0,0,0,0,0,0,0,0,0,0,0,0,0,0,0
2008-02-13 10:30:00+00:00,30,2,10,,,0,0,0,0,0,0,0,0,0,0,0,0,0,0,0,0,0,0,0,0,0,0,0,0,0
2008-02-13 10:30:00+00:00,30,2,10,,,0,0,0,0,0,0,0,0,0,0,0,0,0,0,0,0,0,0,0,0,0,0,0,0,0
2008-02-13 10:30:00+00:00,30,2,10,,,0,0,0,0,0,0,0,0,0,0,0,0,0,0,0,0,0,0,0,0,0,0,0,0,0
2008-02-13 10:30:00+00:00,30,2,10,,,0,0,0,0,0,0,0,0,0,0,0,0,0,0,0,0,0,0,0,0,0,0,0,0,0
2008-02-13 10:30:00+00:00,30,2,10,,,0,0,0,0,0,0,0,0,0,0,0,0,0,0,0,0,0,0,0,0,0,0,0,0,0
2008-02-13 10:30:00+00:00,30,2,10,,,0,0,0,0,0,0,0,0,0,0,0,0,0,0,0,0,0,0,0,0,0,0,0,0,0
2008-02-13 10:30:00+00:00,30,2,10,,,0,0,0,0,0,0,0,0,0,0,0,0,0,0,0,0,0,0,0,0,0,0,0,0,0
2008-02-13 10:30:00+00:00,30,2,10,,,0,0,0,0,0,0,0,0,0,0,0,0,0,0,0,0,0,0,0,0,0,0,0,0,0
2008-02-13 10:30:00+00:00,30,2,10,,,0,0,0,0,0,0,0,0,0,0,0,0,0,0,0,0,0,0,0,0,0,0,0,0,0
2008-02-13 10:30:00+00:00,30,2,10,498.6379699707031,466.40667724609375,0,0,0,0,0,0,0,0,0,0,0,0,0,0,0,0,0,0,0,0,0,0,0,0,0
2008-02-13 10:30:00+00:00,30,2,10,,,0,0,0,0,0,0,0,0,0,0,0,0,0,0,0,0,0,0,0,0,0,0,0,0,0
2008-02-13 10:30:00+00:00,30,2,10,,,0,0,0,0,0,0,0,0,0,0,0,0,0,0,0,0,0,0,0,0,0,0,0,0,0
2008-02-13 10:30:00+00:00,30,2,10,,,0,0,0,0,0,0,0,0,0,0,0,0,0,0,0,0,0,0,0,0,0,0,0,0,0
2008-02-13 10:30:00+00:00,30,2,10,,,0,0,0,0,0,0,0,0,0,0,0,0,0,0,0,0,0,0,0,0,0,0,0,0,0
2008-02-13 10:30:00+00:00,30,2,10,,,0,0,0,0,0,0,0,0,0,0,0,0,0,0,0,0,0,0,0,0,0,0,0,0,0
2008-02-13 10:30:00+00:00,30,2,10,,,0,0,0,0,0,0,0,0,0,0,0,0,0,0,0,0,0,0,0,0,0,0,0,0,0
2008-02-13 10:30:00+00:00,30,2,10,,,0,0,0,0,0,0,0,0,0,0,0,0,0,0,0,0,0,0,0,0,0,0,0,0,0
2008-02-13 10:30:00+00:00,30,2,10,,,0,0,0,0,0,0,0,0,0,0,0,0,0,0,0,0,0,0,0,0,0,0,0,0,0
2008-02-13 10:30:00+00:00,30,2,10,,,0,0,0,0,0,0,0,0,0,0,0,0,0,0,0,0,0,0,0,0,0,0,0,0,0
2008-02-13 10:30:00+00:00,30,2,10,,,0,0,0,0,0,0,0,0,0,0,0,0,0,0,0,0,0,0,0,0,0,0,0,0,0
2008-02-13 10:45:00+00:00,30,2,10,,,0,0,0,0,0,0,0,0,0,0,0,0,0,0,0,0,0,0,0,0,0,0,0,0,0
2008-02-13 10:45:00+00:00,30,2,10,,,0,0,0,0,0,0,0,0,0,0,0,0,0,0,0,0,0,0,0,0,0,0,0,0,0
2008-02-13 10:45:00+00:00,30,2,10,,,0,0,0,0,0,0,0,0,0,0,0,0,0,0,0,0,0,0,0,0,0,0,0,0,0
2008-02-13 10:45:00+00:00,30,2,10,,,0,0,0,0,0,0,0,0,0,0,0,0,0,0,0,0,0,0,0,0,0,0,0,0,0
2008-02-13 10:45:00+00:00,30,2,10,,,0,0,0,0,0,0,0,0,0,0,0,0,0,0,0,0,0,0,0,0,0,0,0,0,0
2008-02-13 10:45:00+00:00,30,2,10,,,0,0,0,0,0,0,0,0,0,0,0,0,0,0,0,0,0,0,0,0,0,0,0,0,0
2008-02-13 10:45:00+00:00,30,2,10,,,0,0,0,0,0,0,0,0,0,0,0,0,0,0,0,0,0,0,0,0,0,0,0,0,0
2008-02-13 10:45:00+00:00,30,2,10,,,0,0,0,0,0,0,0,0,0,0,0,0,0,0,0,0,0,0,0,0,0,0,0,0,0
2008-02-13 10:45:00+00:00,30,2,10,,,0,0,0,0,0,0,0,0,0,0,0,0,0,0,0,0,0,0,0,0,0,0,0,0,0
2008-02-13 10:45:00+00:00,30,2,10,,,0,0,0,0,0,0,0,0,0,0,0,0,0,0,0,0,0,0,0,0,0,0,0,0,0
2008-02-13 10:45:00+00:00,30,2,10,,,0,0,0,0,0,0,0,0,0,0,0,0,0,0,0,0,0,0,0,0,0,0,0,0,0
2008-02-13 10:45:00+00:00,30,2,10,,,0,0,0,0,0,0,0,0,0,0,0,0,0,0,0,0,0,0,0,0,0,0,0,0,0
2008-02-13 10:45:00+00:00,30,2,10,,,0,0,0,0,0,0,0,0,0,0,0,0,0,0,0,0,0,0,0,0,0,0,0,0,0
2008-02-13 10:45:00+00:00,30,2,10,,,0,0,0,0,0,0,0,0,0,0,0,0,0,0,0,0,0,0,0,0,0,0,0,0,0
2008-02-13 10:45:00+00:00,30,2,10,,,0,0,0,0,0,0,0,0,0,0,0,0,0,0,0,0,0,0,0,0,0,0,0,0,0
2008-02-13 10:45:00+00:00,30,2,10,,,0,0,0,0,0,0,0,0,0,0,0,0,0,0,0,0,0,0,0,0,0,0,0,0,0
2008-02-13 10:45:00+00:00,30,2,10,,,0,0,0,0,0,0,0,0,0,0,0,0,0,0,0,0,0,0,0,0,0,0,0,0,0
2008-02-13 10:45:00+00:00,30,2,10,,,0,0,0,0,0,0,0,0,0,0,0,0,0,0,0,0,0,0,0,0,0,0,0,0,0
2008-02-13 10:45:00+00:00,30,2,10,,,0,0,0,0,0,0,0,0,0,0,0,0,0,0,0,0,0,0,0,0,0,0,0,0,0
2008-02-13 10:45:00+00:00,30,2,10,,,0,0,0,0,0,0,0,0,0,0,0,0,0,0,0,0,0,0,0,0,0,0,0,0,0
2008-02-13 10:45:00+00:00,30,2,10,,,0,0,0,0,0,0,0,0,0,0,0,0,0,0,0,0,0,0,0,0,0,0,0,0,0
2008-02-13 10:45:00+00:00,30,2,10,,,0,0,0,0,0,0,0,0,0,0,0,0,0,0,0,0,0,0,0,0,0,0,0,0,0
2008-02-13 10:45:00+00:00,30,2,10,,,0,0,0,0,0,0,0,0,0,0,0,0,0,0,0,0,0,0,0,0,0,0,0,0,0
2008-02-13 10:45:00+00:00,30,2,10,,,0,0,0,0,0,0,0,0,0,0,0,0,0,0,0,0,0,0,0,0,0,0,0,0,0
2008-02-13 10:45:00+00:00,30,2,10,,,0,0,0,0,0,0,0,0,0,0,0,0,0,0,0,0,0,0,0,0,0,0,0,0,0
2008-02-13 10:45:00+00:00,30,2,10,,,0,0,0,0,0,0,0,0,0,0,0,0,0,0,0,0,0,0,0,0,0,0,0,0,0
2008-02-13 11:00:00+00:00,30,2,11,,,0,0,0,0,0,0,0,0,0,0,0,0,0,0,0,0,0,0,0,0,0,0,0,0,0
2008-02-13 11:00:00+00:00,30,2,11,,,0,0,0,0,0,0,0,0,0,0,0,0,0,0,0,0,0,0,0,0,0,0,0,0,0
2008-02-13 11:00:00+00:00,30,2,11,,,0,0,0,0,0,0,0,0,0,0,0,0,0,0,0,0,0,0,0,0,0,0,0,0,0
2008-02-13 11:00:00+00:00,30,2,11,,,0,0,0,0,0,0,0,0,0,0,0,0,0,0,0,0,0,0,0,0,0,0,0,0,0
2008-02-13 11:00:00+00:00,30,2,11,,,0,0,0,0,0,0,0,0,0,0,0,0,0,0,0,0,0,0,0,0,0,0,0,0,0
2008-02-13 11:00:00+00:00,30,2,11,,,0,0,0,0,0,0,0,0,0,0,0,0,0,0,0,0,0,0,0,0,0,0,0,0,0
2008-02-13 11:00:00+00:00,30,2,11,,,0,0,0,0,0,0,0,0,0,0,0,0,0,0,0,0,0,0,0,0,0,0,0,0,0
2008-02-13 11:00:00+00:00,30,2,11,,,0,0,0,0,0,0,0,0,0,0,0,0,0,0,0,0,0,0,0,0,0,0,0,0,0
2008-02-13 11:15:00+00:00,30,2,11,,,0,0,0,0,0,0,0,0,0,0,0,0,0,0,0,0,0,0,0,0,0,0,0,0,0
2008-02-13 11:15:00+00:00,30,2,11,,,0,0,0,0,0,0,0,0,0,0,0,0,0,0,0,0,0,0,0,0,0,0,0,0,0
2008-02-13 11:15:00+00:00,30,2,11,,,0,0,0,0,0,0,0,0,0,0,0,0,0,0,0,0,0,0,0,0,0,0,0,0,0
2008-02-13 11:15:00+00:00,30,2,11,,237.2295379638672,0,0,0,0,0,0,0,0,0,0,0,0,0,0,0,0,0,0,0,0,0,0,0,0,0
2008-02-13 11:15:00+00:00,30,2,11,,,0,0,0,0,0,0,0,0,0,0,0,0,0,0,0,0,0,0,0,0,0,0,0,0,0
2008-02-13 11:15:00+00:00,30,2,11,,,0,0,0,0,0,0,0,0,0,0,0,0,0,0,0,0,0,0,0,0,0,0,0,0,0
2008-02-13 11:15:00+00:00,30,2,11,,,0,0,0,0,0,0,0,0,0,0,0,0,0,0,0,0,0,0,0,0,0,0,0,0,0
2008-02-13 11:15:00+00:00,30,2,11,,,0,0,0,0,0,0,0,0,0,0,0,0,0,0,0,0,0,0,0,0,0,0,0,0,0
2008-02-13 11:15:00+00:00,30,2,11,,,0,0,0,0,0,0,0,0,0,0,0,0,0,0,0,0,0,0,0,0,0,0,0,0,0
2008-02-13 11:15:00+00:00,30,2,11,,,0,0,0,0,0,0,0,0,0,0,0,0,0,0,0,0,0,0,0,0,0,0,0,0,0
2008-02-13 11:15:00+00:00,30,2,11,,,0,0,0,0,0,0,0,0,0,0,0,0,0,0,0,0,0,0,0,0,0,0,0,0,0
2008-02-13 11:15:00+00:00,30,2,11,,,0,0,0,0,0,0,0,0,0,0,0,0,0,0,0,0,0,0,0,0,0,0,0,0,0
2008-02-13 11:30:00+00:00,30,2,11,,,0,0,0,0,0,0,0,0,0,0,0,0,0,0,0,0,0,0,0,0,0,0,0,0,0
2008-02-13 11:30:00+00:00,30,2,11,,,0,0,0,0,0,0,0,0,0,0,0,0,0,0,0,0,0,0,0,0,0,0,0,0,0
2008-02-13 11:30:00+00:00,30,2,11,,,0,0,0,0,0,0,0,0,0,0,0,0,0,0,0,0,0,0,0,0,0,0,0,0,0
2008-02-13 11:30:00+00:00,30,2,11,170.1079864501953,169.5099639892578,0,0,0,0,0,0,0,0,0,0,0,0,1,1,1,1,1,0,0,0,0,0,0,0,0
2008-02-13 11:30:00+00:00,30,2,11,220.96646118164062,223.1763458251953,0,0,0,0,0,0,0,0,0,0,0,0,0,0,1,1,1,0,0,0,0,0,0,0,0
2008-02-13 11:30:00+00:00,30,2,11,123.49083709716797,119.7391357421875,0,0,0,0,0,0,0,0,0,0,0,1,1,1,1,1,1,0,0,0,0,0,0,0,0
2008-02-13 11:30:00+00:00,30,2,11,,,0,0,0,0,0,0,0,0,0,0,0,0,0,0,0,0,0,0,0,0,0,0,0,0,0
2008-02-13 11:30:00+00:00,30,2,11,,,0,0,0,0,0,0,0,0,0,0,0,0,0,0,0,0,0,0,0,0,0,0,0,0,0
2008-02-13 11:30:00+00:00,30,2,11,,,0,0,0,0,0,0,0,0,0,0,0,0,0,0,0,0,0,0,0,0,0,0,0,0,0
2008-02-13 11:30:00+00:00,30,2,11,,,0,0,0,0,0,0,0,0,0,0,0,0,0,0,0,0,0,0,0,0,0,0,0,0,0
2008-02-13 11:30:00+00:00,30,2,11,,,0,0,0,0,0,0,0,0,0,0,0,0,0,0,0,0,0,0,0,0,0,0,0,0,0
2008-02-13 11:30:00+00:00,30,2,11,,,0,0,0,0,0,0,0,0,0,0,0,0,0,0,0,0,0,0,0,0,0,0,0,0,0
2008-02-13 11:45:00+00:00,30,2,11,,591.855712890625,0,0,0,0,0,0,0,0,0,0,0,0,0,0,0,0,0,0,0,0,0,0,0,0,0
2008-02-13 11:45:00+00:00,30,2,11,,,0,0,0,0,0,0,0,0,0,0,0,0,0,0,0,0,0,0,0,0,0,0,0,0,0
2008-02-13 11:45:00+00:00,30,2,11,,,0,0,0,0,0,0,0,0,0,0,0,0,0,0,0,0,0,0,0,0,0,0,0,0,0
2008-02-13 11:45:00+00:00,30,2,11,204.50592041015625,269.1197204589844,0,0,0,0,0,0,0,0,0,0,0,0,0,0,1,1,1,0,0,0,0,0,0,0,0
2008-02-13 11:45:00+00:00,30,2,11,,,0,0,0,0,0,0,0,0,0,0,0,0,0,0,0,0,0,0,0,0,0,0,0,0,0
2008-02-13 11:45:00+00:00,30,2,11,,328.75604248046875,0,0,0,0,0,0,0,0,0,0,0,0,0,0,0,0,0,0,0,0,0,0,0,0,0
2008-02-13 11:45:00+00:00,30,2,11,,,0,0,0,0,0,0,0,0,0,0,0,0,0,0,0,0,0,0,0,0,0,0,0,0,0
2008-02-13 11:45:00+00:00,30,2,11,,,0,0,0,0,0,0,0,0,0,0,0,0,0,0,0,0,0,0,0,0,0,0,0,0,0
2008-02-13 12:00:00+00:00,30,2,12,,113.12325286865234,0,0,0,0,0,0,0,0,0,0,0,0,0,0,0,0,0,0,0,0,0,0,0,0,0
2008-02-13 12:00:00+00:00,30,2,12,,0.0,0,0,0,0,0,0,0,0,0,0,0,0,0,0,0,0,0,1,1,1,1,1,1,1,1
2008-02-13 12:00:00+00:00,30,2,12,228.5470428466797,,0,0,0,0,0,0,0,0,0,0,0,0,0,0,1,1,1,0,0,0,0,0,0,0,0
2008-02-13 12:00:00+00:00,30,2,12,200.99810791015625,,0,0,0,0,0,0,0,0,0,0,0,0,0,0,1,1,1,0,0,0,0,0,0,0,0
2008-02-13 12:00:00+00:00,30,2,12,,438.2621154785156,0,0,0,0,0,0,0,0,0,0,0,0,0,0,0,0,0,0,0,0,0,0,0,0,0
2008-02-13 12:00:00+00:00,30,2,12,360.52874755859375,217.95872497558594,0,0,0,0,0,0,0,0,0,0,0,0,0,0,0,0,0,0,0,0,0,0,0,0,0
2008-02-13 12:00:00+00:00,30,2,12,,239.31048583984375,0,0,0,0,0,0,0,0,0,0,0,0,0,0,0,0,0,0,0,0,0,0,0,0,0
2008-02-13 12:00:00+00:00,30,2,12,,9.777961730957031,0,0,0,0,0,0,0,0,0,0,0,0,0,0,0,0,0,1,1,1,1,1,1,1,1
2008-02-13 12:00:00+00:00,30,2,12,,35.89347839355469,0,0,0,0,0,0,0,0,0,0,0,0,0,0,0,0,0,0,0,0,0,0,1,1,1
2008-02-13 12:00:00+00:00,30,2,12,,,0,0,0,0,0,0,0,0,0,0,0,0,0,0,0,0,0,0,0,0,0,0,0,0,0
2008-02-13 12:15:00+00:00,30,2,12,,,0,0,0,0,0,0,0,0,0,0,0,0,0,0,0,0,0,0,0,0,0,0,0,0,0
2008-02-13 12:15:00+00:00,30,2,12,367.0228576660156,345.0566711425781,0,0,0,0,0,0,0,0,0,0,0,0,0,0,0,0,0,0,0,0,0,0,0,0,0
2008-02-13 12:15:00+00:00,30,2,12,521.4246826171875,152.5345916748047,0,0,0,0,0,0,0,0,0,0,0,0,0,0,0,0,0,0,0,0,0,0,0,0,0
2008-02-13 12:15:00+00:00,30,2,12,,48.68186569213867,0,0,0,0,0,0,0,0,0,0,0,0,0,0,0,0,0,0,0,0,0,0,0,1,1
2008-02-13 12:15:00+00:00,30,2,12,,,0,0,0,0,0,0,0,0,0,0,0,0,0,0,0,0,0,0,0,0,0,0,0,0,0
2008-02-13 12:15:00+00:00,30,2,12,,,0,0,0,0,0,0,0,0,0,0,0,0,0,0,0,0,0,0,0,0,0,0,0,0,0
2008-02-13 12:15:00+00:00,30,2,12,406.9480895996094,432.0234375,0,0,0,0,0,0,0,0,0,0,0,0,0,0,0,0,0,0,0,0,0,0,0,0,0
2008-02-13 12:15:00+00:00,30,2,12,356.1744689941406,371.9966735839844,0,0,0,0,0,0,0,0,0,0,0,0,0,0,0,0,0,0,0,0,0,0,0,0,0
2008-02-13 12:15:00+00:00,30,2,12,294.62078857421875,289.57965087890625,0,0,0,0,0,0,0,0,0,0,0,0,0,0,0,1,1,0,0,0,0,0,0,0,0
2008-02-13 12:15:00+00:00,30,2,12,80.95394897460938,80.95394897460938,0,0,0,0,0,0,0,0,0,1,1,1,1,1,1,1,1,0,0,0,0,0,0,0,0
2008-02-13 12:15:00+00:00,30,2,12,293.6772155761719,,0,0,0,0,0,0,0,0,0,0,0,0,0,0,0,1,1,0,0,0,0,0,0,0,0
2008-02-13 12:15:00+00:00,30,2,12,188.2188720703125,427.8211364746094,0,0,0,0,0,0,0,0,0,0,0,0,0,1,1,1,1,0,0,0,0,0,0,0,0
2008-02-13 12:15:00+00:00,30,2,12,,507.0718688964844,0,0,0,0,0,0,0,0,0,0,0,0,0,0,0,0,0,0,0,0,0,0,0,0,0
2008-02-13 12:15:00+00:00,30,2,12,251.5528106689453,,0,0,0,0,0,0,0,0,0,0,0,0,0,0,0,1,1,0,0,0,0,0,0,0,0
2008-02-13 12:15:00+00:00,30,2,12,,119.2651138305664,0,0,0,0,0,0,0,0,0,0,0,0,0,0,0,0,0,0,0,0,0,0,0,0,0
2008-02-13 12:15:00+00:00,30,2,12,,,0,0,0,0,0,0,0,0,0,0,0,0,0,0,0,0,0,0,0,0,0,0,0,0,0
2008-02-13 12:15:00+00:00,30,2,12,546.5833740234375,,0,0,0,0,0,0,0,0,0,0,0,0,0,0,0,0,0,0,0,0,0,0,0,0,0
2008-02-13 12:15:00+00:00,30,2,12,,,0,0,0,0,0,0,0,0,0,0,0,0,0,0,0,0,0,0,0,0,0,0,0,0,0
2008-02-13 12:15:00+00:00,30,2,12,,,0,0,0,0,0,0,0,0,0,0,0,0,0,0,0,0,0,0,0,0,0,0,0,0,0
2008-02-13 12:15:00+00:00,30,2,12,298.6349182128906,208.09335327148438,0,0,0,0,0,0,0,0,0,0,0,0,0,0,0,1,1,0,0,0,0,0,0,0,0
2008-02-13 12:15:00+00:00,30,2,12,,,0,0,0,0,0,0,0,0,0,0,0,0,0,0,0,0,0,0,0,0,0,0,0,0,0
2008-02-13 12:15:00+00:00,30,2,12,,,0,0,0,0,0,0,0,0,0,0,0,0,0,0,0,0,0,0,0,0,0,0,0,0,0
2008-02-13 12:30:00+00:00,30,2,12,,,0,0,0,0,0,0,0,0,0,0,0,0,0,0,0,0,0,0,0,0,0,0,0,0,0
2008-02-13 12:30:00+00:00,30,2,12,237.1085968017578,228.4634552001953,0,0,0,0,0,0,0,0,0,0,0,0,0,0,1,1,1,0,0,0,0,0,0,0,0
2008-02-13 12:30:00+00:00,30,2,12,190.6114959716797,182.31927490234375,0,0,0,0,0,0,0,0,0,0,0,0,0,1,1,1,1,0,0,0,0,0,0,0,0
2008-02-13 12:30:00+00:00,30,2,12,81.827880859375,80.91896057128906,0,0,0,0,0,0,0,0,0,1,1,1,1,1,1,1,1,0,0,0,0,0,0,0,0
2008-02-13 12:30:00+00:00,30,2,12,49.900733947753906,52.1136474609375,0,0,0,0,0,0,1,1,1,1,1,1,1,1,1,1,1,0,0,0,0,0,0,0,1
2008-02-13 12:30:00+00:00,30,2,12,349.7316589355469,458.2926025390625,0,0,0,0,0,0,0,0,0,0,0,0,0,0,0,0,1,0,0,0,0,0,0,0,0
2008-02-13 12:30:00+00:00,30,2,12,287.0787353515625,434.6564636230469,0,0,0,0,0,0,0,0,0,0,0,0,0,0,0,1,1,0,0,0,0,0,0,0,0
2008-02-13 12:30:00+00:00,30,2,12,,225.84889221191406,0,0,0,0,0,0,0,0,0,0,0,0,0,0,0,0,0,0,0,0,0,0,0,0,0
2008-02-13 12:30:00+00:00,30,2,12,,358.05853271484375,0,0,0,0,0,0,0,0,0,0,0,0,0,0,0,0,0,0,0,0,0,0,0,0,0
2008-02-13 12:30:00+00:00,30,2,12,178.08396911621094,318.26397705078125,0,0,0,0,0,0,0,0,0,0,0,0,1,1,1,1,1,0,0,0,0,0,0,0,0
2008-02-13 12:30:00+00:00,30,2,12,382.0831604003906,487.0992431640625,0,0,0,0,0,0,0,0,0,0,0,0,0,0,0,0,0,0,0,0,0,0,0,0,0
2008-02-13 12:30:00+00:00,30,2,12,293.8405456542969,332.52325439453125,0,0,0,0,0,0,0,0,0,0,0,0,0,0,0,1,1,0,0,0,0,0,0,0,0
2008-02-13 12:30:00+00:00,30,2,12,,,0,0,0,0,0,0,0,0,0,0,0,0,0,0,0,0,0,0,0,0,0,0,0,0,0
2008-02-13 12:30:00+00:00,30,2,12,161.52362060546875,,0,0,0,0,0,0,0,0,0,0,0,0,1,1,1,1,1,0,0,0,0,0,0,0,0
2008-02-13 12:30:00+00:00,30,2,12,229.7810821533203,91.63520812988281,0,0,0,0,0,0,0,0,0,0,0,0,0,0,1,1,1,0,0,0,0,0,0,0,0
2008-02-13 12:30:00+00:00,30,2,12,,,0,0,0,0,0,0,0,0,0,0,0,0,0,0,0,0,0,0,0,0,0,0,0,0,0
2008-02-13 12:45:00+00:00,30,2,12,309.1069030761719,305.50213623046875,0,0,0,0,0,0,0,0,0,0,0,0,0,0,0,0,1,0,0,0,0,0,0,0,0
2008-02-13 12:45:00+00:00,30,2,12,313.9783630371094,306.8218078613281,0,0,0,0,0,0,0,0,0,0,0,0,0,0,0,0,1,0,0,0,0,0,0,0,0
2008-02-13 12:45:00+00:00,30,2,12,220.26480102539062,260.1980895996094,0,0,0,0,0,0,0,0,0,0,0,0,0,0,1,1,1,0,0,0,0,0,0,0,0
2008-02-13 12:45:00+00:00,30,2,12,,242.6977996826172,0,0,0,0,0,0,0,0,0,0,0,0,0,0,0,0,0,0,0,0,0,0,0,0,0
2008-02-13 12:45:00+00:00,30,2,12,,298.9060974121094,0,0,0,0,0,0,0,0,0,0,0,0,0,0,0,0,0,0,0,0,0,0,0,0,0
2008-02-13 12:45:00+00:00,30,2,12,174.1602783203125,178.2217254638672,0,0,0,0,0,0,0,0,0,0,0,0,1,1,1,1,1,0,0,0,0,0,0,0,0
2008-02-13 12:45:00+00:00,30,2,12,244.70089721679688,289.6434631347656,0,0,0,0,0,0,0,0,0,0,0,0,0,0,1,1,1,0,0,0,0,0,0,0,0
2008-02-13 12:45:00+00:00,30,2,12,396.0350646972656,,0,0,0,0,0,0,0,0,0,0,0,0,0,0,0,0,0,0,0,0,0,0,0,0,0
2008-02-13 12:45:00+00:00,30,2,12,,,0,0,0,0,0,0,0,0,0,0,0,0,0,0,0,0,0,0,0,0,0,0,0,0,0
2008-02-13 12:45:00+00:00,30,2,12,,,0,0,0,0,0,0,0,0,0,0,0,0,0,0,0,0,0,0,0,0,0,0,0,0,0
2008-02-13 12:45:00+00:00,30,2,12,386.24749755859375,407.8280334472656,0,0,0,0,0,0,0,0,0,0,0,0,0,0,0,0,0,0,0,0,0,0,0,0,0
2008-02-13 12:45:00+00:00,30,2,12,354.5816650390625,344.681884765625,0,0,0,0,0,0,0,0,0,0,0,0,0,0,0,0,0,0,0,0,0,0,0,0,0
2008-02-13 12:45:00+00:00,30,2,12,,,0,0,0,0,0,0,0,0,0,0,0,0,0,0,0,0,0,0,0,0,0,0,0,0,0
2008-02-13 12:45:00+00:00,30,2,12,,,0,0,0,0,0,0,0,0,0,0,0,0,0,0,0,0,0,0,0,0,0,0,0,0,0
2008-02-13 12:45:00+00:00,30,2,12,131.89349365234375,123.76585388183594,0,0,0,0,0,0,0,0,0,0,0,1,1,1,1,1,1,0,0,0,0,0,0,0,0
2008-02-13 12:45:00+00:00,30,2,12,,,0,0,0,0,0,0,0,0,0,0,0,0,0,0,0,0,0,0,0,0,0,0,0,0,0
2008-02-13 13:00:00+00:00,30,2,13,388.0825500488281,376.115966796875,0,0,0,0,0,0,0,0,0,0,0,0,0,0,0,0,0,0,0,0,0,0,0,0,0
2008-02-13 13:00:00+00:00,30,2,13,349.4644470214844,324.8356628417969,0,0,0,0,0,0,0,0,0,0,0,0,0,0,0,0,1,0,0,0,0,0,0,0,0
2008-02-13 13:00:00+00:00,30,2,13,340.0902404785156,320.030029296875,0,0,0,0,0,0,0,0,0,0,0,0,0,0,0,0,1,0,0,0,0,0,0,0,0
2008-02-13 13:00:00+00:00,30,2,13,174.2220001220703,177.435302734375,0,0,0,0,0,0,0,0,0,0,0,0,1,1,1,1,1,0,0,0,0,0,0,0,0
2008-02-13 13:00:00+00:00,30,2,13,,,0,0,0,0,0,0,0,0,0,0,0,0,0,0,0,0,0,0,0,0,0,0,0,0,0
2008-02-13 13:00:00+00:00,30,2,13,,,0,0,0,0,0,0,0,0,0,0,0,0,0,0,0,0,0,0,0,0,0,0,0,0,0
2008-02-13 13:15:00+00:00,30,2,13,269.4410095214844,275.4211120605469,0,0,0,0,0,0,0,0,0,0,0,0,0,0,0,1,1,0,0,0,0,0,0,0,0
2008-02-13 13:15:00+00:00,30,2,13,,,0,0,0,0,0,0,0,0,0,0,0,0,0,0,0,0,0,0,0,0,0,0,0,0,0
2008-02-13 13:15:00+00:00,30,2,13,338.2433776855469,278.37420654296875,0,0,0,0,0,0,0,0,0,0,0,0,0,0,0,0,1,0,0,0,0,0,0,0,0
2008-02-13 13:15:00+00:00,30,2,13,210.2245330810547,213.2613067626953,0,0,0,0,0,0,0,0,0,0,0,0,0,0,1,1,1,0,0,0,0,0,0,0,0
2008-02-13 13:15:00+00:00,30,2,13,,,0,0,0,0,0,0,0,0,0,0,0,0,0,0,0,0,0,0,0,0,0,0,0,0,0
2008-02-13 13:15:00+00:00,30,2,13,328.30926513671875,303.9842834472656,0,0,0,0,0,0,0,0,0,0,0,0,0,0,0,0,1,0,0,0,0,0,0,0,0
2008-02-13 13:15:00+00:00,30,2,13,,,0,0,0,0,0,0,0,0,0,0,0,0,0,0,0,0,0,0,0,0,0,0,0,0,0
2008-02-13 13:15:00+00:00,30,2,13,,,0,0,0,0,0,0,0,0,0,0,0,0,0,0,0,0,0,0,0,0,0,0,0,0,0
2008-02-13 13:15:00+00:00,30,2,13,,,0,0,0,0,0,0,0,0,0,0,0,0,0,0,0,0,0,0,0,0,0,0,0,0,0
2008-02-13 13:15:00+00:00,30,2,13,,,0,0,0,0,0,0,0,0,0,0,0,0,0,0,0,0,0,0,0,0,0,0,0,0,0
2008-02-13 13:15:00+00:00,30,2,13,,,0,0,0,0,0,0,0,0,0,0,0,0,0,0,0,0,0,0,0,0,0,0,0,0,0
2008-02-13 13:15:00+00:00,30,2,13,,,0,0,0,0,0,0,0,0,0,0,0,0,0,0,0,0,0,0,0,0,0,0,0,0,0
2008-02-13 13:15:00+00:00,30,2,13,335.984619140625,335.7409362792969,0,0,0,0,0,0,0,0,0,0,0,0,0,0,0,0,1,0,0,0,0,0,0,0,0
2008-02-13 13:30:00+00:00,30,2,13,145.3583984375,155.09410095214844,0,0,0,0,0,0,0,0,0,0,0,1,1,1,1,1,1,0,0,0,0,0,0,0,0
2008-02-13 13:30:00+00:00,30,2,13,131.01268005371094,140.92221069335938,0,0,0,0,0,0,0,0,0,0,0,1,1,1,1,1,1,0,0,0,0,0,0,0,0
2008-02-13 13:30:00+00:00,30,2,13,20.34998893737793,11.101656913757324,0,0,0,1,1,1,1,1,1,1,1,1,1,1,1,1,1,0,1,1,1,1,1,1,1
2008-02-13 13:30:00+00:00,30,2,13,83.74771118164062,38.05809020996094,0,0,0,0,0,0,0,0,0,1,1,1,1,1,1,1,1,0,0,0,0,0,1,1,1
2008-02-13 13:30:00+00:00,30,2,13,363.5285949707031,339.8546142578125,0,0,0,0,0,0,0,0,0,0,0,0,0,0,0,0,0,0,0,0,0,0,0,0,0
2008-02-13 13:30:00+00:00,30,2,13,419.24761962890625,399.0665588378906,0,0,0,0,0,0,0,0,0,0,0,0,0,0,0,0,0,0,0,0,0,0,0,0,0
2008-02-13 13:30:00+00:00,30,2,13,185.28086853027344,160.81251525878906,0,0,0,0,0,0,0,0,0,0,0,0,0,1,1,1,1,0,0,0,0,0,0,0,0
2008-02-13 13:30:00+00:00,30,2,13,304.6268615722656,280.5858154296875,0,0,0,0,0,0,0,0,0,0,0,0,0,0,0,0,1,0,0,0,0,0,0,0,0
2008-02-13 13:30:00+00:00,30,2,13,240.49261474609375,214.7835693359375,0,0,0,0,0,0,0,0,0,0,0,0,0,0,1,1,1,0,0,0,0,0,0,0,0
2008-02-13 13:30:00+00:00,30,2,13,,,0,0,0,0,0,0,0,0,0,0,0,0,0,0,0,0,0,0,0,0,0,0,0,0,0
2008-02-13 13:30:00+00:00,30,2,13,,,0,0,0,0,0,0,0,0,0,0,0,0,0,0,0,0,0,0,0,0,0,0,0,0,0
2008-02-13 13:30:00+00:00,30,2,13,,,0,0,0,0,0,0,0,0,0,0,0,0,0,0,0,0,0,0,0,0,0,0,0,0,0
2008-02-13 13:30:00+00:00,30,2,13,,,0,0,0,0,0,0,0,0,0,0,0,0,0,0,0,0,0,0,0,0,0,0,0,0,0
2008-02-13 13:30:00+00:00,30,2,13,,,0,0,0,0,0,0,0,0,0,0,0,0,0,0,0,0,0,0,0,0,0,0,0,0,0
2008-02-13 13:45:00+00:00,30,2,13,,,0,0,0,0,0,0,0,0,0,0,0,0,0,0,0,0,0,0,0,0,0,0,0,0,0
2008-02-13 13:45:00+00:00,30,2,13,30.101102828979492,15.659432411193848,0,0,0,0,0,1,1,1,1,1,1,1,1,1,1,1,1,0,0,1,1,1,1,1,1
2008-02-13 13:45:00+00:00,30,2,13,400.984619140625,391.6969299316406,0,0,0,0,0,0,0,0,0,0,0,0,0,0,0,0,0,0,0,0,0,0,0,0,0
2008-02-13 13:45:00+00:00,30,2,13,49.643985748291016,43.34620666503906,0,0,0,0,0,0,1,1,1,1,1,1,1,1,1,1,1,0,0,0,0,0,0,1,1
2008-02-13 13:45:00+00:00,30,2,13,,,0,0,0,0,0,0,0,0,0,0,0,0,0,0,0,0,0,0,0,0,0,0,0,0,0
2008-02-13 13:45:00+00:00,30,2,13,,,0,0,0,0,0,0,0,0,0,0,0,0,0,0,0,0,0,0,0,0,0,0,0,0,0
2008-02-13 13:45:00+00:00,30,2,13,,,0,0,0,0,0,0,0,0,0,0,0,0,0,0,0,0,0,0,0,0,0,0,0,0,0
2008-02-13 13:45:00+00:00,30,2,13,,330.4036865234375,0,0,0,0,0,0,0,0,0,0,0,0,0,0,0,0,0,0,0,0,0,0,0,0,0
2008-02-13 14:00:00+00:00,30,2,14,199.61160278320312,194.10595703125,0,0,0,0,0,0,0,0,0,0,0,0,0,1,1,1,1,0,0,0,0,0,0,0,0
2008-02-13 14:00:00+00:00,30,2,14,67.1331787109375,43.51259231567383,0,0,0,0,0,0,0,0,1,1,1,1,1,1,1,1,1,0,0,0,0,0,0,1,1
2008-02-13 14:00:00+00:00,30,2,14,208.16526794433594,163.5158233642578,0,0,0,0,0,0,0,0,0,0,0,0,0,0,1,1,1,0,0,0,0,0,0,0,0
2008-02-13 14:00:00+00:00,30,2,14,161.4041290283203,156.79339599609375,0,0,0,0,0,0,0,0,0,0,0,0,1,1,1,1,1,0,0,0,0,0,0,0,0
2008-02-13 14:00:00+00:00,30,2,14,141.76162719726562,141.90475463867188,0,0,0,0,0,0,0,0,0,0,0,1,1,1,1,1,1,0,0,0,0,0,0,0,0
2008-02-13 14:00:00+00:00,30,2,14,338.32208251953125,324.35687255859375,0,0,0,0,0,0,0,0,0,0,0,0,0,0,0,0,1,0,0,0,0,0,0,0,0
2008-02-13 14:00:00+00:00,30,2,14,257.5331726074219,254.4770050048828,0,0,0,0,0,0,0,0,0,0,0,0,0,0,0,1,1,0,0,0,0,0,0,0,0
2008-02-13 14:00:00+00:00,30,2,14,389.7109375,183.18679809570312,0,0,0,0,0,0,0,0,0,0,0,0,0,0,0,0,0,0,0,0,0,0,0,0,0
2008-02-13 14:00:00+00:00,30,2,14,119.54094696044922,99.11101531982422,0,0,0,0,0,0,0,0,0,0,1,1,1,1,1,1,1,0,0,0,0,0,0,0,0
2008-02-13 14:00:00+00:00,30,2,14,,67.26522827148438,0,0,0,0,0,0,0,0,0,0,0,0,0,0,0,0,0,0,0,0,0,0,0,0,0
2008-02-13 14:00:00+00:00,30,2,14,214.49830627441406,218.89068603515625,0,0,0,0,0,0,0,0,0,0,0,0,0,0,1,1,1,0,0,0,0,0,0,0,0
2008-02-13 14:00:00+00:00,30,2,14,,393.8999938964844,0,0,0,0,0,0,0,0,0,0,0,0,0,0,0,0,0,0,0,0,0,0,0,0,0
2008-02-13 14:15:00+00:00,30,2,14,,,0,0,0,0,0,0,0,0,0,0,0,0,0,0,0,0,0,0,0,0,0,0,0,0,0
2008-02-13 14:15:00+00:00,30,2,14,106.93325805664062,111.29051208496094,0,0,0,0,0,0,0,0,0,0,1,1,1,1,1,1,1,0,0,0,0,0,0,0,0
2008-02-13 14:15:00+00:00,30,2,14,,206.0217742919922,0,0,0,0,0,0,0,0,0,0,0,0,0,0,0,0,0,0,0,0,0,0,0,0,0
2008-02-13 14:15:00+00:00,30,2,14,,189.94857788085938,0,0,0,0,0,0,0,0,0,0,0,0,0,0,0,0,0,0,0,0,0,0,0,0,0
2008-02-13 14:15:00+00:00,30,2,14,,159.26593017578125,0,0,0,0,0,0,0,0,0,0,0,0,0,0,0,0,0,0,0,0,0,0,0,0,0
2008-02-13 14:15:00+00:00,30,2,14,,91.86332702636719,0,0,0,0,0,0,0,0,0,0,0,0,0,0,0,0,0,0,0,0,0,0,0,0,0
2008-02-13 14:15:00+00:00,30,2,14,,245.77911376953125,0,0,0,0,0,0,0,0,0,0,0,0,0,0,0,0,0,0,0,0,0,0,0,0,0
2008-02-13 14:15:00+00:00,30,2,14,,,0,0,0,0,0,0,0,0,0,0,0,0,0,0,0,0,0,0,0,0,0,0,0,0,0
2008-02-13 14:15:00+00:00,30,2,14,306.35394287109375,311.750732421875,0,0,0,0,0,0,0,0,0,0,0,0,0,0,0,0,1,0,0,0,0,0,0,0,0
2008-02-13 14:15:00+00:00,30,2,14,431.9034729003906,437.6907043457031,0,0,0,0,0,0,0,0,0,0,0,0,0,0,0,0,0,0,0,0,0,0,0,0,0
2008-02-13 14:15:00+00:00,30,2,14,370.21331787109375,358.3327331542969,0,0,0,0,0,0,0,0,0,0,0,0,0,0,0,0,0,0,0,0,0,0,0,0,0
2008-02-13 14:15:00+00:00,30,2,14,,,0,0,0,0,0,0,0,0,0,0,0,0,0,0,0,0,0,0,0,0,0,0,0,0,0
2008-02-13 14:15:00+00:00,30,2,14,,,0,0,0,0,0,0,0,0,0,0,0,0,0,0,0,0,0,0,0,0,0,0,0,0,0
2008-02-13 14:30:00+00:00,30,2,14,144.24339294433594,140.51393127441406,0,0,0,0,0,0,0,0,0,0,0,1,1,1,1,1,1,0,0,0,0,0,0,0,0
2008-02-13 14:30:00+00:00,30,2,14,56.939395904541016,10.250246047973633,0,0,0,0,0,0,0,1,1,1,1,1,1,1,1,1,1,0,1,1,1,1,1,1,1
2008-02-13 14:30:00+00:00,30,2,14,235.5337677001953,235.29652404785156,0,0,0,0,0,0,0,0,0,0,0,0,0,0,1,1,1,0,0,0,0,0,0,0,0
2008-02-13 14:30:00+00:00,30,2,14,288.5013122558594,285.67779541015625,0,0,0,0,0,0,0,0,0,0,0,0,0,0,0,1,1,0,0,0,0,0,0,0,0
2008-02-13 14:30:00+00:00,30,2,14,240.13671875,256.1279296875,0,0,0,0,0,0,0,0,0,0,0,0,0,0,1,1,1,0,0,0,0,0,0,0,0
2008-02-13 14:30:00+00:00,30,2,14,487.4621276855469,,0,0,0,0,0,0,0,0,0,0,0,0,0,0,0,0,0,0,0,0,0,0,0,0,0
2008-02-13 14:30:00+00:00,30,2,14,466.9554138183594,,0,0,0,0,0,0,0,0,0,0,0,0,0,0,0,0,0,0,0,0,0,0,0,0,0
2008-02-13 14:30:00+00:00,30,2,14,330.5613708496094,341.37811279296875,0,0,0,0,0,0,0,0,0,0,0,0,0,0,0,0,1,0,0,0,0,0,0,0,0
2008-02-13 14:30:00+00:00,30,2,14,,,0,0,0,0,0,0,0,0,0,0,0,0,0,0,0,0,0,0,0,0,0,0,0,0,0
2008-02-13 14:30:00+00:00,30,2,14,144.64093017578125,76.51934814453125,0,0,0,0,0,0,0,0,0,0,0,1,1,1,1,1,1,0,0,0,0,0,0,0,0
2008-02-13 14:30:00+00:00,30,2,14,,,0,0,0,0,0,0,0,0,0,0,0,0,0,0,0,0,0,0,0,0,0,0,0,0,0
2008-02-13 14:30:00+00:00,30,2,14,394.6895446777344,187.72508239746094,0,0,0,0,0,0,0,0,0,0,0,0,0,0,0,0,0,0,0,0,0,0,0,0,0
2008-02-13 14:30:00+00:00,30,2,14,,,0,0,0,0,0,0,0,0,0,0,0,0,0,0,0,0,0,0,0,0,0,0,0,0,0
2008-02-13 14:45:00+00:00,30,2,14,,,0,0,0,0,0,0,0,0,0,0,0,0,0,0,0,0,0,0,0,0,0,0,0,0,0
2008-02-13 14:45:00+00:00,30,2,14,133.1183319091797,74.04474639892578,0,0,0,0,0,0,0,0,0,0,0,1,1,1,1,1,1,0,0,0,0,0,0,0,0
2008-02-13 14:45:00+00:00,30,2,14,233.5590057373047,246.5746612548828,0,0,0,0,0,0,0,0,0,0,0,0,0,0,1,1,1,0,0,0,0,0,0,0,0
2008-02-13 14:45:00+00:00,30,2,14,112.395751953125,114.71611022949219,0,0,0,0,0,0,0,0,0,0,1,1,1,1,1,1,1,0,0,0,0,0,0,0,0
2008-02-13 14:45:00+00:00,30,2,14,144.44651794433594,189.64849853515625,0,0,0,0,0,0,0,0,0,0,0,1,1,1,1,1,1,0,0,0,0,0,0,0,0
2008-02-13 14:45:00+00:00,30,2,14,375.2289733886719,362.44097900390625,0,0,0,0,0,0,0,0,0,0,0,0,0,0,0,0,0,0,0,0,0,0,0,0,0
2008-02-13 14:45:00+00:00,30,2,14,138.83822631835938,103.81610107421875,0,0,0,0,0,0,0,0,0,0,0,1,1,1,1,1,1,0,0,0,0,0,0,0,0
2008-02-13 14:45:00+00:00,30,2,14,,347.8309631347656,0,0,0,0,0,0,0,0,0,0,0,0,0,0,0,0,0,0,0,0,0,0,0,0,0
2008-02-13 14:45:00+00:00,30,2,14,359.0448913574219,221.6132049560547,0,0,0,0,0,0,0,0,0,0,0,0,0,0,0,0,0,0,0,0,0,0,0,0,0
2008-02-13 14:45:00+00:00,30,2,14,,,0,0,0,0,0,0,0,0,0,0,0,0,0,0,0,0,0,0,0,0,0,0,0,0,0
2008-02-13 14:45:00+00:00,30,2,14,,,0,0,0,0,0,0,0,0,0,0,0,0,0,0,0,0,0,0,0,0,0,0,0,0,0
2008-02-13 14:45:00+00:00,30,2,14,306.984130859375,256.36920166015625,0,0,0,0,0,0,0,0,0,0,0,0,0,0,0,0,1,0,0,0,0,0,0,0,0
2008-02-13 14:45:00+00:00,30,2,14,,,0,0,0,0,0,0,0,0,0,0,0,0,0,0,0,0,0,0,0,0,0,0,0,0,0
2008-02-13 14:45:00+00:00,30,2,14,,,0,0,0,0,0,0,0,0,0,0,0,0,0,0,0,0,0,0,0,0,0,0,0,0,0
2008-02-13 14:45:00+00:00,30,2,14,,279.6917419433594,0,0,0,0,0,0,0,0,0,0,0,0,0,0,0,0,0,0,0,0,0,0,0,0,0
2008-02-13 14:45:00+00:00,30,2,14,267.97515869140625,185.57907104492188,0,0,0,0,0,0,0,0,0,0,0,0,0,0,0,1,1,0,0,0,0,0,0,0,0
2008-02-13 14:45:00+00:00,30,2,14,,,0,0,0,0,0,0,0,0,0,0,0,0,0,0,0,0,0,0,0,0,0,0,0,0,0
2008-02-13 15:00:00+00:00,30,2,15,208.67616271972656,215.08628845214844,0,0,0,0,0,0,0,0,0,0,0,0,0,0,1,1,1,0,0,0,0,0,0,0,0
2008-02-13 15:00:00+00:00,30,2,15,171.5749053955078,185.4197540283203,0,0,0,0,0,0,0,0,0,0,0,0,1,1,1,1,1,0,0,0,0,0,0,0,0
2008-02-13 15:00:00+00:00,30,2,15,308.7939453125,49.74894332885742,0,0,0,0,0,0,0,0,0,0,0,0,0,0,0,0,1,0,0,0,0,0,0,1,1
2008-02-13 15:00:00+00:00,30,2,15,363.0227966308594,,0,0,0,0,0,0,0,0,0,0,0,0,0,0,0,0,0,0,0,0,0,0,0,0,0
2008-02-13 15:00:00+00:00,30,2,15,372.38653564453125,241.62428283691406,0,0,0,0,0,0,0,0,0,0,0,0,0,0,0,0,0,0,0,0,0,0,0,0,0
2008-02-13 15:00:00+00:00,30,2,15,,,0,0,0,0,0,0,0,0,0,0,0,0,0,0,0,0,0,0,0,0,0,0,0,0,0
2008-02-13 15:00:00+00:00,30,2,15,,149.2904510498047,0,0,0,0,0,0,0,0,0,0,0,0,0,0,0,0,0,0,0,0,0,0,0,0,0
2008-02-13 15:00:00+00:00,30,2,15,,124.55956268310547,0,0,0,0,0,0,0,0,0,0,0,0,0,0,0,0,0,0,0,0,0,0,0,0,0
2008-02-13 15:00:00+00:00,30,2,15,,,0,0,0,0,0,0,0,0,0,0,0,0,0,0,0,0,0,0,0,0,0,0,0,0,0
2008-02-13 15:00:00+00:00,30,2,15,,,0,0,0,0,0,0,0,0,0,0,0,0,0,0,0,0,0,0,0,0,0,0,0,0,0
2008-02-13 15:00:00+00:00,30,2,15,,,0,0,0,0,0,0,0,0,0,0,0,0,0,0,0,0,0,0,0,0,0,0,0,0,0
2008-02-13 15:00:00+00:00,30,2,15,,,0,0,0,0,0,0,0,0,0,0,0,0,0,0,0,0,0,0,0,0,0,0,0,0,0
2008-02-13 15:15:00+00:00,30,2,15,57.53984451293945,47.21418380737305,0,0,0,0,0,0,0,1,1,1,1,1,1,1,1,1,1,0,0,0,0,0,0,1,1
2008-02-13 15:15:00+00:00,30,2,15,182.4866943359375,175.74876403808594,0,0,0,0,0,0,0,0,0,0,0,0,0,1,1,1,1,0,0,0,0,0,0,0,0
2008-02-13 15:15:00+00:00,30,2,15,466.26556396484375,219.2324676513672,0,0,0,0,0,0,0,0,0,0,0,0,0,0,0,0,0,0,0,0,0,0,0,0,0
2008-02-13 15:15:00+00:00,30,2,15,,,0,0,0,0,0,0,0,0,0,0,0,0,0,0,0,0,0,0,0,0,0,0,0,0,0
2008-02-13 15:15:00+00:00,30,2,15,336.1278076171875,330.3389892578125,0,0,0,0,0,0,0,0,0,0,0,0,0,0,0,0,1,0,0,0,0,0,0,0,0
2008-02-13 15:15:00+00:00,30,2,15,135.99847412109375,112.64989471435547,0,0,0,0,0,0,0,0,0,0,0,1,1,1,1,1,1,0,0,0,0,0,0,0,0
2008-02-13 15:15:00+00:00,30,2,15,331.7052307128906,139.81617736816406,0,0,0,0,0,0,0,0,0,0,0,0,0,0,0,0,1,0,0,0,0,0,0,0,0
2008-02-13 15:15:00+00:00,30,2,15,353.46435546875,110.31512451171875,0,0,0,0,0,0,0,0,0,0,0,0,0,0,0,0,0,0,0,0,0,0,0,0,0
2008-02-13 15:15:00+00:00,30,2,15,404.35235595703125,135.87811279296875,0,0,0,0,0,0,0,0,0,0,0,0,0,0,0,0,0,0,0,0,0,0,0,0,0
2008-02-13 15:15:00+00:00,30,2,15,469.9289245605469,113.30518341064453,0,0,0,0,0,0,0,0,0,0,0,0,0,0,0,0,0,0,0,0,0,0,0,0,0
2008-02-13 15:15:00+00:00,30,2,15,,90.9346694946289,0,0,0,0,0,0,0,0,0,0,0,0,0,0,0,0,0,0,0,0,0,0,0,0,0
2008-02-13 15:30:00+00:00,30,2,15,114.38195037841797,105.97005462646484,0,0,0,0,0,0,0,0,0,0,1,1,1,1,1,1,1,0,0,0,0,0,0,0,0
2008-02-13 15:30:00+00:00,30,2,15,,,0,0,0,0,0,0,0,0,0,0,0,0,0,0,0,0,0,0,0,0,0,0,0,0,0
2008-02-13 15:30:00+00:00,30,2,15,385.0421142578125,87.30980682373047,0,0,0,0,0,0,0,0,0,0,0,0,0,0,0,0,0,0,0,0,0,0,0,0,0
2008-02-13 15:30:00+00:00,30,2,15,527.3776245117188,,0,0,0,0,0,0,0,0,0,0,0,0,0,0,0,0,0,0,0,0,0,0,0,0,0
2008-02-13 15:30:00+00:00,30,2,15,461.9148254394531,,0,0,0,0,0,0,0,0,0,0,0,0,0,0,0,0,0,0,0,0,0,0,0,0,0
2008-02-13 15:30:00+00:00,30,2,15,331.60455322265625,408.0828857421875,0,0,0,0,0,0,0,0,0,0,0,0,0,0,0,0,1,0,0,0,0,0,0,0,0
2008-02-13 15:30:00+00:00,30,2,15,289.1932067871094,274.4085998535156,0,0,0,0,0,0,0,0,0,0,0,0,0,0,0,1,1,0,0,0,0,0,0,0,0
2008-02-13 15:30:00+00:00,30,2,15,,,0,0,0,0,0,0,0,0,0,0,0,0,0,0,0,0,0,0,0,0,0,0,0,0,0
2008-02-13 15:30:00+00:00,30,2,15,208.1024627685547,195.16709899902344,0,0,0,0,0,0,0,0,0,0,0,0,0,0,1,1,1,0,0,0,0,0,0,0,0
2008-02-13 15:30:00+00:00,30,2,15,,,0,0,0,0,0,0,0,0,0,0,0,0,0,0,0,0,0,0,0,0,0,0,0,0,0
2008-02-13 15:45:00+00:00,30,2,15,154.6997833251953,161.83685302734375,0,0,0,0,0,0,0,0,0,0,0,0,1,1,1,1,1,0,0,0,0,0,0,0,0
2008-02-13 15:45:00+00:00,30,2,15,,,0,0,0,0,0,0,0,0,0,0,0,0,0,0,0,0,0,0,0,0,0,0,0,0,0
2008-02-13 15:45:00+00:00,30,2,15,308.00079345703125,,0,0,0,0,0,0,0,0,0,0,0,0,0,0,0,0,1,0,0,0,0,0,0,0,0
2008-02-13 15:45:00+00:00,30,2,15,445.15228271484375,456.3763427734375,0,0,0,0,0,0,0,0,0,0,0,0,0,0,0,0,0,0,0,0,0,0,0,0,0
2008-02-13 15:45:00+00:00,30,2,15,367.8333740234375,348.7687683105469,0,0,0,0,0,0,0,0,0,0,0,0,0,0,0,0,0,0,0,0,0,0,0,0,0
2008-02-13 15:45:00+00:00,30,2,15,463.5000915527344,,0,0,0,0,0,0,0,0,0,0,0,0,0,0,0,0,0,0,0,0,0,0,0,0,0
2008-02-13 15:45:00+00:00,30,2,15,239.0872802734375,244.67263793945312,0,0,0,0,0,0,0,0,0,0,0,0,0,0,1,1,1,0,0,0,0,0,0,0,0
2008-02-13 15:45:00+00:00,30,2,15,114.439208984375,,0,0,0,0,0,0,0,0,0,0,1,1,1,1,1,1,1,0,0,0,0,0,0,0,0
2008-02-13 15:45:00+00:00,30,2,15,152.89498901367188,159.1473846435547,0,0,0,0,0,0,0,0,0,0,0,0,1,1,1,1,1,0,0,0,0,0,0,0,0
2008-02-13 15:45:00+00:00,30,2,15,,,0,0,0,0,0,0,0,0,0,0,0,0,0,0,0,0,0,0,0,0,0,0,0,0,0
2008-02-13 16:00:00+00:00,30,2,16,,,0,0,0,0,0,0,0,0,0,0,0,0,0,0,0,0,0,0,0,0,0,0,0,0,0
2008-02-13 16:00:00+00:00,30,2,16,86.61715698242188,14.371109962463379,0,0,0,0,0,0,0,0,0,1,1,1,1,1,1,1,1,0,1,1,1,1,1,1,1
2008-02-13 16:00:00+00:00,30,2,16,313.83526611328125,229.8999481201172,0,0,0,0,0,0,0,0,0,0,0,0,0,0,0,0,1,0,0,0,0,0,0,0,0
2008-02-13 16:00:00+00:00,30,2,16,,273.0454406738281,0,0,0,0,0,0,0,0,0,0,0,0,0,0,0,0,0,0,0,0,0,0,0,0,0
2008-02-13 16:00:00+00:00,30,2,16,,245.3408203125,0,0,0,0,0,0,0,0,0,0,0,0,0,0,0,0,0,0,0,0,0,0,0,0,0
2008-02-13 16:00:00+00:00,30,2,16,74.08567810058594,91.92367553710938,0,0,0,0,0,0,0,0,1,1,1,1,1,1,1,1,1,0,0,0,0,0,0,0,0
2008-02-13 16:00:00+00:00,30,2,16,,,0,0,0,0,0,0,0,0,0,0,0,0,0,0,0,0,0,0,0,0,0,0,0,0,0
2008-02-13 16:15:00+00:00,30,2,16,35.96906280517578,8.055564880371094,0,0,0,0,0,1,1,1,1,1,1,1,1,1,1,1,1,1,1,1,1,1,1,1,1
2008-02-13 16:15:00+00:00,30,2,16,51.098289489746094,59.227413177490234,0,0,0,0,0,0,0,1,1,1,1,1,1,1,1,1,1,0,0,0,0,0,0,0,1
2008-02-13 16:15:00+00:00,30,2,16,142.8085479736328,32.554744720458984,0,0,0,0,0,0,0,0,0,0,0,1,1,1,1,1,1,0,0,0,0,0,1,1,1
2008-02-13 16:15:00+00:00,30,2,16,,,0,0,0,0,0,0,0,0,0,0,0,0,0,0,0,0,0,0,0,0,0,0,0,0,0
2008-02-13 16:15:00+00:00,30,2,16,,257.8194274902344,0,0,0,0,0,0,0,0,0,0,0,0,0,0,0,0,0,0,0,0,0,0,0,0,0
2008-02-13 16:15:00+00:00,30,2,16,131.84300231933594,131.84300231933594,0,0,0,0,0,0,0,0,0,0,0,1,1,1,1,1,1,0,0,0,0,0,0,0,0
2008-02-13 16:30:00+00:00,30,2,16,,,0,0,0,0,0,0,0,0,0,0,0,0,0,0,0,0,0,0,0,0,0,0,0,0,0
2008-02-13 16:30:00+00:00,30,2,16,72.87224578857422,17.887624740600586,0,0,0,0,0,0,0,0,1,1,1,1,1,1,1,1,1,0,0,1,1,1,1,1,1
2008-02-13 16:30:00+00:00,30,2,16,75.33872985839844,80.04856872558594,0,0,0,0,0,0,0,0,1,1,1,1,1,1,1,1,1,0,0,0,0,0,0,0,0
2008-02-13 16:30:00+00:00,30,2,16,325.6573486328125,,0,0,0,0,0,0,0,0,0,0,0,0,0,0,0,0,1,0,0,0,0,0,0,0,0
2008-02-13 16:30:00+00:00,30,2,16,277.9419860839844,,0,0,0,0,0,0,0,0,0,0,0,0,0,0,0,1,1,0,0,0,0,0,0,0,0
2008-02-13 16:45:00+00:00,30,2,16,209.14474487304688,200.66476440429688,0,0,0,0,0,0,0,0,0,0,0,0,0,0,1,1,1,0,0,0,0,0,0,0,0
2008-02-13 16:45:00+00:00,30,2,16,96.11138153076172,93.78018951416016,0,0,0,0,0,0,0,0,0,1,1,1,1,1,1,1,1,0,0,0,0,0,0,0,0
2008-02-13 16:45:00+00:00,30,2,16,137.224609375,142.87095642089844,0,0,0,0,0,0,0,0,0,0,0,1,1,1,1,1,1,0,0,0,0,0,0,0,0
2008-02-13 16:45:00+00:00,30,2,16,274.7479248046875,467.7987060546875,0,0,0,0,0,0,0,0,0,0,0,0,0,0,0,1,1,0,0,0,0,0,0,0,0
2008-02-13 16:45:00+00:00,30,2,16,275.0738525390625,,0,0,0,0,0,0,0,0,0,0,0,0,0,0,0,1,1,0,0,0,0,0,0,0,0
2008-02-13 16:45:00+00:00,30,2,16,,,0,0,0,0,0,0,0,0,0,0,0,0,0,0,0,0,0,0,0,0,0,0,0,0,0
2008-02-13 17:00:00+00:00,30,2,17,97.06635284423828,100.97059631347656,0,0,0,0,0,0,0,0,0,1,1,1,1,1,1,1,1,0,0,0,0,0,0,0,0
2008-02-13 17:00:00+00:00,30,2,17,450.0565490722656,445.5323486328125,0,0,0,0,0,0,0,0,0,0,0,0,0,0,0,0,0,0,0,0,0,0,0,0,0
2008-02-13 17:00:00+00:00,30,2,17,274.5505676269531,273.6881103515625,0,0,0,0,0,0,0,0,0,0,0,0,0,0,0,1,1,0,0,0,0,0,0,0,0
2008-02-13 17:00:00+00:00,30,2,17,,287.7801818847656,0,0,0,0,0,0,0,0,0,0,0,0,0,0,0,0,0,0,0,0,0,0,0,0,0
2008-02-13 17:15:00+00:00,30,2,17,34.15580749511719,24.649616241455078,0,0,0,0,0,1,1,1,1,1,1,1,1,1,1,1,1,0,0,0,1,1,1,1,1
2008-02-13 17:15:00+00:00,30,2,17,308.3984375,,0,0,0,0,0,0,0,0,0,0,0,0,0,0,0,0,1,0,0,0,0,0,0,0,0
2008-02-13 17:15:00+00:00,30,2,17,,,0,0,0,0,0,0,0,0,0,0,0,0,0,0,0,0,0,0,0,0,0,0,0,0,0
2008-02-13 17:30:00+00:00,30,2,17,312.4588928222656,291.59954833984375,0,0,0,0,0,0,0,0,0,0,0,0,0,0,0,0,1,0,0,0,0,0,0,0,0
2008-02-13 17:30:00+00:00,30,2,17,285.1782531738281,259.02337646484375,0,0,0,0,0,0,0,0,0,0,0,0,0,0,0,1,1,0,0,0,0,0,0,0,0
2008-02-13 17:30:00+00:00,30,2,17,142.17385864257812,146.9461212158203,0,0,0,0,0,0,0,0,0,0,0,1,1,1,1,1,1,0,0,0,0,0,0,0,0
2008-02-13 17:30:00+00:00,30,2,17,,,0,0,0,0,0,0,0,0,0,0,0,0,0,0,0,0,0,0,0,0,0,0,0,0,0
2008-02-13 17:45:00+00:00,30,2,17,64.33928680419922,64.34091186523438,0,0,0,0,0,0,0,0,1,1,1,1,1,1,1,1,1,0,0,0,0,0,0,0,0
2008-02-13 17:45:00+00:00,30,2,17,37.396484375,35.560646057128906,0,0,0,0,0,1,1,1,1,1,1,1,1,1,1,1,1,0,0,0,0,0,1,1,1
2008-02-13 17:45:00+00:00,30,2,17,175.61489868164062,109.61510467529297,0,0,0,0,0,0,0,0,0,0,0,0,1,1,1,1,1,0,0,0,0,0,0,0,0
2008-02-13 17:45:00+00:00,30,2,17,,,0,0,0,0,0,0,0,0,0,0,0,0,0,0,0,0,0,0,0,0,0,0,0,0,0
2008-02-13 17:45:00+00:00,30,2,17,,,0,0,0,0,0,0,0,0,0,0,0,0,0,0,0,0,0,0,0,0,0,0,0,0,0
2008-02-14 10:00:00+00:00,30,2,10,,,0,0,0,0,0,0,0,0,0,0,0,0,0,0,0,0,0,0,0,0,0,0,0,0,0
2008-02-14 10:00:00+00:00,30,2,10,,,0,0,0,0,0,0,0,0,0,0,0,0,0,0,0,0,0,0,0,0,0,0,0,0,0
2008-02-14 10:00:00+00:00,30,2,10,169.04168701171875,167.8915252685547,0,0,0,0,0,0,0,0,0,0,0,0,1,1,1,1,1,0,0,0,0,0,0,0,0
2008-02-14 10:00:00+00:00,30,2,10,149.83151245117188,54.05037307739258,0,0,0,0,0,0,0,0,0,0,0,1,1,1,1,1,1,0,0,0,0,0,0,0,1
2008-02-14 10:00:00+00:00,30,2,10,111.02188110351562,28.102298736572266,0,0,0,0,0,0,0,0,0,0,1,1,1,1,1,1,1,0,0,0,0,1,1,1,1
2008-02-14 10:00:00+00:00,30,2,10,174.95741271972656,73.69547271728516,0,0,0,0,0,0,0,0,0,0,0,0,1,1,1,1,1,0,0,0,0,0,0,0,0
2008-02-14 10:00:00+00:00,30,2,10,199.5474395751953,87.85152435302734,0,0,0,0,0,0,0,0,0,0,0,0,0,1,1,1,1,0,0,0,0,0,0,0,0
2008-02-14 10:00:00+00:00,30,2,10,254.6077117919922,230.95277404785156,0,0,0,0,0,0,0,0,0,0,0,0,0,0,0,1,1,0,0,0,0,0,0,0,0
2008-02-14 10:00:00+00:00,30,2,10,57.05893325805664,72.96678161621094,0,0,0,0,0,0,0,1,1,1,1,1,1,1,1,1,1,0,0,0,0,0,0,0,0
2008-02-14 10:00:00+00:00,30,2,10,188.03688049316406,182.1864471435547,0,0,0,0,0,0,0,0,0,0,0,0,0,1,1,1,1,0,0,0,0,0,0,0,0
2008-02-14 10:00:00+00:00,30,2,10,,247.8037872314453,0,0,0,0,0,0,0,0,0,0,0,0,0,0,0,0,0,0,0,0,0,0,0,0,0
2008-02-14 10:00:00+00:00,30,2,10,488.3468017578125,170.31832885742188,0,0,0,0,0,0,0,0,0,0,0,0,0,0,0,0,0,0,0,0,0,0,0,0,0
2008-02-14 10:00:00+00:00,30,2,10,,,0,0,0,0,0,0,0,0,0,0,0,0,0,0,0,0,0,0,0,0,0,0,0,0,0
2008-02-14 10:00:00+00:00,30,2,10,,,0,0,0,0,0,0,0,0,0,0,0,0,0,0,0,0,0,0,0,0,0,0,0,0,0
2008-02-14 10:00:00+00:00,30,2,10,,478.26898193359375,0,0,0,0,0,0,0,0,0,0,0,0,0,0,0,0,0,0,0,0,0,0,0,0,0
2008-02-14 10:00:00+00:00,30,2,10,,,0,0,0,0,0,0,0,0,0,0,0,0,0,0,0,0,0,0,0,0,0,0,0,0,0
2008-02-14 10:00:00+00:00,30,2,10,,,0,0,0,0,0,0,0,0,0,0,0,0,0,0,0,0,0,0,0,0,0,0,0,0,0
2008-02-14 10:00:00+00:00,30,2,10,,52.45405578613281,0,0,0,0,0,0,0,0,0,0,0,0,0,0,0,0,0,0,0,0,0,0,0,0,1
2008-02-14 10:00:00+00:00,30,2,10,,,0,0,0,0,0,0,0,0,0,0,0,0,0,0,0,0,0,0,0,0,0,0,0,0,0
2008-02-14 10:00:00+00:00,30,2,10,,,0,0,0,0,0,0,0,0,0,0,0,0,0,0,0,0,0,0,0,0,0,0,0,0,0
2008-02-14 10:15:00+00:00,30,2,10,63.849979400634766,52.2101936340332,0,0,0,0,0,0,0,0,1,1,1,1,1,1,1,1,1,0,0,0,0,0,0,0,1
2008-02-14 10:15:00+00:00,30,2,10,149.55364990234375,142.41305541992188,0,0,0,0,0,0,0,0,0,0,0,1,1,1,1,1,1,0,0,0,0,0,0,0,0
2008-02-14 10:15:00+00:00,30,2,10,254.43429565429688,239.31629943847656,0,0,0,0,0,0,0,0,0,0,0,0,0,0,0,1,1,0,0,0,0,0,0,0,0
2008-02-14 10:15:00+00:00,30,2,10,50.29764175415039,52.092262268066406,0,0,0,0,0,0,0,1,1,1,1,1,1,1,1,1,1,0,0,0,0,0,0,0,1
2008-02-14 10:15:00+00:00,30,2,10,174.4574432373047,58.02365493774414,0,0,0,0,0,0,0,0,0,0,0,0,1,1,1,1,1,0,0,0,0,0,0,0,1
2008-02-14 10:15:00+00:00,30,2,10,60.5629768371582,55.2677001953125,0,0,0,0,0,0,0,0,1,1,1,1,1,1,1,1,1,0,0,0,0,0,0,0,1
2008-02-14 10:15:00+00:00,30,2,10,226.73240661621094,135.17758178710938,0,0,0,0,0,0,0,0,0,0,0,0,0,0,1,1,1,0,0,0,0,0,0,0,0
2008-02-14 10:15:00+00:00,30,2,10,393.6698303222656,324.8614807128906,0,0,0,0,0,0,0,0,0,0,0,0,0,0,0,0,0,0,0,0,0,0,0,0,0
2008-02-14 10:15:00+00:00,30,2,10,328.6311950683594,311.81439208984375,0,0,0,0,0,0,0,0,0,0,0,0,0,0,0,0,1,0,0,0,0,0,0,0,0
2008-02-14 10:15:00+00:00,30,2,10,,,0,0,0,0,0,0,0,0,0,0,0,0,0,0,0,0,0,0,0,0,0,0,0,0,0
2008-02-14 10:15:00+00:00,30,2,10,317.26861572265625,298.8131408691406,0,0,0,0,0,0,0,0,0,0,0,0,0,0,0,0,1,0,0,0,0,0,0,0,0
2008-02-14 10:15:00+00:00,30,2,10,,,0,0,0,0,0,0,0,0,0,0,0,0,0,0,0,0,0,0,0,0,0,0,0,0,0
2008-02-14 10:15:00+00:00,30,2,10,,,0,0,0,0,0,0,0,0,0,0,0,0,0,0,0,0,0,0,0,0,0,0,0,0,0
2008-02-14 10:15:00+00:00,30,2,10,,,0,0,0,0,0,0,0,0,0,0,0,0,0,0,0,0,0,0,0,0,0,0,0,0,0
2008-02-14 10:15:00+00:00,30,2,10,58.983673095703125,0.0,0,0,0,0,0,0,0,1,1,1,1,1,1,1,1,1,1,1,1,1,1,1,1,1,1
2008-02-14 10:30:00+00:00,30,2,10,,,0,0,0,0,0,0,0,0,0,0,0,0,0,0,0,0,0,0,0,0,0,0,0,0,0
2008-02-14 10:30:00+00:00,30,2,10,,,0,0,0,0,0,0,0,0,0,0,0,0,0,0,0,0,0,0,0,0,0,0,0,0,0
2008-02-14 10:30:00+00:00,30,2,10,,,0,0,0,0,0,0,0,0,0,0,0,0,0,0,0,0,0,0,0,0,0,0,0,0,0
2008-02-14 10:30:00+00:00,30,2,10,,,0,0,0,0,0,0,0,0,0,0,0,0,0,0,0,0,0,0,0,0,0,0,0,0,0
2008-02-14 10:30:00+00:00,30,2,10,,,0,0,0,0,0,0,0,0,0,0,0,0,0,0,0,0,0,0,0,0,0,0,0,0,0
2008-02-14 10:30:00+00:00,30,2,10,,,0,0,0,0,0,0,0,0,0,0,0,0,0,0,0,0,0,0,0,0,0,0,0,0,0
2008-02-14 10:30:00+00:00,30,2,10,459.6949462890625,470.44476318359375,0,0,0,0,0,0,0,0,0,0,0,0,0,0,0,0,0,0,0,0,0,0,0,0,0
2008-02-14 10:30:00+00:00,30,2,10,241.2229461669922,235.3086700439453,0,0,0,0,0,0,0,0,0,0,0,0,0,0,1,1,1,0,0,0,0,0,0,0,0
2008-02-14 10:30:00+00:00,30,2,10,51.907249450683594,50.19234085083008,0,0,0,0,0,0,0,1,1,1,1,1,1,1,1,1,1,0,0,0,0,0,0,0,1
2008-02-14 10:30:00+00:00,30,2,10,149.80865478515625,131.4923095703125,0,0,0,0,0,0,0,0,0,0,0,1,1,1,1,1,1,0,0,0,0,0,0,0,0
2008-02-14 10:30:00+00:00,30,2,10,113.1226577758789,110.89169311523438,0,0,0,0,0,0,0,0,0,0,1,1,1,1,1,1,1,0,0,0,0,0,0,0,0
2008-02-14 10:30:00+00:00,30,2,10,230.59532165527344,3.174307107925415,0,0,0,0,0,0,0,0,0,0,0,0,0,0,1,1,1,1,1,1,1,1,1,1,1
2008-02-14 10:30:00+00:00,30,2,10,,,0,0,0,0,0,0,0,0,0,0,0,0,0,0,0,0,0,0,0,0,0,0,0,0,0
2008-02-14 10:30:00+00:00,30,2,10,441.49298095703125,442.2405700683594,0,0,0,0,0,0,0,0,0,0,0,0,0,0,0,0,0,0,0,0,0,0,0,0,0
2008-02-14 10:30:00+00:00,30,2,10,368.8199462890625,369.6178283691406,0,0,0,0,0,0,0,0,0,0,0,0,0,0,0,0,0,0,0,0,0,0,0,0,0
2008-02-14 10:30:00+00:00,30,2,10,233.2842254638672,233.33551025390625,0,0,0,0,0,0,0,0,0,0,0,0,0,0,1,1,1,0,0,0,0,0,0,0,0
2008-02-14 10:30:00+00:00,30,2,10,315.0887451171875,29.687240600585938,0,0,0,0,0,0,0,0,0,0,0,0,0,0,0,0,1,0,0,0,0,1,1,1,1
2008-02-14 10:30:00+00:00,30,2,10,,,0,0,0,0,0,0,0,0,0,0,0,0,0,0,0,0,0,0,0,0,0,0,0,0,0
2008-02-14 10:30:00+00:00,30,2,10,,,0,0,0,0,0,0,0,0,0,0,0,0,0,0,0,0,0,0,0,0,0,0,0,0,0
2008-02-14 10:30:00+00:00,30,2,10,,,0,0,0,0,0,0,0,0,0,0,0,0,0,0,0,0,0,0,0,0,0,0,0,0,0
2008-02-14 10:30:00+00:00,30,2,10,,,0,0,0,0,0,0,0,0,0,0,0,0,0,0,0,0,0,0,0,0,0,0,0,0,0
2008-02-14 10:30:00+00:00,30,2,10,,,0,0,0,0,0,0,0,0,0,0,0,0,0,0,0,0,0,0,0,0,0,0,0,0,0
2008-02-14 10:30:00+00:00,30,2,10,,,0,0,0,0,0,0,0,0,0,0,0,0,0,0,0,0,0,0,0,0,0,0,0,0,0
2008-02-14 10:45:00+00:00,30,2,10,44.03725814819336,9.963393211364746,0,0,0,0,0,0,1,1,1,1,1,1,1,1,1,1,1,1,1,1,1,1,1,1,1
2008-02-14 10:45:00+00:00,30,2,10,163.43643188476562,140.56280517578125,0,0,0,0,0,0,0,0,0,0,0,0,1,1,1,1,1,0,0,0,0,0,0,0,0
2008-02-14 10:45:00+00:00,30,2,10,257.76092529296875,258.9146423339844,0,0,0,0,0,0,0,0,0,0,0,0,0,0,0,1,1,0,0,0,0,0,0,0,0
2008-02-14 10:45:00+00:00,30,2,10,281.2462158203125,153.84500122070312,0,0,0,0,0,0,0,0,0,0,0,0,0,0,0,1,1,0,0,0,0,0,0,0,0
2008-02-14 10:45:00+00:00,30,2,10,361.741943359375,232.8489990234375,0,0,0,0,0,0,0,0,0,0,0,0,0,0,0,0,0,0,0,0,0,0,0,0,0
2008-02-14 10:45:00+00:00,30,2,10,256.33465576171875,213.15089416503906,0,0,0,0,0,0,0,0,0,0,0,0,0,0,0,1,1,0,0,0,0,0,0,0,0
2008-02-14 10:45:00+00:00,30,2,10,94.47696685791016,12.762404441833496,0,0,0,0,0,0,0,0,0,1,1,1,1,1,1,1,1,0,1,1,1,1,1,1,1
2008-02-14 10:45:00+00:00,30,2,10,258.72149658203125,0.0,0,0,0,0,0,0,0,0,0,0,0,0,0,0,0,1,1,1,1,1,1,1,1,1,1
2008-02-14 10:45:00+00:00,30,2,10,284.04510498046875,27.072782516479492,0,0,0,0,0,0,0,0,0,0,0,0,0,0,0,1,1,0,0,0,0,1,1,1,1
2008-02-14 10:45:00+00:00,30,2,10,240.75807189941406,93.5398178100586,0,0,0,0,0,0,0,0,0,0,0,0,0,0,1,1,1,0,0,0,0,0,0,0,0
2008-02-14 10:45:00+00:00,30,2,10,,,0,0,0,0,0,0,0,0,0,0,0,0,0,0,0,0,0,0,0,0,0,0,0,0,0
2008-02-14 10:45:00+00:00,30,2,10,,,0,0,0,0,0,0,0,0,0,0,0,0,0,0,0,0,0,0,0,0,0,0,0,0,0
2008-02-14 10:45:00+00:00,30,2,10,267.04376220703125,231.65817260742188,0,0,0,0,0,0,0,0,0,0,0,0,0,0,0,1,1,0,0,0,0,0,0,0,0
2008-02-14 10:45:00+00:00,30,2,10,,,0,0,0,0,0,0,0,0,0,0,0,0,0,0,0,0,0,0,0,0,0,0,0,0,0
2008-02-14 10:45:00+00:00,30,2,10,,,0,0,0,0,0,0,0,0,0,0,0,0,0,0,0,0,0,0,0,0,0,0,0,0,0
2008-02-14 10:45:00+00:00,30,2,10,,,0,0,0,0,0,0,0,0,0,0,0,0,0,0,0,0,0,0,0,0,0,0,0,0,0
2008-02-14 10:45:00+00:00,30,2,10,,,0,0,0,0,0,0,0,0,0,0,0,0,0,0,0,0,0,0,0,0,0,0,0,0,0
2008-02-14 10:45:00+00:00,30,2,10,,,0,0,0,0,0,0,0,0,0,0,0,0,0,0,0,0,0,0,0,0,0,0,0,0,0
2008-02-14 11:00:00+00:00,30,2,11,,,0,0,0,0,0,0,0,0,0,0,0,0,0,0,0,0,0,0,0,0,0,0,0,0,0
2008-02-14 11:00:00+00:00,30,2,11,,119.35143280029297,0,0,0,0,0,0,0,0,0,0,0,0,0,0,0,0,0,0,0,0,0,0,0,0,0
2008-02-14 11:00:00+00:00,30,2,11,82.11868286132812,7.497232437133789,0,0,0,0,0,0,0,0,0,1,1,1,1,1,1,1,1,1,1,1,1,1,1,1,1
2008-02-14 11:00:00+00:00,30,2,11,,451.81982421875,0,0,0,0,0,0,0,0,0,0,0,0,0,0,0,0,0,0,0,0,0,0,0,0,0
2008-02-14 11:00:00+00:00,30,2,11,103.94798278808594,92.35405731201172,0,0,0,0,0,0,0,0,0,0,1,1,1,1,1,1,1,0,0,0,0,0,0,0,0
2008-02-14 11:00:00+00:00,30,2,11,40.33565902709961,17.46139907836914,0,0,0,0,0,0,1,1,1,1,1,1,1,1,1,1,1,0,0,1,1,1,1,1,1
2008-02-14 11:00:00+00:00,30,2,11,102.92437744140625,13.51283073425293,0,0,0,0,0,0,0,0,0,0,1,1,1,1,1,1,1,0,1,1,1,1,1,1,1
2008-02-14 11:00:00+00:00,30,2,11,353.3259582519531,350.6856384277344,0,0,0,0,0,0,0,0,0,0,0,0,0,0,0,0,0,0,0,0,0,0,0,0,0
2008-02-14 11:00:00+00:00,30,2,11,208.8495635986328,170.4130096435547,0,0,0,0,0,0,0,0,0,0,0,0,0,0,1,1,1,0,0,0,0,0,0,0,0
2008-02-14 11:00:00+00:00,30,2,11,,,0,0,0,0,0,0,0,0,0,0,0,0,0,0,0,0,0,0,0,0,0,0,0,0,0
2008-02-14 11:00:00+00:00,30,2,11,247.6983642578125,208.57479858398438,0,0,0,0,0,0,0,0,0,0,0,0,0,0,1,1,1,0,0,0,0,0,0,0,0
2008-02-14 11:00:00+00:00,30,2,11,210.59910583496094,196.9219207763672,0,0,0,0,0,0,0,0,0,0,0,0,0,0,1,1,1,0,0,0,0,0,0,0,0
2008-02-14 11:00:00+00:00,30,2,11,,,0,0,0,0,0,0,0,0,0,0,0,0,0,0,0,0,0,0,0,0,0,0,0,0,0
2008-02-14 11:00:00+00:00,30,2,11,,,0,0,0,0,0,0,0,0,0,0,0,0,0,0,0,0,0,0,0,0,0,0,0,0,0
2008-02-14 11:00:00+00:00,30,2,11,,,0,0,0,0,0,0,0,0,0,0,0,0,0,0,0,0,0,0,0,0,0,0,0,0,0
2008-02-14 11:00:00+00:00,30,2,11,,,0,0,0,0,0,0,0,0,0,0,0,0,0,0,0,0,0,0,0,0,0,0,0,0,0
2008-02-14 11:15:00+00:00,30,2,11,,,0,0,0,0,0,0,0,0,0,0,0,0,0,0,0,0,0,0,0,0,0,0,0,0,0
2008-02-14 11:15:00+00:00,30,2,11,,,0,0,0,0,0,0,0,0,0,0,0,0,0,0,0,0,0,0,0,0,0,0,0,0,0
2008-02-14 11:15:00+00:00,30,2,11,,295.38580322265625,0,0,0,0,0,0,0,0,0,0,0,0,0,0,0,0,0,0,0,0,0,0,0,0,0
2008-02-14 11:15:00+00:00,30,2,11,,,0,0,0,0,0,0,0,0,0,0,0,0,0,0,0,0,0,0,0,0,0,0,0,0,0
2008-02-14 11:15:00+00:00,30,2,11,,,0,0,0,0,0,0,0,0,0,0,0,0,0,0,0,0,0,0,0,0,0,0,0,0,0
2008-02-14 11:15:00+00:00,30,2,11,283.1503601074219,123.34727478027344,0,0,0,0,0,0,0,0,0,0,0,0,0,0,0,1,1,0,0,0,0,0,0,0,0
2008-02-14 11:15:00+00:00,30,2,11,,,0,0,0,0,0,0,0,0,0,0,0,0,0,0,0,0,0,0,0,0,0,0,0,0,0
2008-02-14 11:15:00+00:00,30,2,11,,,0,0,0,0,0,0,0,0,0,0,0,0,0,0,0,0,0,0,0,0,0,0,0,0,0
2008-02-14 11:15:00+00:00,30,2,11,75.62435913085938,74.44739532470703,0,0,0,0,0,0,0,0,1,1,1,1,1,1,1,1,1,0,0,0,0,0,0,0,0
2008-02-14 11:15:00+00:00,30,2,11,83.43242645263672,51.80610275268555,0,0,0,0,0,0,0,0,0,1,1,1,1,1,1,1,1,0,0,0,0,0,0,0,1
2008-02-14 11:15:00+00:00,30,2,11,151.09292602539062,144.53028869628906,0,0,0,0,0,0,0,0,0,0,0,0,1,1,1,1,1,0,0,0,0,0,0,0,0
2008-02-14 11:15:00+00:00,30,2,11,312.2201843261719,312.17169189453125,0,0,0,0,0,0,0,0,0,0,0,0,0,0,0,0,1,0,0,0,0,0,0,0,0
2008-02-14 11:15:00+00:00,30,2,11,262.44561767578125,251.83802795410156,0,0,0,0,0,0,0,0,0,0,0,0,0,0,0,1,1,0,0,0,0,0,0,0,0
2008-02-14 11:15:00+00:00,30,2,11,182.9792022705078,140.71022033691406,0,0,0,0,0,0,0,0,0,0,0,0,0,1,1,1,1,0,0,0,0,0,0,0,0
2008-02-14 11:15:00+00:00,30,2,11,65.86038970947266,65.35823059082031,0,0,0,0,0,0,0,0,1,1,1,1,1,1,1,1,1,0,0,0,0,0,0,0,0
2008-02-14 11:15:00+00:00,30,2,11,119.35531616210938,92.81364440917969,0,0,0,0,0,0,0,0,0,0,1,1,1,1,1,1,1,0,0,0,0,0,0,0,0
2008-02-14 11:15:00+00:00,30,2,11,,,0,0,0,0,0,0,0,0,0,0,0,0,0,0,0,0,0,0,0,0,0,0,0,0,0
2008-02-14 11:15:00+00:00,30,2,11,344.9183654785156,313.8988037109375,0,0,0,0,0,0,0,0,0,0,0,0,0,0,0,0,1,0,0,0,0,0,0,0,0
2008-02-14 11:15:00+00:00,30,2,11,89.36168670654297,82.56996154785156,0,0,0,0,0,0,0,0,0,1,1,1,1,1,1,1,1,0,0,0,0,0,0,0,0
2008-02-14 11:15:00+00:00,30,2,11,253.54469299316406,64.2781753540039,0,0,0,0,0,0,0,0,0,0,0,0,0,0,0,1,1,0,0,0,0,0,0,0,0
2008-02-14 11:15:00+00:00,30,2,11,,,0,0,0,0,0,0,0,0,0,0,0,0,0,0,0,0,0,0,0,0,0,0,0,0,0
2008-02-14 11:15:00+00:00,30,2,11,124.08094787597656,121.76365661621094,0,0,0,0,0,0,0,0,0,0,0,1,1,1,1,1,1,0,0,0,0,0,0,0,0
2008-02-14 11:15:00+00:00,30,2,11,198.1558380126953,181.05230712890625,0,0,0,0,0,0,0,0,0,0,0,0,0,1,1,1,1,0,0,0,0,0,0,0,0
2008-02-14 11:15:00+00:00,30,2,11,,,0,0,0,0,0,0,0,0,0,0,0,0,0,0,0,0,0,0,0,0,0,0,0,0,0
2008-02-14 11:15:00+00:00,30,2,11,,,0,0,0,0,0,0,0,0,0,0,0,0,0,0,0,0,0,0,0,0,0,0,0,0,0
2008-02-14 11:15:00+00:00,30,2,11,78.39910125732422,63.26253128051758,0,0,0,0,0,0,0,0,1,1,1,1,1,1,1,1,1,0,0,0,0,0,0,0,0
2008-02-14 11:15:00+00:00,30,2,11,,,0,0,0,0,0,0,0,0,0,0,0,0,0,0,0,0,0,0,0,0,0,0,0,0,0
2008-02-14 11:15:00+00:00,30,2,11,,,0,0,0,0,0,0,0,0,0,0,0,0,0,0,0,0,0,0,0,0,0,0,0,0,0
2008-02-14 11:15:00+00:00,30,2,11,47.215999603271484,24.570058822631836,0,0,0,0,0,0,1,1,1,1,1,1,1,1,1,1,1,0,0,0,1,1,1,1,1
2008-02-14 11:15:00+00:00,30,2,11,,,0,0,0,0,0,0,0,0,0,0,0,0,0,0,0,0,0,0,0,0,0,0,0,0,0
2008-02-14 11:30:00+00:00,30,2,11,,175.77987670898438,0,0,0,0,0,0,0,0,0,0,0,0,0,0,0,0,0,0,0,0,0,0,0,0,0
2008-02-14 11:30:00+00:00,30,2,11,,109.6056137084961,0,0,0,0,0,0,0,0,0,0,0,0,0,0,0,0,0,0,0,0,0,0,0,0,0
2008-02-14 11:30:00+00:00,30,2,11,44.48659896850586,41.24588394165039,0,0,0,0,0,0,1,1,1,1,1,1,1,1,1,1,1,0,0,0,0,0,0,1,1
2008-02-14 11:30:00+00:00,30,2,11,78.53846740722656,64.74684143066406,0,0,0,0,0,0,0,0,1,1,1,1,1,1,1,1,1,0,0,0,0,0,0,0,0
2008-02-14 11:30:00+00:00,30,2,11,205.89303588867188,199.67311096191406,0,0,0,0,0,0,0,0,0,0,0,0,0,0,1,1,1,0,0,0,0,0,0,0,0
2008-02-14 11:30:00+00:00,30,2,11,260.67681884765625,280.73382568359375,0,0,0,0,0,0,0,0,0,0,0,0,0,0,0,1,1,0,0,0,0,0,0,0,0
2008-02-14 11:30:00+00:00,30,2,11,213.6395721435547,237.23739624023438,0,0,0,0,0,0,0,0,0,0,0,0,0,0,1,1,1,0,0,0,0,0,0,0,0
2008-02-14 11:30:00+00:00,30,2,11,78.1732406616211,97.7387466430664,0,0,0,0,0,0,0,0,1,1,1,1,1,1,1,1,1,0,0,0,0,0,0,0,0
2008-02-14 11:30:00+00:00,30,2,11,65.44074249267578,37.18046188354492,0,0,0,0,0,0,0,0,1,1,1,1,1,1,1,1,1,0,0,0,0,0,1,1,1
2008-02-14 11:30:00+00:00,30,2,11,93.30979919433594,69.47933197021484,0,0,0,0,0,0,0,0,0,1,1,1,1,1,1,1,1,0,0,0,0,0,0,0,0
2008-02-14 11:30:00+00:00,30,2,11,130.00245666503906,83.10306549072266,0,0,0,0,0,0,0,0,0,0,0,1,1,1,1,1,1,0,0,0,0,0,0,0,0
2008-02-14 11:30:00+00:00,30,2,11,188.74346923828125,105.1472396850586,0,0,0,0,0,0,0,0,0,0,0,0,0,1,1,1,1,0,0,0,0,0,0,0,0
2008-02-14 11:30:00+00:00,30,2,11,416.1138916015625,436.8408203125,0,0,0,0,0,0,0,0,0,0,0,0,0,0,0,0,0,0,0,0,0,0,0,0,0
2008-02-14 11:30:00+00:00,30,2,11,70.74208068847656,33.879051208496094,0,0,0,0,0,0,0,0,1,1,1,1,1,1,1,1,1,0,0,0,0,0,1,1,1
2008-02-14 11:30:00+00:00,30,2,11,,,0,0,0,0,0,0,0,0,0,0,0,0,0,0,0,0,0,0,0,0,0,0,0,0,0
2008-02-14 11:30:00+00:00,30,2,11,83.4276123046875,83.4276123046875,0,0,0,0,0,0,0,0,0,1,1,1,1,1,1,1,1,0,0,0,0,0,0,0,0
2008-02-14 11:30:00+00:00,30,2,11,,,0,0,0,0,0,0,0,0,0,0,0,0,0,0,0,0,0,0,0,0,0,0,0,0,0
2008-02-14 11:30:00+00:00,30,2,11,,,0,0,0,0,0,0,0,0,0,0,0,0,0,0,0,0,0,0,0,0,0,0,0,0,0
2008-02-14 11:30:00+00:00,30,2,11,,,0,0,0,0,0,0,0,0,0,0,0,0,0,0,0,0,0,0,0,0,0,0,0,0,0
2008-02-14 11:30:00+00:00,30,2,11,,,0,0,0,0,0,0,0,0,0,0,0,0,0,0,0,0,0,0,0,0,0,0,0,0,0
2008-02-14 11:30:00+00:00,30,2,11,,,0,0,0,0,0,0,0,0,0,0,0,0,0,0,0,0,0,0,0,0,0,0,0,0,0
2008-02-14 11:30:00+00:00,30,2,11,,,0,0,0,0,0,0,0,0,0,0,0,0,0,0,0,0,0,0,0,0,0,0,0,0,0
2008-02-14 11:45:00+00:00,30,2,11,,,0,0,0,0,0,0,0,0,0,0,0,0,0,0,0,0,0,0,0,0,0,0,0,0,0
2008-02-14 11:45:00+00:00,30,2,11,,,0,0,0,0,0,0,0,0,0,0,0,0,0,0,0,0,0,0,0,0,0,0,0,0,0
2008-02-14 11:45:00+00:00,30,2,11,,495.2572326660156,0,0,0,0,0,0,0,0,0,0,0,0,0,0,0,0,0,0,0,0,0,0,0,0,0
2008-02-14 11:45:00+00:00,30,2,11,,269.76226806640625,0,0,0,0,0,0,0,0,0,0,0,0,0,0,0,0,0,0,0,0,0,0,0,0,0
2008-02-14 11:45:00+00:00,30,2,11,303.3046569824219,120.63700103759766,0,0,0,0,0,0,0,0,0,0,0,0,0,0,0,0,1,0,0,0,0,0,0,0,0
2008-02-14 11:45:00+00:00,30,2,11,211.78553771972656,209.5548553466797,0,0,0,0,0,0,0,0,0,0,0,0,0,0,1,1,1,0,0,0,0,0,0,0,0
2008-02-14 11:45:00+00:00,30,2,11,65.97966766357422,65.97966766357422,0,0,0,0,0,0,0,0,1,1,1,1,1,1,1,1,1,0,0,0,0,0,0,0,0
2008-02-14 11:45:00+00:00,30,2,11,,212.8556365966797,0,0,0,0,0,0,0,0,0,0,0,0,0,0,0,0,0,0,0,0,0,0,0,0,0
2008-02-14 11:45:00+00:00,30,2,11,,,0,0,0,0,0,0,0,0,0,0,0,0,0,0,0,0,0,0,0,0,0,0,0,0,0
2008-02-14 11:45:00+00:00,30,2,11,,,0,0,0,0,0,0,0,0,0,0,0,0,0,0,0,0,0,0,0,0,0,0,0,0,0
2008-02-14 11:45:00+00:00,30,2,11,436.9712829589844,451.4395446777344,0,0,0,0,0,0,0,0,0,0,0,0,0,0,0,0,0,0,0,0,0,0,0,0,0
2008-02-14 11:45:00+00:00,30,2,11,180.91123962402344,136.13070678710938,0,0,0,0,0,0,0,0,0,0,0,0,0,1,1,1,1,0,0,0,0,0,0,0,0
2008-02-14 11:45:00+00:00,30,2,11,199.9925537109375,211.9453125,0,0,0,0,0,0,0,0,0,0,0,0,0,1,1,1,1,0,0,0,0,0,0,0,0
2008-02-14 11:45:00+00:00,30,2,11,,,0,0,0,0,0,0,0,0,0,0,0,0,0,0,0,0,0,0,0,0,0,0,0,0,0
2008-02-14 11:45:00+00:00,30,2,11,76.92691802978516,70.28341674804688,0,0,0,0,0,0,0,0,1,1,1,1,1,1,1,1,1,0,0,0,0,0,0,0,0
2008-02-14 11:45:00+00:00,30,2,11,117.0517807006836,100.25706481933594,0,0,0,0,0,0,0,0,0,0,1,1,1,1,1,1,1,0,0,0,0,0,0,0,0
2008-02-14 11:45:00+00:00,30,2,11,160.7130889892578,170.70114135742188,0,0,0,0,0,0,0,0,0,0,0,0,1,1,1,1,1,0,0,0,0,0,0,0,0
2008-02-14 11:45:00+00:00,30,2,11,143.87698364257812,125.26029968261719,0,0,0,0,0,0,0,0,0,0,0,1,1,1,1,1,1,0,0,0,0,0,0,0,0
2008-02-14 11:45:00+00:00,30,2,11,385.6495666503906,375.29559326171875,0,0,0,0,0,0,0,0,0,0,0,0,0,0,0,0,0,0,0,0,0,0,0,0,0
2008-02-14 11:45:00+00:00,30,2,11,,,0,0,0,0,0,0,0,0,0,0,0,0,0,0,0,0,0,0,0,0,0,0,0,0,0
2008-02-14 11:45:00+00:00,30,2,11,,,0,0,0,0,0,0,0,0,0,0,0,0,0,0,0,0,0,0,0,0,0,0,0,0,0
2008-02-14 11:45:00+00:00,30,2,11,,,0,0,0,0,0,0,0,0,0,0,0,0,0,0,0,0,0,0,0,0,0,0,0,0,0
2008-02-14 11:45:00+00:00,30,2,11,,,0,0,0,0,0,0,0,0,0,0,0,0,0,0,0,0,0,0,0,0,0,0,0,0,0
2008-02-14 11:45:00+00:00,30,2,11,,,0,0,0,0,0,0,0,0,0,0,0,0,0,0,0,0,0,0,0,0,0,0,0,0,0
2008-02-14 12:00:00+00:00,30,2,12,245.64886474609375,252.32064819335938,0,0,0,0,0,0,0,0,0,0,0,0,0,0,1,1,1,0,0,0,0,0,0,0,0
2008-02-14 12:00:00+00:00,30,2,12,297.02471923828125,156.84776306152344,0,0,0,0,0,0,0,0,0,0,0,0,0,0,0,1,1,0,0,0,0,0,0,0,0
2008-02-14 12:00:00+00:00,30,2,12,253.30007934570312,27.353593826293945,0,0,0,0,0,0,0,0,0,0,0,0,0,0,0,1,1,0,0,0,0,1,1,1,1
2008-02-14 12:00:00+00:00,30,2,12,,159.05911254882812,0,0,0,0,0,0,0,0,0,0,0,0,0,0,0,0,0,0,0,0,0,0,0,0,0
2008-02-14 12:00:00+00:00,30,2,12,,233.1527557373047,0,0,0,0,0,0,0,0,0,0,0,0,0,0,0,0,0,0,0,0,0,0,0,0,0
2008-02-14 12:00:00+00:00,30,2,12,356.3841552734375,286.75250244140625,0,0,0,0,0,0,0,0,0,0,0,0,0,0,0,0,0,0,0,0,0,0,0,0,0
2008-02-14 12:00:00+00:00,30,2,12,411.49359130859375,320.2086181640625,0,0,0,0,0,0,0,0,0,0,0,0,0,0,0,0,0,0,0,0,0,0,0,0,0
2008-02-14 12:00:00+00:00,30,2,12,293.0235595703125,285.6260986328125,0,0,0,0,0,0,0,0,0,0,0,0,0,0,0,1,1,0,0,0,0,0,0,0,0
2008-02-14 12:00:00+00:00,30,2,12,,,0,0,0,0,0,0,0,0,0,0,0,0,0,0,0,0,0,0,0,0,0,0,0,0,0
2008-02-14 12:00:00+00:00,30,2,12,203.25534057617188,183.75082397460938,0,0,0,0,0,0,0,0,0,0,0,0,0,0,1,1,1,0,0,0,0,0,0,0,0
2008-02-14 12:00:00+00:00,30,2,12,481.87689208984375,199.54434204101562,0,0,0,0,0,0,0,0,0,0,0,0,0,0,0,0,0,0,0,0,0,0,0,0,0
2008-02-14 12:00:00+00:00,30,2,12,102.45486450195312,44.76288986206055,0,0,0,0,0,0,0,0,0,0,1,1,1,1,1,1,1,0,0,0,0,0,0,1,1
2008-02-14 12:00:00+00:00,30,2,12,355.3596496582031,294.4527893066406,0,0,0,0,0,0,0,0,0,0,0,0,0,0,0,0,0,0,0,0,0,0,0,0,0
2008-02-14 12:00:00+00:00,30,2,12,,,0,0,0,0,0,0,0,0,0,0,0,0,0,0,0,0,0,0,0,0,0,0,0,0,0
2008-02-14 12:00:00+00:00,30,2,12,,,0,0,0,0,0,0,0,0,0,0,0,0,0,0,0,0,0,0,0,0,0,0,0,0,0
2008-02-14 12:15:00+00:00,30,2,12,,,0,0,0,0,0,0,0,0,0,0,0,0,0,0,0,0,0,0,0,0,0,0,0,0,0
2008-02-14 12:15:00+00:00,30,2,12,264.3045959472656,,0,0,0,0,0,0,0,0,0,0,0,0,0,0,0,1,1,0,0,0,0,0,0,0,0
2008-02-14 12:15:00+00:00,30,2,12,97.33475494384766,330.0291442871094,0,0,0,0,0,0,0,0,0,1,1,1,1,1,1,1,1,0,0,0,0,0,0,0,0
2008-02-14 12:15:00+00:00,30,2,12,95.81546020507812,92.04340362548828,0,0,0,0,0,0,0,0,0,1,1,1,1,1,1,1,1,0,0,0,0,0,0,0,0
2008-02-14 12:15:00+00:00,30,2,12,,,0,0,0,0,0,0,0,0,0,0,0,0,0,0,0,0,0,0,0,0,0,0,0,0,0
2008-02-14 12:15:00+00:00,30,2,12,315.8229064941406,308.20849609375,0,0,0,0,0,0,0,0,0,0,0,0,0,0,0,0,1,0,0,0,0,0,0,0,0
2008-02-14 12:15:00+00:00,30,2,12,63.75000762939453,41.72381591796875,0,0,0,0,0,0,0,0,1,1,1,1,1,1,1,1,1,0,0,0,0,0,0,1,1
2008-02-14 12:15:00+00:00,30,2,12,378.333984375,130.088134765625,0,0,0,0,0,0,0,0,0,0,0,0,0,0,0,0,0,0,0,0,0,0,0,0,0
2008-02-14 12:15:00+00:00,30,2,12,304.38604736328125,304.3962707519531,0,0,0,0,0,0,0,0,0,0,0,0,0,0,0,0,1,0,0,0,0,0,0,0,0
2008-02-14 12:15:00+00:00,30,2,12,88.18656921386719,91.39028930664062,0,0,0,0,0,0,0,0,0,1,1,1,1,1,1,1,1,0,0,0,0,0,0,0,0
2008-02-14 12:15:00+00:00,30,2,12,285.32403564453125,48.15079879760742,0,0,0,0,0,0,0,0,0,0,0,0,0,0,0,1,1,0,0,0,0,0,0,1,1
2008-02-14 12:15:00+00:00,30,2,12,,,0,0,0,0,0,0,0,0,0,0,0,0,0,0,0,0,0,0,0,0,0,0,0,0,0
2008-02-14 12:15:00+00:00,30,2,12,268.3663635253906,238.8968505859375,0,0,0,0,0,0,0,0,0,0,0,0,0,0,0,1,1,0,0,0,0,0,0,0,0
2008-02-14 12:15:00+00:00,30,2,12,203.03164672851562,203.03164672851562,0,0,0,0,0,0,0,0,0,0,0,0,0,0,1,1,1,0,0,0,0,0,0,0,0
2008-02-14 12:15:00+00:00,30,2,12,93.74441528320312,69.78890228271484,0,0,0,0,0,0,0,0,0,1,1,1,1,1,1,1,1,0,0,0,0,0,0,0,0
2008-02-14 12:15:00+00:00,30,2,12,203.88568115234375,186.17921447753906,0,0,0,0,0,0,0,0,0,0,0,0,0,0,1,1,1,0,0,0,0,0,0,0,0
2008-02-14 12:15:00+00:00,30,2,12,102.49529266357422,0.0,0,0,0,0,0,0,0,0,0,0,1,1,1,1,1,1,1,1,1,1,1,1,1,1,1
2008-02-14 12:15:00+00:00,30,2,12,,215.7535858154297,0,0,0,0,0,0,0,0,0,0,0,0,0,0,0,0,0,0,0,0,0,0,0,0,0
2008-02-14 12:15:00+00:00,30,2,12,,59.58622741699219,0,0,0,0,0,0,0,0,0,0,0,0,0,0,0,0,0,0,0,0,0,0,0,0,1
2008-02-14 12:15:00+00:00,30,2,12,,89.08960723876953,0,0,0,0,0,0,0,0,0,0,0,0,0,0,0,0,0,0,0,0,0,0,0,0,0
2008-02-14 12:15:00+00:00,30,2,12,309.3236389160156,256.9312438964844,0,0,0,0,0,0,0,0,0,0,0,0,0,0,0,0,1,0,0,0,0,0,0,0,0
2008-02-14 12:15:00+00:00,30,2,12,,,0,0,0,0,0,0,0,0,0,0,0,0,0,0,0,0,0,0,0,0,0,0,0,0,0
2008-02-14 12:15:00+00:00,30,2,12,,,0,0,0,0,0,0,0,0,0,0,0,0,0,0,0,0,0,0,0,0,0,0,0,0,0
2008-02-14 12:15:00+00:00,30,2,12,,,0,0,0,0,0,0,0,0,0,0,0,0,0,0,0,0,0,0,0,0,0,0,0,0,0
2008-02-14 12:30:00+00:00,30,2,12,118.39847564697266,198.63706970214844,0,0,0,0,0,0,0,0,0,0,1,1,1,1,1,1,1,0,0,0,0,0,0,0,0
2008-02-14 12:30:00+00:00,30,2,12,88.62102508544922,185.08395385742188,0,0,0,0,0,0,0,0,0,1,1,1,1,1,1,1,1,0,0,0,0,0,0,0,0
2008-02-14 12:30:00+00:00,30,2,12,165.2083282470703,171.23336791992188,0,0,0,0,0,0,0,0,0,0,0,0,1,1,1,1,1,0,0,0,0,0,0,0,0
2008-02-14 12:30:00+00:00,30,2,12,,301.9845886230469,0,0,0,0,0,0,0,0,0,0,0,0,0,0,0,0,0,0,0,0,0,0,0,0,0
2008-02-14 12:30:00+00:00,30,2,12,,291.64544677734375,0,0,0,0,0,0,0,0,0,0,0,0,0,0,0,0,0,0,0,0,0,0,0,0,0
2008-02-14 12:30:00+00:00,30,2,12,94.67267608642578,26.566753387451172,0,0,0,0,0,0,0,0,0,1,1,1,1,1,1,1,1,0,0,0,0,1,1,1,1
2008-02-14 12:30:00+00:00,30,2,12,46.48637390136719,42.68558120727539,0,0,0,0,0,0,1,1,1,1,1,1,1,1,1,1,1,0,0,0,0,0,0,1,1
2008-02-14 12:30:00+00:00,30,2,12,191.96653747558594,107.59395599365234,0,0,0,0,0,0,0,0,0,0,0,0,0,1,1,1,1,0,0,0,0,0,0,0,0
2008-02-14 12:30:00+00:00,30,2,12,134.91529846191406,134.5771942138672,0,0,0,0,0,0,0,0,0,0,0,1,1,1,1,1,1,0,0,0,0,0,0,0,0
2008-02-14 12:30:00+00:00,30,2,12,359.6063537597656,65.49400329589844,0,0,0,0,0,0,0,0,0,0,0,0,0,0,0,0,0,0,0,0,0,0,0,0,0
2008-02-14 12:30:00+00:00,30,2,12,,,0,0,0,0,0,0,0,0,0,0,0,0,0,0,0,0,0,0,0,0,0,0,0,0,0
2008-02-14 12:30:00+00:00,30,2,12,,,0,0,0,0,0,0,0,0,0,0,0,0,0,0,0,0,0,0,0,0,0,0,0,0,0
2008-02-14 12:45:00+00:00,30,2,12,330.3998718261719,334.3279113769531,0,0,0,0,0,0,0,0,0,0,0,0,0,0,0,0,1,0,0,0,0,0,0,0,0
2008-02-14 12:45:00+00:00,30,2,12,,,0,0,0,0,0,0,0,0,0,0,0,0,0,0,0,0,0,0,0,0,0,0,0,0,0
2008-02-14 12:45:00+00:00,30,2,12,,,0,0,0,0,0,0,0,0,0,0,0,0,0,0,0,0,0,0,0,0,0,0,0,0,0
2008-02-14 12:45:00+00:00,30,2,12,,,0,0,0,0,0,0,0,0,0,0,0,0,0,0,0,0,0,0,0,0,0,0,0,0,0
2008-02-14 12:45:00+00:00,30,2,12,112.97159576416016,76.10550689697266,0,0,0,0,0,0,0,0,0,0,1,1,1,1,1,1,1,0,0,0,0,0,0,0,0
2008-02-14 12:45:00+00:00,30,2,12,,,0,0,0,0,0,0,0,0,0,0,0,0,0,0,0,0,0,0,0,0,0,0,0,0,0
2008-02-14 12:45:00+00:00,30,2,12,279.80908203125,267.82708740234375,0,0,0,0,0,0,0,0,0,0,0,0,0,0,0,1,1,0,0,0,0,0,0,0,0
2008-02-14 12:45:00+00:00,30,2,12,42.032379150390625,45.85884094238281,0,0,0,0,0,0,1,1,1,1,1,1,1,1,1,1,1,0,0,0,0,0,0,1,1
2008-02-14 12:45:00+00:00,30,2,12,313.6229553222656,350.0978088378906,0,0,0,0,0,0,0,0,0,0,0,0,0,0,0,0,1,0,0,0,0,0,0,0,0
2008-02-14 12:45:00+00:00,30,2,12,58.907222747802734,29.041748046875,0,0,0,0,0,0,0,1,1,1,1,1,1,1,1,1,1,0,0,0,0,1,1,1,1
2008-02-14 12:45:00+00:00,30,2,12,62.06678009033203,12.527278900146484,0,0,0,0,0,0,0,0,1,1,1,1,1,1,1,1,1,0,1,1,1,1,1,1,1
2008-02-14 12:45:00+00:00,30,2,12,87.28898620605469,51.89657211303711,0,0,0,0,0,0,0,0,0,1,1,1,1,1,1,1,1,0,0,0,0,0,0,0,1
2008-02-14 12:45:00+00:00,30,2,12,157.60435485839844,21.379133224487305,0,0,0,0,0,0,0,0,0,0,0,0,1,1,1,1,1,0,0,0,1,1,1,1,1
2008-02-14 12:45:00+00:00,30,2,12,138.20346069335938,127.07372283935547,0,0,0,0,0,0,0,0,0,0,0,1,1,1,1,1,1,0,0,0,0,0,0,0,0
2008-02-14 12:45:00+00:00,30,2,12,134.8577880859375,115.4648208618164,0,0,0,0,0,0,0,0,0,0,0,1,1,1,1,1,1,0,0,0,0,0,0,0,0
2008-02-14 12:45:00+00:00,30,2,12,444.3112487792969,,0,0,0,0,0,0,0,0,0,0,0,0,0,0,0,0,0,0,0,0,0,0,0,0,0
2008-02-14 12:45:00+00:00,30,2,12,290.6174011230469,69.84623718261719,0,0,0,0,0,0,0,0,0,0,0,0,0,0,0,1,1,0,0,0,0,0,0,0,0
2008-02-14 12:45:00+00:00,30,2,12,,218.23263549804688,0,0,0,0,0,0,0,0,0,0,0,0,0,0,0,0,0,0,0,0,0,0,0,0,0
2008-02-14 12:45:00+00:00,30,2,12,,,0,0,0,0,0,0,0,0,0,0,0,0,0,0,0,0,0,0,0,0,0,0,0,0,0
2008-02-14 12:45:00+00:00,30,2,12,,,0,0,0,0,0,0,0,0,0,0,0,0,0,0,0,0,0,0,0,0,0,0,0,0,0
2008-02-14 13:00:00+00:00,30,2,13,,,0,0,0,0,0,0,0,0,0,0,0,0,0,0,0,0,0,0,0,0,0,0,0,0,0
2008-02-14 13:00:00+00:00,30,2,13,,,0,0,0,0,0,0,0,0,0,0,0,0,0,0,0,0,0,0,0,0,0,0,0,0,0
2008-02-14 13:00:00+00:00,30,2,13,166.65737915039062,168.43365478515625,0,0,0,0,0,0,0,0,0,0,0,0,1,1,1,1,1,0,0,0,0,0,0,0,0
2008-02-14 13:00:00+00:00,30,2,13,188.9154815673828,153.99649047851562,0,0,0,0,0,0,0,0,0,0,0,0,0,1,1,1,1,0,0,0,0,0,0,0,0
2008-02-14 13:00:00+00:00,30,2,13,562.4507446289062,,0,0,0,0,0,0,0,0,0,0,0,0,0,0,0,0,0,0,0,0,0,0,0,0,0
2008-02-14 13:00:00+00:00,30,2,13,336.73358154296875,522.0294189453125,0,0,0,0,0,0,0,0,0,0,0,0,0,0,0,0,1,0,0,0,0,0,0,0,0
2008-02-14 13:00:00+00:00,30,2,13,197.47445678710938,197.546630859375,0,0,0,0,0,0,0,0,0,0,0,0,0,1,1,1,1,0,0,0,0,0,0,0,0
2008-02-14 13:00:00+00:00,30,2,13,95.00084686279297,4.738224506378174,0,0,0,0,0,0,0,0,0,1,1,1,1,1,1,1,1,1,1,1,1,1,1,1,1
2008-02-14 13:00:00+00:00,30,2,13,91.74237823486328,87.6978759765625,0,0,0,0,0,0,0,0,0,1,1,1,1,1,1,1,1,0,0,0,0,0,0,0,0
2008-02-14 13:00:00+00:00,30,2,13,82.96641540527344,76.99034881591797,0,0,0,0,0,0,0,0,0,1,1,1,1,1,1,1,1,0,0,0,0,0,0,0,0
2008-02-14 13:00:00+00:00,30,2,13,173.96299743652344,61.02757263183594,0,0,0,0,0,0,0,0,0,0,0,0,1,1,1,1,1,0,0,0,0,0,0,0,0
2008-02-14 13:00:00+00:00,30,2,13,309.0712890625,301.6398620605469,0,0,0,0,0,0,0,0,0,0,0,0,0,0,0,0,1,0,0,0,0,0,0,0,0
2008-02-14 13:00:00+00:00,30,2,13,403.0697937011719,372.8426513671875,0,0,0,0,0,0,0,0,0,0,0,0,0,0,0,0,0,0,0,0,0,0,0,0,0
2008-02-14 13:00:00+00:00,30,2,13,188.22950744628906,181.7292022705078,0,0,0,0,0,0,0,0,0,0,0,0,0,1,1,1,1,0,0,0,0,0,0,0,0
2008-02-14 13:00:00+00:00,30,2,13,158.9303436279297,152.92691040039062,0,0,0,0,0,0,0,0,0,0,0,0,1,1,1,1,1,0,0,0,0,0,0,0,0
2008-02-14 13:00:00+00:00,30,2,13,,,0,0,0,0,0,0,0,0,0,0,0,0,0,0,0,0,0,0,0,0,0,0,0,0,0
2008-02-14 13:15:00+00:00,30,2,13,178.32275390625,157.96185302734375,0,0,0,0,0,0,0,0,0,0,0,0,1,1,1,1,1,0,0,0,0,0,0,0,0
2008-02-14 13:15:00+00:00,30,2,13,469.3210144042969,423.1947326660156,0,0,0,0,0,0,0,0,0,0,0,0,0,0,0,0,0,0,0,0,0,0,0,0,0
2008-02-14 13:15:00+00:00,30,2,13,,,0,0,0,0,0,0,0,0,0,0,0,0,0,0,0,0,0,0,0,0,0,0,0,0,0
2008-02-14 13:15:00+00:00,30,2,13,505.14996337890625,362.7809143066406,0,0,0,0,0,0,0,0,0,0,0,0,0,0,0,0,0,0,0,0,0,0,0,0,0
2008-02-14 13:15:00+00:00,30,2,13,100.20736694335938,103.13512420654297,0,0,0,0,0,0,0,0,0,0,1,1,1,1,1,1,1,0,0,0,0,0,0,0,0
2008-02-14 13:15:00+00:00,30,2,13,238.31976318359375,192.4567108154297,0,0,0,0,0,0,0,0,0,0,0,0,0,0,1,1,1,0,0,0,0,0,0,0,0
2008-02-14 13:15:00+00:00,30,2,13,,,0,0,0,0,0,0,0,0,0,0,0,0,0,0,0,0,0,0,0,0,0,0,0,0,0
2008-02-14 13:15:00+00:00,30,2,13,,,0,0,0,0,0,0,0,0,0,0,0,0,0,0,0,0,0,0,0,0,0,0,0,0,0
2008-02-14 13:30:00+00:00,30,2,13,234.50680541992188,235.24742126464844,0,0,0,0,0,0,0,0,0,0,0,0,0,0,1,1,1,0,0,0,0,0,0,0,0
2008-02-14 13:30:00+00:00,30,2,13,285.0749206542969,243.26089477539062,0,0,0,0,0,0,0,0,0,0,0,0,0,0,0,1,1,0,0,0,0,0,0,0,0
2008-02-14 13:30:00+00:00,30,2,13,136.86019897460938,63.42256546020508,0,0,0,0,0,0,0,0,0,0,0,1,1,1,1,1,1,0,0,0,0,0,0,0,0
2008-02-14 13:30:00+00:00,30,2,13,,354.20147705078125,0,0,0,0,0,0,0,0,0,0,0,0,0,0,0,0,0,0,0,0,0,0,0,0,0
2008-02-14 13:30:00+00:00,30,2,13,73.75810241699219,6.882622718811035,0,0,0,0,0,0,0,0,1,1,1,1,1,1,1,1,1,1,1,1,1,1,1,1,1
2008-02-14 13:30:00+00:00,30,2,13,86.34356689453125,69.28791809082031,0,0,0,0,0,0,0,0,0,1,1,1,1,1,1,1,1,0,0,0,0,0,0,0,0
2008-02-14 13:30:00+00:00,30,2,13,54.96769714355469,48.60186004638672,0,0,0,0,0,0,0,1,1,1,1,1,1,1,1,1,1,0,0,0,0,0,0,1,1
2008-02-14 13:30:00+00:00,30,2,13,50.23469161987305,16.740554809570312,0,0,0,0,0,0,0,1,1,1,1,1,1,1,1,1,1,0,0,1,1,1,1,1,1
2008-02-14 13:30:00+00:00,30,2,13,314.49371337890625,6.578319549560547,0,0,0,0,0,0,0,0,0,0,0,0,0,0,0,0,1,1,1,1,1,1,1,1,1
2008-02-14 13:30:00+00:00,30,2,13,335.7634582519531,228.1160888671875,0,0,0,0,0,0,0,0,0,0,0,0,0,0,0,0,1,0,0,0,0,0,0,0,0
2008-02-14 13:30:00+00:00,30,2,13,404.18878173828125,92.65290069580078,0,0,0,0,0,0,0,0,0,0,0,0,0,0,0,0,0,0,0,0,0,0,0,0,0
2008-02-14 13:30:00+00:00,30,2,13,,,0,0,0,0,0,0,0,0,0,0,0,0,0,0,0,0,0,0,0,0,0,0,0,0,0
2008-02-14 13:45:00+00:00,30,2,13,,356.28668212890625,0,0,0,0,0,0,0,0,0,0,0,0,0,0,0,0,0,0,0,0,0,0,0,0,0
2008-02-14 13:45:00+00:00,30,2,13,204.8053436279297,212.4112548828125,0,0,0,0,0,0,0,0,0,0,0,0,0,0,1,1,1,0,0,0,0,0,0,0,0
2008-02-14 13:45:00+00:00,30,2,13,163.7283935546875,137.22909545898438,0,0,0,0,0,0,0,0,0,0,0,0,1,1,1,1,1,0,0,0,0,0,0,0,0
2008-02-14 13:45:00+00:00,30,2,13,101.59595489501953,23.478675842285156,0,0,0,0,0,0,0,0,0,0,1,1,1,1,1,1,1,0,0,0,1,1,1,1,1
2008-02-14 13:45:00+00:00,30,2,13,110.884521484375,108.0611801147461,0,0,0,0,0,0,0,0,0,0,1,1,1,1,1,1,1,0,0,0,0,0,0,0,0
2008-02-14 13:45:00+00:00,30,2,13,95.63353729248047,63.56528091430664,0,0,0,0,0,0,0,0,0,1,1,1,1,1,1,1,1,0,0,0,0,0,0,0,0
2008-02-14 13:45:00+00:00,30,2,13,219.9384765625,195.5716552734375,0,0,0,0,0,0,0,0,0,0,0,0,0,0,1,1,1,0,0,0,0,0,0,0,0
2008-02-14 13:45:00+00:00,30,2,13,231.1195831298828,130.6992950439453,0,0,0,0,0,0,0,0,0,0,0,0,0,0,1,1,1,0,0,0,0,0,0,0,0
2008-02-14 13:45:00+00:00,30,2,13,298.7763671875,67.96906280517578,0,0,0,0,0,0,0,0,0,0,0,0,0,0,0,1,1,0,0,0,0,0,0,0,0
2008-02-14 13:45:00+00:00,30,2,13,316.1453857421875,306.8058776855469,0,0,0,0,0,0,0,0,0,0,0,0,0,0,0,0,1,0,0,0,0,0,0,0,0
2008-02-14 13:45:00+00:00,30,2,13,216.31838989257812,203.56011962890625,0,0,0,0,0,0,0,0,0,0,0,0,0,0,1,1,1,0,0,0,0,0,0,0,0
2008-02-14 13:45:00+00:00,30,2,13,248.12490844726562,235.33261108398438,0,0,0,0,0,0,0,0,0,0,0,0,0,0,1,1,1,0,0,0,0,0,0,0,0
2008-02-14 13:45:00+00:00,30,2,13,354.5187683105469,49.856754302978516,0,0,0,0,0,0,0,0,0,0,0,0,0,0,0,0,0,0,0,0,0,0,0,1,1
2008-02-14 13:45:00+00:00,30,2,13,332.43414306640625,16.628713607788086,0,0,0,0,0,0,0,0,0,0,0,0,0,0,0,0,1,0,0,1,1,1,1,1,1
2008-02-14 13:45:00+00:00,30,2,13,76.37385559082031,33.209938049316406,0,0,0,0,0,0,0,0,1,1,1,1,1,1,1,1,1,0,0,0,0,0,1,1,1
2008-02-14 13:45:00+00:00,30,2,13,,,0,0,0,0,0,0,0,0,0,0,0,0,0,0,0,0,0,0,0,0,0,0,0,0,0
2008-02-14 14:00:00+00:00,30,2,14,,,0,0,0,0,0,0,0,0,0,0,0,0,0,0,0,0,0,0,0,0,0,0,0,0,0
2008-02-14 14:00:00+00:00,30,2,14,220.44070434570312,161.43772888183594,0,0,0,0,0,0,0,0,0,0,0,0,0,0,1,1,1,0,0,0,0,0,0,0,0
2008-02-14 14:00:00+00:00,30,2,14,96.63536071777344,73.77476501464844,0,0,0,0,0,0,0,0,0,1,1,1,1,1,1,1,1,0,0,0,0,0,0,0,0
2008-02-14 14:00:00+00:00,30,2,14,,,0,0,0,0,0,0,0,0,0,0,0,0,0,0,0,0,0,0,0,0,0,0,0,0,0
2008-02-14 14:00:00+00:00,30,2,14,307.0088806152344,314.5943603515625,0,0,0,0,0,0,0,0,0,0,0,0,0,0,0,0,1,0,0,0,0,0,0,0,0
2008-02-14 14:00:00+00:00,30,2,14,174.34963989257812,165.2308807373047,0,0,0,0,0,0,0,0,0,0,0,0,1,1,1,1,1,0,0,0,0,0,0,0,0
2008-02-14 14:00:00+00:00,30,2,14,224.6101531982422,220.35565185546875,0,0,0,0,0,0,0,0,0,0,0,0,0,0,1,1,1,0,0,0,0,0,0,0,0
2008-02-14 14:00:00+00:00,30,2,14,155.34646606445312,153.08290100097656,0,0,0,0,0,0,0,0,0,0,0,0,1,1,1,1,1,0,0,0,0,0,0,0,0
2008-02-14 14:00:00+00:00,30,2,14,210.9319610595703,0.0,0,0,0,0,0,0,0,0,0,0,0,0,0,0,1,1,1,1,1,1,1,1,1,1,1
2008-02-14 14:00:00+00:00,30,2,14,,,0,0,0,0,0,0,0,0,0,0,0,0,0,0,0,0,0,0,0,0,0,0,0,0,0
2008-02-14 14:15:00+00:00,30,2,14,235.55902099609375,228.6758270263672,0,0,0,0,0,0,0,0,0,0,0,0,0,0,1,1,1,0,0,0,0,0,0,0,0
2008-02-14 14:15:00+00:00,30,2,14,,384.1734924316406,0,0,0,0,0,0,0,0,0,0,0,0,0,0,0,0,0,0,0,0,0,0,0,0,0
2008-02-14 14:15:00+00:00,30,2,14,34.82109069824219,23.52021026611328,0,0,0,0,0,1,1,1,1,1,1,1,1,1,1,1,1,0,0,0,1,1,1,1,1
2008-02-14 14:15:00+00:00,30,2,14,62.470096588134766,67.09086608886719,0,0,0,0,0,0,0,0,1,1,1,1,1,1,1,1,1,0,0,0,0,0,0,0,0
2008-02-14 14:15:00+00:00,30,2,14,90.04480743408203,88.39958953857422,0,0,0,0,0,0,0,0,0,1,1,1,1,1,1,1,1,0,0,0,0,0,0,0,0
2008-02-14 14:15:00+00:00,30,2,14,320.51214599609375,78.02503967285156,0,0,0,0,0,0,0,0,0,0,0,0,0,0,0,0,1,0,0,0,0,0,0,0,0
2008-02-14 14:15:00+00:00,30,2,14,184.53402709960938,175.52200317382812,0,0,0,0,0,0,0,0,0,0,0,0,0,1,1,1,1,0,0,0,0,0,0,0,0
2008-02-14 14:15:00+00:00,30,2,14,,,0,0,0,0,0,0,0,0,0,0,0,0,0,0,0,0,0,0,0,0,0,0,0,0,0
2008-02-14 14:30:00+00:00,30,2,14,649.3709106445312,472.2728576660156,0,0,0,0,0,0,0,0,0,0,0,0,0,0,0,0,0,0,0,0,0,0,0,0,0
2008-02-14 14:30:00+00:00,30,2,14,421.60101318359375,336.1746826171875,0,0,0,0,0,0,0,0,0,0,0,0,0,0,0,0,0,0,0,0,0,0,0,0,0
2008-02-14 14:30:00+00:00,30,2,14,120.17223358154297,118.94078826904297,0,0,0,0,0,0,0,0,0,0,0,1,1,1,1,1,1,0,0,0,0,0,0,0,0
2008-02-14 14:30:00+00:00,30,2,14,122.23908233642578,125.42344665527344,0,0,0,0,0,0,0,0,0,0,0,1,1,1,1,1,1,0,0,0,0,0,0,0,0
2008-02-14 14:30:00+00:00,30,2,14,98.34600067138672,116.00631713867188,0,0,0,0,0,0,0,0,0,1,1,1,1,1,1,1,1,0,0,0,0,0,0,0,0
2008-02-14 14:30:00+00:00,30,2,14,347.6513671875,81.8282241821289,0,0,0,0,0,0,0,0,0,0,0,0,0,0,0,0,1,0,0,0,0,0,0,0,0
2008-02-14 14:30:00+00:00,30,2,14,227.41351318359375,221.62184143066406,0,0,0,0,0,0,0,0,0,0,0,0,0,0,1,1,1,0,0,0,0,0,0,0,0
2008-02-14 14:30:00+00:00,30,2,14,269.2420959472656,230.03321838378906,0,0,0,0,0,0,0,0,0,0,0,0,0,0,0,1,1,0,0,0,0,0,0,0,0
2008-02-14 14:30:00+00:00,30,2,14,178.90557861328125,503.75299072265625,0,0,0,0,0,0,0,0,0,0,0,0,1,1,1,1,1,0,0,0,0,0,0,0,0
2008-02-14 14:30:00+00:00,30,2,14,47.52289962768555,105.98709869384766,0,0,0,0,0,0,1,1,1,1,1,1,1,1,1,1,1,0,0,0,0,0,0,0,0
2008-02-14 14:30:00+00:00,30,2,14,,,0,0,0,0,0,0,0,0,0,0,0,0,0,0,0,0,0,0,0,0,0,0,0,0,0
2008-02-14 14:45:00+00:00,30,2,14,607.2307739257812,,0,0,0,0,0,0,0,0,0,0,0,0,0,0,0,0,0,0,0,0,0,0,0,0,0
2008-02-14 14:45:00+00:00,30,2,14,47.902008056640625,44.11037063598633,0,0,0,0,0,0,1,1,1,1,1,1,1,1,1,1,1,0,0,0,0,0,0,1,1
2008-02-14 14:45:00+00:00,30,2,14,584.9286499023438,595.5535888671875,0,0,0,0,0,0,0,0,0,0,0,0,0,0,0,0,0,0,0,0,0,0,0,0,0
2008-02-14 14:45:00+00:00,30,2,14,553.5609741210938,569.6565551757812,0,0,0,0,0,0,0,0,0,0,0,0,0,0,0,0,0,0,0,0,0,0,0,0,0
2008-02-14 14:45:00+00:00,30,2,14,62.419044494628906,3.128736972808838,0,0,0,0,0,0,0,0,1,1,1,1,1,1,1,1,1,1,1,1,1,1,1,1,1
2008-02-14 14:45:00+00:00,30,2,14,40.864097595214844,35.1458625793457,0,0,0,0,0,0,1,1,1,1,1,1,1,1,1,1,1,0,0,0,0,0,1,1,1
2008-02-14 14:45:00+00:00,30,2,14,67.2389907836914,60.579986572265625,0,0,0,0,0,0,0,0,1,1,1,1,1,1,1,1,1,0,0,0,0,0,0,0,0
2008-02-14 14:45:00+00:00,30,2,14,144.8159942626953,127.9618148803711,0,0,0,0,0,0,0,0,0,0,0,1,1,1,1,1,1,0,0,0,0,0,0,0,0
2008-02-14 14:45:00+00:00,30,2,14,124.08505249023438,96.12438201904297,0,0,0,0,0,0,0,0,0,0,0,1,1,1,1,1,1,0,0,0,0,0,0,0,0
2008-02-14 14:45:00+00:00,30,2,14,64.50000762939453,110.60242462158203,0,0,0,0,0,0,0,0,1,1,1,1,1,1,1,1,1,0,0,0,0,0,0,0,0
2008-02-14 15:00:00+00:00,30,2,15,131.7410430908203,304.31512451171875,0,0,0,0,0,0,0,0,0,0,0,1,1,1,1,1,1,0,0,0,0,0,0,0,0
2008-02-14 15:00:00+00:00,30,2,15,179.13438415527344,414.7503967285156,0,0,0,0,0,0,0,0,0,0,0,0,1,1,1,1,1,0,0,0,0,0,0,0,0
2008-02-14 15:00:00+00:00,30,2,15,63.138343811035156,3.725696086883545,0,0,0,0,0,0,0,0,1,1,1,1,1,1,1,1,1,1,1,1,1,1,1,1,1
2008-02-14 15:00:00+00:00,30,2,15,226.605712890625,142.28187561035156,0,0,0,0,0,0,0,0,0,0,0,0,0,0,1,1,1,0,0,0,0,0,0,0,0
2008-02-14 15:00:00+00:00,30,2,15,259.7951354980469,428.4527893066406,0,0,0,0,0,0,0,0,0,0,0,0,0,0,0,1,1,0,0,0,0,0,0,0,0
2008-02-14 15:00:00+00:00,30,2,15,257.0452575683594,266.4214782714844,0,0,0,0,0,0,0,0,0,0,0,0,0,0,0,1,1,0,0,0,0,0,0,0,0
2008-02-14 15:00:00+00:00,30,2,15,42.41980743408203,42.198360443115234,0,0,0,0,0,0,1,1,1,1,1,1,1,1,1,1,1,0,0,0,0,0,0,1,1
2008-02-14 15:00:00+00:00,30,2,15,127.86945343017578,125.50177001953125,0,0,0,0,0,0,0,0,0,0,0,1,1,1,1,1,1,0,0,0,0,0,0,0,0
2008-02-14 15:00:00+00:00,30,2,15,,,0,0,0,0,0,0,0,0,0,0,0,0,0,0,0,0,0,0,0,0,0,0,0,0,0
2008-02-14 15:00:00+00:00,30,2,15,102.45367431640625,82.9665298461914,0,0,0,0,0,0,0,0,0,0,1,1,1,1,1,1,1,0,0,0,0,0,0,0,0
2008-02-14 15:00:00+00:00,30,2,15,,,0,0,0,0,0,0,0,0,0,0,0,0,0,0,0,0,0,0,0,0,0,0,0,0,0
2008-02-14 15:15:00+00:00,30,2,15,305.46490478515625,299.31878662109375,0,0,0,0,0,0,0,0,0,0,0,0,0,0,0,0,1,0,0,0,0,0,0,0,0
2008-02-14 15:15:00+00:00,30,2,15,364.2681884765625,351.6482238769531,0,0,0,0,0,0,0,0,0,0,0,0,0,0,0,0,0,0,0,0,0,0,0,0,0
2008-02-14 15:15:00+00:00,30,2,15,,322.6978759765625,0,0,0,0,0,0,0,0,0,0,0,0,0,0,0,0,0,0,0,0,0,0,0,0,0
2008-02-14 15:15:00+00:00,30,2,15,120.85337829589844,36.33771514892578,0,0,0,0,0,0,0,0,0,0,0,1,1,1,1,1,1,0,0,0,0,0,1,1,1
2008-02-14 15:15:00+00:00,30,2,15,76.30245971679688,85.97428894042969,0,0,0,0,0,0,0,0,1,1,1,1,1,1,1,1,1,0,0,0,0,0,0,0,0
2008-02-14 15:30:00+00:00,30,2,15,303.0975036621094,316.03314208984375,0,0,0,0,0,0,0,0,0,0,0,0,0,0,0,0,1,0,0,0,0,0,0,0,0
2008-02-14 15:30:00+00:00,30,2,15,162.32232666015625,99.8762435913086,0,0,0,0,0,0,0,0,0,0,0,0,1,1,1,1,1,0,0,0,0,0,0,0,0
2008-02-14 15:30:00+00:00,30,2,15,126.59661102294922,104.52278137207031,0,0,0,0,0,0,0,0,0,0,0,1,1,1,1,1,1,0,0,0,0,0,0,0,0
2008-02-14 15:45:00+00:00,30,2,15,,,0,0,0,0,0,0,0,0,0,0,0,0,0,0,0,0,0,0,0,0,0,0,0,0,0
2008-02-14 15:45:00+00:00,30,2,15,87.6957778930664,115.5216293334961,0,0,0,0,0,0,0,0,0,1,1,1,1,1,1,1,1,0,0,0,0,0,0,0,0
2008-02-14 15:45:00+00:00,30,2,15,79.97010040283203,119.32572937011719,0,0,0,0,0,0,0,0,1,1,1,1,1,1,1,1,1,0,0,0,0,0,0,0,0
2008-02-14 15:45:00+00:00,30,2,15,529.5390625,551.5259399414062,0,0,0,0,0,0,0,0,0,0,0,0,0,0,0,0,0,0,0,0,0,0,0,0,0
2008-02-14 15:45:00+00:00,30,2,15,508.99273681640625,499.7002868652344,0,0,0,0,0,0,0,0,0,0,0,0,0,0,0,0,0,0,0,0,0,0,0,0,0
2008-02-14 15:45:00+00:00,30,2,15,130.37876892089844,250.51210021972656,0,0,0,0,0,0,0,0,0,0,0,1,1,1,1,1,1,0,0,0,0,0,0,0,0
2008-02-14 15:45:00+00:00,30,2,15,105.15589141845703,107.86813354492188,0,0,0,0,0,0,0,0,0,0,1,1,1,1,1,1,1,0,0,0,0,0,0,0,0
2008-02-14 15:45:00+00:00,30,2,15,97.93946838378906,84.90265655517578,0,0,0,0,0,0,0,0,0,1,1,1,1,1,1,1,1,0,0,0,0,0,0,0,0
2008-02-14 15:45:00+00:00,30,2,15,,,0,0,0,0,0,0,0,0,0,0,0,0,0,0,0,0,0,0,0,0,0,0,0,0,0
2008-02-14 15:45:00+00:00,30,2,15,,,0,0,0,0,0,0,0,0,0,0,0,0,0,0,0,0,0,0,0,0,0,0,0,0,0
2008-02-14 15:45:00+00:00,30,2,15,,,0,0,0,0,0,0,0,0,0,0,0,0,0,0,0,0,0,0,0,0,0,0,0,0,0
2008-02-14 16:00:00+00:00,30,2,16,50.709747314453125,60.51375198364258,0,0,0,0,0,0,0,1,1,1,1,1,1,1,1,1,1,0,0,0,0,0,0,0,0
2008-02-14 16:00:00+00:00,30,2,16,105.5089340209961,73.1486587524414,0,0,0,0,0,0,0,0,0,0,1,1,1,1,1,1,1,0,0,0,0,0,0,0,0
2008-02-14 16:30:00+00:00,30,2,16,83.10877227783203,344.7771301269531,0,0,0,0,0,0,0,0,0,1,1,1,1,1,1,1,1,0,0,0,0,0,0,0,0
2008-02-14 16:30:00+00:00,30,2,16,165.70936584472656,173.26123046875,0,0,0,0,0,0,0,0,0,0,0,0,1,1,1,1,1,0,0,0,0,0,0,0,0
2008-02-14 16:30:00+00:00,30,2,16,77.56562042236328,74.60609436035156,0,0,0,0,0,0,0,0,1,1,1,1,1,1,1,1,1,0,0,0,0,0,0,0,0
2008-02-14 16:30:00+00:00,30,2,16,,,0,0,0,0,0,0,0,0,0,0,0,0,0,0,0,0,0,0,0,0,0,0,0,0,0
2008-02-14 16:45:00+00:00,30,2,16,,,0,0,0,0,0,0,0,0,0,0,0,0,0,0,0,0,0,0,0,0,0,0,0,0,0
2008-02-14 16:45:00+00:00,30,2,16,170.9329071044922,,0,0,0,0,0,0,0,0,0,0,0,0,1,1,1,1,1,0,0,0,0,0,0,0,0
2008-02-14 16:45:00+00:00,30,2,16,,,0,0,0,0,0,0,0,0,0,0,0,0,0,0,0,0,0,0,0,0,0,0,0,0,0
2008-02-14 17:15:00+00:00,30,2,17,350.9441223144531,343.8716125488281,0,0,0,0,0,0,0,0,0,0,0,0,0,0,0,0,0,0,0,0,0,0,0,0,0
2008-02-14 17:30:00+00:00,30,2,17,,,0,0,0,0,0,0,0,0,0,0,0,0,0,0,0,0,0,0,0,0,0,0,0,0,0
2008-02-14 17:45:00+00:00,30,2,17,186.39599609375,402.3855895996094,0,0,0,0,0,0,0,0,0,0,0,0,0,1,1,1,1,0,0,0,0,0,0,0,0
2008-02-14 17:45:00+00:00,30,2,17,236.9305877685547,291.6638488769531,0,0,0,0,0,0,0,0,0,0,0,0,0,0,1,1,1,0,0,0,0,0,0,0,0
2008-02-14 17:45:00+00:00,30,2,17,,,0,0,0,0,0,0,0,0,0,0,0,0,0,0,0,0,0,0,0,0,0,0,0,0,0
2008-02-15 10:00:00+00:00,30,2,10,,,0,0,0,0,0,0,0,0,0,0,0,0,0,0,0,0,0,0,0,0,0,0,0,0,0
2008-02-15 10:00:00+00:00,30,2,10,,,0,0,0,0,0,0,0,0,0,0,0,0,0,0,0,0,0,0,0,0,0,0,0,0,0
2008-02-15 10:00:00+00:00,30,2,10,,,0,0,0,0,0,0,0,0,0,0,0,0,0,0,0,0,0,0,0,0,0,0,0,0,0
2008-02-15 10:00:00+00:00,30,2,10,488.5522766113281,,0,0,0,0,0,0,0,0,0,0,0,0,0,0,0,0,0,0,0,0,0,0,0,0,0
2008-02-15 10:00:00+00:00,30,2,10,358.2480773925781,300.49884033203125,0,0,0,0,0,0,0,0,0,0,0,0,0,0,0,0,0,0,0,0,0,0,0,0,0
2008-02-15 10:00:00+00:00,30,2,10,120.22648620605469,61.39869689941406,0,0,0,0,0,0,0,0,0,0,0,1,1,1,1,1,1,0,0,0,0,0,0,0,0
2008-02-15 10:00:00+00:00,30,2,10,75.15901947021484,0.0,0,0,0,0,0,0,0,0,1,1,1,1,1,1,1,1,1,1,1,1,1,1,1,1,1
2008-02-15 10:00:00+00:00,30,2,10,589.7662963867188,,0,0,0,0,0,0,0,0,0,0,0,0,0,0,0,0,0,0,0,0,0,0,0,0,0
2008-02-15 10:00:00+00:00,30,2,10,105.03246307373047,35.56208038330078,0,0,0,0,0,0,0,0,0,0,1,1,1,1,1,1,1,0,0,0,0,0,1,1,1
2008-02-15 10:00:00+00:00,30,2,10,289.7880859375,284.6164855957031,0,0,0,0,0,0,0,0,0,0,0,0,0,0,0,1,1,0,0,0,0,0,0,0,0
2008-02-15 10:15:00+00:00,30,2,10,,0.0,0,0,0,0,0,0,0,0,0,0,0,0,0,0,0,0,0,1,1,1,1,1,1,1,1
2008-02-15 10:15:00+00:00,30,2,10,,331.4129638671875,0,0,0,0,0,0,0,0,0,0,0,0,0,0,0,0,0,0,0,0,0,0,0,0,0
2008-02-15 10:15:00+00:00,30,2,10,,411.95074462890625,0,0,0,0,0,0,0,0,0,0,0,0,0,0,0,0,0,0,0,0,0,0,0,0,0
2008-02-15 10:15:00+00:00,30,2,10,,315.8299865722656,0,0,0,0,0,0,0,0,0,0,0,0,0,0,0,0,0,0,0,0,0,0,0,0,0
2008-02-15 10:15:00+00:00,30,2,10,,97.2347640991211,0,0,0,0,0,0,0,0,0,0,0,0,0,0,0,0,0,0,0,0,0,0,0,0,0
2008-02-15 10:15:00+00:00,30,2,10,,124.572998046875,0,0,0,0,0,0,0,0,0,0,0,0,0,0,0,0,0,0,0,0,0,0,0,0,0
2008-02-15 10:15:00+00:00,30,2,10,,,0,0,0,0,0,0,0,0,0,0,0,0,0,0,0,0,0,0,0,0,0,0,0,0,0
2008-02-15 10:15:00+00:00,30,2,10,,245.76498413085938,0,0,0,0,0,0,0,0,0,0,0,0,0,0,0,0,0,0,0,0,0,0,0,0,0
2008-02-15 10:15:00+00:00,30,2,10,458.6503601074219,473.49407958984375,0,0,0,0,0,0,0,0,0,0,0,0,0,0,0,0,0,0,0,0,0,0,0,0,0
2008-02-15 10:15:00+00:00,30,2,10,426.57855224609375,441.0726623535156,0,0,0,0,0,0,0,0,0,0,0,0,0,0,0,0,0,0,0,0,0,0,0,0,0
2008-02-15 10:15:00+00:00,30,2,10,245.88107299804688,237.9383544921875,0,0,0,0,0,0,0,0,0,0,0,0,0,0,1,1,1,0,0,0,0,0,0,0,0
2008-02-15 10:15:00+00:00,30,2,10,353.5035095214844,,0,0,0,0,0,0,0,0,0,0,0,0,0,0,0,0,0,0,0,0,0,0,0,0,0
2008-02-15 10:30:00+00:00,30,2,10,109.3846664428711,96.19659423828125,0,0,0,0,0,0,0,0,0,0,1,1,1,1,1,1,1,0,0,0,0,0,0,0,0
2008-02-15 10:30:00+00:00,30,2,10,68.08325958251953,54.522396087646484,0,0,0,0,0,0,0,0,1,1,1,1,1,1,1,1,1,0,0,0,0,0,0,0,1
2008-02-15 10:30:00+00:00,30,2,10,,,0,0,0,0,0,0,0,0,0,0,0,0,0,0,0,0,0,0,0,0,0,0,0,0,0
2008-02-15 10:30:00+00:00,30,2,10,,,0,0,0,0,0,0,0,0,0,0,0,0,0,0,0,0,0,0,0,0,0,0,0,0,0
2008-02-15 10:30:00+00:00,30,2,10,380.61083984375,317.50128173828125,0,0,0,0,0,0,0,0,0,0,0,0,0,0,0,0,0,0,0,0,0,0,0,0,0
2008-02-15 10:30:00+00:00,30,2,10,403.493896484375,294.8052978515625,0,0,0,0,0,0,0,0,0,0,0,0,0,0,0,0,0,0,0,0,0,0,0,0,0
2008-02-15 10:30:00+00:00,30,2,10,130.5963897705078,109.86441040039062,0,0,0,0,0,0,0,0,0,0,0,1,1,1,1,1,1,0,0,0,0,0,0,0,0
2008-02-15 10:30:00+00:00,30,2,10,,317.382080078125,0,0,0,0,0,0,0,0,0,0,0,0,0,0,0,0,0,0,0,0,0,0,0,0,0
2008-02-15 10:30:00+00:00,30,2,10,,274.6885986328125,0,0,0,0,0,0,0,0,0,0,0,0,0,0,0,0,0,0,0,0,0,0,0,0,0
2008-02-15 10:30:00+00:00,30,2,10,84.6802749633789,50.28592300415039,0,0,0,0,0,0,0,0,0,1,1,1,1,1,1,1,1,0,0,0,0,0,0,0,1
2008-02-15 10:30:00+00:00,30,2,10,217.8348846435547,146.3962860107422,0,0,0,0,0,0,0,0,0,0,0,0,0,0,1,1,1,0,0,0,0,0,0,0,0
2008-02-15 10:30:00+00:00,30,2,10,424.5129089355469,351.5198974609375,0,0,0,0,0,0,0,0,0,0,0,0,0,0,0,0,0,0,0,0,0,0,0,0,0
2008-02-15 10:45:00+00:00,30,2,10,231.29542541503906,177.91287231445312,0,0,0,0,0,0,0,0,0,0,0,0,0,0,1,1,1,0,0,0,0,0,0,0,0
2008-02-15 10:45:00+00:00,30,2,10,,,0,0,0,0,0,0,0,0,0,0,0,0,0,0,0,0,0,0,0,0,0,0,0,0,0
2008-02-15 10:45:00+00:00,30,2,10,193.5648193359375,195.33619689941406,0,0,0,0,0,0,0,0,0,0,0,0,0,1,1,1,1,0,0,0,0,0,0,0,0
2008-02-15 10:45:00+00:00,30,2,10,406.9258728027344,397.07244873046875,0,0,0,0,0,0,0,0,0,0,0,0,0,0,0,0,0,0,0,0,0,0,0,0,0
2008-02-15 10:45:00+00:00,30,2,10,463.8089599609375,454.44482421875,0,0,0,0,0,0,0,0,0,0,0,0,0,0,0,0,0,0,0,0,0,0,0,0,0
2008-02-15 10:45:00+00:00,30,2,10,503.571533203125,488.1589050292969,0,0,0,0,0,0,0,0,0,0,0,0,0,0,0,0,0,0,0,0,0,0,0,0,0
2008-02-15 10:45:00+00:00,30,2,10,,,0,0,0,0,0,0,0,0,0,0,0,0,0,0,0,0,0,0,0,0,0,0,0,0,0
2008-02-15 10:45:00+00:00,30,2,10,,,0,0,0,0,0,0,0,0,0,0,0,0,0,0,0,0,0,0,0,0,0,0,0,0,0
2008-02-15 10:45:00+00:00,30,2,10,55.34298324584961,24.99822998046875,0,0,0,0,0,0,0,1,1,1,1,1,1,1,1,1,1,0,0,0,1,1,1,1,1
2008-02-15 10:45:00+00:00,30,2,10,,,0,0,0,0,0,0,0,0,0,0,0,0,0,0,0,0,0,0,0,0,0,0,0,0,0
2008-02-15 10:45:00+00:00,30,2,10,81.5747299194336,60.379432678222656,0,0,0,0,0,0,0,0,0,1,1,1,1,1,1,1,1,0,0,0,0,0,0,0,0
2008-02-15 10:45:00+00:00,30,2,10,225.78475952148438,203.23008728027344,0,0,0,0,0,0,0,0,0,0,0,0,0,0,1,1,1,0,0,0,0,0,0,0,0
2008-02-15 10:45:00+00:00,30,2,10,299.9233093261719,269.0047302246094,0,0,0,0,0,0,0,0,0,0,0,0,0,0,0,1,1,0,0,0,0,0,0,0,0
2008-02-15 10:45:00+00:00,30,2,10,41.08823013305664,34.15008544921875,0,0,0,0,0,0,1,1,1,1,1,1,1,1,1,1,1,0,0,0,0,0,1,1,1
2008-02-15 10:45:00+00:00,30,2,10,255.87892150878906,278.6609802246094,0,0,0,0,0,0,0,0,0,0,0,0,0,0,0,1,1,0,0,0,0,0,0,0,0
2008-02-15 10:45:00+00:00,30,2,10,182.80072021484375,74.43817138671875,0,0,0,0,0,0,0,0,0,0,0,0,0,1,1,1,1,0,0,0,0,0,0,0,0
2008-02-15 10:45:00+00:00,30,2,10,,25.22403907775879,0,0,0,0,0,0,0,0,0,0,0,0,0,0,0,0,0,0,0,0,0,1,1,1,1
2008-02-15 10:45:00+00:00,30,2,10,169.36676025390625,87.47232818603516,0,0,0,0,0,0,0,0,0,0,0,0,1,1,1,1,1,0,0,0,0,0,0,0,0
2008-02-15 10:45:00+00:00,30,2,10,,,0,0,0,0,0,0,0,0,0,0,0,0,0,0,0,0,0,0,0,0,0,0,0,0,0
2008-02-15 11:00:00+00:00,30,2,11,,,0,0,0,0,0,0,0,0,0,0,0,0,0,0,0,0,0,0,0,0,0,0,0,0,0
2008-02-15 11:00:00+00:00,30,2,11,189.6175994873047,170.7541961669922,0,0,0,0,0,0,0,0,0,0,0,0,0,1,1,1,1,0,0,0,0,0,0,0,0
2008-02-15 11:00:00+00:00,30,2,11,485.75823974609375,493.8846435546875,0,0,0,0,0,0,0,0,0,0,0,0,0,0,0,0,0,0,0,0,0,0,0,0,0
2008-02-15 11:00:00+00:00,30,2,11,120.95923614501953,117.59042358398438,0,0,0,0,0,0,0,0,0,0,0,1,1,1,1,1,1,0,0,0,0,0,0,0,0
2008-02-15 11:00:00+00:00,30,2,11,171.43943786621094,170.4773712158203,0,0,0,0,0,0,0,0,0,0,0,0,1,1,1,1,1,0,0,0,0,0,0,0,0
2008-02-15 11:00:00+00:00,30,2,11,210.52272033691406,198.09767150878906,0,0,0,0,0,0,0,0,0,0,0,0,0,0,1,1,1,0,0,0,0,0,0,0,0
2008-02-15 11:00:00+00:00,30,2,11,129.32106018066406,118.30848693847656,0,0,0,0,0,0,0,0,0,0,0,1,1,1,1,1,1,0,0,0,0,0,0,0,0
2008-02-15 11:00:00+00:00,30,2,11,,,0,0,0,0,0,0,0,0,0,0,0,0,0,0,0,0,0,0,0,0,0,0,0,0,0
2008-02-15 11:00:00+00:00,30,2,11,331.3410949707031,161.16305541992188,0,0,0,0,0,0,0,0,0,0,0,0,0,0,0,0,1,0,0,0,0,0,0,0,0
2008-02-15 11:00:00+00:00,30,2,11,,,0,0,0,0,0,0,0,0,0,0,0,0,0,0,0,0,0,0,0,0,0,0,0,0,0
2008-02-15 11:00:00+00:00,30,2,11,,,0,0,0,0,0,0,0,0,0,0,0,0,0,0,0,0,0,0,0,0,0,0,0,0,0
2008-02-15 11:00:00+00:00,30,2,11,176.28536987304688,142.1710968017578,0,0,0,0,0,0,0,0,0,0,0,0,1,1,1,1,1,0,0,0,0,0,0,0,0
2008-02-15 11:00:00+00:00,30,2,11,196.06765747070312,180.98892211914062,0,0,0,0,0,0,0,0,0,0,0,0,0,1,1,1,1,0,0,0,0,0,0,0,0
2008-02-15 11:00:00+00:00,30,2,11,281.0277099609375,7.444197654724121,0,0,0,0,0,0,0,0,0,0,0,0,0,0,0,1,1,1,1,1,1,1,1,1,1
2008-02-15 11:00:00+00:00,30,2,11,250.57220458984375,177.5236358642578,0,0,0,0,0,0,0,0,0,0,0,0,0,0,0,1,1,0,0,0,0,0,0,0,0
2008-02-15 11:00:00+00:00,30,2,11,314.0116271972656,141.59230041503906,0,0,0,0,0,0,0,0,0,0,0,0,0,0,0,0,1,0,0,0,0,0,0,0,0
2008-02-15 11:00:00+00:00,30,2,11,230.72837829589844,31.967987060546875,0,0,0,0,0,0,0,0,0,0,0,0,0,0,1,1,1,0,0,0,0,0,1,1,1
2008-02-15 11:00:00+00:00,30,2,11,297.4560852050781,3.10122013092041,0,0,0,0,0,0,0,0,0,0,0,0,0,0,0,1,1,1,1,1,1,1,1,1,1
2008-02-15 11:00:00+00:00,30,2,11,177.968017578125,0.0,0,0,0,0,0,0,0,0,0,0,0,0,1,1,1,1,1,1,1,1,1,1,1,1,1
2008-02-15 11:00:00+00:00,30,2,11,223.19271850585938,3.0959291458129883,0,0,0,0,0,0,0,0,0,0,0,0,0,0,1,1,1,1,1,1,1,1,1,1,1
2008-02-15 11:00:00+00:00,30,2,11,304.2759094238281,75.89520263671875,0,0,0,0,0,0,0,0,0,0,0,0,0,0,0,0,1,0,0,0,0,0,0,0,0
2008-02-15 11:00:00+00:00,30,2,11,105.42313385009766,100.84069061279297,0,0,0,0,0,0,0,0,0,0,1,1,1,1,1,1,1,0,0,0,0,0,0,0,0
2008-02-15 11:00:00+00:00,30,2,11,472.9301452636719,467.49700927734375,0,0,0,0,0,0,0,0,0,0,0,0,0,0,0,0,0,0,0,0,0,0,0,0,0
2008-02-15 11:00:00+00:00,30,2,11,,,0,0,0,0,0,0,0,0,0,0,0,0,0,0,0,0,0,0,0,0,0,0,0,0,0
2008-02-15 11:00:00+00:00,30,2,11,,,0,0,0,0,0,0,0,0,0,0,0,0,0,0,0,0,0,0,0,0,0,0,0,0,0
2008-02-15 11:15:00+00:00,30,2,11,,,0,0,0,0,0,0,0,0,0,0,0,0,0,0,0,0,0,0,0,0,0,0,0,0,0
2008-02-15 11:15:00+00:00,30,2,11,328.6784973144531,168.43212890625,0,0,0,0,0,0,0,0,0,0,0,0,0,0,0,0,1,0,0,0,0,0,0,0,0
2008-02-15 11:15:00+00:00,30,2,11,335.3524475097656,130.59310913085938,0,0,0,0,0,0,0,0,0,0,0,0,0,0,0,0,1,0,0,0,0,0,0,0,0
2008-02-15 11:15:00+00:00,30,2,11,,81.2373046875,0,0,0,0,0,0,0,0,0,0,0,0,0,0,0,0,0,0,0,0,0,0,0,0,0
2008-02-15 11:15:00+00:00,30,2,11,,294.3744812011719,0,0,0,0,0,0,0,0,0,0,0,0,0,0,0,0,0,0,0,0,0,0,0,0,0
2008-02-15 11:15:00+00:00,30,2,11,,,0,0,0,0,0,0,0,0,0,0,0,0,0,0,0,0,0,0,0,0,0,0,0,0,0
2008-02-15 11:15:00+00:00,30,2,11,125.9448471069336,104.0964126586914,0,0,0,0,0,0,0,0,0,0,0,1,1,1,1,1,1,0,0,0,0,0,0,0,0
2008-02-15 11:15:00+00:00,30,2,11,280.8275451660156,168.0186767578125,0,0,0,0,0,0,0,0,0,0,0,0,0,0,0,1,1,0,0,0,0,0,0,0,0
2008-02-15 11:15:00+00:00,30,2,11,434.4943542480469,291.92462158203125,0,0,0,0,0,0,0,0,0,0,0,0,0,0,0,0,0,0,0,0,0,0,0,0,0
2008-02-15 11:15:00+00:00,30,2,11,219.62538146972656,141.68435668945312,0,0,0,0,0,0,0,0,0,0,0,0,0,0,1,1,1,0,0,0,0,0,0,0,0
2008-02-15 11:15:00+00:00,30,2,11,318.17950439453125,277.1260681152344,0,0,0,0,0,0,0,0,0,0,0,0,0,0,0,0,1,0,0,0,0,0,0,0,0
2008-02-15 11:15:00+00:00,30,2,11,199.51097106933594,0.0,0,0,0,0,0,0,0,0,0,0,0,0,0,1,1,1,1,1,1,1,1,1,1,1,1
2008-02-15 11:15:00+00:00,30,2,11,272.4124755859375,168.33132934570312,0,0,0,0,0,0,0,0,0,0,0,0,0,0,0,1,1,0,0,0,0,0,0,0,0
2008-02-15 11:15:00+00:00,30,2,11,118.71488189697266,85.71782684326172,0,0,0,0,0,0,0,0,0,0,1,1,1,1,1,1,1,0,0,0,0,0,0,0,0
2008-02-15 11:15:00+00:00,30,2,11,71.22584533691406,48.7750358581543,0,0,0,0,0,0,0,0,1,1,1,1,1,1,1,1,1,0,0,0,0,0,0,1,1
2008-02-15 11:15:00+00:00,30,2,11,,,0,0,0,0,0,0,0,0,0,0,0,0,0,0,0,0,0,0,0,0,0,0,0,0,0
2008-02-15 11:15:00+00:00,30,2,11,,,0,0,0,0,0,0,0,0,0,0,0,0,0,0,0,0,0,0,0,0,0,0,0,0,0
2008-02-15 11:30:00+00:00,30,2,11,499.82598876953125,507.2760925292969,0,0,0,0,0,0,0,0,0,0,0,0,0,0,0,0,0,0,0,0,0,0,0,0,0
2008-02-15 11:30:00+00:00,30,2,11,257.8034362792969,143.5028839111328,0,0,0,0,0,0,0,0,0,0,0,0,0,0,0,1,1,0,0,0,0,0,0,0,0
2008-02-15 11:30:00+00:00,30,2,11,237.36776733398438,247.5245819091797,0,0,0,0,0,0,0,0,0,0,0,0,0,0,1,1,1,0,0,0,0,0,0,0,0
2008-02-15 11:30:00+00:00,30,2,11,,22.790485382080078,0,0,0,0,0,0,0,0,0,0,0,0,0,0,0,0,0,0,0,0,1,1,1,1,1
2008-02-15 11:30:00+00:00,30,2,11,132.05487060546875,425.0758972167969,0,0,0,0,0,0,0,0,0,0,0,1,1,1,1,1,1,0,0,0,0,0,0,0,0
2008-02-15 11:30:00+00:00,30,2,11,354.9279479980469,389.93701171875,0,0,0,0,0,0,0,0,0,0,0,0,0,0,0,0,0,0,0,0,0,0,0,0,0
2008-02-15 11:30:00+00:00,30,2,11,234.04827880859375,134.23593139648438,0,0,0,0,0,0,0,0,0,0,0,0,0,0,1,1,1,0,0,0,0,0,0,0,0
2008-02-15 11:30:00+00:00,30,2,11,38.05640411376953,10.281927108764648,0,0,0,0,0,1,1,1,1,1,1,1,1,1,1,1,1,0,1,1,1,1,1,1,1
2008-02-15 11:30:00+00:00,30,2,11,111.94286346435547,100.77301025390625,0,0,0,0,0,0,0,0,0,0,1,1,1,1,1,1,1,0,0,0,0,0,0,0,0
2008-02-15 11:30:00+00:00,30,2,11,271.51025390625,261.1099853515625,0,0,0,0,0,0,0,0,0,0,0,0,0,0,0,1,1,0,0,0,0,0,0,0,0
2008-02-15 11:30:00+00:00,30,2,11,32.56828689575195,35.04533386230469,0,0,0,0,0,1,1,1,1,1,1,1,1,1,1,1,1,0,0,0,0,0,1,1,1
2008-02-15 11:30:00+00:00,30,2,11,43.319095611572266,37.13682174682617,0,0,0,0,0,0,1,1,1,1,1,1,1,1,1,1,1,0,0,0,0,0,1,1,1
2008-02-15 11:30:00+00:00,30,2,11,107.0657958984375,0.0,0,0,0,0,0,0,0,0,0,0,1,1,1,1,1,1,1,1,1,1,1,1,1,1,1
2008-02-15 11:30:00+00:00,30,2,11,152.61000061035156,41.86841583251953,0,0,0,0,0,0,0,0,0,0,0,0,1,1,1,1,1,0,0,0,0,0,0,1,1
2008-02-15 11:30:00+00:00,30,2,11,83.5560531616211,52.936038970947266,0,0,0,0,0,0,0,0,0,1,1,1,1,1,1,1,1,0,0,0,0,0,0,0,1
2008-02-15 11:30:00+00:00,30,2,11,171.2374267578125,175.08587646484375,0,0,0,0,0,0,0,0,0,0,0,0,1,1,1,1,1,0,0,0,0,0,0,0,0
2008-02-15 11:30:00+00:00,30,2,11,187.7118682861328,185.92617797851562,0,0,0,0,0,0,0,0,0,0,0,0,0,1,1,1,1,0,0,0,0,0,0,0,0
2008-02-15 11:30:00+00:00,30,2,11,,,0,0,0,0,0,0,0,0,0,0,0,0,0,0,0,0,0,0,0,0,0,0,0,0,0
2008-02-15 11:45:00+00:00,30,2,11,176.26577758789062,154.11715698242188,0,0,0,0,0,0,0,0,0,0,0,0,1,1,1,1,1,0,0,0,0,0,0,0,0
2008-02-15 11:45:00+00:00,30,2,11,228.4402618408203,233.37973022460938,0,0,0,0,0,0,0,0,0,0,0,0,0,0,1,1,1,0,0,0,0,0,0,0,0
2008-02-15 11:45:00+00:00,30,2,11,167.72113037109375,249.9163360595703,0,0,0,0,0,0,0,0,0,0,0,0,1,1,1,1,1,0,0,0,0,0,0,0,0
2008-02-15 11:45:00+00:00,30,2,11,104.0978012084961,,0,0,0,0,0,0,0,0,0,0,1,1,1,1,1,1,1,0,0,0,0,0,0,0,0
2008-02-15 11:45:00+00:00,30,2,11,88.75076293945312,329.9965515136719,0,0,0,0,0,0,0,0,0,1,1,1,1,1,1,1,1,0,0,0,0,0,0,0,0
2008-02-15 11:45:00+00:00,30,2,11,149.3778839111328,157.596435546875,0,0,0,0,0,0,0,0,0,0,0,1,1,1,1,1,1,0,0,0,0,0,0,0,0
2008-02-15 11:45:00+00:00,30,2,11,218.24269104003906,208.55340576171875,0,0,0,0,0,0,0,0,0,0,0,0,0,0,1,1,1,0,0,0,0,0,0,0,0
2008-02-15 11:45:00+00:00,30,2,11,191.47532653808594,56.60520553588867,0,0,0,0,0,0,0,0,0,0,0,0,0,1,1,1,1,0,0,0,0,0,0,0,1
2008-02-15 11:45:00+00:00,30,2,11,136.42892456054688,46.37728500366211,0,0,0,0,0,0,0,0,0,0,0,1,1,1,1,1,1,0,0,0,0,0,0,1,1
2008-02-15 11:45:00+00:00,30,2,11,138.23806762695312,3.156705856323242,0,0,0,0,0,0,0,0,0,0,0,1,1,1,1,1,1,1,1,1,1,1,1,1,1
2008-02-15 11:45:00+00:00,30,2,11,119.19452667236328,76.7598876953125,0,0,0,0,0,0,0,0,0,0,1,1,1,1,1,1,1,0,0,0,0,0,0,0,0
2008-02-15 11:45:00+00:00,30,2,11,349.6981506347656,405.29473876953125,0,0,0,0,0,0,0,0,0,0,0,0,0,0,0,0,1,0,0,0,0,0,0,0,0
2008-02-15 11:45:00+00:00,30,2,11,100.63953399658203,66.85083770751953,0,0,0,0,0,0,0,0,0,0,1,1,1,1,1,1,1,0,0,0,0,0,0,0,0
2008-02-15 11:45:00+00:00,30,2,11,73.79721069335938,57.24625015258789,0,0,0,0,0,0,0,0,1,1,1,1,1,1,1,1,1,0,0,0,0,0,0,0,1
2008-02-15 11:45:00+00:00,30,2,11,29.994359970092773,0.0,0,0,0,0,1,1,1,1,1,1,1,1,1,1,1,1,1,1,1,1,1,1,1,1,1
2008-02-15 12:00:00+00:00,30,2,12,,,0,0,0,0,0,0,0,0,0,0,0,0,0,0,0,0,0,0,0,0,0,0,0,0,0
2008-02-15 12:00:00+00:00,30,2,12,93.33148193359375,84.81439971923828,0,0,0,0,0,0,0,0,0,1,1,1,1,1,1,1,1,0,0,0,0,0,0,0,0
2008-02-15 12:00:00+00:00,30,2,12,,,0,0,0,0,0,0,0,0,0,0,0,0,0,0,0,0,0,0,0,0,0,0,0,0,0
2008-02-15 12:00:00+00:00,30,2,12,222.30014038085938,199.62657165527344,0,0,0,0,0,0,0,0,0,0,0,0,0,0,1,1,1,0,0,0,0,0,0,0,0
2008-02-15 12:00:00+00:00,30,2,12,177.65335083007812,157.99868774414062,0,0,0,0,0,0,0,0,0,0,0,0,1,1,1,1,1,0,0,0,0,0,0,0,0
2008-02-15 12:00:00+00:00,30,2,12,,,0,0,0,0,0,0,0,0,0,0,0,0,0,0,0,0,0,0,0,0,0,0,0,0,0
2008-02-15 12:00:00+00:00,30,2,12,109.52090454101562,108.42369079589844,0,0,0,0,0,0,0,0,0,0,1,1,1,1,1,1,1,0,0,0,0,0,0,0,0
2008-02-15 12:00:00+00:00,30,2,12,38.55050277709961,37.72702407836914,0,0,0,0,0,1,1,1,1,1,1,1,1,1,1,1,1,0,0,0,0,0,1,1,1
2008-02-15 12:00:00+00:00,30,2,12,198.947509765625,184.0618896484375,0,0,0,0,0,0,0,0,0,0,0,0,0,1,1,1,1,0,0,0,0,0,0,0,0
2008-02-15 12:15:00+00:00,30,2,12,,197.66552734375,0,0,0,0,0,0,0,0,0,0,0,0,0,0,0,0,0,0,0,0,0,0,0,0,0
2008-02-15 12:15:00+00:00,30,2,12,135.6568145751953,107.83771514892578,0,0,0,0,0,0,0,0,0,0,0,1,1,1,1,1,1,0,0,0,0,0,0,0,0
2008-02-15 12:15:00+00:00,30,2,12,,,0,0,0,0,0,0,0,0,0,0,0,0,0,0,0,0,0,0,0,0,0,0,0,0,0
2008-02-15 12:15:00+00:00,30,2,12,265.330810546875,48.0278205871582,0,0,0,0,0,0,0,0,0,0,0,0,0,0,0,1,1,0,0,0,0,0,0,1,1
2008-02-15 12:15:00+00:00,30,2,12,203.5255126953125,203.5017852783203,0,0,0,0,0,0,0,0,0,0,0,0,0,0,1,1,1,0,0,0,0,0,0,0,0
2008-02-15 12:15:00+00:00,30,2,12,51.86543273925781,32.38349151611328,0,0,0,0,0,0,0,1,1,1,1,1,1,1,1,1,1,0,0,0,0,0,1,1,1
2008-02-15 12:15:00+00:00,30,2,12,84.36254119873047,56.17465591430664,0,0,0,0,0,0,0,0,0,1,1,1,1,1,1,1,1,0,0,0,0,0,0,0,1
2008-02-15 12:15:00+00:00,30,2,12,292.2171936035156,268.2435607910156,0,0,0,0,0,0,0,0,0,0,0,0,0,0,0,1,1,0,0,0,0,0,0,0,0
2008-02-15 12:30:00+00:00,30,2,12,430.4038391113281,439.71368408203125,0,0,0,0,0,0,0,0,0,0,0,0,0,0,0,0,0,0,0,0,0,0,0,0,0
2008-02-15 12:30:00+00:00,30,2,12,141.4619598388672,179.75021362304688,0,0,0,0,0,0,0,0,0,0,0,1,1,1,1,1,1,0,0,0,0,0,0,0,0
2008-02-15 12:30:00+00:00,30,2,12,196.74009704589844,207.55813598632812,0,0,0,0,0,0,0,0,0,0,0,0,0,1,1,1,1,0,0,0,0,0,0,0,0
2008-02-15 12:30:00+00:00,30,2,12,50.02542495727539,82.53546905517578,0,0,0,0,0,0,0,1,1,1,1,1,1,1,1,1,1,0,0,0,0,0,0,0,0
2008-02-15 12:30:00+00:00,30,2,12,,,0,0,0,0,0,0,0,0,0,0,0,0,0,0,0,0,0,0,0,0,0,0,0,0,0
2008-02-15 12:30:00+00:00,30,2,12,,,0,0,0,0,0,0,0,0,0,0,0,0,0,0,0,0,0,0,0,0,0,0,0,0,0
2008-02-15 12:30:00+00:00,30,2,12,126.93083190917969,113.82001495361328,0,0,0,0,0,0,0,0,0,0,0,1,1,1,1,1,1,0,0,0,0,0,0,0,0
2008-02-15 12:30:00+00:00,30,2,12,,,0,0,0,0,0,0,0,0,0,0,0,0,0,0,0,0,0,0,0,0,0,0,0,0,0
2008-02-15 12:30:00+00:00,30,2,12,60.15357971191406,51.88809585571289,0,0,0,0,0,0,0,0,1,1,1,1,1,1,1,1,1,0,0,0,0,0,0,0,1
2008-02-15 12:30:00+00:00,30,2,12,181.33331298828125,171.8911895751953,0,0,0,0,0,0,0,0,0,0,0,0,0,1,1,1,1,0,0,0,0,0,0,0,0
2008-02-15 12:30:00+00:00,30,2,12,178.54339599609375,174.47293090820312,0,0,0,0,0,0,0,0,0,0,0,0,1,1,1,1,1,0,0,0,0,0,0,0,0
2008-02-15 12:30:00+00:00,30,2,12,156.09188842773438,151.75001525878906,0,0,0,0,0,0,0,0,0,0,0,0,1,1,1,1,1,0,0,0,0,0,0,0,0
2008-02-15 12:30:00+00:00,30,2,12,53.213199615478516,78.26091003417969,0,0,0,0,0,0,0,1,1,1,1,1,1,1,1,1,1,0,0,0,0,0,0,0,0
2008-02-15 12:30:00+00:00,30,2,12,126.63915252685547,101.4611587524414,0,0,0,0,0,0,0,0,0,0,0,1,1,1,1,1,1,0,0,0,0,0,0,0,0
2008-02-15 12:30:00+00:00,30,2,12,204.62091064453125,205.3981475830078,0,0,0,0,0,0,0,0,0,0,0,0,0,0,1,1,1,0,0,0,0,0,0,0,0
2008-02-15 12:30:00+00:00,30,2,12,51.14670181274414,53.169795989990234,0,0,0,0,0,0,0,1,1,1,1,1,1,1,1,1,1,0,0,0,0,0,0,0,1
2008-02-15 12:30:00+00:00,30,2,12,60.13617706298828,67.52730560302734,0,0,0,0,0,0,0,0,1,1,1,1,1,1,1,1,1,0,0,0,0,0,0,0,0
2008-02-15 12:30:00+00:00,30,2,12,123.4288558959961,129.06192016601562,0,0,0,0,0,0,0,0,0,0,0,1,1,1,1,1,1,0,0,0,0,0,0,0,0
2008-02-15 12:30:00+00:00,30,2,12,59.92609786987305,54.11894607543945,0,0,0,0,0,0,0,1,1,1,1,1,1,1,1,1,1,0,0,0,0,0,0,0,1
2008-02-15 12:30:00+00:00,30,2,12,361.5748291015625,,0,0,0,0,0,0,0,0,0,0,0,0,0,0,0,0,0,0,0,0,0,0,0,0,0
2008-02-15 12:30:00+00:00,30,2,12,307.6186828613281,297.69622802734375,0,0,0,0,0,0,0,0,0,0,0,0,0,0,0,0,1,0,0,0,0,0,0,0,0
2008-02-15 12:45:00+00:00,30,2,12,,,0,0,0,0,0,0,0,0,0,0,0,0,0,0,0,0,0,0,0,0,0,0,0,0,0
2008-02-15 12:45:00+00:00,30,2,12,351.2813415527344,344.4460144042969,0,0,0,0,0,0,0,0,0,0,0,0,0,0,0,0,0,0,0,0,0,0,0,0,0
2008-02-15 12:45:00+00:00,30,2,12,107.92349243164062,53.34053039550781,0,0,0,0,0,0,0,0,0,0,1,1,1,1,1,1,1,0,0,0,0,0,0,0,1
2008-02-15 12:45:00+00:00,30,2,12,63.27375793457031,59.95467758178711,0,0,0,0,0,0,0,0,1,1,1,1,1,1,1,1,1,0,0,0,0,0,0,0,1
2008-02-15 12:45:00+00:00,30,2,12,287.4814453125,133.48484802246094,0,0,0,0,0,0,0,0,0,0,0,0,0,0,0,1,1,0,0,0,0,0,0,0,0
2008-02-15 12:45:00+00:00,30,2,12,180.23062133789062,173.73207092285156,0,0,0,0,0,0,0,0,0,0,0,0,0,1,1,1,1,0,0,0,0,0,0,0,0
2008-02-15 12:45:00+00:00,30,2,12,88.43292236328125,94.73126220703125,0,0,0,0,0,0,0,0,0,1,1,1,1,1,1,1,1,0,0,0,0,0,0,0,0
2008-02-15 12:45:00+00:00,30,2,12,352.4967041015625,214.63340759277344,0,0,0,0,0,0,0,0,0,0,0,0,0,0,0,0,0,0,0,0,0,0,0,0,0
2008-02-15 12:45:00+00:00,30,2,12,202.10494995117188,188.49258422851562,0,0,0,0,0,0,0,0,0,0,0,0,0,0,1,1,1,0,0,0,0,0,0,0,0
2008-02-15 12:45:00+00:00,30,2,12,70.5912857055664,69.40287017822266,0,0,0,0,0,0,0,0,1,1,1,1,1,1,1,1,1,0,0,0,0,0,0,0,0
2008-02-15 12:45:00+00:00,30,2,12,195.06524658203125,217.98655700683594,0,0,0,0,0,0,0,0,0,0,0,0,0,1,1,1,1,0,0,0,0,0,0,0,0
2008-02-15 12:45:00+00:00,30,2,12,203.56057739257812,224.8568878173828,0,0,0,0,0,0,0,0,0,0,0,0,0,0,1,1,1,0,0,0,0,0,0,0,0
2008-02-15 12:45:00+00:00,30,2,12,176.7242431640625,169.77342224121094,0,0,0,0,0,0,0,0,0,0,0,0,1,1,1,1,1,0,0,0,0,0,0,0,0
2008-02-15 12:45:00+00:00,30,2,12,66.41793823242188,80.84637451171875,0,0,0,0,0,0,0,0,1,1,1,1,1,1,1,1,1,0,0,0,0,0,0,0,0
2008-02-15 12:45:00+00:00,30,2,12,343.8549499511719,353.9862060546875,0,0,0,0,0,0,0,0,0,0,0,0,0,0,0,0,1,0,0,0,0,0,0,0,0
2008-02-15 12:45:00+00:00,30,2,12,,,0,0,0,0,0,0,0,0,0,0,0,0,0,0,0,0,0,0,0,0,0,0,0,0,0
2008-02-15 13:00:00+00:00,30,2,13,76.26307678222656,124.66231536865234,0,0,0,0,0,0,0,0,1,1,1,1,1,1,1,1,1,0,0,0,0,0,0,0,0
2008-02-15 13:00:00+00:00,30,2,13,362.3016662597656,363.1310729980469,0,0,0,0,0,0,0,0,0,0,0,0,0,0,0,0,0,0,0,0,0,0,0,0,0
2008-02-15 13:00:00+00:00,30,2,13,180.51719665527344,180.51719665527344,0,0,0,0,0,0,0,0,0,0,0,0,0,1,1,1,1,0,0,0,0,0,0,0,0
2008-02-15 13:00:00+00:00,30,2,13,162.0282745361328,176.49024963378906,0,0,0,0,0,0,0,0,0,0,0,0,1,1,1,1,1,0,0,0,0,0,0,0,0
2008-02-15 13:00:00+00:00,30,2,13,163.17529296875,41.12128448486328,0,0,0,0,0,0,0,0,0,0,0,0,1,1,1,1,1,0,0,0,0,0,0,1,1
2008-02-15 13:00:00+00:00,30,2,13,65.6419677734375,86.88835906982422,0,0,0,0,0,0,0,0,1,1,1,1,1,1,1,1,1,0,0,0,0,0,0,0,0
2008-02-15 13:00:00+00:00,30,2,13,255.9132843017578,247.02230834960938,0,0,0,0,0,0,0,0,0,0,0,0,0,0,0,1,1,0,0,0,0,0,0,0,0
2008-02-15 13:00:00+00:00,30,2,13,355.51556396484375,345.64044189453125,0,0,0,0,0,0,0,0,0,0,0,0,0,0,0,0,0,0,0,0,0,0,0,0,0
2008-02-15 13:15:00+00:00,30,2,13,,,0,0,0,0,0,0,0,0,0,0,0,0,0,0,0,0,0,0,0,0,0,0,0,0,0
2008-02-15 13:15:00+00:00,30,2,13,87.0323715209961,51.32308578491211,0,0,0,0,0,0,0,0,0,1,1,1,1,1,1,1,1,0,0,0,0,0,0,0,1
2008-02-15 13:15:00+00:00,30,2,13,57.67566680908203,41.30173110961914,0,0,0,0,0,0,0,1,1,1,1,1,1,1,1,1,1,0,0,0,0,0,0,1,1
2008-02-15 13:15:00+00:00,30,2,13,205.2685089111328,203.66270446777344,0,0,0,0,0,0,0,0,0,0,0,0,0,0,1,1,1,0,0,0,0,0,0,0,0
2008-02-15 13:15:00+00:00,30,2,13,,,0,0,0,0,0,0,0,0,0,0,0,0,0,0,0,0,0,0,0,0,0,0,0,0,0
2008-02-15 13:15:00+00:00,30,2,13,191.58460998535156,102.8438491821289,0,0,0,0,0,0,0,0,0,0,0,0,0,1,1,1,1,0,0,0,0,0,0,0,0
2008-02-15 13:15:00+00:00,30,2,13,,,0,0,0,0,0,0,0,0,0,0,0,0,0,0,0,0,0,0,0,0,0,0,0,0,0
2008-02-15 13:15:00+00:00,30,2,13,,286.2547607421875,0,0,0,0,0,0,0,0,0,0,0,0,0,0,0,0,0,0,0,0,0,0,0,0,0
2008-02-15 13:15:00+00:00,30,2,13,556.6846923828125,268.8830871582031,0,0,0,0,0,0,0,0,0,0,0,0,0,0,0,0,0,0,0,0,0,0,0,0,0
2008-02-15 13:15:00+00:00,30,2,13,82.82633972167969,70.81246948242188,0,0,0,0,0,0,0,0,0,1,1,1,1,1,1,1,1,0,0,0,0,0,0,0,0
2008-02-15 13:15:00+00:00,30,2,13,94.42758178710938,115.82592010498047,0,0,0,0,0,0,0,0,0,1,1,1,1,1,1,1,1,0,0,0,0,0,0,0,0
2008-02-15 13:15:00+00:00,30,2,13,62.121482849121094,54.20258331298828,0,0,0,0,0,0,0,0,1,1,1,1,1,1,1,1,1,0,0,0,0,0,0,0,1
2008-02-15 13:15:00+00:00,30,2,13,307.3056640625,33.409427642822266,0,0,0,0,0,0,0,0,0,0,0,0,0,0,0,0,1,0,0,0,0,0,1,1,1
2008-02-15 13:15:00+00:00,30,2,13,447.43499755859375,486.0718078613281,0,0,0,0,0,0,0,0,0,0,0,0,0,0,0,0,0,0,0,0,0,0,0,0,0
2008-02-15 13:15:00+00:00,30,2,13,,,0,0,0,0,0,0,0,0,0,0,0,0,0,0,0,0,0,0,0,0,0,0,0,0,0
2008-02-15 13:30:00+00:00,30,2,13,103.07208251953125,170.66551208496094,0,0,0,0,0,0,0,0,0,0,1,1,1,1,1,1,1,0,0,0,0,0,0,0,0
2008-02-15 13:30:00+00:00,30,2,13,91.40428924560547,137.07810974121094,0,0,0,0,0,0,0,0,0,1,1,1,1,1,1,1,1,0,0,0,0,0,0,0,0
2008-02-15 13:30:00+00:00,30,2,13,74.25289916992188,73.90579986572266,0,0,0,0,0,0,0,0,1,1,1,1,1,1,1,1,1,0,0,0,0,0,0,0,0
2008-02-15 13:30:00+00:00,30,2,13,89.0146484375,151.19049072265625,0,0,0,0,0,0,0,0,0,1,1,1,1,1,1,1,1,0,0,0,0,0,0,0,0
2008-02-15 13:30:00+00:00,30,2,13,180.31211853027344,191.4864959716797,0,0,0,0,0,0,0,0,0,0,0,0,0,1,1,1,1,0,0,0,0,0,0,0,0
2008-02-15 13:30:00+00:00,30,2,13,165.7983856201172,10.108518600463867,0,0,0,0,0,0,0,0,0,0,0,0,1,1,1,1,1,0,1,1,1,1,1,1,1
2008-02-15 13:30:00+00:00,30,2,13,280.5495300292969,332.73760986328125,0,0,0,0,0,0,0,0,0,0,0,0,0,0,0,1,1,0,0,0,0,0,0,0,0
2008-02-15 13:30:00+00:00,30,2,13,327.9714050292969,405.32440185546875,0,0,0,0,0,0,0,0,0,0,0,0,0,0,0,0,1,0,0,0,0,0,0,0,0
2008-02-15 13:30:00+00:00,30,2,13,199.63706970214844,183.67552185058594,0,0,0,0,0,0,0,0,0,0,0,0,0,1,1,1,1,0,0,0,0,0,0,0,0
2008-02-15 13:30:00+00:00,30,2,13,371.37310791015625,236.4446258544922,0,0,0,0,0,0,0,0,0,0,0,0,0,0,0,0,0,0,0,0,0,0,0,0,0
2008-02-15 13:30:00+00:00,30,2,13,132.2918701171875,101.62287139892578,0,0,0,0,0,0,0,0,0,0,0,1,1,1,1,1,1,0,0,0,0,0,0,0,0
2008-02-15 13:30:00+00:00,30,2,13,54.69380187988281,41.575965881347656,0,0,0,0,0,0,0,1,1,1,1,1,1,1,1,1,1,0,0,0,0,0,0,1,1
2008-02-15 13:30:00+00:00,30,2,13,,,0,0,0,0,0,0,0,0,0,0,0,0,0,0,0,0,0,0,0,0,0,0,0,0,0
2008-02-15 13:45:00+00:00,30,2,13,104.6181869506836,116.50606536865234,0,0,0,0,0,0,0,0,0,0,1,1,1,1,1,1,1,0,0,0,0,0,0,0,0
2008-02-15 13:45:00+00:00,30,2,13,87.02141571044922,144.72207641601562,0,0,0,0,0,0,0,0,0,1,1,1,1,1,1,1,1,0,0,0,0,0,0,0,0
2008-02-15 13:45:00+00:00,30,2,13,369.717041015625,396.9795227050781,0,0,0,0,0,0,0,0,0,0,0,0,0,0,0,0,0,0,0,0,0,0,0,0,0
2008-02-15 13:45:00+00:00,30,2,13,45.73503494262695,30.467451095581055,0,0,0,0,0,0,1,1,1,1,1,1,1,1,1,1,1,0,0,0,0,0,1,1,1
2008-02-15 13:45:00+00:00,30,2,13,50.26929473876953,50.690826416015625,0,0,0,0,0,0,0,1,1,1,1,1,1,1,1,1,1,0,0,0,0,0,0,0,1
2008-02-15 13:45:00+00:00,30,2,13,127.47020721435547,81.4967041015625,0,0,0,0,0,0,0,0,0,0,0,1,1,1,1,1,1,0,0,0,0,0,0,0,0
2008-02-15 13:45:00+00:00,30,2,13,187.4794158935547,179.46694946289062,0,0,0,0,0,0,0,0,0,0,0,0,0,1,1,1,1,0,0,0,0,0,0,0,0
2008-02-15 13:45:00+00:00,30,2,13,291.7035217285156,282.75518798828125,0,0,0,0,0,0,0,0,0,0,0,0,0,0,0,1,1,0,0,0,0,0,0,0,0
2008-02-15 13:45:00+00:00,30,2,13,269.63531494140625,257.75421142578125,0,0,0,0,0,0,0,0,0,0,0,0,0,0,0,1,1,0,0,0,0,0,0,0,0
2008-02-15 13:45:00+00:00,30,2,13,,,0,0,0,0,0,0,0,0,0,0,0,0,0,0,0,0,0,0,0,0,0,0,0,0,0
2008-02-15 14:00:00+00:00,30,2,14,104.20753479003906,62.88828659057617,0,0,0,0,0,0,0,0,0,0,1,1,1,1,1,1,1,0,0,0,0,0,0,0,0
2008-02-15 14:00:00+00:00,30,2,14,143.4315643310547,150.47996520996094,0,0,0,0,0,0,0,0,0,0,0,1,1,1,1,1,1,0,0,0,0,0,0,0,0
2008-02-15 14:00:00+00:00,30,2,14,319.18438720703125,0.0,0,0,0,0,0,0,0,0,0,0,0,0,0,0,0,0,1,1,1,1,1,1,1,1,1
2008-02-15 14:00:00+00:00,30,2,14,54.5515022277832,66.95308685302734,0,0,0,0,0,0,0,1,1,1,1,1,1,1,1,1,1,0,0,0,0,0,0,0,0
2008-02-15 14:00:00+00:00,30,2,14,75.29203796386719,42.59613037109375,0,0,0,0,0,0,0,0,1,1,1,1,1,1,1,1,1,0,0,0,0,0,0,1,1
2008-02-15 14:00:00+00:00,30,2,14,274.26885986328125,259.407958984375,0,0,0,0,0,0,0,0,0,0,0,0,0,0,0,1,1,0,0,0,0,0,0,0,0
2008-02-15 14:15:00+00:00,30,2,14,482.36376953125,622.8492431640625,0,0,0,0,0,0,0,0,0,0,0,0,0,0,0,0,0,0,0,0,0,0,0,0,0
2008-02-15 14:15:00+00:00,30,2,14,165.59552001953125,126.495849609375,0,0,0,0,0,0,0,0,0,0,0,0,1,1,1,1,1,0,0,0,0,0,0,0,0
2008-02-15 14:15:00+00:00,30,2,14,210.96287536621094,248.03221130371094,0,0,0,0,0,0,0,0,0,0,0,0,0,0,1,1,1,0,0,0,0,0,0,0,0
2008-02-15 14:15:00+00:00,30,2,14,134.4363250732422,14.350276947021484,0,0,0,0,0,0,0,0,0,0,0,1,1,1,1,1,1,0,1,1,1,1,1,1,1
2008-02-15 14:15:00+00:00,30,2,14,339.2843933105469,231.83392333984375,0,0,0,0,0,0,0,0,0,0,0,0,0,0,0,0,1,0,0,0,0,0,0,0,0
2008-02-15 14:15:00+00:00,30,2,14,188.69065856933594,189.32742309570312,0,0,0,0,0,0,0,0,0,0,0,0,0,1,1,1,1,0,0,0,0,0,0,0,0
2008-02-15 14:15:00+00:00,30,2,14,279.60882568359375,271.1928405761719,0,0,0,0,0,0,0,0,0,0,0,0,0,0,0,1,1,0,0,0,0,0,0,0,0
2008-02-15 14:15:00+00:00,30,2,14,95.88340759277344,100.85662841796875,0,0,0,0,0,0,0,0,0,1,1,1,1,1,1,1,1,0,0,0,0,0,0,0,0
2008-02-15 14:15:00+00:00,30,2,14,231.22218322753906,206.62193298339844,0,0,0,0,0,0,0,0,0,0,0,0,0,0,1,1,1,0,0,0,0,0,0,0,0
2008-02-15 14:30:00+00:00,30,2,14,,,0,0,0,0,0,0,0,0,0,0,0,0,0,0,0,0,0,0,0,0,0,0,0,0,0
2008-02-15 14:30:00+00:00,30,2,14,42.490047454833984,41.9993896484375,0,0,0,0,0,0,1,1,1,1,1,1,1,1,1,1,1,0,0,0,0,0,0,1,1
2008-02-15 14:30:00+00:00,30,2,14,265.3364562988281,261.3711242675781,0,0,0,0,0,0,0,0,0,0,0,0,0,0,0,1,1,0,0,0,0,0,0,0,0
2008-02-15 14:30:00+00:00,30,2,14,146.7490692138672,197.56813049316406,0,0,0,0,0,0,0,0,0,0,0,1,1,1,1,1,1,0,0,0,0,0,0,0,0
2008-02-15 14:30:00+00:00,30,2,14,74.68648529052734,91.24744415283203,0,0,0,0,0,0,0,0,1,1,1,1,1,1,1,1,1,0,0,0,0,0,0,0,0
2008-02-15 14:30:00+00:00,30,2,14,255.2447052001953,261.5251159667969,0,0,0,0,0,0,0,0,0,0,0,0,0,0,0,1,1,0,0,0,0,0,0,0,0
2008-02-15 14:30:00+00:00,30,2,14,520.7362670898438,227.81333923339844,0,0,0,0,0,0,0,0,0,0,0,0,0,0,0,0,0,0,0,0,0,0,0,0,0
2008-02-15 14:45:00+00:00,30,2,14,137.19027709960938,237.91873168945312,0,0,0,0,0,0,0,0,0,0,0,1,1,1,1,1,1,0,0,0,0,0,0,0,0
2008-02-15 14:45:00+00:00,30,2,14,413.8897399902344,383.0374755859375,0,0,0,0,0,0,0,0,0,0,0,0,0,0,0,0,0,0,0,0,0,0,0,0,0
2008-02-15 14:45:00+00:00,30,2,14,73.00839233398438,199.91795349121094,0,0,0,0,0,0,0,0,1,1,1,1,1,1,1,1,1,0,0,0,0,0,0,0,0
2008-02-15 14:45:00+00:00,30,2,14,177.3946075439453,13.407861709594727,0,0,0,0,0,0,0,0,0,0,0,0,1,1,1,1,1,0,1,1,1,1,1,1,1
2008-02-15 14:45:00+00:00,30,2,14,137.6663818359375,140.1550750732422,0,0,0,0,0,0,0,0,0,0,0,1,1,1,1,1,1,0,0,0,0,0,0,0,0
2008-02-15 14:45:00+00:00,30,2,14,84.08788299560547,83.84175109863281,0,0,0,0,0,0,0,0,0,1,1,1,1,1,1,1,1,0,0,0,0,0,0,0,0
2008-02-15 14:45:00+00:00,30,2,14,55.605987548828125,57.60454177856445,0,0,0,0,0,0,0,1,1,1,1,1,1,1,1,1,1,0,0,0,0,0,0,0,1
2008-02-15 14:45:00+00:00,30,2,14,148.69529724121094,112.6763687133789,0,0,0,0,0,0,0,0,0,0,0,1,1,1,1,1,1,0,0,0,0,0,0,0,0
2008-02-15 14:45:00+00:00,30,2,14,129.4066162109375,35.05938720703125,0,0,0,0,0,0,0,0,0,0,0,1,1,1,1,1,1,0,0,0,0,0,1,1,1
2008-02-15 14:45:00+00:00,30,2,14,269.0526123046875,277.534912109375,0,0,0,0,0,0,0,0,0,0,0,0,0,0,0,1,1,0,0,0,0,0,0,0,0
2008-02-15 14:45:00+00:00,30,2,14,178.56539916992188,185.16497802734375,0,0,0,0,0,0,0,0,0,0,0,0,1,1,1,1,1,0,0,0,0,0,0,0,0
2008-02-15 14:45:00+00:00,30,2,14,137.13551330566406,134.2083282470703,0,0,0,0,0,0,0,0,0,0,0,1,1,1,1,1,1,0,0,0,0,0,0,0,0
2008-02-15 14:45:00+00:00,30,2,14,95.90951538085938,101.41090393066406,0,0,0,0,0,0,0,0,0,1,1,1,1,1,1,1,1,0,0,0,0,0,0,0,0
2008-02-15 14:45:00+00:00,30,2,14,78.4655532836914,53.57313537597656,0,0,0,0,0,0,0,0,1,1,1,1,1,1,1,1,1,0,0,0,0,0,0,0,1
2008-02-15 14:45:00+00:00,30,2,14,61.059547424316406,47.941001892089844,0,0,0,0,0,0,0,0,1,1,1,1,1,1,1,1,1,0,0,0,0,0,0,1,1
2008-02-15 14:45:00+00:00,30,2,14,258.3440856933594,12.484894752502441,0,0,0,0,0,0,0,0,0,0,0,0,0,0,0,1,1,0,1,1,1,1,1,1,1
2008-02-15 14:45:00+00:00,30,2,14,,,0,0,0,0,0,0,0,0,0,0,0,0,0,0,0,0,0,0,0,0,0,0,0,0,0
2008-02-15 15:00:00+00:00,30,2,15,72.21340942382812,83.60867309570312,0,0,0,0,0,0,0,0,1,1,1,1,1,1,1,1,1,0,0,0,0,0,0,0,0
2008-02-15 15:00:00+00:00,30,2,15,100.59229278564453,14.351812362670898,0,0,0,0,0,0,0,0,0,0,1,1,1,1,1,1,1,0,1,1,1,1,1,1,1
2008-02-15 15:15:00+00:00,30,2,15,282.6615905761719,247.7307586669922,0,0,0,0,0,0,0,0,0,0,0,0,0,0,0,1,1,0,0,0,0,0,0,0,0
2008-02-15 15:15:00+00:00,30,2,15,133.55654907226562,135.16224670410156,0,0,0,0,0,0,0,0,0,0,0,1,1,1,1,1,1,0,0,0,0,0,0,0,0
2008-02-15 15:15:00+00:00,30,2,15,136.16510009765625,343.0099792480469,0,0,0,0,0,0,0,0,0,0,0,1,1,1,1,1,1,0,0,0,0,0,0,0,0
2008-02-15 15:15:00+00:00,30,2,15,65.35382843017578,8.140364646911621,0,0,0,0,0,0,0,0,1,1,1,1,1,1,1,1,1,1,1,1,1,1,1,1,1
2008-02-15 15:15:00+00:00,30,2,15,60.052303314208984,0.0,0,0,0,0,0,0,0,0,1,1,1,1,1,1,1,1,1,1,1,1,1,1,1,1,1
2008-02-15 15:15:00+00:00,30,2,15,89.42391967773438,93.33340454101562,0,0,0,0,0,0,0,0,0,1,1,1,1,1,1,1,1,0,0,0,0,0,0,0,0
2008-02-15 15:15:00+00:00,30,2,15,58.100074768066406,41.30427551269531,0,0,0,0,0,0,0,1,1,1,1,1,1,1,1,1,1,0,0,0,0,0,0,1,1
2008-02-15 15:15:00+00:00,30,2,15,34.93765640258789,0.0,0,0,0,0,0,1,1,1,1,1,1,1,1,1,1,1,1,1,1,1,1,1,1,1,1
2008-02-15 15:30:00+00:00,30,2,15,,,0,0,0,0,0,0,0,0,0,0,0,0,0,0,0,0,0,0,0,0,0,0,0,0,0
2008-02-15 15:30:00+00:00,30,2,15,151.4875030517578,389.62652587890625,0,0,0,0,0,0,0,0,0,0,0,0,1,1,1,1,1,0,0,0,0,0,0,0,0
2008-02-15 15:30:00+00:00,30,2,15,188.45574951171875,146.47817993164062,0,0,0,0,0,0,0,0,0,0,0,0,0,1,1,1,1,0,0,0,0,0,0,0,0
2008-02-15 15:30:00+00:00,30,2,15,274.1302490234375,81.62459564208984,0,0,0,0,0,0,0,0,0,0,0,0,0,0,0,1,1,0,0,0,0,0,0,0,0
2008-02-15 15:30:00+00:00,30,2,15,297.0641784667969,54.5252685546875,0,0,0,0,0,0,0,0,0,0,0,0,0,0,0,1,1,0,0,0,0,0,0,0,1
2008-02-15 15:30:00+00:00,30,2,15,263.09857177734375,26.129966735839844,0,0,0,0,0,0,0,0,0,0,0,0,0,0,0,1,1,0,0,0,0,1,1,1,1
2008-02-15 15:30:00+00:00,30,2,15,94.69686889648438,73.29663848876953,0,0,0,0,0,0,0,0,0,1,1,1,1,1,1,1,1,0,0,0,0,0,0,0,0
2008-02-15 15:45:00+00:00,30,2,15,374.680908203125,125.83582305908203,0,0,0,0,0,0,0,0,0,0,0,0,0,0,0,0,0,0,0,0,0,0,0,0,0
2008-02-15 15:45:00+00:00,30,2,15,98.71422576904297,66.41970825195312,0,0,0,0,0,0,0,0,0,1,1,1,1,1,1,1,1,0,0,0,0,0,0,0,0
2008-02-15 15:45:00+00:00,30,2,15,52.845401763916016,58.28872299194336,0,0,0,0,0,0,0,1,1,1,1,1,1,1,1,1,1,0,0,0,0,0,0,0,1
2008-02-15 15:45:00+00:00,30,2,15,109.51380920410156,104.12013244628906,0,0,0,0,0,0,0,0,0,0,1,1,1,1,1,1,1,0,0,0,0,0,0,0,0
2008-02-15 15:45:00+00:00,30,2,15,33.653602600097656,32.929752349853516,0,0,0,0,0,1,1,1,1,1,1,1,1,1,1,1,1,0,0,0,0,0,1,1,1
2008-02-15 16:00:00+00:00,30,2,16,174.77133178710938,171.28665161132812,0,0,0,0,0,0,0,0,0,0,0,0,1,1,1,1,1,0,0,0,0,0,0,0,0
2008-02-15 16:00:00+00:00,30,2,16,84.166259765625,93.59307861328125,0,0,0,0,0,0,0,0,0,1,1,1,1,1,1,1,1,0,0,0,0,0,0,0,0
2008-02-15 16:00:00+00:00,30,2,16,178.49583435058594,128.5685577392578,0,0,0,0,0,0,0,0,0,0,0,0,1,1,1,1,1,0,0,0,0,0,0,0,0
2008-02-15 16:00:00+00:00,30,2,16,88.0665283203125,87.94306182861328,0,0,0,0,0,0,0,0,0,1,1,1,1,1,1,1,1,0,0,0,0,0,0,0,0
2008-02-15 16:00:00+00:00,30,2,16,439.2797546386719,,0,0,0,0,0,0,0,0,0,0,0,0,0,0,0,0,0,0,0,0,0,0,0,0,0
2008-02-15 16:00:00+00:00,30,2,16,,,0,0,0,0,0,0,0,0,0,0,0,0,0,0,0,0,0,0,0,0,0,0,0,0,0
2008-02-15 16:15:00+00:00,30,2,16,276.739013671875,253.16490173339844,0,0,0,0,0,0,0,0,0,0,0,0,0,0,0,1,1,0,0,0,0,0,0,0,0
2008-02-15 16:15:00+00:00,30,2,16,255.33729553222656,201.81198120117188,0,0,0,0,0,0,0,0,0,0,0,0,0,0,0,1,1,0,0,0,0,0,0,0,0
2008-02-15 16:15:00+00:00,30,2,16,115.64486694335938,121.62210845947266,0,0,0,0,0,0,0,0,0,0,1,1,1,1,1,1,1,0,0,0,0,0,0,0,0
2008-02-15 16:15:00+00:00,30,2,16,218.7623291015625,157.67080688476562,0,0,0,0,0,0,0,0,0,0,0,0,0,0,1,1,1,0,0,0,0,0,0,0,0
2008-02-15 16:15:00+00:00,30,2,16,64.01296997070312,89.54723358154297,0,0,0,0,0,0,0,0,1,1,1,1,1,1,1,1,1,0,0,0,0,0,0,0,0
2008-02-15 16:15:00+00:00,30,2,16,288.6628723144531,234.21807861328125,0,0,0,0,0,0,0,0,0,0,0,0,0,0,0,1,1,0,0,0,0,0,0,0,0
2008-02-15 16:30:00+00:00,30,2,16,175.39398193359375,108.29137420654297,0,0,0,0,0,0,0,0,0,0,0,0,1,1,1,1,1,0,0,0,0,0,0,0,0
2008-02-15 16:30:00+00:00,30,2,16,144.4789581298828,147.93382263183594,0,0,0,0,0,0,0,0,0,0,0,1,1,1,1,1,1,0,0,0,0,0,0,0,0
2008-02-15 16:30:00+00:00,30,2,16,391.0277404785156,,0,0,0,0,0,0,0,0,0,0,0,0,0,0,0,0,0,0,0,0,0,0,0,0,0
2008-02-15 16:30:00+00:00,30,2,16,181.58432006835938,179.43775939941406,0,0,0,0,0,0,0,0,0,0,0,0,0,1,1,1,1,0,0,0,0,0,0,0,0
2008-02-15 16:30:00+00:00,30,2,16,206.91256713867188,86.88833618164062,0,0,0,0,0,0,0,0,0,0,0,0,0,0,1,1,1,0,0,0,0,0,0,0,0
2008-02-15 16:45:00+00:00,30,2,16,244.703369140625,239.3805694580078,0,0,0,0,0,0,0,0,0,0,0,0,0,0,1,1,1,0,0,0,0,0,0,0,0
2008-02-15 16:45:00+00:00,30,2,16,72.33059692382812,50.759220123291016,0,0,0,0,0,0,0,0,1,1,1,1,1,1,1,1,1,0,0,0,0,0,0,0,1
2008-02-15 16:45:00+00:00,30,2,16,324.23291015625,15.44279670715332,0,0,0,0,0,0,0,0,0,0,0,0,0,0,0,0,1,0,0,1,1,1,1,1,1
2008-02-15 17:00:00+00:00,30,2,17,144.33937072753906,136.77505493164062,0,0,0,0,0,0,0,0,0,0,0,1,1,1,1,1,1,0,0,0,0,0,0,0,0
2008-02-15 17:00:00+00:00,30,2,17,186.87559509277344,164.60023498535156,0,0,0,0,0,0,0,0,0,0,0,0,0,1,1,1,1,0,0,0,0,0,0,0,0
2008-02-15 17:15:00+00:00,30,2,17,219.66241455078125,50.7216796875,0,0,0,0,0,0,0,0,0,0,0,0,0,0,1,1,1,0,0,0,0,0,0,0,1
2008-02-15 17:15:00+00:00,30,2,17,165.61727905273438,0.0,0,0,0,0,0,0,0,0,0,0,0,0,1,1,1,1,1,1,1,1,1,1,1,1,1
2008-02-15 17:15:00+00:00,30,2,17,359.9192810058594,335.1365661621094,0,0,0,0,0,0,0,0,0,0,0,0,0,0,0,0,0,0,0,0,0,0,0,0,0
2008-02-15 17:15:00+00:00,30,2,17,107.98644256591797,150.55381774902344,0,0,0,0,0,0,0,0,0,0,1,1,1,1,1,1,1,0,0,0,0,0,0,0,0
2008-02-15 17:30:00+00:00,30,2,17,290.4813232421875,266.621337890625,0,0,0,0,0,0,0,0,0,0,0,0,0,0,0,1,1,0,0,0,0,0,0,0,0
2008-02-15 17:30:00+00:00,30,2,17,192.43736267089844,331.2658386230469,0,0,0,0,0,0,0,0,0,0,0,0,0,1,1,1,1,0,0,0,0,0,0,0,0
2008-02-15 17:30:00+00:00,30,2,17,196.3213348388672,353.5110778808594,0,0,0,0,0,0,0,0,0,0,0,0,0,1,1,1,1,0,0,0,0,0,0,0,0
2008-02-15 17:30:00+00:00,30,2,17,108.63916015625,94.85933685302734,0,0,0,0,0,0,0,0,0,0,1,1,1,1,1,1,1,0,0,0,0,0,0,0,0
2008-02-15 17:45:00+00:00,30,2,17,294.61456298828125,313.1136474609375,0,0,0,0,0,0,0,0,0,0,0,0,0,0,0,1,1,0,0,0,0,0,0,0,0
2008-02-16 10:00:00+00:00,30,2,10,,,0,0,0,0,0,0,0,0,0,0,0,0,0,0,0,0,0,0,0,0,0,0,0,0,0
2008-02-16 10:00:00+00:00,30,2,10,,,0,0,0,0,0,0,0,0,0,0,0,0,0,0,0,0,0,0,0,0,0,0,0,0,0
2008-02-16 10:00:00+00:00,30,2,10,,52.275108337402344,0,0,0,0,0,0,0,0,0,0,0,0,0,0,0,0,0,0,0,0,0,0,0,0,1
2008-02-16 10:00:00+00:00,30,2,10,,,0,0,0,0,0,0,0,0,0,0,0,0,0,0,0,0,0,0,0,0,0,0,0,0,0
2008-02-16 10:00:00+00:00,30,2,10,334.27557373046875,335.52569580078125,0,0,0,0,0,0,0,0,0,0,0,0,0,0,0,0,1,0,0,0,0,0,0,0,0
2008-02-16 10:00:00+00:00,30,2,10,237.51808166503906,247.85275268554688,0,0,0,0,0,0,0,0,0,0,0,0,0,0,1,1,1,0,0,0,0,0,0,0,0
2008-02-16 10:00:00+00:00,30,2,10,390.2429504394531,404.8329772949219,0,0,0,0,0,0,0,0,0,0,0,0,0,0,0,0,0,0,0,0,0,0,0,0,0
2008-02-16 10:00:00+00:00,30,2,10,272.7960205078125,287.44573974609375,0,0,0,0,0,0,0,0,0,0,0,0,0,0,0,1,1,0,0,0,0,0,0,0,0
2008-02-16 10:00:00+00:00,30,2,10,,,0,0,0,0,0,0,0,0,0,0,0,0,0,0,0,0,0,0,0,0,0,0,0,0,0
2008-02-16 10:00:00+00:00,30,2,10,194.68515014648438,171.02188110351562,0,0,0,0,0,0,0,0,0,0,0,0,0,1,1,1,1,0,0,0,0,0,0,0,0
2008-02-16 10:00:00+00:00,30,2,10,,,0,0,0,0,0,0,0,0,0,0,0,0,0,0,0,0,0,0,0,0,0,0,0,0,0
2008-02-16 10:00:00+00:00,30,2,10,,,0,0,0,0,0,0,0,0,0,0,0,0,0,0,0,0,0,0,0,0,0,0,0,0,0
2008-02-16 10:15:00+00:00,30,2,10,105.6615982055664,86.5164566040039,0,0,0,0,0,0,0,0,0,0,1,1,1,1,1,1,1,0,0,0,0,0,0,0,0
2008-02-16 10:15:00+00:00,30,2,10,,,0,0,0,0,0,0,0,0,0,0,0,0,0,0,0,0,0,0,0,0,0,0,0,0,0
2008-02-16 10:30:00+00:00,30,2,10,402.2850036621094,239.1519775390625,0,0,0,0,0,0,0,0,0,0,0,0,0,0,0,0,0,0,0,0,0,0,0,0,0
2008-02-16 10:30:00+00:00,30,2,10,366.8293762207031,217.37014770507812,0,0,0,0,0,0,0,0,0,0,0,0,0,0,0,0,0,0,0,0,0,0,0,0,0
2008-02-16 10:30:00+00:00,30,2,10,,,0,0,0,0,0,0,0,0,0,0,0,0,0,0,0,0,0,0,0,0,0,0,0,0,0
2008-02-16 10:30:00+00:00,30,2,10,84.9290771484375,86.29341125488281,0,0,0,0,0,0,0,0,0,1,1,1,1,1,1,1,1,0,0,0,0,0,0,0,0
2008-02-16 10:30:00+00:00,30,2,10,290.2633056640625,289.91180419921875,0,0,0,0,0,0,0,0,0,0,0,0,0,0,0,1,1,0,0,0,0,0,0,0,0
2008-02-16 10:30:00+00:00,30,2,10,,,0,0,0,0,0,0,0,0,0,0,0,0,0,0,0,0,0,0,0,0,0,0,0,0,0
2008-02-16 10:30:00+00:00,30,2,10,489.950927734375,506.0251770019531,0,0,0,0,0,0,0,0,0,0,0,0,0,0,0,0,0,0,0,0,0,0,0,0,0
2008-02-16 10:30:00+00:00,30,2,10,,,0,0,0,0,0,0,0,0,0,0,0,0,0,0,0,0,0,0,0,0,0,0,0,0,0
2008-02-16 10:45:00+00:00,30,2,10,,,0,0,0,0,0,0,0,0,0,0,0,0,0,0,0,0,0,0,0,0,0,0,0,0,0
2008-02-16 10:45:00+00:00,30,2,10,444.5129699707031,104.31768035888672,0,0,0,0,0,0,0,0,0,0,0,0,0,0,0,0,0,0,0,0,0,0,0,0,0
2008-02-16 10:45:00+00:00,30,2,10,371.3187561035156,80.48773956298828,0,0,0,0,0,0,0,0,0,0,0,0,0,0,0,0,0,0,0,0,0,0,0,0,0
2008-02-16 10:45:00+00:00,30,2,10,,,0,0,0,0,0,0,0,0,0,0,0,0,0,0,0,0,0,0,0,0,0,0,0,0,0
2008-02-16 10:45:00+00:00,30,2,10,,72.17745971679688,0,0,0,0,0,0,0,0,0,0,0,0,0,0,0,0,0,0,0,0,0,0,0,0,0
2008-02-16 10:45:00+00:00,30,2,10,281.7746276855469,106.55406951904297,0,0,0,0,0,0,0,0,0,0,0,0,0,0,0,1,1,0,0,0,0,0,0,0,0
2008-02-16 10:45:00+00:00,30,2,10,175.18800354003906,177.72113037109375,0,0,0,0,0,0,0,0,0,0,0,0,1,1,1,1,1,0,0,0,0,0,0,0,0
2008-02-16 10:45:00+00:00,30,2,10,155.60287475585938,154.23094177246094,0,0,0,0,0,0,0,0,0,0,0,0,1,1,1,1,1,0,0,0,0,0,0,0,0
2008-02-16 10:45:00+00:00,30,2,10,97.36569213867188,99.72876739501953,0,0,0,0,0,0,0,0,0,1,1,1,1,1,1,1,1,0,0,0,0,0,0,0,0
2008-02-16 10:45:00+00:00,30,2,10,,,0,0,0,0,0,0,0,0,0,0,0,0,0,0,0,0,0,0,0,0,0,0,0,0,0
2008-02-16 10:45:00+00:00,30,2,10,380.83001708984375,335.2958679199219,0,0,0,0,0,0,0,0,0,0,0,0,0,0,0,0,0,0,0,0,0,0,0,0,0
2008-02-16 10:45:00+00:00,30,2,10,140.8029327392578,155.1075439453125,0,0,0,0,0,0,0,0,0,0,0,1,1,1,1,1,1,0,0,0,0,0,0,0,0
2008-02-16 10:45:00+00:00,30,2,10,,,0,0,0,0,0,0,0,0,0,0,0,0,0,0,0,0,0,0,0,0,0,0,0,0,0
2008-02-16 10:45:00+00:00,30,2,10,377.9369201660156,351.1256103515625,0,0,0,0,0,0,0,0,0,0,0,0,0,0,0,0,0,0,0,0,0,0,0,0,0
2008-02-16 10:45:00+00:00,30,2,10,211.96604919433594,206.3802032470703,0,0,0,0,0,0,0,0,0,0,0,0,0,0,1,1,1,0,0,0,0,0,0,0,0
2008-02-16 11:00:00+00:00,30,2,11,,,0,0,0,0,0,0,0,0,0,0,0,0,0,0,0,0,0,0,0,0,0,0,0,0,0
2008-02-16 11:00:00+00:00,30,2,11,,,0,0,0,0,0,0,0,0,0,0,0,0,0,0,0,0,0,0,0,0,0,0,0,0,0
2008-02-16 11:00:00+00:00,30,2,11,,,0,0,0,0,0,0,0,0,0,0,0,0,0,0,0,0,0,0,0,0,0,0,0,0,0
2008-02-16 11:00:00+00:00,30,2,11,232.2351837158203,222.83274841308594,0,0,0,0,0,0,0,0,0,0,0,0,0,0,1,1,1,0,0,0,0,0,0,0,0
2008-02-16 11:00:00+00:00,30,2,11,236.49549865722656,0.0,0,0,0,0,0,0,0,0,0,0,0,0,0,0,1,1,1,1,1,1,1,1,1,1,1
2008-02-16 11:00:00+00:00,30,2,11,133.28514099121094,76.09050750732422,0,0,0,0,0,0,0,0,0,0,0,1,1,1,1,1,1,0,0,0,0,0,0,0,0
2008-02-16 11:00:00+00:00,30,2,11,,,0,0,0,0,0,0,0,0,0,0,0,0,0,0,0,0,0,0,0,0,0,0,0,0,0
2008-02-16 11:00:00+00:00,30,2,11,200.42611694335938,113.57039642333984,0,0,0,0,0,0,0,0,0,0,0,0,0,0,1,1,1,0,0,0,0,0,0,0,0
2008-02-16 11:00:00+00:00,30,2,11,,,0,0,0,0,0,0,0,0,0,0,0,0,0,0,0,0,0,0,0,0,0,0,0,0,0
2008-02-16 11:00:00+00:00,30,2,11,67.36286163330078,66.02234649658203,0,0,0,0,0,0,0,0,1,1,1,1,1,1,1,1,1,0,0,0,0,0,0,0,0
2008-02-16 11:00:00+00:00,30,2,11,90.02540588378906,96.430419921875,0,0,0,0,0,0,0,0,0,1,1,1,1,1,1,1,1,0,0,0,0,0,0,0,0
2008-02-16 11:00:00+00:00,30,2,11,239.35206604003906,200.6568603515625,0,0,0,0,0,0,0,0,0,0,0,0,0,0,1,1,1,0,0,0,0,0,0,0,0
2008-02-16 11:00:00+00:00,30,2,11,333.9551696777344,66.22872924804688,0,0,0,0,0,0,0,0,0,0,0,0,0,0,0,0,1,0,0,0,0,0,0,0,0
2008-02-16 11:00:00+00:00,30,2,11,320.201904296875,236.93865966796875,0,0,0,0,0,0,0,0,0,0,0,0,0,0,0,0,1,0,0,0,0,0,0,0,0
2008-02-16 11:00:00+00:00,30,2,11,,,0,0,0,0,0,0,0,0,0,0,0,0,0,0,0,0,0,0,0,0,0,0,0,0,0
2008-02-16 11:00:00+00:00,30,2,11,,,0,0,0,0,0,0,0,0,0,0,0,0,0,0,0,0,0,0,0,0,0,0,0,0,0
2008-02-16 11:00:00+00:00,30,2,11,,,0,0,0,0,0,0,0,0,0,0,0,0,0,0,0,0,0,0,0,0,0,0,0,0,0
2008-02-16 11:00:00+00:00,30,2,11,,,0,0,0,0,0,0,0,0,0,0,0,0,0,0,0,0,0,0,0,0,0,0,0,0,0
2008-02-16 11:00:00+00:00,30,2,11,,,0,0,0,0,0,0,0,0,0,0,0,0,0,0,0,0,0,0,0,0,0,0,0,0,0
2008-02-16 11:00:00+00:00,30,2,11,,,0,0,0,0,0,0,0,0,0,0,0,0,0,0,0,0,0,0,0,0,0,0,0,0,0
2008-02-16 11:15:00+00:00,30,2,11,,37.084835052490234,0,0,0,0,0,0,0,0,0,0,0,0,0,0,0,0,0,0,0,0,0,0,1,1,1
2008-02-16 11:15:00+00:00,30,2,11,240.21075439453125,29.32779884338379,0,0,0,0,0,0,0,0,0,0,0,0,0,0,1,1,1,0,0,0,0,1,1,1,1
2008-02-16 11:15:00+00:00,30,2,11,256.24774169921875,148.1944580078125,0,0,0,0,0,0,0,0,0,0,0,0,0,0,0,1,1,0,0,0,0,0,0,0,0
2008-02-16 11:15:00+00:00,30,2,11,263.1246032714844,146.4846954345703,0,0,0,0,0,0,0,0,0,0,0,0,0,0,0,1,1,0,0,0,0,0,0,0,0
2008-02-16 11:15:00+00:00,30,2,11,453.3935241699219,461.7468566894531,0,0,0,0,0,0,0,0,0,0,0,0,0,0,0,0,0,0,0,0,0,0,0,0,0
2008-02-16 11:15:00+00:00,30,2,11,187.51263427734375,82.55481719970703,0,0,0,0,0,0,0,0,0,0,0,0,0,1,1,1,1,0,0,0,0,0,0,0,0
2008-02-16 11:15:00+00:00,30,2,11,83.88079833984375,72.53985595703125,0,0,0,0,0,0,0,0,0,1,1,1,1,1,1,1,1,0,0,0,0,0,0,0,0
2008-02-16 11:15:00+00:00,30,2,11,96.73348999023438,9.45620059967041,0,0,0,0,0,0,0,0,0,1,1,1,1,1,1,1,1,1,1,1,1,1,1,1,1
2008-02-16 11:15:00+00:00,30,2,11,,464.2099609375,0,0,0,0,0,0,0,0,0,0,0,0,0,0,0,0,0,0,0,0,0,0,0,0,0
2008-02-16 11:15:00+00:00,30,2,11,139.41934204101562,104.52656555175781,0,0,0,0,0,0,0,0,0,0,0,1,1,1,1,1,1,0,0,0,0,0,0,0,0
2008-02-16 11:15:00+00:00,30,2,11,,383.1260070800781,0,0,0,0,0,0,0,0,0,0,0,0,0,0,0,0,0,0,0,0,0,0,0,0,0
2008-02-16 11:15:00+00:00,30,2,11,,294.9607849121094,0,0,0,0,0,0,0,0,0,0,0,0,0,0,0,0,0,0,0,0,0,0,0,0,0
2008-02-16 11:15:00+00:00,30,2,11,,335.4626770019531,0,0,0,0,0,0,0,0,0,0,0,0,0,0,0,0,0,0,0,0,0,0,0,0,0
2008-02-16 11:15:00+00:00,30,2,11,,,0,0,0,0,0,0,0,0,0,0,0,0,0,0,0,0,0,0,0,0,0,0,0,0,0
2008-02-16 11:15:00+00:00,30,2,11,,,0,0,0,0,0,0,0,0,0,0,0,0,0,0,0,0,0,0,0,0,0,0,0,0,0
2008-02-16 11:15:00+00:00,30,2,11,,227.40863037109375,0,0,0,0,0,0,0,0,0,0,0,0,0,0,0,0,0,0,0,0,0,0,0,0,0
2008-02-16 11:15:00+00:00,30,2,11,,,0,0,0,0,0,0,0,0,0,0,0,0,0,0,0,0,0,0,0,0,0,0,0,0,0
2008-02-16 11:15:00+00:00,30,2,11,,,0,0,0,0,0,0,0,0,0,0,0,0,0,0,0,0,0,0,0,0,0,0,0,0,0
2008-02-16 11:30:00+00:00,30,2,11,,46.94534683227539,0,0,0,0,0,0,0,0,0,0,0,0,0,0,0,0,0,0,0,0,0,0,0,1,1
2008-02-16 11:30:00+00:00,30,2,11,,385.2796325683594,0,0,0,0,0,0,0,0,0,0,0,0,0,0,0,0,0,0,0,0,0,0,0,0,0
2008-02-16 11:30:00+00:00,30,2,11,155.91207885742188,102.59561157226562,0,0,0,0,0,0,0,0,0,0,0,0,1,1,1,1,1,0,0,0,0,0,0,0,0
2008-02-16 11:30:00+00:00,30,2,11,84.19839477539062,61.93117904663086,0,0,0,0,0,0,0,0,0,1,1,1,1,1,1,1,1,0,0,0,0,0,0,0,0
2008-02-16 11:30:00+00:00,30,2,11,66.71366882324219,59.33243179321289,0,0,0,0,0,0,0,0,1,1,1,1,1,1,1,1,1,0,0,0,0,0,0,0,1
2008-02-16 11:30:00+00:00,30,2,11,,18.084877014160156,0,0,0,0,0,0,0,0,0,0,0,0,0,0,0,0,0,0,0,1,1,1,1,1,1
2008-02-16 11:30:00+00:00,30,2,11,106.25447082519531,88.65203857421875,0,0,0,0,0,0,0,0,0,0,1,1,1,1,1,1,1,0,0,0,0,0,0,0,0
2008-02-16 11:30:00+00:00,30,2,11,75.54547882080078,59.36674880981445,0,0,0,0,0,0,0,0,1,1,1,1,1,1,1,1,1,0,0,0,0,0,0,0,1
2008-02-16 11:30:00+00:00,30,2,11,,83.23031616210938,0,0,0,0,0,0,0,0,0,0,0,0,0,0,0,0,0,0,0,0,0,0,0,0,0
2008-02-16 11:30:00+00:00,30,2,11,,267.35546875,0,0,0,0,0,0,0,0,0,0,0,0,0,0,0,0,0,0,0,0,0,0,0,0,0
2008-02-16 11:30:00+00:00,30,2,11,94.97234344482422,56.96963882446289,0,0,0,0,0,0,0,0,0,1,1,1,1,1,1,1,1,0,0,0,0,0,0,0,1
2008-02-16 11:30:00+00:00,30,2,11,146.97198486328125,142.7887725830078,0,0,0,0,0,0,0,0,0,0,0,1,1,1,1,1,1,0,0,0,0,0,0,0,0
2008-02-16 11:30:00+00:00,30,2,11,205.61082458496094,222.2767333984375,0,0,0,0,0,0,0,0,0,0,0,0,0,0,1,1,1,0,0,0,0,0,0,0,0
2008-02-16 11:30:00+00:00,30,2,11,,,0,0,0,0,0,0,0,0,0,0,0,0,0,0,0,0,0,0,0,0,0,0,0,0,0
2008-02-16 11:45:00+00:00,30,2,11,,,0,0,0,0,0,0,0,0,0,0,0,0,0,0,0,0,0,0,0,0,0,0,0,0,0
2008-02-16 11:45:00+00:00,30,2,11,,,0,0,0,0,0,0,0,0,0,0,0,0,0,0,0,0,0,0,0,0,0,0,0,0,0
2008-02-16 11:45:00+00:00,30,2,11,,,0,0,0,0,0,0,0,0,0,0,0,0,0,0,0,0,0,0,0,0,0,0,0,0,0
2008-02-16 11:45:00+00:00,30,2,11,301.17364501953125,274.05096435546875,0,0,0,0,0,0,0,0,0,0,0,0,0,0,0,0,1,0,0,0,0,0,0,0,0
2008-02-16 11:45:00+00:00,30,2,11,134.66177368164062,113.02335357666016,0,0,0,0,0,0,0,0,0,0,0,1,1,1,1,1,1,0,0,0,0,0,0,0,0
2008-02-16 11:45:00+00:00,30,2,11,64.46712493896484,57.50436782836914,0,0,0,0,0,0,0,0,1,1,1,1,1,1,1,1,1,0,0,0,0,0,0,0,1
2008-02-16 11:45:00+00:00,30,2,11,108.2340087890625,112.56597900390625,0,0,0,0,0,0,0,0,0,0,1,1,1,1,1,1,1,0,0,0,0,0,0,0,0
2008-02-16 11:45:00+00:00,30,2,11,118.70824432373047,109.54786682128906,0,0,0,0,0,0,0,0,0,0,1,1,1,1,1,1,1,0,0,0,0,0,0,0,0
2008-02-16 11:45:00+00:00,30,2,11,,,0,0,0,0,0,0,0,0,0,0,0,0,0,0,0,0,0,0,0,0,0,0,0,0,0
2008-02-16 11:45:00+00:00,30,2,11,,,0,0,0,0,0,0,0,0,0,0,0,0,0,0,0,0,0,0,0,0,0,0,0,0,0
2008-02-16 11:45:00+00:00,30,2,11,531.3057250976562,510.2689208984375,0,0,0,0,0,0,0,0,0,0,0,0,0,0,0,0,0,0,0,0,0,0,0,0,0
2008-02-16 11:45:00+00:00,30,2,11,98.62238311767578,115.19918823242188,0,0,0,0,0,0,0,0,0,1,1,1,1,1,1,1,1,0,0,0,0,0,0,0,0
2008-02-16 11:45:00+00:00,30,2,11,93.72801208496094,65.10420227050781,0,0,0,0,0,0,0,0,0,1,1,1,1,1,1,1,1,0,0,0,0,0,0,0,0
2008-02-16 11:45:00+00:00,30,2,11,167.93492126464844,161.6363983154297,0,0,0,0,0,0,0,0,0,0,0,0,1,1,1,1,1,0,0,0,0,0,0,0,0
2008-02-16 11:45:00+00:00,30,2,11,63.100425720214844,18.353307723999023,0,0,0,0,0,0,0,0,1,1,1,1,1,1,1,1,1,0,0,1,1,1,1,1,1
2008-02-16 11:45:00+00:00,30,2,11,232.71958923339844,168.6708984375,0,0,0,0,0,0,0,0,0,0,0,0,0,0,1,1,1,0,0,0,0,0,0,0,0
2008-02-16 11:45:00+00:00,30,2,11,536.2598876953125,,0,0,0,0,0,0,0,0,0,0,0,0,0,0,0,0,0,0,0,0,0,0,0,0,0
2008-02-16 11:45:00+00:00,30,2,11,332.3475341796875,295.52587890625,0,0,0,0,0,0,0,0,0,0,0,0,0,0,0,0,1,0,0,0,0,0,0,0,0
2008-02-16 11:45:00+00:00,30,2,11,,188.4586181640625,0,0,0,0,0,0,0,0,0,0,0,0,0,0,0,0,0,0,0,0,0,0,0,0,0
2008-02-16 11:45:00+00:00,30,2,11,46.04387283325195,313.54974365234375,0,0,0,0,0,0,1,1,1,1,1,1,1,1,1,1,1,0,0,0,0,0,0,0,0
2008-02-16 11:45:00+00:00,30,2,11,,91.52144622802734,0,0,0,0,0,0,0,0,0,0,0,0,0,0,0,0,0,0,0,0,0,0,0,0,0
2008-02-16 11:45:00+00:00,30,2,11,231.7705535888672,272.6167907714844,0,0,0,0,0,0,0,0,0,0,0,0,0,0,1,1,1,0,0,0,0,0,0,0,0
2008-02-16 11:45:00+00:00,30,2,11,,122.45262908935547,0,0,0,0,0,0,0,0,0,0,0,0,0,0,0,0,0,0,0,0,0,0,0,0,0
2008-02-16 11:45:00+00:00,30,2,11,82.50735473632812,175.29673767089844,0,0,0,0,0,0,0,0,0,1,1,1,1,1,1,1,1,0,0,0,0,0,0,0,0
2008-02-16 12:00:00+00:00,30,2,12,503.9132995605469,332.86077880859375,0,0,0,0,0,0,0,0,0,0,0,0,0,0,0,0,0,0,0,0,0,0,0,0,0
2008-02-16 12:00:00+00:00,30,2,12,205.45640563964844,,0,0,0,0,0,0,0,0,0,0,0,0,0,0,1,1,1,0,0,0,0,0,0,0,0
2008-02-16 12:00:00+00:00,30,2,12,157.5641632080078,286.5189514160156,0,0,0,0,0,0,0,0,0,0,0,0,1,1,1,1,1,0,0,0,0,0,0,0,0
2008-02-16 12:00:00+00:00,30,2,12,,,0,0,0,0,0,0,0,0,0,0,0,0,0,0,0,0,0,0,0,0,0,0,0,0,0
2008-02-16 12:00:00+00:00,30,2,12,210.302001953125,287.1692199707031,0,0,0,0,0,0,0,0,0,0,0,0,0,0,1,1,1,0,0,0,0,0,0,0,0
2008-02-16 12:00:00+00:00,30,2,12,63.54665756225586,61.90947341918945,0,0,0,0,0,0,0,0,1,1,1,1,1,1,1,1,1,0,0,0,0,0,0,0,0
2008-02-16 12:00:00+00:00,30,2,12,190.32266235351562,202.40786743164062,0,0,0,0,0,0,0,0,0,0,0,0,0,1,1,1,1,0,0,0,0,0,0,0,0
2008-02-16 12:00:00+00:00,30,2,12,298.669189453125,,0,0,0,0,0,0,0,0,0,0,0,0,0,0,0,1,1,0,0,0,0,0,0,0,0
2008-02-16 12:00:00+00:00,30,2,12,,,0,0,0,0,0,0,0,0,0,0,0,0,0,0,0,0,0,0,0,0,0,0,0,0,0
2008-02-16 12:00:00+00:00,30,2,12,407.45013427734375,,0,0,0,0,0,0,0,0,0,0,0,0,0,0,0,0,0,0,0,0,0,0,0,0,0
2008-02-16 12:00:00+00:00,30,2,12,382.2395935058594,377.4233703613281,0,0,0,0,0,0,0,0,0,0,0,0,0,0,0,0,0,0,0,0,0,0,0,0,0
2008-02-16 12:00:00+00:00,30,2,12,105.9099349975586,156.1859130859375,0,0,0,0,0,0,0,0,0,0,1,1,1,1,1,1,1,0,0,0,0,0,0,0,0
2008-02-16 12:00:00+00:00,30,2,12,63.88887405395508,59.606285095214844,0,0,0,0,0,0,0,0,1,1,1,1,1,1,1,1,1,0,0,0,0,0,0,0,1
2008-02-16 12:00:00+00:00,30,2,12,219.16029357910156,197.93458557128906,0,0,0,0,0,0,0,0,0,0,0,0,0,0,1,1,1,0,0,0,0,0,0,0,0
2008-02-16 12:00:00+00:00,30,2,12,140.37921142578125,66.39104461669922,0,0,0,0,0,0,0,0,0,0,0,1,1,1,1,1,1,0,0,0,0,0,0,0,0
2008-02-16 12:00:00+00:00,30,2,12,415.610107421875,254.9144744873047,0,0,0,0,0,0,0,0,0,0,0,0,0,0,0,0,0,0,0,0,0,0,0,0,0
2008-02-16 12:00:00+00:00,30,2,12,332.9131164550781,182.3484649658203,0,0,0,0,0,0,0,0,0,0,0,0,0,0,0,0,1,0,0,0,0,0,0,0,0
2008-02-16 12:00:00+00:00,30,2,12,434.741943359375,314.04913330078125,0,0,0,0,0,0,0,0,0,0,0,0,0,0,0,0,0,0,0,0,0,0,0,0,0
2008-02-16 12:15:00+00:00,30,2,12,,,0,0,0,0,0,0,0,0,0,0,0,0,0,0,0,0,0,0,0,0,0,0,0,0,0
2008-02-16 12:15:00+00:00,30,2,12,230.29302978515625,240.25421142578125,0,0,0,0,0,0,0,0,0,0,0,0,0,0,1,1,1,0,0,0,0,0,0,0,0
2008-02-16 12:15:00+00:00,30,2,12,,,0,0,0,0,0,0,0,0,0,0,0,0,0,0,0,0,0,0,0,0,0,0,0,0,0
2008-02-16 12:15:00+00:00,30,2,12,152.8141326904297,160.75926208496094,0,0,0,0,0,0,0,0,0,0,0,0,1,1,1,1,1,0,0,0,0,0,0,0,0
2008-02-16 12:15:00+00:00,30,2,12,167.6305389404297,175.1848602294922,0,0,0,0,0,0,0,0,0,0,0,0,1,1,1,1,1,0,0,0,0,0,0,0,0
2008-02-16 12:15:00+00:00,30,2,12,104.50440979003906,66.3424072265625,0,0,0,0,0,0,0,0,0,0,1,1,1,1,1,1,1,0,0,0,0,0,0,0,0
2008-02-16 12:15:00+00:00,30,2,12,262.8691711425781,107.40856170654297,0,0,0,0,0,0,0,0,0,0,0,0,0,0,0,1,1,0,0,0,0,0,0,0,0
2008-02-16 12:15:00+00:00,30,2,12,453.6217956542969,468.9139709472656,0,0,0,0,0,0,0,0,0,0,0,0,0,0,0,0,0,0,0,0,0,0,0,0,0
2008-02-16 12:15:00+00:00,30,2,12,254.0615234375,250.04759216308594,0,0,0,0,0,0,0,0,0,0,0,0,0,0,0,1,1,0,0,0,0,0,0,0,0
2008-02-16 12:15:00+00:00,30,2,12,,293.59613037109375,0,0,0,0,0,0,0,0,0,0,0,0,0,0,0,0,0,0,0,0,0,0,0,0,0
2008-02-16 12:30:00+00:00,30,2,12,,,0,0,0,0,0,0,0,0,0,0,0,0,0,0,0,0,0,0,0,0,0,0,0,0,0
2008-02-16 12:30:00+00:00,30,2,12,532.4685668945312,522.5022583007812,0,0,0,0,0,0,0,0,0,0,0,0,0,0,0,0,0,0,0,0,0,0,0,0,0
2008-02-16 12:30:00+00:00,30,2,12,100.19441986083984,103.22856140136719,0,0,0,0,0,0,0,0,0,0,1,1,1,1,1,1,1,0,0,0,0,0,0,0,0
2008-02-16 12:30:00+00:00,30,2,12,223.90042114257812,212.95819091796875,0,0,0,0,0,0,0,0,0,0,0,0,0,0,1,1,1,0,0,0,0,0,0,0,0
2008-02-16 12:30:00+00:00,30,2,12,49.994014739990234,22.798505783081055,0,0,0,0,0,0,1,1,1,1,1,1,1,1,1,1,1,0,0,0,1,1,1,1,1
2008-02-16 12:30:00+00:00,30,2,12,72.25320434570312,74.22012329101562,0,0,0,0,0,0,0,0,1,1,1,1,1,1,1,1,1,0,0,0,0,0,0,0,0
2008-02-16 12:30:00+00:00,30,2,12,70.49266815185547,102.79075622558594,0,0,0,0,0,0,0,0,1,1,1,1,1,1,1,1,1,0,0,0,0,0,0,0,0
2008-02-16 12:30:00+00:00,30,2,12,71.45897674560547,5.420680522918701,0,0,0,0,0,0,0,0,1,1,1,1,1,1,1,1,1,1,1,1,1,1,1,1,1
2008-02-16 12:30:00+00:00,30,2,12,230.2950439453125,291.5120544433594,0,0,0,0,0,0,0,0,0,0,0,0,0,0,1,1,1,0,0,0,0,0,0,0,0
2008-02-16 12:30:00+00:00,30,2,12,159.53419494628906,127.10383605957031,0,0,0,0,0,0,0,0,0,0,0,0,1,1,1,1,1,0,0,0,0,0,0,0,0
2008-02-16 12:30:00+00:00,30,2,12,170.66793823242188,223.38734436035156,0,0,0,0,0,0,0,0,0,0,0,0,1,1,1,1,1,0,0,0,0,0,0,0,0
2008-02-16 12:30:00+00:00,30,2,12,479.6073913574219,246.34031677246094,0,0,0,0,0,0,0,0,0,0,0,0,0,0,0,0,0,0,0,0,0,0,0,0,0
2008-02-16 12:30:00+00:00,30,2,12,73.52082824707031,54.70505905151367,0,0,0,0,0,0,0,0,1,1,1,1,1,1,1,1,1,0,0,0,0,0,0,0,1
2008-02-16 12:30:00+00:00,30,2,12,154.14761352539062,78.1982650756836,0,0,0,0,0,0,0,0,0,0,0,0,1,1,1,1,1,0,0,0,0,0,0,0,0
2008-02-16 12:30:00+00:00,30,2,12,,,0,0,0,0,0,0,0,0,0,0,0,0,0,0,0,0,0,0,0,0,0,0,0,0,0
2008-02-16 12:45:00+00:00,30,2,12,,,0,0,0,0,0,0,0,0,0,0,0,0,0,0,0,0,0,0,0,0,0,0,0,0,0
2008-02-16 12:45:00+00:00,30,2,12,225.97512817382812,228.02247619628906,0,0,0,0,0,0,0,0,0,0,0,0,0,0,1,1,1,0,0,0,0,0,0,0,0
2008-02-16 12:45:00+00:00,30,2,12,,,0,0,0,0,0,0,0,0,0,0,0,0,0,0,0,0,0,0,0,0,0,0,0,0,0
2008-02-16 12:45:00+00:00,30,2,12,226.76425170898438,225.63616943359375,0,0,0,0,0,0,0,0,0,0,0,0,0,0,1,1,1,0,0,0,0,0,0,0,0
2008-02-16 12:45:00+00:00,30,2,12,,,0,0,0,0,0,0,0,0,0,0,0,0,0,0,0,0,0,0,0,0,0,0,0,0,0
2008-02-16 12:45:00+00:00,30,2,12,92.48286437988281,98.74215698242188,0,0,0,0,0,0,0,0,0,1,1,1,1,1,1,1,1,0,0,0,0,0,0,0,0
2008-02-16 12:45:00+00:00,30,2,12,156.55760192871094,139.39898681640625,0,0,0,0,0,0,0,0,0,0,0,0,1,1,1,1,1,0,0,0,0,0,0,0,0
2008-02-16 12:45:00+00:00,30,2,12,172.4980010986328,92.73805236816406,0,0,0,0,0,0,0,0,0,0,0,0,1,1,1,1,1,0,0,0,0,0,0,0,0
2008-02-16 12:45:00+00:00,30,2,12,307.7413024902344,296.121337890625,0,0,0,0,0,0,0,0,0,0,0,0,0,0,0,0,1,0,0,0,0,0,0,0,0
2008-02-16 12:45:00+00:00,30,2,12,290.64654541015625,272.0611877441406,0,0,0,0,0,0,0,0,0,0,0,0,0,0,0,1,1,0,0,0,0,0,0,0,0
2008-02-16 12:45:00+00:00,30,2,12,163.3583526611328,157.05838012695312,0,0,0,0,0,0,0,0,0,0,0,0,1,1,1,1,1,0,0,0,0,0,0,0,0
2008-02-16 12:45:00+00:00,30,2,12,99.07305908203125,116.59515380859375,0,0,0,0,0,0,0,0,0,1,1,1,1,1,1,1,1,0,0,0,0,0,0,0,0
2008-02-16 13:00:00+00:00,30,2,13,,,0,0,0,0,0,0,0,0,0,0,0,0,0,0,0,0,0,0,0,0,0,0,0,0,0
2008-02-16 13:00:00+00:00,30,2,13,209.53370666503906,225.2573699951172,0,0,0,0,0,0,0,0,0,0,0,0,0,0,1,1,1,0,0,0,0,0,0,0,0
2008-02-16 13:00:00+00:00,30,2,13,194.14389038085938,197.90182495117188,0,0,0,0,0,0,0,0,0,0,0,0,0,1,1,1,1,0,0,0,0,0,0,0,0
2008-02-16 13:00:00+00:00,30,2,13,58.8953857421875,54.25616455078125,0,0,0,0,0,0,0,1,1,1,1,1,1,1,1,1,1,0,0,0,0,0,0,0,1
2008-02-16 13:00:00+00:00,30,2,13,536.0570068359375,121.07771301269531,0,0,0,0,0,0,0,0,0,0,0,0,0,0,0,0,0,0,0,0,0,0,0,0,0
2008-02-16 13:00:00+00:00,30,2,13,98.17582702636719,66.643798828125,0,0,0,0,0,0,0,0,0,1,1,1,1,1,1,1,1,0,0,0,0,0,0,0,0
2008-02-16 13:00:00+00:00,30,2,13,191.6732177734375,73.17642974853516,0,0,0,0,0,0,0,0,0,0,0,0,0,1,1,1,1,0,0,0,0,0,0,0,0
2008-02-16 13:00:00+00:00,30,2,13,309.7479553222656,293.7283020019531,0,0,0,0,0,0,0,0,0,0,0,0,0,0,0,0,1,0,0,0,0,0,0,0,0
2008-02-16 13:15:00+00:00,30,2,13,,,0,0,0,0,0,0,0,0,0,0,0,0,0,0,0,0,0,0,0,0,0,0,0,0,0
2008-02-16 13:15:00+00:00,30,2,13,80.26317596435547,111.91804504394531,0,0,0,0,0,0,0,0,0,1,1,1,1,1,1,1,1,0,0,0,0,0,0,0,0
2008-02-16 13:15:00+00:00,30,2,13,69.68304443359375,7.0951972007751465,0,0,0,0,0,0,0,0,1,1,1,1,1,1,1,1,1,1,1,1,1,1,1,1,1
2008-02-16 13:15:00+00:00,30,2,13,,,0,0,0,0,0,0,0,0,0,0,0,0,0,0,0,0,0,0,0,0,0,0,0,0,0
2008-02-16 13:30:00+00:00,30,2,13,122.82074737548828,85.9426498413086,0,0,0,0,0,0,0,0,0,0,0,1,1,1,1,1,1,0,0,0,0,0,0,0,0
2008-02-16 13:30:00+00:00,30,2,13,46.82390213012695,45.81367492675781,0,0,0,0,0,0,1,1,1,1,1,1,1,1,1,1,1,0,0,0,0,0,0,1,1
2008-02-16 13:30:00+00:00,30,2,13,,,0,0,0,0,0,0,0,0,0,0,0,0,0,0,0,0,0,0,0,0,0,0,0,0,0
2008-02-16 13:30:00+00:00,30,2,13,225.2405242919922,88.75824737548828,0,0,0,0,0,0,0,0,0,0,0,0,0,0,1,1,1,0,0,0,0,0,0,0,0
2008-02-16 13:30:00+00:00,30,2,13,152.78077697753906,76.90574645996094,0,0,0,0,0,0,0,0,0,0,0,0,1,1,1,1,1,0,0,0,0,0,0,0,0
2008-02-16 13:30:00+00:00,30,2,13,254.54562377929688,236.852294921875,0,0,0,0,0,0,0,0,0,0,0,0,0,0,0,1,1,0,0,0,0,0,0,0,0
2008-02-16 13:30:00+00:00,30,2,13,484.9625244140625,498.9757385253906,0,0,0,0,0,0,0,0,0,0,0,0,0,0,0,0,0,0,0,0,0,0,0,0,0
2008-02-16 13:30:00+00:00,30,2,13,203.60711669921875,204.80087280273438,0,0,0,0,0,0,0,0,0,0,0,0,0,0,1,1,1,0,0,0,0,0,0,0,0
2008-02-16 13:30:00+00:00,30,2,13,,,0,0,0,0,0,0,0,0,0,0,0,0,0,0,0,0,0,0,0,0,0,0,0,0,0
2008-02-16 13:30:00+00:00,30,2,13,,,0,0,0,0,0,0,0,0,0,0,0,0,0,0,0,0,0,0,0,0,0,0,0,0,0
2008-02-16 13:30:00+00:00,30,2,13,,,0,0,0,0,0,0,0,0,0,0,0,0,0,0,0,0,0,0,0,0,0,0,0,0,0
2008-02-16 13:45:00+00:00,30,2,13,,324.0777587890625,0,0,0,0,0,0,0,0,0,0,0,0,0,0,0,0,0,0,0,0,0,0,0,0,0
2008-02-16 13:45:00+00:00,30,2,13,70.70035552978516,38.807044982910156,0,0,0,0,0,0,0,0,1,1,1,1,1,1,1,1,1,0,0,0,0,0,1,1,1
2008-02-16 13:45:00+00:00,30,2,13,180.8318328857422,259.146484375,0,0,0,0,0,0,0,0,0,0,0,0,0,1,1,1,1,0,0,0,0,0,0,0,0
2008-02-16 13:45:00+00:00,30,2,13,155.99949645996094,155.99949645996094,0,0,0,0,0,0,0,0,0,0,0,0,1,1,1,1,1,0,0,0,0,0,0,0,0
2008-02-16 13:45:00+00:00,30,2,13,181.76263427734375,243.35877990722656,0,0,0,0,0,0,0,0,0,0,0,0,0,1,1,1,1,0,0,0,0,0,0,0,0
2008-02-16 13:45:00+00:00,30,2,13,,,0,0,0,0,0,0,0,0,0,0,0,0,0,0,0,0,0,0,0,0,0,0,0,0,0
2008-02-16 13:45:00+00:00,30,2,13,,,0,0,0,0,0,0,0,0,0,0,0,0,0,0,0,0,0,0,0,0,0,0,0,0,0
2008-02-16 14:00:00+00:00,30,2,14,,,0,0,0,0,0,0,0,0,0,0,0,0,0,0,0,0,0,0,0,0,0,0,0,0,0
2008-02-16 14:00:00+00:00,30,2,14,,,0,0,0,0,0,0,0,0,0,0,0,0,0,0,0,0,0,0,0,0,0,0,0,0,0
2008-02-16 14:00:00+00:00,30,2,14,149.34519958496094,0.0,0,0,0,0,0,0,0,0,0,0,0,1,1,1,1,1,1,1,1,1,1,1,1,1,1
2008-02-16 14:00:00+00:00,30,2,14,96.74459838867188,187.36441040039062,0,0,0,0,0,0,0,0,0,1,1,1,1,1,1,1,1,0,0,0,0,0,0,0,0
2008-02-16 14:00:00+00:00,30,2,14,348.72235107421875,363.3517150878906,0,0,0,0,0,0,0,0,0,0,0,0,0,0,0,0,1,0,0,0,0,0,0,0,0
2008-02-16 14:00:00+00:00,30,2,14,,,0,0,0,0,0,0,0,0,0,0,0,0,0,0,0,0,0,0,0,0,0,0,0,0,0
2008-02-16 14:15:00+00:00,30,2,14,,,0,0,0,0,0,0,0,0,0,0,0,0,0,0,0,0,0,0,0,0,0,0,0,0,0
2008-02-16 14:15:00+00:00,30,2,14,,,0,0,0,0,0,0,0,0,0,0,0,0,0,0,0,0,0,0,0,0,0,0,0,0,0
2008-02-16 14:15:00+00:00,30,2,14,127.42160034179688,9.217463493347168,0,0,0,0,0,0,0,0,0,0,0,1,1,1,1,1,1,1,1,1,1,1,1,1,1
2008-02-16 14:15:00+00:00,30,2,14,156.4859161376953,252.925048828125,0,0,0,0,0,0,0,0,0,0,0,0,1,1,1,1,1,0,0,0,0,0,0,0,0
2008-02-16 14:15:00+00:00,30,2,14,196.5374755859375,197.39437866210938,0,0,0,0,0,0,0,0,0,0,0,0,0,1,1,1,1,0,0,0,0,0,0,0,0
2008-02-16 14:15:00+00:00,30,2,14,289.3246765136719,142.1772918701172,0,0,0,0,0,0,0,0,0,0,0,0,0,0,0,1,1,0,0,0,0,0,0,0,0
2008-02-16 14:15:00+00:00,30,2,14,,,0,0,0,0,0,0,0,0,0,0,0,0,0,0,0,0,0,0,0,0,0,0,0,0,0
2008-02-16 14:15:00+00:00,30,2,14,,142.90151977539062,0,0,0,0,0,0,0,0,0,0,0,0,0,0,0,0,0,0,0,0,0,0,0,0,0
2008-02-16 14:15:00+00:00,30,2,14,,,0,0,0,0,0,0,0,0,0,0,0,0,0,0,0,0,0,0,0,0,0,0,0,0,0
2008-02-16 14:30:00+00:00,30,2,14,185.82965087890625,184.15328979492188,0,0,0,0,0,0,0,0,0,0,0,0,0,1,1,1,1,0,0,0,0,0,0,0,0
2008-02-16 14:30:00+00:00,30,2,14,173.2084503173828,169.09420776367188,0,0,0,0,0,0,0,0,0,0,0,0,1,1,1,1,1,0,0,0,0,0,0,0,0
2008-02-16 14:30:00+00:00,30,2,14,131.28048706054688,138.47483825683594,0,0,0,0,0,0,0,0,0,0,0,1,1,1,1,1,1,0,0,0,0,0,0,0,0
2008-02-16 14:30:00+00:00,30,2,14,420.14642333984375,,0,0,0,0,0,0,0,0,0,0,0,0,0,0,0,0,0,0,0,0,0,0,0,0,0
2008-02-16 14:30:00+00:00,30,2,14,162.0117950439453,168.76559448242188,0,0,0,0,0,0,0,0,0,0,0,0,1,1,1,1,1,0,0,0,0,0,0,0,0
2008-02-16 14:30:00+00:00,30,2,14,94.77031707763672,62.94346618652344,0,0,0,0,0,0,0,0,0,1,1,1,1,1,1,1,1,0,0,0,0,0,0,0,0
2008-02-16 14:30:00+00:00,30,2,14,73.85797882080078,73.94043731689453,0,0,0,0,0,0,0,0,1,1,1,1,1,1,1,1,1,0,0,0,0,0,0,0,0
2008-02-16 14:30:00+00:00,30,2,14,,17.31269073486328,0,0,0,0,0,0,0,0,0,0,0,0,0,0,0,0,0,0,0,1,1,1,1,1,1
2008-02-16 14:30:00+00:00,30,2,14,,0.0,0,0,0,0,0,0,0,0,0,0,0,0,0,0,0,0,0,1,1,1,1,1,1,1,1
2008-02-16 14:45:00+00:00,30,2,14,326.65362548828125,303.0496520996094,0,0,0,0,0,0,0,0,0,0,0,0,0,0,0,0,1,0,0,0,0,0,0,0,0
2008-02-16 14:45:00+00:00,30,2,14,288.4217224121094,301.1918640136719,0,0,0,0,0,0,0,0,0,0,0,0,0,0,0,1,1,0,0,0,0,0,0,0,0
2008-02-16 14:45:00+00:00,30,2,14,,,0,0,0,0,0,0,0,0,0,0,0,0,0,0,0,0,0,0,0,0,0,0,0,0,0
2008-02-16 14:45:00+00:00,30,2,14,98.0246353149414,37.23759460449219,0,0,0,0,0,0,0,0,0,1,1,1,1,1,1,1,1,0,0,0,0,0,1,1,1
2008-02-16 14:45:00+00:00,30,2,14,188.63494873046875,211.51947021484375,0,0,0,0,0,0,0,0,0,0,0,0,0,1,1,1,1,0,0,0,0,0,0,0,0
2008-02-16 14:45:00+00:00,30,2,14,113.7042465209961,89.58805847167969,0,0,0,0,0,0,0,0,0,0,1,1,1,1,1,1,1,0,0,0,0,0,0,0,0
2008-02-16 14:45:00+00:00,30,2,14,263.1307373046875,268.1052551269531,0,0,0,0,0,0,0,0,0,0,0,0,0,0,0,1,1,0,0,0,0,0,0,0,0
2008-02-16 15:00:00+00:00,30,2,15,145.23776245117188,438.2693786621094,0,0,0,0,0,0,0,0,0,0,0,1,1,1,1,1,1,0,0,0,0,0,0,0,0
2008-02-16 15:00:00+00:00,30,2,15,,,0,0,0,0,0,0,0,0,0,0,0,0,0,0,0,0,0,0,0,0,0,0,0,0,0
2008-02-16 15:00:00+00:00,30,2,15,193.6051788330078,161.2431182861328,0,0,0,0,0,0,0,0,0,0,0,0,0,1,1,1,1,0,0,0,0,0,0,0,0
2008-02-16 15:00:00+00:00,30,2,15,61.79706954956055,35.51396179199219,0,0,0,0,0,0,0,0,1,1,1,1,1,1,1,1,1,0,0,0,0,0,1,1,1
2008-02-16 15:00:00+00:00,30,2,15,210.69723510742188,112.12437438964844,0,0,0,0,0,0,0,0,0,0,0,0,0,0,1,1,1,0,0,0,0,0,0,0,0
2008-02-16 15:00:00+00:00,30,2,15,,396.0272521972656,0,0,0,0,0,0,0,0,0,0,0,0,0,0,0,0,0,0,0,0,0,0,0,0,0
2008-02-16 15:00:00+00:00,30,2,15,129.0399169921875,119.04724884033203,0,0,0,0,0,0,0,0,0,0,0,1,1,1,1,1,1,0,0,0,0,0,0,0,0
2008-02-16 15:00:00+00:00,30,2,15,152.15223693847656,152.40211486816406,0,0,0,0,0,0,0,0,0,0,0,0,1,1,1,1,1,0,0,0,0,0,0,0,0
2008-02-16 15:00:00+00:00,30,2,15,317.3923034667969,32.68927764892578,0,0,0,0,0,0,0,0,0,0,0,0,0,0,0,0,1,0,0,0,0,0,1,1,1
2008-02-16 15:00:00+00:00,30,2,15,220.46270751953125,264.849365234375,0,0,0,0,0,0,0,0,0,0,0,0,0,0,1,1,1,0,0,0,0,0,0,0,0
2008-02-16 15:00:00+00:00,30,2,15,155.91246032714844,147.67507934570312,0,0,0,0,0,0,0,0,0,0,0,0,1,1,1,1,1,0,0,0,0,0,0,0,0
2008-02-16 15:15:00+00:00,30,2,15,72.99722290039062,9.395183563232422,0,0,0,0,0,0,0,0,1,1,1,1,1,1,1,1,1,1,1,1,1,1,1,1,1
2008-02-16 15:15:00+00:00,30,2,15,134.4287567138672,130.32400512695312,0,0,0,0,0,0,0,0,0,0,0,1,1,1,1,1,1,0,0,0,0,0,0,0,0
2008-02-16 15:15:00+00:00,30,2,15,166.15658569335938,160.6896514892578,0,0,0,0,0,0,0,0,0,0,0,0,1,1,1,1,1,0,0,0,0,0,0,0,0
2008-02-16 15:30:00+00:00,30,2,15,194.73367309570312,187.64627075195312,0,0,0,0,0,0,0,0,0,0,0,0,0,1,1,1,1,0,0,0,0,0,0,0,0
2008-02-16 15:30:00+00:00,30,2,15,97.66942596435547,107.29639434814453,0,0,0,0,0,0,0,0,0,1,1,1,1,1,1,1,1,0,0,0,0,0,0,0,0
2008-02-16 15:30:00+00:00,30,2,15,112.54473114013672,103.98894500732422,0,0,0,0,0,0,0,0,0,0,1,1,1,1,1,1,1,0,0,0,0,0,0,0,0
2008-02-16 15:30:00+00:00,30,2,15,364.9416809082031,,0,0,0,0,0,0,0,0,0,0,0,0,0,0,0,0,0,0,0,0,0,0,0,0,0
2008-02-16 15:30:00+00:00,30,2,15,144.09152221679688,137.2432098388672,0,0,0,0,0,0,0,0,0,0,0,1,1,1,1,1,1,0,0,0,0,0,0,0,0
2008-02-16 15:45:00+00:00,30,2,15,105.95377349853516,96.2496566772461,0,0,0,0,0,0,0,0,0,0,1,1,1,1,1,1,1,0,0,0,0,0,0,0,0
2008-02-16 15:45:00+00:00,30,2,15,70.00725555419922,64.06417846679688,0,0,0,0,0,0,0,0,1,1,1,1,1,1,1,1,1,0,0,0,0,0,0,0,0
2008-02-16 15:45:00+00:00,30,2,15,192.9332275390625,249.25872802734375,0,0,0,0,0,0,0,0,0,0,0,0,0,1,1,1,1,0,0,0,0,0,0,0,0
2008-02-16 15:45:00+00:00,30,2,15,82.74751281738281,0.0,0,0,0,0,0,0,0,0,0,1,1,1,1,1,1,1,1,1,1,1,1,1,1,1,1
2008-02-16 15:45:00+00:00,30,2,15,143.43572998046875,75.31501770019531,0,0,0,0,0,0,0,0,0,0,0,1,1,1,1,1,1,0,0,0,0,0,0,0,0
2008-02-16 15:45:00+00:00,30,2,15,,,0,0,0,0,0,0,0,0,0,0,0,0,0,0,0,0,0,0,0,0,0,0,0,0,0
2008-02-16 16:00:00+00:00,30,2,16,230.12188720703125,240.23388671875,0,0,0,0,0,0,0,0,0,0,0,0,0,0,1,1,1,0,0,0,0,0,0,0,0
2008-02-16 16:00:00+00:00,30,2,16,212.64247131347656,116.583251953125,0,0,0,0,0,0,0,0,0,0,0,0,0,0,1,1,1,0,0,0,0,0,0,0,0
2008-02-16 16:00:00+00:00,30,2,16,326.0457763671875,,0,0,0,0,0,0,0,0,0,0,0,0,0,0,0,0,1,0,0,0,0,0,0,0,0
2008-02-16 16:15:00+00:00,30,2,16,343.341064453125,345.61761474609375,0,0,0,0,0,0,0,0,0,0,0,0,0,0,0,0,1,0,0,0,0,0,0,0,0
2008-02-16 16:15:00+00:00,30,2,16,290.070068359375,292.58648681640625,0,0,0,0,0,0,0,0,0,0,0,0,0,0,0,1,1,0,0,0,0,0,0,0,0
2008-02-16 16:15:00+00:00,30,2,16,,,0,0,0,0,0,0,0,0,0,0,0,0,0,0,0,0,0,0,0,0,0,0,0,0,0
2008-02-16 16:30:00+00:00,30,2,16,106.08395385742188,90.37470245361328,0,0,0,0,0,0,0,0,0,0,1,1,1,1,1,1,1,0,0,0,0,0,0,0,0
2008-02-16 16:30:00+00:00,30,2,16,161.48495483398438,140.41078186035156,0,0,0,0,0,0,0,0,0,0,0,0,1,1,1,1,1,0,0,0,0,0,0,0,0
2008-02-16 16:30:00+00:00,30,2,16,65.71695709228516,195.6746368408203,0,0,0,0,0,0,0,0,1,1,1,1,1,1,1,1,1,0,0,0,0,0,0,0,0
2008-02-16 16:30:00+00:00,30,2,16,,423.1033020019531,0,0,0,0,0,0,0,0,0,0,0,0,0,0,0,0,0,0,0,0,0,0,0,0,0
2008-02-16 16:30:00+00:00,30,2,16,128.67710876464844,137.89820861816406,0,0,0,0,0,0,0,0,0,0,0,1,1,1,1,1,1,0,0,0,0,0,0,0,0
2008-02-16 16:45:00+00:00,30,2,16,55.8037109375,54.300743103027344,0,0,0,0,0,0,0,1,1,1,1,1,1,1,1,1,1,0,0,0,0,0,0,0,1
2008-02-16 16:45:00+00:00,30,2,16,65.09710693359375,47.64613342285156,0,0,0,0,0,0,0,0,1,1,1,1,1,1,1,1,1,0,0,0,0,0,0,1,1
2008-02-16 16:45:00+00:00,30,2,16,127.17139434814453,0.0,0,0,0,0,0,0,0,0,0,0,0,1,1,1,1,1,1,1,1,1,1,1,1,1,1
2008-02-16 16:45:00+00:00,30,2,16,112.8459701538086,113.2241439819336,0,0,0,0,0,0,0,0,0,0,1,1,1,1,1,1,1,0,0,0,0,0,0,0,0
2008-02-16 16:45:00+00:00,30,2,16,173.69485473632812,179.70590209960938,0,0,0,0,0,0,0,0,0,0,0,0,1,1,1,1,1,0,0,0,0,0,0,0,0
2008-02-16 16:45:00+00:00,30,2,16,157.69691467285156,157.69691467285156,0,0,0,0,0,0,0,0,0,0,0,0,1,1,1,1,1,0,0,0,0,0,0,0,0
2008-02-16 16:45:00+00:00,30,2,16,325.8801574707031,305.2630920410156,0,0,0,0,0,0,0,0,0,0,0,0,0,0,0,0,1,0,0,0,0,0,0,0,0
2008-02-16 16:45:00+00:00,30,2,16,268.34234619140625,,0,0,0,0,0,0,0,0,0,0,0,0,0,0,0,1,1,0,0,0,0,0,0,0,0
2008-02-16 17:00:00+00:00,30,2,17,165.64163208007812,151.68099975585938,0,0,0,0,0,0,0,0,0,0,0,0,1,1,1,1,1,0,0,0,0,0,0,0,0
2008-02-16 17:00:00+00:00,30,2,17,122.80390167236328,121.26429748535156,0,0,0,0,0,0,0,0,0,0,0,1,1,1,1,1,1,0,0,0,0,0,0,0,0
2008-02-16 17:15:00+00:00,30,2,17,36.32304763793945,33.440738677978516,0,0,0,0,0,1,1,1,1,1,1,1,1,1,1,1,1,0,0,0,0,0,1,1,1
2008-02-16 17:15:00+00:00,30,2,17,153.06324768066406,3.0330898761749268,0,0,0,0,0,0,0,0,0,0,0,0,1,1,1,1,1,1,1,1,1,1,1,1,1
2008-02-16 17:30:00+00:00,30,2,17,95.26838684082031,102.48409271240234,0,0,0,0,0,0,0,0,0,1,1,1,1,1,1,1,1,0,0,0,0,0,0,0,0
2008-02-16 17:30:00+00:00,30,2,17,74.4969482421875,85.55474090576172,0,0,0,0,0,0,0,0,1,1,1,1,1,1,1,1,1,0,0,0,0,0,0,0,0
2008-02-16 17:30:00+00:00,30,2,17,115.54418182373047,102.42628479003906,0,0,0,0,0,0,0,0,0,0,1,1,1,1,1,1,1,0,0,0,0,0,0,0,0
2008-02-16 17:30:00+00:00,30,2,17,,,0,0,0,0,0,0,0,0,0,0,0,0,0,0,0,0,0,0,0,0,0,0,0,0,0
2008-02-16 17:45:00+00:00,30,2,17,,,0,0,0,0,0,0,0,0,0,0,0,0,0,0,0,0,0,0,0,0,0,0,0,0,0
2008-02-17 10:00:00+00:00,30,2,10,,,0,0,0,0,0,0,0,0,0,0,0,0,0,0,0,0,0,0,0,0,0,0,0,0,0
2008-02-17 10:00:00+00:00,30,2,10,,,0,0,0,0,0,0,0,0,0,0,0,0,0,0,0,0,0,0,0,0,0,0,0,0,0
2008-02-17 10:00:00+00:00,30,2,10,,,0,0,0,0,0,0,0,0,0,0,0,0,0,0,0,0,0,0,0,0,0,0,0,0,0
2008-02-17 10:00:00+00:00,30,2,10,,,0,0,0,0,0,0,0,0,0,0,0,0,0,0,0,0,0,0,0,0,0,0,0,0,0
2008-02-17 10:00:00+00:00,30,2,10,,,0,0,0,0,0,0,0,0,0,0,0,0,0,0,0,0,0,0,0,0,0,0,0,0,0
2008-02-17 10:00:00+00:00,30,2,10,,381.406982421875,0,0,0,0,0,0,0,0,0,0,0,0,0,0,0,0,0,0,0,0,0,0,0,0,0
2008-02-17 10:00:00+00:00,30,2,10,,,0,0,0,0,0,0,0,0,0,0,0,0,0,0,0,0,0,0,0,0,0,0,0,0,0
2008-02-17 10:00:00+00:00,30,2,10,,,0,0,0,0,0,0,0,0,0,0,0,0,0,0,0,0,0,0,0,0,0,0,0,0,0
2008-02-17 10:15:00+00:00,30,2,10,,,0,0,0,0,0,0,0,0,0,0,0,0,0,0,0,0,0,0,0,0,0,0,0,0,0
2008-02-17 10:15:00+00:00,30,2,10,,,0,0,0,0,0,0,0,0,0,0,0,0,0,0,0,0,0,0,0,0,0,0,0,0,0
2008-02-17 10:15:00+00:00,30,2,10,495.0780944824219,486.5733947753906,0,0,0,0,0,0,0,0,0,0,0,0,0,0,0,0,0,0,0,0,0,0,0,0,0
2008-02-17 10:15:00+00:00,30,2,10,404.27508544921875,0.0,0,0,0,0,0,0,0,0,0,0,0,0,0,0,0,0,0,1,1,1,1,1,1,1,1
2008-02-17 10:15:00+00:00,30,2,10,463.0787658691406,460.0915832519531,0,0,0,0,0,0,0,0,0,0,0,0,0,0,0,0,0,0,0,0,0,0,0,0,0
2008-02-17 10:15:00+00:00,30,2,10,,,0,0,0,0,0,0,0,0,0,0,0,0,0,0,0,0,0,0,0,0,0,0,0,0,0
2008-02-17 10:15:00+00:00,30,2,10,,,0,0,0,0,0,0,0,0,0,0,0,0,0,0,0,0,0,0,0,0,0,0,0,0,0
2008-02-17 10:15:00+00:00,30,2,10,234.04788208007812,224.5999755859375,0,0,0,0,0,0,0,0,0,0,0,0,0,0,1,1,1,0,0,0,0,0,0,0,0
2008-02-17 10:15:00+00:00,30,2,10,,,0,0,0,0,0,0,0,0,0,0,0,0,0,0,0,0,0,0,0,0,0,0,0,0,0
2008-02-17 10:15:00+00:00,30,2,10,321.33270263671875,321.72210693359375,0,0,0,0,0,0,0,0,0,0,0,0,0,0,0,0,1,0,0,0,0,0,0,0,0
2008-02-17 10:30:00+00:00,30,2,10,,,0,0,0,0,0,0,0,0,0,0,0,0,0,0,0,0,0,0,0,0,0,0,0,0,0
2008-02-17 10:30:00+00:00,30,2,10,,,0,0,0,0,0,0,0,0,0,0,0,0,0,0,0,0,0,0,0,0,0,0,0,0,0
2008-02-17 10:30:00+00:00,30,2,10,,,0,0,0,0,0,0,0,0,0,0,0,0,0,0,0,0,0,0,0,0,0,0,0,0,0
2008-02-17 10:30:00+00:00,30,2,10,,,0,0,0,0,0,0,0,0,0,0,0,0,0,0,0,0,0,0,0,0,0,0,0,0,0
2008-02-17 10:30:00+00:00,30,2,10,,,0,0,0,0,0,0,0,0,0,0,0,0,0,0,0,0,0,0,0,0,0,0,0,0,0
2008-02-17 10:30:00+00:00,30,2,10,,,0,0,0,0,0,0,0,0,0,0,0,0,0,0,0,0,0,0,0,0,0,0,0,0,0
2008-02-17 10:30:00+00:00,30,2,10,342.3821716308594,342.6048889160156,0,0,0,0,0,0,0,0,0,0,0,0,0,0,0,0,1,0,0,0,0,0,0,0,0
2008-02-17 10:30:00+00:00,30,2,10,,,0,0,0,0,0,0,0,0,0,0,0,0,0,0,0,0,0,0,0,0,0,0,0,0,0
2008-02-17 10:30:00+00:00,30,2,10,,,0,0,0,0,0,0,0,0,0,0,0,0,0,0,0,0,0,0,0,0,0,0,0,0,0
2008-02-17 10:30:00+00:00,30,2,10,,,0,0,0,0,0,0,0,0,0,0,0,0,0,0,0,0,0,0,0,0,0,0,0,0,0
2008-02-17 10:30:00+00:00,30,2,10,,,0,0,0,0,0,0,0,0,0,0,0,0,0,0,0,0,0,0,0,0,0,0,0,0,0
2008-02-17 10:30:00+00:00,30,2,10,,,0,0,0,0,0,0,0,0,0,0,0,0,0,0,0,0,0,0,0,0,0,0,0,0,0
2008-02-17 10:30:00+00:00,30,2,10,,348.5053405761719,0,0,0,0,0,0,0,0,0,0,0,0,0,0,0,0,0,0,0,0,0,0,0,0,0
2008-02-17 10:30:00+00:00,30,2,10,,,0,0,0,0,0,0,0,0,0,0,0,0,0,0,0,0,0,0,0,0,0,0,0,0,0
2008-02-17 10:30:00+00:00,30,2,10,,482.4215393066406,0,0,0,0,0,0,0,0,0,0,0,0,0,0,0,0,0,0,0,0,0,0,0,0,0
2008-02-17 10:30:00+00:00,30,2,10,,,0,0,0,0,0,0,0,0,0,0,0,0,0,0,0,0,0,0,0,0,0,0,0,0,0
2008-02-17 10:30:00+00:00,30,2,10,,,0,0,0,0,0,0,0,0,0,0,0,0,0,0,0,0,0,0,0,0,0,0,0,0,0
2008-02-17 10:30:00+00:00,30,2,10,,,0,0,0,0,0,0,0,0,0,0,0,0,0,0,0,0,0,0,0,0,0,0,0,0,0
2008-02-17 10:30:00+00:00,30,2,10,,,0,0,0,0,0,0,0,0,0,0,0,0,0,0,0,0,0,0,0,0,0,0,0,0,0
2008-02-17 10:45:00+00:00,30,2,10,,,0,0,0,0,0,0,0,0,0,0,0,0,0,0,0,0,0,0,0,0,0,0,0,0,0
2008-02-17 10:45:00+00:00,30,2,10,,,0,0,0,0,0,0,0,0,0,0,0,0,0,0,0,0,0,0,0,0,0,0,0,0,0
2008-02-17 10:45:00+00:00,30,2,10,372.89459228515625,386.965087890625,0,0,0,0,0,0,0,0,0,0,0,0,0,0,0,0,0,0,0,0,0,0,0,0,0
2008-02-17 10:45:00+00:00,30,2,10,,,0,0,0,0,0,0,0,0,0,0,0,0,0,0,0,0,0,0,0,0,0,0,0,0,0
2008-02-17 10:45:00+00:00,30,2,10,,,0,0,0,0,0,0,0,0,0,0,0,0,0,0,0,0,0,0,0,0,0,0,0,0,0
2008-02-17 10:45:00+00:00,30,2,10,,,0,0,0,0,0,0,0,0,0,0,0,0,0,0,0,0,0,0,0,0,0,0,0,0,0
2008-02-17 10:45:00+00:00,30,2,10,,,0,0,0,0,0,0,0,0,0,0,0,0,0,0,0,0,0,0,0,0,0,0,0,0,0
2008-02-17 10:45:00+00:00,30,2,10,,,0,0,0,0,0,0,0,0,0,0,0,0,0,0,0,0,0,0,0,0,0,0,0,0,0
2008-02-17 10:45:00+00:00,30,2,10,,121.58224487304688,0,0,0,0,0,0,0,0,0,0,0,0,0,0,0,0,0,0,0,0,0,0,0,0,0
2008-02-17 10:45:00+00:00,30,2,10,,120.51827239990234,0,0,0,0,0,0,0,0,0,0,0,0,0,0,0,0,0,0,0,0,0,0,0,0,0
2008-02-17 10:45:00+00:00,30,2,10,,195.18145751953125,0,0,0,0,0,0,0,0,0,0,0,0,0,0,0,0,0,0,0,0,0,0,0,0,0
2008-02-17 10:45:00+00:00,30,2,10,,,0,0,0,0,0,0,0,0,0,0,0,0,0,0,0,0,0,0,0,0,0,0,0,0,0
2008-02-17 10:45:00+00:00,30,2,10,,,0,0,0,0,0,0,0,0,0,0,0,0,0,0,0,0,0,0,0,0,0,0,0,0,0
2008-02-17 10:45:00+00:00,30,2,10,,,0,0,0,0,0,0,0,0,0,0,0,0,0,0,0,0,0,0,0,0,0,0,0,0,0
2008-02-17 11:00:00+00:00,30,2,11,,143.6278533935547,0,0,0,0,0,0,0,0,0,0,0,0,0,0,0,0,0,0,0,0,0,0,0,0,0
2008-02-17 11:00:00+00:00,30,2,11,,,0,0,0,0,0,0,0,0,0,0,0,0,0,0,0,0,0,0,0,0,0,0,0,0,0
2008-02-17 11:00:00+00:00,30,2,11,,,0,0,0,0,0,0,0,0,0,0,0,0,0,0,0,0,0,0,0,0,0,0,0,0,0
2008-02-17 11:00:00+00:00,30,2,11,334.638916015625,339.746337890625,0,0,0,0,0,0,0,0,0,0,0,0,0,0,0,0,1,0,0,0,0,0,0,0,0
2008-02-17 11:00:00+00:00,30,2,11,,364.0002136230469,0,0,0,0,0,0,0,0,0,0,0,0,0,0,0,0,0,0,0,0,0,0,0,0,0
2008-02-17 11:00:00+00:00,30,2,11,385.5578918457031,397.7184753417969,0,0,0,0,0,0,0,0,0,0,0,0,0,0,0,0,0,0,0,0,0,0,0,0,0
2008-02-17 11:00:00+00:00,30,2,11,,,0,0,0,0,0,0,0,0,0,0,0,0,0,0,0,0,0,0,0,0,0,0,0,0,0
2008-02-17 11:00:00+00:00,30,2,11,,,0,0,0,0,0,0,0,0,0,0,0,0,0,0,0,0,0,0,0,0,0,0,0,0,0
2008-02-17 11:00:00+00:00,30,2,11,305.8213195800781,333.685546875,0,0,0,0,0,0,0,0,0,0,0,0,0,0,0,0,1,0,0,0,0,0,0,0,0
2008-02-17 11:00:00+00:00,30,2,11,,7.5854363441467285,0,0,0,0,0,0,0,0,0,0,0,0,0,0,0,0,0,1,1,1,1,1,1,1,1
2008-02-17 11:00:00+00:00,30,2,11,,145.45132446289062,0,0,0,0,0,0,0,0,0,0,0,0,0,0,0,0,0,0,0,0,0,0,0,0,0
2008-02-17 11:00:00+00:00,30,2,11,169.24317932128906,201.00657653808594,0,0,0,0,0,0,0,0,0,0,0,0,1,1,1,1,1,0,0,0,0,0,0,0,0
2008-02-17 11:00:00+00:00,30,2,11,416.6826171875,412.4219055175781,0,0,0,0,0,0,0,0,0,0,0,0,0,0,0,0,0,0,0,0,0,0,0,0,0
2008-02-17 11:00:00+00:00,30,2,11,,7.051156044006348,0,0,0,0,0,0,0,0,0,0,0,0,0,0,0,0,0,1,1,1,1,1,1,1,1
2008-02-17 11:00:00+00:00,30,2,11,,309.6945495605469,0,0,0,0,0,0,0,0,0,0,0,0,0,0,0,0,0,0,0,0,0,0,0,0,0
2008-02-17 11:00:00+00:00,30,2,11,,,0,0,0,0,0,0,0,0,0,0,0,0,0,0,0,0,0,0,0,0,0,0,0,0,0
2008-02-17 11:15:00+00:00,30,2,11,,,0,0,0,0,0,0,0,0,0,0,0,0,0,0,0,0,0,0,0,0,0,0,0,0,0
2008-02-17 11:15:00+00:00,30,2,11,,,0,0,0,0,0,0,0,0,0,0,0,0,0,0,0,0,0,0,0,0,0,0,0,0,0
2008-02-17 11:15:00+00:00,30,2,11,,,0,0,0,0,0,0,0,0,0,0,0,0,0,0,0,0,0,0,0,0,0,0,0,0,0
2008-02-17 11:15:00+00:00,30,2,11,,,0,0,0,0,0,0,0,0,0,0,0,0,0,0,0,0,0,0,0,0,0,0,0,0,0
2008-02-17 11:15:00+00:00,30,2,11,,,0,0,0,0,0,0,0,0,0,0,0,0,0,0,0,0,0,0,0,0,0,0,0,0,0
2008-02-17 11:15:00+00:00,30,2,11,,,0,0,0,0,0,0,0,0,0,0,0,0,0,0,0,0,0,0,0,0,0,0,0,0,0
2008-02-17 11:15:00+00:00,30,2,11,,,0,0,0,0,0,0,0,0,0,0,0,0,0,0,0,0,0,0,0,0,0,0,0,0,0
2008-02-17 11:15:00+00:00,30,2,11,,,0,0,0,0,0,0,0,0,0,0,0,0,0,0,0,0,0,0,0,0,0,0,0,0,0
2008-02-17 11:15:00+00:00,30,2,11,,,0,0,0,0,0,0,0,0,0,0,0,0,0,0,0,0,0,0,0,0,0,0,0,0,0
2008-02-17 11:15:00+00:00,30,2,11,30.633739471435547,35.34296798706055,0,0,0,0,0,1,1,1,1,1,1,1,1,1,1,1,1,0,0,0,0,0,1,1,1
2008-02-17 11:15:00+00:00,30,2,11,,,0,0,0,0,0,0,0,0,0,0,0,0,0,0,0,0,0,0,0,0,0,0,0,0,0
2008-02-17 11:15:00+00:00,30,2,11,185.18014526367188,194.87322998046875,0,0,0,0,0,0,0,0,0,0,0,0,0,1,1,1,1,0,0,0,0,0,0,0,0
2008-02-17 11:15:00+00:00,30,2,11,400.3624572753906,269.6355285644531,0,0,0,0,0,0,0,0,0,0,0,0,0,0,0,0,0,0,0,0,0,0,0,0,0
2008-02-17 11:15:00+00:00,30,2,11,,,0,0,0,0,0,0,0,0,0,0,0,0,0,0,0,0,0,0,0,0,0,0,0,0,0
2008-02-17 11:15:00+00:00,30,2,11,,,0,0,0,0,0,0,0,0,0,0,0,0,0,0,0,0,0,0,0,0,0,0,0,0,0
2008-02-17 11:30:00+00:00,30,2,11,309.24139404296875,,0,0,0,0,0,0,0,0,0,0,0,0,0,0,0,0,1,0,0,0,0,0,0,0,0
2008-02-17 11:30:00+00:00,30,2,11,118.15437316894531,,0,0,0,0,0,0,0,0,0,0,1,1,1,1,1,1,1,0,0,0,0,0,0,0,0
2008-02-17 11:30:00+00:00,30,2,11,485.8955078125,282.5116271972656,0,0,0,0,0,0,0,0,0,0,0,0,0,0,0,0,0,0,0,0,0,0,0,0,0
2008-02-17 11:30:00+00:00,30,2,11,,220.12490844726562,0,0,0,0,0,0,0,0,0,0,0,0,0,0,0,0,0,0,0,0,0,0,0,0,0
2008-02-17 11:30:00+00:00,30,2,11,,265.90240478515625,0,0,0,0,0,0,0,0,0,0,0,0,0,0,0,0,0,0,0,0,0,0,0,0,0
2008-02-17 11:30:00+00:00,30,2,11,,,0,0,0,0,0,0,0,0,0,0,0,0,0,0,0,0,0,0,0,0,0,0,0,0,0
2008-02-17 11:30:00+00:00,30,2,11,92.40989685058594,0.0,0,0,0,0,0,0,0,0,0,1,1,1,1,1,1,1,1,1,1,1,1,1,1,1,1
2008-02-17 11:30:00+00:00,30,2,11,,314.10223388671875,0,0,0,0,0,0,0,0,0,0,0,0,0,0,0,0,0,0,0,0,0,0,0,0,0
2008-02-17 11:30:00+00:00,30,2,11,95.35824584960938,110.78412628173828,0,0,0,0,0,0,0,0,0,1,1,1,1,1,1,1,1,0,0,0,0,0,0,0,0
2008-02-17 11:30:00+00:00,30,2,11,179.85389709472656,55.50532913208008,0,0,0,0,0,0,0,0,0,0,0,0,1,1,1,1,1,0,0,0,0,0,0,0,1
2008-02-17 11:30:00+00:00,30,2,11,215.22384643554688,240.70310974121094,0,0,0,0,0,0,0,0,0,0,0,0,0,0,1,1,1,0,0,0,0,0,0,0,0
2008-02-17 11:30:00+00:00,30,2,11,155.685791015625,153.049072265625,0,0,0,0,0,0,0,0,0,0,0,0,1,1,1,1,1,0,0,0,0,0,0,0,0
2008-02-17 11:30:00+00:00,30,2,11,266.4980773925781,266.0630187988281,0,0,0,0,0,0,0,0,0,0,0,0,0,0,0,1,1,0,0,0,0,0,0,0,0
2008-02-17 11:30:00+00:00,30,2,11,410.681640625,431.38409423828125,0,0,0,0,0,0,0,0,0,0,0,0,0,0,0,0,0,0,0,0,0,0,0,0,0
2008-02-17 11:30:00+00:00,30,2,11,359.9764404296875,339.3030090332031,0,0,0,0,0,0,0,0,0,0,0,0,0,0,0,0,0,0,0,0,0,0,0,0,0
2008-02-17 11:30:00+00:00,30,2,11,457.44805908203125,436.8764343261719,0,0,0,0,0,0,0,0,0,0,0,0,0,0,0,0,0,0,0,0,0,0,0,0,0
2008-02-17 11:30:00+00:00,30,2,11,,,0,0,0,0,0,0,0,0,0,0,0,0,0,0,0,0,0,0,0,0,0,0,0,0,0
2008-02-17 11:30:00+00:00,30,2,11,,,0,0,0,0,0,0,0,0,0,0,0,0,0,0,0,0,0,0,0,0,0,0,0,0,0
2008-02-17 11:45:00+00:00,30,2,11,,,0,0,0,0,0,0,0,0,0,0,0,0,0,0,0,0,0,0,0,0,0,0,0,0,0
2008-02-17 11:45:00+00:00,30,2,11,,160.2002410888672,0,0,0,0,0,0,0,0,0,0,0,0,0,0,0,0,0,0,0,0,0,0,0,0,0
2008-02-17 11:45:00+00:00,30,2,11,,,0,0,0,0,0,0,0,0,0,0,0,0,0,0,0,0,0,0,0,0,0,0,0,0,0
2008-02-17 11:45:00+00:00,30,2,11,,,0,0,0,0,0,0,0,0,0,0,0,0,0,0,0,0,0,0,0,0,0,0,0,0,0
2008-02-17 11:45:00+00:00,30,2,11,,,0,0,0,0,0,0,0,0,0,0,0,0,0,0,0,0,0,0,0,0,0,0,0,0,0
2008-02-17 11:45:00+00:00,30,2,11,175.95980834960938,321.0454406738281,0,0,0,0,0,0,0,0,0,0,0,0,1,1,1,1,1,0,0,0,0,0,0,0,0
2008-02-17 11:45:00+00:00,30,2,11,393.75970458984375,453.32159423828125,0,0,0,0,0,0,0,0,0,0,0,0,0,0,0,0,0,0,0,0,0,0,0,0,0
2008-02-17 11:45:00+00:00,30,2,11,364.8559875488281,338.3691711425781,0,0,0,0,0,0,0,0,0,0,0,0,0,0,0,0,0,0,0,0,0,0,0,0,0
2008-02-17 11:45:00+00:00,30,2,11,203.4567413330078,60.686702728271484,0,0,0,0,0,0,0,0,0,0,0,0,0,0,1,1,1,0,0,0,0,0,0,0,0
2008-02-17 11:45:00+00:00,30,2,11,185.38519287109375,104.57047271728516,0,0,0,0,0,0,0,0,0,0,0,0,0,1,1,1,1,0,0,0,0,0,0,0,0
2008-02-17 11:45:00+00:00,30,2,11,209.6044921875,109.95308685302734,0,0,0,0,0,0,0,0,0,0,0,0,0,0,1,1,1,0,0,0,0,0,0,0,0
2008-02-17 11:45:00+00:00,30,2,11,231.35816955566406,115.38560485839844,0,0,0,0,0,0,0,0,0,0,0,0,0,0,1,1,1,0,0,0,0,0,0,0,0
2008-02-17 11:45:00+00:00,30,2,11,243.79052734375,228.07537841796875,0,0,0,0,0,0,0,0,0,0,0,0,0,0,1,1,1,0,0,0,0,0,0,0,0
2008-02-17 11:45:00+00:00,30,2,11,54.91234588623047,38.74081039428711,0,0,0,0,0,0,0,1,1,1,1,1,1,1,1,1,1,0,0,0,0,0,1,1,1
2008-02-17 11:45:00+00:00,30,2,11,122.79051208496094,115.15786743164062,0,0,0,0,0,0,0,0,0,0,0,1,1,1,1,1,1,0,0,0,0,0,0,0,0
2008-02-17 11:45:00+00:00,30,2,11,276.3414306640625,260.6939697265625,0,0,0,0,0,0,0,0,0,0,0,0,0,0,0,1,1,0,0,0,0,0,0,0,0
2008-02-17 11:45:00+00:00,30,2,11,,14.025333404541016,0,0,0,0,0,0,0,0,0,0,0,0,0,0,0,0,0,0,1,1,1,1,1,1,1
2008-02-17 11:45:00+00:00,30,2,11,,9.113036155700684,0,0,0,0,0,0,0,0,0,0,0,0,0,0,0,0,0,1,1,1,1,1,1,1,1
2008-02-17 11:45:00+00:00,30,2,11,,,0,0,0,0,0,0,0,0,0,0,0,0,0,0,0,0,0,0,0,0,0,0,0,0,0
2008-02-17 12:00:00+00:00,30,2,12,474.80810546875,295.46514892578125,0,0,0,0,0,0,0,0,0,0,0,0,0,0,0,0,0,0,0,0,0,0,0,0,0
2008-02-17 12:00:00+00:00,30,2,12,,189.20513916015625,0,0,0,0,0,0,0,0,0,0,0,0,0,0,0,0,0,0,0,0,0,0,0,0,0
2008-02-17 12:00:00+00:00,30,2,12,186.77117919921875,169.23655700683594,0,0,0,0,0,0,0,0,0,0,0,0,0,1,1,1,1,0,0,0,0,0,0,0,0
2008-02-17 12:00:00+00:00,30,2,12,441.1105041503906,173.37692260742188,0,0,0,0,0,0,0,0,0,0,0,0,0,0,0,0,0,0,0,0,0,0,0,0,0
2008-02-17 12:00:00+00:00,30,2,12,,285.9334411621094,0,0,0,0,0,0,0,0,0,0,0,0,0,0,0,0,0,0,0,0,0,0,0,0,0
2008-02-17 12:00:00+00:00,30,2,12,,363.3537902832031,0,0,0,0,0,0,0,0,0,0,0,0,0,0,0,0,0,0,0,0,0,0,0,0,0
2008-02-17 12:00:00+00:00,30,2,12,107.01411437988281,86.45469665527344,0,0,0,0,0,0,0,0,0,0,1,1,1,1,1,1,1,0,0,0,0,0,0,0,0
2008-02-17 12:00:00+00:00,30,2,12,414.9220886230469,349.8044738769531,0,0,0,0,0,0,0,0,0,0,0,0,0,0,0,0,0,0,0,0,0,0,0,0,0
2008-02-17 12:00:00+00:00,30,2,12,193.8241424560547,116.71173095703125,0,0,0,0,0,0,0,0,0,0,0,0,0,1,1,1,1,0,0,0,0,0,0,0,0
2008-02-17 12:00:00+00:00,30,2,12,403.8741149902344,266.7518310546875,0,0,0,0,0,0,0,0,0,0,0,0,0,0,0,0,0,0,0,0,0,0,0,0,0
2008-02-17 12:00:00+00:00,30,2,12,460.85357666015625,145.91346740722656,0,0,0,0,0,0,0,0,0,0,0,0,0,0,0,0,0,0,0,0,0,0,0,0,0
2008-02-17 12:15:00+00:00,30,2,12,,244.12977600097656,0,0,0,0,0,0,0,0,0,0,0,0,0,0,0,0,0,0,0,0,0,0,0,0,0
2008-02-17 12:15:00+00:00,30,2,12,,258.17828369140625,0,0,0,0,0,0,0,0,0,0,0,0,0,0,0,0,0,0,0,0,0,0,0,0,0
2008-02-17 12:15:00+00:00,30,2,12,,153.93978881835938,0,0,0,0,0,0,0,0,0,0,0,0,0,0,0,0,0,0,0,0,0,0,0,0,0
2008-02-17 12:15:00+00:00,30,2,12,,19.116090774536133,0,0,0,0,0,0,0,0,0,0,0,0,0,0,0,0,0,0,0,1,1,1,1,1,1
2008-02-17 12:15:00+00:00,30,2,12,358.5636291503906,367.1052551269531,0,0,0,0,0,0,0,0,0,0,0,0,0,0,0,0,0,0,0,0,0,0,0,0,0
2008-02-17 12:15:00+00:00,30,2,12,,,0,0,0,0,0,0,0,0,0,0,0,0,0,0,0,0,0,0,0,0,0,0,0,0,0
2008-02-17 12:15:00+00:00,30,2,12,272.6326599121094,272.1700439453125,0,0,0,0,0,0,0,0,0,0,0,0,0,0,0,1,1,0,0,0,0,0,0,0,0
2008-02-17 12:15:00+00:00,30,2,12,414.35943603515625,401.71392822265625,0,0,0,0,0,0,0,0,0,0,0,0,0,0,0,0,0,0,0,0,0,0,0,0,0
2008-02-17 12:15:00+00:00,30,2,12,132.94764709472656,120.35420227050781,0,0,0,0,0,0,0,0,0,0,0,1,1,1,1,1,1,0,0,0,0,0,0,0,0
2008-02-17 12:15:00+00:00,30,2,12,373.5245666503906,372.27850341796875,0,0,0,0,0,0,0,0,0,0,0,0,0,0,0,0,0,0,0,0,0,0,0,0,0
2008-02-17 12:15:00+00:00,30,2,12,396.58056640625,393.463623046875,0,0,0,0,0,0,0,0,0,0,0,0,0,0,0,0,0,0,0,0,0,0,0,0,0
2008-02-17 12:30:00+00:00,30,2,12,253.0878143310547,292.3944396972656,0,0,0,0,0,0,0,0,0,0,0,0,0,0,0,1,1,0,0,0,0,0,0,0,0
2008-02-17 12:30:00+00:00,30,2,12,187.93374633789062,184.9193115234375,0,0,0,0,0,0,0,0,0,0,0,0,0,1,1,1,1,0,0,0,0,0,0,0,0
2008-02-17 12:30:00+00:00,30,2,12,,,0,0,0,0,0,0,0,0,0,0,0,0,0,0,0,0,0,0,0,0,0,0,0,0,0
2008-02-17 12:30:00+00:00,30,2,12,143.86814880371094,145.3040771484375,0,0,0,0,0,0,0,0,0,0,0,1,1,1,1,1,1,0,0,0,0,0,0,0,0
2008-02-17 12:30:00+00:00,30,2,12,142.0883331298828,143.24696350097656,0,0,0,0,0,0,0,0,0,0,0,1,1,1,1,1,1,0,0,0,0,0,0,0,0
2008-02-17 12:30:00+00:00,30,2,12,48.179771423339844,29.117551803588867,0,0,0,0,0,0,1,1,1,1,1,1,1,1,1,1,1,0,0,0,0,1,1,1,1
2008-02-17 12:30:00+00:00,30,2,12,,,0,0,0,0,0,0,0,0,0,0,0,0,0,0,0,0,0,0,0,0,0,0,0,0,0
2008-02-17 12:30:00+00:00,30,2,12,322.2616882324219,334.9032897949219,0,0,0,0,0,0,0,0,0,0,0,0,0,0,0,0,1,0,0,0,0,0,0,0,0
2008-02-17 12:30:00+00:00,30,2,12,130.69906616210938,82.96788024902344,0,0,0,0,0,0,0,0,0,0,0,1,1,1,1,1,1,0,0,0,0,0,0,0,0
2008-02-17 12:30:00+00:00,30,2,12,110.48261260986328,84.19258880615234,0,0,0,0,0,0,0,0,0,0,1,1,1,1,1,1,1,0,0,0,0,0,0,0,0
2008-02-17 12:30:00+00:00,30,2,12,183.56878662109375,197.59632873535156,0,0,0,0,0,0,0,0,0,0,0,0,0,1,1,1,1,0,0,0,0,0,0,0,0
2008-02-17 12:30:00+00:00,30,2,12,398.9753723144531,388.76800537109375,0,0,0,0,0,0,0,0,0,0,0,0,0,0,0,0,0,0,0,0,0,0,0,0,0
2008-02-17 12:30:00+00:00,30,2,12,182.7803497314453,180.4519805908203,0,0,0,0,0,0,0,0,0,0,0,0,0,1,1,1,1,0,0,0,0,0,0,0,0
2008-02-17 12:30:00+00:00,30,2,12,110.76859283447266,321.39453125,0,0,0,0,0,0,0,0,0,0,1,1,1,1,1,1,1,0,0,0,0,0,0,0,0
2008-02-17 12:30:00+00:00,30,2,12,160.35299682617188,144.43556213378906,0,0,0,0,0,0,0,0,0,0,0,0,1,1,1,1,1,0,0,0,0,0,0,0,0
2008-02-17 12:30:00+00:00,30,2,12,143.95533752441406,138.37950134277344,0,0,0,0,0,0,0,0,0,0,0,1,1,1,1,1,1,0,0,0,0,0,0,0,0
2008-02-17 12:30:00+00:00,30,2,12,395.2073059082031,,0,0,0,0,0,0,0,0,0,0,0,0,0,0,0,0,0,0,0,0,0,0,0,0,0
2008-02-17 12:30:00+00:00,30,2,12,,,0,0,0,0,0,0,0,0,0,0,0,0,0,0,0,0,0,0,0,0,0,0,0,0,0
2008-02-17 12:30:00+00:00,30,2,12,,,0,0,0,0,0,0,0,0,0,0,0,0,0,0,0,0,0,0,0,0,0,0,0,0,0
2008-02-17 12:30:00+00:00,30,2,12,,,0,0,0,0,0,0,0,0,0,0,0,0,0,0,0,0,0,0,0,0,0,0,0,0,0
2008-02-17 12:30:00+00:00,30,2,12,,,0,0,0,0,0,0,0,0,0,0,0,0,0,0,0,0,0,0,0,0,0,0,0,0,0
2008-02-17 12:45:00+00:00,30,2,12,310.0144348144531,0.0,0,0,0,0,0,0,0,0,0,0,0,0,0,0,0,0,1,1,1,1,1,1,1,1,1
2008-02-17 12:45:00+00:00,30,2,12,75.74908447265625,,0,0,0,0,0,0,0,0,1,1,1,1,1,1,1,1,1,0,0,0,0,0,0,0,0
2008-02-17 12:45:00+00:00,30,2,12,368.8646545410156,,0,0,0,0,0,0,0,0,0,0,0,0,0,0,0,0,0,0,0,0,0,0,0,0,0
2008-02-17 12:45:00+00:00,30,2,12,,,0,0,0,0,0,0,0,0,0,0,0,0,0,0,0,0,0,0,0,0,0,0,0,0,0
2008-02-17 12:45:00+00:00,30,2,12,411.060546875,403.4088439941406,0,0,0,0,0,0,0,0,0,0,0,0,0,0,0,0,0,0,0,0,0,0,0,0,0
2008-02-17 12:45:00+00:00,30,2,12,,,0,0,0,0,0,0,0,0,0,0,0,0,0,0,0,0,0,0,0,0,0,0,0,0,0
2008-02-17 12:45:00+00:00,30,2,12,110.11830139160156,129.70367431640625,0,0,0,0,0,0,0,0,0,0,1,1,1,1,1,1,1,0,0,0,0,0,0,0,0
2008-02-17 12:45:00+00:00,30,2,12,262.3910217285156,148.36268615722656,0,0,0,0,0,0,0,0,0,0,0,0,0,0,0,1,1,0,0,0,0,0,0,0,0
2008-02-17 12:45:00+00:00,30,2,12,,159.63796997070312,0,0,0,0,0,0,0,0,0,0,0,0,0,0,0,0,0,0,0,0,0,0,0,0,0
2008-02-17 12:45:00+00:00,30,2,12,44.019283294677734,36.12886428833008,0,0,0,0,0,0,1,1,1,1,1,1,1,1,1,1,1,0,0,0,0,0,1,1,1
2008-02-17 12:45:00+00:00,30,2,12,66.2033462524414,47.58962631225586,0,0,0,0,0,0,0,0,1,1,1,1,1,1,1,1,1,0,0,0,0,0,0,1,1
2008-02-17 12:45:00+00:00,30,2,12,364.7586669921875,82.86661529541016,0,0,0,0,0,0,0,0,0,0,0,0,0,0,0,0,0,0,0,0,0,0,0,0,0
2008-02-17 12:45:00+00:00,30,2,12,230.6351318359375,233.43099975585938,0,0,0,0,0,0,0,0,0,0,0,0,0,0,1,1,1,0,0,0,0,0,0,0,0
2008-02-17 12:45:00+00:00,30,2,12,467.06072998046875,455.382080078125,0,0,0,0,0,0,0,0,0,0,0,0,0,0,0,0,0,0,0,0,0,0,0,0,0
2008-02-17 12:45:00+00:00,30,2,12,374.67498779296875,270.53607177734375,0,0,0,0,0,0,0,0,0,0,0,0,0,0,0,0,0,0,0,0,0,0,0,0,0
2008-02-17 12:45:00+00:00,30,2,12,343.86456298828125,228.78273010253906,0,0,0,0,0,0,0,0,0,0,0,0,0,0,0,0,1,0,0,0,0,0,0,0,0
2008-02-17 12:45:00+00:00,30,2,12,291.7241516113281,293.4653015136719,0,0,0,0,0,0,0,0,0,0,0,0,0,0,0,1,1,0,0,0,0,0,0,0,0
2008-02-17 12:45:00+00:00,30,2,12,,,0,0,0,0,0,0,0,0,0,0,0,0,0,0,0,0,0,0,0,0,0,0,0,0,0
2008-02-17 12:45:00+00:00,30,2,12,220.53414916992188,93.71095275878906,0,0,0,0,0,0,0,0,0,0,0,0,0,0,1,1,1,0,0,0,0,0,0,0,0
2008-02-17 12:45:00+00:00,30,2,12,,,0,0,0,0,0,0,0,0,0,0,0,0,0,0,0,0,0,0,0,0,0,0,0,0,0
2008-02-17 13:00:00+00:00,30,2,13,29.67568016052246,3.7623322010040283,0,0,0,0,1,1,1,1,1,1,1,1,1,1,1,1,1,1,1,1,1,1,1,1,1
2008-02-17 13:00:00+00:00,30,2,13,181.38140869140625,145.9453582763672,0,0,0,0,0,0,0,0,0,0,0,0,0,1,1,1,1,0,0,0,0,0,0,0,0
2008-02-17 13:00:00+00:00,30,2,13,218.61126708984375,216.28536987304688,0,0,0,0,0,0,0,0,0,0,0,0,0,0,1,1,1,0,0,0,0,0,0,0,0
2008-02-17 13:00:00+00:00,30,2,13,,,0,0,0,0,0,0,0,0,0,0,0,0,0,0,0,0,0,0,0,0,0,0,0,0,0
2008-02-17 13:00:00+00:00,30,2,13,328.2896423339844,312.05596923828125,0,0,0,0,0,0,0,0,0,0,0,0,0,0,0,0,1,0,0,0,0,0,0,0,0
2008-02-17 13:00:00+00:00,30,2,13,143.04962158203125,148.66954040527344,0,0,0,0,0,0,0,0,0,0,0,1,1,1,1,1,1,0,0,0,0,0,0,0,0
2008-02-17 13:00:00+00:00,30,2,13,288.8008728027344,86.99893951416016,0,0,0,0,0,0,0,0,0,0,0,0,0,0,0,1,1,0,0,0,0,0,0,0,0
2008-02-17 13:00:00+00:00,30,2,13,295.3501281738281,311.6513366699219,0,0,0,0,0,0,0,0,0,0,0,0,0,0,0,1,1,0,0,0,0,0,0,0,0
2008-02-17 13:00:00+00:00,30,2,13,97.19862365722656,95.12189483642578,0,0,0,0,0,0,0,0,0,1,1,1,1,1,1,1,1,0,0,0,0,0,0,0,0
2008-02-17 13:00:00+00:00,30,2,13,,,0,0,0,0,0,0,0,0,0,0,0,0,0,0,0,0,0,0,0,0,0,0,0,0,0
2008-02-17 13:00:00+00:00,30,2,13,,,0,0,0,0,0,0,0,0,0,0,0,0,0,0,0,0,0,0,0,0,0,0,0,0,0
2008-02-17 13:15:00+00:00,30,2,13,,142.04861450195312,0,0,0,0,0,0,0,0,0,0,0,0,0,0,0,0,0,0,0,0,0,0,0,0,0
2008-02-17 13:15:00+00:00,30,2,13,,128.66458129882812,0,0,0,0,0,0,0,0,0,0,0,0,0,0,0,0,0,0,0,0,0,0,0,0,0
2008-02-17 13:15:00+00:00,30,2,13,,361.9521484375,0,0,0,0,0,0,0,0,0,0,0,0,0,0,0,0,0,0,0,0,0,0,0,0,0
2008-02-17 13:15:00+00:00,30,2,13,262.8009948730469,145.4084014892578,0,0,0,0,0,0,0,0,0,0,0,0,0,0,0,1,1,0,0,0,0,0,0,0,0
2008-02-17 13:15:00+00:00,30,2,13,241.9310302734375,249.89508056640625,0,0,0,0,0,0,0,0,0,0,0,0,0,0,1,1,1,0,0,0,0,0,0,0,0
2008-02-17 13:15:00+00:00,30,2,13,191.8349151611328,108.97624969482422,0,0,0,0,0,0,0,0,0,0,0,0,0,1,1,1,1,0,0,0,0,0,0,0,0
2008-02-17 13:15:00+00:00,30,2,13,121.41706085205078,0.0,0,0,0,0,0,0,0,0,0,0,0,1,1,1,1,1,1,1,1,1,1,1,1,1,1
2008-02-17 13:15:00+00:00,30,2,13,89.7807388305664,101.79255676269531,0,0,0,0,0,0,0,0,0,1,1,1,1,1,1,1,1,0,0,0,0,0,0,0,0
2008-02-17 13:15:00+00:00,30,2,13,,252.9885711669922,0,0,0,0,0,0,0,0,0,0,0,0,0,0,0,0,0,0,0,0,0,0,0,0,0
2008-02-17 13:15:00+00:00,30,2,13,305.6602478027344,295.01348876953125,0,0,0,0,0,0,0,0,0,0,0,0,0,0,0,0,1,0,0,0,0,0,0,0,0
2008-02-17 13:15:00+00:00,30,2,13,165.794677734375,183.9562530517578,0,0,0,0,0,0,0,0,0,0,0,0,1,1,1,1,1,0,0,0,0,0,0,0,0
2008-02-17 13:15:00+00:00,30,2,13,158.07606506347656,114.0870590209961,0,0,0,0,0,0,0,0,0,0,0,0,1,1,1,1,1,0,0,0,0,0,0,0,0
2008-02-17 13:15:00+00:00,30,2,13,245.84381103515625,252.11715698242188,0,0,0,0,0,0,0,0,0,0,0,0,0,0,1,1,1,0,0,0,0,0,0,0,0
2008-02-17 13:30:00+00:00,30,2,13,323.346435546875,153.9150848388672,0,0,0,0,0,0,0,0,0,0,0,0,0,0,0,0,1,0,0,0,0,0,0,0,0
2008-02-17 13:30:00+00:00,30,2,13,,,0,0,0,0,0,0,0,0,0,0,0,0,0,0,0,0,0,0,0,0,0,0,0,0,0
2008-02-17 13:30:00+00:00,30,2,13,,,0,0,0,0,0,0,0,0,0,0,0,0,0,0,0,0,0,0,0,0,0,0,0,0,0
2008-02-17 13:30:00+00:00,30,2,13,,258.8674011230469,0,0,0,0,0,0,0,0,0,0,0,0,0,0,0,0,0,0,0,0,0,0,0,0,0
2008-02-17 13:30:00+00:00,30,2,13,57.03073501586914,21.484254837036133,0,0,0,0,0,0,0,1,1,1,1,1,1,1,1,1,1,0,0,0,1,1,1,1,1
2008-02-17 13:30:00+00:00,30,2,13,164.37294006347656,174.8737335205078,0,0,0,0,0,0,0,0,0,0,0,0,1,1,1,1,1,0,0,0,0,0,0,0,0
2008-02-17 13:30:00+00:00,30,2,13,65.88912963867188,71.13138580322266,0,0,0,0,0,0,0,0,1,1,1,1,1,1,1,1,1,0,0,0,0,0,0,0,0
2008-02-17 13:30:00+00:00,30,2,13,112.21258544921875,116.47144317626953,0,0,0,0,0,0,0,0,0,0,1,1,1,1,1,1,1,0,0,0,0,0,0,0,0
2008-02-17 13:30:00+00:00,30,2,13,117.18069458007812,133.91404724121094,0,0,0,0,0,0,0,0,0,0,1,1,1,1,1,1,1,0,0,0,0,0,0,0,0
2008-02-17 13:30:00+00:00,30,2,13,107.61982727050781,96.14915466308594,0,0,0,0,0,0,0,0,0,0,1,1,1,1,1,1,1,0,0,0,0,0,0,0,0
2008-02-17 13:30:00+00:00,30,2,13,157.82003784179688,138.8385467529297,0,0,0,0,0,0,0,0,0,0,0,0,1,1,1,1,1,0,0,0,0,0,0,0,0
2008-02-17 13:30:00+00:00,30,2,13,118.3479232788086,83.38436126708984,0,0,0,0,0,0,0,0,0,0,1,1,1,1,1,1,1,0,0,0,0,0,0,0,0
2008-02-17 13:30:00+00:00,30,2,13,191.575439453125,152.01353454589844,0,0,0,0,0,0,0,0,0,0,0,0,0,1,1,1,1,0,0,0,0,0,0,0,0
2008-02-17 13:30:00+00:00,30,2,13,,,0,0,0,0,0,0,0,0,0,0,0,0,0,0,0,0,0,0,0,0,0,0,0,0,0
2008-02-17 13:45:00+00:00,30,2,13,343.3172302246094,332.88671875,0,0,0,0,0,0,0,0,0,0,0,0,0,0,0,0,1,0,0,0,0,0,0,0,0
2008-02-17 13:45:00+00:00,30,2,13,307.1968688964844,244.8023223876953,0,0,0,0,0,0,0,0,0,0,0,0,0,0,0,0,1,0,0,0,0,0,0,0,0
2008-02-17 13:45:00+00:00,30,2,13,389.1522216796875,321.572509765625,0,0,0,0,0,0,0,0,0,0,0,0,0,0,0,0,0,0,0,0,0,0,0,0,0
2008-02-17 13:45:00+00:00,30,2,13,350.94683837890625,298.59539794921875,0,0,0,0,0,0,0,0,0,0,0,0,0,0,0,0,0,0,0,0,0,0,0,0,0
2008-02-17 13:45:00+00:00,30,2,13,92.85107421875,99.51305389404297,0,0,0,0,0,0,0,0,0,1,1,1,1,1,1,1,1,0,0,0,0,0,0,0,0
2008-02-17 13:45:00+00:00,30,2,13,201.2095489501953,194.76950073242188,0,0,0,0,0,0,0,0,0,0,0,0,0,0,1,1,1,0,0,0,0,0,0,0,0
2008-02-17 14:00:00+00:00,30,2,14,,,0,0,0,0,0,0,0,0,0,0,0,0,0,0,0,0,0,0,0,0,0,0,0,0,0
2008-02-17 14:00:00+00:00,30,2,14,,,0,0,0,0,0,0,0,0,0,0,0,0,0,0,0,0,0,0,0,0,0,0,0,0,0
2008-02-17 14:00:00+00:00,30,2,14,63.397891998291016,63.91630935668945,0,0,0,0,0,0,0,0,1,1,1,1,1,1,1,1,1,0,0,0,0,0,0,0,0
2008-02-17 14:00:00+00:00,30,2,14,415.390380859375,418.3067626953125,0,0,0,0,0,0,0,0,0,0,0,0,0,0,0,0,0,0,0,0,0,0,0,0,0
2008-02-17 14:00:00+00:00,30,2,14,168.8252410888672,165.78697204589844,0,0,0,0,0,0,0,0,0,0,0,0,1,1,1,1,1,0,0,0,0,0,0,0,0
2008-02-17 14:00:00+00:00,30,2,14,62.87160110473633,66.27195739746094,0,0,0,0,0,0,0,0,1,1,1,1,1,1,1,1,1,0,0,0,0,0,0,0,0
2008-02-17 14:00:00+00:00,30,2,14,247.4327850341797,216.91116333007812,0,0,0,0,0,0,0,0,0,0,0,0,0,0,1,1,1,0,0,0,0,0,0,0,0
2008-02-17 14:00:00+00:00,30,2,14,152.80230712890625,141.1151123046875,0,0,0,0,0,0,0,0,0,0,0,0,1,1,1,1,1,0,0,0,0,0,0,0,0
2008-02-17 14:00:00+00:00,30,2,14,142.0077667236328,90.24917602539062,0,0,0,0,0,0,0,0,0,0,0,1,1,1,1,1,1,0,0,0,0,0,0,0,0
2008-02-17 14:00:00+00:00,30,2,14,145.9994354248047,122.41639709472656,0,0,0,0,0,0,0,0,0,0,0,1,1,1,1,1,1,0,0,0,0,0,0,0,0
2008-02-17 14:00:00+00:00,30,2,14,69.3808822631836,58.44218826293945,0,0,0,0,0,0,0,0,1,1,1,1,1,1,1,1,1,0,0,0,0,0,0,0,1
2008-02-17 14:00:00+00:00,30,2,14,57.91225814819336,82.74756622314453,0,0,0,0,0,0,0,1,1,1,1,1,1,1,1,1,1,0,0,0,0,0,0,0,0
2008-02-17 14:00:00+00:00,30,2,14,82.26225280761719,56.53519821166992,0,0,0,0,0,0,0,0,0,1,1,1,1,1,1,1,1,0,0,0,0,0,0,0,1
2008-02-17 14:00:00+00:00,30,2,14,282.50927734375,280.48663330078125,0,0,0,0,0,0,0,0,0,0,0,0,0,0,0,1,1,0,0,0,0,0,0,0,0
2008-02-17 14:15:00+00:00,30,2,14,,461.332763671875,0,0,0,0,0,0,0,0,0,0,0,0,0,0,0,0,0,0,0,0,0,0,0,0,0
2008-02-17 14:15:00+00:00,30,2,14,,,0,0,0,0,0,0,0,0,0,0,0,0,0,0,0,0,0,0,0,0,0,0,0,0,0
2008-02-17 14:15:00+00:00,30,2,14,61.90634536743164,46.632686614990234,0,0,0,0,0,0,0,0,1,1,1,1,1,1,1,1,1,0,0,0,0,0,0,1,1
2008-02-17 14:15:00+00:00,30,2,14,352.23193359375,353.7835998535156,0,0,0,0,0,0,0,0,0,0,0,0,0,0,0,0,0,0,0,0,0,0,0,0,0
2008-02-17 14:15:00+00:00,30,2,14,184.6681365966797,281.1370544433594,0,0,0,0,0,0,0,0,0,0,0,0,0,1,1,1,1,0,0,0,0,0,0,0,0
2008-02-17 14:15:00+00:00,30,2,14,249.5930938720703,237.9750518798828,0,0,0,0,0,0,0,0,0,0,0,0,0,0,1,1,1,0,0,0,0,0,0,0,0
2008-02-17 14:15:00+00:00,30,2,14,63.48802185058594,106.68617248535156,0,0,0,0,0,0,0,0,1,1,1,1,1,1,1,1,1,0,0,0,0,0,0,0,0
2008-02-17 14:15:00+00:00,30,2,14,34.94779586791992,39.693355560302734,0,0,0,0,0,1,1,1,1,1,1,1,1,1,1,1,1,0,0,0,0,0,1,1,1
2008-02-17 14:15:00+00:00,30,2,14,280.5030517578125,275.842041015625,0,0,0,0,0,0,0,0,0,0,0,0,0,0,0,1,1,0,0,0,0,0,0,0,0
2008-02-17 14:15:00+00:00,30,2,14,161.72137451171875,158.62583923339844,0,0,0,0,0,0,0,0,0,0,0,0,1,1,1,1,1,0,0,0,0,0,0,0,0
2008-02-17 14:15:00+00:00,30,2,14,215.3534393310547,196.96270751953125,0,0,0,0,0,0,0,0,0,0,0,0,0,0,1,1,1,0,0,0,0,0,0,0,0
2008-02-17 14:15:00+00:00,30,2,14,244.38401794433594,,0,0,0,0,0,0,0,0,0,0,0,0,0,0,1,1,1,0,0,0,0,0,0,0,0
2008-02-17 14:15:00+00:00,30,2,14,215.6428985595703,,0,0,0,0,0,0,0,0,0,0,0,0,0,0,1,1,1,0,0,0,0,0,0,0,0
2008-02-17 14:30:00+00:00,30,2,14,228.3077850341797,209.82008361816406,0,0,0,0,0,0,0,0,0,0,0,0,0,0,1,1,1,0,0,0,0,0,0,0,0
2008-02-17 14:30:00+00:00,30,2,14,163.18609619140625,85.74456787109375,0,0,0,0,0,0,0,0,0,0,0,0,1,1,1,1,1,0,0,0,0,0,0,0,0
2008-02-17 14:30:00+00:00,30,2,14,155.16250610351562,157.21029663085938,0,0,0,0,0,0,0,0,0,0,0,0,1,1,1,1,1,0,0,0,0,0,0,0,0
2008-02-17 14:30:00+00:00,30,2,14,222.36758422851562,211.581298828125,0,0,0,0,0,0,0,0,0,0,0,0,0,0,1,1,1,0,0,0,0,0,0,0,0
2008-02-17 14:45:00+00:00,30,2,14,153.6392364501953,167.3212890625,0,0,0,0,0,0,0,0,0,0,0,0,1,1,1,1,1,0,0,0,0,0,0,0,0
2008-02-17 14:45:00+00:00,30,2,14,313.0928039550781,316.8995666503906,0,0,0,0,0,0,0,0,0,0,0,0,0,0,0,0,1,0,0,0,0,0,0,0,0
2008-02-17 14:45:00+00:00,30,2,14,89.63655853271484,85.06785583496094,0,0,0,0,0,0,0,0,0,1,1,1,1,1,1,1,1,0,0,0,0,0,0,0,0
2008-02-17 14:45:00+00:00,30,2,14,186.5032958984375,163.63449096679688,0,0,0,0,0,0,0,0,0,0,0,0,0,1,1,1,1,0,0,0,0,0,0,0,0
2008-02-17 14:45:00+00:00,30,2,14,,,0,0,0,0,0,0,0,0,0,0,0,0,0,0,0,0,0,0,0,0,0,0,0,0,0
2008-02-17 15:00:00+00:00,30,2,15,340.21112060546875,337.6020202636719,0,0,0,0,0,0,0,0,0,0,0,0,0,0,0,0,1,0,0,0,0,0,0,0,0
2008-02-17 15:00:00+00:00,30,2,15,351.5997314453125,333.7467346191406,0,0,0,0,0,0,0,0,0,0,0,0,0,0,0,0,0,0,0,0,0,0,0,0,0
2008-02-17 15:00:00+00:00,30,2,15,92.60902404785156,74.80162811279297,0,0,0,0,0,0,0,0,0,1,1,1,1,1,1,1,1,0,0,0,0,0,0,0,0
2008-02-17 15:00:00+00:00,30,2,15,91.89688110351562,88.29772186279297,0,0,0,0,0,0,0,0,0,1,1,1,1,1,1,1,1,0,0,0,0,0,0,0,0
2008-02-17 15:00:00+00:00,30,2,15,365.2899475097656,332.7184143066406,0,0,0,0,0,0,0,0,0,0,0,0,0,0,0,0,0,0,0,0,0,0,0,0,0
2008-02-17 15:00:00+00:00,30,2,15,335.4930114746094,314.822265625,0,0,0,0,0,0,0,0,0,0,0,0,0,0,0,0,1,0,0,0,0,0,0,0,0
2008-02-17 15:00:00+00:00,30,2,15,336.11468505859375,286.9588623046875,0,0,0,0,0,0,0,0,0,0,0,0,0,0,0,0,1,0,0,0,0,0,0,0,0
2008-02-17 15:00:00+00:00,30,2,15,168.3058319091797,145.1319122314453,0,0,0,0,0,0,0,0,0,0,0,0,1,1,1,1,1,0,0,0,0,0,0,0,0
2008-02-17 15:00:00+00:00,30,2,15,104.72467803955078,113.46289825439453,0,0,0,0,0,0,0,0,0,0,1,1,1,1,1,1,1,0,0,0,0,0,0,0,0
2008-02-17 15:00:00+00:00,30,2,15,113.1485366821289,122.13492584228516,0,0,0,0,0,0,0,0,0,0,1,1,1,1,1,1,1,0,0,0,0,0,0,0,0
2008-02-17 15:00:00+00:00,30,2,15,26.919809341430664,9.728960037231445,0,0,0,0,1,1,1,1,1,1,1,1,1,1,1,1,1,1,1,1,1,1,1,1,1
2008-02-17 15:00:00+00:00,30,2,15,172.77821350097656,170.62350463867188,0,0,0,0,0,0,0,0,0,0,0,0,1,1,1,1,1,0,0,0,0,0,0,0,0
2008-02-17 15:00:00+00:00,30,2,15,115.4566421508789,0.0,0,0,0,0,0,0,0,0,0,0,1,1,1,1,1,1,1,1,1,1,1,1,1,1,1
2008-02-17 15:00:00+00:00,30,2,15,139.54151916503906,148.82891845703125,0,0,0,0,0,0,0,0,0,0,0,1,1,1,1,1,1,0,0,0,0,0,0,0,0
2008-02-17 15:00:00+00:00,30,2,15,,,0,0,0,0,0,0,0,0,0,0,0,0,0,0,0,0,0,0,0,0,0,0,0,0,0
2008-02-17 15:15:00+00:00,30,2,15,,,0,0,0,0,0,0,0,0,0,0,0,0,0,0,0,0,0,0,0,0,0,0,0,0,0
2008-02-17 15:15:00+00:00,30,2,15,106.12454986572266,118.71753692626953,0,0,0,0,0,0,0,0,0,0,1,1,1,1,1,1,1,0,0,0,0,0,0,0,0
2008-02-17 15:15:00+00:00,30,2,15,91.73590087890625,3.163877248764038,0,0,0,0,0,0,0,0,0,1,1,1,1,1,1,1,1,1,1,1,1,1,1,1,1
2008-02-17 15:15:00+00:00,30,2,15,273.66339111328125,220.32876586914062,0,0,0,0,0,0,0,0,0,0,0,0,0,0,0,1,1,0,0,0,0,0,0,0,0
2008-02-17 15:15:00+00:00,30,2,15,281.2457275390625,13.742775917053223,0,0,0,0,0,0,0,0,0,0,0,0,0,0,0,1,1,0,1,1,1,1,1,1,1
2008-02-17 15:15:00+00:00,30,2,15,185.0640869140625,229.56471252441406,0,0,0,0,0,0,0,0,0,0,0,0,0,1,1,1,1,0,0,0,0,0,0,0,0
2008-02-17 15:15:00+00:00,30,2,15,128.5318603515625,156.96832275390625,0,0,0,0,0,0,0,0,0,0,0,1,1,1,1,1,1,0,0,0,0,0,0,0,0
2008-02-17 15:15:00+00:00,30,2,15,69.30879211425781,56.090023040771484,0,0,0,0,0,0,0,0,1,1,1,1,1,1,1,1,1,0,0,0,0,0,0,0,1
2008-02-17 15:15:00+00:00,30,2,15,107.53878021240234,3.101210594177246,0,0,0,0,0,0,0,0,0,0,1,1,1,1,1,1,1,1,1,1,1,1,1,1,1
2008-02-17 15:15:00+00:00,30,2,15,168.5708465576172,118.11846160888672,0,0,0,0,0,0,0,0,0,0,0,0,1,1,1,1,1,0,0,0,0,0,0,0,0
2008-02-17 15:15:00+00:00,30,2,15,375.2721862792969,366.31744384765625,0,0,0,0,0,0,0,0,0,0,0,0,0,0,0,0,0,0,0,0,0,0,0,0,0
2008-02-17 15:30:00+00:00,30,2,15,357.1193542480469,351.507568359375,0,0,0,0,0,0,0,0,0,0,0,0,0,0,0,0,0,0,0,0,0,0,0,0,0
2008-02-17 15:30:00+00:00,30,2,15,135.84730529785156,156.68067932128906,0,0,0,0,0,0,0,0,0,0,0,1,1,1,1,1,1,0,0,0,0,0,0,0,0
2008-02-17 15:30:00+00:00,30,2,15,198.64535522460938,212.245849609375,0,0,0,0,0,0,0,0,0,0,0,0,0,1,1,1,1,0,0,0,0,0,0,0,0
2008-02-17 15:30:00+00:00,30,2,15,254.0948486328125,267.3865966796875,0,0,0,0,0,0,0,0,0,0,0,0,0,0,0,1,1,0,0,0,0,0,0,0,0
2008-02-17 15:30:00+00:00,30,2,15,234.3000030517578,251.87918090820312,0,0,0,0,0,0,0,0,0,0,0,0,0,0,1,1,1,0,0,0,0,0,0,0,0
2008-02-17 15:30:00+00:00,30,2,15,247.64523315429688,234.93991088867188,0,0,0,0,0,0,0,0,0,0,0,0,0,0,1,1,1,0,0,0,0,0,0,0,0
2008-02-17 15:30:00+00:00,30,2,15,299.66766357421875,282.16680908203125,0,0,0,0,0,0,0,0,0,0,0,0,0,0,0,1,1,0,0,0,0,0,0,0,0
2008-02-17 15:30:00+00:00,30,2,15,361.7390441894531,336.80206298828125,0,0,0,0,0,0,0,0,0,0,0,0,0,0,0,0,0,0,0,0,0,0,0,0,0
2008-02-17 15:30:00+00:00,30,2,15,301.1806335449219,,0,0,0,0,0,0,0,0,0,0,0,0,0,0,0,0,1,0,0,0,0,0,0,0,0
2008-02-17 15:30:00+00:00,30,2,15,348.1174011230469,,0,0,0,0,0,0,0,0,0,0,0,0,0,0,0,0,1,0,0,0,0,0,0,0,0
2008-02-17 15:30:00+00:00,30,2,15,105.20307159423828,76.71097564697266,0,0,0,0,0,0,0,0,0,0,1,1,1,1,1,1,1,0,0,0,0,0,0,0,0
2008-02-17 15:30:00+00:00,30,2,15,126.6505126953125,133.3349151611328,0,0,0,0,0,0,0,0,0,0,0,1,1,1,1,1,1,0,0,0,0,0,0,0,0
2008-02-17 15:30:00+00:00,30,2,15,,,0,0,0,0,0,0,0,0,0,0,0,0,0,0,0,0,0,0,0,0,0,0,0,0,0
2008-02-17 15:30:00+00:00,30,2,15,,,0,0,0,0,0,0,0,0,0,0,0,0,0,0,0,0,0,0,0,0,0,0,0,0,0
2008-02-17 15:45:00+00:00,30,2,15,111.50404357910156,125.04008483886719,0,0,0,0,0,0,0,0,0,0,1,1,1,1,1,1,1,0,0,0,0,0,0,0,0
2008-02-17 15:45:00+00:00,30,2,15,304.27276611328125,322.0721435546875,0,0,0,0,0,0,0,0,0,0,0,0,0,0,0,0,1,0,0,0,0,0,0,0,0
2008-02-17 15:45:00+00:00,30,2,15,493.50164794921875,473.76312255859375,0,0,0,0,0,0,0,0,0,0,0,0,0,0,0,0,0,0,0,0,0,0,0,0,0
2008-02-17 15:45:00+00:00,30,2,15,223.01141357421875,200.48011779785156,0,0,0,0,0,0,0,0,0,0,0,0,0,0,1,1,1,0,0,0,0,0,0,0,0
2008-02-17 15:45:00+00:00,30,2,15,338.7735290527344,195.26461791992188,0,0,0,0,0,0,0,0,0,0,0,0,0,0,0,0,1,0,0,0,0,0,0,0,0
2008-02-17 15:45:00+00:00,30,2,15,,,0,0,0,0,0,0,0,0,0,0,0,0,0,0,0,0,0,0,0,0,0,0,0,0,0
2008-02-17 16:00:00+00:00,30,2,16,,,0,0,0,0,0,0,0,0,0,0,0,0,0,0,0,0,0,0,0,0,0,0,0,0,0
2008-02-17 16:00:00+00:00,30,2,16,215.92129516601562,75.01280975341797,0,0,0,0,0,0,0,0,0,0,0,0,0,0,1,1,1,0,0,0,0,0,0,0,0
2008-02-17 16:00:00+00:00,30,2,16,,,0,0,0,0,0,0,0,0,0,0,0,0,0,0,0,0,0,0,0,0,0,0,0,0,0
2008-02-17 16:15:00+00:00,30,2,16,268.10693359375,,0,0,0,0,0,0,0,0,0,0,0,0,0,0,0,1,1,0,0,0,0,0,0,0,0
2008-02-17 16:15:00+00:00,30,2,16,229.8495330810547,218.40805053710938,0,0,0,0,0,0,0,0,0,0,0,0,0,0,1,1,1,0,0,0,0,0,0,0,0
2008-02-17 16:15:00+00:00,30,2,16,56.29058074951172,56.935943603515625,0,0,0,0,0,0,0,1,1,1,1,1,1,1,1,1,1,0,0,0,0,0,0,0,1
2008-02-17 16:15:00+00:00,30,2,16,110.86911010742188,176.87924194335938,0,0,0,0,0,0,0,0,0,0,1,1,1,1,1,1,1,0,0,0,0,0,0,0,0
2008-02-17 16:15:00+00:00,30,2,16,80.35002136230469,100.27625274658203,0,0,0,0,0,0,0,0,0,1,1,1,1,1,1,1,1,0,0,0,0,0,0,0,0
2008-02-17 16:30:00+00:00,30,2,16,365.5606689453125,348.50555419921875,0,0,0,0,0,0,0,0,0,0,0,0,0,0,0,0,0,0,0,0,0,0,0,0,0
2008-02-17 16:30:00+00:00,30,2,16,209.4085235595703,239.52877807617188,0,0,0,0,0,0,0,0,0,0,0,0,0,0,1,1,1,0,0,0,0,0,0,0,0
2008-02-17 16:30:00+00:00,30,2,16,199.4046173095703,225.04946899414062,0,0,0,0,0,0,0,0,0,0,0,0,0,1,1,1,1,0,0,0,0,0,0,0,0
2008-02-17 16:30:00+00:00,30,2,16,180.0030975341797,160.6629638671875,0,0,0,0,0,0,0,0,0,0,0,0,0,1,1,1,1,0,0,0,0,0,0,0,0
2008-02-17 16:30:00+00:00,30,2,16,114.5894775390625,110.11454010009766,0,0,0,0,0,0,0,0,0,0,1,1,1,1,1,1,1,0,0,0,0,0,0,0,0
2008-02-17 16:30:00+00:00,30,2,16,153.05299377441406,103.42042541503906,0,0,0,0,0,0,0,0,0,0,0,0,1,1,1,1,1,0,0,0,0,0,0,0,0
2008-02-17 16:30:00+00:00,30,2,16,89.00428771972656,106.45088195800781,0,0,0,0,0,0,0,0,0,1,1,1,1,1,1,1,1,0,0,0,0,0,0,0,0
2008-02-17 16:30:00+00:00,30,2,16,90.3364028930664,368.5058288574219,0,0,0,0,0,0,0,0,0,1,1,1,1,1,1,1,1,0,0,0,0,0,0,0,0
2008-02-17 16:45:00+00:00,30,2,16,,,0,0,0,0,0,0,0,0,0,0,0,0,0,0,0,0,0,0,0,0,0,0,0,0,0
2008-02-17 16:45:00+00:00,30,2,16,348.53924560546875,,0,0,0,0,0,0,0,0,0,0,0,0,0,0,0,0,1,0,0,0,0,0,0,0,0
2008-02-17 16:45:00+00:00,30,2,16,153.36207580566406,,0,0,0,0,0,0,0,0,0,0,0,0,1,1,1,1,1,0,0,0,0,0,0,0,0
2008-02-17 16:45:00+00:00,30,2,16,180.18934631347656,185.71517944335938,0,0,0,0,0,0,0,0,0,0,0,0,0,1,1,1,1,0,0,0,0,0,0,0,0
2008-02-17 16:45:00+00:00,30,2,16,118.2724380493164,290.3633117675781,0,0,0,0,0,0,0,0,0,0,1,1,1,1,1,1,1,0,0,0,0,0,0,0,0
2008-02-17 16:45:00+00:00,30,2,16,,,0,0,0,0,0,0,0,0,0,0,0,0,0,0,0,0,0,0,0,0,0,0,0,0,0
2008-02-17 17:00:00+00:00,30,2,17,393.16571044921875,401.6231994628906,0,0,0,0,0,0,0,0,0,0,0,0,0,0,0,0,0,0,0,0,0,0,0,0,0
2008-02-17 17:00:00+00:00,30,2,17,93.07527923583984,90.28314971923828,0,0,0,0,0,0,0,0,0,1,1,1,1,1,1,1,1,0,0,0,0,0,0,0,0
2008-02-17 17:00:00+00:00,30,2,17,368.3641357421875,279.11578369140625,0,0,0,0,0,0,0,0,0,0,0,0,0,0,0,0,0,0,0,0,0,0,0,0,0
2008-02-17 17:15:00+00:00,30,2,17,,,0,0,0,0,0,0,0,0,0,0,0,0,0,0,0,0,0,0,0,0,0,0,0,0,0
2008-02-17 17:15:00+00:00,30,2,17,170.09339904785156,179.94000244140625,0,0,0,0,0,0,0,0,0,0,0,0,1,1,1,1,1,0,0,0,0,0,0,0,0
2008-02-17 17:15:00+00:00,30,2,17,191.6623992919922,215.09422302246094,0,0,0,0,0,0,0,0,0,0,0,0,0,1,1,1,1,0,0,0,0,0,0,0,0
2008-02-17 17:15:00+00:00,30,2,17,52.66819763183594,56.62458038330078,0,0,0,0,0,0,0,1,1,1,1,1,1,1,1,1,1,0,0,0,0,0,0,0,1
2008-02-17 17:15:00+00:00,30,2,17,234.5982208251953,180.3387451171875,0,0,0,0,0,0,0,0,0,0,0,0,0,0,1,1,1,0,0,0,0,0,0,0,0
2008-02-17 17:15:00+00:00,30,2,17,,,0,0,0,0,0,0,0,0,0,0,0,0,0,0,0,0,0,0,0,0,0,0,0,0,0
2008-02-17 17:30:00+00:00,30,2,17,241.92864990234375,227.4586181640625,0,0,0,0,0,0,0,0,0,0,0,0,0,0,1,1,1,0,0,0,0,0,0,0,0
2008-02-17 17:30:00+00:00,30,2,17,252.9464874267578,276.382080078125,0,0,0,0,0,0,0,0,0,0,0,0,0,0,0,1,1,0,0,0,0,0,0,0,0
2008-02-17 17:45:00+00:00,30,2,17,163.04638671875,173.53152465820312,0,0,0,0,0,0,0,0,0,0,0,0,1,1,1,1,1,0,0,0,0,0,0,0,0
2008-02-17 17:45:00+00:00,30,2,17,345.3213195800781,343.2862854003906,0,0,0,0,0,0,0,0,0,0,0,0,0,0,0,0,1,0,0,0,0,0,0,0,0
2008-02-18 10:00:00+00:00,30,2,10,,,0,0,0,0,0,0,0,0,0,0,0,0,0,0,0,0,0,0,0,0,0,0,0,0,0
2008-02-18 10:00:00+00:00,30,2,10,,,0,0,0,0,0,0,0,0,0,0,0,0,0,0,0,0,0,0,0,0,0,0,0,0,0
2008-02-18 10:00:00+00:00,30,2,10,,,0,0,0,0,0,0,0,0,0,0,0,0,0,0,0,0,0,0,0,0,0,0,0,0,0
2008-02-18 10:00:00+00:00,30,2,10,199.67361450195312,182.8305206298828,0,0,0,0,0,0,0,0,0,0,0,0,0,1,1,1,1,0,0,0,0,0,0,0,0
2008-02-18 10:00:00+00:00,30,2,10,253.58087158203125,,0,0,0,0,0,0,0,0,0,0,0,0,0,0,0,1,1,0,0,0,0,0,0,0,0
2008-02-18 10:00:00+00:00,30,2,10,234.0880126953125,,0,0,0,0,0,0,0,0,0,0,0,0,0,0,1,1,1,0,0,0,0,0,0,0,0
2008-02-18 10:00:00+00:00,30,2,10,,,0,0,0,0,0,0,0,0,0,0,0,0,0,0,0,0,0,0,0,0,0,0,0,0,0
2008-02-18 10:00:00+00:00,30,2,10,82.98812866210938,,0,0,0,0,0,0,0,0,0,1,1,1,1,1,1,1,1,0,0,0,0,0,0,0,0
2008-02-18 10:00:00+00:00,30,2,10,242.37142944335938,,0,0,0,0,0,0,0,0,0,0,0,0,0,0,1,1,1,0,0,0,0,0,0,0,0
2008-02-18 10:00:00+00:00,30,2,10,286.72552490234375,,0,0,0,0,0,0,0,0,0,0,0,0,0,0,0,1,1,0,0,0,0,0,0,0,0
2008-02-18 10:00:00+00:00,30,2,10,60.653709411621094,49.527793884277344,0,0,0,0,0,0,0,0,1,1,1,1,1,1,1,1,1,0,0,0,0,0,0,1,1
2008-02-18 10:00:00+00:00,30,2,10,401.9775085449219,373.8420715332031,0,0,0,0,0,0,0,0,0,0,0,0,0,0,0,0,0,0,0,0,0,0,0,0,0
2008-02-18 10:00:00+00:00,30,2,10,229.2413330078125,,0,0,0,0,0,0,0,0,0,0,0,0,0,0,1,1,1,0,0,0,0,0,0,0,0
2008-02-18 10:00:00+00:00,30,2,10,290.2695617675781,250.15399169921875,0,0,0,0,0,0,0,0,0,0,0,0,0,0,0,1,1,0,0,0,0,0,0,0,0
2008-02-18 10:00:00+00:00,30,2,10,303.9316101074219,270.37322998046875,0,0,0,0,0,0,0,0,0,0,0,0,0,0,0,0,1,0,0,0,0,0,0,0,0
2008-02-18 10:00:00+00:00,30,2,10,262.30108642578125,242.31069946289062,0,0,0,0,0,0,0,0,0,0,0,0,0,0,0,1,1,0,0,0,0,0,0,0,0
2008-02-18 10:00:00+00:00,30,2,10,235.2076873779297,122.83430480957031,0,0,0,0,0,0,0,0,0,0,0,0,0,0,1,1,1,0,0,0,0,0,0,0,0
2008-02-18 10:00:00+00:00,30,2,10,288.1170349121094,144.89356994628906,0,0,0,0,0,0,0,0,0,0,0,0,0,0,0,1,1,0,0,0,0,0,0,0,0
2008-02-18 10:00:00+00:00,30,2,10,303.18023681640625,129.01841735839844,0,0,0,0,0,0,0,0,0,0,0,0,0,0,0,0,1,0,0,0,0,0,0,0,0
2008-02-18 10:00:00+00:00,30,2,10,180.0115509033203,250.3265380859375,0,0,0,0,0,0,0,0,0,0,0,0,0,1,1,1,1,0,0,0,0,0,0,0,0
2008-02-18 10:00:00+00:00,30,2,10,141.05145263671875,125.36979675292969,0,0,0,0,0,0,0,0,0,0,0,1,1,1,1,1,1,0,0,0,0,0,0,0,0
2008-02-18 10:00:00+00:00,30,2,10,,,0,0,0,0,0,0,0,0,0,0,0,0,0,0,0,0,0,0,0,0,0,0,0,0,0
2008-02-18 10:00:00+00:00,30,2,10,461.4278564453125,128.16673278808594,0,0,0,0,0,0,0,0,0,0,0,0,0,0,0,0,0,0,0,0,0,0,0,0,0
2008-02-18 10:00:00+00:00,30,2,10,220.8154754638672,56.65218734741211,0,0,0,0,0,0,0,0,0,0,0,0,0,0,1,1,1,0,0,0,0,0,0,0,1
2008-02-18 10:00:00+00:00,30,2,10,51.40583801269531,47.994144439697266,0,0,0,0,0,0,0,1,1,1,1,1,1,1,1,1,1,0,0,0,0,0,0,1,1
2008-02-18 10:00:00+00:00,30,2,10,100.63992309570312,0.0,0,0,0,0,0,0,0,0,0,0,1,1,1,1,1,1,1,1,1,1,1,1,1,1,1
2008-02-18 10:00:00+00:00,30,2,10,,,0,0,0,0,0,0,0,0,0,0,0,0,0,0,0,0,0,0,0,0,0,0,0,0,0
2008-02-18 10:00:00+00:00,30,2,10,461.49285888671875,3.1356327533721924,0,0,0,0,0,0,0,0,0,0,0,0,0,0,0,0,0,1,1,1,1,1,1,1,1
2008-02-18 10:00:00+00:00,30,2,10,,,0,0,0,0,0,0,0,0,0,0,0,0,0,0,0,0,0,0,0,0,0,0,0,0,0
2008-02-18 10:00:00+00:00,30,2,10,341.63604736328125,236.46377563476562,0,0,0,0,0,0,0,0,0,0,0,0,0,0,0,0,1,0,0,0,0,0,0,0,0
2008-02-18 10:00:00+00:00,30,2,10,57.65137481689453,29.214435577392578,0,0,0,0,0,0,0,1,1,1,1,1,1,1,1,1,1,0,0,0,0,1,1,1,1
2008-02-18 10:00:00+00:00,30,2,10,338.631591796875,281.82061767578125,0,0,0,0,0,0,0,0,0,0,0,0,0,0,0,0,1,0,0,0,0,0,0,0,0
2008-02-18 10:00:00+00:00,30,2,10,,75.11978912353516,0,0,0,0,0,0,0,0,0,0,0,0,0,0,0,0,0,0,0,0,0,0,0,0,0
2008-02-18 10:15:00+00:00,30,2,10,,,0,0,0,0,0,0,0,0,0,0,0,0,0,0,0,0,0,0,0,0,0,0,0,0,0
2008-02-18 10:15:00+00:00,30,2,10,,,0,0,0,0,0,0,0,0,0,0,0,0,0,0,0,0,0,0,0,0,0,0,0,0,0
2008-02-18 10:15:00+00:00,30,2,10,,,0,0,0,0,0,0,0,0,0,0,0,0,0,0,0,0,0,0,0,0,0,0,0,0,0
2008-02-18 10:15:00+00:00,30,2,10,,,0,0,0,0,0,0,0,0,0,0,0,0,0,0,0,0,0,0,0,0,0,0,0,0,0
2008-02-18 10:15:00+00:00,30,2,10,,,0,0,0,0,0,0,0,0,0,0,0,0,0,0,0,0,0,0,0,0,0,0,0,0,0
2008-02-18 10:15:00+00:00,30,2,10,,,0,0,0,0,0,0,0,0,0,0,0,0,0,0,0,0,0,0,0,0,0,0,0,0,0
2008-02-18 10:15:00+00:00,30,2,10,,,0,0,0,0,0,0,0,0,0,0,0,0,0,0,0,0,0,0,0,0,0,0,0,0,0
2008-02-18 10:15:00+00:00,30,2,10,,,0,0,0,0,0,0,0,0,0,0,0,0,0,0,0,0,0,0,0,0,0,0,0,0,0
2008-02-18 10:15:00+00:00,30,2,10,,,0,0,0,0,0,0,0,0,0,0,0,0,0,0,0,0,0,0,0,0,0,0,0,0,0
2008-02-18 10:15:00+00:00,30,2,10,,505.27215576171875,0,0,0,0,0,0,0,0,0,0,0,0,0,0,0,0,0,0,0,0,0,0,0,0,0
2008-02-18 10:15:00+00:00,30,2,10,,,0,0,0,0,0,0,0,0,0,0,0,0,0,0,0,0,0,0,0,0,0,0,0,0,0
2008-02-18 10:15:00+00:00,30,2,10,290.6167297363281,280.930419921875,0,0,0,0,0,0,0,0,0,0,0,0,0,0,0,1,1,0,0,0,0,0,0,0,0
2008-02-18 10:15:00+00:00,30,2,10,,,0,0,0,0,0,0,0,0,0,0,0,0,0,0,0,0,0,0,0,0,0,0,0,0,0
2008-02-18 10:15:00+00:00,30,2,10,352.72198486328125,85.1947021484375,0,0,0,0,0,0,0,0,0,0,0,0,0,0,0,0,0,0,0,0,0,0,0,0,0
2008-02-18 10:15:00+00:00,30,2,10,435.83294677734375,221.09402465820312,0,0,0,0,0,0,0,0,0,0,0,0,0,0,0,0,0,0,0,0,0,0,0,0,0
2008-02-18 10:15:00+00:00,30,2,10,397.41363525390625,279.891845703125,0,0,0,0,0,0,0,0,0,0,0,0,0,0,0,0,0,0,0,0,0,0,0,0,0
2008-02-18 10:15:00+00:00,30,2,10,122.99053955078125,141.1372528076172,0,0,0,0,0,0,0,0,0,0,0,1,1,1,1,1,1,0,0,0,0,0,0,0,0
2008-02-18 10:15:00+00:00,30,2,10,169.65982055664062,94.2262954711914,0,0,0,0,0,0,0,0,0,0,0,0,1,1,1,1,1,0,0,0,0,0,0,0,0
2008-02-18 10:15:00+00:00,30,2,10,265.0498962402344,78.31266784667969,0,0,0,0,0,0,0,0,0,0,0,0,0,0,0,1,1,0,0,0,0,0,0,0,0
2008-02-18 10:15:00+00:00,30,2,10,293.06842041015625,76.65478515625,0,0,0,0,0,0,0,0,0,0,0,0,0,0,0,1,1,0,0,0,0,0,0,0,0
2008-02-18 10:15:00+00:00,30,2,10,,216.25228881835938,0,0,0,0,0,0,0,0,0,0,0,0,0,0,0,0,0,0,0,0,0,0,0,0,0
2008-02-18 10:15:00+00:00,30,2,10,203.56918334960938,137.79823303222656,0,0,0,0,0,0,0,0,0,0,0,0,0,0,1,1,1,0,0,0,0,0,0,0,0
2008-02-18 10:15:00+00:00,30,2,10,63.78791809082031,29.232376098632812,0,0,0,0,0,0,0,0,1,1,1,1,1,1,1,1,1,0,0,0,0,1,1,1,1
2008-02-18 10:15:00+00:00,30,2,10,,75.50618743896484,0,0,0,0,0,0,0,0,0,0,0,0,0,0,0,0,0,0,0,0,0,0,0,0,0
2008-02-18 10:15:00+00:00,30,2,10,163.96209716796875,137.4573211669922,0,0,0,0,0,0,0,0,0,0,0,0,1,1,1,1,1,0,0,0,0,0,0,0,0
2008-02-18 10:15:00+00:00,30,2,10,63.84635543823242,37.55140686035156,0,0,0,0,0,0,0,0,1,1,1,1,1,1,1,1,1,0,0,0,0,0,1,1,1
2008-02-18 10:15:00+00:00,30,2,10,79.22523498535156,0.0,0,0,0,0,0,0,0,0,1,1,1,1,1,1,1,1,1,1,1,1,1,1,1,1,1
2008-02-18 10:15:00+00:00,30,2,10,137.75596618652344,59.94669723510742,0,0,0,0,0,0,0,0,0,0,0,1,1,1,1,1,1,0,0,0,0,0,0,0,1
2008-02-18 10:15:00+00:00,30,2,10,,190.17221069335938,0,0,0,0,0,0,0,0,0,0,0,0,0,0,0,0,0,0,0,0,0,0,0,0,0
2008-02-18 10:15:00+00:00,30,2,10,291.30450439453125,191.3314666748047,0,0,0,0,0,0,0,0,0,0,0,0,0,0,0,1,1,0,0,0,0,0,0,0,0
2008-02-18 10:15:00+00:00,30,2,10,58.09120559692383,19.387001037597656,0,0,0,0,0,0,0,1,1,1,1,1,1,1,1,1,1,0,0,1,1,1,1,1,1
2008-02-18 10:15:00+00:00,30,2,10,284.485107421875,207.36477661132812,0,0,0,0,0,0,0,0,0,0,0,0,0,0,0,1,1,0,0,0,0,0,0,0,0
2008-02-18 10:15:00+00:00,30,2,10,275.93017578125,210.0904541015625,0,0,0,0,0,0,0,0,0,0,0,0,0,0,0,1,1,0,0,0,0,0,0,0,0
2008-02-18 10:15:00+00:00,30,2,10,326.5093078613281,254.5572509765625,0,0,0,0,0,0,0,0,0,0,0,0,0,0,0,0,1,0,0,0,0,0,0,0,0
2008-02-18 10:15:00+00:00,30,2,10,303.0569763183594,298.58819580078125,0,0,0,0,0,0,0,0,0,0,0,0,0,0,0,0,1,0,0,0,0,0,0,0,0
2008-02-18 10:15:00+00:00,30,2,10,65.56809997558594,84.41522216796875,0,0,0,0,0,0,0,0,1,1,1,1,1,1,1,1,1,0,0,0,0,0,0,0,0
2008-02-18 10:30:00+00:00,30,2,10,,,0,0,0,0,0,0,0,0,0,0,0,0,0,0,0,0,0,0,0,0,0,0,0,0,0
2008-02-18 10:30:00+00:00,30,2,10,,,0,0,0,0,0,0,0,0,0,0,0,0,0,0,0,0,0,0,0,0,0,0,0,0,0
2008-02-18 10:30:00+00:00,30,2,10,,,0,0,0,0,0,0,0,0,0,0,0,0,0,0,0,0,0,0,0,0,0,0,0,0,0
2008-02-18 10:30:00+00:00,30,2,10,234.7550811767578,127.85696411132812,0,0,0,0,0,0,0,0,0,0,0,0,0,0,1,1,1,0,0,0,0,0,0,0,0
2008-02-18 10:30:00+00:00,30,2,10,159.29808044433594,152.06417846679688,0,0,0,0,0,0,0,0,0,0,0,0,1,1,1,1,1,0,0,0,0,0,0,0,0
2008-02-18 10:30:00+00:00,30,2,10,163.6012420654297,99.94718170166016,0,0,0,0,0,0,0,0,0,0,0,0,1,1,1,1,1,0,0,0,0,0,0,0,0
2008-02-18 10:30:00+00:00,30,2,10,168.83926391601562,69.96863555908203,0,0,0,0,0,0,0,0,0,0,0,0,1,1,1,1,1,0,0,0,0,0,0,0,0
2008-02-18 10:30:00+00:00,30,2,10,293.0533142089844,192.5142822265625,0,0,0,0,0,0,0,0,0,0,0,0,0,0,0,1,1,0,0,0,0,0,0,0,0
2008-02-18 10:30:00+00:00,30,2,10,63.17742156982422,65.7589111328125,0,0,0,0,0,0,0,0,1,1,1,1,1,1,1,1,1,0,0,0,0,0,0,0,0
2008-02-18 10:30:00+00:00,30,2,10,186.2094268798828,104.41888427734375,0,0,0,0,0,0,0,0,0,0,0,0,0,1,1,1,1,0,0,0,0,0,0,0,0
2008-02-18 10:30:00+00:00,30,2,10,96.04316711425781,33.750240325927734,0,0,0,0,0,0,0,0,0,1,1,1,1,1,1,1,1,0,0,0,0,0,1,1,1
2008-02-18 10:30:00+00:00,30,2,10,49.65529251098633,46.334381103515625,0,0,0,0,0,0,1,1,1,1,1,1,1,1,1,1,1,0,0,0,0,0,0,1,1
2008-02-18 10:30:00+00:00,30,2,10,112.0684814453125,121.34772491455078,0,0,0,0,0,0,0,0,0,0,1,1,1,1,1,1,1,0,0,0,0,0,0,0,0
2008-02-18 10:30:00+00:00,30,2,10,53.314697265625,0.0,0,0,0,0,0,0,0,1,1,1,1,1,1,1,1,1,1,1,1,1,1,1,1,1,1
2008-02-18 10:30:00+00:00,30,2,10,,225.37005615234375,0,0,0,0,0,0,0,0,0,0,0,0,0,0,0,0,0,0,0,0,0,0,0,0,0
2008-02-18 10:30:00+00:00,30,2,10,81.57476806640625,62.24785232543945,0,0,0,0,0,0,0,0,0,1,1,1,1,1,1,1,1,0,0,0,0,0,0,0,0
2008-02-18 10:30:00+00:00,30,2,10,56.38130187988281,37.90378189086914,0,0,0,0,0,0,0,1,1,1,1,1,1,1,1,1,1,0,0,0,0,0,1,1,1
2008-02-18 10:30:00+00:00,30,2,10,224.3363037109375,174.3350372314453,0,0,0,0,0,0,0,0,0,0,0,0,0,0,1,1,1,0,0,0,0,0,0,0,0
2008-02-18 10:30:00+00:00,30,2,10,273.4900207519531,109.4314193725586,0,0,0,0,0,0,0,0,0,0,0,0,0,0,0,1,1,0,0,0,0,0,0,0,0
2008-02-18 10:30:00+00:00,30,2,10,73.24380493164062,352.71923828125,0,0,0,0,0,0,0,0,1,1,1,1,1,1,1,1,1,0,0,0,0,0,0,0,0
2008-02-18 10:45:00+00:00,30,2,10,,,0,0,0,0,0,0,0,0,0,0,0,0,0,0,0,0,0,0,0,0,0,0,0,0,0
2008-02-18 10:45:00+00:00,30,2,10,,353.7041320800781,0,0,0,0,0,0,0,0,0,0,0,0,0,0,0,0,0,0,0,0,0,0,0,0,0
2008-02-18 10:45:00+00:00,30,2,10,,344.7879638671875,0,0,0,0,0,0,0,0,0,0,0,0,0,0,0,0,0,0,0,0,0,0,0,0,0
2008-02-18 10:45:00+00:00,30,2,10,,148.41741943359375,0,0,0,0,0,0,0,0,0,0,0,0,0,0,0,0,0,0,0,0,0,0,0,0,0
2008-02-18 10:45:00+00:00,30,2,10,,379.0520324707031,0,0,0,0,0,0,0,0,0,0,0,0,0,0,0,0,0,0,0,0,0,0,0,0,0
2008-02-18 10:45:00+00:00,30,2,10,,87.67967224121094,0,0,0,0,0,0,0,0,0,0,0,0,0,0,0,0,0,0,0,0,0,0,0,0,0
2008-02-18 10:45:00+00:00,30,2,10,,272.9713439941406,0,0,0,0,0,0,0,0,0,0,0,0,0,0,0,0,0,0,0,0,0,0,0,0,0
2008-02-18 10:45:00+00:00,30,2,10,,,0,0,0,0,0,0,0,0,0,0,0,0,0,0,0,0,0,0,0,0,0,0,0,0,0
2008-02-18 10:45:00+00:00,30,2,10,157.3319549560547,161.81068420410156,0,0,0,0,0,0,0,0,0,0,0,0,1,1,1,1,1,0,0,0,0,0,0,0,0
2008-02-18 10:45:00+00:00,30,2,10,205.2267608642578,126.23424530029297,0,0,0,0,0,0,0,0,0,0,0,0,0,0,1,1,1,0,0,0,0,0,0,0,0
2008-02-18 10:45:00+00:00,30,2,10,172.71102905273438,94.60626220703125,0,0,0,0,0,0,0,0,0,0,0,0,1,1,1,1,1,0,0,0,0,0,0,0,0
2008-02-18 10:45:00+00:00,30,2,10,292.9212646484375,185.49795532226562,0,0,0,0,0,0,0,0,0,0,0,0,0,0,0,1,1,0,0,0,0,0,0,0,0
2008-02-18 10:45:00+00:00,30,2,10,85.14094543457031,99.6520767211914,0,0,0,0,0,0,0,0,0,1,1,1,1,1,1,1,1,0,0,0,0,0,0,0,0
2008-02-18 10:45:00+00:00,30,2,10,200.59934997558594,171.3021240234375,0,0,0,0,0,0,0,0,0,0,0,0,0,0,1,1,1,0,0,0,0,0,0,0,0
2008-02-18 10:45:00+00:00,30,2,10,89.01365661621094,76.0529556274414,0,0,0,0,0,0,0,0,0,1,1,1,1,1,1,1,1,0,0,0,0,0,0,0,0
2008-02-18 10:45:00+00:00,30,2,10,71.39778137207031,52.41044998168945,0,0,0,0,0,0,0,0,1,1,1,1,1,1,1,1,1,0,0,0,0,0,0,0,1
2008-02-18 10:45:00+00:00,30,2,10,89.30619812011719,92.62603759765625,0,0,0,0,0,0,0,0,0,1,1,1,1,1,1,1,1,0,0,0,0,0,0,0,0
2008-02-18 10:45:00+00:00,30,2,10,161.2928466796875,72.46784210205078,0,0,0,0,0,0,0,0,0,0,0,0,1,1,1,1,1,0,0,0,0,0,0,0,0
2008-02-18 10:45:00+00:00,30,2,10,41.95021057128906,0.0,0,0,0,0,0,0,1,1,1,1,1,1,1,1,1,1,1,1,1,1,1,1,1,1,1
2008-02-18 10:45:00+00:00,30,2,10,243.02114868164062,221.55209350585938,0,0,0,0,0,0,0,0,0,0,0,0,0,0,1,1,1,0,0,0,0,0,0,0,0
2008-02-18 11:00:00+00:00,30,2,11,,,0,0,0,0,0,0,0,0,0,0,0,0,0,0,0,0,0,0,0,0,0,0,0,0,0
2008-02-18 11:00:00+00:00,30,2,11,,,0,0,0,0,0,0,0,0,0,0,0,0,0,0,0,0,0,0,0,0,0,0,0,0,0
2008-02-18 11:00:00+00:00,30,2,11,,,0,0,0,0,0,0,0,0,0,0,0,0,0,0,0,0,0,0,0,0,0,0,0,0,0
2008-02-18 11:00:00+00:00,30,2,11,,,0,0,0,0,0,0,0,0,0,0,0,0,0,0,0,0,0,0,0,0,0,0,0,0,0
2008-02-18 11:00:00+00:00,30,2,11,242.9486541748047,175.99740600585938,0,0,0,0,0,0,0,0,0,0,0,0,0,0,1,1,1,0,0,0,0,0,0,0,0
2008-02-18 11:00:00+00:00,30,2,11,77.63663482666016,50.326080322265625,0,0,0,0,0,0,0,0,1,1,1,1,1,1,1,1,1,0,0,0,0,0,0,0,1
2008-02-18 11:00:00+00:00,30,2,11,142.02633666992188,102.97376251220703,0,0,0,0,0,0,0,0,0,0,0,1,1,1,1,1,1,0,0,0,0,0,0,0,0
2008-02-18 11:00:00+00:00,30,2,11,85.18215942382812,97.22282409667969,0,0,0,0,0,0,0,0,0,1,1,1,1,1,1,1,1,0,0,0,0,0,0,0,0
2008-02-18 11:00:00+00:00,30,2,11,113.98016357421875,48.26559066772461,0,0,0,0,0,0,0,0,0,0,1,1,1,1,1,1,1,0,0,0,0,0,0,1,1
2008-02-18 11:00:00+00:00,30,2,11,115.47484588623047,104.76253509521484,0,0,0,0,0,0,0,0,0,0,1,1,1,1,1,1,1,0,0,0,0,0,0,0,0
2008-02-18 11:00:00+00:00,30,2,11,61.08647537231445,128.05679321289062,0,0,0,0,0,0,0,0,1,1,1,1,1,1,1,1,1,0,0,0,0,0,0,0,0
2008-02-18 11:00:00+00:00,30,2,11,261.6761169433594,217.31015014648438,0,0,0,0,0,0,0,0,0,0,0,0,0,0,0,1,1,0,0,0,0,0,0,0,0
2008-02-18 11:00:00+00:00,30,2,11,115.96768188476562,133.76239013671875,0,0,0,0,0,0,0,0,0,0,1,1,1,1,1,1,1,0,0,0,0,0,0,0,0
2008-02-18 11:00:00+00:00,30,2,11,265.08416748046875,280.8833923339844,0,0,0,0,0,0,0,0,0,0,0,0,0,0,0,1,1,0,0,0,0,0,0,0,0
2008-02-18 11:00:00+00:00,30,2,11,132.97593688964844,122.46825408935547,0,0,0,0,0,0,0,0,0,0,0,1,1,1,1,1,1,0,0,0,0,0,0,0,0
2008-02-18 11:00:00+00:00,30,2,11,245.23390197753906,229.88128662109375,0,0,0,0,0,0,0,0,0,0,0,0,0,0,1,1,1,0,0,0,0,0,0,0,0
2008-02-18 11:00:00+00:00,30,2,11,333.10186767578125,317.4695129394531,0,0,0,0,0,0,0,0,0,0,0,0,0,0,0,0,1,0,0,0,0,0,0,0,0
2008-02-18 11:00:00+00:00,30,2,11,241.5413360595703,219.94992065429688,0,0,0,0,0,0,0,0,0,0,0,0,0,0,1,1,1,0,0,0,0,0,0,0,0
2008-02-18 11:00:00+00:00,30,2,11,120.24805450439453,86.2681655883789,0,0,0,0,0,0,0,0,0,0,0,1,1,1,1,1,1,0,0,0,0,0,0,0,0
2008-02-18 11:00:00+00:00,30,2,11,167.78074645996094,156.02809143066406,0,0,0,0,0,0,0,0,0,0,0,0,1,1,1,1,1,0,0,0,0,0,0,0,0
2008-02-18 11:00:00+00:00,30,2,11,350.38067626953125,319.0233154296875,0,0,0,0,0,0,0,0,0,0,0,0,0,0,0,0,0,0,0,0,0,0,0,0,0
2008-02-18 11:15:00+00:00,30,2,11,,,0,0,0,0,0,0,0,0,0,0,0,0,0,0,0,0,0,0,0,0,0,0,0,0,0
2008-02-18 11:15:00+00:00,30,2,11,355.52581787109375,333.010986328125,0,0,0,0,0,0,0,0,0,0,0,0,0,0,0,0,0,0,0,0,0,0,0,0,0
2008-02-18 11:15:00+00:00,30,2,11,320.6849060058594,296.3813781738281,0,0,0,0,0,0,0,0,0,0,0,0,0,0,0,0,1,0,0,0,0,0,0,0,0
2008-02-18 11:15:00+00:00,30,2,11,314.94268798828125,302.050048828125,0,0,0,0,0,0,0,0,0,0,0,0,0,0,0,0,1,0,0,0,0,0,0,0,0
2008-02-18 11:15:00+00:00,30,2,11,130.8378448486328,142.72390747070312,0,0,0,0,0,0,0,0,0,0,0,1,1,1,1,1,1,0,0,0,0,0,0,0,0
2008-02-18 11:15:00+00:00,30,2,11,194.21734619140625,137.64833068847656,0,0,0,0,0,0,0,0,0,0,0,0,0,1,1,1,1,0,0,0,0,0,0,0,0
2008-02-18 11:15:00+00:00,30,2,11,278.0340270996094,281.3023986816406,0,0,0,0,0,0,0,0,0,0,0,0,0,0,0,1,1,0,0,0,0,0,0,0,0
2008-02-18 11:15:00+00:00,30,2,11,100.53936767578125,160.0855255126953,0,0,0,0,0,0,0,0,0,0,1,1,1,1,1,1,1,0,0,0,0,0,0,0,0
2008-02-18 11:15:00+00:00,30,2,11,94.77935791015625,9.689674377441406,0,0,0,0,0,0,0,0,0,1,1,1,1,1,1,1,1,1,1,1,1,1,1,1,1
2008-02-18 11:15:00+00:00,30,2,11,140.77210998535156,119.33170318603516,0,0,0,0,0,0,0,0,0,0,0,1,1,1,1,1,1,0,0,0,0,0,0,0,0
2008-02-18 11:15:00+00:00,30,2,11,291.6163024902344,288.41314697265625,0,0,0,0,0,0,0,0,0,0,0,0,0,0,0,1,1,0,0,0,0,0,0,0,0
2008-02-18 11:15:00+00:00,30,2,11,104.79462432861328,102.20040130615234,0,0,0,0,0,0,0,0,0,0,1,1,1,1,1,1,1,0,0,0,0,0,0,0,0
2008-02-18 11:15:00+00:00,30,2,11,106.52312469482422,89.11555480957031,0,0,0,0,0,0,0,0,0,0,1,1,1,1,1,1,1,0,0,0,0,0,0,0,0
2008-02-18 11:15:00+00:00,30,2,11,78.65228271484375,42.17514419555664,0,0,0,0,0,0,0,0,1,1,1,1,1,1,1,1,1,0,0,0,0,0,0,1,1
2008-02-18 11:15:00+00:00,30,2,11,63.06016159057617,0.0,0,0,0,0,0,0,0,0,1,1,1,1,1,1,1,1,1,1,1,1,1,1,1,1,1
2008-02-18 11:15:00+00:00,30,2,11,63.97431182861328,31.501943588256836,0,0,0,0,0,0,0,0,1,1,1,1,1,1,1,1,1,0,0,0,0,0,1,1,1
2008-02-18 11:15:00+00:00,30,2,11,179.68829345703125,211.9061279296875,0,0,0,0,0,0,0,0,0,0,0,0,1,1,1,1,1,0,0,0,0,0,0,0,0
2008-02-18 11:15:00+00:00,30,2,11,205.36752319335938,123.85543823242188,0,0,0,0,0,0,0,0,0,0,0,0,0,0,1,1,1,0,0,0,0,0,0,0,0
2008-02-18 11:15:00+00:00,30,2,11,141.109619140625,6.237514019012451,0,0,0,0,0,0,0,0,0,0,0,1,1,1,1,1,1,1,1,1,1,1,1,1,1
2008-02-18 11:15:00+00:00,30,2,11,579.05712890625,395.4499816894531,0,0,0,0,0,0,0,0,0,0,0,0,0,0,0,0,0,0,0,0,0,0,0,0,0
2008-02-18 11:15:00+00:00,30,2,11,95.45822143554688,108.90394592285156,0,0,0,0,0,0,0,0,0,1,1,1,1,1,1,1,1,0,0,0,0,0,0,0,0
2008-02-18 11:15:00+00:00,30,2,11,305.2620849609375,71.56550598144531,0,0,0,0,0,0,0,0,0,0,0,0,0,0,0,0,1,0,0,0,0,0,0,0,0
2008-02-18 11:15:00+00:00,30,2,11,103.33194732666016,73.1337890625,0,0,0,0,0,0,0,0,0,0,1,1,1,1,1,1,1,0,0,0,0,0,0,0,0
2008-02-18 11:15:00+00:00,30,2,11,135.76490783691406,84.1546859741211,0,0,0,0,0,0,0,0,0,0,0,1,1,1,1,1,1,0,0,0,0,0,0,0,0
2008-02-18 11:15:00+00:00,30,2,11,162.5612335205078,73.44462585449219,0,0,0,0,0,0,0,0,0,0,0,0,1,1,1,1,1,0,0,0,0,0,0,0,0
2008-02-18 11:15:00+00:00,30,2,11,226.16131591796875,0.0,0,0,0,0,0,0,0,0,0,0,0,0,0,0,1,1,1,1,1,1,1,1,1,1,1
2008-02-18 11:30:00+00:00,30,2,11,,,0,0,0,0,0,0,0,0,0,0,0,0,0,0,0,0,0,0,0,0,0,0,0,0,0
2008-02-18 11:30:00+00:00,30,2,11,,407.2732238769531,0,0,0,0,0,0,0,0,0,0,0,0,0,0,0,0,0,0,0,0,0,0,0,0,0
2008-02-18 11:30:00+00:00,30,2,11,,364.8853759765625,0,0,0,0,0,0,0,0,0,0,0,0,0,0,0,0,0,0,0,0,0,0,0,0,0
2008-02-18 11:30:00+00:00,30,2,11,,,0,0,0,0,0,0,0,0,0,0,0,0,0,0,0,0,0,0,0,0,0,0,0,0,0
2008-02-18 11:30:00+00:00,30,2,11,404.69366455078125,290.4765319824219,0,0,0,0,0,0,0,0,0,0,0,0,0,0,0,0,0,0,0,0,0,0,0,0,0
2008-02-18 11:30:00+00:00,30,2,11,273.6440734863281,268.0867919921875,0,0,0,0,0,0,0,0,0,0,0,0,0,0,0,1,1,0,0,0,0,0,0,0,0
2008-02-18 11:30:00+00:00,30,2,11,172.1791229248047,143.65724182128906,0,0,0,0,0,0,0,0,0,0,0,0,1,1,1,1,1,0,0,0,0,0,0,0,0
2008-02-18 11:30:00+00:00,30,2,11,92.1852798461914,73.5655746459961,0,0,0,0,0,0,0,0,0,1,1,1,1,1,1,1,1,0,0,0,0,0,0,0,0
2008-02-18 11:30:00+00:00,30,2,11,231.15162658691406,125.45157623291016,0,0,0,0,0,0,0,0,0,0,0,0,0,0,1,1,1,0,0,0,0,0,0,0,0
2008-02-18 11:30:00+00:00,30,2,11,88.89875030517578,82.90137481689453,0,0,0,0,0,0,0,0,0,1,1,1,1,1,1,1,1,0,0,0,0,0,0,0,0
2008-02-18 11:30:00+00:00,30,2,11,382.1893005371094,414.01177978515625,0,0,0,0,0,0,0,0,0,0,0,0,0,0,0,0,0,0,0,0,0,0,0,0,0
2008-02-18 11:30:00+00:00,30,2,11,95.51908111572266,75.4773178100586,0,0,0,0,0,0,0,0,0,1,1,1,1,1,1,1,1,0,0,0,0,0,0,0,0
2008-02-18 11:30:00+00:00,30,2,11,188.2605438232422,237.4263153076172,0,0,0,0,0,0,0,0,0,0,0,0,0,1,1,1,1,0,0,0,0,0,0,0,0
2008-02-18 11:30:00+00:00,30,2,11,56.09996795654297,60.53361892700195,0,0,0,0,0,0,0,1,1,1,1,1,1,1,1,1,1,0,0,0,0,0,0,0,0
2008-02-18 11:30:00+00:00,30,2,11,151.5946807861328,187.50547790527344,0,0,0,0,0,0,0,0,0,0,0,0,1,1,1,1,1,0,0,0,0,0,0,0,0
2008-02-18 11:30:00+00:00,30,2,11,166.2959747314453,159.047607421875,0,0,0,0,0,0,0,0,0,0,0,0,1,1,1,1,1,0,0,0,0,0,0,0,0
2008-02-18 11:30:00+00:00,30,2,11,57.53052520751953,62.72483825683594,0,0,0,0,0,0,0,1,1,1,1,1,1,1,1,1,1,0,0,0,0,0,0,0,0
2008-02-18 11:30:00+00:00,30,2,11,313.5657043457031,174.3592071533203,0,0,0,0,0,0,0,0,0,0,0,0,0,0,0,0,1,0,0,0,0,0,0,0,0
2008-02-18 11:30:00+00:00,30,2,11,,,0,0,0,0,0,0,0,0,0,0,0,0,0,0,0,0,0,0,0,0,0,0,0,0,0
2008-02-18 11:45:00+00:00,30,2,11,,,0,0,0,0,0,0,0,0,0,0,0,0,0,0,0,0,0,0,0,0,0,0,0,0,0
2008-02-18 11:45:00+00:00,30,2,11,,,0,0,0,0,0,0,0,0,0,0,0,0,0,0,0,0,0,0,0,0,0,0,0,0,0
2008-02-18 11:45:00+00:00,30,2,11,,,0,0,0,0,0,0,0,0,0,0,0,0,0,0,0,0,0,0,0,0,0,0,0,0,0
2008-02-18 11:45:00+00:00,30,2,11,,,0,0,0,0,0,0,0,0,0,0,0,0,0,0,0,0,0,0,0,0,0,0,0,0,0
2008-02-18 11:45:00+00:00,30,2,11,,,0,0,0,0,0,0,0,0,0,0,0,0,0,0,0,0,0,0,0,0,0,0,0,0,0
2008-02-18 11:45:00+00:00,30,2,11,,,0,0,0,0,0,0,0,0,0,0,0,0,0,0,0,0,0,0,0,0,0,0,0,0,0
2008-02-18 11:45:00+00:00,30,2,11,262.06646728515625,263.8197937011719,0,0,0,0,0,0,0,0,0,0,0,0,0,0,0,1,1,0,0,0,0,0,0,0,0
2008-02-18 11:45:00+00:00,30,2,11,290.4504089355469,282.61956787109375,0,0,0,0,0,0,0,0,0,0,0,0,0,0,0,1,1,0,0,0,0,0,0,0,0
2008-02-18 11:45:00+00:00,30,2,11,209.35487365722656,207.45298767089844,0,0,0,0,0,0,0,0,0,0,0,0,0,0,1,1,1,0,0,0,0,0,0,0,0
2008-02-18 11:45:00+00:00,30,2,11,356.72161865234375,191.21658325195312,0,0,0,0,0,0,0,0,0,0,0,0,0,0,0,0,0,0,0,0,0,0,0,0,0
2008-02-18 11:45:00+00:00,30,2,11,103.42652130126953,87.15824890136719,0,0,0,0,0,0,0,0,0,0,1,1,1,1,1,1,1,0,0,0,0,0,0,0,0
2008-02-18 11:45:00+00:00,30,2,11,209.58436584472656,0.0,0,0,0,0,0,0,0,0,0,0,0,0,0,0,1,1,1,1,1,1,1,1,1,1,1
2008-02-18 11:45:00+00:00,30,2,11,344.54058837890625,260.7710266113281,0,0,0,0,0,0,0,0,0,0,0,0,0,0,0,0,1,0,0,0,0,0,0,0,0
2008-02-18 11:45:00+00:00,30,2,11,140.60826110839844,109.13349914550781,0,0,0,0,0,0,0,0,0,0,0,1,1,1,1,1,1,0,0,0,0,0,0,0,0
2008-02-18 11:45:00+00:00,30,2,11,341.30474853515625,238.80648803710938,0,0,0,0,0,0,0,0,0,0,0,0,0,0,0,0,1,0,0,0,0,0,0,0,0
2008-02-18 11:45:00+00:00,30,2,11,182.01260375976562,73.15061950683594,0,0,0,0,0,0,0,0,0,0,0,0,0,1,1,1,1,0,0,0,0,0,0,0,0
2008-02-18 11:45:00+00:00,30,2,11,162.268798828125,0.0,0,0,0,0,0,0,0,0,0,0,0,0,1,1,1,1,1,1,1,1,1,1,1,1,1
2008-02-18 11:45:00+00:00,30,2,11,100.51980590820312,87.57402801513672,0,0,0,0,0,0,0,0,0,0,1,1,1,1,1,1,1,0,0,0,0,0,0,0,0
2008-02-18 11:45:00+00:00,30,2,11,221.9189453125,134.97862243652344,0,0,0,0,0,0,0,0,0,0,0,0,0,0,1,1,1,0,0,0,0,0,0,0,0
2008-02-18 11:45:00+00:00,30,2,11,158.11708068847656,80.55059814453125,0,0,0,0,0,0,0,0,0,0,0,0,1,1,1,1,1,0,0,0,0,0,0,0,0
2008-02-18 11:45:00+00:00,30,2,11,127.70016479492188,136.6217498779297,0,0,0,0,0,0,0,0,0,0,0,1,1,1,1,1,1,0,0,0,0,0,0,0,0
2008-02-18 11:45:00+00:00,30,2,11,28.63903045654297,9.225788116455078,0,0,0,0,1,1,1,1,1,1,1,1,1,1,1,1,1,1,1,1,1,1,1,1,1
2008-02-18 12:00:00+00:00,30,2,12,,,0,0,0,0,0,0,0,0,0,0,0,0,0,0,0,0,0,0,0,0,0,0,0,0,0
2008-02-18 12:00:00+00:00,30,2,12,299.7699890136719,315.96685791015625,0,0,0,0,0,0,0,0,0,0,0,0,0,0,0,1,1,0,0,0,0,0,0,0,0
2008-02-18 12:00:00+00:00,30,2,12,313.5805969238281,320.2802429199219,0,0,0,0,0,0,0,0,0,0,0,0,0,0,0,0,1,0,0,0,0,0,0,0,0
2008-02-18 12:00:00+00:00,30,2,12,118.88895416259766,96.1916275024414,0,0,0,0,0,0,0,0,0,0,1,1,1,1,1,1,1,0,0,0,0,0,0,0,0
2008-02-18 12:00:00+00:00,30,2,12,166.83877563476562,156.42861938476562,0,0,0,0,0,0,0,0,0,0,0,0,1,1,1,1,1,0,0,0,0,0,0,0,0
2008-02-18 12:00:00+00:00,30,2,12,46.203853607177734,20.406837463378906,0,0,0,0,0,0,1,1,1,1,1,1,1,1,1,1,1,0,0,0,1,1,1,1,1
2008-02-18 12:00:00+00:00,30,2,12,66.44918823242188,62.87236022949219,0,0,0,0,0,0,0,0,1,1,1,1,1,1,1,1,1,0,0,0,0,0,0,0,0
2008-02-18 12:00:00+00:00,30,2,12,79.84281921386719,66.11064910888672,0,0,0,0,0,0,0,0,1,1,1,1,1,1,1,1,1,0,0,0,0,0,0,0,0
2008-02-18 12:15:00+00:00,30,2,12,,,0,0,0,0,0,0,0,0,0,0,0,0,0,0,0,0,0,0,0,0,0,0,0,0,0
2008-02-18 12:15:00+00:00,30,2,12,,,0,0,0,0,0,0,0,0,0,0,0,0,0,0,0,0,0,0,0,0,0,0,0,0,0
2008-02-18 12:15:00+00:00,30,2,12,165.0847625732422,223.9361572265625,0,0,0,0,0,0,0,0,0,0,0,0,1,1,1,1,1,0,0,0,0,0,0,0,0
2008-02-18 12:15:00+00:00,30,2,12,96.25264739990234,84.79638671875,0,0,0,0,0,0,0,0,0,1,1,1,1,1,1,1,1,0,0,0,0,0,0,0,0
2008-02-18 12:15:00+00:00,30,2,12,155.41165161132812,164.88223266601562,0,0,0,0,0,0,0,0,0,0,0,0,1,1,1,1,1,0,0,0,0,0,0,0,0
2008-02-18 12:15:00+00:00,30,2,12,217.34152221679688,209.99484252929688,0,0,0,0,0,0,0,0,0,0,0,0,0,0,1,1,1,0,0,0,0,0,0,0,0
2008-02-18 12:15:00+00:00,30,2,12,328.751220703125,323.7940979003906,0,0,0,0,0,0,0,0,0,0,0,0,0,0,0,0,1,0,0,0,0,0,0,0,0
2008-02-18 12:15:00+00:00,30,2,12,,,0,0,0,0,0,0,0,0,0,0,0,0,0,0,0,0,0,0,0,0,0,0,0,0,0
2008-02-18 12:30:00+00:00,30,2,12,,,0,0,0,0,0,0,0,0,0,0,0,0,0,0,0,0,0,0,0,0,0,0,0,0,0
2008-02-18 12:30:00+00:00,30,2,12,,,0,0,0,0,0,0,0,0,0,0,0,0,0,0,0,0,0,0,0,0,0,0,0,0,0
2008-02-18 12:30:00+00:00,30,2,12,,336.04791259765625,0,0,0,0,0,0,0,0,0,0,0,0,0,0,0,0,0,0,0,0,0,0,0,0,0
2008-02-18 12:30:00+00:00,30,2,12,398.9346008300781,120.80260467529297,0,0,0,0,0,0,0,0,0,0,0,0,0,0,0,0,0,0,0,0,0,0,0,0,0
2008-02-18 12:30:00+00:00,30,2,12,85.75439453125,72.20169067382812,0,0,0,0,0,0,0,0,0,1,1,1,1,1,1,1,1,0,0,0,0,0,0,0,0
2008-02-18 12:30:00+00:00,30,2,12,88.31868743896484,114.68585968017578,0,0,0,0,0,0,0,0,0,1,1,1,1,1,1,1,1,0,0,0,0,0,0,0,0
2008-02-18 12:30:00+00:00,30,2,12,180.6685333251953,161.3463592529297,0,0,0,0,0,0,0,0,0,0,0,0,0,1,1,1,1,0,0,0,0,0,0,0,0
2008-02-18 12:30:00+00:00,30,2,12,,,0,0,0,0,0,0,0,0,0,0,0,0,0,0,0,0,0,0,0,0,0,0,0,0,0
2008-02-18 12:45:00+00:00,30,2,12,,,0,0,0,0,0,0,0,0,0,0,0,0,0,0,0,0,0,0,0,0,0,0,0,0,0
2008-02-18 12:45:00+00:00,30,2,12,369.57763671875,313.64117431640625,0,0,0,0,0,0,0,0,0,0,0,0,0,0,0,0,0,0,0,0,0,0,0,0,0
2008-02-18 12:45:00+00:00,30,2,12,253.36521911621094,235.1478271484375,0,0,0,0,0,0,0,0,0,0,0,0,0,0,0,1,1,0,0,0,0,0,0,0,0
2008-02-18 12:45:00+00:00,30,2,12,234.9527130126953,154.61074829101562,0,0,0,0,0,0,0,0,0,0,0,0,0,0,1,1,1,0,0,0,0,0,0,0,0
2008-02-18 12:45:00+00:00,30,2,12,375.3164978027344,230.0911407470703,0,0,0,0,0,0,0,0,0,0,0,0,0,0,0,0,0,0,0,0,0,0,0,0,0
2008-02-18 12:45:00+00:00,30,2,12,283.150146484375,217.020263671875,0,0,0,0,0,0,0,0,0,0,0,0,0,0,0,1,1,0,0,0,0,0,0,0,0
2008-02-18 12:45:00+00:00,30,2,12,133.85340881347656,147.16983032226562,0,0,0,0,0,0,0,0,0,0,0,1,1,1,1,1,1,0,0,0,0,0,0,0,0
2008-02-18 12:45:00+00:00,30,2,12,281.7313537597656,40.14219284057617,0,0,0,0,0,0,0,0,0,0,0,0,0,0,0,1,1,0,0,0,0,0,0,1,1
2008-02-18 12:45:00+00:00,30,2,12,,378.7062072753906,0,0,0,0,0,0,0,0,0,0,0,0,0,0,0,0,0,0,0,0,0,0,0,0,0
2008-02-18 13:00:00+00:00,30,2,13,,,0,0,0,0,0,0,0,0,0,0,0,0,0,0,0,0,0,0,0,0,0,0,0,0,0
2008-02-18 13:00:00+00:00,30,2,13,323.9922790527344,327.48321533203125,0,0,0,0,0,0,0,0,0,0,0,0,0,0,0,0,1,0,0,0,0,0,0,0,0
2008-02-18 13:00:00+00:00,30,2,13,280.7331237792969,288.6453552246094,0,0,0,0,0,0,0,0,0,0,0,0,0,0,0,1,1,0,0,0,0,0,0,0,0
2008-02-18 13:00:00+00:00,30,2,13,274.2777099609375,189.32672119140625,0,0,0,0,0,0,0,0,0,0,0,0,0,0,0,1,1,0,0,0,0,0,0,0,0
2008-02-18 13:00:00+00:00,30,2,13,219.94166564941406,204.2036895751953,0,0,0,0,0,0,0,0,0,0,0,0,0,0,1,1,1,0,0,0,0,0,0,0,0
2008-02-18 13:00:00+00:00,30,2,13,228.43170166015625,237.28469848632812,0,0,0,0,0,0,0,0,0,0,0,0,0,0,1,1,1,0,0,0,0,0,0,0,0
2008-02-18 13:00:00+00:00,30,2,13,98.04656219482422,104.54396057128906,0,0,0,0,0,0,0,0,0,1,1,1,1,1,1,1,1,0,0,0,0,0,0,0,0
2008-02-18 13:00:00+00:00,30,2,13,212.784912109375,97.34358978271484,0,0,0,0,0,0,0,0,0,0,0,0,0,0,1,1,1,0,0,0,0,0,0,0,0
2008-02-18 13:00:00+00:00,30,2,13,263.17596435546875,258.9774475097656,0,0,0,0,0,0,0,0,0,0,0,0,0,0,0,1,1,0,0,0,0,0,0,0,0
2008-02-18 13:00:00+00:00,30,2,13,,204.08349609375,0,0,0,0,0,0,0,0,0,0,0,0,0,0,0,0,0,0,0,0,0,0,0,0,0
2008-02-18 13:00:00+00:00,30,2,13,,312.65380859375,0,0,0,0,0,0,0,0,0,0,0,0,0,0,0,0,0,0,0,0,0,0,0,0,0
2008-02-18 13:15:00+00:00,30,2,13,,490.5112609863281,0,0,0,0,0,0,0,0,0,0,0,0,0,0,0,0,0,0,0,0,0,0,0,0,0
2008-02-18 13:15:00+00:00,30,2,13,,,0,0,0,0,0,0,0,0,0,0,0,0,0,0,0,0,0,0,0,0,0,0,0,0,0
2008-02-18 13:15:00+00:00,30,2,13,,,0,0,0,0,0,0,0,0,0,0,0,0,0,0,0,0,0,0,0,0,0,0,0,0,0
2008-02-18 13:15:00+00:00,30,2,13,,,0,0,0,0,0,0,0,0,0,0,0,0,0,0,0,0,0,0,0,0,0,0,0,0,0
2008-02-18 13:15:00+00:00,30,2,13,80.05931091308594,65.4166488647461,0,0,0,0,0,0,0,0,0,1,1,1,1,1,1,1,1,0,0,0,0,0,0,0,0
2008-02-18 13:15:00+00:00,30,2,13,115.15576934814453,120.0634765625,0,0,0,0,0,0,0,0,0,0,1,1,1,1,1,1,1,0,0,0,0,0,0,0,0
2008-02-18 13:15:00+00:00,30,2,13,62.31447219848633,59.145790100097656,0,0,0,0,0,0,0,0,1,1,1,1,1,1,1,1,1,0,0,0,0,0,0,0,1
2008-02-18 13:15:00+00:00,30,2,13,88.72527313232422,107.26567077636719,0,0,0,0,0,0,0,0,0,1,1,1,1,1,1,1,1,0,0,0,0,0,0,0,0
2008-02-18 13:15:00+00:00,30,2,13,93.96382141113281,11.750475883483887,0,0,0,0,0,0,0,0,0,1,1,1,1,1,1,1,1,0,1,1,1,1,1,1,1
2008-02-18 13:15:00+00:00,30,2,13,232.4192657470703,146.80726623535156,0,0,0,0,0,0,0,0,0,0,0,0,0,0,1,1,1,0,0,0,0,0,0,0,0
2008-02-18 13:15:00+00:00,30,2,13,167.4958953857422,179.49586486816406,0,0,0,0,0,0,0,0,0,0,0,0,1,1,1,1,1,0,0,0,0,0,0,0,0
2008-02-18 13:15:00+00:00,30,2,13,135.77748107910156,137.51913452148438,0,0,0,0,0,0,0,0,0,0,0,1,1,1,1,1,1,0,0,0,0,0,0,0,0
2008-02-18 13:15:00+00:00,30,2,13,207.96820068359375,215.6887664794922,0,0,0,0,0,0,0,0,0,0,0,0,0,0,1,1,1,0,0,0,0,0,0,0,0
2008-02-18 13:15:00+00:00,30,2,13,85.72708129882812,37.909542083740234,0,0,0,0,0,0,0,0,0,1,1,1,1,1,1,1,1,0,0,0,0,0,1,1,1
2008-02-18 13:15:00+00:00,30,2,13,,38.0943603515625,0,0,0,0,0,0,0,0,0,0,0,0,0,0,0,0,0,0,0,0,0,0,1,1,1
2008-02-18 13:15:00+00:00,30,2,13,,247.73934936523438,0,0,0,0,0,0,0,0,0,0,0,0,0,0,0,0,0,0,0,0,0,0,0,0,0
2008-02-18 13:15:00+00:00,30,2,13,236.2296142578125,238.88201904296875,0,0,0,0,0,0,0,0,0,0,0,0,0,0,1,1,1,0,0,0,0,0,0,0,0
2008-02-18 13:30:00+00:00,30,2,13,,521.1251220703125,0,0,0,0,0,0,0,0,0,0,0,0,0,0,0,0,0,0,0,0,0,0,0,0,0
2008-02-18 13:30:00+00:00,30,2,13,349.25927734375,331.73968505859375,0,0,0,0,0,0,0,0,0,0,0,0,0,0,0,0,1,0,0,0,0,0,0,0,0
2008-02-18 13:30:00+00:00,30,2,13,96.83243560791016,81.04632568359375,0,0,0,0,0,0,0,0,0,1,1,1,1,1,1,1,1,0,0,0,0,0,0,0,0
2008-02-18 13:30:00+00:00,30,2,13,129.3308868408203,110.84343719482422,0,0,0,0,0,0,0,0,0,0,0,1,1,1,1,1,1,0,0,0,0,0,0,0,0
2008-02-18 13:30:00+00:00,30,2,13,97.72978973388672,83.6373291015625,0,0,0,0,0,0,0,0,0,1,1,1,1,1,1,1,1,0,0,0,0,0,0,0,0
2008-02-18 13:30:00+00:00,30,2,13,55.1551399230957,54.89729690551758,0,0,0,0,0,0,0,1,1,1,1,1,1,1,1,1,1,0,0,0,0,0,0,0,1
2008-02-18 13:30:00+00:00,30,2,13,83.06230163574219,85.42243957519531,0,0,0,0,0,0,0,0,0,1,1,1,1,1,1,1,1,0,0,0,0,0,0,0,0
2008-02-18 13:30:00+00:00,30,2,13,220.270751953125,200.50746154785156,0,0,0,0,0,0,0,0,0,0,0,0,0,0,1,1,1,0,0,0,0,0,0,0,0
2008-02-18 13:30:00+00:00,30,2,13,61.49229049682617,37.081077575683594,0,0,0,0,0,0,0,0,1,1,1,1,1,1,1,1,1,0,0,0,0,0,1,1,1
2008-02-18 13:30:00+00:00,30,2,13,87.68464660644531,64.00535583496094,0,0,0,0,0,0,0,0,0,1,1,1,1,1,1,1,1,0,0,0,0,0,0,0,0
2008-02-18 13:30:00+00:00,30,2,13,142.4131317138672,133.90744018554688,0,0,0,0,0,0,0,0,0,0,0,1,1,1,1,1,1,0,0,0,0,0,0,0,0
2008-02-18 13:30:00+00:00,30,2,13,215.79583740234375,114.35086059570312,0,0,0,0,0,0,0,0,0,0,0,0,0,0,1,1,1,0,0,0,0,0,0,0,0
2008-02-18 13:30:00+00:00,30,2,13,373.18145751953125,156.2701416015625,0,0,0,0,0,0,0,0,0,0,0,0,0,0,0,0,0,0,0,0,0,0,0,0,0
2008-02-18 13:45:00+00:00,30,2,13,,,0,0,0,0,0,0,0,0,0,0,0,0,0,0,0,0,0,0,0,0,0,0,0,0,0
2008-02-18 13:45:00+00:00,30,2,13,,,0,0,0,0,0,0,0,0,0,0,0,0,0,0,0,0,0,0,0,0,0,0,0,0,0
2008-02-18 13:45:00+00:00,30,2,13,,,0,0,0,0,0,0,0,0,0,0,0,0,0,0,0,0,0,0,0,0,0,0,0,0,0
2008-02-18 13:45:00+00:00,30,2,13,369.31201171875,362.1236267089844,0,0,0,0,0,0,0,0,0,0,0,0,0,0,0,0,0,0,0,0,0,0,0,0,0
2008-02-18 13:45:00+00:00,30,2,13,192.4436492919922,140.01242065429688,0,0,0,0,0,0,0,0,0,0,0,0,0,1,1,1,1,0,0,0,0,0,0,0,0
2008-02-18 13:45:00+00:00,30,2,13,,,0,0,0,0,0,0,0,0,0,0,0,0,0,0,0,0,0,0,0,0,0,0,0,0,0
2008-02-18 13:45:00+00:00,30,2,13,239.75306701660156,237.13894653320312,0,0,0,0,0,0,0,0,0,0,0,0,0,0,1,1,1,0,0,0,0,0,0,0,0
2008-02-18 13:45:00+00:00,30,2,13,207.0454864501953,187.00828552246094,0,0,0,0,0,0,0,0,0,0,0,0,0,0,1,1,1,0,0,0,0,0,0,0,0
2008-02-18 13:45:00+00:00,30,2,13,154.17474365234375,133.8370361328125,0,0,0,0,0,0,0,0,0,0,0,0,1,1,1,1,1,0,0,0,0,0,0,0,0
2008-02-18 13:45:00+00:00,30,2,13,161.94436645507812,153.0125732421875,0,0,0,0,0,0,0,0,0,0,0,0,1,1,1,1,1,0,0,0,0,0,0,0,0
2008-02-18 13:45:00+00:00,30,2,13,96.40314483642578,106.03514862060547,0,0,0,0,0,0,0,0,0,1,1,1,1,1,1,1,1,0,0,0,0,0,0,0,0
2008-02-18 13:45:00+00:00,30,2,13,162.56423950195312,85.767333984375,0,0,0,0,0,0,0,0,0,0,0,0,1,1,1,1,1,0,0,0,0,0,0,0,0
2008-02-18 13:45:00+00:00,30,2,13,430.67071533203125,472.4559020996094,0,0,0,0,0,0,0,0,0,0,0,0,0,0,0,0,0,0,0,0,0,0,0,0,0
2008-02-18 13:45:00+00:00,30,2,13,,,0,0,0,0,0,0,0,0,0,0,0,0,0,0,0,0,0,0,0,0,0,0,0,0,0
2008-02-18 14:00:00+00:00,30,2,14,,,0,0,0,0,0,0,0,0,0,0,0,0,0,0,0,0,0,0,0,0,0,0,0,0,0
2008-02-18 14:00:00+00:00,30,2,14,367.32293701171875,334.85919189453125,0,0,0,0,0,0,0,0,0,0,0,0,0,0,0,0,0,0,0,0,0,0,0,0,0
2008-02-18 14:00:00+00:00,30,2,14,121.69619750976562,114.01364135742188,0,0,0,0,0,0,0,0,0,0,0,1,1,1,1,1,1,0,0,0,0,0,0,0,0
2008-02-18 14:00:00+00:00,30,2,14,109.91832733154297,116.04247283935547,0,0,0,0,0,0,0,0,0,0,1,1,1,1,1,1,1,0,0,0,0,0,0,0,0
2008-02-18 14:00:00+00:00,30,2,14,212.42578125,207.6016387939453,0,0,0,0,0,0,0,0,0,0,0,0,0,0,1,1,1,0,0,0,0,0,0,0,0
2008-02-18 14:00:00+00:00,30,2,14,71.82752990722656,179.19161987304688,0,0,0,0,0,0,0,0,1,1,1,1,1,1,1,1,1,0,0,0,0,0,0,0,0
2008-02-18 14:00:00+00:00,30,2,14,255.71517944335938,242.05213928222656,0,0,0,0,0,0,0,0,0,0,0,0,0,0,0,1,1,0,0,0,0,0,0,0,0
2008-02-18 14:00:00+00:00,30,2,14,340.1924133300781,348.8805847167969,0,0,0,0,0,0,0,0,0,0,0,0,0,0,0,0,1,0,0,0,0,0,0,0,0
2008-02-18 14:15:00+00:00,30,2,14,,,0,0,0,0,0,0,0,0,0,0,0,0,0,0,0,0,0,0,0,0,0,0,0,0,0
2008-02-18 14:15:00+00:00,30,2,14,,,0,0,0,0,0,0,0,0,0,0,0,0,0,0,0,0,0,0,0,0,0,0,0,0,0
2008-02-18 14:15:00+00:00,30,2,14,,,0,0,0,0,0,0,0,0,0,0,0,0,0,0,0,0,0,0,0,0,0,0,0,0,0
2008-02-18 14:15:00+00:00,30,2,14,,,0,0,0,0,0,0,0,0,0,0,0,0,0,0,0,0,0,0,0,0,0,0,0,0,0
2008-02-18 14:15:00+00:00,30,2,14,177.54290771484375,168.76370239257812,0,0,0,0,0,0,0,0,0,0,0,0,1,1,1,1,1,0,0,0,0,0,0,0,0
2008-02-18 14:15:00+00:00,30,2,14,,338.82470703125,0,0,0,0,0,0,0,0,0,0,0,0,0,0,0,0,0,0,0,0,0,0,0,0,0
2008-02-18 14:15:00+00:00,30,2,14,148.8428955078125,102.7473373413086,0,0,0,0,0,0,0,0,0,0,0,1,1,1,1,1,1,0,0,0,0,0,0,0,0
2008-02-18 14:15:00+00:00,30,2,14,,,0,0,0,0,0,0,0,0,0,0,0,0,0,0,0,0,0,0,0,0,0,0,0,0,0
2008-02-18 14:30:00+00:00,30,2,14,,,0,0,0,0,0,0,0,0,0,0,0,0,0,0,0,0,0,0,0,0,0,0,0,0,0
2008-02-18 14:30:00+00:00,30,2,14,122.94425201416016,219.63421630859375,0,0,0,0,0,0,0,0,0,0,0,1,1,1,1,1,1,0,0,0,0,0,0,0,0
2008-02-18 14:30:00+00:00,30,2,14,132.03012084960938,170.08657836914062,0,0,0,0,0,0,0,0,0,0,0,1,1,1,1,1,1,0,0,0,0,0,0,0,0
2008-02-18 14:30:00+00:00,30,2,14,78.83295440673828,79.96683502197266,0,0,0,0,0,0,0,0,1,1,1,1,1,1,1,1,1,0,0,0,0,0,0,0,0
2008-02-18 14:30:00+00:00,30,2,14,211.36109924316406,210.3308868408203,0,0,0,0,0,0,0,0,0,0,0,0,0,0,1,1,1,0,0,0,0,0,0,0,0
2008-02-18 14:30:00+00:00,30,2,14,146.2996063232422,193.7424774169922,0,0,0,0,0,0,0,0,0,0,0,1,1,1,1,1,1,0,0,0,0,0,0,0,0
2008-02-18 14:30:00+00:00,30,2,14,301.8612060546875,142.70248413085938,0,0,0,0,0,0,0,0,0,0,0,0,0,0,0,0,1,0,0,0,0,0,0,0,0
2008-02-18 14:30:00+00:00,30,2,14,200.53981018066406,206.01516723632812,0,0,0,0,0,0,0,0,0,0,0,0,0,0,1,1,1,0,0,0,0,0,0,0,0
2008-02-18 14:45:00+00:00,30,2,14,448.3939514160156,,0,0,0,0,0,0,0,0,0,0,0,0,0,0,0,0,0,0,0,0,0,0,0,0,0
2008-02-18 14:45:00+00:00,30,2,14,,,0,0,0,0,0,0,0,0,0,0,0,0,0,0,0,0,0,0,0,0,0,0,0,0,0
2008-02-18 14:45:00+00:00,30,2,14,425.4499816894531,388.0623779296875,0,0,0,0,0,0,0,0,0,0,0,0,0,0,0,0,0,0,0,0,0,0,0,0,0
2008-02-18 14:45:00+00:00,30,2,14,387.4762878417969,391.61724853515625,0,0,0,0,0,0,0,0,0,0,0,0,0,0,0,0,0,0,0,0,0,0,0,0,0
2008-02-18 14:45:00+00:00,30,2,14,273.28155517578125,279.6866149902344,0,0,0,0,0,0,0,0,0,0,0,0,0,0,0,1,1,0,0,0,0,0,0,0,0
2008-02-18 14:45:00+00:00,30,2,14,463.78076171875,388.6151428222656,0,0,0,0,0,0,0,0,0,0,0,0,0,0,0,0,0,0,0,0,0,0,0,0,0
2008-02-18 14:45:00+00:00,30,2,14,72.20664978027344,84.62494659423828,0,0,0,0,0,0,0,0,1,1,1,1,1,1,1,1,1,0,0,0,0,0,0,0,0
2008-02-18 14:45:00+00:00,30,2,14,72.64958190917969,112.11137390136719,0,0,0,0,0,0,0,0,1,1,1,1,1,1,1,1,1,0,0,0,0,0,0,0,0
2008-02-18 14:45:00+00:00,30,2,14,333.73944091796875,339.7960205078125,0,0,0,0,0,0,0,0,0,0,0,0,0,0,0,0,1,0,0,0,0,0,0,0,0
2008-02-18 14:45:00+00:00,30,2,14,260.1694641113281,193.1707763671875,0,0,0,0,0,0,0,0,0,0,0,0,0,0,0,1,1,0,0,0,0,0,0,0,0
2008-02-18 15:00:00+00:00,30,2,15,,487.1416320800781,0,0,0,0,0,0,0,0,0,0,0,0,0,0,0,0,0,0,0,0,0,0,0,0,0
2008-02-18 15:00:00+00:00,30,2,15,489.1201477050781,409.0523681640625,0,0,0,0,0,0,0,0,0,0,0,0,0,0,0,0,0,0,0,0,0,0,0,0,0
2008-02-18 15:00:00+00:00,30,2,15,490.96075439453125,,0,0,0,0,0,0,0,0,0,0,0,0,0,0,0,0,0,0,0,0,0,0,0,0,0
2008-02-18 15:00:00+00:00,30,2,15,193.62034606933594,130.6311492919922,0,0,0,0,0,0,0,0,0,0,0,0,0,1,1,1,1,0,0,0,0,0,0,0,0
2008-02-18 15:00:00+00:00,30,2,15,295.49029541015625,296.2129821777344,0,0,0,0,0,0,0,0,0,0,0,0,0,0,0,1,1,0,0,0,0,0,0,0,0
2008-02-18 15:00:00+00:00,30,2,15,233.5980987548828,229.32525634765625,0,0,0,0,0,0,0,0,0,0,0,0,0,0,1,1,1,0,0,0,0,0,0,0,0
2008-02-18 15:00:00+00:00,30,2,15,251.25706481933594,233.58877563476562,0,0,0,0,0,0,0,0,0,0,0,0,0,0,0,1,1,0,0,0,0,0,0,0,0
2008-02-18 15:15:00+00:00,30,2,15,,253.23988342285156,0,0,0,0,0,0,0,0,0,0,0,0,0,0,0,0,0,0,0,0,0,0,0,0,0
2008-02-18 15:15:00+00:00,30,2,15,,,0,0,0,0,0,0,0,0,0,0,0,0,0,0,0,0,0,0,0,0,0,0,0,0,0
2008-02-18 15:15:00+00:00,30,2,15,269.101806640625,258.4220275878906,0,0,0,0,0,0,0,0,0,0,0,0,0,0,0,1,1,0,0,0,0,0,0,0,0
2008-02-18 15:15:00+00:00,30,2,15,,,0,0,0,0,0,0,0,0,0,0,0,0,0,0,0,0,0,0,0,0,0,0,0,0,0
2008-02-18 15:15:00+00:00,30,2,15,38.33656311035156,33.33095169067383,0,0,0,0,0,1,1,1,1,1,1,1,1,1,1,1,1,0,0,0,0,0,1,1,1
2008-02-18 15:30:00+00:00,30,2,15,,,0,0,0,0,0,0,0,0,0,0,0,0,0,0,0,0,0,0,0,0,0,0,0,0,0
2008-02-18 15:30:00+00:00,30,2,15,399.3890380859375,,0,0,0,0,0,0,0,0,0,0,0,0,0,0,0,0,0,0,0,0,0,0,0,0,0
2008-02-18 15:30:00+00:00,30,2,15,156.9695281982422,77.78623962402344,0,0,0,0,0,0,0,0,0,0,0,0,1,1,1,1,1,0,0,0,0,0,0,0,0
2008-02-18 15:30:00+00:00,30,2,15,285.1490478515625,282.4403076171875,0,0,0,0,0,0,0,0,0,0,0,0,0,0,0,1,1,0,0,0,0,0,0,0,0
2008-02-18 15:30:00+00:00,30,2,15,43.47504425048828,32.788368225097656,0,0,0,0,0,0,1,1,1,1,1,1,1,1,1,1,1,0,0,0,0,0,1,1,1
2008-02-18 15:30:00+00:00,30,2,15,126.78836059570312,172.85244750976562,0,0,0,0,0,0,0,0,0,0,0,1,1,1,1,1,1,0,0,0,0,0,0,0,0
2008-02-18 15:45:00+00:00,30,2,15,435.4867858886719,541.7648315429688,0,0,0,0,0,0,0,0,0,0,0,0,0,0,0,0,0,0,0,0,0,0,0,0,0
2008-02-18 15:45:00+00:00,30,2,15,173.4759521484375,105.63101959228516,0,0,0,0,0,0,0,0,0,0,0,0,1,1,1,1,1,0,0,0,0,0,0,0,0
2008-02-18 15:45:00+00:00,30,2,15,63.225189208984375,58.99930953979492,0,0,0,0,0,0,0,0,1,1,1,1,1,1,1,1,1,0,0,0,0,0,0,0,1
2008-02-18 15:45:00+00:00,30,2,15,178.51324462890625,161.9427032470703,0,0,0,0,0,0,0,0,0,0,0,0,1,1,1,1,1,0,0,0,0,0,0,0,0
2008-02-18 15:45:00+00:00,30,2,15,204.043701171875,85.31195831298828,0,0,0,0,0,0,0,0,0,0,0,0,0,0,1,1,1,0,0,0,0,0,0,0,0
2008-02-18 15:45:00+00:00,30,2,15,,,0,0,0,0,0,0,0,0,0,0,0,0,0,0,0,0,0,0,0,0,0,0,0,0,0
2008-02-18 16:00:00+00:00,30,2,16,,350.8011779785156,0,0,0,0,0,0,0,0,0,0,0,0,0,0,0,0,0,0,0,0,0,0,0,0,0
2008-02-18 16:00:00+00:00,30,2,16,,,0,0,0,0,0,0,0,0,0,0,0,0,0,0,0,0,0,0,0,0,0,0,0,0,0
2008-02-18 16:00:00+00:00,30,2,16,131.37283325195312,157.97732543945312,0,0,0,0,0,0,0,0,0,0,0,1,1,1,1,1,1,0,0,0,0,0,0,0,0
2008-02-18 16:00:00+00:00,30,2,16,169.6121063232422,89.20355987548828,0,0,0,0,0,0,0,0,0,0,0,0,1,1,1,1,1,0,0,0,0,0,0,0,0
2008-02-18 16:00:00+00:00,30,2,16,312.2707824707031,325.59454345703125,0,0,0,0,0,0,0,0,0,0,0,0,0,0,0,0,1,0,0,0,0,0,0,0,0
2008-02-18 16:00:00+00:00,30,2,16,170.8751220703125,176.9967041015625,0,0,0,0,0,0,0,0,0,0,0,0,1,1,1,1,1,0,0,0,0,0,0,0,0
2008-02-18 16:00:00+00:00,30,2,16,70.16923522949219,7.204990386962891,0,0,0,0,0,0,0,0,1,1,1,1,1,1,1,1,1,1,1,1,1,1,1,1,1
2008-02-18 16:00:00+00:00,30,2,16,56.955963134765625,85.69621276855469,0,0,0,0,0,0,0,1,1,1,1,1,1,1,1,1,1,0,0,0,0,0,0,0,0
2008-02-18 16:15:00+00:00,30,2,16,397.5666198730469,496.35809326171875,0,0,0,0,0,0,0,0,0,0,0,0,0,0,0,0,0,0,0,0,0,0,0,0,0
2008-02-18 16:15:00+00:00,30,2,16,92.96684265136719,113.56697845458984,0,0,0,0,0,0,0,0,0,1,1,1,1,1,1,1,1,0,0,0,0,0,0,0,0
2008-02-18 16:15:00+00:00,30,2,16,88.18867492675781,76.66390991210938,0,0,0,0,0,0,0,0,0,1,1,1,1,1,1,1,1,0,0,0,0,0,0,0,0
2008-02-18 16:15:00+00:00,30,2,16,122.3868637084961,109.69645690917969,0,0,0,0,0,0,0,0,0,0,0,1,1,1,1,1,1,0,0,0,0,0,0,0,0
2008-02-18 16:15:00+00:00,30,2,16,196.48387145996094,194.7993927001953,0,0,0,0,0,0,0,0,0,0,0,0,0,1,1,1,1,0,0,0,0,0,0,0,0
2008-02-18 16:15:00+00:00,30,2,16,97.48900604248047,124.1559066772461,0,0,0,0,0,0,0,0,0,1,1,1,1,1,1,1,1,0,0,0,0,0,0,0,0
2008-02-18 16:15:00+00:00,30,2,16,,,0,0,0,0,0,0,0,0,0,0,0,0,0,0,0,0,0,0,0,0,0,0,0,0,0
2008-02-18 16:30:00+00:00,30,2,16,117.30558776855469,109.5320053100586,0,0,0,0,0,0,0,0,0,0,1,1,1,1,1,1,1,0,0,0,0,0,0,0,0
2008-02-18 16:30:00+00:00,30,2,16,88.6454849243164,88.44011688232422,0,0,0,0,0,0,0,0,0,1,1,1,1,1,1,1,1,0,0,0,0,0,0,0,0
2008-02-18 16:45:00+00:00,30,2,16,256.66375732421875,242.24447631835938,0,0,0,0,0,0,0,0,0,0,0,0,0,0,0,1,1,0,0,0,0,0,0,0,0
2008-02-18 16:45:00+00:00,30,2,16,56.436038970947266,57.56812286376953,0,0,0,0,0,0,0,1,1,1,1,1,1,1,1,1,1,0,0,0,0,0,0,0,1
2008-02-18 17:00:00+00:00,30,2,17,,,0,0,0,0,0,0,0,0,0,0,0,0,0,0,0,0,0,0,0,0,0,0,0,0,0
2008-02-18 17:00:00+00:00,30,2,17,,,0,0,0,0,0,0,0,0,0,0,0,0,0,0,0,0,0,0,0,0,0,0,0,0,0
2008-02-18 17:15:00+00:00,30,2,17,307.3124084472656,317.59228515625,0,0,0,0,0,0,0,0,0,0,0,0,0,0,0,0,1,0,0,0,0,0,0,0,0
2008-02-18 17:30:00+00:00,30,2,17,430.0775146484375,510.5667724609375,0,0,0,0,0,0,0,0,0,0,0,0,0,0,0,0,0,0,0,0,0,0,0,0,0
2008-02-18 17:30:00+00:00,30,2,17,189.8074188232422,196.31959533691406,0,0,0,0,0,0,0,0,0,0,0,0,0,1,1,1,1,0,0,0,0,0,0,0,0
2008-02-18 17:45:00+00:00,30,2,17,,,0,0,0,0,0,0,0,0,0,0,0,0,0,0,0,0,0,0,0,0,0,0,0,0,0
2008-02-18 17:45:00+00:00,30,2,17,350.2020263671875,343.9884033203125,0,0,0,0,0,0,0,0,0,0,0,0,0,0,0,0,0,0,0,0,0,0,0,0,0
2008-02-18 17:45:00+00:00,30,2,17,407.17474365234375,422.9608154296875,0,0,0,0,0,0,0,0,0,0,0,0,0,0,0,0,0,0,0,0,0,0,0,0,0
2008-02-19 11:00:00+00:00,30,2,11,,,0,0,0,0,0,0,0,0,0,0,0,0,0,0,0,0,0,0,0,0,0,0,0,0,0
2008-02-19 11:00:00+00:00,30,2,11,,,0,0,0,0,0,0,0,0,0,0,0,0,0,0,0,0,0,0,0,0,0,0,0,0,0
2008-02-19 11:00:00+00:00,30,2,11,,,0,0,0,0,0,0,0,0,0,0,0,0,0,0,0,0,0,0,0,0,0,0,0,0,0
2008-02-19 11:00:00+00:00,30,2,11,,,0,0,0,0,0,0,0,0,0,0,0,0,0,0,0,0,0,0,0,0,0,0,0,0,0
2008-02-19 11:00:00+00:00,30,2,11,,,0,0,0,0,0,0,0,0,0,0,0,0,0,0,0,0,0,0,0,0,0,0,0,0,0
2008-02-19 11:00:00+00:00,30,2,11,,,0,0,0,0,0,0,0,0,0,0,0,0,0,0,0,0,0,0,0,0,0,0,0,0,0
2008-02-19 11:00:00+00:00,30,2,11,,,0,0,0,0,0,0,0,0,0,0,0,0,0,0,0,0,0,0,0,0,0,0,0,0,0
2008-02-19 11:00:00+00:00,30,2,11,320.5034484863281,328.2154846191406,0,0,0,0,0,0,0,0,0,0,0,0,0,0,0,0,1,0,0,0,0,0,0,0,0
2008-02-19 11:00:00+00:00,30,2,11,,,0,0,0,0,0,0,0,0,0,0,0,0,0,0,0,0,0,0,0,0,0,0,0,0,0
2008-02-19 11:00:00+00:00,30,2,11,581.2667846679688,133.61416625976562,0,0,0,0,0,0,0,0,0,0,0,0,0,0,0,0,0,0,0,0,0,0,0,0,0
2008-02-19 11:00:00+00:00,30,2,11,,,0,0,0,0,0,0,0,0,0,0,0,0,0,0,0,0,0,0,0,0,0,0,0,0,0
2008-02-19 11:00:00+00:00,30,2,11,,,0,0,0,0,0,0,0,0,0,0,0,0,0,0,0,0,0,0,0,0,0,0,0,0,0
2008-02-19 11:00:00+00:00,30,2,11,306.15948486328125,348.6048889160156,0,0,0,0,0,0,0,0,0,0,0,0,0,0,0,0,1,0,0,0,0,0,0,0,0
2008-02-19 11:00:00+00:00,30,2,11,,299.071533203125,0,0,0,0,0,0,0,0,0,0,0,0,0,0,0,0,0,0,0,0,0,0,0,0,0
2008-02-19 11:00:00+00:00,30,2,11,149.1747589111328,3.0802292823791504,0,0,0,0,0,0,0,0,0,0,0,1,1,1,1,1,1,1,1,1,1,1,1,1,1
2008-02-19 11:00:00+00:00,30,2,11,326.4612121582031,226.0417938232422,0,0,0,0,0,0,0,0,0,0,0,0,0,0,0,0,1,0,0,0,0,0,0,0,0
2008-02-19 11:00:00+00:00,30,2,11,,,0,0,0,0,0,0,0,0,0,0,0,0,0,0,0,0,0,0,0,0,0,0,0,0,0
2008-02-19 11:15:00+00:00,30,2,11,,,0,0,0,0,0,0,0,0,0,0,0,0,0,0,0,0,0,0,0,0,0,0,0,0,0
2008-02-19 11:15:00+00:00,30,2,11,,,0,0,0,0,0,0,0,0,0,0,0,0,0,0,0,0,0,0,0,0,0,0,0,0,0
2008-02-19 11:15:00+00:00,30,2,11,,,0,0,0,0,0,0,0,0,0,0,0,0,0,0,0,0,0,0,0,0,0,0,0,0,0
2008-02-19 11:15:00+00:00,30,2,11,,,0,0,0,0,0,0,0,0,0,0,0,0,0,0,0,0,0,0,0,0,0,0,0,0,0
2008-02-19 11:15:00+00:00,30,2,11,381.3939514160156,170.271728515625,0,0,0,0,0,0,0,0,0,0,0,0,0,0,0,0,0,0,0,0,0,0,0,0,0
2008-02-19 11:15:00+00:00,30,2,11,367.8877258300781,305.29833984375,0,0,0,0,0,0,0,0,0,0,0,0,0,0,0,0,0,0,0,0,0,0,0,0,0
2008-02-19 11:15:00+00:00,30,2,11,100.57231903076172,8.061984062194824,0,0,0,0,0,0,0,0,0,0,1,1,1,1,1,1,1,1,1,1,1,1,1,1,1
2008-02-19 11:15:00+00:00,30,2,11,215.93310546875,9.480939865112305,0,0,0,0,0,0,0,0,0,0,0,0,0,0,1,1,1,1,1,1,1,1,1,1,1
2008-02-19 11:15:00+00:00,30,2,11,253.52508544921875,245.97581481933594,0,0,0,0,0,0,0,0,0,0,0,0,0,0,0,1,1,0,0,0,0,0,0,0,0
2008-02-19 11:15:00+00:00,30,2,11,56.161659240722656,0.0,0,0,0,0,0,0,0,1,1,1,1,1,1,1,1,1,1,1,1,1,1,1,1,1,1
2008-02-19 11:30:00+00:00,30,2,11,,,0,0,0,0,0,0,0,0,0,0,0,0,0,0,0,0,0,0,0,0,0,0,0,0,0
2008-02-19 11:30:00+00:00,30,2,11,,,0,0,0,0,0,0,0,0,0,0,0,0,0,0,0,0,0,0,0,0,0,0,0,0,0
2008-02-19 11:30:00+00:00,30,2,11,,,0,0,0,0,0,0,0,0,0,0,0,0,0,0,0,0,0,0,0,0,0,0,0,0,0
2008-02-19 11:30:00+00:00,30,2,11,,,0,0,0,0,0,0,0,0,0,0,0,0,0,0,0,0,0,0,0,0,0,0,0,0,0
2008-02-19 11:30:00+00:00,30,2,11,,,0,0,0,0,0,0,0,0,0,0,0,0,0,0,0,0,0,0,0,0,0,0,0,0,0
2008-02-19 11:30:00+00:00,30,2,11,166.9092254638672,327.7732849121094,0,0,0,0,0,0,0,0,0,0,0,0,1,1,1,1,1,0,0,0,0,0,0,0,0
2008-02-19 11:30:00+00:00,30,2,11,,,0,0,0,0,0,0,0,0,0,0,0,0,0,0,0,0,0,0,0,0,0,0,0,0,0
2008-02-19 11:30:00+00:00,30,2,11,151.39393615722656,606.100830078125,0,0,0,0,0,0,0,0,0,0,0,0,1,1,1,1,1,0,0,0,0,0,0,0,0
2008-02-19 11:30:00+00:00,30,2,11,260.9066162109375,251.64022827148438,0,0,0,0,0,0,0,0,0,0,0,0,0,0,0,1,1,0,0,0,0,0,0,0,0
2008-02-19 11:30:00+00:00,30,2,11,218.19833374023438,209.04193115234375,0,0,0,0,0,0,0,0,0,0,0,0,0,0,1,1,1,0,0,0,0,0,0,0,0
2008-02-19 11:30:00+00:00,30,2,11,,,0,0,0,0,0,0,0,0,0,0,0,0,0,0,0,0,0,0,0,0,0,0,0,0,0
2008-02-19 11:30:00+00:00,30,2,11,,,0,0,0,0,0,0,0,0,0,0,0,0,0,0,0,0,0,0,0,0,0,0,0,0,0
2008-02-19 11:30:00+00:00,30,2,11,173.943603515625,165.5432891845703,0,0,0,0,0,0,0,0,0,0,0,0,1,1,1,1,1,0,0,0,0,0,0,0,0
2008-02-19 11:30:00+00:00,30,2,11,412.68853759765625,,0,0,0,0,0,0,0,0,0,0,0,0,0,0,0,0,0,0,0,0,0,0,0,0,0
2008-02-19 11:30:00+00:00,30,2,11,,,0,0,0,0,0,0,0,0,0,0,0,0,0,0,0,0,0,0,0,0,0,0,0,0,0
2008-02-19 11:30:00+00:00,30,2,11,,,0,0,0,0,0,0,0,0,0,0,0,0,0,0,0,0,0,0,0,0,0,0,0,0,0
2008-02-19 11:30:00+00:00,30,2,11,550.1617431640625,384.1701965332031,0,0,0,0,0,0,0,0,0,0,0,0,0,0,0,0,0,0,0,0,0,0,0,0,0
2008-02-19 11:30:00+00:00,30,2,11,294.1139221191406,234.19483947753906,0,0,0,0,0,0,0,0,0,0,0,0,0,0,0,1,1,0,0,0,0,0,0,0,0
2008-02-19 11:30:00+00:00,30,2,11,382.1266784667969,41.54228973388672,0,0,0,0,0,0,0,0,0,0,0,0,0,0,0,0,0,0,0,0,0,0,0,1,1
2008-02-19 11:30:00+00:00,30,2,11,59.573204040527344,33.40940475463867,0,0,0,0,0,0,0,1,1,1,1,1,1,1,1,1,1,0,0,0,0,0,1,1,1
2008-02-19 11:30:00+00:00,30,2,11,143.22952270507812,48.77568054199219,0,0,0,0,0,0,0,0,0,0,0,1,1,1,1,1,1,0,0,0,0,0,0,1,1
2008-02-19 11:30:00+00:00,30,2,11,67.9076156616211,50.7601432800293,0,0,0,0,0,0,0,0,1,1,1,1,1,1,1,1,1,0,0,0,0,0,0,0,1
2008-02-19 11:45:00+00:00,30,2,11,,,0,0,0,0,0,0,0,0,0,0,0,0,0,0,0,0,0,0,0,0,0,0,0,0,0
2008-02-19 11:45:00+00:00,30,2,11,,91.16128540039062,0,0,0,0,0,0,0,0,0,0,0,0,0,0,0,0,0,0,0,0,0,0,0,0,0
2008-02-19 11:45:00+00:00,30,2,11,,,0,0,0,0,0,0,0,0,0,0,0,0,0,0,0,0,0,0,0,0,0,0,0,0,0
2008-02-19 11:45:00+00:00,30,2,11,128.3342742919922,114.91004943847656,0,0,0,0,0,0,0,0,0,0,0,1,1,1,1,1,1,0,0,0,0,0,0,0,0
2008-02-19 11:45:00+00:00,30,2,11,76.491455078125,126.88114166259766,0,0,0,0,0,0,0,0,1,1,1,1,1,1,1,1,1,0,0,0,0,0,0,0,0
2008-02-19 11:45:00+00:00,30,2,11,37.69987487792969,30.975156784057617,0,0,0,0,0,1,1,1,1,1,1,1,1,1,1,1,1,0,0,0,0,0,1,1,1
2008-02-19 11:45:00+00:00,30,2,11,,18.37894058227539,0,0,0,0,0,0,0,0,0,0,0,0,0,0,0,0,0,0,0,1,1,1,1,1,1
2008-02-19 11:45:00+00:00,30,2,11,,13.829285621643066,0,0,0,0,0,0,0,0,0,0,0,0,0,0,0,0,0,0,1,1,1,1,1,1,1
2008-02-19 12:00:00+00:00,30,2,12,,,0,0,0,0,0,0,0,0,0,0,0,0,0,0,0,0,0,0,0,0,0,0,0,0,0
2008-02-19 12:00:00+00:00,30,2,12,,,0,0,0,0,0,0,0,0,0,0,0,0,0,0,0,0,0,0,0,0,0,0,0,0,0
2008-02-19 12:00:00+00:00,30,2,12,,,0,0,0,0,0,0,0,0,0,0,0,0,0,0,0,0,0,0,0,0,0,0,0,0,0
2008-02-19 12:00:00+00:00,30,2,12,,,0,0,0,0,0,0,0,0,0,0,0,0,0,0,0,0,0,0,0,0,0,0,0,0,0
2008-02-19 12:00:00+00:00,30,2,12,,,0,0,0,0,0,0,0,0,0,0,0,0,0,0,0,0,0,0,0,0,0,0,0,0,0
2008-02-19 12:00:00+00:00,30,2,12,,,0,0,0,0,0,0,0,0,0,0,0,0,0,0,0,0,0,0,0,0,0,0,0,0,0
2008-02-19 12:00:00+00:00,30,2,12,330.4497985839844,290.1964111328125,0,0,0,0,0,0,0,0,0,0,0,0,0,0,0,0,1,0,0,0,0,0,0,0,0
2008-02-19 12:00:00+00:00,30,2,12,111.44502258300781,68.40208435058594,0,0,0,0,0,0,0,0,0,0,1,1,1,1,1,1,1,0,0,0,0,0,0,0,0
2008-02-19 12:00:00+00:00,30,2,12,79.80359649658203,4.965582370758057,0,0,0,0,0,0,0,0,1,1,1,1,1,1,1,1,1,1,1,1,1,1,1,1,1
2008-02-19 12:00:00+00:00,30,2,12,493.3278503417969,4.5352783203125,0,0,0,0,0,0,0,0,0,0,0,0,0,0,0,0,0,1,1,1,1,1,1,1,1
2008-02-19 12:15:00+00:00,30,2,12,,,0,0,0,0,0,0,0,0,0,0,0,0,0,0,0,0,0,0,0,0,0,0,0,0,0
2008-02-19 12:15:00+00:00,30,2,12,60.14215087890625,64.9341812133789,0,0,0,0,0,0,0,0,1,1,1,1,1,1,1,1,1,0,0,0,0,0,0,0,0
2008-02-19 12:15:00+00:00,30,2,12,,,0,0,0,0,0,0,0,0,0,0,0,0,0,0,0,0,0,0,0,0,0,0,0,0,0
2008-02-19 12:15:00+00:00,30,2,12,,,0,0,0,0,0,0,0,0,0,0,0,0,0,0,0,0,0,0,0,0,0,0,0,0,0
2008-02-19 12:15:00+00:00,30,2,12,,,0,0,0,0,0,0,0,0,0,0,0,0,0,0,0,0,0,0,0,0,0,0,0,0,0
2008-02-19 12:15:00+00:00,30,2,12,384.56097412109375,374.43096923828125,0,0,0,0,0,0,0,0,0,0,0,0,0,0,0,0,0,0,0,0,0,0,0,0,0
2008-02-19 12:15:00+00:00,30,2,12,211.10604858398438,219.1380615234375,0,0,0,0,0,0,0,0,0,0,0,0,0,0,1,1,1,0,0,0,0,0,0,0,0
2008-02-19 12:15:00+00:00,30,2,12,356.7019958496094,356.31170654296875,0,0,0,0,0,0,0,0,0,0,0,0,0,0,0,0,0,0,0,0,0,0,0,0,0
2008-02-19 12:15:00+00:00,30,2,12,108.78429412841797,95.21161651611328,0,0,0,0,0,0,0,0,0,0,1,1,1,1,1,1,1,0,0,0,0,0,0,0,0
2008-02-19 12:15:00+00:00,30,2,12,181.1903839111328,234.7220458984375,0,0,0,0,0,0,0,0,0,0,0,0,0,1,1,1,1,0,0,0,0,0,0,0,0
2008-02-19 12:15:00+00:00,30,2,12,206.75381469726562,198.71609497070312,0,0,0,0,0,0,0,0,0,0,0,0,0,0,1,1,1,0,0,0,0,0,0,0,0
2008-02-19 12:30:00+00:00,30,2,12,,,0,0,0,0,0,0,0,0,0,0,0,0,0,0,0,0,0,0,0,0,0,0,0,0,0
2008-02-19 12:30:00+00:00,30,2,12,,,0,0,0,0,0,0,0,0,0,0,0,0,0,0,0,0,0,0,0,0,0,0,0,0,0
2008-02-19 12:30:00+00:00,30,2,12,158.89175415039062,123.15493774414062,0,0,0,0,0,0,0,0,0,0,0,0,1,1,1,1,1,0,0,0,0,0,0,0,0
2008-02-19 12:30:00+00:00,30,2,12,204.26205444335938,168.35325622558594,0,0,0,0,0,0,0,0,0,0,0,0,0,0,1,1,1,0,0,0,0,0,0,0,0
2008-02-19 12:30:00+00:00,30,2,12,235.40280151367188,199.46405029296875,0,0,0,0,0,0,0,0,0,0,0,0,0,0,1,1,1,0,0,0,0,0,0,0,0
2008-02-19 12:30:00+00:00,30,2,12,,,0,0,0,0,0,0,0,0,0,0,0,0,0,0,0,0,0,0,0,0,0,0,0,0,0
2008-02-19 12:30:00+00:00,30,2,12,,,0,0,0,0,0,0,0,0,0,0,0,0,0,0,0,0,0,0,0,0,0,0,0,0,0
2008-02-19 12:30:00+00:00,30,2,12,331.7357482910156,291.2308044433594,0,0,0,0,0,0,0,0,0,0,0,0,0,0,0,0,1,0,0,0,0,0,0,0,0
2008-02-19 12:30:00+00:00,30,2,12,233.45223999023438,234.9800567626953,0,0,0,0,0,0,0,0,0,0,0,0,0,0,1,1,1,0,0,0,0,0,0,0,0
2008-02-19 12:30:00+00:00,30,2,12,389.60693359375,163.37939453125,0,0,0,0,0,0,0,0,0,0,0,0,0,0,0,0,0,0,0,0,0,0,0,0,0
2008-02-19 12:30:00+00:00,30,2,12,,,0,0,0,0,0,0,0,0,0,0,0,0,0,0,0,0,0,0,0,0,0,0,0,0,0
2008-02-19 12:30:00+00:00,30,2,12,302.5417175292969,85.09269714355469,0,0,0,0,0,0,0,0,0,0,0,0,0,0,0,0,1,0,0,0,0,0,0,0,0
2008-02-19 12:30:00+00:00,30,2,12,175.1553192138672,174.59725952148438,0,0,0,0,0,0,0,0,0,0,0,0,1,1,1,1,1,0,0,0,0,0,0,0,0
2008-02-19 12:30:00+00:00,30,2,12,188.56503295898438,16.764284133911133,0,0,0,0,0,0,0,0,0,0,0,0,0,1,1,1,1,0,0,1,1,1,1,1,1
2008-02-19 12:30:00+00:00,30,2,12,104.72921752929688,8.767526626586914,0,0,0,0,0,0,0,0,0,0,1,1,1,1,1,1,1,1,1,1,1,1,1,1,1
2008-02-19 12:30:00+00:00,30,2,12,44.24823760986328,21.95294761657715,0,0,0,0,0,0,1,1,1,1,1,1,1,1,1,1,1,0,0,0,1,1,1,1,1
2008-02-19 12:30:00+00:00,30,2,12,436.23895263671875,498.959716796875,0,0,0,0,0,0,0,0,0,0,0,0,0,0,0,0,0,0,0,0,0,0,0,0,0
2008-02-19 12:30:00+00:00,30,2,12,260.2552795410156,235.35118103027344,0,0,0,0,0,0,0,0,0,0,0,0,0,0,0,1,1,0,0,0,0,0,0,0,0
2008-02-19 12:30:00+00:00,30,2,12,,,0,0,0,0,0,0,0,0,0,0,0,0,0,0,0,0,0,0,0,0,0,0,0,0,0
2008-02-19 12:30:00+00:00,30,2,12,,,0,0,0,0,0,0,0,0,0,0,0,0,0,0,0,0,0,0,0,0,0,0,0,0,0
2008-02-19 12:45:00+00:00,30,2,12,,,0,0,0,0,0,0,0,0,0,0,0,0,0,0,0,0,0,0,0,0,0,0,0,0,0
2008-02-19 12:45:00+00:00,30,2,12,298.3868408203125,312.5531921386719,0,0,0,0,0,0,0,0,0,0,0,0,0,0,0,1,1,0,0,0,0,0,0,0,0
2008-02-19 12:45:00+00:00,30,2,12,110.91726684570312,52.454315185546875,0,0,0,0,0,0,0,0,0,0,1,1,1,1,1,1,1,0,0,0,0,0,0,0,1
2008-02-19 12:45:00+00:00,30,2,12,269.9082946777344,272.1368408203125,0,0,0,0,0,0,0,0,0,0,0,0,0,0,0,1,1,0,0,0,0,0,0,0,0
2008-02-19 12:45:00+00:00,30,2,12,338.5851745605469,316.853515625,0,0,0,0,0,0,0,0,0,0,0,0,0,0,0,0,1,0,0,0,0,0,0,0,0
2008-02-19 12:45:00+00:00,30,2,12,236.89686584472656,196.12269592285156,0,0,0,0,0,0,0,0,0,0,0,0,0,0,1,1,1,0,0,0,0,0,0,0,0
2008-02-19 12:45:00+00:00,30,2,12,128.94227600097656,0.0,0,0,0,0,0,0,0,0,0,0,0,1,1,1,1,1,1,1,1,1,1,1,1,1,1
2008-02-19 12:45:00+00:00,30,2,12,414.31585693359375,0.0,0,0,0,0,0,0,0,0,0,0,0,0,0,0,0,0,0,1,1,1,1,1,1,1,1
2008-02-19 12:45:00+00:00,30,2,12,143.5562744140625,6.12042236328125,0,0,0,0,0,0,0,0,0,0,0,1,1,1,1,1,1,1,1,1,1,1,1,1,1
2008-02-19 12:45:00+00:00,30,2,12,57.602874755859375,37.64021301269531,0,0,0,0,0,0,0,1,1,1,1,1,1,1,1,1,1,0,0,0,0,0,1,1,1
2008-02-19 12:45:00+00:00,30,2,12,40.631813049316406,19.647594451904297,0,0,0,0,0,0,1,1,1,1,1,1,1,1,1,1,1,0,0,1,1,1,1,1,1
2008-02-19 12:45:00+00:00,30,2,12,98.6179428100586,78.32218170166016,0,0,0,0,0,0,0,0,0,1,1,1,1,1,1,1,1,0,0,0,0,0,0,0,0
2008-02-19 12:45:00+00:00,30,2,12,,,0,0,0,0,0,0,0,0,0,0,0,0,0,0,0,0,0,0,0,0,0,0,0,0,0
2008-02-19 13:00:00+00:00,30,2,13,,,0,0,0,0,0,0,0,0,0,0,0,0,0,0,0,0,0,0,0,0,0,0,0,0,0
2008-02-19 13:00:00+00:00,30,2,13,421.1842041015625,314.00775146484375,0,0,0,0,0,0,0,0,0,0,0,0,0,0,0,0,0,0,0,0,0,0,0,0,0
2008-02-19 13:00:00+00:00,30,2,13,289.3615417480469,316.3540954589844,0,0,0,0,0,0,0,0,0,0,0,0,0,0,0,1,1,0,0,0,0,0,0,0,0
2008-02-19 13:00:00+00:00,30,2,13,220.78216552734375,195.3046875,0,0,0,0,0,0,0,0,0,0,0,0,0,0,1,1,1,0,0,0,0,0,0,0,0
2008-02-19 13:00:00+00:00,30,2,13,121.4926528930664,316.26739501953125,0,0,0,0,0,0,0,0,0,0,0,1,1,1,1,1,1,0,0,0,0,0,0,0,0
2008-02-19 13:00:00+00:00,30,2,13,93.43403625488281,80.68037414550781,0,0,0,0,0,0,0,0,0,1,1,1,1,1,1,1,1,0,0,0,0,0,0,0,0
2008-02-19 13:00:00+00:00,30,2,13,96.4994888305664,3.066666841506958,0,0,0,0,0,0,0,0,0,1,1,1,1,1,1,1,1,1,1,1,1,1,1,1,1
2008-02-19 13:00:00+00:00,30,2,13,40.77235412597656,3.3741767406463623,0,0,0,0,0,0,1,1,1,1,1,1,1,1,1,1,1,1,1,1,1,1,1,1,1
2008-02-19 13:00:00+00:00,30,2,13,50.962135314941406,3.062558174133301,0,0,0,0,0,0,0,1,1,1,1,1,1,1,1,1,1,1,1,1,1,1,1,1,1
2008-02-19 13:00:00+00:00,30,2,13,,,0,0,0,0,0,0,0,0,0,0,0,0,0,0,0,0,0,0,0,0,0,0,0,0,0
2008-02-19 13:15:00+00:00,30,2,13,,,0,0,0,0,0,0,0,0,0,0,0,0,0,0,0,0,0,0,0,0,0,0,0,0,0
2008-02-19 13:15:00+00:00,30,2,13,,,0,0,0,0,0,0,0,0,0,0,0,0,0,0,0,0,0,0,0,0,0,0,0,0,0
2008-02-19 13:15:00+00:00,30,2,13,450.7973327636719,192.17678833007812,0,0,0,0,0,0,0,0,0,0,0,0,0,0,0,0,0,0,0,0,0,0,0,0,0
2008-02-19 13:15:00+00:00,30,2,13,,354.7999572753906,0,0,0,0,0,0,0,0,0,0,0,0,0,0,0,0,0,0,0,0,0,0,0,0,0
2008-02-19 13:15:00+00:00,30,2,13,75.03765106201172,3.4218292236328125,0,0,0,0,0,0,0,0,1,1,1,1,1,1,1,1,1,1,1,1,1,1,1,1,1
2008-02-19 13:15:00+00:00,30,2,13,248.5970458984375,347.19110107421875,0,0,0,0,0,0,0,0,0,0,0,0,0,0,1,1,1,0,0,0,0,0,0,0,0
2008-02-19 13:15:00+00:00,30,2,13,244.7569580078125,89.45718383789062,0,0,0,0,0,0,0,0,0,0,0,0,0,0,1,1,1,0,0,0,0,0,0,0,0
2008-02-19 13:15:00+00:00,30,2,13,69.89090728759766,71.12816619873047,0,0,0,0,0,0,0,0,1,1,1,1,1,1,1,1,1,0,0,0,0,0,0,0,0
2008-02-19 13:15:00+00:00,30,2,13,215.5175018310547,214.33200073242188,0,0,0,0,0,0,0,0,0,0,0,0,0,0,1,1,1,0,0,0,0,0,0,0,0
2008-02-19 13:15:00+00:00,30,2,13,132.1758270263672,134.6820831298828,0,0,0,0,0,0,0,0,0,0,0,1,1,1,1,1,1,0,0,0,0,0,0,0,0
2008-02-19 13:15:00+00:00,30,2,13,90.3551254272461,56.35112380981445,0,0,0,0,0,0,0,0,0,1,1,1,1,1,1,1,1,0,0,0,0,0,0,0,1
2008-02-19 13:15:00+00:00,30,2,13,40.827823638916016,62.78317642211914,0,0,0,0,0,0,1,1,1,1,1,1,1,1,1,1,1,0,0,0,0,0,0,0,0
2008-02-19 13:15:00+00:00,30,2,13,76.1495590209961,67.15086364746094,0,0,0,0,0,0,0,0,1,1,1,1,1,1,1,1,1,0,0,0,0,0,0,0,0
2008-02-19 13:15:00+00:00,30,2,13,159.5691680908203,152.01353454589844,0,0,0,0,0,0,0,0,0,0,0,0,1,1,1,1,1,0,0,0,0,0,0,0,0
2008-02-19 13:15:00+00:00,30,2,13,117.53113555908203,27.58811378479004,0,0,0,0,0,0,0,0,0,0,1,1,1,1,1,1,1,0,0,0,0,1,1,1,1
2008-02-19 13:15:00+00:00,30,2,13,,,0,0,0,0,0,0,0,0,0,0,0,0,0,0,0,0,0,0,0,0,0,0,0,0,0
2008-02-19 13:30:00+00:00,30,2,13,120.08565521240234,130.78489685058594,0,0,0,0,0,0,0,0,0,0,0,1,1,1,1,1,1,0,0,0,0,0,0,0,0
2008-02-19 13:30:00+00:00,30,2,13,84.98617553710938,75.29940795898438,0,0,0,0,0,0,0,0,0,1,1,1,1,1,1,1,1,0,0,0,0,0,0,0,0
2008-02-19 13:30:00+00:00,30,2,13,321.1876525878906,283.6895751953125,0,0,0,0,0,0,0,0,0,0,0,0,0,0,0,0,1,0,0,0,0,0,0,0,0
2008-02-19 13:30:00+00:00,30,2,13,265.2974853515625,245.0652618408203,0,0,0,0,0,0,0,0,0,0,0,0,0,0,0,1,1,0,0,0,0,0,0,0,0
2008-02-19 13:30:00+00:00,30,2,13,162.32420349121094,124.10189819335938,0,0,0,0,0,0,0,0,0,0,0,0,1,1,1,1,1,0,0,0,0,0,0,0,0
2008-02-19 13:30:00+00:00,30,2,13,67.66997528076172,0.0,0,0,0,0,0,0,0,0,1,1,1,1,1,1,1,1,1,1,1,1,1,1,1,1,1
2008-02-19 13:30:00+00:00,30,2,13,330.30328369140625,310.5184020996094,0,0,0,0,0,0,0,0,0,0,0,0,0,0,0,0,1,0,0,0,0,0,0,0,0
2008-02-19 13:45:00+00:00,30,2,13,,,0,0,0,0,0,0,0,0,0,0,0,0,0,0,0,0,0,0,0,0,0,0,0,0,0
2008-02-19 13:45:00+00:00,30,2,13,289.6388854980469,289.2080993652344,0,0,0,0,0,0,0,0,0,0,0,0,0,0,0,1,1,0,0,0,0,0,0,0,0
2008-02-19 13:45:00+00:00,30,2,13,343.15985107421875,163.36236572265625,0,0,0,0,0,0,0,0,0,0,0,0,0,0,0,0,1,0,0,0,0,0,0,0,0
2008-02-19 13:45:00+00:00,30,2,13,374.86376953125,85.47147369384766,0,0,0,0,0,0,0,0,0,0,0,0,0,0,0,0,0,0,0,0,0,0,0,0,0
2008-02-19 13:45:00+00:00,30,2,13,280.0951232910156,114.86743927001953,0,0,0,0,0,0,0,0,0,0,0,0,0,0,0,1,1,0,0,0,0,0,0,0,0
2008-02-19 13:45:00+00:00,30,2,13,227.15928649902344,286.22796630859375,0,0,0,0,0,0,0,0,0,0,0,0,0,0,1,1,1,0,0,0,0,0,0,0,0
2008-02-19 13:45:00+00:00,30,2,13,349.9063415527344,313.0948486328125,0,0,0,0,0,0,0,0,0,0,0,0,0,0,0,0,1,0,0,0,0,0,0,0,0
2008-02-19 13:45:00+00:00,30,2,13,55.21497344970703,40.1837043762207,0,0,0,0,0,0,0,1,1,1,1,1,1,1,1,1,1,0,0,0,0,0,0,1,1
2008-02-19 14:00:00+00:00,30,2,14,,,0,0,0,0,0,0,0,0,0,0,0,0,0,0,0,0,0,0,0,0,0,0,0,0,0
2008-02-19 14:00:00+00:00,30,2,14,122.30443572998047,53.72864532470703,0,0,0,0,0,0,0,0,0,0,0,1,1,1,1,1,1,0,0,0,0,0,0,0,1
2008-02-19 14:00:00+00:00,30,2,14,,,0,0,0,0,0,0,0,0,0,0,0,0,0,0,0,0,0,0,0,0,0,0,0,0,0
2008-02-19 14:00:00+00:00,30,2,14,207.94027709960938,208.21971130371094,0,0,0,0,0,0,0,0,0,0,0,0,0,0,1,1,1,0,0,0,0,0,0,0,0
2008-02-19 14:00:00+00:00,30,2,14,97.85974884033203,106.29130554199219,0,0,0,0,0,0,0,0,0,1,1,1,1,1,1,1,1,0,0,0,0,0,0,0,0
2008-02-19 14:00:00+00:00,30,2,14,63.05950164794922,77.51029968261719,0,0,0,0,0,0,0,0,1,1,1,1,1,1,1,1,1,0,0,0,0,0,0,0,0
2008-02-19 14:00:00+00:00,30,2,14,108.26994323730469,102.80953979492188,0,0,0,0,0,0,0,0,0,0,1,1,1,1,1,1,1,0,0,0,0,0,0,0,0
2008-02-19 14:00:00+00:00,30,2,14,197.9505157470703,209.81277465820312,0,0,0,0,0,0,0,0,0,0,0,0,0,1,1,1,1,0,0,0,0,0,0,0,0
2008-02-19 14:00:00+00:00,30,2,14,460.1448059082031,411.1942443847656,0,0,0,0,0,0,0,0,0,0,0,0,0,0,0,0,0,0,0,0,0,0,0,0,0
2008-02-19 14:00:00+00:00,30,2,14,81.421875,53.83837127685547,0,0,0,0,0,0,0,0,0,1,1,1,1,1,1,1,1,0,0,0,0,0,0,0,1
2008-02-19 14:00:00+00:00,30,2,14,235.79238891601562,101.33836364746094,0,0,0,0,0,0,0,0,0,0,0,0,0,0,1,1,1,0,0,0,0,0,0,0,0
2008-02-19 14:00:00+00:00,30,2,14,216.5535430908203,189.17306518554688,0,0,0,0,0,0,0,0,0,0,0,0,0,0,1,1,1,0,0,0,0,0,0,0,0
2008-02-19 14:00:00+00:00,30,2,14,,,0,0,0,0,0,0,0,0,0,0,0,0,0,0,0,0,0,0,0,0,0,0,0,0,0
2008-02-19 14:00:00+00:00,30,2,14,,,0,0,0,0,0,0,0,0,0,0,0,0,0,0,0,0,0,0,0,0,0,0,0,0,0
2008-02-19 14:15:00+00:00,30,2,14,,,0,0,0,0,0,0,0,0,0,0,0,0,0,0,0,0,0,0,0,0,0,0,0,0,0
2008-02-19 14:15:00+00:00,30,2,14,,,0,0,0,0,0,0,0,0,0,0,0,0,0,0,0,0,0,0,0,0,0,0,0,0,0
2008-02-19 14:15:00+00:00,30,2,14,165.26016235351562,172.11260986328125,0,0,0,0,0,0,0,0,0,0,0,0,1,1,1,1,1,0,0,0,0,0,0,0,0
2008-02-19 14:15:00+00:00,30,2,14,380.215087890625,306.67205810546875,0,0,0,0,0,0,0,0,0,0,0,0,0,0,0,0,0,0,0,0,0,0,0,0,0
2008-02-19 14:15:00+00:00,30,2,14,69.7004165649414,84.8573989868164,0,0,0,0,0,0,0,0,1,1,1,1,1,1,1,1,1,0,0,0,0,0,0,0,0
2008-02-19 14:15:00+00:00,30,2,14,325.8299255371094,337.99798583984375,0,0,0,0,0,0,0,0,0,0,0,0,0,0,0,0,1,0,0,0,0,0,0,0,0
2008-02-19 14:15:00+00:00,30,2,14,54.04928207397461,112.83921813964844,0,0,0,0,0,0,0,1,1,1,1,1,1,1,1,1,1,0,0,0,0,0,0,0,0
2008-02-19 14:15:00+00:00,30,2,14,110.0820083618164,58.6600456237793,0,0,0,0,0,0,0,0,0,0,1,1,1,1,1,1,1,0,0,0,0,0,0,0,1
2008-02-19 14:15:00+00:00,30,2,14,,428.84014892578125,0,0,0,0,0,0,0,0,0,0,0,0,0,0,0,0,0,0,0,0,0,0,0,0,0
2008-02-19 14:15:00+00:00,30,2,14,220.0755157470703,215.7833709716797,0,0,0,0,0,0,0,0,0,0,0,0,0,0,1,1,1,0,0,0,0,0,0,0,0
2008-02-19 14:15:00+00:00,30,2,14,264.06707763671875,259.72735595703125,0,0,0,0,0,0,0,0,0,0,0,0,0,0,0,1,1,0,0,0,0,0,0,0,0
2008-02-19 14:30:00+00:00,30,2,14,,380.5340576171875,0,0,0,0,0,0,0,0,0,0,0,0,0,0,0,0,0,0,0,0,0,0,0,0,0
2008-02-19 14:30:00+00:00,30,2,14,407.0301513671875,271.4412841796875,0,0,0,0,0,0,0,0,0,0,0,0,0,0,0,0,0,0,0,0,0,0,0,0,0
2008-02-19 14:30:00+00:00,30,2,14,367.90802001953125,229.60816955566406,0,0,0,0,0,0,0,0,0,0,0,0,0,0,0,0,0,0,0,0,0,0,0,0,0
2008-02-19 14:30:00+00:00,30,2,14,257.0652160644531,259.07611083984375,0,0,0,0,0,0,0,0,0,0,0,0,0,0,0,1,1,0,0,0,0,0,0,0,0
2008-02-19 14:30:00+00:00,30,2,14,163.50430297851562,155.92068481445312,0,0,0,0,0,0,0,0,0,0,0,0,1,1,1,1,1,0,0,0,0,0,0,0,0
2008-02-19 14:30:00+00:00,30,2,14,58.89098358154297,81.48867797851562,0,0,0,0,0,0,0,1,1,1,1,1,1,1,1,1,1,0,0,0,0,0,0,0,0
2008-02-19 14:30:00+00:00,30,2,14,53.731361389160156,9.420578002929688,0,0,0,0,0,0,0,1,1,1,1,1,1,1,1,1,1,1,1,1,1,1,1,1,1
2008-02-19 14:30:00+00:00,30,2,14,102.72965240478516,105.0120849609375,0,0,0,0,0,0,0,0,0,0,1,1,1,1,1,1,1,0,0,0,0,0,0,0,0
2008-02-19 14:30:00+00:00,30,2,14,42.208465576171875,50.79453659057617,0,0,0,0,0,0,1,1,1,1,1,1,1,1,1,1,1,0,0,0,0,0,0,0,1
2008-02-19 14:45:00+00:00,30,2,14,117.92961120605469,113.39789581298828,0,0,0,0,0,0,0,0,0,0,1,1,1,1,1,1,1,0,0,0,0,0,0,0,0
2008-02-19 14:45:00+00:00,30,2,14,117.67588806152344,124.72724151611328,0,0,0,0,0,0,0,0,0,0,1,1,1,1,1,1,1,0,0,0,0,0,0,0,0
2008-02-19 14:45:00+00:00,30,2,14,211.13888549804688,204.0784912109375,0,0,0,0,0,0,0,0,0,0,0,0,0,0,1,1,1,0,0,0,0,0,0,0,0
2008-02-19 14:45:00+00:00,30,2,14,92.5263671875,39.917118072509766,0,0,0,0,0,0,0,0,0,1,1,1,1,1,1,1,1,0,0,0,0,0,1,1,1
2008-02-19 14:45:00+00:00,30,2,14,267.07977294921875,255.6988067626953,0,0,0,0,0,0,0,0,0,0,0,0,0,0,0,1,1,0,0,0,0,0,0,0,0
2008-02-19 14:45:00+00:00,30,2,14,172.6063690185547,178.70420837402344,0,0,0,0,0,0,0,0,0,0,0,0,1,1,1,1,1,0,0,0,0,0,0,0,0
2008-02-19 15:00:00+00:00,30,2,15,,,0,0,0,0,0,0,0,0,0,0,0,0,0,0,0,0,0,0,0,0,0,0,0,0,0
2008-02-19 15:00:00+00:00,30,2,15,316.7820129394531,,0,0,0,0,0,0,0,0,0,0,0,0,0,0,0,0,1,0,0,0,0,0,0,0,0
2008-02-19 15:00:00+00:00,30,2,15,233.04791259765625,121.55364990234375,0,0,0,0,0,0,0,0,0,0,0,0,0,0,1,1,1,0,0,0,0,0,0,0,0
2008-02-19 15:00:00+00:00,30,2,15,69.3436279296875,90.8905258178711,0,0,0,0,0,0,0,0,1,1,1,1,1,1,1,1,1,0,0,0,0,0,0,0,0
2008-02-19 15:00:00+00:00,30,2,15,130.0179443359375,323.3136291503906,0,0,0,0,0,0,0,0,0,0,0,1,1,1,1,1,1,0,0,0,0,0,0,0,0
2008-02-19 15:00:00+00:00,30,2,15,323.97039794921875,237.4910125732422,0,0,0,0,0,0,0,0,0,0,0,0,0,0,0,0,1,0,0,0,0,0,0,0,0
2008-02-19 15:00:00+00:00,30,2,15,126.56421661376953,141.8240509033203,0,0,0,0,0,0,0,0,0,0,0,1,1,1,1,1,1,0,0,0,0,0,0,0,0
2008-02-19 15:00:00+00:00,30,2,15,105.94996643066406,114.51287078857422,0,0,0,0,0,0,0,0,0,0,1,1,1,1,1,1,1,0,0,0,0,0,0,0,0
2008-02-19 15:00:00+00:00,30,2,15,78.42347717285156,77.31805419921875,0,0,0,0,0,0,0,0,1,1,1,1,1,1,1,1,1,0,0,0,0,0,0,0,0
2008-02-19 15:15:00+00:00,30,2,15,,,0,0,0,0,0,0,0,0,0,0,0,0,0,0,0,0,0,0,0,0,0,0,0,0,0
2008-02-19 15:15:00+00:00,30,2,15,137.29966735839844,245.5042724609375,0,0,0,0,0,0,0,0,0,0,0,1,1,1,1,1,1,0,0,0,0,0,0,0,0
2008-02-19 15:15:00+00:00,30,2,15,92.64335632324219,202.65737915039062,0,0,0,0,0,0,0,0,0,1,1,1,1,1,1,1,1,0,0,0,0,0,0,0,0
2008-02-19 15:15:00+00:00,30,2,15,172.133544921875,186.0720672607422,0,0,0,0,0,0,0,0,0,0,0,0,1,1,1,1,1,0,0,0,0,0,0,0,0
2008-02-19 15:15:00+00:00,30,2,15,231.35086059570312,219.0620880126953,0,0,0,0,0,0,0,0,0,0,0,0,0,0,1,1,1,0,0,0,0,0,0,0,0
2008-02-19 15:15:00+00:00,30,2,15,92.02508544921875,104.5473403930664,0,0,0,0,0,0,0,0,0,1,1,1,1,1,1,1,1,0,0,0,0,0,0,0,0
2008-02-19 15:15:00+00:00,30,2,15,196.5283203125,182.81227111816406,0,0,0,0,0,0,0,0,0,0,0,0,0,1,1,1,1,0,0,0,0,0,0,0,0
2008-02-19 15:15:00+00:00,30,2,15,131.62631225585938,89.1514663696289,0,0,0,0,0,0,0,0,0,0,0,1,1,1,1,1,1,0,0,0,0,0,0,0,0
2008-02-19 15:15:00+00:00,30,2,15,60.135963439941406,81.81319427490234,0,0,0,0,0,0,0,0,1,1,1,1,1,1,1,1,1,0,0,0,0,0,0,0,0
2008-02-19 15:15:00+00:00,30,2,15,51.101322174072266,81.47349548339844,0,0,0,0,0,0,0,1,1,1,1,1,1,1,1,1,1,0,0,0,0,0,0,0,0
2008-02-19 15:15:00+00:00,30,2,15,107.02581024169922,100.454833984375,0,0,0,0,0,0,0,0,0,0,1,1,1,1,1,1,1,0,0,0,0,0,0,0,0
2008-02-19 15:15:00+00:00,30,2,15,178.68118286132812,138.94766235351562,0,0,0,0,0,0,0,0,0,0,0,0,1,1,1,1,1,0,0,0,0,0,0,0,0
2008-02-19 15:30:00+00:00,30,2,15,,,0,0,0,0,0,0,0,0,0,0,0,0,0,0,0,0,0,0,0,0,0,0,0,0,0
2008-02-19 15:30:00+00:00,30,2,15,54.278228759765625,0.0,0,0,0,0,0,0,0,1,1,1,1,1,1,1,1,1,1,1,1,1,1,1,1,1,1
2008-02-19 15:30:00+00:00,30,2,15,102.07125091552734,133.08395385742188,0,0,0,0,0,0,0,0,0,0,1,1,1,1,1,1,1,0,0,0,0,0,0,0,0
2008-02-19 15:30:00+00:00,30,2,15,,,0,0,0,0,0,0,0,0,0,0,0,0,0,0,0,0,0,0,0,0,0,0,0,0,0
2008-02-19 15:30:00+00:00,30,2,15,,,0,0,0,0,0,0,0,0,0,0,0,0,0,0,0,0,0,0,0,0,0,0,0,0,0
2008-02-19 15:45:00+00:00,30,2,15,,,0,0,0,0,0,0,0,0,0,0,0,0,0,0,0,0,0,0,0,0,0,0,0,0,0
2008-02-19 15:45:00+00:00,30,2,15,431.1734313964844,,0,0,0,0,0,0,0,0,0,0,0,0,0,0,0,0,0,0,0,0,0,0,0,0,0
2008-02-19 15:45:00+00:00,30,2,15,144.2784881591797,290.8415222167969,0,0,0,0,0,0,0,0,0,0,0,1,1,1,1,1,1,0,0,0,0,0,0,0,0
2008-02-19 15:45:00+00:00,30,2,15,149.82284545898438,143.40945434570312,0,0,0,0,0,0,0,0,0,0,0,1,1,1,1,1,1,0,0,0,0,0,0,0,0
2008-02-19 15:45:00+00:00,30,2,15,48.76736831665039,0.0,0,0,0,0,0,0,1,1,1,1,1,1,1,1,1,1,1,1,1,1,1,1,1,1,1
2008-02-19 15:45:00+00:00,30,2,15,116.36155700683594,120.08679962158203,0,0,0,0,0,0,0,0,0,0,1,1,1,1,1,1,1,0,0,0,0,0,0,0,0
2008-02-19 16:00:00+00:00,30,2,16,341.92279052734375,401.22381591796875,0,0,0,0,0,0,0,0,0,0,0,0,0,0,0,0,1,0,0,0,0,0,0,0,0
2008-02-19 16:00:00+00:00,30,2,16,219.33438110351562,224.5447235107422,0,0,0,0,0,0,0,0,0,0,0,0,0,0,1,1,1,0,0,0,0,0,0,0,0
2008-02-19 16:00:00+00:00,30,2,16,130.91455078125,131.63446044921875,0,0,0,0,0,0,0,0,0,0,0,1,1,1,1,1,1,0,0,0,0,0,0,0,0
2008-02-19 16:00:00+00:00,30,2,16,191.55015563964844,233.33627319335938,0,0,0,0,0,0,0,0,0,0,0,0,0,1,1,1,1,0,0,0,0,0,0,0,0
2008-02-19 16:00:00+00:00,30,2,16,,,0,0,0,0,0,0,0,0,0,0,0,0,0,0,0,0,0,0,0,0,0,0,0,0,0
2008-02-19 16:15:00+00:00,30,2,16,,,0,0,0,0,0,0,0,0,0,0,0,0,0,0,0,0,0,0,0,0,0,0,0,0,0
2008-02-19 16:15:00+00:00,30,2,16,45.1134033203125,68.88874816894531,0,0,0,0,0,0,1,1,1,1,1,1,1,1,1,1,1,0,0,0,0,0,0,0,0
2008-02-19 16:15:00+00:00,30,2,16,42.02564239501953,53.63758850097656,0,0,0,0,0,0,1,1,1,1,1,1,1,1,1,1,1,0,0,0,0,0,0,0,1
2008-02-19 16:15:00+00:00,30,2,16,102.48704528808594,99.38726806640625,0,0,0,0,0,0,0,0,0,0,1,1,1,1,1,1,1,0,0,0,0,0,0,0,0
2008-02-19 16:30:00+00:00,30,2,16,,,0,0,0,0,0,0,0,0,0,0,0,0,0,0,0,0,0,0,0,0,0,0,0,0,0
2008-02-19 16:30:00+00:00,30,2,16,,,0,0,0,0,0,0,0,0,0,0,0,0,0,0,0,0,0,0,0,0,0,0,0,0,0
2008-02-19 16:30:00+00:00,30,2,16,,,0,0,0,0,0,0,0,0,0,0,0,0,0,0,0,0,0,0,0,0,0,0,0,0,0
2008-02-19 16:30:00+00:00,30,2,16,191.21475219726562,187.0567169189453,0,0,0,0,0,0,0,0,0,0,0,0,0,1,1,1,1,0,0,0,0,0,0,0,0
2008-02-19 16:30:00+00:00,30,2,16,99.34500885009766,155.05307006835938,0,0,0,0,0,0,0,0,0,1,1,1,1,1,1,1,1,0,0,0,0,0,0,0,0
2008-02-19 16:30:00+00:00,30,2,16,127.46341705322266,6.839367866516113,0,0,0,0,0,0,0,0,0,0,0,1,1,1,1,1,1,1,1,1,1,1,1,1,1
2008-02-19 16:30:00+00:00,30,2,16,,,0,0,0,0,0,0,0,0,0,0,0,0,0,0,0,0,0,0,0,0,0,0,0,0,0
2008-02-19 16:30:00+00:00,30,2,16,,,0,0,0,0,0,0,0,0,0,0,0,0,0,0,0,0,0,0,0,0,0,0,0,0,0
2008-02-19 16:45:00+00:00,30,2,16,,,0,0,0,0,0,0,0,0,0,0,0,0,0,0,0,0,0,0,0,0,0,0,0,0,0
2008-02-19 16:45:00+00:00,30,2,16,198.0336456298828,270.307861328125,0,0,0,0,0,0,0,0,0,0,0,0,0,1,1,1,1,0,0,0,0,0,0,0,0
2008-02-19 16:45:00+00:00,30,2,16,,281.3143615722656,0,0,0,0,0,0,0,0,0,0,0,0,0,0,0,0,0,0,0,0,0,0,0,0,0
2008-02-19 16:45:00+00:00,30,2,16,107.9059066772461,87.04224395751953,0,0,0,0,0,0,0,0,0,0,1,1,1,1,1,1,1,0,0,0,0,0,0,0,0
2008-02-19 16:45:00+00:00,30,2,16,108.16793823242188,91.78032684326172,0,0,0,0,0,0,0,0,0,0,1,1,1,1,1,1,1,0,0,0,0,0,0,0,0
2008-02-19 16:45:00+00:00,30,2,16,112.29443359375,3.3909943103790283,0,0,0,0,0,0,0,0,0,0,1,1,1,1,1,1,1,1,1,1,1,1,1,1,1
2008-02-19 16:45:00+00:00,30,2,16,45.88576126098633,52.80586242675781,0,0,0,0,0,0,1,1,1,1,1,1,1,1,1,1,1,0,0,0,0,0,0,0,1
2008-02-19 16:45:00+00:00,30,2,16,,,0,0,0,0,0,0,0,0,0,0,0,0,0,0,0,0,0,0,0,0,0,0,0,0,0
2008-02-19 16:45:00+00:00,30,2,16,,,0,0,0,0,0,0,0,0,0,0,0,0,0,0,0,0,0,0,0,0,0,0,0,0,0
2008-02-19 17:00:00+00:00,30,2,17,326.00531005859375,370.3592834472656,0,0,0,0,0,0,0,0,0,0,0,0,0,0,0,0,1,0,0,0,0,0,0,0,0
2008-02-19 17:00:00+00:00,30,2,17,103.97623443603516,112.73465728759766,0,0,0,0,0,0,0,0,0,0,1,1,1,1,1,1,1,0,0,0,0,0,0,0,0
2008-02-19 17:00:00+00:00,30,2,17,203.99948120117188,217.22254943847656,0,0,0,0,0,0,0,0,0,0,0,0,0,0,1,1,1,0,0,0,0,0,0,0,0
2008-02-19 17:00:00+00:00,30,2,17,356.096923828125,271.81732177734375,0,0,0,0,0,0,0,0,0,0,0,0,0,0,0,0,0,0,0,0,0,0,0,0,0
2008-02-19 17:15:00+00:00,30,2,17,137.2349853515625,,0,0,0,0,0,0,0,0,0,0,0,1,1,1,1,1,1,0,0,0,0,0,0,0,0
2008-02-19 17:15:00+00:00,30,2,17,,15.21159839630127,0,0,0,0,0,0,0,0,0,0,0,0,0,0,0,0,0,0,0,1,1,1,1,1,1
2008-02-19 17:30:00+00:00,30,2,17,319.8299255371094,316.6312561035156,0,0,0,0,0,0,0,0,0,0,0,0,0,0,0,0,1,0,0,0,0,0,0,0,0
2008-02-19 17:30:00+00:00,30,2,17,215.7791290283203,0.0,0,0,0,0,0,0,0,0,0,0,0,0,0,0,1,1,1,1,1,1,1,1,1,1,1
2008-02-19 17:30:00+00:00,30,2,17,228.162841796875,38.837890625,0,0,0,0,0,0,0,0,0,0,0,0,0,0,1,1,1,0,0,0,0,0,1,1,1
2008-02-19 17:30:00+00:00,30,2,17,89.35285186767578,84.42426300048828,0,0,0,0,0,0,0,0,0,1,1,1,1,1,1,1,1,0,0,0,0,0,0,0,0
2008-02-19 17:30:00+00:00,30,2,17,,,0,0,0,0,0,0,0,0,0,0,0,0,0,0,0,0,0,0,0,0,0,0,0,0,0
2008-02-19 17:30:00+00:00,30,2,17,,,0,0,0,0,0,0,0,0,0,0,0,0,0,0,0,0,0,0,0,0,0,0,0,0,0
2008-02-19 17:45:00+00:00,30,2,17,82.25365447998047,49.60538864135742,0,0,0,0,0,0,0,0,0,1,1,1,1,1,1,1,1,0,0,0,0,0,0,1,1
2008-02-20 10:00:00+00:00,30,2,10,,,0,0,0,0,0,0,0,0,0,0,0,0,0,0,0,0,0,0,0,0,0,0,0,0,0
2008-02-20 10:00:00+00:00,30,2,10,457.216552734375,450.26416015625,0,0,0,0,0,0,0,0,0,0,0,0,0,0,0,0,0,0,0,0,0,0,0,0,0
2008-02-20 10:00:00+00:00,30,2,10,123.23100280761719,158.34173583984375,0,0,0,0,0,0,0,0,0,0,0,1,1,1,1,1,1,0,0,0,0,0,0,0,0
2008-02-20 10:00:00+00:00,30,2,10,202.5701446533203,186.32749938964844,0,0,0,0,0,0,0,0,0,0,0,0,0,0,1,1,1,0,0,0,0,0,0,0,0
2008-02-20 10:00:00+00:00,30,2,10,142.56820678710938,116.77864074707031,0,0,0,0,0,0,0,0,0,0,0,1,1,1,1,1,1,0,0,0,0,0,0,0,0
2008-02-20 10:00:00+00:00,30,2,10,98.83761596679688,94.99317169189453,0,0,0,0,0,0,0,0,0,1,1,1,1,1,1,1,1,0,0,0,0,0,0,0,0
2008-02-20 10:00:00+00:00,30,2,10,106.53987884521484,83.18447875976562,0,0,0,0,0,0,0,0,0,0,1,1,1,1,1,1,1,0,0,0,0,0,0,0,0
2008-02-20 10:00:00+00:00,30,2,10,363.12298583984375,333.51837158203125,0,0,0,0,0,0,0,0,0,0,0,0,0,0,0,0,0,0,0,0,0,0,0,0,0
2008-02-20 10:15:00+00:00,30,2,10,,,0,0,0,0,0,0,0,0,0,0,0,0,0,0,0,0,0,0,0,0,0,0,0,0,0
2008-02-20 10:15:00+00:00,30,2,10,153.58688354492188,129.89828491210938,0,0,0,0,0,0,0,0,0,0,0,0,1,1,1,1,1,0,0,0,0,0,0,0,0
2008-02-20 10:15:00+00:00,30,2,10,,325.6678771972656,0,0,0,0,0,0,0,0,0,0,0,0,0,0,0,0,0,0,0,0,0,0,0,0,0
2008-02-20 10:15:00+00:00,30,2,10,367.4790954589844,357.4667663574219,0,0,0,0,0,0,0,0,0,0,0,0,0,0,0,0,0,0,0,0,0,0,0,0,0
2008-02-20 10:15:00+00:00,30,2,10,,,0,0,0,0,0,0,0,0,0,0,0,0,0,0,0,0,0,0,0,0,0,0,0,0,0
2008-02-20 10:15:00+00:00,30,2,10,390.0054626464844,295.11236572265625,0,0,0,0,0,0,0,0,0,0,0,0,0,0,0,0,0,0,0,0,0,0,0,0,0
2008-02-20 10:30:00+00:00,30,2,10,,,0,0,0,0,0,0,0,0,0,0,0,0,0,0,0,0,0,0,0,0,0,0,0,0,0
2008-02-20 10:30:00+00:00,30,2,10,,,0,0,0,0,0,0,0,0,0,0,0,0,0,0,0,0,0,0,0,0,0,0,0,0,0
2008-02-20 10:30:00+00:00,30,2,10,,,0,0,0,0,0,0,0,0,0,0,0,0,0,0,0,0,0,0,0,0,0,0,0,0,0
2008-02-20 10:30:00+00:00,30,2,10,,,0,0,0,0,0,0,0,0,0,0,0,0,0,0,0,0,0,0,0,0,0,0,0,0,0
2008-02-20 10:30:00+00:00,30,2,10,390.4043273925781,410.6570739746094,0,0,0,0,0,0,0,0,0,0,0,0,0,0,0,0,0,0,0,0,0,0,0,0,0
2008-02-20 10:30:00+00:00,30,2,10,428.28546142578125,401.3413391113281,0,0,0,0,0,0,0,0,0,0,0,0,0,0,0,0,0,0,0,0,0,0,0,0,0
2008-02-20 10:30:00+00:00,30,2,10,132.51571655273438,112.31706237792969,0,0,0,0,0,0,0,0,0,0,0,1,1,1,1,1,1,0,0,0,0,0,0,0,0
2008-02-20 10:30:00+00:00,30,2,10,202.31680297851562,179.50868225097656,0,0,0,0,0,0,0,0,0,0,0,0,0,0,1,1,1,0,0,0,0,0,0,0,0
2008-02-20 10:30:00+00:00,30,2,10,235.71841430664062,224.99261474609375,0,0,0,0,0,0,0,0,0,0,0,0,0,0,1,1,1,0,0,0,0,0,0,0,0
2008-02-20 10:30:00+00:00,30,2,10,151.06846618652344,138.4479217529297,0,0,0,0,0,0,0,0,0,0,0,0,1,1,1,1,1,0,0,0,0,0,0,0,0
2008-02-20 10:30:00+00:00,30,2,10,382.24798583984375,373.0462341308594,0,0,0,0,0,0,0,0,0,0,0,0,0,0,0,0,0,0,0,0,0,0,0,0,0
2008-02-20 10:30:00+00:00,30,2,10,423.0171203613281,412.9571533203125,0,0,0,0,0,0,0,0,0,0,0,0,0,0,0,0,0,0,0,0,0,0,0,0,0
2008-02-20 10:30:00+00:00,30,2,10,,208.07493591308594,0,0,0,0,0,0,0,0,0,0,0,0,0,0,0,0,0,0,0,0,0,0,0,0,0
2008-02-20 10:30:00+00:00,30,2,10,,,0,0,0,0,0,0,0,0,0,0,0,0,0,0,0,0,0,0,0,0,0,0,0,0,0
2008-02-20 10:30:00+00:00,30,2,10,261.45477294921875,195.64724731445312,0,0,0,0,0,0,0,0,0,0,0,0,0,0,0,1,1,0,0,0,0,0,0,0,0
2008-02-20 10:30:00+00:00,30,2,10,110.35518646240234,9.842196464538574,0,0,0,0,0,0,0,0,0,0,1,1,1,1,1,1,1,1,1,1,1,1,1,1,1
2008-02-20 10:45:00+00:00,30,2,10,,190.53057861328125,0,0,0,0,0,0,0,0,0,0,0,0,0,0,0,0,0,0,0,0,0,0,0,0,0
2008-02-20 10:45:00+00:00,30,2,10,,333.3165283203125,0,0,0,0,0,0,0,0,0,0,0,0,0,0,0,0,0,0,0,0,0,0,0,0,0
2008-02-20 10:45:00+00:00,30,2,10,172.8178253173828,139.67648315429688,0,0,0,0,0,0,0,0,0,0,0,0,1,1,1,1,1,0,0,0,0,0,0,0,0
2008-02-20 10:45:00+00:00,30,2,10,122.7350845336914,113.25144958496094,0,0,0,0,0,0,0,0,0,0,0,1,1,1,1,1,1,0,0,0,0,0,0,0,0
2008-02-20 10:45:00+00:00,30,2,10,329.55908203125,86.02174377441406,0,0,0,0,0,0,0,0,0,0,0,0,0,0,0,0,1,0,0,0,0,0,0,0,0
2008-02-20 10:45:00+00:00,30,2,10,353.6239318847656,167.1043701171875,0,0,0,0,0,0,0,0,0,0,0,0,0,0,0,0,0,0,0,0,0,0,0,0,0
2008-02-20 10:45:00+00:00,30,2,10,378.5922546386719,199.81265258789062,0,0,0,0,0,0,0,0,0,0,0,0,0,0,0,0,0,0,0,0,0,0,0,0,0
2008-02-20 10:45:00+00:00,30,2,10,,374.6952209472656,0,0,0,0,0,0,0,0,0,0,0,0,0,0,0,0,0,0,0,0,0,0,0,0,0
2008-02-20 10:45:00+00:00,30,2,10,157.98683166503906,,0,0,0,0,0,0,0,0,0,0,0,0,1,1,1,1,1,0,0,0,0,0,0,0,0
2008-02-20 11:00:00+00:00,30,2,11,316.6423645019531,287.93280029296875,0,0,0,0,0,0,0,0,0,0,0,0,0,0,0,0,1,0,0,0,0,0,0,0,0
2008-02-20 11:00:00+00:00,30,2,11,323.8741455078125,215.47874450683594,0,0,0,0,0,0,0,0,0,0,0,0,0,0,0,0,1,0,0,0,0,0,0,0,0
2008-02-20 11:00:00+00:00,30,2,11,285.19287109375,280.0188903808594,0,0,0,0,0,0,0,0,0,0,0,0,0,0,0,1,1,0,0,0,0,0,0,0,0
2008-02-20 11:00:00+00:00,30,2,11,,234.84341430664062,0,0,0,0,0,0,0,0,0,0,0,0,0,0,0,0,0,0,0,0,0,0,0,0,0
2008-02-20 11:00:00+00:00,30,2,11,124.22077178955078,138.77188110351562,0,0,0,0,0,0,0,0,0,0,0,1,1,1,1,1,1,0,0,0,0,0,0,0,0
2008-02-20 11:00:00+00:00,30,2,11,44.605220794677734,44.85283279418945,0,0,0,0,0,0,1,1,1,1,1,1,1,1,1,1,1,0,0,0,0,0,0,1,1
2008-02-20 11:00:00+00:00,30,2,11,,250.19195556640625,0,0,0,0,0,0,0,0,0,0,0,0,0,0,0,0,0,0,0,0,0,0,0,0,0
2008-02-20 11:00:00+00:00,30,2,11,258.32293701171875,0.0,0,0,0,0,0,0,0,0,0,0,0,0,0,0,0,1,1,1,1,1,1,1,1,1,1
2008-02-20 11:00:00+00:00,30,2,11,,,0,0,0,0,0,0,0,0,0,0,0,0,0,0,0,0,0,0,0,0,0,0,0,0,0
2008-02-20 11:00:00+00:00,30,2,11,159.22036743164062,0.0,0,0,0,0,0,0,0,0,0,0,0,0,1,1,1,1,1,1,1,1,1,1,1,1,1
2008-02-20 11:00:00+00:00,30,2,11,,,0,0,0,0,0,0,0,0,0,0,0,0,0,0,0,0,0,0,0,0,0,0,0,0,0
2008-02-20 11:00:00+00:00,30,2,11,,,0,0,0,0,0,0,0,0,0,0,0,0,0,0,0,0,0,0,0,0,0,0,0,0,0
2008-02-20 11:15:00+00:00,30,2,11,,,0,0,0,0,0,0,0,0,0,0,0,0,0,0,0,0,0,0,0,0,0,0,0,0,0
2008-02-20 11:15:00+00:00,30,2,11,,,0,0,0,0,0,0,0,0,0,0,0,0,0,0,0,0,0,0,0,0,0,0,0,0,0
2008-02-20 11:15:00+00:00,30,2,11,,,0,0,0,0,0,0,0,0,0,0,0,0,0,0,0,0,0,0,0,0,0,0,0,0,0
2008-02-20 11:15:00+00:00,30,2,11,393.99749755859375,372.73388671875,0,0,0,0,0,0,0,0,0,0,0,0,0,0,0,0,0,0,0,0,0,0,0,0,0
2008-02-20 11:15:00+00:00,30,2,11,,,0,0,0,0,0,0,0,0,0,0,0,0,0,0,0,0,0,0,0,0,0,0,0,0,0
2008-02-20 11:15:00+00:00,30,2,11,,,0,0,0,0,0,0,0,0,0,0,0,0,0,0,0,0,0,0,0,0,0,0,0,0,0
2008-02-20 11:15:00+00:00,30,2,11,,,0,0,0,0,0,0,0,0,0,0,0,0,0,0,0,0,0,0,0,0,0,0,0,0,0
2008-02-20 11:15:00+00:00,30,2,11,285.98834228515625,263.9269714355469,0,0,0,0,0,0,0,0,0,0,0,0,0,0,0,1,1,0,0,0,0,0,0,0,0
2008-02-20 11:15:00+00:00,30,2,11,393.72454833984375,494.739501953125,0,0,0,0,0,0,0,0,0,0,0,0,0,0,0,0,0,0,0,0,0,0,0,0,0
2008-02-20 11:15:00+00:00,30,2,11,222.54135131835938,199.932861328125,0,0,0,0,0,0,0,0,0,0,0,0,0,0,1,1,1,0,0,0,0,0,0,0,0
2008-02-20 11:15:00+00:00,30,2,11,476.5830383300781,,0,0,0,0,0,0,0,0,0,0,0,0,0,0,0,0,0,0,0,0,0,0,0,0,0
2008-02-20 11:15:00+00:00,30,2,11,411.94219970703125,403.2157897949219,0,0,0,0,0,0,0,0,0,0,0,0,0,0,0,0,0,0,0,0,0,0,0,0,0
2008-02-20 11:15:00+00:00,30,2,11,127.66246032714844,11.05142593383789,0,0,0,0,0,0,0,0,0,0,0,1,1,1,1,1,1,0,1,1,1,1,1,1,1
2008-02-20 11:15:00+00:00,30,2,11,458.470703125,185.0423126220703,0,0,0,0,0,0,0,0,0,0,0,0,0,0,0,0,0,0,0,0,0,0,0,0,0
2008-02-20 11:15:00+00:00,30,2,11,555.7250366210938,239.86093139648438,0,0,0,0,0,0,0,0,0,0,0,0,0,0,0,0,0,0,0,0,0,0,0,0,0
2008-02-20 11:15:00+00:00,30,2,11,,,0,0,0,0,0,0,0,0,0,0,0,0,0,0,0,0,0,0,0,0,0,0,0,0,0
2008-02-20 11:15:00+00:00,30,2,11,,373.4858093261719,0,0,0,0,0,0,0,0,0,0,0,0,0,0,0,0,0,0,0,0,0,0,0,0,0
2008-02-20 11:15:00+00:00,30,2,11,377.5964660644531,288.8232421875,0,0,0,0,0,0,0,0,0,0,0,0,0,0,0,0,0,0,0,0,0,0,0,0,0
2008-02-20 11:15:00+00:00,30,2,11,,,0,0,0,0,0,0,0,0,0,0,0,0,0,0,0,0,0,0,0,0,0,0,0,0,0
2008-02-20 11:30:00+00:00,30,2,11,470.4635314941406,450.943603515625,0,0,0,0,0,0,0,0,0,0,0,0,0,0,0,0,0,0,0,0,0,0,0,0,0
2008-02-20 11:30:00+00:00,30,2,11,398.79205322265625,378.47296142578125,0,0,0,0,0,0,0,0,0,0,0,0,0,0,0,0,0,0,0,0,0,0,0,0,0
2008-02-20 11:30:00+00:00,30,2,11,192.78863525390625,177.231689453125,0,0,0,0,0,0,0,0,0,0,0,0,0,1,1,1,1,0,0,0,0,0,0,0,0
2008-02-20 11:30:00+00:00,30,2,11,200.375,185.7220001220703,0,0,0,0,0,0,0,0,0,0,0,0,0,0,1,1,1,0,0,0,0,0,0,0,0
2008-02-20 11:30:00+00:00,30,2,11,182.51025390625,160.9633026123047,0,0,0,0,0,0,0,0,0,0,0,0,0,1,1,1,1,0,0,0,0,0,0,0,0
2008-02-20 11:30:00+00:00,30,2,11,285.7880554199219,337.5631103515625,0,0,0,0,0,0,0,0,0,0,0,0,0,0,0,1,1,0,0,0,0,0,0,0,0
2008-02-20 11:30:00+00:00,30,2,11,163.42994689941406,67.0135498046875,0,0,0,0,0,0,0,0,0,0,0,0,1,1,1,1,1,0,0,0,0,0,0,0,0
2008-02-20 11:30:00+00:00,30,2,11,71.79690551757812,79.9273681640625,0,0,0,0,0,0,0,0,1,1,1,1,1,1,1,1,1,0,0,0,0,0,0,0,0
2008-02-20 11:30:00+00:00,30,2,11,223.7777557373047,161.7156219482422,0,0,0,0,0,0,0,0,0,0,0,0,0,0,1,1,1,0,0,0,0,0,0,0,0
2008-02-20 11:30:00+00:00,30,2,11,149.26498413085938,144.55726623535156,0,0,0,0,0,0,0,0,0,0,0,1,1,1,1,1,1,0,0,0,0,0,0,0,0
2008-02-20 11:30:00+00:00,30,2,11,169.99920654296875,163.01947021484375,0,0,0,0,0,0,0,0,0,0,0,0,1,1,1,1,1,0,0,0,0,0,0,0,0
2008-02-20 11:30:00+00:00,30,2,11,428.1063537597656,406.2043151855469,0,0,0,0,0,0,0,0,0,0,0,0,0,0,0,0,0,0,0,0,0,0,0,0,0
2008-02-20 11:30:00+00:00,30,2,11,436.8808898925781,412.5724182128906,0,0,0,0,0,0,0,0,0,0,0,0,0,0,0,0,0,0,0,0,0,0,0,0,0
2008-02-20 11:30:00+00:00,30,2,11,383.9499206542969,380.2812805175781,0,0,0,0,0,0,0,0,0,0,0,0,0,0,0,0,0,0,0,0,0,0,0,0,0
2008-02-20 11:30:00+00:00,30,2,11,281.87628173828125,261.6803894042969,0,0,0,0,0,0,0,0,0,0,0,0,0,0,0,1,1,0,0,0,0,0,0,0,0
2008-02-20 11:30:00+00:00,30,2,11,280.4974670410156,263.4383850097656,0,0,0,0,0,0,0,0,0,0,0,0,0,0,0,1,1,0,0,0,0,0,0,0,0
2008-02-20 11:30:00+00:00,30,2,11,37.482460021972656,21.87234115600586,0,0,0,0,0,1,1,1,1,1,1,1,1,1,1,1,1,0,0,0,1,1,1,1,1
2008-02-20 11:45:00+00:00,30,2,11,,,0,0,0,0,0,0,0,0,0,0,0,0,0,0,0,0,0,0,0,0,0,0,0,0,0
2008-02-20 11:45:00+00:00,30,2,11,389.5872497558594,401.1961364746094,0,0,0,0,0,0,0,0,0,0,0,0,0,0,0,0,0,0,0,0,0,0,0,0,0
2008-02-20 11:45:00+00:00,30,2,11,,,0,0,0,0,0,0,0,0,0,0,0,0,0,0,0,0,0,0,0,0,0,0,0,0,0
2008-02-20 11:45:00+00:00,30,2,11,308.9300842285156,174.1351776123047,0,0,0,0,0,0,0,0,0,0,0,0,0,0,0,0,1,0,0,0,0,0,0,0,0
2008-02-20 11:45:00+00:00,30,2,11,631.0553588867188,627.9857177734375,0,0,0,0,0,0,0,0,0,0,0,0,0,0,0,0,0,0,0,0,0,0,0,0,0
2008-02-20 11:45:00+00:00,30,2,11,182.74656677246094,153.3765869140625,0,0,0,0,0,0,0,0,0,0,0,0,0,1,1,1,1,0,0,0,0,0,0,0,0
2008-02-20 11:45:00+00:00,30,2,11,,488.14434814453125,0,0,0,0,0,0,0,0,0,0,0,0,0,0,0,0,0,0,0,0,0,0,0,0,0
2008-02-20 11:45:00+00:00,30,2,11,45.40145492553711,36.331729888916016,0,0,0,0,0,0,1,1,1,1,1,1,1,1,1,1,1,0,0,0,0,0,1,1,1
2008-02-20 11:45:00+00:00,30,2,11,158.2701416015625,57.69234085083008,0,0,0,0,0,0,0,0,0,0,0,0,1,1,1,1,1,0,0,0,0,0,0,0,1
2008-02-20 11:45:00+00:00,30,2,11,151.36778259277344,128.0971221923828,0,0,0,0,0,0,0,0,0,0,0,0,1,1,1,1,1,0,0,0,0,0,0,0,0
2008-02-20 11:45:00+00:00,30,2,11,461.472900390625,281.57366943359375,0,0,0,0,0,0,0,0,0,0,0,0,0,0,0,0,0,0,0,0,0,0,0,0,0
2008-02-20 11:45:00+00:00,30,2,11,380.6152038574219,0.0,0,0,0,0,0,0,0,0,0,0,0,0,0,0,0,0,0,1,1,1,1,1,1,1,1
2008-02-20 11:45:00+00:00,30,2,11,323.15496826171875,305.2987976074219,0,0,0,0,0,0,0,0,0,0,0,0,0,0,0,0,1,0,0,0,0,0,0,0,0
2008-02-20 11:45:00+00:00,30,2,11,473.5609436035156,199.2906951904297,0,0,0,0,0,0,0,0,0,0,0,0,0,0,0,0,0,0,0,0,0,0,0,0,0
2008-02-20 11:45:00+00:00,30,2,11,449.039306640625,342.3567199707031,0,0,0,0,0,0,0,0,0,0,0,0,0,0,0,0,0,0,0,0,0,0,0,0,0
2008-02-20 11:45:00+00:00,30,2,11,219.60801696777344,249.7811279296875,0,0,0,0,0,0,0,0,0,0,0,0,0,0,1,1,1,0,0,0,0,0,0,0,0
2008-02-20 11:45:00+00:00,30,2,11,83.89334106445312,83.89334106445312,0,0,0,0,0,0,0,0,0,1,1,1,1,1,1,1,1,0,0,0,0,0,0,0,0
2008-02-20 11:45:00+00:00,30,2,11,,,0,0,0,0,0,0,0,0,0,0,0,0,0,0,0,0,0,0,0,0,0,0,0,0,0
2008-02-20 11:45:00+00:00,30,2,11,,,0,0,0,0,0,0,0,0,0,0,0,0,0,0,0,0,0,0,0,0,0,0,0,0,0
2008-02-20 11:45:00+00:00,30,2,11,,,0,0,0,0,0,0,0,0,0,0,0,0,0,0,0,0,0,0,0,0,0,0,0,0,0
2008-02-20 12:00:00+00:00,30,2,12,,,0,0,0,0,0,0,0,0,0,0,0,0,0,0,0,0,0,0,0,0,0,0,0,0,0
2008-02-20 12:00:00+00:00,30,2,12,,,0,0,0,0,0,0,0,0,0,0,0,0,0,0,0,0,0,0,0,0,0,0,0,0,0
2008-02-20 12:00:00+00:00,30,2,12,,,0,0,0,0,0,0,0,0,0,0,0,0,0,0,0,0,0,0,0,0,0,0,0,0,0
2008-02-20 12:00:00+00:00,30,2,12,,,0,0,0,0,0,0,0,0,0,0,0,0,0,0,0,0,0,0,0,0,0,0,0,0,0
2008-02-20 12:00:00+00:00,30,2,12,273.835693359375,116.23245239257812,0,0,0,0,0,0,0,0,0,0,0,0,0,0,0,1,1,0,0,0,0,0,0,0,0
2008-02-20 12:00:00+00:00,30,2,12,129.4520721435547,133.84426879882812,0,0,0,0,0,0,0,0,0,0,0,1,1,1,1,1,1,0,0,0,0,0,0,0,0
2008-02-20 12:00:00+00:00,30,2,12,261.4473876953125,303.6593017578125,0,0,0,0,0,0,0,0,0,0,0,0,0,0,0,1,1,0,0,0,0,0,0,0,0
2008-02-20 12:00:00+00:00,30,2,12,,481.0196533203125,0,0,0,0,0,0,0,0,0,0,0,0,0,0,0,0,0,0,0,0,0,0,0,0,0
2008-02-20 12:00:00+00:00,30,2,12,131.07772827148438,313.26739501953125,0,0,0,0,0,0,0,0,0,0,0,1,1,1,1,1,1,0,0,0,0,0,0,0,0
2008-02-20 12:00:00+00:00,30,2,12,66.33622741699219,42.868438720703125,0,0,0,0,0,0,0,0,1,1,1,1,1,1,1,1,1,0,0,0,0,0,0,1,1
2008-02-20 12:00:00+00:00,30,2,12,178.33177185058594,181.65548706054688,0,0,0,0,0,0,0,0,0,0,0,0,1,1,1,1,1,0,0,0,0,0,0,0,0
2008-02-20 12:00:00+00:00,30,2,12,120.42005920410156,67.64695739746094,0,0,0,0,0,0,0,0,0,0,0,1,1,1,1,1,1,0,0,0,0,0,0,0,0
2008-02-20 12:00:00+00:00,30,2,12,45.93638229370117,37.014312744140625,0,0,0,0,0,0,1,1,1,1,1,1,1,1,1,1,1,0,0,0,0,0,1,1,1
2008-02-20 12:00:00+00:00,30,2,12,155.13623046875,87.56123352050781,0,0,0,0,0,0,0,0,0,0,0,0,1,1,1,1,1,0,0,0,0,0,0,0,0
2008-02-20 12:00:00+00:00,30,2,12,187.98085021972656,156.20114135742188,0,0,0,0,0,0,0,0,0,0,0,0,0,1,1,1,1,0,0,0,0,0,0,0,0
2008-02-20 12:00:00+00:00,30,2,12,218.72926330566406,115.61652374267578,0,0,0,0,0,0,0,0,0,0,0,0,0,0,1,1,1,0,0,0,0,0,0,0,0
2008-02-20 12:00:00+00:00,30,2,12,216.6788787841797,122.9522476196289,0,0,0,0,0,0,0,0,0,0,0,0,0,0,1,1,1,0,0,0,0,0,0,0,0
2008-02-20 12:00:00+00:00,30,2,12,194.48167419433594,133.26242065429688,0,0,0,0,0,0,0,0,0,0,0,0,0,1,1,1,1,0,0,0,0,0,0,0,0
2008-02-20 12:00:00+00:00,30,2,12,286.1134033203125,132.4853057861328,0,0,0,0,0,0,0,0,0,0,0,0,0,0,0,1,1,0,0,0,0,0,0,0,0
2008-02-20 12:00:00+00:00,30,2,12,101.9148941040039,116.56564331054688,0,0,0,0,0,0,0,0,0,0,1,1,1,1,1,1,1,0,0,0,0,0,0,0,0
2008-02-20 12:00:00+00:00,30,2,12,,324.8504943847656,0,0,0,0,0,0,0,0,0,0,0,0,0,0,0,0,0,0,0,0,0,0,0,0,0
2008-02-20 12:00:00+00:00,30,2,12,295.34649658203125,226.9516143798828,0,0,0,0,0,0,0,0,0,0,0,0,0,0,0,1,1,0,0,0,0,0,0,0,0
2008-02-20 12:00:00+00:00,30,2,12,,,0,0,0,0,0,0,0,0,0,0,0,0,0,0,0,0,0,0,0,0,0,0,0,0,0
2008-02-20 12:00:00+00:00,30,2,12,,,0,0,0,0,0,0,0,0,0,0,0,0,0,0,0,0,0,0,0,0,0,0,0,0,0
2008-02-20 12:15:00+00:00,30,2,12,,,0,0,0,0,0,0,0,0,0,0,0,0,0,0,0,0,0,0,0,0,0,0,0,0,0
2008-02-20 12:15:00+00:00,30,2,12,,,0,0,0,0,0,0,0,0,0,0,0,0,0,0,0,0,0,0,0,0,0,0,0,0,0
2008-02-20 12:15:00+00:00,30,2,12,,,0,0,0,0,0,0,0,0,0,0,0,0,0,0,0,0,0,0,0,0,0,0,0,0,0
2008-02-20 12:15:00+00:00,30,2,12,,,0,0,0,0,0,0,0,0,0,0,0,0,0,0,0,0,0,0,0,0,0,0,0,0,0
2008-02-20 12:15:00+00:00,30,2,12,,,0,0,0,0,0,0,0,0,0,0,0,0,0,0,0,0,0,0,0,0,0,0,0,0,0
2008-02-20 12:15:00+00:00,30,2,12,282.2920227050781,285.2925720214844,0,0,0,0,0,0,0,0,0,0,0,0,0,0,0,1,1,0,0,0,0,0,0,0,0
2008-02-20 12:15:00+00:00,30,2,12,,,0,0,0,0,0,0,0,0,0,0,0,0,0,0,0,0,0,0,0,0,0,0,0,0,0
2008-02-20 12:15:00+00:00,30,2,12,,379.79254150390625,0,0,0,0,0,0,0,0,0,0,0,0,0,0,0,0,0,0,0,0,0,0,0,0,0
2008-02-20 12:15:00+00:00,30,2,12,529.9969482421875,88.89144897460938,0,0,0,0,0,0,0,0,0,0,0,0,0,0,0,0,0,0,0,0,0,0,0,0,0
2008-02-20 12:15:00+00:00,30,2,12,183.63389587402344,134.35923767089844,0,0,0,0,0,0,0,0,0,0,0,0,0,1,1,1,1,0,0,0,0,0,0,0,0
2008-02-20 12:15:00+00:00,30,2,12,217.3287353515625,204.5692901611328,0,0,0,0,0,0,0,0,0,0,0,0,0,0,1,1,1,0,0,0,0,0,0,0,0
2008-02-20 12:15:00+00:00,30,2,12,,,0,0,0,0,0,0,0,0,0,0,0,0,0,0,0,0,0,0,0,0,0,0,0,0,0
2008-02-20 12:15:00+00:00,30,2,12,276.3810729980469,283.9203796386719,0,0,0,0,0,0,0,0,0,0,0,0,0,0,0,1,1,0,0,0,0,0,0,0,0
2008-02-20 12:15:00+00:00,30,2,12,211.7546844482422,287.9128723144531,0,0,0,0,0,0,0,0,0,0,0,0,0,0,1,1,1,0,0,0,0,0,0,0,0
2008-02-20 12:15:00+00:00,30,2,12,,,0,0,0,0,0,0,0,0,0,0,0,0,0,0,0,0,0,0,0,0,0,0,0,0,0
2008-02-20 12:15:00+00:00,30,2,12,,,0,0,0,0,0,0,0,0,0,0,0,0,0,0,0,0,0,0,0,0,0,0,0,0,0
2008-02-20 12:30:00+00:00,30,2,12,,,0,0,0,0,0,0,0,0,0,0,0,0,0,0,0,0,0,0,0,0,0,0,0,0,0
2008-02-20 12:30:00+00:00,30,2,12,,,0,0,0,0,0,0,0,0,0,0,0,0,0,0,0,0,0,0,0,0,0,0,0,0,0
2008-02-20 12:30:00+00:00,30,2,12,,,0,0,0,0,0,0,0,0,0,0,0,0,0,0,0,0,0,0,0,0,0,0,0,0,0
2008-02-20 12:30:00+00:00,30,2,12,,,0,0,0,0,0,0,0,0,0,0,0,0,0,0,0,0,0,0,0,0,0,0,0,0,0
2008-02-20 12:30:00+00:00,30,2,12,,,0,0,0,0,0,0,0,0,0,0,0,0,0,0,0,0,0,0,0,0,0,0,0,0,0
2008-02-20 12:30:00+00:00,30,2,12,,,0,0,0,0,0,0,0,0,0,0,0,0,0,0,0,0,0,0,0,0,0,0,0,0,0
2008-02-20 12:30:00+00:00,30,2,12,246.41590881347656,15.105795860290527,0,0,0,0,0,0,0,0,0,0,0,0,0,0,1,1,1,0,0,1,1,1,1,1,1
2008-02-20 12:30:00+00:00,30,2,12,120.98944854736328,124.48275756835938,0,0,0,0,0,0,0,0,0,0,0,1,1,1,1,1,1,0,0,0,0,0,0,0,0
2008-02-20 12:30:00+00:00,30,2,12,190.9532470703125,106.00186920166016,0,0,0,0,0,0,0,0,0,0,0,0,0,1,1,1,1,0,0,0,0,0,0,0,0
2008-02-20 12:30:00+00:00,30,2,12,170.6361541748047,181.5420379638672,0,0,0,0,0,0,0,0,0,0,0,0,1,1,1,1,1,0,0,0,0,0,0,0,0
2008-02-20 12:30:00+00:00,30,2,12,107.8434829711914,115.86797332763672,0,0,0,0,0,0,0,0,0,0,1,1,1,1,1,1,1,0,0,0,0,0,0,0,0
2008-02-20 12:30:00+00:00,30,2,12,144.8033447265625,112.86228942871094,0,0,0,0,0,0,0,0,0,0,0,1,1,1,1,1,1,0,0,0,0,0,0,0,0
2008-02-20 12:30:00+00:00,30,2,12,175.4541778564453,156.58229064941406,0,0,0,0,0,0,0,0,0,0,0,0,1,1,1,1,1,0,0,0,0,0,0,0,0
2008-02-20 12:30:00+00:00,30,2,12,203.64122009277344,184.0724639892578,0,0,0,0,0,0,0,0,0,0,0,0,0,0,1,1,1,0,0,0,0,0,0,0,0
2008-02-20 12:30:00+00:00,30,2,12,280.52386474609375,279.64910888671875,0,0,0,0,0,0,0,0,0,0,0,0,0,0,0,1,1,0,0,0,0,0,0,0,0
2008-02-20 12:30:00+00:00,30,2,12,367.6307067871094,361.6852722167969,0,0,0,0,0,0,0,0,0,0,0,0,0,0,0,0,0,0,0,0,0,0,0,0,0
2008-02-20 12:30:00+00:00,30,2,12,242.7613067626953,270.87103271484375,0,0,0,0,0,0,0,0,0,0,0,0,0,0,1,1,1,0,0,0,0,0,0,0,0
2008-02-20 12:30:00+00:00,30,2,12,,,0,0,0,0,0,0,0,0,0,0,0,0,0,0,0,0,0,0,0,0,0,0,0,0,0
2008-02-20 12:30:00+00:00,30,2,12,,,0,0,0,0,0,0,0,0,0,0,0,0,0,0,0,0,0,0,0,0,0,0,0,0,0
2008-02-20 12:30:00+00:00,30,2,12,,,0,0,0,0,0,0,0,0,0,0,0,0,0,0,0,0,0,0,0,0,0,0,0,0,0
2008-02-20 12:45:00+00:00,30,2,12,,,0,0,0,0,0,0,0,0,0,0,0,0,0,0,0,0,0,0,0,0,0,0,0,0,0
2008-02-20 12:45:00+00:00,30,2,12,,,0,0,0,0,0,0,0,0,0,0,0,0,0,0,0,0,0,0,0,0,0,0,0,0,0
2008-02-20 12:45:00+00:00,30,2,12,,,0,0,0,0,0,0,0,0,0,0,0,0,0,0,0,0,0,0,0,0,0,0,0,0,0
2008-02-20 12:45:00+00:00,30,2,12,,,0,0,0,0,0,0,0,0,0,0,0,0,0,0,0,0,0,0,0,0,0,0,0,0,0
2008-02-20 12:45:00+00:00,30,2,12,91.65119171142578,82.69410705566406,0,0,0,0,0,0,0,0,0,1,1,1,1,1,1,1,1,0,0,0,0,0,0,0,0
2008-02-20 12:45:00+00:00,30,2,12,297.0308532714844,51.174652099609375,0,0,0,0,0,0,0,0,0,0,0,0,0,0,0,1,1,0,0,0,0,0,0,0,1
2008-02-20 12:45:00+00:00,30,2,12,123.34447479248047,298.9832458496094,0,0,0,0,0,0,0,0,0,0,0,1,1,1,1,1,1,0,0,0,0,0,0,0,0
2008-02-20 12:45:00+00:00,30,2,12,145.5994110107422,159.9345245361328,0,0,0,0,0,0,0,0,0,0,0,1,1,1,1,1,1,0,0,0,0,0,0,0,0
2008-02-20 12:45:00+00:00,30,2,12,321.08099365234375,314.5557556152344,0,0,0,0,0,0,0,0,0,0,0,0,0,0,0,0,1,0,0,0,0,0,0,0,0
2008-02-20 12:45:00+00:00,30,2,12,474.50408935546875,442.2379455566406,0,0,0,0,0,0,0,0,0,0,0,0,0,0,0,0,0,0,0,0,0,0,0,0,0
2008-02-20 12:45:00+00:00,30,2,12,,,0,0,0,0,0,0,0,0,0,0,0,0,0,0,0,0,0,0,0,0,0,0,0,0,0
2008-02-20 13:00:00+00:00,30,2,13,,,0,0,0,0,0,0,0,0,0,0,0,0,0,0,0,0,0,0,0,0,0,0,0,0,0
2008-02-20 13:00:00+00:00,30,2,13,,,0,0,0,0,0,0,0,0,0,0,0,0,0,0,0,0,0,0,0,0,0,0,0,0,0
2008-02-20 13:00:00+00:00,30,2,13,,,0,0,0,0,0,0,0,0,0,0,0,0,0,0,0,0,0,0,0,0,0,0,0,0,0
2008-02-20 13:00:00+00:00,30,2,13,,,0,0,0,0,0,0,0,0,0,0,0,0,0,0,0,0,0,0,0,0,0,0,0,0,0
2008-02-20 13:00:00+00:00,30,2,13,,,0,0,0,0,0,0,0,0,0,0,0,0,0,0,0,0,0,0,0,0,0,0,0,0,0
2008-02-20 13:00:00+00:00,30,2,13,405.60430908203125,395.24481201171875,0,0,0,0,0,0,0,0,0,0,0,0,0,0,0,0,0,0,0,0,0,0,0,0,0
2008-02-20 13:00:00+00:00,30,2,13,77.68151092529297,89.8609619140625,0,0,0,0,0,0,0,0,1,1,1,1,1,1,1,1,1,0,0,0,0,0,0,0,0
2008-02-20 13:00:00+00:00,30,2,13,99.59484100341797,148.3211212158203,0,0,0,0,0,0,0,0,0,1,1,1,1,1,1,1,1,0,0,0,0,0,0,0,0
2008-02-20 13:00:00+00:00,30,2,13,130.6004638671875,120.62328338623047,0,0,0,0,0,0,0,0,0,0,0,1,1,1,1,1,1,0,0,0,0,0,0,0,0
2008-02-20 13:00:00+00:00,30,2,13,218.4005584716797,230.3632354736328,0,0,0,0,0,0,0,0,0,0,0,0,0,0,1,1,1,0,0,0,0,0,0,0,0
2008-02-20 13:00:00+00:00,30,2,13,209.97879028320312,198.8923797607422,0,0,0,0,0,0,0,0,0,0,0,0,0,0,1,1,1,0,0,0,0,0,0,0,0
2008-02-20 13:00:00+00:00,30,2,13,136.95352172851562,129.16661071777344,0,0,0,0,0,0,0,0,0,0,0,1,1,1,1,1,1,0,0,0,0,0,0,0,0
2008-02-20 13:00:00+00:00,30,2,13,315.5312194824219,296.3444519042969,0,0,0,0,0,0,0,0,0,0,0,0,0,0,0,0,1,0,0,0,0,0,0,0,0
2008-02-20 13:00:00+00:00,30,2,13,80.35572814941406,87.34989929199219,0,0,0,0,0,0,0,0,0,1,1,1,1,1,1,1,1,0,0,0,0,0,0,0,0
2008-02-20 13:00:00+00:00,30,2,13,340.587158203125,66.0479736328125,0,0,0,0,0,0,0,0,0,0,0,0,0,0,0,0,1,0,0,0,0,0,0,0,0
2008-02-20 13:00:00+00:00,30,2,13,91.8888931274414,18.289976119995117,0,0,0,0,0,0,0,0,0,1,1,1,1,1,1,1,1,0,0,1,1,1,1,1,1
2008-02-20 13:00:00+00:00,30,2,13,231.2253875732422,237.1199188232422,0,0,0,0,0,0,0,0,0,0,0,0,0,0,1,1,1,0,0,0,0,0,0,0,0
2008-02-20 13:00:00+00:00,30,2,13,404.02288818359375,407.5516662597656,0,0,0,0,0,0,0,0,0,0,0,0,0,0,0,0,0,0,0,0,0,0,0,0,0
2008-02-20 13:00:00+00:00,30,2,13,250.94798278808594,233.77484130859375,0,0,0,0,0,0,0,0,0,0,0,0,0,0,0,1,1,0,0,0,0,0,0,0,0
2008-02-20 13:00:00+00:00,30,2,13,,,0,0,0,0,0,0,0,0,0,0,0,0,0,0,0,0,0,0,0,0,0,0,0,0,0
2008-02-20 13:00:00+00:00,30,2,13,,,0,0,0,0,0,0,0,0,0,0,0,0,0,0,0,0,0,0,0,0,0,0,0,0,0
2008-02-20 13:15:00+00:00,30,2,13,,,0,0,0,0,0,0,0,0,0,0,0,0,0,0,0,0,0,0,0,0,0,0,0,0,0
2008-02-20 13:15:00+00:00,30,2,13,,,0,0,0,0,0,0,0,0,0,0,0,0,0,0,0,0,0,0,0,0,0,0,0,0,0
2008-02-20 13:15:00+00:00,30,2,13,,,0,0,0,0,0,0,0,0,0,0,0,0,0,0,0,0,0,0,0,0,0,0,0,0,0
2008-02-20 13:15:00+00:00,30,2,13,,,0,0,0,0,0,0,0,0,0,0,0,0,0,0,0,0,0,0,0,0,0,0,0,0,0
2008-02-20 13:15:00+00:00,30,2,13,,307.7269287109375,0,0,0,0,0,0,0,0,0,0,0,0,0,0,0,0,0,0,0,0,0,0,0,0,0
2008-02-20 13:15:00+00:00,30,2,13,87.79913330078125,40.299373626708984,0,0,0,0,0,0,0,0,0,1,1,1,1,1,1,1,1,0,0,0,0,0,0,1,1
2008-02-20 13:15:00+00:00,30,2,13,197.7036895751953,133.16087341308594,0,0,0,0,0,0,0,0,0,0,0,0,0,1,1,1,1,0,0,0,0,0,0,0,0
2008-02-20 13:15:00+00:00,30,2,13,98.28841400146484,101.75858306884766,0,0,0,0,0,0,0,0,0,1,1,1,1,1,1,1,1,0,0,0,0,0,0,0,0
2008-02-20 13:15:00+00:00,30,2,13,179.63233947753906,168.19244384765625,0,0,0,0,0,0,0,0,0,0,0,0,1,1,1,1,1,0,0,0,0,0,0,0,0
2008-02-20 13:15:00+00:00,30,2,13,,,0,0,0,0,0,0,0,0,0,0,0,0,0,0,0,0,0,0,0,0,0,0,0,0,0
2008-02-20 13:15:00+00:00,30,2,13,167.07191467285156,139.42770385742188,0,0,0,0,0,0,0,0,0,0,0,0,1,1,1,1,1,0,0,0,0,0,0,0,0
2008-02-20 13:15:00+00:00,30,2,13,221.24351501464844,0.0,0,0,0,0,0,0,0,0,0,0,0,0,0,0,1,1,1,1,1,1,1,1,1,1,1
2008-02-20 13:15:00+00:00,30,2,13,290.4111633300781,258.1781921386719,0,0,0,0,0,0,0,0,0,0,0,0,0,0,0,1,1,0,0,0,0,0,0,0,0
2008-02-20 13:30:00+00:00,30,2,13,,306.7290344238281,0,0,0,0,0,0,0,0,0,0,0,0,0,0,0,0,0,0,0,0,0,0,0,0,0
2008-02-20 13:30:00+00:00,30,2,13,166.5018310546875,112.7245101928711,0,0,0,0,0,0,0,0,0,0,0,0,1,1,1,1,1,0,0,0,0,0,0,0,0
2008-02-20 13:30:00+00:00,30,2,13,81.84840393066406,115.5053939819336,0,0,0,0,0,0,0,0,0,1,1,1,1,1,1,1,1,0,0,0,0,0,0,0,0
2008-02-20 13:30:00+00:00,30,2,13,154.5579833984375,87.05681610107422,0,0,0,0,0,0,0,0,0,0,0,0,1,1,1,1,1,0,0,0,0,0,0,0,0
2008-02-20 13:30:00+00:00,30,2,13,257.7582092285156,355.7959289550781,0,0,0,0,0,0,0,0,0,0,0,0,0,0,0,1,1,0,0,0,0,0,0,0,0
2008-02-20 13:30:00+00:00,30,2,13,98.1480484008789,130.7713165283203,0,0,0,0,0,0,0,0,0,1,1,1,1,1,1,1,1,0,0,0,0,0,0,0,0
2008-02-20 13:30:00+00:00,30,2,13,76.67697143554688,99.81028747558594,0,0,0,0,0,0,0,0,1,1,1,1,1,1,1,1,1,0,0,0,0,0,0,0,0
2008-02-20 13:30:00+00:00,30,2,13,112.3471908569336,128.612548828125,0,0,0,0,0,0,0,0,0,0,1,1,1,1,1,1,1,0,0,0,0,0,0,0,0
2008-02-20 13:30:00+00:00,30,2,13,61.372459411621094,61.372459411621094,0,0,0,0,0,0,0,0,1,1,1,1,1,1,1,1,1,0,0,0,0,0,0,0,0
2008-02-20 13:30:00+00:00,30,2,13,92.11695861816406,46.16265106201172,0,0,0,0,0,0,0,0,0,1,1,1,1,1,1,1,1,0,0,0,0,0,0,1,1
2008-02-20 13:30:00+00:00,30,2,13,54.48389434814453,48.512420654296875,0,0,0,0,0,0,0,1,1,1,1,1,1,1,1,1,1,0,0,0,0,0,0,1,1
2008-02-20 13:30:00+00:00,30,2,13,,,0,0,0,0,0,0,0,0,0,0,0,0,0,0,0,0,0,0,0,0,0,0,0,0,0
2008-02-20 13:30:00+00:00,30,2,13,,,0,0,0,0,0,0,0,0,0,0,0,0,0,0,0,0,0,0,0,0,0,0,0,0,0
2008-02-20 13:30:00+00:00,30,2,13,,,0,0,0,0,0,0,0,0,0,0,0,0,0,0,0,0,0,0,0,0,0,0,0,0,0
2008-02-20 13:30:00+00:00,30,2,13,,,0,0,0,0,0,0,0,0,0,0,0,0,0,0,0,0,0,0,0,0,0,0,0,0,0
2008-02-20 13:30:00+00:00,30,2,13,,,0,0,0,0,0,0,0,0,0,0,0,0,0,0,0,0,0,0,0,0,0,0,0,0,0
2008-02-20 13:45:00+00:00,30,2,13,,335.2855224609375,0,0,0,0,0,0,0,0,0,0,0,0,0,0,0,0,0,0,0,0,0,0,0,0,0
2008-02-20 13:45:00+00:00,30,2,13,344.0265197753906,105.04048156738281,0,0,0,0,0,0,0,0,0,0,0,0,0,0,0,0,1,0,0,0,0,0,0,0,0
2008-02-20 13:45:00+00:00,30,2,13,74.53809356689453,28.889680862426758,0,0,0,0,0,0,0,0,1,1,1,1,1,1,1,1,1,0,0,0,0,1,1,1,1
2008-02-20 13:45:00+00:00,30,2,13,67.53730010986328,54.68871307373047,0,0,0,0,0,0,0,0,1,1,1,1,1,1,1,1,1,0,0,0,0,0,0,0,1
2008-02-20 13:45:00+00:00,30,2,13,135.88645935058594,117.30728912353516,0,0,0,0,0,0,0,0,0,0,0,1,1,1,1,1,1,0,0,0,0,0,0,0,0
2008-02-20 13:45:00+00:00,30,2,13,,,0,0,0,0,0,0,0,0,0,0,0,0,0,0,0,0,0,0,0,0,0,0,0,0,0
2008-02-20 14:00:00+00:00,30,2,14,,,0,0,0,0,0,0,0,0,0,0,0,0,0,0,0,0,0,0,0,0,0,0,0,0,0
2008-02-20 14:00:00+00:00,30,2,14,487.1004333496094,,0,0,0,0,0,0,0,0,0,0,0,0,0,0,0,0,0,0,0,0,0,0,0,0,0
2008-02-20 14:00:00+00:00,30,2,14,33.9066047668457,21.986814498901367,0,0,0,0,0,1,1,1,1,1,1,1,1,1,1,1,1,0,0,0,1,1,1,1,1
2008-02-20 14:00:00+00:00,30,2,14,111.89615631103516,91.37325286865234,0,0,0,0,0,0,0,0,0,0,1,1,1,1,1,1,1,0,0,0,0,0,0,0,0
2008-02-20 14:00:00+00:00,30,2,14,45.59306716918945,40.9894905090332,0,0,0,0,0,0,1,1,1,1,1,1,1,1,1,1,1,0,0,0,0,0,0,1,1
2008-02-20 14:00:00+00:00,30,2,14,94.74028015136719,78.66768646240234,0,0,0,0,0,0,0,0,0,1,1,1,1,1,1,1,1,0,0,0,0,0,0,0,0
2008-02-20 14:00:00+00:00,30,2,14,127.24347686767578,116.55370330810547,0,0,0,0,0,0,0,0,0,0,0,1,1,1,1,1,1,0,0,0,0,0,0,0,0
2008-02-20 14:00:00+00:00,30,2,14,274.19415283203125,97.83531951904297,0,0,0,0,0,0,0,0,0,0,0,0,0,0,0,1,1,0,0,0,0,0,0,0,0
2008-02-20 14:00:00+00:00,30,2,14,285.337158203125,256.81170654296875,0,0,0,0,0,0,0,0,0,0,0,0,0,0,0,1,1,0,0,0,0,0,0,0,0
2008-02-20 14:00:00+00:00,30,2,14,271.1178283691406,246.98133850097656,0,0,0,0,0,0,0,0,0,0,0,0,0,0,0,1,1,0,0,0,0,0,0,0,0
2008-02-20 14:00:00+00:00,30,2,14,,511.2367248535156,0,0,0,0,0,0,0,0,0,0,0,0,0,0,0,0,0,0,0,0,0,0,0,0,0
2008-02-20 14:00:00+00:00,30,2,14,72.87605285644531,69.33029174804688,0,0,0,0,0,0,0,0,1,1,1,1,1,1,1,1,1,0,0,0,0,0,0,0,0
2008-02-20 14:00:00+00:00,30,2,14,,380.9029235839844,0,0,0,0,0,0,0,0,0,0,0,0,0,0,0,0,0,0,0,0,0,0,0,0,0
2008-02-20 14:15:00+00:00,30,2,14,371.1996154785156,382.60784912109375,0,0,0,0,0,0,0,0,0,0,0,0,0,0,0,0,0,0,0,0,0,0,0,0,0
2008-02-20 14:15:00+00:00,30,2,14,423.0816650390625,426.5755615234375,0,0,0,0,0,0,0,0,0,0,0,0,0,0,0,0,0,0,0,0,0,0,0,0,0
2008-02-20 14:15:00+00:00,30,2,14,539.9894409179688,536.34033203125,0,0,0,0,0,0,0,0,0,0,0,0,0,0,0,0,0,0,0,0,0,0,0,0,0
2008-02-20 14:15:00+00:00,30,2,14,429.01556396484375,427.3924560546875,0,0,0,0,0,0,0,0,0,0,0,0,0,0,0,0,0,0,0,0,0,0,0,0,0
2008-02-20 14:15:00+00:00,30,2,14,226.97657775878906,196.9674530029297,0,0,0,0,0,0,0,0,0,0,0,0,0,0,1,1,1,0,0,0,0,0,0,0,0
2008-02-20 14:15:00+00:00,30,2,14,268.0682067871094,250.95664978027344,0,0,0,0,0,0,0,0,0,0,0,0,0,0,0,1,1,0,0,0,0,0,0,0,0
2008-02-20 14:15:00+00:00,30,2,14,43.86459732055664,25.58634376525879,0,0,0,0,0,0,1,1,1,1,1,1,1,1,1,1,1,0,0,0,0,1,1,1,1
2008-02-20 14:15:00+00:00,30,2,14,121.10873413085938,,0,0,0,0,0,0,0,0,0,0,0,1,1,1,1,1,1,0,0,0,0,0,0,0,0
2008-02-20 14:15:00+00:00,30,2,14,297.9636535644531,,0,0,0,0,0,0,0,0,0,0,0,0,0,0,0,1,1,0,0,0,0,0,0,0,0
2008-02-20 14:15:00+00:00,30,2,14,364.0626525878906,,0,0,0,0,0,0,0,0,0,0,0,0,0,0,0,0,0,0,0,0,0,0,0,0,0
2008-02-20 14:15:00+00:00,30,2,14,150.2062530517578,150.50360107421875,0,0,0,0,0,0,0,0,0,0,0,0,1,1,1,1,1,0,0,0,0,0,0,0,0
2008-02-20 14:15:00+00:00,30,2,14,212.3209686279297,214.83827209472656,0,0,0,0,0,0,0,0,0,0,0,0,0,0,1,1,1,0,0,0,0,0,0,0,0
2008-02-20 14:15:00+00:00,30,2,14,,,0,0,0,0,0,0,0,0,0,0,0,0,0,0,0,0,0,0,0,0,0,0,0,0,0
2008-02-20 14:30:00+00:00,30,2,14,,,0,0,0,0,0,0,0,0,0,0,0,0,0,0,0,0,0,0,0,0,0,0,0,0,0
2008-02-20 14:30:00+00:00,30,2,14,291.1113586425781,295.044189453125,0,0,0,0,0,0,0,0,0,0,0,0,0,0,0,1,1,0,0,0,0,0,0,0,0
2008-02-20 14:30:00+00:00,30,2,14,64.67042541503906,51.987552642822266,0,0,0,0,0,0,0,0,1,1,1,1,1,1,1,1,1,0,0,0,0,0,0,0,1
2008-02-20 14:30:00+00:00,30,2,14,155.37742614746094,127.19149780273438,0,0,0,0,0,0,0,0,0,0,0,0,1,1,1,1,1,0,0,0,0,0,0,0,0
2008-02-20 14:30:00+00:00,30,2,14,,,0,0,0,0,0,0,0,0,0,0,0,0,0,0,0,0,0,0,0,0,0,0,0,0,0
2008-02-20 14:30:00+00:00,30,2,14,255.86346435546875,272.33355712890625,0,0,0,0,0,0,0,0,0,0,0,0,0,0,0,1,1,0,0,0,0,0,0,0,0
2008-02-20 14:30:00+00:00,30,2,14,405.223388671875,418.93475341796875,0,0,0,0,0,0,0,0,0,0,0,0,0,0,0,0,0,0,0,0,0,0,0,0,0
2008-02-20 14:30:00+00:00,30,2,14,,,0,0,0,0,0,0,0,0,0,0,0,0,0,0,0,0,0,0,0,0,0,0,0,0,0
2008-02-20 14:30:00+00:00,30,2,14,,,0,0,0,0,0,0,0,0,0,0,0,0,0,0,0,0,0,0,0,0,0,0,0,0,0
2008-02-20 14:45:00+00:00,30,2,14,,,0,0,0,0,0,0,0,0,0,0,0,0,0,0,0,0,0,0,0,0,0,0,0,0,0
2008-02-20 14:45:00+00:00,30,2,14,45.59279251098633,87.70269012451172,0,0,0,0,0,0,1,1,1,1,1,1,1,1,1,1,1,0,0,0,0,0,0,0,0
2008-02-20 14:45:00+00:00,30,2,14,228.16390991210938,202.3254852294922,0,0,0,0,0,0,0,0,0,0,0,0,0,0,1,1,1,0,0,0,0,0,0,0,0
2008-02-20 14:45:00+00:00,30,2,14,64.21284484863281,57.75075149536133,0,0,0,0,0,0,0,0,1,1,1,1,1,1,1,1,1,0,0,0,0,0,0,0,1
2008-02-20 14:45:00+00:00,30,2,14,11.795869827270508,0.0,0,1,1,1,1,1,1,1,1,1,1,1,1,1,1,1,1,1,1,1,1,1,1,1,1
2008-02-20 14:45:00+00:00,30,2,14,222.88189697265625,34.908363342285156,0,0,0,0,0,0,0,0,0,0,0,0,0,0,1,1,1,0,0,0,0,0,1,1,1
2008-02-20 14:45:00+00:00,30,2,14,138.5493927001953,105.48783111572266,0,0,0,0,0,0,0,0,0,0,0,1,1,1,1,1,1,0,0,0,0,0,0,0,0
2008-02-20 14:45:00+00:00,30,2,14,,,0,0,0,0,0,0,0,0,0,0,0,0,0,0,0,0,0,0,0,0,0,0,0,0,0
2008-02-20 14:45:00+00:00,30,2,14,105.94900512695312,127.18437957763672,0,0,0,0,0,0,0,0,0,0,1,1,1,1,1,1,1,0,0,0,0,0,0,0,0
2008-02-20 15:00:00+00:00,30,2,15,,,0,0,0,0,0,0,0,0,0,0,0,0,0,0,0,0,0,0,0,0,0,0,0,0,0
2008-02-20 15:00:00+00:00,30,2,15,,,0,0,0,0,0,0,0,0,0,0,0,0,0,0,0,0,0,0,0,0,0,0,0,0,0
2008-02-20 15:00:00+00:00,30,2,15,,,0,0,0,0,0,0,0,0,0,0,0,0,0,0,0,0,0,0,0,0,0,0,0,0,0
2008-02-20 15:00:00+00:00,30,2,15,147.4840850830078,133.56094360351562,0,0,0,0,0,0,0,0,0,0,0,1,1,1,1,1,1,0,0,0,0,0,0,0,0
2008-02-20 15:00:00+00:00,30,2,15,124.69588470458984,94.88025665283203,0,0,0,0,0,0,0,0,0,0,0,1,1,1,1,1,1,0,0,0,0,0,0,0,0
2008-02-20 15:00:00+00:00,30,2,15,226.55967712402344,235.3131866455078,0,0,0,0,0,0,0,0,0,0,0,0,0,0,1,1,1,0,0,0,0,0,0,0,0
2008-02-20 15:00:00+00:00,30,2,15,130.5052947998047,106.71417999267578,0,0,0,0,0,0,0,0,0,0,0,1,1,1,1,1,1,0,0,0,0,0,0,0,0
2008-02-20 15:00:00+00:00,30,2,15,155.2476043701172,82.26036834716797,0,0,0,0,0,0,0,0,0,0,0,0,1,1,1,1,1,0,0,0,0,0,0,0,0
2008-02-20 15:00:00+00:00,30,2,15,,0.0,0,0,0,0,0,0,0,0,0,0,0,0,0,0,0,0,0,1,1,1,1,1,1,1,1
2008-02-20 15:00:00+00:00,30,2,15,152.35260009765625,145.2100372314453,0,0,0,0,0,0,0,0,0,0,0,0,1,1,1,1,1,0,0,0,0,0,0,0,0
2008-02-20 15:15:00+00:00,30,2,15,157.6192169189453,173.1376190185547,0,0,0,0,0,0,0,0,0,0,0,0,1,1,1,1,1,0,0,0,0,0,0,0,0
2008-02-20 15:15:00+00:00,30,2,15,47.832794189453125,48.19258499145508,0,0,0,0,0,0,1,1,1,1,1,1,1,1,1,1,1,0,0,0,0,0,0,1,1
2008-02-20 15:15:00+00:00,30,2,15,178.54205322265625,193.82249450683594,0,0,0,0,0,0,0,0,0,0,0,0,1,1,1,1,1,0,0,0,0,0,0,0,0
2008-02-20 15:15:00+00:00,30,2,15,396.66192626953125,128.35296630859375,0,0,0,0,0,0,0,0,0,0,0,0,0,0,0,0,0,0,0,0,0,0,0,0,0
2008-02-20 15:30:00+00:00,30,2,15,226.36402893066406,224.5392303466797,0,0,0,0,0,0,0,0,0,0,0,0,0,0,1,1,1,0,0,0,0,0,0,0,0
2008-02-20 15:30:00+00:00,30,2,15,81.23797607421875,73.4258804321289,0,0,0,0,0,0,0,0,0,1,1,1,1,1,1,1,1,0,0,0,0,0,0,0,0
2008-02-20 15:30:00+00:00,30,2,15,79.57986450195312,77.76431274414062,0,0,0,0,0,0,0,0,1,1,1,1,1,1,1,1,1,0,0,0,0,0,0,0,0
2008-02-20 15:30:00+00:00,30,2,15,90.51838684082031,90.51838684082031,0,0,0,0,0,0,0,0,0,1,1,1,1,1,1,1,1,0,0,0,0,0,0,0,0
2008-02-20 15:45:00+00:00,30,2,15,,,0,0,0,0,0,0,0,0,0,0,0,0,0,0,0,0,0,0,0,0,0,0,0,0,0
2008-02-20 15:45:00+00:00,30,2,15,253.20779418945312,255.8088836669922,0,0,0,0,0,0,0,0,0,0,0,0,0,0,0,1,1,0,0,0,0,0,0,0,0
2008-02-20 15:45:00+00:00,30,2,15,168.5916748046875,167.59011840820312,0,0,0,0,0,0,0,0,0,0,0,0,1,1,1,1,1,0,0,0,0,0,0,0,0
2008-02-20 15:45:00+00:00,30,2,15,106.9090347290039,75.490966796875,0,0,0,0,0,0,0,0,0,0,1,1,1,1,1,1,1,0,0,0,0,0,0,0,0
2008-02-20 15:45:00+00:00,30,2,15,16.78314781188965,0.0,0,0,1,1,1,1,1,1,1,1,1,1,1,1,1,1,1,1,1,1,1,1,1,1,1
2008-02-20 15:45:00+00:00,30,2,15,27.37543487548828,0.0,0,0,0,0,1,1,1,1,1,1,1,1,1,1,1,1,1,1,1,1,1,1,1,1,1
2008-02-20 15:45:00+00:00,30,2,15,75.47908020019531,82.13510131835938,0,0,0,0,0,0,0,0,1,1,1,1,1,1,1,1,1,0,0,0,0,0,0,0,0
2008-02-20 16:00:00+00:00,30,2,16,184.18392944335938,167.76028442382812,0,0,0,0,0,0,0,0,0,0,0,0,0,1,1,1,1,0,0,0,0,0,0,0,0
2008-02-20 16:00:00+00:00,30,2,16,170.31605529785156,174.26904296875,0,0,0,0,0,0,0,0,0,0,0,0,1,1,1,1,1,0,0,0,0,0,0,0,0
2008-02-20 16:00:00+00:00,30,2,16,263.7323913574219,263.923095703125,0,0,0,0,0,0,0,0,0,0,0,0,0,0,0,1,1,0,0,0,0,0,0,0,0
2008-02-20 16:00:00+00:00,30,2,16,40.851600646972656,15.252646446228027,0,0,0,0,0,0,1,1,1,1,1,1,1,1,1,1,1,0,0,1,1,1,1,1,1
2008-02-20 16:00:00+00:00,30,2,16,252.75949096679688,194.86911010742188,0,0,0,0,0,0,0,0,0,0,0,0,0,0,0,1,1,0,0,0,0,0,0,0,0
2008-02-20 16:00:00+00:00,30,2,16,305.0257263183594,244.17201232910156,0,0,0,0,0,0,0,0,0,0,0,0,0,0,0,0,1,0,0,0,0,0,0,0,0
2008-02-20 16:15:00+00:00,30,2,16,,,0,0,0,0,0,0,0,0,0,0,0,0,0,0,0,0,0,0,0,0,0,0,0,0,0
2008-02-20 16:15:00+00:00,30,2,16,476.6908874511719,479.2017822265625,0,0,0,0,0,0,0,0,0,0,0,0,0,0,0,0,0,0,0,0,0,0,0,0,0
2008-02-20 16:15:00+00:00,30,2,16,172.998291015625,161.46426391601562,0,0,0,0,0,0,0,0,0,0,0,0,1,1,1,1,1,0,0,0,0,0,0,0,0
2008-02-20 16:15:00+00:00,30,2,16,236.16064453125,244.63632202148438,0,0,0,0,0,0,0,0,0,0,0,0,0,0,1,1,1,0,0,0,0,0,0,0,0
2008-02-20 16:15:00+00:00,30,2,16,,,0,0,0,0,0,0,0,0,0,0,0,0,0,0,0,0,0,0,0,0,0,0,0,0,0
2008-02-20 16:15:00+00:00,30,2,16,227.445068359375,201.66676330566406,0,0,0,0,0,0,0,0,0,0,0,0,0,0,1,1,1,0,0,0,0,0,0,0,0
2008-02-20 16:15:00+00:00,30,2,16,176.3931121826172,149.9220428466797,0,0,0,0,0,0,0,0,0,0,0,0,1,1,1,1,1,0,0,0,0,0,0,0,0
2008-02-20 16:30:00+00:00,30,2,16,420.3497619628906,441.79248046875,0,0,0,0,0,0,0,0,0,0,0,0,0,0,0,0,0,0,0,0,0,0,0,0,0
2008-02-20 16:30:00+00:00,30,2,16,395.09149169921875,383.01031494140625,0,0,0,0,0,0,0,0,0,0,0,0,0,0,0,0,0,0,0,0,0,0,0,0,0
2008-02-20 16:45:00+00:00,30,2,16,,,0,0,0,0,0,0,0,0,0,0,0,0,0,0,0,0,0,0,0,0,0,0,0,0,0
2008-02-20 16:45:00+00:00,30,2,16,234.8399200439453,176.41452026367188,0,0,0,0,0,0,0,0,0,0,0,0,0,0,1,1,1,0,0,0,0,0,0,0,0
2008-02-20 16:45:00+00:00,30,2,16,174.85694885253906,176.31959533691406,0,0,0,0,0,0,0,0,0,0,0,0,1,1,1,1,1,0,0,0,0,0,0,0,0
2008-02-20 16:45:00+00:00,30,2,16,494.3050231933594,481.46185302734375,0,0,0,0,0,0,0,0,0,0,0,0,0,0,0,0,0,0,0,0,0,0,0,0,0
2008-02-20 16:45:00+00:00,30,2,16,87.57211303710938,88.15521240234375,0,0,0,0,0,0,0,0,0,1,1,1,1,1,1,1,1,0,0,0,0,0,0,0,0
2008-02-20 17:00:00+00:00,30,2,17,,,0,0,0,0,0,0,0,0,0,0,0,0,0,0,0,0,0,0,0,0,0,0,0,0,0
2008-02-20 17:00:00+00:00,30,2,17,393.8465576171875,,0,0,0,0,0,0,0,0,0,0,0,0,0,0,0,0,0,0,0,0,0,0,0,0,0
2008-02-20 17:00:00+00:00,30,2,17,161.42674255371094,179.35885620117188,0,0,0,0,0,0,0,0,0,0,0,0,1,1,1,1,1,0,0,0,0,0,0,0,0
2008-02-20 17:00:00+00:00,30,2,17,,533.5267944335938,0,0,0,0,0,0,0,0,0,0,0,0,0,0,0,0,0,0,0,0,0,0,0,0,0
2008-02-20 17:00:00+00:00,30,2,17,104.26821899414062,84.81245422363281,0,0,0,0,0,0,0,0,0,0,1,1,1,1,1,1,1,0,0,0,0,0,0,0,0
2008-02-20 17:00:00+00:00,30,2,17,276.5098571777344,239.99252319335938,0,0,0,0,0,0,0,0,0,0,0,0,0,0,0,1,1,0,0,0,0,0,0,0,0
2008-02-20 17:00:00+00:00,30,2,17,59.822547912597656,29.86799430847168,0,0,0,0,0,0,0,1,1,1,1,1,1,1,1,1,1,0,0,0,0,1,1,1,1
2008-02-20 17:00:00+00:00,30,2,17,121.91373443603516,34.52571105957031,0,0,0,0,0,0,0,0,0,0,0,1,1,1,1,1,1,0,0,0,0,0,1,1,1
2008-02-20 17:00:00+00:00,30,2,17,181.6246337890625,183.28489685058594,0,0,0,0,0,0,0,0,0,0,0,0,0,1,1,1,1,0,0,0,0,0,0,0,0
2008-02-20 17:15:00+00:00,30,2,17,56.920902252197266,45.61661911010742,0,0,0,0,0,0,0,1,1,1,1,1,1,1,1,1,1,0,0,0,0,0,0,1,1
2008-02-20 17:15:00+00:00,30,2,17,130.78863525390625,238.198974609375,0,0,0,0,0,0,0,0,0,0,0,1,1,1,1,1,1,0,0,0,0,0,0,0,0
2008-02-20 17:30:00+00:00,30,2,17,,,0,0,0,0,0,0,0,0,0,0,0,0,0,0,0,0,0,0,0,0,0,0,0,0,0
2008-02-20 17:30:00+00:00,30,2,17,,,0,0,0,0,0,0,0,0,0,0,0,0,0,0,0,0,0,0,0,0,0,0,0,0,0
2008-02-20 17:30:00+00:00,30,2,17,,,0,0,0,0,0,0,0,0,0,0,0,0,0,0,0,0,0,0,0,0,0,0,0,0,0
2008-02-20 17:30:00+00:00,30,2,17,286.9070129394531,249.53643798828125,0,0,0,0,0,0,0,0,0,0,0,0,0,0,0,1,1,0,0,0,0,0,0,0,0
2008-02-20 17:45:00+00:00,30,2,17,365.56536865234375,382.8092041015625,0,0,0,0,0,0,0,0,0,0,0,0,0,0,0,0,0,0,0,0,0,0,0,0,0
2008-02-20 17:45:00+00:00,30,2,17,108.4006576538086,143.13790893554688,0,0,0,0,0,0,0,0,0,0,1,1,1,1,1,1,1,0,0,0,0,0,0,0,0
2008-02-22 10:00:00+00:00,30,2,10,185.0592498779297,189.87298583984375,0,0,0,0,0,0,0,0,0,0,0,0,0,1,1,1,1,0,0,0,0,0,0,0,0
2008-02-22 10:00:00+00:00,30,2,10,247.78936767578125,109.00916290283203,0,0,0,0,0,0,0,0,0,0,0,0,0,0,1,1,1,0,0,0,0,0,0,0,0
2008-02-22 10:00:00+00:00,30,2,10,289.6069030761719,106.67039489746094,0,0,0,0,0,0,0,0,0,0,0,0,0,0,0,1,1,0,0,0,0,0,0,0,0
2008-02-22 10:00:00+00:00,30,2,10,,,0,0,0,0,0,0,0,0,0,0,0,0,0,0,0,0,0,0,0,0,0,0,0,0,0
2008-02-22 10:00:00+00:00,30,2,10,290.179931640625,129.88650512695312,0,0,0,0,0,0,0,0,0,0,0,0,0,0,0,1,1,0,0,0,0,0,0,0,0
2008-02-22 10:00:00+00:00,30,2,10,,582.2075805664062,0,0,0,0,0,0,0,0,0,0,0,0,0,0,0,0,0,0,0,0,0,0,0,0,0
2008-02-22 10:00:00+00:00,30,2,10,280.64862060546875,188.99305725097656,0,0,0,0,0,0,0,0,0,0,0,0,0,0,0,1,1,0,0,0,0,0,0,0,0
2008-02-22 10:00:00+00:00,30,2,10,275.3865051269531,208.81707763671875,0,0,0,0,0,0,0,0,0,0,0,0,0,0,0,1,1,0,0,0,0,0,0,0,0
2008-02-22 10:00:00+00:00,30,2,10,285.42156982421875,39.269100189208984,0,0,0,0,0,0,0,0,0,0,0,0,0,0,0,1,1,0,0,0,0,0,1,1,1
2008-02-22 10:00:00+00:00,30,2,10,184.42730712890625,96.22124481201172,0,0,0,0,0,0,0,0,0,0,0,0,0,1,1,1,1,0,0,0,0,0,0,0,0
2008-02-22 10:00:00+00:00,30,2,10,,,0,0,0,0,0,0,0,0,0,0,0,0,0,0,0,0,0,0,0,0,0,0,0,0,0
2008-02-22 10:00:00+00:00,30,2,10,,,0,0,0,0,0,0,0,0,0,0,0,0,0,0,0,0,0,0,0,0,0,0,0,0,0
2008-02-22 10:00:00+00:00,30,2,10,225.30087280273438,101.96183776855469,0,0,0,0,0,0,0,0,0,0,0,0,0,0,1,1,1,0,0,0,0,0,0,0,0
2008-02-22 10:00:00+00:00,30,2,10,,,0,0,0,0,0,0,0,0,0,0,0,0,0,0,0,0,0,0,0,0,0,0,0,0,0
2008-02-22 10:15:00+00:00,30,2,10,405.5643615722656,399.8871154785156,0,0,0,0,0,0,0,0,0,0,0,0,0,0,0,0,0,0,0,0,0,0,0,0,0
2008-02-22 10:15:00+00:00,30,2,10,111.1401596069336,73.577392578125,0,0,0,0,0,0,0,0,0,0,1,1,1,1,1,1,1,0,0,0,0,0,0,0,0
2008-02-22 10:15:00+00:00,30,2,10,453.80718994140625,410.909912109375,0,0,0,0,0,0,0,0,0,0,0,0,0,0,0,0,0,0,0,0,0,0,0,0,0
2008-02-22 10:15:00+00:00,30,2,10,142.21697998046875,123.03982543945312,0,0,0,0,0,0,0,0,0,0,0,1,1,1,1,1,1,0,0,0,0,0,0,0,0
2008-02-22 10:15:00+00:00,30,2,10,284.4767150878906,241.19900512695312,0,0,0,0,0,0,0,0,0,0,0,0,0,0,0,1,1,0,0,0,0,0,0,0,0
2008-02-22 10:15:00+00:00,30,2,10,272.71234130859375,229.9302978515625,0,0,0,0,0,0,0,0,0,0,0,0,0,0,0,1,1,0,0,0,0,0,0,0,0
2008-02-22 10:15:00+00:00,30,2,10,228.68296813964844,195.74612426757812,0,0,0,0,0,0,0,0,0,0,0,0,0,0,1,1,1,0,0,0,0,0,0,0,0
2008-02-22 10:15:00+00:00,30,2,10,121.4006118774414,101.7492446899414,0,0,0,0,0,0,0,0,0,0,0,1,1,1,1,1,1,0,0,0,0,0,0,0,0
2008-02-22 10:15:00+00:00,30,2,10,,253.3944854736328,0,0,0,0,0,0,0,0,0,0,0,0,0,0,0,0,0,0,0,0,0,0,0,0,0
2008-02-22 10:15:00+00:00,30,2,10,262.5480651855469,76.27542114257812,0,0,0,0,0,0,0,0,0,0,0,0,0,0,0,1,1,0,0,0,0,0,0,0,0
2008-02-22 10:15:00+00:00,30,2,10,302.9028015136719,87.84436798095703,0,0,0,0,0,0,0,0,0,0,0,0,0,0,0,0,1,0,0,0,0,0,0,0,0
2008-02-22 10:15:00+00:00,30,2,10,185.39468383789062,49.426639556884766,0,0,0,0,0,0,0,0,0,0,0,0,0,1,1,1,1,0,0,0,0,0,0,1,1
2008-02-22 10:15:00+00:00,30,2,10,241.3373260498047,116.56987762451172,0,0,0,0,0,0,0,0,0,0,0,0,0,0,1,1,1,0,0,0,0,0,0,0,0
2008-02-22 10:15:00+00:00,30,2,10,,90.43643188476562,0,0,0,0,0,0,0,0,0,0,0,0,0,0,0,0,0,0,0,0,0,0,0,0,0
2008-02-22 10:15:00+00:00,30,2,10,62.530094146728516,49.79948425292969,0,0,0,0,0,0,0,0,1,1,1,1,1,1,1,1,1,0,0,0,0,0,0,1,1
2008-02-22 10:15:00+00:00,30,2,10,392.3874206542969,165.17050170898438,0,0,0,0,0,0,0,0,0,0,0,0,0,0,0,0,0,0,0,0,0,0,0,0,0
2008-02-22 10:15:00+00:00,30,2,10,,283.10858154296875,0,0,0,0,0,0,0,0,0,0,0,0,0,0,0,0,0,0,0,0,0,0,0,0,0
2008-02-22 10:15:00+00:00,30,2,10,173.81607055664062,53.20098876953125,0,0,0,0,0,0,0,0,0,0,0,0,1,1,1,1,1,0,0,0,0,0,0,0,1
2008-02-22 10:15:00+00:00,30,2,10,,,0,0,0,0,0,0,0,0,0,0,0,0,0,0,0,0,0,0,0,0,0,0,0,0,0
2008-02-22 10:15:00+00:00,30,2,10,,,0,0,0,0,0,0,0,0,0,0,0,0,0,0,0,0,0,0,0,0,0,0,0,0,0
2008-02-22 10:30:00+00:00,30,2,10,175.1583251953125,206.52523803710938,0,0,0,0,0,0,0,0,0,0,0,0,1,1,1,1,1,0,0,0,0,0,0,0,0
2008-02-22 10:30:00+00:00,30,2,10,,,0,0,0,0,0,0,0,0,0,0,0,0,0,0,0,0,0,0,0,0,0,0,0,0,0
2008-02-22 10:30:00+00:00,30,2,10,309.9020080566406,362.0658874511719,0,0,0,0,0,0,0,0,0,0,0,0,0,0,0,0,1,0,0,0,0,0,0,0,0
2008-02-22 10:30:00+00:00,30,2,10,,214.57907104492188,0,0,0,0,0,0,0,0,0,0,0,0,0,0,0,0,0,0,0,0,0,0,0,0,0
2008-02-22 10:30:00+00:00,30,2,10,441.8404235839844,418.38873291015625,0,0,0,0,0,0,0,0,0,0,0,0,0,0,0,0,0,0,0,0,0,0,0,0,0
2008-02-22 10:30:00+00:00,30,2,10,326.3968200683594,306.25897216796875,0,0,0,0,0,0,0,0,0,0,0,0,0,0,0,0,1,0,0,0,0,0,0,0,0
2008-02-22 10:30:00+00:00,30,2,10,173.47659301757812,176.2677764892578,0,0,0,0,0,0,0,0,0,0,0,0,1,1,1,1,1,0,0,0,0,0,0,0,0
2008-02-22 10:30:00+00:00,30,2,10,,310.7348937988281,0,0,0,0,0,0,0,0,0,0,0,0,0,0,0,0,0,0,0,0,0,0,0,0,0
2008-02-22 10:30:00+00:00,30,2,10,211.927978515625,183.6191864013672,0,0,0,0,0,0,0,0,0,0,0,0,0,0,1,1,1,0,0,0,0,0,0,0,0
2008-02-22 10:30:00+00:00,30,2,10,417.6555480957031,154.31570434570312,0,0,0,0,0,0,0,0,0,0,0,0,0,0,0,0,0,0,0,0,0,0,0,0,0
2008-02-22 10:30:00+00:00,30,2,10,,155.73580932617188,0,0,0,0,0,0,0,0,0,0,0,0,0,0,0,0,0,0,0,0,0,0,0,0,0
2008-02-22 10:30:00+00:00,30,2,10,72.04638671875,75.19249725341797,0,0,0,0,0,0,0,0,1,1,1,1,1,1,1,1,1,0,0,0,0,0,0,0,0
2008-02-22 10:30:00+00:00,30,2,10,52.09444046020508,33.70077133178711,0,0,0,0,0,0,0,1,1,1,1,1,1,1,1,1,1,0,0,0,0,0,1,1,1
2008-02-22 10:30:00+00:00,30,2,10,149.71263122558594,106.69296264648438,0,0,0,0,0,0,0,0,0,0,0,1,1,1,1,1,1,0,0,0,0,0,0,0,0
2008-02-22 10:30:00+00:00,30,2,10,119.7397232055664,29.253944396972656,0,0,0,0,0,0,0,0,0,0,1,1,1,1,1,1,1,0,0,0,0,1,1,1,1
2008-02-22 10:30:00+00:00,30,2,10,200.89952087402344,100.3425064086914,0,0,0,0,0,0,0,0,0,0,0,0,0,0,1,1,1,0,0,0,0,0,0,0,0
2008-02-22 10:30:00+00:00,30,2,10,260.18023681640625,157.16192626953125,0,0,0,0,0,0,0,0,0,0,0,0,0,0,0,1,1,0,0,0,0,0,0,0,0
2008-02-22 10:30:00+00:00,30,2,10,,,0,0,0,0,0,0,0,0,0,0,0,0,0,0,0,0,0,0,0,0,0,0,0,0,0
2008-02-22 10:30:00+00:00,30,2,10,,,0,0,0,0,0,0,0,0,0,0,0,0,0,0,0,0,0,0,0,0,0,0,0,0,0
2008-02-22 10:30:00+00:00,30,2,10,,,0,0,0,0,0,0,0,0,0,0,0,0,0,0,0,0,0,0,0,0,0,0,0,0,0
2008-02-22 10:45:00+00:00,30,2,10,,,0,0,0,0,0,0,0,0,0,0,0,0,0,0,0,0,0,0,0,0,0,0,0,0,0
2008-02-22 10:45:00+00:00,30,2,10,294.4495544433594,238.6332550048828,0,0,0,0,0,0,0,0,0,0,0,0,0,0,0,1,1,0,0,0,0,0,0,0,0
2008-02-22 10:45:00+00:00,30,2,10,108.730712890625,124.86505126953125,0,0,0,0,0,0,0,0,0,0,1,1,1,1,1,1,1,0,0,0,0,0,0,0,0
2008-02-22 10:45:00+00:00,30,2,10,65.62361145019531,139.4875030517578,0,0,0,0,0,0,0,0,1,1,1,1,1,1,1,1,1,0,0,0,0,0,0,0,0
2008-02-22 10:45:00+00:00,30,2,10,81.04583740234375,173.47071838378906,0,0,0,0,0,0,0,0,0,1,1,1,1,1,1,1,1,0,0,0,0,0,0,0,0
2008-02-22 10:45:00+00:00,30,2,10,177.6506805419922,212.29635620117188,0,0,0,0,0,0,0,0,0,0,0,0,1,1,1,1,1,0,0,0,0,0,0,0,0
2008-02-22 10:45:00+00:00,30,2,10,176.4417266845703,121.2445297241211,0,0,0,0,0,0,0,0,0,0,0,0,1,1,1,1,1,0,0,0,0,0,0,0,0
2008-02-22 10:45:00+00:00,30,2,10,79.5484619140625,66.09638977050781,0,0,0,0,0,0,0,0,1,1,1,1,1,1,1,1,1,0,0,0,0,0,0,0,0
2008-02-22 10:45:00+00:00,30,2,10,172.87132263183594,163.58653259277344,0,0,0,0,0,0,0,0,0,0,0,0,1,1,1,1,1,0,0,0,0,0,0,0,0
2008-02-22 10:45:00+00:00,30,2,10,122.20722961425781,137.06472778320312,0,0,0,0,0,0,0,0,0,0,0,1,1,1,1,1,1,0,0,0,0,0,0,0,0
2008-02-22 10:45:00+00:00,30,2,10,90.7217025756836,80.69760131835938,0,0,0,0,0,0,0,0,0,1,1,1,1,1,1,1,1,0,0,0,0,0,0,0,0
2008-02-22 10:45:00+00:00,30,2,10,260.7145080566406,37.66973114013672,0,0,0,0,0,0,0,0,0,0,0,0,0,0,0,1,1,0,0,0,0,0,1,1,1
2008-02-22 10:45:00+00:00,30,2,10,,492.0763854980469,0,0,0,0,0,0,0,0,0,0,0,0,0,0,0,0,0,0,0,0,0,0,0,0,0
2008-02-22 11:00:00+00:00,30,2,11,,,0,0,0,0,0,0,0,0,0,0,0,0,0,0,0,0,0,0,0,0,0,0,0,0,0
2008-02-22 11:00:00+00:00,30,2,11,468.1150817871094,,0,0,0,0,0,0,0,0,0,0,0,0,0,0,0,0,0,0,0,0,0,0,0,0,0
2008-02-22 11:00:00+00:00,30,2,11,242.8992156982422,206.5704803466797,0,0,0,0,0,0,0,0,0,0,0,0,0,0,1,1,1,0,0,0,0,0,0,0,0
2008-02-22 11:00:00+00:00,30,2,11,,332.51275634765625,0,0,0,0,0,0,0,0,0,0,0,0,0,0,0,0,0,0,0,0,0,0,0,0,0
2008-02-22 11:00:00+00:00,30,2,11,204.62501525878906,131.12449645996094,0,0,0,0,0,0,0,0,0,0,0,0,0,0,1,1,1,0,0,0,0,0,0,0,0
2008-02-22 11:00:00+00:00,30,2,11,207.3202667236328,258.403076171875,0,0,0,0,0,0,0,0,0,0,0,0,0,0,1,1,1,0,0,0,0,0,0,0,0
2008-02-22 11:00:00+00:00,30,2,11,287.80181884765625,267.71270751953125,0,0,0,0,0,0,0,0,0,0,0,0,0,0,0,1,1,0,0,0,0,0,0,0,0
2008-02-22 11:00:00+00:00,30,2,11,104.29402160644531,101.38816833496094,0,0,0,0,0,0,0,0,0,0,1,1,1,1,1,1,1,0,0,0,0,0,0,0,0
2008-02-22 11:00:00+00:00,30,2,11,136.87867736816406,152.14019775390625,0,0,0,0,0,0,0,0,0,0,0,1,1,1,1,1,1,0,0,0,0,0,0,0,0
2008-02-22 11:00:00+00:00,30,2,11,274.6280822753906,573.1319580078125,0,0,0,0,0,0,0,0,0,0,0,0,0,0,0,1,1,0,0,0,0,0,0,0,0
2008-02-22 11:00:00+00:00,30,2,11,119.0214614868164,211.6426544189453,0,0,0,0,0,0,0,0,0,0,1,1,1,1,1,1,1,0,0,0,0,0,0,0,0
2008-02-22 11:00:00+00:00,30,2,11,116.34190368652344,125.55864715576172,0,0,0,0,0,0,0,0,0,0,1,1,1,1,1,1,1,0,0,0,0,0,0,0,0
2008-02-22 11:00:00+00:00,30,2,11,380.8533935546875,142.588623046875,0,0,0,0,0,0,0,0,0,0,0,0,0,0,0,0,0,0,0,0,0,0,0,0,0
2008-02-22 11:00:00+00:00,30,2,11,534.4237060546875,305.0835876464844,0,0,0,0,0,0,0,0,0,0,0,0,0,0,0,0,0,0,0,0,0,0,0,0,0
2008-02-22 11:00:00+00:00,30,2,11,,341.56427001953125,0,0,0,0,0,0,0,0,0,0,0,0,0,0,0,0,0,0,0,0,0,0,0,0,0
2008-02-22 11:00:00+00:00,30,2,11,340.6435546875,328.454833984375,0,0,0,0,0,0,0,0,0,0,0,0,0,0,0,0,1,0,0,0,0,0,0,0,0
2008-02-22 11:15:00+00:00,30,2,11,,,0,0,0,0,0,0,0,0,0,0,0,0,0,0,0,0,0,0,0,0,0,0,0,0,0
2008-02-22 11:15:00+00:00,30,2,11,,,0,0,0,0,0,0,0,0,0,0,0,0,0,0,0,0,0,0,0,0,0,0,0,0,0
2008-02-22 11:15:00+00:00,30,2,11,,,0,0,0,0,0,0,0,0,0,0,0,0,0,0,0,0,0,0,0,0,0,0,0,0,0
2008-02-22 11:15:00+00:00,30,2,11,,,0,0,0,0,0,0,0,0,0,0,0,0,0,0,0,0,0,0,0,0,0,0,0,0,0
2008-02-22 11:15:00+00:00,30,2,11,,445.1252746582031,0,0,0,0,0,0,0,0,0,0,0,0,0,0,0,0,0,0,0,0,0,0,0,0,0
2008-02-22 11:15:00+00:00,30,2,11,386.4372253417969,307.72943115234375,0,0,0,0,0,0,0,0,0,0,0,0,0,0,0,0,0,0,0,0,0,0,0,0,0
2008-02-22 11:15:00+00:00,30,2,11,,,0,0,0,0,0,0,0,0,0,0,0,0,0,0,0,0,0,0,0,0,0,0,0,0,0
2008-02-22 11:15:00+00:00,30,2,11,291.72064208984375,156.10665893554688,0,0,0,0,0,0,0,0,0,0,0,0,0,0,0,1,1,0,0,0,0,0,0,0,0
2008-02-22 11:15:00+00:00,30,2,11,379.8897399902344,356.01995849609375,0,0,0,0,0,0,0,0,0,0,0,0,0,0,0,0,0,0,0,0,0,0,0,0,0
2008-02-22 11:15:00+00:00,30,2,11,196.400634765625,70.40251159667969,0,0,0,0,0,0,0,0,0,0,0,0,0,1,1,1,1,0,0,0,0,0,0,0,0
2008-02-22 11:15:00+00:00,30,2,11,434.8414001464844,409.0655212402344,0,0,0,0,0,0,0,0,0,0,0,0,0,0,0,0,0,0,0,0,0,0,0,0,0
2008-02-22 11:15:00+00:00,30,2,11,97.85295867919922,82.095458984375,0,0,0,0,0,0,0,0,0,1,1,1,1,1,1,1,1,0,0,0,0,0,0,0,0
2008-02-22 11:15:00+00:00,30,2,11,115.74003601074219,128.62806701660156,0,0,0,0,0,0,0,0,0,0,1,1,1,1,1,1,1,0,0,0,0,0,0,0,0
2008-02-22 11:15:00+00:00,30,2,11,116.91521453857422,102.31281280517578,0,0,0,0,0,0,0,0,0,0,1,1,1,1,1,1,1,0,0,0,0,0,0,0,0
2008-02-22 11:15:00+00:00,30,2,11,,,0,0,0,0,0,0,0,0,0,0,0,0,0,0,0,0,0,0,0,0,0,0,0,0,0
2008-02-22 11:30:00+00:00,30,2,11,,,0,0,0,0,0,0,0,0,0,0,0,0,0,0,0,0,0,0,0,0,0,0,0,0,0
2008-02-22 11:30:00+00:00,30,2,11,,,0,0,0,0,0,0,0,0,0,0,0,0,0,0,0,0,0,0,0,0,0,0,0,0,0
2008-02-22 11:30:00+00:00,30,2,11,,,0,0,0,0,0,0,0,0,0,0,0,0,0,0,0,0,0,0,0,0,0,0,0,0,0
2008-02-22 11:30:00+00:00,30,2,11,,,0,0,0,0,0,0,0,0,0,0,0,0,0,0,0,0,0,0,0,0,0,0,0,0,0
2008-02-22 11:30:00+00:00,30,2,11,,,0,0,0,0,0,0,0,0,0,0,0,0,0,0,0,0,0,0,0,0,0,0,0,0,0
2008-02-22 11:30:00+00:00,30,2,11,266.4800109863281,242.28280639648438,0,0,0,0,0,0,0,0,0,0,0,0,0,0,0,1,1,0,0,0,0,0,0,0,0
2008-02-22 11:30:00+00:00,30,2,11,180.04287719726562,155.5642852783203,0,0,0,0,0,0,0,0,0,0,0,0,0,1,1,1,1,0,0,0,0,0,0,0,0
2008-02-22 11:30:00+00:00,30,2,11,,,0,0,0,0,0,0,0,0,0,0,0,0,0,0,0,0,0,0,0,0,0,0,0,0,0
2008-02-22 11:30:00+00:00,30,2,11,284.6846008300781,265.3968505859375,0,0,0,0,0,0,0,0,0,0,0,0,0,0,0,1,1,0,0,0,0,0,0,0,0
2008-02-22 11:30:00+00:00,30,2,11,,,0,0,0,0,0,0,0,0,0,0,0,0,0,0,0,0,0,0,0,0,0,0,0,0,0
2008-02-22 11:30:00+00:00,30,2,11,251.51702880859375,,0,0,0,0,0,0,0,0,0,0,0,0,0,0,0,1,1,0,0,0,0,0,0,0,0
2008-02-22 11:30:00+00:00,30,2,11,276.1658935546875,274.6207275390625,0,0,0,0,0,0,0,0,0,0,0,0,0,0,0,1,1,0,0,0,0,0,0,0,0
2008-02-22 11:30:00+00:00,30,2,11,198.0360107421875,179.82632446289062,0,0,0,0,0,0,0,0,0,0,0,0,0,1,1,1,1,0,0,0,0,0,0,0,0
2008-02-22 11:30:00+00:00,30,2,11,117.8021011352539,331.73516845703125,0,0,0,0,0,0,0,0,0,0,1,1,1,1,1,1,1,0,0,0,0,0,0,0,0
2008-02-22 11:30:00+00:00,30,2,11,618.7242431640625,273.7328186035156,0,0,0,0,0,0,0,0,0,0,0,0,0,0,0,0,0,0,0,0,0,0,0,0,0
2008-02-22 11:30:00+00:00,30,2,11,,,0,0,0,0,0,0,0,0,0,0,0,0,0,0,0,0,0,0,0,0,0,0,0,0,0
2008-02-22 11:30:00+00:00,30,2,11,59.465980529785156,49.96723556518555,0,0,0,0,0,0,0,1,1,1,1,1,1,1,1,1,1,0,0,0,0,0,0,1,1
2008-02-22 11:30:00+00:00,30,2,11,,,0,0,0,0,0,0,0,0,0,0,0,0,0,0,0,0,0,0,0,0,0,0,0,0,0
2008-02-22 11:30:00+00:00,30,2,11,,,0,0,0,0,0,0,0,0,0,0,0,0,0,0,0,0,0,0,0,0,0,0,0,0,0
2008-02-22 11:45:00+00:00,30,2,11,,,0,0,0,0,0,0,0,0,0,0,0,0,0,0,0,0,0,0,0,0,0,0,0,0,0
2008-02-22 11:45:00+00:00,30,2,11,,,0,0,0,0,0,0,0,0,0,0,0,0,0,0,0,0,0,0,0,0,0,0,0,0,0
2008-02-22 11:45:00+00:00,30,2,11,,,0,0,0,0,0,0,0,0,0,0,0,0,0,0,0,0,0,0,0,0,0,0,0,0,0
2008-02-22 11:45:00+00:00,30,2,11,,,0,0,0,0,0,0,0,0,0,0,0,0,0,0,0,0,0,0,0,0,0,0,0,0,0
2008-02-22 11:45:00+00:00,30,2,11,,,0,0,0,0,0,0,0,0,0,0,0,0,0,0,0,0,0,0,0,0,0,0,0,0,0
2008-02-22 11:45:00+00:00,30,2,11,,,0,0,0,0,0,0,0,0,0,0,0,0,0,0,0,0,0,0,0,0,0,0,0,0,0
2008-02-22 11:45:00+00:00,30,2,11,,,0,0,0,0,0,0,0,0,0,0,0,0,0,0,0,0,0,0,0,0,0,0,0,0,0
2008-02-22 11:45:00+00:00,30,2,11,204.9430389404297,188.86790466308594,0,0,0,0,0,0,0,0,0,0,0,0,0,0,1,1,1,0,0,0,0,0,0,0,0
2008-02-22 11:45:00+00:00,30,2,11,,278.3218078613281,0,0,0,0,0,0,0,0,0,0,0,0,0,0,0,0,0,0,0,0,0,0,0,0,0
2008-02-22 11:45:00+00:00,30,2,11,,3.1454129219055176,0,0,0,0,0,0,0,0,0,0,0,0,0,0,0,0,0,1,1,1,1,1,1,1,1
2008-02-22 11:45:00+00:00,30,2,11,389.7574462890625,149.91844177246094,0,0,0,0,0,0,0,0,0,0,0,0,0,0,0,0,0,0,0,0,0,0,0,0,0
2008-02-22 11:45:00+00:00,30,2,11,121.3896713256836,3.423306465148926,0,0,0,0,0,0,0,0,0,0,0,1,1,1,1,1,1,1,1,1,1,1,1,1,1
2008-02-22 11:45:00+00:00,30,2,11,80.29796600341797,50.81646728515625,0,0,0,0,0,0,0,0,0,1,1,1,1,1,1,1,1,0,0,0,0,0,0,0,1
2008-02-22 11:45:00+00:00,30,2,11,,,0,0,0,0,0,0,0,0,0,0,0,0,0,0,0,0,0,0,0,0,0,0,0,0,0
2008-02-22 11:45:00+00:00,30,2,11,512.82763671875,500.1419372558594,0,0,0,0,0,0,0,0,0,0,0,0,0,0,0,0,0,0,0,0,0,0,0,0,0
2008-02-22 11:45:00+00:00,30,2,11,273.43450927734375,274.2547302246094,0,0,0,0,0,0,0,0,0,0,0,0,0,0,0,1,1,0,0,0,0,0,0,0,0
2008-02-22 11:45:00+00:00,30,2,11,240.46189880371094,233.38694763183594,0,0,0,0,0,0,0,0,0,0,0,0,0,0,1,1,1,0,0,0,0,0,0,0,0
2008-02-22 11:45:00+00:00,30,2,11,,442.2622985839844,0,0,0,0,0,0,0,0,0,0,0,0,0,0,0,0,0,0,0,0,0,0,0,0,0
2008-02-22 11:45:00+00:00,30,2,11,,,0,0,0,0,0,0,0,0,0,0,0,0,0,0,0,0,0,0,0,0,0,0,0,0,0
2008-02-22 11:45:00+00:00,30,2,11,,,0,0,0,0,0,0,0,0,0,0,0,0,0,0,0,0,0,0,0,0,0,0,0,0,0
2008-02-22 11:45:00+00:00,30,2,11,,,0,0,0,0,0,0,0,0,0,0,0,0,0,0,0,0,0,0,0,0,0,0,0,0,0
2008-02-22 12:00:00+00:00,30,2,12,,,0,0,0,0,0,0,0,0,0,0,0,0,0,0,0,0,0,0,0,0,0,0,0,0,0
2008-02-22 12:00:00+00:00,30,2,12,,,0,0,0,0,0,0,0,0,0,0,0,0,0,0,0,0,0,0,0,0,0,0,0,0,0
2008-02-22 12:00:00+00:00,30,2,12,,,0,0,0,0,0,0,0,0,0,0,0,0,0,0,0,0,0,0,0,0,0,0,0,0,0
2008-02-22 12:00:00+00:00,30,2,12,,,0,0,0,0,0,0,0,0,0,0,0,0,0,0,0,0,0,0,0,0,0,0,0,0,0
2008-02-22 12:00:00+00:00,30,2,12,,,0,0,0,0,0,0,0,0,0,0,0,0,0,0,0,0,0,0,0,0,0,0,0,0,0
2008-02-22 12:00:00+00:00,30,2,12,,,0,0,0,0,0,0,0,0,0,0,0,0,0,0,0,0,0,0,0,0,0,0,0,0,0
2008-02-22 12:00:00+00:00,30,2,12,,,0,0,0,0,0,0,0,0,0,0,0,0,0,0,0,0,0,0,0,0,0,0,0,0,0
2008-02-22 12:00:00+00:00,30,2,12,,157.3092041015625,0,0,0,0,0,0,0,0,0,0,0,0,0,0,0,0,0,0,0,0,0,0,0,0,0
2008-02-22 12:00:00+00:00,30,2,12,216.8407440185547,195.13406372070312,0,0,0,0,0,0,0,0,0,0,0,0,0,0,1,1,1,0,0,0,0,0,0,0,0
2008-02-22 12:00:00+00:00,30,2,12,533.5007934570312,530.795654296875,0,0,0,0,0,0,0,0,0,0,0,0,0,0,0,0,0,0,0,0,0,0,0,0,0
2008-02-22 12:00:00+00:00,30,2,12,188.051025390625,197.24176025390625,0,0,0,0,0,0,0,0,0,0,0,0,0,1,1,1,1,0,0,0,0,0,0,0,0
2008-02-22 12:00:00+00:00,30,2,12,,218.48602294921875,0,0,0,0,0,0,0,0,0,0,0,0,0,0,0,0,0,0,0,0,0,0,0,0,0
2008-02-22 12:00:00+00:00,30,2,12,358.6944274902344,118.45996856689453,0,0,0,0,0,0,0,0,0,0,0,0,0,0,0,0,0,0,0,0,0,0,0,0,0
2008-02-22 12:00:00+00:00,30,2,12,443.97308349609375,260.5145263671875,0,0,0,0,0,0,0,0,0,0,0,0,0,0,0,0,0,0,0,0,0,0,0,0,0
2008-02-22 12:00:00+00:00,30,2,12,,,0,0,0,0,0,0,0,0,0,0,0,0,0,0,0,0,0,0,0,0,0,0,0,0,0
2008-02-22 12:00:00+00:00,30,2,12,194.1492156982422,214.98931884765625,0,0,0,0,0,0,0,0,0,0,0,0,0,1,1,1,1,0,0,0,0,0,0,0,0
2008-02-22 12:00:00+00:00,30,2,12,,,0,0,0,0,0,0,0,0,0,0,0,0,0,0,0,0,0,0,0,0,0,0,0,0,0
2008-02-22 12:00:00+00:00,30,2,12,258.2988586425781,261.78240966796875,0,0,0,0,0,0,0,0,0,0,0,0,0,0,0,1,1,0,0,0,0,0,0,0,0
2008-02-22 12:00:00+00:00,30,2,12,256.07861328125,257.6453857421875,0,0,0,0,0,0,0,0,0,0,0,0,0,0,0,1,1,0,0,0,0,0,0,0,0
2008-02-22 12:00:00+00:00,30,2,12,108.6425552368164,75.05374145507812,0,0,0,0,0,0,0,0,0,0,1,1,1,1,1,1,1,0,0,0,0,0,0,0,0
2008-02-22 12:00:00+00:00,30,2,12,188.42625427246094,180.30247497558594,0,0,0,0,0,0,0,0,0,0,0,0,0,1,1,1,1,0,0,0,0,0,0,0,0
2008-02-22 12:15:00+00:00,30,2,12,,,0,0,0,0,0,0,0,0,0,0,0,0,0,0,0,0,0,0,0,0,0,0,0,0,0
2008-02-22 12:15:00+00:00,30,2,12,,,0,0,0,0,0,0,0,0,0,0,0,0,0,0,0,0,0,0,0,0,0,0,0,0,0
2008-02-22 12:15:00+00:00,30,2,12,,,0,0,0,0,0,0,0,0,0,0,0,0,0,0,0,0,0,0,0,0,0,0,0,0,0
2008-02-22 12:15:00+00:00,30,2,12,,,0,0,0,0,0,0,0,0,0,0,0,0,0,0,0,0,0,0,0,0,0,0,0,0,0
2008-02-22 12:15:00+00:00,30,2,12,,256.5214538574219,0,0,0,0,0,0,0,0,0,0,0,0,0,0,0,0,0,0,0,0,0,0,0,0,0
2008-02-22 12:15:00+00:00,30,2,12,,205.62925720214844,0,0,0,0,0,0,0,0,0,0,0,0,0,0,0,0,0,0,0,0,0,0,0,0,0
2008-02-22 12:15:00+00:00,30,2,12,,147.17758178710938,0,0,0,0,0,0,0,0,0,0,0,0,0,0,0,0,0,0,0,0,0,0,0,0,0
2008-02-22 12:15:00+00:00,30,2,12,370.2178955078125,57.03300857543945,0,0,0,0,0,0,0,0,0,0,0,0,0,0,0,0,0,0,0,0,0,0,0,0,1
2008-02-22 12:15:00+00:00,30,2,12,162.2621612548828,139.3326873779297,0,0,0,0,0,0,0,0,0,0,0,0,1,1,1,1,1,0,0,0,0,0,0,0,0
2008-02-22 12:15:00+00:00,30,2,12,191.65541076660156,195.67153930664062,0,0,0,0,0,0,0,0,0,0,0,0,0,1,1,1,1,0,0,0,0,0,0,0,0
2008-02-22 12:15:00+00:00,30,2,12,68.14128112792969,48.3861198425293,0,0,0,0,0,0,0,0,1,1,1,1,1,1,1,1,1,0,0,0,0,0,0,1,1
2008-02-22 12:15:00+00:00,30,2,12,206.93272399902344,215.14158630371094,0,0,0,0,0,0,0,0,0,0,0,0,0,0,1,1,1,0,0,0,0,0,0,0,0
2008-02-22 12:15:00+00:00,30,2,12,177.4498291015625,178.64288330078125,0,0,0,0,0,0,0,0,0,0,0,0,1,1,1,1,1,0,0,0,0,0,0,0,0
2008-02-22 12:15:00+00:00,30,2,12,,428.4761657714844,0,0,0,0,0,0,0,0,0,0,0,0,0,0,0,0,0,0,0,0,0,0,0,0,0
2008-02-22 12:15:00+00:00,30,2,12,,,0,0,0,0,0,0,0,0,0,0,0,0,0,0,0,0,0,0,0,0,0,0,0,0,0
2008-02-22 12:15:00+00:00,30,2,12,123.42579650878906,119.02396392822266,0,0,0,0,0,0,0,0,0,0,0,1,1,1,1,1,1,0,0,0,0,0,0,0,0
2008-02-22 12:15:00+00:00,30,2,12,281.1370849609375,302.58837890625,0,0,0,0,0,0,0,0,0,0,0,0,0,0,0,1,1,0,0,0,0,0,0,0,0
2008-02-22 12:15:00+00:00,30,2,12,108.23870849609375,295.95709228515625,0,0,0,0,0,0,0,0,0,0,1,1,1,1,1,1,1,0,0,0,0,0,0,0,0
2008-02-22 12:15:00+00:00,30,2,12,,,0,0,0,0,0,0,0,0,0,0,0,0,0,0,0,0,0,0,0,0,0,0,0,0,0
2008-02-22 12:15:00+00:00,30,2,12,,,0,0,0,0,0,0,0,0,0,0,0,0,0,0,0,0,0,0,0,0,0,0,0,0,0
2008-02-22 12:30:00+00:00,30,2,12,,,0,0,0,0,0,0,0,0,0,0,0,0,0,0,0,0,0,0,0,0,0,0,0,0,0
2008-02-22 12:30:00+00:00,30,2,12,,,0,0,0,0,0,0,0,0,0,0,0,0,0,0,0,0,0,0,0,0,0,0,0,0,0
2008-02-22 12:30:00+00:00,30,2,12,,,0,0,0,0,0,0,0,0,0,0,0,0,0,0,0,0,0,0,0,0,0,0,0,0,0
2008-02-22 12:30:00+00:00,30,2,12,,,0,0,0,0,0,0,0,0,0,0,0,0,0,0,0,0,0,0,0,0,0,0,0,0,0
2008-02-22 12:30:00+00:00,30,2,12,,,0,0,0,0,0,0,0,0,0,0,0,0,0,0,0,0,0,0,0,0,0,0,0,0,0
2008-02-22 12:30:00+00:00,30,2,12,,,0,0,0,0,0,0,0,0,0,0,0,0,0,0,0,0,0,0,0,0,0,0,0,0,0
2008-02-22 12:30:00+00:00,30,2,12,,,0,0,0,0,0,0,0,0,0,0,0,0,0,0,0,0,0,0,0,0,0,0,0,0,0
2008-02-22 12:30:00+00:00,30,2,12,,,0,0,0,0,0,0,0,0,0,0,0,0,0,0,0,0,0,0,0,0,0,0,0,0,0
2008-02-22 12:30:00+00:00,30,2,12,,,0,0,0,0,0,0,0,0,0,0,0,0,0,0,0,0,0,0,0,0,0,0,0,0,0
2008-02-22 12:30:00+00:00,30,2,12,,502.1380920410156,0,0,0,0,0,0,0,0,0,0,0,0,0,0,0,0,0,0,0,0,0,0,0,0,0
2008-02-22 12:30:00+00:00,30,2,12,,425.63226318359375,0,0,0,0,0,0,0,0,0,0,0,0,0,0,0,0,0,0,0,0,0,0,0,0,0
2008-02-22 12:30:00+00:00,30,2,12,176.25314331054688,187.36160278320312,0,0,0,0,0,0,0,0,0,0,0,0,1,1,1,1,1,0,0,0,0,0,0,0,0
2008-02-22 12:30:00+00:00,30,2,12,97.27383422851562,95.55810546875,0,0,0,0,0,0,0,0,0,1,1,1,1,1,1,1,1,0,0,0,0,0,0,0,0
2008-02-22 12:30:00+00:00,30,2,12,358.2461242675781,215.3746795654297,0,0,0,0,0,0,0,0,0,0,0,0,0,0,0,0,0,0,0,0,0,0,0,0,0
2008-02-22 12:30:00+00:00,30,2,12,,,0,0,0,0,0,0,0,0,0,0,0,0,0,0,0,0,0,0,0,0,0,0,0,0,0
2008-02-22 12:30:00+00:00,30,2,12,,159.57876586914062,0,0,0,0,0,0,0,0,0,0,0,0,0,0,0,0,0,0,0,0,0,0,0,0,0
2008-02-22 12:30:00+00:00,30,2,12,146.4869384765625,133.0494384765625,0,0,0,0,0,0,0,0,0,0,0,1,1,1,1,1,1,0,0,0,0,0,0,0,0
2008-02-22 12:30:00+00:00,30,2,12,,17.37827491760254,0,0,0,0,0,0,0,0,0,0,0,0,0,0,0,0,0,0,0,1,1,1,1,1,1
2008-02-22 12:45:00+00:00,30,2,12,,,0,0,0,0,0,0,0,0,0,0,0,0,0,0,0,0,0,0,0,0,0,0,0,0,0
2008-02-22 12:45:00+00:00,30,2,12,,,0,0,0,0,0,0,0,0,0,0,0,0,0,0,0,0,0,0,0,0,0,0,0,0,0
2008-02-22 12:45:00+00:00,30,2,12,,,0,0,0,0,0,0,0,0,0,0,0,0,0,0,0,0,0,0,0,0,0,0,0,0,0
2008-02-22 12:45:00+00:00,30,2,12,,,0,0,0,0,0,0,0,0,0,0,0,0,0,0,0,0,0,0,0,0,0,0,0,0,0
2008-02-22 12:45:00+00:00,30,2,12,,,0,0,0,0,0,0,0,0,0,0,0,0,0,0,0,0,0,0,0,0,0,0,0,0,0
2008-02-22 12:45:00+00:00,30,2,12,426.142822265625,418.3946228027344,0,0,0,0,0,0,0,0,0,0,0,0,0,0,0,0,0,0,0,0,0,0,0,0,0
2008-02-22 12:45:00+00:00,30,2,12,426.0701904296875,418.4290771484375,0,0,0,0,0,0,0,0,0,0,0,0,0,0,0,0,0,0,0,0,0,0,0,0,0
2008-02-22 12:45:00+00:00,30,2,12,253.9006805419922,237.51295471191406,0,0,0,0,0,0,0,0,0,0,0,0,0,0,0,1,1,0,0,0,0,0,0,0,0
2008-02-22 12:45:00+00:00,30,2,12,424.65850830078125,417.8706359863281,0,0,0,0,0,0,0,0,0,0,0,0,0,0,0,0,0,0,0,0,0,0,0,0,0
2008-02-22 12:45:00+00:00,30,2,12,215.1368865966797,207.6807403564453,0,0,0,0,0,0,0,0,0,0,0,0,0,0,1,1,1,0,0,0,0,0,0,0,0
2008-02-22 12:45:00+00:00,30,2,12,66.86201477050781,61.5229377746582,0,0,0,0,0,0,0,0,1,1,1,1,1,1,1,1,1,0,0,0,0,0,0,0,0
2008-02-22 12:45:00+00:00,30,2,12,98.46430969238281,91.80147552490234,0,0,0,0,0,0,0,0,0,1,1,1,1,1,1,1,1,0,0,0,0,0,0,0,0
2008-02-22 12:45:00+00:00,30,2,12,453.7552185058594,502.7608642578125,0,0,0,0,0,0,0,0,0,0,0,0,0,0,0,0,0,0,0,0,0,0,0,0,0
2008-02-22 12:45:00+00:00,30,2,12,589.555419921875,,0,0,0,0,0,0,0,0,0,0,0,0,0,0,0,0,0,0,0,0,0,0,0,0,0
2008-02-22 12:45:00+00:00,30,2,12,155.005126953125,166.12109375,0,0,0,0,0,0,0,0,0,0,0,0,1,1,1,1,1,0,0,0,0,0,0,0,0
2008-02-22 12:45:00+00:00,30,2,12,309.86663818359375,121.6789779663086,0,0,0,0,0,0,0,0,0,0,0,0,0,0,0,0,1,0,0,0,0,0,0,0,0
2008-02-22 12:45:00+00:00,30,2,12,,,0,0,0,0,0,0,0,0,0,0,0,0,0,0,0,0,0,0,0,0,0,0,0,0,0
2008-02-22 12:45:00+00:00,30,2,12,289.5655212402344,300.6148986816406,0,0,0,0,0,0,0,0,0,0,0,0,0,0,0,1,1,0,0,0,0,0,0,0,0
2008-02-22 12:45:00+00:00,30,2,12,177.80848693847656,180.31594848632812,0,0,0,0,0,0,0,0,0,0,0,0,1,1,1,1,1,0,0,0,0,0,0,0,0
2008-02-22 12:45:00+00:00,30,2,12,213.22251892089844,303.0464782714844,0,0,0,0,0,0,0,0,0,0,0,0,0,0,1,1,1,0,0,0,0,0,0,0,0
2008-02-22 12:45:00+00:00,30,2,12,,192.53457641601562,0,0,0,0,0,0,0,0,0,0,0,0,0,0,0,0,0,0,0,0,0,0,0,0,0
2008-02-22 12:45:00+00:00,30,2,12,,208.1163787841797,0,0,0,0,0,0,0,0,0,0,0,0,0,0,0,0,0,0,0,0,0,0,0,0,0
2008-02-22 12:45:00+00:00,30,2,12,,,0,0,0,0,0,0,0,0,0,0,0,0,0,0,0,0,0,0,0,0,0,0,0,0,0
2008-02-22 13:00:00+00:00,30,2,13,,,0,0,0,0,0,0,0,0,0,0,0,0,0,0,0,0,0,0,0,0,0,0,0,0,0
2008-02-22 13:00:00+00:00,30,2,13,,,0,0,0,0,0,0,0,0,0,0,0,0,0,0,0,0,0,0,0,0,0,0,0,0,0
2008-02-22 13:00:00+00:00,30,2,13,,,0,0,0,0,0,0,0,0,0,0,0,0,0,0,0,0,0,0,0,0,0,0,0,0,0
2008-02-22 13:00:00+00:00,30,2,13,,,0,0,0,0,0,0,0,0,0,0,0,0,0,0,0,0,0,0,0,0,0,0,0,0,0
2008-02-22 13:00:00+00:00,30,2,13,,,0,0,0,0,0,0,0,0,0,0,0,0,0,0,0,0,0,0,0,0,0,0,0,0,0
2008-02-22 13:00:00+00:00,30,2,13,177.81961059570312,158.61639404296875,0,0,0,0,0,0,0,0,0,0,0,0,1,1,1,1,1,0,0,0,0,0,0,0,0
2008-02-22 13:00:00+00:00,30,2,13,407.8218994140625,404.87408447265625,0,0,0,0,0,0,0,0,0,0,0,0,0,0,0,0,0,0,0,0,0,0,0,0,0
2008-02-22 13:00:00+00:00,30,2,13,457.08935546875,455.26507568359375,0,0,0,0,0,0,0,0,0,0,0,0,0,0,0,0,0,0,0,0,0,0,0,0,0
2008-02-22 13:00:00+00:00,30,2,13,235.3060302734375,170.12754821777344,0,0,0,0,0,0,0,0,0,0,0,0,0,0,1,1,1,0,0,0,0,0,0,0,0
2008-02-22 13:00:00+00:00,30,2,13,125.53976440429688,121.88716888427734,0,0,0,0,0,0,0,0,0,0,0,1,1,1,1,1,1,0,0,0,0,0,0,0,0
2008-02-22 13:00:00+00:00,30,2,13,106.6220474243164,105.0764389038086,0,0,0,0,0,0,0,0,0,0,1,1,1,1,1,1,1,0,0,0,0,0,0,0,0
2008-02-22 13:00:00+00:00,30,2,13,370.4559326171875,376.81488037109375,0,0,0,0,0,0,0,0,0,0,0,0,0,0,0,0,0,0,0,0,0,0,0,0,0
2008-02-22 13:00:00+00:00,30,2,13,521.802978515625,380.3943176269531,0,0,0,0,0,0,0,0,0,0,0,0,0,0,0,0,0,0,0,0,0,0,0,0,0
2008-02-22 13:00:00+00:00,30,2,13,189.45114135742188,201.60382080078125,0,0,0,0,0,0,0,0,0,0,0,0,0,1,1,1,1,0,0,0,0,0,0,0,0
2008-02-22 13:00:00+00:00,30,2,13,173.32289123535156,156.97349548339844,0,0,0,0,0,0,0,0,0,0,0,0,1,1,1,1,1,0,0,0,0,0,0,0,0
2008-02-22 13:00:00+00:00,30,2,13,375.6955261230469,372.77545166015625,0,0,0,0,0,0,0,0,0,0,0,0,0,0,0,0,0,0,0,0,0,0,0,0,0
2008-02-22 13:00:00+00:00,30,2,13,196.3622589111328,183.77029418945312,0,0,0,0,0,0,0,0,0,0,0,0,0,1,1,1,1,0,0,0,0,0,0,0,0
2008-02-22 13:00:00+00:00,30,2,13,335.3788146972656,327.4027099609375,0,0,0,0,0,0,0,0,0,0,0,0,0,0,0,0,1,0,0,0,0,0,0,0,0
2008-02-22 13:00:00+00:00,30,2,13,87.85334777832031,95.12251281738281,0,0,0,0,0,0,0,0,0,1,1,1,1,1,1,1,1,0,0,0,0,0,0,0,0
2008-02-22 13:00:00+00:00,30,2,13,,,0,0,0,0,0,0,0,0,0,0,0,0,0,0,0,0,0,0,0,0,0,0,0,0,0
2008-02-22 13:15:00+00:00,30,2,13,,,0,0,0,0,0,0,0,0,0,0,0,0,0,0,0,0,0,0,0,0,0,0,0,0,0
2008-02-22 13:15:00+00:00,30,2,13,,,0,0,0,0,0,0,0,0,0,0,0,0,0,0,0,0,0,0,0,0,0,0,0,0,0
2008-02-22 13:15:00+00:00,30,2,13,,,0,0,0,0,0,0,0,0,0,0,0,0,0,0,0,0,0,0,0,0,0,0,0,0,0
2008-02-22 13:15:00+00:00,30,2,13,117.85350036621094,134.57907104492188,0,0,0,0,0,0,0,0,0,0,1,1,1,1,1,1,1,0,0,0,0,0,0,0,0
2008-02-22 13:15:00+00:00,30,2,13,343.68756103515625,348.5296936035156,0,0,0,0,0,0,0,0,0,0,0,0,0,0,0,0,1,0,0,0,0,0,0,0,0
2008-02-22 13:15:00+00:00,30,2,13,351.357177734375,333.3303527832031,0,0,0,0,0,0,0,0,0,0,0,0,0,0,0,0,0,0,0,0,0,0,0,0,0
2008-02-22 13:15:00+00:00,30,2,13,,,0,0,0,0,0,0,0,0,0,0,0,0,0,0,0,0,0,0,0,0,0,0,0,0,0
2008-02-22 13:15:00+00:00,30,2,13,273.0760803222656,135.9795379638672,0,0,0,0,0,0,0,0,0,0,0,0,0,0,0,1,1,0,0,0,0,0,0,0,0
2008-02-22 13:15:00+00:00,30,2,13,263.8799743652344,239.6522979736328,0,0,0,0,0,0,0,0,0,0,0,0,0,0,0,1,1,0,0,0,0,0,0,0,0
2008-02-22 13:15:00+00:00,30,2,13,161.58590698242188,183.31617736816406,0,0,0,0,0,0,0,0,0,0,0,0,1,1,1,1,1,0,0,0,0,0,0,0,0
2008-02-22 13:30:00+00:00,30,2,13,,,0,0,0,0,0,0,0,0,0,0,0,0,0,0,0,0,0,0,0,0,0,0,0,0,0
2008-02-22 13:30:00+00:00,30,2,13,,,0,0,0,0,0,0,0,0,0,0,0,0,0,0,0,0,0,0,0,0,0,0,0,0,0
2008-02-22 13:30:00+00:00,30,2,13,,,0,0,0,0,0,0,0,0,0,0,0,0,0,0,0,0,0,0,0,0,0,0,0,0,0
2008-02-22 13:30:00+00:00,30,2,13,,,0,0,0,0,0,0,0,0,0,0,0,0,0,0,0,0,0,0,0,0,0,0,0,0,0
2008-02-22 13:30:00+00:00,30,2,13,,,0,0,0,0,0,0,0,0,0,0,0,0,0,0,0,0,0,0,0,0,0,0,0,0,0
2008-02-22 13:30:00+00:00,30,2,13,,,0,0,0,0,0,0,0,0,0,0,0,0,0,0,0,0,0,0,0,0,0,0,0,0,0
2008-02-22 13:30:00+00:00,30,2,13,,,0,0,0,0,0,0,0,0,0,0,0,0,0,0,0,0,0,0,0,0,0,0,0,0,0
2008-02-22 13:30:00+00:00,30,2,13,553.8798217773438,580.5302734375,0,0,0,0,0,0,0,0,0,0,0,0,0,0,0,0,0,0,0,0,0,0,0,0,0
2008-02-22 13:30:00+00:00,30,2,13,371.2612609863281,396.10467529296875,0,0,0,0,0,0,0,0,0,0,0,0,0,0,0,0,0,0,0,0,0,0,0,0,0
2008-02-22 13:30:00+00:00,30,2,13,161.17611694335938,189.45867919921875,0,0,0,0,0,0,0,0,0,0,0,0,1,1,1,1,1,0,0,0,0,0,0,0,0
2008-02-22 13:30:00+00:00,30,2,13,86.82316589355469,145.90480041503906,0,0,0,0,0,0,0,0,0,1,1,1,1,1,1,1,1,0,0,0,0,0,0,0,0
2008-02-22 13:30:00+00:00,30,2,13,71.60202026367188,115.93476104736328,0,0,0,0,0,0,0,0,1,1,1,1,1,1,1,1,1,0,0,0,0,0,0,0,0
2008-02-22 13:30:00+00:00,30,2,13,69.74925231933594,59.18904495239258,0,0,0,0,0,0,0,0,1,1,1,1,1,1,1,1,1,0,0,0,0,0,0,0,1
2008-02-22 13:30:00+00:00,30,2,13,643.4216918945312,628.4098510742188,0,0,0,0,0,0,0,0,0,0,0,0,0,0,0,0,0,0,0,0,0,0,0,0,0
2008-02-22 13:30:00+00:00,30,2,13,,,0,0,0,0,0,0,0,0,0,0,0,0,0,0,0,0,0,0,0,0,0,0,0,0,0
2008-02-22 13:30:00+00:00,30,2,13,147.82301330566406,151.45745849609375,0,0,0,0,0,0,0,0,0,0,0,1,1,1,1,1,1,0,0,0,0,0,0,0,0
2008-02-22 13:30:00+00:00,30,2,13,318.2361145019531,292.2380676269531,0,0,0,0,0,0,0,0,0,0,0,0,0,0,0,0,1,0,0,0,0,0,0,0,0
2008-02-22 13:30:00+00:00,30,2,13,242.19833374023438,253.49819946289062,0,0,0,0,0,0,0,0,0,0,0,0,0,0,1,1,1,0,0,0,0,0,0,0,0
2008-02-22 13:30:00+00:00,30,2,13,146.94285583496094,107.35125732421875,0,0,0,0,0,0,0,0,0,0,0,1,1,1,1,1,1,0,0,0,0,0,0,0,0
2008-02-22 13:30:00+00:00,30,2,13,212.5821990966797,128.83921813964844,0,0,0,0,0,0,0,0,0,0,0,0,0,0,1,1,1,0,0,0,0,0,0,0,0
2008-02-22 13:30:00+00:00,30,2,13,262.3162536621094,251.95046997070312,0,0,0,0,0,0,0,0,0,0,0,0,0,0,0,1,1,0,0,0,0,0,0,0,0
2008-02-22 13:30:00+00:00,30,2,13,173.16331481933594,166.62692260742188,0,0,0,0,0,0,0,0,0,0,0,0,1,1,1,1,1,0,0,0,0,0,0,0,0
2008-02-22 13:30:00+00:00,30,2,13,295.03424072265625,258.52313232421875,0,0,0,0,0,0,0,0,0,0,0,0,0,0,0,1,1,0,0,0,0,0,0,0,0
2008-02-22 13:30:00+00:00,30,2,13,52.323097229003906,7.255953788757324,0,0,0,0,0,0,0,1,1,1,1,1,1,1,1,1,1,1,1,1,1,1,1,1,1
2008-02-22 13:45:00+00:00,30,2,13,,,0,0,0,0,0,0,0,0,0,0,0,0,0,0,0,0,0,0,0,0,0,0,0,0,0
2008-02-22 13:45:00+00:00,30,2,13,,,0,0,0,0,0,0,0,0,0,0,0,0,0,0,0,0,0,0,0,0,0,0,0,0,0
2008-02-22 13:45:00+00:00,30,2,13,,,0,0,0,0,0,0,0,0,0,0,0,0,0,0,0,0,0,0,0,0,0,0,0,0,0
2008-02-22 13:45:00+00:00,30,2,13,,353.9550476074219,0,0,0,0,0,0,0,0,0,0,0,0,0,0,0,0,0,0,0,0,0,0,0,0,0
2008-02-22 13:45:00+00:00,30,2,13,,,0,0,0,0,0,0,0,0,0,0,0,0,0,0,0,0,0,0,0,0,0,0,0,0,0
2008-02-22 13:45:00+00:00,30,2,13,239.20692443847656,241.64076232910156,0,0,0,0,0,0,0,0,0,0,0,0,0,0,1,1,1,0,0,0,0,0,0,0,0
2008-02-22 13:45:00+00:00,30,2,13,219.6532440185547,206.77273559570312,0,0,0,0,0,0,0,0,0,0,0,0,0,0,1,1,1,0,0,0,0,0,0,0,0
2008-02-22 13:45:00+00:00,30,2,13,229.83482360839844,211.03240966796875,0,0,0,0,0,0,0,0,0,0,0,0,0,0,1,1,1,0,0,0,0,0,0,0,0
2008-02-22 13:45:00+00:00,30,2,13,157.49981689453125,166.73179626464844,0,0,0,0,0,0,0,0,0,0,0,0,1,1,1,1,1,0,0,0,0,0,0,0,0
2008-02-22 14:00:00+00:00,30,2,14,,,0,0,0,0,0,0,0,0,0,0,0,0,0,0,0,0,0,0,0,0,0,0,0,0,0
2008-02-22 14:00:00+00:00,30,2,14,,,0,0,0,0,0,0,0,0,0,0,0,0,0,0,0,0,0,0,0,0,0,0,0,0,0
2008-02-22 14:00:00+00:00,30,2,14,128.017333984375,119.95394134521484,0,0,0,0,0,0,0,0,0,0,0,1,1,1,1,1,1,0,0,0,0,0,0,0,0
2008-02-22 14:00:00+00:00,30,2,14,108.29557800292969,104.58444213867188,0,0,0,0,0,0,0,0,0,0,1,1,1,1,1,1,1,0,0,0,0,0,0,0,0
2008-02-22 14:00:00+00:00,30,2,14,167.16470336914062,139.14759826660156,0,0,0,0,0,0,0,0,0,0,0,0,1,1,1,1,1,0,0,0,0,0,0,0,0
2008-02-22 14:00:00+00:00,30,2,14,69.32776641845703,99.46662139892578,0,0,0,0,0,0,0,0,1,1,1,1,1,1,1,1,1,0,0,0,0,0,0,0,0
2008-02-22 14:00:00+00:00,30,2,14,118.02845001220703,134.6041259765625,0,0,0,0,0,0,0,0,0,0,1,1,1,1,1,1,1,0,0,0,0,0,0,0,0
2008-02-22 14:15:00+00:00,30,2,14,,,0,0,0,0,0,0,0,0,0,0,0,0,0,0,0,0,0,0,0,0,0,0,0,0,0
2008-02-22 14:15:00+00:00,30,2,14,,,0,0,0,0,0,0,0,0,0,0,0,0,0,0,0,0,0,0,0,0,0,0,0,0,0
2008-02-22 14:15:00+00:00,30,2,14,,,0,0,0,0,0,0,0,0,0,0,0,0,0,0,0,0,0,0,0,0,0,0,0,0,0
2008-02-22 14:15:00+00:00,30,2,14,302.285400390625,,0,0,0,0,0,0,0,0,0,0,0,0,0,0,0,0,1,0,0,0,0,0,0,0,0
2008-02-22 14:15:00+00:00,30,2,14,108.89168548583984,113.55287170410156,0,0,0,0,0,0,0,0,0,0,1,1,1,1,1,1,1,0,0,0,0,0,0,0,0
2008-02-22 14:15:00+00:00,30,2,14,406.9097900390625,406.5277099609375,0,0,0,0,0,0,0,0,0,0,0,0,0,0,0,0,0,0,0,0,0,0,0,0,0
2008-02-22 14:15:00+00:00,30,2,14,337.2835998535156,339.2512512207031,0,0,0,0,0,0,0,0,0,0,0,0,0,0,0,0,1,0,0,0,0,0,0,0,0
2008-02-22 14:15:00+00:00,30,2,14,310.1116943359375,328.1135559082031,0,0,0,0,0,0,0,0,0,0,0,0,0,0,0,0,1,0,0,0,0,0,0,0,0
2008-02-22 14:15:00+00:00,30,2,14,114.63514709472656,172.1962890625,0,0,0,0,0,0,0,0,0,0,1,1,1,1,1,1,1,0,0,0,0,0,0,0,0
2008-02-22 14:15:00+00:00,30,2,14,246.66732788085938,370.7571105957031,0,0,0,0,0,0,0,0,0,0,0,0,0,0,1,1,1,0,0,0,0,0,0,0,0
2008-02-22 14:15:00+00:00,30,2,14,218.2630615234375,194.63140869140625,0,0,0,0,0,0,0,0,0,0,0,0,0,0,1,1,1,0,0,0,0,0,0,0,0
2008-02-22 14:15:00+00:00,30,2,14,137.81661987304688,163.60296630859375,0,0,0,0,0,0,0,0,0,0,0,1,1,1,1,1,1,0,0,0,0,0,0,0,0
2008-02-22 14:30:00+00:00,30,2,14,,,0,0,0,0,0,0,0,0,0,0,0,0,0,0,0,0,0,0,0,0,0,0,0,0,0
2008-02-22 14:30:00+00:00,30,2,14,,,0,0,0,0,0,0,0,0,0,0,0,0,0,0,0,0,0,0,0,0,0,0,0,0,0
2008-02-22 14:30:00+00:00,30,2,14,,,0,0,0,0,0,0,0,0,0,0,0,0,0,0,0,0,0,0,0,0,0,0,0,0,0
2008-02-22 14:30:00+00:00,30,2,14,,,0,0,0,0,0,0,0,0,0,0,0,0,0,0,0,0,0,0,0,0,0,0,0,0,0
2008-02-22 14:30:00+00:00,30,2,14,181.90061950683594,55.1262092590332,0,0,0,0,0,0,0,0,0,0,0,0,0,1,1,1,1,0,0,0,0,0,0,0,1
2008-02-22 14:30:00+00:00,30,2,14,,,0,0,0,0,0,0,0,0,0,0,0,0,0,0,0,0,0,0,0,0,0,0,0,0,0
2008-02-22 14:30:00+00:00,30,2,14,194.62158203125,339.4037780761719,0,0,0,0,0,0,0,0,0,0,0,0,0,1,1,1,1,0,0,0,0,0,0,0,0
2008-02-22 14:30:00+00:00,30,2,14,224.85983276367188,121.72427368164062,0,0,0,0,0,0,0,0,0,0,0,0,0,0,1,1,1,0,0,0,0,0,0,0,0
2008-02-22 14:30:00+00:00,30,2,14,,,0,0,0,0,0,0,0,0,0,0,0,0,0,0,0,0,0,0,0,0,0,0,0,0,0
2008-02-22 14:45:00+00:00,30,2,14,,,0,0,0,0,0,0,0,0,0,0,0,0,0,0,0,0,0,0,0,0,0,0,0,0,0
2008-02-22 14:45:00+00:00,30,2,14,,,0,0,0,0,0,0,0,0,0,0,0,0,0,0,0,0,0,0,0,0,0,0,0,0,0
2008-02-22 14:45:00+00:00,30,2,14,,,0,0,0,0,0,0,0,0,0,0,0,0,0,0,0,0,0,0,0,0,0,0,0,0,0
2008-02-22 14:45:00+00:00,30,2,14,,,0,0,0,0,0,0,0,0,0,0,0,0,0,0,0,0,0,0,0,0,0,0,0,0,0
2008-02-22 14:45:00+00:00,30,2,14,71.68968963623047,78.07496643066406,0,0,0,0,0,0,0,0,1,1,1,1,1,1,1,1,1,0,0,0,0,0,0,0,0
2008-02-22 14:45:00+00:00,30,2,14,41.00108337402344,26.078826904296875,0,0,0,0,0,0,1,1,1,1,1,1,1,1,1,1,1,0,0,0,0,1,1,1,1
2008-02-22 14:45:00+00:00,30,2,14,254.29901123046875,94.79129028320312,0,0,0,0,0,0,0,0,0,0,0,0,0,0,0,1,1,0,0,0,0,0,0,0,0
2008-02-22 14:45:00+00:00,30,2,14,244.20309448242188,6.08047342300415,0,0,0,0,0,0,0,0,0,0,0,0,0,0,1,1,1,1,1,1,1,1,1,1,1
2008-02-22 14:45:00+00:00,30,2,14,186.697021484375,214.25357055664062,0,0,0,0,0,0,0,0,0,0,0,0,0,1,1,1,1,0,0,0,0,0,0,0,0
2008-02-22 14:45:00+00:00,30,2,14,279.5523986816406,241.55406188964844,0,0,0,0,0,0,0,0,0,0,0,0,0,0,0,1,1,0,0,0,0,0,0,0,0
2008-02-22 14:45:00+00:00,30,2,14,115.22811126708984,121.0344009399414,0,0,0,0,0,0,0,0,0,0,1,1,1,1,1,1,1,0,0,0,0,0,0,0,0
2008-02-22 15:00:00+00:00,30,2,15,116.05036926269531,137.415771484375,0,0,0,0,0,0,0,0,0,0,1,1,1,1,1,1,1,0,0,0,0,0,0,0,0
2008-02-22 15:00:00+00:00,30,2,15,208.00762939453125,287.77313232421875,0,0,0,0,0,0,0,0,0,0,0,0,0,0,1,1,1,0,0,0,0,0,0,0,0
2008-02-22 15:00:00+00:00,30,2,15,135.40309143066406,27.582481384277344,0,0,0,0,0,0,0,0,0,0,0,1,1,1,1,1,1,0,0,0,0,1,1,1,1
2008-02-22 15:00:00+00:00,30,2,15,222.5294952392578,13.305787086486816,0,0,0,0,0,0,0,0,0,0,0,0,0,0,1,1,1,0,1,1,1,1,1,1,1
2008-02-22 15:00:00+00:00,30,2,15,215.2092742919922,124.35777282714844,0,0,0,0,0,0,0,0,0,0,0,0,0,0,1,1,1,0,0,0,0,0,0,0,0
2008-02-22 15:00:00+00:00,30,2,15,252.733642578125,249.9126434326172,0,0,0,0,0,0,0,0,0,0,0,0,0,0,0,1,1,0,0,0,0,0,0,0,0
2008-02-22 15:00:00+00:00,30,2,15,,373.0683898925781,0,0,0,0,0,0,0,0,0,0,0,0,0,0,0,0,0,0,0,0,0,0,0,0,0
2008-02-22 15:00:00+00:00,30,2,15,95.58406829833984,61.54208755493164,0,0,0,0,0,0,0,0,0,1,1,1,1,1,1,1,1,0,0,0,0,0,0,0,0
2008-02-22 15:15:00+00:00,30,2,15,52.22050094604492,65.98068237304688,0,0,0,0,0,0,0,1,1,1,1,1,1,1,1,1,1,0,0,0,0,0,0,0,0
2008-02-22 15:15:00+00:00,30,2,15,123.1694107055664,188.50828552246094,0,0,0,0,0,0,0,0,0,0,0,1,1,1,1,1,1,0,0,0,0,0,0,0,0
2008-02-22 15:15:00+00:00,30,2,15,164.04295349121094,,0,0,0,0,0,0,0,0,0,0,0,0,1,1,1,1,1,0,0,0,0,0,0,0,0
2008-02-22 15:15:00+00:00,30,2,15,226.0299530029297,152.2457275390625,0,0,0,0,0,0,0,0,0,0,0,0,0,0,1,1,1,0,0,0,0,0,0,0,0
2008-02-22 15:30:00+00:00,30,2,15,,,0,0,0,0,0,0,0,0,0,0,0,0,0,0,0,0,0,0,0,0,0,0,0,0,0
2008-02-22 15:30:00+00:00,30,2,15,120.49158477783203,138.4482879638672,0,0,0,0,0,0,0,0,0,0,0,1,1,1,1,1,1,0,0,0,0,0,0,0,0
2008-02-22 15:30:00+00:00,30,2,15,376.7710876464844,,0,0,0,0,0,0,0,0,0,0,0,0,0,0,0,0,0,0,0,0,0,0,0,0,0
2008-02-22 15:30:00+00:00,30,2,15,129.15582275390625,8.825701713562012,0,0,0,0,0,0,0,0,0,0,0,1,1,1,1,1,1,1,1,1,1,1,1,1,1
2008-02-22 15:30:00+00:00,30,2,15,167.72560119628906,168.017578125,0,0,0,0,0,0,0,0,0,0,0,0,1,1,1,1,1,0,0,0,0,0,0,0,0
2008-02-22 15:45:00+00:00,30,2,15,108.0943603515625,78.04727935791016,0,0,0,0,0,0,0,0,0,0,1,1,1,1,1,1,1,0,0,0,0,0,0,0,0
2008-02-22 15:45:00+00:00,30,2,15,193.61045837402344,243.35215759277344,0,0,0,0,0,0,0,0,0,0,0,0,0,1,1,1,1,0,0,0,0,0,0,0,0
2008-02-22 15:45:00+00:00,30,2,15,273.8566589355469,323.5465393066406,0,0,0,0,0,0,0,0,0,0,0,0,0,0,0,1,1,0,0,0,0,0,0,0,0
2008-02-22 15:45:00+00:00,30,2,15,194.94515991210938,145.85739135742188,0,0,0,0,0,0,0,0,0,0,0,0,0,1,1,1,1,0,0,0,0,0,0,0,0
2008-02-22 15:45:00+00:00,30,2,15,,,0,0,0,0,0,0,0,0,0,0,0,0,0,0,0,0,0,0,0,0,0,0,0,0,0
2008-02-22 16:00:00+00:00,30,2,16,265.88763427734375,248.25318908691406,0,0,0,0,0,0,0,0,0,0,0,0,0,0,0,1,1,0,0,0,0,0,0,0,0
2008-02-22 16:00:00+00:00,30,2,16,69.66117095947266,8.749732971191406,0,0,0,0,0,0,0,0,1,1,1,1,1,1,1,1,1,1,1,1,1,1,1,1,1
2008-02-22 16:15:00+00:00,30,2,16,,,0,0,0,0,0,0,0,0,0,0,0,0,0,0,0,0,0,0,0,0,0,0,0,0,0
2008-02-22 16:15:00+00:00,30,2,16,,,0,0,0,0,0,0,0,0,0,0,0,0,0,0,0,0,0,0,0,0,0,0,0,0,0
2008-02-22 16:15:00+00:00,30,2,16,104.70951843261719,109.05523681640625,0,0,0,0,0,0,0,0,0,0,1,1,1,1,1,1,1,0,0,0,0,0,0,0,0
2008-02-22 16:15:00+00:00,30,2,16,,,0,0,0,0,0,0,0,0,0,0,0,0,0,0,0,0,0,0,0,0,0,0,0,0,0
2008-02-22 16:15:00+00:00,30,2,16,460.1448974609375,,0,0,0,0,0,0,0,0,0,0,0,0,0,0,0,0,0,0,0,0,0,0,0,0,0
2008-02-22 16:15:00+00:00,30,2,16,228.69314575195312,193.44705200195312,0,0,0,0,0,0,0,0,0,0,0,0,0,0,1,1,1,0,0,0,0,0,0,0,0
2008-02-22 16:15:00+00:00,30,2,16,230.24835205078125,226.4551544189453,0,0,0,0,0,0,0,0,0,0,0,0,0,0,1,1,1,0,0,0,0,0,0,0,0
2008-02-22 16:15:00+00:00,30,2,16,418.4736633300781,437.4823913574219,0,0,0,0,0,0,0,0,0,0,0,0,0,0,0,0,0,0,0,0,0,0,0,0,0
2008-02-22 16:15:00+00:00,30,2,16,,,0,0,0,0,0,0,0,0,0,0,0,0,0,0,0,0,0,0,0,0,0,0,0,0,0
2008-02-22 16:30:00+00:00,30,2,16,,,0,0,0,0,0,0,0,0,0,0,0,0,0,0,0,0,0,0,0,0,0,0,0,0,0
2008-02-22 16:30:00+00:00,30,2,16,139.1735382080078,133.23277282714844,0,0,0,0,0,0,0,0,0,0,0,1,1,1,1,1,1,0,0,0,0,0,0,0,0
2008-02-22 16:30:00+00:00,30,2,16,191.90687561035156,177.94496154785156,0,0,0,0,0,0,0,0,0,0,0,0,0,1,1,1,1,0,0,0,0,0,0,0,0
2008-02-22 16:30:00+00:00,30,2,16,171.27244567871094,169.25027465820312,0,0,0,0,0,0,0,0,0,0,0,0,1,1,1,1,1,0,0,0,0,0,0,0,0
2008-02-22 16:30:00+00:00,30,2,16,482.72900390625,473.0711669921875,0,0,0,0,0,0,0,0,0,0,0,0,0,0,0,0,0,0,0,0,0,0,0,0,0
2008-02-22 16:30:00+00:00,30,2,16,194.73153686523438,66.18113708496094,0,0,0,0,0,0,0,0,0,0,0,0,0,1,1,1,1,0,0,0,0,0,0,0,0
2008-02-22 16:30:00+00:00,30,2,16,501.1426086425781,495.1875,0,0,0,0,0,0,0,0,0,0,0,0,0,0,0,0,0,0,0,0,0,0,0,0,0
2008-02-22 16:30:00+00:00,30,2,16,,,0,0,0,0,0,0,0,0,0,0,0,0,0,0,0,0,0,0,0,0,0,0,0,0,0
2008-02-22 16:45:00+00:00,30,2,16,375.430419921875,396.1371154785156,0,0,0,0,0,0,0,0,0,0,0,0,0,0,0,0,0,0,0,0,0,0,0,0,0
2008-02-22 16:45:00+00:00,30,2,16,317.7236633300781,314.2221374511719,0,0,0,0,0,0,0,0,0,0,0,0,0,0,0,0,1,0,0,0,0,0,0,0,0
2008-02-22 16:45:00+00:00,30,2,16,177.03724670410156,170.8528289794922,0,0,0,0,0,0,0,0,0,0,0,0,1,1,1,1,1,0,0,0,0,0,0,0,0
2008-02-22 17:00:00+00:00,30,2,17,316.3885498046875,306.918212890625,0,0,0,0,0,0,0,0,0,0,0,0,0,0,0,0,1,0,0,0,0,0,0,0,0
2008-02-22 17:00:00+00:00,30,2,17,113.60252380371094,366.4027404785156,0,0,0,0,0,0,0,0,0,0,1,1,1,1,1,1,1,0,0,0,0,0,0,0,0
2008-02-22 17:15:00+00:00,30,2,17,122.81185150146484,130.20150756835938,0,0,0,0,0,0,0,0,0,0,0,1,1,1,1,1,1,0,0,0,0,0,0,0,0
2008-02-22 17:15:00+00:00,30,2,17,191.84234619140625,188.7607879638672,0,0,0,0,0,0,0,0,0,0,0,0,0,1,1,1,1,0,0,0,0,0,0,0,0
2008-02-22 17:15:00+00:00,30,2,17,327.2879943847656,206.00421142578125,0,0,0,0,0,0,0,0,0,0,0,0,0,0,0,0,1,0,0,0,0,0,0,0,0
2008-02-22 17:30:00+00:00,30,2,17,315.0020751953125,315.9595947265625,0,0,0,0,0,0,0,0,0,0,0,0,0,0,0,0,1,0,0,0,0,0,0,0,0
2008-02-22 17:30:00+00:00,30,2,17,349.8110656738281,353.8338317871094,0,0,0,0,0,0,0,0,0,0,0,0,0,0,0,0,1,0,0,0,0,0,0,0,0
2008-02-22 17:30:00+00:00,30,2,17,109.30634307861328,,0,0,0,0,0,0,0,0,0,0,1,1,1,1,1,1,1,0,0,0,0,0,0,0,0
2008-02-22 17:30:00+00:00,30,2,17,333.0607604980469,345.3183288574219,0,0,0,0,0,0,0,0,0,0,0,0,0,0,0,0,1,0,0,0,0,0,0,0,0
2008-02-22 17:30:00+00:00,30,2,17,331.4920349121094,339.16339111328125,0,0,0,0,0,0,0,0,0,0,0,0,0,0,0,0,1,0,0,0,0,0,0,0,0
2008-02-22 17:45:00+00:00,30,2,17,,,0,0,0,0,0,0,0,0,0,0,0,0,0,0,0,0,0,0,0,0,0,0,0,0,0
2008-02-22 17:45:00+00:00,30,2,17,243.39141845703125,261.7083740234375,0,0,0,0,0,0,0,0,0,0,0,0,0,0,1,1,1,0,0,0,0,0,0,0,0
2008-02-22 17:45:00+00:00,30,2,17,,,0,0,0,0,0,0,0,0,0,0,0,0,0,0,0,0,0,0,0,0,0,0,0,0,0
2008-02-23 10:00:00+00:00,30,2,10,,,0,0,0,0,0,0,0,0,0,0,0,0,0,0,0,0,0,0,0,0,0,0,0,0,0
2008-02-23 10:00:00+00:00,30,2,10,,,0,0,0,0,0,0,0,0,0,0,0,0,0,0,0,0,0,0,0,0,0,0,0,0,0
2008-02-23 10:00:00+00:00,30,2,10,,,0,0,0,0,0,0,0,0,0,0,0,0,0,0,0,0,0,0,0,0,0,0,0,0,0
2008-02-23 10:00:00+00:00,30,2,10,268.3907775878906,273.64739990234375,0,0,0,0,0,0,0,0,0,0,0,0,0,0,0,1,1,0,0,0,0,0,0,0,0
2008-02-23 10:00:00+00:00,30,2,10,246.20266723632812,251.47799682617188,0,0,0,0,0,0,0,0,0,0,0,0,0,0,1,1,1,0,0,0,0,0,0,0,0
2008-02-23 10:00:00+00:00,30,2,10,,466.6723937988281,0,0,0,0,0,0,0,0,0,0,0,0,0,0,0,0,0,0,0,0,0,0,0,0,0
2008-02-23 10:00:00+00:00,30,2,10,,,0,0,0,0,0,0,0,0,0,0,0,0,0,0,0,0,0,0,0,0,0,0,0,0,0
2008-02-23 10:00:00+00:00,30,2,10,,,0,0,0,0,0,0,0,0,0,0,0,0,0,0,0,0,0,0,0,0,0,0,0,0,0
2008-02-23 10:00:00+00:00,30,2,10,34.52561950683594,44.04574966430664,0,0,0,0,0,1,1,1,1,1,1,1,1,1,1,1,1,0,0,0,0,0,0,1,1
2008-02-23 10:00:00+00:00,30,2,10,509.3597106933594,505.8462219238281,0,0,0,0,0,0,0,0,0,0,0,0,0,0,0,0,0,0,0,0,0,0,0,0,0
2008-02-23 10:00:00+00:00,30,2,10,,,0,0,0,0,0,0,0,0,0,0,0,0,0,0,0,0,0,0,0,0,0,0,0,0,0
2008-02-23 10:00:00+00:00,30,2,10,373.6404724121094,70.93740844726562,0,0,0,0,0,0,0,0,0,0,0,0,0,0,0,0,0,0,0,0,0,0,0,0,0
2008-02-23 10:00:00+00:00,30,2,10,144.9287872314453,124.10375213623047,0,0,0,0,0,0,0,0,0,0,0,1,1,1,1,1,1,0,0,0,0,0,0,0,0
2008-02-23 10:00:00+00:00,30,2,10,148.43002319335938,144.4791259765625,0,0,0,0,0,0,0,0,0,0,0,1,1,1,1,1,1,0,0,0,0,0,0,0,0
2008-02-23 10:00:00+00:00,30,2,10,197.40907287597656,191.92205810546875,0,0,0,0,0,0,0,0,0,0,0,0,0,1,1,1,1,0,0,0,0,0,0,0,0
2008-02-23 10:00:00+00:00,30,2,10,268.1962890625,246.57435607910156,0,0,0,0,0,0,0,0,0,0,0,0,0,0,0,1,1,0,0,0,0,0,0,0,0
2008-02-23 10:00:00+00:00,30,2,10,224.8109588623047,187.16583251953125,0,0,0,0,0,0,0,0,0,0,0,0,0,0,1,1,1,0,0,0,0,0,0,0,0
2008-02-23 10:00:00+00:00,30,2,10,,,0,0,0,0,0,0,0,0,0,0,0,0,0,0,0,0,0,0,0,0,0,0,0,0,0
2008-02-23 10:15:00+00:00,30,2,10,319.28070068359375,319.28070068359375,0,0,0,0,0,0,0,0,0,0,0,0,0,0,0,0,1,0,0,0,0,0,0,0,0
2008-02-23 10:15:00+00:00,30,2,10,329.4544982910156,333.0174560546875,0,0,0,0,0,0,0,0,0,0,0,0,0,0,0,0,1,0,0,0,0,0,0,0,0
2008-02-23 10:15:00+00:00,30,2,10,320.90887451171875,313.8628234863281,0,0,0,0,0,0,0,0,0,0,0,0,0,0,0,0,1,0,0,0,0,0,0,0,0
2008-02-23 10:15:00+00:00,30,2,10,,,0,0,0,0,0,0,0,0,0,0,0,0,0,0,0,0,0,0,0,0,0,0,0,0,0
2008-02-23 10:15:00+00:00,30,2,10,371.9039001464844,363.8509826660156,0,0,0,0,0,0,0,0,0,0,0,0,0,0,0,0,0,0,0,0,0,0,0,0,0
2008-02-23 10:15:00+00:00,30,2,10,,,0,0,0,0,0,0,0,0,0,0,0,0,0,0,0,0,0,0,0,0,0,0,0,0,0
2008-02-23 10:15:00+00:00,30,2,10,,,0,0,0,0,0,0,0,0,0,0,0,0,0,0,0,0,0,0,0,0,0,0,0,0,0
2008-02-23 10:15:00+00:00,30,2,10,393.44097900390625,,0,0,0,0,0,0,0,0,0,0,0,0,0,0,0,0,0,0,0,0,0,0,0,0,0
2008-02-23 10:15:00+00:00,30,2,10,191.3898468017578,230.22787475585938,0,0,0,0,0,0,0,0,0,0,0,0,0,1,1,1,1,0,0,0,0,0,0,0,0
2008-02-23 10:30:00+00:00,30,2,10,,,0,0,0,0,0,0,0,0,0,0,0,0,0,0,0,0,0,0,0,0,0,0,0,0,0
2008-02-23 10:30:00+00:00,30,2,10,,,0,0,0,0,0,0,0,0,0,0,0,0,0,0,0,0,0,0,0,0,0,0,0,0,0
2008-02-23 10:30:00+00:00,30,2,10,,,0,0,0,0,0,0,0,0,0,0,0,0,0,0,0,0,0,0,0,0,0,0,0,0,0
2008-02-23 10:30:00+00:00,30,2,10,451.22418212890625,,0,0,0,0,0,0,0,0,0,0,0,0,0,0,0,0,0,0,0,0,0,0,0,0,0
2008-02-23 10:30:00+00:00,30,2,10,,,0,0,0,0,0,0,0,0,0,0,0,0,0,0,0,0,0,0,0,0,0,0,0,0,0
2008-02-23 10:30:00+00:00,30,2,10,317.04925537109375,391.3011169433594,0,0,0,0,0,0,0,0,0,0,0,0,0,0,0,0,1,0,0,0,0,0,0,0,0
2008-02-23 10:30:00+00:00,30,2,10,,,0,0,0,0,0,0,0,0,0,0,0,0,0,0,0,0,0,0,0,0,0,0,0,0,0
2008-02-23 10:30:00+00:00,30,2,10,,,0,0,0,0,0,0,0,0,0,0,0,0,0,0,0,0,0,0,0,0,0,0,0,0,0
2008-02-23 10:30:00+00:00,30,2,10,,,0,0,0,0,0,0,0,0,0,0,0,0,0,0,0,0,0,0,0,0,0,0,0,0,0
2008-02-23 10:30:00+00:00,30,2,10,,,0,0,0,0,0,0,0,0,0,0,0,0,0,0,0,0,0,0,0,0,0,0,0,0,0
2008-02-23 10:30:00+00:00,30,2,10,339.7160339355469,,0,0,0,0,0,0,0,0,0,0,0,0,0,0,0,0,1,0,0,0,0,0,0,0,0
2008-02-23 10:30:00+00:00,30,2,10,92.70545959472656,58.36946105957031,0,0,0,0,0,0,0,0,0,1,1,1,1,1,1,1,1,0,0,0,0,0,0,0,1
2008-02-23 10:30:00+00:00,30,2,10,,,0,0,0,0,0,0,0,0,0,0,0,0,0,0,0,0,0,0,0,0,0,0,0,0,0
2008-02-23 10:30:00+00:00,30,2,10,,,0,0,0,0,0,0,0,0,0,0,0,0,0,0,0,0,0,0,0,0,0,0,0,0,0
2008-02-23 10:30:00+00:00,30,2,10,187.57664489746094,59.706939697265625,0,0,0,0,0,0,0,0,0,0,0,0,0,1,1,1,1,0,0,0,0,0,0,0,1
2008-02-23 10:30:00+00:00,30,2,10,422.8543395996094,411.62939453125,0,0,0,0,0,0,0,0,0,0,0,0,0,0,0,0,0,0,0,0,0,0,0,0,0
2008-02-23 10:30:00+00:00,30,2,10,95.10987091064453,95.35321044921875,0,0,0,0,0,0,0,0,0,1,1,1,1,1,1,1,1,0,0,0,0,0,0,0,0
2008-02-23 10:30:00+00:00,30,2,10,158.06007385253906,140.76800537109375,0,0,0,0,0,0,0,0,0,0,0,0,1,1,1,1,1,0,0,0,0,0,0,0,0
2008-02-23 10:30:00+00:00,30,2,10,112.80751037597656,117.33477020263672,0,0,0,0,0,0,0,0,0,0,1,1,1,1,1,1,1,0,0,0,0,0,0,0,0
2008-02-23 10:30:00+00:00,30,2,10,,,0,0,0,0,0,0,0,0,0,0,0,0,0,0,0,0,0,0,0,0,0,0,0,0,0
2008-02-23 10:30:00+00:00,30,2,10,,,0,0,0,0,0,0,0,0,0,0,0,0,0,0,0,0,0,0,0,0,0,0,0,0,0
2008-02-23 10:45:00+00:00,30,2,10,,,0,0,0,0,0,0,0,0,0,0,0,0,0,0,0,0,0,0,0,0,0,0,0,0,0
2008-02-23 10:45:00+00:00,30,2,10,,,0,0,0,0,0,0,0,0,0,0,0,0,0,0,0,0,0,0,0,0,0,0,0,0,0
2008-02-23 10:45:00+00:00,30,2,10,,,0,0,0,0,0,0,0,0,0,0,0,0,0,0,0,0,0,0,0,0,0,0,0,0,0
2008-02-23 10:45:00+00:00,30,2,10,92.0321044921875,191.31687927246094,0,0,0,0,0,0,0,0,0,1,1,1,1,1,1,1,1,0,0,0,0,0,0,0,0
2008-02-23 10:45:00+00:00,30,2,10,,,0,0,0,0,0,0,0,0,0,0,0,0,0,0,0,0,0,0,0,0,0,0,0,0,0
2008-02-23 10:45:00+00:00,30,2,10,404.8826599121094,383.1661376953125,0,0,0,0,0,0,0,0,0,0,0,0,0,0,0,0,0,0,0,0,0,0,0,0,0
2008-02-23 10:45:00+00:00,30,2,10,,,0,0,0,0,0,0,0,0,0,0,0,0,0,0,0,0,0,0,0,0,0,0,0,0,0
2008-02-23 10:45:00+00:00,30,2,10,,,0,0,0,0,0,0,0,0,0,0,0,0,0,0,0,0,0,0,0,0,0,0,0,0,0
2008-02-23 10:45:00+00:00,30,2,10,,,0,0,0,0,0,0,0,0,0,0,0,0,0,0,0,0,0,0,0,0,0,0,0,0,0
2008-02-23 10:45:00+00:00,30,2,10,384.6490478515625,83.7542724609375,0,0,0,0,0,0,0,0,0,0,0,0,0,0,0,0,0,0,0,0,0,0,0,0,0
2008-02-23 10:45:00+00:00,30,2,10,,,0,0,0,0,0,0,0,0,0,0,0,0,0,0,0,0,0,0,0,0,0,0,0,0,0
2008-02-23 10:45:00+00:00,30,2,10,139.84262084960938,118.79670715332031,0,0,0,0,0,0,0,0,0,0,0,1,1,1,1,1,1,0,0,0,0,0,0,0,0
2008-02-23 10:45:00+00:00,30,2,10,233.3473358154297,137.6834716796875,0,0,0,0,0,0,0,0,0,0,0,0,0,0,1,1,1,0,0,0,0,0,0,0,0
2008-02-23 10:45:00+00:00,30,2,10,,,0,0,0,0,0,0,0,0,0,0,0,0,0,0,0,0,0,0,0,0,0,0,0,0,0
2008-02-23 10:45:00+00:00,30,2,10,192.0803985595703,181.53143310546875,0,0,0,0,0,0,0,0,0,0,0,0,0,1,1,1,1,0,0,0,0,0,0,0,0
2008-02-23 10:45:00+00:00,30,2,10,175.66676330566406,166.19100952148438,0,0,0,0,0,0,0,0,0,0,0,0,1,1,1,1,1,0,0,0,0,0,0,0,0
2008-02-23 10:45:00+00:00,30,2,10,139.031005859375,129.59033203125,0,0,0,0,0,0,0,0,0,0,0,1,1,1,1,1,1,0,0,0,0,0,0,0,0
2008-02-23 10:45:00+00:00,30,2,10,351.6573486328125,306.08453369140625,0,0,0,0,0,0,0,0,0,0,0,0,0,0,0,0,0,0,0,0,0,0,0,0,0
2008-02-23 10:45:00+00:00,30,2,10,,,0,0,0,0,0,0,0,0,0,0,0,0,0,0,0,0,0,0,0,0,0,0,0,0,0
2008-02-23 10:45:00+00:00,30,2,10,,,0,0,0,0,0,0,0,0,0,0,0,0,0,0,0,0,0,0,0,0,0,0,0,0,0
2008-02-23 11:00:00+00:00,30,2,11,,,0,0,0,0,0,0,0,0,0,0,0,0,0,0,0,0,0,0,0,0,0,0,0,0,0
2008-02-23 11:00:00+00:00,30,2,11,,,0,0,0,0,0,0,0,0,0,0,0,0,0,0,0,0,0,0,0,0,0,0,0,0,0
2008-02-23 11:00:00+00:00,30,2,11,,,0,0,0,0,0,0,0,0,0,0,0,0,0,0,0,0,0,0,0,0,0,0,0,0,0
2008-02-23 11:00:00+00:00,30,2,11,,,0,0,0,0,0,0,0,0,0,0,0,0,0,0,0,0,0,0,0,0,0,0,0,0,0
2008-02-23 11:00:00+00:00,30,2,11,,,0,0,0,0,0,0,0,0,0,0,0,0,0,0,0,0,0,0,0,0,0,0,0,0,0
2008-02-23 11:00:00+00:00,30,2,11,,387.8535461425781,0,0,0,0,0,0,0,0,0,0,0,0,0,0,0,0,0,0,0,0,0,0,0,0,0
2008-02-23 11:00:00+00:00,30,2,11,,175.6436309814453,0,0,0,0,0,0,0,0,0,0,0,0,0,0,0,0,0,0,0,0,0,0,0,0,0
2008-02-23 11:00:00+00:00,30,2,11,,,0,0,0,0,0,0,0,0,0,0,0,0,0,0,0,0,0,0,0,0,0,0,0,0,0
2008-02-23 11:00:00+00:00,30,2,11,,380.5556945800781,0,0,0,0,0,0,0,0,0,0,0,0,0,0,0,0,0,0,0,0,0,0,0,0,0
2008-02-23 11:00:00+00:00,30,2,11,148.25222778320312,122.46280670166016,0,0,0,0,0,0,0,0,0,0,0,1,1,1,1,1,1,0,0,0,0,0,0,0,0
2008-02-23 11:00:00+00:00,30,2,11,,,0,0,0,0,0,0,0,0,0,0,0,0,0,0,0,0,0,0,0,0,0,0,0,0,0
2008-02-23 11:00:00+00:00,30,2,11,,,0,0,0,0,0,0,0,0,0,0,0,0,0,0,0,0,0,0,0,0,0,0,0,0,0
2008-02-23 11:00:00+00:00,30,2,11,,,0,0,0,0,0,0,0,0,0,0,0,0,0,0,0,0,0,0,0,0,0,0,0,0,0
2008-02-23 11:00:00+00:00,30,2,11,66.21508026123047,28.937952041625977,0,0,0,0,0,0,0,0,1,1,1,1,1,1,1,1,1,0,0,0,0,1,1,1,1
2008-02-23 11:00:00+00:00,30,2,11,,201.00942993164062,0,0,0,0,0,0,0,0,0,0,0,0,0,0,0,0,0,0,0,0,0,0,0,0,0
2008-02-23 11:00:00+00:00,30,2,11,,,0,0,0,0,0,0,0,0,0,0,0,0,0,0,0,0,0,0,0,0,0,0,0,0,0
2008-02-23 11:00:00+00:00,30,2,11,388.8771057128906,287.11590576171875,0,0,0,0,0,0,0,0,0,0,0,0,0,0,0,0,0,0,0,0,0,0,0,0,0
2008-02-23 11:00:00+00:00,30,2,11,,,0,0,0,0,0,0,0,0,0,0,0,0,0,0,0,0,0,0,0,0,0,0,0,0,0
2008-02-23 11:00:00+00:00,30,2,11,,,0,0,0,0,0,0,0,0,0,0,0,0,0,0,0,0,0,0,0,0,0,0,0,0,0
2008-02-23 11:00:00+00:00,30,2,11,,,0,0,0,0,0,0,0,0,0,0,0,0,0,0,0,0,0,0,0,0,0,0,0,0,0
2008-02-23 11:00:00+00:00,30,2,11,395.3526306152344,387.8199462890625,0,0,0,0,0,0,0,0,0,0,0,0,0,0,0,0,0,0,0,0,0,0,0,0,0
2008-02-23 11:00:00+00:00,30,2,11,203.79367065429688,196.08384704589844,0,0,0,0,0,0,0,0,0,0,0,0,0,0,1,1,1,0,0,0,0,0,0,0,0
2008-02-23 11:00:00+00:00,30,2,11,124.70857238769531,34.97140884399414,0,0,0,0,0,0,0,0,0,0,0,1,1,1,1,1,1,0,0,0,0,0,1,1,1
2008-02-23 11:00:00+00:00,30,2,11,,,0,0,0,0,0,0,0,0,0,0,0,0,0,0,0,0,0,0,0,0,0,0,0,0,0
2008-02-23 11:00:00+00:00,30,2,11,,,0,0,0,0,0,0,0,0,0,0,0,0,0,0,0,0,0,0,0,0,0,0,0,0,0
2008-02-23 11:15:00+00:00,30,2,11,,,0,0,0,0,0,0,0,0,0,0,0,0,0,0,0,0,0,0,0,0,0,0,0,0,0
2008-02-23 11:15:00+00:00,30,2,11,,,0,0,0,0,0,0,0,0,0,0,0,0,0,0,0,0,0,0,0,0,0,0,0,0,0
2008-02-23 11:15:00+00:00,30,2,11,,,0,0,0,0,0,0,0,0,0,0,0,0,0,0,0,0,0,0,0,0,0,0,0,0,0
2008-02-23 11:15:00+00:00,30,2,11,,,0,0,0,0,0,0,0,0,0,0,0,0,0,0,0,0,0,0,0,0,0,0,0,0,0
2008-02-23 11:15:00+00:00,30,2,11,,399.5753479003906,0,0,0,0,0,0,0,0,0,0,0,0,0,0,0,0,0,0,0,0,0,0,0,0,0
2008-02-23 11:15:00+00:00,30,2,11,,,0,0,0,0,0,0,0,0,0,0,0,0,0,0,0,0,0,0,0,0,0,0,0,0,0
2008-02-23 11:15:00+00:00,30,2,11,,,0,0,0,0,0,0,0,0,0,0,0,0,0,0,0,0,0,0,0,0,0,0,0,0,0
2008-02-23 11:15:00+00:00,30,2,11,,,0,0,0,0,0,0,0,0,0,0,0,0,0,0,0,0,0,0,0,0,0,0,0,0,0
2008-02-23 11:15:00+00:00,30,2,11,,,0,0,0,0,0,0,0,0,0,0,0,0,0,0,0,0,0,0,0,0,0,0,0,0,0
2008-02-23 11:15:00+00:00,30,2,11,,,0,0,0,0,0,0,0,0,0,0,0,0,0,0,0,0,0,0,0,0,0,0,0,0,0
2008-02-23 11:15:00+00:00,30,2,11,,,0,0,0,0,0,0,0,0,0,0,0,0,0,0,0,0,0,0,0,0,0,0,0,0,0
2008-02-23 11:15:00+00:00,30,2,11,,,0,0,0,0,0,0,0,0,0,0,0,0,0,0,0,0,0,0,0,0,0,0,0,0,0
2008-02-23 11:15:00+00:00,30,2,11,,,0,0,0,0,0,0,0,0,0,0,0,0,0,0,0,0,0,0,0,0,0,0,0,0,0
2008-02-23 11:15:00+00:00,30,2,11,,,0,0,0,0,0,0,0,0,0,0,0,0,0,0,0,0,0,0,0,0,0,0,0,0,0
2008-02-23 11:15:00+00:00,30,2,11,,,0,0,0,0,0,0,0,0,0,0,0,0,0,0,0,0,0,0,0,0,0,0,0,0,0
2008-02-23 11:15:00+00:00,30,2,11,,418.1730041503906,0,0,0,0,0,0,0,0,0,0,0,0,0,0,0,0,0,0,0,0,0,0,0,0,0
2008-02-23 11:15:00+00:00,30,2,11,,490.0431823730469,0,0,0,0,0,0,0,0,0,0,0,0,0,0,0,0,0,0,0,0,0,0,0,0,0
2008-02-23 11:15:00+00:00,30,2,11,,283.2942810058594,0,0,0,0,0,0,0,0,0,0,0,0,0,0,0,0,0,0,0,0,0,0,0,0,0
2008-02-23 11:15:00+00:00,30,2,11,88.33931732177734,82.54521179199219,0,0,0,0,0,0,0,0,0,1,1,1,1,1,1,1,1,0,0,0,0,0,0,0,0
2008-02-23 11:15:00+00:00,30,2,11,,168.55551147460938,0,0,0,0,0,0,0,0,0,0,0,0,0,0,0,0,0,0,0,0,0,0,0,0,0
2008-02-23 11:15:00+00:00,30,2,11,349.80596923828125,237.14910888671875,0,0,0,0,0,0,0,0,0,0,0,0,0,0,0,0,1,0,0,0,0,0,0,0,0
2008-02-23 11:15:00+00:00,30,2,11,,146.9114227294922,0,0,0,0,0,0,0,0,0,0,0,0,0,0,0,0,0,0,0,0,0,0,0,0,0
2008-02-23 11:15:00+00:00,30,2,11,220.3025360107422,129.28909301757812,0,0,0,0,0,0,0,0,0,0,0,0,0,0,1,1,1,0,0,0,0,0,0,0,0
2008-02-23 11:15:00+00:00,30,2,11,498.99493408203125,86.97218322753906,0,0,0,0,0,0,0,0,0,0,0,0,0,0,0,0,0,0,0,0,0,0,0,0,0
2008-02-23 11:15:00+00:00,30,2,11,,4.407569885253906,0,0,0,0,0,0,0,0,0,0,0,0,0,0,0,0,0,1,1,1,1,1,1,1,1
2008-02-23 11:15:00+00:00,30,2,11,416.6575927734375,132.7732391357422,0,0,0,0,0,0,0,0,0,0,0,0,0,0,0,0,0,0,0,0,0,0,0,0,0
2008-02-23 11:15:00+00:00,30,2,11,39.09566879272461,3.0627331733703613,0,0,0,0,0,1,1,1,1,1,1,1,1,1,1,1,1,1,1,1,1,1,1,1,1
2008-02-23 11:15:00+00:00,30,2,11,85.81196594238281,6.131664276123047,0,0,0,0,0,0,0,0,0,1,1,1,1,1,1,1,1,1,1,1,1,1,1,1,1
2008-02-23 11:15:00+00:00,30,2,11,65.14488220214844,0.0,0,0,0,0,0,0,0,0,1,1,1,1,1,1,1,1,1,1,1,1,1,1,1,1,1
2008-02-23 11:15:00+00:00,30,2,11,264.82183837890625,266.1181640625,0,0,0,0,0,0,0,0,0,0,0,0,0,0,0,1,1,0,0,0,0,0,0,0,0
2008-02-23 11:15:00+00:00,30,2,11,161.76138305664062,167.72201538085938,0,0,0,0,0,0,0,0,0,0,0,0,1,1,1,1,1,0,0,0,0,0,0,0,0
2008-02-23 11:15:00+00:00,30,2,11,,,0,0,0,0,0,0,0,0,0,0,0,0,0,0,0,0,0,0,0,0,0,0,0,0,0
2008-02-23 11:15:00+00:00,30,2,11,,,0,0,0,0,0,0,0,0,0,0,0,0,0,0,0,0,0,0,0,0,0,0,0,0,0
2008-02-23 11:15:00+00:00,30,2,11,,,0,0,0,0,0,0,0,0,0,0,0,0,0,0,0,0,0,0,0,0,0,0,0,0,0
2008-02-23 11:15:00+00:00,30,2,11,,,0,0,0,0,0,0,0,0,0,0,0,0,0,0,0,0,0,0,0,0,0,0,0,0,0
2008-02-23 11:15:00+00:00,30,2,11,,,0,0,0,0,0,0,0,0,0,0,0,0,0,0,0,0,0,0,0,0,0,0,0,0,0
2008-02-23 11:30:00+00:00,30,2,11,,,0,0,0,0,0,0,0,0,0,0,0,0,0,0,0,0,0,0,0,0,0,0,0,0,0
2008-02-23 11:30:00+00:00,30,2,11,,,0,0,0,0,0,0,0,0,0,0,0,0,0,0,0,0,0,0,0,0,0,0,0,0,0
2008-02-23 11:30:00+00:00,30,2,11,,,0,0,0,0,0,0,0,0,0,0,0,0,0,0,0,0,0,0,0,0,0,0,0,0,0
2008-02-23 11:30:00+00:00,30,2,11,,,0,0,0,0,0,0,0,0,0,0,0,0,0,0,0,0,0,0,0,0,0,0,0,0,0
2008-02-23 11:30:00+00:00,30,2,11,,,0,0,0,0,0,0,0,0,0,0,0,0,0,0,0,0,0,0,0,0,0,0,0,0,0
2008-02-23 11:30:00+00:00,30,2,11,,,0,0,0,0,0,0,0,0,0,0,0,0,0,0,0,0,0,0,0,0,0,0,0,0,0
2008-02-23 11:30:00+00:00,30,2,11,,,0,0,0,0,0,0,0,0,0,0,0,0,0,0,0,0,0,0,0,0,0,0,0,0,0
2008-02-23 11:30:00+00:00,30,2,11,,,0,0,0,0,0,0,0,0,0,0,0,0,0,0,0,0,0,0,0,0,0,0,0,0,0
2008-02-23 11:30:00+00:00,30,2,11,,,0,0,0,0,0,0,0,0,0,0,0,0,0,0,0,0,0,0,0,0,0,0,0,0,0
2008-02-23 11:30:00+00:00,30,2,11,,,0,0,0,0,0,0,0,0,0,0,0,0,0,0,0,0,0,0,0,0,0,0,0,0,0
2008-02-23 11:30:00+00:00,30,2,11,378.4268493652344,,0,0,0,0,0,0,0,0,0,0,0,0,0,0,0,0,0,0,0,0,0,0,0,0,0
2008-02-23 11:30:00+00:00,30,2,11,,,0,0,0,0,0,0,0,0,0,0,0,0,0,0,0,0,0,0,0,0,0,0,0,0,0
2008-02-23 11:30:00+00:00,30,2,11,,,0,0,0,0,0,0,0,0,0,0,0,0,0,0,0,0,0,0,0,0,0,0,0,0,0
2008-02-23 11:30:00+00:00,30,2,11,,,0,0,0,0,0,0,0,0,0,0,0,0,0,0,0,0,0,0,0,0,0,0,0,0,0
2008-02-23 11:30:00+00:00,30,2,11,,161.71273803710938,0,0,0,0,0,0,0,0,0,0,0,0,0,0,0,0,0,0,0,0,0,0,0,0,0
2008-02-23 11:30:00+00:00,30,2,11,,133.0064239501953,0,0,0,0,0,0,0,0,0,0,0,0,0,0,0,0,0,0,0,0,0,0,0,0,0
2008-02-23 11:30:00+00:00,30,2,11,,36.728458404541016,0,0,0,0,0,0,0,0,0,0,0,0,0,0,0,0,0,0,0,0,0,0,1,1,1
2008-02-23 11:30:00+00:00,30,2,11,160.01962280273438,162.41514587402344,0,0,0,0,0,0,0,0,0,0,0,0,1,1,1,1,1,0,0,0,0,0,0,0,0
2008-02-23 11:30:00+00:00,30,2,11,361.4375915527344,287.08880615234375,0,0,0,0,0,0,0,0,0,0,0,0,0,0,0,0,0,0,0,0,0,0,0,0,0
2008-02-23 11:30:00+00:00,30,2,11,,284.2383728027344,0,0,0,0,0,0,0,0,0,0,0,0,0,0,0,0,0,0,0,0,0,0,0,0,0
2008-02-23 11:30:00+00:00,30,2,11,,294.9277648925781,0,0,0,0,0,0,0,0,0,0,0,0,0,0,0,0,0,0,0,0,0,0,0,0,0
2008-02-23 11:30:00+00:00,30,2,11,198.33694458007812,206.04400634765625,0,0,0,0,0,0,0,0,0,0,0,0,0,1,1,1,1,0,0,0,0,0,0,0,0
2008-02-23 11:30:00+00:00,30,2,11,,41.54252624511719,0,0,0,0,0,0,0,0,0,0,0,0,0,0,0,0,0,0,0,0,0,0,0,1,1
2008-02-23 11:30:00+00:00,30,2,11,,60.40321350097656,0,0,0,0,0,0,0,0,0,0,0,0,0,0,0,0,0,0,0,0,0,0,0,0,0
2008-02-23 11:45:00+00:00,30,2,11,,,0,0,0,0,0,0,0,0,0,0,0,0,0,0,0,0,0,0,0,0,0,0,0,0,0
2008-02-23 11:45:00+00:00,30,2,11,334.2120361328125,328.2085266113281,0,0,0,0,0,0,0,0,0,0,0,0,0,0,0,0,1,0,0,0,0,0,0,0,0
2008-02-23 11:45:00+00:00,30,2,11,185.40968322753906,174.6131134033203,0,0,0,0,0,0,0,0,0,0,0,0,0,1,1,1,1,0,0,0,0,0,0,0,0
2008-02-23 11:45:00+00:00,30,2,11,230.04989624023438,65.13233947753906,0,0,0,0,0,0,0,0,0,0,0,0,0,0,1,1,1,0,0,0,0,0,0,0,0
2008-02-23 11:45:00+00:00,30,2,11,230.3452911376953,84.5566177368164,0,0,0,0,0,0,0,0,0,0,0,0,0,0,1,1,1,0,0,0,0,0,0,0,0
2008-02-23 11:45:00+00:00,30,2,11,,,0,0,0,0,0,0,0,0,0,0,0,0,0,0,0,0,0,0,0,0,0,0,0,0,0
2008-02-23 11:45:00+00:00,30,2,11,,,0,0,0,0,0,0,0,0,0,0,0,0,0,0,0,0,0,0,0,0,0,0,0,0,0
2008-02-23 11:45:00+00:00,30,2,11,,,0,0,0,0,0,0,0,0,0,0,0,0,0,0,0,0,0,0,0,0,0,0,0,0,0
2008-02-23 11:45:00+00:00,30,2,11,,,0,0,0,0,0,0,0,0,0,0,0,0,0,0,0,0,0,0,0,0,0,0,0,0,0
2008-02-23 11:45:00+00:00,30,2,11,231.76376342773438,217.53453063964844,0,0,0,0,0,0,0,0,0,0,0,0,0,0,1,1,1,0,0,0,0,0,0,0,0
2008-02-23 11:45:00+00:00,30,2,11,,,0,0,0,0,0,0,0,0,0,0,0,0,0,0,0,0,0,0,0,0,0,0,0,0,0
2008-02-23 11:45:00+00:00,30,2,11,,,0,0,0,0,0,0,0,0,0,0,0,0,0,0,0,0,0,0,0,0,0,0,0,0,0
2008-02-23 11:45:00+00:00,30,2,11,,414.1030578613281,0,0,0,0,0,0,0,0,0,0,0,0,0,0,0,0,0,0,0,0,0,0,0,0,0
2008-02-23 11:45:00+00:00,30,2,11,,335.8841552734375,0,0,0,0,0,0,0,0,0,0,0,0,0,0,0,0,0,0,0,0,0,0,0,0,0
2008-02-23 11:45:00+00:00,30,2,11,,,0,0,0,0,0,0,0,0,0,0,0,0,0,0,0,0,0,0,0,0,0,0,0,0,0
2008-02-23 11:45:00+00:00,30,2,11,,,0,0,0,0,0,0,0,0,0,0,0,0,0,0,0,0,0,0,0,0,0,0,0,0,0
2008-02-23 11:45:00+00:00,30,2,11,223.4496612548828,80.68698120117188,0,0,0,0,0,0,0,0,0,0,0,0,0,0,1,1,1,0,0,0,0,0,0,0,0
2008-02-23 11:45:00+00:00,30,2,11,224.45892333984375,131.229248046875,0,0,0,0,0,0,0,0,0,0,0,0,0,0,1,1,1,0,0,0,0,0,0,0,0
2008-02-23 11:45:00+00:00,30,2,11,303.8804931640625,236.0823211669922,0,0,0,0,0,0,0,0,0,0,0,0,0,0,0,0,1,0,0,0,0,0,0,0,0
2008-02-23 11:45:00+00:00,30,2,11,84.51012420654297,83.56702423095703,0,0,0,0,0,0,0,0,0,1,1,1,1,1,1,1,1,0,0,0,0,0,0,0,0
2008-02-23 11:45:00+00:00,30,2,11,223.41949462890625,211.622314453125,0,0,0,0,0,0,0,0,0,0,0,0,0,0,1,1,1,0,0,0,0,0,0,0,0
2008-02-23 11:45:00+00:00,30,2,11,176.5926055908203,165.0021514892578,0,0,0,0,0,0,0,0,0,0,0,0,1,1,1,1,1,0,0,0,0,0,0,0,0
2008-02-23 11:45:00+00:00,30,2,11,130.5165557861328,125.66897583007812,0,0,0,0,0,0,0,0,0,0,0,1,1,1,1,1,1,0,0,0,0,0,0,0,0
2008-02-23 11:45:00+00:00,30,2,11,425.7546081542969,265.4131164550781,0,0,0,0,0,0,0,0,0,0,0,0,0,0,0,0,0,0,0,0,0,0,0,0,0
2008-02-23 11:45:00+00:00,30,2,11,,192.64952087402344,0,0,0,0,0,0,0,0,0,0,0,0,0,0,0,0,0,0,0,0,0,0,0,0,0
2008-02-23 12:00:00+00:00,30,2,12,,,0,0,0,0,0,0,0,0,0,0,0,0,0,0,0,0,0,0,0,0,0,0,0,0,0
2008-02-23 12:00:00+00:00,30,2,12,,,0,0,0,0,0,0,0,0,0,0,0,0,0,0,0,0,0,0,0,0,0,0,0,0,0
2008-02-23 12:00:00+00:00,30,2,12,,400.9988708496094,0,0,0,0,0,0,0,0,0,0,0,0,0,0,0,0,0,0,0,0,0,0,0,0,0
2008-02-23 12:00:00+00:00,30,2,12,,,0,0,0,0,0,0,0,0,0,0,0,0,0,0,0,0,0,0,0,0,0,0,0,0,0
2008-02-23 12:00:00+00:00,30,2,12,,,0,0,0,0,0,0,0,0,0,0,0,0,0,0,0,0,0,0,0,0,0,0,0,0,0
2008-02-23 12:00:00+00:00,30,2,12,,,0,0,0,0,0,0,0,0,0,0,0,0,0,0,0,0,0,0,0,0,0,0,0,0,0
2008-02-23 12:00:00+00:00,30,2,12,313.0201416015625,106.05928039550781,0,0,0,0,0,0,0,0,0,0,0,0,0,0,0,0,1,0,0,0,0,0,0,0,0
2008-02-23 12:00:00+00:00,30,2,12,366.7760314941406,349.4561767578125,0,0,0,0,0,0,0,0,0,0,0,0,0,0,0,0,0,0,0,0,0,0,0,0,0
2008-02-23 12:00:00+00:00,30,2,12,45.275447845458984,8.394977569580078,0,0,0,0,0,0,1,1,1,1,1,1,1,1,1,1,1,1,1,1,1,1,1,1,1
2008-02-23 12:00:00+00:00,30,2,12,223.8111572265625,59.83827590942383,0,0,0,0,0,0,0,0,0,0,0,0,0,0,1,1,1,0,0,0,0,0,0,0,1
2008-02-23 12:00:00+00:00,30,2,12,139.28024291992188,64.43364715576172,0,0,0,0,0,0,0,0,0,0,0,1,1,1,1,1,1,0,0,0,0,0,0,0,0
2008-02-23 12:00:00+00:00,30,2,12,161.04869079589844,161.6192626953125,0,0,0,0,0,0,0,0,0,0,0,0,1,1,1,1,1,0,0,0,0,0,0,0,0
2008-02-23 12:00:00+00:00,30,2,12,51.35009765625,65.91472625732422,0,0,0,0,0,0,0,1,1,1,1,1,1,1,1,1,1,0,0,0,0,0,0,0,0
2008-02-23 12:00:00+00:00,30,2,12,126.03095245361328,108.84598541259766,0,0,0,0,0,0,0,0,0,0,0,1,1,1,1,1,1,0,0,0,0,0,0,0,0
2008-02-23 12:00:00+00:00,30,2,12,237.7484588623047,110.59725952148438,0,0,0,0,0,0,0,0,0,0,0,0,0,0,1,1,1,0,0,0,0,0,0,0,0
2008-02-23 12:00:00+00:00,30,2,12,317.3688049316406,326.8375549316406,0,0,0,0,0,0,0,0,0,0,0,0,0,0,0,0,1,0,0,0,0,0,0,0,0
2008-02-23 12:15:00+00:00,30,2,12,,,0,0,0,0,0,0,0,0,0,0,0,0,0,0,0,0,0,0,0,0,0,0,0,0,0
2008-02-23 12:15:00+00:00,30,2,12,,,0,0,0,0,0,0,0,0,0,0,0,0,0,0,0,0,0,0,0,0,0,0,0,0,0
2008-02-23 12:15:00+00:00,30,2,12,,,0,0,0,0,0,0,0,0,0,0,0,0,0,0,0,0,0,0,0,0,0,0,0,0,0
2008-02-23 12:15:00+00:00,30,2,12,127.16241455078125,103.89170837402344,0,0,0,0,0,0,0,0,0,0,0,1,1,1,1,1,1,0,0,0,0,0,0,0,0
2008-02-23 12:15:00+00:00,30,2,12,,330.05230712890625,0,0,0,0,0,0,0,0,0,0,0,0,0,0,0,0,0,0,0,0,0,0,0,0,0
2008-02-23 12:15:00+00:00,30,2,12,268.5931396484375,262.1271057128906,0,0,0,0,0,0,0,0,0,0,0,0,0,0,0,1,1,0,0,0,0,0,0,0,0
2008-02-23 12:15:00+00:00,30,2,12,,59.84553146362305,0,0,0,0,0,0,0,0,0,0,0,0,0,0,0,0,0,0,0,0,0,0,0,0,1
2008-02-23 12:15:00+00:00,30,2,12,,,0,0,0,0,0,0,0,0,0,0,0,0,0,0,0,0,0,0,0,0,0,0,0,0,0
2008-02-23 12:15:00+00:00,30,2,12,,,0,0,0,0,0,0,0,0,0,0,0,0,0,0,0,0,0,0,0,0,0,0,0,0,0
2008-02-23 12:15:00+00:00,30,2,12,149.7803192138672,135.3154754638672,0,0,0,0,0,0,0,0,0,0,0,1,1,1,1,1,1,0,0,0,0,0,0,0,0
2008-02-23 12:15:00+00:00,30,2,12,246.88497924804688,246.84703063964844,0,0,0,0,0,0,0,0,0,0,0,0,0,0,1,1,1,0,0,0,0,0,0,0,0
2008-02-23 12:15:00+00:00,30,2,12,138.1136932373047,81.61335754394531,0,0,0,0,0,0,0,0,0,0,0,1,1,1,1,1,1,0,0,0,0,0,0,0,0
2008-02-23 12:15:00+00:00,30,2,12,128.81480407714844,144.56802368164062,0,0,0,0,0,0,0,0,0,0,0,1,1,1,1,1,1,0,0,0,0,0,0,0,0
2008-02-23 12:15:00+00:00,30,2,12,271.9319763183594,274.3908386230469,0,0,0,0,0,0,0,0,0,0,0,0,0,0,0,1,1,0,0,0,0,0,0,0,0
2008-02-23 12:15:00+00:00,30,2,12,214.9999237060547,227.020751953125,0,0,0,0,0,0,0,0,0,0,0,0,0,0,1,1,1,0,0,0,0,0,0,0,0
2008-02-23 12:15:00+00:00,30,2,12,302.3739013671875,315.5906677246094,0,0,0,0,0,0,0,0,0,0,0,0,0,0,0,0,1,0,0,0,0,0,0,0,0
2008-02-23 12:15:00+00:00,30,2,12,148.0939483642578,149.93069458007812,0,0,0,0,0,0,0,0,0,0,0,1,1,1,1,1,1,0,0,0,0,0,0,0,0
2008-02-23 12:15:00+00:00,30,2,12,,495.1911926269531,0,0,0,0,0,0,0,0,0,0,0,0,0,0,0,0,0,0,0,0,0,0,0,0,0
2008-02-23 12:15:00+00:00,30,2,12,238.7074432373047,215.2142791748047,0,0,0,0,0,0,0,0,0,0,0,0,0,0,1,1,1,0,0,0,0,0,0,0,0
2008-02-23 12:30:00+00:00,30,2,12,,,0,0,0,0,0,0,0,0,0,0,0,0,0,0,0,0,0,0,0,0,0,0,0,0,0
2008-02-23 12:30:00+00:00,30,2,12,,,0,0,0,0,0,0,0,0,0,0,0,0,0,0,0,0,0,0,0,0,0,0,0,0,0
2008-02-23 12:30:00+00:00,30,2,12,,,0,0,0,0,0,0,0,0,0,0,0,0,0,0,0,0,0,0,0,0,0,0,0,0,0
2008-02-23 12:30:00+00:00,30,2,12,,,0,0,0,0,0,0,0,0,0,0,0,0,0,0,0,0,0,0,0,0,0,0,0,0,0
2008-02-23 12:30:00+00:00,30,2,12,,,0,0,0,0,0,0,0,0,0,0,0,0,0,0,0,0,0,0,0,0,0,0,0,0,0
2008-02-23 12:30:00+00:00,30,2,12,217.61097717285156,196.1136474609375,0,0,0,0,0,0,0,0,0,0,0,0,0,0,1,1,1,0,0,0,0,0,0,0,0
2008-02-23 12:30:00+00:00,30,2,12,,401.4094543457031,0,0,0,0,0,0,0,0,0,0,0,0,0,0,0,0,0,0,0,0,0,0,0,0,0
2008-02-23 12:30:00+00:00,30,2,12,339.00823974609375,405.8645324707031,0,0,0,0,0,0,0,0,0,0,0,0,0,0,0,0,1,0,0,0,0,0,0,0,0
2008-02-23 12:30:00+00:00,30,2,12,,,0,0,0,0,0,0,0,0,0,0,0,0,0,0,0,0,0,0,0,0,0,0,0,0,0
2008-02-23 12:30:00+00:00,30,2,12,148.02059936523438,257.5155334472656,0,0,0,0,0,0,0,0,0,0,0,1,1,1,1,1,1,0,0,0,0,0,0,0,0
2008-02-23 12:30:00+00:00,30,2,12,327.1412658691406,374.3951416015625,0,0,0,0,0,0,0,0,0,0,0,0,0,0,0,0,1,0,0,0,0,0,0,0,0
2008-02-23 12:30:00+00:00,30,2,12,249.6774139404297,289.3250427246094,0,0,0,0,0,0,0,0,0,0,0,0,0,0,1,1,1,0,0,0,0,0,0,0,0
2008-02-23 12:30:00+00:00,30,2,12,237.3349151611328,36.09928894042969,0,0,0,0,0,0,0,0,0,0,0,0,0,0,1,1,1,0,0,0,0,0,1,1,1
2008-02-23 12:30:00+00:00,30,2,12,333.0209655761719,59.94282531738281,0,0,0,0,0,0,0,0,0,0,0,0,0,0,0,0,1,0,0,0,0,0,0,0,1
2008-02-23 12:30:00+00:00,30,2,12,371.16961669921875,78.1517333984375,0,0,0,0,0,0,0,0,0,0,0,0,0,0,0,0,0,0,0,0,0,0,0,0,0
2008-02-23 12:30:00+00:00,30,2,12,318.3345031738281,67.6042709350586,0,0,0,0,0,0,0,0,0,0,0,0,0,0,0,0,1,0,0,0,0,0,0,0,0
2008-02-23 12:30:00+00:00,30,2,12,353.35040283203125,314.89990234375,0,0,0,0,0,0,0,0,0,0,0,0,0,0,0,0,0,0,0,0,0,0,0,0,0
2008-02-23 12:30:00+00:00,30,2,12,261.1813049316406,247.37181091308594,0,0,0,0,0,0,0,0,0,0,0,0,0,0,0,1,1,0,0,0,0,0,0,0,0
2008-02-23 12:45:00+00:00,30,2,12,,,0,0,0,0,0,0,0,0,0,0,0,0,0,0,0,0,0,0,0,0,0,0,0,0,0
2008-02-23 12:45:00+00:00,30,2,12,,,0,0,0,0,0,0,0,0,0,0,0,0,0,0,0,0,0,0,0,0,0,0,0,0,0
2008-02-23 12:45:00+00:00,30,2,12,,,0,0,0,0,0,0,0,0,0,0,0,0,0,0,0,0,0,0,0,0,0,0,0,0,0
2008-02-23 12:45:00+00:00,30,2,12,,,0,0,0,0,0,0,0,0,0,0,0,0,0,0,0,0,0,0,0,0,0,0,0,0,0
2008-02-23 12:45:00+00:00,30,2,12,,446.6042175292969,0,0,0,0,0,0,0,0,0,0,0,0,0,0,0,0,0,0,0,0,0,0,0,0,0
2008-02-23 12:45:00+00:00,30,2,12,439.2929992675781,449.67388916015625,0,0,0,0,0,0,0,0,0,0,0,0,0,0,0,0,0,0,0,0,0,0,0,0,0
2008-02-23 12:45:00+00:00,30,2,12,150.43496704101562,161.07403564453125,0,0,0,0,0,0,0,0,0,0,0,0,1,1,1,1,1,0,0,0,0,0,0,0,0
2008-02-23 12:45:00+00:00,30,2,12,,134.48634338378906,0,0,0,0,0,0,0,0,0,0,0,0,0,0,0,0,0,0,0,0,0,0,0,0,0
2008-02-23 12:45:00+00:00,30,2,12,56.38337707519531,60.99770736694336,0,0,0,0,0,0,0,1,1,1,1,1,1,1,1,1,1,0,0,0,0,0,0,0,0
2008-02-23 12:45:00+00:00,30,2,12,218.82078552246094,204.5086669921875,0,0,0,0,0,0,0,0,0,0,0,0,0,0,1,1,1,0,0,0,0,0,0,0,0
2008-02-23 12:45:00+00:00,30,2,12,178.001220703125,106.55374908447266,0,0,0,0,0,0,0,0,0,0,0,0,1,1,1,1,1,0,0,0,0,0,0,0,0
2008-02-23 12:45:00+00:00,30,2,12,212.96624755859375,65.30375671386719,0,0,0,0,0,0,0,0,0,0,0,0,0,0,1,1,1,0,0,0,0,0,0,0,0
2008-02-23 12:45:00+00:00,30,2,12,150.1918182373047,118.53011322021484,0,0,0,0,0,0,0,0,0,0,0,0,1,1,1,1,1,0,0,0,0,0,0,0,0
2008-02-23 13:00:00+00:00,30,2,13,121.27818298339844,389.8173522949219,0,0,0,0,0,0,0,0,0,0,0,1,1,1,1,1,1,0,0,0,0,0,0,0,0
2008-02-23 13:00:00+00:00,30,2,13,,470.724853515625,0,0,0,0,0,0,0,0,0,0,0,0,0,0,0,0,0,0,0,0,0,0,0,0,0
2008-02-23 13:00:00+00:00,30,2,13,,369.5663757324219,0,0,0,0,0,0,0,0,0,0,0,0,0,0,0,0,0,0,0,0,0,0,0,0,0
2008-02-23 13:00:00+00:00,30,2,13,159.3416290283203,263.3810729980469,0,0,0,0,0,0,0,0,0,0,0,0,1,1,1,1,1,0,0,0,0,0,0,0,0
2008-02-23 13:00:00+00:00,30,2,13,145.34571838378906,179.7723846435547,0,0,0,0,0,0,0,0,0,0,0,1,1,1,1,1,1,0,0,0,0,0,0,0,0
2008-02-23 13:00:00+00:00,30,2,13,269.6302795410156,263.305908203125,0,0,0,0,0,0,0,0,0,0,0,0,0,0,0,1,1,0,0,0,0,0,0,0,0
2008-02-23 13:00:00+00:00,30,2,13,504.2093505859375,285.1008605957031,0,0,0,0,0,0,0,0,0,0,0,0,0,0,0,0,0,0,0,0,0,0,0,0,0
2008-02-23 13:00:00+00:00,30,2,13,,204.94515991210938,0,0,0,0,0,0,0,0,0,0,0,0,0,0,0,0,0,0,0,0,0,0,0,0,0
2008-02-23 13:00:00+00:00,30,2,13,291.6647644042969,286.71673583984375,0,0,0,0,0,0,0,0,0,0,0,0,0,0,0,1,1,0,0,0,0,0,0,0,0
2008-02-23 13:00:00+00:00,30,2,13,348.7080383300781,224.2156219482422,0,0,0,0,0,0,0,0,0,0,0,0,0,0,0,0,1,0,0,0,0,0,0,0,0
2008-02-23 13:00:00+00:00,30,2,13,94.08914947509766,101.38043212890625,0,0,0,0,0,0,0,0,0,1,1,1,1,1,1,1,1,0,0,0,0,0,0,0,0
2008-02-23 13:00:00+00:00,30,2,13,341.0804443359375,263.98797607421875,0,0,0,0,0,0,0,0,0,0,0,0,0,0,0,0,1,0,0,0,0,0,0,0,0
2008-02-23 13:00:00+00:00,30,2,13,356.7039489746094,347.7762756347656,0,0,0,0,0,0,0,0,0,0,0,0,0,0,0,0,0,0,0,0,0,0,0,0,0
2008-02-23 13:00:00+00:00,30,2,13,76.9534912109375,54.60247039794922,0,0,0,0,0,0,0,0,1,1,1,1,1,1,1,1,1,0,0,0,0,0,0,0,1
2008-02-23 13:00:00+00:00,30,2,13,97.85875701904297,99.92237854003906,0,0,0,0,0,0,0,0,0,1,1,1,1,1,1,1,1,0,0,0,0,0,0,0,0
2008-02-23 13:00:00+00:00,30,2,13,135.59942626953125,117.25762176513672,0,0,0,0,0,0,0,0,0,0,0,1,1,1,1,1,1,0,0,0,0,0,0,0,0
2008-02-23 13:00:00+00:00,30,2,13,140.96693420410156,108.0758056640625,0,0,0,0,0,0,0,0,0,0,0,1,1,1,1,1,1,0,0,0,0,0,0,0,0
2008-02-23 13:00:00+00:00,30,2,13,152.78628540039062,131.11380004882812,0,0,0,0,0,0,0,0,0,0,0,0,1,1,1,1,1,0,0,0,0,0,0,0,0
2008-02-23 13:00:00+00:00,30,2,13,140.69808959960938,142.9138946533203,0,0,0,0,0,0,0,0,0,0,0,1,1,1,1,1,1,0,0,0,0,0,0,0,0
2008-02-23 13:15:00+00:00,30,2,13,,94.2657699584961,0,0,0,0,0,0,0,0,0,0,0,0,0,0,0,0,0,0,0,0,0,0,0,0,0
2008-02-23 13:15:00+00:00,30,2,13,359.82879638671875,131.44395446777344,0,0,0,0,0,0,0,0,0,0,0,0,0,0,0,0,0,0,0,0,0,0,0,0,0
2008-02-23 13:15:00+00:00,30,2,13,291.8266906738281,181.5860137939453,0,0,0,0,0,0,0,0,0,0,0,0,0,0,0,1,1,0,0,0,0,0,0,0,0
2008-02-23 13:15:00+00:00,30,2,13,91.61370086669922,93.63536071777344,0,0,0,0,0,0,0,0,0,1,1,1,1,1,1,1,1,0,0,0,0,0,0,0,0
2008-02-23 13:15:00+00:00,30,2,13,144.915283203125,131.36708068847656,0,0,0,0,0,0,0,0,0,0,0,1,1,1,1,1,1,0,0,0,0,0,0,0,0
2008-02-23 13:15:00+00:00,30,2,13,353.0345764160156,285.2177429199219,0,0,0,0,0,0,0,0,0,0,0,0,0,0,0,0,0,0,0,0,0,0,0,0,0
2008-02-23 13:15:00+00:00,30,2,13,179.9604949951172,165.53433227539062,0,0,0,0,0,0,0,0,0,0,0,0,1,1,1,1,1,0,0,0,0,0,0,0,0
2008-02-23 13:15:00+00:00,30,2,13,97.04991912841797,61.69213104248047,0,0,0,0,0,0,0,0,0,1,1,1,1,1,1,1,1,0,0,0,0,0,0,0,0
2008-02-23 13:15:00+00:00,30,2,13,135.6247100830078,148.32278442382812,0,0,0,0,0,0,0,0,0,0,0,1,1,1,1,1,1,0,0,0,0,0,0,0,0
2008-02-23 13:15:00+00:00,30,2,13,100.28612518310547,126.14801025390625,0,0,0,0,0,0,0,0,0,0,1,1,1,1,1,1,1,0,0,0,0,0,0,0,0
2008-02-23 13:15:00+00:00,30,2,13,128.13983154296875,0.0,0,0,0,0,0,0,0,0,0,0,0,1,1,1,1,1,1,1,1,1,1,1,1,1,1
2008-02-23 13:30:00+00:00,30,2,13,,,0,0,0,0,0,0,0,0,0,0,0,0,0,0,0,0,0,0,0,0,0,0,0,0,0
2008-02-23 13:30:00+00:00,30,2,13,96.5776138305664,,0,0,0,0,0,0,0,0,0,1,1,1,1,1,1,1,1,0,0,0,0,0,0,0,0
2008-02-23 13:30:00+00:00,30,2,13,195.97268676757812,250.99993896484375,0,0,0,0,0,0,0,0,0,0,0,0,0,1,1,1,1,0,0,0,0,0,0,0,0
2008-02-23 13:30:00+00:00,30,2,13,198.54750061035156,234.82418823242188,0,0,0,0,0,0,0,0,0,0,0,0,0,1,1,1,1,0,0,0,0,0,0,0,0
2008-02-23 13:30:00+00:00,30,2,13,476.45562744140625,463.5446472167969,0,0,0,0,0,0,0,0,0,0,0,0,0,0,0,0,0,0,0,0,0,0,0,0,0
2008-02-23 13:30:00+00:00,30,2,13,,483.3583679199219,0,0,0,0,0,0,0,0,0,0,0,0,0,0,0,0,0,0,0,0,0,0,0,0,0
2008-02-23 13:30:00+00:00,30,2,13,318.10272216796875,284.84234619140625,0,0,0,0,0,0,0,0,0,0,0,0,0,0,0,0,1,0,0,0,0,0,0,0,0
2008-02-23 13:30:00+00:00,30,2,13,282.2123107910156,373.18634033203125,0,0,0,0,0,0,0,0,0,0,0,0,0,0,0,1,1,0,0,0,0,0,0,0,0
2008-02-23 13:30:00+00:00,30,2,13,353.2790832519531,315.0373840332031,0,0,0,0,0,0,0,0,0,0,0,0,0,0,0,0,0,0,0,0,0,0,0,0,0
2008-02-23 13:30:00+00:00,30,2,13,144.7489471435547,85.2982177734375,0,0,0,0,0,0,0,0,0,0,0,1,1,1,1,1,1,0,0,0,0,0,0,0,0
2008-02-23 13:30:00+00:00,30,2,13,241.21469116210938,118.94849395751953,0,0,0,0,0,0,0,0,0,0,0,0,0,0,1,1,1,0,0,0,0,0,0,0,0
2008-02-23 13:30:00+00:00,30,2,13,102.87177276611328,35.9128532409668,0,0,0,0,0,0,0,0,0,0,1,1,1,1,1,1,1,0,0,0,0,0,1,1,1
2008-02-23 13:30:00+00:00,30,2,13,76.9993667602539,3.1708359718322754,0,0,0,0,0,0,0,0,1,1,1,1,1,1,1,1,1,1,1,1,1,1,1,1,1
2008-02-23 13:30:00+00:00,30,2,13,65.88176727294922,29.928335189819336,0,0,0,0,0,0,0,0,1,1,1,1,1,1,1,1,1,0,0,0,0,1,1,1,1
2008-02-23 13:30:00+00:00,30,2,13,219.43765258789062,138.37625122070312,0,0,0,0,0,0,0,0,0,0,0,0,0,0,1,1,1,0,0,0,0,0,0,0,0
2008-02-23 13:45:00+00:00,30,2,13,,,0,0,0,0,0,0,0,0,0,0,0,0,0,0,0,0,0,0,0,0,0,0,0,0,0
2008-02-23 13:45:00+00:00,30,2,13,214.1904754638672,,0,0,0,0,0,0,0,0,0,0,0,0,0,0,1,1,1,0,0,0,0,0,0,0,0
2008-02-23 13:45:00+00:00,30,2,13,101.15678405761719,,0,0,0,0,0,0,0,0,0,0,1,1,1,1,1,1,1,0,0,0,0,0,0,0,0
2008-02-23 13:45:00+00:00,30,2,13,193.28341674804688,215.01382446289062,0,0,0,0,0,0,0,0,0,0,0,0,0,1,1,1,1,0,0,0,0,0,0,0,0
2008-02-23 13:45:00+00:00,30,2,13,131.72528076171875,,0,0,0,0,0,0,0,0,0,0,0,1,1,1,1,1,1,0,0,0,0,0,0,0,0
2008-02-23 13:45:00+00:00,30,2,13,102.90673828125,95.51214599609375,0,0,0,0,0,0,0,0,0,0,1,1,1,1,1,1,1,0,0,0,0,0,0,0,0
2008-02-23 13:45:00+00:00,30,2,13,169.94737243652344,95.01888275146484,0,0,0,0,0,0,0,0,0,0,0,0,1,1,1,1,1,0,0,0,0,0,0,0,0
2008-02-23 13:45:00+00:00,30,2,13,158.31039428710938,129.45046997070312,0,0,0,0,0,0,0,0,0,0,0,0,1,1,1,1,1,0,0,0,0,0,0,0,0
2008-02-23 13:45:00+00:00,30,2,13,130.32847595214844,132.74691772460938,0,0,0,0,0,0,0,0,0,0,0,1,1,1,1,1,1,0,0,0,0,0,0,0,0
2008-02-23 13:45:00+00:00,30,2,13,122.43597412109375,120.24827575683594,0,0,0,0,0,0,0,0,0,0,0,1,1,1,1,1,1,0,0,0,0,0,0,0,0
2008-02-23 14:00:00+00:00,30,2,14,,,0,0,0,0,0,0,0,0,0,0,0,0,0,0,0,0,0,0,0,0,0,0,0,0,0
2008-02-23 14:00:00+00:00,30,2,14,477.2388916015625,299.6370544433594,0,0,0,0,0,0,0,0,0,0,0,0,0,0,0,0,0,0,0,0,0,0,0,0,0
2008-02-23 14:00:00+00:00,30,2,14,416.2603759765625,301.1417541503906,0,0,0,0,0,0,0,0,0,0,0,0,0,0,0,0,0,0,0,0,0,0,0,0,0
2008-02-23 14:00:00+00:00,30,2,14,194.2412109375,234.27772521972656,0,0,0,0,0,0,0,0,0,0,0,0,0,1,1,1,1,0,0,0,0,0,0,0,0
2008-02-23 14:00:00+00:00,30,2,14,155.2493133544922,152.95083618164062,0,0,0,0,0,0,0,0,0,0,0,0,1,1,1,1,1,0,0,0,0,0,0,0,0
2008-02-23 14:00:00+00:00,30,2,14,60.901119232177734,41.102699279785156,0,0,0,0,0,0,0,0,1,1,1,1,1,1,1,1,1,0,0,0,0,0,0,1,1
2008-02-23 14:00:00+00:00,30,2,14,383.65631103515625,375.3827209472656,0,0,0,0,0,0,0,0,0,0,0,0,0,0,0,0,0,0,0,0,0,0,0,0,0
2008-02-23 14:00:00+00:00,30,2,14,,,0,0,0,0,0,0,0,0,0,0,0,0,0,0,0,0,0,0,0,0,0,0,0,0,0
2008-02-23 14:15:00+00:00,30,2,14,,230.43775939941406,0,0,0,0,0,0,0,0,0,0,0,0,0,0,0,0,0,0,0,0,0,0,0,0,0
2008-02-23 14:15:00+00:00,30,2,14,,326.36212158203125,0,0,0,0,0,0,0,0,0,0,0,0,0,0,0,0,0,0,0,0,0,0,0,0,0
2008-02-23 14:15:00+00:00,30,2,14,,194.02963256835938,0,0,0,0,0,0,0,0,0,0,0,0,0,0,0,0,0,0,0,0,0,0,0,0,0
2008-02-23 14:15:00+00:00,30,2,14,162.0517578125,179.7840576171875,0,0,0,0,0,0,0,0,0,0,0,0,1,1,1,1,1,0,0,0,0,0,0,0,0
2008-02-23 14:15:00+00:00,30,2,14,467.5723876953125,,0,0,0,0,0,0,0,0,0,0,0,0,0,0,0,0,0,0,0,0,0,0,0,0,0
2008-02-23 14:30:00+00:00,30,2,14,,,0,0,0,0,0,0,0,0,0,0,0,0,0,0,0,0,0,0,0,0,0,0,0,0,0
2008-02-23 14:30:00+00:00,30,2,14,,,0,0,0,0,0,0,0,0,0,0,0,0,0,0,0,0,0,0,0,0,0,0,0,0,0
2008-02-23 14:30:00+00:00,30,2,14,346.1934814453125,317.7325134277344,0,0,0,0,0,0,0,0,0,0,0,0,0,0,0,0,1,0,0,0,0,0,0,0,0
2008-02-23 14:30:00+00:00,30,2,14,270.4858093261719,95.0490951538086,0,0,0,0,0,0,0,0,0,0,0,0,0,0,0,1,1,0,0,0,0,0,0,0,0
2008-02-23 14:30:00+00:00,30,2,14,109.76194763183594,107.33893585205078,0,0,0,0,0,0,0,0,0,0,1,1,1,1,1,1,1,0,0,0,0,0,0,0,0
2008-02-23 14:45:00+00:00,30,2,14,,,0,0,0,0,0,0,0,0,0,0,0,0,0,0,0,0,0,0,0,0,0,0,0,0,0
2008-02-23 14:45:00+00:00,30,2,14,334.6469421386719,,0,0,0,0,0,0,0,0,0,0,0,0,0,0,0,0,1,0,0,0,0,0,0,0,0
2008-02-23 14:45:00+00:00,30,2,14,345.2261047363281,351.584228515625,0,0,0,0,0,0,0,0,0,0,0,0,0,0,0,0,1,0,0,0,0,0,0,0,0
2008-02-23 14:45:00+00:00,30,2,14,317.6973571777344,241.118896484375,0,0,0,0,0,0,0,0,0,0,0,0,0,0,0,0,1,0,0,0,0,0,0,0,0
2008-02-23 14:45:00+00:00,30,2,14,111.86103057861328,125.01636505126953,0,0,0,0,0,0,0,0,0,0,1,1,1,1,1,1,1,0,0,0,0,0,0,0,0
2008-02-23 14:45:00+00:00,30,2,14,223.07550048828125,23.05558967590332,0,0,0,0,0,0,0,0,0,0,0,0,0,0,1,1,1,0,0,0,1,1,1,1,1
2008-02-23 14:45:00+00:00,30,2,14,116.4537124633789,107.43142700195312,0,0,0,0,0,0,0,0,0,0,1,1,1,1,1,1,1,0,0,0,0,0,0,0,0
2008-02-23 14:45:00+00:00,30,2,14,84.17657470703125,92.40219116210938,0,0,0,0,0,0,0,0,0,1,1,1,1,1,1,1,1,0,0,0,0,0,0,0,0
2008-02-23 14:45:00+00:00,30,2,14,311.5856018066406,303.31591796875,0,0,0,0,0,0,0,0,0,0,0,0,0,0,0,0,1,0,0,0,0,0,0,0,0
2008-02-23 15:00:00+00:00,30,2,15,,325.90863037109375,0,0,0,0,0,0,0,0,0,0,0,0,0,0,0,0,0,0,0,0,0,0,0,0,0
2008-02-23 15:00:00+00:00,30,2,15,,,0,0,0,0,0,0,0,0,0,0,0,0,0,0,0,0,0,0,0,0,0,0,0,0,0
2008-02-23 15:00:00+00:00,30,2,15,336.3927001953125,502.9809875488281,0,0,0,0,0,0,0,0,0,0,0,0,0,0,0,0,1,0,0,0,0,0,0,0,0
2008-02-23 15:00:00+00:00,30,2,15,221.66592407226562,349.6670837402344,0,0,0,0,0,0,0,0,0,0,0,0,0,0,1,1,1,0,0,0,0,0,0,0,0
2008-02-23 15:00:00+00:00,30,2,15,124.76480865478516,94.828857421875,0,0,0,0,0,0,0,0,0,0,0,1,1,1,1,1,1,0,0,0,0,0,0,0,0
2008-02-23 15:00:00+00:00,30,2,15,78.87342834472656,48.89076614379883,0,0,0,0,0,0,0,0,1,1,1,1,1,1,1,1,1,0,0,0,0,0,0,1,1
2008-02-23 15:00:00+00:00,30,2,15,118.11351013183594,326.3871154785156,0,0,0,0,0,0,0,0,0,0,1,1,1,1,1,1,1,0,0,0,0,0,0,0,0
2008-02-23 15:00:00+00:00,30,2,15,244.51084899902344,247.911376953125,0,0,0,0,0,0,0,0,0,0,0,0,0,0,1,1,1,0,0,0,0,0,0,0,0
2008-02-23 15:00:00+00:00,30,2,15,83.68851470947266,67.8512954711914,0,0,0,0,0,0,0,0,0,1,1,1,1,1,1,1,1,0,0,0,0,0,0,0,0
2008-02-23 15:00:00+00:00,30,2,15,182.24249267578125,184.10935974121094,0,0,0,0,0,0,0,0,0,0,0,0,0,1,1,1,1,0,0,0,0,0,0,0,0
2008-02-23 15:00:00+00:00,30,2,15,,,0,0,0,0,0,0,0,0,0,0,0,0,0,0,0,0,0,0,0,0,0,0,0,0,0
2008-02-23 15:00:00+00:00,30,2,15,,,0,0,0,0,0,0,0,0,0,0,0,0,0,0,0,0,0,0,0,0,0,0,0,0,0
2008-02-23 15:00:00+00:00,30,2,15,,,0,0,0,0,0,0,0,0,0,0,0,0,0,0,0,0,0,0,0,0,0,0,0,0,0
2008-02-23 15:15:00+00:00,30,2,15,88.7616958618164,95.53022003173828,0,0,0,0,0,0,0,0,0,1,1,1,1,1,1,1,1,0,0,0,0,0,0,0,0
2008-02-23 15:15:00+00:00,30,2,15,158.8236846923828,167.10926818847656,0,0,0,0,0,0,0,0,0,0,0,0,1,1,1,1,1,0,0,0,0,0,0,0,0
2008-02-23 15:15:00+00:00,30,2,15,117.63489532470703,115.33921813964844,0,0,0,0,0,0,0,0,0,0,1,1,1,1,1,1,1,0,0,0,0,0,0,0,0
2008-02-23 15:15:00+00:00,30,2,15,131.15443420410156,114.59686279296875,0,0,0,0,0,0,0,0,0,0,0,1,1,1,1,1,1,0,0,0,0,0,0,0,0
2008-02-23 15:15:00+00:00,30,2,15,190.61915588378906,174.7433624267578,0,0,0,0,0,0,0,0,0,0,0,0,0,1,1,1,1,0,0,0,0,0,0,0,0
2008-02-23 15:15:00+00:00,30,2,15,91.43485260009766,108.14051055908203,0,0,0,0,0,0,0,0,0,1,1,1,1,1,1,1,1,0,0,0,0,0,0,0,0
2008-02-23 15:15:00+00:00,30,2,15,110.19739532470703,126.182373046875,0,0,0,0,0,0,0,0,0,0,1,1,1,1,1,1,1,0,0,0,0,0,0,0,0
2008-02-23 15:15:00+00:00,30,2,15,199.83953857421875,367.7801818847656,0,0,0,0,0,0,0,0,0,0,0,0,0,1,1,1,1,0,0,0,0,0,0,0,0
2008-02-23 15:15:00+00:00,30,2,15,253.07801818847656,261.229736328125,0,0,0,0,0,0,0,0,0,0,0,0,0,0,0,1,1,0,0,0,0,0,0,0,0
2008-02-23 15:15:00+00:00,30,2,15,,,0,0,0,0,0,0,0,0,0,0,0,0,0,0,0,0,0,0,0,0,0,0,0,0,0
2008-02-23 15:15:00+00:00,30,2,15,,,0,0,0,0,0,0,0,0,0,0,0,0,0,0,0,0,0,0,0,0,0,0,0,0,0
2008-02-23 15:15:00+00:00,30,2,15,408.9094543457031,428.8515930175781,0,0,0,0,0,0,0,0,0,0,0,0,0,0,0,0,0,0,0,0,0,0,0,0,0
2008-02-23 15:30:00+00:00,30,2,15,,,0,0,0,0,0,0,0,0,0,0,0,0,0,0,0,0,0,0,0,0,0,0,0,0,0
2008-02-23 15:30:00+00:00,30,2,15,262.9382019042969,271.5764465332031,0,0,0,0,0,0,0,0,0,0,0,0,0,0,0,1,1,0,0,0,0,0,0,0,0
2008-02-23 15:30:00+00:00,30,2,15,336.1288757324219,235.31773376464844,0,0,0,0,0,0,0,0,0,0,0,0,0,0,0,0,1,0,0,0,0,0,0,0,0
2008-02-23 15:30:00+00:00,30,2,15,70.4188232421875,136.55934143066406,0,0,0,0,0,0,0,0,1,1,1,1,1,1,1,1,1,0,0,0,0,0,0,0,0
2008-02-23 15:30:00+00:00,30,2,15,398.2832946777344,158.46038818359375,0,0,0,0,0,0,0,0,0,0,0,0,0,0,0,0,0,0,0,0,0,0,0,0,0
2008-02-23 15:30:00+00:00,30,2,15,197.75210571289062,69.86869049072266,0,0,0,0,0,0,0,0,0,0,0,0,0,1,1,1,1,0,0,0,0,0,0,0,0
2008-02-23 15:30:00+00:00,30,2,15,166.8064727783203,176.4970245361328,0,0,0,0,0,0,0,0,0,0,0,0,1,1,1,1,1,0,0,0,0,0,0,0,0
2008-02-23 15:30:00+00:00,30,2,15,,,0,0,0,0,0,0,0,0,0,0,0,0,0,0,0,0,0,0,0,0,0,0,0,0,0
2008-02-23 15:45:00+00:00,30,2,15,119.38475799560547,98.752197265625,0,0,0,0,0,0,0,0,0,0,1,1,1,1,1,1,1,0,0,0,0,0,0,0,0
2008-02-23 15:45:00+00:00,30,2,15,241.07957458496094,225.79339599609375,0,0,0,0,0,0,0,0,0,0,0,0,0,0,1,1,1,0,0,0,0,0,0,0,0
2008-02-23 15:45:00+00:00,30,2,15,280.7255859375,217.11611938476562,0,0,0,0,0,0,0,0,0,0,0,0,0,0,0,1,1,0,0,0,0,0,0,0,0
2008-02-23 16:00:00+00:00,30,2,16,155.86700439453125,146.91722106933594,0,0,0,0,0,0,0,0,0,0,0,0,1,1,1,1,1,0,0,0,0,0,0,0,0
2008-02-23 16:00:00+00:00,30,2,16,87.89936828613281,60.32596969604492,0,0,0,0,0,0,0,0,0,1,1,1,1,1,1,1,1,0,0,0,0,0,0,0,0
2008-02-23 16:00:00+00:00,30,2,16,53.635379791259766,62.55754852294922,0,0,0,0,0,0,0,1,1,1,1,1,1,1,1,1,1,0,0,0,0,0,0,0,0
2008-02-23 16:00:00+00:00,30,2,16,37.10621643066406,42.43611526489258,0,0,0,0,0,1,1,1,1,1,1,1,1,1,1,1,1,0,0,0,0,0,0,1,1
2008-02-23 16:00:00+00:00,30,2,16,186.41456604003906,116.89303588867188,0,0,0,0,0,0,0,0,0,0,0,0,0,1,1,1,1,0,0,0,0,0,0,0,0
2008-02-23 16:00:00+00:00,30,2,16,379.93048095703125,374.5010986328125,0,0,0,0,0,0,0,0,0,0,0,0,0,0,0,0,0,0,0,0,0,0,0,0,0
2008-02-23 16:15:00+00:00,30,2,16,,,0,0,0,0,0,0,0,0,0,0,0,0,0,0,0,0,0,0,0,0,0,0,0,0,0
2008-02-23 16:15:00+00:00,30,2,16,142.47108459472656,123.44703674316406,0,0,0,0,0,0,0,0,0,0,0,1,1,1,1,1,1,0,0,0,0,0,0,0,0
2008-02-23 16:15:00+00:00,30,2,16,121.33589935302734,115.3974838256836,0,0,0,0,0,0,0,0,0,0,0,1,1,1,1,1,1,0,0,0,0,0,0,0,0
2008-02-23 16:15:00+00:00,30,2,16,116.51640319824219,166.41563415527344,0,0,0,0,0,0,0,0,0,0,1,1,1,1,1,1,1,0,0,0,0,0,0,0,0
2008-02-23 16:15:00+00:00,30,2,16,186.92921447753906,166.31146240234375,0,0,0,0,0,0,0,0,0,0,0,0,0,1,1,1,1,0,0,0,0,0,0,0,0
2008-02-23 16:15:00+00:00,30,2,16,311.9020690917969,295.7818298339844,0,0,0,0,0,0,0,0,0,0,0,0,0,0,0,0,1,0,0,0,0,0,0,0,0
2008-02-23 16:15:00+00:00,30,2,16,382.10345458984375,308.331298828125,0,0,0,0,0,0,0,0,0,0,0,0,0,0,0,0,0,0,0,0,0,0,0,0,0
2008-02-23 16:15:00+00:00,30,2,16,335.4630432128906,274.69940185546875,0,0,0,0,0,0,0,0,0,0,0,0,0,0,0,0,1,0,0,0,0,0,0,0,0
2008-02-23 16:15:00+00:00,30,2,16,,36.03300094604492,0,0,0,0,0,0,0,0,0,0,0,0,0,0,0,0,0,0,0,0,0,0,1,1,1
2008-02-23 16:30:00+00:00,30,2,16,483.82012939453125,,0,0,0,0,0,0,0,0,0,0,0,0,0,0,0,0,0,0,0,0,0,0,0,0,0
2008-02-23 16:30:00+00:00,30,2,16,185.4774932861328,204.92636108398438,0,0,0,0,0,0,0,0,0,0,0,0,0,1,1,1,1,0,0,0,0,0,0,0,0
2008-02-23 16:30:00+00:00,30,2,16,174.4454345703125,164.84896850585938,0,0,0,0,0,0,0,0,0,0,0,0,1,1,1,1,1,0,0,0,0,0,0,0,0
2008-02-23 16:30:00+00:00,30,2,16,133.20162963867188,0.0,0,0,0,0,0,0,0,0,0,0,0,1,1,1,1,1,1,1,1,1,1,1,1,1,1
2008-02-23 16:45:00+00:00,30,2,16,,,0,0,0,0,0,0,0,0,0,0,0,0,0,0,0,0,0,0,0,0,0,0,0,0,0
2008-02-23 16:45:00+00:00,30,2,16,151.12185668945312,154.80177307128906,0,0,0,0,0,0,0,0,0,0,0,0,1,1,1,1,1,0,0,0,0,0,0,0,0
2008-02-23 16:45:00+00:00,30,2,16,141.68287658691406,100.05451965332031,0,0,0,0,0,0,0,0,0,0,0,1,1,1,1,1,1,0,0,0,0,0,0,0,0
2008-02-23 16:45:00+00:00,30,2,16,184.2845458984375,172.0918426513672,0,0,0,0,0,0,0,0,0,0,0,0,0,1,1,1,1,0,0,0,0,0,0,0,0
2008-02-23 17:00:00+00:00,30,2,17,,,0,0,0,0,0,0,0,0,0,0,0,0,0,0,0,0,0,0,0,0,0,0,0,0,0
2008-02-23 17:00:00+00:00,30,2,17,,,0,0,0,0,0,0,0,0,0,0,0,0,0,0,0,0,0,0,0,0,0,0,0,0,0
2008-02-23 17:00:00+00:00,30,2,17,180.16285705566406,186.8947296142578,0,0,0,0,0,0,0,0,0,0,0,0,0,1,1,1,1,0,0,0,0,0,0,0,0
2008-02-23 17:00:00+00:00,30,2,17,145.7571563720703,122.84980010986328,0,0,0,0,0,0,0,0,0,0,0,1,1,1,1,1,1,0,0,0,0,0,0,0,0
2008-02-23 17:00:00+00:00,30,2,17,162.06228637695312,141.44757080078125,0,0,0,0,0,0,0,0,0,0,0,0,1,1,1,1,1,0,0,0,0,0,0,0,0
2008-02-23 17:00:00+00:00,30,2,17,106.46178436279297,104.75080108642578,0,0,0,0,0,0,0,0,0,0,1,1,1,1,1,1,1,0,0,0,0,0,0,0,0
2008-02-23 17:00:00+00:00,30,2,17,61.15400314331055,59.11761474609375,0,0,0,0,0,0,0,0,1,1,1,1,1,1,1,1,1,0,0,0,0,0,0,0,1
2008-02-23 17:00:00+00:00,30,2,17,312.4930419921875,325.8056945800781,0,0,0,0,0,0,0,0,0,0,0,0,0,0,0,0,1,0,0,0,0,0,0,0,0
2008-02-23 17:15:00+00:00,30,2,17,261.91815185546875,261.790771484375,0,0,0,0,0,0,0,0,0,0,0,0,0,0,0,1,1,0,0,0,0,0,0,0,0
2008-02-23 17:30:00+00:00,30,2,17,264.8720397949219,274.4687805175781,0,0,0,0,0,0,0,0,0,0,0,0,0,0,0,1,1,0,0,0,0,0,0,0,0
2008-02-23 17:30:00+00:00,30,2,17,261.7701416015625,278.5650939941406,0,0,0,0,0,0,0,0,0,0,0,0,0,0,0,1,1,0,0,0,0,0,0,0,0
2008-02-23 17:45:00+00:00,30,2,17,,,0,0,0,0,0,0,0,0,0,0,0,0,0,0,0,0,0,0,0,0,0,0,0,0,0
2008-02-23 17:45:00+00:00,30,2,17,46.69367218017578,40.067752838134766,0,0,0,0,0,0,1,1,1,1,1,1,1,1,1,1,1,0,0,0,0,0,0,1,1
2008-02-23 17:45:00+00:00,30,2,17,206.86795043945312,308.2619323730469,0,0,0,0,0,0,0,0,0,0,0,0,0,0,1,1,1,0,0,0,0,0,0,0,0
2008-02-24 10:00:00+00:00,30,2,10,119.10379791259766,166.1875,0,0,0,0,0,0,0,0,0,0,1,1,1,1,1,1,1,0,0,0,0,0,0,0,0
2008-02-24 10:00:00+00:00,30,2,10,123.07586669921875,122.11593627929688,0,0,0,0,0,0,0,0,0,0,0,1,1,1,1,1,1,0,0,0,0,0,0,0,0
2008-02-24 10:00:00+00:00,30,2,10,,,0,0,0,0,0,0,0,0,0,0,0,0,0,0,0,0,0,0,0,0,0,0,0,0,0
2008-02-24 10:00:00+00:00,30,2,10,,,0,0,0,0,0,0,0,0,0,0,0,0,0,0,0,0,0,0,0,0,0,0,0,0,0
2008-02-24 10:00:00+00:00,30,2,10,,,0,0,0,0,0,0,0,0,0,0,0,0,0,0,0,0,0,0,0,0,0,0,0,0,0
2008-02-24 10:00:00+00:00,30,2,10,,,0,0,0,0,0,0,0,0,0,0,0,0,0,0,0,0,0,0,0,0,0,0,0,0,0
2008-02-24 10:00:00+00:00,30,2,10,,,0,0,0,0,0,0,0,0,0,0,0,0,0,0,0,0,0,0,0,0,0,0,0,0,0
2008-02-24 10:00:00+00:00,30,2,10,,,0,0,0,0,0,0,0,0,0,0,0,0,0,0,0,0,0,0,0,0,0,0,0,0,0
2008-02-24 10:00:00+00:00,30,2,10,,99.06510925292969,0,0,0,0,0,0,0,0,0,0,0,0,0,0,0,0,0,0,0,0,0,0,0,0,0
2008-02-24 10:00:00+00:00,30,2,10,,,0,0,0,0,0,0,0,0,0,0,0,0,0,0,0,0,0,0,0,0,0,0,0,0,0
2008-02-24 10:00:00+00:00,30,2,10,444.3460388183594,,0,0,0,0,0,0,0,0,0,0,0,0,0,0,0,0,0,0,0,0,0,0,0,0,0
2008-02-24 10:00:00+00:00,30,2,10,363.0755615234375,,0,0,0,0,0,0,0,0,0,0,0,0,0,0,0,0,0,0,0,0,0,0,0,0,0
2008-02-24 10:00:00+00:00,30,2,10,308.6692199707031,3.3893930912017822,0,0,0,0,0,0,0,0,0,0,0,0,0,0,0,0,1,1,1,1,1,1,1,1,1
2008-02-24 10:00:00+00:00,30,2,10,122.18864440917969,253.9669189453125,0,0,0,0,0,0,0,0,0,0,0,1,1,1,1,1,1,0,0,0,0,0,0,0,0
2008-02-24 10:00:00+00:00,30,2,10,,208.4027557373047,0,0,0,0,0,0,0,0,0,0,0,0,0,0,0,0,0,0,0,0,0,0,0,0,0
2008-02-24 10:00:00+00:00,30,2,10,,30.68391227722168,0,0,0,0,0,0,0,0,0,0,0,0,0,0,0,0,0,0,0,0,0,0,1,1,1
2008-02-24 10:00:00+00:00,30,2,10,,442.7138671875,0,0,0,0,0,0,0,0,0,0,0,0,0,0,0,0,0,0,0,0,0,0,0,0,0
2008-02-24 10:15:00+00:00,30,2,10,107.04352569580078,82.7154312133789,0,0,0,0,0,0,0,0,0,0,1,1,1,1,1,1,1,0,0,0,0,0,0,0,0
2008-02-24 10:15:00+00:00,30,2,10,,239.43370056152344,0,0,0,0,0,0,0,0,0,0,0,0,0,0,0,0,0,0,0,0,0,0,0,0,0
2008-02-24 10:15:00+00:00,30,2,10,267.5719909667969,224.21490478515625,0,0,0,0,0,0,0,0,0,0,0,0,0,0,0,1,1,0,0,0,0,0,0,0,0
2008-02-24 10:15:00+00:00,30,2,10,,,0,0,0,0,0,0,0,0,0,0,0,0,0,0,0,0,0,0,0,0,0,0,0,0,0
2008-02-24 10:15:00+00:00,30,2,10,,464.5365905761719,0,0,0,0,0,0,0,0,0,0,0,0,0,0,0,0,0,0,0,0,0,0,0,0,0
2008-02-24 10:15:00+00:00,30,2,10,,297.79913330078125,0,0,0,0,0,0,0,0,0,0,0,0,0,0,0,0,0,0,0,0,0,0,0,0,0
2008-02-24 10:15:00+00:00,30,2,10,,271.0887451171875,0,0,0,0,0,0,0,0,0,0,0,0,0,0,0,0,0,0,0,0,0,0,0,0,0
2008-02-24 10:15:00+00:00,30,2,10,466.2188415527344,303.3580017089844,0,0,0,0,0,0,0,0,0,0,0,0,0,0,0,0,0,0,0,0,0,0,0,0,0
2008-02-24 10:15:00+00:00,30,2,10,,205.85939025878906,0,0,0,0,0,0,0,0,0,0,0,0,0,0,0,0,0,0,0,0,0,0,0,0,0
2008-02-24 10:15:00+00:00,30,2,10,,,0,0,0,0,0,0,0,0,0,0,0,0,0,0,0,0,0,0,0,0,0,0,0,0,0
2008-02-24 10:15:00+00:00,30,2,10,375.69085693359375,6.2385640144348145,0,0,0,0,0,0,0,0,0,0,0,0,0,0,0,0,0,1,1,1,1,1,1,1,1
2008-02-24 10:15:00+00:00,30,2,10,,282.61602783203125,0,0,0,0,0,0,0,0,0,0,0,0,0,0,0,0,0,0,0,0,0,0,0,0,0
2008-02-24 10:15:00+00:00,30,2,10,151.10934448242188,138.93373107910156,0,0,0,0,0,0,0,0,0,0,0,0,1,1,1,1,1,0,0,0,0,0,0,0,0
2008-02-24 10:15:00+00:00,30,2,10,143.5904998779297,67.78981018066406,0,0,0,0,0,0,0,0,0,0,0,1,1,1,1,1,1,0,0,0,0,0,0,0,0
2008-02-24 10:15:00+00:00,30,2,10,103.91134643554688,9.238692283630371,0,0,0,0,0,0,0,0,0,0,1,1,1,1,1,1,1,1,1,1,1,1,1,1,1
2008-02-24 10:15:00+00:00,30,2,10,,,0,0,0,0,0,0,0,0,0,0,0,0,0,0,0,0,0,0,0,0,0,0,0,0,0
2008-02-24 10:15:00+00:00,30,2,10,172.25436401367188,170.58758544921875,0,0,0,0,0,0,0,0,0,0,0,0,1,1,1,1,1,0,0,0,0,0,0,0,0
2008-02-24 10:15:00+00:00,30,2,10,71.90090942382812,43.48128890991211,0,0,0,0,0,0,0,0,1,1,1,1,1,1,1,1,1,0,0,0,0,0,0,1,1
2008-02-24 10:15:00+00:00,30,2,10,130.04360961914062,116.9482650756836,0,0,0,0,0,0,0,0,0,0,0,1,1,1,1,1,1,0,0,0,0,0,0,0,0
2008-02-24 10:15:00+00:00,30,2,10,47.31233215332031,32.04326248168945,0,0,0,0,0,0,1,1,1,1,1,1,1,1,1,1,1,0,0,0,0,0,1,1,1
2008-02-24 10:15:00+00:00,30,2,10,59.13615417480469,27.12799835205078,0,0,0,0,0,0,0,1,1,1,1,1,1,1,1,1,1,0,0,0,0,1,1,1,1
2008-02-24 10:15:00+00:00,30,2,10,,188.4120635986328,0,0,0,0,0,0,0,0,0,0,0,0,0,0,0,0,0,0,0,0,0,0,0,0,0
2008-02-24 10:15:00+00:00,30,2,10,,192.08409118652344,0,0,0,0,0,0,0,0,0,0,0,0,0,0,0,0,0,0,0,0,0,0,0,0,0
2008-02-24 10:30:00+00:00,30,2,10,109.74784851074219,0.0,0,0,0,0,0,0,0,0,0,0,1,1,1,1,1,1,1,1,1,1,1,1,1,1,1
2008-02-24 10:30:00+00:00,30,2,10,149.93280029296875,30.321399688720703,0,0,0,0,0,0,0,0,0,0,0,1,1,1,1,1,1,0,0,0,0,0,1,1,1
2008-02-24 10:30:00+00:00,30,2,10,59.15138244628906,0.0,0,0,0,0,0,0,0,1,1,1,1,1,1,1,1,1,1,1,1,1,1,1,1,1,1
2008-02-24 10:30:00+00:00,30,2,10,,364.94830322265625,0,0,0,0,0,0,0,0,0,0,0,0,0,0,0,0,0,0,0,0,0,0,0,0,0
2008-02-24 10:30:00+00:00,30,2,10,231.9340362548828,180.73974609375,0,0,0,0,0,0,0,0,0,0,0,0,0,0,1,1,1,0,0,0,0,0,0,0,0
2008-02-24 10:30:00+00:00,30,2,10,285.5147399902344,46.657196044921875,0,0,0,0,0,0,0,0,0,0,0,0,0,0,0,1,1,0,0,0,0,0,0,1,1
2008-02-24 10:30:00+00:00,30,2,10,,,0,0,0,0,0,0,0,0,0,0,0,0,0,0,0,0,0,0,0,0,0,0,0,0,0
2008-02-24 10:30:00+00:00,30,2,10,,,0,0,0,0,0,0,0,0,0,0,0,0,0,0,0,0,0,0,0,0,0,0,0,0,0
2008-02-24 10:30:00+00:00,30,2,10,42.67536926269531,11.118307113647461,0,0,0,0,0,0,1,1,1,1,1,1,1,1,1,1,1,0,1,1,1,1,1,1,1
2008-02-24 10:30:00+00:00,30,2,10,,,0,0,0,0,0,0,0,0,0,0,0,0,0,0,0,0,0,0,0,0,0,0,0,0,0
2008-02-24 10:30:00+00:00,30,2,10,359.30584716796875,295.04595947265625,0,0,0,0,0,0,0,0,0,0,0,0,0,0,0,0,0,0,0,0,0,0,0,0,0
2008-02-24 10:30:00+00:00,30,2,10,,374.2201232910156,0,0,0,0,0,0,0,0,0,0,0,0,0,0,0,0,0,0,0,0,0,0,0,0,0
2008-02-24 10:30:00+00:00,30,2,10,463.0437316894531,169.4154052734375,0,0,0,0,0,0,0,0,0,0,0,0,0,0,0,0,0,0,0,0,0,0,0,0,0
2008-02-24 10:30:00+00:00,30,2,10,452.6571044921875,134.8134307861328,0,0,0,0,0,0,0,0,0,0,0,0,0,0,0,0,0,0,0,0,0,0,0,0,0
2008-02-24 10:30:00+00:00,30,2,10,,,0,0,0,0,0,0,0,0,0,0,0,0,0,0,0,0,0,0,0,0,0,0,0,0,0
2008-02-24 10:30:00+00:00,30,2,10,156.964599609375,151.16697692871094,0,0,0,0,0,0,0,0,0,0,0,0,1,1,1,1,1,0,0,0,0,0,0,0,0
2008-02-24 10:30:00+00:00,30,2,10,306.6288146972656,301.8528137207031,0,0,0,0,0,0,0,0,0,0,0,0,0,0,0,0,1,0,0,0,0,0,0,0,0
2008-02-24 10:30:00+00:00,30,2,10,82.29727935791016,74.52930450439453,0,0,0,0,0,0,0,0,0,1,1,1,1,1,1,1,1,0,0,0,0,0,0,0,0
2008-02-24 10:45:00+00:00,30,2,10,85.64420318603516,97.10255432128906,0,0,0,0,0,0,0,0,0,1,1,1,1,1,1,1,1,0,0,0,0,0,0,0,0
2008-02-24 10:45:00+00:00,30,2,10,95.31592559814453,24.301332473754883,0,0,0,0,0,0,0,0,0,1,1,1,1,1,1,1,1,0,0,0,1,1,1,1,1
2008-02-24 10:45:00+00:00,30,2,10,,,0,0,0,0,0,0,0,0,0,0,0,0,0,0,0,0,0,0,0,0,0,0,0,0,0
2008-02-24 10:45:00+00:00,30,2,10,53.633827209472656,35.55724334716797,0,0,0,0,0,0,0,1,1,1,1,1,1,1,1,1,1,0,0,0,0,0,1,1,1
2008-02-24 10:45:00+00:00,30,2,10,92.76856231689453,86.81375885009766,0,0,0,0,0,0,0,0,0,1,1,1,1,1,1,1,1,0,0,0,0,0,0,0,0
2008-02-24 10:45:00+00:00,30,2,10,405.7962341308594,189.4687042236328,0,0,0,0,0,0,0,0,0,0,0,0,0,0,0,0,0,0,0,0,0,0,0,0,0
2008-02-24 10:45:00+00:00,30,2,10,131.59991455078125,124.39076232910156,0,0,0,0,0,0,0,0,0,0,0,1,1,1,1,1,1,0,0,0,0,0,0,0,0
2008-02-24 10:45:00+00:00,30,2,10,369.210693359375,262.35626220703125,0,0,0,0,0,0,0,0,0,0,0,0,0,0,0,0,0,0,0,0,0,0,0,0,0
2008-02-24 10:45:00+00:00,30,2,10,189.34197998046875,186.4743194580078,0,0,0,0,0,0,0,0,0,0,0,0,0,1,1,1,1,0,0,0,0,0,0,0,0
2008-02-24 10:45:00+00:00,30,2,10,105.94244384765625,87.26580047607422,0,0,0,0,0,0,0,0,0,0,1,1,1,1,1,1,1,0,0,0,0,0,0,0,0
2008-02-24 10:45:00+00:00,30,2,10,86.5809097290039,70.28250122070312,0,0,0,0,0,0,0,0,0,1,1,1,1,1,1,1,1,0,0,0,0,0,0,0,0
2008-02-24 10:45:00+00:00,30,2,10,281.2580261230469,129.6299285888672,0,0,0,0,0,0,0,0,0,0,0,0,0,0,0,1,1,0,0,0,0,0,0,0,0
2008-02-24 10:45:00+00:00,30,2,10,450.0351867675781,437.07171630859375,0,0,0,0,0,0,0,0,0,0,0,0,0,0,0,0,0,0,0,0,0,0,0,0,0
2008-02-24 10:45:00+00:00,30,2,10,224.35365295410156,224.3671875,0,0,0,0,0,0,0,0,0,0,0,0,0,0,1,1,1,0,0,0,0,0,0,0,0
2008-02-24 10:45:00+00:00,30,2,10,56.85032272338867,63.500999450683594,0,0,0,0,0,0,0,1,1,1,1,1,1,1,1,1,1,0,0,0,0,0,0,0,0
2008-02-24 10:45:00+00:00,30,2,10,177.31732177734375,177.09605407714844,0,0,0,0,0,0,0,0,0,0,0,0,1,1,1,1,1,0,0,0,0,0,0,0,0
2008-02-24 10:45:00+00:00,30,2,10,161.20152282714844,149.20196533203125,0,0,0,0,0,0,0,0,0,0,0,0,1,1,1,1,1,0,0,0,0,0,0,0,0
2008-02-24 10:45:00+00:00,30,2,10,86.95951843261719,89.45356750488281,0,0,0,0,0,0,0,0,0,1,1,1,1,1,1,1,1,0,0,0,0,0,0,0,0
2008-02-24 10:45:00+00:00,30,2,10,174.5101318359375,46.365882873535156,0,0,0,0,0,0,0,0,0,0,0,0,1,1,1,1,1,0,0,0,0,0,0,1,1
2008-02-24 10:45:00+00:00,30,2,10,196.6034393310547,0.0,0,0,0,0,0,0,0,0,0,0,0,0,0,1,1,1,1,1,1,1,1,1,1,1,1
2008-02-24 10:45:00+00:00,30,2,10,118.08180236816406,118.51054382324219,0,0,0,0,0,0,0,0,0,0,1,1,1,1,1,1,1,0,0,0,0,0,0,0,0
2008-02-24 10:45:00+00:00,30,2,10,446.1209411621094,384.3970642089844,0,0,0,0,0,0,0,0,0,0,0,0,0,0,0,0,0,0,0,0,0,0,0,0,0
2008-02-24 11:00:00+00:00,30,2,11,,,0,0,0,0,0,0,0,0,0,0,0,0,0,0,0,0,0,0,0,0,0,0,0,0,0
2008-02-24 11:00:00+00:00,30,2,11,,,0,0,0,0,0,0,0,0,0,0,0,0,0,0,0,0,0,0,0,0,0,0,0,0,0
2008-02-24 11:00:00+00:00,30,2,11,,,0,0,0,0,0,0,0,0,0,0,0,0,0,0,0,0,0,0,0,0,0,0,0,0,0
2008-02-24 11:00:00+00:00,30,2,11,,,0,0,0,0,0,0,0,0,0,0,0,0,0,0,0,0,0,0,0,0,0,0,0,0,0
2008-02-24 11:00:00+00:00,30,2,11,414.66156005859375,401.6517333984375,0,0,0,0,0,0,0,0,0,0,0,0,0,0,0,0,0,0,0,0,0,0,0,0,0
2008-02-24 11:00:00+00:00,30,2,11,351.8420104980469,,0,0,0,0,0,0,0,0,0,0,0,0,0,0,0,0,0,0,0,0,0,0,0,0,0
2008-02-24 11:00:00+00:00,30,2,11,198.6896209716797,164.98995971679688,0,0,0,0,0,0,0,0,0,0,0,0,0,1,1,1,1,0,0,0,0,0,0,0,0
2008-02-24 11:00:00+00:00,30,2,11,168.90280151367188,153.029296875,0,0,0,0,0,0,0,0,0,0,0,0,1,1,1,1,1,0,0,0,0,0,0,0,0
2008-02-24 11:00:00+00:00,30,2,11,236.30657958984375,246.81813049316406,0,0,0,0,0,0,0,0,0,0,0,0,0,0,1,1,1,0,0,0,0,0,0,0,0
2008-02-24 11:00:00+00:00,30,2,11,295.942626953125,165.02439880371094,0,0,0,0,0,0,0,0,0,0,0,0,0,0,0,1,1,0,0,0,0,0,0,0,0
2008-02-24 11:00:00+00:00,30,2,11,270.83502197265625,277.822021484375,0,0,0,0,0,0,0,0,0,0,0,0,0,0,0,1,1,0,0,0,0,0,0,0,0
2008-02-24 11:00:00+00:00,30,2,11,208.78414916992188,207.84564208984375,0,0,0,0,0,0,0,0,0,0,0,0,0,0,1,1,1,0,0,0,0,0,0,0,0
2008-02-24 11:00:00+00:00,30,2,11,99.3331527709961,9.917768478393555,0,0,0,0,0,0,0,0,0,1,1,1,1,1,1,1,1,1,1,1,1,1,1,1,1
2008-02-24 11:00:00+00:00,30,2,11,551.423583984375,268.6775817871094,0,0,0,0,0,0,0,0,0,0,0,0,0,0,0,0,0,0,0,0,0,0,0,0,0
2008-02-24 11:00:00+00:00,30,2,11,199.84800720214844,161.11764526367188,0,0,0,0,0,0,0,0,0,0,0,0,0,1,1,1,1,0,0,0,0,0,0,0,0
2008-02-24 11:00:00+00:00,30,2,11,64.0450668334961,0.0,0,0,0,0,0,0,0,0,1,1,1,1,1,1,1,1,1,1,1,1,1,1,1,1,1
2008-02-24 11:00:00+00:00,30,2,11,106.2676773071289,12.628116607666016,0,0,0,0,0,0,0,0,0,0,1,1,1,1,1,1,1,0,1,1,1,1,1,1,1
2008-02-24 11:00:00+00:00,30,2,11,321.9508361816406,258.12860107421875,0,0,0,0,0,0,0,0,0,0,0,0,0,0,0,0,1,0,0,0,0,0,0,0,0
2008-02-24 11:00:00+00:00,30,2,11,55.65991973876953,61.22607421875,0,0,0,0,0,0,0,1,1,1,1,1,1,1,1,1,1,0,0,0,0,0,0,0,0
2008-02-24 11:00:00+00:00,30,2,11,93.20797729492188,83.8532485961914,0,0,0,0,0,0,0,0,0,1,1,1,1,1,1,1,1,0,0,0,0,0,0,0,0
2008-02-24 11:00:00+00:00,30,2,11,75.4771499633789,66.57939147949219,0,0,0,0,0,0,0,0,1,1,1,1,1,1,1,1,1,0,0,0,0,0,0,0,0
2008-02-24 11:00:00+00:00,30,2,11,243.81472778320312,235.1282196044922,0,0,0,0,0,0,0,0,0,0,0,0,0,0,1,1,1,0,0,0,0,0,0,0,0
2008-02-24 11:15:00+00:00,30,2,11,,,0,0,0,0,0,0,0,0,0,0,0,0,0,0,0,0,0,0,0,0,0,0,0,0,0
2008-02-24 11:15:00+00:00,30,2,11,,,0,0,0,0,0,0,0,0,0,0,0,0,0,0,0,0,0,0,0,0,0,0,0,0,0
2008-02-24 11:15:00+00:00,30,2,11,,,0,0,0,0,0,0,0,0,0,0,0,0,0,0,0,0,0,0,0,0,0,0,0,0,0
2008-02-24 11:15:00+00:00,30,2,11,439.2621154785156,76.35940551757812,0,0,0,0,0,0,0,0,0,0,0,0,0,0,0,0,0,0,0,0,0,0,0,0,0
2008-02-24 11:15:00+00:00,30,2,11,187.13299560546875,142.99752807617188,0,0,0,0,0,0,0,0,0,0,0,0,0,1,1,1,1,0,0,0,0,0,0,0,0
2008-02-24 11:15:00+00:00,30,2,11,140.44631958007812,99.92363739013672,0,0,0,0,0,0,0,0,0,0,0,1,1,1,1,1,1,0,0,0,0,0,0,0,0
2008-02-24 11:15:00+00:00,30,2,11,63.88007354736328,37.08510208129883,0,0,0,0,0,0,0,0,1,1,1,1,1,1,1,1,1,0,0,0,0,0,1,1,1
2008-02-24 11:15:00+00:00,30,2,11,181.03237915039062,72.47628021240234,0,0,0,0,0,0,0,0,0,0,0,0,0,1,1,1,1,0,0,0,0,0,0,0,0
2008-02-24 11:15:00+00:00,30,2,11,101.70958709716797,82.75360870361328,0,0,0,0,0,0,0,0,0,0,1,1,1,1,1,1,1,0,0,0,0,0,0,0,0
2008-02-24 11:15:00+00:00,30,2,11,131.4253692626953,115.32718658447266,0,0,0,0,0,0,0,0,0,0,0,1,1,1,1,1,1,0,0,0,0,0,0,0,0
2008-02-24 11:15:00+00:00,30,2,11,,406.40576171875,0,0,0,0,0,0,0,0,0,0,0,0,0,0,0,0,0,0,0,0,0,0,0,0,0
2008-02-24 11:15:00+00:00,30,2,11,,,0,0,0,0,0,0,0,0,0,0,0,0,0,0,0,0,0,0,0,0,0,0,0,0,0
2008-02-24 11:15:00+00:00,30,2,11,373.8656311035156,191.2327423095703,0,0,0,0,0,0,0,0,0,0,0,0,0,0,0,0,0,0,0,0,0,0,0,0,0
2008-02-24 11:15:00+00:00,30,2,11,57.97446060180664,31.120731353759766,0,0,0,0,0,0,0,1,1,1,1,1,1,1,1,1,1,0,0,0,0,0,1,1,1
2008-02-24 11:15:00+00:00,30,2,11,246.46658325195312,234.03497314453125,0,0,0,0,0,0,0,0,0,0,0,0,0,0,1,1,1,0,0,0,0,0,0,0,0
2008-02-24 11:15:00+00:00,30,2,11,155.7345733642578,141.53504943847656,0,0,0,0,0,0,0,0,0,0,0,0,1,1,1,1,1,0,0,0,0,0,0,0,0
2008-02-24 11:15:00+00:00,30,2,11,343.8387145996094,91.34182739257812,0,0,0,0,0,0,0,0,0,0,0,0,0,0,0,0,1,0,0,0,0,0,0,0,0
2008-02-24 11:15:00+00:00,30,2,11,208.9021759033203,64.56998443603516,0,0,0,0,0,0,0,0,0,0,0,0,0,0,1,1,1,0,0,0,0,0,0,0,0
2008-02-24 11:15:00+00:00,30,2,11,135.98828125,3.7188382148742676,0,0,0,0,0,0,0,0,0,0,0,1,1,1,1,1,1,1,1,1,1,1,1,1,1
2008-02-24 11:15:00+00:00,30,2,11,262.4581298828125,237.4947967529297,0,0,0,0,0,0,0,0,0,0,0,0,0,0,0,1,1,0,0,0,0,0,0,0,0
2008-02-24 11:15:00+00:00,30,2,11,176.075927734375,147.33843994140625,0,0,0,0,0,0,0,0,0,0,0,0,1,1,1,1,1,0,0,0,0,0,0,0,0
2008-02-24 11:15:00+00:00,30,2,11,189.84768676757812,155.54998779296875,0,0,0,0,0,0,0,0,0,0,0,0,0,1,1,1,1,0,0,0,0,0,0,0,0
2008-02-24 11:15:00+00:00,30,2,11,,201.60794067382812,0,0,0,0,0,0,0,0,0,0,0,0,0,0,0,0,0,0,0,0,0,0,0,0,0
2008-02-24 11:15:00+00:00,30,2,11,119.58602142333984,79.14473724365234,0,0,0,0,0,0,0,0,0,0,1,1,1,1,1,1,1,0,0,0,0,0,0,0,0
2008-02-24 11:15:00+00:00,30,2,11,170.00677490234375,154.79495239257812,0,0,0,0,0,0,0,0,0,0,0,0,1,1,1,1,1,0,0,0,0,0,0,0,0
2008-02-24 11:15:00+00:00,30,2,11,127.49215698242188,123.5877685546875,0,0,0,0,0,0,0,0,0,0,0,1,1,1,1,1,1,0,0,0,0,0,0,0,0
2008-02-24 11:15:00+00:00,30,2,11,90.12615203857422,89.26681518554688,0,0,0,0,0,0,0,0,0,1,1,1,1,1,1,1,1,0,0,0,0,0,0,0,0
2008-02-24 11:15:00+00:00,30,2,11,,16.368806838989258,0,0,0,0,0,0,0,0,0,0,0,0,0,0,0,0,0,0,0,1,1,1,1,1,1
2008-02-24 11:15:00+00:00,30,2,11,,45.90312576293945,0,0,0,0,0,0,0,0,0,0,0,0,0,0,0,0,0,0,0,0,0,0,0,1,1
2008-02-24 11:15:00+00:00,30,2,11,311.8616638183594,311.8616638183594,0,0,0,0,0,0,0,0,0,0,0,0,0,0,0,0,1,0,0,0,0,0,0,0,0
2008-02-24 11:15:00+00:00,30,2,11,250.13720703125,249.92543029785156,0,0,0,0,0,0,0,0,0,0,0,0,0,0,0,1,1,0,0,0,0,0,0,0,0
2008-02-24 11:30:00+00:00,30,2,11,,216.54974365234375,0,0,0,0,0,0,0,0,0,0,0,0,0,0,0,0,0,0,0,0,0,0,0,0,0
2008-02-24 11:30:00+00:00,30,2,11,227.48126220703125,220.86817932128906,0,0,0,0,0,0,0,0,0,0,0,0,0,0,1,1,1,0,0,0,0,0,0,0,0
2008-02-24 11:30:00+00:00,30,2,11,179.20057678222656,110.1695556640625,0,0,0,0,0,0,0,0,0,0,0,0,1,1,1,1,1,0,0,0,0,0,0,0,0
2008-02-24 11:30:00+00:00,30,2,11,143.44834899902344,106.9205093383789,0,0,0,0,0,0,0,0,0,0,0,1,1,1,1,1,1,0,0,0,0,0,0,0,0
2008-02-24 11:30:00+00:00,30,2,11,,299.4414367675781,0,0,0,0,0,0,0,0,0,0,0,0,0,0,0,0,0,0,0,0,0,0,0,0,0
2008-02-24 11:30:00+00:00,30,2,11,,319.02947998046875,0,0,0,0,0,0,0,0,0,0,0,0,0,0,0,0,0,0,0,0,0,0,0,0,0
2008-02-24 11:30:00+00:00,30,2,11,428.4729919433594,208.8059844970703,0,0,0,0,0,0,0,0,0,0,0,0,0,0,0,0,0,0,0,0,0,0,0,0,0
2008-02-24 11:30:00+00:00,30,2,11,75.1076889038086,79.41876983642578,0,0,0,0,0,0,0,0,1,1,1,1,1,1,1,1,1,0,0,0,0,0,0,0,0
2008-02-24 11:30:00+00:00,30,2,11,,174.9983673095703,0,0,0,0,0,0,0,0,0,0,0,0,0,0,0,0,0,0,0,0,0,0,0,0,0
2008-02-24 11:30:00+00:00,30,2,11,647.275390625,477.456298828125,0,0,0,0,0,0,0,0,0,0,0,0,0,0,0,0,0,0,0,0,0,0,0,0,0
2008-02-24 11:30:00+00:00,30,2,11,140.99856567382812,0.0,0,0,0,0,0,0,0,0,0,0,0,1,1,1,1,1,1,1,1,1,1,1,1,1,1
2008-02-24 11:30:00+00:00,30,2,11,143.39053344726562,122.88229370117188,0,0,0,0,0,0,0,0,0,0,0,1,1,1,1,1,1,0,0,0,0,0,0,0,0
2008-02-24 11:30:00+00:00,30,2,11,55.435604095458984,27.357006072998047,0,0,0,0,0,0,0,1,1,1,1,1,1,1,1,1,1,0,0,0,0,1,1,1,1
2008-02-24 11:30:00+00:00,30,2,11,,73.72540283203125,0,0,0,0,0,0,0,0,0,0,0,0,0,0,0,0,0,0,0,0,0,0,0,0,0
2008-02-24 11:30:00+00:00,30,2,11,160.70411682128906,105.19892120361328,0,0,0,0,0,0,0,0,0,0,0,0,1,1,1,1,1,0,0,0,0,0,0,0,0
2008-02-24 11:30:00+00:00,30,2,11,129.2682647705078,109.6949234008789,0,0,0,0,0,0,0,0,0,0,0,1,1,1,1,1,1,0,0,0,0,0,0,0,0
2008-02-24 11:30:00+00:00,30,2,11,111.13765716552734,111.23955535888672,0,0,0,0,0,0,0,0,0,0,1,1,1,1,1,1,1,0,0,0,0,0,0,0,0
2008-02-24 11:30:00+00:00,30,2,11,141.3648681640625,128.24508666992188,0,0,0,0,0,0,0,0,0,0,0,1,1,1,1,1,1,0,0,0,0,0,0,0,0
2008-02-24 11:45:00+00:00,30,2,11,,,0,0,0,0,0,0,0,0,0,0,0,0,0,0,0,0,0,0,0,0,0,0,0,0,0
2008-02-24 11:45:00+00:00,30,2,11,73.74664306640625,84.05598449707031,0,0,0,0,0,0,0,0,1,1,1,1,1,1,1,1,1,0,0,0,0,0,0,0,0
2008-02-24 11:45:00+00:00,30,2,11,152.1285400390625,62.69289016723633,0,0,0,0,0,0,0,0,0,0,0,0,1,1,1,1,1,0,0,0,0,0,0,0,0
2008-02-24 11:45:00+00:00,30,2,11,,,0,0,0,0,0,0,0,0,0,0,0,0,0,0,0,0,0,0,0,0,0,0,0,0,0
2008-02-24 11:45:00+00:00,30,2,11,,209.10159301757812,0,0,0,0,0,0,0,0,0,0,0,0,0,0,0,0,0,0,0,0,0,0,0,0,0
2008-02-24 11:45:00+00:00,30,2,11,,202.57383728027344,0,0,0,0,0,0,0,0,0,0,0,0,0,0,0,0,0,0,0,0,0,0,0,0,0
2008-02-24 11:45:00+00:00,30,2,11,343.76300048828125,218.37754821777344,0,0,0,0,0,0,0,0,0,0,0,0,0,0,0,0,1,0,0,0,0,0,0,0,0
2008-02-24 11:45:00+00:00,30,2,11,181.5587615966797,190.617919921875,0,0,0,0,0,0,0,0,0,0,0,0,0,1,1,1,1,0,0,0,0,0,0,0,0
2008-02-24 11:45:00+00:00,30,2,11,168.81732177734375,177.14797973632812,0,0,0,0,0,0,0,0,0,0,0,0,1,1,1,1,1,0,0,0,0,0,0,0,0
2008-02-24 11:45:00+00:00,30,2,11,183.33453369140625,85.44637298583984,0,0,0,0,0,0,0,0,0,0,0,0,0,1,1,1,1,0,0,0,0,0,0,0,0
2008-02-24 11:45:00+00:00,30,2,11,211.00912475585938,186.17201232910156,0,0,0,0,0,0,0,0,0,0,0,0,0,0,1,1,1,0,0,0,0,0,0,0,0
2008-02-24 11:45:00+00:00,30,2,11,190.09132385253906,144.25274658203125,0,0,0,0,0,0,0,0,0,0,0,0,0,1,1,1,1,0,0,0,0,0,0,0,0
2008-02-24 11:45:00+00:00,30,2,11,216.7032928466797,187.129150390625,0,0,0,0,0,0,0,0,0,0,0,0,0,0,1,1,1,0,0,0,0,0,0,0,0
2008-02-24 11:45:00+00:00,30,2,11,100.6519775390625,40.16731262207031,0,0,0,0,0,0,0,0,0,0,1,1,1,1,1,1,1,0,0,0,0,0,0,1,1
2008-02-24 11:45:00+00:00,30,2,11,150.81658935546875,99.50471496582031,0,0,0,0,0,0,0,0,0,0,0,0,1,1,1,1,1,0,0,0,0,0,0,0,0
2008-02-24 11:45:00+00:00,30,2,11,66.3900375366211,31.669471740722656,0,0,0,0,0,0,0,0,1,1,1,1,1,1,1,1,1,0,0,0,0,0,1,1,1
2008-02-24 11:45:00+00:00,30,2,11,185.27955627441406,185.5205841064453,0,0,0,0,0,0,0,0,0,0,0,0,0,1,1,1,1,0,0,0,0,0,0,0,0
2008-02-24 11:45:00+00:00,30,2,11,317.3036804199219,72.17721557617188,0,0,0,0,0,0,0,0,0,0,0,0,0,0,0,0,1,0,0,0,0,0,0,0,0
2008-02-24 11:45:00+00:00,30,2,11,166.0276336669922,145.5390625,0,0,0,0,0,0,0,0,0,0,0,0,1,1,1,1,1,0,0,0,0,0,0,0,0
2008-02-24 11:45:00+00:00,30,2,11,,,0,0,0,0,0,0,0,0,0,0,0,0,0,0,0,0,0,0,0,0,0,0,0,0,0
2008-02-24 11:45:00+00:00,30,2,11,,,0,0,0,0,0,0,0,0,0,0,0,0,0,0,0,0,0,0,0,0,0,0,0,0,0
2008-02-24 12:00:00+00:00,30,2,12,,,0,0,0,0,0,0,0,0,0,0,0,0,0,0,0,0,0,0,0,0,0,0,0,0,0
2008-02-24 12:00:00+00:00,30,2,12,68.2168197631836,50.91054153442383,0,0,0,0,0,0,0,0,1,1,1,1,1,1,1,1,1,0,0,0,0,0,0,0,1
2008-02-24 12:00:00+00:00,30,2,12,127.79220581054688,133.6831817626953,0,0,0,0,0,0,0,0,0,0,0,1,1,1,1,1,1,0,0,0,0,0,0,0,0
2008-02-24 12:00:00+00:00,30,2,12,142.83409118652344,151.42552185058594,0,0,0,0,0,0,0,0,0,0,0,1,1,1,1,1,1,0,0,0,0,0,0,0,0
2008-02-24 12:00:00+00:00,30,2,12,338.6632385253906,343.9260559082031,0,0,0,0,0,0,0,0,0,0,0,0,0,0,0,0,1,0,0,0,0,0,0,0,0
2008-02-24 12:00:00+00:00,30,2,12,,,0,0,0,0,0,0,0,0,0,0,0,0,0,0,0,0,0,0,0,0,0,0,0,0,0
2008-02-24 12:00:00+00:00,30,2,12,79.5909194946289,,0,0,0,0,0,0,0,0,1,1,1,1,1,1,1,1,1,0,0,0,0,0,0,0,0
2008-02-24 12:00:00+00:00,30,2,12,329.3616638183594,170.14727783203125,0,0,0,0,0,0,0,0,0,0,0,0,0,0,0,0,1,0,0,0,0,0,0,0,0
2008-02-24 12:00:00+00:00,30,2,12,91.5128173828125,75.67488861083984,0,0,0,0,0,0,0,0,0,1,1,1,1,1,1,1,1,0,0,0,0,0,0,0,0
2008-02-24 12:00:00+00:00,30,2,12,383.8565368652344,329.5079040527344,0,0,0,0,0,0,0,0,0,0,0,0,0,0,0,0,0,0,0,0,0,0,0,0,0
2008-02-24 12:00:00+00:00,30,2,12,120.59608459472656,118.92608642578125,0,0,0,0,0,0,0,0,0,0,0,1,1,1,1,1,1,0,0,0,0,0,0,0,0
2008-02-24 12:00:00+00:00,30,2,12,203.38807678222656,115.98632049560547,0,0,0,0,0,0,0,0,0,0,0,0,0,0,1,1,1,0,0,0,0,0,0,0,0
2008-02-24 12:00:00+00:00,30,2,12,81.87886047363281,88.37799835205078,0,0,0,0,0,0,0,0,0,1,1,1,1,1,1,1,1,0,0,0,0,0,0,0,0
2008-02-24 12:00:00+00:00,30,2,12,108.26417541503906,71.80940246582031,0,0,0,0,0,0,0,0,0,0,1,1,1,1,1,1,1,0,0,0,0,0,0,0,0
2008-02-24 12:00:00+00:00,30,2,12,196.43365478515625,52.505516052246094,0,0,0,0,0,0,0,0,0,0,0,0,0,1,1,1,1,0,0,0,0,0,0,0,1
2008-02-24 12:00:00+00:00,30,2,12,147.48126220703125,199.88446044921875,0,0,0,0,0,0,0,0,0,0,0,1,1,1,1,1,1,0,0,0,0,0,0,0,0
2008-02-24 12:00:00+00:00,30,2,12,137.92022705078125,132.51869201660156,0,0,0,0,0,0,0,0,0,0,0,1,1,1,1,1,1,0,0,0,0,0,0,0,0
2008-02-24 12:00:00+00:00,30,2,12,64.91322326660156,64.91322326660156,0,0,0,0,0,0,0,0,1,1,1,1,1,1,1,1,1,0,0,0,0,0,0,0,0
2008-02-24 12:00:00+00:00,30,2,12,81.8856201171875,68.43053436279297,0,0,0,0,0,0,0,0,0,1,1,1,1,1,1,1,1,0,0,0,0,0,0,0,0
2008-02-24 12:00:00+00:00,30,2,12,60.60208511352539,59.631683349609375,0,0,0,0,0,0,0,0,1,1,1,1,1,1,1,1,1,0,0,0,0,0,0,0,1
2008-02-24 12:00:00+00:00,30,2,12,170.4131317138672,160.426025390625,0,0,0,0,0,0,0,0,0,0,0,0,1,1,1,1,1,0,0,0,0,0,0,0,0
2008-02-24 12:15:00+00:00,30,2,12,,,0,0,0,0,0,0,0,0,0,0,0,0,0,0,0,0,0,0,0,0,0,0,0,0,0
2008-02-24 12:15:00+00:00,30,2,12,,,0,0,0,0,0,0,0,0,0,0,0,0,0,0,0,0,0,0,0,0,0,0,0,0,0
2008-02-24 12:15:00+00:00,30,2,12,169.76934814453125,147.26275634765625,0,0,0,0,0,0,0,0,0,0,0,0,1,1,1,1,1,0,0,0,0,0,0,0,0
2008-02-24 12:15:00+00:00,30,2,12,238.2023468017578,232.45762634277344,0,0,0,0,0,0,0,0,0,0,0,0,0,0,1,1,1,0,0,0,0,0,0,0,0
2008-02-24 12:15:00+00:00,30,2,12,99.81149291992188,106.51372528076172,0,0,0,0,0,0,0,0,0,1,1,1,1,1,1,1,1,0,0,0,0,0,0,0,0
2008-02-24 12:15:00+00:00,30,2,12,147.8524169921875,145.94261169433594,0,0,0,0,0,0,0,0,0,0,0,1,1,1,1,1,1,0,0,0,0,0,0,0,0
2008-02-24 12:15:00+00:00,30,2,12,127.09864044189453,129.83509826660156,0,0,0,0,0,0,0,0,0,0,0,1,1,1,1,1,1,0,0,0,0,0,0,0,0
2008-02-24 12:15:00+00:00,30,2,12,75.89836883544922,162.35150146484375,0,0,0,0,0,0,0,0,1,1,1,1,1,1,1,1,1,0,0,0,0,0,0,0,0
2008-02-24 12:15:00+00:00,30,2,12,210.2168731689453,208.463623046875,0,0,0,0,0,0,0,0,0,0,0,0,0,0,1,1,1,0,0,0,0,0,0,0,0
2008-02-24 12:15:00+00:00,30,2,12,175.456787109375,215.01223754882812,0,0,0,0,0,0,0,0,0,0,0,0,1,1,1,1,1,0,0,0,0,0,0,0,0
2008-02-24 12:15:00+00:00,30,2,12,115.28614044189453,166.2887420654297,0,0,0,0,0,0,0,0,0,0,1,1,1,1,1,1,1,0,0,0,0,0,0,0,0
2008-02-24 12:15:00+00:00,30,2,12,76.0602035522461,75.8794174194336,0,0,0,0,0,0,0,0,1,1,1,1,1,1,1,1,1,0,0,0,0,0,0,0,0
2008-02-24 12:15:00+00:00,30,2,12,190.0421142578125,194.946044921875,0,0,0,0,0,0,0,0,0,0,0,0,0,1,1,1,1,0,0,0,0,0,0,0,0
2008-02-24 12:15:00+00:00,30,2,12,118.55918884277344,39.98257064819336,0,0,0,0,0,0,0,0,0,0,1,1,1,1,1,1,1,0,0,0,0,0,1,1,1
2008-02-24 12:15:00+00:00,30,2,12,77.82989501953125,200.59768676757812,0,0,0,0,0,0,0,0,1,1,1,1,1,1,1,1,1,0,0,0,0,0,0,0,0
2008-02-24 12:15:00+00:00,30,2,12,,,0,0,0,0,0,0,0,0,0,0,0,0,0,0,0,0,0,0,0,0,0,0,0,0,0
2008-02-24 12:30:00+00:00,30,2,12,217.34283447265625,92.56207275390625,0,0,0,0,0,0,0,0,0,0,0,0,0,0,1,1,1,0,0,0,0,0,0,0,0
2008-02-24 12:30:00+00:00,30,2,12,207.60240173339844,194.68968200683594,0,0,0,0,0,0,0,0,0,0,0,0,0,0,1,1,1,0,0,0,0,0,0,0,0
2008-02-24 12:30:00+00:00,30,2,12,213.6477508544922,161.11181640625,0,0,0,0,0,0,0,0,0,0,0,0,0,0,1,1,1,0,0,0,0,0,0,0,0
2008-02-24 12:30:00+00:00,30,2,12,101.60188293457031,96.51411437988281,0,0,0,0,0,0,0,0,0,0,1,1,1,1,1,1,1,0,0,0,0,0,0,0,0
2008-02-24 12:30:00+00:00,30,2,12,446.9093017578125,392.3557434082031,0,0,0,0,0,0,0,0,0,0,0,0,0,0,0,0,0,0,0,0,0,0,0,0,0
2008-02-24 12:30:00+00:00,30,2,12,129.96267700195312,58.188438415527344,0,0,0,0,0,0,0,0,0,0,0,1,1,1,1,1,1,0,0,0,0,0,0,0,1
2008-02-24 12:30:00+00:00,30,2,12,161.60865783691406,142.58013916015625,0,0,0,0,0,0,0,0,0,0,0,0,1,1,1,1,1,0,0,0,0,0,0,0,0
2008-02-24 12:30:00+00:00,30,2,12,156.6604461669922,165.25314331054688,0,0,0,0,0,0,0,0,0,0,0,0,1,1,1,1,1,0,0,0,0,0,0,0,0
2008-02-24 12:30:00+00:00,30,2,12,115.56541442871094,158.4237823486328,0,0,0,0,0,0,0,0,0,0,1,1,1,1,1,1,1,0,0,0,0,0,0,0,0
2008-02-24 12:30:00+00:00,30,2,12,263.95648193359375,245.65469360351562,0,0,0,0,0,0,0,0,0,0,0,0,0,0,0,1,1,0,0,0,0,0,0,0,0
2008-02-24 12:30:00+00:00,30,2,12,,,0,0,0,0,0,0,0,0,0,0,0,0,0,0,0,0,0,0,0,0,0,0,0,0,0
2008-02-24 12:30:00+00:00,30,2,12,,,0,0,0,0,0,0,0,0,0,0,0,0,0,0,0,0,0,0,0,0,0,0,0,0,0
2008-02-24 12:45:00+00:00,30,2,12,,,0,0,0,0,0,0,0,0,0,0,0,0,0,0,0,0,0,0,0,0,0,0,0,0,0
2008-02-24 12:45:00+00:00,30,2,12,,,0,0,0,0,0,0,0,0,0,0,0,0,0,0,0,0,0,0,0,0,0,0,0,0,0
2008-02-24 12:45:00+00:00,30,2,12,416.9923400878906,372.4346008300781,0,0,0,0,0,0,0,0,0,0,0,0,0,0,0,0,0,0,0,0,0,0,0,0,0
2008-02-24 12:45:00+00:00,30,2,12,340.1681213378906,385.80389404296875,0,0,0,0,0,0,0,0,0,0,0,0,0,0,0,0,1,0,0,0,0,0,0,0,0
2008-02-24 12:45:00+00:00,30,2,12,55.81525802612305,190.51487731933594,0,0,0,0,0,0,0,1,1,1,1,1,1,1,1,1,1,0,0,0,0,0,0,0,0
2008-02-24 12:45:00+00:00,30,2,12,342.52490234375,349.7886657714844,0,0,0,0,0,0,0,0,0,0,0,0,0,0,0,0,1,0,0,0,0,0,0,0,0
2008-02-24 12:45:00+00:00,30,2,12,319.4468078613281,328.71649169921875,0,0,0,0,0,0,0,0,0,0,0,0,0,0,0,0,1,0,0,0,0,0,0,0,0
2008-02-24 12:45:00+00:00,30,2,12,,412.02862548828125,0,0,0,0,0,0,0,0,0,0,0,0,0,0,0,0,0,0,0,0,0,0,0,0,0
2008-02-24 12:45:00+00:00,30,2,12,361.898193359375,319.1446533203125,0,0,0,0,0,0,0,0,0,0,0,0,0,0,0,0,0,0,0,0,0,0,0,0,0
2008-02-24 12:45:00+00:00,30,2,12,373.7511901855469,392.01220703125,0,0,0,0,0,0,0,0,0,0,0,0,0,0,0,0,0,0,0,0,0,0,0,0,0
2008-02-24 12:45:00+00:00,30,2,12,109.2940444946289,334.3978271484375,0,0,0,0,0,0,0,0,0,0,1,1,1,1,1,1,1,0,0,0,0,0,0,0,0
2008-02-24 12:45:00+00:00,30,2,12,256.4503173828125,70.7685317993164,0,0,0,0,0,0,0,0,0,0,0,0,0,0,0,1,1,0,0,0,0,0,0,0,0
2008-02-24 12:45:00+00:00,30,2,12,89.43787384033203,94.49285888671875,0,0,0,0,0,0,0,0,0,1,1,1,1,1,1,1,1,0,0,0,0,0,0,0,0
2008-02-24 12:45:00+00:00,30,2,12,146.24969482421875,151.37022399902344,0,0,0,0,0,0,0,0,0,0,0,1,1,1,1,1,1,0,0,0,0,0,0,0,0
2008-02-24 12:45:00+00:00,30,2,12,175.0465850830078,138.54966735839844,0,0,0,0,0,0,0,0,0,0,0,0,1,1,1,1,1,0,0,0,0,0,0,0,0
2008-02-24 12:45:00+00:00,30,2,12,43.26528549194336,48.34746170043945,0,0,0,0,0,0,1,1,1,1,1,1,1,1,1,1,1,0,0,0,0,0,0,1,1
2008-02-24 12:45:00+00:00,30,2,12,73.03778076171875,72.41914367675781,0,0,0,0,0,0,0,0,1,1,1,1,1,1,1,1,1,0,0,0,0,0,0,0,0
2008-02-24 12:45:00+00:00,30,2,12,99.96361541748047,79.76842498779297,0,0,0,0,0,0,0,0,0,1,1,1,1,1,1,1,1,0,0,0,0,0,0,0,0
2008-02-24 12:45:00+00:00,30,2,12,85.00743865966797,82.54412078857422,0,0,0,0,0,0,0,0,0,1,1,1,1,1,1,1,1,0,0,0,0,0,0,0,0
2008-02-24 12:45:00+00:00,30,2,12,142.31170654296875,137.52049255371094,0,0,0,0,0,0,0,0,0,0,0,1,1,1,1,1,1,0,0,0,0,0,0,0,0
2008-02-24 12:45:00+00:00,30,2,12,276.2018737792969,74.7027587890625,0,0,0,0,0,0,0,0,0,0,0,0,0,0,0,1,1,0,0,0,0,0,0,0,0
2008-02-24 13:00:00+00:00,30,2,13,69.74795532226562,53.35075378417969,0,0,0,0,0,0,0,0,1,1,1,1,1,1,1,1,1,0,0,0,0,0,0,0,1
2008-02-24 13:00:00+00:00,30,2,13,100.4902114868164,19.476444244384766,0,0,0,0,0,0,0,0,0,0,1,1,1,1,1,1,1,0,0,1,1,1,1,1,1
2008-02-24 13:00:00+00:00,30,2,13,323.3704528808594,201.48452758789062,0,0,0,0,0,0,0,0,0,0,0,0,0,0,0,0,1,0,0,0,0,0,0,0,0
2008-02-24 13:00:00+00:00,30,2,13,219.8684844970703,253.09117126464844,0,0,0,0,0,0,0,0,0,0,0,0,0,0,1,1,1,0,0,0,0,0,0,0,0
2008-02-24 13:00:00+00:00,30,2,13,364.2451171875,208.37660217285156,0,0,0,0,0,0,0,0,0,0,0,0,0,0,0,0,0,0,0,0,0,0,0,0,0
2008-02-24 13:00:00+00:00,30,2,13,74.18981170654297,56.337493896484375,0,0,0,0,0,0,0,0,1,1,1,1,1,1,1,1,1,0,0,0,0,0,0,0,1
2008-02-24 13:00:00+00:00,30,2,13,155.8228759765625,197.5889129638672,0,0,0,0,0,0,0,0,0,0,0,0,1,1,1,1,1,0,0,0,0,0,0,0,0
2008-02-24 13:00:00+00:00,30,2,13,65.29225158691406,56.76860809326172,0,0,0,0,0,0,0,0,1,1,1,1,1,1,1,1,1,0,0,0,0,0,0,0,1
2008-02-24 13:00:00+00:00,30,2,13,198.01222229003906,192.82591247558594,0,0,0,0,0,0,0,0,0,0,0,0,0,1,1,1,1,0,0,0,0,0,0,0,0
2008-02-24 13:00:00+00:00,30,2,13,71.67504119873047,57.59798049926758,0,0,0,0,0,0,0,0,1,1,1,1,1,1,1,1,1,0,0,0,0,0,0,0,1
2008-02-24 13:00:00+00:00,30,2,13,386.8470458984375,162.20526123046875,0,0,0,0,0,0,0,0,0,0,0,0,0,0,0,0,0,0,0,0,0,0,0,0,0
2008-02-24 13:00:00+00:00,30,2,13,220.7180633544922,195.31080627441406,0,0,0,0,0,0,0,0,0,0,0,0,0,0,1,1,1,0,0,0,0,0,0,0,0
2008-02-24 13:00:00+00:00,30,2,13,237.257080078125,3.116128444671631,0,0,0,0,0,0,0,0,0,0,0,0,0,0,1,1,1,1,1,1,1,1,1,1,1
2008-02-24 13:00:00+00:00,30,2,13,151.9925079345703,146.58009338378906,0,0,0,0,0,0,0,0,0,0,0,0,1,1,1,1,1,0,0,0,0,0,0,0,0
2008-02-24 13:00:00+00:00,30,2,13,348.0688171386719,6.117001533508301,0,0,0,0,0,0,0,0,0,0,0,0,0,0,0,0,1,1,1,1,1,1,1,1,1
2008-02-24 13:00:00+00:00,30,2,13,,68.11849975585938,0,0,0,0,0,0,0,0,0,0,0,0,0,0,0,0,0,0,0,0,0,0,0,0,0
2008-02-24 13:00:00+00:00,30,2,13,77.4456787109375,64.27498626708984,0,0,0,0,0,0,0,0,1,1,1,1,1,1,1,1,1,0,0,0,0,0,0,0,0
2008-02-24 13:00:00+00:00,30,2,13,,101.22636413574219,0,0,0,0,0,0,0,0,0,0,0,0,0,0,0,0,0,0,0,0,0,0,0,0,0
2008-02-24 13:15:00+00:00,30,2,13,,,0,0,0,0,0,0,0,0,0,0,0,0,0,0,0,0,0,0,0,0,0,0,0,0,0
2008-02-24 13:15:00+00:00,30,2,13,,,0,0,0,0,0,0,0,0,0,0,0,0,0,0,0,0,0,0,0,0,0,0,0,0,0
2008-02-24 13:15:00+00:00,30,2,13,,,0,0,0,0,0,0,0,0,0,0,0,0,0,0,0,0,0,0,0,0,0,0,0,0,0
2008-02-24 13:15:00+00:00,30,2,13,192.35189819335938,253.643310546875,0,0,0,0,0,0,0,0,0,0,0,0,0,1,1,1,1,0,0,0,0,0,0,0,0
2008-02-24 13:15:00+00:00,30,2,13,137.719970703125,8.723448753356934,0,0,0,0,0,0,0,0,0,0,0,1,1,1,1,1,1,1,1,1,1,1,1,1,1
2008-02-24 13:15:00+00:00,30,2,13,279.3754577636719,272.8871765136719,0,0,0,0,0,0,0,0,0,0,0,0,0,0,0,1,1,0,0,0,0,0,0,0,0
2008-02-24 13:15:00+00:00,30,2,13,204.8136749267578,187.43910217285156,0,0,0,0,0,0,0,0,0,0,0,0,0,0,1,1,1,0,0,0,0,0,0,0,0
2008-02-24 13:15:00+00:00,30,2,13,300.3044738769531,326.24261474609375,0,0,0,0,0,0,0,0,0,0,0,0,0,0,0,0,1,0,0,0,0,0,0,0,0
2008-02-24 13:15:00+00:00,30,2,13,314.9940185546875,312.38616943359375,0,0,0,0,0,0,0,0,0,0,0,0,0,0,0,0,1,0,0,0,0,0,0,0,0
2008-02-24 13:15:00+00:00,30,2,13,128.90663146972656,117.67520904541016,0,0,0,0,0,0,0,0,0,0,0,1,1,1,1,1,1,0,0,0,0,0,0,0,0
2008-02-24 13:15:00+00:00,30,2,13,133.68667602539062,117.54023742675781,0,0,0,0,0,0,0,0,0,0,0,1,1,1,1,1,1,0,0,0,0,0,0,0,0
2008-02-24 13:15:00+00:00,30,2,13,280.0639343261719,225.96165466308594,0,0,0,0,0,0,0,0,0,0,0,0,0,0,0,1,1,0,0,0,0,0,0,0,0
2008-02-24 13:15:00+00:00,30,2,13,92.4079360961914,74.73965454101562,0,0,0,0,0,0,0,0,0,1,1,1,1,1,1,1,1,0,0,0,0,0,0,0,0
2008-02-24 13:15:00+00:00,30,2,13,150.4099884033203,149.62147521972656,0,0,0,0,0,0,0,0,0,0,0,0,1,1,1,1,1,0,0,0,0,0,0,0,0
2008-02-24 13:15:00+00:00,30,2,13,,,0,0,0,0,0,0,0,0,0,0,0,0,0,0,0,0,0,0,0,0,0,0,0,0,0
2008-02-24 13:15:00+00:00,30,2,13,305.3489990234375,51.44426727294922,0,0,0,0,0,0,0,0,0,0,0,0,0,0,0,0,1,0,0,0,0,0,0,0,1
2008-02-24 13:15:00+00:00,30,2,13,276.84832763671875,128.10836791992188,0,0,0,0,0,0,0,0,0,0,0,0,0,0,0,1,1,0,0,0,0,0,0,0,0
2008-02-24 13:15:00+00:00,30,2,13,80.25428771972656,245.9374542236328,0,0,0,0,0,0,0,0,0,1,1,1,1,1,1,1,1,0,0,0,0,0,0,0,0
2008-02-24 13:15:00+00:00,30,2,13,174.59970092773438,168.3545379638672,0,0,0,0,0,0,0,0,0,0,0,0,1,1,1,1,1,0,0,0,0,0,0,0,0
2008-02-24 13:15:00+00:00,30,2,13,,279.7488708496094,0,0,0,0,0,0,0,0,0,0,0,0,0,0,0,0,0,0,0,0,0,0,0,0,0
2008-02-24 13:15:00+00:00,30,2,13,,107.7245864868164,0,0,0,0,0,0,0,0,0,0,0,0,0,0,0,0,0,0,0,0,0,0,0,0,0
2008-02-24 13:15:00+00:00,30,2,13,,47.14590835571289,0,0,0,0,0,0,0,0,0,0,0,0,0,0,0,0,0,0,0,0,0,0,0,1,1
2008-02-24 13:15:00+00:00,30,2,13,,,0,0,0,0,0,0,0,0,0,0,0,0,0,0,0,0,0,0,0,0,0,0,0,0,0
2008-02-24 13:30:00+00:00,30,2,13,,,0,0,0,0,0,0,0,0,0,0,0,0,0,0,0,0,0,0,0,0,0,0,0,0,0
2008-02-24 13:30:00+00:00,30,2,13,,,0,0,0,0,0,0,0,0,0,0,0,0,0,0,0,0,0,0,0,0,0,0,0,0,0
2008-02-24 13:30:00+00:00,30,2,13,,,0,0,0,0,0,0,0,0,0,0,0,0,0,0,0,0,0,0,0,0,0,0,0,0,0
2008-02-24 13:30:00+00:00,30,2,13,402.28167724609375,402.059326171875,0,0,0,0,0,0,0,0,0,0,0,0,0,0,0,0,0,0,0,0,0,0,0,0,0
2008-02-24 13:30:00+00:00,30,2,13,176.2286834716797,73.6949691772461,0,0,0,0,0,0,0,0,0,0,0,0,1,1,1,1,1,0,0,0,0,0,0,0,0
2008-02-24 13:30:00+00:00,30,2,13,130.05364990234375,136.12449645996094,0,0,0,0,0,0,0,0,0,0,0,1,1,1,1,1,1,0,0,0,0,0,0,0,0
2008-02-24 13:30:00+00:00,30,2,13,53.097923278808594,47.446510314941406,0,0,0,0,0,0,0,1,1,1,1,1,1,1,1,1,1,0,0,0,0,0,0,1,1
2008-02-24 13:30:00+00:00,30,2,13,110.70928192138672,107.41061401367188,0,0,0,0,0,0,0,0,0,0,1,1,1,1,1,1,1,0,0,0,0,0,0,0,0
2008-02-24 13:30:00+00:00,30,2,13,174.25979614257812,97.51746368408203,0,0,0,0,0,0,0,0,0,0,0,0,1,1,1,1,1,0,0,0,0,0,0,0,0
2008-02-24 13:30:00+00:00,30,2,13,60.71687316894531,30.116905212402344,0,0,0,0,0,0,0,0,1,1,1,1,1,1,1,1,1,0,0,0,0,0,1,1,1
2008-02-24 13:30:00+00:00,30,2,13,43.127235412597656,38.818199157714844,0,0,0,0,0,0,1,1,1,1,1,1,1,1,1,1,1,0,0,0,0,0,1,1,1
2008-02-24 13:30:00+00:00,30,2,13,215.8797149658203,0.0,0,0,0,0,0,0,0,0,0,0,0,0,0,0,1,1,1,1,1,1,1,1,1,1,1
2008-02-24 13:30:00+00:00,30,2,13,,224.9643096923828,0,0,0,0,0,0,0,0,0,0,0,0,0,0,0,0,0,0,0,0,0,0,0,0,0
2008-02-24 13:30:00+00:00,30,2,13,301.2722473144531,182.4486846923828,0,0,0,0,0,0,0,0,0,0,0,0,0,0,0,0,1,0,0,0,0,0,0,0,0
2008-02-24 13:30:00+00:00,30,2,13,251.96966552734375,164.59378051757812,0,0,0,0,0,0,0,0,0,0,0,0,0,0,0,1,1,0,0,0,0,0,0,0,0
2008-02-24 13:30:00+00:00,30,2,13,152.6188201904297,123.97100830078125,0,0,0,0,0,0,0,0,0,0,0,0,1,1,1,1,1,0,0,0,0,0,0,0,0
2008-02-24 13:30:00+00:00,30,2,13,46.5574836730957,38.10082244873047,0,0,0,0,0,0,1,1,1,1,1,1,1,1,1,1,1,0,0,0,0,0,1,1,1
2008-02-24 13:30:00+00:00,30,2,13,,,0,0,0,0,0,0,0,0,0,0,0,0,0,0,0,0,0,0,0,0,0,0,0,0,0
2008-02-24 13:45:00+00:00,30,2,13,339.31640625,331.4181823730469,0,0,0,0,0,0,0,0,0,0,0,0,0,0,0,0,1,0,0,0,0,0,0,0,0
2008-02-24 13:45:00+00:00,30,2,13,,,0,0,0,0,0,0,0,0,0,0,0,0,0,0,0,0,0,0,0,0,0,0,0,0,0
2008-02-24 13:45:00+00:00,30,2,13,,,0,0,0,0,0,0,0,0,0,0,0,0,0,0,0,0,0,0,0,0,0,0,0,0,0
2008-02-24 13:45:00+00:00,30,2,13,442.7562561035156,391.2572326660156,0,0,0,0,0,0,0,0,0,0,0,0,0,0,0,0,0,0,0,0,0,0,0,0,0
2008-02-24 13:45:00+00:00,30,2,13,366.87286376953125,523.1222534179688,0,0,0,0,0,0,0,0,0,0,0,0,0,0,0,0,0,0,0,0,0,0,0,0,0
2008-02-24 13:45:00+00:00,30,2,13,169.0322723388672,158.7855224609375,0,0,0,0,0,0,0,0,0,0,0,0,1,1,1,1,1,0,0,0,0,0,0,0,0
2008-02-24 13:45:00+00:00,30,2,13,32.178131103515625,18.4320011138916,0,0,0,0,0,1,1,1,1,1,1,1,1,1,1,1,1,0,0,1,1,1,1,1,1
2008-02-24 13:45:00+00:00,30,2,13,164.9086456298828,78.19912719726562,0,0,0,0,0,0,0,0,0,0,0,0,1,1,1,1,1,0,0,0,0,0,0,0,0
2008-02-24 13:45:00+00:00,30,2,13,133.01004028320312,148.79681396484375,0,0,0,0,0,0,0,0,0,0,0,1,1,1,1,1,1,0,0,0,0,0,0,0,0
2008-02-24 13:45:00+00:00,30,2,13,122.61580657958984,112.95563507080078,0,0,0,0,0,0,0,0,0,0,0,1,1,1,1,1,1,0,0,0,0,0,0,0,0
2008-02-24 13:45:00+00:00,30,2,13,222.0108642578125,190.73922729492188,0,0,0,0,0,0,0,0,0,0,0,0,0,0,1,1,1,0,0,0,0,0,0,0,0
2008-02-24 13:45:00+00:00,30,2,13,76.30158996582031,70.06526184082031,0,0,0,0,0,0,0,0,1,1,1,1,1,1,1,1,1,0,0,0,0,0,0,0,0
2008-02-24 13:45:00+00:00,30,2,13,52.54887008666992,57.91844177246094,0,0,0,0,0,0,0,1,1,1,1,1,1,1,1,1,1,0,0,0,0,0,0,0,1
2008-02-24 13:45:00+00:00,30,2,13,301.1937561035156,90.31440734863281,0,0,0,0,0,0,0,0,0,0,0,0,0,0,0,0,1,0,0,0,0,0,0,0,0
2008-02-24 13:45:00+00:00,30,2,13,326.3663024902344,136.0791473388672,0,0,0,0,0,0,0,0,0,0,0,0,0,0,0,0,1,0,0,0,0,0,0,0,0
2008-02-24 14:00:00+00:00,30,2,14,96.90612030029297,67.55174255371094,0,0,0,0,0,0,0,0,0,1,1,1,1,1,1,1,1,0,0,0,0,0,0,0,0
2008-02-24 14:00:00+00:00,30,2,14,,,0,0,0,0,0,0,0,0,0,0,0,0,0,0,0,0,0,0,0,0,0,0,0,0,0
2008-02-24 14:00:00+00:00,30,2,14,86.69149017333984,14.636247634887695,0,0,0,0,0,0,0,0,0,1,1,1,1,1,1,1,1,0,1,1,1,1,1,1,1
2008-02-24 14:00:00+00:00,30,2,14,76.89035034179688,126.07652282714844,0,0,0,0,0,0,0,0,1,1,1,1,1,1,1,1,1,0,0,0,0,0,0,0,0
2008-02-24 14:00:00+00:00,30,2,14,51.92341232299805,15.177310943603516,0,0,0,0,0,0,0,1,1,1,1,1,1,1,1,1,1,0,0,1,1,1,1,1,1
2008-02-24 14:00:00+00:00,30,2,14,128.74636840820312,214.91429138183594,0,0,0,0,0,0,0,0,0,0,0,1,1,1,1,1,1,0,0,0,0,0,0,0,0
2008-02-24 14:00:00+00:00,30,2,14,381.5374755859375,,0,0,0,0,0,0,0,0,0,0,0,0,0,0,0,0,0,0,0,0,0,0,0,0,0
2008-02-24 14:00:00+00:00,30,2,14,201.75437927246094,272.3550109863281,0,0,0,0,0,0,0,0,0,0,0,0,0,0,1,1,1,0,0,0,0,0,0,0,0
2008-02-24 14:00:00+00:00,30,2,14,166.5820770263672,80.3731460571289,0,0,0,0,0,0,0,0,0,0,0,0,1,1,1,1,1,0,0,0,0,0,0,0,0
2008-02-24 14:00:00+00:00,30,2,14,160.27743530273438,107.7786636352539,0,0,0,0,0,0,0,0,0,0,0,0,1,1,1,1,1,0,0,0,0,0,0,0,0
2008-02-24 14:00:00+00:00,30,2,14,366.8216247558594,382.404296875,0,0,0,0,0,0,0,0,0,0,0,0,0,0,0,0,0,0,0,0,0,0,0,0,0
2008-02-24 14:00:00+00:00,30,2,14,47.25263595581055,47.230255126953125,0,0,0,0,0,0,1,1,1,1,1,1,1,1,1,1,1,0,0,0,0,0,0,1,1
2008-02-24 14:00:00+00:00,30,2,14,83.43853759765625,74.16087341308594,0,0,0,0,0,0,0,0,0,1,1,1,1,1,1,1,1,0,0,0,0,0,0,0,0
2008-02-24 14:00:00+00:00,30,2,14,135.0220947265625,133.52188110351562,0,0,0,0,0,0,0,0,0,0,0,1,1,1,1,1,1,0,0,0,0,0,0,0,0
2008-02-24 14:00:00+00:00,30,2,14,241.4980010986328,228.6566925048828,0,0,0,0,0,0,0,0,0,0,0,0,0,0,1,1,1,0,0,0,0,0,0,0,0
2008-02-24 14:00:00+00:00,30,2,14,118.51456451416016,148.59046936035156,0,0,0,0,0,0,0,0,0,0,1,1,1,1,1,1,1,0,0,0,0,0,0,0,0
2008-02-24 14:00:00+00:00,30,2,14,218.17430114746094,203.4910888671875,0,0,0,0,0,0,0,0,0,0,0,0,0,0,1,1,1,0,0,0,0,0,0,0,0
2008-02-24 14:00:00+00:00,30,2,14,101.96224212646484,70.90687561035156,0,0,0,0,0,0,0,0,0,0,1,1,1,1,1,1,1,0,0,0,0,0,0,0,0
2008-02-24 14:00:00+00:00,30,2,14,94.75127410888672,82.51002502441406,0,0,0,0,0,0,0,0,0,1,1,1,1,1,1,1,1,0,0,0,0,0,0,0,0
2008-02-24 14:00:00+00:00,30,2,14,118.77484130859375,108.47949981689453,0,0,0,0,0,0,0,0,0,0,1,1,1,1,1,1,1,0,0,0,0,0,0,0,0
2008-02-24 14:00:00+00:00,30,2,14,116.95088958740234,108.29927825927734,0,0,0,0,0,0,0,0,0,0,1,1,1,1,1,1,1,0,0,0,0,0,0,0,0
2008-02-24 14:00:00+00:00,30,2,14,127.5384292602539,140.1486358642578,0,0,0,0,0,0,0,0,0,0,0,1,1,1,1,1,1,0,0,0,0,0,0,0,0
2008-02-24 14:15:00+00:00,30,2,14,,308.52081298828125,0,0,0,0,0,0,0,0,0,0,0,0,0,0,0,0,0,0,0,0,0,0,0,0,0
2008-02-24 14:15:00+00:00,30,2,14,523.545166015625,516.9715576171875,0,0,0,0,0,0,0,0,0,0,0,0,0,0,0,0,0,0,0,0,0,0,0,0,0
2008-02-24 14:15:00+00:00,30,2,14,234.2894744873047,169.67417907714844,0,0,0,0,0,0,0,0,0,0,0,0,0,0,1,1,1,0,0,0,0,0,0,0,0
2008-02-24 14:15:00+00:00,30,2,14,,,0,0,0,0,0,0,0,0,0,0,0,0,0,0,0,0,0,0,0,0,0,0,0,0,0
2008-02-24 14:15:00+00:00,30,2,14,66.47924041748047,67.41781616210938,0,0,0,0,0,0,0,0,1,1,1,1,1,1,1,1,1,0,0,0,0,0,0,0,0
2008-02-24 14:15:00+00:00,30,2,14,125.833984375,119.75505065917969,0,0,0,0,0,0,0,0,0,0,0,1,1,1,1,1,1,0,0,0,0,0,0,0,0
2008-02-24 14:15:00+00:00,30,2,14,175.7306671142578,228.5641632080078,0,0,0,0,0,0,0,0,0,0,0,0,1,1,1,1,1,0,0,0,0,0,0,0,0
2008-02-24 14:15:00+00:00,30,2,14,91.60084533691406,82.21267700195312,0,0,0,0,0,0,0,0,0,1,1,1,1,1,1,1,1,0,0,0,0,0,0,0,0
2008-02-24 14:15:00+00:00,30,2,14,50.356956481933594,44.412757873535156,0,0,0,0,0,0,0,1,1,1,1,1,1,1,1,1,1,0,0,0,0,0,0,1,1
2008-02-24 14:15:00+00:00,30,2,14,91.7745132446289,67.85873413085938,0,0,0,0,0,0,0,0,0,1,1,1,1,1,1,1,1,0,0,0,0,0,0,0,0
2008-02-24 14:15:00+00:00,30,2,14,212.14244079589844,206.51907348632812,0,0,0,0,0,0,0,0,0,0,0,0,0,0,1,1,1,0,0,0,0,0,0,0,0
2008-02-24 14:30:00+00:00,30,2,14,,,0,0,0,0,0,0,0,0,0,0,0,0,0,0,0,0,0,0,0,0,0,0,0,0,0
2008-02-24 14:30:00+00:00,30,2,14,,,0,0,0,0,0,0,0,0,0,0,0,0,0,0,0,0,0,0,0,0,0,0,0,0,0
2008-02-24 14:30:00+00:00,30,2,14,284.5936279296875,130.05258178710938,0,0,0,0,0,0,0,0,0,0,0,0,0,0,0,1,1,0,0,0,0,0,0,0,0
2008-02-24 14:30:00+00:00,30,2,14,124.78287506103516,53.16930389404297,0,0,0,0,0,0,0,0,0,0,0,1,1,1,1,1,1,0,0,0,0,0,0,0,1
2008-02-24 14:30:00+00:00,30,2,14,238.4517364501953,253.457763671875,0,0,0,0,0,0,0,0,0,0,0,0,0,0,1,1,1,0,0,0,0,0,0,0,0
2008-02-24 14:30:00+00:00,30,2,14,169.60488891601562,166.421142578125,0,0,0,0,0,0,0,0,0,0,0,0,1,1,1,1,1,0,0,0,0,0,0,0,0
2008-02-24 14:30:00+00:00,30,2,14,169.13426208496094,163.74583435058594,0,0,0,0,0,0,0,0,0,0,0,0,1,1,1,1,1,0,0,0,0,0,0,0,0
2008-02-24 14:30:00+00:00,30,2,14,,,0,0,0,0,0,0,0,0,0,0,0,0,0,0,0,0,0,0,0,0,0,0,0,0,0
2008-02-24 14:30:00+00:00,30,2,14,210.20111083984375,88.77850341796875,0,0,0,0,0,0,0,0,0,0,0,0,0,0,1,1,1,0,0,0,0,0,0,0,0
2008-02-24 14:45:00+00:00,30,2,14,512.83984375,368.1810302734375,0,0,0,0,0,0,0,0,0,0,0,0,0,0,0,0,0,0,0,0,0,0,0,0,0
2008-02-24 14:45:00+00:00,30,2,14,75.68866729736328,85.29524230957031,0,0,0,0,0,0,0,0,1,1,1,1,1,1,1,1,1,0,0,0,0,0,0,0,0
2008-02-24 14:45:00+00:00,30,2,14,383.29193115234375,360.1850280761719,0,0,0,0,0,0,0,0,0,0,0,0,0,0,0,0,0,0,0,0,0,0,0,0,0
2008-02-24 14:45:00+00:00,30,2,14,185.3129119873047,166.83206176757812,0,0,0,0,0,0,0,0,0,0,0,0,0,1,1,1,1,0,0,0,0,0,0,0,0
2008-02-24 14:45:00+00:00,30,2,14,165.3839111328125,55.70041275024414,0,0,0,0,0,0,0,0,0,0,0,0,1,1,1,1,1,0,0,0,0,0,0,0,1
2008-02-24 15:00:00+00:00,30,2,15,,,0,0,0,0,0,0,0,0,0,0,0,0,0,0,0,0,0,0,0,0,0,0,0,0,0
2008-02-24 15:00:00+00:00,30,2,15,371.9873352050781,382.1790466308594,0,0,0,0,0,0,0,0,0,0,0,0,0,0,0,0,0,0,0,0,0,0,0,0,0
2008-02-24 15:00:00+00:00,30,2,15,89.82364654541016,109.2656021118164,0,0,0,0,0,0,0,0,0,1,1,1,1,1,1,1,1,0,0,0,0,0,0,0,0
2008-02-24 15:00:00+00:00,30,2,15,314.29119873046875,307.6011657714844,0,0,0,0,0,0,0,0,0,0,0,0,0,0,0,0,1,0,0,0,0,0,0,0,0
2008-02-24 15:00:00+00:00,30,2,15,,,0,0,0,0,0,0,0,0,0,0,0,0,0,0,0,0,0,0,0,0,0,0,0,0,0
2008-02-24 15:00:00+00:00,30,2,15,350.5010681152344,190.45924377441406,0,0,0,0,0,0,0,0,0,0,0,0,0,0,0,0,0,0,0,0,0,0,0,0,0
2008-02-24 15:00:00+00:00,30,2,15,58.698036193847656,79.25027465820312,0,0,0,0,0,0,0,1,1,1,1,1,1,1,1,1,1,0,0,0,0,0,0,0,0
2008-02-24 15:00:00+00:00,30,2,15,75.72312927246094,155.5648651123047,0,0,0,0,0,0,0,0,1,1,1,1,1,1,1,1,1,0,0,0,0,0,0,0,0
2008-02-24 15:00:00+00:00,30,2,15,64.73094177246094,56.098262786865234,0,0,0,0,0,0,0,0,1,1,1,1,1,1,1,1,1,0,0,0,0,0,0,0,1
2008-02-24 15:00:00+00:00,30,2,15,46.068790435791016,30.79726219177246,0,0,0,0,0,0,1,1,1,1,1,1,1,1,1,1,1,0,0,0,0,0,1,1,1
2008-02-24 15:00:00+00:00,30,2,15,213.91441345214844,222.15147399902344,0,0,0,0,0,0,0,0,0,0,0,0,0,0,1,1,1,0,0,0,0,0,0,0,0
2008-02-24 15:00:00+00:00,30,2,15,76.81822204589844,73.90132141113281,0,0,0,0,0,0,0,0,1,1,1,1,1,1,1,1,1,0,0,0,0,0,0,0,0
2008-02-24 15:00:00+00:00,30,2,15,331.7662658691406,316.73614501953125,0,0,0,0,0,0,0,0,0,0,0,0,0,0,0,0,1,0,0,0,0,0,0,0,0
2008-02-24 15:00:00+00:00,30,2,15,188.5029296875,172.7084503173828,0,0,0,0,0,0,0,0,0,0,0,0,0,1,1,1,1,0,0,0,0,0,0,0,0
2008-02-24 15:00:00+00:00,30,2,15,,,0,0,0,0,0,0,0,0,0,0,0,0,0,0,0,0,0,0,0,0,0,0,0,0,0
2008-02-24 15:00:00+00:00,30,2,15,,,0,0,0,0,0,0,0,0,0,0,0,0,0,0,0,0,0,0,0,0,0,0,0,0,0
2008-02-24 15:15:00+00:00,30,2,15,,,0,0,0,0,0,0,0,0,0,0,0,0,0,0,0,0,0,0,0,0,0,0,0,0,0
2008-02-24 15:15:00+00:00,30,2,15,,,0,0,0,0,0,0,0,0,0,0,0,0,0,0,0,0,0,0,0,0,0,0,0,0,0
2008-02-24 15:15:00+00:00,30,2,15,521.5445556640625,530.7109375,0,0,0,0,0,0,0,0,0,0,0,0,0,0,0,0,0,0,0,0,0,0,0,0,0
2008-02-24 15:15:00+00:00,30,2,15,196.31036376953125,183.33612060546875,0,0,0,0,0,0,0,0,0,0,0,0,0,1,1,1,1,0,0,0,0,0,0,0,0
2008-02-24 15:15:00+00:00,30,2,15,81.85215759277344,70.5948715209961,0,0,0,0,0,0,0,0,0,1,1,1,1,1,1,1,1,0,0,0,0,0,0,0,0
2008-02-24 15:15:00+00:00,30,2,15,58.42084503173828,44.458011627197266,0,0,0,0,0,0,0,1,1,1,1,1,1,1,1,1,1,0,0,0,0,0,0,1,1
2008-02-24 15:15:00+00:00,30,2,15,115.1552734375,94.66289520263672,0,0,0,0,0,0,0,0,0,0,1,1,1,1,1,1,1,0,0,0,0,0,0,0,0
2008-02-24 15:15:00+00:00,30,2,15,216.384765625,3.0658514499664307,0,0,0,0,0,0,0,0,0,0,0,0,0,0,1,1,1,1,1,1,1,1,1,1,1
2008-02-24 15:15:00+00:00,30,2,15,99.43297576904297,111.24247741699219,0,0,0,0,0,0,0,0,0,1,1,1,1,1,1,1,1,0,0,0,0,0,0,0,0
2008-02-24 15:30:00+00:00,30,2,15,235.93853759765625,278.3719482421875,0,0,0,0,0,0,0,0,0,0,0,0,0,0,1,1,1,0,0,0,0,0,0,0,0
2008-02-24 15:30:00+00:00,30,2,15,207.50216674804688,197.89297485351562,0,0,0,0,0,0,0,0,0,0,0,0,0,0,1,1,1,0,0,0,0,0,0,0,0
2008-02-24 15:30:00+00:00,30,2,15,182.80502319335938,75.34196472167969,0,0,0,0,0,0,0,0,0,0,0,0,0,1,1,1,1,0,0,0,0,0,0,0,0
2008-02-24 15:30:00+00:00,30,2,15,222.8331756591797,408.08221435546875,0,0,0,0,0,0,0,0,0,0,0,0,0,0,1,1,1,0,0,0,0,0,0,0,0
2008-02-24 15:30:00+00:00,30,2,15,193.83694458007812,211.35195922851562,0,0,0,0,0,0,0,0,0,0,0,0,0,1,1,1,1,0,0,0,0,0,0,0,0
2008-02-24 15:30:00+00:00,30,2,15,66.12006378173828,63.46637725830078,0,0,0,0,0,0,0,0,1,1,1,1,1,1,1,1,1,0,0,0,0,0,0,0,0
2008-02-24 15:30:00+00:00,30,2,15,81.21829986572266,68.33001708984375,0,0,0,0,0,0,0,0,0,1,1,1,1,1,1,1,1,0,0,0,0,0,0,0,0
2008-02-24 15:30:00+00:00,30,2,15,64.12748718261719,61.053043365478516,0,0,0,0,0,0,0,0,1,1,1,1,1,1,1,1,1,0,0,0,0,0,0,0,0
2008-02-24 15:30:00+00:00,30,2,15,230.33389282226562,227.9644775390625,0,0,0,0,0,0,0,0,0,0,0,0,0,0,1,1,1,0,0,0,0,0,0,0,0
2008-02-24 15:30:00+00:00,30,2,15,128.48736572265625,39.18355178833008,0,0,0,0,0,0,0,0,0,0,0,1,1,1,1,1,1,0,0,0,0,0,1,1,1
2008-02-24 15:30:00+00:00,30,2,15,331.9666748046875,330.6635437011719,0,0,0,0,0,0,0,0,0,0,0,0,0,0,0,0,1,0,0,0,0,0,0,0,0
2008-02-24 15:45:00+00:00,30,2,15,,,0,0,0,0,0,0,0,0,0,0,0,0,0,0,0,0,0,0,0,0,0,0,0,0,0
2008-02-24 15:45:00+00:00,30,2,15,130.59567260742188,127.23262023925781,0,0,0,0,0,0,0,0,0,0,0,1,1,1,1,1,1,0,0,0,0,0,0,0,0
2008-02-24 15:45:00+00:00,30,2,15,61.94742965698242,58.828575134277344,0,0,0,0,0,0,0,0,1,1,1,1,1,1,1,1,1,0,0,0,0,0,0,0,1
2008-02-24 15:45:00+00:00,30,2,15,126.78028869628906,155.29885864257812,0,0,0,0,0,0,0,0,0,0,0,1,1,1,1,1,1,0,0,0,0,0,0,0,0
2008-02-24 16:00:00+00:00,30,2,16,,,0,0,0,0,0,0,0,0,0,0,0,0,0,0,0,0,0,0,0,0,0,0,0,0,0
2008-02-24 16:00:00+00:00,30,2,16,396.6976318359375,388.91259765625,0,0,0,0,0,0,0,0,0,0,0,0,0,0,0,0,0,0,0,0,0,0,0,0,0
2008-02-24 16:00:00+00:00,30,2,16,196.0839080810547,178.8892364501953,0,0,0,0,0,0,0,0,0,0,0,0,0,1,1,1,1,0,0,0,0,0,0,0,0
2008-02-24 16:00:00+00:00,30,2,16,164.4835968017578,162.0107421875,0,0,0,0,0,0,0,0,0,0,0,0,1,1,1,1,1,0,0,0,0,0,0,0,0
2008-02-24 16:00:00+00:00,30,2,16,171.08303833007812,169.11744689941406,0,0,0,0,0,0,0,0,0,0,0,0,1,1,1,1,1,0,0,0,0,0,0,0,0
2008-02-24 16:00:00+00:00,30,2,16,67.0484619140625,46.675357818603516,0,0,0,0,0,0,0,0,1,1,1,1,1,1,1,1,1,0,0,0,0,0,0,1,1
2008-02-24 16:00:00+00:00,30,2,16,134.09332275390625,250.3495330810547,0,0,0,0,0,0,0,0,0,0,0,1,1,1,1,1,1,0,0,0,0,0,0,0,0
2008-02-24 16:15:00+00:00,30,2,16,211.45033264160156,198.90213012695312,0,0,0,0,0,0,0,0,0,0,0,0,0,0,1,1,1,0,0,0,0,0,0,0,0
2008-02-24 16:15:00+00:00,30,2,16,,,0,0,0,0,0,0,0,0,0,0,0,0,0,0,0,0,0,0,0,0,0,0,0,0,0
2008-02-24 16:15:00+00:00,30,2,16,,,0,0,0,0,0,0,0,0,0,0,0,0,0,0,0,0,0,0,0,0,0,0,0,0,0
2008-02-24 16:15:00+00:00,30,2,16,69.86647033691406,128.1416778564453,0,0,0,0,0,0,0,0,1,1,1,1,1,1,1,1,1,0,0,0,0,0,0,0,0
2008-02-24 16:15:00+00:00,30,2,16,49.193294525146484,40.29105758666992,0,0,0,0,0,0,1,1,1,1,1,1,1,1,1,1,1,0,0,0,0,0,0,1,1
2008-02-24 16:15:00+00:00,30,2,16,150.5484619140625,238.18186950683594,0,0,0,0,0,0,0,0,0,0,0,0,1,1,1,1,1,0,0,0,0,0,0,0,0
2008-02-24 16:15:00+00:00,30,2,16,203.1076202392578,217.61256408691406,0,0,0,0,0,0,0,0,0,0,0,0,0,0,1,1,1,0,0,0,0,0,0,0,0
2008-02-24 16:15:00+00:00,30,2,16,184.513427734375,3.470015287399292,0,0,0,0,0,0,0,0,0,0,0,0,0,1,1,1,1,1,1,1,1,1,1,1,1
2008-02-24 16:15:00+00:00,30,2,16,121.44857788085938,141.5511474609375,0,0,0,0,0,0,0,0,0,0,0,1,1,1,1,1,1,0,0,0,0,0,0,0,0
2008-02-24 16:15:00+00:00,30,2,16,185.496826171875,180.08804321289062,0,0,0,0,0,0,0,0,0,0,0,0,0,1,1,1,1,0,0,0,0,0,0,0,0
2008-02-24 16:15:00+00:00,30,2,16,199.39999389648438,181.06434631347656,0,0,0,0,0,0,0,0,0,0,0,0,0,1,1,1,1,0,0,0,0,0,0,0,0
2008-02-24 16:30:00+00:00,30,2,16,284.6573486328125,296.4842529296875,0,0,0,0,0,0,0,0,0,0,0,0,0,0,0,1,1,0,0,0,0,0,0,0,0
2008-02-24 16:45:00+00:00,30,2,16,81.62376403808594,64.53165435791016,0,0,0,0,0,0,0,0,0,1,1,1,1,1,1,1,1,0,0,0,0,0,0,0,0
2008-02-24 17:00:00+00:00,30,2,17,85.9427261352539,81.01248168945312,0,0,0,0,0,0,0,0,0,1,1,1,1,1,1,1,1,0,0,0,0,0,0,0,0
2008-02-24 17:00:00+00:00,30,2,17,174.82766723632812,229.9168701171875,0,0,0,0,0,0,0,0,0,0,0,0,1,1,1,1,1,0,0,0,0,0,0,0,0
2008-02-24 17:00:00+00:00,30,2,17,98.65648651123047,35.43793869018555,0,0,0,0,0,0,0,0,0,1,1,1,1,1,1,1,1,0,0,0,0,0,1,1,1
2008-02-24 17:15:00+00:00,30,2,17,212.7946014404297,233.61732482910156,0,0,0,0,0,0,0,0,0,0,0,0,0,0,1,1,1,0,0,0,0,0,0,0,0
2008-02-24 17:30:00+00:00,30,2,17,,,0,0,0,0,0,0,0,0,0,0,0,0,0,0,0,0,0,0,0,0,0,0,0,0,0
2008-02-24 17:30:00+00:00,30,2,17,187.49717712402344,169.03199768066406,0,0,0,0,0,0,0,0,0,0,0,0,0,1,1,1,1,0,0,0,0,0,0,0,0
2008-02-25 10:00:00+00:00,30,2,10,,,0,0,0,0,0,0,0,0,0,0,0,0,0,0,0,0,0,0,0,0,0,0,0,0,0
2008-02-25 10:00:00+00:00,30,2,10,,,0,0,0,0,0,0,0,0,0,0,0,0,0,0,0,0,0,0,0,0,0,0,0,0,0
2008-02-25 10:00:00+00:00,30,2,10,,,0,0,0,0,0,0,0,0,0,0,0,0,0,0,0,0,0,0,0,0,0,0,0,0,0
2008-02-25 10:00:00+00:00,30,2,10,,,0,0,0,0,0,0,0,0,0,0,0,0,0,0,0,0,0,0,0,0,0,0,0,0,0
2008-02-25 10:00:00+00:00,30,2,10,185.88967895507812,176.05767822265625,0,0,0,0,0,0,0,0,0,0,0,0,0,1,1,1,1,0,0,0,0,0,0,0,0
2008-02-25 10:00:00+00:00,30,2,10,407.09490966796875,187.6083221435547,0,0,0,0,0,0,0,0,0,0,0,0,0,0,0,0,0,0,0,0,0,0,0,0,0
2008-02-25 10:00:00+00:00,30,2,10,371.64752197265625,205.07630920410156,0,0,0,0,0,0,0,0,0,0,0,0,0,0,0,0,0,0,0,0,0,0,0,0,0
2008-02-25 10:00:00+00:00,30,2,10,240.86856079101562,114.6926498413086,0,0,0,0,0,0,0,0,0,0,0,0,0,0,1,1,1,0,0,0,0,0,0,0,0
2008-02-25 10:00:00+00:00,30,2,10,554.9139404296875,279.63421630859375,0,0,0,0,0,0,0,0,0,0,0,0,0,0,0,0,0,0,0,0,0,0,0,0,0
2008-02-25 10:00:00+00:00,30,2,10,,401.5788269042969,0,0,0,0,0,0,0,0,0,0,0,0,0,0,0,0,0,0,0,0,0,0,0,0,0
2008-02-25 10:00:00+00:00,30,2,10,,,0,0,0,0,0,0,0,0,0,0,0,0,0,0,0,0,0,0,0,0,0,0,0,0,0
2008-02-25 10:00:00+00:00,30,2,10,411.44384765625,194.66310119628906,0,0,0,0,0,0,0,0,0,0,0,0,0,0,0,0,0,0,0,0,0,0,0,0,0
2008-02-25 10:00:00+00:00,30,2,10,,160.3293914794922,0,0,0,0,0,0,0,0,0,0,0,0,0,0,0,0,0,0,0,0,0,0,0,0,0
2008-02-25 10:00:00+00:00,30,2,10,384.2005310058594,368.4902038574219,0,0,0,0,0,0,0,0,0,0,0,0,0,0,0,0,0,0,0,0,0,0,0,0,0
2008-02-25 10:00:00+00:00,30,2,10,,79.73938751220703,0,0,0,0,0,0,0,0,0,0,0,0,0,0,0,0,0,0,0,0,0,0,0,0,0
2008-02-25 10:00:00+00:00,30,2,10,167.11439514160156,166.8193359375,0,0,0,0,0,0,0,0,0,0,0,0,1,1,1,1,1,0,0,0,0,0,0,0,0
2008-02-25 10:00:00+00:00,30,2,10,203.2726287841797,128.62281799316406,0,0,0,0,0,0,0,0,0,0,0,0,0,0,1,1,1,0,0,0,0,0,0,0,0
2008-02-25 10:00:00+00:00,30,2,10,395.16143798828125,303.1910705566406,0,0,0,0,0,0,0,0,0,0,0,0,0,0,0,0,0,0,0,0,0,0,0,0,0
2008-02-25 10:00:00+00:00,30,2,10,23.41759490966797,25.765335083007812,0,0,0,1,1,1,1,1,1,1,1,1,1,1,1,1,1,0,0,0,0,1,1,1,1
2008-02-25 10:00:00+00:00,30,2,10,389.6761474609375,309.1400451660156,0,0,0,0,0,0,0,0,0,0,0,0,0,0,0,0,0,0,0,0,0,0,0,0,0
2008-02-25 10:00:00+00:00,30,2,10,112.95643615722656,51.67827224731445,0,0,0,0,0,0,0,0,0,0,1,1,1,1,1,1,1,0,0,0,0,0,0,0,1
2008-02-25 10:00:00+00:00,30,2,10,58.279605865478516,39.9976692199707,0,0,0,0,0,0,0,1,1,1,1,1,1,1,1,1,1,0,0,0,0,0,1,1,1
2008-02-25 10:00:00+00:00,30,2,10,238.30615234375,251.65245056152344,0,0,0,0,0,0,0,0,0,0,0,0,0,0,1,1,1,0,0,0,0,0,0,0,0
2008-02-25 10:15:00+00:00,30,2,10,,,0,0,0,0,0,0,0,0,0,0,0,0,0,0,0,0,0,0,0,0,0,0,0,0,0
2008-02-25 10:15:00+00:00,30,2,10,,,0,0,0,0,0,0,0,0,0,0,0,0,0,0,0,0,0,0,0,0,0,0,0,0,0
2008-02-25 10:15:00+00:00,30,2,10,,,0,0,0,0,0,0,0,0,0,0,0,0,0,0,0,0,0,0,0,0,0,0,0,0,0
2008-02-25 10:15:00+00:00,30,2,10,,,0,0,0,0,0,0,0,0,0,0,0,0,0,0,0,0,0,0,0,0,0,0,0,0,0
2008-02-25 10:15:00+00:00,30,2,10,,,0,0,0,0,0,0,0,0,0,0,0,0,0,0,0,0,0,0,0,0,0,0,0,0,0
2008-02-25 10:15:00+00:00,30,2,10,,,0,0,0,0,0,0,0,0,0,0,0,0,0,0,0,0,0,0,0,0,0,0,0,0,0
2008-02-25 10:15:00+00:00,30,2,10,179.81045532226562,82.11349487304688,0,0,0,0,0,0,0,0,0,0,0,0,1,1,1,1,1,0,0,0,0,0,0,0,0
2008-02-25 10:15:00+00:00,30,2,10,434.2103576660156,103.48137664794922,0,0,0,0,0,0,0,0,0,0,0,0,0,0,0,0,0,0,0,0,0,0,0,0,0
2008-02-25 10:15:00+00:00,30,2,10,323.70892333984375,93.00377655029297,0,0,0,0,0,0,0,0,0,0,0,0,0,0,0,0,1,0,0,0,0,0,0,0,0
2008-02-25 10:15:00+00:00,30,2,10,,289.2630920410156,0,0,0,0,0,0,0,0,0,0,0,0,0,0,0,0,0,0,0,0,0,0,0,0,0
2008-02-25 10:15:00+00:00,30,2,10,,81.63671112060547,0,0,0,0,0,0,0,0,0,0,0,0,0,0,0,0,0,0,0,0,0,0,0,0,0
2008-02-25 10:15:00+00:00,30,2,10,109.90069580078125,111.99348449707031,0,0,0,0,0,0,0,0,0,0,1,1,1,1,1,1,1,0,0,0,0,0,0,0,0
2008-02-25 10:15:00+00:00,30,2,10,,148.9668731689453,0,0,0,0,0,0,0,0,0,0,0,0,0,0,0,0,0,0,0,0,0,0,0,0,0
2008-02-25 10:15:00+00:00,30,2,10,,131.1066131591797,0,0,0,0,0,0,0,0,0,0,0,0,0,0,0,0,0,0,0,0,0,0,0,0,0
2008-02-25 10:15:00+00:00,30,2,10,274.2593994140625,271.1108703613281,0,0,0,0,0,0,0,0,0,0,0,0,0,0,0,1,1,0,0,0,0,0,0,0,0
2008-02-25 10:15:00+00:00,30,2,10,53.60636520385742,42.379913330078125,0,0,0,0,0,0,0,1,1,1,1,1,1,1,1,1,1,0,0,0,0,0,0,1,1
2008-02-25 10:15:00+00:00,30,2,10,82.49305725097656,39.98344421386719,0,0,0,0,0,0,0,0,0,1,1,1,1,1,1,1,1,0,0,0,0,0,1,1,1
2008-02-25 10:30:00+00:00,30,2,10,,,0,0,0,0,0,0,0,0,0,0,0,0,0,0,0,0,0,0,0,0,0,0,0,0,0
2008-02-25 10:30:00+00:00,30,2,10,,,0,0,0,0,0,0,0,0,0,0,0,0,0,0,0,0,0,0,0,0,0,0,0,0,0
2008-02-25 10:30:00+00:00,30,2,10,,,0,0,0,0,0,0,0,0,0,0,0,0,0,0,0,0,0,0,0,0,0,0,0,0,0
2008-02-25 10:30:00+00:00,30,2,10,,,0,0,0,0,0,0,0,0,0,0,0,0,0,0,0,0,0,0,0,0,0,0,0,0,0
2008-02-25 10:30:00+00:00,30,2,10,,,0,0,0,0,0,0,0,0,0,0,0,0,0,0,0,0,0,0,0,0,0,0,0,0,0
2008-02-25 10:30:00+00:00,30,2,10,,,0,0,0,0,0,0,0,0,0,0,0,0,0,0,0,0,0,0,0,0,0,0,0,0,0
2008-02-25 10:30:00+00:00,30,2,10,,128.74415588378906,0,0,0,0,0,0,0,0,0,0,0,0,0,0,0,0,0,0,0,0,0,0,0,0,0
2008-02-25 10:30:00+00:00,30,2,10,,,0,0,0,0,0,0,0,0,0,0,0,0,0,0,0,0,0,0,0,0,0,0,0,0,0
2008-02-25 10:30:00+00:00,30,2,10,,,0,0,0,0,0,0,0,0,0,0,0,0,0,0,0,0,0,0,0,0,0,0,0,0,0
2008-02-25 10:30:00+00:00,30,2,10,,,0,0,0,0,0,0,0,0,0,0,0,0,0,0,0,0,0,0,0,0,0,0,0,0,0
2008-02-25 10:30:00+00:00,30,2,10,,,0,0,0,0,0,0,0,0,0,0,0,0,0,0,0,0,0,0,0,0,0,0,0,0,0
2008-02-25 10:30:00+00:00,30,2,10,,,0,0,0,0,0,0,0,0,0,0,0,0,0,0,0,0,0,0,0,0,0,0,0,0,0
2008-02-25 10:30:00+00:00,30,2,10,95.22453308105469,73.61184692382812,0,0,0,0,0,0,0,0,0,1,1,1,1,1,1,1,1,0,0,0,0,0,0,0,0
2008-02-25 10:30:00+00:00,30,2,10,177.16409301757812,172.7923126220703,0,0,0,0,0,0,0,0,0,0,0,0,1,1,1,1,1,0,0,0,0,0,0,0,0
2008-02-25 10:30:00+00:00,30,2,10,374.5469665527344,355.9261779785156,0,0,0,0,0,0,0,0,0,0,0,0,0,0,0,0,0,0,0,0,0,0,0,0,0
2008-02-25 10:30:00+00:00,30,2,10,53.458770751953125,359.695556640625,0,0,0,0,0,0,0,1,1,1,1,1,1,1,1,1,1,0,0,0,0,0,0,0,0
2008-02-25 10:30:00+00:00,30,2,10,270.8702087402344,257.34625244140625,0,0,0,0,0,0,0,0,0,0,0,0,0,0,0,1,1,0,0,0,0,0,0,0,0
2008-02-25 10:30:00+00:00,30,2,10,299.3329772949219,280.7718505859375,0,0,0,0,0,0,0,0,0,0,0,0,0,0,0,1,1,0,0,0,0,0,0,0,0
2008-02-25 10:30:00+00:00,30,2,10,388.7311706542969,312.79718017578125,0,0,0,0,0,0,0,0,0,0,0,0,0,0,0,0,0,0,0,0,0,0,0,0,0
2008-02-25 10:30:00+00:00,30,2,10,263.78680419921875,244.4241180419922,0,0,0,0,0,0,0,0,0,0,0,0,0,0,0,1,1,0,0,0,0,0,0,0,0
2008-02-25 10:30:00+00:00,30,2,10,206.28538513183594,189.6544952392578,0,0,0,0,0,0,0,0,0,0,0,0,0,0,1,1,1,0,0,0,0,0,0,0,0
2008-02-25 10:30:00+00:00,30,2,10,236.61395263671875,222.1679229736328,0,0,0,0,0,0,0,0,0,0,0,0,0,0,1,1,1,0,0,0,0,0,0,0,0
2008-02-25 10:30:00+00:00,30,2,10,206.71157836914062,194.270263671875,0,0,0,0,0,0,0,0,0,0,0,0,0,0,1,1,1,0,0,0,0,0,0,0,0
2008-02-25 10:30:00+00:00,30,2,10,227.52529907226562,116.04631805419922,0,0,0,0,0,0,0,0,0,0,0,0,0,0,1,1,1,0,0,0,0,0,0,0,0
2008-02-25 10:30:00+00:00,30,2,10,384.3706359863281,393.9113464355469,0,0,0,0,0,0,0,0,0,0,0,0,0,0,0,0,0,0,0,0,0,0,0,0,0
2008-02-25 10:45:00+00:00,30,2,10,,,0,0,0,0,0,0,0,0,0,0,0,0,0,0,0,0,0,0,0,0,0,0,0,0,0
2008-02-25 10:45:00+00:00,30,2,10,,,0,0,0,0,0,0,0,0,0,0,0,0,0,0,0,0,0,0,0,0,0,0,0,0,0
2008-02-25 10:45:00+00:00,30,2,10,,,0,0,0,0,0,0,0,0,0,0,0,0,0,0,0,0,0,0,0,0,0,0,0,0,0
2008-02-25 10:45:00+00:00,30,2,10,,,0,0,0,0,0,0,0,0,0,0,0,0,0,0,0,0,0,0,0,0,0,0,0,0,0
2008-02-25 10:45:00+00:00,30,2,10,,229.8731231689453,0,0,0,0,0,0,0,0,0,0,0,0,0,0,0,0,0,0,0,0,0,0,0,0,0
2008-02-25 10:45:00+00:00,30,2,10,,,0,0,0,0,0,0,0,0,0,0,0,0,0,0,0,0,0,0,0,0,0,0,0,0,0
2008-02-25 10:45:00+00:00,30,2,10,,206.25315856933594,0,0,0,0,0,0,0,0,0,0,0,0,0,0,0,0,0,0,0,0,0,0,0,0,0
2008-02-25 10:45:00+00:00,30,2,10,,115.15447235107422,0,0,0,0,0,0,0,0,0,0,0,0,0,0,0,0,0,0,0,0,0,0,0,0,0
2008-02-25 10:45:00+00:00,30,2,10,,,0,0,0,0,0,0,0,0,0,0,0,0,0,0,0,0,0,0,0,0,0,0,0,0,0
2008-02-25 10:45:00+00:00,30,2,10,,138.7366943359375,0,0,0,0,0,0,0,0,0,0,0,0,0,0,0,0,0,0,0,0,0,0,0,0,0
2008-02-25 10:45:00+00:00,30,2,10,,289.1396484375,0,0,0,0,0,0,0,0,0,0,0,0,0,0,0,0,0,0,0,0,0,0,0,0,0
2008-02-25 10:45:00+00:00,30,2,10,173.1371612548828,76.83164978027344,0,0,0,0,0,0,0,0,0,0,0,0,1,1,1,1,1,0,0,0,0,0,0,0,0
2008-02-25 10:45:00+00:00,30,2,10,179.40130615234375,155.0883026123047,0,0,0,0,0,0,0,0,0,0,0,0,1,1,1,1,1,0,0,0,0,0,0,0,0
2008-02-25 10:45:00+00:00,30,2,10,,23.61899185180664,0,0,0,0,0,0,0,0,0,0,0,0,0,0,0,0,0,0,0,0,1,1,1,1,1
2008-02-25 10:45:00+00:00,30,2,10,113.39952850341797,104.00889587402344,0,0,0,0,0,0,0,0,0,0,1,1,1,1,1,1,1,0,0,0,0,0,0,0,0
2008-02-25 10:45:00+00:00,30,2,10,214.17066955566406,55.029293060302734,0,0,0,0,0,0,0,0,0,0,0,0,0,0,1,1,1,0,0,0,0,0,0,0,1
2008-02-25 10:45:00+00:00,30,2,10,102.24127197265625,93.39226531982422,0,0,0,0,0,0,0,0,0,0,1,1,1,1,1,1,1,0,0,0,0,0,0,0,0
2008-02-25 10:45:00+00:00,30,2,10,190.0431365966797,239.63119506835938,0,0,0,0,0,0,0,0,0,0,0,0,0,1,1,1,1,0,0,0,0,0,0,0,0
2008-02-25 10:45:00+00:00,30,2,10,192.74191284179688,200.1426239013672,0,0,0,0,0,0,0,0,0,0,0,0,0,1,1,1,1,0,0,0,0,0,0,0,0
2008-02-25 10:45:00+00:00,30,2,10,113.8061294555664,118.50849151611328,0,0,0,0,0,0,0,0,0,0,1,1,1,1,1,1,1,0,0,0,0,0,0,0,0
2008-02-25 10:45:00+00:00,30,2,10,104.95994567871094,103.65741729736328,0,0,0,0,0,0,0,0,0,0,1,1,1,1,1,1,1,0,0,0,0,0,0,0,0
2008-02-25 10:45:00+00:00,30,2,10,412.591552734375,318.9022216796875,0,0,0,0,0,0,0,0,0,0,0,0,0,0,0,0,0,0,0,0,0,0,0,0,0
2008-02-25 10:45:00+00:00,30,2,10,57.767791748046875,27.712921142578125,0,0,0,0,0,0,0,1,1,1,1,1,1,1,1,1,1,0,0,0,0,1,1,1,1
2008-02-25 10:45:00+00:00,30,2,10,80.5880355834961,0.0,0,0,0,0,0,0,0,0,0,1,1,1,1,1,1,1,1,1,1,1,1,1,1,1,1
2008-02-25 10:45:00+00:00,30,2,10,177.4761199951172,189.1128692626953,0,0,0,0,0,0,0,0,0,0,0,0,1,1,1,1,1,0,0,0,0,0,0,0,0
2008-02-25 10:45:00+00:00,30,2,10,,,0,0,0,0,0,0,0,0,0,0,0,0,0,0,0,0,0,0,0,0,0,0,0,0,0
2008-02-25 11:00:00+00:00,30,2,11,,,0,0,0,0,0,0,0,0,0,0,0,0,0,0,0,0,0,0,0,0,0,0,0,0,0
2008-02-25 11:00:00+00:00,30,2,11,,225.08164978027344,0,0,0,0,0,0,0,0,0,0,0,0,0,0,0,0,0,0,0,0,0,0,0,0,0
2008-02-25 11:00:00+00:00,30,2,11,,73.88082122802734,0,0,0,0,0,0,0,0,0,0,0,0,0,0,0,0,0,0,0,0,0,0,0,0,0
2008-02-25 11:00:00+00:00,30,2,11,,54.40946578979492,0,0,0,0,0,0,0,0,0,0,0,0,0,0,0,0,0,0,0,0,0,0,0,0,1
2008-02-25 11:00:00+00:00,30,2,11,,360.62109375,0,0,0,0,0,0,0,0,0,0,0,0,0,0,0,0,0,0,0,0,0,0,0,0,0
2008-02-25 11:00:00+00:00,30,2,11,,,0,0,0,0,0,0,0,0,0,0,0,0,0,0,0,0,0,0,0,0,0,0,0,0,0
2008-02-25 11:00:00+00:00,30,2,11,160.27685546875,158.81527709960938,0,0,0,0,0,0,0,0,0,0,0,0,1,1,1,1,1,0,0,0,0,0,0,0,0
2008-02-25 11:00:00+00:00,30,2,11,459.2583312988281,166.24960327148438,0,0,0,0,0,0,0,0,0,0,0,0,0,0,0,0,0,0,0,0,0,0,0,0,0
2008-02-25 11:00:00+00:00,30,2,11,347.55010986328125,345.9579772949219,0,0,0,0,0,0,0,0,0,0,0,0,0,0,0,0,1,0,0,0,0,0,0,0,0
2008-02-25 11:00:00+00:00,30,2,11,398.27734375,235.1756591796875,0,0,0,0,0,0,0,0,0,0,0,0,0,0,0,0,0,0,0,0,0,0,0,0,0
2008-02-25 11:15:00+00:00,30,2,11,,,0,0,0,0,0,0,0,0,0,0,0,0,0,0,0,0,0,0,0,0,0,0,0,0,0
2008-02-25 11:15:00+00:00,30,2,11,467.8724365234375,450.1993713378906,0,0,0,0,0,0,0,0,0,0,0,0,0,0,0,0,0,0,0,0,0,0,0,0,0
2008-02-25 11:15:00+00:00,30,2,11,427.89849853515625,481.2203674316406,0,0,0,0,0,0,0,0,0,0,0,0,0,0,0,0,0,0,0,0,0,0,0,0,0
2008-02-25 11:15:00+00:00,30,2,11,246.2379608154297,221.47142028808594,0,0,0,0,0,0,0,0,0,0,0,0,0,0,1,1,1,0,0,0,0,0,0,0,0
2008-02-25 11:15:00+00:00,30,2,11,157.5760955810547,160.5829620361328,0,0,0,0,0,0,0,0,0,0,0,0,1,1,1,1,1,0,0,0,0,0,0,0,0
2008-02-25 11:15:00+00:00,30,2,11,82.24340057373047,78.12129974365234,0,0,0,0,0,0,0,0,0,1,1,1,1,1,1,1,1,0,0,0,0,0,0,0,0
2008-02-25 11:15:00+00:00,30,2,11,386.2630310058594,365.5674743652344,0,0,0,0,0,0,0,0,0,0,0,0,0,0,0,0,0,0,0,0,0,0,0,0,0
2008-02-25 11:15:00+00:00,30,2,11,408.7829895019531,386.286376953125,0,0,0,0,0,0,0,0,0,0,0,0,0,0,0,0,0,0,0,0,0,0,0,0,0
2008-02-25 11:15:00+00:00,30,2,11,385.8540344238281,386.7237548828125,0,0,0,0,0,0,0,0,0,0,0,0,0,0,0,0,0,0,0,0,0,0,0,0,0
2008-02-25 11:15:00+00:00,30,2,11,,454.15789794921875,0,0,0,0,0,0,0,0,0,0,0,0,0,0,0,0,0,0,0,0,0,0,0,0,0
2008-02-25 11:15:00+00:00,30,2,11,107.47330474853516,64.44607543945312,0,0,0,0,0,0,0,0,0,0,1,1,1,1,1,1,1,0,0,0,0,0,0,0,0
2008-02-25 11:15:00+00:00,30,2,11,332.8784484863281,356.97454833984375,0,0,0,0,0,0,0,0,0,0,0,0,0,0,0,0,1,0,0,0,0,0,0,0,0
2008-02-25 11:15:00+00:00,30,2,11,164.48977661132812,146.40997314453125,0,0,0,0,0,0,0,0,0,0,0,0,1,1,1,1,1,0,0,0,0,0,0,0,0
2008-02-25 11:15:00+00:00,30,2,11,271.3194274902344,251.9769287109375,0,0,0,0,0,0,0,0,0,0,0,0,0,0,0,1,1,0,0,0,0,0,0,0,0
2008-02-25 11:15:00+00:00,30,2,11,226.896240234375,229.4476318359375,0,0,0,0,0,0,0,0,0,0,0,0,0,0,1,1,1,0,0,0,0,0,0,0,0
2008-02-25 11:15:00+00:00,30,2,11,422.1978759765625,369.2296142578125,0,0,0,0,0,0,0,0,0,0,0,0,0,0,0,0,0,0,0,0,0,0,0,0,0
2008-02-25 11:15:00+00:00,30,2,11,317.84832763671875,144.77545166015625,0,0,0,0,0,0,0,0,0,0,0,0,0,0,0,0,1,0,0,0,0,0,0,0,0
2008-02-25 11:15:00+00:00,30,2,11,210.07220458984375,58.297908782958984,0,0,0,0,0,0,0,0,0,0,0,0,0,0,1,1,1,0,0,0,0,0,0,0,1
2008-02-25 11:15:00+00:00,30,2,11,114.4767074584961,18.028610229492188,0,0,0,0,0,0,0,0,0,0,1,1,1,1,1,1,1,0,0,1,1,1,1,1,1
2008-02-25 11:15:00+00:00,30,2,11,82.38957214355469,48.67301559448242,0,0,0,0,0,0,0,0,0,1,1,1,1,1,1,1,1,0,0,0,0,0,0,1,1
2008-02-25 11:15:00+00:00,30,2,11,157.67173767089844,7.906789302825928,0,0,0,0,0,0,0,0,0,0,0,0,1,1,1,1,1,1,1,1,1,1,1,1,1
2008-02-25 11:15:00+00:00,30,2,11,149.8070526123047,0.0,0,0,0,0,0,0,0,0,0,0,0,1,1,1,1,1,1,1,1,1,1,1,1,1,1
2008-02-25 11:15:00+00:00,30,2,11,209.12957763671875,71.4276123046875,0,0,0,0,0,0,0,0,0,0,0,0,0,0,1,1,1,0,0,0,0,0,0,0,0
2008-02-25 11:15:00+00:00,30,2,11,238.46121215820312,96.0509033203125,0,0,0,0,0,0,0,0,0,0,0,0,0,0,1,1,1,0,0,0,0,0,0,0,0
2008-02-25 11:15:00+00:00,30,2,11,,263.3376770019531,0,0,0,0,0,0,0,0,0,0,0,0,0,0,0,0,0,0,0,0,0,0,0,0,0
2008-02-25 11:30:00+00:00,30,2,11,,,0,0,0,0,0,0,0,0,0,0,0,0,0,0,0,0,0,0,0,0,0,0,0,0,0
2008-02-25 11:30:00+00:00,30,2,11,414.3501892089844,425.4411315917969,0,0,0,0,0,0,0,0,0,0,0,0,0,0,0,0,0,0,0,0,0,0,0,0,0
2008-02-25 11:30:00+00:00,30,2,11,402.3187561035156,336.63421630859375,0,0,0,0,0,0,0,0,0,0,0,0,0,0,0,0,0,0,0,0,0,0,0,0,0
2008-02-25 11:30:00+00:00,30,2,11,180.52182006835938,66.33226776123047,0,0,0,0,0,0,0,0,0,0,0,0,0,1,1,1,1,0,0,0,0,0,0,0,0
2008-02-25 11:30:00+00:00,30,2,11,315.23779296875,296.75360107421875,0,0,0,0,0,0,0,0,0,0,0,0,0,0,0,0,1,0,0,0,0,0,0,0,0
2008-02-25 11:30:00+00:00,30,2,11,59.77092361450195,75.85417175292969,0,0,0,0,0,0,0,1,1,1,1,1,1,1,1,1,1,0,0,0,0,0,0,0,0
2008-02-25 11:30:00+00:00,30,2,11,82.35428619384766,87.84878540039062,0,0,0,0,0,0,0,0,0,1,1,1,1,1,1,1,1,0,0,0,0,0,0,0,0
2008-02-25 11:30:00+00:00,30,2,11,122.90808868408203,62.99768829345703,0,0,0,0,0,0,0,0,0,0,0,1,1,1,1,1,1,0,0,0,0,0,0,0,0
2008-02-25 11:30:00+00:00,30,2,11,188.60067749023438,186.2914276123047,0,0,0,0,0,0,0,0,0,0,0,0,0,1,1,1,1,0,0,0,0,0,0,0,0
2008-02-25 11:30:00+00:00,30,2,11,89.88099670410156,95.60765075683594,0,0,0,0,0,0,0,0,0,1,1,1,1,1,1,1,1,0,0,0,0,0,0,0,0
2008-02-25 11:30:00+00:00,30,2,11,116.91820526123047,104.1429672241211,0,0,0,0,0,0,0,0,0,0,1,1,1,1,1,1,1,0,0,0,0,0,0,0,0
2008-02-25 11:30:00+00:00,30,2,11,118.69672393798828,105.46101379394531,0,0,0,0,0,0,0,0,0,0,1,1,1,1,1,1,1,0,0,0,0,0,0,0,0
2008-02-25 11:30:00+00:00,30,2,11,87.7174301147461,88.91183471679688,0,0,0,0,0,0,0,0,0,1,1,1,1,1,1,1,1,0,0,0,0,0,0,0,0
2008-02-25 11:30:00+00:00,30,2,11,288.4166564941406,256.6247253417969,0,0,0,0,0,0,0,0,0,0,0,0,0,0,0,1,1,0,0,0,0,0,0,0,0
2008-02-25 11:30:00+00:00,30,2,11,120.01461791992188,108.99913024902344,0,0,0,0,0,0,0,0,0,0,0,1,1,1,1,1,1,0,0,0,0,0,0,0,0
2008-02-25 11:30:00+00:00,30,2,11,109.84990692138672,128.26235961914062,0,0,0,0,0,0,0,0,0,0,1,1,1,1,1,1,1,0,0,0,0,0,0,0,0
2008-02-25 11:30:00+00:00,30,2,11,90.22588348388672,72.50376892089844,0,0,0,0,0,0,0,0,0,1,1,1,1,1,1,1,1,0,0,0,0,0,0,0,0
2008-02-25 11:30:00+00:00,30,2,11,234.1611328125,224.89749145507812,0,0,0,0,0,0,0,0,0,0,0,0,0,0,1,1,1,0,0,0,0,0,0,0,0
2008-02-25 11:30:00+00:00,30,2,11,184.02325439453125,228.19483947753906,0,0,0,0,0,0,0,0,0,0,0,0,0,1,1,1,1,0,0,0,0,0,0,0,0
2008-02-25 11:30:00+00:00,30,2,11,325.45477294921875,319.0674743652344,0,0,0,0,0,0,0,0,0,0,0,0,0,0,0,0,1,0,0,0,0,0,0,0,0
2008-02-25 11:30:00+00:00,30,2,11,247.5867919921875,251.47743225097656,0,0,0,0,0,0,0,0,0,0,0,0,0,0,1,1,1,0,0,0,0,0,0,0,0
2008-02-25 11:30:00+00:00,30,2,11,381.9104919433594,422.23712158203125,0,0,0,0,0,0,0,0,0,0,0,0,0,0,0,0,0,0,0,0,0,0,0,0,0
2008-02-25 11:30:00+00:00,30,2,11,415.2437744140625,388.6959533691406,0,0,0,0,0,0,0,0,0,0,0,0,0,0,0,0,0,0,0,0,0,0,0,0,0
2008-02-25 11:30:00+00:00,30,2,11,,,0,0,0,0,0,0,0,0,0,0,0,0,0,0,0,0,0,0,0,0,0,0,0,0,0
2008-02-25 11:30:00+00:00,30,2,11,87.62449645996094,46.06210708618164,0,0,0,0,0,0,0,0,0,1,1,1,1,1,1,1,1,0,0,0,0,0,0,1,1
2008-02-25 11:30:00+00:00,30,2,11,89.33068084716797,9.748872756958008,0,0,0,0,0,0,0,0,0,1,1,1,1,1,1,1,1,1,1,1,1,1,1,1,1
2008-02-25 11:30:00+00:00,30,2,11,61.18472671508789,35.39471435546875,0,0,0,0,0,0,0,0,1,1,1,1,1,1,1,1,1,0,0,0,0,0,1,1,1
2008-02-25 11:30:00+00:00,30,2,11,75.10175323486328,69.48002624511719,0,0,0,0,0,0,0,0,1,1,1,1,1,1,1,1,1,0,0,0,0,0,0,0,0
2008-02-25 11:30:00+00:00,30,2,11,68.69349670410156,53.27424621582031,0,0,0,0,0,0,0,0,1,1,1,1,1,1,1,1,1,0,0,0,0,0,0,0,1
2008-02-25 11:30:00+00:00,30,2,11,197.9479522705078,185.22450256347656,0,0,0,0,0,0,0,0,0,0,0,0,0,1,1,1,1,0,0,0,0,0,0,0,0
2008-02-25 11:30:00+00:00,30,2,11,221.48065185546875,198.03604125976562,0,0,0,0,0,0,0,0,0,0,0,0,0,0,1,1,1,0,0,0,0,0,0,0,0
2008-02-25 11:45:00+00:00,30,2,11,,,0,0,0,0,0,0,0,0,0,0,0,0,0,0,0,0,0,0,0,0,0,0,0,0,0
2008-02-25 11:45:00+00:00,30,2,11,537.243408203125,510.42718505859375,0,0,0,0,0,0,0,0,0,0,0,0,0,0,0,0,0,0,0,0,0,0,0,0,0
2008-02-25 11:45:00+00:00,30,2,11,301.30279541015625,241.4906005859375,0,0,0,0,0,0,0,0,0,0,0,0,0,0,0,0,1,0,0,0,0,0,0,0,0
2008-02-25 11:45:00+00:00,30,2,11,175.2286834716797,,0,0,0,0,0,0,0,0,0,0,0,0,1,1,1,1,1,0,0,0,0,0,0,0,0
2008-02-25 11:45:00+00:00,30,2,11,253.40863037109375,119.42520141601562,0,0,0,0,0,0,0,0,0,0,0,0,0,0,0,1,1,0,0,0,0,0,0,0,0
2008-02-25 11:45:00+00:00,30,2,11,140.67884826660156,,0,0,0,0,0,0,0,0,0,0,0,1,1,1,1,1,1,0,0,0,0,0,0,0,0
2008-02-25 11:45:00+00:00,30,2,11,182.485595703125,114.24007415771484,0,0,0,0,0,0,0,0,0,0,0,0,0,1,1,1,1,0,0,0,0,0,0,0,0
2008-02-25 11:45:00+00:00,30,2,11,367.0733947753906,567.3583984375,0,0,0,0,0,0,0,0,0,0,0,0,0,0,0,0,0,0,0,0,0,0,0,0,0
2008-02-25 11:45:00+00:00,30,2,11,184.2193603515625,171.4270782470703,0,0,0,0,0,0,0,0,0,0,0,0,0,1,1,1,1,0,0,0,0,0,0,0,0
2008-02-25 11:45:00+00:00,30,2,11,338.2521057128906,,0,0,0,0,0,0,0,0,0,0,0,0,0,0,0,0,1,0,0,0,0,0,0,0,0
2008-02-25 11:45:00+00:00,30,2,11,184.36114501953125,167.09945678710938,0,0,0,0,0,0,0,0,0,0,0,0,0,1,1,1,1,0,0,0,0,0,0,0,0
2008-02-25 11:45:00+00:00,30,2,11,145.5495147705078,156.34788513183594,0,0,0,0,0,0,0,0,0,0,0,1,1,1,1,1,1,0,0,0,0,0,0,0,0
2008-02-25 11:45:00+00:00,30,2,11,268.07550048828125,245.1446075439453,0,0,0,0,0,0,0,0,0,0,0,0,0,0,0,1,1,0,0,0,0,0,0,0,0
2008-02-25 11:45:00+00:00,30,2,11,246.09217834472656,222.22056579589844,0,0,0,0,0,0,0,0,0,0,0,0,0,0,1,1,1,0,0,0,0,0,0,0,0
2008-02-25 11:45:00+00:00,30,2,11,159.96897888183594,180.0030975341797,0,0,0,0,0,0,0,0,0,0,0,0,1,1,1,1,1,0,0,0,0,0,0,0,0
2008-02-25 11:45:00+00:00,30,2,11,191.0271453857422,162.07310485839844,0,0,0,0,0,0,0,0,0,0,0,0,0,1,1,1,1,0,0,0,0,0,0,0,0
2008-02-25 11:45:00+00:00,30,2,11,278.4974365234375,206.528564453125,0,0,0,0,0,0,0,0,0,0,0,0,0,0,0,1,1,0,0,0,0,0,0,0,0
2008-02-25 11:45:00+00:00,30,2,11,323.8401794433594,209.78050231933594,0,0,0,0,0,0,0,0,0,0,0,0,0,0,0,0,1,0,0,0,0,0,0,0,0
2008-02-25 11:45:00+00:00,30,2,11,354.9664611816406,168.0831298828125,0,0,0,0,0,0,0,0,0,0,0,0,0,0,0,0,0,0,0,0,0,0,0,0,0
2008-02-25 11:45:00+00:00,30,2,11,76.49284362792969,74.01703643798828,0,0,0,0,0,0,0,0,1,1,1,1,1,1,1,1,1,0,0,0,0,0,0,0,0
2008-02-25 11:45:00+00:00,30,2,11,488.66900634765625,11.064187049865723,0,0,0,0,0,0,0,0,0,0,0,0,0,0,0,0,0,0,1,1,1,1,1,1,1
2008-02-25 11:45:00+00:00,30,2,11,346.6516418457031,303.470947265625,0,0,0,0,0,0,0,0,0,0,0,0,0,0,0,0,1,0,0,0,0,0,0,0,0
2008-02-25 11:45:00+00:00,30,2,11,193.14158630371094,53.04598617553711,0,0,0,0,0,0,0,0,0,0,0,0,0,1,1,1,1,0,0,0,0,0,0,0,1
2008-02-25 11:45:00+00:00,30,2,11,45.784080505371094,19.14146614074707,0,0,0,0,0,0,1,1,1,1,1,1,1,1,1,1,1,0,0,1,1,1,1,1,1
2008-02-25 11:45:00+00:00,30,2,11,285.0462951660156,266.1856689453125,0,0,0,0,0,0,0,0,0,0,0,0,0,0,0,1,1,0,0,0,0,0,0,0,0
2008-02-25 11:45:00+00:00,30,2,11,80.93231201171875,65.77605438232422,0,0,0,0,0,0,0,0,0,1,1,1,1,1,1,1,1,0,0,0,0,0,0,0,0
2008-02-25 11:45:00+00:00,30,2,11,38.31397247314453,39.28391647338867,0,0,0,0,0,1,1,1,1,1,1,1,1,1,1,1,1,0,0,0,0,0,1,1,1
2008-02-25 11:45:00+00:00,30,2,11,79.50242614746094,56.843955993652344,0,0,0,0,0,0,0,0,1,1,1,1,1,1,1,1,1,0,0,0,0,0,0,0,1
2008-02-25 11:45:00+00:00,30,2,11,60.31168746948242,43.592708587646484,0,0,0,0,0,0,0,0,1,1,1,1,1,1,1,1,1,0,0,0,0,0,0,1,1
2008-02-25 11:45:00+00:00,30,2,11,189.95863342285156,171.36825561523438,0,0,0,0,0,0,0,0,0,0,0,0,0,1,1,1,1,0,0,0,0,0,0,0,0
2008-02-25 11:45:00+00:00,30,2,11,92.4162368774414,38.4205322265625,0,0,0,0,0,0,0,0,0,1,1,1,1,1,1,1,1,0,0,0,0,0,1,1,1
2008-02-25 11:45:00+00:00,30,2,11,87.28638458251953,0.0,0,0,0,0,0,0,0,0,0,1,1,1,1,1,1,1,1,1,1,1,1,1,1,1,1
2008-02-25 11:45:00+00:00,30,2,11,64.25016021728516,38.494285583496094,0,0,0,0,0,0,0,0,1,1,1,1,1,1,1,1,1,0,0,0,0,0,1,1,1
2008-02-25 12:00:00+00:00,30,2,12,309.4847412109375,210.25669860839844,0,0,0,0,0,0,0,0,0,0,0,0,0,0,0,0,1,0,0,0,0,0,0,0,0
2008-02-25 12:00:00+00:00,30,2,12,208.42031860351562,121.43882751464844,0,0,0,0,0,0,0,0,0,0,0,0,0,0,1,1,1,0,0,0,0,0,0,0,0
2008-02-25 12:00:00+00:00,30,2,12,201.02700805664062,95.03865051269531,0,0,0,0,0,0,0,0,0,0,0,0,0,0,1,1,1,0,0,0,0,0,0,0,0
2008-02-25 12:00:00+00:00,30,2,12,297.1307067871094,227.06837463378906,0,0,0,0,0,0,0,0,0,0,0,0,0,0,0,1,1,0,0,0,0,0,0,0,0
2008-02-25 12:00:00+00:00,30,2,12,238.80230712890625,216.63931274414062,0,0,0,0,0,0,0,0,0,0,0,0,0,0,1,1,1,0,0,0,0,0,0,0,0
2008-02-25 12:00:00+00:00,30,2,12,231.55091857910156,232.2874298095703,0,0,0,0,0,0,0,0,0,0,0,0,0,0,1,1,1,0,0,0,0,0,0,0,0
2008-02-25 12:00:00+00:00,30,2,12,320.4029235839844,174.58006286621094,0,0,0,0,0,0,0,0,0,0,0,0,0,0,0,0,1,0,0,0,0,0,0,0,0
2008-02-25 12:00:00+00:00,30,2,12,154.72796630859375,88.947021484375,0,0,0,0,0,0,0,0,0,0,0,0,1,1,1,1,1,0,0,0,0,0,0,0,0
2008-02-25 12:00:00+00:00,30,2,12,330.74261474609375,316.36798095703125,0,0,0,0,0,0,0,0,0,0,0,0,0,0,0,0,1,0,0,0,0,0,0,0,0
2008-02-25 12:00:00+00:00,30,2,12,423.54248046875,,0,0,0,0,0,0,0,0,0,0,0,0,0,0,0,0,0,0,0,0,0,0,0,0,0
2008-02-25 12:00:00+00:00,30,2,12,42.16265106201172,33.130104064941406,0,0,0,0,0,0,1,1,1,1,1,1,1,1,1,1,1,0,0,0,0,0,1,1,1
2008-02-25 12:00:00+00:00,30,2,12,265.7499694824219,247.71194458007812,0,0,0,0,0,0,0,0,0,0,0,0,0,0,0,1,1,0,0,0,0,0,0,0,0
2008-02-25 12:00:00+00:00,30,2,12,145.64938354492188,157.21221923828125,0,0,0,0,0,0,0,0,0,0,0,1,1,1,1,1,1,0,0,0,0,0,0,0,0
2008-02-25 12:00:00+00:00,30,2,12,271.6484680175781,50.267208099365234,0,0,0,0,0,0,0,0,0,0,0,0,0,0,0,1,1,0,0,0,0,0,0,0,1
2008-02-25 12:00:00+00:00,30,2,12,276.6357727050781,54.38433837890625,0,0,0,0,0,0,0,0,0,0,0,0,0,0,0,1,1,0,0,0,0,0,0,0,1
2008-02-25 12:00:00+00:00,30,2,12,412.29388427734375,0.0,0,0,0,0,0,0,0,0,0,0,0,0,0,0,0,0,0,1,1,1,1,1,1,1,1
2008-02-25 12:00:00+00:00,30,2,12,333.6297607421875,55.96405029296875,0,0,0,0,0,0,0,0,0,0,0,0,0,0,0,0,1,0,0,0,0,0,0,0,1
2008-02-25 12:00:00+00:00,30,2,12,268.3456115722656,257.2783203125,0,0,0,0,0,0,0,0,0,0,0,0,0,0,0,1,1,0,0,0,0,0,0,0,0
2008-02-25 12:00:00+00:00,30,2,12,,493.8647155761719,0,0,0,0,0,0,0,0,0,0,0,0,0,0,0,0,0,0,0,0,0,0,0,0,0
2008-02-25 12:00:00+00:00,30,2,12,34.66080856323242,26.398263931274414,0,0,0,0,0,1,1,1,1,1,1,1,1,1,1,1,1,0,0,0,0,1,1,1,1
2008-02-25 12:00:00+00:00,30,2,12,111.04037475585938,12.027937889099121,0,0,0,0,0,0,0,0,0,0,1,1,1,1,1,1,1,0,1,1,1,1,1,1,1
2008-02-25 12:00:00+00:00,30,2,12,210.18499755859375,185.3083953857422,0,0,0,0,0,0,0,0,0,0,0,0,0,0,1,1,1,0,0,0,0,0,0,0,0
2008-02-25 12:15:00+00:00,30,2,12,,,0,0,0,0,0,0,0,0,0,0,0,0,0,0,0,0,0,0,0,0,0,0,0,0,0
2008-02-25 12:15:00+00:00,30,2,12,,356.57568359375,0,0,0,0,0,0,0,0,0,0,0,0,0,0,0,0,0,0,0,0,0,0,0,0,0
2008-02-25 12:15:00+00:00,30,2,12,363.6811218261719,274.0266418457031,0,0,0,0,0,0,0,0,0,0,0,0,0,0,0,0,0,0,0,0,0,0,0,0,0
2008-02-25 12:15:00+00:00,30,2,12,375.68634033203125,124.98627471923828,0,0,0,0,0,0,0,0,0,0,0,0,0,0,0,0,0,0,0,0,0,0,0,0,0
2008-02-25 12:15:00+00:00,30,2,12,208.41311645507812,199.976318359375,0,0,0,0,0,0,0,0,0,0,0,0,0,0,1,1,1,0,0,0,0,0,0,0,0
2008-02-25 12:15:00+00:00,30,2,12,260.25250244140625,97.21009826660156,0,0,0,0,0,0,0,0,0,0,0,0,0,0,0,1,1,0,0,0,0,0,0,0,0
2008-02-25 12:15:00+00:00,30,2,12,257.15875244140625,155.82437133789062,0,0,0,0,0,0,0,0,0,0,0,0,0,0,0,1,1,0,0,0,0,0,0,0,0
2008-02-25 12:15:00+00:00,30,2,12,366.5063781738281,296.0205383300781,0,0,0,0,0,0,0,0,0,0,0,0,0,0,0,0,0,0,0,0,0,0,0,0,0
2008-02-25 12:15:00+00:00,30,2,12,409.23260498046875,150.802490234375,0,0,0,0,0,0,0,0,0,0,0,0,0,0,0,0,0,0,0,0,0,0,0,0,0
2008-02-25 12:15:00+00:00,30,2,12,342.4880065917969,205.9056854248047,0,0,0,0,0,0,0,0,0,0,0,0,0,0,0,0,1,0,0,0,0,0,0,0,0
2008-02-25 12:15:00+00:00,30,2,12,58.504825592041016,61.93994903564453,0,0,0,0,0,0,0,1,1,1,1,1,1,1,1,1,1,0,0,0,0,0,0,0,0
2008-02-25 12:15:00+00:00,30,2,12,77.5049057006836,72.4024658203125,0,0,0,0,0,0,0,0,1,1,1,1,1,1,1,1,1,0,0,0,0,0,0,0,0
2008-02-25 12:15:00+00:00,30,2,12,317.650146484375,291.84027099609375,0,0,0,0,0,0,0,0,0,0,0,0,0,0,0,0,1,0,0,0,0,0,0,0,0
2008-02-25 12:15:00+00:00,30,2,12,174.9836883544922,160.03237915039062,0,0,0,0,0,0,0,0,0,0,0,0,1,1,1,1,1,0,0,0,0,0,0,0,0
2008-02-25 12:15:00+00:00,30,2,12,424.1169738769531,355.1412353515625,0,0,0,0,0,0,0,0,0,0,0,0,0,0,0,0,0,0,0,0,0,0,0,0,0
2008-02-25 12:15:00+00:00,30,2,12,121.3496322631836,96.78083038330078,0,0,0,0,0,0,0,0,0,0,0,1,1,1,1,1,1,0,0,0,0,0,0,0,0
2008-02-25 12:15:00+00:00,30,2,12,252.7082977294922,297.4400634765625,0,0,0,0,0,0,0,0,0,0,0,0,0,0,0,1,1,0,0,0,0,0,0,0,0
2008-02-25 12:15:00+00:00,30,2,12,261.6853332519531,251.70440673828125,0,0,0,0,0,0,0,0,0,0,0,0,0,0,0,1,1,0,0,0,0,0,0,0,0
2008-02-25 12:15:00+00:00,30,2,12,61.85944366455078,0.0,0,0,0,0,0,0,0,0,1,1,1,1,1,1,1,1,1,1,1,1,1,1,1,1,1
2008-02-25 12:15:00+00:00,30,2,12,135.060791015625,53.48330307006836,0,0,0,0,0,0,0,0,0,0,0,1,1,1,1,1,1,0,0,0,0,0,0,0,1
2008-02-25 12:15:00+00:00,30,2,12,111.23979187011719,143.40689086914062,0,0,0,0,0,0,0,0,0,0,1,1,1,1,1,1,1,0,0,0,0,0,0,0,0
2008-02-25 12:15:00+00:00,30,2,12,251.97105407714844,71.34823608398438,0,0,0,0,0,0,0,0,0,0,0,0,0,0,0,1,1,0,0,0,0,0,0,0,0
2008-02-25 12:15:00+00:00,30,2,12,108.3899917602539,77.3500747680664,0,0,0,0,0,0,0,0,0,0,1,1,1,1,1,1,1,0,0,0,0,0,0,0,0
2008-02-25 12:15:00+00:00,30,2,12,209.93174743652344,241.62110900878906,0,0,0,0,0,0,0,0,0,0,0,0,0,0,1,1,1,0,0,0,0,0,0,0,0
2008-02-25 12:15:00+00:00,30,2,12,183.07020568847656,138.9176025390625,0,0,0,0,0,0,0,0,0,0,0,0,0,1,1,1,1,0,0,0,0,0,0,0,0
2008-02-25 12:15:00+00:00,30,2,12,29.446428298950195,149.0478057861328,0,0,0,0,1,1,1,1,1,1,1,1,1,1,1,1,1,0,0,0,0,0,0,0,0
2008-02-25 12:15:00+00:00,30,2,12,77.90599060058594,247.78318786621094,0,0,0,0,0,0,0,0,1,1,1,1,1,1,1,1,1,0,0,0,0,0,0,0,0
2008-02-25 12:15:00+00:00,30,2,12,115.65911865234375,209.81068420410156,0,0,0,0,0,0,0,0,0,0,1,1,1,1,1,1,1,0,0,0,0,0,0,0,0
2008-02-25 12:15:00+00:00,30,2,12,112.19935607910156,89.08854675292969,0,0,0,0,0,0,0,0,0,0,1,1,1,1,1,1,1,0,0,0,0,0,0,0,0
2008-02-25 12:15:00+00:00,30,2,12,409.87945556640625,187.91485595703125,0,0,0,0,0,0,0,0,0,0,0,0,0,0,0,0,0,0,0,0,0,0,0,0,0
2008-02-25 12:15:00+00:00,30,2,12,366.78570556640625,207.5070343017578,0,0,0,0,0,0,0,0,0,0,0,0,0,0,0,0,0,0,0,0,0,0,0,0,0
2008-02-25 12:15:00+00:00,30,2,12,297.58831787109375,62.892337799072266,0,0,0,0,0,0,0,0,0,0,0,0,0,0,0,1,1,0,0,0,0,0,0,0,0
2008-02-25 12:15:00+00:00,30,2,12,59.85744857788086,81.03378295898438,0,0,0,0,0,0,0,1,1,1,1,1,1,1,1,1,1,0,0,0,0,0,0,0,0
2008-02-25 12:15:00+00:00,30,2,12,72.16073608398438,48.82979202270508,0,0,0,0,0,0,0,0,1,1,1,1,1,1,1,1,1,0,0,0,0,0,0,1,1
2008-02-25 12:15:00+00:00,30,2,12,,,0,0,0,0,0,0,0,0,0,0,0,0,0,0,0,0,0,0,0,0,0,0,0,0,0
2008-02-25 12:30:00+00:00,30,2,12,,356.2612609863281,0,0,0,0,0,0,0,0,0,0,0,0,0,0,0,0,0,0,0,0,0,0,0,0,0
2008-02-25 12:30:00+00:00,30,2,12,,,0,0,0,0,0,0,0,0,0,0,0,0,0,0,0,0,0,0,0,0,0,0,0,0,0
2008-02-25 12:30:00+00:00,30,2,12,401.43243408203125,270.37646484375,0,0,0,0,0,0,0,0,0,0,0,0,0,0,0,0,0,0,0,0,0,0,0,0,0
2008-02-25 12:30:00+00:00,30,2,12,165.80682373046875,160.11856079101562,0,0,0,0,0,0,0,0,0,0,0,0,1,1,1,1,1,0,0,0,0,0,0,0,0
2008-02-25 12:30:00+00:00,30,2,12,241.38417053222656,221.4764862060547,0,0,0,0,0,0,0,0,0,0,0,0,0,0,1,1,1,0,0,0,0,0,0,0,0
2008-02-25 12:30:00+00:00,30,2,12,298.955322265625,239.25917053222656,0,0,0,0,0,0,0,0,0,0,0,0,0,0,0,1,1,0,0,0,0,0,0,0,0
2008-02-25 12:30:00+00:00,30,2,12,202.51333618164062,215.56414794921875,0,0,0,0,0,0,0,0,0,0,0,0,0,0,1,1,1,0,0,0,0,0,0,0,0
2008-02-25 12:30:00+00:00,30,2,12,418.77288818359375,404.8429260253906,0,0,0,0,0,0,0,0,0,0,0,0,0,0,0,0,0,0,0,0,0,0,0,0,0
2008-02-25 12:30:00+00:00,30,2,12,338.95562744140625,371.4277648925781,0,0,0,0,0,0,0,0,0,0,0,0,0,0,0,0,1,0,0,0,0,0,0,0,0
2008-02-25 12:30:00+00:00,30,2,12,324.64288330078125,400.1465759277344,0,0,0,0,0,0,0,0,0,0,0,0,0,0,0,0,1,0,0,0,0,0,0,0,0
2008-02-25 12:30:00+00:00,30,2,12,94.5552978515625,136.8468780517578,0,0,0,0,0,0,0,0,0,1,1,1,1,1,1,1,1,0,0,0,0,0,0,0,0
2008-02-25 12:30:00+00:00,30,2,12,71.81185150146484,52.890995025634766,0,0,0,0,0,0,0,0,1,1,1,1,1,1,1,1,1,0,0,0,0,0,0,0,1
2008-02-25 12:30:00+00:00,30,2,12,78.60383605957031,61.51185607910156,0,0,0,0,0,0,0,0,1,1,1,1,1,1,1,1,1,0,0,0,0,0,0,0,0
2008-02-25 12:30:00+00:00,30,2,12,79.45928192138672,111.8873519897461,0,0,0,0,0,0,0,0,1,1,1,1,1,1,1,1,1,0,0,0,0,0,0,0,0
2008-02-25 12:30:00+00:00,30,2,12,125.86083984375,122.38526153564453,0,0,0,0,0,0,0,0,0,0,0,1,1,1,1,1,1,0,0,0,0,0,0,0,0
2008-02-25 12:30:00+00:00,30,2,12,,,0,0,0,0,0,0,0,0,0,0,0,0,0,0,0,0,0,0,0,0,0,0,0,0,0
2008-02-25 12:30:00+00:00,30,2,12,317.357421875,103.15130615234375,0,0,0,0,0,0,0,0,0,0,0,0,0,0,0,0,1,0,0,0,0,0,0,0,0
2008-02-25 12:30:00+00:00,30,2,12,386.3493347167969,375.33270263671875,0,0,0,0,0,0,0,0,0,0,0,0,0,0,0,0,0,0,0,0,0,0,0,0,0
2008-02-25 12:30:00+00:00,30,2,12,,,0,0,0,0,0,0,0,0,0,0,0,0,0,0,0,0,0,0,0,0,0,0,0,0,0
2008-02-25 12:30:00+00:00,30,2,12,131.5926055908203,44.850379943847656,0,0,0,0,0,0,0,0,0,0,0,1,1,1,1,1,1,0,0,0,0,0,0,1,1
2008-02-25 12:45:00+00:00,30,2,12,502.2139587402344,277.3505859375,0,0,0,0,0,0,0,0,0,0,0,0,0,0,0,0,0,0,0,0,0,0,0,0,0
2008-02-25 12:45:00+00:00,30,2,12,472.3707580566406,249.61293029785156,0,0,0,0,0,0,0,0,0,0,0,0,0,0,0,0,0,0,0,0,0,0,0,0,0
2008-02-25 12:45:00+00:00,30,2,12,117.66502380371094,110.72492218017578,0,0,0,0,0,0,0,0,0,0,1,1,1,1,1,1,1,0,0,0,0,0,0,0,0
2008-02-25 12:45:00+00:00,30,2,12,,473.09796142578125,0,0,0,0,0,0,0,0,0,0,0,0,0,0,0,0,0,0,0,0,0,0,0,0,0
2008-02-25 12:45:00+00:00,30,2,12,97.28770446777344,81.19480895996094,0,0,0,0,0,0,0,0,0,1,1,1,1,1,1,1,1,0,0,0,0,0,0,0,0
2008-02-25 12:45:00+00:00,30,2,12,267.4455871582031,282.4200134277344,0,0,0,0,0,0,0,0,0,0,0,0,0,0,0,1,1,0,0,0,0,0,0,0,0
2008-02-25 12:45:00+00:00,30,2,12,200.13494873046875,123.44380187988281,0,0,0,0,0,0,0,0,0,0,0,0,0,0,1,1,1,0,0,0,0,0,0,0,0
2008-02-25 12:45:00+00:00,30,2,12,174.36209106445312,168.9630584716797,0,0,0,0,0,0,0,0,0,0,0,0,1,1,1,1,1,0,0,0,0,0,0,0,0
2008-02-25 12:45:00+00:00,30,2,12,,,0,0,0,0,0,0,0,0,0,0,0,0,0,0,0,0,0,0,0,0,0,0,0,0,0
2008-02-25 12:45:00+00:00,30,2,12,366.42034912109375,360.5348205566406,0,0,0,0,0,0,0,0,0,0,0,0,0,0,0,0,0,0,0,0,0,0,0,0,0
2008-02-25 12:45:00+00:00,30,2,12,115.15904235839844,182.2279052734375,0,0,0,0,0,0,0,0,0,0,1,1,1,1,1,1,1,0,0,0,0,0,0,0,0
2008-02-25 12:45:00+00:00,30,2,12,323.47015380859375,328.0247497558594,0,0,0,0,0,0,0,0,0,0,0,0,0,0,0,0,1,0,0,0,0,0,0,0,0
2008-02-25 12:45:00+00:00,30,2,12,104.10765075683594,107.56690216064453,0,0,0,0,0,0,0,0,0,0,1,1,1,1,1,1,1,0,0,0,0,0,0,0,0
2008-02-25 12:45:00+00:00,30,2,12,135.90386962890625,121.07209777832031,0,0,0,0,0,0,0,0,0,0,0,1,1,1,1,1,1,0,0,0,0,0,0,0,0
2008-02-25 12:45:00+00:00,30,2,12,88.87224578857422,69.98809051513672,0,0,0,0,0,0,0,0,0,1,1,1,1,1,1,1,1,0,0,0,0,0,0,0,0
2008-02-25 12:45:00+00:00,30,2,12,56.8884391784668,57.38772201538086,0,0,0,0,0,0,0,1,1,1,1,1,1,1,1,1,1,0,0,0,0,0,0,0,1
2008-02-25 12:45:00+00:00,30,2,12,141.6476593017578,135.4757843017578,0,0,0,0,0,0,0,0,0,0,0,1,1,1,1,1,1,0,0,0,0,0,0,0,0
2008-02-25 12:45:00+00:00,30,2,12,190.4944610595703,185.7053680419922,0,0,0,0,0,0,0,0,0,0,0,0,0,1,1,1,1,0,0,0,0,0,0,0,0
2008-02-25 12:45:00+00:00,30,2,12,132.92120361328125,35.018123626708984,0,0,0,0,0,0,0,0,0,0,0,1,1,1,1,1,1,0,0,0,0,0,1,1,1
2008-02-25 12:45:00+00:00,30,2,12,194.0611114501953,208.9954376220703,0,0,0,0,0,0,0,0,0,0,0,0,0,1,1,1,1,0,0,0,0,0,0,0,0
2008-02-25 12:45:00+00:00,30,2,12,97.37599182128906,99.01451110839844,0,0,0,0,0,0,0,0,0,1,1,1,1,1,1,1,1,0,0,0,0,0,0,0,0
2008-02-25 12:45:00+00:00,30,2,12,106.16989135742188,107.26619720458984,0,0,0,0,0,0,0,0,0,0,1,1,1,1,1,1,1,0,0,0,0,0,0,0,0
2008-02-25 12:45:00+00:00,30,2,12,73.427490234375,0.0,0,0,0,0,0,0,0,0,1,1,1,1,1,1,1,1,1,1,1,1,1,1,1,1,1
2008-02-25 12:45:00+00:00,30,2,12,314.3917236328125,311.668212890625,0,0,0,0,0,0,0,0,0,0,0,0,0,0,0,0,1,0,0,0,0,0,0,0,0
2008-02-25 12:45:00+00:00,30,2,12,,,0,0,0,0,0,0,0,0,0,0,0,0,0,0,0,0,0,0,0,0,0,0,0,0,0
2008-02-25 13:00:00+00:00,30,2,13,,,0,0,0,0,0,0,0,0,0,0,0,0,0,0,0,0,0,0,0,0,0,0,0,0,0
2008-02-25 13:00:00+00:00,30,2,13,532.5502319335938,287.9015197753906,0,0,0,0,0,0,0,0,0,0,0,0,0,0,0,0,0,0,0,0,0,0,0,0,0
2008-02-25 13:00:00+00:00,30,2,13,378.3863220214844,378.3863220214844,0,0,0,0,0,0,0,0,0,0,0,0,0,0,0,0,0,0,0,0,0,0,0,0,0
2008-02-25 13:00:00+00:00,30,2,13,113.56608581542969,102.4012680053711,0,0,0,0,0,0,0,0,0,0,1,1,1,1,1,1,1,0,0,0,0,0,0,0,0
2008-02-25 13:00:00+00:00,30,2,13,377.6758117675781,194.0653533935547,0,0,0,0,0,0,0,0,0,0,0,0,0,0,0,0,0,0,0,0,0,0,0,0,0
2008-02-25 13:00:00+00:00,30,2,13,206.42054748535156,312.5981140136719,0,0,0,0,0,0,0,0,0,0,0,0,0,0,1,1,1,0,0,0,0,0,0,0,0
2008-02-25 13:00:00+00:00,30,2,13,66.74925231933594,72.65327453613281,0,0,0,0,0,0,0,0,1,1,1,1,1,1,1,1,1,0,0,0,0,0,0,0,0
2008-02-25 13:00:00+00:00,30,2,13,102.34371948242188,108.9395980834961,0,0,0,0,0,0,0,0,0,0,1,1,1,1,1,1,1,0,0,0,0,0,0,0,0
2008-02-25 13:00:00+00:00,30,2,13,74.6488037109375,138.63531494140625,0,0,0,0,0,0,0,0,1,1,1,1,1,1,1,1,1,0,0,0,0,0,0,0,0
2008-02-25 13:00:00+00:00,30,2,13,148.39491271972656,149.41439819335938,0,0,0,0,0,0,0,0,0,0,0,1,1,1,1,1,1,0,0,0,0,0,0,0,0
2008-02-25 13:00:00+00:00,30,2,13,117.9513168334961,99.3254165649414,0,0,0,0,0,0,0,0,0,0,1,1,1,1,1,1,1,0,0,0,0,0,0,0,0
2008-02-25 13:00:00+00:00,30,2,13,99.88712310791016,56.44622039794922,0,0,0,0,0,0,0,0,0,1,1,1,1,1,1,1,1,0,0,0,0,0,0,0,1
2008-02-25 13:00:00+00:00,30,2,13,119.22071838378906,119.44763946533203,0,0,0,0,0,0,0,0,0,0,1,1,1,1,1,1,1,0,0,0,0,0,0,0,0
2008-02-25 13:00:00+00:00,30,2,13,96.99639129638672,223.93133544921875,0,0,0,0,0,0,0,0,0,1,1,1,1,1,1,1,1,0,0,0,0,0,0,0,0
2008-02-25 13:00:00+00:00,30,2,13,162.2108917236328,110.35240936279297,0,0,0,0,0,0,0,0,0,0,0,0,1,1,1,1,1,0,0,0,0,0,0,0,0
2008-02-25 13:00:00+00:00,30,2,13,126.72428894042969,167.5535125732422,0,0,0,0,0,0,0,0,0,0,0,1,1,1,1,1,1,0,0,0,0,0,0,0,0
2008-02-25 13:00:00+00:00,30,2,13,61.31769561767578,244.49282836914062,0,0,0,0,0,0,0,0,1,1,1,1,1,1,1,1,1,0,0,0,0,0,0,0,0
2008-02-25 13:00:00+00:00,30,2,13,224.04348754882812,200.2668914794922,0,0,0,0,0,0,0,0,0,0,0,0,0,0,1,1,1,0,0,0,0,0,0,0,0
2008-02-25 13:00:00+00:00,30,2,13,277.93035888671875,63.501953125,0,0,0,0,0,0,0,0,0,0,0,0,0,0,0,1,1,0,0,0,0,0,0,0,0
2008-02-25 13:00:00+00:00,30,2,13,214.0873260498047,81.98113250732422,0,0,0,0,0,0,0,0,0,0,0,0,0,0,1,1,1,0,0,0,0,0,0,0,0
2008-02-25 13:00:00+00:00,30,2,13,350.42010498046875,321.48492431640625,0,0,0,0,0,0,0,0,0,0,0,0,0,0,0,0,0,0,0,0,0,0,0,0,0
2008-02-25 13:00:00+00:00,30,2,13,384.0739440917969,0.0,0,0,0,0,0,0,0,0,0,0,0,0,0,0,0,0,0,1,1,1,1,1,1,1,1
2008-02-25 13:00:00+00:00,30,2,13,93.66319274902344,70.17923736572266,0,0,0,0,0,0,0,0,0,1,1,1,1,1,1,1,1,0,0,0,0,0,0,0,0
2008-02-25 13:15:00+00:00,30,2,13,89.1004409790039,87.02788543701172,0,0,0,0,0,0,0,0,0,1,1,1,1,1,1,1,1,0,0,0,0,0,0,0,0
2008-02-25 13:15:00+00:00,30,2,13,354.2392578125,353.23040771484375,0,0,0,0,0,0,0,0,0,0,0,0,0,0,0,0,0,0,0,0,0,0,0,0,0
2008-02-25 13:15:00+00:00,30,2,13,123.00739288330078,117.14185333251953,0,0,0,0,0,0,0,0,0,0,0,1,1,1,1,1,1,0,0,0,0,0,0,0,0
2008-02-25 13:15:00+00:00,30,2,13,176.66726684570312,56.359378814697266,0,0,0,0,0,0,0,0,0,0,0,0,1,1,1,1,1,0,0,0,0,0,0,0,1
2008-02-25 13:15:00+00:00,30,2,13,95.12728881835938,38.03154754638672,0,0,0,0,0,0,0,0,0,1,1,1,1,1,1,1,1,0,0,0,0,0,1,1,1
2008-02-25 13:15:00+00:00,30,2,13,330.8359680175781,325.5767822265625,0,0,0,0,0,0,0,0,0,0,0,0,0,0,0,0,1,0,0,0,0,0,0,0,0
2008-02-25 13:15:00+00:00,30,2,13,282.3497009277344,243.46713256835938,0,0,0,0,0,0,0,0,0,0,0,0,0,0,0,1,1,0,0,0,0,0,0,0,0
2008-02-25 13:15:00+00:00,30,2,13,57.888816833496094,38.118324279785156,0,0,0,0,0,0,0,1,1,1,1,1,1,1,1,1,1,0,0,0,0,0,1,1,1
2008-02-25 13:15:00+00:00,30,2,13,515.5717163085938,504.2416687011719,0,0,0,0,0,0,0,0,0,0,0,0,0,0,0,0,0,0,0,0,0,0,0,0,0
2008-02-25 13:15:00+00:00,30,2,13,,,0,0,0,0,0,0,0,0,0,0,0,0,0,0,0,0,0,0,0,0,0,0,0,0,0
2008-02-25 13:15:00+00:00,30,2,13,48.184810638427734,33.85194778442383,0,0,0,0,0,0,1,1,1,1,1,1,1,1,1,1,1,0,0,0,0,0,1,1,1
2008-02-25 13:15:00+00:00,30,2,13,42.53346252441406,7.190534591674805,0,0,0,0,0,0,1,1,1,1,1,1,1,1,1,1,1,1,1,1,1,1,1,1,1
2008-02-25 13:15:00+00:00,30,2,13,,226.49952697753906,0,0,0,0,0,0,0,0,0,0,0,0,0,0,0,0,0,0,0,0,0,0,0,0,0
2008-02-25 13:15:00+00:00,30,2,13,,,0,0,0,0,0,0,0,0,0,0,0,0,0,0,0,0,0,0,0,0,0,0,0,0,0
2008-02-25 13:30:00+00:00,30,2,13,385.7912292480469,368.0598449707031,0,0,0,0,0,0,0,0,0,0,0,0,0,0,0,0,0,0,0,0,0,0,0,0,0
2008-02-25 13:30:00+00:00,30,2,13,460.17010498046875,453.8352355957031,0,0,0,0,0,0,0,0,0,0,0,0,0,0,0,0,0,0,0,0,0,0,0,0,0
2008-02-25 13:30:00+00:00,30,2,13,68.78043365478516,54.729000091552734,0,0,0,0,0,0,0,0,1,1,1,1,1,1,1,1,1,0,0,0,0,0,0,0,1
2008-02-25 13:30:00+00:00,30,2,13,52.02968215942383,34.6715202331543,0,0,0,0,0,0,0,1,1,1,1,1,1,1,1,1,1,0,0,0,0,0,1,1,1
2008-02-25 13:30:00+00:00,30,2,13,145.51271057128906,30.665225982666016,0,0,0,0,0,0,0,0,0,0,0,1,1,1,1,1,1,0,0,0,0,0,1,1,1
2008-02-25 13:30:00+00:00,30,2,13,175.57044982910156,91.43115997314453,0,0,0,0,0,0,0,0,0,0,0,0,1,1,1,1,1,0,0,0,0,0,0,0,0
2008-02-25 13:30:00+00:00,30,2,13,500.48773193359375,,0,0,0,0,0,0,0,0,0,0,0,0,0,0,0,0,0,0,0,0,0,0,0,0,0
2008-02-25 13:30:00+00:00,30,2,13,63.47962188720703,66.38494873046875,0,0,0,0,0,0,0,0,1,1,1,1,1,1,1,1,1,0,0,0,0,0,0,0,0
2008-02-25 13:45:00+00:00,30,2,13,380.2037048339844,,0,0,0,0,0,0,0,0,0,0,0,0,0,0,0,0,0,0,0,0,0,0,0,0,0
2008-02-25 13:45:00+00:00,30,2,13,137.46096801757812,66.82591247558594,0,0,0,0,0,0,0,0,0,0,0,1,1,1,1,1,1,0,0,0,0,0,0,0,0
2008-02-25 13:45:00+00:00,30,2,13,85.12092590332031,71.2278823852539,0,0,0,0,0,0,0,0,0,1,1,1,1,1,1,1,1,0,0,0,0,0,0,0,0
2008-02-25 13:45:00+00:00,30,2,13,101.77180480957031,106.5747299194336,0,0,0,0,0,0,0,0,0,0,1,1,1,1,1,1,1,0,0,0,0,0,0,0,0
2008-02-25 13:45:00+00:00,30,2,13,270.0794982910156,189.26051330566406,0,0,0,0,0,0,0,0,0,0,0,0,0,0,0,1,1,0,0,0,0,0,0,0,0
2008-02-25 13:45:00+00:00,30,2,13,205.83816528320312,142.71263122558594,0,0,0,0,0,0,0,0,0,0,0,0,0,0,1,1,1,0,0,0,0,0,0,0,0
2008-02-25 13:45:00+00:00,30,2,13,59.10921859741211,47.62227249145508,0,0,0,0,0,0,0,1,1,1,1,1,1,1,1,1,1,0,0,0,0,0,0,1,1
2008-02-25 13:45:00+00:00,30,2,13,116.4183120727539,127.6077880859375,0,0,0,0,0,0,0,0,0,0,1,1,1,1,1,1,1,0,0,0,0,0,0,0,0
2008-02-25 13:45:00+00:00,30,2,13,294.9646911621094,215.4542999267578,0,0,0,0,0,0,0,0,0,0,0,0,0,0,0,1,1,0,0,0,0,0,0,0,0
2008-02-25 13:45:00+00:00,30,2,13,228.34068298339844,121.13125610351562,0,0,0,0,0,0,0,0,0,0,0,0,0,0,1,1,1,0,0,0,0,0,0,0,0
2008-02-25 13:45:00+00:00,30,2,13,104.18645477294922,103.04673767089844,0,0,0,0,0,0,0,0,0,0,1,1,1,1,1,1,1,0,0,0,0,0,0,0,0
2008-02-25 13:45:00+00:00,30,2,13,68.56148529052734,67.98411560058594,0,0,0,0,0,0,0,0,1,1,1,1,1,1,1,1,1,0,0,0,0,0,0,0,0
2008-02-25 13:45:00+00:00,30,2,13,123.73158264160156,106.19161224365234,0,0,0,0,0,0,0,0,0,0,0,1,1,1,1,1,1,0,0,0,0,0,0,0,0
2008-02-25 13:45:00+00:00,30,2,13,169.18508911132812,144.10263061523438,0,0,0,0,0,0,0,0,0,0,0,0,1,1,1,1,1,0,0,0,0,0,0,0,0
2008-02-25 13:45:00+00:00,30,2,13,62.66400146484375,4.334667682647705,0,0,0,0,0,0,0,0,1,1,1,1,1,1,1,1,1,1,1,1,1,1,1,1,1
2008-02-25 13:45:00+00:00,30,2,13,94.1136474609375,101.79972839355469,0,0,0,0,0,0,0,0,0,1,1,1,1,1,1,1,1,0,0,0,0,0,0,0,0
2008-02-25 13:45:00+00:00,30,2,13,50.2334098815918,33.318485260009766,0,0,0,0,0,0,0,1,1,1,1,1,1,1,1,1,1,0,0,0,0,0,1,1,1
2008-02-25 13:45:00+00:00,30,2,13,64.40605163574219,71.80874633789062,0,0,0,0,0,0,0,0,1,1,1,1,1,1,1,1,1,0,0,0,0,0,0,0,0
2008-02-25 13:45:00+00:00,30,2,13,,,0,0,0,0,0,0,0,0,0,0,0,0,0,0,0,0,0,0,0,0,0,0,0,0,0
2008-02-25 13:45:00+00:00,30,2,13,81.10283660888672,63.21758270263672,0,0,0,0,0,0,0,0,0,1,1,1,1,1,1,1,1,0,0,0,0,0,0,0,0
2008-02-25 13:45:00+00:00,30,2,13,164.2349395751953,70.39141082763672,0,0,0,0,0,0,0,0,0,0,0,0,1,1,1,1,1,0,0,0,0,0,0,0,0
2008-02-25 14:00:00+00:00,30,2,14,,356.7421569824219,0,0,0,0,0,0,0,0,0,0,0,0,0,0,0,0,0,0,0,0,0,0,0,0,0
2008-02-25 14:00:00+00:00,30,2,14,92.98526763916016,85.05010986328125,0,0,0,0,0,0,0,0,0,1,1,1,1,1,1,1,1,0,0,0,0,0,0,0,0
2008-02-25 14:00:00+00:00,30,2,14,51.80400085449219,44.02073287963867,0,0,0,0,0,0,0,1,1,1,1,1,1,1,1,1,1,0,0,0,0,0,0,1,1
2008-02-25 14:00:00+00:00,30,2,14,299.2400817871094,318.4361877441406,0,0,0,0,0,0,0,0,0,0,0,0,0,0,0,1,1,0,0,0,0,0,0,0,0
2008-02-25 14:00:00+00:00,30,2,14,237.08010864257812,66.63768768310547,0,0,0,0,0,0,0,0,0,0,0,0,0,0,1,1,1,0,0,0,0,0,0,0,0
2008-02-25 14:15:00+00:00,30,2,14,,,0,0,0,0,0,0,0,0,0,0,0,0,0,0,0,0,0,0,0,0,0,0,0,0,0
2008-02-25 14:15:00+00:00,30,2,14,408.14544677734375,354.45361328125,0,0,0,0,0,0,0,0,0,0,0,0,0,0,0,0,0,0,0,0,0,0,0,0,0
2008-02-25 14:15:00+00:00,30,2,14,438.7803039550781,407.39697265625,0,0,0,0,0,0,0,0,0,0,0,0,0,0,0,0,0,0,0,0,0,0,0,0,0
2008-02-25 14:15:00+00:00,30,2,14,82.16883087158203,79.59052276611328,0,0,0,0,0,0,0,0,0,1,1,1,1,1,1,1,1,0,0,0,0,0,0,0,0
2008-02-25 14:15:00+00:00,30,2,14,104.61919403076172,124.03144836425781,0,0,0,0,0,0,0,0,0,0,1,1,1,1,1,1,1,0,0,0,0,0,0,0,0
2008-02-25 14:15:00+00:00,30,2,14,179.30955505371094,176.71310424804688,0,0,0,0,0,0,0,0,0,0,0,0,1,1,1,1,1,0,0,0,0,0,0,0,0
2008-02-25 14:15:00+00:00,30,2,14,69.00145721435547,62.241065979003906,0,0,0,0,0,0,0,0,1,1,1,1,1,1,1,1,1,0,0,0,0,0,0,0,0
2008-02-25 14:15:00+00:00,30,2,14,,,0,0,0,0,0,0,0,0,0,0,0,0,0,0,0,0,0,0,0,0,0,0,0,0,0
2008-02-25 14:15:00+00:00,30,2,14,106.35124206542969,129.20291137695312,0,0,0,0,0,0,0,0,0,0,1,1,1,1,1,1,1,0,0,0,0,0,0,0,0
2008-02-25 14:15:00+00:00,30,2,14,,150.0502166748047,0,0,0,0,0,0,0,0,0,0,0,0,0,0,0,0,0,0,0,0,0,0,0,0,0
2008-02-25 14:15:00+00:00,30,2,14,,264.3692626953125,0,0,0,0,0,0,0,0,0,0,0,0,0,0,0,0,0,0,0,0,0,0,0,0,0
2008-02-25 14:15:00+00:00,30,2,14,46.93960952758789,51.32805633544922,0,0,0,0,0,0,1,1,1,1,1,1,1,1,1,1,1,0,0,0,0,0,0,0,1
2008-02-25 14:15:00+00:00,30,2,14,193.59506225585938,177.65924072265625,0,0,0,0,0,0,0,0,0,0,0,0,0,1,1,1,1,0,0,0,0,0,0,0,0
2008-02-25 14:15:00+00:00,30,2,14,66.01858520507812,177.34376525878906,0,0,0,0,0,0,0,0,1,1,1,1,1,1,1,1,1,0,0,0,0,0,0,0,0
2008-02-25 14:30:00+00:00,30,2,14,69.71601867675781,54.43626022338867,0,0,0,0,0,0,0,0,1,1,1,1,1,1,1,1,1,0,0,0,0,0,0,0,1
2008-02-25 14:30:00+00:00,30,2,14,207.99114990234375,217.75900268554688,0,0,0,0,0,0,0,0,0,0,0,0,0,0,1,1,1,0,0,0,0,0,0,0,0
2008-02-25 14:30:00+00:00,30,2,14,233.52084350585938,223.22520446777344,0,0,0,0,0,0,0,0,0,0,0,0,0,0,1,1,1,0,0,0,0,0,0,0,0
2008-02-25 14:30:00+00:00,30,2,14,163.9132843017578,149.76025390625,0,0,0,0,0,0,0,0,0,0,0,0,1,1,1,1,1,0,0,0,0,0,0,0,0
2008-02-25 14:30:00+00:00,30,2,14,78.95040130615234,68.14266967773438,0,0,0,0,0,0,0,0,1,1,1,1,1,1,1,1,1,0,0,0,0,0,0,0,0
2008-02-25 14:30:00+00:00,30,2,14,70.85489654541016,83.99602508544922,0,0,0,0,0,0,0,0,1,1,1,1,1,1,1,1,1,0,0,0,0,0,0,0,0
2008-02-25 14:30:00+00:00,30,2,14,86.32157135009766,78.31255340576172,0,0,0,0,0,0,0,0,0,1,1,1,1,1,1,1,1,0,0,0,0,0,0,0,0
2008-02-25 14:30:00+00:00,30,2,14,186.21853637695312,176.04336547851562,0,0,0,0,0,0,0,0,0,0,0,0,0,1,1,1,1,0,0,0,0,0,0,0,0
2008-02-25 14:30:00+00:00,30,2,14,150.5086669921875,146.1383514404297,0,0,0,0,0,0,0,0,0,0,0,0,1,1,1,1,1,0,0,0,0,0,0,0,0
2008-02-25 14:30:00+00:00,30,2,14,103.0240478515625,329.6500244140625,0,0,0,0,0,0,0,0,0,0,1,1,1,1,1,1,1,0,0,0,0,0,0,0,0
2008-02-25 14:30:00+00:00,30,2,14,200.55404663085938,58.5942497253418,0,0,0,0,0,0,0,0,0,0,0,0,0,0,1,1,1,0,0,0,0,0,0,0,1
2008-02-25 14:30:00+00:00,30,2,14,,,0,0,0,0,0,0,0,0,0,0,0,0,0,0,0,0,0,0,0,0,0,0,0,0,0
2008-02-25 14:45:00+00:00,30,2,14,210.16017150878906,195.8895263671875,0,0,0,0,0,0,0,0,0,0,0,0,0,0,1,1,1,0,0,0,0,0,0,0,0
2008-02-25 14:45:00+00:00,30,2,14,,,0,0,0,0,0,0,0,0,0,0,0,0,0,0,0,0,0,0,0,0,0,0,0,0,0
2008-02-25 14:45:00+00:00,30,2,14,125.13668823242188,83.82572937011719,0,0,0,0,0,0,0,0,0,0,0,1,1,1,1,1,1,0,0,0,0,0,0,0,0
2008-02-25 14:45:00+00:00,30,2,14,169.5513153076172,173.12942504882812,0,0,0,0,0,0,0,0,0,0,0,0,1,1,1,1,1,0,0,0,0,0,0,0,0
2008-02-25 14:45:00+00:00,30,2,14,287.9936218261719,268.0735168457031,0,0,0,0,0,0,0,0,0,0,0,0,0,0,0,1,1,0,0,0,0,0,0,0,0
2008-02-25 14:45:00+00:00,30,2,14,215.7942657470703,200.62367248535156,0,0,0,0,0,0,0,0,0,0,0,0,0,0,1,1,1,0,0,0,0,0,0,0,0
2008-02-25 14:45:00+00:00,30,2,14,104.6949462890625,114.65650177001953,0,0,0,0,0,0,0,0,0,0,1,1,1,1,1,1,1,0,0,0,0,0,0,0,0
2008-02-25 14:45:00+00:00,30,2,14,115.92987060546875,110.07392883300781,0,0,0,0,0,0,0,0,0,0,1,1,1,1,1,1,1,0,0,0,0,0,0,0,0
2008-02-25 14:45:00+00:00,30,2,14,267.4947814941406,271.37469482421875,0,0,0,0,0,0,0,0,0,0,0,0,0,0,0,1,1,0,0,0,0,0,0,0,0
2008-02-25 15:00:00+00:00,30,2,15,475.999755859375,,0,0,0,0,0,0,0,0,0,0,0,0,0,0,0,0,0,0,0,0,0,0,0,0,0
2008-02-25 15:00:00+00:00,30,2,15,160.42539978027344,121.23361206054688,0,0,0,0,0,0,0,0,0,0,0,0,1,1,1,1,1,0,0,0,0,0,0,0,0
2008-02-25 15:00:00+00:00,30,2,15,52.123008728027344,39.24456024169922,0,0,0,0,0,0,0,1,1,1,1,1,1,1,1,1,1,0,0,0,0,0,1,1,1
2008-02-25 15:00:00+00:00,30,2,15,245.93409729003906,223.41954040527344,0,0,0,0,0,0,0,0,0,0,0,0,0,0,1,1,1,0,0,0,0,0,0,0,0
2008-02-25 15:00:00+00:00,30,2,15,185.91160583496094,346.6043701171875,0,0,0,0,0,0,0,0,0,0,0,0,0,1,1,1,1,0,0,0,0,0,0,0,0
2008-02-25 15:00:00+00:00,30,2,15,111.48344421386719,100.24100494384766,0,0,0,0,0,0,0,0,0,0,1,1,1,1,1,1,1,0,0,0,0,0,0,0,0
2008-02-25 15:00:00+00:00,30,2,15,91.27444458007812,92.34532928466797,0,0,0,0,0,0,0,0,0,1,1,1,1,1,1,1,1,0,0,0,0,0,0,0,0
2008-02-25 15:15:00+00:00,30,2,15,538.9971313476562,447.6383056640625,0,0,0,0,0,0,0,0,0,0,0,0,0,0,0,0,0,0,0,0,0,0,0,0,0
2008-02-25 15:15:00+00:00,30,2,15,156.40060424804688,101.08968353271484,0,0,0,0,0,0,0,0,0,0,0,0,1,1,1,1,1,0,0,0,0,0,0,0,0
2008-02-25 15:15:00+00:00,30,2,15,,119.34481048583984,0,0,0,0,0,0,0,0,0,0,0,0,0,0,0,0,0,0,0,0,0,0,0,0,0
2008-02-25 15:15:00+00:00,30,2,15,143.4055938720703,135.80987548828125,0,0,0,0,0,0,0,0,0,0,0,1,1,1,1,1,1,0,0,0,0,0,0,0,0
2008-02-25 15:15:00+00:00,30,2,15,,,0,0,0,0,0,0,0,0,0,0,0,0,0,0,0,0,0,0,0,0,0,0,0,0,0
2008-02-25 15:15:00+00:00,30,2,15,76.62686920166016,70.17463684082031,0,0,0,0,0,0,0,0,1,1,1,1,1,1,1,1,1,0,0,0,0,0,0,0,0
2008-02-25 15:15:00+00:00,30,2,15,136.94384765625,156.01612854003906,0,0,0,0,0,0,0,0,0,0,0,1,1,1,1,1,1,0,0,0,0,0,0,0,0
2008-02-25 15:15:00+00:00,30,2,15,232.0756072998047,247.18324279785156,0,0,0,0,0,0,0,0,0,0,0,0,0,0,1,1,1,0,0,0,0,0,0,0,0
2008-02-25 15:30:00+00:00,30,2,15,140.89588928222656,98.61157989501953,0,0,0,0,0,0,0,0,0,0,0,1,1,1,1,1,1,0,0,0,0,0,0,0,0
2008-02-25 15:30:00+00:00,30,2,15,113.45018768310547,121.6034164428711,0,0,0,0,0,0,0,0,0,0,1,1,1,1,1,1,1,0,0,0,0,0,0,0,0
2008-02-25 15:30:00+00:00,30,2,15,114.65670776367188,69.0966796875,0,0,0,0,0,0,0,0,0,0,1,1,1,1,1,1,1,0,0,0,0,0,0,0,0
2008-02-25 15:30:00+00:00,30,2,15,350.50384521484375,298.01251220703125,0,0,0,0,0,0,0,0,0,0,0,0,0,0,0,0,0,0,0,0,0,0,0,0,0
2008-02-25 15:30:00+00:00,30,2,15,194.2748565673828,173.99459838867188,0,0,0,0,0,0,0,0,0,0,0,0,0,1,1,1,1,0,0,0,0,0,0,0,0
2008-02-25 15:30:00+00:00,30,2,15,126.57556915283203,252.13575744628906,0,0,0,0,0,0,0,0,0,0,0,1,1,1,1,1,1,0,0,0,0,0,0,0,0
2008-02-25 15:30:00+00:00,30,2,15,98.45207214355469,194.3656463623047,0,0,0,0,0,0,0,0,0,1,1,1,1,1,1,1,1,0,0,0,0,0,0,0,0
2008-02-25 15:30:00+00:00,30,2,15,162.825439453125,146.3050537109375,0,0,0,0,0,0,0,0,0,0,0,0,1,1,1,1,1,0,0,0,0,0,0,0,0
2008-02-25 15:30:00+00:00,30,2,15,449.2192687988281,454.27374267578125,0,0,0,0,0,0,0,0,0,0,0,0,0,0,0,0,0,0,0,0,0,0,0,0,0
2008-02-25 15:30:00+00:00,30,2,15,141.05043029785156,120.50730895996094,0,0,0,0,0,0,0,0,0,0,0,1,1,1,1,1,1,0,0,0,0,0,0,0,0
2008-02-25 15:30:00+00:00,30,2,15,53.01953125,56.84736251831055,0,0,0,0,0,0,0,1,1,1,1,1,1,1,1,1,1,0,0,0,0,0,0,0,1
2008-02-25 15:30:00+00:00,30,2,15,123.81210327148438,76.70925903320312,0,0,0,0,0,0,0,0,0,0,0,1,1,1,1,1,1,0,0,0,0,0,0,0,0
2008-02-25 15:30:00+00:00,30,2,15,283.0727844238281,63.69752502441406,0,0,0,0,0,0,0,0,0,0,0,0,0,0,0,1,1,0,0,0,0,0,0,0,0
2008-02-25 15:45:00+00:00,30,2,15,78.82322692871094,73.11141204833984,0,0,0,0,0,0,0,0,1,1,1,1,1,1,1,1,1,0,0,0,0,0,0,0,0
2008-02-25 15:45:00+00:00,30,2,15,60.60701370239258,57.173004150390625,0,0,0,0,0,0,0,0,1,1,1,1,1,1,1,1,1,0,0,0,0,0,0,0,1
2008-02-25 15:45:00+00:00,30,2,15,209.55528259277344,210.1963348388672,0,0,0,0,0,0,0,0,0,0,0,0,0,0,1,1,1,0,0,0,0,0,0,0,0
2008-02-25 15:45:00+00:00,30,2,15,202.19129943847656,117.80335998535156,0,0,0,0,0,0,0,0,0,0,0,0,0,0,1,1,1,0,0,0,0,0,0,0,0
2008-02-25 15:45:00+00:00,30,2,15,214.62576293945312,218.39865112304688,0,0,0,0,0,0,0,0,0,0,0,0,0,0,1,1,1,0,0,0,0,0,0,0,0
2008-02-25 15:45:00+00:00,30,2,15,249.21424865722656,252.99606323242188,0,0,0,0,0,0,0,0,0,0,0,0,0,0,1,1,1,0,0,0,0,0,0,0,0
2008-02-25 16:00:00+00:00,30,2,16,287.76983642578125,440.326904296875,0,0,0,0,0,0,0,0,0,0,0,0,0,0,0,1,1,0,0,0,0,0,0,0,0
2008-02-25 16:00:00+00:00,30,2,16,276.3417663574219,233.58241271972656,0,0,0,0,0,0,0,0,0,0,0,0,0,0,0,1,1,0,0,0,0,0,0,0,0
2008-02-25 16:00:00+00:00,30,2,16,227.5762176513672,146.986572265625,0,0,0,0,0,0,0,0,0,0,0,0,0,0,1,1,1,0,0,0,0,0,0,0,0
2008-02-25 16:00:00+00:00,30,2,16,223.07858276367188,12.61223030090332,0,0,0,0,0,0,0,0,0,0,0,0,0,0,1,1,1,0,1,1,1,1,1,1,1
2008-02-25 16:00:00+00:00,30,2,16,128.18077087402344,94.79451751708984,0,0,0,0,0,0,0,0,0,0,0,1,1,1,1,1,1,0,0,0,0,0,0,0,0
2008-02-25 16:00:00+00:00,30,2,16,39.416725158691406,51.67611312866211,0,0,0,0,0,1,1,1,1,1,1,1,1,1,1,1,1,0,0,0,0,0,0,0,1
2008-02-25 16:00:00+00:00,30,2,16,90.3340835571289,77.02977752685547,0,0,0,0,0,0,0,0,0,1,1,1,1,1,1,1,1,0,0,0,0,0,0,0,0
2008-02-25 16:00:00+00:00,30,2,16,113.82057189941406,117.60432434082031,0,0,0,0,0,0,0,0,0,0,1,1,1,1,1,1,1,0,0,0,0,0,0,0,0
2008-02-25 16:00:00+00:00,30,2,16,114.02143096923828,62.2977294921875,0,0,0,0,0,0,0,0,0,0,1,1,1,1,1,1,1,0,0,0,0,0,0,0,0
2008-02-25 16:00:00+00:00,30,2,16,120.69817352294922,123.3739013671875,0,0,0,0,0,0,0,0,0,0,0,1,1,1,1,1,1,0,0,0,0,0,0,0,0
2008-02-25 16:15:00+00:00,30,2,16,307.0662841796875,280.8927917480469,0,0,0,0,0,0,0,0,0,0,0,0,0,0,0,0,1,0,0,0,0,0,0,0,0
2008-02-25 16:15:00+00:00,30,2,16,161.83474731445312,273.0600280761719,0,0,0,0,0,0,0,0,0,0,0,0,1,1,1,1,1,0,0,0,0,0,0,0,0
2008-02-25 16:15:00+00:00,30,2,16,332.5159912109375,370.52728271484375,0,0,0,0,0,0,0,0,0,0,0,0,0,0,0,0,1,0,0,0,0,0,0,0,0
2008-02-25 16:15:00+00:00,30,2,16,292.4183654785156,97.90064239501953,0,0,0,0,0,0,0,0,0,0,0,0,0,0,0,1,1,0,0,0,0,0,0,0,0
2008-02-25 16:15:00+00:00,30,2,16,108.95109558105469,137.8525390625,0,0,0,0,0,0,0,0,0,0,1,1,1,1,1,1,1,0,0,0,0,0,0,0,0
2008-02-25 16:15:00+00:00,30,2,16,168.8798828125,106.040771484375,0,0,0,0,0,0,0,0,0,0,0,0,1,1,1,1,1,0,0,0,0,0,0,0,0
2008-02-25 16:15:00+00:00,30,2,16,84.97758483886719,46.015289306640625,0,0,0,0,0,0,0,0,0,1,1,1,1,1,1,1,1,0,0,0,0,0,0,1,1
2008-02-25 16:15:00+00:00,30,2,16,150.13372802734375,151.36712646484375,0,0,0,0,0,0,0,0,0,0,0,0,1,1,1,1,1,0,0,0,0,0,0,0,0
2008-02-25 16:15:00+00:00,30,2,16,159.76531982421875,104.0935287475586,0,0,0,0,0,0,0,0,0,0,0,0,1,1,1,1,1,0,0,0,0,0,0,0,0
2008-02-25 16:15:00+00:00,30,2,16,346.7913513183594,316.4238586425781,0,0,0,0,0,0,0,0,0,0,0,0,0,0,0,0,1,0,0,0,0,0,0,0,0
2008-02-25 16:30:00+00:00,30,2,16,164.5305633544922,170.00839233398438,0,0,0,0,0,0,0,0,0,0,0,0,1,1,1,1,1,0,0,0,0,0,0,0,0
2008-02-25 16:30:00+00:00,30,2,16,274.2734375,,0,0,0,0,0,0,0,0,0,0,0,0,0,0,0,1,1,0,0,0,0,0,0,0,0
2008-02-25 16:30:00+00:00,30,2,16,501.2951965332031,181.4136962890625,0,0,0,0,0,0,0,0,0,0,0,0,0,0,0,0,0,0,0,0,0,0,0,0,0
2008-02-25 16:30:00+00:00,30,2,16,153.6406707763672,125.51070404052734,0,0,0,0,0,0,0,0,0,0,0,0,1,1,1,1,1,0,0,0,0,0,0,0,0
2008-02-25 16:30:00+00:00,30,2,16,422.6622619628906,370.2791442871094,0,0,0,0,0,0,0,0,0,0,0,0,0,0,0,0,0,0,0,0,0,0,0,0,0
2008-02-25 16:30:00+00:00,30,2,16,70.98033142089844,81.78216552734375,0,0,0,0,0,0,0,0,1,1,1,1,1,1,1,1,1,0,0,0,0,0,0,0,0
2008-02-25 16:30:00+00:00,30,2,16,347.2115783691406,362.1693115234375,0,0,0,0,0,0,0,0,0,0,0,0,0,0,0,0,1,0,0,0,0,0,0,0,0
2008-02-25 16:45:00+00:00,30,2,16,405.35723876953125,357.0945129394531,0,0,0,0,0,0,0,0,0,0,0,0,0,0,0,0,0,0,0,0,0,0,0,0,0
2008-02-25 16:45:00+00:00,30,2,16,220.66311645507812,199.95956420898438,0,0,0,0,0,0,0,0,0,0,0,0,0,0,1,1,1,0,0,0,0,0,0,0,0
2008-02-25 16:45:00+00:00,30,2,16,264.7460021972656,168.70492553710938,0,0,0,0,0,0,0,0,0,0,0,0,0,0,0,1,1,0,0,0,0,0,0,0,0
2008-02-25 17:00:00+00:00,30,2,17,252.68429565429688,207.1348114013672,0,0,0,0,0,0,0,0,0,0,0,0,0,0,0,1,1,0,0,0,0,0,0,0,0
2008-02-25 17:00:00+00:00,30,2,17,98.5044174194336,109.19430541992188,0,0,0,0,0,0,0,0,0,1,1,1,1,1,1,1,1,0,0,0,0,0,0,0,0
2008-02-25 17:15:00+00:00,30,2,17,,,0,0,0,0,0,0,0,0,0,0,0,0,0,0,0,0,0,0,0,0,0,0,0,0,0
2008-02-25 17:30:00+00:00,30,2,17,226.4219970703125,,0,0,0,0,0,0,0,0,0,0,0,0,0,0,1,1,1,0,0,0,0,0,0,0,0
2008-02-25 17:30:00+00:00,30,2,17,166.58432006835938,166.96676635742188,0,0,0,0,0,0,0,0,0,0,0,0,1,1,1,1,1,0,0,0,0,0,0,0,0
2008-02-25 17:30:00+00:00,30,2,17,268.3336486816406,373.1766662597656,0,0,0,0,0,0,0,0,0,0,0,0,0,0,0,1,1,0,0,0,0,0,0,0,0
2008-02-25 17:30:00+00:00,30,2,17,317.0835266113281,3.2264859676361084,0,0,0,0,0,0,0,0,0,0,0,0,0,0,0,0,1,1,1,1,1,1,1,1,1
2008-02-25 17:30:00+00:00,30,2,17,292.6236877441406,296.15020751953125,0,0,0,0,0,0,0,0,0,0,0,0,0,0,0,1,1,0,0,0,0,0,0,0,0
2008-02-25 17:45:00+00:00,30,2,17,61.78182601928711,98.70770263671875,0,0,0,0,0,0,0,0,1,1,1,1,1,1,1,1,1,0,0,0,0,0,0,0,0
2008-02-25 17:45:00+00:00,30,2,17,102.56427764892578,100.04910278320312,0,0,0,0,0,0,0,0,0,0,1,1,1,1,1,1,1,0,0,0,0,0,0,0,0
2008-02-25 17:45:00+00:00,30,2,17,40.845218658447266,45.35247039794922,0,0,0,0,0,0,1,1,1,1,1,1,1,1,1,1,1,0,0,0,0,0,0,1,1
2008-02-26 10:00:00+00:00,30,2,10,,,0,0,0,0,0,0,0,0,0,0,0,0,0,0,0,0,0,0,0,0,0,0,0,0,0
2008-02-26 10:00:00+00:00,30,2,10,,,0,0,0,0,0,0,0,0,0,0,0,0,0,0,0,0,0,0,0,0,0,0,0,0,0
2008-02-26 10:00:00+00:00,30,2,10,,522.6612548828125,0,0,0,0,0,0,0,0,0,0,0,0,0,0,0,0,0,0,0,0,0,0,0,0,0
2008-02-26 10:00:00+00:00,30,2,10,,490.66796875,0,0,0,0,0,0,0,0,0,0,0,0,0,0,0,0,0,0,0,0,0,0,0,0,0
2008-02-26 10:00:00+00:00,30,2,10,,3.324697256088257,0,0,0,0,0,0,0,0,0,0,0,0,0,0,0,0,0,1,1,1,1,1,1,1,1
2008-02-26 10:00:00+00:00,30,2,10,,0.0,0,0,0,0,0,0,0,0,0,0,0,0,0,0,0,0,0,1,1,1,1,1,1,1,1
2008-02-26 10:00:00+00:00,30,2,10,,38.95387649536133,0,0,0,0,0,0,0,0,0,0,0,0,0,0,0,0,0,0,0,0,0,0,1,1,1
2008-02-26 10:00:00+00:00,30,2,10,,,0,0,0,0,0,0,0,0,0,0,0,0,0,0,0,0,0,0,0,0,0,0,0,0,0
2008-02-26 10:00:00+00:00,30,2,10,,,0,0,0,0,0,0,0,0,0,0,0,0,0,0,0,0,0,0,0,0,0,0,0,0,0
2008-02-26 10:00:00+00:00,30,2,10,,,0,0,0,0,0,0,0,0,0,0,0,0,0,0,0,0,0,0,0,0,0,0,0,0,0
2008-02-26 10:00:00+00:00,30,2,10,,,0,0,0,0,0,0,0,0,0,0,0,0,0,0,0,0,0,0,0,0,0,0,0,0,0
2008-02-26 10:00:00+00:00,30,2,10,469.6058654785156,455.8097229003906,0,0,0,0,0,0,0,0,0,0,0,0,0,0,0,0,0,0,0,0,0,0,0,0,0
2008-02-26 10:00:00+00:00,30,2,10,,,0,0,0,0,0,0,0,0,0,0,0,0,0,0,0,0,0,0,0,0,0,0,0,0,0
2008-02-26 10:00:00+00:00,30,2,10,262.1346130371094,38.617645263671875,0,0,0,0,0,0,0,0,0,0,0,0,0,0,0,1,1,0,0,0,0,0,1,1,1
2008-02-26 10:00:00+00:00,30,2,10,,,0,0,0,0,0,0,0,0,0,0,0,0,0,0,0,0,0,0,0,0,0,0,0,0,0
2008-02-26 10:00:00+00:00,30,2,10,,,0,0,0,0,0,0,0,0,0,0,0,0,0,0,0,0,0,0,0,0,0,0,0,0,0
2008-02-26 10:00:00+00:00,30,2,10,133.37109375,150.16795349121094,0,0,0,0,0,0,0,0,0,0,0,1,1,1,1,1,1,0,0,0,0,0,0,0,0
2008-02-26 10:00:00+00:00,30,2,10,358.0007019042969,165.82452392578125,0,0,0,0,0,0,0,0,0,0,0,0,0,0,0,0,0,0,0,0,0,0,0,0,0
2008-02-26 10:00:00+00:00,30,2,10,130.90626525878906,53.884063720703125,0,0,0,0,0,0,0,0,0,0,0,1,1,1,1,1,1,0,0,0,0,0,0,0,1
2008-02-26 10:00:00+00:00,30,2,10,,,0,0,0,0,0,0,0,0,0,0,0,0,0,0,0,0,0,0,0,0,0,0,0,0,0
2008-02-26 10:15:00+00:00,30,2,10,,,0,0,0,0,0,0,0,0,0,0,0,0,0,0,0,0,0,0,0,0,0,0,0,0,0
2008-02-26 10:15:00+00:00,30,2,10,,,0,0,0,0,0,0,0,0,0,0,0,0,0,0,0,0,0,0,0,0,0,0,0,0,0
2008-02-26 10:15:00+00:00,30,2,10,,,0,0,0,0,0,0,0,0,0,0,0,0,0,0,0,0,0,0,0,0,0,0,0,0,0
2008-02-26 10:15:00+00:00,30,2,10,,470.079345703125,0,0,0,0,0,0,0,0,0,0,0,0,0,0,0,0,0,0,0,0,0,0,0,0,0
2008-02-26 10:15:00+00:00,30,2,10,,547.3431396484375,0,0,0,0,0,0,0,0,0,0,0,0,0,0,0,0,0,0,0,0,0,0,0,0,0
2008-02-26 10:15:00+00:00,30,2,10,,447.0826110839844,0,0,0,0,0,0,0,0,0,0,0,0,0,0,0,0,0,0,0,0,0,0,0,0,0
2008-02-26 10:15:00+00:00,30,2,10,,402.6009521484375,0,0,0,0,0,0,0,0,0,0,0,0,0,0,0,0,0,0,0,0,0,0,0,0,0
2008-02-26 10:15:00+00:00,30,2,10,236.4795379638672,150.34278869628906,0,0,0,0,0,0,0,0,0,0,0,0,0,0,1,1,1,0,0,0,0,0,0,0,0
2008-02-26 10:15:00+00:00,30,2,10,127.91421508789062,72.24081420898438,0,0,0,0,0,0,0,0,0,0,0,1,1,1,1,1,1,0,0,0,0,0,0,0,0
2008-02-26 10:15:00+00:00,30,2,10,100.87498474121094,65.29349517822266,0,0,0,0,0,0,0,0,0,0,1,1,1,1,1,1,1,0,0,0,0,0,0,0,0
2008-02-26 10:15:00+00:00,30,2,10,,,0,0,0,0,0,0,0,0,0,0,0,0,0,0,0,0,0,0,0,0,0,0,0,0,0
2008-02-26 10:15:00+00:00,30,2,10,,,0,0,0,0,0,0,0,0,0,0,0,0,0,0,0,0,0,0,0,0,0,0,0,0,0
2008-02-26 10:15:00+00:00,30,2,10,,,0,0,0,0,0,0,0,0,0,0,0,0,0,0,0,0,0,0,0,0,0,0,0,0,0
2008-02-26 10:15:00+00:00,30,2,10,,190.78053283691406,0,0,0,0,0,0,0,0,0,0,0,0,0,0,0,0,0,0,0,0,0,0,0,0,0
2008-02-26 10:15:00+00:00,30,2,10,,352.8821716308594,0,0,0,0,0,0,0,0,0,0,0,0,0,0,0,0,0,0,0,0,0,0,0,0,0
2008-02-26 10:15:00+00:00,30,2,10,,,0,0,0,0,0,0,0,0,0,0,0,0,0,0,0,0,0,0,0,0,0,0,0,0,0
2008-02-26 10:15:00+00:00,30,2,10,,,0,0,0,0,0,0,0,0,0,0,0,0,0,0,0,0,0,0,0,0,0,0,0,0,0
2008-02-26 10:15:00+00:00,30,2,10,,,0,0,0,0,0,0,0,0,0,0,0,0,0,0,0,0,0,0,0,0,0,0,0,0,0
2008-02-26 10:15:00+00:00,30,2,10,368.19769287109375,354.9963684082031,0,0,0,0,0,0,0,0,0,0,0,0,0,0,0,0,0,0,0,0,0,0,0,0,0
2008-02-26 10:15:00+00:00,30,2,10,,110.28553771972656,0,0,0,0,0,0,0,0,0,0,0,0,0,0,0,0,0,0,0,0,0,0,0,0,0
2008-02-26 10:15:00+00:00,30,2,10,,86.8273696899414,0,0,0,0,0,0,0,0,0,0,0,0,0,0,0,0,0,0,0,0,0,0,0,0,0
2008-02-26 10:15:00+00:00,30,2,10,,312.56195068359375,0,0,0,0,0,0,0,0,0,0,0,0,0,0,0,0,0,0,0,0,0,0,0,0,0
2008-02-26 10:15:00+00:00,30,2,10,,451.9674987792969,0,0,0,0,0,0,0,0,0,0,0,0,0,0,0,0,0,0,0,0,0,0,0,0,0
2008-02-26 10:15:00+00:00,30,2,10,,,0,0,0,0,0,0,0,0,0,0,0,0,0,0,0,0,0,0,0,0,0,0,0,0,0
2008-02-26 10:15:00+00:00,30,2,10,,,0,0,0,0,0,0,0,0,0,0,0,0,0,0,0,0,0,0,0,0,0,0,0,0,0
2008-02-26 10:30:00+00:00,30,2,10,,,0,0,0,0,0,0,0,0,0,0,0,0,0,0,0,0,0,0,0,0,0,0,0,0,0
2008-02-26 10:30:00+00:00,30,2,10,,,0,0,0,0,0,0,0,0,0,0,0,0,0,0,0,0,0,0,0,0,0,0,0,0,0
2008-02-26 10:30:00+00:00,30,2,10,,,0,0,0,0,0,0,0,0,0,0,0,0,0,0,0,0,0,0,0,0,0,0,0,0,0
2008-02-26 10:30:00+00:00,30,2,10,,,0,0,0,0,0,0,0,0,0,0,0,0,0,0,0,0,0,0,0,0,0,0,0,0,0
2008-02-26 10:30:00+00:00,30,2,10,,,0,0,0,0,0,0,0,0,0,0,0,0,0,0,0,0,0,0,0,0,0,0,0,0,0
2008-02-26 10:30:00+00:00,30,2,10,,,0,0,0,0,0,0,0,0,0,0,0,0,0,0,0,0,0,0,0,0,0,0,0,0,0
2008-02-26 10:30:00+00:00,30,2,10,,,0,0,0,0,0,0,0,0,0,0,0,0,0,0,0,0,0,0,0,0,0,0,0,0,0
2008-02-26 10:30:00+00:00,30,2,10,,,0,0,0,0,0,0,0,0,0,0,0,0,0,0,0,0,0,0,0,0,0,0,0,0,0
2008-02-26 10:30:00+00:00,30,2,10,,,0,0,0,0,0,0,0,0,0,0,0,0,0,0,0,0,0,0,0,0,0,0,0,0,0
2008-02-26 10:30:00+00:00,30,2,10,292.1730041503906,151.5591583251953,0,0,0,0,0,0,0,0,0,0,0,0,0,0,0,1,1,0,0,0,0,0,0,0,0
2008-02-26 10:30:00+00:00,30,2,10,262.7218933105469,232.38575744628906,0,0,0,0,0,0,0,0,0,0,0,0,0,0,0,1,1,0,0,0,0,0,0,0,0
2008-02-26 10:30:00+00:00,30,2,10,306.9856872558594,142.46693420410156,0,0,0,0,0,0,0,0,0,0,0,0,0,0,0,0,1,0,0,0,0,0,0,0,0
2008-02-26 10:30:00+00:00,30,2,10,47.58928298950195,50.08298110961914,0,0,0,0,0,0,1,1,1,1,1,1,1,1,1,1,1,0,0,0,0,0,0,0,1
2008-02-26 10:30:00+00:00,30,2,10,100.94842529296875,82.607421875,0,0,0,0,0,0,0,0,0,0,1,1,1,1,1,1,1,0,0,0,0,0,0,0,0
2008-02-26 10:30:00+00:00,30,2,10,238.40896606445312,170.98228454589844,0,0,0,0,0,0,0,0,0,0,0,0,0,0,1,1,1,0,0,0,0,0,0,0,0
2008-02-26 10:30:00+00:00,30,2,10,,,0,0,0,0,0,0,0,0,0,0,0,0,0,0,0,0,0,0,0,0,0,0,0,0,0
2008-02-26 10:30:00+00:00,30,2,10,109.23908996582031,63.72489929199219,0,0,0,0,0,0,0,0,0,0,1,1,1,1,1,1,1,0,0,0,0,0,0,0,0
2008-02-26 10:45:00+00:00,30,2,10,,,0,0,0,0,0,0,0,0,0,0,0,0,0,0,0,0,0,0,0,0,0,0,0,0,0
2008-02-26 10:45:00+00:00,30,2,10,,,0,0,0,0,0,0,0,0,0,0,0,0,0,0,0,0,0,0,0,0,0,0,0,0,0
2008-02-26 10:45:00+00:00,30,2,10,,,0,0,0,0,0,0,0,0,0,0,0,0,0,0,0,0,0,0,0,0,0,0,0,0,0
2008-02-26 10:45:00+00:00,30,2,10,,,0,0,0,0,0,0,0,0,0,0,0,0,0,0,0,0,0,0,0,0,0,0,0,0,0
2008-02-26 10:45:00+00:00,30,2,10,,,0,0,0,0,0,0,0,0,0,0,0,0,0,0,0,0,0,0,0,0,0,0,0,0,0
2008-02-26 10:45:00+00:00,30,2,10,,,0,0,0,0,0,0,0,0,0,0,0,0,0,0,0,0,0,0,0,0,0,0,0,0,0
2008-02-26 10:45:00+00:00,30,2,10,,,0,0,0,0,0,0,0,0,0,0,0,0,0,0,0,0,0,0,0,0,0,0,0,0,0
2008-02-26 10:45:00+00:00,30,2,10,,,0,0,0,0,0,0,0,0,0,0,0,0,0,0,0,0,0,0,0,0,0,0,0,0,0
2008-02-26 10:45:00+00:00,30,2,10,62.061439514160156,57.230716705322266,0,0,0,0,0,0,0,0,1,1,1,1,1,1,1,1,1,0,0,0,0,0,0,0,1
2008-02-26 10:45:00+00:00,30,2,10,413.5342712402344,,0,0,0,0,0,0,0,0,0,0,0,0,0,0,0,0,0,0,0,0,0,0,0,0,0
2008-02-26 10:45:00+00:00,30,2,10,,,0,0,0,0,0,0,0,0,0,0,0,0,0,0,0,0,0,0,0,0,0,0,0,0,0
2008-02-26 10:45:00+00:00,30,2,10,,,0,0,0,0,0,0,0,0,0,0,0,0,0,0,0,0,0,0,0,0,0,0,0,0,0
2008-02-26 10:45:00+00:00,30,2,10,321.3235778808594,,0,0,0,0,0,0,0,0,0,0,0,0,0,0,0,0,1,0,0,0,0,0,0,0,0
2008-02-26 10:45:00+00:00,30,2,10,,,0,0,0,0,0,0,0,0,0,0,0,0,0,0,0,0,0,0,0,0,0,0,0,0,0
2008-02-26 10:45:00+00:00,30,2,10,,,0,0,0,0,0,0,0,0,0,0,0,0,0,0,0,0,0,0,0,0,0,0,0,0,0
2008-02-26 10:45:00+00:00,30,2,10,,,0,0,0,0,0,0,0,0,0,0,0,0,0,0,0,0,0,0,0,0,0,0,0,0,0
2008-02-26 10:45:00+00:00,30,2,10,,,0,0,0,0,0,0,0,0,0,0,0,0,0,0,0,0,0,0,0,0,0,0,0,0,0
2008-02-26 10:45:00+00:00,30,2,10,,,0,0,0,0,0,0,0,0,0,0,0,0,0,0,0,0,0,0,0,0,0,0,0,0,0
2008-02-26 10:45:00+00:00,30,2,10,,,0,0,0,0,0,0,0,0,0,0,0,0,0,0,0,0,0,0,0,0,0,0,0,0,0
2008-02-26 10:45:00+00:00,30,2,10,408.868896484375,,0,0,0,0,0,0,0,0,0,0,0,0,0,0,0,0,0,0,0,0,0,0,0,0,0
2008-02-26 10:45:00+00:00,30,2,10,,,0,0,0,0,0,0,0,0,0,0,0,0,0,0,0,0,0,0,0,0,0,0,0,0,0
2008-02-26 10:45:00+00:00,30,2,10,152.13169860839844,151.8279266357422,0,0,0,0,0,0,0,0,0,0,0,0,1,1,1,1,1,0,0,0,0,0,0,0,0
2008-02-26 10:45:00+00:00,30,2,10,138.1076202392578,182.84877014160156,0,0,0,0,0,0,0,0,0,0,0,1,1,1,1,1,1,0,0,0,0,0,0,0,0
2008-02-26 10:45:00+00:00,30,2,10,137.4607696533203,282.037841796875,0,0,0,0,0,0,0,0,0,0,0,1,1,1,1,1,1,0,0,0,0,0,0,0,0
2008-02-26 10:45:00+00:00,30,2,10,117.25843048095703,297.05303955078125,0,0,0,0,0,0,0,0,0,0,1,1,1,1,1,1,1,0,0,0,0,0,0,0,0
2008-02-26 10:45:00+00:00,30,2,10,81.2049560546875,97.34357452392578,0,0,0,0,0,0,0,0,0,1,1,1,1,1,1,1,1,0,0,0,0,0,0,0,0
2008-02-26 10:45:00+00:00,30,2,10,181.75494384765625,90.04547119140625,0,0,0,0,0,0,0,0,0,0,0,0,0,1,1,1,1,0,0,0,0,0,0,0,0
2008-02-26 10:45:00+00:00,30,2,10,129.68406677246094,155.8821563720703,0,0,0,0,0,0,0,0,0,0,0,1,1,1,1,1,1,0,0,0,0,0,0,0,0
2008-02-26 11:00:00+00:00,30,2,11,,,0,0,0,0,0,0,0,0,0,0,0,0,0,0,0,0,0,0,0,0,0,0,0,0,0
2008-02-26 11:00:00+00:00,30,2,11,,,0,0,0,0,0,0,0,0,0,0,0,0,0,0,0,0,0,0,0,0,0,0,0,0,0
2008-02-26 11:00:00+00:00,30,2,11,,,0,0,0,0,0,0,0,0,0,0,0,0,0,0,0,0,0,0,0,0,0,0,0,0,0
2008-02-26 11:00:00+00:00,30,2,11,,,0,0,0,0,0,0,0,0,0,0,0,0,0,0,0,0,0,0,0,0,0,0,0,0,0
2008-02-26 11:00:00+00:00,30,2,11,,,0,0,0,0,0,0,0,0,0,0,0,0,0,0,0,0,0,0,0,0,0,0,0,0,0
2008-02-26 11:00:00+00:00,30,2,11,,,0,0,0,0,0,0,0,0,0,0,0,0,0,0,0,0,0,0,0,0,0,0,0,0,0
2008-02-26 11:00:00+00:00,30,2,11,,,0,0,0,0,0,0,0,0,0,0,0,0,0,0,0,0,0,0,0,0,0,0,0,0,0
2008-02-26 11:00:00+00:00,30,2,11,,,0,0,0,0,0,0,0,0,0,0,0,0,0,0,0,0,0,0,0,0,0,0,0,0,0
2008-02-26 11:00:00+00:00,30,2,11,,564.6534423828125,0,0,0,0,0,0,0,0,0,0,0,0,0,0,0,0,0,0,0,0,0,0,0,0,0
2008-02-26 11:00:00+00:00,30,2,11,,,0,0,0,0,0,0,0,0,0,0,0,0,0,0,0,0,0,0,0,0,0,0,0,0,0
2008-02-26 11:00:00+00:00,30,2,11,,,0,0,0,0,0,0,0,0,0,0,0,0,0,0,0,0,0,0,0,0,0,0,0,0,0
2008-02-26 11:00:00+00:00,30,2,11,173.40768432617188,168.88600158691406,0,0,0,0,0,0,0,0,0,0,0,0,1,1,1,1,1,0,0,0,0,0,0,0,0
2008-02-26 11:00:00+00:00,30,2,11,,,0,0,0,0,0,0,0,0,0,0,0,0,0,0,0,0,0,0,0,0,0,0,0,0,0
2008-02-26 11:00:00+00:00,30,2,11,,,0,0,0,0,0,0,0,0,0,0,0,0,0,0,0,0,0,0,0,0,0,0,0,0,0
2008-02-26 11:00:00+00:00,30,2,11,259.2667541503906,281.1436767578125,0,0,0,0,0,0,0,0,0,0,0,0,0,0,0,1,1,0,0,0,0,0,0,0,0
2008-02-26 11:00:00+00:00,30,2,11,103.5831298828125,78.250244140625,0,0,0,0,0,0,0,0,0,0,1,1,1,1,1,1,1,0,0,0,0,0,0,0,0
2008-02-26 11:00:00+00:00,30,2,11,293.9398193359375,307.1657409667969,0,0,0,0,0,0,0,0,0,0,0,0,0,0,0,1,1,0,0,0,0,0,0,0,0
2008-02-26 11:00:00+00:00,30,2,11,,517.7254028320312,0,0,0,0,0,0,0,0,0,0,0,0,0,0,0,0,0,0,0,0,0,0,0,0,0
2008-02-26 11:00:00+00:00,30,2,11,284.1042175292969,287.0794372558594,0,0,0,0,0,0,0,0,0,0,0,0,0,0,0,1,1,0,0,0,0,0,0,0,0
2008-02-26 11:00:00+00:00,30,2,11,223.40005493164062,227.4678192138672,0,0,0,0,0,0,0,0,0,0,0,0,0,0,1,1,1,0,0,0,0,0,0,0,0
2008-02-26 11:00:00+00:00,30,2,11,227.74009704589844,233.11036682128906,0,0,0,0,0,0,0,0,0,0,0,0,0,0,1,1,1,0,0,0,0,0,0,0,0
2008-02-26 11:00:00+00:00,30,2,11,,,0,0,0,0,0,0,0,0,0,0,0,0,0,0,0,0,0,0,0,0,0,0,0,0,0
2008-02-26 11:00:00+00:00,30,2,11,215.30853271484375,221.3919219970703,0,0,0,0,0,0,0,0,0,0,0,0,0,0,1,1,1,0,0,0,0,0,0,0,0
2008-02-26 11:00:00+00:00,30,2,11,,440.85882568359375,0,0,0,0,0,0,0,0,0,0,0,0,0,0,0,0,0,0,0,0,0,0,0,0,0
2008-02-26 11:00:00+00:00,30,2,11,119.10453033447266,119.10453033447266,0,0,0,0,0,0,0,0,0,0,1,1,1,1,1,1,1,0,0,0,0,0,0,0,0
2008-02-26 11:00:00+00:00,30,2,11,284.6159362792969,295.06817626953125,0,0,0,0,0,0,0,0,0,0,0,0,0,0,0,1,1,0,0,0,0,0,0,0,0
2008-02-26 11:00:00+00:00,30,2,11,,221.28463745117188,0,0,0,0,0,0,0,0,0,0,0,0,0,0,0,0,0,0,0,0,0,0,0,0,0
2008-02-26 11:00:00+00:00,30,2,11,,353.3760681152344,0,0,0,0,0,0,0,0,0,0,0,0,0,0,0,0,0,0,0,0,0,0,0,0,0
2008-02-26 11:00:00+00:00,30,2,11,102.13363647460938,105.75199890136719,0,0,0,0,0,0,0,0,0,0,1,1,1,1,1,1,1,0,0,0,0,0,0,0,0
2008-02-26 11:00:00+00:00,30,2,11,,175.16513061523438,0,0,0,0,0,0,0,0,0,0,0,0,0,0,0,0,0,0,0,0,0,0,0,0,0
2008-02-26 11:00:00+00:00,30,2,11,,309.27178955078125,0,0,0,0,0,0,0,0,0,0,0,0,0,0,0,0,0,0,0,0,0,0,0,0,0
2008-02-26 11:00:00+00:00,30,2,11,199.01028442382812,90.4822769165039,0,0,0,0,0,0,0,0,0,0,0,0,0,1,1,1,1,0,0,0,0,0,0,0,0
2008-02-26 11:00:00+00:00,30,2,11,141.83750915527344,379.97161865234375,0,0,0,0,0,0,0,0,0,0,0,1,1,1,1,1,1,0,0,0,0,0,0,0,0
2008-02-26 11:00:00+00:00,30,2,11,,,0,0,0,0,0,0,0,0,0,0,0,0,0,0,0,0,0,0,0,0,0,0,0,0,0
2008-02-26 11:15:00+00:00,30,2,11,,,0,0,0,0,0,0,0,0,0,0,0,0,0,0,0,0,0,0,0,0,0,0,0,0,0
2008-02-26 11:15:00+00:00,30,2,11,,,0,0,0,0,0,0,0,0,0,0,0,0,0,0,0,0,0,0,0,0,0,0,0,0,0
2008-02-26 11:15:00+00:00,30,2,11,,,0,0,0,0,0,0,0,0,0,0,0,0,0,0,0,0,0,0,0,0,0,0,0,0,0
2008-02-26 11:15:00+00:00,30,2,11,,,0,0,0,0,0,0,0,0,0,0,0,0,0,0,0,0,0,0,0,0,0,0,0,0,0
2008-02-26 11:15:00+00:00,30,2,11,,380.2710876464844,0,0,0,0,0,0,0,0,0,0,0,0,0,0,0,0,0,0,0,0,0,0,0,0,0
2008-02-26 11:15:00+00:00,30,2,11,,,0,0,0,0,0,0,0,0,0,0,0,0,0,0,0,0,0,0,0,0,0,0,0,0,0
2008-02-26 11:15:00+00:00,30,2,11,490.8303527832031,255.1142120361328,0,0,0,0,0,0,0,0,0,0,0,0,0,0,0,0,0,0,0,0,0,0,0,0,0
2008-02-26 11:15:00+00:00,30,2,11,,219.7630157470703,0,0,0,0,0,0,0,0,0,0,0,0,0,0,0,0,0,0,0,0,0,0,0,0,0
2008-02-26 11:15:00+00:00,30,2,11,,326.60040283203125,0,0,0,0,0,0,0,0,0,0,0,0,0,0,0,0,0,0,0,0,0,0,0,0,0
2008-02-26 11:15:00+00:00,30,2,11,,203.9252471923828,0,0,0,0,0,0,0,0,0,0,0,0,0,0,0,0,0,0,0,0,0,0,0,0,0
2008-02-26 11:15:00+00:00,30,2,11,,166.2430877685547,0,0,0,0,0,0,0,0,0,0,0,0,0,0,0,0,0,0,0,0,0,0,0,0,0
2008-02-26 11:15:00+00:00,30,2,11,,373.49639892578125,0,0,0,0,0,0,0,0,0,0,0,0,0,0,0,0,0,0,0,0,0,0,0,0,0
2008-02-26 11:15:00+00:00,30,2,11,,222.52674865722656,0,0,0,0,0,0,0,0,0,0,0,0,0,0,0,0,0,0,0,0,0,0,0,0,0
2008-02-26 11:15:00+00:00,30,2,11,,391.39276123046875,0,0,0,0,0,0,0,0,0,0,0,0,0,0,0,0,0,0,0,0,0,0,0,0,0
2008-02-26 11:15:00+00:00,30,2,11,363.9713134765625,202.4296875,0,0,0,0,0,0,0,0,0,0,0,0,0,0,0,0,0,0,0,0,0,0,0,0,0
2008-02-26 11:15:00+00:00,30,2,11,313.2035217285156,229.1202850341797,0,0,0,0,0,0,0,0,0,0,0,0,0,0,0,0,1,0,0,0,0,0,0,0,0
2008-02-26 11:15:00+00:00,30,2,11,,202.92422485351562,0,0,0,0,0,0,0,0,0,0,0,0,0,0,0,0,0,0,0,0,0,0,0,0,0
2008-02-26 11:15:00+00:00,30,2,11,237.07650756835938,218.5868682861328,0,0,0,0,0,0,0,0,0,0,0,0,0,0,1,1,1,0,0,0,0,0,0,0,0
2008-02-26 11:15:00+00:00,30,2,11,118.79259490966797,103.82840728759766,0,0,0,0,0,0,0,0,0,0,1,1,1,1,1,1,1,0,0,0,0,0,0,0,0
2008-02-26 11:15:00+00:00,30,2,11,67.32160186767578,55.72414779663086,0,0,0,0,0,0,0,0,1,1,1,1,1,1,1,1,1,0,0,0,0,0,0,0,1
2008-02-26 11:15:00+00:00,30,2,11,,435.7729187011719,0,0,0,0,0,0,0,0,0,0,0,0,0,0,0,0,0,0,0,0,0,0,0,0,0
2008-02-26 11:15:00+00:00,30,2,11,108.48973083496094,70.21109771728516,0,0,0,0,0,0,0,0,0,0,1,1,1,1,1,1,1,0,0,0,0,0,0,0,0
2008-02-26 11:15:00+00:00,30,2,11,181.57345581054688,69.27845001220703,0,0,0,0,0,0,0,0,0,0,0,0,0,1,1,1,1,0,0,0,0,0,0,0,0
2008-02-26 11:30:00+00:00,30,2,11,,,0,0,0,0,0,0,0,0,0,0,0,0,0,0,0,0,0,0,0,0,0,0,0,0,0
2008-02-26 11:30:00+00:00,30,2,11,,,0,0,0,0,0,0,0,0,0,0,0,0,0,0,0,0,0,0,0,0,0,0,0,0,0
2008-02-26 11:30:00+00:00,30,2,11,,,0,0,0,0,0,0,0,0,0,0,0,0,0,0,0,0,0,0,0,0,0,0,0,0,0
2008-02-26 11:30:00+00:00,30,2,11,630.93896484375,590.3038330078125,0,0,0,0,0,0,0,0,0,0,0,0,0,0,0,0,0,0,0,0,0,0,0,0,0
2008-02-26 11:30:00+00:00,30,2,11,388.1811828613281,324.6832580566406,0,0,0,0,0,0,0,0,0,0,0,0,0,0,0,0,0,0,0,0,0,0,0,0,0
2008-02-26 11:30:00+00:00,30,2,11,437.6389465332031,134.2884521484375,0,0,0,0,0,0,0,0,0,0,0,0,0,0,0,0,0,0,0,0,0,0,0,0,0
2008-02-26 11:30:00+00:00,30,2,11,,55.16105270385742,0,0,0,0,0,0,0,0,0,0,0,0,0,0,0,0,0,0,0,0,0,0,0,0,1
2008-02-26 11:30:00+00:00,30,2,11,,,0,0,0,0,0,0,0,0,0,0,0,0,0,0,0,0,0,0,0,0,0,0,0,0,0
2008-02-26 11:30:00+00:00,30,2,11,,,0,0,0,0,0,0,0,0,0,0,0,0,0,0,0,0,0,0,0,0,0,0,0,0,0
2008-02-26 11:30:00+00:00,30,2,11,,,0,0,0,0,0,0,0,0,0,0,0,0,0,0,0,0,0,0,0,0,0,0,0,0,0
2008-02-26 11:30:00+00:00,30,2,11,,,0,0,0,0,0,0,0,0,0,0,0,0,0,0,0,0,0,0,0,0,0,0,0,0,0
2008-02-26 11:30:00+00:00,30,2,11,,403.8135070800781,0,0,0,0,0,0,0,0,0,0,0,0,0,0,0,0,0,0,0,0,0,0,0,0,0
2008-02-26 11:30:00+00:00,30,2,11,,,0,0,0,0,0,0,0,0,0,0,0,0,0,0,0,0,0,0,0,0,0,0,0,0,0
2008-02-26 11:30:00+00:00,30,2,11,,173.8534698486328,0,0,0,0,0,0,0,0,0,0,0,0,0,0,0,0,0,0,0,0,0,0,0,0,0
2008-02-26 11:30:00+00:00,30,2,11,,,0,0,0,0,0,0,0,0,0,0,0,0,0,0,0,0,0,0,0,0,0,0,0,0,0
2008-02-26 11:30:00+00:00,30,2,11,,,0,0,0,0,0,0,0,0,0,0,0,0,0,0,0,0,0,0,0,0,0,0,0,0,0
2008-02-26 11:30:00+00:00,30,2,11,334.285400390625,,0,0,0,0,0,0,0,0,0,0,0,0,0,0,0,0,1,0,0,0,0,0,0,0,0
2008-02-26 11:30:00+00:00,30,2,11,388.3757019042969,,0,0,0,0,0,0,0,0,0,0,0,0,0,0,0,0,0,0,0,0,0,0,0,0,0
2008-02-26 11:30:00+00:00,30,2,11,379.0447692871094,421.60919189453125,0,0,0,0,0,0,0,0,0,0,0,0,0,0,0,0,0,0,0,0,0,0,0,0,0
2008-02-26 11:30:00+00:00,30,2,11,343.2362060546875,352.52276611328125,0,0,0,0,0,0,0,0,0,0,0,0,0,0,0,0,1,0,0,0,0,0,0,0,0
2008-02-26 11:30:00+00:00,30,2,11,158.3759002685547,148.82968139648438,0,0,0,0,0,0,0,0,0,0,0,0,1,1,1,1,1,0,0,0,0,0,0,0,0
2008-02-26 11:30:00+00:00,30,2,11,214.66287231445312,235.4171600341797,0,0,0,0,0,0,0,0,0,0,0,0,0,0,1,1,1,0,0,0,0,0,0,0,0
2008-02-26 11:30:00+00:00,30,2,11,397.2876892089844,393.49505615234375,0,0,0,0,0,0,0,0,0,0,0,0,0,0,0,0,0,0,0,0,0,0,0,0,0
2008-02-26 11:30:00+00:00,30,2,11,97.66461181640625,86.47469329833984,0,0,0,0,0,0,0,0,0,1,1,1,1,1,1,1,1,0,0,0,0,0,0,0,0
2008-02-26 11:30:00+00:00,30,2,11,311.93902587890625,302.5445251464844,0,0,0,0,0,0,0,0,0,0,0,0,0,0,0,0,1,0,0,0,0,0,0,0,0
2008-02-26 11:30:00+00:00,30,2,11,,574.094482421875,0,0,0,0,0,0,0,0,0,0,0,0,0,0,0,0,0,0,0,0,0,0,0,0,0
2008-02-26 11:30:00+00:00,30,2,11,,,0,0,0,0,0,0,0,0,0,0,0,0,0,0,0,0,0,0,0,0,0,0,0,0,0
2008-02-26 11:45:00+00:00,30,2,11,,,0,0,0,0,0,0,0,0,0,0,0,0,0,0,0,0,0,0,0,0,0,0,0,0,0
2008-02-26 11:45:00+00:00,30,2,11,,,0,0,0,0,0,0,0,0,0,0,0,0,0,0,0,0,0,0,0,0,0,0,0,0,0
2008-02-26 11:45:00+00:00,30,2,11,,,0,0,0,0,0,0,0,0,0,0,0,0,0,0,0,0,0,0,0,0,0,0,0,0,0
2008-02-26 11:45:00+00:00,30,2,11,247.89842224121094,241.876220703125,0,0,0,0,0,0,0,0,0,0,0,0,0,0,1,1,1,0,0,0,0,0,0,0,0
2008-02-26 11:45:00+00:00,30,2,11,225.93359375,210.81564331054688,0,0,0,0,0,0,0,0,0,0,0,0,0,0,1,1,1,0,0,0,0,0,0,0,0
2008-02-26 11:45:00+00:00,30,2,11,,630.6469116210938,0,0,0,0,0,0,0,0,0,0,0,0,0,0,0,0,0,0,0,0,0,0,0,0,0
2008-02-26 11:45:00+00:00,30,2,11,252.78042602539062,229.23219299316406,0,0,0,0,0,0,0,0,0,0,0,0,0,0,0,1,1,0,0,0,0,0,0,0,0
2008-02-26 11:45:00+00:00,30,2,11,348.09039306640625,107.75716400146484,0,0,0,0,0,0,0,0,0,0,0,0,0,0,0,0,1,0,0,0,0,0,0,0,0
2008-02-26 11:45:00+00:00,30,2,11,,,0,0,0,0,0,0,0,0,0,0,0,0,0,0,0,0,0,0,0,0,0,0,0,0,0
2008-02-26 11:45:00+00:00,30,2,11,,243.0932159423828,0,0,0,0,0,0,0,0,0,0,0,0,0,0,0,0,0,0,0,0,0,0,0,0,0
2008-02-26 11:45:00+00:00,30,2,11,370.1087646484375,321.3387145996094,0,0,0,0,0,0,0,0,0,0,0,0,0,0,0,0,0,0,0,0,0,0,0,0,0
2008-02-26 11:45:00+00:00,30,2,11,,,0,0,0,0,0,0,0,0,0,0,0,0,0,0,0,0,0,0,0,0,0,0,0,0,0
2008-02-26 11:45:00+00:00,30,2,11,211.3702392578125,172.2277374267578,0,0,0,0,0,0,0,0,0,0,0,0,0,0,1,1,1,0,0,0,0,0,0,0,0
2008-02-26 11:45:00+00:00,30,2,11,301.86016845703125,255.50978088378906,0,0,0,0,0,0,0,0,0,0,0,0,0,0,0,0,1,0,0,0,0,0,0,0,0
2008-02-26 11:45:00+00:00,30,2,11,336.7568359375,368.41717529296875,0,0,0,0,0,0,0,0,0,0,0,0,0,0,0,0,1,0,0,0,0,0,0,0,0
2008-02-26 11:45:00+00:00,30,2,11,144.87171936035156,262.74627685546875,0,0,0,0,0,0,0,0,0,0,0,1,1,1,1,1,1,0,0,0,0,0,0,0,0
2008-02-26 11:45:00+00:00,30,2,11,147.3218536376953,139.0448760986328,0,0,0,0,0,0,0,0,0,0,0,1,1,1,1,1,1,0,0,0,0,0,0,0,0
2008-02-26 11:45:00+00:00,30,2,11,392.5555725097656,354.9553527832031,0,0,0,0,0,0,0,0,0,0,0,0,0,0,0,0,0,0,0,0,0,0,0,0,0
2008-02-26 11:45:00+00:00,30,2,11,444.5635681152344,438.47808837890625,0,0,0,0,0,0,0,0,0,0,0,0,0,0,0,0,0,0,0,0,0,0,0,0,0
2008-02-26 11:45:00+00:00,30,2,11,190.69326782226562,210.72718811035156,0,0,0,0,0,0,0,0,0,0,0,0,0,1,1,1,1,0,0,0,0,0,0,0,0
2008-02-26 11:45:00+00:00,30,2,11,199.99850463867188,191.40081787109375,0,0,0,0,0,0,0,0,0,0,0,0,0,1,1,1,1,0,0,0,0,0,0,0,0
2008-02-26 11:45:00+00:00,30,2,11,278.3328857421875,228.97499084472656,0,0,0,0,0,0,0,0,0,0,0,0,0,0,0,1,1,0,0,0,0,0,0,0,0
2008-02-26 11:45:00+00:00,30,2,11,481.89141845703125,224.34617614746094,0,0,0,0,0,0,0,0,0,0,0,0,0,0,0,0,0,0,0,0,0,0,0,0,0
2008-02-26 11:45:00+00:00,30,2,11,53.68901443481445,0.0,0,0,0,0,0,0,0,1,1,1,1,1,1,1,1,1,1,1,1,1,1,1,1,1,1
2008-02-26 12:00:00+00:00,30,2,12,,,0,0,0,0,0,0,0,0,0,0,0,0,0,0,0,0,0,0,0,0,0,0,0,0,0
2008-02-26 12:00:00+00:00,30,2,12,,,0,0,0,0,0,0,0,0,0,0,0,0,0,0,0,0,0,0,0,0,0,0,0,0,0
2008-02-26 12:00:00+00:00,30,2,12,,,0,0,0,0,0,0,0,0,0,0,0,0,0,0,0,0,0,0,0,0,0,0,0,0,0
2008-02-26 12:00:00+00:00,30,2,12,,,0,0,0,0,0,0,0,0,0,0,0,0,0,0,0,0,0,0,0,0,0,0,0,0,0
2008-02-26 12:00:00+00:00,30,2,12,,451.59906005859375,0,0,0,0,0,0,0,0,0,0,0,0,0,0,0,0,0,0,0,0,0,0,0,0,0
2008-02-26 12:00:00+00:00,30,2,12,162.23419189453125,191.81597900390625,0,0,0,0,0,0,0,0,0,0,0,0,1,1,1,1,1,0,0,0,0,0,0,0,0
2008-02-26 12:00:00+00:00,30,2,12,,333.03582763671875,0,0,0,0,0,0,0,0,0,0,0,0,0,0,0,0,0,0,0,0,0,0,0,0,0
2008-02-26 12:00:00+00:00,30,2,12,,352.4637145996094,0,0,0,0,0,0,0,0,0,0,0,0,0,0,0,0,0,0,0,0,0,0,0,0,0
2008-02-26 12:00:00+00:00,30,2,12,,,0,0,0,0,0,0,0,0,0,0,0,0,0,0,0,0,0,0,0,0,0,0,0,0,0
2008-02-26 12:00:00+00:00,30,2,12,,92.88302612304688,0,0,0,0,0,0,0,0,0,0,0,0,0,0,0,0,0,0,0,0,0,0,0,0,0
2008-02-26 12:00:00+00:00,30,2,12,,112.54328918457031,0,0,0,0,0,0,0,0,0,0,0,0,0,0,0,0,0,0,0,0,0,0,0,0,0
2008-02-26 12:00:00+00:00,30,2,12,181.75714111328125,,0,0,0,0,0,0,0,0,0,0,0,0,0,1,1,1,1,0,0,0,0,0,0,0,0
2008-02-26 12:00:00+00:00,30,2,12,377.5058898925781,376.4294128417969,0,0,0,0,0,0,0,0,0,0,0,0,0,0,0,0,0,0,0,0,0,0,0,0,0
2008-02-26 12:00:00+00:00,30,2,12,196.82229614257812,159.13116455078125,0,0,0,0,0,0,0,0,0,0,0,0,0,1,1,1,1,0,0,0,0,0,0,0,0
2008-02-26 12:00:00+00:00,30,2,12,362.26385498046875,318.7389831542969,0,0,0,0,0,0,0,0,0,0,0,0,0,0,0,0,0,0,0,0,0,0,0,0,0
2008-02-26 12:00:00+00:00,30,2,12,180.83526611328125,165.04603576660156,0,0,0,0,0,0,0,0,0,0,0,0,0,1,1,1,1,0,0,0,0,0,0,0,0
2008-02-26 12:00:00+00:00,30,2,12,221.2731475830078,101.99420928955078,0,0,0,0,0,0,0,0,0,0,0,0,0,0,1,1,1,0,0,0,0,0,0,0,0
2008-02-26 12:00:00+00:00,30,2,12,200.19493103027344,178.23670959472656,0,0,0,0,0,0,0,0,0,0,0,0,0,0,1,1,1,0,0,0,0,0,0,0,0
2008-02-26 12:00:00+00:00,30,2,12,,,0,0,0,0,0,0,0,0,0,0,0,0,0,0,0,0,0,0,0,0,0,0,0,0,0
2008-02-26 12:00:00+00:00,30,2,12,211.46507263183594,163.79147338867188,0,0,0,0,0,0,0,0,0,0,0,0,0,0,1,1,1,0,0,0,0,0,0,0,0
2008-02-26 12:00:00+00:00,30,2,12,158.02577209472656,124.52952575683594,0,0,0,0,0,0,0,0,0,0,0,0,1,1,1,1,1,0,0,0,0,0,0,0,0
2008-02-26 12:00:00+00:00,30,2,12,458.3176574707031,90.85071563720703,0,0,0,0,0,0,0,0,0,0,0,0,0,0,0,0,0,0,0,0,0,0,0,0,0
2008-02-26 12:00:00+00:00,30,2,12,409.8961181640625,10.229898452758789,0,0,0,0,0,0,0,0,0,0,0,0,0,0,0,0,0,0,1,1,1,1,1,1,1
2008-02-26 12:00:00+00:00,30,2,12,96.39595794677734,93.04924011230469,0,0,0,0,0,0,0,0,0,1,1,1,1,1,1,1,1,0,0,0,0,0,0,0,0
2008-02-26 12:00:00+00:00,30,2,12,,,0,0,0,0,0,0,0,0,0,0,0,0,0,0,0,0,0,0,0,0,0,0,0,0,0
2008-02-26 12:00:00+00:00,30,2,12,,,0,0,0,0,0,0,0,0,0,0,0,0,0,0,0,0,0,0,0,0,0,0,0,0,0
2008-02-26 12:00:00+00:00,30,2,12,,,0,0,0,0,0,0,0,0,0,0,0,0,0,0,0,0,0,0,0,0,0,0,0,0,0
2008-02-26 12:15:00+00:00,30,2,12,,,0,0,0,0,0,0,0,0,0,0,0,0,0,0,0,0,0,0,0,0,0,0,0,0,0
2008-02-26 12:15:00+00:00,30,2,12,,,0,0,0,0,0,0,0,0,0,0,0,0,0,0,0,0,0,0,0,0,0,0,0,0,0
2008-02-26 12:15:00+00:00,30,2,12,,,0,0,0,0,0,0,0,0,0,0,0,0,0,0,0,0,0,0,0,0,0,0,0,0,0
2008-02-26 12:15:00+00:00,30,2,12,317.2242431640625,239.6238555908203,0,0,0,0,0,0,0,0,0,0,0,0,0,0,0,0,1,0,0,0,0,0,0,0,0
2008-02-26 12:15:00+00:00,30,2,12,,,0,0,0,0,0,0,0,0,0,0,0,0,0,0,0,0,0,0,0,0,0,0,0,0,0
2008-02-26 12:15:00+00:00,30,2,12,,,0,0,0,0,0,0,0,0,0,0,0,0,0,0,0,0,0,0,0,0,0,0,0,0,0
2008-02-26 12:15:00+00:00,30,2,12,,,0,0,0,0,0,0,0,0,0,0,0,0,0,0,0,0,0,0,0,0,0,0,0,0,0
2008-02-26 12:15:00+00:00,30,2,12,294.40924072265625,,0,0,0,0,0,0,0,0,0,0,0,0,0,0,0,1,1,0,0,0,0,0,0,0,0
2008-02-26 12:15:00+00:00,30,2,12,,83.27686309814453,0,0,0,0,0,0,0,0,0,0,0,0,0,0,0,0,0,0,0,0,0,0,0,0,0
2008-02-26 12:15:00+00:00,30,2,12,,266.1994323730469,0,0,0,0,0,0,0,0,0,0,0,0,0,0,0,0,0,0,0,0,0,0,0,0,0
2008-02-26 12:15:00+00:00,30,2,12,,165.95846557617188,0,0,0,0,0,0,0,0,0,0,0,0,0,0,0,0,0,0,0,0,0,0,0,0,0
2008-02-26 12:15:00+00:00,30,2,12,,340.7424011230469,0,0,0,0,0,0,0,0,0,0,0,0,0,0,0,0,0,0,0,0,0,0,0,0,0
2008-02-26 12:15:00+00:00,30,2,12,,153.4721221923828,0,0,0,0,0,0,0,0,0,0,0,0,0,0,0,0,0,0,0,0,0,0,0,0,0
2008-02-26 12:15:00+00:00,30,2,12,543.696533203125,544.8431396484375,0,0,0,0,0,0,0,0,0,0,0,0,0,0,0,0,0,0,0,0,0,0,0,0,0
2008-02-26 12:15:00+00:00,30,2,12,383.7684326171875,128.951904296875,0,0,0,0,0,0,0,0,0,0,0,0,0,0,0,0,0,0,0,0,0,0,0,0,0
2008-02-26 12:15:00+00:00,30,2,12,643.2898559570312,648.0165405273438,0,0,0,0,0,0,0,0,0,0,0,0,0,0,0,0,0,0,0,0,0,0,0,0,0
2008-02-26 12:15:00+00:00,30,2,12,144.0861358642578,149.77813720703125,0,0,0,0,0,0,0,0,0,0,0,1,1,1,1,1,1,0,0,0,0,0,0,0,0
2008-02-26 12:15:00+00:00,30,2,12,72.91551971435547,73.79308319091797,0,0,0,0,0,0,0,0,1,1,1,1,1,1,1,1,1,0,0,0,0,0,0,0,0
2008-02-26 12:15:00+00:00,30,2,12,167.07586669921875,114.36683654785156,0,0,0,0,0,0,0,0,0,0,0,0,1,1,1,1,1,0,0,0,0,0,0,0,0
2008-02-26 12:15:00+00:00,30,2,12,144.08181762695312,83.46503448486328,0,0,0,0,0,0,0,0,0,0,0,1,1,1,1,1,1,0,0,0,0,0,0,0,0
2008-02-26 12:15:00+00:00,30,2,12,96.5245590209961,113.4111328125,0,0,0,0,0,0,0,0,0,1,1,1,1,1,1,1,1,0,0,0,0,0,0,0,0
2008-02-26 12:15:00+00:00,30,2,12,,,0,0,0,0,0,0,0,0,0,0,0,0,0,0,0,0,0,0,0,0,0,0,0,0,0
2008-02-26 12:15:00+00:00,30,2,12,,452.87762451171875,0,0,0,0,0,0,0,0,0,0,0,0,0,0,0,0,0,0,0,0,0,0,0,0,0
2008-02-26 12:15:00+00:00,30,2,12,226.1853485107422,0.0,0,0,0,0,0,0,0,0,0,0,0,0,0,0,1,1,1,1,1,1,1,1,1,1,1
2008-02-26 12:30:00+00:00,30,2,12,,,0,0,0,0,0,0,0,0,0,0,0,0,0,0,0,0,0,0,0,0,0,0,0,0,0
2008-02-26 12:30:00+00:00,30,2,12,,,0,0,0,0,0,0,0,0,0,0,0,0,0,0,0,0,0,0,0,0,0,0,0,0,0
2008-02-26 12:30:00+00:00,30,2,12,,,0,0,0,0,0,0,0,0,0,0,0,0,0,0,0,0,0,0,0,0,0,0,0,0,0
2008-02-26 12:30:00+00:00,30,2,12,92.02029418945312,85.0967788696289,0,0,0,0,0,0,0,0,0,1,1,1,1,1,1,1,1,0,0,0,0,0,0,0,0
2008-02-26 12:30:00+00:00,30,2,12,203.1570281982422,162.60946655273438,0,0,0,0,0,0,0,0,0,0,0,0,0,0,1,1,1,0,0,0,0,0,0,0,0
2008-02-26 12:30:00+00:00,30,2,12,84.67430877685547,95.40391540527344,0,0,0,0,0,0,0,0,0,1,1,1,1,1,1,1,1,0,0,0,0,0,0,0,0
2008-02-26 12:30:00+00:00,30,2,12,,,0,0,0,0,0,0,0,0,0,0,0,0,0,0,0,0,0,0,0,0,0,0,0,0,0
2008-02-26 12:30:00+00:00,30,2,12,255.63540649414062,257.83868408203125,0,0,0,0,0,0,0,0,0,0,0,0,0,0,0,1,1,0,0,0,0,0,0,0,0
2008-02-26 12:30:00+00:00,30,2,12,,,0,0,0,0,0,0,0,0,0,0,0,0,0,0,0,0,0,0,0,0,0,0,0,0,0
2008-02-26 12:30:00+00:00,30,2,12,245.2451934814453,,0,0,0,0,0,0,0,0,0,0,0,0,0,0,1,1,1,0,0,0,0,0,0,0,0
2008-02-26 12:30:00+00:00,30,2,12,110.75735473632812,195.46226501464844,0,0,0,0,0,0,0,0,0,0,1,1,1,1,1,1,1,0,0,0,0,0,0,0,0
2008-02-26 12:30:00+00:00,30,2,12,461.4159851074219,553.12548828125,0,0,0,0,0,0,0,0,0,0,0,0,0,0,0,0,0,0,0,0,0,0,0,0,0
2008-02-26 12:30:00+00:00,30,2,12,,,0,0,0,0,0,0,0,0,0,0,0,0,0,0,0,0,0,0,0,0,0,0,0,0,0
2008-02-26 12:30:00+00:00,30,2,12,186.8230743408203,71.97557067871094,0,0,0,0,0,0,0,0,0,0,0,0,0,1,1,1,1,0,0,0,0,0,0,0,0
2008-02-26 12:30:00+00:00,30,2,12,,,0,0,0,0,0,0,0,0,0,0,0,0,0,0,0,0,0,0,0,0,0,0,0,0,0
2008-02-26 12:30:00+00:00,30,2,12,,,0,0,0,0,0,0,0,0,0,0,0,0,0,0,0,0,0,0,0,0,0,0,0,0,0
2008-02-26 12:30:00+00:00,30,2,12,211.33737182617188,200.5441436767578,0,0,0,0,0,0,0,0,0,0,0,0,0,0,1,1,1,0,0,0,0,0,0,0,0
2008-02-26 12:30:00+00:00,30,2,12,125.38636779785156,114.41333770751953,0,0,0,0,0,0,0,0,0,0,0,1,1,1,1,1,1,0,0,0,0,0,0,0,0
2008-02-26 12:30:00+00:00,30,2,12,,4.261949062347412,0,0,0,0,0,0,0,0,0,0,0,0,0,0,0,0,0,1,1,1,1,1,1,1,1
2008-02-26 12:45:00+00:00,30,2,12,,,0,0,0,0,0,0,0,0,0,0,0,0,0,0,0,0,0,0,0,0,0,0,0,0,0
2008-02-26 12:45:00+00:00,30,2,12,,,0,0,0,0,0,0,0,0,0,0,0,0,0,0,0,0,0,0,0,0,0,0,0,0,0
2008-02-26 12:45:00+00:00,30,2,12,136.433349609375,71.8931655883789,0,0,0,0,0,0,0,0,0,0,0,1,1,1,1,1,1,0,0,0,0,0,0,0,0
2008-02-26 12:45:00+00:00,30,2,12,218.3388214111328,191.51531982421875,0,0,0,0,0,0,0,0,0,0,0,0,0,0,1,1,1,0,0,0,0,0,0,0,0
2008-02-26 12:45:00+00:00,30,2,12,295.8727111816406,118.93732452392578,0,0,0,0,0,0,0,0,0,0,0,0,0,0,0,1,1,0,0,0,0,0,0,0,0
2008-02-26 12:45:00+00:00,30,2,12,136.88479614257812,172.2402801513672,0,0,0,0,0,0,0,0,0,0,0,1,1,1,1,1,1,0,0,0,0,0,0,0,0
2008-02-26 12:45:00+00:00,30,2,12,116.45650482177734,121.87556457519531,0,0,0,0,0,0,0,0,0,0,1,1,1,1,1,1,1,0,0,0,0,0,0,0,0
2008-02-26 12:45:00+00:00,30,2,12,162.600341796875,233.42776489257812,0,0,0,0,0,0,0,0,0,0,0,0,1,1,1,1,1,0,0,0,0,0,0,0,0
2008-02-26 12:45:00+00:00,30,2,12,396.56170654296875,219.4277801513672,0,0,0,0,0,0,0,0,0,0,0,0,0,0,0,0,0,0,0,0,0,0,0,0,0
2008-02-26 12:45:00+00:00,30,2,12,179.75851440429688,269.4544677734375,0,0,0,0,0,0,0,0,0,0,0,0,1,1,1,1,1,0,0,0,0,0,0,0,0
2008-02-26 12:45:00+00:00,30,2,12,450.2430419921875,439.11505126953125,0,0,0,0,0,0,0,0,0,0,0,0,0,0,0,0,0,0,0,0,0,0,0,0,0
2008-02-26 12:45:00+00:00,30,2,12,351.0114440917969,367.9997863769531,0,0,0,0,0,0,0,0,0,0,0,0,0,0,0,0,0,0,0,0,0,0,0,0,0
2008-02-26 12:45:00+00:00,30,2,12,183.80027770996094,180.45779418945312,0,0,0,0,0,0,0,0,0,0,0,0,0,1,1,1,1,0,0,0,0,0,0,0,0
2008-02-26 12:45:00+00:00,30,2,12,135.143310546875,132.44374084472656,0,0,0,0,0,0,0,0,0,0,0,1,1,1,1,1,1,0,0,0,0,0,0,0,0
2008-02-26 12:45:00+00:00,30,2,12,153.84547424316406,157.58847045898438,0,0,0,0,0,0,0,0,0,0,0,0,1,1,1,1,1,0,0,0,0,0,0,0,0
2008-02-26 12:45:00+00:00,30,2,12,189.59414672851562,296.54608154296875,0,0,0,0,0,0,0,0,0,0,0,0,0,1,1,1,1,0,0,0,0,0,0,0,0
2008-02-26 12:45:00+00:00,30,2,12,248.95179748535156,222.842529296875,0,0,0,0,0,0,0,0,0,0,0,0,0,0,1,1,1,0,0,0,0,0,0,0,0
2008-02-26 12:45:00+00:00,30,2,12,606.663818359375,,0,0,0,0,0,0,0,0,0,0,0,0,0,0,0,0,0,0,0,0,0,0,0,0,0
2008-02-26 12:45:00+00:00,30,2,12,180.9292449951172,132.2235870361328,0,0,0,0,0,0,0,0,0,0,0,0,0,1,1,1,1,0,0,0,0,0,0,0,0
2008-02-26 12:45:00+00:00,30,2,12,114.20117950439453,52.30049514770508,0,0,0,0,0,0,0,0,0,0,1,1,1,1,1,1,1,0,0,0,0,0,0,0,1
2008-02-26 12:45:00+00:00,30,2,12,462.3796691894531,131.09262084960938,0,0,0,0,0,0,0,0,0,0,0,0,0,0,0,0,0,0,0,0,0,0,0,0,0
2008-02-26 12:45:00+00:00,30,2,12,43.65302658081055,136.8188934326172,0,0,0,0,0,0,1,1,1,1,1,1,1,1,1,1,1,0,0,0,0,0,0,0,0
2008-02-26 12:45:00+00:00,30,2,12,,,0,0,0,0,0,0,0,0,0,0,0,0,0,0,0,0,0,0,0,0,0,0,0,0,0
2008-02-26 13:00:00+00:00,30,2,13,,,0,0,0,0,0,0,0,0,0,0,0,0,0,0,0,0,0,0,0,0,0,0,0,0,0
2008-02-26 13:00:00+00:00,30,2,13,,,0,0,0,0,0,0,0,0,0,0,0,0,0,0,0,0,0,0,0,0,0,0,0,0,0
2008-02-26 13:00:00+00:00,30,2,13,,,0,0,0,0,0,0,0,0,0,0,0,0,0,0,0,0,0,0,0,0,0,0,0,0,0
2008-02-26 13:00:00+00:00,30,2,13,,,0,0,0,0,0,0,0,0,0,0,0,0,0,0,0,0,0,0,0,0,0,0,0,0,0
2008-02-26 13:00:00+00:00,30,2,13,128.38768005371094,63.93180847167969,0,0,0,0,0,0,0,0,0,0,0,1,1,1,1,1,1,0,0,0,0,0,0,0,0
2008-02-26 13:00:00+00:00,30,2,13,221.90057373046875,89.46207427978516,0,0,0,0,0,0,0,0,0,0,0,0,0,0,1,1,1,0,0,0,0,0,0,0,0
2008-02-26 13:00:00+00:00,30,2,13,320.31500244140625,316.5184631347656,0,0,0,0,0,0,0,0,0,0,0,0,0,0,0,0,1,0,0,0,0,0,0,0,0
2008-02-26 13:00:00+00:00,30,2,13,203.5810546875,135.18634033203125,0,0,0,0,0,0,0,0,0,0,0,0,0,0,1,1,1,0,0,0,0,0,0,0,0
2008-02-26 13:00:00+00:00,30,2,13,128.86752319335938,235.45541381835938,0,0,0,0,0,0,0,0,0,0,0,1,1,1,1,1,1,0,0,0,0,0,0,0,0
2008-02-26 13:00:00+00:00,30,2,13,213.27687072753906,172.8104705810547,0,0,0,0,0,0,0,0,0,0,0,0,0,0,1,1,1,0,0,0,0,0,0,0,0
2008-02-26 13:00:00+00:00,30,2,13,171.85092163085938,103.00167846679688,0,0,0,0,0,0,0,0,0,0,0,0,1,1,1,1,1,0,0,0,0,0,0,0,0
2008-02-26 13:00:00+00:00,30,2,13,129.91815185546875,158.0213623046875,0,0,0,0,0,0,0,0,0,0,0,1,1,1,1,1,1,0,0,0,0,0,0,0,0
2008-02-26 13:00:00+00:00,30,2,13,67.56415557861328,37.0569953918457,0,0,0,0,0,0,0,0,1,1,1,1,1,1,1,1,1,0,0,0,0,0,1,1,1
2008-02-26 13:00:00+00:00,30,2,13,149.94627380371094,166.80535888671875,0,0,0,0,0,0,0,0,0,0,0,1,1,1,1,1,1,0,0,0,0,0,0,0,0
2008-02-26 13:00:00+00:00,30,2,13,,,0,0,0,0,0,0,0,0,0,0,0,0,0,0,0,0,0,0,0,0,0,0,0,0,0
2008-02-26 13:15:00+00:00,30,2,13,155.78269958496094,108.37975311279297,0,0,0,0,0,0,0,0,0,0,0,0,1,1,1,1,1,0,0,0,0,0,0,0,0
2008-02-26 13:15:00+00:00,30,2,13,,,0,0,0,0,0,0,0,0,0,0,0,0,0,0,0,0,0,0,0,0,0,0,0,0,0
2008-02-26 13:15:00+00:00,30,2,13,,,0,0,0,0,0,0,0,0,0,0,0,0,0,0,0,0,0,0,0,0,0,0,0,0,0
2008-02-26 13:15:00+00:00,30,2,13,209.9575958251953,132.5550994873047,0,0,0,0,0,0,0,0,0,0,0,0,0,0,1,1,1,0,0,0,0,0,0,0,0
2008-02-26 13:15:00+00:00,30,2,13,61.77476501464844,87.27464294433594,0,0,0,0,0,0,0,0,1,1,1,1,1,1,1,1,1,0,0,0,0,0,0,0,0
2008-02-26 13:15:00+00:00,30,2,13,83.19245910644531,19.903764724731445,0,0,0,0,0,0,0,0,0,1,1,1,1,1,1,1,1,0,0,1,1,1,1,1,1
2008-02-26 13:15:00+00:00,30,2,13,143.13427734375,137.23773193359375,0,0,0,0,0,0,0,0,0,0,0,1,1,1,1,1,1,0,0,0,0,0,0,0,0
2008-02-26 13:15:00+00:00,30,2,13,423.1822509765625,358.1805419921875,0,0,0,0,0,0,0,0,0,0,0,0,0,0,0,0,0,0,0,0,0,0,0,0,0
2008-02-26 13:15:00+00:00,30,2,13,,,0,0,0,0,0,0,0,0,0,0,0,0,0,0,0,0,0,0,0,0,0,0,0,0,0
2008-02-26 13:15:00+00:00,30,2,13,121.83954620361328,71.13568115234375,0,0,0,0,0,0,0,0,0,0,0,1,1,1,1,1,1,0,0,0,0,0,0,0,0
2008-02-26 13:30:00+00:00,30,2,13,,,0,0,0,0,0,0,0,0,0,0,0,0,0,0,0,0,0,0,0,0,0,0,0,0,0
2008-02-26 13:30:00+00:00,30,2,13,,,0,0,0,0,0,0,0,0,0,0,0,0,0,0,0,0,0,0,0,0,0,0,0,0,0
2008-02-26 13:30:00+00:00,30,2,13,,,0,0,0,0,0,0,0,0,0,0,0,0,0,0,0,0,0,0,0,0,0,0,0,0,0
2008-02-26 13:30:00+00:00,30,2,13,141.00384521484375,131.67166137695312,0,0,0,0,0,0,0,0,0,0,0,1,1,1,1,1,1,0,0,0,0,0,0,0,0
2008-02-26 13:30:00+00:00,30,2,13,162.63865661621094,157.56520080566406,0,0,0,0,0,0,0,0,0,0,0,0,1,1,1,1,1,0,0,0,0,0,0,0,0
2008-02-26 13:30:00+00:00,30,2,13,246.87835693359375,214.8787841796875,0,0,0,0,0,0,0,0,0,0,0,0,0,0,1,1,1,0,0,0,0,0,0,0,0
2008-02-26 13:30:00+00:00,30,2,13,171.26080322265625,87.07828521728516,0,0,0,0,0,0,0,0,0,0,0,0,1,1,1,1,1,0,0,0,0,0,0,0,0
2008-02-26 13:30:00+00:00,30,2,13,130.586181640625,139.99496459960938,0,0,0,0,0,0,0,0,0,0,0,1,1,1,1,1,1,0,0,0,0,0,0,0,0
2008-02-26 13:30:00+00:00,30,2,13,327.94189453125,235.03245544433594,0,0,0,0,0,0,0,0,0,0,0,0,0,0,0,0,1,0,0,0,0,0,0,0,0
2008-02-26 13:45:00+00:00,30,2,13,,,0,0,0,0,0,0,0,0,0,0,0,0,0,0,0,0,0,0,0,0,0,0,0,0,0
2008-02-26 13:45:00+00:00,30,2,13,,,0,0,0,0,0,0,0,0,0,0,0,0,0,0,0,0,0,0,0,0,0,0,0,0,0
2008-02-26 13:45:00+00:00,30,2,13,,,0,0,0,0,0,0,0,0,0,0,0,0,0,0,0,0,0,0,0,0,0,0,0,0,0
2008-02-26 13:45:00+00:00,30,2,13,,,0,0,0,0,0,0,0,0,0,0,0,0,0,0,0,0,0,0,0,0,0,0,0,0,0
2008-02-26 13:45:00+00:00,30,2,13,,,0,0,0,0,0,0,0,0,0,0,0,0,0,0,0,0,0,0,0,0,0,0,0,0,0
2008-02-26 13:45:00+00:00,30,2,13,163.4013214111328,161.09947204589844,0,0,0,0,0,0,0,0,0,0,0,0,1,1,1,1,1,0,0,0,0,0,0,0,0
2008-02-26 13:45:00+00:00,30,2,13,59.69247817993164,44.65449523925781,0,0,0,0,0,0,0,1,1,1,1,1,1,1,1,1,1,0,0,0,0,0,0,1,1
2008-02-26 13:45:00+00:00,30,2,13,194.83848571777344,185.9663848876953,0,0,0,0,0,0,0,0,0,0,0,0,0,1,1,1,1,0,0,0,0,0,0,0,0
2008-02-26 13:45:00+00:00,30,2,13,316.9928894042969,,0,0,0,0,0,0,0,0,0,0,0,0,0,0,0,0,1,0,0,0,0,0,0,0,0
2008-02-26 13:45:00+00:00,30,2,13,,263.4131774902344,0,0,0,0,0,0,0,0,0,0,0,0,0,0,0,0,0,0,0,0,0,0,0,0,0
2008-02-26 13:45:00+00:00,30,2,13,170.41822814941406,169.80947875976562,0,0,0,0,0,0,0,0,0,0,0,0,1,1,1,1,1,0,0,0,0,0,0,0,0
2008-02-26 13:45:00+00:00,30,2,13,174.3394012451172,266.4341125488281,0,0,0,0,0,0,0,0,0,0,0,0,1,1,1,1,1,0,0,0,0,0,0,0,0
2008-02-26 13:45:00+00:00,30,2,13,103.85234832763672,91.45965576171875,0,0,0,0,0,0,0,0,0,0,1,1,1,1,1,1,1,0,0,0,0,0,0,0,0
2008-02-26 13:45:00+00:00,30,2,13,,,0,0,0,0,0,0,0,0,0,0,0,0,0,0,0,0,0,0,0,0,0,0,0,0,0
2008-02-26 13:45:00+00:00,30,2,13,149.165283203125,43.78290557861328,0,0,0,0,0,0,0,0,0,0,0,1,1,1,1,1,1,0,0,0,0,0,0,1,1
2008-02-26 13:45:00+00:00,30,2,13,,361.24591064453125,0,0,0,0,0,0,0,0,0,0,0,0,0,0,0,0,0,0,0,0,0,0,0,0,0
2008-02-26 13:45:00+00:00,30,2,13,,354.69439697265625,0,0,0,0,0,0,0,0,0,0,0,0,0,0,0,0,0,0,0,0,0,0,0,0,0
2008-02-26 13:45:00+00:00,30,2,13,,,0,0,0,0,0,0,0,0,0,0,0,0,0,0,0,0,0,0,0,0,0,0,0,0,0
2008-02-26 14:00:00+00:00,30,2,14,,,0,0,0,0,0,0,0,0,0,0,0,0,0,0,0,0,0,0,0,0,0,0,0,0,0
2008-02-26 14:00:00+00:00,30,2,14,,,0,0,0,0,0,0,0,0,0,0,0,0,0,0,0,0,0,0,0,0,0,0,0,0,0
2008-02-26 14:00:00+00:00,30,2,14,,,0,0,0,0,0,0,0,0,0,0,0,0,0,0,0,0,0,0,0,0,0,0,0,0,0
2008-02-26 14:00:00+00:00,30,2,14,86.99726867675781,115.31571960449219,0,0,0,0,0,0,0,0,0,1,1,1,1,1,1,1,1,0,0,0,0,0,0,0,0
2008-02-26 14:00:00+00:00,30,2,14,413.1223449707031,53.60837173461914,0,0,0,0,0,0,0,0,0,0,0,0,0,0,0,0,0,0,0,0,0,0,0,0,1
2008-02-26 14:00:00+00:00,30,2,14,245.902099609375,266.1637878417969,0,0,0,0,0,0,0,0,0,0,0,0,0,0,1,1,1,0,0,0,0,0,0,0,0
2008-02-26 14:00:00+00:00,30,2,14,87.42237091064453,110.42057037353516,0,0,0,0,0,0,0,0,0,1,1,1,1,1,1,1,1,0,0,0,0,0,0,0,0
2008-02-26 14:00:00+00:00,30,2,14,,146.0657196044922,0,0,0,0,0,0,0,0,0,0,0,0,0,0,0,0,0,0,0,0,0,0,0,0,0
2008-02-26 14:00:00+00:00,30,2,14,367.4391784667969,327.1131286621094,0,0,0,0,0,0,0,0,0,0,0,0,0,0,0,0,0,0,0,0,0,0,0,0,0
2008-02-26 14:00:00+00:00,30,2,14,201.87535095214844,198.2542266845703,0,0,0,0,0,0,0,0,0,0,0,0,0,0,1,1,1,0,0,0,0,0,0,0,0
2008-02-26 14:00:00+00:00,30,2,14,178.1902618408203,165.6566925048828,0,0,0,0,0,0,0,0,0,0,0,0,1,1,1,1,1,0,0,0,0,0,0,0,0
2008-02-26 14:00:00+00:00,30,2,14,251.07806396484375,25.103303909301758,0,0,0,0,0,0,0,0,0,0,0,0,0,0,0,1,1,0,0,0,0,1,1,1,1
2008-02-26 14:00:00+00:00,30,2,14,,313.4281005859375,0,0,0,0,0,0,0,0,0,0,0,0,0,0,0,0,0,0,0,0,0,0,0,0,0
2008-02-26 14:00:00+00:00,30,2,14,262.224853515625,176.01426696777344,0,0,0,0,0,0,0,0,0,0,0,0,0,0,0,1,1,0,0,0,0,0,0,0,0
2008-02-26 14:00:00+00:00,30,2,14,,,0,0,0,0,0,0,0,0,0,0,0,0,0,0,0,0,0,0,0,0,0,0,0,0,0
2008-02-26 14:00:00+00:00,30,2,14,,,0,0,0,0,0,0,0,0,0,0,0,0,0,0,0,0,0,0,0,0,0,0,0,0,0
2008-02-26 14:15:00+00:00,30,2,14,,,0,0,0,0,0,0,0,0,0,0,0,0,0,0,0,0,0,0,0,0,0,0,0,0,0
2008-02-26 14:15:00+00:00,30,2,14,,,0,0,0,0,0,0,0,0,0,0,0,0,0,0,0,0,0,0,0,0,0,0,0,0,0
2008-02-26 14:15:00+00:00,30,2,14,,,0,0,0,0,0,0,0,0,0,0,0,0,0,0,0,0,0,0,0,0,0,0,0,0,0
2008-02-26 14:15:00+00:00,30,2,14,412.2630920410156,332.1982727050781,0,0,0,0,0,0,0,0,0,0,0,0,0,0,0,0,0,0,0,0,0,0,0,0,0
2008-02-26 14:15:00+00:00,30,2,14,248.1176300048828,245.99009704589844,0,0,0,0,0,0,0,0,0,0,0,0,0,0,1,1,1,0,0,0,0,0,0,0,0
2008-02-26 14:15:00+00:00,30,2,14,459.16937255859375,,0,0,0,0,0,0,0,0,0,0,0,0,0,0,0,0,0,0,0,0,0,0,0,0,0
2008-02-26 14:15:00+00:00,30,2,14,469.8761901855469,407.849365234375,0,0,0,0,0,0,0,0,0,0,0,0,0,0,0,0,0,0,0,0,0,0,0,0,0
2008-02-26 14:15:00+00:00,30,2,14,435.4549560546875,425.5879211425781,0,0,0,0,0,0,0,0,0,0,0,0,0,0,0,0,0,0,0,0,0,0,0,0,0
2008-02-26 14:15:00+00:00,30,2,14,103.86724090576172,105.10763549804688,0,0,0,0,0,0,0,0,0,0,1,1,1,1,1,1,1,0,0,0,0,0,0,0,0
2008-02-26 14:15:00+00:00,30,2,14,95.78834533691406,95.91793823242188,0,0,0,0,0,0,0,0,0,1,1,1,1,1,1,1,1,0,0,0,0,0,0,0,0
2008-02-26 14:15:00+00:00,30,2,14,391.9461364746094,373.3670349121094,0,0,0,0,0,0,0,0,0,0,0,0,0,0,0,0,0,0,0,0,0,0,0,0,0
2008-02-26 14:15:00+00:00,30,2,14,335.8875732421875,331.75042724609375,0,0,0,0,0,0,0,0,0,0,0,0,0,0,0,0,1,0,0,0,0,0,0,0,0
2008-02-26 14:15:00+00:00,30,2,14,233.2655487060547,228.4218292236328,0,0,0,0,0,0,0,0,0,0,0,0,0,0,1,1,1,0,0,0,0,0,0,0,0
2008-02-26 14:15:00+00:00,30,2,14,376.96063232421875,362.96392822265625,0,0,0,0,0,0,0,0,0,0,0,0,0,0,0,0,0,0,0,0,0,0,0,0,0
2008-02-26 14:15:00+00:00,30,2,14,319.3127746582031,304.53533935546875,0,0,0,0,0,0,0,0,0,0,0,0,0,0,0,0,1,0,0,0,0,0,0,0,0
2008-02-26 14:15:00+00:00,30,2,14,,,0,0,0,0,0,0,0,0,0,0,0,0,0,0,0,0,0,0,0,0,0,0,0,0,0
2008-02-26 14:15:00+00:00,30,2,14,,,0,0,0,0,0,0,0,0,0,0,0,0,0,0,0,0,0,0,0,0,0,0,0,0,0
2008-02-26 14:15:00+00:00,30,2,14,,,0,0,0,0,0,0,0,0,0,0,0,0,0,0,0,0,0,0,0,0,0,0,0,0,0
2008-02-26 14:15:00+00:00,30,2,14,,,0,0,0,0,0,0,0,0,0,0,0,0,0,0,0,0,0,0,0,0,0,0,0,0,0
2008-02-26 14:30:00+00:00,30,2,14,,,0,0,0,0,0,0,0,0,0,0,0,0,0,0,0,0,0,0,0,0,0,0,0,0,0
2008-02-26 14:30:00+00:00,30,2,14,483.7848205566406,,0,0,0,0,0,0,0,0,0,0,0,0,0,0,0,0,0,0,0,0,0,0,0,0,0
2008-02-26 14:30:00+00:00,30,2,14,,,0,0,0,0,0,0,0,0,0,0,0,0,0,0,0,0,0,0,0,0,0,0,0,0,0
2008-02-26 14:30:00+00:00,30,2,14,210.38075256347656,281.9089660644531,0,0,0,0,0,0,0,0,0,0,0,0,0,0,1,1,1,0,0,0,0,0,0,0,0
2008-02-26 14:30:00+00:00,30,2,14,391.4986572265625,136.90025329589844,0,0,0,0,0,0,0,0,0,0,0,0,0,0,0,0,0,0,0,0,0,0,0,0,0
2008-02-26 14:30:00+00:00,30,2,14,345.2174377441406,286.2362060546875,0,0,0,0,0,0,0,0,0,0,0,0,0,0,0,0,1,0,0,0,0,0,0,0,0
2008-02-26 14:30:00+00:00,30,2,14,82.87350463867188,140.21424865722656,0,0,0,0,0,0,0,0,0,1,1,1,1,1,1,1,1,0,0,0,0,0,0,0,0
2008-02-26 14:30:00+00:00,30,2,14,156.73558044433594,194.78408813476562,0,0,0,0,0,0,0,0,0,0,0,0,1,1,1,1,1,0,0,0,0,0,0,0,0
2008-02-26 14:30:00+00:00,30,2,14,,,0,0,0,0,0,0,0,0,0,0,0,0,0,0,0,0,0,0,0,0,0,0,0,0,0
2008-02-26 14:45:00+00:00,30,2,14,506.25823974609375,,0,0,0,0,0,0,0,0,0,0,0,0,0,0,0,0,0,0,0,0,0,0,0,0,0
2008-02-26 14:45:00+00:00,30,2,14,74.088623046875,56.490360260009766,0,0,0,0,0,0,0,0,1,1,1,1,1,1,1,1,1,0,0,0,0,0,0,0,1
2008-02-26 14:45:00+00:00,30,2,14,291.02423095703125,254.78445434570312,0,0,0,0,0,0,0,0,0,0,0,0,0,0,0,1,1,0,0,0,0,0,0,0,0
2008-02-26 14:45:00+00:00,30,2,14,54.342559814453125,41.795021057128906,0,0,0,0,0,0,0,1,1,1,1,1,1,1,1,1,1,0,0,0,0,0,0,1,1
2008-02-26 14:45:00+00:00,30,2,14,135.4019775390625,79.3445816040039,0,0,0,0,0,0,0,0,0,0,0,1,1,1,1,1,1,0,0,0,0,0,0,0,0
2008-02-26 14:45:00+00:00,30,2,14,371.02703857421875,307.85186767578125,0,0,0,0,0,0,0,0,0,0,0,0,0,0,0,0,0,0,0,0,0,0,0,0,0
2008-02-26 14:45:00+00:00,30,2,14,339.5187072753906,273.8572998046875,0,0,0,0,0,0,0,0,0,0,0,0,0,0,0,0,1,0,0,0,0,0,0,0,0
2008-02-26 14:45:00+00:00,30,2,14,194.54074096679688,160.00582885742188,0,0,0,0,0,0,0,0,0,0,0,0,0,1,1,1,1,0,0,0,0,0,0,0,0
2008-02-26 14:45:00+00:00,30,2,14,140.7032928466797,58.44588851928711,0,0,0,0,0,0,0,0,0,0,0,1,1,1,1,1,1,0,0,0,0,0,0,0,1
2008-02-26 14:45:00+00:00,30,2,14,207.59205627441406,194.18385314941406,0,0,0,0,0,0,0,0,0,0,0,0,0,0,1,1,1,0,0,0,0,0,0,0,0
2008-02-26 14:45:00+00:00,30,2,14,202.36056518554688,188.9186553955078,0,0,0,0,0,0,0,0,0,0,0,0,0,0,1,1,1,0,0,0,0,0,0,0,0
2008-02-26 14:45:00+00:00,30,2,14,294.367431640625,274.51885986328125,0,0,0,0,0,0,0,0,0,0,0,0,0,0,0,1,1,0,0,0,0,0,0,0,0
2008-02-26 14:45:00+00:00,30,2,14,248.30087280273438,244.38096618652344,0,0,0,0,0,0,0,0,0,0,0,0,0,0,1,1,1,0,0,0,0,0,0,0,0
2008-02-26 14:45:00+00:00,30,2,14,,187.24281311035156,0,0,0,0,0,0,0,0,0,0,0,0,0,0,0,0,0,0,0,0,0,0,0,0,0
2008-02-26 14:45:00+00:00,30,2,14,,33.16093826293945,0,0,0,0,0,0,0,0,0,0,0,0,0,0,0,0,0,0,0,0,0,0,1,1,1
2008-02-26 14:45:00+00:00,30,2,14,,149.6750946044922,0,0,0,0,0,0,0,0,0,0,0,0,0,0,0,0,0,0,0,0,0,0,0,0,0
2008-02-26 14:45:00+00:00,30,2,14,,,0,0,0,0,0,0,0,0,0,0,0,0,0,0,0,0,0,0,0,0,0,0,0,0,0
2008-02-26 15:00:00+00:00,30,2,15,460.54840087890625,311.5448913574219,0,0,0,0,0,0,0,0,0,0,0,0,0,0,0,0,0,0,0,0,0,0,0,0,0
2008-02-26 15:00:00+00:00,30,2,15,235.9008026123047,243.96188354492188,0,0,0,0,0,0,0,0,0,0,0,0,0,0,1,1,1,0,0,0,0,0,0,0,0
2008-02-26 15:00:00+00:00,30,2,15,159.6047821044922,123.9540023803711,0,0,0,0,0,0,0,0,0,0,0,0,1,1,1,1,1,0,0,0,0,0,0,0,0
2008-02-26 15:00:00+00:00,30,2,15,59.23118209838867,69.94171142578125,0,0,0,0,0,0,0,1,1,1,1,1,1,1,1,1,1,0,0,0,0,0,0,0,0
2008-02-26 15:00:00+00:00,30,2,15,323.2757263183594,281.40576171875,0,0,0,0,0,0,0,0,0,0,0,0,0,0,0,0,1,0,0,0,0,0,0,0,0
2008-02-26 15:00:00+00:00,30,2,15,213.02613830566406,234.83724975585938,0,0,0,0,0,0,0,0,0,0,0,0,0,0,1,1,1,0,0,0,0,0,0,0,0
2008-02-26 15:00:00+00:00,30,2,15,409.33355712890625,387.1973571777344,0,0,0,0,0,0,0,0,0,0,0,0,0,0,0,0,0,0,0,0,0,0,0,0,0
2008-02-26 15:00:00+00:00,30,2,15,,330.933349609375,0,0,0,0,0,0,0,0,0,0,0,0,0,0,0,0,0,0,0,0,0,0,0,0,0
2008-02-26 15:00:00+00:00,30,2,15,,,0,0,0,0,0,0,0,0,0,0,0,0,0,0,0,0,0,0,0,0,0,0,0,0,0
2008-02-26 15:00:00+00:00,30,2,15,,39.70069885253906,0,0,0,0,0,0,0,0,0,0,0,0,0,0,0,0,0,0,0,0,0,0,1,1,1
2008-02-26 15:00:00+00:00,30,2,15,,94.71879577636719,0,0,0,0,0,0,0,0,0,0,0,0,0,0,0,0,0,0,0,0,0,0,0,0,0
2008-02-26 15:00:00+00:00,30,2,15,,36.68450164794922,0,0,0,0,0,0,0,0,0,0,0,0,0,0,0,0,0,0,0,0,0,0,1,1,1
2008-02-26 15:00:00+00:00,30,2,15,,348.5584716796875,0,0,0,0,0,0,0,0,0,0,0,0,0,0,0,0,0,0,0,0,0,0,0,0,0
2008-02-26 15:00:00+00:00,30,2,15,,,0,0,0,0,0,0,0,0,0,0,0,0,0,0,0,0,0,0,0,0,0,0,0,0,0
2008-02-26 15:15:00+00:00,30,2,15,,,0,0,0,0,0,0,0,0,0,0,0,0,0,0,0,0,0,0,0,0,0,0,0,0,0
2008-02-26 15:15:00+00:00,30,2,15,71.0540771484375,72.61259460449219,0,0,0,0,0,0,0,0,1,1,1,1,1,1,1,1,1,0,0,0,0,0,0,0,0
2008-02-26 15:15:00+00:00,30,2,15,,,0,0,0,0,0,0,0,0,0,0,0,0,0,0,0,0,0,0,0,0,0,0,0,0,0
2008-02-26 15:15:00+00:00,30,2,15,121.2555160522461,25.231576919555664,0,0,0,0,0,0,0,0,0,0,0,1,1,1,1,1,1,0,0,0,0,1,1,1,1
2008-02-26 15:15:00+00:00,30,2,15,277.6091003417969,264.886474609375,0,0,0,0,0,0,0,0,0,0,0,0,0,0,0,1,1,0,0,0,0,0,0,0,0
2008-02-26 15:15:00+00:00,30,2,15,214.49740600585938,71.82568359375,0,0,0,0,0,0,0,0,0,0,0,0,0,0,1,1,1,0,0,0,0,0,0,0,0
2008-02-26 15:15:00+00:00,30,2,15,377.28851318359375,346.1357421875,0,0,0,0,0,0,0,0,0,0,0,0,0,0,0,0,0,0,0,0,0,0,0,0,0
2008-02-26 15:15:00+00:00,30,2,15,152.1093292236328,170.82595825195312,0,0,0,0,0,0,0,0,0,0,0,0,1,1,1,1,1,0,0,0,0,0,0,0,0
2008-02-26 15:15:00+00:00,30,2,15,275.1701354980469,284.2541198730469,0,0,0,0,0,0,0,0,0,0,0,0,0,0,0,1,1,0,0,0,0,0,0,0,0
2008-02-26 15:15:00+00:00,30,2,15,166.6868438720703,269.5786437988281,0,0,0,0,0,0,0,0,0,0,0,0,1,1,1,1,1,0,0,0,0,0,0,0,0
2008-02-26 15:15:00+00:00,30,2,15,344.9570007324219,474.08575439453125,0,0,0,0,0,0,0,0,0,0,0,0,0,0,0,0,1,0,0,0,0,0,0,0,0
2008-02-26 15:15:00+00:00,30,2,15,217.3235321044922,257.7706298828125,0,0,0,0,0,0,0,0,0,0,0,0,0,0,1,1,1,0,0,0,0,0,0,0,0
2008-02-26 15:15:00+00:00,30,2,15,142.7594757080078,146.4994659423828,0,0,0,0,0,0,0,0,0,0,0,1,1,1,1,1,1,0,0,0,0,0,0,0,0
2008-02-26 15:15:00+00:00,30,2,15,81.90838623046875,63.57878494262695,0,0,0,0,0,0,0,0,0,1,1,1,1,1,1,1,1,0,0,0,0,0,0,0,0
2008-02-26 15:15:00+00:00,30,2,15,,331.5641784667969,0,0,0,0,0,0,0,0,0,0,0,0,0,0,0,0,0,0,0,0,0,0,0,0,0
2008-02-26 15:15:00+00:00,30,2,15,59.17192077636719,42.961421966552734,0,0,0,0,0,0,0,1,1,1,1,1,1,1,1,1,1,0,0,0,0,0,0,1,1
2008-02-26 15:15:00+00:00,30,2,15,,304.44659423828125,0,0,0,0,0,0,0,0,0,0,0,0,0,0,0,0,0,0,0,0,0,0,0,0,0
2008-02-26 15:15:00+00:00,30,2,15,268.8056945800781,188.2578887939453,0,0,0,0,0,0,0,0,0,0,0,0,0,0,0,1,1,0,0,0,0,0,0,0,0
2008-02-26 15:15:00+00:00,30,2,15,,172.21702575683594,0,0,0,0,0,0,0,0,0,0,0,0,0,0,0,0,0,0,0,0,0,0,0,0,0
2008-02-26 15:30:00+00:00,30,2,15,529.9401245117188,,0,0,0,0,0,0,0,0,0,0,0,0,0,0,0,0,0,0,0,0,0,0,0,0,0
2008-02-26 15:30:00+00:00,30,2,15,395.75872802734375,,0,0,0,0,0,0,0,0,0,0,0,0,0,0,0,0,0,0,0,0,0,0,0,0,0
2008-02-26 15:30:00+00:00,30,2,15,283.0245361328125,302.6448669433594,0,0,0,0,0,0,0,0,0,0,0,0,0,0,0,1,1,0,0,0,0,0,0,0,0
2008-02-26 15:30:00+00:00,30,2,15,461.3011474609375,459.0948181152344,0,0,0,0,0,0,0,0,0,0,0,0,0,0,0,0,0,0,0,0,0,0,0,0,0
2008-02-26 15:30:00+00:00,30,2,15,304.87518310546875,208.75953674316406,0,0,0,0,0,0,0,0,0,0,0,0,0,0,0,0,1,0,0,0,0,0,0,0,0
2008-02-26 15:30:00+00:00,30,2,15,,3.0263476371765137,0,0,0,0,0,0,0,0,0,0,0,0,0,0,0,0,0,1,1,1,1,1,1,1,1
2008-02-26 15:30:00+00:00,30,2,15,,,0,0,0,0,0,0,0,0,0,0,0,0,0,0,0,0,0,0,0,0,0,0,0,0,0
2008-02-26 15:30:00+00:00,30,2,15,160.150634765625,33.0323486328125,0,0,0,0,0,0,0,0,0,0,0,0,1,1,1,1,1,0,0,0,0,0,1,1,1
2008-02-26 15:30:00+00:00,30,2,15,311.8466796875,301.48577880859375,0,0,0,0,0,0,0,0,0,0,0,0,0,0,0,0,1,0,0,0,0,0,0,0,0
2008-02-26 15:30:00+00:00,30,2,15,151.17462158203125,151.56149291992188,0,0,0,0,0,0,0,0,0,0,0,0,1,1,1,1,1,0,0,0,0,0,0,0,0
2008-02-26 15:30:00+00:00,30,2,15,,,0,0,0,0,0,0,0,0,0,0,0,0,0,0,0,0,0,0,0,0,0,0,0,0,0
2008-02-26 15:30:00+00:00,30,2,15,61.606712341308594,62.311973571777344,0,0,0,0,0,0,0,0,1,1,1,1,1,1,1,1,1,0,0,0,0,0,0,0,0
2008-02-26 15:30:00+00:00,30,2,15,220.57614135742188,224.6702880859375,0,0,0,0,0,0,0,0,0,0,0,0,0,0,1,1,1,0,0,0,0,0,0,0,0
2008-02-26 15:30:00+00:00,30,2,15,324.2149658203125,325.8832702636719,0,0,0,0,0,0,0,0,0,0,0,0,0,0,0,0,1,0,0,0,0,0,0,0,0
2008-02-26 15:30:00+00:00,30,2,15,277.5354919433594,280.7189636230469,0,0,0,0,0,0,0,0,0,0,0,0,0,0,0,1,1,0,0,0,0,0,0,0,0
2008-02-26 15:45:00+00:00,30,2,15,,,0,0,0,0,0,0,0,0,0,0,0,0,0,0,0,0,0,0,0,0,0,0,0,0,0
2008-02-26 15:45:00+00:00,30,2,15,,450.1984558105469,0,0,0,0,0,0,0,0,0,0,0,0,0,0,0,0,0,0,0,0,0,0,0,0,0
2008-02-26 15:45:00+00:00,30,2,15,277.8518981933594,,0,0,0,0,0,0,0,0,0,0,0,0,0,0,0,1,1,0,0,0,0,0,0,0,0
2008-02-26 15:45:00+00:00,30,2,15,,326.9635925292969,0,0,0,0,0,0,0,0,0,0,0,0,0,0,0,0,0,0,0,0,0,0,0,0,0
2008-02-26 15:45:00+00:00,30,2,15,210.89857482910156,204.33380126953125,0,0,0,0,0,0,0,0,0,0,0,0,0,0,1,1,1,0,0,0,0,0,0,0,0
2008-02-26 15:45:00+00:00,30,2,15,77.10355377197266,47.87226867675781,0,0,0,0,0,0,0,0,1,1,1,1,1,1,1,1,1,0,0,0,0,0,0,1,1
2008-02-26 15:45:00+00:00,30,2,15,206.49746704101562,338.2040710449219,0,0,0,0,0,0,0,0,0,0,0,0,0,0,1,1,1,0,0,0,0,0,0,0,0
2008-02-26 15:45:00+00:00,30,2,15,,,0,0,0,0,0,0,0,0,0,0,0,0,0,0,0,0,0,0,0,0,0,0,0,0,0
2008-02-26 15:45:00+00:00,30,2,15,40.111976623535156,26.035614013671875,0,0,0,0,0,0,1,1,1,1,1,1,1,1,1,1,1,0,0,0,0,1,1,1,1
2008-02-26 15:45:00+00:00,30,2,15,,,0,0,0,0,0,0,0,0,0,0,0,0,0,0,0,0,0,0,0,0,0,0,0,0,0
2008-02-26 15:45:00+00:00,30,2,15,345.36083984375,139.61729431152344,0,0,0,0,0,0,0,0,0,0,0,0,0,0,0,0,1,0,0,0,0,0,0,0,0
2008-02-26 16:00:00+00:00,30,2,16,248.26498413085938,257.9288635253906,0,0,0,0,0,0,0,0,0,0,0,0,0,0,1,1,1,0,0,0,0,0,0,0,0
2008-02-26 16:00:00+00:00,30,2,16,490.6484069824219,537.2050170898438,0,0,0,0,0,0,0,0,0,0,0,0,0,0,0,0,0,0,0,0,0,0,0,0,0
2008-02-26 16:00:00+00:00,30,2,16,266.1650695800781,264.4473876953125,0,0,0,0,0,0,0,0,0,0,0,0,0,0,0,1,1,0,0,0,0,0,0,0,0
2008-02-26 16:00:00+00:00,30,2,16,,303.579833984375,0,0,0,0,0,0,0,0,0,0,0,0,0,0,0,0,0,0,0,0,0,0,0,0,0
2008-02-26 16:00:00+00:00,30,2,16,231.78453063964844,175.2056121826172,0,0,0,0,0,0,0,0,0,0,0,0,0,0,1,1,1,0,0,0,0,0,0,0,0
2008-02-26 16:00:00+00:00,30,2,16,341.57427978515625,337.61907958984375,0,0,0,0,0,0,0,0,0,0,0,0,0,0,0,0,1,0,0,0,0,0,0,0,0
2008-02-26 16:00:00+00:00,30,2,16,100.79210662841797,107.54622650146484,0,0,0,0,0,0,0,0,0,0,1,1,1,1,1,1,1,0,0,0,0,0,0,0,0
2008-02-26 16:00:00+00:00,30,2,16,,,0,0,0,0,0,0,0,0,0,0,0,0,0,0,0,0,0,0,0,0,0,0,0,0,0
2008-02-26 16:00:00+00:00,30,2,16,176.94236755371094,177.14898681640625,0,0,0,0,0,0,0,0,0,0,0,0,1,1,1,1,1,0,0,0,0,0,0,0,0
2008-02-26 16:00:00+00:00,30,2,16,189.20912170410156,216.78121948242188,0,0,0,0,0,0,0,0,0,0,0,0,0,1,1,1,1,0,0,0,0,0,0,0,0
2008-02-26 16:00:00+00:00,30,2,16,125.41606903076172,86.17829132080078,0,0,0,0,0,0,0,0,0,0,0,1,1,1,1,1,1,0,0,0,0,0,0,0,0
2008-02-26 16:15:00+00:00,30,2,16,,,0,0,0,0,0,0,0,0,0,0,0,0,0,0,0,0,0,0,0,0,0,0,0,0,0
2008-02-26 16:15:00+00:00,30,2,16,,291.76043701171875,0,0,0,0,0,0,0,0,0,0,0,0,0,0,0,0,0,0,0,0,0,0,0,0,0
2008-02-26 16:15:00+00:00,30,2,16,166.11920166015625,153.80126953125,0,0,0,0,0,0,0,0,0,0,0,0,1,1,1,1,1,0,0,0,0,0,0,0,0
2008-02-26 16:15:00+00:00,30,2,16,437.1997985839844,291.01312255859375,0,0,0,0,0,0,0,0,0,0,0,0,0,0,0,0,0,0,0,0,0,0,0,0,0
2008-02-26 16:15:00+00:00,30,2,16,365.19659423828125,354.8977966308594,0,0,0,0,0,0,0,0,0,0,0,0,0,0,0,0,0,0,0,0,0,0,0,0,0
2008-02-26 16:15:00+00:00,30,2,16,200.50645446777344,,0,0,0,0,0,0,0,0,0,0,0,0,0,0,1,1,1,0,0,0,0,0,0,0,0
2008-02-26 16:15:00+00:00,30,2,16,183.7105255126953,351.2337646484375,0,0,0,0,0,0,0,0,0,0,0,0,0,1,1,1,1,0,0,0,0,0,0,0,0
2008-02-26 16:15:00+00:00,30,2,16,149.72152709960938,145.58274841308594,0,0,0,0,0,0,0,0,0,0,0,1,1,1,1,1,1,0,0,0,0,0,0,0,0
2008-02-26 16:30:00+00:00,30,2,16,193.2191925048828,195.39617919921875,0,0,0,0,0,0,0,0,0,0,0,0,0,1,1,1,1,0,0,0,0,0,0,0,0
2008-02-26 16:30:00+00:00,30,2,16,187.0565643310547,187.1294403076172,0,0,0,0,0,0,0,0,0,0,0,0,0,1,1,1,1,0,0,0,0,0,0,0,0
2008-02-26 16:30:00+00:00,30,2,16,335.9173278808594,383.6436767578125,0,0,0,0,0,0,0,0,0,0,0,0,0,0,0,0,1,0,0,0,0,0,0,0,0
2008-02-26 16:30:00+00:00,30,2,16,265.091552734375,251.73660278320312,0,0,0,0,0,0,0,0,0,0,0,0,0,0,0,1,1,0,0,0,0,0,0,0,0
2008-02-26 16:30:00+00:00,30,2,16,252.20877075195312,239.69252014160156,0,0,0,0,0,0,0,0,0,0,0,0,0,0,0,1,1,0,0,0,0,0,0,0,0
2008-02-26 16:30:00+00:00,30,2,16,171.40574645996094,181.00924682617188,0,0,0,0,0,0,0,0,0,0,0,0,1,1,1,1,1,0,0,0,0,0,0,0,0
2008-02-26 16:45:00+00:00,30,2,16,189.69656372070312,188.32029724121094,0,0,0,0,0,0,0,0,0,0,0,0,0,1,1,1,1,0,0,0,0,0,0,0,0
2008-02-26 16:45:00+00:00,30,2,16,343.027587890625,360.5071105957031,0,0,0,0,0,0,0,0,0,0,0,0,0,0,0,0,1,0,0,0,0,0,0,0,0
2008-02-26 16:45:00+00:00,30,2,16,369.0854797363281,,0,0,0,0,0,0,0,0,0,0,0,0,0,0,0,0,0,0,0,0,0,0,0,0,0
2008-02-26 16:45:00+00:00,30,2,16,210.06240844726562,143.02542114257812,0,0,0,0,0,0,0,0,0,0,0,0,0,0,1,1,1,0,0,0,0,0,0,0,0
2008-02-26 16:45:00+00:00,30,2,16,222.4317626953125,221.01551818847656,0,0,0,0,0,0,0,0,0,0,0,0,0,0,1,1,1,0,0,0,0,0,0,0,0
2008-02-26 16:45:00+00:00,30,2,16,200.39956665039062,472.113037109375,0,0,0,0,0,0,0,0,0,0,0,0,0,0,1,1,1,0,0,0,0,0,0,0,0
2008-02-26 16:45:00+00:00,30,2,16,90.02649688720703,97.74867248535156,0,0,0,0,0,0,0,0,0,1,1,1,1,1,1,1,1,0,0,0,0,0,0,0,0
2008-02-26 17:00:00+00:00,30,2,17,96.42552947998047,94.7863998413086,0,0,0,0,0,0,0,0,0,1,1,1,1,1,1,1,1,0,0,0,0,0,0,0,0
2008-02-26 17:00:00+00:00,30,2,17,333.83502197265625,344.131591796875,0,0,0,0,0,0,0,0,0,0,0,0,0,0,0,0,1,0,0,0,0,0,0,0,0
2008-02-26 17:00:00+00:00,30,2,17,156.5733184814453,148.1912384033203,0,0,0,0,0,0,0,0,0,0,0,0,1,1,1,1,1,0,0,0,0,0,0,0,0
2008-02-26 17:00:00+00:00,30,2,17,78.38823699951172,78.57404327392578,0,0,0,0,0,0,0,0,1,1,1,1,1,1,1,1,1,0,0,0,0,0,0,0,0
2008-02-26 17:00:00+00:00,30,2,17,62.68196105957031,136.2825469970703,0,0,0,0,0,0,0,0,1,1,1,1,1,1,1,1,1,0,0,0,0,0,0,0,0
2008-02-26 17:00:00+00:00,30,2,17,334.030517578125,195.26597595214844,0,0,0,0,0,0,0,0,0,0,0,0,0,0,0,0,1,0,0,0,0,0,0,0,0
2008-02-26 17:00:00+00:00,30,2,17,168.52572631835938,273.090087890625,0,0,0,0,0,0,0,0,0,0,0,0,1,1,1,1,1,0,0,0,0,0,0,0,0
2008-02-26 17:15:00+00:00,30,2,17,300.290283203125,315.8817138671875,0,0,0,0,0,0,0,0,0,0,0,0,0,0,0,0,1,0,0,0,0,0,0,0,0
2008-02-26 17:15:00+00:00,30,2,17,101.28580474853516,128.11679077148438,0,0,0,0,0,0,0,0,0,0,1,1,1,1,1,1,1,0,0,0,0,0,0,0,0
2008-02-26 17:15:00+00:00,30,2,17,51.09675979614258,134.43199157714844,0,0,0,0,0,0,0,1,1,1,1,1,1,1,1,1,1,0,0,0,0,0,0,0,0
2008-02-26 17:15:00+00:00,30,2,17,,195.25006103515625,0,0,0,0,0,0,0,0,0,0,0,0,0,0,0,0,0,0,0,0,0,0,0,0,0
2008-02-26 17:15:00+00:00,30,2,17,314.9560546875,187.40121459960938,0,0,0,0,0,0,0,0,0,0,0,0,0,0,0,0,1,0,0,0,0,0,0,0,0
2008-02-26 17:15:00+00:00,30,2,17,316.3258361816406,165.71397399902344,0,0,0,0,0,0,0,0,0,0,0,0,0,0,0,0,1,0,0,0,0,0,0,0,0
2008-02-26 17:30:00+00:00,30,2,17,298.512451171875,394.52215576171875,0,0,0,0,0,0,0,0,0,0,0,0,0,0,0,1,1,0,0,0,0,0,0,0,0
2008-02-26 17:30:00+00:00,30,2,17,101.22803497314453,64.04914855957031,0,0,0,0,0,0,0,0,0,0,1,1,1,1,1,1,1,0,0,0,0,0,0,0,0
2008-02-26 17:30:00+00:00,30,2,17,218.5255889892578,97.74639892578125,0,0,0,0,0,0,0,0,0,0,0,0,0,0,1,1,1,0,0,0,0,0,0,0,0
2008-02-26 17:45:00+00:00,30,2,17,,,0,0,0,0,0,0,0,0,0,0,0,0,0,0,0,0,0,0,0,0,0,0,0,0,0
2008-02-26 17:45:00+00:00,30,2,17,,,0,0,0,0,0,0,0,0,0,0,0,0,0,0,0,0,0,0,0,0,0,0,0,0,0
2008-02-26 17:45:00+00:00,30,2,17,321.2195739746094,266.9127502441406,0,0,0,0,0,0,0,0,0,0,0,0,0,0,0,0,1,0,0,0,0,0,0,0,0
2008-02-26 17:45:00+00:00,30,2,17,103.43792724609375,145.1065673828125,0,0,0,0,0,0,0,0,0,0,1,1,1,1,1,1,1,0,0,0,0,0,0,0,0
2008-02-26 17:45:00+00:00,30,2,17,131.8125457763672,154.47584533691406,0,0,0,0,0,0,0,0,0,0,0,1,1,1,1,1,1,0,0,0,0,0,0,0,0
2008-02-26 17:45:00+00:00,30,2,17,261.7881774902344,,0,0,0,0,0,0,0,0,0,0,0,0,0,0,0,1,1,0,0,0,0,0,0,0,0
2008-02-27 10:00:00+00:00,30,2,10,,,0,0,0,0,0,0,0,0,0,0,0,0,0,0,0,0,0,0,0,0,0,0,0,0,0
2008-02-27 10:00:00+00:00,30,2,10,,,0,0,0,0,0,0,0,0,0,0,0,0,0,0,0,0,0,0,0,0,0,0,0,0,0
2008-02-27 10:00:00+00:00,30,2,10,,,0,0,0,0,0,0,0,0,0,0,0,0,0,0,0,0,0,0,0,0,0,0,0,0,0
2008-02-27 10:00:00+00:00,30,2,10,439.2170104980469,432.3091125488281,0,0,0,0,0,0,0,0,0,0,0,0,0,0,0,0,0,0,0,0,0,0,0,0,0
2008-02-27 10:00:00+00:00,30,2,10,213.08663940429688,205.61436462402344,0,0,0,0,0,0,0,0,0,0,0,0,0,0,1,1,1,0,0,0,0,0,0,0,0
2008-02-27 10:00:00+00:00,30,2,10,224.0599365234375,218.15977478027344,0,0,0,0,0,0,0,0,0,0,0,0,0,0,1,1,1,0,0,0,0,0,0,0,0
2008-02-27 10:00:00+00:00,30,2,10,193.6228485107422,184.08055114746094,0,0,0,0,0,0,0,0,0,0,0,0,0,1,1,1,1,0,0,0,0,0,0,0,0
2008-02-27 10:00:00+00:00,30,2,10,209.7490234375,212.21128845214844,0,0,0,0,0,0,0,0,0,0,0,0,0,0,1,1,1,0,0,0,0,0,0,0,0
2008-02-27 10:00:00+00:00,30,2,10,,,0,0,0,0,0,0,0,0,0,0,0,0,0,0,0,0,0,0,0,0,0,0,0,0,0
2008-02-27 10:00:00+00:00,30,2,10,,,0,0,0,0,0,0,0,0,0,0,0,0,0,0,0,0,0,0,0,0,0,0,0,0,0
2008-02-27 10:00:00+00:00,30,2,10,,93.76632690429688,0,0,0,0,0,0,0,0,0,0,0,0,0,0,0,0,0,0,0,0,0,0,0,0,0
2008-02-27 10:00:00+00:00,30,2,10,282.9766845703125,275.6778564453125,0,0,0,0,0,0,0,0,0,0,0,0,0,0,0,1,1,0,0,0,0,0,0,0,0
2008-02-27 10:00:00+00:00,30,2,10,183.20555114746094,176.06459045410156,0,0,0,0,0,0,0,0,0,0,0,0,0,1,1,1,1,0,0,0,0,0,0,0,0
2008-02-27 10:00:00+00:00,30,2,10,,,0,0,0,0,0,0,0,0,0,0,0,0,0,0,0,0,0,0,0,0,0,0,0,0,0
2008-02-27 10:00:00+00:00,30,2,10,,,0,0,0,0,0,0,0,0,0,0,0,0,0,0,0,0,0,0,0,0,0,0,0,0,0
2008-02-27 10:00:00+00:00,30,2,10,,,0,0,0,0,0,0,0,0,0,0,0,0,0,0,0,0,0,0,0,0,0,0,0,0,0
2008-02-27 10:00:00+00:00,30,2,10,,,0,0,0,0,0,0,0,0,0,0,0,0,0,0,0,0,0,0,0,0,0,0,0,0,0
2008-02-27 10:00:00+00:00,30,2,10,,,0,0,0,0,0,0,0,0,0,0,0,0,0,0,0,0,0,0,0,0,0,0,0,0,0
2008-02-27 10:00:00+00:00,30,2,10,,,0,0,0,0,0,0,0,0,0,0,0,0,0,0,0,0,0,0,0,0,0,0,0,0,0
2008-02-27 10:00:00+00:00,30,2,10,,,0,0,0,0,0,0,0,0,0,0,0,0,0,0,0,0,0,0,0,0,0,0,0,0,0
2008-02-27 10:00:00+00:00,30,2,10,,,0,0,0,0,0,0,0,0,0,0,0,0,0,0,0,0,0,0,0,0,0,0,0,0,0
2008-02-27 10:15:00+00:00,30,2,10,,,0,0,0,0,0,0,0,0,0,0,0,0,0,0,0,0,0,0,0,0,0,0,0,0,0
2008-02-27 10:15:00+00:00,30,2,10,,,0,0,0,0,0,0,0,0,0,0,0,0,0,0,0,0,0,0,0,0,0,0,0,0,0
2008-02-27 10:15:00+00:00,30,2,10,,,0,0,0,0,0,0,0,0,0,0,0,0,0,0,0,0,0,0,0,0,0,0,0,0,0
2008-02-27 10:15:00+00:00,30,2,10,334.2708740234375,,0,0,0,0,0,0,0,0,0,0,0,0,0,0,0,0,1,0,0,0,0,0,0,0,0
2008-02-27 10:15:00+00:00,30,2,10,154.87197875976562,155.7545623779297,0,0,0,0,0,0,0,0,0,0,0,0,1,1,1,1,1,0,0,0,0,0,0,0,0
2008-02-27 10:15:00+00:00,30,2,10,120.39984893798828,44.40915298461914,0,0,0,0,0,0,0,0,0,0,0,1,1,1,1,1,1,0,0,0,0,0,0,1,1
2008-02-27 10:15:00+00:00,30,2,10,298.8199462890625,0.0,0,0,0,0,0,0,0,0,0,0,0,0,0,0,0,1,1,1,1,1,1,1,1,1,1
2008-02-27 10:15:00+00:00,30,2,10,425.2152099609375,119.5019302368164,0,0,0,0,0,0,0,0,0,0,0,0,0,0,0,0,0,0,0,0,0,0,0,0,0
2008-02-27 10:15:00+00:00,30,2,10,,,0,0,0,0,0,0,0,0,0,0,0,0,0,0,0,0,0,0,0,0,0,0,0,0,0
2008-02-27 10:15:00+00:00,30,2,10,,,0,0,0,0,0,0,0,0,0,0,0,0,0,0,0,0,0,0,0,0,0,0,0,0,0
2008-02-27 10:15:00+00:00,30,2,10,477.9275817871094,472.6768798828125,0,0,0,0,0,0,0,0,0,0,0,0,0,0,0,0,0,0,0,0,0,0,0,0,0
2008-02-27 10:15:00+00:00,30,2,10,,,0,0,0,0,0,0,0,0,0,0,0,0,0,0,0,0,0,0,0,0,0,0,0,0,0
2008-02-27 10:15:00+00:00,30,2,10,,667.6898803710938,0,0,0,0,0,0,0,0,0,0,0,0,0,0,0,0,0,0,0,0,0,0,0,0,0
2008-02-27 10:15:00+00:00,30,2,10,,,0,0,0,0,0,0,0,0,0,0,0,0,0,0,0,0,0,0,0,0,0,0,0,0,0
2008-02-27 10:15:00+00:00,30,2,10,,,0,0,0,0,0,0,0,0,0,0,0,0,0,0,0,0,0,0,0,0,0,0,0,0,0
2008-02-27 10:15:00+00:00,30,2,10,,,0,0,0,0,0,0,0,0,0,0,0,0,0,0,0,0,0,0,0,0,0,0,0,0,0
2008-02-27 10:15:00+00:00,30,2,10,,,0,0,0,0,0,0,0,0,0,0,0,0,0,0,0,0,0,0,0,0,0,0,0,0,0
2008-02-27 10:15:00+00:00,30,2,10,,,0,0,0,0,0,0,0,0,0,0,0,0,0,0,0,0,0,0,0,0,0,0,0,0,0
2008-02-27 10:15:00+00:00,30,2,10,,,0,0,0,0,0,0,0,0,0,0,0,0,0,0,0,0,0,0,0,0,0,0,0,0,0
2008-02-27 10:15:00+00:00,30,2,10,,,0,0,0,0,0,0,0,0,0,0,0,0,0,0,0,0,0,0,0,0,0,0,0,0,0
2008-02-27 10:15:00+00:00,30,2,10,,,0,0,0,0,0,0,0,0,0,0,0,0,0,0,0,0,0,0,0,0,0,0,0,0,0
2008-02-27 10:15:00+00:00,30,2,10,,,0,0,0,0,0,0,0,0,0,0,0,0,0,0,0,0,0,0,0,0,0,0,0,0,0
2008-02-27 10:15:00+00:00,30,2,10,,,0,0,0,0,0,0,0,0,0,0,0,0,0,0,0,0,0,0,0,0,0,0,0,0,0
2008-02-27 10:15:00+00:00,30,2,10,,,0,0,0,0,0,0,0,0,0,0,0,0,0,0,0,0,0,0,0,0,0,0,0,0,0
2008-02-27 10:15:00+00:00,30,2,10,,,0,0,0,0,0,0,0,0,0,0,0,0,0,0,0,0,0,0,0,0,0,0,0,0,0
2008-02-27 10:15:00+00:00,30,2,10,,,0,0,0,0,0,0,0,0,0,0,0,0,0,0,0,0,0,0,0,0,0,0,0,0,0
2008-02-27 10:15:00+00:00,30,2,10,,,0,0,0,0,0,0,0,0,0,0,0,0,0,0,0,0,0,0,0,0,0,0,0,0,0
2008-02-27 10:30:00+00:00,30,2,10,,542.5191650390625,0,0,0,0,0,0,0,0,0,0,0,0,0,0,0,0,0,0,0,0,0,0,0,0,0
2008-02-27 10:30:00+00:00,30,2,10,,,0,0,0,0,0,0,0,0,0,0,0,0,0,0,0,0,0,0,0,0,0,0,0,0,0
2008-02-27 10:30:00+00:00,30,2,10,,,0,0,0,0,0,0,0,0,0,0,0,0,0,0,0,0,0,0,0,0,0,0,0,0,0
2008-02-27 10:30:00+00:00,30,2,10,,,0,0,0,0,0,0,0,0,0,0,0,0,0,0,0,0,0,0,0,0,0,0,0,0,0
2008-02-27 10:30:00+00:00,30,2,10,259.9883117675781,90.98458099365234,0,0,0,0,0,0,0,0,0,0,0,0,0,0,0,1,1,0,0,0,0,0,0,0,0
2008-02-27 10:30:00+00:00,30,2,10,400.5087585449219,408.95928955078125,0,0,0,0,0,0,0,0,0,0,0,0,0,0,0,0,0,0,0,0,0,0,0,0,0
2008-02-27 10:30:00+00:00,30,2,10,,518.6112670898438,0,0,0,0,0,0,0,0,0,0,0,0,0,0,0,0,0,0,0,0,0,0,0,0,0
2008-02-27 10:30:00+00:00,30,2,10,98.43399047851562,54.85582733154297,0,0,0,0,0,0,0,0,0,1,1,1,1,1,1,1,1,0,0,0,0,0,0,0,1
2008-02-27 10:30:00+00:00,30,2,10,,519.4447631835938,0,0,0,0,0,0,0,0,0,0,0,0,0,0,0,0,0,0,0,0,0,0,0,0,0
2008-02-27 10:30:00+00:00,30,2,10,59.102108001708984,55.91132354736328,0,0,0,0,0,0,0,1,1,1,1,1,1,1,1,1,1,0,0,0,0,0,0,0,1
2008-02-27 10:30:00+00:00,30,2,10,529.7431640625,525.8168334960938,0,0,0,0,0,0,0,0,0,0,0,0,0,0,0,0,0,0,0,0,0,0,0,0,0
2008-02-27 10:30:00+00:00,30,2,10,496.97869873046875,493.8224182128906,0,0,0,0,0,0,0,0,0,0,0,0,0,0,0,0,0,0,0,0,0,0,0,0,0
2008-02-27 10:30:00+00:00,30,2,10,530.3595581054688,527.4293823242188,0,0,0,0,0,0,0,0,0,0,0,0,0,0,0,0,0,0,0,0,0,0,0,0,0
2008-02-27 10:30:00+00:00,30,2,10,,,0,0,0,0,0,0,0,0,0,0,0,0,0,0,0,0,0,0,0,0,0,0,0,0,0
2008-02-27 10:30:00+00:00,30,2,10,,,0,0,0,0,0,0,0,0,0,0,0,0,0,0,0,0,0,0,0,0,0,0,0,0,0
2008-02-27 10:30:00+00:00,30,2,10,,,0,0,0,0,0,0,0,0,0,0,0,0,0,0,0,0,0,0,0,0,0,0,0,0,0
2008-02-27 10:30:00+00:00,30,2,10,,,0,0,0,0,0,0,0,0,0,0,0,0,0,0,0,0,0,0,0,0,0,0,0,0,0
2008-02-27 10:30:00+00:00,30,2,10,,,0,0,0,0,0,0,0,0,0,0,0,0,0,0,0,0,0,0,0,0,0,0,0,0,0
2008-02-27 10:30:00+00:00,30,2,10,,,0,0,0,0,0,0,0,0,0,0,0,0,0,0,0,0,0,0,0,0,0,0,0,0,0
2008-02-27 10:30:00+00:00,30,2,10,,,0,0,0,0,0,0,0,0,0,0,0,0,0,0,0,0,0,0,0,0,0,0,0,0,0
2008-02-27 10:30:00+00:00,30,2,10,,,0,0,0,0,0,0,0,0,0,0,0,0,0,0,0,0,0,0,0,0,0,0,0,0,0
2008-02-27 10:30:00+00:00,30,2,10,,,0,0,0,0,0,0,0,0,0,0,0,0,0,0,0,0,0,0,0,0,0,0,0,0,0
2008-02-27 10:30:00+00:00,30,2,10,,,0,0,0,0,0,0,0,0,0,0,0,0,0,0,0,0,0,0,0,0,0,0,0,0,0
2008-02-27 10:30:00+00:00,30,2,10,,,0,0,0,0,0,0,0,0,0,0,0,0,0,0,0,0,0,0,0,0,0,0,0,0,0
2008-02-27 10:30:00+00:00,30,2,10,,,0,0,0,0,0,0,0,0,0,0,0,0,0,0,0,0,0,0,0,0,0,0,0,0,0
2008-02-27 10:30:00+00:00,30,2,10,,,0,0,0,0,0,0,0,0,0,0,0,0,0,0,0,0,0,0,0,0,0,0,0,0,0
2008-02-27 10:45:00+00:00,30,2,10,,,0,0,0,0,0,0,0,0,0,0,0,0,0,0,0,0,0,0,0,0,0,0,0,0,0
2008-02-27 10:45:00+00:00,30,2,10,,,0,0,0,0,0,0,0,0,0,0,0,0,0,0,0,0,0,0,0,0,0,0,0,0,0
2008-02-27 10:45:00+00:00,30,2,10,,520.2007446289062,0,0,0,0,0,0,0,0,0,0,0,0,0,0,0,0,0,0,0,0,0,0,0,0,0
2008-02-27 10:45:00+00:00,30,2,10,410.25347900390625,233.93153381347656,0,0,0,0,0,0,0,0,0,0,0,0,0,0,0,0,0,0,0,0,0,0,0,0,0
2008-02-27 10:45:00+00:00,30,2,10,437.16156005859375,221.80616760253906,0,0,0,0,0,0,0,0,0,0,0,0,0,0,0,0,0,0,0,0,0,0,0,0,0
2008-02-27 10:45:00+00:00,30,2,10,,,0,0,0,0,0,0,0,0,0,0,0,0,0,0,0,0,0,0,0,0,0,0,0,0,0
2008-02-27 10:45:00+00:00,30,2,10,,,0,0,0,0,0,0,0,0,0,0,0,0,0,0,0,0,0,0,0,0,0,0,0,0,0
2008-02-27 10:45:00+00:00,30,2,10,,,0,0,0,0,0,0,0,0,0,0,0,0,0,0,0,0,0,0,0,0,0,0,0,0,0
2008-02-27 10:45:00+00:00,30,2,10,234.3796844482422,158.3887176513672,0,0,0,0,0,0,0,0,0,0,0,0,0,0,1,1,1,0,0,0,0,0,0,0,0
2008-02-27 10:45:00+00:00,30,2,10,,,0,0,0,0,0,0,0,0,0,0,0,0,0,0,0,0,0,0,0,0,0,0,0,0,0
2008-02-27 10:45:00+00:00,30,2,10,360.1072998046875,358.60601806640625,0,0,0,0,0,0,0,0,0,0,0,0,0,0,0,0,0,0,0,0,0,0,0,0,0
2008-02-27 10:45:00+00:00,30,2,10,,440.7306213378906,0,0,0,0,0,0,0,0,0,0,0,0,0,0,0,0,0,0,0,0,0,0,0,0,0
2008-02-27 10:45:00+00:00,30,2,10,,,0,0,0,0,0,0,0,0,0,0,0,0,0,0,0,0,0,0,0,0,0,0,0,0,0
2008-02-27 10:45:00+00:00,30,2,10,,,0,0,0,0,0,0,0,0,0,0,0,0,0,0,0,0,0,0,0,0,0,0,0,0,0
2008-02-27 10:45:00+00:00,30,2,10,,,0,0,0,0,0,0,0,0,0,0,0,0,0,0,0,0,0,0,0,0,0,0,0,0,0
2008-02-27 10:45:00+00:00,30,2,10,,,0,0,0,0,0,0,0,0,0,0,0,0,0,0,0,0,0,0,0,0,0,0,0,0,0
2008-02-27 10:45:00+00:00,30,2,10,,,0,0,0,0,0,0,0,0,0,0,0,0,0,0,0,0,0,0,0,0,0,0,0,0,0
2008-02-27 10:45:00+00:00,30,2,10,,,0,0,0,0,0,0,0,0,0,0,0,0,0,0,0,0,0,0,0,0,0,0,0,0,0
2008-02-27 10:45:00+00:00,30,2,10,,,0,0,0,0,0,0,0,0,0,0,0,0,0,0,0,0,0,0,0,0,0,0,0,0,0
2008-02-27 10:45:00+00:00,30,2,10,,,0,0,0,0,0,0,0,0,0,0,0,0,0,0,0,0,0,0,0,0,0,0,0,0,0
2008-02-27 10:45:00+00:00,30,2,10,,,0,0,0,0,0,0,0,0,0,0,0,0,0,0,0,0,0,0,0,0,0,0,0,0,0
2008-02-27 10:45:00+00:00,30,2,10,,,0,0,0,0,0,0,0,0,0,0,0,0,0,0,0,0,0,0,0,0,0,0,0,0,0
2008-02-27 10:45:00+00:00,30,2,10,,,0,0,0,0,0,0,0,0,0,0,0,0,0,0,0,0,0,0,0,0,0,0,0,0,0
2008-02-27 10:45:00+00:00,30,2,10,,,0,0,0,0,0,0,0,0,0,0,0,0,0,0,0,0,0,0,0,0,0,0,0,0,0
2008-02-27 11:00:00+00:00,30,2,11,439.8583984375,436.5185852050781,0,0,0,0,0,0,0,0,0,0,0,0,0,0,0,0,0,0,0,0,0,0,0,0,0
2008-02-27 11:00:00+00:00,30,2,11,386.0928649902344,381.9881591796875,0,0,0,0,0,0,0,0,0,0,0,0,0,0,0,0,0,0,0,0,0,0,0,0,0
2008-02-27 11:00:00+00:00,30,2,11,,,0,0,0,0,0,0,0,0,0,0,0,0,0,0,0,0,0,0,0,0,0,0,0,0,0
2008-02-27 11:00:00+00:00,30,2,11,,,0,0,0,0,0,0,0,0,0,0,0,0,0,0,0,0,0,0,0,0,0,0,0,0,0
2008-02-27 11:00:00+00:00,30,2,11,66.30941009521484,384.772216796875,0,0,0,0,0,0,0,0,1,1,1,1,1,1,1,1,1,0,0,0,0,0,0,0,0
2008-02-27 11:00:00+00:00,30,2,11,237.11033630371094,222.0104217529297,0,0,0,0,0,0,0,0,0,0,0,0,0,0,1,1,1,0,0,0,0,0,0,0,0
2008-02-27 11:00:00+00:00,30,2,11,,,0,0,0,0,0,0,0,0,0,0,0,0,0,0,0,0,0,0,0,0,0,0,0,0,0
2008-02-27 11:00:00+00:00,30,2,11,43.953208923339844,38.51381301879883,0,0,0,0,0,0,1,1,1,1,1,1,1,1,1,1,1,0,0,0,0,0,1,1,1
2008-02-27 11:00:00+00:00,30,2,11,114.7198486328125,118.23653411865234,0,0,0,0,0,0,0,0,0,0,1,1,1,1,1,1,1,0,0,0,0,0,0,0,0
2008-02-27 11:00:00+00:00,30,2,11,,,0,0,0,0,0,0,0,0,0,0,0,0,0,0,0,0,0,0,0,0,0,0,0,0,0
2008-02-27 11:00:00+00:00,30,2,11,123.51777648925781,117.0573501586914,0,0,0,0,0,0,0,0,0,0,0,1,1,1,1,1,1,0,0,0,0,0,0,0,0
2008-02-27 11:00:00+00:00,30,2,11,,,0,0,0,0,0,0,0,0,0,0,0,0,0,0,0,0,0,0,0,0,0,0,0,0,0
2008-02-27 11:00:00+00:00,30,2,11,,,0,0,0,0,0,0,0,0,0,0,0,0,0,0,0,0,0,0,0,0,0,0,0,0,0
2008-02-27 11:00:00+00:00,30,2,11,,,0,0,0,0,0,0,0,0,0,0,0,0,0,0,0,0,0,0,0,0,0,0,0,0,0
2008-02-27 11:00:00+00:00,30,2,11,184.20982360839844,182.59353637695312,0,0,0,0,0,0,0,0,0,0,0,0,0,1,1,1,1,0,0,0,0,0,0,0,0
2008-02-27 11:00:00+00:00,30,2,11,,,0,0,0,0,0,0,0,0,0,0,0,0,0,0,0,0,0,0,0,0,0,0,0,0,0
2008-02-27 11:00:00+00:00,30,2,11,466.51220703125,468.5636901855469,0,0,0,0,0,0,0,0,0,0,0,0,0,0,0,0,0,0,0,0,0,0,0,0,0
2008-02-27 11:00:00+00:00,30,2,11,,,0,0,0,0,0,0,0,0,0,0,0,0,0,0,0,0,0,0,0,0,0,0,0,0,0
2008-02-27 11:00:00+00:00,30,2,11,,,0,0,0,0,0,0,0,0,0,0,0,0,0,0,0,0,0,0,0,0,0,0,0,0,0
2008-02-27 11:00:00+00:00,30,2,11,,,0,0,0,0,0,0,0,0,0,0,0,0,0,0,0,0,0,0,0,0,0,0,0,0,0
2008-02-27 11:00:00+00:00,30,2,11,,,0,0,0,0,0,0,0,0,0,0,0,0,0,0,0,0,0,0,0,0,0,0,0,0,0
2008-02-27 11:00:00+00:00,30,2,11,,,0,0,0,0,0,0,0,0,0,0,0,0,0,0,0,0,0,0,0,0,0,0,0,0,0
2008-02-27 11:00:00+00:00,30,2,11,,,0,0,0,0,0,0,0,0,0,0,0,0,0,0,0,0,0,0,0,0,0,0,0,0,0
2008-02-27 11:00:00+00:00,30,2,11,,,0,0,0,0,0,0,0,0,0,0,0,0,0,0,0,0,0,0,0,0,0,0,0,0,0
2008-02-27 11:00:00+00:00,30,2,11,,,0,0,0,0,0,0,0,0,0,0,0,0,0,0,0,0,0,0,0,0,0,0,0,0,0
2008-02-27 11:00:00+00:00,30,2,11,,,0,0,0,0,0,0,0,0,0,0,0,0,0,0,0,0,0,0,0,0,0,0,0,0,0
2008-02-27 11:00:00+00:00,30,2,11,,,0,0,0,0,0,0,0,0,0,0,0,0,0,0,0,0,0,0,0,0,0,0,0,0,0
2008-02-27 11:00:00+00:00,30,2,11,,,0,0,0,0,0,0,0,0,0,0,0,0,0,0,0,0,0,0,0,0,0,0,0,0,0
2008-02-27 11:00:00+00:00,30,2,11,,,0,0,0,0,0,0,0,0,0,0,0,0,0,0,0,0,0,0,0,0,0,0,0,0,0
2008-02-27 11:00:00+00:00,30,2,11,,,0,0,0,0,0,0,0,0,0,0,0,0,0,0,0,0,0,0,0,0,0,0,0,0,0
2008-02-27 11:00:00+00:00,30,2,11,,,0,0,0,0,0,0,0,0,0,0,0,0,0,0,0,0,0,0,0,0,0,0,0,0,0
2008-02-27 11:15:00+00:00,30,2,11,,250.80380249023438,0,0,0,0,0,0,0,0,0,0,0,0,0,0,0,0,0,0,0,0,0,0,0,0,0
2008-02-27 11:15:00+00:00,30,2,11,,96.15709686279297,0,0,0,0,0,0,0,0,0,0,0,0,0,0,0,0,0,0,0,0,0,0,0,0,0
2008-02-27 11:15:00+00:00,30,2,11,,,0,0,0,0,0,0,0,0,0,0,0,0,0,0,0,0,0,0,0,0,0,0,0,0,0
2008-02-27 11:15:00+00:00,30,2,11,,236.87451171875,0,0,0,0,0,0,0,0,0,0,0,0,0,0,0,0,0,0,0,0,0,0,0,0,0
2008-02-27 11:15:00+00:00,30,2,11,,157.5574493408203,0,0,0,0,0,0,0,0,0,0,0,0,0,0,0,0,0,0,0,0,0,0,0,0,0
2008-02-27 11:15:00+00:00,30,2,11,,360.6474914550781,0,0,0,0,0,0,0,0,0,0,0,0,0,0,0,0,0,0,0,0,0,0,0,0,0
2008-02-27 11:15:00+00:00,30,2,11,,255.25111389160156,0,0,0,0,0,0,0,0,0,0,0,0,0,0,0,0,0,0,0,0,0,0,0,0,0
2008-02-27 11:15:00+00:00,30,2,11,367.86309814453125,113.23172760009766,0,0,0,0,0,0,0,0,0,0,0,0,0,0,0,0,0,0,0,0,0,0,0,0,0
2008-02-27 11:15:00+00:00,30,2,11,,205.26548767089844,0,0,0,0,0,0,0,0,0,0,0,0,0,0,0,0,0,0,0,0,0,0,0,0,0
2008-02-27 11:15:00+00:00,30,2,11,,,0,0,0,0,0,0,0,0,0,0,0,0,0,0,0,0,0,0,0,0,0,0,0,0,0
2008-02-27 11:15:00+00:00,30,2,11,,279.4307861328125,0,0,0,0,0,0,0,0,0,0,0,0,0,0,0,0,0,0,0,0,0,0,0,0,0
2008-02-27 11:15:00+00:00,30,2,11,,,0,0,0,0,0,0,0,0,0,0,0,0,0,0,0,0,0,0,0,0,0,0,0,0,0
2008-02-27 11:15:00+00:00,30,2,11,,,0,0,0,0,0,0,0,0,0,0,0,0,0,0,0,0,0,0,0,0,0,0,0,0,0
2008-02-27 11:15:00+00:00,30,2,11,,,0,0,0,0,0,0,0,0,0,0,0,0,0,0,0,0,0,0,0,0,0,0,0,0,0
2008-02-27 11:15:00+00:00,30,2,11,,,0,0,0,0,0,0,0,0,0,0,0,0,0,0,0,0,0,0,0,0,0,0,0,0,0
2008-02-27 11:15:00+00:00,30,2,11,465.0428466796875,468.6061706542969,0,0,0,0,0,0,0,0,0,0,0,0,0,0,0,0,0,0,0,0,0,0,0,0,0
2008-02-27 11:15:00+00:00,30,2,11,413.82904052734375,422.202392578125,0,0,0,0,0,0,0,0,0,0,0,0,0,0,0,0,0,0,0,0,0,0,0,0,0
2008-02-27 11:15:00+00:00,30,2,11,443.1015319824219,451.23553466796875,0,0,0,0,0,0,0,0,0,0,0,0,0,0,0,0,0,0,0,0,0,0,0,0,0
2008-02-27 11:15:00+00:00,30,2,11,473.662109375,480.40167236328125,0,0,0,0,0,0,0,0,0,0,0,0,0,0,0,0,0,0,0,0,0,0,0,0,0
2008-02-27 11:15:00+00:00,30,2,11,,119.06265258789062,0,0,0,0,0,0,0,0,0,0,0,0,0,0,0,0,0,0,0,0,0,0,0,0,0
2008-02-27 11:15:00+00:00,30,2,11,467.4478759765625,,0,0,0,0,0,0,0,0,0,0,0,0,0,0,0,0,0,0,0,0,0,0,0,0,0
2008-02-27 11:15:00+00:00,30,2,11,346.20062255859375,,0,0,0,0,0,0,0,0,0,0,0,0,0,0,0,0,1,0,0,0,0,0,0,0,0
2008-02-27 11:15:00+00:00,30,2,11,,447.28485107421875,0,0,0,0,0,0,0,0,0,0,0,0,0,0,0,0,0,0,0,0,0,0,0,0,0
2008-02-27 11:15:00+00:00,30,2,11,,343.0650939941406,0,0,0,0,0,0,0,0,0,0,0,0,0,0,0,0,0,0,0,0,0,0,0,0,0
2008-02-27 11:15:00+00:00,30,2,11,171.55357360839844,,0,0,0,0,0,0,0,0,0,0,0,0,1,1,1,1,1,0,0,0,0,0,0,0,0
2008-02-27 11:15:00+00:00,30,2,11,424.41827392578125,247.31900024414062,0,0,0,0,0,0,0,0,0,0,0,0,0,0,0,0,0,0,0,0,0,0,0,0,0
2008-02-27 11:15:00+00:00,30,2,11,223.3072052001953,,0,0,0,0,0,0,0,0,0,0,0,0,0,0,1,1,1,0,0,0,0,0,0,0,0
2008-02-27 11:15:00+00:00,30,2,11,385.6711730957031,222.19984436035156,0,0,0,0,0,0,0,0,0,0,0,0,0,0,0,0,0,0,0,0,0,0,0,0,0
2008-02-27 11:15:00+00:00,30,2,11,,226.60694885253906,0,0,0,0,0,0,0,0,0,0,0,0,0,0,0,0,0,0,0,0,0,0,0,0,0
2008-02-27 11:15:00+00:00,30,2,11,,,0,0,0,0,0,0,0,0,0,0,0,0,0,0,0,0,0,0,0,0,0,0,0,0,0
2008-02-27 11:15:00+00:00,30,2,11,,,0,0,0,0,0,0,0,0,0,0,0,0,0,0,0,0,0,0,0,0,0,0,0,0,0
2008-02-27 11:15:00+00:00,30,2,11,,,0,0,0,0,0,0,0,0,0,0,0,0,0,0,0,0,0,0,0,0,0,0,0,0,0
2008-02-27 11:15:00+00:00,30,2,11,,,0,0,0,0,0,0,0,0,0,0,0,0,0,0,0,0,0,0,0,0,0,0,0,0,0
2008-02-27 11:30:00+00:00,30,2,11,,229.22206115722656,0,0,0,0,0,0,0,0,0,0,0,0,0,0,0,0,0,0,0,0,0,0,0,0,0
2008-02-27 11:30:00+00:00,30,2,11,74.01575469970703,75.77244567871094,0,0,0,0,0,0,0,0,1,1,1,1,1,1,1,1,1,0,0,0,0,0,0,0,0
2008-02-27 11:30:00+00:00,30,2,11,,113.68773651123047,0,0,0,0,0,0,0,0,0,0,0,0,0,0,0,0,0,0,0,0,0,0,0,0,0
2008-02-27 11:30:00+00:00,30,2,11,,172.50250244140625,0,0,0,0,0,0,0,0,0,0,0,0,0,0,0,0,0,0,0,0,0,0,0,0,0
2008-02-27 11:30:00+00:00,30,2,11,172.7644500732422,166.01467895507812,0,0,0,0,0,0,0,0,0,0,0,0,1,1,1,1,1,0,0,0,0,0,0,0,0
2008-02-27 11:30:00+00:00,30,2,11,167.5824737548828,163.74978637695312,0,0,0,0,0,0,0,0,0,0,0,0,1,1,1,1,1,0,0,0,0,0,0,0,0
2008-02-27 11:30:00+00:00,30,2,11,386.6391296386719,15.339818954467773,0,0,0,0,0,0,0,0,0,0,0,0,0,0,0,0,0,0,0,1,1,1,1,1,1
2008-02-27 11:30:00+00:00,30,2,11,,390.5431213378906,0,0,0,0,0,0,0,0,0,0,0,0,0,0,0,0,0,0,0,0,0,0,0,0,0
2008-02-27 11:30:00+00:00,30,2,11,424.0901794433594,136.9508514404297,0,0,0,0,0,0,0,0,0,0,0,0,0,0,0,0,0,0,0,0,0,0,0,0,0
2008-02-27 11:30:00+00:00,30,2,11,,218.0553741455078,0,0,0,0,0,0,0,0,0,0,0,0,0,0,0,0,0,0,0,0,0,0,0,0,0
2008-02-27 11:30:00+00:00,30,2,11,387.2642517089844,105.81570434570312,0,0,0,0,0,0,0,0,0,0,0,0,0,0,0,0,0,0,0,0,0,0,0,0,0
2008-02-27 11:30:00+00:00,30,2,11,124.21534729003906,85.7996826171875,0,0,0,0,0,0,0,0,0,0,0,1,1,1,1,1,1,0,0,0,0,0,0,0,0
2008-02-27 11:30:00+00:00,30,2,11,253.22341918945312,5.878351211547852,0,0,0,0,0,0,0,0,0,0,0,0,0,0,0,1,1,1,1,1,1,1,1,1,1
2008-02-27 11:30:00+00:00,30,2,11,,335.9249267578125,0,0,0,0,0,0,0,0,0,0,0,0,0,0,0,0,0,0,0,0,0,0,0,0,0
2008-02-27 11:30:00+00:00,30,2,11,405.94085693359375,298.3529968261719,0,0,0,0,0,0,0,0,0,0,0,0,0,0,0,0,0,0,0,0,0,0,0,0,0
2008-02-27 11:30:00+00:00,30,2,11,,118.7303466796875,0,0,0,0,0,0,0,0,0,0,0,0,0,0,0,0,0,0,0,0,0,0,0,0,0
2008-02-27 11:30:00+00:00,30,2,11,,,0,0,0,0,0,0,0,0,0,0,0,0,0,0,0,0,0,0,0,0,0,0,0,0,0
2008-02-27 11:30:00+00:00,30,2,11,,529.3338623046875,0,0,0,0,0,0,0,0,0,0,0,0,0,0,0,0,0,0,0,0,0,0,0,0,0
2008-02-27 11:30:00+00:00,30,2,11,,,0,0,0,0,0,0,0,0,0,0,0,0,0,0,0,0,0,0,0,0,0,0,0,0,0
2008-02-27 11:30:00+00:00,30,2,11,282.733642578125,226.73458862304688,0,0,0,0,0,0,0,0,0,0,0,0,0,0,0,1,1,0,0,0,0,0,0,0,0
2008-02-27 11:30:00+00:00,30,2,11,,374.0905456542969,0,0,0,0,0,0,0,0,0,0,0,0,0,0,0,0,0,0,0,0,0,0,0,0,0
2008-02-27 11:30:00+00:00,30,2,11,,,0,0,0,0,0,0,0,0,0,0,0,0,0,0,0,0,0,0,0,0,0,0,0,0,0
2008-02-27 11:30:00+00:00,30,2,11,,6.997852802276611,0,0,0,0,0,0,0,0,0,0,0,0,0,0,0,0,0,1,1,1,1,1,1,1,1
2008-02-27 11:30:00+00:00,30,2,11,,243.55628967285156,0,0,0,0,0,0,0,0,0,0,0,0,0,0,0,0,0,0,0,0,0,0,0,0,0
2008-02-27 11:30:00+00:00,30,2,11,,140.918701171875,0,0,0,0,0,0,0,0,0,0,0,0,0,0,0,0,0,0,0,0,0,0,0,0,0
2008-02-27 11:45:00+00:00,30,2,11,342.47259521484375,125.39122009277344,0,0,0,0,0,0,0,0,0,0,0,0,0,0,0,0,1,0,0,0,0,0,0,0,0
2008-02-27 11:45:00+00:00,30,2,11,,351.8768615722656,0,0,0,0,0,0,0,0,0,0,0,0,0,0,0,0,0,0,0,0,0,0,0,0,0
2008-02-27 11:45:00+00:00,30,2,11,171.8972930908203,137.54461669921875,0,0,0,0,0,0,0,0,0,0,0,0,1,1,1,1,1,0,0,0,0,0,0,0,0
2008-02-27 11:45:00+00:00,30,2,11,273.5072021484375,280.48876953125,0,0,0,0,0,0,0,0,0,0,0,0,0,0,0,1,1,0,0,0,0,0,0,0,0
2008-02-27 11:45:00+00:00,30,2,11,134.06655883789062,96.34943389892578,0,0,0,0,0,0,0,0,0,0,0,1,1,1,1,1,1,0,0,0,0,0,0,0,0
2008-02-27 11:45:00+00:00,30,2,11,,639.8245239257812,0,0,0,0,0,0,0,0,0,0,0,0,0,0,0,0,0,0,0,0,0,0,0,0,0
2008-02-27 11:45:00+00:00,30,2,11,168.5113983154297,155.98294067382812,0,0,0,0,0,0,0,0,0,0,0,0,1,1,1,1,1,0,0,0,0,0,0,0,0
2008-02-27 11:45:00+00:00,30,2,11,,,0,0,0,0,0,0,0,0,0,0,0,0,0,0,0,0,0,0,0,0,0,0,0,0,0
2008-02-27 11:45:00+00:00,30,2,11,140.51902770996094,137.14169311523438,0,0,0,0,0,0,0,0,0,0,0,1,1,1,1,1,1,0,0,0,0,0,0,0,0
2008-02-27 11:45:00+00:00,30,2,11,515.7236328125,506.7220458984375,0,0,0,0,0,0,0,0,0,0,0,0,0,0,0,0,0,0,0,0,0,0,0,0,0
2008-02-27 11:45:00+00:00,30,2,11,,,0,0,0,0,0,0,0,0,0,0,0,0,0,0,0,0,0,0,0,0,0,0,0,0,0
2008-02-27 11:45:00+00:00,30,2,11,367.1308898925781,30.703298568725586,0,0,0,0,0,0,0,0,0,0,0,0,0,0,0,0,0,0,0,0,0,0,1,1,1
2008-02-27 11:45:00+00:00,30,2,11,169.73976135253906,343.3393859863281,0,0,0,0,0,0,0,0,0,0,0,0,1,1,1,1,1,0,0,0,0,0,0,0,0
2008-02-27 11:45:00+00:00,30,2,11,139.91868591308594,479.6143493652344,0,0,0,0,0,0,0,0,0,0,0,1,1,1,1,1,1,0,0,0,0,0,0,0,0
2008-02-27 11:45:00+00:00,30,2,11,210.87904357910156,406.8545837402344,0,0,0,0,0,0,0,0,0,0,0,0,0,0,1,1,1,0,0,0,0,0,0,0,0
2008-02-27 11:45:00+00:00,30,2,11,,189.26199340820312,0,0,0,0,0,0,0,0,0,0,0,0,0,0,0,0,0,0,0,0,0,0,0,0,0
2008-02-27 11:45:00+00:00,30,2,11,,605.6417236328125,0,0,0,0,0,0,0,0,0,0,0,0,0,0,0,0,0,0,0,0,0,0,0,0,0
2008-02-27 11:45:00+00:00,30,2,11,159.706298828125,194.39463806152344,0,0,0,0,0,0,0,0,0,0,0,0,1,1,1,1,1,0,0,0,0,0,0,0,0
2008-02-27 11:45:00+00:00,30,2,11,,,0,0,0,0,0,0,0,0,0,0,0,0,0,0,0,0,0,0,0,0,0,0,0,0,0
2008-02-27 11:45:00+00:00,30,2,11,,,0,0,0,0,0,0,0,0,0,0,0,0,0,0,0,0,0,0,0,0,0,0,0,0,0
2008-02-27 11:45:00+00:00,30,2,11,,,0,0,0,0,0,0,0,0,0,0,0,0,0,0,0,0,0,0,0,0,0,0,0,0,0
2008-02-27 11:45:00+00:00,30,2,11,,,0,0,0,0,0,0,0,0,0,0,0,0,0,0,0,0,0,0,0,0,0,0,0,0,0
2008-02-27 11:45:00+00:00,30,2,11,,,0,0,0,0,0,0,0,0,0,0,0,0,0,0,0,0,0,0,0,0,0,0,0,0,0
2008-02-27 11:45:00+00:00,30,2,11,,,0,0,0,0,0,0,0,0,0,0,0,0,0,0,0,0,0,0,0,0,0,0,0,0,0
2008-02-27 12:00:00+00:00,30,2,12,87.99427795410156,90.57332611083984,0,0,0,0,0,0,0,0,0,1,1,1,1,1,1,1,1,0,0,0,0,0,0,0,0
2008-02-27 12:00:00+00:00,30,2,12,346.44390869140625,324.99749755859375,0,0,0,0,0,0,0,0,0,0,0,0,0,0,0,0,1,0,0,0,0,0,0,0,0
2008-02-27 12:00:00+00:00,30,2,12,116.2842788696289,96.99362182617188,0,0,0,0,0,0,0,0,0,0,1,1,1,1,1,1,1,0,0,0,0,0,0,0,0
2008-02-27 12:00:00+00:00,30,2,12,82.9278793334961,66.65279388427734,0,0,0,0,0,0,0,0,0,1,1,1,1,1,1,1,1,0,0,0,0,0,0,0,0
2008-02-27 12:00:00+00:00,30,2,12,88.37004852294922,56.4166374206543,0,0,0,0,0,0,0,0,0,1,1,1,1,1,1,1,1,0,0,0,0,0,0,0,1
2008-02-27 12:00:00+00:00,30,2,12,227.0392608642578,233.85919189453125,0,0,0,0,0,0,0,0,0,0,0,0,0,0,1,1,1,0,0,0,0,0,0,0,0
2008-02-27 12:00:00+00:00,30,2,12,125.29071807861328,128.95797729492188,0,0,0,0,0,0,0,0,0,0,0,1,1,1,1,1,1,0,0,0,0,0,0,0,0
2008-02-27 12:00:00+00:00,30,2,12,343.17071533203125,498.8106689453125,0,0,0,0,0,0,0,0,0,0,0,0,0,0,0,0,1,0,0,0,0,0,0,0,0
2008-02-27 12:00:00+00:00,30,2,12,407.3367004394531,429.125,0,0,0,0,0,0,0,0,0,0,0,0,0,0,0,0,0,0,0,0,0,0,0,0,0
2008-02-27 12:00:00+00:00,30,2,12,466.2421569824219,,0,0,0,0,0,0,0,0,0,0,0,0,0,0,0,0,0,0,0,0,0,0,0,0,0
2008-02-27 12:00:00+00:00,30,2,12,390.8700256347656,391.8586730957031,0,0,0,0,0,0,0,0,0,0,0,0,0,0,0,0,0,0,0,0,0,0,0,0,0
2008-02-27 12:00:00+00:00,30,2,12,233.1078338623047,205.8494110107422,0,0,0,0,0,0,0,0,0,0,0,0,0,0,1,1,1,0,0,0,0,0,0,0,0
2008-02-27 12:00:00+00:00,30,2,12,320.4217834472656,310.4530029296875,0,0,0,0,0,0,0,0,0,0,0,0,0,0,0,0,1,0,0,0,0,0,0,0,0
2008-02-27 12:00:00+00:00,30,2,12,156.92874145507812,159.45071411132812,0,0,0,0,0,0,0,0,0,0,0,0,1,1,1,1,1,0,0,0,0,0,0,0,0
2008-02-27 12:00:00+00:00,30,2,12,373.34765625,119.46686553955078,0,0,0,0,0,0,0,0,0,0,0,0,0,0,0,0,0,0,0,0,0,0,0,0,0
2008-02-27 12:00:00+00:00,30,2,12,102.03595733642578,67.74964141845703,0,0,0,0,0,0,0,0,0,0,1,1,1,1,1,1,1,0,0,0,0,0,0,0,0
2008-02-27 12:00:00+00:00,30,2,12,251.7515411376953,129.8312530517578,0,0,0,0,0,0,0,0,0,0,0,0,0,0,0,1,1,0,0,0,0,0,0,0,0
2008-02-27 12:00:00+00:00,30,2,12,,,0,0,0,0,0,0,0,0,0,0,0,0,0,0,0,0,0,0,0,0,0,0,0,0,0
2008-02-27 12:00:00+00:00,30,2,12,,,0,0,0,0,0,0,0,0,0,0,0,0,0,0,0,0,0,0,0,0,0,0,0,0,0
2008-02-27 12:00:00+00:00,30,2,12,,,0,0,0,0,0,0,0,0,0,0,0,0,0,0,0,0,0,0,0,0,0,0,0,0,0
2008-02-27 12:00:00+00:00,30,2,12,317.2400817871094,265.5570373535156,0,0,0,0,0,0,0,0,0,0,0,0,0,0,0,0,1,0,0,0,0,0,0,0,0
2008-02-27 12:00:00+00:00,30,2,12,,,0,0,0,0,0,0,0,0,0,0,0,0,0,0,0,0,0,0,0,0,0,0,0,0,0
2008-02-27 12:00:00+00:00,30,2,12,276.2325134277344,278.5137634277344,0,0,0,0,0,0,0,0,0,0,0,0,0,0,0,1,1,0,0,0,0,0,0,0,0
2008-02-27 12:00:00+00:00,30,2,12,356.1223449707031,358.43524169921875,0,0,0,0,0,0,0,0,0,0,0,0,0,0,0,0,0,0,0,0,0,0,0,0,0
2008-02-27 12:00:00+00:00,30,2,12,,272.8028564453125,0,0,0,0,0,0,0,0,0,0,0,0,0,0,0,0,0,0,0,0,0,0,0,0,0
2008-02-27 12:00:00+00:00,30,2,12,138.6405487060547,,0,0,0,0,0,0,0,0,0,0,0,1,1,1,1,1,1,0,0,0,0,0,0,0,0
2008-02-27 12:00:00+00:00,30,2,12,,,0,0,0,0,0,0,0,0,0,0,0,0,0,0,0,0,0,0,0,0,0,0,0,0,0
2008-02-27 12:00:00+00:00,30,2,12,70.17048645019531,,0,0,0,0,0,0,0,0,1,1,1,1,1,1,1,1,1,0,0,0,0,0,0,0,0
2008-02-27 12:00:00+00:00,30,2,12,343.7660827636719,,0,0,0,0,0,0,0,0,0,0,0,0,0,0,0,0,1,0,0,0,0,0,0,0,0
2008-02-27 12:00:00+00:00,30,2,12,,,0,0,0,0,0,0,0,0,0,0,0,0,0,0,0,0,0,0,0,0,0,0,0,0,0
2008-02-27 12:00:00+00:00,30,2,12,246.1343994140625,,0,0,0,0,0,0,0,0,0,0,0,0,0,0,1,1,1,0,0,0,0,0,0,0,0
2008-02-27 12:00:00+00:00,30,2,12,,,0,0,0,0,0,0,0,0,0,0,0,0,0,0,0,0,0,0,0,0,0,0,0,0,0
2008-02-27 12:00:00+00:00,30,2,12,,,0,0,0,0,0,0,0,0,0,0,0,0,0,0,0,0,0,0,0,0,0,0,0,0,0
2008-02-27 12:15:00+00:00,30,2,12,184.6218719482422,181.29664611816406,0,0,0,0,0,0,0,0,0,0,0,0,0,1,1,1,1,0,0,0,0,0,0,0,0
2008-02-27 12:15:00+00:00,30,2,12,166.3148651123047,162.22357177734375,0,0,0,0,0,0,0,0,0,0,0,0,1,1,1,1,1,0,0,0,0,0,0,0,0
2008-02-27 12:15:00+00:00,30,2,12,43.872215270996094,96.0518798828125,0,0,0,0,0,0,1,1,1,1,1,1,1,1,1,1,1,0,0,0,0,0,0,0,0
2008-02-27 12:15:00+00:00,30,2,12,93.42575073242188,92.35906219482422,0,0,0,0,0,0,0,0,0,1,1,1,1,1,1,1,1,0,0,0,0,0,0,0,0
2008-02-27 12:15:00+00:00,30,2,12,125.46482849121094,62.66790008544922,0,0,0,0,0,0,0,0,0,0,0,1,1,1,1,1,1,0,0,0,0,0,0,0,0
2008-02-27 12:15:00+00:00,30,2,12,415.3603820800781,407.84906005859375,0,0,0,0,0,0,0,0,0,0,0,0,0,0,0,0,0,0,0,0,0,0,0,0,0
2008-02-27 12:15:00+00:00,30,2,12,,,0,0,0,0,0,0,0,0,0,0,0,0,0,0,0,0,0,0,0,0,0,0,0,0,0
2008-02-27 12:15:00+00:00,30,2,12,,,0,0,0,0,0,0,0,0,0,0,0,0,0,0,0,0,0,0,0,0,0,0,0,0,0
2008-02-27 12:15:00+00:00,30,2,12,,,0,0,0,0,0,0,0,0,0,0,0,0,0,0,0,0,0,0,0,0,0,0,0,0,0
2008-02-27 12:15:00+00:00,30,2,12,134.42398071289062,395.13043212890625,0,0,0,0,0,0,0,0,0,0,0,1,1,1,1,1,1,0,0,0,0,0,0,0,0
2008-02-27 12:15:00+00:00,30,2,12,73.1232681274414,64.9326400756836,0,0,0,0,0,0,0,0,1,1,1,1,1,1,1,1,1,0,0,0,0,0,0,0,0
2008-02-27 12:15:00+00:00,30,2,12,310.7434387207031,283.31756591796875,0,0,0,0,0,0,0,0,0,0,0,0,0,0,0,0,1,0,0,0,0,0,0,0,0
2008-02-27 12:15:00+00:00,30,2,12,337.0420837402344,94.02339172363281,0,0,0,0,0,0,0,0,0,0,0,0,0,0,0,0,1,0,0,0,0,0,0,0,0
2008-02-27 12:15:00+00:00,30,2,12,298.2972106933594,,0,0,0,0,0,0,0,0,0,0,0,0,0,0,0,1,1,0,0,0,0,0,0,0,0
2008-02-27 12:15:00+00:00,30,2,12,,,0,0,0,0,0,0,0,0,0,0,0,0,0,0,0,0,0,0,0,0,0,0,0,0,0
2008-02-27 12:15:00+00:00,30,2,12,,,0,0,0,0,0,0,0,0,0,0,0,0,0,0,0,0,0,0,0,0,0,0,0,0,0
2008-02-27 12:15:00+00:00,30,2,12,,,0,0,0,0,0,0,0,0,0,0,0,0,0,0,0,0,0,0,0,0,0,0,0,0,0
2008-02-27 12:15:00+00:00,30,2,12,,,0,0,0,0,0,0,0,0,0,0,0,0,0,0,0,0,0,0,0,0,0,0,0,0,0
2008-02-27 12:15:00+00:00,30,2,12,129.9099578857422,114.20761108398438,0,0,0,0,0,0,0,0,0,0,0,1,1,1,1,1,1,0,0,0,0,0,0,0,0
2008-02-27 12:15:00+00:00,30,2,12,,,0,0,0,0,0,0,0,0,0,0,0,0,0,0,0,0,0,0,0,0,0,0,0,0,0
2008-02-27 12:15:00+00:00,30,2,12,,,0,0,0,0,0,0,0,0,0,0,0,0,0,0,0,0,0,0,0,0,0,0,0,0,0
2008-02-27 12:15:00+00:00,30,2,12,,344.86187744140625,0,0,0,0,0,0,0,0,0,0,0,0,0,0,0,0,0,0,0,0,0,0,0,0,0
2008-02-27 12:15:00+00:00,30,2,12,,,0,0,0,0,0,0,0,0,0,0,0,0,0,0,0,0,0,0,0,0,0,0,0,0,0
2008-02-27 12:15:00+00:00,30,2,12,,,0,0,0,0,0,0,0,0,0,0,0,0,0,0,0,0,0,0,0,0,0,0,0,0,0
2008-02-27 12:15:00+00:00,30,2,12,,,0,0,0,0,0,0,0,0,0,0,0,0,0,0,0,0,0,0,0,0,0,0,0,0,0
2008-02-27 12:30:00+00:00,30,2,12,257.5318603515625,260.4782409667969,0,0,0,0,0,0,0,0,0,0,0,0,0,0,0,1,1,0,0,0,0,0,0,0,0
2008-02-27 12:30:00+00:00,30,2,12,278.1303405761719,,0,0,0,0,0,0,0,0,0,0,0,0,0,0,0,1,1,0,0,0,0,0,0,0,0
2008-02-27 12:30:00+00:00,30,2,12,274.1672668457031,268.7681884765625,0,0,0,0,0,0,0,0,0,0,0,0,0,0,0,1,1,0,0,0,0,0,0,0,0
2008-02-27 12:30:00+00:00,30,2,12,101.10094451904297,269.51318359375,0,0,0,0,0,0,0,0,0,0,1,1,1,1,1,1,1,0,0,0,0,0,0,0,0
2008-02-27 12:30:00+00:00,30,2,12,415.2425231933594,404.34625244140625,0,0,0,0,0,0,0,0,0,0,0,0,0,0,0,0,0,0,0,0,0,0,0,0,0
2008-02-27 12:30:00+00:00,30,2,12,367.3063659667969,575.2168579101562,0,0,0,0,0,0,0,0,0,0,0,0,0,0,0,0,0,0,0,0,0,0,0,0,0
2008-02-27 12:30:00+00:00,30,2,12,118.46922302246094,65.11637878417969,0,0,0,0,0,0,0,0,0,0,1,1,1,1,1,1,1,0,0,0,0,0,0,0,0
2008-02-27 12:30:00+00:00,30,2,12,305.5776062011719,304.5898742675781,0,0,0,0,0,0,0,0,0,0,0,0,0,0,0,0,1,0,0,0,0,0,0,0,0
2008-02-27 12:30:00+00:00,30,2,12,345.392822265625,283.26824951171875,0,0,0,0,0,0,0,0,0,0,0,0,0,0,0,0,1,0,0,0,0,0,0,0,0
2008-02-27 12:30:00+00:00,30,2,12,307.95233154296875,212.5190887451172,0,0,0,0,0,0,0,0,0,0,0,0,0,0,0,0,1,0,0,0,0,0,0,0,0
2008-02-27 12:30:00+00:00,30,2,12,329.39544677734375,233.62228393554688,0,0,0,0,0,0,0,0,0,0,0,0,0,0,0,0,1,0,0,0,0,0,0,0,0
2008-02-27 12:30:00+00:00,30,2,12,278.3427429199219,282.2833557128906,0,0,0,0,0,0,0,0,0,0,0,0,0,0,0,1,1,0,0,0,0,0,0,0,0
2008-02-27 12:30:00+00:00,30,2,12,386.2040100097656,274.08428955078125,0,0,0,0,0,0,0,0,0,0,0,0,0,0,0,0,0,0,0,0,0,0,0,0,0
2008-02-27 12:30:00+00:00,30,2,12,,,0,0,0,0,0,0,0,0,0,0,0,0,0,0,0,0,0,0,0,0,0,0,0,0,0
2008-02-27 12:30:00+00:00,30,2,12,,,0,0,0,0,0,0,0,0,0,0,0,0,0,0,0,0,0,0,0,0,0,0,0,0,0
2008-02-27 12:30:00+00:00,30,2,12,,,0,0,0,0,0,0,0,0,0,0,0,0,0,0,0,0,0,0,0,0,0,0,0,0,0
2008-02-27 12:30:00+00:00,30,2,12,,,0,0,0,0,0,0,0,0,0,0,0,0,0,0,0,0,0,0,0,0,0,0,0,0,0
2008-02-27 12:30:00+00:00,30,2,12,,,0,0,0,0,0,0,0,0,0,0,0,0,0,0,0,0,0,0,0,0,0,0,0,0,0
2008-02-27 12:30:00+00:00,30,2,12,109.18282318115234,97.35724639892578,0,0,0,0,0,0,0,0,0,0,1,1,1,1,1,1,1,0,0,0,0,0,0,0,0
2008-02-27 12:30:00+00:00,30,2,12,,,0,0,0,0,0,0,0,0,0,0,0,0,0,0,0,0,0,0,0,0,0,0,0,0,0
2008-02-27 12:30:00+00:00,30,2,12,,,0,0,0,0,0,0,0,0,0,0,0,0,0,0,0,0,0,0,0,0,0,0,0,0,0
2008-02-27 12:30:00+00:00,30,2,12,207.7104034423828,195.2422637939453,0,0,0,0,0,0,0,0,0,0,0,0,0,0,1,1,1,0,0,0,0,0,0,0,0
2008-02-27 12:30:00+00:00,30,2,12,202.47244262695312,138.60508728027344,0,0,0,0,0,0,0,0,0,0,0,0,0,0,1,1,1,0,0,0,0,0,0,0,0
2008-02-27 12:30:00+00:00,30,2,12,,,0,0,0,0,0,0,0,0,0,0,0,0,0,0,0,0,0,0,0,0,0,0,0,0,0
2008-02-27 12:30:00+00:00,30,2,12,157.6527557373047,213.6939239501953,0,0,0,0,0,0,0,0,0,0,0,0,1,1,1,1,1,0,0,0,0,0,0,0,0
2008-02-27 12:30:00+00:00,30,2,12,,,0,0,0,0,0,0,0,0,0,0,0,0,0,0,0,0,0,0,0,0,0,0,0,0,0
2008-02-27 12:30:00+00:00,30,2,12,448.3895568847656,254.12347412109375,0,0,0,0,0,0,0,0,0,0,0,0,0,0,0,0,0,0,0,0,0,0,0,0,0
2008-02-27 12:30:00+00:00,30,2,12,,,0,0,0,0,0,0,0,0,0,0,0,0,0,0,0,0,0,0,0,0,0,0,0,0,0
2008-02-27 12:30:00+00:00,30,2,12,,175.40219116210938,0,0,0,0,0,0,0,0,0,0,0,0,0,0,0,0,0,0,0,0,0,0,0,0,0
2008-02-27 12:30:00+00:00,30,2,12,,142.02322387695312,0,0,0,0,0,0,0,0,0,0,0,0,0,0,0,0,0,0,0,0,0,0,0,0,0
2008-02-27 12:30:00+00:00,30,2,12,,,0,0,0,0,0,0,0,0,0,0,0,0,0,0,0,0,0,0,0,0,0,0,0,0,0
2008-02-27 12:45:00+00:00,30,2,12,461.4717102050781,465.9266357421875,0,0,0,0,0,0,0,0,0,0,0,0,0,0,0,0,0,0,0,0,0,0,0,0,0
2008-02-27 12:45:00+00:00,30,2,12,339.70556640625,338.57421875,0,0,0,0,0,0,0,0,0,0,0,0,0,0,0,0,1,0,0,0,0,0,0,0,0
2008-02-27 12:45:00+00:00,30,2,12,186.47975158691406,,0,0,0,0,0,0,0,0,0,0,0,0,0,1,1,1,1,0,0,0,0,0,0,0,0
2008-02-27 12:45:00+00:00,30,2,12,324.98577880859375,191.0801239013672,0,0,0,0,0,0,0,0,0,0,0,0,0,0,0,0,1,0,0,0,0,0,0,0,0
2008-02-27 12:45:00+00:00,30,2,12,438.5919494628906,231.54600524902344,0,0,0,0,0,0,0,0,0,0,0,0,0,0,0,0,0,0,0,0,0,0,0,0,0
2008-02-27 12:45:00+00:00,30,2,12,,278.32403564453125,0,0,0,0,0,0,0,0,0,0,0,0,0,0,0,0,0,0,0,0,0,0,0,0,0
2008-02-27 12:45:00+00:00,30,2,12,72.54814147949219,68.66151428222656,0,0,0,0,0,0,0,0,1,1,1,1,1,1,1,1,1,0,0,0,0,0,0,0,0
2008-02-27 12:45:00+00:00,30,2,12,174.92239379882812,132.8414764404297,0,0,0,0,0,0,0,0,0,0,0,0,1,1,1,1,1,0,0,0,0,0,0,0,0
2008-02-27 12:45:00+00:00,30,2,12,148.256591796875,127.24772644042969,0,0,0,0,0,0,0,0,0,0,0,1,1,1,1,1,1,0,0,0,0,0,0,0,0
2008-02-27 12:45:00+00:00,30,2,12,76.13618469238281,88.46802520751953,0,0,0,0,0,0,0,0,1,1,1,1,1,1,1,1,1,0,0,0,0,0,0,0,0
2008-02-27 12:45:00+00:00,30,2,12,37.84960174560547,15.862348556518555,0,0,0,0,0,1,1,1,1,1,1,1,1,1,1,1,1,0,0,1,1,1,1,1,1
2008-02-27 12:45:00+00:00,30,2,12,295.5984802246094,303.4479675292969,0,0,0,0,0,0,0,0,0,0,0,0,0,0,0,1,1,0,0,0,0,0,0,0,0
2008-02-27 12:45:00+00:00,30,2,12,,,0,0,0,0,0,0,0,0,0,0,0,0,0,0,0,0,0,0,0,0,0,0,0,0,0
2008-02-27 12:45:00+00:00,30,2,12,182.93194580078125,183.9244384765625,0,0,0,0,0,0,0,0,0,0,0,0,0,1,1,1,1,0,0,0,0,0,0,0,0
2008-02-27 12:45:00+00:00,30,2,12,,,0,0,0,0,0,0,0,0,0,0,0,0,0,0,0,0,0,0,0,0,0,0,0,0,0
2008-02-27 12:45:00+00:00,30,2,12,185.79925537109375,181.4477996826172,0,0,0,0,0,0,0,0,0,0,0,0,0,1,1,1,1,0,0,0,0,0,0,0,0
2008-02-27 12:45:00+00:00,30,2,12,,,0,0,0,0,0,0,0,0,0,0,0,0,0,0,0,0,0,0,0,0,0,0,0,0,0
2008-02-27 12:45:00+00:00,30,2,12,,,0,0,0,0,0,0,0,0,0,0,0,0,0,0,0,0,0,0,0,0,0,0,0,0,0
2008-02-27 12:45:00+00:00,30,2,12,,,0,0,0,0,0,0,0,0,0,0,0,0,0,0,0,0,0,0,0,0,0,0,0,0,0
2008-02-27 12:45:00+00:00,30,2,12,,104.57240295410156,0,0,0,0,0,0,0,0,0,0,0,0,0,0,0,0,0,0,0,0,0,0,0,0,0
2008-02-27 13:00:00+00:00,30,2,13,,,0,0,0,0,0,0,0,0,0,0,0,0,0,0,0,0,0,0,0,0,0,0,0,0,0
2008-02-27 13:00:00+00:00,30,2,13,,,0,0,0,0,0,0,0,0,0,0,0,0,0,0,0,0,0,0,0,0,0,0,0,0,0
2008-02-27 13:00:00+00:00,30,2,13,316.2830505371094,325.0639953613281,0,0,0,0,0,0,0,0,0,0,0,0,0,0,0,0,1,0,0,0,0,0,0,0,0
2008-02-27 13:00:00+00:00,30,2,13,,174.48780822753906,0,0,0,0,0,0,0,0,0,0,0,0,0,0,0,0,0,0,0,0,0,0,0,0,0
2008-02-27 13:00:00+00:00,30,2,13,,197.93130493164062,0,0,0,0,0,0,0,0,0,0,0,0,0,0,0,0,0,0,0,0,0,0,0,0,0
2008-02-27 13:00:00+00:00,30,2,13,,121.72016143798828,0,0,0,0,0,0,0,0,0,0,0,0,0,0,0,0,0,0,0,0,0,0,0,0,0
2008-02-27 13:00:00+00:00,30,2,13,137.8849334716797,132.5404815673828,0,0,0,0,0,0,0,0,0,0,0,1,1,1,1,1,1,0,0,0,0,0,0,0,0
2008-02-27 13:00:00+00:00,30,2,13,256.1346130371094,13.34599494934082,0,0,0,0,0,0,0,0,0,0,0,0,0,0,0,1,1,0,1,1,1,1,1,1,1
2008-02-27 13:00:00+00:00,30,2,13,,,0,0,0,0,0,0,0,0,0,0,0,0,0,0,0,0,0,0,0,0,0,0,0,0,0
2008-02-27 13:00:00+00:00,30,2,13,383.65447998046875,340.03973388671875,0,0,0,0,0,0,0,0,0,0,0,0,0,0,0,0,0,0,0,0,0,0,0,0,0
2008-02-27 13:00:00+00:00,30,2,13,,448.2664794921875,0,0,0,0,0,0,0,0,0,0,0,0,0,0,0,0,0,0,0,0,0,0,0,0,0
2008-02-27 13:00:00+00:00,30,2,13,451.6576843261719,161.58120727539062,0,0,0,0,0,0,0,0,0,0,0,0,0,0,0,0,0,0,0,0,0,0,0,0,0
2008-02-27 13:00:00+00:00,30,2,13,,137.91136169433594,0,0,0,0,0,0,0,0,0,0,0,0,0,0,0,0,0,0,0,0,0,0,0,0,0
2008-02-27 13:00:00+00:00,30,2,13,210.3487548828125,191.1259307861328,0,0,0,0,0,0,0,0,0,0,0,0,0,0,1,1,1,0,0,0,0,0,0,0,0
2008-02-27 13:00:00+00:00,30,2,13,,65.16506958007812,0,0,0,0,0,0,0,0,0,0,0,0,0,0,0,0,0,0,0,0,0,0,0,0,0
2008-02-27 13:00:00+00:00,30,2,13,,,0,0,0,0,0,0,0,0,0,0,0,0,0,0,0,0,0,0,0,0,0,0,0,0,0
2008-02-27 13:00:00+00:00,30,2,13,,,0,0,0,0,0,0,0,0,0,0,0,0,0,0,0,0,0,0,0,0,0,0,0,0,0
2008-02-27 13:00:00+00:00,30,2,13,474.5926208496094,288.7813720703125,0,0,0,0,0,0,0,0,0,0,0,0,0,0,0,0,0,0,0,0,0,0,0,0,0
2008-02-27 13:00:00+00:00,30,2,13,,292.06610107421875,0,0,0,0,0,0,0,0,0,0,0,0,0,0,0,0,0,0,0,0,0,0,0,0,0
2008-02-27 13:00:00+00:00,30,2,13,,,0,0,0,0,0,0,0,0,0,0,0,0,0,0,0,0,0,0,0,0,0,0,0,0,0
2008-02-27 13:00:00+00:00,30,2,13,,,0,0,0,0,0,0,0,0,0,0,0,0,0,0,0,0,0,0,0,0,0,0,0,0,0
2008-02-27 13:00:00+00:00,30,2,13,158.01608276367188,155.74691772460938,0,0,0,0,0,0,0,0,0,0,0,0,1,1,1,1,1,0,0,0,0,0,0,0,0
2008-02-27 13:00:00+00:00,30,2,13,,,0,0,0,0,0,0,0,0,0,0,0,0,0,0,0,0,0,0,0,0,0,0,0,0,0
2008-02-27 13:00:00+00:00,30,2,13,,,0,0,0,0,0,0,0,0,0,0,0,0,0,0,0,0,0,0,0,0,0,0,0,0,0
2008-02-27 13:15:00+00:00,30,2,13,,536.8657836914062,0,0,0,0,0,0,0,0,0,0,0,0,0,0,0,0,0,0,0,0,0,0,0,0,0
2008-02-27 13:15:00+00:00,30,2,13,383.4346618652344,274.69580078125,0,0,0,0,0,0,0,0,0,0,0,0,0,0,0,0,0,0,0,0,0,0,0,0,0
2008-02-27 13:15:00+00:00,30,2,13,375.2086181640625,286.592041015625,0,0,0,0,0,0,0,0,0,0,0,0,0,0,0,0,0,0,0,0,0,0,0,0,0
2008-02-27 13:15:00+00:00,30,2,13,154.5940704345703,140.50181579589844,0,0,0,0,0,0,0,0,0,0,0,0,1,1,1,1,1,0,0,0,0,0,0,0,0
2008-02-27 13:15:00+00:00,30,2,13,69.4975357055664,62.96735382080078,0,0,0,0,0,0,0,0,1,1,1,1,1,1,1,1,1,0,0,0,0,0,0,0,0
2008-02-27 13:15:00+00:00,30,2,13,64.3271255493164,70.79711151123047,0,0,0,0,0,0,0,0,1,1,1,1,1,1,1,1,1,0,0,0,0,0,0,0,0
2008-02-27 13:15:00+00:00,30,2,13,,,0,0,0,0,0,0,0,0,0,0,0,0,0,0,0,0,0,0,0,0,0,0,0,0,0
2008-02-27 13:15:00+00:00,30,2,13,69.36541748046875,64.6955337524414,0,0,0,0,0,0,0,0,1,1,1,1,1,1,1,1,1,0,0,0,0,0,0,0,0
2008-02-27 13:15:00+00:00,30,2,13,116.54156494140625,87.38030242919922,0,0,0,0,0,0,0,0,0,0,1,1,1,1,1,1,1,0,0,0,0,0,0,0,0
2008-02-27 13:15:00+00:00,30,2,13,,,0,0,0,0,0,0,0,0,0,0,0,0,0,0,0,0,0,0,0,0,0,0,0,0,0
2008-02-27 13:15:00+00:00,30,2,13,,,0,0,0,0,0,0,0,0,0,0,0,0,0,0,0,0,0,0,0,0,0,0,0,0,0
2008-02-27 13:15:00+00:00,30,2,13,243.594482421875,225.70095825195312,0,0,0,0,0,0,0,0,0,0,0,0,0,0,1,1,1,0,0,0,0,0,0,0,0
2008-02-27 13:15:00+00:00,30,2,13,348.33050537109375,364.5335693359375,0,0,0,0,0,0,0,0,0,0,0,0,0,0,0,0,1,0,0,0,0,0,0,0,0
2008-02-27 13:15:00+00:00,30,2,13,466.42822265625,142.9231719970703,0,0,0,0,0,0,0,0,0,0,0,0,0,0,0,0,0,0,0,0,0,0,0,0,0
2008-02-27 13:15:00+00:00,30,2,13,,333.4473571777344,0,0,0,0,0,0,0,0,0,0,0,0,0,0,0,0,0,0,0,0,0,0,0,0,0
2008-02-27 13:15:00+00:00,30,2,13,,357.09844970703125,0,0,0,0,0,0,0,0,0,0,0,0,0,0,0,0,0,0,0,0,0,0,0,0,0
2008-02-27 13:15:00+00:00,30,2,13,194.5767059326172,476.9419250488281,0,0,0,0,0,0,0,0,0,0,0,0,0,1,1,1,1,0,0,0,0,0,0,0,0
2008-02-27 13:15:00+00:00,30,2,13,161.8966827392578,443.3267517089844,0,0,0,0,0,0,0,0,0,0,0,0,1,1,1,1,1,0,0,0,0,0,0,0,0
2008-02-27 13:15:00+00:00,30,2,13,279.3971252441406,,0,0,0,0,0,0,0,0,0,0,0,0,0,0,0,1,1,0,0,0,0,0,0,0,0
2008-02-27 13:15:00+00:00,30,2,13,183.16395568847656,,0,0,0,0,0,0,0,0,0,0,0,0,0,1,1,1,1,0,0,0,0,0,0,0,0
2008-02-27 13:30:00+00:00,30,2,13,370.53399658203125,252.96609497070312,0,0,0,0,0,0,0,0,0,0,0,0,0,0,0,0,0,0,0,0,0,0,0,0,0
2008-02-27 13:30:00+00:00,30,2,13,236.1035614013672,237.51869201660156,0,0,0,0,0,0,0,0,0,0,0,0,0,0,1,1,1,0,0,0,0,0,0,0,0
2008-02-27 13:30:00+00:00,30,2,13,82.88984680175781,20.10471534729004,0,0,0,0,0,0,0,0,0,1,1,1,1,1,1,1,1,0,0,0,1,1,1,1,1
2008-02-27 13:30:00+00:00,30,2,13,127.07189178466797,130.64962768554688,0,0,0,0,0,0,0,0,0,0,0,1,1,1,1,1,1,0,0,0,0,0,0,0,0
2008-02-27 13:30:00+00:00,30,2,13,162.13011169433594,229.75657653808594,0,0,0,0,0,0,0,0,0,0,0,0,1,1,1,1,1,0,0,0,0,0,0,0,0
2008-02-27 13:30:00+00:00,30,2,13,264.3289489746094,272.173583984375,0,0,0,0,0,0,0,0,0,0,0,0,0,0,0,1,1,0,0,0,0,0,0,0,0
2008-02-27 13:30:00+00:00,30,2,13,108.89005279541016,65.59112548828125,0,0,0,0,0,0,0,0,0,0,1,1,1,1,1,1,1,0,0,0,0,0,0,0,0
2008-02-27 13:30:00+00:00,30,2,13,343.9571533203125,347.4931335449219,0,0,0,0,0,0,0,0,0,0,0,0,0,0,0,0,1,0,0,0,0,0,0,0,0
2008-02-27 13:30:00+00:00,30,2,13,131.76988220214844,150.61935424804688,0,0,0,0,0,0,0,0,0,0,0,1,1,1,1,1,1,0,0,0,0,0,0,0,0
2008-02-27 13:30:00+00:00,30,2,13,92.63251495361328,108.73973083496094,0,0,0,0,0,0,0,0,0,1,1,1,1,1,1,1,1,0,0,0,0,0,0,0,0
2008-02-27 13:30:00+00:00,30,2,13,98.71566009521484,114.4911880493164,0,0,0,0,0,0,0,0,0,1,1,1,1,1,1,1,1,0,0,0,0,0,0,0,0
2008-02-27 13:30:00+00:00,30,2,13,242.0500946044922,274.8957824707031,0,0,0,0,0,0,0,0,0,0,0,0,0,0,1,1,1,0,0,0,0,0,0,0,0
2008-02-27 13:30:00+00:00,30,2,13,189.9332275390625,179.54417419433594,0,0,0,0,0,0,0,0,0,0,0,0,0,1,1,1,1,0,0,0,0,0,0,0,0
2008-02-27 13:30:00+00:00,30,2,13,284.012939453125,135.22984313964844,0,0,0,0,0,0,0,0,0,0,0,0,0,0,0,1,1,0,0,0,0,0,0,0,0
2008-02-27 13:30:00+00:00,30,2,13,120.68096923828125,69.8307876586914,0,0,0,0,0,0,0,0,0,0,0,1,1,1,1,1,1,0,0,0,0,0,0,0,0
2008-02-27 13:30:00+00:00,30,2,13,37.07054138183594,30.906198501586914,0,0,0,0,0,1,1,1,1,1,1,1,1,1,1,1,1,0,0,0,0,0,1,1,1
2008-02-27 13:30:00+00:00,30,2,13,189.12176513671875,124.8604965209961,0,0,0,0,0,0,0,0,0,0,0,0,0,1,1,1,1,0,0,0,0,0,0,0,0
2008-02-27 13:30:00+00:00,30,2,13,107.160400390625,118.7745590209961,0,0,0,0,0,0,0,0,0,0,1,1,1,1,1,1,1,0,0,0,0,0,0,0,0
2008-02-27 13:30:00+00:00,30,2,13,184.63807678222656,,0,0,0,0,0,0,0,0,0,0,0,0,0,1,1,1,1,0,0,0,0,0,0,0,0
2008-02-27 13:30:00+00:00,30,2,13,,,0,0,0,0,0,0,0,0,0,0,0,0,0,0,0,0,0,0,0,0,0,0,0,0,0
2008-02-27 13:45:00+00:00,30,2,13,116.96123504638672,110.71782684326172,0,0,0,0,0,0,0,0,0,0,1,1,1,1,1,1,1,0,0,0,0,0,0,0,0
2008-02-27 13:45:00+00:00,30,2,13,107.48853302001953,109.17112731933594,0,0,0,0,0,0,0,0,0,0,1,1,1,1,1,1,1,0,0,0,0,0,0,0,0
2008-02-27 13:45:00+00:00,30,2,13,100.60630798339844,88.30741119384766,0,0,0,0,0,0,0,0,0,0,1,1,1,1,1,1,1,0,0,0,0,0,0,0,0
2008-02-27 13:45:00+00:00,30,2,13,111.23231506347656,,0,0,0,0,0,0,0,0,0,0,1,1,1,1,1,1,1,0,0,0,0,0,0,0,0
2008-02-27 13:45:00+00:00,30,2,13,260.3158264160156,,0,0,0,0,0,0,0,0,0,0,0,0,0,0,0,1,1,0,0,0,0,0,0,0,0
2008-02-27 13:45:00+00:00,30,2,13,274.1208190917969,264.8948669433594,0,0,0,0,0,0,0,0,0,0,0,0,0,0,0,1,1,0,0,0,0,0,0,0,0
2008-02-27 13:45:00+00:00,30,2,13,136.11138916015625,92.34217834472656,0,0,0,0,0,0,0,0,0,0,0,1,1,1,1,1,1,0,0,0,0,0,0,0,0
2008-02-27 13:45:00+00:00,30,2,13,197.91256713867188,203.32762145996094,0,0,0,0,0,0,0,0,0,0,0,0,0,1,1,1,1,0,0,0,0,0,0,0,0
2008-02-27 13:45:00+00:00,30,2,13,353.59454345703125,361.76702880859375,0,0,0,0,0,0,0,0,0,0,0,0,0,0,0,0,0,0,0,0,0,0,0,0,0
2008-02-27 13:45:00+00:00,30,2,13,56.55608367919922,52.50353240966797,0,0,0,0,0,0,0,1,1,1,1,1,1,1,1,1,1,0,0,0,0,0,0,0,1
2008-02-27 13:45:00+00:00,30,2,13,151.62998962402344,147.7213592529297,0,0,0,0,0,0,0,0,0,0,0,0,1,1,1,1,1,0,0,0,0,0,0,0,0
2008-02-27 13:45:00+00:00,30,2,13,276.1619873046875,258.4510803222656,0,0,0,0,0,0,0,0,0,0,0,0,0,0,0,1,1,0,0,0,0,0,0,0,0
2008-02-27 13:45:00+00:00,30,2,13,,,0,0,0,0,0,0,0,0,0,0,0,0,0,0,0,0,0,0,0,0,0,0,0,0,0
2008-02-27 13:45:00+00:00,30,2,13,444.00433349609375,302.0196228027344,0,0,0,0,0,0,0,0,0,0,0,0,0,0,0,0,0,0,0,0,0,0,0,0,0
2008-02-27 13:45:00+00:00,30,2,13,,3.0420165061950684,0,0,0,0,0,0,0,0,0,0,0,0,0,0,0,0,0,1,1,1,1,1,1,1,1
2008-02-27 14:00:00+00:00,30,2,14,,,0,0,0,0,0,0,0,0,0,0,0,0,0,0,0,0,0,0,0,0,0,0,0,0,0
2008-02-27 14:00:00+00:00,30,2,14,157.26202392578125,134.72625732421875,0,0,0,0,0,0,0,0,0,0,0,0,1,1,1,1,1,0,0,0,0,0,0,0,0
2008-02-27 14:00:00+00:00,30,2,14,194.20130920410156,172.96897888183594,0,0,0,0,0,0,0,0,0,0,0,0,0,1,1,1,1,0,0,0,0,0,0,0,0
2008-02-27 14:00:00+00:00,30,2,14,159.79771423339844,,0,0,0,0,0,0,0,0,0,0,0,0,1,1,1,1,1,0,0,0,0,0,0,0,0
2008-02-27 14:00:00+00:00,30,2,14,291.08929443359375,,0,0,0,0,0,0,0,0,0,0,0,0,0,0,0,1,1,0,0,0,0,0,0,0,0
2008-02-27 14:00:00+00:00,30,2,14,195.8444061279297,133.18011474609375,0,0,0,0,0,0,0,0,0,0,0,0,0,1,1,1,1,0,0,0,0,0,0,0,0
2008-02-27 14:00:00+00:00,30,2,14,88.62610626220703,137.49560546875,0,0,0,0,0,0,0,0,0,1,1,1,1,1,1,1,1,0,0,0,0,0,0,0,0
2008-02-27 14:00:00+00:00,30,2,14,,150.42303466796875,0,0,0,0,0,0,0,0,0,0,0,0,0,0,0,0,0,0,0,0,0,0,0,0,0
2008-02-27 14:00:00+00:00,30,2,14,,22.874975204467773,0,0,0,0,0,0,0,0,0,0,0,0,0,0,0,0,0,0,0,0,1,1,1,1,1
2008-02-27 14:00:00+00:00,30,2,14,,0.0,0,0,0,0,0,0,0,0,0,0,0,0,0,0,0,0,0,1,1,1,1,1,1,1,1
2008-02-27 14:00:00+00:00,30,2,14,,152.33486938476562,0,0,0,0,0,0,0,0,0,0,0,0,0,0,0,0,0,0,0,0,0,0,0,0,0
2008-02-27 14:00:00+00:00,30,2,14,,,0,0,0,0,0,0,0,0,0,0,0,0,0,0,0,0,0,0,0,0,0,0,0,0,0
2008-02-27 14:15:00+00:00,30,2,14,238.89877319335938,238.89877319335938,0,0,0,0,0,0,0,0,0,0,0,0,0,0,1,1,1,0,0,0,0,0,0,0,0
2008-02-27 14:15:00+00:00,30,2,14,277.0124206542969,277.0124206542969,0,0,0,0,0,0,0,0,0,0,0,0,0,0,0,1,1,0,0,0,0,0,0,0,0
2008-02-27 14:15:00+00:00,30,2,14,464.3197021484375,459.4296569824219,0,0,0,0,0,0,0,0,0,0,0,0,0,0,0,0,0,0,0,0,0,0,0,0,0
2008-02-27 14:15:00+00:00,30,2,14,493.0111999511719,483.8009033203125,0,0,0,0,0,0,0,0,0,0,0,0,0,0,0,0,0,0,0,0,0,0,0,0,0
2008-02-27 14:15:00+00:00,30,2,14,153.16354370117188,152.48284912109375,0,0,0,0,0,0,0,0,0,0,0,0,1,1,1,1,1,0,0,0,0,0,0,0,0
2008-02-27 14:15:00+00:00,30,2,14,120.69706726074219,116.3434066772461,0,0,0,0,0,0,0,0,0,0,0,1,1,1,1,1,1,0,0,0,0,0,0,0,0
2008-02-27 14:15:00+00:00,30,2,14,133.89117431640625,127.65991973876953,0,0,0,0,0,0,0,0,0,0,0,1,1,1,1,1,1,0,0,0,0,0,0,0,0
2008-02-27 14:15:00+00:00,30,2,14,204.73321533203125,97.84123992919922,0,0,0,0,0,0,0,0,0,0,0,0,0,0,1,1,1,0,0,0,0,0,0,0,0
2008-02-27 14:15:00+00:00,30,2,14,104.31592559814453,107.577392578125,0,0,0,0,0,0,0,0,0,0,1,1,1,1,1,1,1,0,0,0,0,0,0,0,0
2008-02-27 14:15:00+00:00,30,2,14,299.7026062011719,316.4014892578125,0,0,0,0,0,0,0,0,0,0,0,0,0,0,0,1,1,0,0,0,0,0,0,0,0
2008-02-27 14:15:00+00:00,30,2,14,192.48841857910156,184.26097106933594,0,0,0,0,0,0,0,0,0,0,0,0,0,1,1,1,1,0,0,0,0,0,0,0,0
2008-02-27 14:15:00+00:00,30,2,14,82.86135864257812,73.81426239013672,0,0,0,0,0,0,0,0,0,1,1,1,1,1,1,1,1,0,0,0,0,0,0,0,0
2008-02-27 14:15:00+00:00,30,2,14,279.29248046875,155.83242797851562,0,0,0,0,0,0,0,0,0,0,0,0,0,0,0,1,1,0,0,0,0,0,0,0,0
2008-02-27 14:15:00+00:00,30,2,14,179.5174102783203,282.9898681640625,0,0,0,0,0,0,0,0,0,0,0,0,1,1,1,1,1,0,0,0,0,0,0,0,0
2008-02-27 14:15:00+00:00,30,2,14,211.0216522216797,211.77772521972656,0,0,0,0,0,0,0,0,0,0,0,0,0,0,1,1,1,0,0,0,0,0,0,0,0
2008-02-27 14:15:00+00:00,30,2,14,,,0,0,0,0,0,0,0,0,0,0,0,0,0,0,0,0,0,0,0,0,0,0,0,0,0
2008-02-27 14:15:00+00:00,30,2,14,,338.0665283203125,0,0,0,0,0,0,0,0,0,0,0,0,0,0,0,0,0,0,0,0,0,0,0,0,0
2008-02-27 14:15:00+00:00,30,2,14,,72.07467651367188,0,0,0,0,0,0,0,0,0,0,0,0,0,0,0,0,0,0,0,0,0,0,0,0,0
2008-02-27 14:15:00+00:00,30,2,14,98.7482681274414,88.74369049072266,0,0,0,0,0,0,0,0,0,1,1,1,1,1,1,1,1,0,0,0,0,0,0,0,0
2008-02-27 14:15:00+00:00,30,2,14,93.6661376953125,56.0909423828125,0,0,0,0,0,0,0,0,0,1,1,1,1,1,1,1,1,0,0,0,0,0,0,0,1
2008-02-27 14:15:00+00:00,30,2,14,203.5238037109375,154.7913818359375,0,0,0,0,0,0,0,0,0,0,0,0,0,0,1,1,1,0,0,0,0,0,0,0,0
2008-02-27 14:15:00+00:00,30,2,14,235.13412475585938,188.5443572998047,0,0,0,0,0,0,0,0,0,0,0,0,0,0,1,1,1,0,0,0,0,0,0,0,0
2008-02-27 14:15:00+00:00,30,2,14,,,0,0,0,0,0,0,0,0,0,0,0,0,0,0,0,0,0,0,0,0,0,0,0,0,0
2008-02-27 14:15:00+00:00,30,2,14,,,0,0,0,0,0,0,0,0,0,0,0,0,0,0,0,0,0,0,0,0,0,0,0,0,0
2008-02-27 14:30:00+00:00,30,2,14,,435.02728271484375,0,0,0,0,0,0,0,0,0,0,0,0,0,0,0,0,0,0,0,0,0,0,0,0,0
2008-02-27 14:30:00+00:00,30,2,14,439.9258117675781,427.7102355957031,0,0,0,0,0,0,0,0,0,0,0,0,0,0,0,0,0,0,0,0,0,0,0,0,0
2008-02-27 14:30:00+00:00,30,2,14,201.7115020751953,192.50816345214844,0,0,0,0,0,0,0,0,0,0,0,0,0,0,1,1,1,0,0,0,0,0,0,0,0
2008-02-27 14:30:00+00:00,30,2,14,196.59996032714844,63.64735412597656,0,0,0,0,0,0,0,0,0,0,0,0,0,1,1,1,1,0,0,0,0,0,0,0,0
2008-02-27 14:30:00+00:00,30,2,14,,78.30802917480469,0,0,0,0,0,0,0,0,0,0,0,0,0,0,0,0,0,0,0,0,0,0,0,0,0
2008-02-27 14:30:00+00:00,30,2,14,298.8171691894531,116.4206771850586,0,0,0,0,0,0,0,0,0,0,0,0,0,0,0,1,1,0,0,0,0,0,0,0,0
2008-02-27 14:30:00+00:00,30,2,14,70.46904754638672,108.34523010253906,0,0,0,0,0,0,0,0,1,1,1,1,1,1,1,1,1,0,0,0,0,0,0,0,0
2008-02-27 14:30:00+00:00,30,2,14,318.6865539550781,307.5108947753906,0,0,0,0,0,0,0,0,0,0,0,0,0,0,0,0,1,0,0,0,0,0,0,0,0
2008-02-27 14:30:00+00:00,30,2,14,68.93104553222656,66.62760925292969,0,0,0,0,0,0,0,0,1,1,1,1,1,1,1,1,1,0,0,0,0,0,0,0,0
2008-02-27 14:30:00+00:00,30,2,14,37.261783599853516,23.893524169921875,0,0,0,0,0,1,1,1,1,1,1,1,1,1,1,1,1,0,0,0,1,1,1,1,1
2008-02-27 14:30:00+00:00,30,2,14,,278.2256774902344,0,0,0,0,0,0,0,0,0,0,0,0,0,0,0,0,0,0,0,0,0,0,0,0,0
2008-02-27 14:30:00+00:00,30,2,14,289.8841552734375,283.3003845214844,0,0,0,0,0,0,0,0,0,0,0,0,0,0,0,1,1,0,0,0,0,0,0,0,0
2008-02-27 14:30:00+00:00,30,2,14,,,0,0,0,0,0,0,0,0,0,0,0,0,0,0,0,0,0,0,0,0,0,0,0,0,0
2008-02-27 14:30:00+00:00,30,2,14,,,0,0,0,0,0,0,0,0,0,0,0,0,0,0,0,0,0,0,0,0,0,0,0,0,0
2008-02-27 14:30:00+00:00,30,2,14,,,0,0,0,0,0,0,0,0,0,0,0,0,0,0,0,0,0,0,0,0,0,0,0,0,0
2008-02-27 14:45:00+00:00,30,2,14,247.90980529785156,253.92567443847656,0,0,0,0,0,0,0,0,0,0,0,0,0,0,1,1,1,0,0,0,0,0,0,0,0
2008-02-27 14:45:00+00:00,30,2,14,459.71600341796875,351.4985046386719,0,0,0,0,0,0,0,0,0,0,0,0,0,0,0,0,0,0,0,0,0,0,0,0,0
2008-02-27 14:45:00+00:00,30,2,14,304.52813720703125,303.6976013183594,0,0,0,0,0,0,0,0,0,0,0,0,0,0,0,0,1,0,0,0,0,0,0,0,0
2008-02-27 14:45:00+00:00,30,2,14,90.11135864257812,99.70083618164062,0,0,0,0,0,0,0,0,0,1,1,1,1,1,1,1,1,0,0,0,0,0,0,0,0
2008-02-27 14:45:00+00:00,30,2,14,138.55319213867188,119.62480163574219,0,0,0,0,0,0,0,0,0,0,0,1,1,1,1,1,1,0,0,0,0,0,0,0,0
2008-02-27 14:45:00+00:00,30,2,14,127.85071563720703,108.58236694335938,0,0,0,0,0,0,0,0,0,0,0,1,1,1,1,1,1,0,0,0,0,0,0,0,0
2008-02-27 14:45:00+00:00,30,2,14,341.9415283203125,340.2458190917969,0,0,0,0,0,0,0,0,0,0,0,0,0,0,0,0,1,0,0,0,0,0,0,0,0
2008-02-27 14:45:00+00:00,30,2,14,97.13947296142578,97.13947296142578,0,0,0,0,0,0,0,0,0,1,1,1,1,1,1,1,1,0,0,0,0,0,0,0,0
2008-02-27 14:45:00+00:00,30,2,14,80.04972076416016,127.82351684570312,0,0,0,0,0,0,0,0,0,1,1,1,1,1,1,1,1,0,0,0,0,0,0,0,0
2008-02-27 14:45:00+00:00,30,2,14,83.75421905517578,92.56402587890625,0,0,0,0,0,0,0,0,0,1,1,1,1,1,1,1,1,0,0,0,0,0,0,0,0
2008-02-27 14:45:00+00:00,30,2,14,214.31524658203125,271.4450378417969,0,0,0,0,0,0,0,0,0,0,0,0,0,0,1,1,1,0,0,0,0,0,0,0,0
2008-02-27 14:45:00+00:00,30,2,14,,,0,0,0,0,0,0,0,0,0,0,0,0,0,0,0,0,0,0,0,0,0,0,0,0,0
2008-02-27 15:00:00+00:00,30,2,15,384.6522521972656,,0,0,0,0,0,0,0,0,0,0,0,0,0,0,0,0,0,0,0,0,0,0,0,0,0
2008-02-27 15:00:00+00:00,30,2,15,334.165283203125,347.9683532714844,0,0,0,0,0,0,0,0,0,0,0,0,0,0,0,0,1,0,0,0,0,0,0,0,0
2008-02-27 15:00:00+00:00,30,2,15,81.75676727294922,66.9818344116211,0,0,0,0,0,0,0,0,0,1,1,1,1,1,1,1,1,0,0,0,0,0,0,0,0
2008-02-27 15:00:00+00:00,30,2,15,35.18795394897461,28.08405113220215,0,0,0,0,0,1,1,1,1,1,1,1,1,1,1,1,1,0,0,0,0,1,1,1,1
2008-02-27 15:00:00+00:00,30,2,15,53.957759857177734,395.06719970703125,0,0,0,0,0,0,0,1,1,1,1,1,1,1,1,1,1,0,0,0,0,0,0,0,0
2008-02-27 15:00:00+00:00,30,2,15,405.93572998046875,,0,0,0,0,0,0,0,0,0,0,0,0,0,0,0,0,0,0,0,0,0,0,0,0,0
2008-02-27 15:00:00+00:00,30,2,15,,,0,0,0,0,0,0,0,0,0,0,0,0,0,0,0,0,0,0,0,0,0,0,0,0,0
2008-02-27 15:00:00+00:00,30,2,15,36.10445022583008,17.155378341674805,0,0,0,0,0,1,1,1,1,1,1,1,1,1,1,1,1,0,0,1,1,1,1,1,1
2008-02-27 15:00:00+00:00,30,2,15,32.057342529296875,34.92045211791992,0,0,0,0,0,1,1,1,1,1,1,1,1,1,1,1,1,0,0,0,0,0,1,1,1
2008-02-27 15:00:00+00:00,30,2,15,89.69964599609375,98.25738525390625,0,0,0,0,0,0,0,0,0,1,1,1,1,1,1,1,1,0,0,0,0,0,0,0,0
2008-02-27 15:00:00+00:00,30,2,15,212.54818725585938,138.0342559814453,0,0,0,0,0,0,0,0,0,0,0,0,0,0,1,1,1,0,0,0,0,0,0,0,0
2008-02-27 15:00:00+00:00,30,2,15,49.04240417480469,144.2224578857422,0,0,0,0,0,0,1,1,1,1,1,1,1,1,1,1,1,0,0,0,0,0,0,0,0
2008-02-27 15:00:00+00:00,30,2,15,326.61468505859375,337.7630920410156,0,0,0,0,0,0,0,0,0,0,0,0,0,0,0,0,1,0,0,0,0,0,0,0,0
2008-02-27 15:00:00+00:00,30,2,15,338.650146484375,341.7408752441406,0,0,0,0,0,0,0,0,0,0,0,0,0,0,0,0,1,0,0,0,0,0,0,0,0
2008-02-27 15:00:00+00:00,30,2,15,,200.67459106445312,0,0,0,0,0,0,0,0,0,0,0,0,0,0,0,0,0,0,0,0,0,0,0,0,0
2008-02-27 15:00:00+00:00,30,2,15,114.1960678100586,124.92442321777344,0,0,0,0,0,0,0,0,0,0,1,1,1,1,1,1,1,0,0,0,0,0,0,0,0
2008-02-27 15:00:00+00:00,30,2,15,421.9910583496094,262.2687683105469,0,0,0,0,0,0,0,0,0,0,0,0,0,0,0,0,0,0,0,0,0,0,0,0,0
2008-02-27 15:00:00+00:00,30,2,15,,445.8606872558594,0,0,0,0,0,0,0,0,0,0,0,0,0,0,0,0,0,0,0,0,0,0,0,0,0
2008-02-27 15:00:00+00:00,30,2,15,,,0,0,0,0,0,0,0,0,0,0,0,0,0,0,0,0,0,0,0,0,0,0,0,0,0
2008-02-27 15:00:00+00:00,30,2,15,,,0,0,0,0,0,0,0,0,0,0,0,0,0,0,0,0,0,0,0,0,0,0,0,0,0
2008-02-27 15:00:00+00:00,30,2,15,,,0,0,0,0,0,0,0,0,0,0,0,0,0,0,0,0,0,0,0,0,0,0,0,0,0
2008-02-27 15:15:00+00:00,30,2,15,232.02801513671875,261.4541015625,0,0,0,0,0,0,0,0,0,0,0,0,0,0,1,1,1,0,0,0,0,0,0,0,0
2008-02-27 15:15:00+00:00,30,2,15,376.3374328613281,406.46240234375,0,0,0,0,0,0,0,0,0,0,0,0,0,0,0,0,0,0,0,0,0,0,0,0,0
2008-02-27 15:15:00+00:00,30,2,15,108.98030853271484,190.9047088623047,0,0,0,0,0,0,0,0,0,0,1,1,1,1,1,1,1,0,0,0,0,0,0,0,0
2008-02-27 15:15:00+00:00,30,2,15,183.43218994140625,180.35943603515625,0,0,0,0,0,0,0,0,0,0,0,0,0,1,1,1,1,0,0,0,0,0,0,0,0
2008-02-27 15:15:00+00:00,30,2,15,298.2284851074219,297.05908203125,0,0,0,0,0,0,0,0,0,0,0,0,0,0,0,1,1,0,0,0,0,0,0,0,0
2008-02-27 15:15:00+00:00,30,2,15,113.46683502197266,116.50601959228516,0,0,0,0,0,0,0,0,0,0,1,1,1,1,1,1,1,0,0,0,0,0,0,0,0
2008-02-27 15:15:00+00:00,30,2,15,,,0,0,0,0,0,0,0,0,0,0,0,0,0,0,0,0,0,0,0,0,0,0,0,0,0
2008-02-27 15:15:00+00:00,30,2,15,,,0,0,0,0,0,0,0,0,0,0,0,0,0,0,0,0,0,0,0,0,0,0,0,0,0
2008-02-27 15:15:00+00:00,30,2,15,42.005409240722656,33.00392532348633,0,0,0,0,0,0,1,1,1,1,1,1,1,1,1,1,1,0,0,0,0,0,1,1,1
2008-02-27 15:15:00+00:00,30,2,15,,135.5012664794922,0,0,0,0,0,0,0,0,0,0,0,0,0,0,0,0,0,0,0,0,0,0,0,0,0
2008-02-27 15:30:00+00:00,30,2,15,,,0,0,0,0,0,0,0,0,0,0,0,0,0,0,0,0,0,0,0,0,0,0,0,0,0
2008-02-27 15:30:00+00:00,30,2,15,420.5152282714844,435.13067626953125,0,0,0,0,0,0,0,0,0,0,0,0,0,0,0,0,0,0,0,0,0,0,0,0,0
2008-02-27 15:30:00+00:00,30,2,15,212.2871856689453,70.8736572265625,0,0,0,0,0,0,0,0,0,0,0,0,0,0,1,1,1,0,0,0,0,0,0,0,0
2008-02-27 15:30:00+00:00,30,2,15,79.14433288574219,71.10033416748047,0,0,0,0,0,0,0,0,1,1,1,1,1,1,1,1,1,0,0,0,0,0,0,0,0
2008-02-27 15:30:00+00:00,30,2,15,,,0,0,0,0,0,0,0,0,0,0,0,0,0,0,0,0,0,0,0,0,0,0,0,0,0
2008-02-27 15:30:00+00:00,30,2,15,330.0612487792969,,0,0,0,0,0,0,0,0,0,0,0,0,0,0,0,0,1,0,0,0,0,0,0,0,0
2008-02-27 15:30:00+00:00,30,2,15,134.40719604492188,124.9967041015625,0,0,0,0,0,0,0,0,0,0,0,1,1,1,1,1,1,0,0,0,0,0,0,0,0
2008-02-27 15:30:00+00:00,30,2,15,201.5633087158203,93.99693298339844,0,0,0,0,0,0,0,0,0,0,0,0,0,0,1,1,1,0,0,0,0,0,0,0,0
2008-02-27 15:30:00+00:00,30,2,15,115.61677551269531,78.05371856689453,0,0,0,0,0,0,0,0,0,0,1,1,1,1,1,1,1,0,0,0,0,0,0,0,0
2008-02-27 15:30:00+00:00,30,2,15,211.34170532226562,227.60595703125,0,0,0,0,0,0,0,0,0,0,0,0,0,0,1,1,1,0,0,0,0,0,0,0,0
2008-02-27 15:30:00+00:00,30,2,15,135.97813415527344,199.23484802246094,0,0,0,0,0,0,0,0,0,0,0,1,1,1,1,1,1,0,0,0,0,0,0,0,0
2008-02-27 15:30:00+00:00,30,2,15,168.21133422851562,147.84445190429688,0,0,0,0,0,0,0,0,0,0,0,0,1,1,1,1,1,0,0,0,0,0,0,0,0
2008-02-27 15:30:00+00:00,30,2,15,90.93729400634766,67.28570556640625,0,0,0,0,0,0,0,0,0,1,1,1,1,1,1,1,1,0,0,0,0,0,0,0,0
2008-02-27 15:30:00+00:00,30,2,15,,,0,0,0,0,0,0,0,0,0,0,0,0,0,0,0,0,0,0,0,0,0,0,0,0,0
2008-02-27 15:30:00+00:00,30,2,15,,,0,0,0,0,0,0,0,0,0,0,0,0,0,0,0,0,0,0,0,0,0,0,0,0,0
2008-02-27 15:30:00+00:00,30,2,15,,83.00471496582031,0,0,0,0,0,0,0,0,0,0,0,0,0,0,0,0,0,0,0,0,0,0,0,0,0
2008-02-27 15:30:00+00:00,30,2,15,,193.06956481933594,0,0,0,0,0,0,0,0,0,0,0,0,0,0,0,0,0,0,0,0,0,0,0,0,0
2008-02-27 15:45:00+00:00,30,2,15,345.0343322753906,317.653076171875,0,0,0,0,0,0,0,0,0,0,0,0,0,0,0,0,1,0,0,0,0,0,0,0,0
2008-02-27 15:45:00+00:00,30,2,15,323.5398864746094,333.4471435546875,0,0,0,0,0,0,0,0,0,0,0,0,0,0,0,0,1,0,0,0,0,0,0,0,0
2008-02-27 15:45:00+00:00,30,2,15,,,0,0,0,0,0,0,0,0,0,0,0,0,0,0,0,0,0,0,0,0,0,0,0,0,0
2008-02-27 15:45:00+00:00,30,2,15,103.99774932861328,68.83562469482422,0,0,0,0,0,0,0,0,0,0,1,1,1,1,1,1,1,0,0,0,0,0,0,0,0
2008-02-27 15:45:00+00:00,30,2,15,95.17362213134766,70.83856964111328,0,0,0,0,0,0,0,0,0,1,1,1,1,1,1,1,1,0,0,0,0,0,0,0,0
2008-02-27 15:45:00+00:00,30,2,15,362.66827392578125,224.01828002929688,0,0,0,0,0,0,0,0,0,0,0,0,0,0,0,0,0,0,0,0,0,0,0,0,0
2008-02-27 15:45:00+00:00,30,2,15,336.76019287109375,191.635498046875,0,0,0,0,0,0,0,0,0,0,0,0,0,0,0,0,1,0,0,0,0,0,0,0,0
2008-02-27 15:45:00+00:00,30,2,15,159.84596252441406,391.9659729003906,0,0,0,0,0,0,0,0,0,0,0,0,1,1,1,1,1,0,0,0,0,0,0,0,0
2008-02-27 15:45:00+00:00,30,2,15,235.3618621826172,223.76223754882812,0,0,0,0,0,0,0,0,0,0,0,0,0,0,1,1,1,0,0,0,0,0,0,0,0
2008-02-27 16:00:00+00:00,30,2,16,357.3512268066406,314.0401916503906,0,0,0,0,0,0,0,0,0,0,0,0,0,0,0,0,0,0,0,0,0,0,0,0,0
2008-02-27 16:00:00+00:00,30,2,16,360.7088928222656,256.65625,0,0,0,0,0,0,0,0,0,0,0,0,0,0,0,0,0,0,0,0,0,0,0,0,0
2008-02-27 16:00:00+00:00,30,2,16,105.08720397949219,85.69010162353516,0,0,0,0,0,0,0,0,0,0,1,1,1,1,1,1,1,0,0,0,0,0,0,0,0
2008-02-27 16:00:00+00:00,30,2,16,,,0,0,0,0,0,0,0,0,0,0,0,0,0,0,0,0,0,0,0,0,0,0,0,0,0
2008-02-27 16:00:00+00:00,30,2,16,289.1110534667969,266.2753601074219,0,0,0,0,0,0,0,0,0,0,0,0,0,0,0,1,1,0,0,0,0,0,0,0,0
2008-02-27 16:00:00+00:00,30,2,16,,,0,0,0,0,0,0,0,0,0,0,0,0,0,0,0,0,0,0,0,0,0,0,0,0,0
2008-02-27 16:00:00+00:00,30,2,16,129.06924438476562,150.1597137451172,0,0,0,0,0,0,0,0,0,0,0,1,1,1,1,1,1,0,0,0,0,0,0,0,0
2008-02-27 16:00:00+00:00,30,2,16,194.3352508544922,246.38125610351562,0,0,0,0,0,0,0,0,0,0,0,0,0,1,1,1,1,0,0,0,0,0,0,0,0
2008-02-27 16:00:00+00:00,30,2,16,338.3111877441406,369.8166809082031,0,0,0,0,0,0,0,0,0,0,0,0,0,0,0,0,1,0,0,0,0,0,0,0,0
2008-02-27 16:15:00+00:00,30,2,16,,301.6379699707031,0,0,0,0,0,0,0,0,0,0,0,0,0,0,0,0,0,0,0,0,0,0,0,0,0
2008-02-27 16:15:00+00:00,30,2,16,,,0,0,0,0,0,0,0,0,0,0,0,0,0,0,0,0,0,0,0,0,0,0,0,0,0
2008-02-27 16:15:00+00:00,30,2,16,262.3973083496094,169.4447021484375,0,0,0,0,0,0,0,0,0,0,0,0,0,0,0,1,1,0,0,0,0,0,0,0,0
2008-02-27 16:15:00+00:00,30,2,16,263.0587463378906,264.94744873046875,0,0,0,0,0,0,0,0,0,0,0,0,0,0,0,1,1,0,0,0,0,0,0,0,0
2008-02-27 16:15:00+00:00,30,2,16,263.1798400878906,249.7145538330078,0,0,0,0,0,0,0,0,0,0,0,0,0,0,0,1,1,0,0,0,0,0,0,0,0
2008-02-27 16:15:00+00:00,30,2,16,233.8940887451172,222.76011657714844,0,0,0,0,0,0,0,0,0,0,0,0,0,0,1,1,1,0,0,0,0,0,0,0,0
2008-02-27 16:15:00+00:00,30,2,16,334.4224548339844,324.2945861816406,0,0,0,0,0,0,0,0,0,0,0,0,0,0,0,0,1,0,0,0,0,0,0,0,0
2008-02-27 16:15:00+00:00,30,2,16,418.41058349609375,410.5174560546875,0,0,0,0,0,0,0,0,0,0,0,0,0,0,0,0,0,0,0,0,0,0,0,0,0
2008-02-27 16:15:00+00:00,30,2,16,92.8804702758789,200.9686737060547,0,0,0,0,0,0,0,0,0,1,1,1,1,1,1,1,1,0,0,0,0,0,0,0,0
2008-02-27 16:15:00+00:00,30,2,16,441.3717041015625,449.0072326660156,0,0,0,0,0,0,0,0,0,0,0,0,0,0,0,0,0,0,0,0,0,0,0,0,0
2008-02-27 16:15:00+00:00,30,2,16,,,0,0,0,0,0,0,0,0,0,0,0,0,0,0,0,0,0,0,0,0,0,0,0,0,0
2008-02-27 16:30:00+00:00,30,2,16,99.40731048583984,318.94769287109375,0,0,0,0,0,0,0,0,0,1,1,1,1,1,1,1,1,0,0,0,0,0,0,0,0
2008-02-27 16:30:00+00:00,30,2,16,355.35302734375,,0,0,0,0,0,0,0,0,0,0,0,0,0,0,0,0,0,0,0,0,0,0,0,0,0
2008-02-27 16:30:00+00:00,30,2,16,258.6995544433594,162.51612854003906,0,0,0,0,0,0,0,0,0,0,0,0,0,0,0,1,1,0,0,0,0,0,0,0,0
2008-02-27 16:30:00+00:00,30,2,16,,,0,0,0,0,0,0,0,0,0,0,0,0,0,0,0,0,0,0,0,0,0,0,0,0,0
2008-02-27 16:45:00+00:00,30,2,16,118.49528503417969,182.2036895751953,0,0,0,0,0,0,0,0,0,0,1,1,1,1,1,1,1,0,0,0,0,0,0,0,0
2008-02-27 16:45:00+00:00,30,2,16,,,0,0,0,0,0,0,0,0,0,0,0,0,0,0,0,0,0,0,0,0,0,0,0,0,0
2008-02-27 16:45:00+00:00,30,2,16,62.24651336669922,71.7230453491211,0,0,0,0,0,0,0,0,1,1,1,1,1,1,1,1,1,0,0,0,0,0,0,0,0
2008-02-27 16:45:00+00:00,30,2,16,228.64788818359375,158.52462768554688,0,0,0,0,0,0,0,0,0,0,0,0,0,0,1,1,1,0,0,0,0,0,0,0,0
2008-02-27 16:45:00+00:00,30,2,16,105.6388168334961,98.88287353515625,0,0,0,0,0,0,0,0,0,0,1,1,1,1,1,1,1,0,0,0,0,0,0,0,0
2008-02-27 16:45:00+00:00,30,2,16,227.1185302734375,247.65367126464844,0,0,0,0,0,0,0,0,0,0,0,0,0,0,1,1,1,0,0,0,0,0,0,0,0
2008-02-27 16:45:00+00:00,30,2,16,223.6748504638672,249.58563232421875,0,0,0,0,0,0,0,0,0,0,0,0,0,0,1,1,1,0,0,0,0,0,0,0,0
2008-02-27 17:00:00+00:00,30,2,17,,,0,0,0,0,0,0,0,0,0,0,0,0,0,0,0,0,0,0,0,0,0,0,0,0,0
2008-02-27 17:00:00+00:00,30,2,17,180.984130859375,385.9670104980469,0,0,0,0,0,0,0,0,0,0,0,0,0,1,1,1,1,0,0,0,0,0,0,0,0
2008-02-27 17:00:00+00:00,30,2,17,186.7294158935547,32.62725067138672,0,0,0,0,0,0,0,0,0,0,0,0,0,1,1,1,1,0,0,0,0,0,1,1,1
2008-02-27 17:00:00+00:00,30,2,17,294.6415710449219,238.32884216308594,0,0,0,0,0,0,0,0,0,0,0,0,0,0,0,1,1,0,0,0,0,0,0,0,0
2008-02-27 17:15:00+00:00,30,2,17,103.1739501953125,57.15641784667969,0,0,0,0,0,0,0,0,0,0,1,1,1,1,1,1,1,0,0,0,0,0,0,0,1
2008-02-27 17:15:00+00:00,30,2,17,97.14833068847656,96.7038803100586,0,0,0,0,0,0,0,0,0,1,1,1,1,1,1,1,1,0,0,0,0,0,0,0,0
2008-02-27 17:15:00+00:00,30,2,17,166.54595947265625,169.93922424316406,0,0,0,0,0,0,0,0,0,0,0,0,1,1,1,1,1,0,0,0,0,0,0,0,0
2008-02-27 17:30:00+00:00,30,2,17,314.13177490234375,327.3616943359375,0,0,0,0,0,0,0,0,0,0,0,0,0,0,0,0,1,0,0,0,0,0,0,0,0
2008-02-27 17:30:00+00:00,30,2,17,230.20431518554688,92.69017028808594,0,0,0,0,0,0,0,0,0,0,0,0,0,0,1,1,1,0,0,0,0,0,0,0,0
2008-02-27 17:30:00+00:00,30,2,17,339.408203125,374.5135498046875,0,0,0,0,0,0,0,0,0,0,0,0,0,0,0,0,1,0,0,0,0,0,0,0,0
2008-02-27 17:30:00+00:00,30,2,17,337.0304260253906,318.0046081542969,0,0,0,0,0,0,0,0,0,0,0,0,0,0,0,0,1,0,0,0,0,0,0,0,0
2008-02-27 17:30:00+00:00,30,2,17,138.6003875732422,141.689697265625,0,0,0,0,0,0,0,0,0,0,0,1,1,1,1,1,1,0,0,0,0,0,0,0,0
2008-02-27 17:30:00+00:00,30,2,17,117.39663696289062,100.04360961914062,0,0,0,0,0,0,0,0,0,0,1,1,1,1,1,1,1,0,0,0,0,0,0,0,0
2008-02-27 17:45:00+00:00,30,2,17,138.96473693847656,235.95904541015625,0,0,0,0,0,0,0,0,0,0,0,1,1,1,1,1,1,0,0,0,0,0,0,0,0
2008-02-28 13:45:00+00:00,30,2,13,246.6024169921875,134.78802490234375,0,0,0,0,0,0,0,0,0,0,0,0,0,0,1,1,1,0,0,0,0,0,0,0,0
2008-02-28 13:45:00+00:00,30,2,13,330.3468933105469,343.1038818359375,0,0,0,0,0,0,0,0,0,0,0,0,0,0,0,0,1,0,0,0,0,0,0,0,0
2008-02-28 13:45:00+00:00,30,2,13,225.90533447265625,229.88255310058594,0,0,0,0,0,0,0,0,0,0,0,0,0,0,1,1,1,0,0,0,0,0,0,0,0
2008-02-28 13:45:00+00:00,30,2,13,153.7466583251953,140.88510131835938,0,0,0,0,0,0,0,0,0,0,0,0,1,1,1,1,1,0,0,0,0,0,0,0,0
2008-02-28 13:45:00+00:00,30,2,13,110.56616973876953,96.4845199584961,0,0,0,0,0,0,0,0,0,0,1,1,1,1,1,1,1,0,0,0,0,0,0,0,0
2008-02-28 13:45:00+00:00,30,2,13,149.6598663330078,152.0470428466797,0,0,0,0,0,0,0,0,0,0,0,1,1,1,1,1,1,0,0,0,0,0,0,0,0
2008-02-28 13:45:00+00:00,30,2,13,115.39446258544922,112.59518432617188,0,0,0,0,0,0,0,0,0,0,1,1,1,1,1,1,1,0,0,0,0,0,0,0,0
2008-02-28 13:45:00+00:00,30,2,13,75.05388641357422,85.00341796875,0,0,0,0,0,0,0,0,1,1,1,1,1,1,1,1,1,0,0,0,0,0,0,0,0
2008-02-28 13:45:00+00:00,30,2,13,259.5194091796875,206.81568908691406,0,0,0,0,0,0,0,0,0,0,0,0,0,0,0,1,1,0,0,0,0,0,0,0,0
2008-02-28 13:45:00+00:00,30,2,13,100.73333740234375,91.79183959960938,0,0,0,0,0,0,0,0,0,0,1,1,1,1,1,1,1,0,0,0,0,0,0,0,0
2008-02-28 13:45:00+00:00,30,2,13,292.1866760253906,283.85162353515625,0,0,0,0,0,0,0,0,0,0,0,0,0,0,0,1,1,0,0,0,0,0,0,0,0
2008-02-28 13:45:00+00:00,30,2,13,127.1631851196289,124.57801055908203,0,0,0,0,0,0,0,0,0,0,0,1,1,1,1,1,1,0,0,0,0,0,0,0,0
2008-02-28 13:45:00+00:00,30,2,13,137.37991333007812,123.81741333007812,0,0,0,0,0,0,0,0,0,0,0,1,1,1,1,1,1,0,0,0,0,0,0,0,0
2008-02-28 13:45:00+00:00,30,2,13,197.8876953125,175.54129028320312,0,0,0,0,0,0,0,0,0,0,0,0,0,1,1,1,1,0,0,0,0,0,0,0,0
2008-02-28 13:45:00+00:00,30,2,13,123.7491455078125,126.6731185913086,0,0,0,0,0,0,0,0,0,0,0,1,1,1,1,1,1,0,0,0,0,0,0,0,0
2008-02-28 13:45:00+00:00,30,2,13,76.03730010986328,148.3201141357422,0,0,0,0,0,0,0,0,1,1,1,1,1,1,1,1,1,0,0,0,0,0,0,0,0
2008-02-28 13:45:00+00:00,30,2,13,492.04510498046875,310.3865051269531,0,0,0,0,0,0,0,0,0,0,0,0,0,0,0,0,0,0,0,0,0,0,0,0,0
2008-02-28 13:45:00+00:00,30,2,13,300.0897216796875,206.16085815429688,0,0,0,0,0,0,0,0,0,0,0,0,0,0,0,0,1,0,0,0,0,0,0,0,0
2008-02-28 13:45:00+00:00,30,2,13,356.129638671875,,0,0,0,0,0,0,0,0,0,0,0,0,0,0,0,0,0,0,0,0,0,0,0,0,0
2008-02-28 13:45:00+00:00,30,2,13,,,0,0,0,0,0,0,0,0,0,0,0,0,0,0,0,0,0,0,0,0,0,0,0,0,0
2008-02-28 13:45:00+00:00,30,2,13,,,0,0,0,0,0,0,0,0,0,0,0,0,0,0,0,0,0,0,0,0,0,0,0,0,0
2008-02-28 13:45:00+00:00,30,2,13,44.08281326293945,39.208457946777344,0,0,0,0,0,0,1,1,1,1,1,1,1,1,1,1,1,0,0,0,0,0,1,1,1
2008-02-28 13:45:00+00:00,30,2,13,142.62167358398438,132.50039672851562,0,0,0,0,0,0,0,0,0,0,0,1,1,1,1,1,1,0,0,0,0,0,0,0,0
2008-02-28 13:45:00+00:00,30,2,13,283.8635559082031,10.888593673706055,0,0,0,0,0,0,0,0,0,0,0,0,0,0,0,1,1,0,1,1,1,1,1,1,1
2008-02-28 13:45:00+00:00,30,2,13,312.3737487792969,4.269421100616455,0,0,0,0,0,0,0,0,0,0,0,0,0,0,0,0,1,1,1,1,1,1,1,1,1
2008-02-28 13:45:00+00:00,30,2,13,339.155029296875,15.124266624450684,0,0,0,0,0,0,0,0,0,0,0,0,0,0,0,0,1,0,0,1,1,1,1,1,1
2008-02-28 13:45:00+00:00,30,2,13,451.5228576660156,455.1150207519531,0,0,0,0,0,0,0,0,0,0,0,0,0,0,0,0,0,0,0,0,0,0,0,0,0
2008-02-28 13:45:00+00:00,30,2,13,,494.5331115722656,0,0,0,0,0,0,0,0,0,0,0,0,0,0,0,0,0,0,0,0,0,0,0,0,0
2008-02-28 13:45:00+00:00,30,2,13,,,0,0,0,0,0,0,0,0,0,0,0,0,0,0,0,0,0,0,0,0,0,0,0,0,0
2008-02-28 14:00:00+00:00,30,2,14,462.7367248535156,488.14752197265625,0,0,0,0,0,0,0,0,0,0,0,0,0,0,0,0,0,0,0,0,0,0,0,0,0
2008-02-28 14:00:00+00:00,30,2,14,263.796142578125,286.8282165527344,0,0,0,0,0,0,0,0,0,0,0,0,0,0,0,1,1,0,0,0,0,0,0,0,0
2008-02-28 14:00:00+00:00,30,2,14,384.4725646972656,197.46487426757812,0,0,0,0,0,0,0,0,0,0,0,0,0,0,0,0,0,0,0,0,0,0,0,0,0
2008-02-28 14:00:00+00:00,30,2,14,342.10693359375,161.76446533203125,0,0,0,0,0,0,0,0,0,0,0,0,0,0,0,0,1,0,0,0,0,0,0,0,0
2008-02-28 14:00:00+00:00,30,2,14,235.74867248535156,56.09132385253906,0,0,0,0,0,0,0,0,0,0,0,0,0,0,1,1,1,0,0,0,0,0,0,0,1
2008-02-28 14:00:00+00:00,30,2,14,220.26336669921875,205.08670043945312,0,0,0,0,0,0,0,0,0,0,0,0,0,0,1,1,1,0,0,0,0,0,0,0,0
2008-02-28 14:00:00+00:00,30,2,14,231.42434692382812,128.73849487304688,0,0,0,0,0,0,0,0,0,0,0,0,0,0,1,1,1,0,0,0,0,0,0,0,0
2008-02-28 14:00:00+00:00,30,2,14,256.2747802734375,259.5962219238281,0,0,0,0,0,0,0,0,0,0,0,0,0,0,0,1,1,0,0,0,0,0,0,0,0
2008-02-28 14:00:00+00:00,30,2,14,77.7667007446289,71.53987884521484,0,0,0,0,0,0,0,0,1,1,1,1,1,1,1,1,1,0,0,0,0,0,0,0,0
2008-02-28 14:00:00+00:00,30,2,14,88.45585632324219,119.10279846191406,0,0,0,0,0,0,0,0,0,1,1,1,1,1,1,1,1,0,0,0,0,0,0,0,0
2008-02-28 14:00:00+00:00,30,2,14,99.59009552001953,92.30801391601562,0,0,0,0,0,0,0,0,0,1,1,1,1,1,1,1,1,0,0,0,0,0,0,0,0
2008-02-28 14:00:00+00:00,30,2,14,305.0315246582031,299.1930847167969,0,0,0,0,0,0,0,0,0,0,0,0,0,0,0,0,1,0,0,0,0,0,0,0,0
2008-02-28 14:00:00+00:00,30,2,14,269.0715637207031,263.2419738769531,0,0,0,0,0,0,0,0,0,0,0,0,0,0,0,1,1,0,0,0,0,0,0,0,0
2008-02-28 14:00:00+00:00,30,2,14,173.28662109375,176.27316284179688,0,0,0,0,0,0,0,0,0,0,0,0,1,1,1,1,1,0,0,0,0,0,0,0,0
2008-02-28 14:00:00+00:00,30,2,14,76.189697265625,72.09095001220703,0,0,0,0,0,0,0,0,1,1,1,1,1,1,1,1,1,0,0,0,0,0,0,0,0
2008-02-28 14:00:00+00:00,30,2,14,56.578067779541016,59.04022216796875,0,0,0,0,0,0,0,1,1,1,1,1,1,1,1,1,1,0,0,0,0,0,0,0,1
2008-02-28 14:00:00+00:00,30,2,14,,,0,0,0,0,0,0,0,0,0,0,0,0,0,0,0,0,0,0,0,0,0,0,0,0,0
2008-02-28 14:00:00+00:00,30,2,14,176.4541473388672,78.5296630859375,0,0,0,0,0,0,0,0,0,0,0,0,1,1,1,1,1,0,0,0,0,0,0,0,0
2008-02-28 14:00:00+00:00,30,2,14,373.6609802246094,359.3732604980469,0,0,0,0,0,0,0,0,0,0,0,0,0,0,0,0,0,0,0,0,0,0,0,0,0
2008-02-28 14:00:00+00:00,30,2,14,238.19361877441406,366.7164611816406,0,0,0,0,0,0,0,0,0,0,0,0,0,0,1,1,1,0,0,0,0,0,0,0,0
2008-02-28 14:00:00+00:00,30,2,14,167.50929260253906,165.37384033203125,0,0,0,0,0,0,0,0,0,0,0,0,1,1,1,1,1,0,0,0,0,0,0,0,0
2008-02-28 14:00:00+00:00,30,2,14,366.4763488769531,293.170166015625,0,0,0,0,0,0,0,0,0,0,0,0,0,0,0,0,0,0,0,0,0,0,0,0,0
2008-02-28 14:00:00+00:00,30,2,14,,,0,0,0,0,0,0,0,0,0,0,0,0,0,0,0,0,0,0,0,0,0,0,0,0,0
2008-02-28 14:00:00+00:00,30,2,14,,,0,0,0,0,0,0,0,0,0,0,0,0,0,0,0,0,0,0,0,0,0,0,0,0,0
2008-02-28 14:00:00+00:00,30,2,14,,,0,0,0,0,0,0,0,0,0,0,0,0,0,0,0,0,0,0,0,0,0,0,0,0,0
2008-02-28 14:00:00+00:00,30,2,14,,374.56890869140625,0,0,0,0,0,0,0,0,0,0,0,0,0,0,0,0,0,0,0,0,0,0,0,0,0
2008-02-28 14:00:00+00:00,30,2,14,,,0,0,0,0,0,0,0,0,0,0,0,0,0,0,0,0,0,0,0,0,0,0,0,0,0
2008-02-28 14:00:00+00:00,30,2,14,,,0,0,0,0,0,0,0,0,0,0,0,0,0,0,0,0,0,0,0,0,0,0,0,0,0
2008-02-28 14:00:00+00:00,30,2,14,,,0,0,0,0,0,0,0,0,0,0,0,0,0,0,0,0,0,0,0,0,0,0,0,0,0
2008-02-28 14:00:00+00:00,30,2,14,,,0,0,0,0,0,0,0,0,0,0,0,0,0,0,0,0,0,0,0,0,0,0,0,0,0
2008-02-28 14:15:00+00:00,30,2,14,186.25753784179688,126.94783782958984,0,0,0,0,0,0,0,0,0,0,0,0,0,1,1,1,1,0,0,0,0,0,0,0,0
2008-02-28 14:15:00+00:00,30,2,14,195.03773498535156,169.52999877929688,0,0,0,0,0,0,0,0,0,0,0,0,0,1,1,1,1,0,0,0,0,0,0,0,0
2008-02-28 14:15:00+00:00,30,2,14,104.32589721679688,83.2011947631836,0,0,0,0,0,0,0,0,0,0,1,1,1,1,1,1,1,0,0,0,0,0,0,0,0
2008-02-28 14:15:00+00:00,30,2,14,237.7775115966797,310.4504699707031,0,0,0,0,0,0,0,0,0,0,0,0,0,0,1,1,1,0,0,0,0,0,0,0,0
2008-02-28 14:15:00+00:00,30,2,14,534.82177734375,514.7622680664062,0,0,0,0,0,0,0,0,0,0,0,0,0,0,0,0,0,0,0,0,0,0,0,0,0
2008-02-28 14:15:00+00:00,30,2,14,305.9974365234375,,0,0,0,0,0,0,0,0,0,0,0,0,0,0,0,0,1,0,0,0,0,0,0,0,0
2008-02-28 14:15:00+00:00,30,2,14,596.7418212890625,567.1505126953125,0,0,0,0,0,0,0,0,0,0,0,0,0,0,0,0,0,0,0,0,0,0,0,0,0
2008-02-28 14:15:00+00:00,30,2,14,224.7750244140625,314.345458984375,0,0,0,0,0,0,0,0,0,0,0,0,0,0,1,1,1,0,0,0,0,0,0,0,0
2008-02-28 14:15:00+00:00,30,2,14,340.7648620605469,338.00567626953125,0,0,0,0,0,0,0,0,0,0,0,0,0,0,0,0,1,0,0,0,0,0,0,0,0
2008-02-28 14:15:00+00:00,30,2,14,185.39193725585938,186.21868896484375,0,0,0,0,0,0,0,0,0,0,0,0,0,1,1,1,1,0,0,0,0,0,0,0,0
2008-02-28 14:15:00+00:00,30,2,14,55.82937240600586,4.561709880828857,0,0,0,0,0,0,0,1,1,1,1,1,1,1,1,1,1,1,1,1,1,1,1,1,1
2008-02-28 14:15:00+00:00,30,2,14,172.84190368652344,187.57833862304688,0,0,0,0,0,0,0,0,0,0,0,0,1,1,1,1,1,0,0,0,0,0,0,0,0
2008-02-28 14:15:00+00:00,30,2,14,170.04437255859375,177.2065887451172,0,0,0,0,0,0,0,0,0,0,0,0,1,1,1,1,1,0,0,0,0,0,0,0,0
2008-02-28 14:15:00+00:00,30,2,14,109.73281860351562,100.10438537597656,0,0,0,0,0,0,0,0,0,0,1,1,1,1,1,1,1,0,0,0,0,0,0,0,0
2008-02-28 14:15:00+00:00,30,2,14,260.4873046875,45.654388427734375,0,0,0,0,0,0,0,0,0,0,0,0,0,0,0,1,1,0,0,0,0,0,0,1,1
2008-02-28 14:15:00+00:00,30,2,14,116.12470245361328,18.35645866394043,0,0,0,0,0,0,0,0,0,0,1,1,1,1,1,1,1,0,0,1,1,1,1,1,1
2008-02-28 14:15:00+00:00,30,2,14,208.88272094726562,171.9961395263672,0,0,0,0,0,0,0,0,0,0,0,0,0,0,1,1,1,0,0,0,0,0,0,0,0
2008-02-28 14:15:00+00:00,30,2,14,213.22584533691406,318.97784423828125,0,0,0,0,0,0,0,0,0,0,0,0,0,0,1,1,1,0,0,0,0,0,0,0,0
2008-02-28 14:15:00+00:00,30,2,14,346.6764831542969,155.66302490234375,0,0,0,0,0,0,0,0,0,0,0,0,0,0,0,0,1,0,0,0,0,0,0,0,0
2008-02-28 14:15:00+00:00,30,2,14,323.40618896484375,276.25030517578125,0,0,0,0,0,0,0,0,0,0,0,0,0,0,0,0,1,0,0,0,0,0,0,0,0
2008-02-28 14:15:00+00:00,30,2,14,,53.0167350769043,0,0,0,0,0,0,0,0,0,0,0,0,0,0,0,0,0,0,0,0,0,0,0,0,1
2008-02-28 14:15:00+00:00,30,2,14,198.27255249023438,150.33203125,0,0,0,0,0,0,0,0,0,0,0,0,0,1,1,1,1,0,0,0,0,0,0,0,0
2008-02-28 14:15:00+00:00,30,2,14,101.93295288085938,96.78369140625,0,0,0,0,0,0,0,0,0,0,1,1,1,1,1,1,1,0,0,0,0,0,0,0,0
2008-02-28 14:15:00+00:00,30,2,14,,210.4798126220703,0,0,0,0,0,0,0,0,0,0,0,0,0,0,0,0,0,0,0,0,0,0,0,0,0
2008-02-28 14:15:00+00:00,30,2,14,79.43043518066406,85.4169921875,0,0,0,0,0,0,0,0,1,1,1,1,1,1,1,1,1,0,0,0,0,0,0,0,0
2008-02-28 14:15:00+00:00,30,2,14,,,0,0,0,0,0,0,0,0,0,0,0,0,0,0,0,0,0,0,0,0,0,0,0,0,0
2008-02-28 14:15:00+00:00,30,2,14,215.46710205078125,212.67503356933594,0,0,0,0,0,0,0,0,0,0,0,0,0,0,1,1,1,0,0,0,0,0,0,0,0
2008-02-28 14:15:00+00:00,30,2,14,,,0,0,0,0,0,0,0,0,0,0,0,0,0,0,0,0,0,0,0,0,0,0,0,0,0
2008-02-28 14:30:00+00:00,30,2,14,380.244873046875,134.4761505126953,0,0,0,0,0,0,0,0,0,0,0,0,0,0,0,0,0,0,0,0,0,0,0,0,0
2008-02-28 14:30:00+00:00,30,2,14,186.92503356933594,104.28575134277344,0,0,0,0,0,0,0,0,0,0,0,0,0,1,1,1,1,0,0,0,0,0,0,0,0
2008-02-28 14:30:00+00:00,30,2,14,289.34820556640625,86.64212799072266,0,0,0,0,0,0,0,0,0,0,0,0,0,0,0,1,1,0,0,0,0,0,0,0,0
2008-02-28 14:30:00+00:00,30,2,14,209.40199279785156,109.85221099853516,0,0,0,0,0,0,0,0,0,0,0,0,0,0,1,1,1,0,0,0,0,0,0,0,0
2008-02-28 14:30:00+00:00,30,2,14,,410.5166015625,0,0,0,0,0,0,0,0,0,0,0,0,0,0,0,0,0,0,0,0,0,0,0,0,0
2008-02-28 14:30:00+00:00,30,2,14,,362.39813232421875,0,0,0,0,0,0,0,0,0,0,0,0,0,0,0,0,0,0,0,0,0,0,0,0,0
2008-02-28 14:30:00+00:00,30,2,14,268.4856262207031,249.4891815185547,0,0,0,0,0,0,0,0,0,0,0,0,0,0,0,1,1,0,0,0,0,0,0,0,0
2008-02-28 14:30:00+00:00,30,2,14,133.65032958984375,49.91911697387695,0,0,0,0,0,0,0,0,0,0,0,1,1,1,1,1,1,0,0,0,0,0,0,1,1
2008-02-28 14:30:00+00:00,30,2,14,259.1366882324219,184.02032470703125,0,0,0,0,0,0,0,0,0,0,0,0,0,0,0,1,1,0,0,0,0,0,0,0,0
2008-02-28 14:30:00+00:00,30,2,14,70.98286437988281,61.5494384765625,0,0,0,0,0,0,0,0,1,1,1,1,1,1,1,1,1,0,0,0,0,0,0,0,0
2008-02-28 14:30:00+00:00,30,2,14,297.98419189453125,115.23851776123047,0,0,0,0,0,0,0,0,0,0,0,0,0,0,0,1,1,0,0,0,0,0,0,0,0
2008-02-28 14:30:00+00:00,30,2,14,140.60643005371094,135.7899932861328,0,0,0,0,0,0,0,0,0,0,0,1,1,1,1,1,1,0,0,0,0,0,0,0,0
2008-02-28 14:30:00+00:00,30,2,14,485.0718078613281,231.6329345703125,0,0,0,0,0,0,0,0,0,0,0,0,0,0,0,0,0,0,0,0,0,0,0,0,0
2008-02-28 14:30:00+00:00,30,2,14,461.9181823730469,264.54449462890625,0,0,0,0,0,0,0,0,0,0,0,0,0,0,0,0,0,0,0,0,0,0,0,0,0
2008-02-28 14:30:00+00:00,30,2,14,64.20061492919922,51.64432907104492,0,0,0,0,0,0,0,0,1,1,1,1,1,1,1,1,1,0,0,0,0,0,0,0,1
2008-02-28 14:30:00+00:00,30,2,14,,168.09423828125,0,0,0,0,0,0,0,0,0,0,0,0,0,0,0,0,0,0,0,0,0,0,0,0,0
2008-02-28 14:30:00+00:00,30,2,14,296.41143798828125,247.1157684326172,0,0,0,0,0,0,0,0,0,0,0,0,0,0,0,1,1,0,0,0,0,0,0,0,0
2008-02-28 14:30:00+00:00,30,2,14,167.80076599121094,178.16505432128906,0,0,0,0,0,0,0,0,0,0,0,0,1,1,1,1,1,0,0,0,0,0,0,0,0
2008-02-28 14:30:00+00:00,30,2,14,66.27045440673828,58.88722610473633,0,0,0,0,0,0,0,0,1,1,1,1,1,1,1,1,1,0,0,0,0,0,0,0,1
2008-02-28 14:30:00+00:00,30,2,14,298.585205078125,19.347553253173828,0,0,0,0,0,0,0,0,0,0,0,0,0,0,0,1,1,0,0,1,1,1,1,1,1
2008-02-28 14:45:00+00:00,30,2,14,187.25042724609375,179.4931182861328,0,0,0,0,0,0,0,0,0,0,0,0,0,1,1,1,1,0,0,0,0,0,0,0,0
2008-02-28 14:45:00+00:00,30,2,14,152.63092041015625,214.47779846191406,0,0,0,0,0,0,0,0,0,0,0,0,1,1,1,1,1,0,0,0,0,0,0,0,0
2008-02-28 14:45:00+00:00,30,2,14,156.3041534423828,125.95358276367188,0,0,0,0,0,0,0,0,0,0,0,0,1,1,1,1,1,0,0,0,0,0,0,0,0
2008-02-28 14:45:00+00:00,30,2,14,120.56166076660156,105.49840545654297,0,0,0,0,0,0,0,0,0,0,0,1,1,1,1,1,1,0,0,0,0,0,0,0,0
2008-02-28 14:45:00+00:00,30,2,14,69.92889404296875,104.78701782226562,0,0,0,0,0,0,0,0,1,1,1,1,1,1,1,1,1,0,0,0,0,0,0,0,0
2008-02-28 14:45:00+00:00,30,2,14,152.91014099121094,223.63525390625,0,0,0,0,0,0,0,0,0,0,0,0,1,1,1,1,1,0,0,0,0,0,0,0,0
2008-02-28 14:45:00+00:00,30,2,14,138.9407958984375,115.2735824584961,0,0,0,0,0,0,0,0,0,0,0,1,1,1,1,1,1,0,0,0,0,0,0,0,0
2008-02-28 14:45:00+00:00,30,2,14,207.38230895996094,186.9788360595703,0,0,0,0,0,0,0,0,0,0,0,0,0,0,1,1,1,0,0,0,0,0,0,0,0
2008-02-28 14:45:00+00:00,30,2,14,422.1130065917969,141.93775939941406,0,0,0,0,0,0,0,0,0,0,0,0,0,0,0,0,0,0,0,0,0,0,0,0,0
2008-02-28 14:45:00+00:00,30,2,14,,36.331031799316406,0,0,0,0,0,0,0,0,0,0,0,0,0,0,0,0,0,0,0,0,0,0,1,1,1
2008-02-28 14:45:00+00:00,30,2,14,377.1610412597656,79.99764251708984,0,0,0,0,0,0,0,0,0,0,0,0,0,0,0,0,0,0,0,0,0,0,0,0,0
2008-02-28 14:45:00+00:00,30,2,14,159.43572998046875,154.97079467773438,0,0,0,0,0,0,0,0,0,0,0,0,1,1,1,1,1,0,0,0,0,0,0,0,0
2008-02-28 14:45:00+00:00,30,2,14,237.5933074951172,231.94973754882812,0,0,0,0,0,0,0,0,0,0,0,0,0,0,1,1,1,0,0,0,0,0,0,0,0
2008-02-28 14:45:00+00:00,30,2,14,142.85804748535156,131.6415557861328,0,0,0,0,0,0,0,0,0,0,0,1,1,1,1,1,1,0,0,0,0,0,0,0,0
2008-02-28 14:45:00+00:00,30,2,14,202.85235595703125,33.11478042602539,0,0,0,0,0,0,0,0,0,0,0,0,0,0,1,1,1,0,0,0,0,0,1,1,1
2008-02-28 14:45:00+00:00,30,2,14,87.73192596435547,50.90094757080078,0,0,0,0,0,0,0,0,0,1,1,1,1,1,1,1,1,0,0,0,0,0,0,0,1
2008-02-28 14:45:00+00:00,30,2,14,292.7373046875,,0,0,0,0,0,0,0,0,0,0,0,0,0,0,0,1,1,0,0,0,0,0,0,0,0
2008-02-28 14:45:00+00:00,30,2,14,,172.60696411132812,0,0,0,0,0,0,0,0,0,0,0,0,0,0,0,0,0,0,0,0,0,0,0,0,0
2008-02-28 14:45:00+00:00,30,2,14,394.836669921875,,0,0,0,0,0,0,0,0,0,0,0,0,0,0,0,0,0,0,0,0,0,0,0,0,0
2008-02-28 14:45:00+00:00,30,2,14,192.57559204101562,187.9647674560547,0,0,0,0,0,0,0,0,0,0,0,0,0,1,1,1,1,0,0,0,0,0,0,0,0
2008-02-28 14:45:00+00:00,30,2,14,,,0,0,0,0,0,0,0,0,0,0,0,0,0,0,0,0,0,0,0,0,0,0,0,0,0
2008-02-28 14:45:00+00:00,30,2,14,65.53998565673828,48.66600036621094,0,0,0,0,0,0,0,0,1,1,1,1,1,1,1,1,1,0,0,0,0,0,0,1,1
2008-02-28 14:45:00+00:00,30,2,14,254.1721954345703,237.60935974121094,0,0,0,0,0,0,0,0,0,0,0,0,0,0,0,1,1,0,0,0,0,0,0,0,0
2008-02-28 14:45:00+00:00,30,2,14,104.79975128173828,116.35934448242188,0,0,0,0,0,0,0,0,0,0,1,1,1,1,1,1,1,0,0,0,0,0,0,0,0
2008-02-28 15:00:00+00:00,30,2,15,109.06094360351562,338.7690734863281,0,0,0,0,0,0,0,0,0,0,1,1,1,1,1,1,1,0,0,0,0,0,0,0,0
2008-02-28 15:00:00+00:00,30,2,15,64.2978744506836,50.73028564453125,0,0,0,0,0,0,0,0,1,1,1,1,1,1,1,1,1,0,0,0,0,0,0,0,1
2008-02-28 15:00:00+00:00,30,2,15,108.26778411865234,85.14605712890625,0,0,0,0,0,0,0,0,0,0,1,1,1,1,1,1,1,0,0,0,0,0,0,0,0
2008-02-28 15:00:00+00:00,30,2,15,230.82565307617188,168.16552734375,0,0,0,0,0,0,0,0,0,0,0,0,0,0,1,1,1,0,0,0,0,0,0,0,0
2008-02-28 15:00:00+00:00,30,2,15,92.1703109741211,78.22838592529297,0,0,0,0,0,0,0,0,0,1,1,1,1,1,1,1,1,0,0,0,0,0,0,0,0
2008-02-28 15:00:00+00:00,30,2,15,122.65550231933594,78.97169494628906,0,0,0,0,0,0,0,0,0,0,0,1,1,1,1,1,1,0,0,0,0,0,0,0,0
2008-02-28 15:00:00+00:00,30,2,15,225.4680633544922,215.60218811035156,0,0,0,0,0,0,0,0,0,0,0,0,0,0,1,1,1,0,0,0,0,0,0,0,0
2008-02-28 15:00:00+00:00,30,2,15,249.32489013671875,269.8370361328125,0,0,0,0,0,0,0,0,0,0,0,0,0,0,1,1,1,0,0,0,0,0,0,0,0
2008-02-28 15:00:00+00:00,30,2,15,284.63348388671875,203.38902282714844,0,0,0,0,0,0,0,0,0,0,0,0,0,0,0,1,1,0,0,0,0,0,0,0,0
2008-02-28 15:00:00+00:00,30,2,15,150.9911651611328,152.63690185546875,0,0,0,0,0,0,0,0,0,0,0,0,1,1,1,1,1,0,0,0,0,0,0,0,0
2008-02-28 15:00:00+00:00,30,2,15,176.889404296875,176.889404296875,0,0,0,0,0,0,0,0,0,0,0,0,1,1,1,1,1,0,0,0,0,0,0,0,0
2008-02-28 15:00:00+00:00,30,2,15,184.45657348632812,280.2676086425781,0,0,0,0,0,0,0,0,0,0,0,0,0,1,1,1,1,0,0,0,0,0,0,0,0
2008-02-28 15:00:00+00:00,30,2,15,70.1053237915039,51.07742691040039,0,0,0,0,0,0,0,0,1,1,1,1,1,1,1,1,1,0,0,0,0,0,0,0,1
2008-02-28 15:00:00+00:00,30,2,15,148.87939453125,155.64793395996094,0,0,0,0,0,0,0,0,0,0,0,1,1,1,1,1,1,0,0,0,0,0,0,0,0
2008-02-28 15:00:00+00:00,30,2,15,234.7806396484375,227.9322967529297,0,0,0,0,0,0,0,0,0,0,0,0,0,0,1,1,1,0,0,0,0,0,0,0,0
2008-02-28 15:00:00+00:00,30,2,15,124.54196166992188,116.24165344238281,0,0,0,0,0,0,0,0,0,0,0,1,1,1,1,1,1,0,0,0,0,0,0,0,0
2008-02-28 15:00:00+00:00,30,2,15,136.66798400878906,136.66798400878906,0,0,0,0,0,0,0,0,0,0,0,1,1,1,1,1,1,0,0,0,0,0,0,0,0
2008-02-28 15:00:00+00:00,30,2,15,126.36261749267578,104.75960540771484,0,0,0,0,0,0,0,0,0,0,0,1,1,1,1,1,1,0,0,0,0,0,0,0,0
2008-02-28 15:00:00+00:00,30,2,15,159.27247619628906,136.2244415283203,0,0,0,0,0,0,0,0,0,0,0,0,1,1,1,1,1,0,0,0,0,0,0,0,0
2008-02-28 15:00:00+00:00,30,2,15,104.41670227050781,89.90933227539062,0,0,0,0,0,0,0,0,0,0,1,1,1,1,1,1,1,0,0,0,0,0,0,0,0
2008-02-28 15:15:00+00:00,30,2,15,134.0460662841797,156.68673706054688,0,0,0,0,0,0,0,0,0,0,0,1,1,1,1,1,1,0,0,0,0,0,0,0,0
2008-02-28 15:15:00+00:00,30,2,15,242.04183959960938,242.19613647460938,0,0,0,0,0,0,0,0,0,0,0,0,0,0,1,1,1,0,0,0,0,0,0,0,0
2008-02-28 15:15:00+00:00,30,2,15,42.20346450805664,23.723506927490234,0,0,0,0,0,0,1,1,1,1,1,1,1,1,1,1,1,0,0,0,1,1,1,1,1
2008-02-28 15:15:00+00:00,30,2,15,159.3899383544922,228.0858917236328,0,0,0,0,0,0,0,0,0,0,0,0,1,1,1,1,1,0,0,0,0,0,0,0,0
2008-02-28 15:15:00+00:00,30,2,15,242.62071228027344,167.02536010742188,0,0,0,0,0,0,0,0,0,0,0,0,0,0,1,1,1,0,0,0,0,0,0,0,0
2008-02-28 15:15:00+00:00,30,2,15,128.60379028320312,122.96673583984375,0,0,0,0,0,0,0,0,0,0,0,1,1,1,1,1,1,0,0,0,0,0,0,0,0
2008-02-28 15:15:00+00:00,30,2,15,79.18995666503906,82.22615814208984,0,0,0,0,0,0,0,0,1,1,1,1,1,1,1,1,1,0,0,0,0,0,0,0,0
2008-02-28 15:30:00+00:00,30,2,15,71.9896011352539,105.55912780761719,0,0,0,0,0,0,0,0,1,1,1,1,1,1,1,1,1,0,0,0,0,0,0,0,0
2008-02-28 15:30:00+00:00,30,2,15,185.00323486328125,181.59115600585938,0,0,0,0,0,0,0,0,0,0,0,0,0,1,1,1,1,0,0,0,0,0,0,0,0
2008-02-28 15:30:00+00:00,30,2,15,472.46783447265625,429.5498962402344,0,0,0,0,0,0,0,0,0,0,0,0,0,0,0,0,0,0,0,0,0,0,0,0,0
2008-02-28 15:30:00+00:00,30,2,15,201.89999389648438,142.8083038330078,0,0,0,0,0,0,0,0,0,0,0,0,0,0,1,1,1,0,0,0,0,0,0,0,0
2008-02-28 15:30:00+00:00,30,2,15,169.76170349121094,170.57095336914062,0,0,0,0,0,0,0,0,0,0,0,0,1,1,1,1,1,0,0,0,0,0,0,0,0
2008-02-28 15:30:00+00:00,30,2,15,146.25439453125,125.95347595214844,0,0,0,0,0,0,0,0,0,0,0,1,1,1,1,1,1,0,0,0,0,0,0,0,0
2008-02-28 15:30:00+00:00,30,2,15,119.65526580810547,115.24492645263672,0,0,0,0,0,0,0,0,0,0,1,1,1,1,1,1,1,0,0,0,0,0,0,0,0
2008-02-28 15:45:00+00:00,30,2,15,80.93093872070312,61.43292236328125,0,0,0,0,0,0,0,0,0,1,1,1,1,1,1,1,1,0,0,0,0,0,0,0,0
2008-02-28 15:45:00+00:00,30,2,15,142.14950561523438,68.32585906982422,0,0,0,0,0,0,0,0,0,0,0,1,1,1,1,1,1,0,0,0,0,0,0,0,0
2008-02-28 15:45:00+00:00,30,2,15,85.7607421875,251.0985870361328,0,0,0,0,0,0,0,0,0,1,1,1,1,1,1,1,1,0,0,0,0,0,0,0,0
2008-02-28 15:45:00+00:00,30,2,15,206.93115234375,195.42442321777344,0,0,0,0,0,0,0,0,0,0,0,0,0,0,1,1,1,0,0,0,0,0,0,0,0
2008-02-28 15:45:00+00:00,30,2,15,159.3610382080078,136.72195434570312,0,0,0,0,0,0,0,0,0,0,0,0,1,1,1,1,1,0,0,0,0,0,0,0,0
2008-02-28 15:45:00+00:00,30,2,15,155.52915954589844,163.75852966308594,0,0,0,0,0,0,0,0,0,0,0,0,1,1,1,1,1,0,0,0,0,0,0,0,0
2008-02-28 15:45:00+00:00,30,2,15,169.45889282226562,163.92172241210938,0,0,0,0,0,0,0,0,0,0,0,0,1,1,1,1,1,0,0,0,0,0,0,0,0
2008-02-28 15:45:00+00:00,30,2,15,142.7720489501953,139.19589233398438,0,0,0,0,0,0,0,0,0,0,0,1,1,1,1,1,1,0,0,0,0,0,0,0,0
2008-02-28 15:45:00+00:00,30,2,15,206.0487823486328,197.1705322265625,0,0,0,0,0,0,0,0,0,0,0,0,0,0,1,1,1,0,0,0,0,0,0,0,0
2008-02-28 15:45:00+00:00,30,2,15,293.49407958984375,284.1277770996094,0,0,0,0,0,0,0,0,0,0,0,0,0,0,0,1,1,0,0,0,0,0,0,0,0
2008-02-28 15:45:00+00:00,30,2,15,141.3289031982422,41.07427978515625,0,0,0,0,0,0,0,0,0,0,0,1,1,1,1,1,1,0,0,0,0,0,0,1,1
2008-02-28 15:45:00+00:00,30,2,15,61.34278106689453,46.934349060058594,0,0,0,0,0,0,0,0,1,1,1,1,1,1,1,1,1,0,0,0,0,0,0,1,1
2008-02-28 15:45:00+00:00,30,2,15,195.67913818359375,261.5011291503906,0,0,0,0,0,0,0,0,0,0,0,0,0,1,1,1,1,0,0,0,0,0,0,0,0
2008-02-28 16:00:00+00:00,30,2,16,249.43978881835938,266.66766357421875,0,0,0,0,0,0,0,0,0,0,0,0,0,0,1,1,1,0,0,0,0,0,0,0,0
2008-02-28 16:00:00+00:00,30,2,16,150.496826171875,138.81442260742188,0,0,0,0,0,0,0,0,0,0,0,0,1,1,1,1,1,0,0,0,0,0,0,0,0
2008-02-28 16:00:00+00:00,30,2,16,121.67071533203125,239.05979919433594,0,0,0,0,0,0,0,0,0,0,0,1,1,1,1,1,1,0,0,0,0,0,0,0,0
2008-02-28 16:00:00+00:00,30,2,16,181.8781280517578,178.6504364013672,0,0,0,0,0,0,0,0,0,0,0,0,0,1,1,1,1,0,0,0,0,0,0,0,0
2008-02-28 16:00:00+00:00,30,2,16,161.89553833007812,113.0737533569336,0,0,0,0,0,0,0,0,0,0,0,0,1,1,1,1,1,0,0,0,0,0,0,0,0
2008-02-28 16:00:00+00:00,30,2,16,102.56884002685547,46.2349739074707,0,0,0,0,0,0,0,0,0,0,1,1,1,1,1,1,1,0,0,0,0,0,0,1,1
2008-02-28 16:00:00+00:00,30,2,16,157.57675170898438,169.88011169433594,0,0,0,0,0,0,0,0,0,0,0,0,1,1,1,1,1,0,0,0,0,0,0,0,0
2008-02-28 16:00:00+00:00,30,2,16,80.97235870361328,91.28510284423828,0,0,0,0,0,0,0,0,0,1,1,1,1,1,1,1,1,0,0,0,0,0,0,0,0
2008-02-28 16:00:00+00:00,30,2,16,205.51153564453125,91.71724700927734,0,0,0,0,0,0,0,0,0,0,0,0,0,0,1,1,1,0,0,0,0,0,0,0,0
2008-02-28 16:00:00+00:00,30,2,16,229.37945556640625,65.35462951660156,0,0,0,0,0,0,0,0,0,0,0,0,0,0,1,1,1,0,0,0,0,0,0,0,0
2008-02-28 16:15:00+00:00,30,2,16,244.13504028320312,236.59518432617188,0,0,0,0,0,0,0,0,0,0,0,0,0,0,1,1,1,0,0,0,0,0,0,0,0
2008-02-28 16:15:00+00:00,30,2,16,84.22474670410156,59.9245491027832,0,0,0,0,0,0,0,0,0,1,1,1,1,1,1,1,1,0,0,0,0,0,0,0,1
2008-02-28 16:15:00+00:00,30,2,16,63.57844924926758,77.57774353027344,0,0,0,0,0,0,0,0,1,1,1,1,1,1,1,1,1,0,0,0,0,0,0,0,0
2008-02-28 16:15:00+00:00,30,2,16,91.67015075683594,89.93399047851562,0,0,0,0,0,0,0,0,0,1,1,1,1,1,1,1,1,0,0,0,0,0,0,0,0
2008-02-28 16:15:00+00:00,30,2,16,154.071533203125,160.29837036132812,0,0,0,0,0,0,0,0,0,0,0,0,1,1,1,1,1,0,0,0,0,0,0,0,0
2008-02-28 16:15:00+00:00,30,2,16,133.1171875,74.17404174804688,0,0,0,0,0,0,0,0,0,0,0,1,1,1,1,1,1,0,0,0,0,0,0,0,0
2008-02-28 16:15:00+00:00,30,2,16,300.6764221191406,239.2118682861328,0,0,0,0,0,0,0,0,0,0,0,0,0,0,0,0,1,0,0,0,0,0,0,0,0
2008-02-28 16:15:00+00:00,30,2,16,83.95857238769531,79.45364379882812,0,0,0,0,0,0,0,0,0,1,1,1,1,1,1,1,1,0,0,0,0,0,0,0,0
2008-02-28 16:15:00+00:00,30,2,16,219.7172393798828,224.73898315429688,0,0,0,0,0,0,0,0,0,0,0,0,0,0,1,1,1,0,0,0,0,0,0,0,0
2008-02-28 16:15:00+00:00,30,2,16,66.08226776123047,62.439449310302734,0,0,0,0,0,0,0,0,1,1,1,1,1,1,1,1,1,0,0,0,0,0,0,0,0
2008-02-28 16:30:00+00:00,30,2,16,196.32827758789062,182.7687225341797,0,0,0,0,0,0,0,0,0,0,0,0,0,1,1,1,1,0,0,0,0,0,0,0,0
2008-02-28 16:30:00+00:00,30,2,16,153.4951934814453,187.00205993652344,0,0,0,0,0,0,0,0,0,0,0,0,1,1,1,1,1,0,0,0,0,0,0,0,0
2008-02-28 16:30:00+00:00,30,2,16,171.44422912597656,157.9261932373047,0,0,0,0,0,0,0,0,0,0,0,0,1,1,1,1,1,0,0,0,0,0,0,0,0
2008-02-28 16:30:00+00:00,30,2,16,94.58363342285156,73.3107681274414,0,0,0,0,0,0,0,0,0,1,1,1,1,1,1,1,1,0,0,0,0,0,0,0,0
2008-02-28 16:30:00+00:00,30,2,16,369.96929931640625,381.4264221191406,0,0,0,0,0,0,0,0,0,0,0,0,0,0,0,0,0,0,0,0,0,0,0,0,0
2008-02-28 16:30:00+00:00,30,2,16,116.0192642211914,80.15335845947266,0,0,0,0,0,0,0,0,0,0,1,1,1,1,1,1,1,0,0,0,0,0,0,0,0
2008-02-28 16:30:00+00:00,30,2,16,55.75844955444336,24.693071365356445,0,0,0,0,0,0,0,1,1,1,1,1,1,1,1,1,1,0,0,0,1,1,1,1,1
2008-02-28 16:30:00+00:00,30,2,16,166.35842895507812,168.2349395751953,0,0,0,0,0,0,0,0,0,0,0,0,1,1,1,1,1,0,0,0,0,0,0,0,0
2008-02-28 16:30:00+00:00,30,2,16,259.4491882324219,250.1065216064453,0,0,0,0,0,0,0,0,0,0,0,0,0,0,0,1,1,0,0,0,0,0,0,0,0
2008-02-28 16:45:00+00:00,30,2,16,156.70858764648438,131.01174926757812,0,0,0,0,0,0,0,0,0,0,0,0,1,1,1,1,1,0,0,0,0,0,0,0,0
2008-02-28 16:45:00+00:00,30,2,16,,,0,0,0,0,0,0,0,0,0,0,0,0,0,0,0,0,0,0,0,0,0,0,0,0,0
2008-02-28 16:45:00+00:00,30,2,16,66.69940185546875,84.80348205566406,0,0,0,0,0,0,0,0,1,1,1,1,1,1,1,1,1,0,0,0,0,0,0,0,0
2008-02-28 16:45:00+00:00,30,2,16,99.27794647216797,86.5555419921875,0,0,0,0,0,0,0,0,0,1,1,1,1,1,1,1,1,0,0,0,0,0,0,0,0
2008-02-28 16:45:00+00:00,30,2,16,69.44825744628906,81.35035705566406,0,0,0,0,0,0,0,0,1,1,1,1,1,1,1,1,1,0,0,0,0,0,0,0,0
2008-02-28 17:00:00+00:00,30,2,17,106.38124084472656,60.32318878173828,0,0,0,0,0,0,0,0,0,0,1,1,1,1,1,1,1,0,0,0,0,0,0,0,0
2008-02-28 17:00:00+00:00,30,2,17,221.49911499023438,229.57156372070312,0,0,0,0,0,0,0,0,0,0,0,0,0,0,1,1,1,0,0,0,0,0,0,0,0
2008-02-28 17:00:00+00:00,30,2,17,118.09636688232422,152.11521911621094,0,0,0,0,0,0,0,0,0,0,1,1,1,1,1,1,1,0,0,0,0,0,0,0,0
2008-02-28 17:00:00+00:00,30,2,17,160.21632385253906,163.86863708496094,0,0,0,0,0,0,0,0,0,0,0,0,1,1,1,1,1,0,0,0,0,0,0,0,0
2008-02-28 17:00:00+00:00,30,2,17,214.0467529296875,174.26927185058594,0,0,0,0,0,0,0,0,0,0,0,0,0,0,1,1,1,0,0,0,0,0,0,0,0
2008-02-28 17:00:00+00:00,30,2,17,449.2209167480469,440.2986145019531,0,0,0,0,0,0,0,0,0,0,0,0,0,0,0,0,0,0,0,0,0,0,0,0,0
2008-02-28 17:00:00+00:00,30,2,17,239.31251525878906,262.3574523925781,0,0,0,0,0,0,0,0,0,0,0,0,0,0,1,1,1,0,0,0,0,0,0,0,0
2008-02-28 17:00:00+00:00,30,2,17,120.17559051513672,103.7860107421875,0,0,0,0,0,0,0,0,0,0,0,1,1,1,1,1,1,0,0,0,0,0,0,0,0
2008-02-28 17:00:00+00:00,30,2,17,281.8601379394531,231.35157775878906,0,0,0,0,0,0,0,0,0,0,0,0,0,0,0,1,1,0,0,0,0,0,0,0,0
2008-02-28 17:00:00+00:00,30,2,17,,,0,0,0,0,0,0,0,0,0,0,0,0,0,0,0,0,0,0,0,0,0,0,0,0,0
2008-02-28 17:00:00+00:00,30,2,17,198.34217834472656,243.1387939453125,0,0,0,0,0,0,0,0,0,0,0,0,0,1,1,1,1,0,0,0,0,0,0,0,0
2008-02-28 17:15:00+00:00,30,2,17,248.44342041015625,210.29507446289062,0,0,0,0,0,0,0,0,0,0,0,0,0,0,1,1,1,0,0,0,0,0,0,0,0
2008-02-28 17:15:00+00:00,30,2,17,111.89502716064453,102.36803436279297,0,0,0,0,0,0,0,0,0,0,1,1,1,1,1,1,1,0,0,0,0,0,0,0,0
2008-02-28 17:15:00+00:00,30,2,17,147.93243408203125,150.70140075683594,0,0,0,0,0,0,0,0,0,0,0,1,1,1,1,1,1,0,0,0,0,0,0,0,0
2008-02-28 17:30:00+00:00,30,2,17,125.96073150634766,60.906280517578125,0,0,0,0,0,0,0,0,0,0,0,1,1,1,1,1,1,0,0,0,0,0,0,0,0
2008-02-28 17:30:00+00:00,30,2,17,229.90171813964844,375.2223815917969,0,0,0,0,0,0,0,0,0,0,0,0,0,0,1,1,1,0,0,0,0,0,0,0,0
2008-02-28 17:30:00+00:00,30,2,17,143.8792266845703,154.26828002929688,0,0,0,0,0,0,0,0,0,0,0,1,1,1,1,1,1,0,0,0,0,0,0,0,0
2008-02-28 17:45:00+00:00,30,2,17,382.2887268066406,,0,0,0,0,0,0,0,0,0,0,0,0,0,0,0,0,0,0,0,0,0,0,0,0,0
2008-02-28 17:45:00+00:00,30,2,17,100.4979019165039,101.16722869873047,0,0,0,0,0,0,0,0,0,0,1,1,1,1,1,1,1,0,0,0,0,0,0,0,0
2008-02-28 17:45:00+00:00,30,2,17,36.821720123291016,221.1757049560547,0,0,0,0,0,1,1,1,1,1,1,1,1,1,1,1,1,0,0,0,0,0,0,0,0
2008-02-28 17:45:00+00:00,30,2,17,181.60887145996094,163.33421325683594,0,0,0,0,0,0,0,0,0,0,0,0,0,1,1,1,1,0,0,0,0,0,0,0,0
2008-02-28 17:45:00+00:00,30,2,17,313.3401794433594,305.3873291015625,0,0,0,0,0,0,0,0,0,0,0,0,0,0,0,0,1,0,0,0,0,0,0,0,0
2008-02-28 17:45:00+00:00,30,2,17,170.7097625732422,182.69833374023438,0,0,0,0,0,0,0,0,0,0,0,0,1,1,1,1,1,0,0,0,0,0,0,0,0
