valid_time,lead_time_min,month,hour,dmin_t0_km,dmin_t_km,excl_010km,excl_015km,excl_020km,excl_025km,excl_030km,excl_040km,excl_050km,excl_060km,excl_080km,excl_100km,excl_120km,excl_150km,excl_180km,excl_200km,excl_250km,excl_300km,excl_350km,incl_010km,incl_015km,incl_020km,incl_025km,incl_030km,incl_040km,incl_050km,incl_060km
2022-01-01 10:00:00+00:00,60,1,10,,20.167268753051758,0,0,0,0,0,0,0,0,0,0,0,0,0,0,0,0,0,0,0,0,1,1,1,1,1
2022-01-01 10:00:00+00:00,60,1,10,,60.246456146240234,0,0,0,0,0,0,0,0,0,0,0,0,0,0,0,0,0,0,0,0,0,0,0,0,0
2022-01-01 10:00:00+00:00,60,1,10,,153.7971954345703,0,0,0,0,0,0,0,0,0,0,0,0,0,0,0,0,0,0,0,0,0,0,0,0,0
2022-01-01 10:00:00+00:00,60,1,10,,,0,0,0,0,0,0,0,0,0,0,0,0,0,0,0,0,0,0,0,0,0,0,0,0,0
2022-01-01 10:00:00+00:00,60,1,10,154.59091186523438,62.78439712524414,0,0,0,0,0,0,0,0,0,0,0,0,1,1,1,1,1,0,0,0,0,0,0,0,0
2022-01-01 10:00:00+00:00,60,1,10,196.84445190429688,148.84645080566406,0,0,0,0,0,0,0,0,0,0,0,0,0,1,1,1,1,0,0,0,0,0,0,0,0
2022-01-01 10:00:00+00:00,60,1,10,455.0728759765625,457.59625244140625,0,0,0,0,0,0,0,0,0,0,0,0,0,0,0,0,0,0,0,0,0,0,0,0,0
2022-01-01 10:00:00+00:00,60,1,10,,158.47119140625,0,0,0,0,0,0,0,0,0,0,0,0,0,0,0,0,0,0,0,0,0,0,0,0,0
2022-01-01 10:00:00+00:00,60,1,10,,,0,0,0,0,0,0,0,0,0,0,0,0,0,0,0,0,0,0,0,0,0,0,0,0,0
2022-01-01 10:00:00+00:00,60,1,10,,193.3668212890625,0,0,0,0,0,0,0,0,0,0,0,0,0,0,0,0,0,0,0,0,0,0,0,0,0
2022-01-01 10:00:00+00:00,60,1,10,573.330810546875,248.69471740722656,0,0,0,0,0,0,0,0,0,0,0,0,0,0,0,0,0,0,0,0,0,0,0,0,0
2022-01-01 10:00:00+00:00,60,1,10,,445.79736328125,0,0,0,0,0,0,0,0,0,0,0,0,0,0,0,0,0,0,0,0,0,0,0,0,0
2022-01-01 10:00:00+00:00,60,1,10,,325.66656494140625,0,0,0,0,0,0,0,0,0,0,0,0,0,0,0,0,0,0,0,0,0,0,0,0,0
2022-01-01 10:00:00+00:00,60,1,10,,40.72293472290039,0,0,0,0,0,0,0,0,0,0,0,0,0,0,0,0,0,0,0,0,0,0,0,1,1
2022-01-01 10:00:00+00:00,60,1,10,362.814697265625,237.84190368652344,0,0,0,0,0,0,0,0,0,0,0,0,0,0,0,0,0,0,0,0,0,0,0,0,0
2022-01-01 10:00:00+00:00,60,1,10,333.841552734375,207.64659118652344,0,0,0,0,0,0,0,0,0,0,0,0,0,0,0,0,1,0,0,0,0,0,0,0,0
2022-01-01 10:15:00+00:00,60,1,10,498.23638916015625,490.43426513671875,0,0,0,0,0,0,0,0,0,0,0,0,0,0,0,0,0,0,0,0,0,0,0,0,0
2022-01-01 10:15:00+00:00,60,1,10,,178.24874877929688,0,0,0,0,0,0,0,0,0,0,0,0,0,0,0,0,0,0,0,0,0,0,0,0,0
2022-01-01 10:15:00+00:00,60,1,10,206.37184143066406,207.7541046142578,0,0,0,0,0,0,0,0,0,0,0,0,0,0,1,1,1,0,0,0,0,0,0,0,0
2022-01-01 10:15:00+00:00,60,1,10,319.2977294921875,319.22467041015625,0,0,0,0,0,0,0,0,0,0,0,0,0,0,0,0,1,0,0,0,0,0,0,0,0
2022-01-01 10:15:00+00:00,60,1,10,,3.153575897216797,0,0,0,0,0,0,0,0,0,0,0,0,0,0,0,0,0,1,1,1,1,1,1,1,1
2022-01-01 10:15:00+00:00,60,1,10,,148.2391357421875,0,0,0,0,0,0,0,0,0,0,0,0,0,0,0,0,0,0,0,0,0,0,0,0,0
2022-01-01 10:15:00+00:00,60,1,10,,210.86895751953125,0,0,0,0,0,0,0,0,0,0,0,0,0,0,0,0,0,0,0,0,0,0,0,0,0
2022-01-01 10:15:00+00:00,60,1,10,,3.1787774562835693,0,0,0,0,0,0,0,0,0,0,0,0,0,0,0,0,0,1,1,1,1,1,1,1,1
2022-01-01 10:15:00+00:00,60,1,10,,261.5216979980469,0,0,0,0,0,0,0,0,0,0,0,0,0,0,0,0,0,0,0,0,0,0,0,0,0
2022-01-01 10:15:00+00:00,60,1,10,,227.96751403808594,0,0,0,0,0,0,0,0,0,0,0,0,0,0,0,0,0,0,0,0,0,0,0,0,0
2022-01-01 10:15:00+00:00,60,1,10,,271.1553039550781,0,0,0,0,0,0,0,0,0,0,0,0,0,0,0,0,0,0,0,0,0,0,0,0,0
2022-01-01 10:15:00+00:00,60,1,10,,381.7568664550781,0,0,0,0,0,0,0,0,0,0,0,0,0,0,0,0,0,0,0,0,0,0,0,0,0
2022-01-01 10:15:00+00:00,60,1,10,161.63023376464844,186.03814697265625,0,0,0,0,0,0,0,0,0,0,0,0,1,1,1,1,1,0,0,0,0,0,0,0,0
2022-01-01 10:15:00+00:00,60,1,10,,,0,0,0,0,0,0,0,0,0,0,0,0,0,0,0,0,0,0,0,0,0,0,0,0,0
2022-01-01 10:15:00+00:00,60,1,10,,,0,0,0,0,0,0,0,0,0,0,0,0,0,0,0,0,0,0,0,0,0,0,0,0,0
2022-01-01 10:30:00+00:00,60,1,10,,168.9208984375,0,0,0,0,0,0,0,0,0,0,0,0,0,0,0,0,0,0,0,0,0,0,0,0,0
2022-01-01 10:30:00+00:00,60,1,10,,172.4648895263672,0,0,0,0,0,0,0,0,0,0,0,0,0,0,0,0,0,0,0,0,0,0,0,0,0
2022-01-01 10:30:00+00:00,60,1,10,,184.7770538330078,0,0,0,0,0,0,0,0,0,0,0,0,0,0,0,0,0,0,0,0,0,0,0,0,0
2022-01-01 10:30:00+00:00,60,1,10,,202.70523071289062,0,0,0,0,0,0,0,0,0,0,0,0,0,0,0,0,0,0,0,0,0,0,0,0,0
2022-01-01 10:30:00+00:00,60,1,10,,,0,0,0,0,0,0,0,0,0,0,0,0,0,0,0,0,0,0,0,0,0,0,0,0,0
2022-01-01 10:30:00+00:00,60,1,10,,319.26239013671875,0,0,0,0,0,0,0,0,0,0,0,0,0,0,0,0,0,0,0,0,0,0,0,0,0
2022-01-01 10:30:00+00:00,60,1,10,,,0,0,0,0,0,0,0,0,0,0,0,0,0,0,0,0,0,0,0,0,0,0,0,0,0
2022-01-01 10:30:00+00:00,60,1,10,278.0293273925781,263.34747314453125,0,0,0,0,0,0,0,0,0,0,0,0,0,0,0,1,1,0,0,0,0,0,0,0,0
2022-01-01 10:30:00+00:00,60,1,10,233.06964111328125,207.7004852294922,0,0,0,0,0,0,0,0,0,0,0,0,0,0,1,1,1,0,0,0,0,0,0,0,0
2022-01-01 10:30:00+00:00,60,1,10,417.2099609375,315.5693664550781,0,0,0,0,0,0,0,0,0,0,0,0,0,0,0,0,0,0,0,0,0,0,0,0,0
2022-01-01 10:30:00+00:00,60,1,10,201.5513458251953,173.4216766357422,0,0,0,0,0,0,0,0,0,0,0,0,0,0,1,1,1,0,0,0,0,0,0,0,0
2022-01-01 10:30:00+00:00,60,1,10,,,0,0,0,0,0,0,0,0,0,0,0,0,0,0,0,0,0,0,0,0,0,0,0,0,0
2022-01-01 10:30:00+00:00,60,1,10,361.02752685546875,329.6521301269531,0,0,0,0,0,0,0,0,0,0,0,0,0,0,0,0,0,0,0,0,0,0,0,0,0
2022-01-01 10:30:00+00:00,60,1,10,,,0,0,0,0,0,0,0,0,0,0,0,0,0,0,0,0,0,0,0,0,0,0,0,0,0
2022-01-01 10:30:00+00:00,60,1,10,,,0,0,0,0,0,0,0,0,0,0,0,0,0,0,0,0,0,0,0,0,0,0,0,0,0
2022-01-01 10:30:00+00:00,60,1,10,,,0,0,0,0,0,0,0,0,0,0,0,0,0,0,0,0,0,0,0,0,0,0,0,0,0
2022-01-01 10:30:00+00:00,60,1,10,,,0,0,0,0,0,0,0,0,0,0,0,0,0,0,0,0,0,0,0,0,0,0,0,0,0
2022-01-01 10:45:00+00:00,60,1,10,306.03680419921875,16.90804100036621,0,0,0,0,0,0,0,0,0,0,0,0,0,0,0,0,1,0,0,1,1,1,1,1,1
2022-01-01 10:45:00+00:00,60,1,10,,147.9917449951172,0,0,0,0,0,0,0,0,0,0,0,0,0,0,0,0,0,0,0,0,0,0,0,0,0
2022-01-01 10:45:00+00:00,60,1,10,,169.09600830078125,0,0,0,0,0,0,0,0,0,0,0,0,0,0,0,0,0,0,0,0,0,0,0,0,0
2022-01-01 10:45:00+00:00,60,1,10,,530.1867065429688,0,0,0,0,0,0,0,0,0,0,0,0,0,0,0,0,0,0,0,0,0,0,0,0,0
2022-01-01 10:45:00+00:00,60,1,10,358.3984069824219,371.102294921875,0,0,0,0,0,0,0,0,0,0,0,0,0,0,0,0,0,0,0,0,0,0,0,0,0
2022-01-01 10:45:00+00:00,60,1,10,,,0,0,0,0,0,0,0,0,0,0,0,0,0,0,0,0,0,0,0,0,0,0,0,0,0
2022-01-01 10:45:00+00:00,60,1,10,84.24183654785156,88.56010437011719,0,0,0,0,0,0,0,0,0,1,1,1,1,1,1,1,1,0,0,0,0,0,0,0,0
2022-01-01 10:45:00+00:00,60,1,10,431.1091613769531,176.99595642089844,0,0,0,0,0,0,0,0,0,0,0,0,0,0,0,0,0,0,0,0,0,0,0,0,0
2022-01-01 10:45:00+00:00,60,1,10,,229.99533081054688,0,0,0,0,0,0,0,0,0,0,0,0,0,0,0,0,0,0,0,0,0,0,0,0,0
2022-01-01 10:45:00+00:00,60,1,10,,234.80726623535156,0,0,0,0,0,0,0,0,0,0,0,0,0,0,0,0,0,0,0,0,0,0,0,0,0
2022-01-01 10:45:00+00:00,60,1,10,296.3582458496094,187.20150756835938,0,0,0,0,0,0,0,0,0,0,0,0,0,0,0,1,1,0,0,0,0,0,0,0,0
2022-01-01 10:45:00+00:00,60,1,10,307.0885009765625,166.6127166748047,0,0,0,0,0,0,0,0,0,0,0,0,0,0,0,0,1,0,0,0,0,0,0,0,0
2022-01-01 10:45:00+00:00,60,1,10,333.8753662109375,9.212308883666992,0,0,0,0,0,0,0,0,0,0,0,0,0,0,0,0,1,1,1,1,1,1,1,1,1
2022-01-01 10:45:00+00:00,60,1,10,124.07624816894531,159.1842498779297,0,0,0,0,0,0,0,0,0,0,0,1,1,1,1,1,1,0,0,0,0,0,0,0,0
2022-01-01 10:45:00+00:00,60,1,10,,,0,0,0,0,0,0,0,0,0,0,0,0,0,0,0,0,0,0,0,0,0,0,0,0,0
2022-01-01 11:00:00+00:00,60,1,11,365.86871337890625,19.85099983215332,0,0,0,0,0,0,0,0,0,0,0,0,0,0,0,0,0,0,0,1,1,1,1,1,1
2022-01-01 11:00:00+00:00,60,1,11,338.28338623046875,31.254928588867188,0,0,0,0,0,0,0,0,0,0,0,0,0,0,0,0,1,0,0,0,0,0,1,1,1
2022-01-01 11:00:00+00:00,60,1,11,297.6463928222656,39.47030258178711,0,0,0,0,0,0,0,0,0,0,0,0,0,0,0,1,1,0,0,0,0,0,1,1,1
2022-01-01 11:00:00+00:00,60,1,11,418.1725769042969,409.63336181640625,0,0,0,0,0,0,0,0,0,0,0,0,0,0,0,0,0,0,0,0,0,0,0,0,0
2022-01-01 11:00:00+00:00,60,1,11,,293.9837341308594,0,0,0,0,0,0,0,0,0,0,0,0,0,0,0,0,0,0,0,0,0,0,0,0,0
2022-01-01 11:00:00+00:00,60,1,11,243.66342163085938,10.5065336227417,0,0,0,0,0,0,0,0,0,0,0,0,0,0,1,1,1,0,1,1,1,1,1,1,1
2022-01-01 11:00:00+00:00,60,1,11,401.6341857910156,366.38177490234375,0,0,0,0,0,0,0,0,0,0,0,0,0,0,0,0,0,0,0,0,0,0,0,0,0
2022-01-01 11:00:00+00:00,60,1,11,127.44585418701172,126.09186553955078,0,0,0,0,0,0,0,0,0,0,0,1,1,1,1,1,1,0,0,0,0,0,0,0,0
2022-01-01 11:00:00+00:00,60,1,11,99.92150115966797,101.876220703125,0,0,0,0,0,0,0,0,0,1,1,1,1,1,1,1,1,0,0,0,0,0,0,0,0
2022-01-01 11:00:00+00:00,60,1,11,283.17669677734375,289.812255859375,0,0,0,0,0,0,0,0,0,0,0,0,0,0,0,1,1,0,0,0,0,0,0,0,0
2022-01-01 11:00:00+00:00,60,1,11,,225.69869995117188,0,0,0,0,0,0,0,0,0,0,0,0,0,0,0,0,0,0,0,0,0,0,0,0,0
2022-01-01 11:00:00+00:00,60,1,11,,352.32220458984375,0,0,0,0,0,0,0,0,0,0,0,0,0,0,0,0,0,0,0,0,0,0,0,0,0
2022-01-01 11:00:00+00:00,60,1,11,145.3179931640625,94.13809967041016,0,0,0,0,0,0,0,0,0,0,0,1,1,1,1,1,1,0,0,0,0,0,0,0,0
2022-01-01 11:00:00+00:00,60,1,11,68.96595764160156,34.366546630859375,0,0,0,0,0,0,0,0,1,1,1,1,1,1,1,1,1,0,0,0,0,0,1,1,1
2022-01-01 11:00:00+00:00,60,1,11,68.41386413574219,40.745723724365234,0,0,0,0,0,0,0,0,1,1,1,1,1,1,1,1,1,0,0,0,0,0,0,1,1
2022-01-01 11:00:00+00:00,60,1,11,232.13587951660156,106.91586303710938,0,0,0,0,0,0,0,0,0,0,0,0,0,0,1,1,1,0,0,0,0,0,0,0,0
2022-01-01 11:00:00+00:00,60,1,11,555.9892578125,526.5794677734375,0,0,0,0,0,0,0,0,0,0,0,0,0,0,0,0,0,0,0,0,0,0,0,0,0
2022-01-01 11:00:00+00:00,60,1,11,222.171875,259.6838684082031,0,0,0,0,0,0,0,0,0,0,0,0,0,0,1,1,1,0,0,0,0,0,0,0,0
2022-01-01 11:00:00+00:00,60,1,11,,,0,0,0,0,0,0,0,0,0,0,0,0,0,0,0,0,0,0,0,0,0,0,0,0,0
2022-01-01 11:00:00+00:00,60,1,11,,,0,0,0,0,0,0,0,0,0,0,0,0,0,0,0,0,0,0,0,0,0,0,0,0,0
2022-01-01 11:00:00+00:00,60,1,11,,,0,0,0,0,0,0,0,0,0,0,0,0,0,0,0,0,0,0,0,0,0,0,0,0,0
2022-01-01 11:00:00+00:00,60,1,11,,,0,0,0,0,0,0,0,0,0,0,0,0,0,0,0,0,0,0,0,0,0,0,0,0,0
2022-01-01 11:15:00+00:00,60,1,11,442.2576599121094,76.9112548828125,0,0,0,0,0,0,0,0,0,0,0,0,0,0,0,0,0,0,0,0,0,0,0,0,0
2022-01-01 11:15:00+00:00,60,1,11,273.1860046386719,13.199235916137695,0,0,0,0,0,0,0,0,0,0,0,0,0,0,0,1,1,0,1,1,1,1,1,1,1
2022-01-01 11:15:00+00:00,60,1,11,318.7554626464844,38.9984016418457,0,0,0,0,0,0,0,0,0,0,0,0,0,0,0,0,1,0,0,0,0,0,1,1,1
2022-01-01 11:15:00+00:00,60,1,11,272.2574768066406,52.72465515136719,0,0,0,0,0,0,0,0,0,0,0,0,0,0,0,1,1,0,0,0,0,0,0,0,1
2022-01-01 11:15:00+00:00,60,1,11,277.8211364746094,155.2587127685547,0,0,0,0,0,0,0,0,0,0,0,0,0,0,0,1,1,0,0,0,0,0,0,0,0
2022-01-01 11:15:00+00:00,60,1,11,295.7610168457031,192.27781677246094,0,0,0,0,0,0,0,0,0,0,0,0,0,0,0,1,1,0,0,0,0,0,0,0,0
2022-01-01 11:15:00+00:00,60,1,11,82.24905395507812,23.56381607055664,0,0,0,0,0,0,0,0,0,1,1,1,1,1,1,1,1,0,0,0,1,1,1,1,1
2022-01-01 11:15:00+00:00,60,1,11,239.22923278808594,374.3624572753906,0,0,0,0,0,0,0,0,0,0,0,0,0,0,1,1,1,0,0,0,0,0,0,0,0
2022-01-01 11:15:00+00:00,60,1,11,308.9710998535156,,0,0,0,0,0,0,0,0,0,0,0,0,0,0,0,0,1,0,0,0,0,0,0,0,0
2022-01-01 11:15:00+00:00,60,1,11,399.0848693847656,,0,0,0,0,0,0,0,0,0,0,0,0,0,0,0,0,0,0,0,0,0,0,0,0,0
2022-01-01 11:15:00+00:00,60,1,11,,,0,0,0,0,0,0,0,0,0,0,0,0,0,0,0,0,0,0,0,0,0,0,0,0,0
2022-01-01 11:15:00+00:00,60,1,11,322.9259338378906,97.56880187988281,0,0,0,0,0,0,0,0,0,0,0,0,0,0,0,0,1,0,0,0,0,0,0,0,0
2022-01-01 11:15:00+00:00,60,1,11,433.23126220703125,431.2779541015625,0,0,0,0,0,0,0,0,0,0,0,0,0,0,0,0,0,0,0,0,0,0,0,0,0
2022-01-01 11:15:00+00:00,60,1,11,422.6098327636719,,0,0,0,0,0,0,0,0,0,0,0,0,0,0,0,0,0,0,0,0,0,0,0,0,0
2022-01-01 11:15:00+00:00,60,1,11,165.95767211914062,541.7446899414062,0,0,0,0,0,0,0,0,0,0,0,0,1,1,1,1,1,0,0,0,0,0,0,0,0
2022-01-01 11:15:00+00:00,60,1,11,353.707763671875,353.17633056640625,0,0,0,0,0,0,0,0,0,0,0,0,0,0,0,0,0,0,0,0,0,0,0,0,0
2022-01-01 11:15:00+00:00,60,1,11,319.8645935058594,48.13414764404297,0,0,0,0,0,0,0,0,0,0,0,0,0,0,0,0,1,0,0,0,0,0,0,1,1
2022-01-01 11:15:00+00:00,60,1,11,134.21975708007812,212.05979919433594,0,0,0,0,0,0,0,0,0,0,0,1,1,1,1,1,1,0,0,0,0,0,0,0,0
2022-01-01 11:15:00+00:00,60,1,11,50.3969612121582,21.54001808166504,0,0,0,0,0,0,0,1,1,1,1,1,1,1,1,1,1,0,0,0,1,1,1,1,1
2022-01-01 11:15:00+00:00,60,1,11,299.1699523925781,99.20469665527344,0,0,0,0,0,0,0,0,0,0,0,0,0,0,0,1,1,0,0,0,0,0,0,0,0
2022-01-01 11:15:00+00:00,60,1,11,223.65963745117188,85.22822570800781,0,0,0,0,0,0,0,0,0,0,0,0,0,0,1,1,1,0,0,0,0,0,0,0,0
2022-01-01 11:15:00+00:00,60,1,11,278.3190002441406,24.48186492919922,0,0,0,0,0,0,0,0,0,0,0,0,0,0,0,1,1,0,0,0,1,1,1,1,1
2022-01-01 11:15:00+00:00,60,1,11,336.365966796875,,0,0,0,0,0,0,0,0,0,0,0,0,0,0,0,0,1,0,0,0,0,0,0,0,0
2022-01-01 11:15:00+00:00,60,1,11,,,0,0,0,0,0,0,0,0,0,0,0,0,0,0,0,0,0,0,0,0,0,0,0,0,0
2022-01-01 11:15:00+00:00,60,1,11,,,0,0,0,0,0,0,0,0,0,0,0,0,0,0,0,0,0,0,0,0,0,0,0,0,0
2022-01-01 11:30:00+00:00,60,1,11,,,0,0,0,0,0,0,0,0,0,0,0,0,0,0,0,0,0,0,0,0,0,0,0,0,0
2022-01-01 11:30:00+00:00,60,1,11,,,0,0,0,0,0,0,0,0,0,0,0,0,0,0,0,0,0,0,0,0,0,0,0,0,0
2022-01-01 11:30:00+00:00,60,1,11,123.74341583251953,146.2571258544922,0,0,0,0,0,0,0,0,0,0,0,1,1,1,1,1,1,0,0,0,0,0,0,0,0
2022-01-01 11:30:00+00:00,60,1,11,73.22514343261719,56.379154205322266,0,0,0,0,0,0,0,0,1,1,1,1,1,1,1,1,1,0,0,0,0,0,0,0,1
2022-01-01 11:30:00+00:00,60,1,11,,,0,0,0,0,0,0,0,0,0,0,0,0,0,0,0,0,0,0,0,0,0,0,0,0,0
2022-01-01 11:30:00+00:00,60,1,11,432.152587890625,348.24072265625,0,0,0,0,0,0,0,0,0,0,0,0,0,0,0,0,0,0,0,0,0,0,0,0,0
2022-01-01 11:30:00+00:00,60,1,11,137.6255645751953,10.521125793457031,0,0,0,0,0,0,0,0,0,0,0,1,1,1,1,1,1,0,1,1,1,1,1,1,1
2022-01-01 11:30:00+00:00,60,1,11,458.453857421875,326.4944763183594,0,0,0,0,0,0,0,0,0,0,0,0,0,0,0,0,0,0,0,0,0,0,0,0,0
2022-01-01 11:30:00+00:00,60,1,11,303.3498840332031,288.573486328125,0,0,0,0,0,0,0,0,0,0,0,0,0,0,0,0,1,0,0,0,0,0,0,0,0
2022-01-01 11:30:00+00:00,60,1,11,366.0167541503906,139.90701293945312,0,0,0,0,0,0,0,0,0,0,0,0,0,0,0,0,0,0,0,0,0,0,0,0,0
2022-01-01 11:30:00+00:00,60,1,11,,359.301513671875,0,0,0,0,0,0,0,0,0,0,0,0,0,0,0,0,0,0,0,0,0,0,0,0,0
2022-01-01 11:30:00+00:00,60,1,11,86.49214172363281,63.441795349121094,0,0,0,0,0,0,0,0,0,1,1,1,1,1,1,1,1,0,0,0,0,0,0,0,0
2022-01-01 11:30:00+00:00,60,1,11,141.2838592529297,132.01754760742188,0,0,0,0,0,0,0,0,0,0,0,1,1,1,1,1,1,0,0,0,0,0,0,0,0
2022-01-01 11:30:00+00:00,60,1,11,86.7993392944336,19.17158317565918,0,0,0,0,0,0,0,0,0,1,1,1,1,1,1,1,1,0,0,1,1,1,1,1,1
2022-01-01 11:30:00+00:00,60,1,11,302.26556396484375,253.5059814453125,0,0,0,0,0,0,0,0,0,0,0,0,0,0,0,0,1,0,0,0,0,0,0,0,0
2022-01-01 11:30:00+00:00,60,1,11,272.7606201171875,28.0127010345459,0,0,0,0,0,0,0,0,0,0,0,0,0,0,0,1,1,0,0,0,0,1,1,1,1
2022-01-01 11:30:00+00:00,60,1,11,90.7613296508789,24.468782424926758,0,0,0,0,0,0,0,0,0,1,1,1,1,1,1,1,1,0,0,0,1,1,1,1,1
2022-01-01 11:30:00+00:00,60,1,11,226.6154022216797,216.9315948486328,0,0,0,0,0,0,0,0,0,0,0,0,0,0,1,1,1,0,0,0,0,0,0,0,0
2022-01-01 11:30:00+00:00,60,1,11,,,0,0,0,0,0,0,0,0,0,0,0,0,0,0,0,0,0,0,0,0,0,0,0,0,0
2022-01-01 11:30:00+00:00,60,1,11,347.2043151855469,31.136045455932617,0,0,0,0,0,0,0,0,0,0,0,0,0,0,0,0,1,0,0,0,0,0,1,1,1
2022-01-01 11:30:00+00:00,60,1,11,600.8037719726562,536.8990478515625,0,0,0,0,0,0,0,0,0,0,0,0,0,0,0,0,0,0,0,0,0,0,0,0,0
2022-01-01 11:30:00+00:00,60,1,11,322.0233459472656,158.77749633789062,0,0,0,0,0,0,0,0,0,0,0,0,0,0,0,0,1,0,0,0,0,0,0,0,0
2022-01-01 11:30:00+00:00,60,1,11,,141.90780639648438,0,0,0,0,0,0,0,0,0,0,0,0,0,0,0,0,0,0,0,0,0,0,0,0,0
2022-01-01 11:30:00+00:00,60,1,11,,,0,0,0,0,0,0,0,0,0,0,0,0,0,0,0,0,0,0,0,0,0,0,0,0,0
2022-01-01 11:30:00+00:00,60,1,11,,368.95556640625,0,0,0,0,0,0,0,0,0,0,0,0,0,0,0,0,0,0,0,0,0,0,0,0,0
2022-01-01 11:30:00+00:00,60,1,11,,,0,0,0,0,0,0,0,0,0,0,0,0,0,0,0,0,0,0,0,0,0,0,0,0,0
2022-01-01 11:30:00+00:00,60,1,11,,,0,0,0,0,0,0,0,0,0,0,0,0,0,0,0,0,0,0,0,0,0,0,0,0,0
2022-01-01 11:30:00+00:00,60,1,11,,,0,0,0,0,0,0,0,0,0,0,0,0,0,0,0,0,0,0,0,0,0,0,0,0,0
2022-01-01 11:30:00+00:00,60,1,11,,,0,0,0,0,0,0,0,0,0,0,0,0,0,0,0,0,0,0,0,0,0,0,0,0,0
2022-01-01 11:30:00+00:00,60,1,11,,,0,0,0,0,0,0,0,0,0,0,0,0,0,0,0,0,0,0,0,0,0,0,0,0,0
2022-01-01 11:45:00+00:00,60,1,11,296.7593078613281,148.96762084960938,0,0,0,0,0,0,0,0,0,0,0,0,0,0,0,1,1,0,0,0,0,0,0,0,0
2022-01-01 11:45:00+00:00,60,1,11,384.8153076171875,243.91455078125,0,0,0,0,0,0,0,0,0,0,0,0,0,0,0,0,0,0,0,0,0,0,0,0,0
2022-01-01 11:45:00+00:00,60,1,11,336.9530029296875,190.2714080810547,0,0,0,0,0,0,0,0,0,0,0,0,0,0,0,0,1,0,0,0,0,0,0,0,0
2022-01-01 11:45:00+00:00,60,1,11,435.53045654296875,290.8653259277344,0,0,0,0,0,0,0,0,0,0,0,0,0,0,0,0,0,0,0,0,0,0,0,0,0
2022-01-01 11:45:00+00:00,60,1,11,484.33270263671875,449.0218811035156,0,0,0,0,0,0,0,0,0,0,0,0,0,0,0,0,0,0,0,0,0,0,0,0,0
2022-01-01 11:45:00+00:00,60,1,11,312.0333251953125,326.93353271484375,0,0,0,0,0,0,0,0,0,0,0,0,0,0,0,0,1,0,0,0,0,0,0,0,0
2022-01-01 11:45:00+00:00,60,1,11,245.47589111328125,257.34783935546875,0,0,0,0,0,0,0,0,0,0,0,0,0,0,1,1,1,0,0,0,0,0,0,0,0
2022-01-01 11:45:00+00:00,60,1,11,90.70068359375,93.20026397705078,0,0,0,0,0,0,0,0,0,1,1,1,1,1,1,1,1,0,0,0,0,0,0,0,0
2022-01-01 11:45:00+00:00,60,1,11,122.96487426757812,123.6148452758789,0,0,0,0,0,0,0,0,0,0,0,1,1,1,1,1,1,0,0,0,0,0,0,0,0
2022-01-01 11:45:00+00:00,60,1,11,447.8239440917969,258.3182067871094,0,0,0,0,0,0,0,0,0,0,0,0,0,0,0,0,0,0,0,0,0,0,0,0,0
2022-01-01 11:45:00+00:00,60,1,11,194.48898315429688,3.1826398372650146,0,0,0,0,0,0,0,0,0,0,0,0,0,1,1,1,1,1,1,1,1,1,1,1,1
2022-01-01 11:45:00+00:00,60,1,11,177.71017456054688,137.84837341308594,0,0,0,0,0,0,0,0,0,0,0,0,1,1,1,1,1,0,0,0,0,0,0,0,0
2022-01-01 11:45:00+00:00,60,1,11,121.261962890625,107.05863189697266,0,0,0,0,0,0,0,0,0,0,0,1,1,1,1,1,1,0,0,0,0,0,0,0,0
2022-01-01 11:45:00+00:00,60,1,11,129.55340576171875,76.11883544921875,0,0,0,0,0,0,0,0,0,0,0,1,1,1,1,1,1,0,0,0,0,0,0,0,0
2022-01-01 11:45:00+00:00,60,1,11,,,0,0,0,0,0,0,0,0,0,0,0,0,0,0,0,0,0,0,0,0,0,0,0,0,0
2022-01-01 11:45:00+00:00,60,1,11,,,0,0,0,0,0,0,0,0,0,0,0,0,0,0,0,0,0,0,0,0,0,0,0,0,0
2022-01-01 11:45:00+00:00,60,1,11,,379.6806335449219,0,0,0,0,0,0,0,0,0,0,0,0,0,0,0,0,0,0,0,0,0,0,0,0,0
2022-01-01 11:45:00+00:00,60,1,11,,,0,0,0,0,0,0,0,0,0,0,0,0,0,0,0,0,0,0,0,0,0,0,0,0,0
2022-01-01 12:00:00+00:00,60,1,12,223.26040649414062,204.45120239257812,0,0,0,0,0,0,0,0,0,0,0,0,0,0,1,1,1,0,0,0,0,0,0,0,0
2022-01-01 12:00:00+00:00,60,1,12,348.6163635253906,213.73927307128906,0,0,0,0,0,0,0,0,0,0,0,0,0,0,0,0,1,0,0,0,0,0,0,0,0
2022-01-01 12:00:00+00:00,60,1,12,525.4947509765625,317.87152099609375,0,0,0,0,0,0,0,0,0,0,0,0,0,0,0,0,0,0,0,0,0,0,0,0,0
2022-01-01 12:00:00+00:00,60,1,12,380.0610656738281,219.19378662109375,0,0,0,0,0,0,0,0,0,0,0,0,0,0,0,0,0,0,0,0,0,0,0,0,0
2022-01-01 12:00:00+00:00,60,1,12,492.93890380859375,341.5712585449219,0,0,0,0,0,0,0,0,0,0,0,0,0,0,0,0,0,0,0,0,0,0,0,0,0
2022-01-01 12:00:00+00:00,60,1,12,134.89854431152344,126.93219757080078,0,0,0,0,0,0,0,0,0,0,0,1,1,1,1,1,1,0,0,0,0,0,0,0,0
2022-01-01 12:00:00+00:00,60,1,12,82.51551818847656,71.06598663330078,0,0,0,0,0,0,0,0,0,1,1,1,1,1,1,1,1,0,0,0,0,0,0,0,0
2022-01-01 12:00:00+00:00,60,1,12,305.68536376953125,453.7169494628906,0,0,0,0,0,0,0,0,0,0,0,0,0,0,0,0,1,0,0,0,0,0,0,0,0
2022-01-01 12:00:00+00:00,60,1,12,319.0343017578125,,0,0,0,0,0,0,0,0,0,0,0,0,0,0,0,0,1,0,0,0,0,0,0,0,0
2022-01-01 12:00:00+00:00,60,1,12,,255.0751953125,0,0,0,0,0,0,0,0,0,0,0,0,0,0,0,0,0,0,0,0,0,0,0,0,0
2022-01-01 12:00:00+00:00,60,1,12,430.0920715332031,394.5256652832031,0,0,0,0,0,0,0,0,0,0,0,0,0,0,0,0,0,0,0,0,0,0,0,0,0
2022-01-01 12:00:00+00:00,60,1,12,274.0362548828125,107.41613006591797,0,0,0,0,0,0,0,0,0,0,0,0,0,0,0,1,1,0,0,0,0,0,0,0,0
2022-01-01 12:00:00+00:00,60,1,12,231.53134155273438,100.74465942382812,0,0,0,0,0,0,0,0,0,0,0,0,0,0,1,1,1,0,0,0,0,0,0,0,0
2022-01-01 12:00:00+00:00,60,1,12,67.71417999267578,153.5343475341797,0,0,0,0,0,0,0,0,1,1,1,1,1,1,1,1,1,0,0,0,0,0,0,0,0
2022-01-01 12:00:00+00:00,60,1,12,211.74795532226562,0.0,0,0,0,0,0,0,0,0,0,0,0,0,0,0,1,1,1,1,1,1,1,1,1,1,1
2022-01-01 12:00:00+00:00,60,1,12,350.0580139160156,514.945556640625,0,0,0,0,0,0,0,0,0,0,0,0,0,0,0,0,0,0,0,0,0,0,0,0,0
2022-01-01 12:00:00+00:00,60,1,12,375.97882080078125,,0,0,0,0,0,0,0,0,0,0,0,0,0,0,0,0,0,0,0,0,0,0,0,0,0
2022-01-01 12:00:00+00:00,60,1,12,331.4526672363281,421.620849609375,0,0,0,0,0,0,0,0,0,0,0,0,0,0,0,0,1,0,0,0,0,0,0,0,0
2022-01-01 12:00:00+00:00,60,1,12,374.59661865234375,305.179443359375,0,0,0,0,0,0,0,0,0,0,0,0,0,0,0,0,0,0,0,0,0,0,0,0,0
2022-01-01 12:00:00+00:00,60,1,12,426.62799072265625,368.8359375,0,0,0,0,0,0,0,0,0,0,0,0,0,0,0,0,0,0,0,0,0,0,0,0,0
2022-01-01 12:00:00+00:00,60,1,12,,,0,0,0,0,0,0,0,0,0,0,0,0,0,0,0,0,0,0,0,0,0,0,0,0,0
2022-01-01 12:00:00+00:00,60,1,12,,,0,0,0,0,0,0,0,0,0,0,0,0,0,0,0,0,0,0,0,0,0,0,0,0,0
2022-01-01 12:00:00+00:00,60,1,12,364.5408020019531,11.100973129272461,0,0,0,0,0,0,0,0,0,0,0,0,0,0,0,0,0,0,1,1,1,1,1,1,1
2022-01-01 12:00:00+00:00,60,1,12,,477.9765319824219,0,0,0,0,0,0,0,0,0,0,0,0,0,0,0,0,0,0,0,0,0,0,0,0,0
2022-01-01 12:00:00+00:00,60,1,12,,,0,0,0,0,0,0,0,0,0,0,0,0,0,0,0,0,0,0,0,0,0,0,0,0,0
2022-01-01 12:00:00+00:00,60,1,12,,,0,0,0,0,0,0,0,0,0,0,0,0,0,0,0,0,0,0,0,0,0,0,0,0,0
2022-01-01 12:15:00+00:00,60,1,12,,,0,0,0,0,0,0,0,0,0,0,0,0,0,0,0,0,0,0,0,0,0,0,0,0,0
2022-01-01 12:15:00+00:00,60,1,12,,,0,0,0,0,0,0,0,0,0,0,0,0,0,0,0,0,0,0,0,0,0,0,0,0,0
2022-01-01 12:15:00+00:00,60,1,12,,,0,0,0,0,0,0,0,0,0,0,0,0,0,0,0,0,0,0,0,0,0,0,0,0,0
2022-01-01 12:15:00+00:00,60,1,12,419.9028625488281,322.0849609375,0,0,0,0,0,0,0,0,0,0,0,0,0,0,0,0,0,0,0,0,0,0,0,0,0
2022-01-01 12:15:00+00:00,60,1,12,276.39453125,0.0,0,0,0,0,0,0,0,0,0,0,0,0,0,0,0,1,1,1,1,1,1,1,1,1,1
2022-01-01 12:15:00+00:00,60,1,12,225.27980041503906,61.83761978149414,0,0,0,0,0,0,0,0,0,0,0,0,0,0,1,1,1,0,0,0,0,0,0,0,0
2022-01-01 12:15:00+00:00,60,1,12,103.18753814697266,112.7407455444336,0,0,0,0,0,0,0,0,0,0,1,1,1,1,1,1,1,0,0,0,0,0,0,0,0
2022-01-01 12:15:00+00:00,60,1,12,176.8125762939453,94.71434020996094,0,0,0,0,0,0,0,0,0,0,0,0,1,1,1,1,1,0,0,0,0,0,0,0,0
2022-01-01 12:15:00+00:00,60,1,12,78.5871810913086,55.34866714477539,0,0,0,0,0,0,0,0,1,1,1,1,1,1,1,1,1,0,0,0,0,0,0,0,1
2022-01-01 12:15:00+00:00,60,1,12,127.08704376220703,97.15931701660156,0,0,0,0,0,0,0,0,0,0,0,1,1,1,1,1,1,0,0,0,0,0,0,0,0
2022-01-01 12:15:00+00:00,60,1,12,313.2538146972656,257.46478271484375,0,0,0,0,0,0,0,0,0,0,0,0,0,0,0,0,1,0,0,0,0,0,0,0,0
2022-01-01 12:15:00+00:00,60,1,12,168.8826446533203,171.4639129638672,0,0,0,0,0,0,0,0,0,0,0,0,1,1,1,1,1,0,0,0,0,0,0,0,0
2022-01-01 12:15:00+00:00,60,1,12,321.98626708984375,261.21099853515625,0,0,0,0,0,0,0,0,0,0,0,0,0,0,0,0,1,0,0,0,0,0,0,0,0
2022-01-01 12:15:00+00:00,60,1,12,79.29179382324219,88.99606323242188,0,0,0,0,0,0,0,0,1,1,1,1,1,1,1,1,1,0,0,0,0,0,0,0,0
2022-01-01 12:15:00+00:00,60,1,12,425.9749755859375,84.75881958007812,0,0,0,0,0,0,0,0,0,0,0,0,0,0,0,0,0,0,0,0,0,0,0,0,0
2022-01-01 12:15:00+00:00,60,1,12,95.34613800048828,13.838262557983398,0,0,0,0,0,0,0,0,0,1,1,1,1,1,1,1,1,0,1,1,1,1,1,1,1
2022-01-01 12:15:00+00:00,60,1,12,123.07123565673828,268.2242431640625,0,0,0,0,0,0,0,0,0,0,0,1,1,1,1,1,1,0,0,0,0,0,0,0,0
2022-01-01 12:15:00+00:00,60,1,12,397.8536376953125,20.241012573242188,0,0,0,0,0,0,0,0,0,0,0,0,0,0,0,0,0,0,0,0,1,1,1,1,1
2022-01-01 12:15:00+00:00,60,1,12,80.94337463378906,37.31033706665039,0,0,0,0,0,0,0,0,0,1,1,1,1,1,1,1,1,0,0,0,0,0,1,1,1
2022-01-01 12:15:00+00:00,60,1,12,188.52230834960938,67.13237762451172,0,0,0,0,0,0,0,0,0,0,0,0,0,1,1,1,1,0,0,0,0,0,0,0,0
2022-01-01 12:15:00+00:00,60,1,12,,397.0552978515625,0,0,0,0,0,0,0,0,0,0,0,0,0,0,0,0,0,0,0,0,0,0,0,0,0
2022-01-01 12:15:00+00:00,60,1,12,,,0,0,0,0,0,0,0,0,0,0,0,0,0,0,0,0,0,0,0,0,0,0,0,0,0
2022-01-01 12:15:00+00:00,60,1,12,,224.49224853515625,0,0,0,0,0,0,0,0,0,0,0,0,0,0,0,0,0,0,0,0,0,0,0,0,0
2022-01-01 12:15:00+00:00,60,1,12,232.6874542236328,241.02859497070312,0,0,0,0,0,0,0,0,0,0,0,0,0,0,1,1,1,0,0,0,0,0,0,0,0
2022-01-01 12:15:00+00:00,60,1,12,,,0,0,0,0,0,0,0,0,0,0,0,0,0,0,0,0,0,0,0,0,0,0,0,0,0
2022-01-01 12:30:00+00:00,60,1,12,,385.64056396484375,0,0,0,0,0,0,0,0,0,0,0,0,0,0,0,0,0,0,0,0,0,0,0,0,0
2022-01-01 12:30:00+00:00,60,1,12,347.07037353515625,303.5374755859375,0,0,0,0,0,0,0,0,0,0,0,0,0,0,0,0,1,0,0,0,0,0,0,0,0
2022-01-01 12:30:00+00:00,60,1,12,308.439453125,273.06146240234375,0,0,0,0,0,0,0,0,0,0,0,0,0,0,0,0,1,0,0,0,0,0,0,0,0
2022-01-01 12:30:00+00:00,60,1,12,76.51913452148438,72.77340698242188,0,0,0,0,0,0,0,0,1,1,1,1,1,1,1,1,1,0,0,0,0,0,0,0,0
2022-01-01 12:30:00+00:00,60,1,12,139.32504272460938,144.74595642089844,0,0,0,0,0,0,0,0,0,0,0,1,1,1,1,1,1,0,0,0,0,0,0,0,0
2022-01-01 12:30:00+00:00,60,1,12,109.13935089111328,10.246829986572266,0,0,0,0,0,0,0,0,0,0,1,1,1,1,1,1,1,0,1,1,1,1,1,1,1
2022-01-01 12:30:00+00:00,60,1,12,267.72900390625,108.98511505126953,0,0,0,0,0,0,0,0,0,0,0,0,0,0,0,1,1,0,0,0,0,0,0,0,0
2022-01-01 12:30:00+00:00,60,1,12,197.46945190429688,215.29443359375,0,0,0,0,0,0,0,0,0,0,0,0,0,1,1,1,1,0,0,0,0,0,0,0,0
2022-01-01 12:30:00+00:00,60,1,12,293.9208984375,319.8085021972656,0,0,0,0,0,0,0,0,0,0,0,0,0,0,0,1,1,0,0,0,0,0,0,0,0
2022-01-01 12:30:00+00:00,60,1,12,236.46902465820312,43.77678298950195,0,0,0,0,0,0,0,0,0,0,0,0,0,0,1,1,1,0,0,0,0,0,0,1,1
2022-01-01 12:30:00+00:00,60,1,12,458.0509338378906,76.35316467285156,0,0,0,0,0,0,0,0,0,0,0,0,0,0,0,0,0,0,0,0,0,0,0,0,0
2022-01-01 12:30:00+00:00,60,1,12,,,0,0,0,0,0,0,0,0,0,0,0,0,0,0,0,0,0,0,0,0,0,0,0,0,0
2022-01-01 12:30:00+00:00,60,1,12,,71.28630065917969,0,0,0,0,0,0,0,0,0,0,0,0,0,0,0,0,0,0,0,0,0,0,0,0,0
2022-01-01 12:30:00+00:00,60,1,12,327.2943115234375,0.0,0,0,0,0,0,0,0,0,0,0,0,0,0,0,0,0,1,1,1,1,1,1,1,1,1
2022-01-01 12:30:00+00:00,60,1,12,,,0,0,0,0,0,0,0,0,0,0,0,0,0,0,0,0,0,0,0,0,0,0,0,0,0
2022-01-01 12:30:00+00:00,60,1,12,,,0,0,0,0,0,0,0,0,0,0,0,0,0,0,0,0,0,0,0,0,0,0,0,0,0
2022-01-01 12:45:00+00:00,60,1,12,120.6881332397461,139.51548767089844,0,0,0,0,0,0,0,0,0,0,0,1,1,1,1,1,1,0,0,0,0,0,0,0,0
2022-01-01 12:45:00+00:00,60,1,12,546.0881958007812,404.3013916015625,0,0,0,0,0,0,0,0,0,0,0,0,0,0,0,0,0,0,0,0,0,0,0,0,0
2022-01-01 12:45:00+00:00,60,1,12,116.8787612915039,159.8399658203125,0,0,0,0,0,0,0,0,0,0,1,1,1,1,1,1,1,0,0,0,0,0,0,0,0
2022-01-01 12:45:00+00:00,60,1,12,406.2369689941406,349.90155029296875,0,0,0,0,0,0,0,0,0,0,0,0,0,0,0,0,0,0,0,0,0,0,0,0,0
2022-01-01 12:45:00+00:00,60,1,12,45.156436920166016,15.637025833129883,0,0,0,0,0,0,1,1,1,1,1,1,1,1,1,1,1,0,0,1,1,1,1,1,1
2022-01-01 12:45:00+00:00,60,1,12,,368.1092529296875,0,0,0,0,0,0,0,0,0,0,0,0,0,0,0,0,0,0,0,0,0,0,0,0,0
2022-01-01 12:45:00+00:00,60,1,12,129.6474609375,114.19055938720703,0,0,0,0,0,0,0,0,0,0,0,1,1,1,1,1,1,0,0,0,0,0,0,0,0
2022-01-01 12:45:00+00:00,60,1,12,121.97662353515625,62.995155334472656,0,0,0,0,0,0,0,0,0,0,0,1,1,1,1,1,1,0,0,0,0,0,0,0,0
2022-01-01 12:45:00+00:00,60,1,12,227.52423095703125,171.9333953857422,0,0,0,0,0,0,0,0,0,0,0,0,0,0,1,1,1,0,0,0,0,0,0,0,0
2022-01-01 12:45:00+00:00,60,1,12,192.4466552734375,133.54037475585938,0,0,0,0,0,0,0,0,0,0,0,0,0,1,1,1,1,0,0,0,0,0,0,0,0
2022-01-01 12:45:00+00:00,60,1,12,42.96868133544922,13.404773712158203,0,0,0,0,0,0,1,1,1,1,1,1,1,1,1,1,1,0,1,1,1,1,1,1,1
2022-01-01 12:45:00+00:00,60,1,12,,305.9244384765625,0,0,0,0,0,0,0,0,0,0,0,0,0,0,0,0,0,0,0,0,0,0,0,0,0
2022-01-01 12:45:00+00:00,60,1,12,301.7236633300781,262.48040771484375,0,0,0,0,0,0,0,0,0,0,0,0,0,0,0,0,1,0,0,0,0,0,0,0,0
2022-01-01 12:45:00+00:00,60,1,12,376.99993896484375,346.6976623535156,0,0,0,0,0,0,0,0,0,0,0,0,0,0,0,0,0,0,0,0,0,0,0,0,0
2022-01-01 12:45:00+00:00,60,1,12,68.43263244628906,102.21733093261719,0,0,0,0,0,0,0,0,1,1,1,1,1,1,1,1,1,0,0,0,0,0,0,0,0
2022-01-01 12:45:00+00:00,60,1,12,407.6329040527344,234.4323272705078,0,0,0,0,0,0,0,0,0,0,0,0,0,0,0,0,0,0,0,0,0,0,0,0,0
2022-01-01 12:45:00+00:00,60,1,12,286.9960632324219,307.0892333984375,0,0,0,0,0,0,0,0,0,0,0,0,0,0,0,1,1,0,0,0,0,0,0,0,0
2022-01-01 12:45:00+00:00,60,1,12,337.7976989746094,384.5501708984375,0,0,0,0,0,0,0,0,0,0,0,0,0,0,0,0,1,0,0,0,0,0,0,0,0
2022-01-01 12:45:00+00:00,60,1,12,,,0,0,0,0,0,0,0,0,0,0,0,0,0,0,0,0,0,0,0,0,0,0,0,0,0
2022-01-01 12:45:00+00:00,60,1,12,,,0,0,0,0,0,0,0,0,0,0,0,0,0,0,0,0,0,0,0,0,0,0,0,0,0
2022-01-01 12:45:00+00:00,60,1,12,,,0,0,0,0,0,0,0,0,0,0,0,0,0,0,0,0,0,0,0,0,0,0,0,0,0
2022-01-01 13:00:00+00:00,60,1,13,361.99462890625,13.64352798461914,0,0,0,0,0,0,0,0,0,0,0,0,0,0,0,0,0,0,1,1,1,1,1,1,1
2022-01-01 13:00:00+00:00,60,1,13,131.2552490234375,50.84938049316406,0,0,0,0,0,0,0,0,0,0,0,1,1,1,1,1,1,0,0,0,0,0,0,0,1
2022-01-01 13:00:00+00:00,60,1,13,304.1144714355469,265.7774963378906,0,0,0,0,0,0,0,0,0,0,0,0,0,0,0,0,1,0,0,0,0,0,0,0,0
2022-01-01 13:00:00+00:00,60,1,13,68.32373809814453,150.7353973388672,0,0,0,0,0,0,0,0,1,1,1,1,1,1,1,1,1,0,0,0,0,0,0,0,0
2022-01-01 13:00:00+00:00,60,1,13,352.67303466796875,220.5146484375,0,0,0,0,0,0,0,0,0,0,0,0,0,0,0,0,0,0,0,0,0,0,0,0,0
2022-01-01 13:00:00+00:00,60,1,13,344.7464294433594,266.29962158203125,0,0,0,0,0,0,0,0,0,0,0,0,0,0,0,0,1,0,0,0,0,0,0,0,0
2022-01-01 13:00:00+00:00,60,1,13,18.926620483398438,0.0,0,0,1,1,1,1,1,1,1,1,1,1,1,1,1,1,1,1,1,1,1,1,1,1,1
2022-01-01 13:00:00+00:00,60,1,13,78.10594940185547,40.48698043823242,0,0,0,0,0,0,0,0,1,1,1,1,1,1,1,1,1,0,0,0,0,0,0,1,1
2022-01-01 13:00:00+00:00,60,1,13,108.16804504394531,92.9925765991211,0,0,0,0,0,0,0,0,0,0,1,1,1,1,1,1,1,0,0,0,0,0,0,0,0
2022-01-01 13:00:00+00:00,60,1,13,500.9273376464844,385.8477478027344,0,0,0,0,0,0,0,0,0,0,0,0,0,0,0,0,0,0,0,0,0,0,0,0,0
2022-01-01 13:00:00+00:00,60,1,13,,,0,0,0,0,0,0,0,0,0,0,0,0,0,0,0,0,0,0,0,0,0,0,0,0,0
2022-01-01 13:00:00+00:00,60,1,13,,,0,0,0,0,0,0,0,0,0,0,0,0,0,0,0,0,0,0,0,0,0,0,0,0,0
2022-01-01 13:00:00+00:00,60,1,13,,,0,0,0,0,0,0,0,0,0,0,0,0,0,0,0,0,0,0,0,0,0,0,0,0,0
2022-01-01 13:00:00+00:00,60,1,13,,,0,0,0,0,0,0,0,0,0,0,0,0,0,0,0,0,0,0,0,0,0,0,0,0,0
2022-01-01 13:15:00+00:00,60,1,13,83.62630462646484,83.76487731933594,0,0,0,0,0,0,0,0,0,1,1,1,1,1,1,1,1,0,0,0,0,0,0,0,0
2022-01-01 13:15:00+00:00,60,1,13,330.3708801269531,320.0990295410156,0,0,0,0,0,0,0,0,0,0,0,0,0,0,0,0,1,0,0,0,0,0,0,0,0
2022-01-01 13:15:00+00:00,60,1,13,82.67872619628906,125.8292007446289,0,0,0,0,0,0,0,0,0,1,1,1,1,1,1,1,1,0,0,0,0,0,0,0,0
2022-01-01 13:15:00+00:00,60,1,13,325.8203430175781,112.39640045166016,0,0,0,0,0,0,0,0,0,0,0,0,0,0,0,0,1,0,0,0,0,0,0,0,0
2022-01-01 13:15:00+00:00,60,1,13,231.1928253173828,104.1824722290039,0,0,0,0,0,0,0,0,0,0,0,0,0,0,1,1,1,0,0,0,0,0,0,0,0
2022-01-01 13:15:00+00:00,60,1,13,345.2586975097656,203.59181213378906,0,0,0,0,0,0,0,0,0,0,0,0,0,0,0,0,1,0,0,0,0,0,0,0,0
2022-01-01 13:15:00+00:00,60,1,13,110.71754455566406,503.7106018066406,0,0,0,0,0,0,0,0,0,0,1,1,1,1,1,1,1,0,0,0,0,0,0,0,0
2022-01-01 13:15:00+00:00,60,1,13,41.211395263671875,3.1883058547973633,0,0,0,0,0,0,1,1,1,1,1,1,1,1,1,1,1,1,1,1,1,1,1,1,1
2022-01-01 13:15:00+00:00,60,1,13,231.7406768798828,157.923095703125,0,0,0,0,0,0,0,0,0,0,0,0,0,0,1,1,1,0,0,0,0,0,0,0,0
2022-01-01 13:15:00+00:00,60,1,13,230.82960510253906,330.75286865234375,0,0,0,0,0,0,0,0,0,0,0,0,0,0,1,1,1,0,0,0,0,0,0,0,0
2022-01-01 13:15:00+00:00,60,1,13,,,0,0,0,0,0,0,0,0,0,0,0,0,0,0,0,0,0,0,0,0,0,0,0,0,0
2022-01-01 13:15:00+00:00,60,1,13,262.8938293457031,294.9708251953125,0,0,0,0,0,0,0,0,0,0,0,0,0,0,0,1,1,0,0,0,0,0,0,0,0
2022-01-01 13:30:00+00:00,60,1,13,,,0,0,0,0,0,0,0,0,0,0,0,0,0,0,0,0,0,0,0,0,0,0,0,0,0
2022-01-01 13:30:00+00:00,60,1,13,446.0210266113281,57.146095275878906,0,0,0,0,0,0,0,0,0,0,0,0,0,0,0,0,0,0,0,0,0,0,0,0,1
2022-01-01 13:30:00+00:00,60,1,13,96.98155975341797,10.475690841674805,0,0,0,0,0,0,0,0,0,1,1,1,1,1,1,1,1,0,1,1,1,1,1,1,1
2022-01-01 13:30:00+00:00,60,1,13,73.43421173095703,81.59461975097656,0,0,0,0,0,0,0,0,1,1,1,1,1,1,1,1,1,0,0,0,0,0,0,0,0
2022-01-01 13:30:00+00:00,60,1,13,327.1844177246094,294.7508239746094,0,0,0,0,0,0,0,0,0,0,0,0,0,0,0,0,1,0,0,0,0,0,0,0,0
2022-01-01 13:30:00+00:00,60,1,13,129.9799346923828,107.76393127441406,0,0,0,0,0,0,0,0,0,0,0,1,1,1,1,1,1,0,0,0,0,0,0,0,0
2022-01-01 13:30:00+00:00,60,1,13,174.8199920654297,170.77133178710938,0,0,0,0,0,0,0,0,0,0,0,0,1,1,1,1,1,0,0,0,0,0,0,0,0
2022-01-01 13:30:00+00:00,60,1,13,240.5550994873047,245.1127166748047,0,0,0,0,0,0,0,0,0,0,0,0,0,0,1,1,1,0,0,0,0,0,0,0,0
2022-01-01 13:30:00+00:00,60,1,13,269.8624267578125,108.77088165283203,0,0,0,0,0,0,0,0,0,0,0,0,0,0,0,1,1,0,0,0,0,0,0,0,0
2022-01-01 13:30:00+00:00,60,1,13,130.84725952148438,102.10981750488281,0,0,0,0,0,0,0,0,0,0,0,1,1,1,1,1,1,0,0,0,0,0,0,0,0
2022-01-01 13:30:00+00:00,60,1,13,285.8437194824219,265.6043701171875,0,0,0,0,0,0,0,0,0,0,0,0,0,0,0,1,1,0,0,0,0,0,0,0,0
2022-01-01 13:30:00+00:00,60,1,13,136.0267791748047,285.81329345703125,0,0,0,0,0,0,0,0,0,0,0,1,1,1,1,1,1,0,0,0,0,0,0,0,0
2022-01-01 13:30:00+00:00,60,1,13,203.58815002441406,174.22088623046875,0,0,0,0,0,0,0,0,0,0,0,0,0,0,1,1,1,0,0,0,0,0,0,0,0
2022-01-01 13:30:00+00:00,60,1,13,,118.74921417236328,0,0,0,0,0,0,0,0,0,0,0,0,0,0,0,0,0,0,0,0,0,0,0,0,0
2022-01-01 13:30:00+00:00,60,1,13,,,0,0,0,0,0,0,0,0,0,0,0,0,0,0,0,0,0,0,0,0,0,0,0,0,0
2022-01-01 13:30:00+00:00,60,1,13,,,0,0,0,0,0,0,0,0,0,0,0,0,0,0,0,0,0,0,0,0,0,0,0,0,0
2022-01-01 13:30:00+00:00,60,1,13,,,0,0,0,0,0,0,0,0,0,0,0,0,0,0,0,0,0,0,0,0,0,0,0,0,0
2022-01-01 13:45:00+00:00,60,1,13,232.5146026611328,81.6427993774414,0,0,0,0,0,0,0,0,0,0,0,0,0,0,1,1,1,0,0,0,0,0,0,0,0
2022-01-01 13:45:00+00:00,60,1,13,43.23954391479492,0.0,0,0,0,0,0,0,1,1,1,1,1,1,1,1,1,1,1,1,1,1,1,1,1,1,1
2022-01-01 13:45:00+00:00,60,1,13,67.17562866210938,67.68451690673828,0,0,0,0,0,0,0,0,1,1,1,1,1,1,1,1,1,0,0,0,0,0,0,0,0
2022-01-01 13:45:00+00:00,60,1,13,101.32903289794922,86.73909759521484,0,0,0,0,0,0,0,0,0,0,1,1,1,1,1,1,1,0,0,0,0,0,0,0,0
2022-01-01 13:45:00+00:00,60,1,13,155.57127380371094,108.19139862060547,0,0,0,0,0,0,0,0,0,0,0,0,1,1,1,1,1,0,0,0,0,0,0,0,0
2022-01-01 13:45:00+00:00,60,1,13,79.64523315429688,7.190237998962402,0,0,0,0,0,0,0,0,1,1,1,1,1,1,1,1,1,1,1,1,1,1,1,1,1
2022-01-01 13:45:00+00:00,60,1,13,313.1258850097656,336.7523498535156,0,0,0,0,0,0,0,0,0,0,0,0,0,0,0,0,1,0,0,0,0,0,0,0,0
2022-01-01 13:45:00+00:00,60,1,13,221.24020385742188,234.3216094970703,0,0,0,0,0,0,0,0,0,0,0,0,0,0,1,1,1,0,0,0,0,0,0,0,0
2022-01-01 13:45:00+00:00,60,1,13,227.67767333984375,241.05223083496094,0,0,0,0,0,0,0,0,0,0,0,0,0,0,1,1,1,0,0,0,0,0,0,0,0
2022-01-01 13:45:00+00:00,60,1,13,,,0,0,0,0,0,0,0,0,0,0,0,0,0,0,0,0,0,0,0,0,0,0,0,0,0
2022-01-01 13:45:00+00:00,60,1,13,269.14971923828125,,0,0,0,0,0,0,0,0,0,0,0,0,0,0,0,1,1,0,0,0,0,0,0,0,0
2022-01-01 13:45:00+00:00,60,1,13,,,0,0,0,0,0,0,0,0,0,0,0,0,0,0,0,0,0,0,0,0,0,0,0,0,0
2022-01-01 13:45:00+00:00,60,1,13,,,0,0,0,0,0,0,0,0,0,0,0,0,0,0,0,0,0,0,0,0,0,0,0,0,0
2022-01-01 13:45:00+00:00,60,1,13,,,0,0,0,0,0,0,0,0,0,0,0,0,0,0,0,0,0,0,0,0,0,0,0,0,0
2022-01-01 14:00:00+00:00,60,1,14,,,0,0,0,0,0,0,0,0,0,0,0,0,0,0,0,0,0,0,0,0,0,0,0,0,0
2022-01-01 14:00:00+00:00,60,1,14,,,0,0,0,0,0,0,0,0,0,0,0,0,0,0,0,0,0,0,0,0,0,0,0,0,0
2022-01-01 14:00:00+00:00,60,1,14,134.41529846191406,326.3424072265625,0,0,0,0,0,0,0,0,0,0,0,1,1,1,1,1,1,0,0,0,0,0,0,0,0
2022-01-01 14:00:00+00:00,60,1,14,324.03082275390625,224.17245483398438,0,0,0,0,0,0,0,0,0,0,0,0,0,0,0,0,1,0,0,0,0,0,0,0,0
2022-01-01 14:00:00+00:00,60,1,14,91.98412322998047,96.86881256103516,0,0,0,0,0,0,0,0,0,1,1,1,1,1,1,1,1,0,0,0,0,0,0,0,0
2022-01-01 14:00:00+00:00,60,1,14,146.46067810058594,110.00769805908203,0,0,0,0,0,0,0,0,0,0,0,1,1,1,1,1,1,0,0,0,0,0,0,0,0
2022-01-01 14:00:00+00:00,60,1,14,130.3914031982422,126.25177001953125,0,0,0,0,0,0,0,0,0,0,0,1,1,1,1,1,1,0,0,0,0,0,0,0,0
2022-01-01 14:00:00+00:00,60,1,14,,,0,0,0,0,0,0,0,0,0,0,0,0,0,0,0,0,0,0,0,0,0,0,0,0,0
2022-01-01 14:00:00+00:00,60,1,14,267.1073303222656,82.25592041015625,0,0,0,0,0,0,0,0,0,0,0,0,0,0,0,1,1,0,0,0,0,0,0,0,0
2022-01-01 14:00:00+00:00,60,1,14,,,0,0,0,0,0,0,0,0,0,0,0,0,0,0,0,0,0,0,0,0,0,0,0,0,0
2022-01-01 14:00:00+00:00,60,1,14,,,0,0,0,0,0,0,0,0,0,0,0,0,0,0,0,0,0,0,0,0,0,0,0,0,0
2022-01-01 14:15:00+00:00,60,1,14,210.67172241210938,186.93031311035156,0,0,0,0,0,0,0,0,0,0,0,0,0,0,1,1,1,0,0,0,0,0,0,0,0
2022-01-01 14:15:00+00:00,60,1,14,116.51287841796875,105.94371032714844,0,0,0,0,0,0,0,0,0,0,1,1,1,1,1,1,1,0,0,0,0,0,0,0,0
2022-01-01 14:15:00+00:00,60,1,14,107.39655303955078,127.88228607177734,0,0,0,0,0,0,0,0,0,0,1,1,1,1,1,1,1,0,0,0,0,0,0,0,0
2022-01-01 14:15:00+00:00,60,1,14,252.7557830810547,157.56544494628906,0,0,0,0,0,0,0,0,0,0,0,0,0,0,0,1,1,0,0,0,0,0,0,0,0
2022-01-01 14:15:00+00:00,60,1,14,277.7181091308594,219.47406005859375,0,0,0,0,0,0,0,0,0,0,0,0,0,0,0,1,1,0,0,0,0,0,0,0,0
2022-01-01 14:15:00+00:00,60,1,14,49.0754508972168,12.010205268859863,0,0,0,0,0,0,1,1,1,1,1,1,1,1,1,1,1,0,1,1,1,1,1,1,1
2022-01-01 14:15:00+00:00,60,1,14,271.4244689941406,170.1735076904297,0,0,0,0,0,0,0,0,0,0,0,0,0,0,0,1,1,0,0,0,0,0,0,0,0
2022-01-01 14:15:00+00:00,60,1,14,,,0,0,0,0,0,0,0,0,0,0,0,0,0,0,0,0,0,0,0,0,0,0,0,0,0
2022-01-01 14:15:00+00:00,60,1,14,,,0,0,0,0,0,0,0,0,0,0,0,0,0,0,0,0,0,0,0,0,0,0,0,0,0
2022-01-01 14:30:00+00:00,60,1,14,71.16552734375,0.0,0,0,0,0,0,0,0,0,1,1,1,1,1,1,1,1,1,1,1,1,1,1,1,1,1
2022-01-01 14:30:00+00:00,60,1,14,88.69692993164062,36.637840270996094,0,0,0,0,0,0,0,0,0,1,1,1,1,1,1,1,1,0,0,0,0,0,1,1,1
2022-01-01 14:30:00+00:00,60,1,14,92.51847076416016,114.04896545410156,0,0,0,0,0,0,0,0,0,1,1,1,1,1,1,1,1,0,0,0,0,0,0,0,0
2022-01-01 14:30:00+00:00,60,1,14,92.91814422607422,194.14805603027344,0,0,0,0,0,0,0,0,0,1,1,1,1,1,1,1,1,0,0,0,0,0,0,0,0
2022-01-01 14:30:00+00:00,60,1,14,230.4945526123047,145.204833984375,0,0,0,0,0,0,0,0,0,0,0,0,0,0,1,1,1,0,0,0,0,0,0,0,0
2022-01-01 14:30:00+00:00,60,1,14,87.51468658447266,139.4525604248047,0,0,0,0,0,0,0,0,0,1,1,1,1,1,1,1,1,0,0,0,0,0,0,0,0
2022-01-01 14:30:00+00:00,60,1,14,152.92819213867188,140.5666961669922,0,0,0,0,0,0,0,0,0,0,0,0,1,1,1,1,1,0,0,0,0,0,0,0,0
2022-01-01 14:30:00+00:00,60,1,14,164.28570556640625,118.42862701416016,0,0,0,0,0,0,0,0,0,0,0,0,1,1,1,1,1,0,0,0,0,0,0,0,0
2022-01-01 14:30:00+00:00,60,1,14,58.15422439575195,16.579696655273438,0,0,0,0,0,0,0,1,1,1,1,1,1,1,1,1,1,0,0,1,1,1,1,1,1
2022-01-01 14:30:00+00:00,60,1,14,110.77275085449219,80.69307708740234,0,0,0,0,0,0,0,0,0,0,1,1,1,1,1,1,1,0,0,0,0,0,0,0,0
2022-01-01 14:30:00+00:00,60,1,14,247.3245849609375,245.2778778076172,0,0,0,0,0,0,0,0,0,0,0,0,0,0,1,1,1,0,0,0,0,0,0,0,0
2022-01-01 14:30:00+00:00,60,1,14,147.3977813720703,194.5305633544922,0,0,0,0,0,0,0,0,0,0,0,1,1,1,1,1,1,0,0,0,0,0,0,0,0
2022-01-01 14:30:00+00:00,60,1,14,130.9378662109375,136.5821533203125,0,0,0,0,0,0,0,0,0,0,0,1,1,1,1,1,1,0,0,0,0,0,0,0,0
2022-01-01 14:30:00+00:00,60,1,14,139.39874267578125,136.6605682373047,0,0,0,0,0,0,0,0,0,0,0,1,1,1,1,1,1,0,0,0,0,0,0,0,0
2022-01-01 14:30:00+00:00,60,1,14,254.74441528320312,289.3005065917969,0,0,0,0,0,0,0,0,0,0,0,0,0,0,0,1,1,0,0,0,0,0,0,0,0
2022-01-01 14:30:00+00:00,60,1,14,390.02362060546875,424.588623046875,0,0,0,0,0,0,0,0,0,0,0,0,0,0,0,0,0,0,0,0,0,0,0,0,0
2022-01-01 14:30:00+00:00,60,1,14,490.8443908691406,,0,0,0,0,0,0,0,0,0,0,0,0,0,0,0,0,0,0,0,0,0,0,0,0,0
2022-01-01 14:30:00+00:00,60,1,14,464.7919616699219,,0,0,0,0,0,0,0,0,0,0,0,0,0,0,0,0,0,0,0,0,0,0,0,0,0
2022-01-01 14:30:00+00:00,60,1,14,,,0,0,0,0,0,0,0,0,0,0,0,0,0,0,0,0,0,0,0,0,0,0,0,0,0
2022-01-01 14:30:00+00:00,60,1,14,,,0,0,0,0,0,0,0,0,0,0,0,0,0,0,0,0,0,0,0,0,0,0,0,0,0
2022-01-01 14:30:00+00:00,60,1,14,,,0,0,0,0,0,0,0,0,0,0,0,0,0,0,0,0,0,0,0,0,0,0,0,0,0
2022-01-01 14:30:00+00:00,60,1,14,,,0,0,0,0,0,0,0,0,0,0,0,0,0,0,0,0,0,0,0,0,0,0,0,0,0
2022-01-01 14:45:00+00:00,60,1,14,,,0,0,0,0,0,0,0,0,0,0,0,0,0,0,0,0,0,0,0,0,0,0,0,0,0
2022-01-01 14:45:00+00:00,60,1,14,216.91171264648438,72.49998474121094,0,0,0,0,0,0,0,0,0,0,0,0,0,0,1,1,1,0,0,0,0,0,0,0,0
2022-01-01 14:45:00+00:00,60,1,14,85.5690689086914,344.217529296875,0,0,0,0,0,0,0,0,0,1,1,1,1,1,1,1,1,0,0,0,0,0,0,0,0
2022-01-01 14:45:00+00:00,60,1,14,151.73089599609375,133.25465393066406,0,0,0,0,0,0,0,0,0,0,0,0,1,1,1,1,1,0,0,0,0,0,0,0,0
2022-01-01 14:45:00+00:00,60,1,14,142.9957275390625,31.171913146972656,0,0,0,0,0,0,0,0,0,0,0,1,1,1,1,1,1,0,0,0,0,0,1,1,1
2022-01-01 14:45:00+00:00,60,1,14,54.822994232177734,44.60735321044922,0,0,0,0,0,0,0,1,1,1,1,1,1,1,1,1,1,0,0,0,0,0,0,1,1
2022-01-01 14:45:00+00:00,60,1,14,158.23439025878906,85.89228820800781,0,0,0,0,0,0,0,0,0,0,0,0,1,1,1,1,1,0,0,0,0,0,0,0,0
2022-01-01 14:45:00+00:00,60,1,14,175.86077880859375,129.62083435058594,0,0,0,0,0,0,0,0,0,0,0,0,1,1,1,1,1,0,0,0,0,0,0,0,0
2022-01-01 14:45:00+00:00,60,1,14,,342.7181701660156,0,0,0,0,0,0,0,0,0,0,0,0,0,0,0,0,0,0,0,0,0,0,0,0,0
2022-01-01 14:45:00+00:00,60,1,14,344.8937072753906,65.92261505126953,0,0,0,0,0,0,0,0,0,0,0,0,0,0,0,0,1,0,0,0,0,0,0,0,0
2022-01-01 14:45:00+00:00,60,1,14,,,0,0,0,0,0,0,0,0,0,0,0,0,0,0,0,0,0,0,0,0,0,0,0,0,0
2022-01-01 14:45:00+00:00,60,1,14,,257.1216735839844,0,0,0,0,0,0,0,0,0,0,0,0,0,0,0,0,0,0,0,0,0,0,0,0,0
2022-01-01 14:45:00+00:00,60,1,14,,121.40939331054688,0,0,0,0,0,0,0,0,0,0,0,0,0,0,0,0,0,0,0,0,0,0,0,0,0
2022-01-01 14:45:00+00:00,60,1,14,,,0,0,0,0,0,0,0,0,0,0,0,0,0,0,0,0,0,0,0,0,0,0,0,0,0
2022-01-01 14:45:00+00:00,60,1,14,,,0,0,0,0,0,0,0,0,0,0,0,0,0,0,0,0,0,0,0,0,0,0,0,0,0
2022-01-01 15:00:00+00:00,60,1,15,86.49456787109375,11.174551010131836,0,0,0,0,0,0,0,0,0,1,1,1,1,1,1,1,1,0,1,1,1,1,1,1,1
2022-01-01 15:00:00+00:00,60,1,15,45.2143669128418,21.507469177246094,0,0,0,0,0,0,1,1,1,1,1,1,1,1,1,1,1,0,0,0,1,1,1,1,1
2022-01-01 15:00:00+00:00,60,1,15,55.10148620605469,147.2099151611328,0,0,0,0,0,0,0,1,1,1,1,1,1,1,1,1,1,0,0,0,0,0,0,0,0
2022-01-01 15:00:00+00:00,60,1,15,400.6667785644531,,0,0,0,0,0,0,0,0,0,0,0,0,0,0,0,0,0,0,0,0,0,0,0,0,0
2022-01-01 15:00:00+00:00,60,1,15,330.7713623046875,305.12774658203125,0,0,0,0,0,0,0,0,0,0,0,0,0,0,0,0,1,0,0,0,0,0,0,0,0
2022-01-01 15:00:00+00:00,60,1,15,217.64425659179688,311.569091796875,0,0,0,0,0,0,0,0,0,0,0,0,0,0,1,1,1,0,0,0,0,0,0,0,0
2022-01-01 15:00:00+00:00,60,1,15,228.869140625,329.9759826660156,0,0,0,0,0,0,0,0,0,0,0,0,0,0,1,1,1,0,0,0,0,0,0,0,0
2022-01-01 15:00:00+00:00,60,1,15,77.5721206665039,73.84468841552734,0,0,0,0,0,0,0,0,1,1,1,1,1,1,1,1,1,0,0,0,0,0,0,0,0
2022-01-01 15:00:00+00:00,60,1,15,129.5056915283203,,0,0,0,0,0,0,0,0,0,0,0,1,1,1,1,1,1,0,0,0,0,0,0,0,0
2022-01-01 15:00:00+00:00,60,1,15,308.0229187011719,11.18917179107666,0,0,0,0,0,0,0,0,0,0,0,0,0,0,0,0,1,0,1,1,1,1,1,1,1
2022-01-01 15:00:00+00:00,60,1,15,,385.3707275390625,0,0,0,0,0,0,0,0,0,0,0,0,0,0,0,0,0,0,0,0,0,0,0,0,0
2022-01-01 15:00:00+00:00,60,1,15,,235.3018341064453,0,0,0,0,0,0,0,0,0,0,0,0,0,0,0,0,0,0,0,0,0,0,0,0,0
2022-01-01 15:15:00+00:00,60,1,15,239.26856994628906,342.0513000488281,0,0,0,0,0,0,0,0,0,0,0,0,0,0,1,1,1,0,0,0,0,0,0,0,0
2022-01-01 15:15:00+00:00,60,1,15,285.4058532714844,365.81536865234375,0,0,0,0,0,0,0,0,0,0,0,0,0,0,0,1,1,0,0,0,0,0,0,0,0
2022-01-01 15:15:00+00:00,60,1,15,56.1776123046875,22.330522537231445,0,0,0,0,0,0,0,1,1,1,1,1,1,1,1,1,1,0,0,0,1,1,1,1,1
2022-01-01 15:15:00+00:00,60,1,15,272.88739013671875,273.805419921875,0,0,0,0,0,0,0,0,0,0,0,0,0,0,0,1,1,0,0,0,0,0,0,0,0
2022-01-01 15:15:00+00:00,60,1,15,214.34515380859375,240.2869415283203,0,0,0,0,0,0,0,0,0,0,0,0,0,0,1,1,1,0,0,0,0,0,0,0,0
2022-01-01 15:15:00+00:00,60,1,15,,,0,0,0,0,0,0,0,0,0,0,0,0,0,0,0,0,0,0,0,0,0,0,0,0,0
2022-01-01 15:15:00+00:00,60,1,15,,,0,0,0,0,0,0,0,0,0,0,0,0,0,0,0,0,0,0,0,0,0,0,0,0,0
2022-01-01 15:15:00+00:00,60,1,15,,,0,0,0,0,0,0,0,0,0,0,0,0,0,0,0,0,0,0,0,0,0,0,0,0,0
2022-01-01 15:30:00+00:00,60,1,15,383.53546142578125,,0,0,0,0,0,0,0,0,0,0,0,0,0,0,0,0,0,0,0,0,0,0,0,0,0
2022-01-01 15:30:00+00:00,60,1,15,150.4733123779297,235.89622497558594,0,0,0,0,0,0,0,0,0,0,0,0,1,1,1,1,1,0,0,0,0,0,0,0,0
2022-01-01 15:30:00+00:00,60,1,15,235.09454345703125,466.15423583984375,0,0,0,0,0,0,0,0,0,0,0,0,0,0,1,1,1,0,0,0,0,0,0,0,0
2022-01-01 15:30:00+00:00,60,1,15,,427.7967834472656,0,0,0,0,0,0,0,0,0,0,0,0,0,0,0,0,0,0,0,0,0,0,0,0,0
2022-01-01 15:30:00+00:00,60,1,15,381.701904296875,,0,0,0,0,0,0,0,0,0,0,0,0,0,0,0,0,0,0,0,0,0,0,0,0,0
2022-01-01 15:30:00+00:00,60,1,15,53.30201721191406,10.68314266204834,0,0,0,0,0,0,0,1,1,1,1,1,1,1,1,1,1,0,1,1,1,1,1,1,1
2022-01-01 15:30:00+00:00,60,1,15,,,0,0,0,0,0,0,0,0,0,0,0,0,0,0,0,0,0,0,0,0,0,0,0,0,0
2022-01-01 15:45:00+00:00,60,1,15,122.3938980102539,0.0,0,0,0,0,0,0,0,0,0,0,0,1,1,1,1,1,1,1,1,1,1,1,1,1,1
2022-01-01 15:45:00+00:00,60,1,15,240.26393127441406,123.3107681274414,0,0,0,0,0,0,0,0,0,0,0,0,0,0,1,1,1,0,0,0,0,0,0,0,0
2022-01-01 15:45:00+00:00,60,1,15,200.95877075195312,74.86175537109375,0,0,0,0,0,0,0,0,0,0,0,0,0,0,1,1,1,0,0,0,0,0,0,0,0
2022-01-01 15:45:00+00:00,60,1,15,68.56719970703125,3.2070422172546387,0,0,0,0,0,0,0,0,1,1,1,1,1,1,1,1,1,1,1,1,1,1,1,1,1
2022-01-01 15:45:00+00:00,60,1,15,355.6987609863281,307.42724609375,0,0,0,0,0,0,0,0,0,0,0,0,0,0,0,0,0,0,0,0,0,0,0,0,0
2022-01-01 15:45:00+00:00,60,1,15,,,0,0,0,0,0,0,0,0,0,0,0,0,0,0,0,0,0,0,0,0,0,0,0,0,0
2022-01-01 15:45:00+00:00,60,1,15,,,0,0,0,0,0,0,0,0,0,0,0,0,0,0,0,0,0,0,0,0,0,0,0,0,0
2022-01-01 15:45:00+00:00,60,1,15,236.44224548339844,143.67013549804688,0,0,0,0,0,0,0,0,0,0,0,0,0,0,1,1,1,0,0,0,0,0,0,0,0
2022-01-01 16:00:00+00:00,60,1,16,,,0,0,0,0,0,0,0,0,0,0,0,0,0,0,0,0,0,0,0,0,0,0,0,0,0
2022-01-01 16:00:00+00:00,60,1,16,227.1881866455078,226.08546447753906,0,0,0,0,0,0,0,0,0,0,0,0,0,0,1,1,1,0,0,0,0,0,0,0,0
2022-01-01 16:00:00+00:00,60,1,16,282.5256042480469,267.358642578125,0,0,0,0,0,0,0,0,0,0,0,0,0,0,0,1,1,0,0,0,0,0,0,0,0
2022-01-01 16:00:00+00:00,60,1,16,,,0,0,0,0,0,0,0,0,0,0,0,0,0,0,0,0,0,0,0,0,0,0,0,0,0
2022-01-01 16:00:00+00:00,60,1,16,,157.0882568359375,0,0,0,0,0,0,0,0,0,0,0,0,0,0,0,0,0,0,0,0,0,0,0,0,0
2022-01-01 16:15:00+00:00,60,1,16,,,0,0,0,0,0,0,0,0,0,0,0,0,0,0,0,0,0,0,0,0,0,0,0,0,0
2022-01-01 16:15:00+00:00,60,1,16,128.66354370117188,252.8436279296875,0,0,0,0,0,0,0,0,0,0,0,1,1,1,1,1,1,0,0,0,0,0,0,0,0
2022-01-01 16:15:00+00:00,60,1,16,143.0111083984375,286.5329284667969,0,0,0,0,0,0,0,0,0,0,0,1,1,1,1,1,1,0,0,0,0,0,0,0,0
2022-01-01 16:15:00+00:00,60,1,16,,,0,0,0,0,0,0,0,0,0,0,0,0,0,0,0,0,0,0,0,0,0,0,0,0,0
2022-01-01 16:30:00+00:00,60,1,16,325.6961975097656,325.9706115722656,0,0,0,0,0,0,0,0,0,0,0,0,0,0,0,0,1,0,0,0,0,0,0,0,0
2022-01-01 16:30:00+00:00,60,1,16,97.26472473144531,63.890132904052734,0,0,0,0,0,0,0,0,0,1,1,1,1,1,1,1,1,0,0,0,0,0,0,0,0
2022-01-01 16:30:00+00:00,60,1,16,394.8345642089844,,0,0,0,0,0,0,0,0,0,0,0,0,0,0,0,0,0,0,0,0,0,0,0,0,0
2022-01-01 16:30:00+00:00,60,1,16,,,0,0,0,0,0,0,0,0,0,0,0,0,0,0,0,0,0,0,0,0,0,0,0,0,0
2022-01-01 16:30:00+00:00,60,1,16,56.551551818847656,36.03108596801758,0,0,0,0,0,0,0,1,1,1,1,1,1,1,1,1,1,0,0,0,0,0,1,1,1
2022-01-01 16:30:00+00:00,60,1,16,,169.94187927246094,0,0,0,0,0,0,0,0,0,0,0,0,0,0,0,0,0,0,0,0,0,0,0,0,0
2022-01-01 16:30:00+00:00,60,1,16,,220.2573699951172,0,0,0,0,0,0,0,0,0,0,0,0,0,0,0,0,0,0,0,0,0,0,0,0,0
2022-01-01 16:30:00+00:00,60,1,16,,160.21495056152344,0,0,0,0,0,0,0,0,0,0,0,0,0,0,0,0,0,0,0,0,0,0,0,0,0
2022-01-01 16:45:00+00:00,60,1,16,117.3804702758789,,0,0,0,0,0,0,0,0,0,0,1,1,1,1,1,1,1,0,0,0,0,0,0,0,0
2022-01-01 16:45:00+00:00,60,1,16,63.21500015258789,61.881858825683594,0,0,0,0,0,0,0,0,1,1,1,1,1,1,1,1,1,0,0,0,0,0,0,0,0
2022-01-01 16:45:00+00:00,60,1,16,94.74563598632812,14.327546119689941,0,0,0,0,0,0,0,0,0,1,1,1,1,1,1,1,1,0,1,1,1,1,1,1,1
2022-01-01 16:45:00+00:00,60,1,16,159.174072265625,19.673126220703125,0,0,0,0,0,0,0,0,0,0,0,0,1,1,1,1,1,0,0,1,1,1,1,1,1
2022-01-01 16:45:00+00:00,60,1,16,,,0,0,0,0,0,0,0,0,0,0,0,0,0,0,0,0,0,0,0,0,0,0,0,0,0
2022-01-01 16:45:00+00:00,60,1,16,118.37237548828125,301.0282897949219,0,0,0,0,0,0,0,0,0,0,1,1,1,1,1,1,1,0,0,0,0,0,0,0,0
2022-01-01 16:45:00+00:00,60,1,16,88.118408203125,92.62010955810547,0,0,0,0,0,0,0,0,0,1,1,1,1,1,1,1,1,0,0,0,0,0,0,0,0
2022-01-01 16:45:00+00:00,60,1,16,,,0,0,0,0,0,0,0,0,0,0,0,0,0,0,0,0,0,0,0,0,0,0,0,0,0
2022-01-01 17:00:00+00:00,60,1,17,253.19044494628906,245.3004608154297,0,0,0,0,0,0,0,0,0,0,0,0,0,0,0,1,1,0,0,0,0,0,0,0,0
2022-01-01 17:30:00+00:00,60,1,17,286.7376708984375,246.3097686767578,0,0,0,0,0,0,0,0,0,0,0,0,0,0,0,1,1,0,0,0,0,0,0,0,0
2022-01-01 17:30:00+00:00,60,1,17,228.52658081054688,0.0,0,0,0,0,0,0,0,0,0,0,0,0,0,0,1,1,1,1,1,1,1,1,1,1,1
2022-01-01 17:30:00+00:00,60,1,17,,,0,0,0,0,0,0,0,0,0,0,0,0,0,0,0,0,0,0,0,0,0,0,0,0,0
2022-01-01 17:30:00+00:00,60,1,17,,,0,0,0,0,0,0,0,0,0,0,0,0,0,0,0,0,0,0,0,0,0,0,0,0,0
2022-01-01 17:45:00+00:00,60,1,17,178.5653839111328,,0,0,0,0,0,0,0,0,0,0,0,0,1,1,1,1,1,0,0,0,0,0,0,0,0
2022-01-01 17:45:00+00:00,60,1,17,83.33870697021484,367.1941223144531,0,0,0,0,0,0,0,0,0,1,1,1,1,1,1,1,1,0,0,0,0,0,0,0,0
2022-01-01 17:45:00+00:00,60,1,17,60.3664436340332,88.83808898925781,0,0,0,0,0,0,0,0,1,1,1,1,1,1,1,1,1,0,0,0,0,0,0,0,0
2022-01-02 10:00:00+00:00,60,1,10,360.2384033203125,228.13592529296875,0,0,0,0,0,0,0,0,0,0,0,0,0,0,0,0,0,0,0,0,0,0,0,0,0
2022-01-02 10:00:00+00:00,60,1,10,,365.37457275390625,0,0,0,0,0,0,0,0,0,0,0,0,0,0,0,0,0,0,0,0,0,0,0,0,0
2022-01-02 10:00:00+00:00,60,1,10,,,0,0,0,0,0,0,0,0,0,0,0,0,0,0,0,0,0,0,0,0,0,0,0,0,0
2022-01-02 10:00:00+00:00,60,1,10,,,0,0,0,0,0,0,0,0,0,0,0,0,0,0,0,0,0,0,0,0,0,0,0,0,0
2022-01-02 10:00:00+00:00,60,1,10,,,0,0,0,0,0,0,0,0,0,0,0,0,0,0,0,0,0,0,0,0,0,0,0,0,0
2022-01-02 10:00:00+00:00,60,1,10,292.3140563964844,86.11087036132812,0,0,0,0,0,0,0,0,0,0,0,0,0,0,0,1,1,0,0,0,0,0,0,0,0
2022-01-02 10:00:00+00:00,60,1,10,,381.7677001953125,0,0,0,0,0,0,0,0,0,0,0,0,0,0,0,0,0,0,0,0,0,0,0,0,0
2022-01-02 10:00:00+00:00,60,1,10,,347.64801025390625,0,0,0,0,0,0,0,0,0,0,0,0,0,0,0,0,0,0,0,0,0,0,0,0,0
2022-01-02 10:00:00+00:00,60,1,10,,48.01495361328125,0,0,0,0,0,0,0,0,0,0,0,0,0,0,0,0,0,0,0,0,0,0,0,1,1
2022-01-02 10:00:00+00:00,60,1,10,193.1339569091797,157.4712677001953,0,0,0,0,0,0,0,0,0,0,0,0,0,1,1,1,1,0,0,0,0,0,0,0,0
2022-01-02 10:00:00+00:00,60,1,10,538.8201904296875,67.88777160644531,0,0,0,0,0,0,0,0,0,0,0,0,0,0,0,0,0,0,0,0,0,0,0,0,0
2022-01-02 10:00:00+00:00,60,1,10,471.81219482421875,9.8124418258667,0,0,0,0,0,0,0,0,0,0,0,0,0,0,0,0,0,1,1,1,1,1,1,1,1
2022-01-02 10:00:00+00:00,60,1,10,110.31279754638672,89.73812103271484,0,0,0,0,0,0,0,0,0,0,1,1,1,1,1,1,1,0,0,0,0,0,0,0,0
2022-01-02 10:00:00+00:00,60,1,10,177.3025360107422,77.35783386230469,0,0,0,0,0,0,0,0,0,0,0,0,1,1,1,1,1,0,0,0,0,0,0,0,0
2022-01-02 10:00:00+00:00,60,1,10,,205.42401123046875,0,0,0,0,0,0,0,0,0,0,0,0,0,0,0,0,0,0,0,0,0,0,0,0,0
2022-01-02 10:00:00+00:00,60,1,10,256.4731750488281,101.86228942871094,0,0,0,0,0,0,0,0,0,0,0,0,0,0,0,1,1,0,0,0,0,0,0,0,0
2022-01-02 10:00:00+00:00,60,1,10,213.53594970703125,26.139564514160156,0,0,0,0,0,0,0,0,0,0,0,0,0,0,1,1,1,0,0,0,0,1,1,1,1
2022-01-02 10:00:00+00:00,60,1,10,308.75347900390625,120.29793548583984,0,0,0,0,0,0,0,0,0,0,0,0,0,0,0,0,1,0,0,0,0,0,0,0,0
2022-01-02 10:00:00+00:00,60,1,10,216.7381134033203,94.16449737548828,0,0,0,0,0,0,0,0,0,0,0,0,0,0,1,1,1,0,0,0,0,0,0,0,0
2022-01-02 10:00:00+00:00,60,1,10,293.00299072265625,188.2423553466797,0,0,0,0,0,0,0,0,0,0,0,0,0,0,0,1,1,0,0,0,0,0,0,0,0
2022-01-02 10:00:00+00:00,60,1,10,443.7474670410156,363.00927734375,0,0,0,0,0,0,0,0,0,0,0,0,0,0,0,0,0,0,0,0,0,0,0,0,0
2022-01-02 10:00:00+00:00,60,1,10,395.7131042480469,368.57513427734375,0,0,0,0,0,0,0,0,0,0,0,0,0,0,0,0,0,0,0,0,0,0,0,0,0
2022-01-02 10:00:00+00:00,60,1,10,,454.60992431640625,0,0,0,0,0,0,0,0,0,0,0,0,0,0,0,0,0,0,0,0,0,0,0,0,0
2022-01-02 10:00:00+00:00,60,1,10,,,0,0,0,0,0,0,0,0,0,0,0,0,0,0,0,0,0,0,0,0,0,0,0,0,0
2022-01-02 10:00:00+00:00,60,1,10,,,0,0,0,0,0,0,0,0,0,0,0,0,0,0,0,0,0,0,0,0,0,0,0,0,0
2022-01-02 10:00:00+00:00,60,1,10,402.5262756347656,,0,0,0,0,0,0,0,0,0,0,0,0,0,0,0,0,0,0,0,0,0,0,0,0,0
2022-01-02 10:00:00+00:00,60,1,10,,,0,0,0,0,0,0,0,0,0,0,0,0,0,0,0,0,0,0,0,0,0,0,0,0,0
2022-01-02 10:00:00+00:00,60,1,10,,,0,0,0,0,0,0,0,0,0,0,0,0,0,0,0,0,0,0,0,0,0,0,0,0,0
2022-01-02 10:00:00+00:00,60,1,10,,,0,0,0,0,0,0,0,0,0,0,0,0,0,0,0,0,0,0,0,0,0,0,0,0,0
2022-01-02 10:00:00+00:00,60,1,10,,26.717947006225586,0,0,0,0,0,0,0,0,0,0,0,0,0,0,0,0,0,0,0,0,0,1,1,1,1
2022-01-02 10:00:00+00:00,60,1,10,,,0,0,0,0,0,0,0,0,0,0,0,0,0,0,0,0,0,0,0,0,0,0,0,0,0
2022-01-02 10:00:00+00:00,60,1,10,,,0,0,0,0,0,0,0,0,0,0,0,0,0,0,0,0,0,0,0,0,0,0,0,0,0
2022-01-02 10:00:00+00:00,60,1,10,104.28014373779297,50.55788803100586,0,0,0,0,0,0,0,0,0,0,1,1,1,1,1,1,1,0,0,0,0,0,0,0,1
2022-01-02 10:00:00+00:00,60,1,10,324.2026062011719,53.64912796020508,0,0,0,0,0,0,0,0,0,0,0,0,0,0,0,0,1,0,0,0,0,0,0,0,1
2022-01-02 10:15:00+00:00,60,1,10,299.7862243652344,132.5124053955078,0,0,0,0,0,0,0,0,0,0,0,0,0,0,0,1,1,0,0,0,0,0,0,0,0
2022-01-02 10:15:00+00:00,60,1,10,,,0,0,0,0,0,0,0,0,0,0,0,0,0,0,0,0,0,0,0,0,0,0,0,0,0
2022-01-02 10:15:00+00:00,60,1,10,,,0,0,0,0,0,0,0,0,0,0,0,0,0,0,0,0,0,0,0,0,0,0,0,0,0
2022-01-02 10:15:00+00:00,60,1,10,,,0,0,0,0,0,0,0,0,0,0,0,0,0,0,0,0,0,0,0,0,0,0,0,0,0
2022-01-02 10:15:00+00:00,60,1,10,,,0,0,0,0,0,0,0,0,0,0,0,0,0,0,0,0,0,0,0,0,0,0,0,0,0
2022-01-02 10:15:00+00:00,60,1,10,,499.9178466796875,0,0,0,0,0,0,0,0,0,0,0,0,0,0,0,0,0,0,0,0,0,0,0,0,0
2022-01-02 10:15:00+00:00,60,1,10,,367.4046936035156,0,0,0,0,0,0,0,0,0,0,0,0,0,0,0,0,0,0,0,0,0,0,0,0,0
2022-01-02 10:15:00+00:00,60,1,10,,250.2024688720703,0,0,0,0,0,0,0,0,0,0,0,0,0,0,0,0,0,0,0,0,0,0,0,0,0
2022-01-02 10:15:00+00:00,60,1,10,,265.4840393066406,0,0,0,0,0,0,0,0,0,0,0,0,0,0,0,0,0,0,0,0,0,0,0,0,0
2022-01-02 10:15:00+00:00,60,1,10,,266.44146728515625,0,0,0,0,0,0,0,0,0,0,0,0,0,0,0,0,0,0,0,0,0,0,0,0,0
2022-01-02 10:15:00+00:00,60,1,10,462.4605407714844,308.994384765625,0,0,0,0,0,0,0,0,0,0,0,0,0,0,0,0,0,0,0,0,0,0,0,0,0
2022-01-02 10:15:00+00:00,60,1,10,,310.5757751464844,0,0,0,0,0,0,0,0,0,0,0,0,0,0,0,0,0,0,0,0,0,0,0,0,0
2022-01-02 10:15:00+00:00,60,1,10,472.26806640625,173.98080444335938,0,0,0,0,0,0,0,0,0,0,0,0,0,0,0,0,0,0,0,0,0,0,0,0,0
2022-01-02 10:15:00+00:00,60,1,10,,46.1995849609375,0,0,0,0,0,0,0,0,0,0,0,0,0,0,0,0,0,0,0,0,0,0,0,1,1
2022-01-02 10:15:00+00:00,60,1,10,208.40203857421875,14.697970390319824,0,0,0,0,0,0,0,0,0,0,0,0,0,0,1,1,1,0,1,1,1,1,1,1,1
2022-01-02 10:15:00+00:00,60,1,10,,96.15064239501953,0,0,0,0,0,0,0,0,0,0,0,0,0,0,0,0,0,0,0,0,0,0,0,0,0
2022-01-02 10:15:00+00:00,60,1,10,,117.77859497070312,0,0,0,0,0,0,0,0,0,0,0,0,0,0,0,0,0,0,0,0,0,0,0,0,0
2022-01-02 10:15:00+00:00,60,1,10,331.554443359375,261.9538879394531,0,0,0,0,0,0,0,0,0,0,0,0,0,0,0,0,1,0,0,0,0,0,0,0,0
2022-01-02 10:15:00+00:00,60,1,10,300.8236999511719,273.8765563964844,0,0,0,0,0,0,0,0,0,0,0,0,0,0,0,0,1,0,0,0,0,0,0,0,0
2022-01-02 10:15:00+00:00,60,1,10,258.1448669433594,13.966500282287598,0,0,0,0,0,0,0,0,0,0,0,0,0,0,0,1,1,0,1,1,1,1,1,1,1
2022-01-02 10:15:00+00:00,60,1,10,189.34352111816406,157.22657775878906,0,0,0,0,0,0,0,0,0,0,0,0,0,1,1,1,1,0,0,0,0,0,0,0,0
2022-01-02 10:15:00+00:00,60,1,10,198.51510620117188,198.94969177246094,0,0,0,0,0,0,0,0,0,0,0,0,0,1,1,1,1,0,0,0,0,0,0,0,0
2022-01-02 10:15:00+00:00,60,1,10,179.7747802734375,104.69493103027344,0,0,0,0,0,0,0,0,0,0,0,0,1,1,1,1,1,0,0,0,0,0,0,0,0
2022-01-02 10:15:00+00:00,60,1,10,422.09002685546875,,0,0,0,0,0,0,0,0,0,0,0,0,0,0,0,0,0,0,0,0,0,0,0,0,0
2022-01-02 10:15:00+00:00,60,1,10,,,0,0,0,0,0,0,0,0,0,0,0,0,0,0,0,0,0,0,0,0,0,0,0,0,0
2022-01-02 10:15:00+00:00,60,1,10,,,0,0,0,0,0,0,0,0,0,0,0,0,0,0,0,0,0,0,0,0,0,0,0,0,0
2022-01-02 10:15:00+00:00,60,1,10,,,0,0,0,0,0,0,0,0,0,0,0,0,0,0,0,0,0,0,0,0,0,0,0,0,0
2022-01-02 10:15:00+00:00,60,1,10,,475.244873046875,0,0,0,0,0,0,0,0,0,0,0,0,0,0,0,0,0,0,0,0,0,0,0,0,0
2022-01-02 10:15:00+00:00,60,1,10,,257.46661376953125,0,0,0,0,0,0,0,0,0,0,0,0,0,0,0,0,0,0,0,0,0,0,0,0,0
2022-01-02 10:15:00+00:00,60,1,10,,,0,0,0,0,0,0,0,0,0,0,0,0,0,0,0,0,0,0,0,0,0,0,0,0,0
2022-01-02 10:15:00+00:00,60,1,10,,16.65011978149414,0,0,0,0,0,0,0,0,0,0,0,0,0,0,0,0,0,0,0,1,1,1,1,1,1
2022-01-02 10:15:00+00:00,60,1,10,,537.8087158203125,0,0,0,0,0,0,0,0,0,0,0,0,0,0,0,0,0,0,0,0,0,0,0,0,0
2022-01-02 10:15:00+00:00,60,1,10,150.92755126953125,0.0,0,0,0,0,0,0,0,0,0,0,0,0,1,1,1,1,1,1,1,1,1,1,1,1,1
2022-01-02 10:30:00+00:00,60,1,10,,,0,0,0,0,0,0,0,0,0,0,0,0,0,0,0,0,0,0,0,0,0,0,0,0,0
2022-01-02 10:30:00+00:00,60,1,10,429.3328857421875,331.9451904296875,0,0,0,0,0,0,0,0,0,0,0,0,0,0,0,0,0,0,0,0,0,0,0,0,0
2022-01-02 10:30:00+00:00,60,1,10,385.9825134277344,180.50294494628906,0,0,0,0,0,0,0,0,0,0,0,0,0,0,0,0,0,0,0,0,0,0,0,0,0
2022-01-02 10:30:00+00:00,60,1,10,342.5283508300781,138.6789093017578,0,0,0,0,0,0,0,0,0,0,0,0,0,0,0,0,1,0,0,0,0,0,0,0,0
2022-01-02 10:30:00+00:00,60,1,10,458.60247802734375,330.96844482421875,0,0,0,0,0,0,0,0,0,0,0,0,0,0,0,0,0,0,0,0,0,0,0,0,0
2022-01-02 10:30:00+00:00,60,1,10,242.7833709716797,264.83349609375,0,0,0,0,0,0,0,0,0,0,0,0,0,0,1,1,1,0,0,0,0,0,0,0,0
2022-01-02 10:30:00+00:00,60,1,10,,154.29627990722656,0,0,0,0,0,0,0,0,0,0,0,0,0,0,0,0,0,0,0,0,0,0,0,0,0
2022-01-02 10:30:00+00:00,60,1,10,,116.2913589477539,0,0,0,0,0,0,0,0,0,0,0,0,0,0,0,0,0,0,0,0,0,0,0,0,0
2022-01-02 10:30:00+00:00,60,1,10,,72.83320617675781,0,0,0,0,0,0,0,0,0,0,0,0,0,0,0,0,0,0,0,0,0,0,0,0,0
2022-01-02 10:30:00+00:00,60,1,10,264.51641845703125,141.167724609375,0,0,0,0,0,0,0,0,0,0,0,0,0,0,0,1,1,0,0,0,0,0,0,0,0
2022-01-02 10:30:00+00:00,60,1,10,370.5362548828125,169.01170349121094,0,0,0,0,0,0,0,0,0,0,0,0,0,0,0,0,0,0,0,0,0,0,0,0,0
2022-01-02 10:30:00+00:00,60,1,10,251.70005798339844,78.64524841308594,0,0,0,0,0,0,0,0,0,0,0,0,0,0,0,1,1,0,0,0,0,0,0,0,0
2022-01-02 10:30:00+00:00,60,1,10,285.1344909667969,63.20096206665039,0,0,0,0,0,0,0,0,0,0,0,0,0,0,0,1,1,0,0,0,0,0,0,0,0
2022-01-02 10:30:00+00:00,60,1,10,243.09555053710938,26.100683212280273,0,0,0,0,0,0,0,0,0,0,0,0,0,0,1,1,1,0,0,0,0,1,1,1,1
2022-01-02 10:30:00+00:00,60,1,10,254.9238739013672,25.159225463867188,0,0,0,0,0,0,0,0,0,0,0,0,0,0,0,1,1,0,0,0,0,1,1,1,1
2022-01-02 10:30:00+00:00,60,1,10,121.06245422363281,117.04071807861328,0,0,0,0,0,0,0,0,0,0,0,1,1,1,1,1,1,0,0,0,0,0,0,0,0
2022-01-02 10:30:00+00:00,60,1,10,,285.1938781738281,0,0,0,0,0,0,0,0,0,0,0,0,0,0,0,0,0,0,0,0,0,0,0,0,0
2022-01-02 10:30:00+00:00,60,1,10,,298.3563232421875,0,0,0,0,0,0,0,0,0,0,0,0,0,0,0,0,0,0,0,0,0,0,0,0,0
2022-01-02 10:30:00+00:00,60,1,10,120.76905822753906,56.67579650878906,0,0,0,0,0,0,0,0,0,0,0,1,1,1,1,1,1,0,0,0,0,0,0,0,1
2022-01-02 10:30:00+00:00,60,1,10,441.9419860839844,486.660400390625,0,0,0,0,0,0,0,0,0,0,0,0,0,0,0,0,0,0,0,0,0,0,0,0,0
2022-01-02 10:30:00+00:00,60,1,10,289.2099914550781,265.62109375,0,0,0,0,0,0,0,0,0,0,0,0,0,0,0,1,1,0,0,0,0,0,0,0,0
2022-01-02 10:30:00+00:00,60,1,10,,,0,0,0,0,0,0,0,0,0,0,0,0,0,0,0,0,0,0,0,0,0,0,0,0,0
2022-01-02 10:30:00+00:00,60,1,10,,,0,0,0,0,0,0,0,0,0,0,0,0,0,0,0,0,0,0,0,0,0,0,0,0,0
2022-01-02 10:30:00+00:00,60,1,10,,,0,0,0,0,0,0,0,0,0,0,0,0,0,0,0,0,0,0,0,0,0,0,0,0,0
2022-01-02 10:30:00+00:00,60,1,10,,202.2003631591797,0,0,0,0,0,0,0,0,0,0,0,0,0,0,0,0,0,0,0,0,0,0,0,0,0
2022-01-02 10:30:00+00:00,60,1,10,,,0,0,0,0,0,0,0,0,0,0,0,0,0,0,0,0,0,0,0,0,0,0,0,0,0
2022-01-02 10:30:00+00:00,60,1,10,73.0947036743164,73.53831481933594,0,0,0,0,0,0,0,0,1,1,1,1,1,1,1,1,1,0,0,0,0,0,0,0,0
2022-01-02 10:30:00+00:00,60,1,10,167.0792999267578,208.2626190185547,0,0,0,0,0,0,0,0,0,0,0,0,1,1,1,1,1,0,0,0,0,0,0,0,0
2022-01-02 10:30:00+00:00,60,1,10,,222.7292938232422,0,0,0,0,0,0,0,0,0,0,0,0,0,0,0,0,0,0,0,0,0,0,0,0,0
2022-01-02 10:30:00+00:00,60,1,10,,127.31333923339844,0,0,0,0,0,0,0,0,0,0,0,0,0,0,0,0,0,0,0,0,0,0,0,0,0
2022-01-02 10:30:00+00:00,60,1,10,,454.7012634277344,0,0,0,0,0,0,0,0,0,0,0,0,0,0,0,0,0,0,0,0,0,0,0,0,0
2022-01-02 10:30:00+00:00,60,1,10,109.77578735351562,13.726454734802246,0,0,0,0,0,0,0,0,0,0,1,1,1,1,1,1,1,0,1,1,1,1,1,1,1
2022-01-02 10:30:00+00:00,60,1,10,,,0,0,0,0,0,0,0,0,0,0,0,0,0,0,0,0,0,0,0,0,0,0,0,0,0
2022-01-02 10:45:00+00:00,60,1,10,61.0526123046875,3.8268485069274902,0,0,0,0,0,0,0,0,1,1,1,1,1,1,1,1,1,1,1,1,1,1,1,1,1
2022-01-02 10:45:00+00:00,60,1,10,381.0539245605469,212.39340209960938,0,0,0,0,0,0,0,0,0,0,0,0,0,0,0,0,0,0,0,0,0,0,0,0,0
2022-01-02 10:45:00+00:00,60,1,10,,399.46429443359375,0,0,0,0,0,0,0,0,0,0,0,0,0,0,0,0,0,0,0,0,0,0,0,0,0
2022-01-02 10:45:00+00:00,60,1,10,,16.31463623046875,0,0,0,0,0,0,0,0,0,0,0,0,0,0,0,0,0,0,0,1,1,1,1,1,1
2022-01-02 10:45:00+00:00,60,1,10,,,0,0,0,0,0,0,0,0,0,0,0,0,0,0,0,0,0,0,0,0,0,0,0,0,0
2022-01-02 10:45:00+00:00,60,1,10,318.7105712890625,293.4122619628906,0,0,0,0,0,0,0,0,0,0,0,0,0,0,0,0,1,0,0,0,0,0,0,0,0
2022-01-02 10:45:00+00:00,60,1,10,328.6947021484375,297.14385986328125,0,0,0,0,0,0,0,0,0,0,0,0,0,0,0,0,1,0,0,0,0,0,0,0,0
2022-01-02 10:45:00+00:00,60,1,10,,403.304931640625,0,0,0,0,0,0,0,0,0,0,0,0,0,0,0,0,0,0,0,0,0,0,0,0,0
2022-01-02 10:45:00+00:00,60,1,10,274.97332763671875,229.39990234375,0,0,0,0,0,0,0,0,0,0,0,0,0,0,0,1,1,0,0,0,0,0,0,0,0
2022-01-02 10:45:00+00:00,60,1,10,228.65870666503906,206.5222930908203,0,0,0,0,0,0,0,0,0,0,0,0,0,0,1,1,1,0,0,0,0,0,0,0,0
2022-01-02 10:45:00+00:00,60,1,10,,59.96247482299805,0,0,0,0,0,0,0,0,0,0,0,0,0,0,0,0,0,0,0,0,0,0,0,0,1
2022-01-02 10:45:00+00:00,60,1,10,216.1395721435547,138.0957489013672,0,0,0,0,0,0,0,0,0,0,0,0,0,0,1,1,1,0,0,0,0,0,0,0,0
2022-01-02 10:45:00+00:00,60,1,10,407.001953125,102.17546844482422,0,0,0,0,0,0,0,0,0,0,0,0,0,0,0,0,0,0,0,0,0,0,0,0,0
2022-01-02 10:45:00+00:00,60,1,10,163.91571044921875,111.26702880859375,0,0,0,0,0,0,0,0,0,0,0,0,1,1,1,1,1,0,0,0,0,0,0,0,0
2022-01-02 10:45:00+00:00,60,1,10,294.8084716796875,0.0,0,0,0,0,0,0,0,0,0,0,0,0,0,0,0,1,1,1,1,1,1,1,1,1,1
2022-01-02 10:45:00+00:00,60,1,10,355.9339904785156,30.924686431884766,0,0,0,0,0,0,0,0,0,0,0,0,0,0,0,0,0,0,0,0,0,0,1,1,1
2022-01-02 10:45:00+00:00,60,1,10,330.3282470703125,54.1922492980957,0,0,0,0,0,0,0,0,0,0,0,0,0,0,0,0,1,0,0,0,0,0,0,0,1
2022-01-02 10:45:00+00:00,60,1,10,,,0,0,0,0,0,0,0,0,0,0,0,0,0,0,0,0,0,0,0,0,0,0,0,0,0
2022-01-02 10:45:00+00:00,60,1,10,,,0,0,0,0,0,0,0,0,0,0,0,0,0,0,0,0,0,0,0,0,0,0,0,0,0
2022-01-02 10:45:00+00:00,60,1,10,162.8252716064453,193.7590789794922,0,0,0,0,0,0,0,0,0,0,0,0,1,1,1,1,1,0,0,0,0,0,0,0,0
2022-01-02 10:45:00+00:00,60,1,10,,,0,0,0,0,0,0,0,0,0,0,0,0,0,0,0,0,0,0,0,0,0,0,0,0,0
2022-01-02 10:45:00+00:00,60,1,10,,31.499038696289062,0,0,0,0,0,0,0,0,0,0,0,0,0,0,0,0,0,0,0,0,0,0,1,1,1
2022-01-02 10:45:00+00:00,60,1,10,107.31395721435547,0.0,0,0,0,0,0,0,0,0,0,0,1,1,1,1,1,1,1,1,1,1,1,1,1,1,1
2022-01-02 10:45:00+00:00,60,1,10,172.15174865722656,42.96245193481445,0,0,0,0,0,0,0,0,0,0,0,0,1,1,1,1,1,0,0,0,0,0,0,1,1
2022-01-02 10:45:00+00:00,60,1,10,89.99845123291016,7.114176273345947,0,0,0,0,0,0,0,0,0,1,1,1,1,1,1,1,1,1,1,1,1,1,1,1,1
2022-01-02 10:45:00+00:00,60,1,10,,,0,0,0,0,0,0,0,0,0,0,0,0,0,0,0,0,0,0,0,0,0,0,0,0,0
2022-01-02 11:00:00+00:00,60,1,11,208.77854919433594,214.5797119140625,0,0,0,0,0,0,0,0,0,0,0,0,0,0,1,1,1,0,0,0,0,0,0,0,0
2022-01-02 11:00:00+00:00,60,1,11,,336.6435546875,0,0,0,0,0,0,0,0,0,0,0,0,0,0,0,0,0,0,0,0,0,0,0,0,0
2022-01-02 11:00:00+00:00,60,1,11,199.0337677001953,300.2061767578125,0,0,0,0,0,0,0,0,0,0,0,0,0,1,1,1,1,0,0,0,0,0,0,0,0
2022-01-02 11:00:00+00:00,60,1,11,,382.2471008300781,0,0,0,0,0,0,0,0,0,0,0,0,0,0,0,0,0,0,0,0,0,0,0,0,0
2022-01-02 11:00:00+00:00,60,1,11,107.18003845214844,267.3777770996094,0,0,0,0,0,0,0,0,0,0,1,1,1,1,1,1,1,0,0,0,0,0,0,0,0
2022-01-02 11:00:00+00:00,60,1,11,96.05122375488281,212.94351196289062,0,0,0,0,0,0,0,0,0,1,1,1,1,1,1,1,1,0,0,0,0,0,0,0,0
2022-01-02 11:00:00+00:00,60,1,11,337.1539306640625,51.879730224609375,0,0,0,0,0,0,0,0,0,0,0,0,0,0,0,0,1,0,0,0,0,0,0,0,1
2022-01-02 11:00:00+00:00,60,1,11,152.17730712890625,75.24809265136719,0,0,0,0,0,0,0,0,0,0,0,0,1,1,1,1,1,0,0,0,0,0,0,0,0
2022-01-02 11:00:00+00:00,60,1,11,320.4682922363281,35.380218505859375,0,0,0,0,0,0,0,0,0,0,0,0,0,0,0,0,1,0,0,0,0,0,1,1,1
2022-01-02 11:00:00+00:00,60,1,11,260.3175354003906,285.4864196777344,0,0,0,0,0,0,0,0,0,0,0,0,0,0,0,1,1,0,0,0,0,0,0,0,0
2022-01-02 11:00:00+00:00,60,1,11,275.4568176269531,301.54351806640625,0,0,0,0,0,0,0,0,0,0,0,0,0,0,0,1,1,0,0,0,0,0,0,0,0
2022-01-02 11:00:00+00:00,60,1,11,445.0161437988281,403.63140869140625,0,0,0,0,0,0,0,0,0,0,0,0,0,0,0,0,0,0,0,0,0,0,0,0,0
2022-01-02 11:00:00+00:00,60,1,11,,,0,0,0,0,0,0,0,0,0,0,0,0,0,0,0,0,0,0,0,0,0,0,0,0,0
2022-01-02 11:00:00+00:00,60,1,11,,146.99839782714844,0,0,0,0,0,0,0,0,0,0,0,0,0,0,0,0,0,0,0,0,0,0,0,0,0
2022-01-02 11:00:00+00:00,60,1,11,313.1954345703125,9.677909851074219,0,0,0,0,0,0,0,0,0,0,0,0,0,0,0,0,1,1,1,1,1,1,1,1,1
2022-01-02 11:00:00+00:00,60,1,11,298.3392028808594,162.5701446533203,0,0,0,0,0,0,0,0,0,0,0,0,0,0,0,1,1,0,0,0,0,0,0,0,0
2022-01-02 11:00:00+00:00,60,1,11,,181.63172912597656,0,0,0,0,0,0,0,0,0,0,0,0,0,0,0,0,0,0,0,0,0,0,0,0,0
2022-01-02 11:00:00+00:00,60,1,11,209.78781127929688,193.51480102539062,0,0,0,0,0,0,0,0,0,0,0,0,0,0,1,1,1,0,0,0,0,0,0,0,0
2022-01-02 11:00:00+00:00,60,1,11,,,0,0,0,0,0,0,0,0,0,0,0,0,0,0,0,0,0,0,0,0,0,0,0,0,0
2022-01-02 11:00:00+00:00,60,1,11,530.6812133789062,66.72274017333984,0,0,0,0,0,0,0,0,0,0,0,0,0,0,0,0,0,0,0,0,0,0,0,0,0
2022-01-02 11:00:00+00:00,60,1,11,,321.3445129394531,0,0,0,0,0,0,0,0,0,0,0,0,0,0,0,0,0,0,0,0,0,0,0,0,0
2022-01-02 11:00:00+00:00,60,1,11,,464.2025146484375,0,0,0,0,0,0,0,0,0,0,0,0,0,0,0,0,0,0,0,0,0,0,0,0,0
2022-01-02 11:00:00+00:00,60,1,11,309.4142150878906,243.6854248046875,0,0,0,0,0,0,0,0,0,0,0,0,0,0,0,0,1,0,0,0,0,0,0,0,0
2022-01-02 11:00:00+00:00,60,1,11,342.1751708984375,248.151611328125,0,0,0,0,0,0,0,0,0,0,0,0,0,0,0,0,1,0,0,0,0,0,0,0,0
2022-01-02 11:00:00+00:00,60,1,11,136.34500122070312,0.0,0,0,0,0,0,0,0,0,0,0,0,1,1,1,1,1,1,1,1,1,1,1,1,1,1
2022-01-02 11:00:00+00:00,60,1,11,46.0159797668457,0.0,0,0,0,0,0,0,1,1,1,1,1,1,1,1,1,1,1,1,1,1,1,1,1,1,1
2022-01-02 11:00:00+00:00,60,1,11,70.97549438476562,48.56609344482422,0,0,0,0,0,0,0,0,1,1,1,1,1,1,1,1,1,0,0,0,0,0,0,1,1
2022-01-02 11:15:00+00:00,60,1,11,,,0,0,0,0,0,0,0,0,0,0,0,0,0,0,0,0,0,0,0,0,0,0,0,0,0
2022-01-02 11:15:00+00:00,60,1,11,,241.23760986328125,0,0,0,0,0,0,0,0,0,0,0,0,0,0,0,0,0,0,0,0,0,0,0,0,0
2022-01-02 11:15:00+00:00,60,1,11,349.9098205566406,60.269447326660156,0,0,0,0,0,0,0,0,0,0,0,0,0,0,0,0,1,0,0,0,0,0,0,0,0
2022-01-02 11:15:00+00:00,60,1,11,233.5157470703125,72.21907043457031,0,0,0,0,0,0,0,0,0,0,0,0,0,0,1,1,1,0,0,0,0,0,0,0,0
2022-01-02 11:15:00+00:00,60,1,11,113.83592224121094,178.5438232421875,0,0,0,0,0,0,0,0,0,0,1,1,1,1,1,1,1,0,0,0,0,0,0,0,0
2022-01-02 11:15:00+00:00,60,1,11,129.49844360351562,44.30825424194336,0,0,0,0,0,0,0,0,0,0,0,1,1,1,1,1,1,0,0,0,0,0,0,1,1
2022-01-02 11:15:00+00:00,60,1,11,208.70721435546875,169.45631408691406,0,0,0,0,0,0,0,0,0,0,0,0,0,0,1,1,1,0,0,0,0,0,0,0,0
2022-01-02 11:15:00+00:00,60,1,11,118.70059204101562,15.345083236694336,0,0,0,0,0,0,0,0,0,0,1,1,1,1,1,1,1,0,0,1,1,1,1,1,1
2022-01-02 11:15:00+00:00,60,1,11,91.94347381591797,69.55821228027344,0,0,0,0,0,0,0,0,0,1,1,1,1,1,1,1,1,0,0,0,0,0,0,0,0
2022-01-02 11:15:00+00:00,60,1,11,53.04313278198242,59.01854705810547,0,0,0,0,0,0,0,1,1,1,1,1,1,1,1,1,1,0,0,0,0,0,0,0,1
2022-01-02 11:15:00+00:00,60,1,11,255.02114868164062,215.85723876953125,0,0,0,0,0,0,0,0,0,0,0,0,0,0,0,1,1,0,0,0,0,0,0,0,0
2022-01-02 11:15:00+00:00,60,1,11,281.2850646972656,62.45350646972656,0,0,0,0,0,0,0,0,0,0,0,0,0,0,0,1,1,0,0,0,0,0,0,0,0
2022-01-02 11:15:00+00:00,60,1,11,215.4064178466797,144.79330444335938,0,0,0,0,0,0,0,0,0,0,0,0,0,0,1,1,1,0,0,0,0,0,0,0,0
2022-01-02 11:15:00+00:00,60,1,11,,73.11885833740234,0,0,0,0,0,0,0,0,0,0,0,0,0,0,0,0,0,0,0,0,0,0,0,0,0
2022-01-02 11:15:00+00:00,60,1,11,,6.265191078186035,0,0,0,0,0,0,0,0,0,0,0,0,0,0,0,0,0,1,1,1,1,1,1,1,1
2022-01-02 11:15:00+00:00,60,1,11,,91.30890655517578,0,0,0,0,0,0,0,0,0,0,0,0,0,0,0,0,0,0,0,0,0,0,0,0,0
2022-01-02 11:15:00+00:00,60,1,11,,272.48486328125,0,0,0,0,0,0,0,0,0,0,0,0,0,0,0,0,0,0,0,0,0,0,0,0,0
2022-01-02 11:15:00+00:00,60,1,11,433.5810852050781,171.4868927001953,0,0,0,0,0,0,0,0,0,0,0,0,0,0,0,0,0,0,0,0,0,0,0,0,0
2022-01-02 11:15:00+00:00,60,1,11,,196.52597045898438,0,0,0,0,0,0,0,0,0,0,0,0,0,0,0,0,0,0,0,0,0,0,0,0,0
2022-01-02 11:15:00+00:00,60,1,11,,315.3382873535156,0,0,0,0,0,0,0,0,0,0,0,0,0,0,0,0,0,0,0,0,0,0,0,0,0
2022-01-02 11:15:00+00:00,60,1,11,,127.30547332763672,0,0,0,0,0,0,0,0,0,0,0,0,0,0,0,0,0,0,0,0,0,0,0,0,0
2022-01-02 11:15:00+00:00,60,1,11,,234.36965942382812,0,0,0,0,0,0,0,0,0,0,0,0,0,0,0,0,0,0,0,0,0,0,0,0,0
2022-01-02 11:15:00+00:00,60,1,11,390.7347412109375,263.6791687011719,0,0,0,0,0,0,0,0,0,0,0,0,0,0,0,0,0,0,0,0,0,0,0,0,0
2022-01-02 11:15:00+00:00,60,1,11,,269.49029541015625,0,0,0,0,0,0,0,0,0,0,0,0,0,0,0,0,0,0,0,0,0,0,0,0,0
2022-01-02 11:15:00+00:00,60,1,11,300.7303771972656,186.99732971191406,0,0,0,0,0,0,0,0,0,0,0,0,0,0,0,0,1,0,0,0,0,0,0,0,0
2022-01-02 11:15:00+00:00,60,1,11,256.6372375488281,173.75491333007812,0,0,0,0,0,0,0,0,0,0,0,0,0,0,0,1,1,0,0,0,0,0,0,0,0
2022-01-02 11:15:00+00:00,60,1,11,231.10069274902344,179.22740173339844,0,0,0,0,0,0,0,0,0,0,0,0,0,0,1,1,1,0,0,0,0,0,0,0,0
2022-01-02 11:15:00+00:00,60,1,11,279.2485046386719,254.1016387939453,0,0,0,0,0,0,0,0,0,0,0,0,0,0,0,1,1,0,0,0,0,0,0,0,0
2022-01-02 11:15:00+00:00,60,1,11,,,0,0,0,0,0,0,0,0,0,0,0,0,0,0,0,0,0,0,0,0,0,0,0,0,0
2022-01-02 11:15:00+00:00,60,1,11,,159.41775512695312,0,0,0,0,0,0,0,0,0,0,0,0,0,0,0,0,0,0,0,0,0,0,0,0,0
2022-01-02 11:15:00+00:00,60,1,11,136.6054229736328,19.7672119140625,0,0,0,0,0,0,0,0,0,0,0,1,1,1,1,1,1,0,0,1,1,1,1,1,1
2022-01-02 11:15:00+00:00,60,1,11,116.50738525390625,0.0,0,0,0,0,0,0,0,0,0,0,1,1,1,1,1,1,1,1,1,1,1,1,1,1,1
2022-01-02 11:15:00+00:00,60,1,11,89.3864517211914,10.569417953491211,0,0,0,0,0,0,0,0,0,1,1,1,1,1,1,1,1,0,1,1,1,1,1,1,1
2022-01-02 11:15:00+00:00,60,1,11,117.6867904663086,37.45161437988281,0,0,0,0,0,0,0,0,0,0,1,1,1,1,1,1,1,0,0,0,0,0,1,1,1
2022-01-02 11:15:00+00:00,60,1,11,85.33729553222656,0.0,0,0,0,0,0,0,0,0,0,1,1,1,1,1,1,1,1,1,1,1,1,1,1,1,1
2022-01-02 11:15:00+00:00,60,1,11,42.0179557800293,0.0,0,0,0,0,0,0,1,1,1,1,1,1,1,1,1,1,1,1,1,1,1,1,1,1,1
2022-01-02 11:15:00+00:00,60,1,11,,,0,0,0,0,0,0,0,0,0,0,0,0,0,0,0,0,0,0,0,0,0,0,0,0,0
2022-01-02 11:30:00+00:00,60,1,11,255.74461364746094,173.4759979248047,0,0,0,0,0,0,0,0,0,0,0,0,0,0,0,1,1,0,0,0,0,0,0,0,0
2022-01-02 11:30:00+00:00,60,1,11,214.0448760986328,206.8599090576172,0,0,0,0,0,0,0,0,0,0,0,0,0,0,1,1,1,0,0,0,0,0,0,0,0
2022-01-02 11:30:00+00:00,60,1,11,242.26429748535156,202.1461639404297,0,0,0,0,0,0,0,0,0,0,0,0,0,0,1,1,1,0,0,0,0,0,0,0,0
2022-01-02 11:30:00+00:00,60,1,11,199.0176544189453,153.72451782226562,0,0,0,0,0,0,0,0,0,0,0,0,0,1,1,1,1,0,0,0,0,0,0,0,0
2022-01-02 11:30:00+00:00,60,1,11,38.29564666748047,6.773841857910156,0,0,0,0,0,1,1,1,1,1,1,1,1,1,1,1,1,1,1,1,1,1,1,1,1
2022-01-02 11:30:00+00:00,60,1,11,197.9556427001953,33.11385726928711,0,0,0,0,0,0,0,0,0,0,0,0,0,1,1,1,1,0,0,0,0,0,1,1,1
2022-01-02 11:30:00+00:00,60,1,11,330.96282958984375,159.701416015625,0,0,0,0,0,0,0,0,0,0,0,0,0,0,0,0,1,0,0,0,0,0,0,0,0
2022-01-02 11:30:00+00:00,60,1,11,394.9701232910156,20.109054565429688,0,0,0,0,0,0,0,0,0,0,0,0,0,0,0,0,0,0,0,0,1,1,1,1,1
2022-01-02 11:30:00+00:00,60,1,11,417.2572021484375,0.0,0,0,0,0,0,0,0,0,0,0,0,0,0,0,0,0,0,1,1,1,1,1,1,1,1
2022-01-02 11:30:00+00:00,60,1,11,,17.03813934326172,0,0,0,0,0,0,0,0,0,0,0,0,0,0,0,0,0,0,0,1,1,1,1,1,1
2022-01-02 11:30:00+00:00,60,1,11,,110.49854278564453,0,0,0,0,0,0,0,0,0,0,0,0,0,0,0,0,0,0,0,0,0,0,0,0,0
2022-01-02 11:30:00+00:00,60,1,11,191.678466796875,,0,0,0,0,0,0,0,0,0,0,0,0,0,1,1,1,1,0,0,0,0,0,0,0,0
2022-01-02 11:30:00+00:00,60,1,11,,196.85533142089844,0,0,0,0,0,0,0,0,0,0,0,0,0,0,0,0,0,0,0,0,0,0,0,0,0
2022-01-02 11:30:00+00:00,60,1,11,239.26547241210938,82.74981689453125,0,0,0,0,0,0,0,0,0,0,0,0,0,0,1,1,1,0,0,0,0,0,0,0,0
2022-01-02 11:30:00+00:00,60,1,11,259.33392333984375,245.071533203125,0,0,0,0,0,0,0,0,0,0,0,0,0,0,0,1,1,0,0,0,0,0,0,0,0
2022-01-02 11:30:00+00:00,60,1,11,,286.5307922363281,0,0,0,0,0,0,0,0,0,0,0,0,0,0,0,0,0,0,0,0,0,0,0,0,0
2022-01-02 11:30:00+00:00,60,1,11,139.2486114501953,57.72502899169922,0,0,0,0,0,0,0,0,0,0,0,1,1,1,1,1,1,0,0,0,0,0,0,0,1
2022-01-02 11:30:00+00:00,60,1,11,351.18975830078125,259.59857177734375,0,0,0,0,0,0,0,0,0,0,0,0,0,0,0,0,0,0,0,0,0,0,0,0,0
2022-01-02 11:30:00+00:00,60,1,11,,198.55368041992188,0,0,0,0,0,0,0,0,0,0,0,0,0,0,0,0,0,0,0,0,0,0,0,0,0
2022-01-02 11:30:00+00:00,60,1,11,219.66262817382812,147.90692138671875,0,0,0,0,0,0,0,0,0,0,0,0,0,0,1,1,1,0,0,0,0,0,0,0,0
2022-01-02 11:30:00+00:00,60,1,11,,,0,0,0,0,0,0,0,0,0,0,0,0,0,0,0,0,0,0,0,0,0,0,0,0,0
2022-01-02 11:30:00+00:00,60,1,11,187.3917694091797,9.261716842651367,0,0,0,0,0,0,0,0,0,0,0,0,0,1,1,1,1,1,1,1,1,1,1,1,1
2022-01-02 11:30:00+00:00,60,1,11,215.16123962402344,0.0,0,0,0,0,0,0,0,0,0,0,0,0,0,0,1,1,1,1,1,1,1,1,1,1,1
2022-01-02 11:30:00+00:00,60,1,11,187.49244689941406,0.0,0,0,0,0,0,0,0,0,0,0,0,0,0,1,1,1,1,1,1,1,1,1,1,1,1
2022-01-02 11:30:00+00:00,60,1,11,40.29607009887695,0.0,0,0,0,0,0,0,1,1,1,1,1,1,1,1,1,1,1,1,1,1,1,1,1,1,1
2022-01-02 11:30:00+00:00,60,1,11,64.73839569091797,31.789892196655273,0,0,0,0,0,0,0,0,1,1,1,1,1,1,1,1,1,0,0,0,0,0,1,1,1
2022-01-02 11:30:00+00:00,60,1,11,89.13240814208984,46.454978942871094,0,0,0,0,0,0,0,0,0,1,1,1,1,1,1,1,1,0,0,0,0,0,0,1,1
2022-01-02 11:30:00+00:00,60,1,11,52.980201721191406,40.28238296508789,0,0,0,0,0,0,0,1,1,1,1,1,1,1,1,1,1,0,0,0,0,0,0,1,1
2022-01-02 11:30:00+00:00,60,1,11,,,0,0,0,0,0,0,0,0,0,0,0,0,0,0,0,0,0,0,0,0,0,0,0,0,0
2022-01-02 11:30:00+00:00,60,1,11,,,0,0,0,0,0,0,0,0,0,0,0,0,0,0,0,0,0,0,0,0,0,0,0,0,0
2022-01-02 11:45:00+00:00,60,1,11,,,0,0,0,0,0,0,0,0,0,0,0,0,0,0,0,0,0,0,0,0,0,0,0,0,0
2022-01-02 11:45:00+00:00,60,1,11,93.30195617675781,0.0,0,0,0,0,0,0,0,0,0,1,1,1,1,1,1,1,1,1,1,1,1,1,1,1,1
2022-01-02 11:45:00+00:00,60,1,11,232.20706176757812,156.98550415039062,0,0,0,0,0,0,0,0,0,0,0,0,0,0,1,1,1,0,0,0,0,0,0,0,0
2022-01-02 11:45:00+00:00,60,1,11,211.80955505371094,180.06118774414062,0,0,0,0,0,0,0,0,0,0,0,0,0,0,1,1,1,0,0,0,0,0,0,0,0
2022-01-02 11:45:00+00:00,60,1,11,137.0133514404297,113.38966369628906,0,0,0,0,0,0,0,0,0,0,0,1,1,1,1,1,1,0,0,0,0,0,0,0,0
2022-01-02 11:45:00+00:00,60,1,11,64.44869995117188,26.420841217041016,0,0,0,0,0,0,0,0,1,1,1,1,1,1,1,1,1,0,0,0,0,1,1,1,1
2022-01-02 11:45:00+00:00,60,1,11,87.54664611816406,38.23388671875,0,0,0,0,0,0,0,0,0,1,1,1,1,1,1,1,1,0,0,0,0,0,1,1,1
2022-01-02 11:45:00+00:00,60,1,11,104.76834869384766,50.954742431640625,0,0,0,0,0,0,0,0,0,0,1,1,1,1,1,1,1,0,0,0,0,0,0,0,1
2022-01-02 11:45:00+00:00,60,1,11,229.7718505859375,250.85244750976562,0,0,0,0,0,0,0,0,0,0,0,0,0,0,1,1,1,0,0,0,0,0,0,0,0
2022-01-02 11:45:00+00:00,60,1,11,121.48641204833984,59.719303131103516,0,0,0,0,0,0,0,0,0,0,0,1,1,1,1,1,1,0,0,0,0,0,0,0,1
2022-01-02 11:45:00+00:00,60,1,11,66.3233871459961,0.0,0,0,0,0,0,0,0,0,1,1,1,1,1,1,1,1,1,1,1,1,1,1,1,1,1
2022-01-02 11:45:00+00:00,60,1,11,407.33172607421875,322.06585693359375,0,0,0,0,0,0,0,0,0,0,0,0,0,0,0,0,0,0,0,0,0,0,0,0,0
2022-01-02 11:45:00+00:00,60,1,11,,400.514404296875,0,0,0,0,0,0,0,0,0,0,0,0,0,0,0,0,0,0,0,0,0,0,0,0,0
2022-01-02 11:45:00+00:00,60,1,11,359.7695007324219,225.7388916015625,0,0,0,0,0,0,0,0,0,0,0,0,0,0,0,0,0,0,0,0,0,0,0,0,0
2022-01-02 11:45:00+00:00,60,1,11,,301.054443359375,0,0,0,0,0,0,0,0,0,0,0,0,0,0,0,0,0,0,0,0,0,0,0,0,0
2022-01-02 11:45:00+00:00,60,1,11,,174.2052459716797,0,0,0,0,0,0,0,0,0,0,0,0,0,0,0,0,0,0,0,0,0,0,0,0,0
2022-01-02 11:45:00+00:00,60,1,11,,,0,0,0,0,0,0,0,0,0,0,0,0,0,0,0,0,0,0,0,0,0,0,0,0,0
2022-01-02 11:45:00+00:00,60,1,11,,,0,0,0,0,0,0,0,0,0,0,0,0,0,0,0,0,0,0,0,0,0,0,0,0,0
2022-01-02 11:45:00+00:00,60,1,11,,,0,0,0,0,0,0,0,0,0,0,0,0,0,0,0,0,0,0,0,0,0,0,0,0,0
2022-01-02 11:45:00+00:00,60,1,11,,,0,0,0,0,0,0,0,0,0,0,0,0,0,0,0,0,0,0,0,0,0,0,0,0,0
2022-01-02 11:45:00+00:00,60,1,11,381.6345520019531,184.20469665527344,0,0,0,0,0,0,0,0,0,0,0,0,0,0,0,0,0,0,0,0,0,0,0,0,0
2022-01-02 11:45:00+00:00,60,1,11,305.8559265136719,32.7908821105957,0,0,0,0,0,0,0,0,0,0,0,0,0,0,0,0,1,0,0,0,0,0,1,1,1
2022-01-02 11:45:00+00:00,60,1,11,192.06817626953125,46.82670211791992,0,0,0,0,0,0,0,0,0,0,0,0,0,1,1,1,1,0,0,0,0,0,0,1,1
2022-01-02 11:45:00+00:00,60,1,11,34.40205383300781,0.0,0,0,0,0,0,1,1,1,1,1,1,1,1,1,1,1,1,1,1,1,1,1,1,1,1
2022-01-02 11:45:00+00:00,60,1,11,137.58566284179688,0.0,0,0,0,0,0,0,0,0,0,0,0,1,1,1,1,1,1,1,1,1,1,1,1,1,1
2022-01-02 11:45:00+00:00,60,1,11,174.70407104492188,78.58097839355469,0,0,0,0,0,0,0,0,0,0,0,0,1,1,1,1,1,0,0,0,0,0,0,0,0
2022-01-02 11:45:00+00:00,60,1,11,45.211387634277344,17.609542846679688,0,0,0,0,0,0,1,1,1,1,1,1,1,1,1,1,1,0,0,1,1,1,1,1,1
2022-01-02 11:45:00+00:00,60,1,11,79.17884063720703,43.09822082519531,0,0,0,0,0,0,0,0,1,1,1,1,1,1,1,1,1,0,0,0,0,0,0,1,1
2022-01-02 11:45:00+00:00,60,1,11,,,0,0,0,0,0,0,0,0,0,0,0,0,0,0,0,0,0,0,0,0,0,0,0,0,0
2022-01-02 12:00:00+00:00,60,1,12,,,0,0,0,0,0,0,0,0,0,0,0,0,0,0,0,0,0,0,0,0,0,0,0,0,0
2022-01-02 12:00:00+00:00,60,1,12,298.54351806640625,316.6443786621094,0,0,0,0,0,0,0,0,0,0,0,0,0,0,0,1,1,0,0,0,0,0,0,0,0
2022-01-02 12:00:00+00:00,60,1,12,,,0,0,0,0,0,0,0,0,0,0,0,0,0,0,0,0,0,0,0,0,0,0,0,0,0
2022-01-02 12:00:00+00:00,60,1,12,134.17234802246094,115.19160461425781,0,0,0,0,0,0,0,0,0,0,0,1,1,1,1,1,1,0,0,0,0,0,0,0,0
2022-01-02 12:00:00+00:00,60,1,12,174.4069366455078,103.17578887939453,0,0,0,0,0,0,0,0,0,0,0,0,1,1,1,1,1,0,0,0,0,0,0,0,0
2022-01-02 12:00:00+00:00,60,1,12,87.19799041748047,31.036235809326172,0,0,0,0,0,0,0,0,0,1,1,1,1,1,1,1,1,0,0,0,0,0,1,1,1
2022-01-02 12:00:00+00:00,60,1,12,51.16046142578125,48.19069290161133,0,0,0,0,0,0,0,1,1,1,1,1,1,1,1,1,1,0,0,0,0,0,0,1,1
2022-01-02 12:00:00+00:00,60,1,12,155.33970642089844,6.437500476837158,0,0,0,0,0,0,0,0,0,0,0,0,1,1,1,1,1,1,1,1,1,1,1,1,1
2022-01-02 12:00:00+00:00,60,1,12,,278.09149169921875,0,0,0,0,0,0,0,0,0,0,0,0,0,0,0,0,0,0,0,0,0,0,0,0,0
2022-01-02 12:00:00+00:00,60,1,12,384.5655517578125,3.067718029022217,0,0,0,0,0,0,0,0,0,0,0,0,0,0,0,0,0,1,1,1,1,1,1,1,1
2022-01-02 12:00:00+00:00,60,1,12,,,0,0,0,0,0,0,0,0,0,0,0,0,0,0,0,0,0,0,0,0,0,0,0,0,0
2022-01-02 12:00:00+00:00,60,1,12,307.8578186035156,185.6009063720703,0,0,0,0,0,0,0,0,0,0,0,0,0,0,0,0,1,0,0,0,0,0,0,0,0
2022-01-02 12:00:00+00:00,60,1,12,221.99671936035156,173.0789337158203,0,0,0,0,0,0,0,0,0,0,0,0,0,0,1,1,1,0,0,0,0,0,0,0,0
2022-01-02 12:00:00+00:00,60,1,12,225.97427368164062,184.95880126953125,0,0,0,0,0,0,0,0,0,0,0,0,0,0,1,1,1,0,0,0,0,0,0,0,0
2022-01-02 12:00:00+00:00,60,1,12,291.9596862792969,0.0,0,0,0,0,0,0,0,0,0,0,0,0,0,0,0,1,1,1,1,1,1,1,1,1,1
2022-01-02 12:00:00+00:00,60,1,12,447.3420104980469,460.6807556152344,0,0,0,0,0,0,0,0,0,0,0,0,0,0,0,0,0,0,0,0,0,0,0,0,0
2022-01-02 12:00:00+00:00,60,1,12,58.802276611328125,0.0,0,0,0,0,0,0,0,1,1,1,1,1,1,1,1,1,1,1,1,1,1,1,1,1,1
2022-01-02 12:00:00+00:00,60,1,12,130.26760864257812,62.70398712158203,0,0,0,0,0,0,0,0,0,0,0,1,1,1,1,1,1,0,0,0,0,0,0,0,0
2022-01-02 12:00:00+00:00,60,1,12,81.42817687988281,99.06669616699219,0,0,0,0,0,0,0,0,0,1,1,1,1,1,1,1,1,0,0,0,0,0,0,0,0
2022-01-02 12:00:00+00:00,60,1,12,,,0,0,0,0,0,0,0,0,0,0,0,0,0,0,0,0,0,0,0,0,0,0,0,0,0
2022-01-02 12:15:00+00:00,60,1,12,373.239990234375,363.5390625,0,0,0,0,0,0,0,0,0,0,0,0,0,0,0,0,0,0,0,0,0,0,0,0,0
2022-01-02 12:15:00+00:00,60,1,12,164.2678985595703,93.69914245605469,0,0,0,0,0,0,0,0,0,0,0,0,1,1,1,1,1,0,0,0,0,0,0,0,0
2022-01-02 12:15:00+00:00,60,1,12,41.33894348144531,29.000341415405273,0,0,0,0,0,0,1,1,1,1,1,1,1,1,1,1,1,0,0,0,0,1,1,1,1
2022-01-02 12:15:00+00:00,60,1,12,79.08815002441406,4.959700107574463,0,0,0,0,0,0,0,0,1,1,1,1,1,1,1,1,1,1,1,1,1,1,1,1,1
2022-01-02 12:15:00+00:00,60,1,12,222.826171875,9.734759330749512,0,0,0,0,0,0,0,0,0,0,0,0,0,0,1,1,1,1,1,1,1,1,1,1,1
2022-01-02 12:15:00+00:00,60,1,12,291.5421447753906,75.24462890625,0,0,0,0,0,0,0,0,0,0,0,0,0,0,0,1,1,0,0,0,0,0,0,0,0
2022-01-02 12:15:00+00:00,60,1,12,81.75212860107422,159.8177947998047,0,0,0,0,0,0,0,0,0,1,1,1,1,1,1,1,1,0,0,0,0,0,0,0,0
2022-01-02 12:15:00+00:00,60,1,12,167.21263122558594,6.2275710105896,0,0,0,0,0,0,0,0,0,0,0,0,1,1,1,1,1,1,1,1,1,1,1,1,1
2022-01-02 12:15:00+00:00,60,1,12,428.7660217285156,226.13751220703125,0,0,0,0,0,0,0,0,0,0,0,0,0,0,0,0,0,0,0,0,0,0,0,0,0
2022-01-02 12:15:00+00:00,60,1,12,296.3750305175781,165.205810546875,0,0,0,0,0,0,0,0,0,0,0,0,0,0,0,1,1,0,0,0,0,0,0,0,0
2022-01-02 12:15:00+00:00,60,1,12,313.3036804199219,223.55589294433594,0,0,0,0,0,0,0,0,0,0,0,0,0,0,0,0,1,0,0,0,0,0,0,0,0
2022-01-02 12:15:00+00:00,60,1,12,222.74575805664062,93.94886016845703,0,0,0,0,0,0,0,0,0,0,0,0,0,0,1,1,1,0,0,0,0,0,0,0,0
2022-01-02 12:15:00+00:00,60,1,12,33.68559646606445,33.762874603271484,0,0,0,0,0,1,1,1,1,1,1,1,1,1,1,1,1,0,0,0,0,0,1,1,1
2022-01-02 12:15:00+00:00,60,1,12,289.5585632324219,293.1623229980469,0,0,0,0,0,0,0,0,0,0,0,0,0,0,0,1,1,0,0,0,0,0,0,0,0
2022-01-02 12:15:00+00:00,60,1,12,233.38426208496094,240.4621124267578,0,0,0,0,0,0,0,0,0,0,0,0,0,0,1,1,1,0,0,0,0,0,0,0,0
2022-01-02 12:15:00+00:00,60,1,12,273.1625671386719,286.6470031738281,0,0,0,0,0,0,0,0,0,0,0,0,0,0,0,1,1,0,0,0,0,0,0,0,0
2022-01-02 12:15:00+00:00,60,1,12,178.27023315429688,85.46918487548828,0,0,0,0,0,0,0,0,0,0,0,0,1,1,1,1,1,0,0,0,0,0,0,0,0
2022-01-02 12:15:00+00:00,60,1,12,81.33393859863281,10.736138343811035,0,0,0,0,0,0,0,0,0,1,1,1,1,1,1,1,1,0,1,1,1,1,1,1,1
2022-01-02 12:15:00+00:00,60,1,12,394.4679870605469,416.4042053222656,0,0,0,0,0,0,0,0,0,0,0,0,0,0,0,0,0,0,0,0,0,0,0,0,0
2022-01-02 12:15:00+00:00,60,1,12,64.68794250488281,0.0,0,0,0,0,0,0,0,0,1,1,1,1,1,1,1,1,1,1,1,1,1,1,1,1,1
2022-01-02 12:15:00+00:00,60,1,12,78.18601989746094,46.315433502197266,0,0,0,0,0,0,0,0,1,1,1,1,1,1,1,1,1,0,0,0,0,0,0,1,1
2022-01-02 12:15:00+00:00,60,1,12,,,0,0,0,0,0,0,0,0,0,0,0,0,0,0,0,0,0,0,0,0,0,0,0,0,0
2022-01-02 12:15:00+00:00,60,1,12,,,0,0,0,0,0,0,0,0,0,0,0,0,0,0,0,0,0,0,0,0,0,0,0,0,0
2022-01-02 12:15:00+00:00,60,1,12,,,0,0,0,0,0,0,0,0,0,0,0,0,0,0,0,0,0,0,0,0,0,0,0,0,0
2022-01-02 12:15:00+00:00,60,1,12,,,0,0,0,0,0,0,0,0,0,0,0,0,0,0,0,0,0,0,0,0,0,0,0,0,0
2022-01-02 12:30:00+00:00,60,1,12,305.5415344238281,286.9107971191406,0,0,0,0,0,0,0,0,0,0,0,0,0,0,0,0,1,0,0,0,0,0,0,0,0
2022-01-02 12:30:00+00:00,60,1,12,75.20216369628906,54.39282989501953,0,0,0,0,0,0,0,0,1,1,1,1,1,1,1,1,1,0,0,0,0,0,0,0,1
2022-01-02 12:30:00+00:00,60,1,12,158.13417053222656,240.41741943359375,0,0,0,0,0,0,0,0,0,0,0,0,1,1,1,1,1,0,0,0,0,0,0,0,0
2022-01-02 12:30:00+00:00,60,1,12,199.66976928710938,152.65597534179688,0,0,0,0,0,0,0,0,0,0,0,0,0,1,1,1,1,0,0,0,0,0,0,0,0
2022-01-02 12:30:00+00:00,60,1,12,42.858558654785156,0.0,0,0,0,0,0,0,1,1,1,1,1,1,1,1,1,1,1,1,1,1,1,1,1,1,1
2022-01-02 12:30:00+00:00,60,1,12,243.90451049804688,266.2922058105469,0,0,0,0,0,0,0,0,0,0,0,0,0,0,1,1,1,0,0,0,0,0,0,0,0
2022-01-02 12:30:00+00:00,60,1,12,538.401123046875,561.138916015625,0,0,0,0,0,0,0,0,0,0,0,0,0,0,0,0,0,0,0,0,0,0,0,0,0
2022-01-02 12:30:00+00:00,60,1,12,359.9110107421875,291.4691467285156,0,0,0,0,0,0,0,0,0,0,0,0,0,0,0,0,0,0,0,0,0,0,0,0,0
2022-01-02 12:30:00+00:00,60,1,12,173.99095153808594,147.49139404296875,0,0,0,0,0,0,0,0,0,0,0,0,1,1,1,1,1,0,0,0,0,0,0,0,0
2022-01-02 12:30:00+00:00,60,1,12,,,0,0,0,0,0,0,0,0,0,0,0,0,0,0,0,0,0,0,0,0,0,0,0,0,0
2022-01-02 12:30:00+00:00,60,1,12,404.5320739746094,,0,0,0,0,0,0,0,0,0,0,0,0,0,0,0,0,0,0,0,0,0,0,0,0,0
2022-01-02 12:30:00+00:00,60,1,12,320.7762145996094,110.24852752685547,0,0,0,0,0,0,0,0,0,0,0,0,0,0,0,0,1,0,0,0,0,0,0,0,0
2022-01-02 12:30:00+00:00,60,1,12,176.35260009765625,135.68521118164062,0,0,0,0,0,0,0,0,0,0,0,0,1,1,1,1,1,0,0,0,0,0,0,0,0
2022-01-02 12:30:00+00:00,60,1,12,195.45401000976562,142.8276824951172,0,0,0,0,0,0,0,0,0,0,0,0,0,1,1,1,1,0,0,0,0,0,0,0,0
2022-01-02 12:30:00+00:00,60,1,12,,,0,0,0,0,0,0,0,0,0,0,0,0,0,0,0,0,0,0,0,0,0,0,0,0,0
2022-01-02 12:30:00+00:00,60,1,12,125.68737030029297,0.0,0,0,0,0,0,0,0,0,0,0,0,1,1,1,1,1,1,1,1,1,1,1,1,1,1
2022-01-02 12:30:00+00:00,60,1,12,366.2146911621094,352.2091369628906,0,0,0,0,0,0,0,0,0,0,0,0,0,0,0,0,0,0,0,0,0,0,0,0,0
2022-01-02 12:30:00+00:00,60,1,12,446.2835693359375,459.5137023925781,0,0,0,0,0,0,0,0,0,0,0,0,0,0,0,0,0,0,0,0,0,0,0,0,0
2022-01-02 12:45:00+00:00,60,1,12,,,0,0,0,0,0,0,0,0,0,0,0,0,0,0,0,0,0,0,0,0,0,0,0,0,0
2022-01-02 12:45:00+00:00,60,1,12,255.34889221191406,251.35154724121094,0,0,0,0,0,0,0,0,0,0,0,0,0,0,0,1,1,0,0,0,0,0,0,0,0
2022-01-02 12:45:00+00:00,60,1,12,145.58094787597656,123.13433074951172,0,0,0,0,0,0,0,0,0,0,0,1,1,1,1,1,1,0,0,0,0,0,0,0,0
2022-01-02 12:45:00+00:00,60,1,12,109.48770141601562,133.52005004882812,0,0,0,0,0,0,0,0,0,0,1,1,1,1,1,1,1,0,0,0,0,0,0,0,0
2022-01-02 12:45:00+00:00,60,1,12,304.7734069824219,333.1665344238281,0,0,0,0,0,0,0,0,0,0,0,0,0,0,0,0,1,0,0,0,0,0,0,0,0
2022-01-02 12:45:00+00:00,60,1,12,,,0,0,0,0,0,0,0,0,0,0,0,0,0,0,0,0,0,0,0,0,0,0,0,0,0
2022-01-02 12:45:00+00:00,60,1,12,87.04362487792969,7.275030612945557,0,0,0,0,0,0,0,0,0,1,1,1,1,1,1,1,1,1,1,1,1,1,1,1,1
2022-01-02 12:45:00+00:00,60,1,12,,,0,0,0,0,0,0,0,0,0,0,0,0,0,0,0,0,0,0,0,0,0,0,0,0,0
2022-01-02 12:45:00+00:00,60,1,12,,,0,0,0,0,0,0,0,0,0,0,0,0,0,0,0,0,0,0,0,0,0,0,0,0,0
2022-01-02 12:45:00+00:00,60,1,12,193.9341583251953,187.3616180419922,0,0,0,0,0,0,0,0,0,0,0,0,0,1,1,1,1,0,0,0,0,0,0,0,0
2022-01-02 12:45:00+00:00,60,1,12,119.8275146484375,94.52435302734375,0,0,0,0,0,0,0,0,0,0,1,1,1,1,1,1,1,0,0,0,0,0,0,0,0
2022-01-02 12:45:00+00:00,60,1,12,57.10163116455078,7.240963459014893,0,0,0,0,0,0,0,1,1,1,1,1,1,1,1,1,1,1,1,1,1,1,1,1,1
2022-01-02 12:45:00+00:00,60,1,12,67.7442626953125,61.11100769042969,0,0,0,0,0,0,0,0,1,1,1,1,1,1,1,1,1,0,0,0,0,0,0,0,0
2022-01-02 12:45:00+00:00,60,1,12,109.6588134765625,95.28105163574219,0,0,0,0,0,0,0,0,0,0,1,1,1,1,1,1,1,0,0,0,0,0,0,0,0
2022-01-02 12:45:00+00:00,60,1,12,138.51669311523438,23.952775955200195,0,0,0,0,0,0,0,0,0,0,0,1,1,1,1,1,1,0,0,0,1,1,1,1,1
2022-01-02 12:45:00+00:00,60,1,12,179.5151824951172,153.1427459716797,0,0,0,0,0,0,0,0,0,0,0,0,1,1,1,1,1,0,0,0,0,0,0,0,0
2022-01-02 12:45:00+00:00,60,1,12,,,0,0,0,0,0,0,0,0,0,0,0,0,0,0,0,0,0,0,0,0,0,0,0,0,0
2022-01-02 13:00:00+00:00,60,1,13,188.87721252441406,208.0311737060547,0,0,0,0,0,0,0,0,0,0,0,0,0,1,1,1,1,0,0,0,0,0,0,0,0
2022-01-02 13:00:00+00:00,60,1,13,374.0959167480469,358.338134765625,0,0,0,0,0,0,0,0,0,0,0,0,0,0,0,0,0,0,0,0,0,0,0,0,0
2022-01-02 13:00:00+00:00,60,1,13,151.33380126953125,85.57462310791016,0,0,0,0,0,0,0,0,0,0,0,0,1,1,1,1,1,0,0,0,0,0,0,0,0
2022-01-02 13:00:00+00:00,60,1,13,176.45263671875,150.79759216308594,0,0,0,0,0,0,0,0,0,0,0,0,1,1,1,1,1,0,0,0,0,0,0,0,0
2022-01-02 13:00:00+00:00,60,1,13,176.94369506835938,212.20359802246094,0,0,0,0,0,0,0,0,0,0,0,0,1,1,1,1,1,0,0,0,0,0,0,0,0
2022-01-02 13:00:00+00:00,60,1,13,212.0232696533203,135.9406280517578,0,0,0,0,0,0,0,0,0,0,0,0,0,0,1,1,1,0,0,0,0,0,0,0,0
2022-01-02 13:00:00+00:00,60,1,13,305.5115051269531,43.31102752685547,0,0,0,0,0,0,0,0,0,0,0,0,0,0,0,0,1,0,0,0,0,0,0,1,1
2022-01-02 13:00:00+00:00,60,1,13,284.48602294921875,194.23036193847656,0,0,0,0,0,0,0,0,0,0,0,0,0,0,0,1,1,0,0,0,0,0,0,0,0
2022-01-02 13:00:00+00:00,60,1,13,105.3946533203125,87.20738983154297,0,0,0,0,0,0,0,0,0,0,1,1,1,1,1,1,1,0,0,0,0,0,0,0,0
2022-01-02 13:00:00+00:00,60,1,13,,,0,0,0,0,0,0,0,0,0,0,0,0,0,0,0,0,0,0,0,0,0,0,0,0,0
2022-01-02 13:00:00+00:00,60,1,13,79.28530883789062,20.54307746887207,0,0,0,0,0,0,0,0,1,1,1,1,1,1,1,1,1,0,0,0,1,1,1,1,1
2022-01-02 13:00:00+00:00,60,1,13,148.4632568359375,174.64219665527344,0,0,0,0,0,0,0,0,0,0,0,1,1,1,1,1,1,0,0,0,0,0,0,0,0
2022-01-02 13:00:00+00:00,60,1,13,83.04360961914062,91.62942504882812,0,0,0,0,0,0,0,0,0,1,1,1,1,1,1,1,1,0,0,0,0,0,0,0,0
2022-01-02 13:00:00+00:00,60,1,13,,,0,0,0,0,0,0,0,0,0,0,0,0,0,0,0,0,0,0,0,0,0,0,0,0,0
2022-01-02 13:00:00+00:00,60,1,13,,,0,0,0,0,0,0,0,0,0,0,0,0,0,0,0,0,0,0,0,0,0,0,0,0,0
2022-01-02 13:00:00+00:00,60,1,13,,,0,0,0,0,0,0,0,0,0,0,0,0,0,0,0,0,0,0,0,0,0,0,0,0,0
2022-01-02 13:15:00+00:00,60,1,13,,429.0600280761719,0,0,0,0,0,0,0,0,0,0,0,0,0,0,0,0,0,0,0,0,0,0,0,0,0
2022-01-02 13:15:00+00:00,60,1,13,218.46957397460938,213.32568359375,0,0,0,0,0,0,0,0,0,0,0,0,0,0,1,1,1,0,0,0,0,0,0,0,0
2022-01-02 13:15:00+00:00,60,1,13,159.47218322753906,148.860595703125,0,0,0,0,0,0,0,0,0,0,0,0,1,1,1,1,1,0,0,0,0,0,0,0,0
2022-01-02 13:15:00+00:00,60,1,13,76.63243103027344,6.963946342468262,0,0,0,0,0,0,0,0,1,1,1,1,1,1,1,1,1,1,1,1,1,1,1,1,1
2022-01-02 13:15:00+00:00,60,1,13,245.36842346191406,234.44677734375,0,0,0,0,0,0,0,0,0,0,0,0,0,0,1,1,1,0,0,0,0,0,0,0,0
2022-01-02 13:15:00+00:00,60,1,13,51.099735260009766,13.084149360656738,0,0,0,0,0,0,0,1,1,1,1,1,1,1,1,1,1,0,1,1,1,1,1,1,1
2022-01-02 13:15:00+00:00,60,1,13,144.45550537109375,121.54717254638672,0,0,0,0,0,0,0,0,0,0,0,1,1,1,1,1,1,0,0,0,0,0,0,0,0
2022-01-02 13:15:00+00:00,60,1,13,201.28863525390625,226.57225036621094,0,0,0,0,0,0,0,0,0,0,0,0,0,0,1,1,1,0,0,0,0,0,0,0,0
2022-01-02 13:15:00+00:00,60,1,13,,,0,0,0,0,0,0,0,0,0,0,0,0,0,0,0,0,0,0,0,0,0,0,0,0,0
2022-01-02 13:15:00+00:00,60,1,13,,,0,0,0,0,0,0,0,0,0,0,0,0,0,0,0,0,0,0,0,0,0,0,0,0,0
2022-01-02 13:15:00+00:00,60,1,13,362.7417297363281,377.1316223144531,0,0,0,0,0,0,0,0,0,0,0,0,0,0,0,0,0,0,0,0,0,0,0,0,0
2022-01-02 13:15:00+00:00,60,1,13,41.157291412353516,33.76429748535156,0,0,0,0,0,0,1,1,1,1,1,1,1,1,1,1,1,0,0,0,0,0,1,1,1
2022-01-02 13:30:00+00:00,60,1,13,247.1765594482422,126.27890014648438,0,0,0,0,0,0,0,0,0,0,0,0,0,0,1,1,1,0,0,0,0,0,0,0,0
2022-01-02 13:30:00+00:00,60,1,13,146.33816528320312,50.10149383544922,0,0,0,0,0,0,0,0,0,0,0,1,1,1,1,1,1,0,0,0,0,0,0,0,1
2022-01-02 13:30:00+00:00,60,1,13,375.12554931640625,371.6256103515625,0,0,0,0,0,0,0,0,0,0,0,0,0,0,0,0,0,0,0,0,0,0,0,0,0
2022-01-02 13:30:00+00:00,60,1,13,141.779296875,224.72628784179688,0,0,0,0,0,0,0,0,0,0,0,1,1,1,1,1,1,0,0,0,0,0,0,0,0
2022-01-02 13:30:00+00:00,60,1,13,,333.2397766113281,0,0,0,0,0,0,0,0,0,0,0,0,0,0,0,0,0,0,0,0,0,0,0,0,0
2022-01-02 13:30:00+00:00,60,1,13,253.2354736328125,196.4582977294922,0,0,0,0,0,0,0,0,0,0,0,0,0,0,0,1,1,0,0,0,0,0,0,0,0
2022-01-02 13:30:00+00:00,60,1,13,61.92021942138672,37.102508544921875,0,0,0,0,0,0,0,0,1,1,1,1,1,1,1,1,1,0,0,0,0,0,1,1,1
2022-01-02 13:30:00+00:00,60,1,13,228.01528930664062,130.9883270263672,0,0,0,0,0,0,0,0,0,0,0,0,0,0,1,1,1,0,0,0,0,0,0,0,0
2022-01-02 13:30:00+00:00,60,1,13,131.75955200195312,125.7593994140625,0,0,0,0,0,0,0,0,0,0,0,1,1,1,1,1,1,0,0,0,0,0,0,0,0
2022-01-02 13:30:00+00:00,60,1,13,375.0727844238281,4.304931640625,0,0,0,0,0,0,0,0,0,0,0,0,0,0,0,0,0,1,1,1,1,1,1,1,1
2022-01-02 13:30:00+00:00,60,1,13,245.109130859375,231.74603271484375,0,0,0,0,0,0,0,0,0,0,0,0,0,0,1,1,1,0,0,0,0,0,0,0,0
2022-01-02 13:30:00+00:00,60,1,13,327.98675537109375,240.45201110839844,0,0,0,0,0,0,0,0,0,0,0,0,0,0,0,0,1,0,0,0,0,0,0,0,0
2022-01-02 13:30:00+00:00,60,1,13,72.74873352050781,63.936485290527344,0,0,0,0,0,0,0,0,1,1,1,1,1,1,1,1,1,0,0,0,0,0,0,0,0
2022-01-02 13:30:00+00:00,60,1,13,282.92633056640625,222.77630615234375,0,0,0,0,0,0,0,0,0,0,0,0,0,0,0,1,1,0,0,0,0,0,0,0,0
2022-01-02 13:30:00+00:00,60,1,13,258.6757507324219,235.96925354003906,0,0,0,0,0,0,0,0,0,0,0,0,0,0,0,1,1,0,0,0,0,0,0,0,0
2022-01-02 13:30:00+00:00,60,1,13,,,0,0,0,0,0,0,0,0,0,0,0,0,0,0,0,0,0,0,0,0,0,0,0,0,0
2022-01-02 13:45:00+00:00,60,1,13,81.43112182617188,81.7120361328125,0,0,0,0,0,0,0,0,0,1,1,1,1,1,1,1,1,0,0,0,0,0,0,0,0
2022-01-02 13:45:00+00:00,60,1,13,293.5855712890625,299.00079345703125,0,0,0,0,0,0,0,0,0,0,0,0,0,0,0,1,1,0,0,0,0,0,0,0,0
2022-01-02 13:45:00+00:00,60,1,13,162.9040985107422,149.7602996826172,0,0,0,0,0,0,0,0,0,0,0,0,1,1,1,1,1,0,0,0,0,0,0,0,0
2022-01-02 13:45:00+00:00,60,1,13,363.4542236328125,6.1892876625061035,0,0,0,0,0,0,0,0,0,0,0,0,0,0,0,0,0,1,1,1,1,1,1,1,1
2022-01-02 13:45:00+00:00,60,1,13,110.9591293334961,121.0057144165039,0,0,0,0,0,0,0,0,0,0,1,1,1,1,1,1,1,0,0,0,0,0,0,0,0
2022-01-02 13:45:00+00:00,60,1,13,106.36124420166016,86.32760620117188,0,0,0,0,0,0,0,0,0,0,1,1,1,1,1,1,1,0,0,0,0,0,0,0,0
2022-01-02 13:45:00+00:00,60,1,13,185.3752899169922,185.63198852539062,0,0,0,0,0,0,0,0,0,0,0,0,0,1,1,1,1,0,0,0,0,0,0,0,0
2022-01-02 13:45:00+00:00,60,1,13,,,0,0,0,0,0,0,0,0,0,0,0,0,0,0,0,0,0,0,0,0,0,0,0,0,0
2022-01-02 14:00:00+00:00,60,1,14,61.3077507019043,68.98026275634766,0,0,0,0,0,0,0,0,1,1,1,1,1,1,1,1,1,0,0,0,0,0,0,0,0
2022-01-02 14:00:00+00:00,60,1,14,87.25370025634766,49.272884368896484,0,0,0,0,0,0,0,0,0,1,1,1,1,1,1,1,1,0,0,0,0,0,0,1,1
2022-01-02 14:00:00+00:00,60,1,14,325.986083984375,217.9243621826172,0,0,0,0,0,0,0,0,0,0,0,0,0,0,0,0,1,0,0,0,0,0,0,0,0
2022-01-02 14:00:00+00:00,60,1,14,144.22305297851562,46.766075134277344,0,0,0,0,0,0,0,0,0,0,0,1,1,1,1,1,1,0,0,0,0,0,0,1,1
2022-01-02 14:00:00+00:00,60,1,14,313.5067138671875,231.36351013183594,0,0,0,0,0,0,0,0,0,0,0,0,0,0,0,0,1,0,0,0,0,0,0,0,0
2022-01-02 14:00:00+00:00,60,1,14,269.2221374511719,186.36135864257812,0,0,0,0,0,0,0,0,0,0,0,0,0,0,0,1,1,0,0,0,0,0,0,0,0
2022-01-02 14:00:00+00:00,60,1,14,239.03143310546875,44.19617462158203,0,0,0,0,0,0,0,0,0,0,0,0,0,0,1,1,1,0,0,0,0,0,0,1,1
2022-01-02 14:00:00+00:00,60,1,14,49.89849853515625,30.04965591430664,0,0,0,0,0,0,1,1,1,1,1,1,1,1,1,1,1,0,0,0,0,0,1,1,1
2022-01-02 14:00:00+00:00,60,1,14,176.3087921142578,155.39695739746094,0,0,0,0,0,0,0,0,0,0,0,0,1,1,1,1,1,0,0,0,0,0,0,0,0
2022-01-02 14:00:00+00:00,60,1,14,,331.7508544921875,0,0,0,0,0,0,0,0,0,0,0,0,0,0,0,0,0,0,0,0,0,0,0,0,0
2022-01-02 14:00:00+00:00,60,1,14,,273.6501770019531,0,0,0,0,0,0,0,0,0,0,0,0,0,0,0,0,0,0,0,0,0,0,0,0,0
2022-01-02 14:00:00+00:00,60,1,14,38.210086822509766,0.0,0,0,0,0,0,1,1,1,1,1,1,1,1,1,1,1,1,1,1,1,1,1,1,1,1
2022-01-02 14:00:00+00:00,60,1,14,67.45612335205078,124.55501556396484,0,0,0,0,0,0,0,0,1,1,1,1,1,1,1,1,1,0,0,0,0,0,0,0,0
2022-01-02 14:00:00+00:00,60,1,14,,,0,0,0,0,0,0,0,0,0,0,0,0,0,0,0,0,0,0,0,0,0,0,0,0,0
2022-01-02 14:15:00+00:00,60,1,14,429.36334228515625,466.09808349609375,0,0,0,0,0,0,0,0,0,0,0,0,0,0,0,0,0,0,0,0,0,0,0,0,0
2022-01-02 14:15:00+00:00,60,1,14,69.12630462646484,42.96244812011719,0,0,0,0,0,0,0,0,1,1,1,1,1,1,1,1,1,0,0,0,0,0,0,1,1
2022-01-02 14:15:00+00:00,60,1,14,225.4370574951172,233.7626190185547,0,0,0,0,0,0,0,0,0,0,0,0,0,0,1,1,1,0,0,0,0,0,0,0,0
2022-01-02 14:15:00+00:00,60,1,14,250.2631378173828,135.17955017089844,0,0,0,0,0,0,0,0,0,0,0,0,0,0,0,1,1,0,0,0,0,0,0,0,0
2022-01-02 14:15:00+00:00,60,1,14,138.1312713623047,0.0,0,0,0,0,0,0,0,0,0,0,0,1,1,1,1,1,1,1,1,1,1,1,1,1,1
2022-01-02 14:15:00+00:00,60,1,14,278.4365539550781,179.49647521972656,0,0,0,0,0,0,0,0,0,0,0,0,0,0,0,1,1,0,0,0,0,0,0,0,0
2022-01-02 14:15:00+00:00,60,1,14,,,0,0,0,0,0,0,0,0,0,0,0,0,0,0,0,0,0,0,0,0,0,0,0,0,0
2022-01-02 14:15:00+00:00,60,1,14,,210.0391082763672,0,0,0,0,0,0,0,0,0,0,0,0,0,0,0,0,0,0,0,0,0,0,0,0,0
2022-01-02 14:15:00+00:00,60,1,14,,0.0,0,0,0,0,0,0,0,0,0,0,0,0,0,0,0,0,0,1,1,1,1,1,1,1,1
2022-01-02 14:15:00+00:00,60,1,14,,,0,0,0,0,0,0,0,0,0,0,0,0,0,0,0,0,0,0,0,0,0,0,0,0,0
2022-01-02 14:30:00+00:00,60,1,14,158.57603454589844,113.57505798339844,0,0,0,0,0,0,0,0,0,0,0,0,1,1,1,1,1,0,0,0,0,0,0,0,0
2022-01-02 14:30:00+00:00,60,1,14,,,0,0,0,0,0,0,0,0,0,0,0,0,0,0,0,0,0,0,0,0,0,0,0,0,0
2022-01-02 14:30:00+00:00,60,1,14,93.64949035644531,160.1326446533203,0,0,0,0,0,0,0,0,0,1,1,1,1,1,1,1,1,0,0,0,0,0,0,0,0
2022-01-02 14:30:00+00:00,60,1,14,160.235107421875,157.1768798828125,0,0,0,0,0,0,0,0,0,0,0,0,1,1,1,1,1,0,0,0,0,0,0,0,0
2022-01-02 14:30:00+00:00,60,1,14,96.58614349365234,88.1319351196289,0,0,0,0,0,0,0,0,0,1,1,1,1,1,1,1,1,0,0,0,0,0,0,0,0
2022-01-02 14:30:00+00:00,60,1,14,97.12992095947266,115.53458404541016,0,0,0,0,0,0,0,0,0,1,1,1,1,1,1,1,1,0,0,0,0,0,0,0,0
2022-01-02 14:30:00+00:00,60,1,14,169.58351135253906,120.44589233398438,0,0,0,0,0,0,0,0,0,0,0,0,1,1,1,1,1,0,0,0,0,0,0,0,0
2022-01-02 14:30:00+00:00,60,1,14,102.85365295410156,29.155784606933594,0,0,0,0,0,0,0,0,0,0,1,1,1,1,1,1,1,0,0,0,0,1,1,1,1
2022-01-02 14:30:00+00:00,60,1,14,243.33148193359375,182.1931915283203,0,0,0,0,0,0,0,0,0,0,0,0,0,0,1,1,1,0,0,0,0,0,0,0,0
2022-01-02 14:30:00+00:00,60,1,14,28.574365615844727,31.020057678222656,0,0,0,0,1,1,1,1,1,1,1,1,1,1,1,1,1,0,0,0,0,0,1,1,1
2022-01-02 14:30:00+00:00,60,1,14,,12.959428787231445,0,0,0,0,0,0,0,0,0,0,0,0,0,0,0,0,0,0,1,1,1,1,1,1,1
2022-01-02 14:30:00+00:00,60,1,14,,151.25961303710938,0,0,0,0,0,0,0,0,0,0,0,0,0,0,0,0,0,0,0,0,0,0,0,0,0
2022-01-02 14:45:00+00:00,60,1,14,48.929710388183594,93.10643005371094,0,0,0,0,0,0,1,1,1,1,1,1,1,1,1,1,1,0,0,0,0,0,0,0,0
2022-01-02 14:45:00+00:00,60,1,14,103.70301055908203,26.328041076660156,0,0,0,0,0,0,0,0,0,0,1,1,1,1,1,1,1,0,0,0,0,1,1,1,1
2022-01-02 14:45:00+00:00,60,1,14,86.03166961669922,63.63436508178711,0,0,0,0,0,0,0,0,0,1,1,1,1,1,1,1,1,0,0,0,0,0,0,0,0
2022-01-02 14:45:00+00:00,60,1,14,101.47369384765625,13.921712875366211,0,0,0,0,0,0,0,0,0,0,1,1,1,1,1,1,1,0,1,1,1,1,1,1,1
2022-01-02 14:45:00+00:00,60,1,14,139.61221313476562,3.0325586795806885,0,0,0,0,0,0,0,0,0,0,0,1,1,1,1,1,1,1,1,1,1,1,1,1,1
2022-01-02 14:45:00+00:00,60,1,14,167.00697326660156,6.827139377593994,0,0,0,0,0,0,0,0,0,0,0,0,1,1,1,1,1,1,1,1,1,1,1,1,1
2022-01-02 14:45:00+00:00,60,1,14,177.70147705078125,15.173725128173828,0,0,0,0,0,0,0,0,0,0,0,0,1,1,1,1,1,0,0,1,1,1,1,1,1
2022-01-02 14:45:00+00:00,60,1,14,,,0,0,0,0,0,0,0,0,0,0,0,0,0,0,0,0,0,0,0,0,0,0,0,0,0
2022-01-02 15:00:00+00:00,60,1,15,213.4331817626953,120.57232666015625,0,0,0,0,0,0,0,0,0,0,0,0,0,0,1,1,1,0,0,0,0,0,0,0,0
2022-01-02 15:00:00+00:00,60,1,15,125.26323699951172,3.2957074642181396,0,0,0,0,0,0,0,0,0,0,0,1,1,1,1,1,1,1,1,1,1,1,1,1,1
2022-01-02 15:00:00+00:00,60,1,15,108.51510620117188,99.32127380371094,0,0,0,0,0,0,0,0,0,0,1,1,1,1,1,1,1,0,0,0,0,0,0,0,0
2022-01-02 15:00:00+00:00,60,1,15,202.68321228027344,75.80049896240234,0,0,0,0,0,0,0,0,0,0,0,0,0,0,1,1,1,0,0,0,0,0,0,0,0
2022-01-02 15:00:00+00:00,60,1,15,,19.821399688720703,0,0,0,0,0,0,0,0,0,0,0,0,0,0,0,0,0,0,0,1,1,1,1,1,1
2022-01-02 15:00:00+00:00,60,1,15,,,0,0,0,0,0,0,0,0,0,0,0,0,0,0,0,0,0,0,0,0,0,0,0,0,0
2022-01-02 15:15:00+00:00,60,1,15,146.65476989746094,169.62127685546875,0,0,0,0,0,0,0,0,0,0,0,1,1,1,1,1,1,0,0,0,0,0,0,0,0
2022-01-02 15:15:00+00:00,60,1,15,92.03055572509766,114.21231079101562,0,0,0,0,0,0,0,0,0,1,1,1,1,1,1,1,1,0,0,0,0,0,0,0,0
2022-01-02 15:15:00+00:00,60,1,15,290.73583984375,76.18138885498047,0,0,0,0,0,0,0,0,0,0,0,0,0,0,0,1,1,0,0,0,0,0,0,0,0
2022-01-02 15:15:00+00:00,60,1,15,55.339500427246094,36.391170501708984,0,0,0,0,0,0,0,1,1,1,1,1,1,1,1,1,1,0,0,0,0,0,1,1,1
2022-01-02 15:15:00+00:00,60,1,15,235.2059326171875,321.05535888671875,0,0,0,0,0,0,0,0,0,0,0,0,0,0,1,1,1,0,0,0,0,0,0,0,0
2022-01-02 15:15:00+00:00,60,1,15,,358.7518310546875,0,0,0,0,0,0,0,0,0,0,0,0,0,0,0,0,0,0,0,0,0,0,0,0,0
2022-01-02 15:15:00+00:00,60,1,15,,421.6984558105469,0,0,0,0,0,0,0,0,0,0,0,0,0,0,0,0,0,0,0,0,0,0,0,0,0
2022-01-02 15:15:00+00:00,60,1,15,375.6562805175781,68.30551147460938,0,0,0,0,0,0,0,0,0,0,0,0,0,0,0,0,0,0,0,0,0,0,0,0,0
2022-01-02 15:15:00+00:00,60,1,15,,0.0,0,0,0,0,0,0,0,0,0,0,0,0,0,0,0,0,0,1,1,1,1,1,1,1,1
2022-01-02 15:30:00+00:00,60,1,15,66.93132019042969,53.26131820678711,0,0,0,0,0,0,0,0,1,1,1,1,1,1,1,1,1,0,0,0,0,0,0,0,1
2022-01-02 15:30:00+00:00,60,1,15,198.3349151611328,165.34263610839844,0,0,0,0,0,0,0,0,0,0,0,0,0,1,1,1,1,0,0,0,0,0,0,0,0
2022-01-02 15:30:00+00:00,60,1,15,,,0,0,0,0,0,0,0,0,0,0,0,0,0,0,0,0,0,0,0,0,0,0,0,0,0
2022-01-02 15:30:00+00:00,60,1,15,162.0047149658203,152.15245056152344,0,0,0,0,0,0,0,0,0,0,0,0,1,1,1,1,1,0,0,0,0,0,0,0,0
2022-01-02 15:30:00+00:00,60,1,15,,,0,0,0,0,0,0,0,0,0,0,0,0,0,0,0,0,0,0,0,0,0,0,0,0,0
2022-01-02 15:30:00+00:00,60,1,15,,,0,0,0,0,0,0,0,0,0,0,0,0,0,0,0,0,0,0,0,0,0,0,0,0,0
2022-01-02 15:45:00+00:00,60,1,15,66.875732421875,74.25756072998047,0,0,0,0,0,0,0,0,1,1,1,1,1,1,1,1,1,0,0,0,0,0,0,0,0
2022-01-02 15:45:00+00:00,60,1,15,118.78082275390625,121.35932922363281,0,0,0,0,0,0,0,0,0,0,1,1,1,1,1,1,1,0,0,0,0,0,0,0,0
2022-01-02 15:45:00+00:00,60,1,15,386.64666748046875,398.08526611328125,0,0,0,0,0,0,0,0,0,0,0,0,0,0,0,0,0,0,0,0,0,0,0,0,0
2022-01-02 15:45:00+00:00,60,1,15,177.00714111328125,154.7093963623047,0,0,0,0,0,0,0,0,0,0,0,0,1,1,1,1,1,0,0,0,0,0,0,0,0
2022-01-02 15:45:00+00:00,60,1,15,354.69281005859375,,0,0,0,0,0,0,0,0,0,0,0,0,0,0,0,0,0,0,0,0,0,0,0,0,0
2022-01-02 15:45:00+00:00,60,1,15,,,0,0,0,0,0,0,0,0,0,0,0,0,0,0,0,0,0,0,0,0,0,0,0,0,0
2022-01-02 15:45:00+00:00,60,1,15,,,0,0,0,0,0,0,0,0,0,0,0,0,0,0,0,0,0,0,0,0,0,0,0,0,0
2022-01-02 16:00:00+00:00,60,1,16,51.92509078979492,0.0,0,0,0,0,0,0,0,1,1,1,1,1,1,1,1,1,1,1,1,1,1,1,1,1,1
2022-01-02 16:00:00+00:00,60,1,16,212.27186584472656,276.8576965332031,0,0,0,0,0,0,0,0,0,0,0,0,0,0,1,1,1,0,0,0,0,0,0,0,0
2022-01-02 16:00:00+00:00,60,1,16,63.8222770690918,95.68312072753906,0,0,0,0,0,0,0,0,1,1,1,1,1,1,1,1,1,0,0,0,0,0,0,0,0
2022-01-02 16:00:00+00:00,60,1,16,104.92362976074219,155.00213623046875,0,0,0,0,0,0,0,0,0,0,1,1,1,1,1,1,1,0,0,0,0,0,0,0,0
2022-01-02 16:00:00+00:00,60,1,16,,,0,0,0,0,0,0,0,0,0,0,0,0,0,0,0,0,0,0,0,0,0,0,0,0,0
2022-01-02 16:00:00+00:00,60,1,16,,,0,0,0,0,0,0,0,0,0,0,0,0,0,0,0,0,0,0,0,0,0,0,0,0,0
2022-01-02 16:15:00+00:00,60,1,16,241.9914093017578,392.8376770019531,0,0,0,0,0,0,0,0,0,0,0,0,0,0,1,1,1,0,0,0,0,0,0,0,0
2022-01-02 16:15:00+00:00,60,1,16,55.77481460571289,50.13610076904297,0,0,0,0,0,0,0,1,1,1,1,1,1,1,1,1,1,0,0,0,0,0,0,0,1
2022-01-02 16:15:00+00:00,60,1,16,80.40971374511719,50.35147476196289,0,0,0,0,0,0,0,0,0,1,1,1,1,1,1,1,1,0,0,0,0,0,0,0,1
2022-01-02 16:15:00+00:00,60,1,16,161.49111938476562,234.74468994140625,0,0,0,0,0,0,0,0,0,0,0,0,1,1,1,1,1,0,0,0,0,0,0,0,0
2022-01-02 16:15:00+00:00,60,1,16,136.91156005859375,95.1434555053711,0,0,0,0,0,0,0,0,0,0,0,1,1,1,1,1,1,0,0,0,0,0,0,0,0
2022-01-02 16:15:00+00:00,60,1,16,75.29969024658203,195.3272705078125,0,0,0,0,0,0,0,0,1,1,1,1,1,1,1,1,1,0,0,0,0,0,0,0,0
2022-01-02 16:15:00+00:00,60,1,16,12.97486686706543,6.078375339508057,0,1,1,1,1,1,1,1,1,1,1,1,1,1,1,1,1,1,1,1,1,1,1,1,1
2022-01-02 16:15:00+00:00,60,1,16,226.72377014160156,251.3154754638672,0,0,0,0,0,0,0,0,0,0,0,0,0,0,1,1,1,0,0,0,0,0,0,0,0
2022-01-02 16:15:00+00:00,60,1,16,29.032489776611328,12.152800559997559,0,0,0,0,1,1,1,1,1,1,1,1,1,1,1,1,1,0,1,1,1,1,1,1,1
2022-01-02 16:15:00+00:00,60,1,16,96.31120300292969,108.65206146240234,0,0,0,0,0,0,0,0,0,1,1,1,1,1,1,1,1,0,0,0,0,0,0,0,0
2022-01-02 16:15:00+00:00,60,1,16,,,0,0,0,0,0,0,0,0,0,0,0,0,0,0,0,0,0,0,0,0,0,0,0,0,0
2022-01-02 16:30:00+00:00,60,1,16,90.86660766601562,59.527587890625,0,0,0,0,0,0,0,0,0,1,1,1,1,1,1,1,1,0,0,0,0,0,0,0,1
2022-01-02 16:30:00+00:00,60,1,16,77.02476501464844,38.608299255371094,0,0,0,0,0,0,0,0,1,1,1,1,1,1,1,1,1,0,0,0,0,0,1,1,1
2022-01-02 16:30:00+00:00,60,1,16,137.15171813964844,120.78621673583984,0,0,0,0,0,0,0,0,0,0,0,1,1,1,1,1,1,0,0,0,0,0,0,0,0
2022-01-02 16:30:00+00:00,60,1,16,72.18807983398438,136.51519775390625,0,0,0,0,0,0,0,0,1,1,1,1,1,1,1,1,1,0,0,0,0,0,0,0,0
2022-01-02 16:45:00+00:00,60,1,16,126.22171020507812,140.23526000976562,0,0,0,0,0,0,0,0,0,0,0,1,1,1,1,1,1,0,0,0,0,0,0,0,0
2022-01-02 16:45:00+00:00,60,1,16,309.6900634765625,315.8041076660156,0,0,0,0,0,0,0,0,0,0,0,0,0,0,0,0,1,0,0,0,0,0,0,0,0
2022-01-02 16:45:00+00:00,60,1,16,177.90719604492188,198.41920471191406,0,0,0,0,0,0,0,0,0,0,0,0,1,1,1,1,1,0,0,0,0,0,0,0,0
2022-01-02 16:45:00+00:00,60,1,16,198.6737518310547,168.2313690185547,0,0,0,0,0,0,0,0,0,0,0,0,0,1,1,1,1,0,0,0,0,0,0,0,0
2022-01-02 16:45:00+00:00,60,1,16,,,0,0,0,0,0,0,0,0,0,0,0,0,0,0,0,0,0,0,0,0,0,0,0,0,0
2022-01-02 17:00:00+00:00,60,1,17,188.0174102783203,132.4094696044922,0,0,0,0,0,0,0,0,0,0,0,0,0,1,1,1,1,0,0,0,0,0,0,0,0
2022-01-02 17:00:00+00:00,60,1,17,302.54718017578125,11.606003761291504,0,0,0,0,0,0,0,0,0,0,0,0,0,0,0,0,1,0,1,1,1,1,1,1,1
2022-01-02 17:00:00+00:00,60,1,17,345.1375732421875,218.59727478027344,0,0,0,0,0,0,0,0,0,0,0,0,0,0,0,0,1,0,0,0,0,0,0,0,0
2022-01-02 17:00:00+00:00,60,1,17,167.37705993652344,408.8596496582031,0,0,0,0,0,0,0,0,0,0,0,0,1,1,1,1,1,0,0,0,0,0,0,0,0
2022-01-02 17:00:00+00:00,60,1,17,436.1111755371094,412.29217529296875,0,0,0,0,0,0,0,0,0,0,0,0,0,0,0,0,0,0,0,0,0,0,0,0,0
2022-01-02 17:00:00+00:00,60,1,17,157.4623260498047,6.191047668457031,0,0,0,0,0,0,0,0,0,0,0,0,1,1,1,1,1,1,1,1,1,1,1,1,1
2022-01-02 17:15:00+00:00,60,1,17,192.6248779296875,0.0,0,0,0,0,0,0,0,0,0,0,0,0,0,1,1,1,1,1,1,1,1,1,1,1,1
2022-01-02 17:15:00+00:00,60,1,17,199.61904907226562,238.4752655029297,0,0,0,0,0,0,0,0,0,0,0,0,0,1,1,1,1,0,0,0,0,0,0,0,0
2022-01-02 17:15:00+00:00,60,1,17,123.72262573242188,381.7872009277344,0,0,0,0,0,0,0,0,0,0,0,1,1,1,1,1,1,0,0,0,0,0,0,0,0
2022-01-02 17:15:00+00:00,60,1,17,177.66799926757812,197.01406860351562,0,0,0,0,0,0,0,0,0,0,0,0,1,1,1,1,1,0,0,0,0,0,0,0,0
2022-01-02 17:15:00+00:00,60,1,17,,,0,0,0,0,0,0,0,0,0,0,0,0,0,0,0,0,0,0,0,0,0,0,0,0,0
2022-01-02 17:30:00+00:00,60,1,17,223.033447265625,210.15382385253906,0,0,0,0,0,0,0,0,0,0,0,0,0,0,1,1,1,0,0,0,0,0,0,0,0
2022-01-02 17:30:00+00:00,60,1,17,193.0409698486328,157.2945556640625,0,0,0,0,0,0,0,0,0,0,0,0,0,1,1,1,1,0,0,0,0,0,0,0,0
2022-01-02 17:30:00+00:00,60,1,17,114.44458770751953,78.50679016113281,0,0,0,0,0,0,0,0,0,0,1,1,1,1,1,1,1,0,0,0,0,0,0,0,0
2022-01-02 17:30:00+00:00,60,1,17,180.06695556640625,185.68450927734375,0,0,0,0,0,0,0,0,0,0,0,0,0,1,1,1,1,0,0,0,0,0,0,0,0
2022-01-02 17:30:00+00:00,60,1,17,152.9239501953125,71.01318359375,0,0,0,0,0,0,0,0,0,0,0,0,1,1,1,1,1,0,0,0,0,0,0,0,0
2022-01-02 17:45:00+00:00,60,1,17,384.28802490234375,226.78250122070312,0,0,0,0,0,0,0,0,0,0,0,0,0,0,0,0,0,0,0,0,0,0,0,0,0
2022-01-02 17:45:00+00:00,60,1,17,,354.3404541015625,0,0,0,0,0,0,0,0,0,0,0,0,0,0,0,0,0,0,0,0,0,0,0,0,0
2022-01-02 17:45:00+00:00,60,1,17,276.0531005859375,122.38375091552734,0,0,0,0,0,0,0,0,0,0,0,0,0,0,0,1,1,0,0,0,0,0,0,0,0
2022-01-02 17:45:00+00:00,60,1,17,307.9493408203125,404.1216735839844,0,0,0,0,0,0,0,0,0,0,0,0,0,0,0,0,1,0,0,0,0,0,0,0,0
2022-01-02 17:45:00+00:00,60,1,17,152.15982055664062,0.0,0,0,0,0,0,0,0,0,0,0,0,0,1,1,1,1,1,1,1,1,1,1,1,1,1
2022-01-02 17:45:00+00:00,60,1,17,294.2737731933594,277.448974609375,0,0,0,0,0,0,0,0,0,0,0,0,0,0,0,1,1,0,0,0,0,0,0,0,0
2022-01-03 10:00:00+00:00,60,1,10,,232.33209228515625,0,0,0,0,0,0,0,0,0,0,0,0,0,0,0,0,0,0,0,0,0,0,0,0,0
2022-01-03 10:00:00+00:00,60,1,10,235.80007934570312,8.285018920898438,0,0,0,0,0,0,0,0,0,0,0,0,0,0,1,1,1,1,1,1,1,1,1,1,1
2022-01-03 10:00:00+00:00,60,1,10,,,0,0,0,0,0,0,0,0,0,0,0,0,0,0,0,0,0,0,0,0,0,0,0,0,0
2022-01-03 10:00:00+00:00,60,1,10,212.82318115234375,80.45215606689453,0,0,0,0,0,0,0,0,0,0,0,0,0,0,1,1,1,0,0,0,0,0,0,0,0
2022-01-03 10:00:00+00:00,60,1,10,428.0303039550781,79.24976348876953,0,0,0,0,0,0,0,0,0,0,0,0,0,0,0,0,0,0,0,0,0,0,0,0,0
2022-01-03 10:00:00+00:00,60,1,10,,131.39041137695312,0,0,0,0,0,0,0,0,0,0,0,0,0,0,0,0,0,0,0,0,0,0,0,0,0
2022-01-03 10:00:00+00:00,60,1,10,,0.0,0,0,0,0,0,0,0,0,0,0,0,0,0,0,0,0,0,1,1,1,1,1,1,1,1
2022-01-03 10:00:00+00:00,60,1,10,,277.1911926269531,0,0,0,0,0,0,0,0,0,0,0,0,0,0,0,0,0,0,0,0,0,0,0,0,0
2022-01-03 10:00:00+00:00,60,1,10,330.78466796875,87.02568817138672,0,0,0,0,0,0,0,0,0,0,0,0,0,0,0,0,1,0,0,0,0,0,0,0,0
2022-01-03 10:00:00+00:00,60,1,10,347.8943786621094,65.18927001953125,0,0,0,0,0,0,0,0,0,0,0,0,0,0,0,0,1,0,0,0,0,0,0,0,0
2022-01-03 10:00:00+00:00,60,1,10,257.70404052734375,3.0994699001312256,0,0,0,0,0,0,0,0,0,0,0,0,0,0,0,1,1,1,1,1,1,1,1,1,1
2022-01-03 10:00:00+00:00,60,1,10,68.4759750366211,73.24144744873047,0,0,0,0,0,0,0,0,1,1,1,1,1,1,1,1,1,0,0,0,0,0,0,0,0
2022-01-03 10:00:00+00:00,60,1,10,94.13807678222656,101.66389465332031,0,0,0,0,0,0,0,0,0,1,1,1,1,1,1,1,1,0,0,0,0,0,0,0,0
2022-01-03 10:00:00+00:00,60,1,10,247.31137084960938,234.87631225585938,0,0,0,0,0,0,0,0,0,0,0,0,0,0,1,1,1,0,0,0,0,0,0,0,0
2022-01-03 10:00:00+00:00,60,1,10,,,0,0,0,0,0,0,0,0,0,0,0,0,0,0,0,0,0,0,0,0,0,0,0,0,0
2022-01-03 10:15:00+00:00,60,1,10,133.745849609375,127.3076400756836,0,0,0,0,0,0,0,0,0,0,0,1,1,1,1,1,1,0,0,0,0,0,0,0,0
2022-01-03 10:15:00+00:00,60,1,10,133.2297821044922,26.69570541381836,0,0,0,0,0,0,0,0,0,0,0,1,1,1,1,1,1,0,0,0,0,1,1,1,1
2022-01-03 10:15:00+00:00,60,1,10,391.4252014160156,124.18972778320312,0,0,0,0,0,0,0,0,0,0,0,0,0,0,0,0,0,0,0,0,0,0,0,0,0
2022-01-03 10:15:00+00:00,60,1,10,386.7610778808594,62.5500373840332,0,0,0,0,0,0,0,0,0,0,0,0,0,0,0,0,0,0,0,0,0,0,0,0,0
2022-01-03 10:15:00+00:00,60,1,10,147.9396514892578,126.92816162109375,0,0,0,0,0,0,0,0,0,0,0,1,1,1,1,1,1,0,0,0,0,0,0,0,0
2022-01-03 10:15:00+00:00,60,1,10,,285.2447509765625,0,0,0,0,0,0,0,0,0,0,0,0,0,0,0,0,0,0,0,0,0,0,0,0,0
2022-01-03 10:15:00+00:00,60,1,10,265.3035583496094,164.20603942871094,0,0,0,0,0,0,0,0,0,0,0,0,0,0,0,1,1,0,0,0,0,0,0,0,0
2022-01-03 10:15:00+00:00,60,1,10,308.4137268066406,265.1441955566406,0,0,0,0,0,0,0,0,0,0,0,0,0,0,0,0,1,0,0,0,0,0,0,0,0
2022-01-03 10:15:00+00:00,60,1,10,318.8934631347656,296.3927917480469,0,0,0,0,0,0,0,0,0,0,0,0,0,0,0,0,1,0,0,0,0,0,0,0,0
2022-01-03 10:15:00+00:00,60,1,10,208.31039428710938,186.61520385742188,0,0,0,0,0,0,0,0,0,0,0,0,0,0,1,1,1,0,0,0,0,0,0,0,0
2022-01-03 10:15:00+00:00,60,1,10,103.25321197509766,74.20657348632812,0,0,0,0,0,0,0,0,0,0,1,1,1,1,1,1,1,0,0,0,0,0,0,0,0
2022-01-03 10:15:00+00:00,60,1,10,340.734619140625,319.7828063964844,0,0,0,0,0,0,0,0,0,0,0,0,0,0,0,0,1,0,0,0,0,0,0,0,0
2022-01-03 10:15:00+00:00,60,1,10,227.40866088867188,48.226531982421875,0,0,0,0,0,0,0,0,0,0,0,0,0,0,1,1,1,0,0,0,0,0,0,1,1
2022-01-03 10:15:00+00:00,60,1,10,54.55088424682617,16.402301788330078,0,0,0,0,0,0,0,1,1,1,1,1,1,1,1,1,1,0,0,1,1,1,1,1,1
2022-01-03 10:15:00+00:00,60,1,10,,0.0,0,0,0,0,0,0,0,0,0,0,0,0,0,0,0,0,0,1,1,1,1,1,1,1,1
2022-01-03 10:15:00+00:00,60,1,10,,338.99639892578125,0,0,0,0,0,0,0,0,0,0,0,0,0,0,0,0,0,0,0,0,0,0,0,0,0
2022-01-03 10:30:00+00:00,60,1,10,,509.5777893066406,0,0,0,0,0,0,0,0,0,0,0,0,0,0,0,0,0,0,0,0,0,0,0,0,0
2022-01-03 10:30:00+00:00,60,1,10,,,0,0,0,0,0,0,0,0,0,0,0,0,0,0,0,0,0,0,0,0,0,0,0,0,0
2022-01-03 10:30:00+00:00,60,1,10,122.16410827636719,132.74835205078125,0,0,0,0,0,0,0,0,0,0,0,1,1,1,1,1,1,0,0,0,0,0,0,0,0
2022-01-03 10:30:00+00:00,60,1,10,,323.21826171875,0,0,0,0,0,0,0,0,0,0,0,0,0,0,0,0,0,0,0,0,0,0,0,0,0
2022-01-03 10:30:00+00:00,60,1,10,,349.5351257324219,0,0,0,0,0,0,0,0,0,0,0,0,0,0,0,0,0,0,0,0,0,0,0,0,0
2022-01-03 10:30:00+00:00,60,1,10,374.70416259765625,164.8648223876953,0,0,0,0,0,0,0,0,0,0,0,0,0,0,0,0,0,0,0,0,0,0,0,0,0
2022-01-03 10:30:00+00:00,60,1,10,,184.589111328125,0,0,0,0,0,0,0,0,0,0,0,0,0,0,0,0,0,0,0,0,0,0,0,0,0
2022-01-03 10:30:00+00:00,60,1,10,505.6525573730469,341.0664978027344,0,0,0,0,0,0,0,0,0,0,0,0,0,0,0,0,0,0,0,0,0,0,0,0,0
2022-01-03 10:30:00+00:00,60,1,10,27.012144088745117,16.46027374267578,0,0,0,0,1,1,1,1,1,1,1,1,1,1,1,1,1,0,0,1,1,1,1,1,1
2022-01-03 10:30:00+00:00,60,1,10,221.1592559814453,95.47554779052734,0,0,0,0,0,0,0,0,0,0,0,0,0,0,1,1,1,0,0,0,0,0,0,0,0
2022-01-03 10:30:00+00:00,60,1,10,307.49017333984375,9.833064079284668,0,0,0,0,0,0,0,0,0,0,0,0,0,0,0,0,1,1,1,1,1,1,1,1,1
2022-01-03 10:30:00+00:00,60,1,10,374.4321594238281,102.95616912841797,0,0,0,0,0,0,0,0,0,0,0,0,0,0,0,0,0,0,0,0,0,0,0,0,0
2022-01-03 10:30:00+00:00,60,1,10,91.03665161132812,39.487064361572266,0,0,0,0,0,0,0,0,0,1,1,1,1,1,1,1,1,0,0,0,0,0,1,1,1
2022-01-03 10:30:00+00:00,60,1,10,426.4730529785156,93.56209564208984,0,0,0,0,0,0,0,0,0,0,0,0,0,0,0,0,0,0,0,0,0,0,0,0,0
2022-01-03 10:30:00+00:00,60,1,10,431.8644104003906,62.56733322143555,0,0,0,0,0,0,0,0,0,0,0,0,0,0,0,0,0,0,0,0,0,0,0,0,0
2022-01-03 10:30:00+00:00,60,1,10,,24.137163162231445,0,0,0,0,0,0,0,0,0,0,0,0,0,0,0,0,0,0,0,0,1,1,1,1,1
2022-01-03 10:30:00+00:00,60,1,10,,,0,0,0,0,0,0,0,0,0,0,0,0,0,0,0,0,0,0,0,0,0,0,0,0,0
2022-01-03 10:30:00+00:00,60,1,10,,396.319091796875,0,0,0,0,0,0,0,0,0,0,0,0,0,0,0,0,0,0,0,0,0,0,0,0,0
2022-01-03 10:30:00+00:00,60,1,10,323.2320556640625,264.0098876953125,0,0,0,0,0,0,0,0,0,0,0,0,0,0,0,0,1,0,0,0,0,0,0,0,0
2022-01-03 10:30:00+00:00,60,1,10,324.10137939453125,212.76931762695312,0,0,0,0,0,0,0,0,0,0,0,0,0,0,0,0,1,0,0,0,0,0,0,0,0
2022-01-03 10:30:00+00:00,60,1,10,,,0,0,0,0,0,0,0,0,0,0,0,0,0,0,0,0,0,0,0,0,0,0,0,0,0
2022-01-03 10:30:00+00:00,60,1,10,,,0,0,0,0,0,0,0,0,0,0,0,0,0,0,0,0,0,0,0,0,0,0,0,0,0
2022-01-03 10:30:00+00:00,60,1,10,50.15485382080078,66.42684173583984,0,0,0,0,0,0,0,1,1,1,1,1,1,1,1,1,1,0,0,0,0,0,0,0,0
2022-01-03 10:30:00+00:00,60,1,10,139.22341918945312,0.0,0,0,0,0,0,0,0,0,0,0,0,1,1,1,1,1,1,1,1,1,1,1,1,1,1
2022-01-03 10:30:00+00:00,60,1,10,129.0134735107422,78.84994506835938,0,0,0,0,0,0,0,0,0,0,0,1,1,1,1,1,1,0,0,0,0,0,0,0,0
2022-01-03 10:30:00+00:00,60,1,10,176.1007080078125,199.38052368164062,0,0,0,0,0,0,0,0,0,0,0,0,1,1,1,1,1,0,0,0,0,0,0,0,0
2022-01-03 10:30:00+00:00,60,1,10,71.32218170166016,18.592060089111328,0,0,0,0,0,0,0,0,1,1,1,1,1,1,1,1,1,0,0,1,1,1,1,1,1
2022-01-03 10:30:00+00:00,60,1,10,,239.44972229003906,0,0,0,0,0,0,0,0,0,0,0,0,0,0,0,0,0,0,0,0,0,0,0,0,0
2022-01-03 10:30:00+00:00,60,1,10,,,0,0,0,0,0,0,0,0,0,0,0,0,0,0,0,0,0,0,0,0,0,0,0,0,0
2022-01-03 10:45:00+00:00,60,1,10,,87.11734008789062,0,0,0,0,0,0,0,0,0,0,0,0,0,0,0,0,0,0,0,0,0,0,0,0,0
2022-01-03 10:45:00+00:00,60,1,10,,,0,0,0,0,0,0,0,0,0,0,0,0,0,0,0,0,0,0,0,0,0,0,0,0,0
2022-01-03 10:45:00+00:00,60,1,10,90.69060516357422,61.43608474731445,0,0,0,0,0,0,0,0,0,1,1,1,1,1,1,1,1,0,0,0,0,0,0,0,0
2022-01-03 10:45:00+00:00,60,1,10,,,0,0,0,0,0,0,0,0,0,0,0,0,0,0,0,0,0,0,0,0,0,0,0,0,0
2022-01-03 10:45:00+00:00,60,1,10,131.7747039794922,89.2642822265625,0,0,0,0,0,0,0,0,0,0,0,1,1,1,1,1,1,0,0,0,0,0,0,0,0
2022-01-03 10:45:00+00:00,60,1,10,105.79145812988281,72.64860534667969,0,0,0,0,0,0,0,0,0,0,1,1,1,1,1,1,1,0,0,0,0,0,0,0,0
2022-01-03 10:45:00+00:00,60,1,10,89.53652954101562,23.299667358398438,0,0,0,0,0,0,0,0,0,1,1,1,1,1,1,1,1,0,0,0,1,1,1,1,1
2022-01-03 10:45:00+00:00,60,1,10,153.63998413085938,148.7873992919922,0,0,0,0,0,0,0,0,0,0,0,0,1,1,1,1,1,0,0,0,0,0,0,0,0
2022-01-03 10:45:00+00:00,60,1,10,,6.591927528381348,0,0,0,0,0,0,0,0,0,0,0,0,0,0,0,0,0,1,1,1,1,1,1,1,1
2022-01-03 10:45:00+00:00,60,1,10,,292.1154479980469,0,0,0,0,0,0,0,0,0,0,0,0,0,0,0,0,0,0,0,0,0,0,0,0,0
2022-01-03 10:45:00+00:00,60,1,10,,77.36027526855469,0,0,0,0,0,0,0,0,0,0,0,0,0,0,0,0,0,0,0,0,0,0,0,0,0
2022-01-03 10:45:00+00:00,60,1,10,225.2214813232422,157.14141845703125,0,0,0,0,0,0,0,0,0,0,0,0,0,0,1,1,1,0,0,0,0,0,0,0,0
2022-01-03 10:45:00+00:00,60,1,10,189.52169799804688,117.4979019165039,0,0,0,0,0,0,0,0,0,0,0,0,0,1,1,1,1,0,0,0,0,0,0,0,0
2022-01-03 10:45:00+00:00,60,1,10,,92.67062377929688,0,0,0,0,0,0,0,0,0,0,0,0,0,0,0,0,0,0,0,0,0,0,0,0,0
2022-01-03 10:45:00+00:00,60,1,10,360.7915344238281,28.471559524536133,0,0,0,0,0,0,0,0,0,0,0,0,0,0,0,0,0,0,0,0,0,1,1,1,1
2022-01-03 10:45:00+00:00,60,1,10,350.9246520996094,151.2358856201172,0,0,0,0,0,0,0,0,0,0,0,0,0,0,0,0,0,0,0,0,0,0,0,0,0
2022-01-03 10:45:00+00:00,60,1,10,129.64202880859375,97.7581787109375,0,0,0,0,0,0,0,0,0,0,0,1,1,1,1,1,1,0,0,0,0,0,0,0,0
2022-01-03 10:45:00+00:00,60,1,10,149.63548278808594,117.8575210571289,0,0,0,0,0,0,0,0,0,0,0,1,1,1,1,1,1,0,0,0,0,0,0,0,0
2022-01-03 10:45:00+00:00,60,1,10,99.57123565673828,88.76473236083984,0,0,0,0,0,0,0,0,0,1,1,1,1,1,1,1,1,0,0,0,0,0,0,0,0
2022-01-03 10:45:00+00:00,60,1,10,63.647518157958984,35.81215286254883,0,0,0,0,0,0,0,0,1,1,1,1,1,1,1,1,1,0,0,0,0,0,1,1,1
2022-01-03 10:45:00+00:00,60,1,10,204.0894775390625,79.60948944091797,0,0,0,0,0,0,0,0,0,0,0,0,0,0,1,1,1,0,0,0,0,0,0,0,0
2022-01-03 10:45:00+00:00,60,1,10,79.41600799560547,74.90821838378906,0,0,0,0,0,0,0,0,1,1,1,1,1,1,1,1,1,0,0,0,0,0,0,0,0
2022-01-03 10:45:00+00:00,60,1,10,172.15023803710938,176.04776000976562,0,0,0,0,0,0,0,0,0,0,0,0,1,1,1,1,1,0,0,0,0,0,0,0,0
2022-01-03 10:45:00+00:00,60,1,10,,,0,0,0,0,0,0,0,0,0,0,0,0,0,0,0,0,0,0,0,0,0,0,0,0,0
2022-01-03 10:45:00+00:00,60,1,10,141.7204132080078,131.4692840576172,0,0,0,0,0,0,0,0,0,0,0,1,1,1,1,1,1,0,0,0,0,0,0,0,0
2022-01-03 10:45:00+00:00,60,1,10,156.34616088867188,219.28233337402344,0,0,0,0,0,0,0,0,0,0,0,0,1,1,1,1,1,0,0,0,0,0,0,0,0
2022-01-03 10:45:00+00:00,60,1,10,,,0,0,0,0,0,0,0,0,0,0,0,0,0,0,0,0,0,0,0,0,0,0,0,0,0
2022-01-03 11:00:00+00:00,60,1,11,,548.7251586914062,0,0,0,0,0,0,0,0,0,0,0,0,0,0,0,0,0,0,0,0,0,0,0,0,0
2022-01-03 11:00:00+00:00,60,1,11,254.1512908935547,,0,0,0,0,0,0,0,0,0,0,0,0,0,0,0,1,1,0,0,0,0,0,0,0,0
2022-01-03 11:00:00+00:00,60,1,11,154.84371948242188,368.47296142578125,0,0,0,0,0,0,0,0,0,0,0,0,1,1,1,1,1,0,0,0,0,0,0,0,0
2022-01-03 11:00:00+00:00,60,1,11,196.63998413085938,174.5746612548828,0,0,0,0,0,0,0,0,0,0,0,0,0,1,1,1,1,0,0,0,0,0,0,0,0
2022-01-03 11:00:00+00:00,60,1,11,70.60420227050781,116.52169799804688,0,0,0,0,0,0,0,0,1,1,1,1,1,1,1,1,1,0,0,0,0,0,0,0,0
2022-01-03 11:00:00+00:00,60,1,11,93.42095184326172,0.0,0,0,0,0,0,0,0,0,0,1,1,1,1,1,1,1,1,1,1,1,1,1,1,1,1
2022-01-03 11:00:00+00:00,60,1,11,,336.36865234375,0,0,0,0,0,0,0,0,0,0,0,0,0,0,0,0,0,0,0,0,0,0,0,0,0
2022-01-03 11:00:00+00:00,60,1,11,71.65607452392578,79.2100830078125,0,0,0,0,0,0,0,0,1,1,1,1,1,1,1,1,1,0,0,0,0,0,0,0,0
2022-01-03 11:00:00+00:00,60,1,11,77.7601318359375,100.08621215820312,0,0,0,0,0,0,0,0,1,1,1,1,1,1,1,1,1,0,0,0,0,0,0,0,0
2022-01-03 11:00:00+00:00,60,1,11,112.63470458984375,130.9406280517578,0,0,0,0,0,0,0,0,0,0,1,1,1,1,1,1,1,0,0,0,0,0,0,0,0
2022-01-03 11:00:00+00:00,60,1,11,,181.2142333984375,0,0,0,0,0,0,0,0,0,0,0,0,0,0,0,0,0,0,0,0,0,0,0,0,0
2022-01-03 11:00:00+00:00,60,1,11,,101.14778137207031,0,0,0,0,0,0,0,0,0,0,0,0,0,0,0,0,0,0,0,0,0,0,0,0,0
2022-01-03 11:00:00+00:00,60,1,11,255.01202392578125,19.25589942932129,0,0,0,0,0,0,0,0,0,0,0,0,0,0,0,1,1,0,0,1,1,1,1,1,1
2022-01-03 11:00:00+00:00,60,1,11,129.01898193359375,59.505332946777344,0,0,0,0,0,0,0,0,0,0,0,1,1,1,1,1,1,0,0,0,0,0,0,0,1
2022-01-03 11:00:00+00:00,60,1,11,,7.6280517578125,0,0,0,0,0,0,0,0,0,0,0,0,0,0,0,0,0,1,1,1,1,1,1,1,1
2022-01-03 11:00:00+00:00,60,1,11,189.68316650390625,178.1069793701172,0,0,0,0,0,0,0,0,0,0,0,0,0,1,1,1,1,0,0,0,0,0,0,0,0
2022-01-03 11:00:00+00:00,60,1,11,185.8097686767578,85.48362731933594,0,0,0,0,0,0,0,0,0,0,0,0,0,1,1,1,1,0,0,0,0,0,0,0,0
2022-01-03 11:00:00+00:00,60,1,11,113.43212127685547,98.11333465576172,0,0,0,0,0,0,0,0,0,0,1,1,1,1,1,1,1,0,0,0,0,0,0,0,0
2022-01-03 11:00:00+00:00,60,1,11,120.16311645507812,58.26644515991211,0,0,0,0,0,0,0,0,0,0,0,1,1,1,1,1,1,0,0,0,0,0,0,0,1
2022-01-03 11:00:00+00:00,60,1,11,97.46991729736328,19.093542098999023,0,0,0,0,0,0,0,0,0,1,1,1,1,1,1,1,1,0,0,1,1,1,1,1,1
2022-01-03 11:00:00+00:00,60,1,11,64.06279754638672,8.480697631835938,0,0,0,0,0,0,0,0,1,1,1,1,1,1,1,1,1,1,1,1,1,1,1,1,1
2022-01-03 11:00:00+00:00,60,1,11,54.19041442871094,50.32569885253906,0,0,0,0,0,0,0,1,1,1,1,1,1,1,1,1,1,0,0,0,0,0,0,0,1
2022-01-03 11:00:00+00:00,60,1,11,471.9577941894531,112.5227279663086,0,0,0,0,0,0,0,0,0,0,0,0,0,0,0,0,0,0,0,0,0,0,0,0,0
2022-01-03 11:00:00+00:00,60,1,11,305.6255187988281,19.799793243408203,0,0,0,0,0,0,0,0,0,0,0,0,0,0,0,0,1,0,0,1,1,1,1,1,1
2022-01-03 11:00:00+00:00,60,1,11,242.83950805664062,47.03868865966797,0,0,0,0,0,0,0,0,0,0,0,0,0,0,1,1,1,0,0,0,0,0,0,1,1
2022-01-03 11:00:00+00:00,60,1,11,50.021949768066406,3.133715867996216,0,0,0,0,0,0,0,1,1,1,1,1,1,1,1,1,1,1,1,1,1,1,1,1,1
2022-01-03 11:00:00+00:00,60,1,11,85.53353118896484,68.38481903076172,0,0,0,0,0,0,0,0,0,1,1,1,1,1,1,1,1,0,0,0,0,0,0,0,0
2022-01-03 11:00:00+00:00,60,1,11,244.3710479736328,3.044508218765259,0,0,0,0,0,0,0,0,0,0,0,0,0,0,1,1,1,1,1,1,1,1,1,1,1
2022-01-03 11:00:00+00:00,60,1,11,97.76455688476562,79.39833068847656,0,0,0,0,0,0,0,0,0,1,1,1,1,1,1,1,1,0,0,0,0,0,0,0,0
2022-01-03 11:00:00+00:00,60,1,11,,,0,0,0,0,0,0,0,0,0,0,0,0,0,0,0,0,0,0,0,0,0,0,0,0,0
2022-01-03 11:00:00+00:00,60,1,11,,,0,0,0,0,0,0,0,0,0,0,0,0,0,0,0,0,0,0,0,0,0,0,0,0,0
2022-01-03 11:15:00+00:00,60,1,11,,,0,0,0,0,0,0,0,0,0,0,0,0,0,0,0,0,0,0,0,0,0,0,0,0,0
2022-01-03 11:15:00+00:00,60,1,11,,174.75607299804688,0,0,0,0,0,0,0,0,0,0,0,0,0,0,0,0,0,0,0,0,0,0,0,0,0
2022-01-03 11:15:00+00:00,60,1,11,149.5042266845703,142.24429321289062,0,0,0,0,0,0,0,0,0,0,0,1,1,1,1,1,1,0,0,0,0,0,0,0,0
2022-01-03 11:15:00+00:00,60,1,11,327.39971923828125,146.1195831298828,0,0,0,0,0,0,0,0,0,0,0,0,0,0,0,0,1,0,0,0,0,0,0,0,0
2022-01-03 11:15:00+00:00,60,1,11,512.5342407226562,300.014892578125,0,0,0,0,0,0,0,0,0,0,0,0,0,0,0,0,0,0,0,0,0,0,0,0,0
2022-01-03 11:15:00+00:00,60,1,11,170.54283142089844,82.72215270996094,0,0,0,0,0,0,0,0,0,0,0,0,1,1,1,1,1,0,0,0,0,0,0,0,0
2022-01-03 11:15:00+00:00,60,1,11,387.53564453125,15.248315811157227,0,0,0,0,0,0,0,0,0,0,0,0,0,0,0,0,0,0,0,1,1,1,1,1,1
2022-01-03 11:15:00+00:00,60,1,11,53.05458068847656,0.0,0,0,0,0,0,0,0,1,1,1,1,1,1,1,1,1,1,1,1,1,1,1,1,1,1
2022-01-03 11:15:00+00:00,60,1,11,114.46664428710938,81.89395141601562,0,0,0,0,0,0,0,0,0,0,1,1,1,1,1,1,1,0,0,0,0,0,0,0,0
2022-01-03 11:15:00+00:00,60,1,11,,83.77851104736328,0,0,0,0,0,0,0,0,0,0,0,0,0,0,0,0,0,0,0,0,0,0,0,0,0
2022-01-03 11:15:00+00:00,60,1,11,78.2831039428711,77.27608489990234,0,0,0,0,0,0,0,0,1,1,1,1,1,1,1,1,1,0,0,0,0,0,0,0,0
2022-01-03 11:15:00+00:00,60,1,11,219.2100830078125,66.88723754882812,0,0,0,0,0,0,0,0,0,0,0,0,0,0,1,1,1,0,0,0,0,0,0,0,0
2022-01-03 11:15:00+00:00,60,1,11,366.0580749511719,59.41559982299805,0,0,0,0,0,0,0,0,0,0,0,0,0,0,0,0,0,0,0,0,0,0,0,0,1
2022-01-03 11:15:00+00:00,60,1,11,159.05563354492188,132.6407012939453,0,0,0,0,0,0,0,0,0,0,0,0,1,1,1,1,1,0,0,0,0,0,0,0,0
2022-01-03 11:15:00+00:00,60,1,11,53.48808288574219,28.24333381652832,0,0,0,0,0,0,0,1,1,1,1,1,1,1,1,1,1,0,0,0,0,1,1,1,1
2022-01-03 11:15:00+00:00,60,1,11,224.15870666503906,90.81954193115234,0,0,0,0,0,0,0,0,0,0,0,0,0,0,1,1,1,0,0,0,0,0,0,0,0
2022-01-03 11:15:00+00:00,60,1,11,182.96975708007812,50.65666961669922,0,0,0,0,0,0,0,0,0,0,0,0,0,1,1,1,1,0,0,0,0,0,0,0,1
2022-01-03 11:15:00+00:00,60,1,11,97.41912841796875,103.05204010009766,0,0,0,0,0,0,0,0,0,1,1,1,1,1,1,1,1,0,0,0,0,0,0,0,0
2022-01-03 11:15:00+00:00,60,1,11,279.129638671875,263.4974060058594,0,0,0,0,0,0,0,0,0,0,0,0,0,0,0,1,1,0,0,0,0,0,0,0,0
2022-01-03 11:15:00+00:00,60,1,11,204.78543090820312,105.65702056884766,0,0,0,0,0,0,0,0,0,0,0,0,0,0,1,1,1,0,0,0,0,0,0,0,0
2022-01-03 11:15:00+00:00,60,1,11,,,0,0,0,0,0,0,0,0,0,0,0,0,0,0,0,0,0,0,0,0,0,0,0,0,0
2022-01-03 11:15:00+00:00,60,1,11,,,0,0,0,0,0,0,0,0,0,0,0,0,0,0,0,0,0,0,0,0,0,0,0,0,0
2022-01-03 11:15:00+00:00,60,1,11,,,0,0,0,0,0,0,0,0,0,0,0,0,0,0,0,0,0,0,0,0,0,0,0,0,0
2022-01-03 11:30:00+00:00,60,1,11,,,0,0,0,0,0,0,0,0,0,0,0,0,0,0,0,0,0,0,0,0,0,0,0,0,0
2022-01-03 11:30:00+00:00,60,1,11,,,0,0,0,0,0,0,0,0,0,0,0,0,0,0,0,0,0,0,0,0,0,0,0,0,0
2022-01-03 11:30:00+00:00,60,1,11,,248.1847686767578,0,0,0,0,0,0,0,0,0,0,0,0,0,0,0,0,0,0,0,0,0,0,0,0,0
2022-01-03 11:30:00+00:00,60,1,11,188.36892700195312,189.6698455810547,0,0,0,0,0,0,0,0,0,0,0,0,0,1,1,1,1,0,0,0,0,0,0,0,0
2022-01-03 11:30:00+00:00,60,1,11,,233.08953857421875,0,0,0,0,0,0,0,0,0,0,0,0,0,0,0,0,0,0,0,0,0,0,0,0,0
2022-01-03 11:30:00+00:00,60,1,11,441.5682373046875,320.7640075683594,0,0,0,0,0,0,0,0,0,0,0,0,0,0,0,0,0,0,0,0,0,0,0,0,0
2022-01-03 11:30:00+00:00,60,1,11,384.6266784667969,84.87372589111328,0,0,0,0,0,0,0,0,0,0,0,0,0,0,0,0,0,0,0,0,0,0,0,0,0
2022-01-03 11:30:00+00:00,60,1,11,357.7864074707031,37.71833801269531,0,0,0,0,0,0,0,0,0,0,0,0,0,0,0,0,0,0,0,0,0,0,1,1,1
2022-01-03 11:30:00+00:00,60,1,11,350.2669982910156,10.207725524902344,0,0,0,0,0,0,0,0,0,0,0,0,0,0,0,0,0,0,1,1,1,1,1,1,1
2022-01-03 11:30:00+00:00,60,1,11,343.4781799316406,13.088560104370117,0,0,0,0,0,0,0,0,0,0,0,0,0,0,0,0,1,0,1,1,1,1,1,1,1
2022-01-03 11:30:00+00:00,60,1,11,452.46099853515625,12.52218246459961,0,0,0,0,0,0,0,0,0,0,0,0,0,0,0,0,0,0,1,1,1,1,1,1,1
2022-01-03 11:30:00+00:00,60,1,11,,86.2920913696289,0,0,0,0,0,0,0,0,0,0,0,0,0,0,0,0,0,0,0,0,0,0,0,0,0
2022-01-03 11:30:00+00:00,60,1,11,220.53170776367188,165.41879272460938,0,0,0,0,0,0,0,0,0,0,0,0,0,0,1,1,1,0,0,0,0,0,0,0,0
2022-01-03 11:30:00+00:00,60,1,11,,96.11563110351562,0,0,0,0,0,0,0,0,0,0,0,0,0,0,0,0,0,0,0,0,0,0,0,0,0
2022-01-03 11:30:00+00:00,60,1,11,,66.88795471191406,0,0,0,0,0,0,0,0,0,0,0,0,0,0,0,0,0,0,0,0,0,0,0,0,0
2022-01-03 11:30:00+00:00,60,1,11,352.8704833984375,134.01564025878906,0,0,0,0,0,0,0,0,0,0,0,0,0,0,0,0,0,0,0,0,0,0,0,0,0
2022-01-03 11:30:00+00:00,60,1,11,65.32705688476562,3.3934035301208496,0,0,0,0,0,0,0,0,1,1,1,1,1,1,1,1,1,1,1,1,1,1,1,1,1
2022-01-03 11:30:00+00:00,60,1,11,,105.71174621582031,0,0,0,0,0,0,0,0,0,0,0,0,0,0,0,0,0,0,0,0,0,0,0,0,0
2022-01-03 11:30:00+00:00,60,1,11,,60.86526870727539,0,0,0,0,0,0,0,0,0,0,0,0,0,0,0,0,0,0,0,0,0,0,0,0,0
2022-01-03 11:30:00+00:00,60,1,11,251.87998962402344,0.0,0,0,0,0,0,0,0,0,0,0,0,0,0,0,0,1,1,1,1,1,1,1,1,1,1
2022-01-03 11:30:00+00:00,60,1,11,69.3506851196289,6.131009578704834,0,0,0,0,0,0,0,0,1,1,1,1,1,1,1,1,1,1,1,1,1,1,1,1,1
2022-01-03 11:30:00+00:00,60,1,11,,,0,0,0,0,0,0,0,0,0,0,0,0,0,0,0,0,0,0,0,0,0,0,0,0,0
2022-01-03 11:30:00+00:00,60,1,11,193.11277770996094,48.94145584106445,0,0,0,0,0,0,0,0,0,0,0,0,0,1,1,1,1,0,0,0,0,0,0,1,1
2022-01-03 11:30:00+00:00,60,1,11,86.7232437133789,13.352625846862793,0,0,0,0,0,0,0,0,0,1,1,1,1,1,1,1,1,0,1,1,1,1,1,1,1
2022-01-03 11:30:00+00:00,60,1,11,333.3489685058594,295.3188171386719,0,0,0,0,0,0,0,0,0,0,0,0,0,0,0,0,1,0,0,0,0,0,0,0,0
2022-01-03 11:30:00+00:00,60,1,11,,,0,0,0,0,0,0,0,0,0,0,0,0,0,0,0,0,0,0,0,0,0,0,0,0,0
2022-01-03 11:30:00+00:00,60,1,11,,,0,0,0,0,0,0,0,0,0,0,0,0,0,0,0,0,0,0,0,0,0,0,0,0,0
2022-01-03 11:45:00+00:00,60,1,11,,,0,0,0,0,0,0,0,0,0,0,0,0,0,0,0,0,0,0,0,0,0,0,0,0,0
2022-01-03 11:45:00+00:00,60,1,11,288.58740234375,277.2347412109375,0,0,0,0,0,0,0,0,0,0,0,0,0,0,0,1,1,0,0,0,0,0,0,0,0
2022-01-03 11:45:00+00:00,60,1,11,375.82110595703125,95.86151885986328,0,0,0,0,0,0,0,0,0,0,0,0,0,0,0,0,0,0,0,0,0,0,0,0,0
2022-01-03 11:45:00+00:00,60,1,11,198.93173217773438,168.36077880859375,0,0,0,0,0,0,0,0,0,0,0,0,0,1,1,1,1,0,0,0,0,0,0,0,0
2022-01-03 11:45:00+00:00,60,1,11,155.77127075195312,113.23710632324219,0,0,0,0,0,0,0,0,0,0,0,0,1,1,1,1,1,0,0,0,0,0,0,0,0
2022-01-03 11:45:00+00:00,60,1,11,259.5608215332031,201.0545654296875,0,0,0,0,0,0,0,0,0,0,0,0,0,0,0,1,1,0,0,0,0,0,0,0,0
2022-01-03 11:45:00+00:00,60,1,11,345.7788391113281,287.57745361328125,0,0,0,0,0,0,0,0,0,0,0,0,0,0,0,0,1,0,0,0,0,0,0,0,0
2022-01-03 11:45:00+00:00,60,1,11,304.1439514160156,58.53988265991211,0,0,0,0,0,0,0,0,0,0,0,0,0,0,0,0,1,0,0,0,0,0,0,0,1
2022-01-03 11:45:00+00:00,60,1,11,305.024658203125,252.23959350585938,0,0,0,0,0,0,0,0,0,0,0,0,0,0,0,0,1,0,0,0,0,0,0,0,0
2022-01-03 11:45:00+00:00,60,1,11,237.8999786376953,84.6042709350586,0,0,0,0,0,0,0,0,0,0,0,0,0,0,1,1,1,0,0,0,0,0,0,0,0
2022-01-03 11:45:00+00:00,60,1,11,151.09999084472656,12.671363830566406,0,0,0,0,0,0,0,0,0,0,0,0,1,1,1,1,1,0,1,1,1,1,1,1,1
2022-01-03 11:45:00+00:00,60,1,11,153.232177734375,130.61326599121094,0,0,0,0,0,0,0,0,0,0,0,0,1,1,1,1,1,0,0,0,0,0,0,0,0
2022-01-03 11:45:00+00:00,60,1,11,312.54730224609375,52.10892868041992,0,0,0,0,0,0,0,0,0,0,0,0,0,0,0,0,1,0,0,0,0,0,0,0,1
2022-01-03 11:45:00+00:00,60,1,11,178.98045349121094,124.91896057128906,0,0,0,0,0,0,0,0,0,0,0,0,1,1,1,1,1,0,0,0,0,0,0,0,0
2022-01-03 11:45:00+00:00,60,1,11,55.61001205444336,55.221981048583984,0,0,0,0,0,0,0,1,1,1,1,1,1,1,1,1,1,0,0,0,0,0,0,0,1
2022-01-03 11:45:00+00:00,60,1,11,220.2852783203125,197.38487243652344,0,0,0,0,0,0,0,0,0,0,0,0,0,0,1,1,1,0,0,0,0,0,0,0,0
2022-01-03 11:45:00+00:00,60,1,11,56.878597259521484,42.35732650756836,0,0,0,0,0,0,0,1,1,1,1,1,1,1,1,1,1,0,0,0,0,0,0,1,1
2022-01-03 11:45:00+00:00,60,1,11,46.07501220703125,13.962822914123535,0,0,0,0,0,0,1,1,1,1,1,1,1,1,1,1,1,0,1,1,1,1,1,1,1
2022-01-03 11:45:00+00:00,60,1,11,205.12574768066406,211.45309448242188,0,0,0,0,0,0,0,0,0,0,0,0,0,0,1,1,1,0,0,0,0,0,0,0,0
2022-01-03 11:45:00+00:00,60,1,11,193.94618225097656,120.64447784423828,0,0,0,0,0,0,0,0,0,0,0,0,0,1,1,1,1,0,0,0,0,0,0,0,0
2022-01-03 11:45:00+00:00,60,1,11,87.10913848876953,47.52923583984375,0,0,0,0,0,0,0,0,0,1,1,1,1,1,1,1,1,0,0,0,0,0,0,1,1
2022-01-03 11:45:00+00:00,60,1,11,63.50655746459961,32.3672981262207,0,0,0,0,0,0,0,0,1,1,1,1,1,1,1,1,1,0,0,0,0,0,1,1,1
2022-01-03 11:45:00+00:00,60,1,11,121.39451599121094,0.0,0,0,0,0,0,0,0,0,0,0,0,1,1,1,1,1,1,1,1,1,1,1,1,1,1
2022-01-03 11:45:00+00:00,60,1,11,67.50102996826172,0.0,0,0,0,0,0,0,0,0,1,1,1,1,1,1,1,1,1,1,1,1,1,1,1,1,1
2022-01-03 11:45:00+00:00,60,1,11,296.1572570800781,148.4894256591797,0,0,0,0,0,0,0,0,0,0,0,0,0,0,0,1,1,0,0,0,0,0,0,0,0
2022-01-03 11:45:00+00:00,60,1,11,,,0,0,0,0,0,0,0,0,0,0,0,0,0,0,0,0,0,0,0,0,0,0,0,0,0
2022-01-03 11:45:00+00:00,60,1,11,,,0,0,0,0,0,0,0,0,0,0,0,0,0,0,0,0,0,0,0,0,0,0,0,0,0
2022-01-03 12:00:00+00:00,60,1,12,193.88467407226562,198.26686096191406,0,0,0,0,0,0,0,0,0,0,0,0,0,1,1,1,1,0,0,0,0,0,0,0,0
2022-01-03 12:00:00+00:00,60,1,12,74.27660369873047,104.04449462890625,0,0,0,0,0,0,0,0,1,1,1,1,1,1,1,1,1,0,0,0,0,0,0,0,0
2022-01-03 12:00:00+00:00,60,1,12,124.81375885009766,152.00051879882812,0,0,0,0,0,0,0,0,0,0,0,1,1,1,1,1,1,0,0,0,0,0,0,0,0
2022-01-03 12:00:00+00:00,60,1,12,172.48948669433594,116.92498016357422,0,0,0,0,0,0,0,0,0,0,0,0,1,1,1,1,1,0,0,0,0,0,0,0,0
2022-01-03 12:00:00+00:00,60,1,12,178.0063934326172,59.46748352050781,0,0,0,0,0,0,0,0,0,0,0,0,1,1,1,1,1,0,0,0,0,0,0,0,1
2022-01-03 12:00:00+00:00,60,1,12,286.0850524902344,166.3203582763672,0,0,0,0,0,0,0,0,0,0,0,0,0,0,0,1,1,0,0,0,0,0,0,0,0
2022-01-03 12:00:00+00:00,60,1,12,190.90167236328125,27.937898635864258,0,0,0,0,0,0,0,0,0,0,0,0,0,1,1,1,1,0,0,0,0,1,1,1,1
2022-01-03 12:00:00+00:00,60,1,12,47.06700897216797,28.954618453979492,0,0,0,0,0,0,1,1,1,1,1,1,1,1,1,1,1,0,0,0,0,1,1,1,1
2022-01-03 12:00:00+00:00,60,1,12,118.75049591064453,66.60589599609375,0,0,0,0,0,0,0,0,0,0,1,1,1,1,1,1,1,0,0,0,0,0,0,0,0
2022-01-03 12:00:00+00:00,60,1,12,148.70350646972656,80.83219146728516,0,0,0,0,0,0,0,0,0,0,0,1,1,1,1,1,1,0,0,0,0,0,0,0,0
2022-01-03 12:00:00+00:00,60,1,12,97.11373901367188,71.54784393310547,0,0,0,0,0,0,0,0,0,1,1,1,1,1,1,1,1,0,0,0,0,0,0,0,0
2022-01-03 12:00:00+00:00,60,1,12,321.3656311035156,0.0,0,0,0,0,0,0,0,0,0,0,0,0,0,0,0,0,1,1,1,1,1,1,1,1,1
2022-01-03 12:00:00+00:00,60,1,12,96.33460235595703,4.814888954162598,0,0,0,0,0,0,0,0,0,1,1,1,1,1,1,1,1,1,1,1,1,1,1,1,1
2022-01-03 12:00:00+00:00,60,1,12,132.60462951660156,91.99378204345703,0,0,0,0,0,0,0,0,0,0,0,1,1,1,1,1,1,0,0,0,0,0,0,0,0
2022-01-03 12:00:00+00:00,60,1,12,80.301025390625,22.489763259887695,0,0,0,0,0,0,0,0,0,1,1,1,1,1,1,1,1,0,0,0,1,1,1,1,1
2022-01-03 12:00:00+00:00,60,1,12,95.16278076171875,80.43346405029297,0,0,0,0,0,0,0,0,0,1,1,1,1,1,1,1,1,0,0,0,0,0,0,0,0
2022-01-03 12:00:00+00:00,60,1,12,151.45144653320312,38.58235549926758,0,0,0,0,0,0,0,0,0,0,0,0,1,1,1,1,1,0,0,0,0,0,1,1,1
2022-01-03 12:00:00+00:00,60,1,12,76.03002166748047,16.82901382446289,0,0,0,0,0,0,0,0,1,1,1,1,1,1,1,1,1,0,0,1,1,1,1,1,1
2022-01-03 12:00:00+00:00,60,1,12,41.98851013183594,3.0577125549316406,0,0,0,0,0,0,1,1,1,1,1,1,1,1,1,1,1,1,1,1,1,1,1,1,1
2022-01-03 12:00:00+00:00,60,1,12,,,0,0,0,0,0,0,0,0,0,0,0,0,0,0,0,0,0,0,0,0,0,0,0,0,0
2022-01-03 12:00:00+00:00,60,1,12,96.79719543457031,0.0,0,0,0,0,0,0,0,0,0,1,1,1,1,1,1,1,1,1,1,1,1,1,1,1,1
2022-01-03 12:00:00+00:00,60,1,12,,,0,0,0,0,0,0,0,0,0,0,0,0,0,0,0,0,0,0,0,0,0,0,0,0,0
2022-01-03 12:00:00+00:00,60,1,12,,,0,0,0,0,0,0,0,0,0,0,0,0,0,0,0,0,0,0,0,0,0,0,0,0,0
2022-01-03 12:00:00+00:00,60,1,12,,,0,0,0,0,0,0,0,0,0,0,0,0,0,0,0,0,0,0,0,0,0,0,0,0,0
2022-01-03 12:00:00+00:00,60,1,12,,,0,0,0,0,0,0,0,0,0,0,0,0,0,0,0,0,0,0,0,0,0,0,0,0,0
2022-01-03 12:15:00+00:00,60,1,12,,340.4686279296875,0,0,0,0,0,0,0,0,0,0,0,0,0,0,0,0,0,0,0,0,0,0,0,0,0
2022-01-03 12:15:00+00:00,60,1,12,353.3330383300781,,0,0,0,0,0,0,0,0,0,0,0,0,0,0,0,0,0,0,0,0,0,0,0,0,0
2022-01-03 12:15:00+00:00,60,1,12,296.5083312988281,385.42181396484375,0,0,0,0,0,0,0,0,0,0,0,0,0,0,0,1,1,0,0,0,0,0,0,0,0
2022-01-03 12:15:00+00:00,60,1,12,110.87199401855469,133.3433837890625,0,0,0,0,0,0,0,0,0,0,1,1,1,1,1,1,1,0,0,0,0,0,0,0,0
2022-01-03 12:15:00+00:00,60,1,12,53.599693298339844,59.483211517333984,0,0,0,0,0,0,0,1,1,1,1,1,1,1,1,1,1,0,0,0,0,0,0,0,1
2022-01-03 12:15:00+00:00,60,1,12,76.24691772460938,74.30335235595703,0,0,0,0,0,0,0,0,1,1,1,1,1,1,1,1,1,0,0,0,0,0,0,0,0
2022-01-03 12:15:00+00:00,60,1,12,180.18418884277344,158.66285705566406,0,0,0,0,0,0,0,0,0,0,0,0,0,1,1,1,1,0,0,0,0,0,0,0,0
2022-01-03 12:15:00+00:00,60,1,12,84.46244812011719,86.86336517333984,0,0,0,0,0,0,0,0,0,1,1,1,1,1,1,1,1,0,0,0,0,0,0,0,0
2022-01-03 12:15:00+00:00,60,1,12,163.2600860595703,0.0,0,0,0,0,0,0,0,0,0,0,0,0,1,1,1,1,1,1,1,1,1,1,1,1,1
2022-01-03 12:15:00+00:00,60,1,12,38.21336364746094,11.824483871459961,0,0,0,0,0,1,1,1,1,1,1,1,1,1,1,1,1,0,1,1,1,1,1,1,1
2022-01-03 12:15:00+00:00,60,1,12,116.3497085571289,136.0696258544922,0,0,0,0,0,0,0,0,0,0,1,1,1,1,1,1,1,0,0,0,0,0,0,0,0
2022-01-03 12:15:00+00:00,60,1,12,414.8867492675781,386.6722412109375,0,0,0,0,0,0,0,0,0,0,0,0,0,0,0,0,0,0,0,0,0,0,0,0,0
2022-01-03 12:15:00+00:00,60,1,12,366.2900085449219,324.9295959472656,0,0,0,0,0,0,0,0,0,0,0,0,0,0,0,0,0,0,0,0,0,0,0,0,0
2022-01-03 12:15:00+00:00,60,1,12,,,0,0,0,0,0,0,0,0,0,0,0,0,0,0,0,0,0,0,0,0,0,0,0,0,0
2022-01-03 12:15:00+00:00,60,1,12,,,0,0,0,0,0,0,0,0,0,0,0,0,0,0,0,0,0,0,0,0,0,0,0,0,0
2022-01-03 12:15:00+00:00,60,1,12,,,0,0,0,0,0,0,0,0,0,0,0,0,0,0,0,0,0,0,0,0,0,0,0,0,0
2022-01-03 12:30:00+00:00,60,1,12,77.25782012939453,36.17281723022461,0,0,0,0,0,0,0,0,1,1,1,1,1,1,1,1,1,0,0,0,0,0,1,1,1
2022-01-03 12:30:00+00:00,60,1,12,125.76043701171875,32.017822265625,0,0,0,0,0,0,0,0,0,0,0,1,1,1,1,1,1,0,0,0,0,0,1,1,1
2022-01-03 12:30:00+00:00,60,1,12,206.96267700195312,113.08360290527344,0,0,0,0,0,0,0,0,0,0,0,0,0,0,1,1,1,0,0,0,0,0,0,0,0
2022-01-03 12:30:00+00:00,60,1,12,262.2333984375,148.92144775390625,0,0,0,0,0,0,0,0,0,0,0,0,0,0,0,1,1,0,0,0,0,0,0,0,0
2022-01-03 12:30:00+00:00,60,1,12,90.32002258300781,69.22158813476562,0,0,0,0,0,0,0,0,0,1,1,1,1,1,1,1,1,0,0,0,0,0,0,0,0
2022-01-03 12:30:00+00:00,60,1,12,128.71620178222656,52.53423309326172,0,0,0,0,0,0,0,0,0,0,0,1,1,1,1,1,1,0,0,0,0,0,0,0,1
2022-01-03 12:30:00+00:00,60,1,12,66.05897521972656,60.1832275390625,0,0,0,0,0,0,0,0,1,1,1,1,1,1,1,1,1,0,0,0,0,0,0,0,0
2022-01-03 12:30:00+00:00,60,1,12,106.1549072265625,12.955309867858887,0,0,0,0,0,0,0,0,0,0,1,1,1,1,1,1,1,0,1,1,1,1,1,1,1
2022-01-03 12:30:00+00:00,60,1,12,87.64405059814453,43.62712478637695,0,0,0,0,0,0,0,0,0,1,1,1,1,1,1,1,1,0,0,0,0,0,0,1,1
2022-01-03 12:30:00+00:00,60,1,12,125.033203125,97.22791290283203,0,0,0,0,0,0,0,0,0,0,0,1,1,1,1,1,1,0,0,0,0,0,0,0,0
2022-01-03 12:30:00+00:00,60,1,12,78.76509094238281,0.0,0,0,0,0,0,0,0,0,1,1,1,1,1,1,1,1,1,1,1,1,1,1,1,1,1
2022-01-03 12:30:00+00:00,60,1,12,,24.75859260559082,0,0,0,0,0,0,0,0,0,0,0,0,0,0,0,0,0,0,0,0,1,1,1,1,1
2022-01-03 12:30:00+00:00,60,1,12,,13.713397979736328,0,0,0,0,0,0,0,0,0,0,0,0,0,0,0,0,0,0,1,1,1,1,1,1,1
2022-01-03 12:30:00+00:00,60,1,12,231.04501342773438,122.63135528564453,0,0,0,0,0,0,0,0,0,0,0,0,0,0,1,1,1,0,0,0,0,0,0,0,0
2022-01-03 12:30:00+00:00,60,1,12,,,0,0,0,0,0,0,0,0,0,0,0,0,0,0,0,0,0,0,0,0,0,0,0,0,0
2022-01-03 12:30:00+00:00,60,1,12,,,0,0,0,0,0,0,0,0,0,0,0,0,0,0,0,0,0,0,0,0,0,0,0,0,0
2022-01-03 12:30:00+00:00,60,1,12,,,0,0,0,0,0,0,0,0,0,0,0,0,0,0,0,0,0,0,0,0,0,0,0,0,0
2022-01-03 12:45:00+00:00,60,1,12,597.7760620117188,614.4934692382812,0,0,0,0,0,0,0,0,0,0,0,0,0,0,0,0,0,0,0,0,0,0,0,0,0
2022-01-03 12:45:00+00:00,60,1,12,151.55416870117188,150.4829864501953,0,0,0,0,0,0,0,0,0,0,0,0,1,1,1,1,1,0,0,0,0,0,0,0,0
2022-01-03 12:45:00+00:00,60,1,12,73.57958984375,79.56868743896484,0,0,0,0,0,0,0,0,1,1,1,1,1,1,1,1,1,0,0,0,0,0,0,0,0
2022-01-03 12:45:00+00:00,60,1,12,72.4948501586914,0.0,0,0,0,0,0,0,0,0,1,1,1,1,1,1,1,1,1,1,1,1,1,1,1,1,1
2022-01-03 12:45:00+00:00,60,1,12,50.41633224487305,12.687445640563965,0,0,0,0,0,0,0,1,1,1,1,1,1,1,1,1,1,0,1,1,1,1,1,1,1
2022-01-03 12:45:00+00:00,60,1,12,,,0,0,0,0,0,0,0,0,0,0,0,0,0,0,0,0,0,0,0,0,0,0,0,0,0
2022-01-03 13:00:00+00:00,60,1,13,,,0,0,0,0,0,0,0,0,0,0,0,0,0,0,0,0,0,0,0,0,0,0,0,0,0
2022-01-03 13:00:00+00:00,60,1,13,113.35887145996094,93.10065460205078,0,0,0,0,0,0,0,0,0,0,1,1,1,1,1,1,1,0,0,0,0,0,0,0,0
2022-01-03 13:00:00+00:00,60,1,13,191.07708740234375,151.97987365722656,0,0,0,0,0,0,0,0,0,0,0,0,0,1,1,1,1,0,0,0,0,0,0,0,0
2022-01-03 13:00:00+00:00,60,1,13,260.9130859375,243.66708374023438,0,0,0,0,0,0,0,0,0,0,0,0,0,0,0,1,1,0,0,0,0,0,0,0,0
2022-01-03 13:00:00+00:00,60,1,13,177.67623901367188,160.3385772705078,0,0,0,0,0,0,0,0,0,0,0,0,1,1,1,1,1,0,0,0,0,0,0,0,0
2022-01-03 13:00:00+00:00,60,1,13,191.36776733398438,205.96160888671875,0,0,0,0,0,0,0,0,0,0,0,0,0,1,1,1,1,0,0,0,0,0,0,0,0
2022-01-03 13:00:00+00:00,60,1,13,125.66818237304688,113.78008270263672,0,0,0,0,0,0,0,0,0,0,0,1,1,1,1,1,1,0,0,0,0,0,0,0,0
2022-01-03 13:00:00+00:00,60,1,13,41.13901138305664,12.712118148803711,0,0,0,0,0,0,1,1,1,1,1,1,1,1,1,1,1,0,1,1,1,1,1,1,1
2022-01-03 13:00:00+00:00,60,1,13,435.8759460449219,111.4363021850586,0,0,0,0,0,0,0,0,0,0,0,0,0,0,0,0,0,0,0,0,0,0,0,0,0
2022-01-03 13:00:00+00:00,60,1,13,257.3278503417969,47.876976013183594,0,0,0,0,0,0,0,0,0,0,0,0,0,0,0,1,1,0,0,0,0,0,0,1,1
2022-01-03 13:00:00+00:00,60,1,13,,,0,0,0,0,0,0,0,0,0,0,0,0,0,0,0,0,0,0,0,0,0,0,0,0,0
2022-01-03 13:15:00+00:00,60,1,13,115.57241821289062,44.330963134765625,0,0,0,0,0,0,0,0,0,0,1,1,1,1,1,1,1,0,0,0,0,0,0,1,1
2022-01-03 13:15:00+00:00,60,1,13,204.50682067871094,188.4146728515625,0,0,0,0,0,0,0,0,0,0,0,0,0,0,1,1,1,0,0,0,0,0,0,0,0
2022-01-03 13:15:00+00:00,60,1,13,88.96026611328125,0.0,0,0,0,0,0,0,0,0,0,1,1,1,1,1,1,1,1,1,1,1,1,1,1,1,1
2022-01-03 13:15:00+00:00,60,1,13,119.14095306396484,93.14186096191406,0,0,0,0,0,0,0,0,0,0,1,1,1,1,1,1,1,0,0,0,0,0,0,0,0
2022-01-03 13:15:00+00:00,60,1,13,151.63075256347656,21.01251220703125,0,0,0,0,0,0,0,0,0,0,0,0,1,1,1,1,1,0,0,0,1,1,1,1,1
2022-01-03 13:15:00+00:00,60,1,13,207.0197296142578,180.92799377441406,0,0,0,0,0,0,0,0,0,0,0,0,0,0,1,1,1,0,0,0,0,0,0,0,0
2022-01-03 13:15:00+00:00,60,1,13,49.63177490234375,3.421767473220825,0,0,0,0,0,0,1,1,1,1,1,1,1,1,1,1,1,1,1,1,1,1,1,1,1
2022-01-03 13:15:00+00:00,60,1,13,61.33332443237305,72.22624206542969,0,0,0,0,0,0,0,0,1,1,1,1,1,1,1,1,1,0,0,0,0,0,0,0,0
2022-01-03 13:15:00+00:00,60,1,13,59.607173919677734,19.582958221435547,0,0,0,0,0,0,0,1,1,1,1,1,1,1,1,1,1,0,0,1,1,1,1,1,1
2022-01-03 13:15:00+00:00,60,1,13,52.30831527709961,48.05510330200195,0,0,0,0,0,0,0,1,1,1,1,1,1,1,1,1,1,0,0,0,0,0,0,1,1
2022-01-03 13:15:00+00:00,60,1,13,85.75617980957031,57.84405517578125,0,0,0,0,0,0,0,0,0,1,1,1,1,1,1,1,1,0,0,0,0,0,0,0,1
2022-01-03 13:15:00+00:00,60,1,13,,101.65677642822266,0,0,0,0,0,0,0,0,0,0,0,0,0,0,0,0,0,0,0,0,0,0,0,0,0
2022-01-03 13:15:00+00:00,60,1,13,56.88059616088867,161.49554443359375,0,0,0,0,0,0,0,1,1,1,1,1,1,1,1,1,1,0,0,0,0,0,0,0,0
2022-01-03 13:15:00+00:00,60,1,13,88.53341674804688,23.701759338378906,0,0,0,0,0,0,0,0,0,1,1,1,1,1,1,1,1,0,0,0,1,1,1,1,1
2022-01-03 13:15:00+00:00,60,1,13,319.54638671875,99.6340103149414,0,0,0,0,0,0,0,0,0,0,0,0,0,0,0,0,1,0,0,0,0,0,0,0,0
2022-01-03 13:15:00+00:00,60,1,13,148.56495666503906,95.59133911132812,0,0,0,0,0,0,0,0,0,0,0,1,1,1,1,1,1,0,0,0,0,0,0,0,0
2022-01-03 13:15:00+00:00,60,1,13,,,0,0,0,0,0,0,0,0,0,0,0,0,0,0,0,0,0,0,0,0,0,0,0,0,0
2022-01-03 13:15:00+00:00,60,1,13,,,0,0,0,0,0,0,0,0,0,0,0,0,0,0,0,0,0,0,0,0,0,0,0,0,0
2022-01-03 13:15:00+00:00,60,1,13,,,0,0,0,0,0,0,0,0,0,0,0,0,0,0,0,0,0,0,0,0,0,0,0,0,0
2022-01-03 13:30:00+00:00,60,1,13,136.7786102294922,81.3521728515625,0,0,0,0,0,0,0,0,0,0,0,1,1,1,1,1,1,0,0,0,0,0,0,0,0
2022-01-03 13:30:00+00:00,60,1,13,109.19883728027344,63.98521041870117,0,0,0,0,0,0,0,0,0,0,1,1,1,1,1,1,1,0,0,0,0,0,0,0,0
2022-01-03 13:30:00+00:00,60,1,13,213.8490753173828,130.3407745361328,0,0,0,0,0,0,0,0,0,0,0,0,0,0,1,1,1,0,0,0,0,0,0,0,0
2022-01-03 13:30:00+00:00,60,1,13,127.19681549072266,176.992919921875,0,0,0,0,0,0,0,0,0,0,0,1,1,1,1,1,1,0,0,0,0,0,0,0,0
2022-01-03 13:30:00+00:00,60,1,13,248.49261474609375,244.61019897460938,0,0,0,0,0,0,0,0,0,0,0,0,0,0,1,1,1,0,0,0,0,0,0,0,0
2022-01-03 13:30:00+00:00,60,1,13,132.6836395263672,115.59683990478516,0,0,0,0,0,0,0,0,0,0,0,1,1,1,1,1,1,0,0,0,0,0,0,0,0
2022-01-03 13:30:00+00:00,60,1,13,64.4093246459961,49.67852783203125,0,0,0,0,0,0,0,0,1,1,1,1,1,1,1,1,1,0,0,0,0,0,0,1,1
2022-01-03 13:30:00+00:00,60,1,13,57.7393798828125,9.8429594039917,0,0,0,0,0,0,0,1,1,1,1,1,1,1,1,1,1,1,1,1,1,1,1,1,1
2022-01-03 13:30:00+00:00,60,1,13,174.92556762695312,105.45584869384766,0,0,0,0,0,0,0,0,0,0,0,0,1,1,1,1,1,0,0,0,0,0,0,0,0
2022-01-03 13:30:00+00:00,60,1,13,123.33745574951172,84.65768432617188,0,0,0,0,0,0,0,0,0,0,0,1,1,1,1,1,1,0,0,0,0,0,0,0,0
2022-01-03 13:30:00+00:00,60,1,13,40.47000503540039,63.014129638671875,0,0,0,0,0,0,1,1,1,1,1,1,1,1,1,1,1,0,0,0,0,0,0,0,0
2022-01-03 13:30:00+00:00,60,1,13,156.947265625,12.67969036102295,0,0,0,0,0,0,0,0,0,0,0,0,1,1,1,1,1,0,1,1,1,1,1,1,1
2022-01-03 13:30:00+00:00,60,1,13,107.95026397705078,241.6656036376953,0,0,0,0,0,0,0,0,0,0,1,1,1,1,1,1,1,0,0,0,0,0,0,0,0
2022-01-03 13:30:00+00:00,60,1,13,265.2534484863281,317.89483642578125,0,0,0,0,0,0,0,0,0,0,0,0,0,0,0,1,1,0,0,0,0,0,0,0,0
2022-01-03 13:30:00+00:00,60,1,13,,,0,0,0,0,0,0,0,0,0,0,0,0,0,0,0,0,0,0,0,0,0,0,0,0,0
2022-01-03 13:45:00+00:00,60,1,13,283.29510498046875,234.12547302246094,0,0,0,0,0,0,0,0,0,0,0,0,0,0,0,1,1,0,0,0,0,0,0,0,0
2022-01-03 13:45:00+00:00,60,1,13,194.86239624023438,148.85398864746094,0,0,0,0,0,0,0,0,0,0,0,0,0,1,1,1,1,0,0,0,0,0,0,0,0
2022-01-03 13:45:00+00:00,60,1,13,184.31687927246094,165.3231658935547,0,0,0,0,0,0,0,0,0,0,0,0,0,1,1,1,1,0,0,0,0,0,0,0,0
2022-01-03 13:45:00+00:00,60,1,13,101.78473663330078,110.1343765258789,0,0,0,0,0,0,0,0,0,0,1,1,1,1,1,1,1,0,0,0,0,0,0,0,0
2022-01-03 13:45:00+00:00,60,1,13,77.75318145751953,0.0,0,0,0,0,0,0,0,0,1,1,1,1,1,1,1,1,1,1,1,1,1,1,1,1,1
2022-01-03 13:45:00+00:00,60,1,13,65.70763397216797,89.03533172607422,0,0,0,0,0,0,0,0,1,1,1,1,1,1,1,1,1,0,0,0,0,0,0,0,0
2022-01-03 13:45:00+00:00,60,1,13,75.7933120727539,60.98490524291992,0,0,0,0,0,0,0,0,1,1,1,1,1,1,1,1,1,0,0,0,0,0,0,0,0
2022-01-03 13:45:00+00:00,60,1,13,75.47561645507812,4.307425022125244,0,0,0,0,0,0,0,0,1,1,1,1,1,1,1,1,1,1,1,1,1,1,1,1,1
2022-01-03 13:45:00+00:00,60,1,13,248.76075744628906,141.3204803466797,0,0,0,0,0,0,0,0,0,0,0,0,0,0,1,1,1,0,0,0,0,0,0,0,0
2022-01-03 14:00:00+00:00,60,1,14,,,0,0,0,0,0,0,0,0,0,0,0,0,0,0,0,0,0,0,0,0,0,0,0,0,0
2022-01-03 14:00:00+00:00,60,1,14,30.460309982299805,7.055739879608154,0,0,0,0,0,1,1,1,1,1,1,1,1,1,1,1,1,1,1,1,1,1,1,1,1
2022-01-03 14:00:00+00:00,60,1,14,287.092529296875,277.5841369628906,0,0,0,0,0,0,0,0,0,0,0,0,0,0,0,1,1,0,0,0,0,0,0,0,0
2022-01-03 14:00:00+00:00,60,1,14,199.28030395507812,184.1466522216797,0,0,0,0,0,0,0,0,0,0,0,0,0,1,1,1,1,0,0,0,0,0,0,0,0
2022-01-03 14:00:00+00:00,60,1,14,78.3117446899414,19.99606704711914,0,0,0,0,0,0,0,0,1,1,1,1,1,1,1,1,1,0,0,1,1,1,1,1,1
2022-01-03 14:00:00+00:00,60,1,14,88.92375183105469,89.43549346923828,0,0,0,0,0,0,0,0,0,1,1,1,1,1,1,1,1,0,0,0,0,0,0,0,0
2022-01-03 14:00:00+00:00,60,1,14,198.84881591796875,12.993925094604492,0,0,0,0,0,0,0,0,0,0,0,0,0,1,1,1,1,0,1,1,1,1,1,1,1
2022-01-03 14:00:00+00:00,60,1,14,206.3110809326172,180.18865966796875,0,0,0,0,0,0,0,0,0,0,0,0,0,0,1,1,1,0,0,0,0,0,0,0,0
2022-01-03 14:00:00+00:00,60,1,14,40.47341537475586,0.0,0,0,0,0,0,0,1,1,1,1,1,1,1,1,1,1,1,1,1,1,1,1,1,1,1
2022-01-03 14:00:00+00:00,60,1,14,50.46194839477539,0.0,0,0,0,0,0,0,0,1,1,1,1,1,1,1,1,1,1,1,1,1,1,1,1,1,1
2022-01-03 14:15:00+00:00,60,1,14,46.154563903808594,32.91196823120117,0,0,0,0,0,0,1,1,1,1,1,1,1,1,1,1,1,0,0,0,0,0,1,1,1
2022-01-03 14:15:00+00:00,60,1,14,53.45733642578125,61.871150970458984,0,0,0,0,0,0,0,1,1,1,1,1,1,1,1,1,1,0,0,0,0,0,0,0,0
2022-01-03 14:15:00+00:00,60,1,14,81.10945892333984,37.47445297241211,0,0,0,0,0,0,0,0,0,1,1,1,1,1,1,1,1,0,0,0,0,0,1,1,1
2022-01-03 14:15:00+00:00,60,1,14,102.11018371582031,92.19876861572266,0,0,0,0,0,0,0,0,0,0,1,1,1,1,1,1,1,0,0,0,0,0,0,0,0
2022-01-03 14:15:00+00:00,60,1,14,38.32585144042969,85.0116958618164,0,0,0,0,0,1,1,1,1,1,1,1,1,1,1,1,1,0,0,0,0,0,0,0,0
2022-01-03 14:15:00+00:00,60,1,14,194.94198608398438,100.802978515625,0,0,0,0,0,0,0,0,0,0,0,0,0,1,1,1,1,0,0,0,0,0,0,0,0
2022-01-03 14:15:00+00:00,60,1,14,102.31678009033203,0.0,0,0,0,0,0,0,0,0,0,0,1,1,1,1,1,1,1,1,1,1,1,1,1,1,1
2022-01-03 14:30:00+00:00,60,1,14,69.32194519042969,40.845237731933594,0,0,0,0,0,0,0,0,1,1,1,1,1,1,1,1,1,0,0,0,0,0,0,1,1
2022-01-03 14:30:00+00:00,60,1,14,98.63555908203125,68.09199523925781,0,0,0,0,0,0,0,0,0,1,1,1,1,1,1,1,1,0,0,0,0,0,0,0,0
2022-01-03 14:30:00+00:00,60,1,14,100.78125,99.91255187988281,0,0,0,0,0,0,0,0,0,0,1,1,1,1,1,1,1,0,0,0,0,0,0,0,0
2022-01-03 14:30:00+00:00,60,1,14,56.58657455444336,16.786245346069336,0,0,0,0,0,0,0,1,1,1,1,1,1,1,1,1,1,0,0,1,1,1,1,1,1
2022-01-03 14:30:00+00:00,60,1,14,66.245849609375,128.16014099121094,0,0,0,0,0,0,0,0,1,1,1,1,1,1,1,1,1,0,0,0,0,0,0,0,0
2022-01-03 14:30:00+00:00,60,1,14,222.15182495117188,4.548427104949951,0,0,0,0,0,0,0,0,0,0,0,0,0,0,1,1,1,1,1,1,1,1,1,1,1
2022-01-03 14:30:00+00:00,60,1,14,93.23595428466797,215.8716583251953,0,0,0,0,0,0,0,0,0,1,1,1,1,1,1,1,1,0,0,0,0,0,0,0,0
2022-01-03 14:30:00+00:00,60,1,14,132.58641052246094,21.24760627746582,0,0,0,0,0,0,0,0,0,0,0,1,1,1,1,1,1,0,0,0,1,1,1,1,1
2022-01-03 14:30:00+00:00,60,1,14,193.53939819335938,193.53939819335938,0,0,0,0,0,0,0,0,0,0,0,0,0,1,1,1,1,0,0,0,0,0,0,0,0
2022-01-03 14:45:00+00:00,60,1,14,,,0,0,0,0,0,0,0,0,0,0,0,0,0,0,0,0,0,0,0,0,0,0,0,0,0
2022-01-03 14:45:00+00:00,60,1,14,41.037139892578125,3.458292007446289,0,0,0,0,0,0,1,1,1,1,1,1,1,1,1,1,1,1,1,1,1,1,1,1,1
2022-01-03 14:45:00+00:00,60,1,14,58.8963508605957,17.790054321289062,0,0,0,0,0,0,0,1,1,1,1,1,1,1,1,1,1,0,0,1,1,1,1,1,1
2022-01-03 14:45:00+00:00,60,1,14,65.05023956298828,33.99326705932617,0,0,0,0,0,0,0,0,1,1,1,1,1,1,1,1,1,0,0,0,0,0,1,1,1
2022-01-03 14:45:00+00:00,60,1,14,46.087303161621094,3.0738234519958496,0,0,0,0,0,0,1,1,1,1,1,1,1,1,1,1,1,1,1,1,1,1,1,1,1
2022-01-03 14:45:00+00:00,60,1,14,136.1870574951172,134.00938415527344,0,0,0,0,0,0,0,0,0,0,0,1,1,1,1,1,1,0,0,0,0,0,0,0,0
2022-01-03 15:00:00+00:00,60,1,15,,,0,0,0,0,0,0,0,0,0,0,0,0,0,0,0,0,0,0,0,0,0,0,0,0,0
2022-01-03 15:00:00+00:00,60,1,15,108.83995056152344,132.20037841796875,0,0,0,0,0,0,0,0,0,0,1,1,1,1,1,1,1,0,0,0,0,0,0,0,0
2022-01-03 15:00:00+00:00,60,1,15,105.12427520751953,44.79472351074219,0,0,0,0,0,0,0,0,0,0,1,1,1,1,1,1,1,0,0,0,0,0,0,1,1
2022-01-03 15:00:00+00:00,60,1,15,93.9551773071289,78.96907806396484,0,0,0,0,0,0,0,0,0,1,1,1,1,1,1,1,1,0,0,0,0,0,0,0,0
2022-01-03 15:00:00+00:00,60,1,15,79.38859558105469,61.633033752441406,0,0,0,0,0,0,0,0,1,1,1,1,1,1,1,1,1,0,0,0,0,0,0,0,0
2022-01-03 15:00:00+00:00,60,1,15,92.29634094238281,75.02642059326172,0,0,0,0,0,0,0,0,0,1,1,1,1,1,1,1,1,0,0,0,0,0,0,0,0
2022-01-03 15:00:00+00:00,60,1,15,,,0,0,0,0,0,0,0,0,0,0,0,0,0,0,0,0,0,0,0,0,0,0,0,0,0
2022-01-03 15:15:00+00:00,60,1,15,125.01070404052734,132.686279296875,0,0,0,0,0,0,0,0,0,0,0,1,1,1,1,1,1,0,0,0,0,0,0,0,0
2022-01-03 15:15:00+00:00,60,1,15,140.2321014404297,122.72338104248047,0,0,0,0,0,0,0,0,0,0,0,1,1,1,1,1,1,0,0,0,0,0,0,0,0
2022-01-03 15:15:00+00:00,60,1,15,108.61803436279297,38.39836883544922,0,0,0,0,0,0,0,0,0,0,1,1,1,1,1,1,1,0,0,0,0,0,1,1,1
2022-01-03 15:15:00+00:00,60,1,15,47.124786376953125,0.0,0,0,0,0,0,0,1,1,1,1,1,1,1,1,1,1,1,1,1,1,1,1,1,1,1
2022-01-03 15:30:00+00:00,60,1,15,159.63540649414062,194.33811950683594,0,0,0,0,0,0,0,0,0,0,0,0,1,1,1,1,1,0,0,0,0,0,0,0,0
2022-01-03 15:30:00+00:00,60,1,15,253.4003448486328,283.3266906738281,0,0,0,0,0,0,0,0,0,0,0,0,0,0,0,1,1,0,0,0,0,0,0,0,0
2022-01-03 15:30:00+00:00,60,1,15,170.28009033203125,189.04052734375,0,0,0,0,0,0,0,0,0,0,0,0,1,1,1,1,1,0,0,0,0,0,0,0,0
2022-01-03 15:30:00+00:00,60,1,15,193.22372436523438,192.2589874267578,0,0,0,0,0,0,0,0,0,0,0,0,0,1,1,1,1,0,0,0,0,0,0,0,0
2022-01-03 15:30:00+00:00,60,1,15,144.7386016845703,132.49285888671875,0,0,0,0,0,0,0,0,0,0,0,1,1,1,1,1,1,0,0,0,0,0,0,0,0
2022-01-03 15:30:00+00:00,60,1,15,134.63267517089844,76.19940185546875,0,0,0,0,0,0,0,0,0,0,0,1,1,1,1,1,1,0,0,0,0,0,0,0,0
2022-01-03 15:30:00+00:00,60,1,15,,,0,0,0,0,0,0,0,0,0,0,0,0,0,0,0,0,0,0,0,0,0,0,0,0,0
2022-01-03 15:45:00+00:00,60,1,15,,,0,0,0,0,0,0,0,0,0,0,0,0,0,0,0,0,0,0,0,0,0,0,0,0,0
2022-01-03 15:45:00+00:00,60,1,15,,,0,0,0,0,0,0,0,0,0,0,0,0,0,0,0,0,0,0,0,0,0,0,0,0,0
2022-01-03 15:45:00+00:00,60,1,15,171.3144073486328,171.05484008789062,0,0,0,0,0,0,0,0,0,0,0,0,1,1,1,1,1,0,0,0,0,0,0,0,0
2022-01-03 15:45:00+00:00,60,1,15,51.67803955078125,13.873600959777832,0,0,0,0,0,0,0,1,1,1,1,1,1,1,1,1,1,0,1,1,1,1,1,1,1
2022-01-03 16:00:00+00:00,60,1,16,,,0,0,0,0,0,0,0,0,0,0,0,0,0,0,0,0,0,0,0,0,0,0,0,0,0
2022-01-03 16:00:00+00:00,60,1,16,87.69894409179688,60.67646408081055,0,0,0,0,0,0,0,0,0,1,1,1,1,1,1,1,1,0,0,0,0,0,0,0,0
2022-01-03 16:00:00+00:00,60,1,16,101.7311019897461,92.97693634033203,0,0,0,0,0,0,0,0,0,0,1,1,1,1,1,1,1,0,0,0,0,0,0,0,0
2022-01-03 16:15:00+00:00,60,1,16,134.59722900390625,17.415882110595703,0,0,0,0,0,0,0,0,0,0,0,1,1,1,1,1,1,0,0,1,1,1,1,1,1
2022-01-03 16:15:00+00:00,60,1,16,173.9917449951172,211.00787353515625,0,0,0,0,0,0,0,0,0,0,0,0,1,1,1,1,1,0,0,0,0,0,0,0,0
2022-01-03 16:15:00+00:00,60,1,16,114.98683166503906,103.63947296142578,0,0,0,0,0,0,0,0,0,0,1,1,1,1,1,1,1,0,0,0,0,0,0,0,0
2022-01-03 16:15:00+00:00,60,1,16,371.26739501953125,443.6825256347656,0,0,0,0,0,0,0,0,0,0,0,0,0,0,0,0,0,0,0,0,0,0,0,0,0
2022-01-03 16:15:00+00:00,60,1,16,,,0,0,0,0,0,0,0,0,0,0,0,0,0,0,0,0,0,0,0,0,0,0,0,0,0
2022-01-03 16:30:00+00:00,60,1,16,,,0,0,0,0,0,0,0,0,0,0,0,0,0,0,0,0,0,0,0,0,0,0,0,0,0
2022-01-03 16:30:00+00:00,60,1,16,104.2404556274414,32.457557678222656,0,0,0,0,0,0,0,0,0,0,1,1,1,1,1,1,1,0,0,0,0,0,1,1,1
2022-01-03 16:30:00+00:00,60,1,16,64.76001739501953,52.410892486572266,0,0,0,0,0,0,0,0,1,1,1,1,1,1,1,1,1,0,0,0,0,0,0,0,1
2022-01-03 16:30:00+00:00,60,1,16,157.44351196289062,16.365558624267578,0,0,0,0,0,0,0,0,0,0,0,0,1,1,1,1,1,0,0,1,1,1,1,1,1
2022-01-03 16:30:00+00:00,60,1,16,83.31824493408203,0.0,0,0,0,0,0,0,0,0,0,1,1,1,1,1,1,1,1,1,1,1,1,1,1,1,1
2022-01-03 17:00:00+00:00,60,1,17,,,0,0,0,0,0,0,0,0,0,0,0,0,0,0,0,0,0,0,0,0,0,0,0,0,0
2022-01-03 17:00:00+00:00,60,1,17,,,0,0,0,0,0,0,0,0,0,0,0,0,0,0,0,0,0,0,0,0,0,0,0,0,0
2022-01-03 17:00:00+00:00,60,1,17,,,0,0,0,0,0,0,0,0,0,0,0,0,0,0,0,0,0,0,0,0,0,0,0,0,0
2022-01-03 17:00:00+00:00,60,1,17,173.4680938720703,210.49148559570312,0,0,0,0,0,0,0,0,0,0,0,0,1,1,1,1,1,0,0,0,0,0,0,0,0
2022-01-03 17:00:00+00:00,60,1,17,76.3923110961914,52.778900146484375,0,0,0,0,0,0,0,0,1,1,1,1,1,1,1,1,1,0,0,0,0,0,0,0,1
2022-01-03 17:00:00+00:00,60,1,17,70.82811737060547,73.84748840332031,0,0,0,0,0,0,0,0,1,1,1,1,1,1,1,1,1,0,0,0,0,0,0,0,0
2022-01-03 17:00:00+00:00,60,1,17,92.77664184570312,82.4128189086914,0,0,0,0,0,0,0,0,0,1,1,1,1,1,1,1,1,0,0,0,0,0,0,0,0
2022-01-03 17:00:00+00:00,60,1,17,365.5428771972656,342.1427917480469,0,0,0,0,0,0,0,0,0,0,0,0,0,0,0,0,0,0,0,0,0,0,0,0,0
2022-01-03 17:15:00+00:00,60,1,17,166.81365966796875,155.4440460205078,0,0,0,0,0,0,0,0,0,0,0,0,1,1,1,1,1,0,0,0,0,0,0,0,0
2022-01-03 17:15:00+00:00,60,1,17,,,0,0,0,0,0,0,0,0,0,0,0,0,0,0,0,0,0,0,0,0,0,0,0,0,0
2022-01-03 17:30:00+00:00,60,1,17,65.91098022460938,33.0501594543457,0,0,0,0,0,0,0,0,1,1,1,1,1,1,1,1,1,0,0,0,0,0,1,1,1
2022-01-03 17:30:00+00:00,60,1,17,56.11907958984375,6.810105800628662,0,0,0,0,0,0,0,1,1,1,1,1,1,1,1,1,1,1,1,1,1,1,1,1,1
2022-01-03 17:30:00+00:00,60,1,17,307.9027099609375,379.9902648925781,0,0,0,0,0,0,0,0,0,0,0,0,0,0,0,0,1,0,0,0,0,0,0,0,0
2022-01-03 17:45:00+00:00,60,1,17,250.3108673095703,315.6601867675781,0,0,0,0,0,0,0,0,0,0,0,0,0,0,0,1,1,0,0,0,0,0,0,0,0
2022-01-03 17:45:00+00:00,60,1,17,,,0,0,0,0,0,0,0,0,0,0,0,0,0,0,0,0,0,0,0,0,0,0,0,0,0
2022-01-04 10:00:00+00:00,60,1,10,227.1270294189453,205.46067810058594,0,0,0,0,0,0,0,0,0,0,0,0,0,0,1,1,1,0,0,0,0,0,0,0,0
2022-01-04 10:00:00+00:00,60,1,10,370.2641296386719,231.57086181640625,0,0,0,0,0,0,0,0,0,0,0,0,0,0,0,0,0,0,0,0,0,0,0,0,0
2022-01-04 10:00:00+00:00,60,1,10,167.91421508789062,153.59803771972656,0,0,0,0,0,0,0,0,0,0,0,0,1,1,1,1,1,0,0,0,0,0,0,0,0
2022-01-04 10:00:00+00:00,60,1,10,194.18484497070312,139.11195373535156,0,0,0,0,0,0,0,0,0,0,0,0,0,1,1,1,1,0,0,0,0,0,0,0,0
2022-01-04 10:00:00+00:00,60,1,10,33.73478317260742,3.462772846221924,0,0,0,0,0,1,1,1,1,1,1,1,1,1,1,1,1,1,1,1,1,1,1,1,1
2022-01-04 10:00:00+00:00,60,1,10,547.5452880859375,562.171630859375,0,0,0,0,0,0,0,0,0,0,0,0,0,0,0,0,0,0,0,0,0,0,0,0,0
2022-01-04 10:00:00+00:00,60,1,10,,,0,0,0,0,0,0,0,0,0,0,0,0,0,0,0,0,0,0,0,0,0,0,0,0,0
2022-01-04 10:00:00+00:00,60,1,10,541.2728881835938,,0,0,0,0,0,0,0,0,0,0,0,0,0,0,0,0,0,0,0,0,0,0,0,0,0
2022-01-04 10:00:00+00:00,60,1,10,,,0,0,0,0,0,0,0,0,0,0,0,0,0,0,0,0,0,0,0,0,0,0,0,0,0
2022-01-04 10:00:00+00:00,60,1,10,310.350830078125,300.7475280761719,0,0,0,0,0,0,0,0,0,0,0,0,0,0,0,0,1,0,0,0,0,0,0,0,0
2022-01-04 10:15:00+00:00,60,1,10,252.23104858398438,260.9607238769531,0,0,0,0,0,0,0,0,0,0,0,0,0,0,0,1,1,0,0,0,0,0,0,0,0
2022-01-04 10:15:00+00:00,60,1,10,99.10221099853516,96.58509826660156,0,0,0,0,0,0,0,0,0,1,1,1,1,1,1,1,1,0,0,0,0,0,0,0,0
2022-01-04 10:15:00+00:00,60,1,10,356.91522216796875,238.7713165283203,0,0,0,0,0,0,0,0,0,0,0,0,0,0,0,0,0,0,0,0,0,0,0,0,0
2022-01-04 10:15:00+00:00,60,1,10,85.38761901855469,0.0,0,0,0,0,0,0,0,0,0,1,1,1,1,1,1,1,1,1,1,1,1,1,1,1,1
2022-01-04 10:15:00+00:00,60,1,10,294.78570556640625,274.307373046875,0,0,0,0,0,0,0,0,0,0,0,0,0,0,0,1,1,0,0,0,0,0,0,0,0
2022-01-04 10:15:00+00:00,60,1,10,,,0,0,0,0,0,0,0,0,0,0,0,0,0,0,0,0,0,0,0,0,0,0,0,0,0
2022-01-04 10:30:00+00:00,60,1,10,,,0,0,0,0,0,0,0,0,0,0,0,0,0,0,0,0,0,0,0,0,0,0,0,0,0
2022-01-04 10:30:00+00:00,60,1,10,,,0,0,0,0,0,0,0,0,0,0,0,0,0,0,0,0,0,0,0,0,0,0,0,0,0
2022-01-04 10:30:00+00:00,60,1,10,432.5592956542969,,0,0,0,0,0,0,0,0,0,0,0,0,0,0,0,0,0,0,0,0,0,0,0,0,0
2022-01-04 10:30:00+00:00,60,1,10,179.73480224609375,333.16400146484375,0,0,0,0,0,0,0,0,0,0,0,0,1,1,1,1,1,0,0,0,0,0,0,0,0
2022-01-04 10:30:00+00:00,60,1,10,186.7769317626953,0.0,0,0,0,0,0,0,0,0,0,0,0,0,0,1,1,1,1,1,1,1,1,1,1,1,1
2022-01-04 10:30:00+00:00,60,1,10,49.2359733581543,43.38628387451172,0,0,0,0,0,0,1,1,1,1,1,1,1,1,1,1,1,0,0,0,0,0,0,1,1
2022-01-04 10:30:00+00:00,60,1,10,99.42465209960938,34.972835540771484,0,0,0,0,0,0,0,0,0,1,1,1,1,1,1,1,1,0,0,0,0,0,1,1,1
2022-01-04 10:30:00+00:00,60,1,10,277.65325927734375,241.90834045410156,0,0,0,0,0,0,0,0,0,0,0,0,0,0,0,1,1,0,0,0,0,0,0,0,0
2022-01-04 10:30:00+00:00,60,1,10,551.1640014648438,,0,0,0,0,0,0,0,0,0,0,0,0,0,0,0,0,0,0,0,0,0,0,0,0,0
2022-01-04 10:30:00+00:00,60,1,10,143.1507568359375,144.4346160888672,0,0,0,0,0,0,0,0,0,0,0,1,1,1,1,1,1,0,0,0,0,0,0,0,0
2022-01-04 10:30:00+00:00,60,1,10,308.8919372558594,266.0767822265625,0,0,0,0,0,0,0,0,0,0,0,0,0,0,0,0,1,0,0,0,0,0,0,0,0
2022-01-04 10:30:00+00:00,60,1,10,453.8632507324219,203.0479736328125,0,0,0,0,0,0,0,0,0,0,0,0,0,0,0,0,0,0,0,0,0,0,0,0,0
2022-01-04 10:30:00+00:00,60,1,10,521.91162109375,479.0433654785156,0,0,0,0,0,0,0,0,0,0,0,0,0,0,0,0,0,0,0,0,0,0,0,0,0
2022-01-04 10:30:00+00:00,60,1,10,,,0,0,0,0,0,0,0,0,0,0,0,0,0,0,0,0,0,0,0,0,0,0,0,0,0
2022-01-04 10:30:00+00:00,60,1,10,,,0,0,0,0,0,0,0,0,0,0,0,0,0,0,0,0,0,0,0,0,0,0,0,0,0
2022-01-04 10:30:00+00:00,60,1,10,,,0,0,0,0,0,0,0,0,0,0,0,0,0,0,0,0,0,0,0,0,0,0,0,0,0
2022-01-04 10:45:00+00:00,60,1,10,,,0,0,0,0,0,0,0,0,0,0,0,0,0,0,0,0,0,0,0,0,0,0,0,0,0
2022-01-04 10:45:00+00:00,60,1,10,234.25184631347656,40.098915100097656,0,0,0,0,0,0,0,0,0,0,0,0,0,0,1,1,1,0,0,0,0,0,0,1,1
2022-01-04 10:45:00+00:00,60,1,10,92.78257751464844,64.34675598144531,0,0,0,0,0,0,0,0,0,1,1,1,1,1,1,1,1,0,0,0,0,0,0,0,0
2022-01-04 10:45:00+00:00,60,1,10,73.01119232177734,87.68190002441406,0,0,0,0,0,0,0,0,1,1,1,1,1,1,1,1,1,0,0,0,0,0,0,0,0
2022-01-04 10:45:00+00:00,60,1,10,67.69821166992188,0.0,0,0,0,0,0,0,0,0,1,1,1,1,1,1,1,1,1,1,1,1,1,1,1,1,1
2022-01-04 10:45:00+00:00,60,1,10,,297.580810546875,0,0,0,0,0,0,0,0,0,0,0,0,0,0,0,0,0,0,0,0,0,0,0,0,0
2022-01-04 10:45:00+00:00,60,1,10,,,0,0,0,0,0,0,0,0,0,0,0,0,0,0,0,0,0,0,0,0,0,0,0,0,0
2022-01-04 11:00:00+00:00,60,1,11,,,0,0,0,0,0,0,0,0,0,0,0,0,0,0,0,0,0,0,0,0,0,0,0,0,0
2022-01-04 11:00:00+00:00,60,1,11,,,0,0,0,0,0,0,0,0,0,0,0,0,0,0,0,0,0,0,0,0,0,0,0,0,0
2022-01-04 11:00:00+00:00,60,1,11,234.6374969482422,65.39349365234375,0,0,0,0,0,0,0,0,0,0,0,0,0,0,1,1,1,0,0,0,0,0,0,0,0
2022-01-04 11:00:00+00:00,60,1,11,131.75576782226562,114.01176452636719,0,0,0,0,0,0,0,0,0,0,0,1,1,1,1,1,1,0,0,0,0,0,0,0,0
2022-01-04 11:00:00+00:00,60,1,11,51.00935363769531,22.52582550048828,0,0,0,0,0,0,0,1,1,1,1,1,1,1,1,1,1,0,0,0,1,1,1,1,1
2022-01-04 11:00:00+00:00,60,1,11,301.8500671386719,95.02432250976562,0,0,0,0,0,0,0,0,0,0,0,0,0,0,0,0,1,0,0,0,0,0,0,0,0
2022-01-04 11:00:00+00:00,60,1,11,306.413330078125,206.88827514648438,0,0,0,0,0,0,0,0,0,0,0,0,0,0,0,0,1,0,0,0,0,0,0,0,0
2022-01-04 11:00:00+00:00,60,1,11,361.1707458496094,340.3980712890625,0,0,0,0,0,0,0,0,0,0,0,0,0,0,0,0,0,0,0,0,0,0,0,0,0
2022-01-04 11:00:00+00:00,60,1,11,,,0,0,0,0,0,0,0,0,0,0,0,0,0,0,0,0,0,0,0,0,0,0,0,0,0
2022-01-04 11:00:00+00:00,60,1,11,,,0,0,0,0,0,0,0,0,0,0,0,0,0,0,0,0,0,0,0,0,0,0,0,0,0
2022-01-04 11:15:00+00:00,60,1,11,201.51593017578125,228.96319580078125,0,0,0,0,0,0,0,0,0,0,0,0,0,0,1,1,1,0,0,0,0,0,0,0,0
2022-01-04 11:15:00+00:00,60,1,11,280.44873046875,275.30230712890625,0,0,0,0,0,0,0,0,0,0,0,0,0,0,0,1,1,0,0,0,0,0,0,0,0
2022-01-04 11:15:00+00:00,60,1,11,354.5985107421875,365.6728820800781,0,0,0,0,0,0,0,0,0,0,0,0,0,0,0,0,0,0,0,0,0,0,0,0,0
2022-01-04 11:15:00+00:00,60,1,11,98.78948974609375,4.487423896789551,0,0,0,0,0,0,0,0,0,1,1,1,1,1,1,1,1,1,1,1,1,1,1,1,1
2022-01-04 11:15:00+00:00,60,1,11,288.03521728515625,136.0211181640625,0,0,0,0,0,0,0,0,0,0,0,0,0,0,0,1,1,0,0,0,0,0,0,0,0
2022-01-04 11:15:00+00:00,60,1,11,51.601470947265625,23.065603256225586,0,0,0,0,0,0,0,1,1,1,1,1,1,1,1,1,1,0,0,0,1,1,1,1,1
2022-01-04 11:15:00+00:00,60,1,11,147.55792236328125,58.75239562988281,0,0,0,0,0,0,0,0,0,0,0,1,1,1,1,1,1,0,0,0,0,0,0,0,1
2022-01-04 11:15:00+00:00,60,1,11,,62.78464126586914,0,0,0,0,0,0,0,0,0,0,0,0,0,0,0,0,0,0,0,0,0,0,0,0,0
2022-01-04 11:15:00+00:00,60,1,11,,439.4022216796875,0,0,0,0,0,0,0,0,0,0,0,0,0,0,0,0,0,0,0,0,0,0,0,0,0
2022-01-04 11:15:00+00:00,60,1,11,,356.6702880859375,0,0,0,0,0,0,0,0,0,0,0,0,0,0,0,0,0,0,0,0,0,0,0,0,0
2022-01-04 11:15:00+00:00,60,1,11,,,0,0,0,0,0,0,0,0,0,0,0,0,0,0,0,0,0,0,0,0,0,0,0,0,0
2022-01-04 11:15:00+00:00,60,1,11,,,0,0,0,0,0,0,0,0,0,0,0,0,0,0,0,0,0,0,0,0,0,0,0,0,0
2022-01-04 11:30:00+00:00,60,1,11,,,0,0,0,0,0,0,0,0,0,0,0,0,0,0,0,0,0,0,0,0,0,0,0,0,0
2022-01-04 11:30:00+00:00,60,1,11,,,0,0,0,0,0,0,0,0,0,0,0,0,0,0,0,0,0,0,0,0,0,0,0,0,0
2022-01-04 11:30:00+00:00,60,1,11,,,0,0,0,0,0,0,0,0,0,0,0,0,0,0,0,0,0,0,0,0,0,0,0,0,0
2022-01-04 11:30:00+00:00,60,1,11,,,0,0,0,0,0,0,0,0,0,0,0,0,0,0,0,0,0,0,0,0,0,0,0,0,0
2022-01-04 11:30:00+00:00,60,1,11,173.8489532470703,104.41796875,0,0,0,0,0,0,0,0,0,0,0,0,1,1,1,1,1,0,0,0,0,0,0,0,0
2022-01-04 11:30:00+00:00,60,1,11,116.78311157226562,126.0242691040039,0,0,0,0,0,0,0,0,0,0,1,1,1,1,1,1,1,0,0,0,0,0,0,0,0
2022-01-04 11:30:00+00:00,60,1,11,45.119075775146484,22.02954864501953,0,0,0,0,0,0,1,1,1,1,1,1,1,1,1,1,1,0,0,0,1,1,1,1,1
2022-01-04 11:30:00+00:00,60,1,11,,,0,0,0,0,0,0,0,0,0,0,0,0,0,0,0,0,0,0,0,0,0,0,0,0,0
2022-01-04 11:30:00+00:00,60,1,11,414.2796936035156,97.36954498291016,0,0,0,0,0,0,0,0,0,0,0,0,0,0,0,0,0,0,0,0,0,0,0,0,0
2022-01-04 11:30:00+00:00,60,1,11,269.2795715332031,116.79721069335938,0,0,0,0,0,0,0,0,0,0,0,0,0,0,0,1,1,0,0,0,0,0,0,0,0
2022-01-04 11:30:00+00:00,60,1,11,,192.73269653320312,0,0,0,0,0,0,0,0,0,0,0,0,0,0,0,0,0,0,0,0,0,0,0,0,0
2022-01-04 11:30:00+00:00,60,1,11,,,0,0,0,0,0,0,0,0,0,0,0,0,0,0,0,0,0,0,0,0,0,0,0,0,0
2022-01-04 11:45:00+00:00,60,1,11,,,0,0,0,0,0,0,0,0,0,0,0,0,0,0,0,0,0,0,0,0,0,0,0,0,0
2022-01-04 11:45:00+00:00,60,1,11,,,0,0,0,0,0,0,0,0,0,0,0,0,0,0,0,0,0,0,0,0,0,0,0,0,0
2022-01-04 11:45:00+00:00,60,1,11,,,0,0,0,0,0,0,0,0,0,0,0,0,0,0,0,0,0,0,0,0,0,0,0,0,0
2022-01-04 11:45:00+00:00,60,1,11,400.8669128417969,359.6405944824219,0,0,0,0,0,0,0,0,0,0,0,0,0,0,0,0,0,0,0,0,0,0,0,0,0
2022-01-04 11:45:00+00:00,60,1,11,,,0,0,0,0,0,0,0,0,0,0,0,0,0,0,0,0,0,0,0,0,0,0,0,0,0
2022-01-04 11:45:00+00:00,60,1,11,268.8060302734375,267.55218505859375,0,0,0,0,0,0,0,0,0,0,0,0,0,0,0,1,1,0,0,0,0,0,0,0,0
2022-01-04 11:45:00+00:00,60,1,11,125.10210418701172,120.92357635498047,0,0,0,0,0,0,0,0,0,0,0,1,1,1,1,1,1,0,0,0,0,0,0,0,0
2022-01-04 11:45:00+00:00,60,1,11,178.23489379882812,169.84683227539062,0,0,0,0,0,0,0,0,0,0,0,0,1,1,1,1,1,0,0,0,0,0,0,0,0
2022-01-04 11:45:00+00:00,60,1,11,401.9315490722656,181.57846069335938,0,0,0,0,0,0,0,0,0,0,0,0,0,0,0,0,0,0,0,0,0,0,0,0,0
2022-01-04 11:45:00+00:00,60,1,11,,,0,0,0,0,0,0,0,0,0,0,0,0,0,0,0,0,0,0,0,0,0,0,0,0,0
2022-01-04 12:00:00+00:00,60,1,12,,,0,0,0,0,0,0,0,0,0,0,0,0,0,0,0,0,0,0,0,0,0,0,0,0,0
2022-01-04 12:00:00+00:00,60,1,12,,,0,0,0,0,0,0,0,0,0,0,0,0,0,0,0,0,0,0,0,0,0,0,0,0,0
2022-01-04 12:00:00+00:00,60,1,12,253.22142028808594,172.62672424316406,0,0,0,0,0,0,0,0,0,0,0,0,0,0,0,1,1,0,0,0,0,0,0,0,0
2022-01-04 12:00:00+00:00,60,1,12,,428.0926513671875,0,0,0,0,0,0,0,0,0,0,0,0,0,0,0,0,0,0,0,0,0,0,0,0,0
2022-01-04 12:00:00+00:00,60,1,12,,,0,0,0,0,0,0,0,0,0,0,0,0,0,0,0,0,0,0,0,0,0,0,0,0,0
2022-01-04 12:00:00+00:00,60,1,12,221.079345703125,0.0,0,0,0,0,0,0,0,0,0,0,0,0,0,0,1,1,1,1,1,1,1,1,1,1,1
2022-01-04 12:00:00+00:00,60,1,12,,,0,0,0,0,0,0,0,0,0,0,0,0,0,0,0,0,0,0,0,0,0,0,0,0,0
2022-01-04 12:15:00+00:00,60,1,12,,,0,0,0,0,0,0,0,0,0,0,0,0,0,0,0,0,0,0,0,0,0,0,0,0,0
2022-01-04 12:15:00+00:00,60,1,12,146.98011779785156,152.90240478515625,0,0,0,0,0,0,0,0,0,0,0,1,1,1,1,1,1,0,0,0,0,0,0,0,0
2022-01-04 12:15:00+00:00,60,1,12,179.4051055908203,125.32559204101562,0,0,0,0,0,0,0,0,0,0,0,0,1,1,1,1,1,0,0,0,0,0,0,0,0
2022-01-04 12:15:00+00:00,60,1,12,53.66478729248047,50.861698150634766,0,0,0,0,0,0,0,1,1,1,1,1,1,1,1,1,1,0,0,0,0,0,0,0,1
2022-01-04 12:15:00+00:00,60,1,12,103.8903579711914,71.51860809326172,0,0,0,0,0,0,0,0,0,0,1,1,1,1,1,1,1,0,0,0,0,0,0,0,0
2022-01-04 12:15:00+00:00,60,1,12,72.67330932617188,60.69121551513672,0,0,0,0,0,0,0,0,1,1,1,1,1,1,1,1,1,0,0,0,0,0,0,0,0
2022-01-04 12:15:00+00:00,60,1,12,470.8570556640625,17.473148345947266,0,0,0,0,0,0,0,0,0,0,0,0,0,0,0,0,0,0,0,1,1,1,1,1,1
2022-01-04 12:15:00+00:00,60,1,12,67.74588775634766,132.4341583251953,0,0,0,0,0,0,0,0,1,1,1,1,1,1,1,1,1,0,0,0,0,0,0,0,0
2022-01-04 12:15:00+00:00,60,1,12,,,0,0,0,0,0,0,0,0,0,0,0,0,0,0,0,0,0,0,0,0,0,0,0,0,0
2022-01-04 12:15:00+00:00,60,1,12,,,0,0,0,0,0,0,0,0,0,0,0,0,0,0,0,0,0,0,0,0,0,0,0,0,0
2022-01-04 12:15:00+00:00,60,1,12,,,0,0,0,0,0,0,0,0,0,0,0,0,0,0,0,0,0,0,0,0,0,0,0,0,0
2022-01-04 12:30:00+00:00,60,1,12,,,0,0,0,0,0,0,0,0,0,0,0,0,0,0,0,0,0,0,0,0,0,0,0,0,0
2022-01-04 12:30:00+00:00,60,1,12,54.88248062133789,6.970086574554443,0,0,0,0,0,0,0,1,1,1,1,1,1,1,1,1,1,1,1,1,1,1,1,1,1
2022-01-04 12:30:00+00:00,60,1,12,,,0,0,0,0,0,0,0,0,0,0,0,0,0,0,0,0,0,0,0,0,0,0,0,0,0
2022-01-04 12:45:00+00:00,60,1,12,,,0,0,0,0,0,0,0,0,0,0,0,0,0,0,0,0,0,0,0,0,0,0,0,0,0
2022-01-04 12:45:00+00:00,60,1,12,549.3828125,506.6807556152344,0,0,0,0,0,0,0,0,0,0,0,0,0,0,0,0,0,0,0,0,0,0,0,0,0
2022-01-04 12:45:00+00:00,60,1,12,208.93467712402344,172.5795135498047,0,0,0,0,0,0,0,0,0,0,0,0,0,0,1,1,1,0,0,0,0,0,0,0,0
2022-01-04 12:45:00+00:00,60,1,12,52.7755126953125,16.218090057373047,0,0,0,0,0,0,0,1,1,1,1,1,1,1,1,1,1,0,0,1,1,1,1,1,1
2022-01-04 12:45:00+00:00,60,1,12,162.65145874023438,137.3863525390625,0,0,0,0,0,0,0,0,0,0,0,0,1,1,1,1,1,0,0,0,0,0,0,0,0
2022-01-04 12:45:00+00:00,60,1,12,336.9950256347656,185.97576904296875,0,0,0,0,0,0,0,0,0,0,0,0,0,0,0,0,1,0,0,0,0,0,0,0,0
2022-01-04 12:45:00+00:00,60,1,12,,166.88462829589844,0,0,0,0,0,0,0,0,0,0,0,0,0,0,0,0,0,0,0,0,0,0,0,0,0
2022-01-04 12:45:00+00:00,60,1,12,110.6163330078125,0.0,0,0,0,0,0,0,0,0,0,0,1,1,1,1,1,1,1,1,1,1,1,1,1,1,1
2022-01-04 12:45:00+00:00,60,1,12,336.65240478515625,314.0082702636719,0,0,0,0,0,0,0,0,0,0,0,0,0,0,0,0,1,0,0,0,0,0,0,0,0
2022-01-04 12:45:00+00:00,60,1,12,,,0,0,0,0,0,0,0,0,0,0,0,0,0,0,0,0,0,0,0,0,0,0,0,0,0
2022-01-04 12:45:00+00:00,60,1,12,,,0,0,0,0,0,0,0,0,0,0,0,0,0,0,0,0,0,0,0,0,0,0,0,0,0
2022-01-04 12:45:00+00:00,60,1,12,,,0,0,0,0,0,0,0,0,0,0,0,0,0,0,0,0,0,0,0,0,0,0,0,0,0
2022-01-04 13:00:00+00:00,60,1,13,,,0,0,0,0,0,0,0,0,0,0,0,0,0,0,0,0,0,0,0,0,0,0,0,0,0
2022-01-04 13:00:00+00:00,60,1,13,,289.734375,0,0,0,0,0,0,0,0,0,0,0,0,0,0,0,0,0,0,0,0,0,0,0,0,0
2022-01-04 13:00:00+00:00,60,1,13,,,0,0,0,0,0,0,0,0,0,0,0,0,0,0,0,0,0,0,0,0,0,0,0,0,0
2022-01-04 13:00:00+00:00,60,1,13,,365.5306396484375,0,0,0,0,0,0,0,0,0,0,0,0,0,0,0,0,0,0,0,0,0,0,0,0,0
2022-01-04 13:00:00+00:00,60,1,13,,273.71466064453125,0,0,0,0,0,0,0,0,0,0,0,0,0,0,0,0,0,0,0,0,0,0,0,0,0
2022-01-04 13:00:00+00:00,60,1,13,130.2519989013672,147.2125244140625,0,0,0,0,0,0,0,0,0,0,0,1,1,1,1,1,1,0,0,0,0,0,0,0,0
2022-01-04 13:00:00+00:00,60,1,13,209.95755004882812,204.16635131835938,0,0,0,0,0,0,0,0,0,0,0,0,0,0,1,1,1,0,0,0,0,0,0,0,0
2022-01-04 13:00:00+00:00,60,1,13,162.81268310546875,116.1758041381836,0,0,0,0,0,0,0,0,0,0,0,0,1,1,1,1,1,0,0,0,0,0,0,0,0
2022-01-04 13:00:00+00:00,60,1,13,184.62440490722656,129.59739685058594,0,0,0,0,0,0,0,0,0,0,0,0,0,1,1,1,1,0,0,0,0,0,0,0,0
2022-01-04 13:00:00+00:00,60,1,13,236.07867431640625,432.95635986328125,0,0,0,0,0,0,0,0,0,0,0,0,0,0,1,1,1,0,0,0,0,0,0,0,0
2022-01-04 13:00:00+00:00,60,1,13,272.10113525390625,147.150146484375,0,0,0,0,0,0,0,0,0,0,0,0,0,0,0,1,1,0,0,0,0,0,0,0,0
2022-01-04 13:00:00+00:00,60,1,13,,0.0,0,0,0,0,0,0,0,0,0,0,0,0,0,0,0,0,0,1,1,1,1,1,1,1,1
2022-01-04 13:15:00+00:00,60,1,13,,63.03474807739258,0,0,0,0,0,0,0,0,0,0,0,0,0,0,0,0,0,0,0,0,0,0,0,0,0
2022-01-04 13:15:00+00:00,60,1,13,44.9067268371582,108.5151596069336,0,0,0,0,0,0,1,1,1,1,1,1,1,1,1,1,1,0,0,0,0,0,0,0,0
2022-01-04 13:15:00+00:00,60,1,13,,151.24928283691406,0,0,0,0,0,0,0,0,0,0,0,0,0,0,0,0,0,0,0,0,0,0,0,0,0
2022-01-04 13:15:00+00:00,60,1,13,,,0,0,0,0,0,0,0,0,0,0,0,0,0,0,0,0,0,0,0,0,0,0,0,0,0
2022-01-04 13:30:00+00:00,60,1,13,,104.53070831298828,0,0,0,0,0,0,0,0,0,0,0,0,0,0,0,0,0,0,0,0,0,0,0,0,0
2022-01-04 13:30:00+00:00,60,1,13,217.4155731201172,158.53018188476562,0,0,0,0,0,0,0,0,0,0,0,0,0,0,1,1,1,0,0,0,0,0,0,0,0
2022-01-04 13:30:00+00:00,60,1,13,61.91399002075195,0.0,0,0,0,0,0,0,0,0,1,1,1,1,1,1,1,1,1,1,1,1,1,1,1,1,1
2022-01-04 13:30:00+00:00,60,1,13,32.01268005371094,0.0,0,0,0,0,0,1,1,1,1,1,1,1,1,1,1,1,1,1,1,1,1,1,1,1,1
2022-01-04 13:30:00+00:00,60,1,13,87.85429382324219,57.15177917480469,0,0,0,0,0,0,0,0,0,1,1,1,1,1,1,1,1,0,0,0,0,0,0,0,1
2022-01-04 13:30:00+00:00,60,1,13,41.53255844116211,54.625343322753906,0,0,0,0,0,0,1,1,1,1,1,1,1,1,1,1,1,0,0,0,0,0,0,0,1
2022-01-04 13:30:00+00:00,60,1,13,,,0,0,0,0,0,0,0,0,0,0,0,0,0,0,0,0,0,0,0,0,0,0,0,0,0
2022-01-04 13:30:00+00:00,60,1,13,,,0,0,0,0,0,0,0,0,0,0,0,0,0,0,0,0,0,0,0,0,0,0,0,0,0
2022-01-04 13:30:00+00:00,60,1,13,,,0,0,0,0,0,0,0,0,0,0,0,0,0,0,0,0,0,0,0,0,0,0,0,0,0
2022-01-04 13:45:00+00:00,60,1,13,,136.0389404296875,0,0,0,0,0,0,0,0,0,0,0,0,0,0,0,0,0,0,0,0,0,0,0,0,0
2022-01-04 13:45:00+00:00,60,1,13,47.85343551635742,23.33070182800293,0,0,0,0,0,0,1,1,1,1,1,1,1,1,1,1,1,0,0,0,1,1,1,1,1
2022-01-04 13:45:00+00:00,60,1,13,63.74068069458008,64.51756286621094,0,0,0,0,0,0,0,0,1,1,1,1,1,1,1,1,1,0,0,0,0,0,0,0,0
2022-01-04 13:45:00+00:00,60,1,13,,,0,0,0,0,0,0,0,0,0,0,0,0,0,0,0,0,0,0,0,0,0,0,0,0,0
2022-01-04 13:45:00+00:00,60,1,13,,,0,0,0,0,0,0,0,0,0,0,0,0,0,0,0,0,0,0,0,0,0,0,0,0,0
2022-01-04 14:00:00+00:00,60,1,14,,582.663818359375,0,0,0,0,0,0,0,0,0,0,0,0,0,0,0,0,0,0,0,0,0,0,0,0,0
2022-01-04 14:00:00+00:00,60,1,14,113.3982925415039,65.74433898925781,0,0,0,0,0,0,0,0,0,0,1,1,1,1,1,1,1,0,0,0,0,0,0,0,0
2022-01-04 14:00:00+00:00,60,1,14,75.74654388427734,48.215065002441406,0,0,0,0,0,0,0,0,1,1,1,1,1,1,1,1,1,0,0,0,0,0,0,1,1
2022-01-04 14:15:00+00:00,60,1,14,192.20989990234375,165.88294982910156,0,0,0,0,0,0,0,0,0,0,0,0,0,1,1,1,1,0,0,0,0,0,0,0,0
2022-01-04 14:15:00+00:00,60,1,14,179.05874633789062,153.70716857910156,0,0,0,0,0,0,0,0,0,0,0,0,1,1,1,1,1,0,0,0,0,0,0,0,0
2022-01-04 14:15:00+00:00,60,1,14,171.43597412109375,156.5443115234375,0,0,0,0,0,0,0,0,0,0,0,0,1,1,1,1,1,0,0,0,0,0,0,0,0
2022-01-04 14:15:00+00:00,60,1,14,401.56317138671875,408.5848693847656,0,0,0,0,0,0,0,0,0,0,0,0,0,0,0,0,0,0,0,0,0,0,0,0,0
2022-01-04 14:15:00+00:00,60,1,14,137.66647338867188,119.4695816040039,0,0,0,0,0,0,0,0,0,0,0,1,1,1,1,1,1,0,0,0,0,0,0,0,0
2022-01-04 14:15:00+00:00,60,1,14,109.42654418945312,87.47715759277344,0,0,0,0,0,0,0,0,0,0,1,1,1,1,1,1,1,0,0,0,0,0,0,0,0
2022-01-04 14:30:00+00:00,60,1,14,127.9226303100586,340.73175048828125,0,0,0,0,0,0,0,0,0,0,0,1,1,1,1,1,1,0,0,0,0,0,0,0,0
2022-01-04 14:30:00+00:00,60,1,14,117.13017272949219,98.70748901367188,0,0,0,0,0,0,0,0,0,0,1,1,1,1,1,1,1,0,0,0,0,0,0,0,0
2022-01-04 14:30:00+00:00,60,1,14,73.86913299560547,73.41495513916016,0,0,0,0,0,0,0,0,1,1,1,1,1,1,1,1,1,0,0,0,0,0,0,0,0
2022-01-04 14:30:00+00:00,60,1,14,62.95450210571289,12.429678916931152,0,0,0,0,0,0,0,0,1,1,1,1,1,1,1,1,1,0,1,1,1,1,1,1,1
2022-01-04 14:45:00+00:00,60,1,14,80.96172332763672,135.59542846679688,0,0,0,0,0,0,0,0,0,1,1,1,1,1,1,1,1,0,0,0,0,0,0,0,0
2022-01-04 14:45:00+00:00,60,1,14,,,0,0,0,0,0,0,0,0,0,0,0,0,0,0,0,0,0,0,0,0,0,0,0,0,0
2022-01-04 14:45:00+00:00,60,1,14,204.25048828125,199.75387573242188,0,0,0,0,0,0,0,0,0,0,0,0,0,0,1,1,1,0,0,0,0,0,0,0,0
2022-01-04 14:45:00+00:00,60,1,14,97.4086685180664,96.93439483642578,0,0,0,0,0,0,0,0,0,1,1,1,1,1,1,1,1,0,0,0,0,0,0,0,0
2022-01-04 14:45:00+00:00,60,1,14,81.36012268066406,46.18804931640625,0,0,0,0,0,0,0,0,0,1,1,1,1,1,1,1,1,0,0,0,0,0,0,1,1
2022-01-04 14:45:00+00:00,60,1,14,229.0717010498047,267.16259765625,0,0,0,0,0,0,0,0,0,0,0,0,0,0,1,1,1,0,0,0,0,0,0,0,0
2022-01-04 14:45:00+00:00,60,1,14,67.71635437011719,24.781869888305664,0,0,0,0,0,0,0,0,1,1,1,1,1,1,1,1,1,0,0,0,1,1,1,1,1
2022-01-04 15:00:00+00:00,60,1,15,179.2887420654297,175.6905517578125,0,0,0,0,0,0,0,0,0,0,0,0,1,1,1,1,1,0,0,0,0,0,0,0,0
2022-01-04 15:00:00+00:00,60,1,15,149.3274383544922,199.97354125976562,0,0,0,0,0,0,0,0,0,0,0,1,1,1,1,1,1,0,0,0,0,0,0,0,0
2022-01-04 15:00:00+00:00,60,1,15,87.8851089477539,107.58375549316406,0,0,0,0,0,0,0,0,0,1,1,1,1,1,1,1,1,0,0,0,0,0,0,0,0
2022-01-04 15:00:00+00:00,60,1,15,121.16921997070312,21.65593910217285,0,0,0,0,0,0,0,0,0,0,0,1,1,1,1,1,1,0,0,0,1,1,1,1,1
2022-01-04 15:00:00+00:00,60,1,15,,,0,0,0,0,0,0,0,0,0,0,0,0,0,0,0,0,0,0,0,0,0,0,0,0,0
2022-01-04 15:00:00+00:00,60,1,15,83.678466796875,0.0,0,0,0,0,0,0,0,0,0,1,1,1,1,1,1,1,1,1,1,1,1,1,1,1,1
2022-01-04 15:00:00+00:00,60,1,15,,,0,0,0,0,0,0,0,0,0,0,0,0,0,0,0,0,0,0,0,0,0,0,0,0,0
2022-01-04 15:00:00+00:00,60,1,15,,,0,0,0,0,0,0,0,0,0,0,0,0,0,0,0,0,0,0,0,0,0,0,0,0,0
2022-01-04 15:00:00+00:00,60,1,15,,,0,0,0,0,0,0,0,0,0,0,0,0,0,0,0,0,0,0,0,0,0,0,0,0,0
2022-01-04 15:15:00+00:00,60,1,15,70.84872436523438,58.95002746582031,0,0,0,0,0,0,0,0,1,1,1,1,1,1,1,1,1,0,0,0,0,0,0,0,1
2022-01-04 15:15:00+00:00,60,1,15,62.145263671875,101.33601379394531,0,0,0,0,0,0,0,0,1,1,1,1,1,1,1,1,1,0,0,0,0,0,0,0,0
2022-01-04 15:15:00+00:00,60,1,15,260.50164794921875,256.8397216796875,0,0,0,0,0,0,0,0,0,0,0,0,0,0,0,1,1,0,0,0,0,0,0,0,0
2022-01-04 15:30:00+00:00,60,1,15,211.2747039794922,222.80172729492188,0,0,0,0,0,0,0,0,0,0,0,0,0,0,1,1,1,0,0,0,0,0,0,0,0
2022-01-04 15:30:00+00:00,60,1,15,113.89356994628906,67.80348205566406,0,0,0,0,0,0,0,0,0,0,1,1,1,1,1,1,1,0,0,0,0,0,0,0,0
2022-01-04 15:30:00+00:00,60,1,15,159.1838836669922,138.01455688476562,0,0,0,0,0,0,0,0,0,0,0,0,1,1,1,1,1,0,0,0,0,0,0,0,0
2022-01-04 15:30:00+00:00,60,1,15,140.53781127929688,147.63734436035156,0,0,0,0,0,0,0,0,0,0,0,1,1,1,1,1,1,0,0,0,0,0,0,0,0
2022-01-04 15:30:00+00:00,60,1,15,203.26487731933594,,0,0,0,0,0,0,0,0,0,0,0,0,0,0,1,1,1,0,0,0,0,0,0,0,0
2022-01-04 15:45:00+00:00,60,1,15,,,0,0,0,0,0,0,0,0,0,0,0,0,0,0,0,0,0,0,0,0,0,0,0,0,0
2022-01-04 15:45:00+00:00,60,1,15,515.3311157226562,505.761474609375,0,0,0,0,0,0,0,0,0,0,0,0,0,0,0,0,0,0,0,0,0,0,0,0,0
2022-01-04 15:45:00+00:00,60,1,15,263.4187316894531,231.6287841796875,0,0,0,0,0,0,0,0,0,0,0,0,0,0,0,1,1,0,0,0,0,0,0,0,0
2022-01-04 15:45:00+00:00,60,1,15,,,0,0,0,0,0,0,0,0,0,0,0,0,0,0,0,0,0,0,0,0,0,0,0,0,0
2022-01-04 16:00:00+00:00,60,1,16,238.0337371826172,136.88388061523438,0,0,0,0,0,0,0,0,0,0,0,0,0,0,1,1,1,0,0,0,0,0,0,0,0
2022-01-04 16:00:00+00:00,60,1,16,102.47817993164062,198.63526916503906,0,0,0,0,0,0,0,0,0,0,1,1,1,1,1,1,1,0,0,0,0,0,0,0,0
2022-01-04 16:00:00+00:00,60,1,16,,,0,0,0,0,0,0,0,0,0,0,0,0,0,0,0,0,0,0,0,0,0,0,0,0,0
2022-01-04 16:15:00+00:00,60,1,16,54.89595031738281,24.282466888427734,0,0,0,0,0,0,0,1,1,1,1,1,1,1,1,1,1,0,0,0,1,1,1,1,1
2022-01-04 16:15:00+00:00,60,1,16,60.00325393676758,16.05348014831543,0,0,0,0,0,0,0,0,1,1,1,1,1,1,1,1,1,0,0,1,1,1,1,1,1
2022-01-04 16:15:00+00:00,60,1,16,101.71514892578125,16.385229110717773,0,0,0,0,0,0,0,0,0,0,1,1,1,1,1,1,1,0,0,1,1,1,1,1,1
2022-01-04 16:15:00+00:00,60,1,16,88.14595794677734,79.53365325927734,0,0,0,0,0,0,0,0,0,1,1,1,1,1,1,1,1,0,0,0,0,0,0,0,0
2022-01-04 16:15:00+00:00,60,1,16,102.30442810058594,325.19952392578125,0,0,0,0,0,0,0,0,0,0,1,1,1,1,1,1,1,0,0,0,0,0,0,0,0
2022-01-04 16:15:00+00:00,60,1,16,,,0,0,0,0,0,0,0,0,0,0,0,0,0,0,0,0,0,0,0,0,0,0,0,0,0
2022-01-04 16:30:00+00:00,60,1,16,274.5718688964844,275.3199768066406,0,0,0,0,0,0,0,0,0,0,0,0,0,0,0,1,1,0,0,0,0,0,0,0,0
2022-01-04 16:30:00+00:00,60,1,16,243.99356079101562,217.61538696289062,0,0,0,0,0,0,0,0,0,0,0,0,0,0,1,1,1,0,0,0,0,0,0,0,0
2022-01-04 16:30:00+00:00,60,1,16,479.2166748046875,522.80419921875,0,0,0,0,0,0,0,0,0,0,0,0,0,0,0,0,0,0,0,0,0,0,0,0,0
2022-01-04 16:30:00+00:00,60,1,16,74.63636779785156,54.0180778503418,0,0,0,0,0,0,0,0,1,1,1,1,1,1,1,1,1,0,0,0,0,0,0,0,1
2022-01-04 16:30:00+00:00,60,1,16,138.68246459960938,120.96004486083984,0,0,0,0,0,0,0,0,0,0,0,1,1,1,1,1,1,0,0,0,0,0,0,0,0
2022-01-04 16:30:00+00:00,60,1,16,217.4277801513672,197.54945373535156,0,0,0,0,0,0,0,0,0,0,0,0,0,0,1,1,1,0,0,0,0,0,0,0,0
2022-01-04 16:30:00+00:00,60,1,16,209.98194885253906,209.35658264160156,0,0,0,0,0,0,0,0,0,0,0,0,0,0,1,1,1,0,0,0,0,0,0,0,0
2022-01-04 16:30:00+00:00,60,1,16,184.91888427734375,16.018007278442383,0,0,0,0,0,0,0,0,0,0,0,0,0,1,1,1,1,0,0,1,1,1,1,1,1
2022-01-04 16:30:00+00:00,60,1,16,148.46324157714844,93.37554931640625,0,0,0,0,0,0,0,0,0,0,0,1,1,1,1,1,1,0,0,0,0,0,0,0,0
2022-01-04 16:30:00+00:00,60,1,16,156.94630432128906,145.89076232910156,0,0,0,0,0,0,0,0,0,0,0,0,1,1,1,1,1,0,0,0,0,0,0,0,0
2022-01-04 16:30:00+00:00,60,1,16,,,0,0,0,0,0,0,0,0,0,0,0,0,0,0,0,0,0,0,0,0,0,0,0,0,0
2022-01-04 16:45:00+00:00,60,1,16,271.0663146972656,243.48851013183594,0,0,0,0,0,0,0,0,0,0,0,0,0,0,0,1,1,0,0,0,0,0,0,0,0
2022-01-04 16:45:00+00:00,60,1,16,177.2763214111328,158.45413208007812,0,0,0,0,0,0,0,0,0,0,0,0,1,1,1,1,1,0,0,0,0,0,0,0,0
2022-01-04 16:45:00+00:00,60,1,16,56.444332122802734,53.961158752441406,0,0,0,0,0,0,0,1,1,1,1,1,1,1,1,1,1,0,0,0,0,0,0,0,1
2022-01-04 16:45:00+00:00,60,1,16,172.42721557617188,171.22547912597656,0,0,0,0,0,0,0,0,0,0,0,0,1,1,1,1,1,0,0,0,0,0,0,0,0
2022-01-04 16:45:00+00:00,60,1,16,300.1321716308594,258.988037109375,0,0,0,0,0,0,0,0,0,0,0,0,0,0,0,0,1,0,0,0,0,0,0,0,0
2022-01-04 16:45:00+00:00,60,1,16,,,0,0,0,0,0,0,0,0,0,0,0,0,0,0,0,0,0,0,0,0,0,0,0,0,0
2022-01-04 17:00:00+00:00,60,1,17,234.03152465820312,254.53897094726562,0,0,0,0,0,0,0,0,0,0,0,0,0,0,1,1,1,0,0,0,0,0,0,0,0
2022-01-04 17:00:00+00:00,60,1,17,170.28994750976562,235.31529235839844,0,0,0,0,0,0,0,0,0,0,0,0,1,1,1,1,1,0,0,0,0,0,0,0,0
2022-01-04 17:00:00+00:00,60,1,17,,,0,0,0,0,0,0,0,0,0,0,0,0,0,0,0,0,0,0,0,0,0,0,0,0,0
2022-01-04 17:15:00+00:00,60,1,17,344.3175964355469,372.8213195800781,0,0,0,0,0,0,0,0,0,0,0,0,0,0,0,0,1,0,0,0,0,0,0,0,0
2022-01-04 17:15:00+00:00,60,1,17,231.90396118164062,146.4093017578125,0,0,0,0,0,0,0,0,0,0,0,0,0,0,1,1,1,0,0,0,0,0,0,0,0
2022-01-04 17:15:00+00:00,60,1,17,,,0,0,0,0,0,0,0,0,0,0,0,0,0,0,0,0,0,0,0,0,0,0,0,0,0
2022-01-04 17:30:00+00:00,60,1,17,114.64595794677734,110.51632690429688,0,0,0,0,0,0,0,0,0,0,1,1,1,1,1,1,1,0,0,0,0,0,0,0,0
2022-01-04 17:30:00+00:00,60,1,17,179.59695434570312,139.30050659179688,0,0,0,0,0,0,0,0,0,0,0,0,1,1,1,1,1,0,0,0,0,0,0,0,0
2022-01-04 17:30:00+00:00,60,1,17,,,0,0,0,0,0,0,0,0,0,0,0,0,0,0,0,0,0,0,0,0,0,0,0,0,0
2022-01-04 17:45:00+00:00,60,1,17,,,0,0,0,0,0,0,0,0,0,0,0,0,0,0,0,0,0,0,0,0,0,0,0,0,0
2022-01-04 17:45:00+00:00,60,1,17,,,0,0,0,0,0,0,0,0,0,0,0,0,0,0,0,0,0,0,0,0,0,0,0,0,0
2022-01-04 17:45:00+00:00,60,1,17,,,0,0,0,0,0,0,0,0,0,0,0,0,0,0,0,0,0,0,0,0,0,0,0,0,0
2022-01-05 10:00:00+00:00,60,1,10,,472.36669921875,0,0,0,0,0,0,0,0,0,0,0,0,0,0,0,0,0,0,0,0,0,0,0,0,0
2022-01-05 10:00:00+00:00,60,1,10,294.52587890625,132.14381408691406,0,0,0,0,0,0,0,0,0,0,0,0,0,0,0,1,1,0,0,0,0,0,0,0,0
2022-01-05 10:00:00+00:00,60,1,10,428.0154113769531,212.01976013183594,0,0,0,0,0,0,0,0,0,0,0,0,0,0,0,0,0,0,0,0,0,0,0,0,0
2022-01-05 10:00:00+00:00,60,1,10,39.009090423583984,24.875350952148438,0,0,0,0,0,1,1,1,1,1,1,1,1,1,1,1,1,0,0,0,1,1,1,1,1
2022-01-05 10:00:00+00:00,60,1,10,180.1947021484375,13.456093788146973,0,0,0,0,0,0,0,0,0,0,0,0,0,1,1,1,1,0,1,1,1,1,1,1,1
2022-01-05 10:00:00+00:00,60,1,10,124.98595428466797,12.900873184204102,0,0,0,0,0,0,0,0,0,0,0,1,1,1,1,1,1,0,1,1,1,1,1,1,1
2022-01-05 10:00:00+00:00,60,1,10,241.350830078125,23.542621612548828,0,0,0,0,0,0,0,0,0,0,0,0,0,0,1,1,1,0,0,0,1,1,1,1,1
2022-01-05 10:00:00+00:00,60,1,10,66.76468658447266,26.54296875,0,0,0,0,0,0,0,0,1,1,1,1,1,1,1,1,1,0,0,0,0,1,1,1,1
2022-01-05 10:00:00+00:00,60,1,10,154.7703399658203,134.34405517578125,0,0,0,0,0,0,0,0,0,0,0,0,1,1,1,1,1,0,0,0,0,0,0,0,0
2022-01-05 10:00:00+00:00,60,1,10,207.41732788085938,19.474292755126953,0,0,0,0,0,0,0,0,0,0,0,0,0,0,1,1,1,0,0,1,1,1,1,1,1
2022-01-05 10:00:00+00:00,60,1,10,186.88092041015625,68.96235656738281,0,0,0,0,0,0,0,0,0,0,0,0,0,1,1,1,1,0,0,0,0,0,0,0,0
2022-01-05 10:00:00+00:00,60,1,10,,357.46527099609375,0,0,0,0,0,0,0,0,0,0,0,0,0,0,0,0,0,0,0,0,0,0,0,0,0
2022-01-05 10:00:00+00:00,60,1,10,,37.36146926879883,0,0,0,0,0,0,0,0,0,0,0,0,0,0,0,0,0,0,0,0,0,0,1,1,1
2022-01-05 10:00:00+00:00,60,1,10,453.03314208984375,256.267333984375,0,0,0,0,0,0,0,0,0,0,0,0,0,0,0,0,0,0,0,0,0,0,0,0,0
2022-01-05 10:00:00+00:00,60,1,10,,,0,0,0,0,0,0,0,0,0,0,0,0,0,0,0,0,0,0,0,0,0,0,0,0,0
2022-01-05 10:00:00+00:00,60,1,10,,,0,0,0,0,0,0,0,0,0,0,0,0,0,0,0,0,0,0,0,0,0,0,0,0,0
2022-01-05 10:00:00+00:00,60,1,10,,,0,0,0,0,0,0,0,0,0,0,0,0,0,0,0,0,0,0,0,0,0,0,0,0,0
2022-01-05 10:15:00+00:00,60,1,10,,61.239501953125,0,0,0,0,0,0,0,0,0,0,0,0,0,0,0,0,0,0,0,0,0,0,0,0,0
2022-01-05 10:15:00+00:00,60,1,10,,280.4176025390625,0,0,0,0,0,0,0,0,0,0,0,0,0,0,0,0,0,0,0,0,0,0,0,0,0
2022-01-05 10:15:00+00:00,60,1,10,209.67770385742188,190.4025115966797,0,0,0,0,0,0,0,0,0,0,0,0,0,0,1,1,1,0,0,0,0,0,0,0,0
2022-01-05 10:15:00+00:00,60,1,10,226.61660766601562,101.23133850097656,0,0,0,0,0,0,0,0,0,0,0,0,0,0,1,1,1,0,0,0,0,0,0,0,0
2022-01-05 10:15:00+00:00,60,1,10,37.57982635498047,27.432910919189453,0,0,0,0,0,1,1,1,1,1,1,1,1,1,1,1,1,0,0,0,0,1,1,1,1
2022-01-05 10:15:00+00:00,60,1,10,107.16259765625,3.548110008239746,0,0,0,0,0,0,0,0,0,0,1,1,1,1,1,1,1,1,1,1,1,1,1,1,1
2022-01-05 10:15:00+00:00,60,1,10,87.95943450927734,79.86372375488281,0,0,0,0,0,0,0,0,0,1,1,1,1,1,1,1,1,0,0,0,0,0,0,0,0
2022-01-05 10:15:00+00:00,60,1,10,238.2626495361328,212.07534790039062,0,0,0,0,0,0,0,0,0,0,0,0,0,0,1,1,1,0,0,0,0,0,0,0,0
2022-01-05 10:15:00+00:00,60,1,10,122.98751831054688,0.0,0,0,0,0,0,0,0,0,0,0,0,1,1,1,1,1,1,1,1,1,1,1,1,1,1
2022-01-05 10:15:00+00:00,60,1,10,242.06431579589844,82.10067749023438,0,0,0,0,0,0,0,0,0,0,0,0,0,0,1,1,1,0,0,0,0,0,0,0,0
2022-01-05 10:15:00+00:00,60,1,10,225.88034057617188,26.605735778808594,0,0,0,0,0,0,0,0,0,0,0,0,0,0,1,1,1,0,0,0,0,1,1,1,1
2022-01-05 10:15:00+00:00,60,1,10,43.789451599121094,4.998599529266357,0,0,0,0,0,0,1,1,1,1,1,1,1,1,1,1,1,1,1,1,1,1,1,1,1
2022-01-05 10:15:00+00:00,60,1,10,199.9516143798828,20.928695678710938,0,0,0,0,0,0,0,0,0,0,0,0,0,1,1,1,1,0,0,0,1,1,1,1,1
2022-01-05 10:15:00+00:00,60,1,10,263.16314697265625,277.3961181640625,0,0,0,0,0,0,0,0,0,0,0,0,0,0,0,1,1,0,0,0,0,0,0,0,0
2022-01-05 10:15:00+00:00,60,1,10,,388.9654846191406,0,0,0,0,0,0,0,0,0,0,0,0,0,0,0,0,0,0,0,0,0,0,0,0,0
2022-01-05 10:30:00+00:00,60,1,10,,37.824005126953125,0,0,0,0,0,0,0,0,0,0,0,0,0,0,0,0,0,0,0,0,0,0,1,1,1
2022-01-05 10:30:00+00:00,60,1,10,,402.0560607910156,0,0,0,0,0,0,0,0,0,0,0,0,0,0,0,0,0,0,0,0,0,0,0,0,0
2022-01-05 10:30:00+00:00,60,1,10,113.71775817871094,13.55084228515625,0,0,0,0,0,0,0,0,0,0,1,1,1,1,1,1,1,0,1,1,1,1,1,1,1
2022-01-05 10:30:00+00:00,60,1,10,304.1512145996094,207.76309204101562,0,0,0,0,0,0,0,0,0,0,0,0,0,0,0,0,1,0,0,0,0,0,0,0,0
2022-01-05 10:30:00+00:00,60,1,10,76.9665298461914,37.9354362487793,0,0,0,0,0,0,0,0,1,1,1,1,1,1,1,1,1,0,0,0,0,0,1,1,1
2022-01-05 10:30:00+00:00,60,1,10,125.44027709960938,104.96795654296875,0,0,0,0,0,0,0,0,0,0,0,1,1,1,1,1,1,0,0,0,0,0,0,0,0
2022-01-05 10:30:00+00:00,60,1,10,134.1077880859375,129.23599243164062,0,0,0,0,0,0,0,0,0,0,0,1,1,1,1,1,1,0,0,0,0,0,0,0,0
2022-01-05 10:30:00+00:00,60,1,10,141.06053161621094,106.5811538696289,0,0,0,0,0,0,0,0,0,0,0,1,1,1,1,1,1,0,0,0,0,0,0,0,0
2022-01-05 10:30:00+00:00,60,1,10,318.7670593261719,334.24310302734375,0,0,0,0,0,0,0,0,0,0,0,0,0,0,0,0,1,0,0,0,0,0,0,0,0
2022-01-05 10:30:00+00:00,60,1,10,,,0,0,0,0,0,0,0,0,0,0,0,0,0,0,0,0,0,0,0,0,0,0,0,0,0
2022-01-05 10:30:00+00:00,60,1,10,,,0,0,0,0,0,0,0,0,0,0,0,0,0,0,0,0,0,0,0,0,0,0,0,0,0
2022-01-05 10:30:00+00:00,60,1,10,,437.1877746582031,0,0,0,0,0,0,0,0,0,0,0,0,0,0,0,0,0,0,0,0,0,0,0,0,0
2022-01-05 10:45:00+00:00,60,1,10,,13.895685195922852,0,0,0,0,0,0,0,0,0,0,0,0,0,0,0,0,0,0,1,1,1,1,1,1,1
2022-01-05 10:45:00+00:00,60,1,10,121.17823791503906,44.898155212402344,0,0,0,0,0,0,0,0,0,0,0,1,1,1,1,1,1,0,0,0,0,0,0,1,1
2022-01-05 10:45:00+00:00,60,1,10,118.54428100585938,108.76318359375,0,0,0,0,0,0,0,0,0,0,1,1,1,1,1,1,1,0,0,0,0,0,0,0,0
2022-01-05 10:45:00+00:00,60,1,10,65.40999603271484,0.0,0,0,0,0,0,0,0,0,1,1,1,1,1,1,1,1,1,1,1,1,1,1,1,1,1
2022-01-05 10:45:00+00:00,60,1,10,156.66908264160156,117.98988342285156,0,0,0,0,0,0,0,0,0,0,0,0,1,1,1,1,1,0,0,0,0,0,0,0,0
2022-01-05 10:45:00+00:00,60,1,10,69.40740966796875,39.6246452331543,0,0,0,0,0,0,0,0,1,1,1,1,1,1,1,1,1,0,0,0,0,0,1,1,1
2022-01-05 10:45:00+00:00,60,1,10,100.0217056274414,12.593329429626465,0,0,0,0,0,0,0,0,0,0,1,1,1,1,1,1,1,0,1,1,1,1,1,1,1
2022-01-05 10:45:00+00:00,60,1,10,87.21589660644531,93.37857055664062,0,0,0,0,0,0,0,0,0,1,1,1,1,1,1,1,1,0,0,0,0,0,0,0,0
2022-01-05 10:45:00+00:00,60,1,10,,,0,0,0,0,0,0,0,0,0,0,0,0,0,0,0,0,0,0,0,0,0,0,0,0,0
2022-01-05 11:00:00+00:00,60,1,11,,,0,0,0,0,0,0,0,0,0,0,0,0,0,0,0,0,0,0,0,0,0,0,0,0,0
2022-01-05 11:00:00+00:00,60,1,11,,,0,0,0,0,0,0,0,0,0,0,0,0,0,0,0,0,0,0,0,0,0,0,0,0,0
2022-01-05 11:00:00+00:00,60,1,11,,0.0,0,0,0,0,0,0,0,0,0,0,0,0,0,0,0,0,0,1,1,1,1,1,1,1,1
2022-01-05 11:00:00+00:00,60,1,11,150.94908142089844,57.71088790893555,0,0,0,0,0,0,0,0,0,0,0,0,1,1,1,1,1,0,0,0,0,0,0,0,1
2022-01-05 11:00:00+00:00,60,1,11,81.49765014648438,10.365951538085938,0,0,0,0,0,0,0,0,0,1,1,1,1,1,1,1,1,0,1,1,1,1,1,1,1
2022-01-05 11:00:00+00:00,60,1,11,173.7460174560547,99.33695220947266,0,0,0,0,0,0,0,0,0,0,0,0,1,1,1,1,1,0,0,0,0,0,0,0,0
2022-01-05 11:00:00+00:00,60,1,11,131.30743408203125,16.146656036376953,0,0,0,0,0,0,0,0,0,0,0,1,1,1,1,1,1,0,0,1,1,1,1,1,1
2022-01-05 11:00:00+00:00,60,1,11,121.25494384765625,41.10627365112305,0,0,0,0,0,0,0,0,0,0,0,1,1,1,1,1,1,0,0,0,0,0,0,1,1
2022-01-05 11:00:00+00:00,60,1,11,222.2567596435547,180.8812713623047,0,0,0,0,0,0,0,0,0,0,0,0,0,0,1,1,1,0,0,0,0,0,0,0,0
2022-01-05 11:00:00+00:00,60,1,11,181.63742065429688,137.00411987304688,0,0,0,0,0,0,0,0,0,0,0,0,0,1,1,1,1,0,0,0,0,0,0,0,0
2022-01-05 11:00:00+00:00,60,1,11,275.6882019042969,230.91139221191406,0,0,0,0,0,0,0,0,0,0,0,0,0,0,0,1,1,0,0,0,0,0,0,0,0
2022-01-05 11:00:00+00:00,60,1,11,112.59043884277344,47.895347595214844,0,0,0,0,0,0,0,0,0,0,1,1,1,1,1,1,1,0,0,0,0,0,0,1,1
2022-01-05 11:00:00+00:00,60,1,11,306.1362609863281,195.94155883789062,0,0,0,0,0,0,0,0,0,0,0,0,0,0,0,0,1,0,0,0,0,0,0,0,0
2022-01-05 11:00:00+00:00,60,1,11,,,0,0,0,0,0,0,0,0,0,0,0,0,0,0,0,0,0,0,0,0,0,0,0,0,0
2022-01-05 11:00:00+00:00,60,1,11,,,0,0,0,0,0,0,0,0,0,0,0,0,0,0,0,0,0,0,0,0,0,0,0,0,0
2022-01-05 11:15:00+00:00,60,1,11,420.44537353515625,404.1819152832031,0,0,0,0,0,0,0,0,0,0,0,0,0,0,0,0,0,0,0,0,0,0,0,0,0
2022-01-05 11:15:00+00:00,60,1,11,186.2241973876953,36.19438934326172,0,0,0,0,0,0,0,0,0,0,0,0,0,1,1,1,1,0,0,0,0,0,1,1,1
2022-01-05 11:15:00+00:00,60,1,11,170.94358825683594,24.10308265686035,0,0,0,0,0,0,0,0,0,0,0,0,1,1,1,1,1,0,0,0,1,1,1,1,1
2022-01-05 11:15:00+00:00,60,1,11,96.0313949584961,96.44747924804688,0,0,0,0,0,0,0,0,0,1,1,1,1,1,1,1,1,0,0,0,0,0,0,0,0
2022-01-05 11:15:00+00:00,60,1,11,190.2056884765625,168.47662353515625,0,0,0,0,0,0,0,0,0,0,0,0,0,1,1,1,1,0,0,0,0,0,0,0,0
2022-01-05 11:15:00+00:00,60,1,11,111.61444854736328,30.615571975708008,0,0,0,0,0,0,0,0,0,0,1,1,1,1,1,1,1,0,0,0,0,0,1,1,1
2022-01-05 11:15:00+00:00,60,1,11,109.58585357666016,111.31783294677734,0,0,0,0,0,0,0,0,0,0,1,1,1,1,1,1,1,0,0,0,0,0,0,0,0
2022-01-05 11:15:00+00:00,60,1,11,175.1631317138672,138.75527954101562,0,0,0,0,0,0,0,0,0,0,0,0,1,1,1,1,1,0,0,0,0,0,0,0,0
2022-01-05 11:15:00+00:00,60,1,11,242.01666259765625,204.45887756347656,0,0,0,0,0,0,0,0,0,0,0,0,0,0,1,1,1,0,0,0,0,0,0,0,0
2022-01-05 11:15:00+00:00,60,1,11,155.43511962890625,126.9863052368164,0,0,0,0,0,0,0,0,0,0,0,0,1,1,1,1,1,0,0,0,0,0,0,0,0
2022-01-05 11:15:00+00:00,60,1,11,168.64779663085938,133.14125061035156,0,0,0,0,0,0,0,0,0,0,0,0,1,1,1,1,1,0,0,0,0,0,0,0,0
2022-01-05 11:15:00+00:00,60,1,11,253.7797393798828,195.37887573242188,0,0,0,0,0,0,0,0,0,0,0,0,0,0,0,1,1,0,0,0,0,0,0,0,0
2022-01-05 11:15:00+00:00,60,1,11,300.4927062988281,195.38253784179688,0,0,0,0,0,0,0,0,0,0,0,0,0,0,0,0,1,0,0,0,0,0,0,0,0
2022-01-05 11:15:00+00:00,60,1,11,127.72228240966797,200.5394744873047,0,0,0,0,0,0,0,0,0,0,0,1,1,1,1,1,1,0,0,0,0,0,0,0,0
2022-01-05 11:15:00+00:00,60,1,11,114.30416107177734,77.04846954345703,0,0,0,0,0,0,0,0,0,0,1,1,1,1,1,1,1,0,0,0,0,0,0,0,0
2022-01-05 11:15:00+00:00,60,1,11,,,0,0,0,0,0,0,0,0,0,0,0,0,0,0,0,0,0,0,0,0,0,0,0,0,0
2022-01-05 11:30:00+00:00,60,1,11,,,0,0,0,0,0,0,0,0,0,0,0,0,0,0,0,0,0,0,0,0,0,0,0,0,0
2022-01-05 11:30:00+00:00,60,1,11,413.72906494140625,364.9810485839844,0,0,0,0,0,0,0,0,0,0,0,0,0,0,0,0,0,0,0,0,0,0,0,0,0
2022-01-05 11:30:00+00:00,60,1,11,407.9853515625,370.1817626953125,0,0,0,0,0,0,0,0,0,0,0,0,0,0,0,0,0,0,0,0,0,0,0,0,0
2022-01-05 11:30:00+00:00,60,1,11,61.06828689575195,5.200894832611084,0,0,0,0,0,0,0,0,1,1,1,1,1,1,1,1,1,1,1,1,1,1,1,1,1
2022-01-05 11:30:00+00:00,60,1,11,118.0364761352539,93.40497589111328,0,0,0,0,0,0,0,0,0,0,1,1,1,1,1,1,1,0,0,0,0,0,0,0,0
2022-01-05 11:30:00+00:00,60,1,11,121.82719421386719,37.241981506347656,0,0,0,0,0,0,0,0,0,0,0,1,1,1,1,1,1,0,0,0,0,0,1,1,1
2022-01-05 11:30:00+00:00,60,1,11,335.6668395996094,305.0633239746094,0,0,0,0,0,0,0,0,0,0,0,0,0,0,0,0,1,0,0,0,0,0,0,0,0
2022-01-05 11:30:00+00:00,60,1,11,315.7976989746094,211.27542114257812,0,0,0,0,0,0,0,0,0,0,0,0,0,0,0,0,1,0,0,0,0,0,0,0,0
2022-01-05 11:30:00+00:00,60,1,11,221.80274963378906,178.5378875732422,0,0,0,0,0,0,0,0,0,0,0,0,0,0,1,1,1,0,0,0,0,0,0,0,0
2022-01-05 11:30:00+00:00,60,1,11,196.6505126953125,145.5923309326172,0,0,0,0,0,0,0,0,0,0,0,0,0,1,1,1,1,0,0,0,0,0,0,0,0
2022-01-05 11:30:00+00:00,60,1,11,183.21153259277344,11.736950874328613,0,0,0,0,0,0,0,0,0,0,0,0,0,1,1,1,1,0,1,1,1,1,1,1,1
2022-01-05 11:30:00+00:00,60,1,11,185.3565673828125,78.86197662353516,0,0,0,0,0,0,0,0,0,0,0,0,0,1,1,1,1,0,0,0,0,0,0,0,0
2022-01-05 11:30:00+00:00,60,1,11,,,0,0,0,0,0,0,0,0,0,0,0,0,0,0,0,0,0,0,0,0,0,0,0,0,0
2022-01-05 11:30:00+00:00,60,1,11,,,0,0,0,0,0,0,0,0,0,0,0,0,0,0,0,0,0,0,0,0,0,0,0,0,0
2022-01-05 11:30:00+00:00,60,1,11,,,0,0,0,0,0,0,0,0,0,0,0,0,0,0,0,0,0,0,0,0,0,0,0,0,0
2022-01-05 11:30:00+00:00,60,1,11,,,0,0,0,0,0,0,0,0,0,0,0,0,0,0,0,0,0,0,0,0,0,0,0,0,0
2022-01-05 11:45:00+00:00,60,1,11,363.1991271972656,344.003173828125,0,0,0,0,0,0,0,0,0,0,0,0,0,0,0,0,0,0,0,0,0,0,0,0,0
2022-01-05 11:45:00+00:00,60,1,11,115.21687316894531,112.91643524169922,0,0,0,0,0,0,0,0,0,0,1,1,1,1,1,1,1,0,0,0,0,0,0,0,0
2022-01-05 11:45:00+00:00,60,1,11,100.01864624023438,68.58078002929688,0,0,0,0,0,0,0,0,0,0,1,1,1,1,1,1,1,0,0,0,0,0,0,0,0
2022-01-05 11:45:00+00:00,60,1,11,118.79862976074219,95.15593719482422,0,0,0,0,0,0,0,0,0,0,1,1,1,1,1,1,1,0,0,0,0,0,0,0,0
2022-01-05 11:45:00+00:00,60,1,11,365.1797180175781,253.88833618164062,0,0,0,0,0,0,0,0,0,0,0,0,0,0,0,0,0,0,0,0,0,0,0,0,0
2022-01-05 11:45:00+00:00,60,1,11,344.6107482910156,312.5566101074219,0,0,0,0,0,0,0,0,0,0,0,0,0,0,0,0,1,0,0,0,0,0,0,0,0
2022-01-05 11:45:00+00:00,60,1,11,193.9375457763672,211.81417846679688,0,0,0,0,0,0,0,0,0,0,0,0,0,1,1,1,1,0,0,0,0,0,0,0,0
2022-01-05 11:45:00+00:00,60,1,11,356.8207092285156,189.3564453125,0,0,0,0,0,0,0,0,0,0,0,0,0,0,0,0,0,0,0,0,0,0,0,0,0
2022-01-05 12:00:00+00:00,60,1,12,240.75880432128906,240.30592346191406,0,0,0,0,0,0,0,0,0,0,0,0,0,0,1,1,1,0,0,0,0,0,0,0,0
2022-01-05 12:00:00+00:00,60,1,12,184.51507568359375,176.82489013671875,0,0,0,0,0,0,0,0,0,0,0,0,0,1,1,1,1,0,0,0,0,0,0,0,0
2022-01-05 12:00:00+00:00,60,1,12,130.04490661621094,114.81718444824219,0,0,0,0,0,0,0,0,0,0,0,1,1,1,1,1,1,0,0,0,0,0,0,0,0
2022-01-05 12:00:00+00:00,60,1,12,234.40614318847656,230.8844757080078,0,0,0,0,0,0,0,0,0,0,0,0,0,0,1,1,1,0,0,0,0,0,0,0,0
2022-01-05 12:00:00+00:00,60,1,12,80.97411346435547,88.63429260253906,0,0,0,0,0,0,0,0,0,1,1,1,1,1,1,1,1,0,0,0,0,0,0,0,0
2022-01-05 12:00:00+00:00,60,1,12,42.77588653564453,48.757076263427734,0,0,0,0,0,0,1,1,1,1,1,1,1,1,1,1,1,0,0,0,0,0,0,1,1
2022-01-05 12:00:00+00:00,60,1,12,72.00100708007812,81.62312316894531,0,0,0,0,0,0,0,0,1,1,1,1,1,1,1,1,1,0,0,0,0,0,0,0,0
2022-01-05 12:00:00+00:00,60,1,12,89.2150650024414,4.610273361206055,0,0,0,0,0,0,0,0,0,1,1,1,1,1,1,1,1,1,1,1,1,1,1,1,1
2022-01-05 12:00:00+00:00,60,1,12,43.109230041503906,69.8089599609375,0,0,0,0,0,0,1,1,1,1,1,1,1,1,1,1,1,0,0,0,0,0,0,0,0
2022-01-05 12:00:00+00:00,60,1,12,139.49993896484375,119.9147720336914,0,0,0,0,0,0,0,0,0,0,0,1,1,1,1,1,1,0,0,0,0,0,0,0,0
2022-01-05 12:00:00+00:00,60,1,12,316.63092041015625,296.4980773925781,0,0,0,0,0,0,0,0,0,0,0,0,0,0,0,0,1,0,0,0,0,0,0,0,0
2022-01-05 12:00:00+00:00,60,1,12,193.72555541992188,115.3609390258789,0,0,0,0,0,0,0,0,0,0,0,0,0,1,1,1,1,0,0,0,0,0,0,0,0
2022-01-05 12:00:00+00:00,60,1,12,,,0,0,0,0,0,0,0,0,0,0,0,0,0,0,0,0,0,0,0,0,0,0,0,0,0
2022-01-05 12:00:00+00:00,60,1,12,183.88587951660156,167.3401641845703,0,0,0,0,0,0,0,0,0,0,0,0,0,1,1,1,1,0,0,0,0,0,0,0,0
2022-01-05 12:00:00+00:00,60,1,12,300.96954345703125,244.68417358398438,0,0,0,0,0,0,0,0,0,0,0,0,0,0,0,0,1,0,0,0,0,0,0,0,0
2022-01-05 12:00:00+00:00,60,1,12,,,0,0,0,0,0,0,0,0,0,0,0,0,0,0,0,0,0,0,0,0,0,0,0,0,0
2022-01-05 12:00:00+00:00,60,1,12,,,0,0,0,0,0,0,0,0,0,0,0,0,0,0,0,0,0,0,0,0,0,0,0,0,0
2022-01-05 12:00:00+00:00,60,1,12,,,0,0,0,0,0,0,0,0,0,0,0,0,0,0,0,0,0,0,0,0,0,0,0,0,0
2022-01-05 12:15:00+00:00,60,1,12,179.76954650878906,194.7461700439453,0,0,0,0,0,0,0,0,0,0,0,0,1,1,1,1,1,0,0,0,0,0,0,0,0
2022-01-05 12:15:00+00:00,60,1,12,447.3724365234375,418.5289611816406,0,0,0,0,0,0,0,0,0,0,0,0,0,0,0,0,0,0,0,0,0,0,0,0,0
2022-01-05 12:15:00+00:00,60,1,12,189.27157592773438,134.4729461669922,0,0,0,0,0,0,0,0,0,0,0,0,0,1,1,1,1,0,0,0,0,0,0,0,0
2022-01-05 12:15:00+00:00,60,1,12,77.5042495727539,82.67033386230469,0,0,0,0,0,0,0,0,1,1,1,1,1,1,1,1,1,0,0,0,0,0,0,0,0
2022-01-05 12:15:00+00:00,60,1,12,155.64996337890625,15.126441955566406,0,0,0,0,0,0,0,0,0,0,0,0,1,1,1,1,1,0,0,1,1,1,1,1,1
2022-01-05 12:15:00+00:00,60,1,12,268.6727294921875,217.73788452148438,0,0,0,0,0,0,0,0,0,0,0,0,0,0,0,1,1,0,0,0,0,0,0,0,0
2022-01-05 12:15:00+00:00,60,1,12,343.3226013183594,254.02647399902344,0,0,0,0,0,0,0,0,0,0,0,0,0,0,0,0,1,0,0,0,0,0,0,0,0
2022-01-05 12:15:00+00:00,60,1,12,367.0328674316406,285.1300048828125,0,0,0,0,0,0,0,0,0,0,0,0,0,0,0,0,0,0,0,0,0,0,0,0,0
2022-01-05 12:15:00+00:00,60,1,12,101.62102508544922,96.468017578125,0,0,0,0,0,0,0,0,0,0,1,1,1,1,1,1,1,0,0,0,0,0,0,0,0
2022-01-05 12:15:00+00:00,60,1,12,268.4598693847656,79.11479187011719,0,0,0,0,0,0,0,0,0,0,0,0,0,0,0,1,1,0,0,0,0,0,0,0,0
2022-01-05 12:15:00+00:00,60,1,12,128.8407745361328,142.1603546142578,0,0,0,0,0,0,0,0,0,0,0,1,1,1,1,1,1,0,0,0,0,0,0,0,0
2022-01-05 12:15:00+00:00,60,1,12,,,0,0,0,0,0,0,0,0,0,0,0,0,0,0,0,0,0,0,0,0,0,0,0,0,0
2022-01-05 12:15:00+00:00,60,1,12,,,0,0,0,0,0,0,0,0,0,0,0,0,0,0,0,0,0,0,0,0,0,0,0,0,0
2022-01-05 12:15:00+00:00,60,1,12,,,0,0,0,0,0,0,0,0,0,0,0,0,0,0,0,0,0,0,0,0,0,0,0,0,0
2022-01-05 12:30:00+00:00,60,1,12,,,0,0,0,0,0,0,0,0,0,0,0,0,0,0,0,0,0,0,0,0,0,0,0,0,0
2022-01-05 12:30:00+00:00,60,1,12,,,0,0,0,0,0,0,0,0,0,0,0,0,0,0,0,0,0,0,0,0,0,0,0,0,0
2022-01-05 12:30:00+00:00,60,1,12,285.2601318359375,322.20220947265625,0,0,0,0,0,0,0,0,0,0,0,0,0,0,0,1,1,0,0,0,0,0,0,0,0
2022-01-05 12:30:00+00:00,60,1,12,424.1148986816406,405.62548828125,0,0,0,0,0,0,0,0,0,0,0,0,0,0,0,0,0,0,0,0,0,0,0,0,0
2022-01-05 12:30:00+00:00,60,1,12,409.28125,42.24742889404297,0,0,0,0,0,0,0,0,0,0,0,0,0,0,0,0,0,0,0,0,0,0,0,1,1
2022-01-05 12:30:00+00:00,60,1,12,51.59357833862305,35.00408172607422,0,0,0,0,0,0,0,1,1,1,1,1,1,1,1,1,1,0,0,0,0,0,1,1,1
2022-01-05 12:30:00+00:00,60,1,12,180.30917358398438,186.26979064941406,0,0,0,0,0,0,0,0,0,0,0,0,0,1,1,1,1,0,0,0,0,0,0,0,0
2022-01-05 12:30:00+00:00,60,1,12,162.45404052734375,205.8705596923828,0,0,0,0,0,0,0,0,0,0,0,0,1,1,1,1,1,0,0,0,0,0,0,0,0
2022-01-05 12:30:00+00:00,60,1,12,292.03302001953125,318.07025146484375,0,0,0,0,0,0,0,0,0,0,0,0,0,0,0,1,1,0,0,0,0,0,0,0,0
2022-01-05 12:30:00+00:00,60,1,12,230.14024353027344,224.0280303955078,0,0,0,0,0,0,0,0,0,0,0,0,0,0,1,1,1,0,0,0,0,0,0,0,0
2022-01-05 12:30:00+00:00,60,1,12,372.00433349609375,404.488037109375,0,0,0,0,0,0,0,0,0,0,0,0,0,0,0,0,0,0,0,0,0,0,0,0,0
2022-01-05 12:30:00+00:00,60,1,12,81.92037200927734,67.27145385742188,0,0,0,0,0,0,0,0,0,1,1,1,1,1,1,1,1,0,0,0,0,0,0,0,0
2022-01-05 12:30:00+00:00,60,1,12,394.3119201660156,324.8968811035156,0,0,0,0,0,0,0,0,0,0,0,0,0,0,0,0,0,0,0,0,0,0,0,0,0
2022-01-05 12:30:00+00:00,60,1,12,300.2049255371094,128.90757751464844,0,0,0,0,0,0,0,0,0,0,0,0,0,0,0,0,1,0,0,0,0,0,0,0,0
2022-01-05 12:30:00+00:00,60,1,12,,6.812321186065674,0,0,0,0,0,0,0,0,0,0,0,0,0,0,0,0,0,1,1,1,1,1,1,1,1
2022-01-05 12:30:00+00:00,60,1,12,,,0,0,0,0,0,0,0,0,0,0,0,0,0,0,0,0,0,0,0,0,0,0,0,0,0
2022-01-05 12:30:00+00:00,60,1,12,,,0,0,0,0,0,0,0,0,0,0,0,0,0,0,0,0,0,0,0,0,0,0,0,0,0
2022-01-05 12:30:00+00:00,60,1,12,,,0,0,0,0,0,0,0,0,0,0,0,0,0,0,0,0,0,0,0,0,0,0,0,0,0
2022-01-05 12:45:00+00:00,60,1,12,,,0,0,0,0,0,0,0,0,0,0,0,0,0,0,0,0,0,0,0,0,0,0,0,0,0
2022-01-05 12:45:00+00:00,60,1,12,213.41644287109375,208.63609313964844,0,0,0,0,0,0,0,0,0,0,0,0,0,0,1,1,1,0,0,0,0,0,0,0,0
2022-01-05 12:45:00+00:00,60,1,12,125.80830383300781,141.45672607421875,0,0,0,0,0,0,0,0,0,0,0,1,1,1,1,1,1,0,0,0,0,0,0,0,0
2022-01-05 12:45:00+00:00,60,1,12,64.49313354492188,113.3470230102539,0,0,0,0,0,0,0,0,1,1,1,1,1,1,1,1,1,0,0,0,0,0,0,0,0
2022-01-05 12:45:00+00:00,60,1,12,292.7628479003906,316.410400390625,0,0,0,0,0,0,0,0,0,0,0,0,0,0,0,1,1,0,0,0,0,0,0,0,0
2022-01-05 12:45:00+00:00,60,1,12,94.1326904296875,75.34017181396484,0,0,0,0,0,0,0,0,0,1,1,1,1,1,1,1,1,0,0,0,0,0,0,0,0
2022-01-05 12:45:00+00:00,60,1,12,536.5997314453125,356.51654052734375,0,0,0,0,0,0,0,0,0,0,0,0,0,0,0,0,0,0,0,0,0,0,0,0,0
2022-01-05 12:45:00+00:00,60,1,12,,317.648681640625,0,0,0,0,0,0,0,0,0,0,0,0,0,0,0,0,0,0,0,0,0,0,0,0,0
2022-01-05 12:45:00+00:00,60,1,12,,243.1326446533203,0,0,0,0,0,0,0,0,0,0,0,0,0,0,0,0,0,0,0,0,0,0,0,0,0
2022-01-05 12:45:00+00:00,60,1,12,85.19583892822266,3.212830066680908,0,0,0,0,0,0,0,0,0,1,1,1,1,1,1,1,1,1,1,1,1,1,1,1,1
2022-01-05 12:45:00+00:00,60,1,12,58.98231506347656,104.9990234375,0,0,0,0,0,0,0,1,1,1,1,1,1,1,1,1,1,0,0,0,0,0,0,0,0
2022-01-05 12:45:00+00:00,60,1,12,324.4321594238281,346.5771179199219,0,0,0,0,0,0,0,0,0,0,0,0,0,0,0,0,1,0,0,0,0,0,0,0,0
2022-01-05 12:45:00+00:00,60,1,12,,78.29512786865234,0,0,0,0,0,0,0,0,0,0,0,0,0,0,0,0,0,0,0,0,0,0,0,0,0
2022-01-05 12:45:00+00:00,60,1,12,381.40130615234375,341.3918762207031,0,0,0,0,0,0,0,0,0,0,0,0,0,0,0,0,0,0,0,0,0,0,0,0,0
2022-01-05 12:45:00+00:00,60,1,12,,,0,0,0,0,0,0,0,0,0,0,0,0,0,0,0,0,0,0,0,0,0,0,0,0,0
2022-01-05 12:45:00+00:00,60,1,12,,,0,0,0,0,0,0,0,0,0,0,0,0,0,0,0,0,0,0,0,0,0,0,0,0,0
2022-01-05 12:45:00+00:00,60,1,12,,,0,0,0,0,0,0,0,0,0,0,0,0,0,0,0,0,0,0,0,0,0,0,0,0,0
2022-01-05 12:45:00+00:00,60,1,12,,,0,0,0,0,0,0,0,0,0,0,0,0,0,0,0,0,0,0,0,0,0,0,0,0,0
2022-01-05 12:45:00+00:00,60,1,12,,,0,0,0,0,0,0,0,0,0,0,0,0,0,0,0,0,0,0,0,0,0,0,0,0,0
2022-01-05 12:45:00+00:00,60,1,12,,,0,0,0,0,0,0,0,0,0,0,0,0,0,0,0,0,0,0,0,0,0,0,0,0,0
2022-01-05 13:00:00+00:00,60,1,13,,,0,0,0,0,0,0,0,0,0,0,0,0,0,0,0,0,0,0,0,0,0,0,0,0,0
2022-01-05 13:00:00+00:00,60,1,13,,,0,0,0,0,0,0,0,0,0,0,0,0,0,0,0,0,0,0,0,0,0,0,0,0,0
2022-01-05 13:00:00+00:00,60,1,13,270.7157897949219,304.4060974121094,0,0,0,0,0,0,0,0,0,0,0,0,0,0,0,1,1,0,0,0,0,0,0,0,0
2022-01-05 13:00:00+00:00,60,1,13,189.76409912109375,242.471923828125,0,0,0,0,0,0,0,0,0,0,0,0,0,1,1,1,1,0,0,0,0,0,0,0,0
2022-01-05 13:00:00+00:00,60,1,13,172.09561157226562,187.34371948242188,0,0,0,0,0,0,0,0,0,0,0,0,1,1,1,1,1,0,0,0,0,0,0,0,0
2022-01-05 13:00:00+00:00,60,1,13,434.8553466796875,384.7427062988281,0,0,0,0,0,0,0,0,0,0,0,0,0,0,0,0,0,0,0,0,0,0,0,0,0
2022-01-05 13:00:00+00:00,60,1,13,124.44874572753906,48.78132629394531,0,0,0,0,0,0,0,0,0,0,0,1,1,1,1,1,1,0,0,0,0,0,0,1,1
2022-01-05 13:00:00+00:00,60,1,13,171.72450256347656,150.21458435058594,0,0,0,0,0,0,0,0,0,0,0,0,1,1,1,1,1,0,0,0,0,0,0,0,0
2022-01-05 13:00:00+00:00,60,1,13,,159.61964416503906,0,0,0,0,0,0,0,0,0,0,0,0,0,0,0,0,0,0,0,0,0,0,0,0,0
2022-01-05 13:00:00+00:00,60,1,13,,,0,0,0,0,0,0,0,0,0,0,0,0,0,0,0,0,0,0,0,0,0,0,0,0,0
2022-01-05 13:00:00+00:00,60,1,13,,,0,0,0,0,0,0,0,0,0,0,0,0,0,0,0,0,0,0,0,0,0,0,0,0,0
2022-01-05 13:00:00+00:00,60,1,13,,,0,0,0,0,0,0,0,0,0,0,0,0,0,0,0,0,0,0,0,0,0,0,0,0,0
2022-01-05 13:00:00+00:00,60,1,13,,,0,0,0,0,0,0,0,0,0,0,0,0,0,0,0,0,0,0,0,0,0,0,0,0,0
2022-01-05 13:15:00+00:00,60,1,13,114.1970443725586,56.3066291809082,0,0,0,0,0,0,0,0,0,0,1,1,1,1,1,1,1,0,0,0,0,0,0,0,1
2022-01-05 13:15:00+00:00,60,1,13,63.459041595458984,33.482521057128906,0,0,0,0,0,0,0,0,1,1,1,1,1,1,1,1,1,0,0,0,0,0,1,1,1
2022-01-05 13:15:00+00:00,60,1,13,217.9249725341797,173.6189727783203,0,0,0,0,0,0,0,0,0,0,0,0,0,0,1,1,1,0,0,0,0,0,0,0,0
2022-01-05 13:15:00+00:00,60,1,13,439.2302551269531,128.7974090576172,0,0,0,0,0,0,0,0,0,0,0,0,0,0,0,0,0,0,0,0,0,0,0,0,0
2022-01-05 13:15:00+00:00,60,1,13,129.06056213378906,134.390625,0,0,0,0,0,0,0,0,0,0,0,1,1,1,1,1,1,0,0,0,0,0,0,0,0
2022-01-05 13:15:00+00:00,60,1,13,66.17449951171875,7.929053783416748,0,0,0,0,0,0,0,0,1,1,1,1,1,1,1,1,1,1,1,1,1,1,1,1,1
2022-01-05 13:15:00+00:00,60,1,13,218.299560546875,271.8640441894531,0,0,0,0,0,0,0,0,0,0,0,0,0,0,1,1,1,0,0,0,0,0,0,0,0
2022-01-05 13:15:00+00:00,60,1,13,406.2769470214844,17.920089721679688,0,0,0,0,0,0,0,0,0,0,0,0,0,0,0,0,0,0,0,1,1,1,1,1,1
2022-01-05 13:15:00+00:00,60,1,13,298.7515869140625,273.1280517578125,0,0,0,0,0,0,0,0,0,0,0,0,0,0,0,1,1,0,0,0,0,0,0,0,0
2022-01-05 13:15:00+00:00,60,1,13,,,0,0,0,0,0,0,0,0,0,0,0,0,0,0,0,0,0,0,0,0,0,0,0,0,0
2022-01-05 13:15:00+00:00,60,1,13,,,0,0,0,0,0,0,0,0,0,0,0,0,0,0,0,0,0,0,0,0,0,0,0,0,0
2022-01-05 13:15:00+00:00,60,1,13,,,0,0,0,0,0,0,0,0,0,0,0,0,0,0,0,0,0,0,0,0,0,0,0,0,0
2022-01-05 13:30:00+00:00,60,1,13,,,0,0,0,0,0,0,0,0,0,0,0,0,0,0,0,0,0,0,0,0,0,0,0,0,0
2022-01-05 13:30:00+00:00,60,1,13,283.3031005859375,320.1208190917969,0,0,0,0,0,0,0,0,0,0,0,0,0,0,0,1,1,0,0,0,0,0,0,0,0
2022-01-05 13:30:00+00:00,60,1,13,42.630760192871094,58.32947540283203,0,0,0,0,0,0,1,1,1,1,1,1,1,1,1,1,1,0,0,0,0,0,0,0,1
2022-01-05 13:30:00+00:00,60,1,13,90.32072448730469,80.28046417236328,0,0,0,0,0,0,0,0,0,1,1,1,1,1,1,1,1,0,0,0,0,0,0,0,0
2022-01-05 13:30:00+00:00,60,1,13,145.13243103027344,42.72023391723633,0,0,0,0,0,0,0,0,0,0,0,1,1,1,1,1,1,0,0,0,0,0,0,1,1
2022-01-05 13:30:00+00:00,60,1,13,188.62051391601562,72.85111999511719,0,0,0,0,0,0,0,0,0,0,0,0,0,1,1,1,1,0,0,0,0,0,0,0,0
2022-01-05 13:30:00+00:00,60,1,13,233.93772888183594,92.5050048828125,0,0,0,0,0,0,0,0,0,0,0,0,0,0,1,1,1,0,0,0,0,0,0,0,0
2022-01-05 13:30:00+00:00,60,1,13,482.84429931640625,101.32614135742188,0,0,0,0,0,0,0,0,0,0,0,0,0,0,0,0,0,0,0,0,0,0,0,0,0
2022-01-05 13:30:00+00:00,60,1,13,50.693172454833984,28.038122177124023,0,0,0,0,0,0,0,1,1,1,1,1,1,1,1,1,1,0,0,0,0,1,1,1,1
2022-01-05 13:30:00+00:00,60,1,13,217.87574768066406,207.97097778320312,0,0,0,0,0,0,0,0,0,0,0,0,0,0,1,1,1,0,0,0,0,0,0,0,0
2022-01-05 13:30:00+00:00,60,1,13,,0.0,0,0,0,0,0,0,0,0,0,0,0,0,0,0,0,0,0,1,1,1,1,1,1,1,1
2022-01-05 13:30:00+00:00,60,1,13,,,0,0,0,0,0,0,0,0,0,0,0,0,0,0,0,0,0,0,0,0,0,0,0,0,0
2022-01-05 13:30:00+00:00,60,1,13,,,0,0,0,0,0,0,0,0,0,0,0,0,0,0,0,0,0,0,0,0,0,0,0,0,0
2022-01-05 13:30:00+00:00,60,1,13,,,0,0,0,0,0,0,0,0,0,0,0,0,0,0,0,0,0,0,0,0,0,0,0,0,0
2022-01-05 13:45:00+00:00,60,1,13,,,0,0,0,0,0,0,0,0,0,0,0,0,0,0,0,0,0,0,0,0,0,0,0,0,0
2022-01-05 13:45:00+00:00,60,1,13,291.23052978515625,91.50004577636719,0,0,0,0,0,0,0,0,0,0,0,0,0,0,0,1,1,0,0,0,0,0,0,0,0
2022-01-05 13:45:00+00:00,60,1,13,429.7182312011719,,0,0,0,0,0,0,0,0,0,0,0,0,0,0,0,0,0,0,0,0,0,0,0,0,0
2022-01-05 13:45:00+00:00,60,1,13,141.36195373535156,82.6261215209961,0,0,0,0,0,0,0,0,0,0,0,1,1,1,1,1,1,0,0,0,0,0,0,0,0
2022-01-05 13:45:00+00:00,60,1,13,408.0746765136719,6.3796305656433105,0,0,0,0,0,0,0,0,0,0,0,0,0,0,0,0,0,1,1,1,1,1,1,1,1
2022-01-05 13:45:00+00:00,60,1,13,501.0032958984375,108.73932647705078,0,0,0,0,0,0,0,0,0,0,0,0,0,0,0,0,0,0,0,0,0,0,0,0,0
2022-01-05 13:45:00+00:00,60,1,13,125.90169525146484,148.970703125,0,0,0,0,0,0,0,0,0,0,0,1,1,1,1,1,1,0,0,0,0,0,0,0,0
2022-01-05 13:45:00+00:00,60,1,13,286.68115234375,0.0,0,0,0,0,0,0,0,0,0,0,0,0,0,0,0,1,1,1,1,1,1,1,1,1,1
2022-01-05 13:45:00+00:00,60,1,13,312.11395263671875,188.04562377929688,0,0,0,0,0,0,0,0,0,0,0,0,0,0,0,0,1,0,0,0,0,0,0,0,0
2022-01-05 13:45:00+00:00,60,1,13,,,0,0,0,0,0,0,0,0,0,0,0,0,0,0,0,0,0,0,0,0,0,0,0,0,0
2022-01-05 13:45:00+00:00,60,1,13,,,0,0,0,0,0,0,0,0,0,0,0,0,0,0,0,0,0,0,0,0,0,0,0,0,0
2022-01-05 13:45:00+00:00,60,1,13,,,0,0,0,0,0,0,0,0,0,0,0,0,0,0,0,0,0,0,0,0,0,0,0,0,0
2022-01-05 14:00:00+00:00,60,1,14,,,0,0,0,0,0,0,0,0,0,0,0,0,0,0,0,0,0,0,0,0,0,0,0,0,0
2022-01-05 14:00:00+00:00,60,1,14,115.96142578125,83.19600677490234,0,0,0,0,0,0,0,0,0,0,1,1,1,1,1,1,1,0,0,0,0,0,0,0,0
2022-01-05 14:00:00+00:00,60,1,14,84.90230560302734,56.66106414794922,0,0,0,0,0,0,0,0,0,1,1,1,1,1,1,1,1,0,0,0,0,0,0,0,1
2022-01-05 14:00:00+00:00,60,1,14,69.63416290283203,0.0,0,0,0,0,0,0,0,0,1,1,1,1,1,1,1,1,1,1,1,1,1,1,1,1,1
2022-01-05 14:00:00+00:00,60,1,14,36.701133728027344,58.82286071777344,0,0,0,0,0,1,1,1,1,1,1,1,1,1,1,1,1,0,0,0,0,0,0,0,1
2022-01-05 14:00:00+00:00,60,1,14,183.00604248046875,133.01658630371094,0,0,0,0,0,0,0,0,0,0,0,0,0,1,1,1,1,0,0,0,0,0,0,0,0
2022-01-05 14:00:00+00:00,60,1,14,454.598388671875,480.866943359375,0,0,0,0,0,0,0,0,0,0,0,0,0,0,0,0,0,0,0,0,0,0,0,0,0
2022-01-05 14:00:00+00:00,60,1,14,84.30572509765625,22.298583984375,0,0,0,0,0,0,0,0,0,1,1,1,1,1,1,1,1,0,0,0,1,1,1,1,1
2022-01-05 14:00:00+00:00,60,1,14,,,0,0,0,0,0,0,0,0,0,0,0,0,0,0,0,0,0,0,0,0,0,0,0,0,0
2022-01-05 14:15:00+00:00,60,1,14,356.3337707519531,155.79736328125,0,0,0,0,0,0,0,0,0,0,0,0,0,0,0,0,0,0,0,0,0,0,0,0,0
2022-01-05 14:15:00+00:00,60,1,14,225.99293518066406,222.60720825195312,0,0,0,0,0,0,0,0,0,0,0,0,0,0,1,1,1,0,0,0,0,0,0,0,0
2022-01-05 14:15:00+00:00,60,1,14,344.8368225097656,241.5701446533203,0,0,0,0,0,0,0,0,0,0,0,0,0,0,0,0,1,0,0,0,0,0,0,0,0
2022-01-05 14:15:00+00:00,60,1,14,208.19760131835938,202.29766845703125,0,0,0,0,0,0,0,0,0,0,0,0,0,0,1,1,1,0,0,0,0,0,0,0,0
2022-01-05 14:15:00+00:00,60,1,14,173.67852783203125,174.11929321289062,0,0,0,0,0,0,0,0,0,0,0,0,1,1,1,1,1,0,0,0,0,0,0,0,0
2022-01-05 14:15:00+00:00,60,1,14,153.81451416015625,75.46408081054688,0,0,0,0,0,0,0,0,0,0,0,0,1,1,1,1,1,0,0,0,0,0,0,0,0
2022-01-05 14:15:00+00:00,60,1,14,107.28385162353516,118.94793701171875,0,0,0,0,0,0,0,0,0,0,1,1,1,1,1,1,1,0,0,0,0,0,0,0,0
2022-01-05 14:15:00+00:00,60,1,14,82.24807739257812,154.19747924804688,0,0,0,0,0,0,0,0,0,1,1,1,1,1,1,1,1,0,0,0,0,0,0,0,0
2022-01-05 14:15:00+00:00,60,1,14,138.17140197753906,191.71836853027344,0,0,0,0,0,0,0,0,0,0,0,1,1,1,1,1,1,0,0,0,0,0,0,0,0
2022-01-05 14:15:00+00:00,60,1,14,55.79920196533203,27.4523868560791,0,0,0,0,0,0,0,1,1,1,1,1,1,1,1,1,1,0,0,0,0,1,1,1,1
2022-01-05 14:15:00+00:00,60,1,14,162.3584442138672,131.40667724609375,0,0,0,0,0,0,0,0,0,0,0,0,1,1,1,1,1,0,0,0,0,0,0,0,0
2022-01-05 14:15:00+00:00,60,1,14,58.54907989501953,7.825648784637451,0,0,0,0,0,0,0,1,1,1,1,1,1,1,1,1,1,1,1,1,1,1,1,1,1
2022-01-05 14:15:00+00:00,60,1,14,,,0,0,0,0,0,0,0,0,0,0,0,0,0,0,0,0,0,0,0,0,0,0,0,0,0
2022-01-05 14:30:00+00:00,60,1,14,125.35945892333984,104.5606918334961,0,0,0,0,0,0,0,0,0,0,0,1,1,1,1,1,1,0,0,0,0,0,0,0,0
2022-01-05 14:30:00+00:00,60,1,14,131.95814514160156,89.51850128173828,0,0,0,0,0,0,0,0,0,0,0,1,1,1,1,1,1,0,0,0,0,0,0,0,0
2022-01-05 14:30:00+00:00,60,1,14,61.384700775146484,7.351048469543457,0,0,0,0,0,0,0,0,1,1,1,1,1,1,1,1,1,1,1,1,1,1,1,1,1
2022-01-05 14:30:00+00:00,60,1,14,107.92893981933594,37.02150344848633,0,0,0,0,0,0,0,0,0,0,1,1,1,1,1,1,1,0,0,0,0,0,1,1,1
2022-01-05 14:30:00+00:00,60,1,14,143.8943634033203,65.13583374023438,0,0,0,0,0,0,0,0,0,0,0,1,1,1,1,1,1,0,0,0,0,0,0,0,0
2022-01-05 14:30:00+00:00,60,1,14,79.17329406738281,78.64173889160156,0,0,0,0,0,0,0,0,1,1,1,1,1,1,1,1,1,0,0,0,0,0,0,0,0
2022-01-05 14:30:00+00:00,60,1,14,142.96612548828125,135.5461883544922,0,0,0,0,0,0,0,0,0,0,0,1,1,1,1,1,1,0,0,0,0,0,0,0,0
2022-01-05 14:45:00+00:00,60,1,14,,674.002197265625,0,0,0,0,0,0,0,0,0,0,0,0,0,0,0,0,0,0,0,0,0,0,0,0,0
2022-01-05 14:45:00+00:00,60,1,14,154.46395874023438,134.359619140625,0,0,0,0,0,0,0,0,0,0,0,0,1,1,1,1,1,0,0,0,0,0,0,0,0
2022-01-05 14:45:00+00:00,60,1,14,,168.38150024414062,0,0,0,0,0,0,0,0,0,0,0,0,0,0,0,0,0,0,0,0,0,0,0,0,0
2022-01-05 14:45:00+00:00,60,1,14,65.33616638183594,7.7969560623168945,0,0,0,0,0,0,0,0,1,1,1,1,1,1,1,1,1,1,1,1,1,1,1,1,1
2022-01-05 14:45:00+00:00,60,1,14,49.036521911621094,31.156343460083008,0,0,0,0,0,0,1,1,1,1,1,1,1,1,1,1,1,0,0,0,0,0,1,1,1
2022-01-05 14:45:00+00:00,60,1,14,131.11026000976562,91.36937713623047,0,0,0,0,0,0,0,0,0,0,0,1,1,1,1,1,1,0,0,0,0,0,0,0,0
2022-01-05 14:45:00+00:00,60,1,14,52.936920166015625,9.56184196472168,0,0,0,0,0,0,0,1,1,1,1,1,1,1,1,1,1,1,1,1,1,1,1,1,1
2022-01-05 14:45:00+00:00,60,1,14,,,0,0,0,0,0,0,0,0,0,0,0,0,0,0,0,0,0,0,0,0,0,0,0,0,0
2022-01-05 15:00:00+00:00,60,1,15,144.6706085205078,26.571630477905273,0,0,0,0,0,0,0,0,0,0,0,1,1,1,1,1,1,0,0,0,0,1,1,1,1
2022-01-05 15:00:00+00:00,60,1,15,214.02752685546875,0.0,0,0,0,0,0,0,0,0,0,0,0,0,0,0,1,1,1,1,1,1,1,1,1,1,1
2022-01-05 15:00:00+00:00,60,1,15,97.92180633544922,65.19489288330078,0,0,0,0,0,0,0,0,0,1,1,1,1,1,1,1,1,0,0,0,0,0,0,0,0
2022-01-05 15:00:00+00:00,60,1,15,139.47105407714844,88.47881317138672,0,0,0,0,0,0,0,0,0,0,0,1,1,1,1,1,1,0,0,0,0,0,0,0,0
2022-01-05 15:00:00+00:00,60,1,15,122.80928802490234,21.932353973388672,0,0,0,0,0,0,0,0,0,0,0,1,1,1,1,1,1,0,0,0,1,1,1,1,1
2022-01-05 15:30:00+00:00,60,1,15,,,0,0,0,0,0,0,0,0,0,0,0,0,0,0,0,0,0,0,0,0,0,0,0,0,0
2022-01-05 15:30:00+00:00,60,1,15,39.59400177001953,39.26887130737305,0,0,0,0,0,1,1,1,1,1,1,1,1,1,1,1,1,0,0,0,0,0,1,1,1
2022-01-05 15:30:00+00:00,60,1,15,58.962669372558594,0.0,0,0,0,0,0,0,0,1,1,1,1,1,1,1,1,1,1,1,1,1,1,1,1,1,1
2022-01-05 15:30:00+00:00,60,1,15,124.69058227539062,104.20555114746094,0,0,0,0,0,0,0,0,0,0,0,1,1,1,1,1,1,0,0,0,0,0,0,0,0
2022-01-05 15:30:00+00:00,60,1,15,135.14720153808594,121.2553482055664,0,0,0,0,0,0,0,0,0,0,0,1,1,1,1,1,1,0,0,0,0,0,0,0,0
2022-01-05 15:30:00+00:00,60,1,15,90.93403625488281,15.934741020202637,0,0,0,0,0,0,0,0,0,1,1,1,1,1,1,1,1,0,0,1,1,1,1,1,1
2022-01-05 15:30:00+00:00,60,1,15,77.41179656982422,235.91946411132812,0,0,0,0,0,0,0,0,1,1,1,1,1,1,1,1,1,0,0,0,0,0,0,0,0
2022-01-05 15:30:00+00:00,60,1,15,,,0,0,0,0,0,0,0,0,0,0,0,0,0,0,0,0,0,0,0,0,0,0,0,0,0
2022-01-05 15:30:00+00:00,60,1,15,,,0,0,0,0,0,0,0,0,0,0,0,0,0,0,0,0,0,0,0,0,0,0,0,0,0
2022-01-05 15:45:00+00:00,60,1,15,,,0,0,0,0,0,0,0,0,0,0,0,0,0,0,0,0,0,0,0,0,0,0,0,0,0
2022-01-05 15:45:00+00:00,60,1,15,116.4879150390625,157.76400756835938,0,0,0,0,0,0,0,0,0,0,1,1,1,1,1,1,1,0,0,0,0,0,0,0,0
2022-01-05 15:45:00+00:00,60,1,15,100.34742736816406,11.902345657348633,0,0,0,0,0,0,0,0,0,0,1,1,1,1,1,1,1,0,1,1,1,1,1,1,1
2022-01-05 15:45:00+00:00,60,1,15,179.14556884765625,16.373327255249023,0,0,0,0,0,0,0,0,0,0,0,0,1,1,1,1,1,0,0,1,1,1,1,1,1
2022-01-05 15:45:00+00:00,60,1,15,159.38348388671875,41.28669738769531,0,0,0,0,0,0,0,0,0,0,0,0,1,1,1,1,1,0,0,0,0,0,0,1,1
2022-01-05 15:45:00+00:00,60,1,15,136.72789001464844,72.34590911865234,0,0,0,0,0,0,0,0,0,0,0,1,1,1,1,1,1,0,0,0,0,0,0,0,0
2022-01-05 15:45:00+00:00,60,1,15,160.26048278808594,144.98683166503906,0,0,0,0,0,0,0,0,0,0,0,0,1,1,1,1,1,0,0,0,0,0,0,0,0
2022-01-05 15:45:00+00:00,60,1,15,116.73092651367188,94.79237365722656,0,0,0,0,0,0,0,0,0,0,1,1,1,1,1,1,1,0,0,0,0,0,0,0,0
2022-01-05 15:45:00+00:00,60,1,15,,,0,0,0,0,0,0,0,0,0,0,0,0,0,0,0,0,0,0,0,0,0,0,0,0,0
2022-01-05 16:00:00+00:00,60,1,16,151.031005859375,92.5513687133789,0,0,0,0,0,0,0,0,0,0,0,0,1,1,1,1,1,0,0,0,0,0,0,0,0
2022-01-05 16:00:00+00:00,60,1,16,113.09588623046875,143.8637237548828,0,0,0,0,0,0,0,0,0,0,1,1,1,1,1,1,1,0,0,0,0,0,0,0,0
2022-01-05 16:00:00+00:00,60,1,16,93.8604736328125,105.25711822509766,0,0,0,0,0,0,0,0,0,1,1,1,1,1,1,1,1,0,0,0,0,0,0,0,0
2022-01-05 16:00:00+00:00,60,1,16,132.1775360107422,155.3299102783203,0,0,0,0,0,0,0,0,0,0,0,1,1,1,1,1,1,0,0,0,0,0,0,0,0
2022-01-05 16:00:00+00:00,60,1,16,,,0,0,0,0,0,0,0,0,0,0,0,0,0,0,0,0,0,0,0,0,0,0,0,0,0
2022-01-05 16:00:00+00:00,60,1,16,,,0,0,0,0,0,0,0,0,0,0,0,0,0,0,0,0,0,0,0,0,0,0,0,0,0
2022-01-05 16:15:00+00:00,60,1,16,,195.8829803466797,0,0,0,0,0,0,0,0,0,0,0,0,0,0,0,0,0,0,0,0,0,0,0,0,0
2022-01-05 16:15:00+00:00,60,1,16,79.92671203613281,32.101585388183594,0,0,0,0,0,0,0,0,1,1,1,1,1,1,1,1,1,0,0,0,0,0,1,1,1
2022-01-05 16:15:00+00:00,60,1,16,30.840576171875,51.86819076538086,0,0,0,0,0,1,1,1,1,1,1,1,1,1,1,1,1,0,0,0,0,0,0,0,1
2022-01-05 16:15:00+00:00,60,1,16,509.84521484375,498.6888427734375,0,0,0,0,0,0,0,0,0,0,0,0,0,0,0,0,0,0,0,0,0,0,0,0,0
2022-01-05 16:15:00+00:00,60,1,16,,,0,0,0,0,0,0,0,0,0,0,0,0,0,0,0,0,0,0,0,0,0,0,0,0,0
2022-01-05 16:30:00+00:00,60,1,16,53.68171691894531,34.79362869262695,0,0,0,0,0,0,0,1,1,1,1,1,1,1,1,1,1,0,0,0,0,0,1,1,1
2022-01-05 16:30:00+00:00,60,1,16,95.37094116210938,98.71699523925781,0,0,0,0,0,0,0,0,0,1,1,1,1,1,1,1,1,0,0,0,0,0,0,0,0
2022-01-05 16:30:00+00:00,60,1,16,,,0,0,0,0,0,0,0,0,0,0,0,0,0,0,0,0,0,0,0,0,0,0,0,0,0
2022-01-05 16:30:00+00:00,60,1,16,,,0,0,0,0,0,0,0,0,0,0,0,0,0,0,0,0,0,0,0,0,0,0,0,0,0
2022-01-05 16:30:00+00:00,60,1,16,,,0,0,0,0,0,0,0,0,0,0,0,0,0,0,0,0,0,0,0,0,0,0,0,0,0
2022-01-05 16:45:00+00:00,60,1,16,87.46067810058594,174.7550048828125,0,0,0,0,0,0,0,0,0,1,1,1,1,1,1,1,1,0,0,0,0,0,0,0,0
2022-01-05 17:00:00+00:00,60,1,17,388.1752014160156,21.788986206054688,0,0,0,0,0,0,0,0,0,0,0,0,0,0,0,0,0,0,0,0,1,1,1,1,1
2022-01-05 17:00:00+00:00,60,1,17,139.21487426757812,113.0011978149414,0,0,0,0,0,0,0,0,0,0,0,1,1,1,1,1,1,0,0,0,0,0,0,0,0
2022-01-05 17:00:00+00:00,60,1,17,64.04464721679688,0.0,0,0,0,0,0,0,0,0,1,1,1,1,1,1,1,1,1,1,1,1,1,1,1,1,1
2022-01-05 17:00:00+00:00,60,1,17,103.32259368896484,87.43379974365234,0,0,0,0,0,0,0,0,0,0,1,1,1,1,1,1,1,0,0,0,0,0,0,0,0
2022-01-05 17:00:00+00:00,60,1,17,298.2198181152344,235.2764434814453,0,0,0,0,0,0,0,0,0,0,0,0,0,0,0,1,1,0,0,0,0,0,0,0,0
2022-01-05 17:00:00+00:00,60,1,17,,,0,0,0,0,0,0,0,0,0,0,0,0,0,0,0,0,0,0,0,0,0,0,0,0,0
2022-01-05 17:00:00+00:00,60,1,17,,,0,0,0,0,0,0,0,0,0,0,0,0,0,0,0,0,0,0,0,0,0,0,0,0,0
2022-01-05 17:15:00+00:00,60,1,17,119.1842269897461,19.47022247314453,0,0,0,0,0,0,0,0,0,0,1,1,1,1,1,1,1,0,0,1,1,1,1,1,1
2022-01-05 17:15:00+00:00,60,1,17,116.77174377441406,17.37890625,0,0,0,0,0,0,0,0,0,0,1,1,1,1,1,1,1,0,0,1,1,1,1,1,1
2022-01-05 17:15:00+00:00,60,1,17,,,0,0,0,0,0,0,0,0,0,0,0,0,0,0,0,0,0,0,0,0,0,0,0,0,0
2022-01-05 17:30:00+00:00,60,1,17,256.4332580566406,158.8439483642578,0,0,0,0,0,0,0,0,0,0,0,0,0,0,0,1,1,0,0,0,0,0,0,0,0
2022-01-05 17:45:00+00:00,60,1,17,,487.3193664550781,0,0,0,0,0,0,0,0,0,0,0,0,0,0,0,0,0,0,0,0,0,0,0,0,0
2022-01-05 17:45:00+00:00,60,1,17,481.8614807128906,478.7205810546875,0,0,0,0,0,0,0,0,0,0,0,0,0,0,0,0,0,0,0,0,0,0,0,0,0
2022-01-06 10:00:00+00:00,60,1,10,,,0,0,0,0,0,0,0,0,0,0,0,0,0,0,0,0,0,0,0,0,0,0,0,0,0
2022-01-06 10:00:00+00:00,60,1,10,,392.47906494140625,0,0,0,0,0,0,0,0,0,0,0,0,0,0,0,0,0,0,0,0,0,0,0,0,0
2022-01-06 10:00:00+00:00,60,1,10,543.7408447265625,234.43104553222656,0,0,0,0,0,0,0,0,0,0,0,0,0,0,0,0,0,0,0,0,0,0,0,0,0
2022-01-06 10:00:00+00:00,60,1,10,215.5711669921875,156.02284240722656,0,0,0,0,0,0,0,0,0,0,0,0,0,0,1,1,1,0,0,0,0,0,0,0,0
2022-01-06 10:00:00+00:00,60,1,10,223.07212829589844,59.42136764526367,0,0,0,0,0,0,0,0,0,0,0,0,0,0,1,1,1,0,0,0,0,0,0,0,1
2022-01-06 10:00:00+00:00,60,1,10,76.47486114501953,34.62581253051758,0,0,0,0,0,0,0,0,1,1,1,1,1,1,1,1,1,0,0,0,0,0,1,1,1
2022-01-06 10:00:00+00:00,60,1,10,,,0,0,0,0,0,0,0,0,0,0,0,0,0,0,0,0,0,0,0,0,0,0,0,0,0
2022-01-06 10:00:00+00:00,60,1,10,351.14251708984375,103.07794952392578,0,0,0,0,0,0,0,0,0,0,0,0,0,0,0,0,0,0,0,0,0,0,0,0,0
2022-01-06 10:00:00+00:00,60,1,10,,0.0,0,0,0,0,0,0,0,0,0,0,0,0,0,0,0,0,0,1,1,1,1,1,1,1,1
2022-01-06 10:00:00+00:00,60,1,10,208.3175506591797,11.59096908569336,0,0,0,0,0,0,0,0,0,0,0,0,0,0,1,1,1,0,1,1,1,1,1,1,1
2022-01-06 10:00:00+00:00,60,1,10,,132.0433807373047,0,0,0,0,0,0,0,0,0,0,0,0,0,0,0,0,0,0,0,0,0,0,0,0,0
2022-01-06 10:00:00+00:00,60,1,10,231.40554809570312,0.0,0,0,0,0,0,0,0,0,0,0,0,0,0,0,1,1,1,1,1,1,1,1,1,1,1
2022-01-06 10:00:00+00:00,60,1,10,251.841796875,0.0,0,0,0,0,0,0,0,0,0,0,0,0,0,0,0,1,1,1,1,1,1,1,1,1,1
2022-01-06 10:00:00+00:00,60,1,10,76.53343963623047,69.0887680053711,0,0,0,0,0,0,0,0,1,1,1,1,1,1,1,1,1,0,0,0,0,0,0,0,0
2022-01-06 10:00:00+00:00,60,1,10,502.5741882324219,156.55479431152344,0,0,0,0,0,0,0,0,0,0,0,0,0,0,0,0,0,0,0,0,0,0,0,0,0
2022-01-06 10:00:00+00:00,60,1,10,272.0951232910156,16.11695098876953,0,0,0,0,0,0,0,0,0,0,0,0,0,0,0,1,1,0,0,1,1,1,1,1,1
2022-01-06 10:00:00+00:00,60,1,10,,68.54254913330078,0,0,0,0,0,0,0,0,0,0,0,0,0,0,0,0,0,0,0,0,0,0,0,0,0
2022-01-06 10:00:00+00:00,60,1,10,,,0,0,0,0,0,0,0,0,0,0,0,0,0,0,0,0,0,0,0,0,0,0,0,0,0
2022-01-06 10:00:00+00:00,60,1,10,,393.45086669921875,0,0,0,0,0,0,0,0,0,0,0,0,0,0,0,0,0,0,0,0,0,0,0,0,0
2022-01-06 10:15:00+00:00,60,1,10,178.9196014404297,145.5630645751953,0,0,0,0,0,0,0,0,0,0,0,0,1,1,1,1,1,0,0,0,0,0,0,0,0
2022-01-06 10:15:00+00:00,60,1,10,52.69188690185547,25.312211990356445,0,0,0,0,0,0,0,1,1,1,1,1,1,1,1,1,1,0,0,0,0,1,1,1,1
2022-01-06 10:15:00+00:00,60,1,10,107.29855346679688,109.67911529541016,0,0,0,0,0,0,0,0,0,0,1,1,1,1,1,1,1,0,0,0,0,0,0,0,0
2022-01-06 10:15:00+00:00,60,1,10,157.899658203125,106.65213012695312,0,0,0,0,0,0,0,0,0,0,0,0,1,1,1,1,1,0,0,0,0,0,0,0,0
2022-01-06 10:15:00+00:00,60,1,10,382.57421875,6.4876885414123535,0,0,0,0,0,0,0,0,0,0,0,0,0,0,0,0,0,1,1,1,1,1,1,1,1
2022-01-06 10:15:00+00:00,60,1,10,,145.95101928710938,0,0,0,0,0,0,0,0,0,0,0,0,0,0,0,0,0,0,0,0,0,0,0,0,0
2022-01-06 10:15:00+00:00,60,1,10,,91.78148651123047,0,0,0,0,0,0,0,0,0,0,0,0,0,0,0,0,0,0,0,0,0,0,0,0,0
2022-01-06 10:15:00+00:00,60,1,10,,,0,0,0,0,0,0,0,0,0,0,0,0,0,0,0,0,0,0,0,0,0,0,0,0,0
2022-01-06 10:15:00+00:00,60,1,10,,,0,0,0,0,0,0,0,0,0,0,0,0,0,0,0,0,0,0,0,0,0,0,0,0,0
2022-01-06 10:30:00+00:00,60,1,10,,180.23788452148438,0,0,0,0,0,0,0,0,0,0,0,0,0,0,0,0,0,0,0,0,0,0,0,0,0
2022-01-06 10:30:00+00:00,60,1,10,532.04345703125,315.76995849609375,0,0,0,0,0,0,0,0,0,0,0,0,0,0,0,0,0,0,0,0,0,0,0,0,0
2022-01-06 10:30:00+00:00,60,1,10,357.1595153808594,170.866455078125,0,0,0,0,0,0,0,0,0,0,0,0,0,0,0,0,0,0,0,0,0,0,0,0,0
2022-01-06 10:30:00+00:00,60,1,10,52.63426971435547,59.58277130126953,0,0,0,0,0,0,0,1,1,1,1,1,1,1,1,1,1,0,0,0,0,0,0,0,1
2022-01-06 10:30:00+00:00,60,1,10,109.19290924072266,77.4839859008789,0,0,0,0,0,0,0,0,0,0,1,1,1,1,1,1,1,0,0,0,0,0,0,0,0
2022-01-06 10:30:00+00:00,60,1,10,137.9575958251953,29.930492401123047,0,0,0,0,0,0,0,0,0,0,0,1,1,1,1,1,1,0,0,0,0,1,1,1,1
2022-01-06 10:30:00+00:00,60,1,10,101.14122009277344,21.574495315551758,0,0,0,0,0,0,0,0,0,0,1,1,1,1,1,1,1,0,0,0,1,1,1,1,1
2022-01-06 10:30:00+00:00,60,1,10,140.77220153808594,16.728368759155273,0,0,0,0,0,0,0,0,0,0,0,1,1,1,1,1,1,0,0,1,1,1,1,1,1
2022-01-06 10:30:00+00:00,60,1,10,256.0299072265625,174.4827423095703,0,0,0,0,0,0,0,0,0,0,0,0,0,0,0,1,1,0,0,0,0,0,0,0,0
2022-01-06 10:30:00+00:00,60,1,10,164.62002563476562,94.46900939941406,0,0,0,0,0,0,0,0,0,0,0,0,1,1,1,1,1,0,0,0,0,0,0,0,0
2022-01-06 10:30:00+00:00,60,1,10,308.0513610839844,246.49000549316406,0,0,0,0,0,0,0,0,0,0,0,0,0,0,0,0,1,0,0,0,0,0,0,0,0
2022-01-06 10:30:00+00:00,60,1,10,,299.2798156738281,0,0,0,0,0,0,0,0,0,0,0,0,0,0,0,0,0,0,0,0,0,0,0,0,0
2022-01-06 10:30:00+00:00,60,1,10,359.77679443359375,254.3326416015625,0,0,0,0,0,0,0,0,0,0,0,0,0,0,0,0,0,0,0,0,0,0,0,0,0
2022-01-06 10:30:00+00:00,60,1,10,403.0452575683594,229.3759765625,0,0,0,0,0,0,0,0,0,0,0,0,0,0,0,0,0,0,0,0,0,0,0,0,0
2022-01-06 10:30:00+00:00,60,1,10,,9.470333099365234,0,0,0,0,0,0,0,0,0,0,0,0,0,0,0,0,0,1,1,1,1,1,1,1,1
2022-01-06 10:30:00+00:00,60,1,10,,146.21388244628906,0,0,0,0,0,0,0,0,0,0,0,0,0,0,0,0,0,0,0,0,0,0,0,0,0
2022-01-06 10:30:00+00:00,60,1,10,,274.1270446777344,0,0,0,0,0,0,0,0,0,0,0,0,0,0,0,0,0,0,0,0,0,0,0,0,0
2022-01-06 10:30:00+00:00,60,1,10,,,0,0,0,0,0,0,0,0,0,0,0,0,0,0,0,0,0,0,0,0,0,0,0,0,0
2022-01-06 10:45:00+00:00,60,1,10,,,0,0,0,0,0,0,0,0,0,0,0,0,0,0,0,0,0,0,0,0,0,0,0,0,0
2022-01-06 10:45:00+00:00,60,1,10,,3.6746654510498047,0,0,0,0,0,0,0,0,0,0,0,0,0,0,0,0,0,1,1,1,1,1,1,1,1
2022-01-06 10:45:00+00:00,60,1,10,301.5233154296875,311.94903564453125,0,0,0,0,0,0,0,0,0,0,0,0,0,0,0,0,1,0,0,0,0,0,0,0,0
2022-01-06 10:45:00+00:00,60,1,10,,495.25390625,0,0,0,0,0,0,0,0,0,0,0,0,0,0,0,0,0,0,0,0,0,0,0,0,0
2022-01-06 10:45:00+00:00,60,1,10,120.42635345458984,148.83474731445312,0,0,0,0,0,0,0,0,0,0,0,1,1,1,1,1,1,0,0,0,0,0,0,0,0
2022-01-06 10:45:00+00:00,60,1,10,330.6901550292969,200.5606231689453,0,0,0,0,0,0,0,0,0,0,0,0,0,0,0,0,1,0,0,0,0,0,0,0,0
2022-01-06 10:45:00+00:00,60,1,10,486.6902160644531,374.1043701171875,0,0,0,0,0,0,0,0,0,0,0,0,0,0,0,0,0,0,0,0,0,0,0,0,0
2022-01-06 10:45:00+00:00,60,1,10,76.06127166748047,79.66053771972656,0,0,0,0,0,0,0,0,1,1,1,1,1,1,1,1,1,0,0,0,0,0,0,0,0
2022-01-06 10:45:00+00:00,60,1,10,290.6111755371094,24.684913635253906,0,0,0,0,0,0,0,0,0,0,0,0,0,0,0,1,1,0,0,0,1,1,1,1,1
2022-01-06 10:45:00+00:00,60,1,10,56.57943344116211,101.15103149414062,0,0,0,0,0,0,0,1,1,1,1,1,1,1,1,1,1,0,0,0,0,0,0,0,0
2022-01-06 10:45:00+00:00,60,1,10,,178.23580932617188,0,0,0,0,0,0,0,0,0,0,0,0,0,0,0,0,0,0,0,0,0,0,0,0,0
2022-01-06 10:45:00+00:00,60,1,10,,262.84185791015625,0,0,0,0,0,0,0,0,0,0,0,0,0,0,0,0,0,0,0,0,0,0,0,0,0
2022-01-06 10:45:00+00:00,60,1,10,113.58816528320312,129.2850799560547,0,0,0,0,0,0,0,0,0,0,1,1,1,1,1,1,1,0,0,0,0,0,0,0,0
2022-01-06 10:45:00+00:00,60,1,10,79.69479370117188,72.88638305664062,0,0,0,0,0,0,0,0,1,1,1,1,1,1,1,1,1,0,0,0,0,0,0,0,0
2022-01-06 10:45:00+00:00,60,1,10,,82.11933135986328,0,0,0,0,0,0,0,0,0,0,0,0,0,0,0,0,0,0,0,0,0,0,0,0,0
2022-01-06 10:45:00+00:00,60,1,10,367.14215087890625,374.1672668457031,0,0,0,0,0,0,0,0,0,0,0,0,0,0,0,0,0,0,0,0,0,0,0,0,0
2022-01-06 10:45:00+00:00,60,1,10,,,0,0,0,0,0,0,0,0,0,0,0,0,0,0,0,0,0,0,0,0,0,0,0,0,0
2022-01-06 11:00:00+00:00,60,1,11,129.91578674316406,413.9583435058594,0,0,0,0,0,0,0,0,0,0,0,1,1,1,1,1,1,0,0,0,0,0,0,0,0
2022-01-06 11:00:00+00:00,60,1,11,90.82852935791016,23.429962158203125,0,0,0,0,0,0,0,0,0,1,1,1,1,1,1,1,1,0,0,0,1,1,1,1,1
2022-01-06 11:00:00+00:00,60,1,11,170.59873962402344,89.89959716796875,0,0,0,0,0,0,0,0,0,0,0,0,1,1,1,1,1,0,0,0,0,0,0,0,0
2022-01-06 11:00:00+00:00,60,1,11,53.35354995727539,46.599098205566406,0,0,0,0,0,0,0,1,1,1,1,1,1,1,1,1,1,0,0,0,0,0,0,1,1
2022-01-06 11:00:00+00:00,60,1,11,246.9351806640625,13.819080352783203,0,0,0,0,0,0,0,0,0,0,0,0,0,0,1,1,1,0,1,1,1,1,1,1,1
2022-01-06 11:00:00+00:00,60,1,11,164.6825714111328,171.8213653564453,0,0,0,0,0,0,0,0,0,0,0,0,1,1,1,1,1,0,0,0,0,0,0,0,0
2022-01-06 11:00:00+00:00,60,1,11,240.66688537597656,97.31019592285156,0,0,0,0,0,0,0,0,0,0,0,0,0,0,1,1,1,0,0,0,0,0,0,0,0
2022-01-06 11:00:00+00:00,60,1,11,,342.85162353515625,0,0,0,0,0,0,0,0,0,0,0,0,0,0,0,0,0,0,0,0,0,0,0,0,0
2022-01-06 11:00:00+00:00,60,1,11,,11.103887557983398,0,0,0,0,0,0,0,0,0,0,0,0,0,0,0,0,0,0,1,1,1,1,1,1,1
2022-01-06 11:00:00+00:00,60,1,11,,,0,0,0,0,0,0,0,0,0,0,0,0,0,0,0,0,0,0,0,0,0,0,0,0,0
2022-01-06 11:00:00+00:00,60,1,11,,,0,0,0,0,0,0,0,0,0,0,0,0,0,0,0,0,0,0,0,0,0,0,0,0,0
2022-01-06 11:15:00+00:00,60,1,11,,,0,0,0,0,0,0,0,0,0,0,0,0,0,0,0,0,0,0,0,0,0,0,0,0,0
2022-01-06 11:15:00+00:00,60,1,11,,259.0158386230469,0,0,0,0,0,0,0,0,0,0,0,0,0,0,0,0,0,0,0,0,0,0,0,0,0
2022-01-06 11:15:00+00:00,60,1,11,408.7912902832031,0.0,0,0,0,0,0,0,0,0,0,0,0,0,0,0,0,0,0,1,1,1,1,1,1,1,1
2022-01-06 11:15:00+00:00,60,1,11,115.72515869140625,18.356382369995117,0,0,0,0,0,0,0,0,0,0,1,1,1,1,1,1,1,0,0,1,1,1,1,1,1
2022-01-06 11:15:00+00:00,60,1,11,62.95227813720703,57.119903564453125,0,0,0,0,0,0,0,0,1,1,1,1,1,1,1,1,1,0,0,0,0,0,0,0,1
2022-01-06 11:15:00+00:00,60,1,11,105.11027526855469,77.13743591308594,0,0,0,0,0,0,0,0,0,0,1,1,1,1,1,1,1,0,0,0,0,0,0,0,0
2022-01-06 11:15:00+00:00,60,1,11,111.9460220336914,92.82173919677734,0,0,0,0,0,0,0,0,0,0,1,1,1,1,1,1,1,0,0,0,0,0,0,0,0
2022-01-06 11:15:00+00:00,60,1,11,90.72154235839844,68.0134048461914,0,0,0,0,0,0,0,0,0,1,1,1,1,1,1,1,1,0,0,0,0,0,0,0,0
2022-01-06 11:15:00+00:00,60,1,11,82.58007049560547,49.930931091308594,0,0,0,0,0,0,0,0,0,1,1,1,1,1,1,1,1,0,0,0,0,0,0,1,1
2022-01-06 11:15:00+00:00,60,1,11,161.06793212890625,19.630693435668945,0,0,0,0,0,0,0,0,0,0,0,0,1,1,1,1,1,0,0,1,1,1,1,1,1
2022-01-06 11:15:00+00:00,60,1,11,300.2902526855469,14.485291481018066,0,0,0,0,0,0,0,0,0,0,0,0,0,0,0,0,1,0,1,1,1,1,1,1,1
2022-01-06 11:15:00+00:00,60,1,11,319.91064453125,15.893376350402832,0,0,0,0,0,0,0,0,0,0,0,0,0,0,0,0,1,0,0,1,1,1,1,1,1
2022-01-06 11:15:00+00:00,60,1,11,360.8485107421875,206.06655883789062,0,0,0,0,0,0,0,0,0,0,0,0,0,0,0,0,0,0,0,0,0,0,0,0,0
2022-01-06 11:15:00+00:00,60,1,11,493.374267578125,180.51763916015625,0,0,0,0,0,0,0,0,0,0,0,0,0,0,0,0,0,0,0,0,0,0,0,0,0
2022-01-06 11:15:00+00:00,60,1,11,,,0,0,0,0,0,0,0,0,0,0,0,0,0,0,0,0,0,0,0,0,0,0,0,0,0
2022-01-06 11:15:00+00:00,60,1,11,,184.18194580078125,0,0,0,0,0,0,0,0,0,0,0,0,0,0,0,0,0,0,0,0,0,0,0,0,0
2022-01-06 11:15:00+00:00,60,1,11,,,0,0,0,0,0,0,0,0,0,0,0,0,0,0,0,0,0,0,0,0,0,0,0,0,0
2022-01-06 11:15:00+00:00,60,1,11,,4.484376907348633,0,0,0,0,0,0,0,0,0,0,0,0,0,0,0,0,0,1,1,1,1,1,1,1,1
2022-01-06 11:30:00+00:00,60,1,11,270.69970703125,224.5807647705078,0,0,0,0,0,0,0,0,0,0,0,0,0,0,0,1,1,0,0,0,0,0,0,0,0
2022-01-06 11:30:00+00:00,60,1,11,429.38372802734375,5.2038655281066895,0,0,0,0,0,0,0,0,0,0,0,0,0,0,0,0,0,1,1,1,1,1,1,1,1
2022-01-06 11:30:00+00:00,60,1,11,110.54319763183594,0.0,0,0,0,0,0,0,0,0,0,0,1,1,1,1,1,1,1,1,1,1,1,1,1,1,1
2022-01-06 11:30:00+00:00,60,1,11,100.388916015625,73.71083068847656,0,0,0,0,0,0,0,0,0,0,1,1,1,1,1,1,1,0,0,0,0,0,0,0,0
2022-01-06 11:30:00+00:00,60,1,11,265.2294006347656,19.729835510253906,0,0,0,0,0,0,0,0,0,0,0,0,0,0,0,1,1,0,0,1,1,1,1,1,1
2022-01-06 11:30:00+00:00,60,1,11,368.2991027832031,79.721435546875,0,0,0,0,0,0,0,0,0,0,0,0,0,0,0,0,0,0,0,0,0,0,0,0,0
2022-01-06 11:30:00+00:00,60,1,11,111.25848388671875,151.88304138183594,0,0,0,0,0,0,0,0,0,0,1,1,1,1,1,1,1,0,0,0,0,0,0,0,0
2022-01-06 11:30:00+00:00,60,1,11,150.34339904785156,91.33853149414062,0,0,0,0,0,0,0,0,0,0,0,0,1,1,1,1,1,0,0,0,0,0,0,0,0
2022-01-06 11:30:00+00:00,60,1,11,119.67295837402344,4.791990280151367,0,0,0,0,0,0,0,0,0,0,1,1,1,1,1,1,1,1,1,1,1,1,1,1,1
2022-01-06 11:30:00+00:00,60,1,11,344.6340026855469,0.0,0,0,0,0,0,0,0,0,0,0,0,0,0,0,0,0,1,1,1,1,1,1,1,1,1
2022-01-06 11:30:00+00:00,60,1,11,160.50857543945312,132.27064514160156,0,0,0,0,0,0,0,0,0,0,0,0,1,1,1,1,1,0,0,0,0,0,0,0,0
2022-01-06 11:30:00+00:00,60,1,11,,,0,0,0,0,0,0,0,0,0,0,0,0,0,0,0,0,0,0,0,0,0,0,0,0,0
2022-01-06 11:45:00+00:00,60,1,11,350.14678955078125,335.1243896484375,0,0,0,0,0,0,0,0,0,0,0,0,0,0,0,0,0,0,0,0,0,0,0,0,0
2022-01-06 11:45:00+00:00,60,1,11,74.58323669433594,60.050628662109375,0,0,0,0,0,0,0,0,1,1,1,1,1,1,1,1,1,0,0,0,0,0,0,0,0
2022-01-06 11:45:00+00:00,60,1,11,124.3101806640625,110.92908477783203,0,0,0,0,0,0,0,0,0,0,0,1,1,1,1,1,1,0,0,0,0,0,0,0,0
2022-01-06 11:45:00+00:00,60,1,11,120.707275390625,57.034812927246094,0,0,0,0,0,0,0,0,0,0,0,1,1,1,1,1,1,0,0,0,0,0,0,0,1
2022-01-06 11:45:00+00:00,60,1,11,60.234737396240234,50.37507629394531,0,0,0,0,0,0,0,0,1,1,1,1,1,1,1,1,1,0,0,0,0,0,0,0,1
2022-01-06 11:45:00+00:00,60,1,11,71.39582061767578,7.6749396324157715,0,0,0,0,0,0,0,0,1,1,1,1,1,1,1,1,1,1,1,1,1,1,1,1,1
2022-01-06 11:45:00+00:00,60,1,11,82.17831420898438,131.56578063964844,0,0,0,0,0,0,0,0,0,1,1,1,1,1,1,1,1,0,0,0,0,0,0,0,0
2022-01-06 11:45:00+00:00,60,1,11,271.7160339355469,131.3146209716797,0,0,0,0,0,0,0,0,0,0,0,0,0,0,0,1,1,0,0,0,0,0,0,0,0
2022-01-06 11:45:00+00:00,60,1,11,184.8612823486328,169.30723571777344,0,0,0,0,0,0,0,0,0,0,0,0,0,1,1,1,1,0,0,0,0,0,0,0,0
2022-01-06 11:45:00+00:00,60,1,11,,,0,0,0,0,0,0,0,0,0,0,0,0,0,0,0,0,0,0,0,0,0,0,0,0,0
2022-01-06 11:45:00+00:00,60,1,11,,344.4002990722656,0,0,0,0,0,0,0,0,0,0,0,0,0,0,0,0,0,0,0,0,0,0,0,0,0
2022-01-06 11:45:00+00:00,60,1,11,,,0,0,0,0,0,0,0,0,0,0,0,0,0,0,0,0,0,0,0,0,0,0,0,0,0
2022-01-06 12:00:00+00:00,60,1,12,538.4163818359375,,0,0,0,0,0,0,0,0,0,0,0,0,0,0,0,0,0,0,0,0,0,0,0,0,0
2022-01-06 12:00:00+00:00,60,1,12,123.62564849853516,201.43577575683594,0,0,0,0,0,0,0,0,0,0,0,1,1,1,1,1,1,0,0,0,0,0,0,0,0
2022-01-06 12:00:00+00:00,60,1,12,197.90322875976562,121.14027404785156,0,0,0,0,0,0,0,0,0,0,0,0,0,1,1,1,1,0,0,0,0,0,0,0,0
2022-01-06 12:00:00+00:00,60,1,12,343.5085754394531,342.0171813964844,0,0,0,0,0,0,0,0,0,0,0,0,0,0,0,0,1,0,0,0,0,0,0,0,0
2022-01-06 12:00:00+00:00,60,1,12,303.85498046875,300.7730712890625,0,0,0,0,0,0,0,0,0,0,0,0,0,0,0,0,1,0,0,0,0,0,0,0,0
2022-01-06 12:00:00+00:00,60,1,12,48.11373519897461,50.13471984863281,0,0,0,0,0,0,1,1,1,1,1,1,1,1,1,1,1,0,0,0,0,0,0,0,1
2022-01-06 12:00:00+00:00,60,1,12,63.63193893432617,3.858473777770996,0,0,0,0,0,0,0,0,1,1,1,1,1,1,1,1,1,1,1,1,1,1,1,1,1
2022-01-06 12:00:00+00:00,60,1,12,164.6408233642578,101.0878677368164,0,0,0,0,0,0,0,0,0,0,0,0,1,1,1,1,1,0,0,0,0,0,0,0,0
2022-01-06 12:00:00+00:00,60,1,12,60.06928253173828,6.963270664215088,0,0,0,0,0,0,0,0,1,1,1,1,1,1,1,1,1,1,1,1,1,1,1,1,1
2022-01-06 12:00:00+00:00,60,1,12,54.38638687133789,22.6256160736084,0,0,0,0,0,0,0,1,1,1,1,1,1,1,1,1,1,0,0,0,1,1,1,1,1
2022-01-06 12:00:00+00:00,60,1,12,61.451255798339844,29.17481231689453,0,0,0,0,0,0,0,0,1,1,1,1,1,1,1,1,1,0,0,0,0,1,1,1,1
2022-01-06 12:00:00+00:00,60,1,12,161.3406219482422,25.92896270751953,0,0,0,0,0,0,0,0,0,0,0,0,1,1,1,1,1,0,0,0,0,1,1,1,1
2022-01-06 12:00:00+00:00,60,1,12,73.40796661376953,82.40644073486328,0,0,0,0,0,0,0,0,1,1,1,1,1,1,1,1,1,0,0,0,0,0,0,0,0
2022-01-06 12:00:00+00:00,60,1,12,180.82127380371094,180.11175537109375,0,0,0,0,0,0,0,0,0,0,0,0,0,1,1,1,1,0,0,0,0,0,0,0,0
2022-01-06 12:00:00+00:00,60,1,12,88.96112060546875,115.93807983398438,0,0,0,0,0,0,0,0,0,1,1,1,1,1,1,1,1,0,0,0,0,0,0,0,0
2022-01-06 12:00:00+00:00,60,1,12,128.3571014404297,37.750091552734375,0,0,0,0,0,0,0,0,0,0,0,1,1,1,1,1,1,0,0,0,0,0,1,1,1
2022-01-06 12:00:00+00:00,60,1,12,259.0409851074219,227.86424255371094,0,0,0,0,0,0,0,0,0,0,0,0,0,0,0,1,1,0,0,0,0,0,0,0,0
2022-01-06 12:00:00+00:00,60,1,12,,455.67254638671875,0,0,0,0,0,0,0,0,0,0,0,0,0,0,0,0,0,0,0,0,0,0,0,0,0
2022-01-06 12:00:00+00:00,60,1,12,,,0,0,0,0,0,0,0,0,0,0,0,0,0,0,0,0,0,0,0,0,0,0,0,0,0
2022-01-06 12:15:00+00:00,60,1,12,407.0406494140625,354.1124267578125,0,0,0,0,0,0,0,0,0,0,0,0,0,0,0,0,0,0,0,0,0,0,0,0,0
2022-01-06 12:15:00+00:00,60,1,12,,,0,0,0,0,0,0,0,0,0,0,0,0,0,0,0,0,0,0,0,0,0,0,0,0,0
2022-01-06 12:15:00+00:00,60,1,12,159.1986083984375,185.20753479003906,0,0,0,0,0,0,0,0,0,0,0,0,1,1,1,1,1,0,0,0,0,0,0,0,0
2022-01-06 12:15:00+00:00,60,1,12,,,0,0,0,0,0,0,0,0,0,0,0,0,0,0,0,0,0,0,0,0,0,0,0,0,0
2022-01-06 12:15:00+00:00,60,1,12,176.6587677001953,176.97201538085938,0,0,0,0,0,0,0,0,0,0,0,0,1,1,1,1,1,0,0,0,0,0,0,0,0
2022-01-06 12:15:00+00:00,60,1,12,279.520751953125,131.9547882080078,0,0,0,0,0,0,0,0,0,0,0,0,0,0,0,1,1,0,0,0,0,0,0,0,0
2022-01-06 12:15:00+00:00,60,1,12,67.92633819580078,16.358840942382812,0,0,0,0,0,0,0,0,1,1,1,1,1,1,1,1,1,0,0,1,1,1,1,1,1
2022-01-06 12:15:00+00:00,60,1,12,99.62208557128906,8.851737022399902,0,0,0,0,0,0,0,0,0,1,1,1,1,1,1,1,1,1,1,1,1,1,1,1,1
2022-01-06 12:15:00+00:00,60,1,12,209.589111328125,88.34479522705078,0,0,0,0,0,0,0,0,0,0,0,0,0,0,1,1,1,0,0,0,0,0,0,0,0
2022-01-06 12:15:00+00:00,60,1,12,143.4945068359375,93.79814147949219,0,0,0,0,0,0,0,0,0,0,0,1,1,1,1,1,1,0,0,0,0,0,0,0,0
2022-01-06 12:15:00+00:00,60,1,12,195.8944854736328,155.34056091308594,0,0,0,0,0,0,0,0,0,0,0,0,0,1,1,1,1,0,0,0,0,0,0,0,0
2022-01-06 12:15:00+00:00,60,1,12,382.2010803222656,341.6571044921875,0,0,0,0,0,0,0,0,0,0,0,0,0,0,0,0,0,0,0,0,0,0,0,0,0
2022-01-06 12:15:00+00:00,60,1,12,,,0,0,0,0,0,0,0,0,0,0,0,0,0,0,0,0,0,0,0,0,0,0,0,0,0
2022-01-06 12:15:00+00:00,60,1,12,,,0,0,0,0,0,0,0,0,0,0,0,0,0,0,0,0,0,0,0,0,0,0,0,0,0
2022-01-06 12:15:00+00:00,60,1,12,,177.53402709960938,0,0,0,0,0,0,0,0,0,0,0,0,0,0,0,0,0,0,0,0,0,0,0,0,0
2022-01-06 12:15:00+00:00,60,1,12,307.4549865722656,343.62493896484375,0,0,0,0,0,0,0,0,0,0,0,0,0,0,0,0,1,0,0,0,0,0,0,0,0
2022-01-06 12:15:00+00:00,60,1,12,,,0,0,0,0,0,0,0,0,0,0,0,0,0,0,0,0,0,0,0,0,0,0,0,0,0
2022-01-06 12:30:00+00:00,60,1,12,,,0,0,0,0,0,0,0,0,0,0,0,0,0,0,0,0,0,0,0,0,0,0,0,0,0
2022-01-06 12:30:00+00:00,60,1,12,127.64553833007812,130.03855895996094,0,0,0,0,0,0,0,0,0,0,0,1,1,1,1,1,1,0,0,0,0,0,0,0,0
2022-01-06 12:30:00+00:00,60,1,12,92.32772827148438,116.25736236572266,0,0,0,0,0,0,0,0,0,1,1,1,1,1,1,1,1,0,0,0,0,0,0,0,0
2022-01-06 12:30:00+00:00,60,1,12,83.55503845214844,15.583128929138184,0,0,0,0,0,0,0,0,0,1,1,1,1,1,1,1,1,0,0,1,1,1,1,1,1
2022-01-06 12:30:00+00:00,60,1,12,81.7406234741211,26.808942794799805,0,0,0,0,0,0,0,0,0,1,1,1,1,1,1,1,1,0,0,0,0,1,1,1,1
2022-01-06 12:30:00+00:00,60,1,12,49.193084716796875,135.2932586669922,0,0,0,0,0,0,1,1,1,1,1,1,1,1,1,1,1,0,0,0,0,0,0,0,0
2022-01-06 12:30:00+00:00,60,1,12,172.84532165527344,132.50775146484375,0,0,0,0,0,0,0,0,0,0,0,0,1,1,1,1,1,0,0,0,0,0,0,0,0
2022-01-06 12:30:00+00:00,60,1,12,117.97029113769531,70.95338439941406,0,0,0,0,0,0,0,0,0,0,1,1,1,1,1,1,1,0,0,0,0,0,0,0,0
2022-01-06 12:45:00+00:00,60,1,12,273.2398681640625,270.52716064453125,0,0,0,0,0,0,0,0,0,0,0,0,0,0,0,1,1,0,0,0,0,0,0,0,0
2022-01-06 12:45:00+00:00,60,1,12,547.5604248046875,543.76123046875,0,0,0,0,0,0,0,0,0,0,0,0,0,0,0,0,0,0,0,0,0,0,0,0,0
2022-01-06 12:45:00+00:00,60,1,12,298.2112731933594,318.5834655761719,0,0,0,0,0,0,0,0,0,0,0,0,0,0,0,1,1,0,0,0,0,0,0,0,0
2022-01-06 12:45:00+00:00,60,1,12,73.1644515991211,63.660804748535156,0,0,0,0,0,0,0,0,1,1,1,1,1,1,1,1,1,0,0,0,0,0,0,0,0
2022-01-06 12:45:00+00:00,60,1,12,74.6530990600586,3.2885375022888184,0,0,0,0,0,0,0,0,1,1,1,1,1,1,1,1,1,1,1,1,1,1,1,1,1
2022-01-06 12:45:00+00:00,60,1,12,172.0762481689453,169.5798797607422,0,0,0,0,0,0,0,0,0,0,0,0,1,1,1,1,1,0,0,0,0,0,0,0,0
2022-01-06 12:45:00+00:00,60,1,12,25.72300148010254,3.279146671295166,0,0,0,0,1,1,1,1,1,1,1,1,1,1,1,1,1,1,1,1,1,1,1,1,1
2022-01-06 12:45:00+00:00,60,1,12,51.10747528076172,6.932866096496582,0,0,0,0,0,0,0,1,1,1,1,1,1,1,1,1,1,1,1,1,1,1,1,1,1
2022-01-06 12:45:00+00:00,60,1,12,124.31494903564453,223.164306640625,0,0,0,0,0,0,0,0,0,0,0,1,1,1,1,1,1,0,0,0,0,0,0,0,0
2022-01-06 12:45:00+00:00,60,1,12,81.3519287109375,68.96116638183594,0,0,0,0,0,0,0,0,0,1,1,1,1,1,1,1,1,0,0,0,0,0,0,0,0
2022-01-06 12:45:00+00:00,60,1,12,221.20750427246094,150.34246826171875,0,0,0,0,0,0,0,0,0,0,0,0,0,0,1,1,1,0,0,0,0,0,0,0,0
2022-01-06 12:45:00+00:00,60,1,12,281.364501953125,17.681724548339844,0,0,0,0,0,0,0,0,0,0,0,0,0,0,0,1,1,0,0,1,1,1,1,1,1
2022-01-06 12:45:00+00:00,60,1,12,,,0,0,0,0,0,0,0,0,0,0,0,0,0,0,0,0,0,0,0,0,0,0,0,0,0
2022-01-06 12:45:00+00:00,60,1,12,,,0,0,0,0,0,0,0,0,0,0,0,0,0,0,0,0,0,0,0,0,0,0,0,0,0
2022-01-06 13:00:00+00:00,60,1,13,589.7077026367188,548.7166137695312,0,0,0,0,0,0,0,0,0,0,0,0,0,0,0,0,0,0,0,0,0,0,0,0,0
2022-01-06 13:00:00+00:00,60,1,13,486.6449279785156,447.7575378417969,0,0,0,0,0,0,0,0,0,0,0,0,0,0,0,0,0,0,0,0,0,0,0,0,0
2022-01-06 13:00:00+00:00,60,1,13,362.9761962890625,,0,0,0,0,0,0,0,0,0,0,0,0,0,0,0,0,0,0,0,0,0,0,0,0,0
2022-01-06 13:00:00+00:00,60,1,13,124.45316314697266,70.5494155883789,0,0,0,0,0,0,0,0,0,0,0,1,1,1,1,1,1,0,0,0,0,0,0,0,0
2022-01-06 13:00:00+00:00,60,1,13,252.49789428710938,232.0897674560547,0,0,0,0,0,0,0,0,0,0,0,0,0,0,0,1,1,0,0,0,0,0,0,0,0
2022-01-06 13:00:00+00:00,60,1,13,198.9032440185547,146.3542938232422,0,0,0,0,0,0,0,0,0,0,0,0,0,1,1,1,1,0,0,0,0,0,0,0,0
2022-01-06 13:00:00+00:00,60,1,13,92.81930541992188,178.20323181152344,0,0,0,0,0,0,0,0,0,1,1,1,1,1,1,1,1,0,0,0,0,0,0,0,0
2022-01-06 13:00:00+00:00,60,1,13,125.72114562988281,231.2292938232422,0,0,0,0,0,0,0,0,0,0,0,1,1,1,1,1,1,0,0,0,0,0,0,0,0
2022-01-06 13:00:00+00:00,60,1,13,91.49440002441406,3.154287099838257,0,0,0,0,0,0,0,0,0,1,1,1,1,1,1,1,1,1,1,1,1,1,1,1,1
2022-01-06 13:00:00+00:00,60,1,13,86.75263977050781,75.12767028808594,0,0,0,0,0,0,0,0,0,1,1,1,1,1,1,1,1,0,0,0,0,0,0,0,0
2022-01-06 13:00:00+00:00,60,1,13,313.1911315917969,274.1219177246094,0,0,0,0,0,0,0,0,0,0,0,0,0,0,0,0,1,0,0,0,0,0,0,0,0
2022-01-06 13:00:00+00:00,60,1,13,,29.248815536499023,0,0,0,0,0,0,0,0,0,0,0,0,0,0,0,0,0,0,0,0,0,1,1,1,1
2022-01-06 13:00:00+00:00,60,1,13,,,0,0,0,0,0,0,0,0,0,0,0,0,0,0,0,0,0,0,0,0,0,0,0,0,0
2022-01-06 13:00:00+00:00,60,1,13,,,0,0,0,0,0,0,0,0,0,0,0,0,0,0,0,0,0,0,0,0,0,0,0,0,0
2022-01-06 13:15:00+00:00,60,1,13,529.971923828125,477.34503173828125,0,0,0,0,0,0,0,0,0,0,0,0,0,0,0,0,0,0,0,0,0,0,0,0,0
2022-01-06 13:15:00+00:00,60,1,13,62.647056579589844,58.76123046875,0,0,0,0,0,0,0,0,1,1,1,1,1,1,1,1,1,0,0,0,0,0,0,0,1
2022-01-06 13:15:00+00:00,60,1,13,98.87948608398438,130.88661193847656,0,0,0,0,0,0,0,0,0,1,1,1,1,1,1,1,1,0,0,0,0,0,0,0,0
2022-01-06 13:15:00+00:00,60,1,13,459.4836730957031,352.5869445800781,0,0,0,0,0,0,0,0,0,0,0,0,0,0,0,0,0,0,0,0,0,0,0,0,0
2022-01-06 13:15:00+00:00,60,1,13,149.14132690429688,113.36156463623047,0,0,0,0,0,0,0,0,0,0,0,1,1,1,1,1,1,0,0,0,0,0,0,0,0
2022-01-06 13:15:00+00:00,60,1,13,94.66572570800781,65.81169128417969,0,0,0,0,0,0,0,0,0,1,1,1,1,1,1,1,1,0,0,0,0,0,0,0,0
2022-01-06 13:15:00+00:00,60,1,13,101.71044921875,52.952980041503906,0,0,0,0,0,0,0,0,0,0,1,1,1,1,1,1,1,0,0,0,0,0,0,0,1
2022-01-06 13:15:00+00:00,60,1,13,193.52642822265625,8.71600341796875,0,0,0,0,0,0,0,0,0,0,0,0,0,1,1,1,1,1,1,1,1,1,1,1,1
2022-01-06 13:15:00+00:00,60,1,13,198.11367797851562,15.3204984664917,0,0,0,0,0,0,0,0,0,0,0,0,0,1,1,1,1,0,0,1,1,1,1,1,1
2022-01-06 13:15:00+00:00,60,1,13,312.32598876953125,18.70064926147461,0,0,0,0,0,0,0,0,0,0,0,0,0,0,0,0,1,0,0,1,1,1,1,1,1
2022-01-06 13:15:00+00:00,60,1,13,93.35718536376953,0.0,0,0,0,0,0,0,0,0,0,1,1,1,1,1,1,1,1,1,1,1,1,1,1,1,1
2022-01-06 13:15:00+00:00,60,1,13,,,0,0,0,0,0,0,0,0,0,0,0,0,0,0,0,0,0,0,0,0,0,0,0,0,0
2022-01-06 13:15:00+00:00,60,1,13,,,0,0,0,0,0,0,0,0,0,0,0,0,0,0,0,0,0,0,0,0,0,0,0,0,0
2022-01-06 13:30:00+00:00,60,1,13,295.2279968261719,314.63189697265625,0,0,0,0,0,0,0,0,0,0,0,0,0,0,0,1,1,0,0,0,0,0,0,0,0
2022-01-06 13:30:00+00:00,60,1,13,165.99728393554688,110.31595611572266,0,0,0,0,0,0,0,0,0,0,0,0,1,1,1,1,1,0,0,0,0,0,0,0,0
2022-01-06 13:30:00+00:00,60,1,13,145.3051300048828,74.73436737060547,0,0,0,0,0,0,0,0,0,0,0,1,1,1,1,1,1,0,0,0,0,0,0,0,0
2022-01-06 13:30:00+00:00,60,1,13,186.6610107421875,158.0712432861328,0,0,0,0,0,0,0,0,0,0,0,0,0,1,1,1,1,0,0,0,0,0,0,0,0
2022-01-06 13:30:00+00:00,60,1,13,136.03810119628906,182.3367156982422,0,0,0,0,0,0,0,0,0,0,0,1,1,1,1,1,1,0,0,0,0,0,0,0,0
2022-01-06 13:30:00+00:00,60,1,13,,451.6244812011719,0,0,0,0,0,0,0,0,0,0,0,0,0,0,0,0,0,0,0,0,0,0,0,0,0
2022-01-06 13:30:00+00:00,60,1,13,,,0,0,0,0,0,0,0,0,0,0,0,0,0,0,0,0,0,0,0,0,0,0,0,0,0
2022-01-06 13:45:00+00:00,60,1,13,557.776611328125,,0,0,0,0,0,0,0,0,0,0,0,0,0,0,0,0,0,0,0,0,0,0,0,0,0
2022-01-06 13:45:00+00:00,60,1,13,369.4615783691406,,0,0,0,0,0,0,0,0,0,0,0,0,0,0,0,0,0,0,0,0,0,0,0,0,0
2022-01-06 13:45:00+00:00,60,1,13,369.5649108886719,378.94744873046875,0,0,0,0,0,0,0,0,0,0,0,0,0,0,0,0,0,0,0,0,0,0,0,0,0
2022-01-06 13:45:00+00:00,60,1,13,360.47930908203125,,0,0,0,0,0,0,0,0,0,0,0,0,0,0,0,0,0,0,0,0,0,0,0,0,0
2022-01-06 13:45:00+00:00,60,1,13,251.73013305664062,306.0148010253906,0,0,0,0,0,0,0,0,0,0,0,0,0,0,0,1,1,0,0,0,0,0,0,0,0
2022-01-06 13:45:00+00:00,60,1,13,272.7449035644531,476.6700439453125,0,0,0,0,0,0,0,0,0,0,0,0,0,0,0,1,1,0,0,0,0,0,0,0,0
2022-01-06 13:45:00+00:00,60,1,13,68.2220458984375,28.670310974121094,0,0,0,0,0,0,0,0,1,1,1,1,1,1,1,1,1,0,0,0,0,1,1,1,1
2022-01-06 13:45:00+00:00,60,1,13,104.57188415527344,67.23316955566406,0,0,0,0,0,0,0,0,0,0,1,1,1,1,1,1,1,0,0,0,0,0,0,0,0
2022-01-06 13:45:00+00:00,60,1,13,103.5517578125,141.13095092773438,0,0,0,0,0,0,0,0,0,0,1,1,1,1,1,1,1,0,0,0,0,0,0,0,0
2022-01-06 13:45:00+00:00,60,1,13,66.73220825195312,37.41807556152344,0,0,0,0,0,0,0,0,1,1,1,1,1,1,1,1,1,0,0,0,0,0,1,1,1
2022-01-06 13:45:00+00:00,60,1,13,148.0018768310547,173.03579711914062,0,0,0,0,0,0,0,0,0,0,0,1,1,1,1,1,1,0,0,0,0,0,0,0,0
2022-01-06 13:45:00+00:00,60,1,13,337.28656005859375,6.913527488708496,0,0,0,0,0,0,0,0,0,0,0,0,0,0,0,0,1,1,1,1,1,1,1,1,1
2022-01-06 13:45:00+00:00,60,1,13,,,0,0,0,0,0,0,0,0,0,0,0,0,0,0,0,0,0,0,0,0,0,0,0,0,0
2022-01-06 14:00:00+00:00,60,1,14,575.015380859375,,0,0,0,0,0,0,0,0,0,0,0,0,0,0,0,0,0,0,0,0,0,0,0,0,0
2022-01-06 14:00:00+00:00,60,1,14,87.35222625732422,222.32882690429688,0,0,0,0,0,0,0,0,0,1,1,1,1,1,1,1,1,0,0,0,0,0,0,0,0
2022-01-06 14:00:00+00:00,60,1,14,139.2965545654297,112.00418090820312,0,0,0,0,0,0,0,0,0,0,0,1,1,1,1,1,1,0,0,0,0,0,0,0,0
2022-01-06 14:00:00+00:00,60,1,14,,,0,0,0,0,0,0,0,0,0,0,0,0,0,0,0,0,0,0,0,0,0,0,0,0,0
2022-01-06 14:00:00+00:00,60,1,14,129.27670288085938,3.410550594329834,0,0,0,0,0,0,0,0,0,0,0,1,1,1,1,1,1,1,1,1,1,1,1,1,1
2022-01-06 14:00:00+00:00,60,1,14,160.19212341308594,98.9789810180664,0,0,0,0,0,0,0,0,0,0,0,0,1,1,1,1,1,0,0,0,0,0,0,0,0
2022-01-06 14:00:00+00:00,60,1,14,337.13128662109375,24.86277198791504,0,0,0,0,0,0,0,0,0,0,0,0,0,0,0,0,1,0,0,0,1,1,1,1,1
2022-01-06 14:00:00+00:00,60,1,14,118.24725341796875,88.24635314941406,0,0,0,0,0,0,0,0,0,0,1,1,1,1,1,1,1,0,0,0,0,0,0,0,0
2022-01-06 14:00:00+00:00,60,1,14,132.35098266601562,153.86236572265625,0,0,0,0,0,0,0,0,0,0,0,1,1,1,1,1,1,0,0,0,0,0,0,0,0
2022-01-06 14:00:00+00:00,60,1,14,325.8785400390625,182.85154724121094,0,0,0,0,0,0,0,0,0,0,0,0,0,0,0,0,1,0,0,0,0,0,0,0,0
2022-01-06 14:00:00+00:00,60,1,14,132.47003173828125,190.07826232910156,0,0,0,0,0,0,0,0,0,0,0,1,1,1,1,1,1,0,0,0,0,0,0,0,0
2022-01-06 14:00:00+00:00,60,1,14,,,0,0,0,0,0,0,0,0,0,0,0,0,0,0,0,0,0,0,0,0,0,0,0,0,0
2022-01-06 14:15:00+00:00,60,1,14,,,0,0,0,0,0,0,0,0,0,0,0,0,0,0,0,0,0,0,0,0,0,0,0,0,0
2022-01-06 14:15:00+00:00,60,1,14,582.3944702148438,,0,0,0,0,0,0,0,0,0,0,0,0,0,0,0,0,0,0,0,0,0,0,0,0,0
2022-01-06 14:15:00+00:00,60,1,14,,451.5933532714844,0,0,0,0,0,0,0,0,0,0,0,0,0,0,0,0,0,0,0,0,0,0,0,0,0
2022-01-06 14:15:00+00:00,60,1,14,252.3282470703125,192.88421630859375,0,0,0,0,0,0,0,0,0,0,0,0,0,0,0,1,1,0,0,0,0,0,0,0,0
2022-01-06 14:15:00+00:00,60,1,14,233.6825714111328,207.28021240234375,0,0,0,0,0,0,0,0,0,0,0,0,0,0,1,1,1,0,0,0,0,0,0,0,0
2022-01-06 14:15:00+00:00,60,1,14,198.90933227539062,180.04461669921875,0,0,0,0,0,0,0,0,0,0,0,0,0,1,1,1,1,0,0,0,0,0,0,0,0
2022-01-06 14:15:00+00:00,60,1,14,76.2059555053711,0.0,0,0,0,0,0,0,0,0,1,1,1,1,1,1,1,1,1,1,1,1,1,1,1,1,1
2022-01-06 14:15:00+00:00,60,1,14,,479.7928771972656,0,0,0,0,0,0,0,0,0,0,0,0,0,0,0,0,0,0,0,0,0,0,0,0,0
2022-01-06 14:15:00+00:00,60,1,14,,,0,0,0,0,0,0,0,0,0,0,0,0,0,0,0,0,0,0,0,0,0,0,0,0,0
2022-01-06 14:30:00+00:00,60,1,14,182.05755615234375,116.17508697509766,0,0,0,0,0,0,0,0,0,0,0,0,0,1,1,1,1,0,0,0,0,0,0,0,0
2022-01-06 14:30:00+00:00,60,1,14,103.74683380126953,74.39128875732422,0,0,0,0,0,0,0,0,0,0,1,1,1,1,1,1,1,0,0,0,0,0,0,0,0
2022-01-06 14:30:00+00:00,60,1,14,97.9869155883789,0.0,0,0,0,0,0,0,0,0,0,1,1,1,1,1,1,1,1,1,1,1,1,1,1,1,1
2022-01-06 14:30:00+00:00,60,1,14,175.33847045898438,151.77459716796875,0,0,0,0,0,0,0,0,0,0,0,0,1,1,1,1,1,0,0,0,0,0,0,0,0
2022-01-06 14:30:00+00:00,60,1,14,127.1547622680664,102.05487823486328,0,0,0,0,0,0,0,0,0,0,0,1,1,1,1,1,1,0,0,0,0,0,0,0,0
2022-01-06 14:30:00+00:00,60,1,14,97.74490356445312,137.77886962890625,0,0,0,0,0,0,0,0,0,1,1,1,1,1,1,1,1,0,0,0,0,0,0,0,0
2022-01-06 14:45:00+00:00,60,1,14,,,0,0,0,0,0,0,0,0,0,0,0,0,0,0,0,0,0,0,0,0,0,0,0,0,0
2022-01-06 14:45:00+00:00,60,1,14,95.2005386352539,78.27197265625,0,0,0,0,0,0,0,0,0,1,1,1,1,1,1,1,1,0,0,0,0,0,0,0,0
2022-01-06 14:45:00+00:00,60,1,14,115.7676010131836,84.57746887207031,0,0,0,0,0,0,0,0,0,0,1,1,1,1,1,1,1,0,0,0,0,0,0,0,0
2022-01-06 14:45:00+00:00,60,1,14,146.49009704589844,16.086669921875,0,0,0,0,0,0,0,0,0,0,0,1,1,1,1,1,1,0,0,1,1,1,1,1,1
2022-01-06 14:45:00+00:00,60,1,14,68.33390045166016,16.325620651245117,0,0,0,0,0,0,0,0,1,1,1,1,1,1,1,1,1,0,0,1,1,1,1,1,1
2022-01-06 14:45:00+00:00,60,1,14,104.03468322753906,201.3364715576172,0,0,0,0,0,0,0,0,0,0,1,1,1,1,1,1,1,0,0,0,0,0,0,0,0
2022-01-06 15:00:00+00:00,60,1,15,,,0,0,0,0,0,0,0,0,0,0,0,0,0,0,0,0,0,0,0,0,0,0,0,0,0
2022-01-06 15:00:00+00:00,60,1,15,,,0,0,0,0,0,0,0,0,0,0,0,0,0,0,0,0,0,0,0,0,0,0,0,0,0
2022-01-06 15:00:00+00:00,60,1,15,182.1859588623047,320.95330810546875,0,0,0,0,0,0,0,0,0,0,0,0,0,1,1,1,1,0,0,0,0,0,0,0,0
2022-01-06 15:00:00+00:00,60,1,15,109.79319763183594,97.56206512451172,0,0,0,0,0,0,0,0,0,0,1,1,1,1,1,1,1,0,0,0,0,0,0,0,0
2022-01-06 15:00:00+00:00,60,1,15,136.22752380371094,31.274517059326172,0,0,0,0,0,0,0,0,0,0,0,1,1,1,1,1,1,0,0,0,0,0,1,1,1
2022-01-06 15:00:00+00:00,60,1,15,164.5675811767578,187.20645141601562,0,0,0,0,0,0,0,0,0,0,0,0,1,1,1,1,1,0,0,0,0,0,0,0,0
2022-01-06 15:00:00+00:00,60,1,15,,,0,0,0,0,0,0,0,0,0,0,0,0,0,0,0,0,0,0,0,0,0,0,0,0,0
2022-01-06 15:00:00+00:00,60,1,15,,,0,0,0,0,0,0,0,0,0,0,0,0,0,0,0,0,0,0,0,0,0,0,0,0,0
2022-01-06 15:15:00+00:00,60,1,15,129.2579345703125,91.89190673828125,0,0,0,0,0,0,0,0,0,0,0,1,1,1,1,1,1,0,0,0,0,0,0,0,0
2022-01-06 15:15:00+00:00,60,1,15,90.17101287841797,38.0689697265625,0,0,0,0,0,0,0,0,0,1,1,1,1,1,1,1,1,0,0,0,0,0,1,1,1
2022-01-06 15:15:00+00:00,60,1,15,259.06793212890625,221.01962280273438,0,0,0,0,0,0,0,0,0,0,0,0,0,0,0,1,1,0,0,0,0,0,0,0,0
2022-01-06 15:15:00+00:00,60,1,15,230.47853088378906,203.0041046142578,0,0,0,0,0,0,0,0,0,0,0,0,0,0,1,1,1,0,0,0,0,0,0,0,0
2022-01-06 15:15:00+00:00,60,1,15,295.1416931152344,328.6505432128906,0,0,0,0,0,0,0,0,0,0,0,0,0,0,0,1,1,0,0,0,0,0,0,0,0
2022-01-06 15:15:00+00:00,60,1,15,141.18914794921875,113.17615509033203,0,0,0,0,0,0,0,0,0,0,0,1,1,1,1,1,1,0,0,0,0,0,0,0,0
2022-01-06 15:15:00+00:00,60,1,15,,,0,0,0,0,0,0,0,0,0,0,0,0,0,0,0,0,0,0,0,0,0,0,0,0,0
2022-01-06 15:30:00+00:00,60,1,15,,,0,0,0,0,0,0,0,0,0,0,0,0,0,0,0,0,0,0,0,0,0,0,0,0,0
2022-01-06 15:30:00+00:00,60,1,15,,,0,0,0,0,0,0,0,0,0,0,0,0,0,0,0,0,0,0,0,0,0,0,0,0,0
2022-01-06 15:30:00+00:00,60,1,15,63.54512023925781,0.0,0,0,0,0,0,0,0,0,1,1,1,1,1,1,1,1,1,1,1,1,1,1,1,1,1
2022-01-06 15:30:00+00:00,60,1,15,83.6258773803711,85.38623046875,0,0,0,0,0,0,0,0,0,1,1,1,1,1,1,1,1,0,0,0,0,0,0,0,0
2022-01-06 15:30:00+00:00,60,1,15,171.2025909423828,161.5708465576172,0,0,0,0,0,0,0,0,0,0,0,0,1,1,1,1,1,0,0,0,0,0,0,0,0
2022-01-06 15:30:00+00:00,60,1,15,163.00872802734375,122.16304016113281,0,0,0,0,0,0,0,0,0,0,0,0,1,1,1,1,1,0,0,0,0,0,0,0,0
2022-01-06 15:30:00+00:00,60,1,15,,,0,0,0,0,0,0,0,0,0,0,0,0,0,0,0,0,0,0,0,0,0,0,0,0,0
2022-01-06 15:45:00+00:00,60,1,15,,,0,0,0,0,0,0,0,0,0,0,0,0,0,0,0,0,0,0,0,0,0,0,0,0,0
2022-01-06 15:45:00+00:00,60,1,15,,414.49249267578125,0,0,0,0,0,0,0,0,0,0,0,0,0,0,0,0,0,0,0,0,0,0,0,0,0
2022-01-06 15:45:00+00:00,60,1,15,,,0,0,0,0,0,0,0,0,0,0,0,0,0,0,0,0,0,0,0,0,0,0,0,0,0
2022-01-06 15:45:00+00:00,60,1,15,472.47198486328125,413.6115417480469,0,0,0,0,0,0,0,0,0,0,0,0,0,0,0,0,0,0,0,0,0,0,0,0,0
2022-01-06 15:45:00+00:00,60,1,15,389.8186950683594,410.4186706542969,0,0,0,0,0,0,0,0,0,0,0,0,0,0,0,0,0,0,0,0,0,0,0,0,0
2022-01-06 15:45:00+00:00,60,1,15,165.0725555419922,145.7478790283203,0,0,0,0,0,0,0,0,0,0,0,0,1,1,1,1,1,0,0,0,0,0,0,0,0
2022-01-06 15:45:00+00:00,60,1,15,380.41998291015625,293.248779296875,0,0,0,0,0,0,0,0,0,0,0,0,0,0,0,0,0,0,0,0,0,0,0,0,0
2022-01-06 15:45:00+00:00,60,1,15,153.93545532226562,,0,0,0,0,0,0,0,0,0,0,0,0,1,1,1,1,1,0,0,0,0,0,0,0,0
2022-01-06 15:45:00+00:00,60,1,15,226.99644470214844,238.45652770996094,0,0,0,0,0,0,0,0,0,0,0,0,0,0,1,1,1,0,0,0,0,0,0,0,0
2022-01-06 16:00:00+00:00,60,1,16,,424.56842041015625,0,0,0,0,0,0,0,0,0,0,0,0,0,0,0,0,0,0,0,0,0,0,0,0,0
2022-01-06 16:00:00+00:00,60,1,16,387.5548095703125,366.7782287597656,0,0,0,0,0,0,0,0,0,0,0,0,0,0,0,0,0,0,0,0,0,0,0,0,0
2022-01-06 16:00:00+00:00,60,1,16,288.8441467285156,275.7196960449219,0,0,0,0,0,0,0,0,0,0,0,0,0,0,0,1,1,0,0,0,0,0,0,0,0
2022-01-06 16:00:00+00:00,60,1,16,120.44744110107422,151.84202575683594,0,0,0,0,0,0,0,0,0,0,0,1,1,1,1,1,1,0,0,0,0,0,0,0,0
2022-01-06 16:00:00+00:00,60,1,16,135.67138671875,120.95782470703125,0,0,0,0,0,0,0,0,0,0,0,1,1,1,1,1,1,0,0,0,0,0,0,0,0
2022-01-06 16:00:00+00:00,60,1,16,216.94944763183594,226.7949676513672,0,0,0,0,0,0,0,0,0,0,0,0,0,0,1,1,1,0,0,0,0,0,0,0,0
2022-01-06 16:00:00+00:00,60,1,16,209.95651245117188,0.0,0,0,0,0,0,0,0,0,0,0,0,0,0,0,1,1,1,1,1,1,1,1,1,1,1
2022-01-06 16:00:00+00:00,60,1,16,226.8359375,118.26554107666016,0,0,0,0,0,0,0,0,0,0,0,0,0,0,1,1,1,0,0,0,0,0,0,0,0
2022-01-06 16:15:00+00:00,60,1,16,,116.85844421386719,0,0,0,0,0,0,0,0,0,0,0,0,0,0,0,0,0,0,0,0,0,0,0,0,0
2022-01-06 16:15:00+00:00,60,1,16,410.8941955566406,440.63421630859375,0,0,0,0,0,0,0,0,0,0,0,0,0,0,0,0,0,0,0,0,0,0,0,0,0
2022-01-06 16:15:00+00:00,60,1,16,,,0,0,0,0,0,0,0,0,0,0,0,0,0,0,0,0,0,0,0,0,0,0,0,0,0
2022-01-06 16:15:00+00:00,60,1,16,132.24249267578125,329.8091735839844,0,0,0,0,0,0,0,0,0,0,0,1,1,1,1,1,1,0,0,0,0,0,0,0,0
2022-01-06 16:15:00+00:00,60,1,16,203.81155395507812,105.52411651611328,0,0,0,0,0,0,0,0,0,0,0,0,0,0,1,1,1,0,0,0,0,0,0,0,0
2022-01-06 16:15:00+00:00,60,1,16,152.5283966064453,15.26243782043457,0,0,0,0,0,0,0,0,0,0,0,0,1,1,1,1,1,0,0,1,1,1,1,1,1
2022-01-06 16:30:00+00:00,60,1,16,481.25274658203125,443.5600280761719,0,0,0,0,0,0,0,0,0,0,0,0,0,0,0,0,0,0,0,0,0,0,0,0,0
2022-01-06 16:30:00+00:00,60,1,16,170.52249145507812,182.82310485839844,0,0,0,0,0,0,0,0,0,0,0,0,1,1,1,1,1,0,0,0,0,0,0,0,0
2022-01-06 16:30:00+00:00,60,1,16,283.48077392578125,259.7225036621094,0,0,0,0,0,0,0,0,0,0,0,0,0,0,0,1,1,0,0,0,0,0,0,0,0
2022-01-06 16:30:00+00:00,60,1,16,148.51026916503906,170.2064208984375,0,0,0,0,0,0,0,0,0,0,0,1,1,1,1,1,1,0,0,0,0,0,0,0,0
2022-01-06 16:30:00+00:00,60,1,16,43.60728454589844,40.63016128540039,0,0,0,0,0,0,1,1,1,1,1,1,1,1,1,1,1,0,0,0,0,0,0,1,1
2022-01-06 16:30:00+00:00,60,1,16,135.17799377441406,134.40357971191406,0,0,0,0,0,0,0,0,0,0,0,1,1,1,1,1,1,0,0,0,0,0,0,0,0
2022-01-06 16:30:00+00:00,60,1,16,,,0,0,0,0,0,0,0,0,0,0,0,0,0,0,0,0,0,0,0,0,0,0,0,0,0
2022-01-06 16:45:00+00:00,60,1,16,281.06805419921875,310.68109130859375,0,0,0,0,0,0,0,0,0,0,0,0,0,0,0,1,1,0,0,0,0,0,0,0,0
2022-01-06 16:45:00+00:00,60,1,16,192.46351623535156,230.22373962402344,0,0,0,0,0,0,0,0,0,0,0,0,0,1,1,1,1,0,0,0,0,0,0,0,0
2022-01-06 17:00:00+00:00,60,1,17,,,0,0,0,0,0,0,0,0,0,0,0,0,0,0,0,0,0,0,0,0,0,0,0,0,0
2022-01-06 17:15:00+00:00,60,1,17,,,0,0,0,0,0,0,0,0,0,0,0,0,0,0,0,0,0,0,0,0,0,0,0,0,0
2022-01-06 17:30:00+00:00,60,1,17,119.12593078613281,354.3941955566406,0,0,0,0,0,0,0,0,0,0,1,1,1,1,1,1,1,0,0,0,0,0,0,0,0
2022-01-06 17:30:00+00:00,60,1,17,73.23562622070312,124.81009674072266,0,0,0,0,0,0,0,0,1,1,1,1,1,1,1,1,1,0,0,0,0,0,0,0,0
2022-01-06 17:45:00+00:00,60,1,17,206.18441772460938,253.23658752441406,0,0,0,0,0,0,0,0,0,0,0,0,0,0,1,1,1,0,0,0,0,0,0,0,0
2022-01-06 17:45:00+00:00,60,1,17,,,0,0,0,0,0,0,0,0,0,0,0,0,0,0,0,0,0,0,0,0,0,0,0,0,0
2022-01-07 10:00:00+00:00,60,1,10,,,0,0,0,0,0,0,0,0,0,0,0,0,0,0,0,0,0,0,0,0,0,0,0,0,0
2022-01-07 10:00:00+00:00,60,1,10,,,0,0,0,0,0,0,0,0,0,0,0,0,0,0,0,0,0,0,0,0,0,0,0,0,0
2022-01-07 10:00:00+00:00,60,1,10,,418.2194519042969,0,0,0,0,0,0,0,0,0,0,0,0,0,0,0,0,0,0,0,0,0,0,0,0,0
2022-01-07 10:00:00+00:00,60,1,10,102.34516143798828,58.24231719970703,0,0,0,0,0,0,0,0,0,0,1,1,1,1,1,1,1,0,0,0,0,0,0,0,1
2022-01-07 10:00:00+00:00,60,1,10,167.88865661621094,205.4564971923828,0,0,0,0,0,0,0,0,0,0,0,0,1,1,1,1,1,0,0,0,0,0,0,0,0
2022-01-07 10:00:00+00:00,60,1,10,281.236572265625,151.91978454589844,0,0,0,0,0,0,0,0,0,0,0,0,0,0,0,1,1,0,0,0,0,0,0,0,0
2022-01-07 10:00:00+00:00,60,1,10,,294.84564208984375,0,0,0,0,0,0,0,0,0,0,0,0,0,0,0,0,0,0,0,0,0,0,0,0,0
2022-01-07 10:00:00+00:00,60,1,10,457.9256896972656,0.0,0,0,0,0,0,0,0,0,0,0,0,0,0,0,0,0,0,1,1,1,1,1,1,1,1
2022-01-07 10:00:00+00:00,60,1,10,370.2613830566406,17.00309181213379,0,0,0,0,0,0,0,0,0,0,0,0,0,0,0,0,0,0,0,1,1,1,1,1,1
2022-01-07 10:00:00+00:00,60,1,10,279.69427490234375,3.125562906265259,0,0,0,0,0,0,0,0,0,0,0,0,0,0,0,1,1,1,1,1,1,1,1,1,1
2022-01-07 10:00:00+00:00,60,1,10,317.6848449707031,52.699005126953125,0,0,0,0,0,0,0,0,0,0,0,0,0,0,0,0,1,0,0,0,0,0,0,0,1
2022-01-07 10:00:00+00:00,60,1,10,,,0,0,0,0,0,0,0,0,0,0,0,0,0,0,0,0,0,0,0,0,0,0,0,0,0
2022-01-07 10:15:00+00:00,60,1,10,,,0,0,0,0,0,0,0,0,0,0,0,0,0,0,0,0,0,0,0,0,0,0,0,0,0
2022-01-07 10:15:00+00:00,60,1,10,333.3843078613281,186.53134155273438,0,0,0,0,0,0,0,0,0,0,0,0,0,0,0,0,1,0,0,0,0,0,0,0,0
2022-01-07 10:15:00+00:00,60,1,10,281.4630126953125,306.2381896972656,0,0,0,0,0,0,0,0,0,0,0,0,0,0,0,1,1,0,0,0,0,0,0,0,0
2022-01-07 10:15:00+00:00,60,1,10,309.162841796875,213.37486267089844,0,0,0,0,0,0,0,0,0,0,0,0,0,0,0,0,1,0,0,0,0,0,0,0,0
2022-01-07 10:15:00+00:00,60,1,10,164.00306701660156,218.7427215576172,0,0,0,0,0,0,0,0,0,0,0,0,1,1,1,1,1,0,0,0,0,0,0,0,0
2022-01-07 10:15:00+00:00,60,1,10,152.88845825195312,171.47976684570312,0,0,0,0,0,0,0,0,0,0,0,0,1,1,1,1,1,0,0,0,0,0,0,0,0
2022-01-07 10:15:00+00:00,60,1,10,49.11347961425781,0.0,0,0,0,0,0,0,1,1,1,1,1,1,1,1,1,1,1,1,1,1,1,1,1,1,1
2022-01-07 10:15:00+00:00,60,1,10,64.99503326416016,124.59872436523438,0,0,0,0,0,0,0,0,1,1,1,1,1,1,1,1,1,0,0,0,0,0,0,0,0
2022-01-07 10:15:00+00:00,60,1,10,179.2626495361328,106.84249877929688,0,0,0,0,0,0,0,0,0,0,0,0,1,1,1,1,1,0,0,0,0,0,0,0,0
2022-01-07 10:15:00+00:00,60,1,10,112.47185516357422,25.154560089111328,0,0,0,0,0,0,0,0,0,0,1,1,1,1,1,1,1,0,0,0,0,1,1,1,1
2022-01-07 10:15:00+00:00,60,1,10,194.01939392089844,0.0,0,0,0,0,0,0,0,0,0,0,0,0,0,1,1,1,1,1,1,1,1,1,1,1,1
2022-01-07 10:15:00+00:00,60,1,10,97.35104370117188,106.13780212402344,0,0,0,0,0,0,0,0,0,1,1,1,1,1,1,1,1,0,0,0,0,0,0,0,0
2022-01-07 10:15:00+00:00,60,1,10,268.8182067871094,12.35914421081543,0,0,0,0,0,0,0,0,0,0,0,0,0,0,0,1,1,0,1,1,1,1,1,1,1
2022-01-07 10:15:00+00:00,60,1,10,257.2621154785156,15.993084907531738,0,0,0,0,0,0,0,0,0,0,0,0,0,0,0,1,1,0,0,1,1,1,1,1,1
2022-01-07 10:15:00+00:00,60,1,10,178.64730834960938,10.796157836914062,0,0,0,0,0,0,0,0,0,0,0,0,1,1,1,1,1,0,1,1,1,1,1,1,1
2022-01-07 10:15:00+00:00,60,1,10,164.89759826660156,21.234506607055664,0,0,0,0,0,0,0,0,0,0,0,0,1,1,1,1,1,0,0,0,1,1,1,1,1
2022-01-07 10:15:00+00:00,60,1,10,180.7752685546875,42.06800079345703,0,0,0,0,0,0,0,0,0,0,0,0,0,1,1,1,1,0,0,0,0,0,0,1,1
2022-01-07 10:15:00+00:00,60,1,10,124.3768310546875,45.11103057861328,0,0,0,0,0,0,0,0,0,0,0,1,1,1,1,1,1,0,0,0,0,0,0,1,1
2022-01-07 10:15:00+00:00,60,1,10,,,0,0,0,0,0,0,0,0,0,0,0,0,0,0,0,0,0,0,0,0,0,0,0,0,0
2022-01-07 10:15:00+00:00,60,1,10,,,0,0,0,0,0,0,0,0,0,0,0,0,0,0,0,0,0,0,0,0,0,0,0,0,0
2022-01-07 10:15:00+00:00,60,1,10,,,0,0,0,0,0,0,0,0,0,0,0,0,0,0,0,0,0,0,0,0,0,0,0,0,0
2022-01-07 10:30:00+00:00,60,1,10,,,0,0,0,0,0,0,0,0,0,0,0,0,0,0,0,0,0,0,0,0,0,0,0,0,0
2022-01-07 10:30:00+00:00,60,1,10,,,0,0,0,0,0,0,0,0,0,0,0,0,0,0,0,0,0,0,0,0,0,0,0,0,0
2022-01-07 10:30:00+00:00,60,1,10,,,0,0,0,0,0,0,0,0,0,0,0,0,0,0,0,0,0,0,0,0,0,0,0,0,0
2022-01-07 10:30:00+00:00,60,1,10,,,0,0,0,0,0,0,0,0,0,0,0,0,0,0,0,0,0,0,0,0,0,0,0,0,0
2022-01-07 10:30:00+00:00,60,1,10,,,0,0,0,0,0,0,0,0,0,0,0,0,0,0,0,0,0,0,0,0,0,0,0,0,0
2022-01-07 10:30:00+00:00,60,1,10,208.28341674804688,179.81080627441406,0,0,0,0,0,0,0,0,0,0,0,0,0,0,1,1,1,0,0,0,0,0,0,0,0
2022-01-07 10:30:00+00:00,60,1,10,91.143798828125,106.24880981445312,0,0,0,0,0,0,0,0,0,1,1,1,1,1,1,1,1,0,0,0,0,0,0,0,0
2022-01-07 10:30:00+00:00,60,1,10,54.17668914794922,23.181045532226562,0,0,0,0,0,0,0,1,1,1,1,1,1,1,1,1,1,0,0,0,1,1,1,1,1
2022-01-07 10:30:00+00:00,60,1,10,60.312347412109375,68.29341888427734,0,0,0,0,0,0,0,0,1,1,1,1,1,1,1,1,1,0,0,0,0,0,0,0,0
2022-01-07 10:30:00+00:00,60,1,10,44.68833923339844,10.452496528625488,0,0,0,0,0,0,1,1,1,1,1,1,1,1,1,1,1,0,1,1,1,1,1,1,1
2022-01-07 10:30:00+00:00,60,1,10,79.84270477294922,15.567710876464844,0,0,0,0,0,0,0,0,1,1,1,1,1,1,1,1,1,0,0,1,1,1,1,1,1
2022-01-07 10:30:00+00:00,60,1,10,83.4249267578125,29.06998634338379,0,0,0,0,0,0,0,0,0,1,1,1,1,1,1,1,1,0,0,0,0,1,1,1,1
2022-01-07 10:30:00+00:00,60,1,10,85.89875030517578,52.69803237915039,0,0,0,0,0,0,0,0,0,1,1,1,1,1,1,1,1,0,0,0,0,0,0,0,1
2022-01-07 10:30:00+00:00,60,1,10,125.47055053710938,41.25233840942383,0,0,0,0,0,0,0,0,0,0,0,1,1,1,1,1,1,0,0,0,0,0,0,1,1
2022-01-07 10:30:00+00:00,60,1,10,64.30524444580078,49.69862365722656,0,0,0,0,0,0,0,0,1,1,1,1,1,1,1,1,1,0,0,0,0,0,0,1,1
2022-01-07 10:30:00+00:00,60,1,10,,,0,0,0,0,0,0,0,0,0,0,0,0,0,0,0,0,0,0,0,0,0,0,0,0,0
2022-01-07 10:45:00+00:00,60,1,10,322.0775451660156,299.6489562988281,0,0,0,0,0,0,0,0,0,0,0,0,0,0,0,0,1,0,0,0,0,0,0,0,0
2022-01-07 10:45:00+00:00,60,1,10,450.0820617675781,406.36419677734375,0,0,0,0,0,0,0,0,0,0,0,0,0,0,0,0,0,0,0,0,0,0,0,0,0
2022-01-07 10:45:00+00:00,60,1,10,292.7582702636719,249.43414306640625,0,0,0,0,0,0,0,0,0,0,0,0,0,0,0,1,1,0,0,0,0,0,0,0,0
2022-01-07 10:45:00+00:00,60,1,10,414.1392517089844,376.9136962890625,0,0,0,0,0,0,0,0,0,0,0,0,0,0,0,0,0,0,0,0,0,0,0,0,0
2022-01-07 10:45:00+00:00,60,1,10,165.05099487304688,139.59921264648438,0,0,0,0,0,0,0,0,0,0,0,0,1,1,1,1,1,0,0,0,0,0,0,0,0
2022-01-07 10:45:00+00:00,60,1,10,60.96588134765625,0.0,0,0,0,0,0,0,0,0,1,1,1,1,1,1,1,1,1,1,1,1,1,1,1,1,1
2022-01-07 10:45:00+00:00,60,1,10,81.92555236816406,62.01936721801758,0,0,0,0,0,0,0,0,0,1,1,1,1,1,1,1,1,0,0,0,0,0,0,0,0
2022-01-07 10:45:00+00:00,60,1,10,79.94779205322266,82.83367919921875,0,0,0,0,0,0,0,0,1,1,1,1,1,1,1,1,1,0,0,0,0,0,0,0,0
2022-01-07 10:45:00+00:00,60,1,10,36.236328125,16.080543518066406,0,0,0,0,0,1,1,1,1,1,1,1,1,1,1,1,1,0,0,1,1,1,1,1,1
2022-01-07 10:45:00+00:00,60,1,10,113.5140151977539,115.36141204833984,0,0,0,0,0,0,0,0,0,0,1,1,1,1,1,1,1,0,0,0,0,0,0,0,0
2022-01-07 10:45:00+00:00,60,1,10,113.26014709472656,49.82550811767578,0,0,0,0,0,0,0,0,0,0,1,1,1,1,1,1,1,0,0,0,0,0,0,1,1
2022-01-07 10:45:00+00:00,60,1,10,,,0,0,0,0,0,0,0,0,0,0,0,0,0,0,0,0,0,0,0,0,0,0,0,0,0
2022-01-07 10:45:00+00:00,60,1,10,,,0,0,0,0,0,0,0,0,0,0,0,0,0,0,0,0,0,0,0,0,0,0,0,0,0
2022-01-07 10:45:00+00:00,60,1,10,,,0,0,0,0,0,0,0,0,0,0,0,0,0,0,0,0,0,0,0,0,0,0,0,0,0
2022-01-07 10:45:00+00:00,60,1,10,,,0,0,0,0,0,0,0,0,0,0,0,0,0,0,0,0,0,0,0,0,0,0,0,0,0
2022-01-07 11:00:00+00:00,60,1,11,161.96751403808594,108.96507263183594,0,0,0,0,0,0,0,0,0,0,0,0,1,1,1,1,1,0,0,0,0,0,0,0,0
2022-01-07 11:00:00+00:00,60,1,11,110.51053619384766,37.57606506347656,0,0,0,0,0,0,0,0,0,0,1,1,1,1,1,1,1,0,0,0,0,0,1,1,1
2022-01-07 11:00:00+00:00,60,1,11,209.84645080566406,189.89659118652344,0,0,0,0,0,0,0,0,0,0,0,0,0,0,1,1,1,0,0,0,0,0,0,0,0
2022-01-07 11:00:00+00:00,60,1,11,233.0079803466797,151.67555236816406,0,0,0,0,0,0,0,0,0,0,0,0,0,0,1,1,1,0,0,0,0,0,0,0,0
2022-01-07 11:00:00+00:00,60,1,11,81.60155487060547,128.82089233398438,0,0,0,0,0,0,0,0,0,1,1,1,1,1,1,1,1,0,0,0,0,0,0,0,0
2022-01-07 11:00:00+00:00,60,1,11,54.8913459777832,0.0,0,0,0,0,0,0,0,1,1,1,1,1,1,1,1,1,1,1,1,1,1,1,1,1,1
2022-01-07 11:00:00+00:00,60,1,11,87.13017272949219,23.875083923339844,0,0,0,0,0,0,0,0,0,1,1,1,1,1,1,1,1,0,0,0,1,1,1,1,1
2022-01-07 11:00:00+00:00,60,1,11,137.72450256347656,7.9197797775268555,0,0,0,0,0,0,0,0,0,0,0,1,1,1,1,1,1,1,1,1,1,1,1,1,1
2022-01-07 11:00:00+00:00,60,1,11,,,0,0,0,0,0,0,0,0,0,0,0,0,0,0,0,0,0,0,0,0,0,0,0,0,0
2022-01-07 11:00:00+00:00,60,1,11,,,0,0,0,0,0,0,0,0,0,0,0,0,0,0,0,0,0,0,0,0,0,0,0,0,0
2022-01-07 11:00:00+00:00,60,1,11,,,0,0,0,0,0,0,0,0,0,0,0,0,0,0,0,0,0,0,0,0,0,0,0,0,0
2022-01-07 11:15:00+00:00,60,1,11,,,0,0,0,0,0,0,0,0,0,0,0,0,0,0,0,0,0,0,0,0,0,0,0,0,0
2022-01-07 11:15:00+00:00,60,1,11,,,0,0,0,0,0,0,0,0,0,0,0,0,0,0,0,0,0,0,0,0,0,0,0,0,0
2022-01-07 11:15:00+00:00,60,1,11,,,0,0,0,0,0,0,0,0,0,0,0,0,0,0,0,0,0,0,0,0,0,0,0,0,0
2022-01-07 11:15:00+00:00,60,1,11,,344.9051818847656,0,0,0,0,0,0,0,0,0,0,0,0,0,0,0,0,0,0,0,0,0,0,0,0,0
2022-01-07 11:15:00+00:00,60,1,11,,54.36857223510742,0,0,0,0,0,0,0,0,0,0,0,0,0,0,0,0,0,0,0,0,0,0,0,0,1
2022-01-07 11:15:00+00:00,60,1,11,,283.5734558105469,0,0,0,0,0,0,0,0,0,0,0,0,0,0,0,0,0,0,0,0,0,0,0,0,0
2022-01-07 11:15:00+00:00,60,1,11,168.68714904785156,179.81387329101562,0,0,0,0,0,0,0,0,0,0,0,0,1,1,1,1,1,0,0,0,0,0,0,0,0
2022-01-07 11:15:00+00:00,60,1,11,105.56653594970703,118.963134765625,0,0,0,0,0,0,0,0,0,0,1,1,1,1,1,1,1,0,0,0,0,0,0,0,0
2022-01-07 11:15:00+00:00,60,1,11,129.00320434570312,68.00595092773438,0,0,0,0,0,0,0,0,0,0,0,1,1,1,1,1,1,0,0,0,0,0,0,0,0
2022-01-07 11:15:00+00:00,60,1,11,43.47810363769531,74.62989807128906,0,0,0,0,0,0,1,1,1,1,1,1,1,1,1,1,1,0,0,0,0,0,0,0,0
2022-01-07 11:15:00+00:00,60,1,11,171.40252685546875,11.339974403381348,0,0,0,0,0,0,0,0,0,0,0,0,1,1,1,1,1,0,1,1,1,1,1,1,1
2022-01-07 11:15:00+00:00,60,1,11,77.5836410522461,67.7613296508789,0,0,0,0,0,0,0,0,1,1,1,1,1,1,1,1,1,0,0,0,0,0,0,0,0
2022-01-07 11:15:00+00:00,60,1,11,130.68206787109375,6.182567119598389,0,0,0,0,0,0,0,0,0,0,0,1,1,1,1,1,1,1,1,1,1,1,1,1,1
2022-01-07 11:15:00+00:00,60,1,11,,,0,0,0,0,0,0,0,0,0,0,0,0,0,0,0,0,0,0,0,0,0,0,0,0,0
2022-01-07 11:15:00+00:00,60,1,11,,,0,0,0,0,0,0,0,0,0,0,0,0,0,0,0,0,0,0,0,0,0,0,0,0,0
2022-01-07 11:15:00+00:00,60,1,11,,,0,0,0,0,0,0,0,0,0,0,0,0,0,0,0,0,0,0,0,0,0,0,0,0,0
2022-01-07 11:15:00+00:00,60,1,11,,,0,0,0,0,0,0,0,0,0,0,0,0,0,0,0,0,0,0,0,0,0,0,0,0,0
2022-01-07 11:15:00+00:00,60,1,11,,,0,0,0,0,0,0,0,0,0,0,0,0,0,0,0,0,0,0,0,0,0,0,0,0,0
2022-01-07 11:15:00+00:00,60,1,11,,,0,0,0,0,0,0,0,0,0,0,0,0,0,0,0,0,0,0,0,0,0,0,0,0,0
2022-01-07 11:30:00+00:00,60,1,11,235.9775390625,97.99015808105469,0,0,0,0,0,0,0,0,0,0,0,0,0,0,1,1,1,0,0,0,0,0,0,0,0
2022-01-07 11:30:00+00:00,60,1,11,200.8551483154297,85.9462890625,0,0,0,0,0,0,0,0,0,0,0,0,0,0,1,1,1,0,0,0,0,0,0,0,0
2022-01-07 11:30:00+00:00,60,1,11,144.38565063476562,102.99188995361328,0,0,0,0,0,0,0,0,0,0,0,1,1,1,1,1,1,0,0,0,0,0,0,0,0
2022-01-07 11:30:00+00:00,60,1,11,303.15460205078125,3.1588103771209717,0,0,0,0,0,0,0,0,0,0,0,0,0,0,0,0,1,1,1,1,1,1,1,1,1
2022-01-07 11:30:00+00:00,60,1,11,117.8510513305664,99.43550872802734,0,0,0,0,0,0,0,0,0,0,1,1,1,1,1,1,1,0,0,0,0,0,0,0,0
2022-01-07 11:30:00+00:00,60,1,11,,,0,0,0,0,0,0,0,0,0,0,0,0,0,0,0,0,0,0,0,0,0,0,0,0,0
2022-01-07 11:30:00+00:00,60,1,11,,,0,0,0,0,0,0,0,0,0,0,0,0,0,0,0,0,0,0,0,0,0,0,0,0,0
2022-01-07 11:45:00+00:00,60,1,11,170.08811950683594,175.6032257080078,0,0,0,0,0,0,0,0,0,0,0,0,1,1,1,1,1,0,0,0,0,0,0,0,0
2022-01-07 11:45:00+00:00,60,1,11,226.63729858398438,141.7639923095703,0,0,0,0,0,0,0,0,0,0,0,0,0,0,1,1,1,0,0,0,0,0,0,0,0
2022-01-07 11:45:00+00:00,60,1,11,275.3160095214844,23.44036293029785,0,0,0,0,0,0,0,0,0,0,0,0,0,0,0,1,1,0,0,0,1,1,1,1,1
2022-01-07 11:45:00+00:00,60,1,11,49.878055572509766,50.76993942260742,0,0,0,0,0,0,1,1,1,1,1,1,1,1,1,1,1,0,0,0,0,0,0,0,1
2022-01-07 11:45:00+00:00,60,1,11,100.51388549804688,107.24848937988281,0,0,0,0,0,0,0,0,0,0,1,1,1,1,1,1,1,0,0,0,0,0,0,0,0
2022-01-07 11:45:00+00:00,60,1,11,380.2138671875,55.019371032714844,0,0,0,0,0,0,0,0,0,0,0,0,0,0,0,0,0,0,0,0,0,0,0,0,1
2022-01-07 11:45:00+00:00,60,1,11,209.87387084960938,17.5069637298584,0,0,0,0,0,0,0,0,0,0,0,0,0,0,1,1,1,0,0,1,1,1,1,1,1
2022-01-07 11:45:00+00:00,60,1,11,260.0984191894531,13.652366638183594,0,0,0,0,0,0,0,0,0,0,0,0,0,0,0,1,1,0,1,1,1,1,1,1,1
2022-01-07 11:45:00+00:00,60,1,11,,,0,0,0,0,0,0,0,0,0,0,0,0,0,0,0,0,0,0,0,0,0,0,0,0,0
2022-01-07 11:45:00+00:00,60,1,11,,,0,0,0,0,0,0,0,0,0,0,0,0,0,0,0,0,0,0,0,0,0,0,0,0,0
2022-01-07 11:45:00+00:00,60,1,11,,,0,0,0,0,0,0,0,0,0,0,0,0,0,0,0,0,0,0,0,0,0,0,0,0,0
2022-01-07 12:00:00+00:00,60,1,12,,525.3357543945312,0,0,0,0,0,0,0,0,0,0,0,0,0,0,0,0,0,0,0,0,0,0,0,0,0
2022-01-07 12:00:00+00:00,60,1,12,340.7419738769531,297.80096435546875,0,0,0,0,0,0,0,0,0,0,0,0,0,0,0,0,1,0,0,0,0,0,0,0,0
2022-01-07 12:00:00+00:00,60,1,12,283.0060729980469,261.7803649902344,0,0,0,0,0,0,0,0,0,0,0,0,0,0,0,1,1,0,0,0,0,0,0,0,0
2022-01-07 12:00:00+00:00,60,1,12,54.20695114135742,39.357730865478516,0,0,0,0,0,0,0,1,1,1,1,1,1,1,1,1,1,0,0,0,0,0,1,1,1
2022-01-07 12:00:00+00:00,60,1,12,83.73505401611328,76.65025329589844,0,0,0,0,0,0,0,0,0,1,1,1,1,1,1,1,1,0,0,0,0,0,0,0,0
2022-01-07 12:00:00+00:00,60,1,12,302.6141052246094,279.1646423339844,0,0,0,0,0,0,0,0,0,0,0,0,0,0,0,0,1,0,0,0,0,0,0,0,0
2022-01-07 12:00:00+00:00,60,1,12,184.43585205078125,71.62406921386719,0,0,0,0,0,0,0,0,0,0,0,0,0,1,1,1,1,0,0,0,0,0,0,0,0
2022-01-07 12:00:00+00:00,60,1,12,47.58323287963867,28.76961898803711,0,0,0,0,0,0,1,1,1,1,1,1,1,1,1,1,1,0,0,0,0,1,1,1,1
2022-01-07 12:00:00+00:00,60,1,12,,322.7740173339844,0,0,0,0,0,0,0,0,0,0,0,0,0,0,0,0,0,0,0,0,0,0,0,0,0
2022-01-07 12:00:00+00:00,60,1,12,240.4980926513672,263.6318054199219,0,0,0,0,0,0,0,0,0,0,0,0,0,0,1,1,1,0,0,0,0,0,0,0,0
2022-01-07 12:00:00+00:00,60,1,12,333.4034729003906,229.7313690185547,0,0,0,0,0,0,0,0,0,0,0,0,0,0,0,0,1,0,0,0,0,0,0,0,0
2022-01-07 12:00:00+00:00,60,1,12,143.28085327148438,101.87550354003906,0,0,0,0,0,0,0,0,0,0,0,1,1,1,1,1,1,0,0,0,0,0,0,0,0
2022-01-07 12:15:00+00:00,60,1,12,191.5393524169922,116.0905990600586,0,0,0,0,0,0,0,0,0,0,0,0,0,1,1,1,1,0,0,0,0,0,0,0,0
2022-01-07 12:15:00+00:00,60,1,12,172.18820190429688,129.6279296875,0,0,0,0,0,0,0,0,0,0,0,0,1,1,1,1,1,0,0,0,0,0,0,0,0
2022-01-07 12:15:00+00:00,60,1,12,197.63369750976562,178.95457458496094,0,0,0,0,0,0,0,0,0,0,0,0,0,1,1,1,1,0,0,0,0,0,0,0,0
2022-01-07 12:15:00+00:00,60,1,12,136.87594604492188,252.10409545898438,0,0,0,0,0,0,0,0,0,0,0,1,1,1,1,1,1,0,0,0,0,0,0,0,0
2022-01-07 12:15:00+00:00,60,1,12,157.76304626464844,117.70589447021484,0,0,0,0,0,0,0,0,0,0,0,0,1,1,1,1,1,0,0,0,0,0,0,0,0
2022-01-07 12:15:00+00:00,60,1,12,85.42849731445312,62.397003173828125,0,0,0,0,0,0,0,0,0,1,1,1,1,1,1,1,1,0,0,0,0,0,0,0,0
2022-01-07 12:15:00+00:00,60,1,12,41.56038284301758,0.0,0,0,0,0,0,0,1,1,1,1,1,1,1,1,1,1,1,1,1,1,1,1,1,1,1
2022-01-07 12:15:00+00:00,60,1,12,63.71249771118164,50.72565460205078,0,0,0,0,0,0,0,0,1,1,1,1,1,1,1,1,1,0,0,0,0,0,0,0,1
2022-01-07 12:15:00+00:00,60,1,12,128.32933044433594,148.75836181640625,0,0,0,0,0,0,0,0,0,0,0,1,1,1,1,1,1,0,0,0,0,0,0,0,0
2022-01-07 12:15:00+00:00,60,1,12,123.71107482910156,12.467707633972168,0,0,0,0,0,0,0,0,0,0,0,1,1,1,1,1,1,0,1,1,1,1,1,1,1
2022-01-07 12:15:00+00:00,60,1,12,106.39281463623047,126.0916519165039,0,0,0,0,0,0,0,0,0,0,1,1,1,1,1,1,1,0,0,0,0,0,0,0,0
2022-01-07 12:15:00+00:00,60,1,12,62.35787582397461,31.85638427734375,0,0,0,0,0,0,0,0,1,1,1,1,1,1,1,1,1,0,0,0,0,0,1,1,1
2022-01-07 12:15:00+00:00,60,1,12,252.09426879882812,53.98908615112305,0,0,0,0,0,0,0,0,0,0,0,0,0,0,0,1,1,0,0,0,0,0,0,0,1
2022-01-07 12:15:00+00:00,60,1,12,147.3673858642578,103.27832794189453,0,0,0,0,0,0,0,0,0,0,0,1,1,1,1,1,1,0,0,0,0,0,0,0,0
2022-01-07 12:15:00+00:00,60,1,12,142.2267608642578,96.24864196777344,0,0,0,0,0,0,0,0,0,0,0,1,1,1,1,1,1,0,0,0,0,0,0,0,0
2022-01-07 12:15:00+00:00,60,1,12,89.09122467041016,65.3206787109375,0,0,0,0,0,0,0,0,0,1,1,1,1,1,1,1,1,0,0,0,0,0,0,0,0
2022-01-07 12:15:00+00:00,60,1,12,,,0,0,0,0,0,0,0,0,0,0,0,0,0,0,0,0,0,0,0,0,0,0,0,0,0
2022-01-07 12:15:00+00:00,60,1,12,,,0,0,0,0,0,0,0,0,0,0,0,0,0,0,0,0,0,0,0,0,0,0,0,0,0
2022-01-07 12:15:00+00:00,60,1,12,,,0,0,0,0,0,0,0,0,0,0,0,0,0,0,0,0,0,0,0,0,0,0,0,0,0
2022-01-07 12:30:00+00:00,60,1,12,,,0,0,0,0,0,0,0,0,0,0,0,0,0,0,0,0,0,0,0,0,0,0,0,0,0
2022-01-07 12:30:00+00:00,60,1,12,98.3576889038086,126.6645278930664,0,0,0,0,0,0,0,0,0,1,1,1,1,1,1,1,1,0,0,0,0,0,0,0,0
2022-01-07 12:30:00+00:00,60,1,12,386.78656005859375,229.62335205078125,0,0,0,0,0,0,0,0,0,0,0,0,0,0,0,0,0,0,0,0,0,0,0,0,0
2022-01-07 12:30:00+00:00,60,1,12,285.3061828613281,107.24381256103516,0,0,0,0,0,0,0,0,0,0,0,0,0,0,0,1,1,0,0,0,0,0,0,0,0
2022-01-07 12:30:00+00:00,60,1,12,74.0619125366211,31.4926700592041,0,0,0,0,0,0,0,0,1,1,1,1,1,1,1,1,1,0,0,0,0,0,1,1,1
2022-01-07 12:30:00+00:00,60,1,12,376.6129455566406,143.27023315429688,0,0,0,0,0,0,0,0,0,0,0,0,0,0,0,0,0,0,0,0,0,0,0,0,0
2022-01-07 12:30:00+00:00,60,1,12,87.60713195800781,0.0,0,0,0,0,0,0,0,0,0,1,1,1,1,1,1,1,1,1,1,1,1,1,1,1,1
2022-01-07 12:30:00+00:00,60,1,12,67.54483795166016,6.897772312164307,0,0,0,0,0,0,0,0,1,1,1,1,1,1,1,1,1,1,1,1,1,1,1,1,1
2022-01-07 12:30:00+00:00,60,1,12,224.01004028320312,84.65292358398438,0,0,0,0,0,0,0,0,0,0,0,0,0,0,1,1,1,0,0,0,0,0,0,0,0
2022-01-07 12:30:00+00:00,60,1,12,268.8090515136719,294.73345947265625,0,0,0,0,0,0,0,0,0,0,0,0,0,0,0,1,1,0,0,0,0,0,0,0,0
2022-01-07 12:30:00+00:00,60,1,12,134.2803497314453,140.43710327148438,0,0,0,0,0,0,0,0,0,0,0,1,1,1,1,1,1,0,0,0,0,0,0,0,0
2022-01-07 12:30:00+00:00,60,1,12,,,0,0,0,0,0,0,0,0,0,0,0,0,0,0,0,0,0,0,0,0,0,0,0,0,0
2022-01-07 12:30:00+00:00,60,1,12,,,0,0,0,0,0,0,0,0,0,0,0,0,0,0,0,0,0,0,0,0,0,0,0,0,0
2022-01-07 12:30:00+00:00,60,1,12,,,0,0,0,0,0,0,0,0,0,0,0,0,0,0,0,0,0,0,0,0,0,0,0,0,0
2022-01-07 12:30:00+00:00,60,1,12,,,0,0,0,0,0,0,0,0,0,0,0,0,0,0,0,0,0,0,0,0,0,0,0,0,0
2022-01-07 12:30:00+00:00,60,1,12,,,0,0,0,0,0,0,0,0,0,0,0,0,0,0,0,0,0,0,0,0,0,0,0,0,0
2022-01-07 12:45:00+00:00,60,1,12,,,0,0,0,0,0,0,0,0,0,0,0,0,0,0,0,0,0,0,0,0,0,0,0,0,0
2022-01-07 12:45:00+00:00,60,1,12,,,0,0,0,0,0,0,0,0,0,0,0,0,0,0,0,0,0,0,0,0,0,0,0,0,0
2022-01-07 12:45:00+00:00,60,1,12,,,0,0,0,0,0,0,0,0,0,0,0,0,0,0,0,0,0,0,0,0,0,0,0,0,0
2022-01-07 12:45:00+00:00,60,1,12,77.2090835571289,63.166019439697266,0,0,0,0,0,0,0,0,1,1,1,1,1,1,1,1,1,0,0,0,0,0,0,0,0
2022-01-07 12:45:00+00:00,60,1,12,36.660560607910156,0.0,0,0,0,0,0,1,1,1,1,1,1,1,1,1,1,1,1,1,1,1,1,1,1,1,1
2022-01-07 12:45:00+00:00,60,1,12,167.82240295410156,146.30245971679688,0,0,0,0,0,0,0,0,0,0,0,0,1,1,1,1,1,0,0,0,0,0,0,0,0
2022-01-07 12:45:00+00:00,60,1,12,272.0907897949219,31.68633460998535,0,0,0,0,0,0,0,0,0,0,0,0,0,0,0,1,1,0,0,0,0,0,1,1,1
2022-01-07 12:45:00+00:00,60,1,12,189.95712280273438,4.34132719039917,0,0,0,0,0,0,0,0,0,0,0,0,0,1,1,1,1,1,1,1,1,1,1,1,1
2022-01-07 12:45:00+00:00,60,1,12,222.84954833984375,6.804283618927002,0,0,0,0,0,0,0,0,0,0,0,0,0,0,1,1,1,1,1,1,1,1,1,1,1
2022-01-07 12:45:00+00:00,60,1,12,,,0,0,0,0,0,0,0,0,0,0,0,0,0,0,0,0,0,0,0,0,0,0,0,0,0
2022-01-07 12:45:00+00:00,60,1,12,,,0,0,0,0,0,0,0,0,0,0,0,0,0,0,0,0,0,0,0,0,0,0,0,0,0
2022-01-07 12:45:00+00:00,60,1,12,,,0,0,0,0,0,0,0,0,0,0,0,0,0,0,0,0,0,0,0,0,0,0,0,0,0
2022-01-07 12:45:00+00:00,60,1,12,,,0,0,0,0,0,0,0,0,0,0,0,0,0,0,0,0,0,0,0,0,0,0,0,0,0
2022-01-07 12:45:00+00:00,60,1,12,,,0,0,0,0,0,0,0,0,0,0,0,0,0,0,0,0,0,0,0,0,0,0,0,0,0
2022-01-07 13:00:00+00:00,60,1,13,,,0,0,0,0,0,0,0,0,0,0,0,0,0,0,0,0,0,0,0,0,0,0,0,0,0
2022-01-07 13:00:00+00:00,60,1,13,,,0,0,0,0,0,0,0,0,0,0,0,0,0,0,0,0,0,0,0,0,0,0,0,0,0
2022-01-07 13:00:00+00:00,60,1,13,183.67543029785156,98.38381958007812,0,0,0,0,0,0,0,0,0,0,0,0,0,1,1,1,1,0,0,0,0,0,0,0,0
2022-01-07 13:00:00+00:00,60,1,13,145.61846923828125,102.17882537841797,0,0,0,0,0,0,0,0,0,0,0,1,1,1,1,1,1,0,0,0,0,0,0,0,0
2022-01-07 13:00:00+00:00,60,1,13,197.8190155029297,0.0,0,0,0,0,0,0,0,0,0,0,0,0,0,1,1,1,1,1,1,1,1,1,1,1,1
2022-01-07 13:00:00+00:00,60,1,13,,,0,0,0,0,0,0,0,0,0,0,0,0,0,0,0,0,0,0,0,0,0,0,0,0,0
2022-01-07 13:00:00+00:00,60,1,13,,,0,0,0,0,0,0,0,0,0,0,0,0,0,0,0,0,0,0,0,0,0,0,0,0,0
2022-01-07 13:00:00+00:00,60,1,13,,,0,0,0,0,0,0,0,0,0,0,0,0,0,0,0,0,0,0,0,0,0,0,0,0,0
2022-01-07 13:15:00+00:00,60,1,13,,,0,0,0,0,0,0,0,0,0,0,0,0,0,0,0,0,0,0,0,0,0,0,0,0,0
2022-01-07 13:15:00+00:00,60,1,13,,,0,0,0,0,0,0,0,0,0,0,0,0,0,0,0,0,0,0,0,0,0,0,0,0,0
2022-01-07 13:15:00+00:00,60,1,13,,,0,0,0,0,0,0,0,0,0,0,0,0,0,0,0,0,0,0,0,0,0,0,0,0,0
2022-01-07 13:15:00+00:00,60,1,13,359.7937316894531,18.21672248840332,0,0,0,0,0,0,0,0,0,0,0,0,0,0,0,0,0,0,0,1,1,1,1,1,1
2022-01-07 13:15:00+00:00,60,1,13,101.2003402709961,58.43538284301758,0,0,0,0,0,0,0,0,0,0,1,1,1,1,1,1,1,0,0,0,0,0,0,0,1
2022-01-07 13:15:00+00:00,60,1,13,119.1279067993164,317.6596984863281,0,0,0,0,0,0,0,0,0,0,1,1,1,1,1,1,1,0,0,0,0,0,0,0,0
2022-01-07 13:15:00+00:00,60,1,13,41.37122344970703,22.58873748779297,0,0,0,0,0,0,1,1,1,1,1,1,1,1,1,1,1,0,0,0,1,1,1,1,1
2022-01-07 13:15:00+00:00,60,1,13,,393.813720703125,0,0,0,0,0,0,0,0,0,0,0,0,0,0,0,0,0,0,0,0,0,0,0,0,0
2022-01-07 13:15:00+00:00,60,1,13,,366.4081115722656,0,0,0,0,0,0,0,0,0,0,0,0,0,0,0,0,0,0,0,0,0,0,0,0,0
2022-01-07 13:15:00+00:00,60,1,13,,,0,0,0,0,0,0,0,0,0,0,0,0,0,0,0,0,0,0,0,0,0,0,0,0,0
2022-01-07 13:15:00+00:00,60,1,13,,,0,0,0,0,0,0,0,0,0,0,0,0,0,0,0,0,0,0,0,0,0,0,0,0,0
2022-01-07 13:15:00+00:00,60,1,13,,,0,0,0,0,0,0,0,0,0,0,0,0,0,0,0,0,0,0,0,0,0,0,0,0,0
2022-01-07 13:15:00+00:00,60,1,13,,,0,0,0,0,0,0,0,0,0,0,0,0,0,0,0,0,0,0,0,0,0,0,0,0,0
2022-01-07 13:15:00+00:00,60,1,13,,,0,0,0,0,0,0,0,0,0,0,0,0,0,0,0,0,0,0,0,0,0,0,0,0,0
2022-01-07 13:15:00+00:00,60,1,13,,,0,0,0,0,0,0,0,0,0,0,0,0,0,0,0,0,0,0,0,0,0,0,0,0,0
2022-01-07 13:30:00+00:00,60,1,13,,,0,0,0,0,0,0,0,0,0,0,0,0,0,0,0,0,0,0,0,0,0,0,0,0,0
2022-01-07 13:30:00+00:00,60,1,13,164.6398468017578,131.53578186035156,0,0,0,0,0,0,0,0,0,0,0,0,1,1,1,1,1,0,0,0,0,0,0,0,0
2022-01-07 13:30:00+00:00,60,1,13,120.03790283203125,252.8212890625,0,0,0,0,0,0,0,0,0,0,0,1,1,1,1,1,1,0,0,0,0,0,0,0,0
2022-01-07 13:30:00+00:00,60,1,13,132.92703247070312,114.02324676513672,0,0,0,0,0,0,0,0,0,0,0,1,1,1,1,1,1,0,0,0,0,0,0,0,0
2022-01-07 13:30:00+00:00,60,1,13,175.86427307128906,131.2825164794922,0,0,0,0,0,0,0,0,0,0,0,0,1,1,1,1,1,0,0,0,0,0,0,0,0
2022-01-07 13:30:00+00:00,60,1,13,,11.052800178527832,0,0,0,0,0,0,0,0,0,0,0,0,0,0,0,0,0,0,1,1,1,1,1,1,1
2022-01-07 13:30:00+00:00,60,1,13,87.48820495605469,107.0352554321289,0,0,0,0,0,0,0,0,0,1,1,1,1,1,1,1,1,0,0,0,0,0,0,0,0
2022-01-07 13:30:00+00:00,60,1,13,,,0,0,0,0,0,0,0,0,0,0,0,0,0,0,0,0,0,0,0,0,0,0,0,0,0
2022-01-07 13:30:00+00:00,60,1,13,,,0,0,0,0,0,0,0,0,0,0,0,0,0,0,0,0,0,0,0,0,0,0,0,0,0
2022-01-07 13:30:00+00:00,60,1,13,,,0,0,0,0,0,0,0,0,0,0,0,0,0,0,0,0,0,0,0,0,0,0,0,0,0
2022-01-07 13:30:00+00:00,60,1,13,,,0,0,0,0,0,0,0,0,0,0,0,0,0,0,0,0,0,0,0,0,0,0,0,0,0
2022-01-07 13:30:00+00:00,60,1,13,,,0,0,0,0,0,0,0,0,0,0,0,0,0,0,0,0,0,0,0,0,0,0,0,0,0
2022-01-07 13:30:00+00:00,60,1,13,,,0,0,0,0,0,0,0,0,0,0,0,0,0,0,0,0,0,0,0,0,0,0,0,0,0
2022-01-07 13:45:00+00:00,60,1,13,,,0,0,0,0,0,0,0,0,0,0,0,0,0,0,0,0,0,0,0,0,0,0,0,0,0
2022-01-07 13:45:00+00:00,60,1,13,78.3185806274414,18.150768280029297,0,0,0,0,0,0,0,0,1,1,1,1,1,1,1,1,1,0,0,1,1,1,1,1,1
2022-01-07 13:45:00+00:00,60,1,13,101.2181625366211,84.45223236083984,0,0,0,0,0,0,0,0,0,0,1,1,1,1,1,1,1,0,0,0,0,0,0,0,0
2022-01-07 13:45:00+00:00,60,1,13,65.30962371826172,22.413896560668945,0,0,0,0,0,0,0,0,1,1,1,1,1,1,1,1,1,0,0,0,1,1,1,1,1
2022-01-07 13:45:00+00:00,60,1,13,,85.04973602294922,0,0,0,0,0,0,0,0,0,0,0,0,0,0,0,0,0,0,0,0,0,0,0,0,0
2022-01-07 13:45:00+00:00,60,1,13,,,0,0,0,0,0,0,0,0,0,0,0,0,0,0,0,0,0,0,0,0,0,0,0,0,0
2022-01-07 13:45:00+00:00,60,1,13,,,0,0,0,0,0,0,0,0,0,0,0,0,0,0,0,0,0,0,0,0,0,0,0,0,0
2022-01-07 13:45:00+00:00,60,1,13,,,0,0,0,0,0,0,0,0,0,0,0,0,0,0,0,0,0,0,0,0,0,0,0,0,0
2022-01-07 14:00:00+00:00,60,1,14,115.72872924804688,20.946016311645508,0,0,0,0,0,0,0,0,0,0,1,1,1,1,1,1,1,0,0,0,1,1,1,1,1
2022-01-07 14:00:00+00:00,60,1,14,138.72149658203125,174.81858825683594,0,0,0,0,0,0,0,0,0,0,0,1,1,1,1,1,1,0,0,0,0,0,0,0,0
2022-01-07 14:00:00+00:00,60,1,14,77.6949462890625,31.079998016357422,0,0,0,0,0,0,0,0,1,1,1,1,1,1,1,1,1,0,0,0,0,0,1,1,1
2022-01-07 14:00:00+00:00,60,1,14,,49.64891052246094,0,0,0,0,0,0,0,0,0,0,0,0,0,0,0,0,0,0,0,0,0,0,0,1,1
2022-01-07 14:00:00+00:00,60,1,14,,123.58578491210938,0,0,0,0,0,0,0,0,0,0,0,0,0,0,0,0,0,0,0,0,0,0,0,0,0
2022-01-07 14:00:00+00:00,60,1,14,,,0,0,0,0,0,0,0,0,0,0,0,0,0,0,0,0,0,0,0,0,0,0,0,0,0
2022-01-07 14:00:00+00:00,60,1,14,,67.6987075805664,0,0,0,0,0,0,0,0,0,0,0,0,0,0,0,0,0,0,0,0,0,0,0,0,0
2022-01-07 14:00:00+00:00,60,1,14,,,0,0,0,0,0,0,0,0,0,0,0,0,0,0,0,0,0,0,0,0,0,0,0,0,0
2022-01-07 14:00:00+00:00,60,1,14,,,0,0,0,0,0,0,0,0,0,0,0,0,0,0,0,0,0,0,0,0,0,0,0,0,0
2022-01-07 14:00:00+00:00,60,1,14,,,0,0,0,0,0,0,0,0,0,0,0,0,0,0,0,0,0,0,0,0,0,0,0,0,0
2022-01-07 14:15:00+00:00,60,1,14,118.88818359375,56.387699127197266,0,0,0,0,0,0,0,0,0,0,1,1,1,1,1,1,1,0,0,0,0,0,0,0,1
2022-01-07 14:15:00+00:00,60,1,14,103.71607971191406,62.94443893432617,0,0,0,0,0,0,0,0,0,0,1,1,1,1,1,1,1,0,0,0,0,0,0,0,0
2022-01-07 14:15:00+00:00,60,1,14,394.09161376953125,3.1243081092834473,0,0,0,0,0,0,0,0,0,0,0,0,0,0,0,0,0,1,1,1,1,1,1,1,1
2022-01-07 14:15:00+00:00,60,1,14,,,0,0,0,0,0,0,0,0,0,0,0,0,0,0,0,0,0,0,0,0,0,0,0,0,0
2022-01-07 14:30:00+00:00,60,1,14,,,0,0,0,0,0,0,0,0,0,0,0,0,0,0,0,0,0,0,0,0,0,0,0,0,0
2022-01-07 14:30:00+00:00,60,1,14,,,0,0,0,0,0,0,0,0,0,0,0,0,0,0,0,0,0,0,0,0,0,0,0,0,0
2022-01-07 14:30:00+00:00,60,1,14,,,0,0,0,0,0,0,0,0,0,0,0,0,0,0,0,0,0,0,0,0,0,0,0,0,0
2022-01-07 14:30:00+00:00,60,1,14,169.153564453125,202.15785217285156,0,0,0,0,0,0,0,0,0,0,0,0,1,1,1,1,1,0,0,0,0,0,0,0,0
2022-01-07 14:30:00+00:00,60,1,14,57.37647247314453,13.861919403076172,0,0,0,0,0,0,0,1,1,1,1,1,1,1,1,1,1,0,1,1,1,1,1,1,1
2022-01-07 14:30:00+00:00,60,1,14,301.5807189941406,213.03421020507812,0,0,0,0,0,0,0,0,0,0,0,0,0,0,0,0,1,0,0,0,0,0,0,0,0
2022-01-07 14:30:00+00:00,60,1,14,82.44734954833984,66.44659423828125,0,0,0,0,0,0,0,0,0,1,1,1,1,1,1,1,1,0,0,0,0,0,0,0,0
2022-01-07 14:30:00+00:00,60,1,14,57.0216178894043,9.329301834106445,0,0,0,0,0,0,0,1,1,1,1,1,1,1,1,1,1,1,1,1,1,1,1,1,1
2022-01-07 14:30:00+00:00,60,1,14,241.9147491455078,150.84796142578125,0,0,0,0,0,0,0,0,0,0,0,0,0,0,1,1,1,0,0,0,0,0,0,0,0
2022-01-07 14:30:00+00:00,60,1,14,143.1970977783203,118.66356658935547,0,0,0,0,0,0,0,0,0,0,0,1,1,1,1,1,1,0,0,0,0,0,0,0,0
2022-01-07 14:30:00+00:00,60,1,14,,,0,0,0,0,0,0,0,0,0,0,0,0,0,0,0,0,0,0,0,0,0,0,0,0,0
2022-01-07 14:45:00+00:00,60,1,14,,,0,0,0,0,0,0,0,0,0,0,0,0,0,0,0,0,0,0,0,0,0,0,0,0,0
2022-01-07 14:45:00+00:00,60,1,14,,,0,0,0,0,0,0,0,0,0,0,0,0,0,0,0,0,0,0,0,0,0,0,0,0,0
2022-01-07 14:45:00+00:00,60,1,14,,,0,0,0,0,0,0,0,0,0,0,0,0,0,0,0,0,0,0,0,0,0,0,0,0,0
2022-01-07 14:45:00+00:00,60,1,14,128.97776794433594,168.16165161132812,0,0,0,0,0,0,0,0,0,0,0,1,1,1,1,1,1,0,0,0,0,0,0,0,0
2022-01-07 14:45:00+00:00,60,1,14,79.50804138183594,24.43071174621582,0,0,0,0,0,0,0,0,1,1,1,1,1,1,1,1,1,0,0,0,1,1,1,1,1
2022-01-07 14:45:00+00:00,60,1,14,220.96762084960938,207.07211303710938,0,0,0,0,0,0,0,0,0,0,0,0,0,0,1,1,1,0,0,0,0,0,0,0,0
2022-01-07 14:45:00+00:00,60,1,14,53.12726974487305,24.568849563598633,0,0,0,0,0,0,0,1,1,1,1,1,1,1,1,1,1,0,0,0,1,1,1,1,1
2022-01-07 14:45:00+00:00,60,1,14,135.5311737060547,129.7500457763672,0,0,0,0,0,0,0,0,0,0,0,1,1,1,1,1,1,0,0,0,0,0,0,0,0
2022-01-07 14:45:00+00:00,60,1,14,162.40573120117188,,0,0,0,0,0,0,0,0,0,0,0,0,1,1,1,1,1,0,0,0,0,0,0,0,0
2022-01-07 14:45:00+00:00,60,1,14,,,0,0,0,0,0,0,0,0,0,0,0,0,0,0,0,0,0,0,0,0,0,0,0,0,0
2022-01-07 15:00:00+00:00,60,1,15,,,0,0,0,0,0,0,0,0,0,0,0,0,0,0,0,0,0,0,0,0,0,0,0,0,0
2022-01-07 15:00:00+00:00,60,1,15,,,0,0,0,0,0,0,0,0,0,0,0,0,0,0,0,0,0,0,0,0,0,0,0,0,0
2022-01-07 15:00:00+00:00,60,1,15,117.91790771484375,59.34836196899414,0,0,0,0,0,0,0,0,0,0,1,1,1,1,1,1,1,0,0,0,0,0,0,0,1
2022-01-07 15:00:00+00:00,60,1,15,117.85006713867188,154.9412841796875,0,0,0,0,0,0,0,0,0,0,1,1,1,1,1,1,1,0,0,0,0,0,0,0,0
2022-01-07 15:00:00+00:00,60,1,15,79.32533264160156,69.4433364868164,0,0,0,0,0,0,0,0,1,1,1,1,1,1,1,1,1,0,0,0,0,0,0,0,0
2022-01-07 15:00:00+00:00,60,1,15,124.20722961425781,184.52975463867188,0,0,0,0,0,0,0,0,0,0,0,1,1,1,1,1,1,0,0,0,0,0,0,0,0
2022-01-07 15:00:00+00:00,60,1,15,89.1790771484375,76.62654876708984,0,0,0,0,0,0,0,0,0,1,1,1,1,1,1,1,1,0,0,0,0,0,0,0,0
2022-01-07 15:00:00+00:00,60,1,15,111.00049591064453,54.716331481933594,0,0,0,0,0,0,0,0,0,0,1,1,1,1,1,1,1,0,0,0,0,0,0,0,1
2022-01-07 15:00:00+00:00,60,1,15,,,0,0,0,0,0,0,0,0,0,0,0,0,0,0,0,0,0,0,0,0,0,0,0,0,0
2022-01-07 15:15:00+00:00,60,1,15,76.01628112792969,15.310245513916016,0,0,0,0,0,0,0,0,1,1,1,1,1,1,1,1,1,0,0,1,1,1,1,1,1
2022-01-07 15:15:00+00:00,60,1,15,121.33738708496094,96.49198913574219,0,0,0,0,0,0,0,0,0,0,0,1,1,1,1,1,1,0,0,0,0,0,0,0,0
2022-01-07 15:15:00+00:00,60,1,15,88.48136138916016,65.19689178466797,0,0,0,0,0,0,0,0,0,1,1,1,1,1,1,1,1,0,0,0,0,0,0,0,0
2022-01-07 15:15:00+00:00,60,1,15,111.48243713378906,68.83552551269531,0,0,0,0,0,0,0,0,0,0,1,1,1,1,1,1,1,0,0,0,0,0,0,0,0
2022-01-07 15:15:00+00:00,60,1,15,130.67311096191406,66.30048370361328,0,0,0,0,0,0,0,0,0,0,0,1,1,1,1,1,1,0,0,0,0,0,0,0,0
2022-01-07 15:15:00+00:00,60,1,15,160.329833984375,187.26141357421875,0,0,0,0,0,0,0,0,0,0,0,0,1,1,1,1,1,0,0,0,0,0,0,0,0
2022-01-07 15:30:00+00:00,60,1,15,,,0,0,0,0,0,0,0,0,0,0,0,0,0,0,0,0,0,0,0,0,0,0,0,0,0
2022-01-07 15:30:00+00:00,60,1,15,94.61383819580078,75.9340591430664,0,0,0,0,0,0,0,0,0,1,1,1,1,1,1,1,1,0,0,0,0,0,0,0,0
2022-01-07 15:30:00+00:00,60,1,15,457.5877990722656,69.00914764404297,0,0,0,0,0,0,0,0,0,0,0,0,0,0,0,0,0,0,0,0,0,0,0,0,0
2022-01-07 15:30:00+00:00,60,1,15,78.94122314453125,118.57470703125,0,0,0,0,0,0,0,0,1,1,1,1,1,1,1,1,1,0,0,0,0,0,0,0,0
2022-01-07 15:30:00+00:00,60,1,15,43.58086395263672,71.41995239257812,0,0,0,0,0,0,1,1,1,1,1,1,1,1,1,1,1,0,0,0,0,0,0,0,0
2022-01-07 15:30:00+00:00,60,1,15,488.474609375,,0,0,0,0,0,0,0,0,0,0,0,0,0,0,0,0,0,0,0,0,0,0,0,0,0
2022-01-07 15:30:00+00:00,60,1,15,,,0,0,0,0,0,0,0,0,0,0,0,0,0,0,0,0,0,0,0,0,0,0,0,0,0
2022-01-07 15:45:00+00:00,60,1,15,,,0,0,0,0,0,0,0,0,0,0,0,0,0,0,0,0,0,0,0,0,0,0,0,0,0
2022-01-07 15:45:00+00:00,60,1,15,96.06780242919922,0.0,0,0,0,0,0,0,0,0,0,1,1,1,1,1,1,1,1,1,1,1,1,1,1,1,1
2022-01-07 15:45:00+00:00,60,1,15,259.6505432128906,276.28009033203125,0,0,0,0,0,0,0,0,0,0,0,0,0,0,0,1,1,0,0,0,0,0,0,0,0
2022-01-07 15:45:00+00:00,60,1,15,,,0,0,0,0,0,0,0,0,0,0,0,0,0,0,0,0,0,0,0,0,0,0,0,0,0
2022-01-07 16:00:00+00:00,60,1,16,,,0,0,0,0,0,0,0,0,0,0,0,0,0,0,0,0,0,0,0,0,0,0,0,0,0
2022-01-07 16:00:00+00:00,60,1,16,,,0,0,0,0,0,0,0,0,0,0,0,0,0,0,0,0,0,0,0,0,0,0,0,0,0
2022-01-07 16:00:00+00:00,60,1,16,129.62538146972656,39.04917907714844,0,0,0,0,0,0,0,0,0,0,0,1,1,1,1,1,1,0,0,0,0,0,1,1,1
2022-01-07 16:00:00+00:00,60,1,16,60.09511184692383,75.86215209960938,0,0,0,0,0,0,0,0,1,1,1,1,1,1,1,1,1,0,0,0,0,0,0,0,0
2022-01-07 16:00:00+00:00,60,1,16,337.0264892578125,370.8759765625,0,0,0,0,0,0,0,0,0,0,0,0,0,0,0,0,1,0,0,0,0,0,0,0,0
2022-01-07 16:00:00+00:00,60,1,16,,,0,0,0,0,0,0,0,0,0,0,0,0,0,0,0,0,0,0,0,0,0,0,0,0,0
2022-01-07 16:00:00+00:00,60,1,16,,,0,0,0,0,0,0,0,0,0,0,0,0,0,0,0,0,0,0,0,0,0,0,0,0,0
2022-01-07 16:15:00+00:00,60,1,16,59.852752685546875,96.9451904296875,0,0,0,0,0,0,0,1,1,1,1,1,1,1,1,1,1,0,0,0,0,0,0,0,0
2022-01-07 16:15:00+00:00,60,1,16,432.5577697753906,411.30718994140625,0,0,0,0,0,0,0,0,0,0,0,0,0,0,0,0,0,0,0,0,0,0,0,0,0
2022-01-07 16:15:00+00:00,60,1,16,136.62779235839844,22.16031265258789,0,0,0,0,0,0,0,0,0,0,0,1,1,1,1,1,1,0,0,0,1,1,1,1,1
2022-01-07 16:15:00+00:00,60,1,16,,,0,0,0,0,0,0,0,0,0,0,0,0,0,0,0,0,0,0,0,0,0,0,0,0,0
2022-01-07 16:30:00+00:00,60,1,16,303.44317626953125,314.68524169921875,0,0,0,0,0,0,0,0,0,0,0,0,0,0,0,0,1,0,0,0,0,0,0,0,0
2022-01-07 16:30:00+00:00,60,1,16,157.54751586914062,215.8019561767578,0,0,0,0,0,0,0,0,0,0,0,0,1,1,1,1,1,0,0,0,0,0,0,0,0
2022-01-07 16:30:00+00:00,60,1,16,271.3520812988281,396.68780517578125,0,0,0,0,0,0,0,0,0,0,0,0,0,0,0,1,1,0,0,0,0,0,0,0,0
2022-01-07 16:30:00+00:00,60,1,16,372.5283508300781,466.2178955078125,0,0,0,0,0,0,0,0,0,0,0,0,0,0,0,0,0,0,0,0,0,0,0,0,0
2022-01-07 16:30:00+00:00,60,1,16,130.9234619140625,140.2618408203125,0,0,0,0,0,0,0,0,0,0,0,1,1,1,1,1,1,0,0,0,0,0,0,0,0
2022-01-07 16:30:00+00:00,60,1,16,262.9149169921875,,0,0,0,0,0,0,0,0,0,0,0,0,0,0,0,1,1,0,0,0,0,0,0,0,0
2022-01-07 16:45:00+00:00,60,1,16,,,0,0,0,0,0,0,0,0,0,0,0,0,0,0,0,0,0,0,0,0,0,0,0,0,0
2022-01-07 16:45:00+00:00,60,1,16,230.3104705810547,308.6710510253906,0,0,0,0,0,0,0,0,0,0,0,0,0,0,1,1,1,0,0,0,0,0,0,0,0
2022-01-07 16:45:00+00:00,60,1,16,87.02764129638672,19.902359008789062,0,0,0,0,0,0,0,0,0,1,1,1,1,1,1,1,1,0,0,1,1,1,1,1,1
2022-01-07 16:45:00+00:00,60,1,16,190.2862548828125,241.36190795898438,0,0,0,0,0,0,0,0,0,0,0,0,0,1,1,1,1,0,0,0,0,0,0,0,0
2022-01-07 16:45:00+00:00,60,1,16,208.44046020507812,194.74293518066406,0,0,0,0,0,0,0,0,0,0,0,0,0,0,1,1,1,0,0,0,0,0,0,0,0
2022-01-07 16:45:00+00:00,60,1,16,412.51678466796875,487.21307373046875,0,0,0,0,0,0,0,0,0,0,0,0,0,0,0,0,0,0,0,0,0,0,0,0,0
2022-01-07 16:45:00+00:00,60,1,16,,,0,0,0,0,0,0,0,0,0,0,0,0,0,0,0,0,0,0,0,0,0,0,0,0,0
2022-01-07 16:45:00+00:00,60,1,16,,,0,0,0,0,0,0,0,0,0,0,0,0,0,0,0,0,0,0,0,0,0,0,0,0,0
2022-01-07 16:45:00+00:00,60,1,16,,,0,0,0,0,0,0,0,0,0,0,0,0,0,0,0,0,0,0,0,0,0,0,0,0,0
2022-01-07 17:00:00+00:00,60,1,17,103.5896224975586,107.50827026367188,0,0,0,0,0,0,0,0,0,0,1,1,1,1,1,1,1,0,0,0,0,0,0,0,0
2022-01-07 17:00:00+00:00,60,1,17,214.86331176757812,280.0156555175781,0,0,0,0,0,0,0,0,0,0,0,0,0,0,1,1,1,0,0,0,0,0,0,0,0
2022-01-07 17:00:00+00:00,60,1,17,336.034912109375,86.5324478149414,0,0,0,0,0,0,0,0,0,0,0,0,0,0,0,0,1,0,0,0,0,0,0,0,0
2022-01-07 17:00:00+00:00,60,1,17,304.48150634765625,139.0221405029297,0,0,0,0,0,0,0,0,0,0,0,0,0,0,0,0,1,0,0,0,0,0,0,0,0
2022-01-07 17:00:00+00:00,60,1,17,352.1021728515625,351.3152770996094,0,0,0,0,0,0,0,0,0,0,0,0,0,0,0,0,0,0,0,0,0,0,0,0,0
2022-01-07 17:00:00+00:00,60,1,17,,,0,0,0,0,0,0,0,0,0,0,0,0,0,0,0,0,0,0,0,0,0,0,0,0,0
2022-01-07 17:00:00+00:00,60,1,17,,,0,0,0,0,0,0,0,0,0,0,0,0,0,0,0,0,0,0,0,0,0,0,0,0,0
2022-01-07 17:15:00+00:00,60,1,17,245.90684509277344,243.5848388671875,0,0,0,0,0,0,0,0,0,0,0,0,0,0,1,1,1,0,0,0,0,0,0,0,0
2022-01-07 17:15:00+00:00,60,1,17,271.9798889160156,0.0,0,0,0,0,0,0,0,0,0,0,0,0,0,0,0,1,1,1,1,1,1,1,1,1,1
2022-01-07 17:15:00+00:00,60,1,17,147.36962890625,79.03246307373047,0,0,0,0,0,0,0,0,0,0,0,1,1,1,1,1,1,0,0,0,0,0,0,0,0
2022-01-07 17:15:00+00:00,60,1,17,,,0,0,0,0,0,0,0,0,0,0,0,0,0,0,0,0,0,0,0,0,0,0,0,0,0
2022-01-07 17:15:00+00:00,60,1,17,,,0,0,0,0,0,0,0,0,0,0,0,0,0,0,0,0,0,0,0,0,0,0,0,0,0
2022-01-07 17:30:00+00:00,60,1,17,,,0,0,0,0,0,0,0,0,0,0,0,0,0,0,0,0,0,0,0,0,0,0,0,0,0
2022-01-07 17:30:00+00:00,60,1,17,58.84840393066406,92.22260284423828,0,0,0,0,0,0,0,1,1,1,1,1,1,1,1,1,1,0,0,0,0,0,0,0,0
2022-01-07 17:30:00+00:00,60,1,17,291.07470703125,13.902029991149902,0,0,0,0,0,0,0,0,0,0,0,0,0,0,0,1,1,0,1,1,1,1,1,1,1
2022-01-07 17:30:00+00:00,60,1,17,320.553955078125,,0,0,0,0,0,0,0,0,0,0,0,0,0,0,0,0,1,0,0,0,0,0,0,0,0
2022-01-07 17:30:00+00:00,60,1,17,,,0,0,0,0,0,0,0,0,0,0,0,0,0,0,0,0,0,0,0,0,0,0,0,0,0
2022-01-07 17:30:00+00:00,60,1,17,,,0,0,0,0,0,0,0,0,0,0,0,0,0,0,0,0,0,0,0,0,0,0,0,0,0
2022-01-07 17:45:00+00:00,60,1,17,,,0,0,0,0,0,0,0,0,0,0,0,0,0,0,0,0,0,0,0,0,0,0,0,0,0
2022-01-07 17:45:00+00:00,60,1,17,,,0,0,0,0,0,0,0,0,0,0,0,0,0,0,0,0,0,0,0,0,0,0,0,0,0
2022-01-07 17:45:00+00:00,60,1,17,,,0,0,0,0,0,0,0,0,0,0,0,0,0,0,0,0,0,0,0,0,0,0,0,0,0
2022-01-07 17:45:00+00:00,60,1,17,304.83441162109375,304.1808166503906,0,0,0,0,0,0,0,0,0,0,0,0,0,0,0,0,1,0,0,0,0,0,0,0,0
2022-01-07 17:45:00+00:00,60,1,17,309.935546875,9.121847152709961,0,0,0,0,0,0,0,0,0,0,0,0,0,0,0,0,1,1,1,1,1,1,1,1,1
2022-01-07 17:45:00+00:00,60,1,17,,,0,0,0,0,0,0,0,0,0,0,0,0,0,0,0,0,0,0,0,0,0,0,0,0,0
2022-01-07 17:45:00+00:00,60,1,17,,,0,0,0,0,0,0,0,0,0,0,0,0,0,0,0,0,0,0,0,0,0,0,0,0,0
2022-01-08 10:00:00+00:00,60,1,10,,,0,0,0,0,0,0,0,0,0,0,0,0,0,0,0,0,0,0,0,0,0,0,0,0,0
2022-01-08 10:00:00+00:00,60,1,10,,,0,0,0,0,0,0,0,0,0,0,0,0,0,0,0,0,0,0,0,0,0,0,0,0,0
2022-01-08 10:00:00+00:00,60,1,10,80.4825210571289,84.30111694335938,0,0,0,0,0,0,0,0,0,1,1,1,1,1,1,1,1,0,0,0,0,0,0,0,0
2022-01-08 10:00:00+00:00,60,1,10,106.32732391357422,148.42697143554688,0,0,0,0,0,0,0,0,0,0,1,1,1,1,1,1,1,0,0,0,0,0,0,0,0
2022-01-08 10:00:00+00:00,60,1,10,120.99047088623047,149.84693908691406,0,0,0,0,0,0,0,0,0,0,0,1,1,1,1,1,1,0,0,0,0,0,0,0,0
2022-01-08 10:00:00+00:00,60,1,10,262.9186706542969,0.0,0,0,0,0,0,0,0,0,0,0,0,0,0,0,0,1,1,1,1,1,1,1,1,1,1
2022-01-08 10:00:00+00:00,60,1,10,198.19546508789062,37.967796325683594,0,0,0,0,0,0,0,0,0,0,0,0,0,1,1,1,1,0,0,0,0,0,1,1,1
2022-01-08 10:00:00+00:00,60,1,10,365.0554504394531,13.307378768920898,0,0,0,0,0,0,0,0,0,0,0,0,0,0,0,0,0,0,1,1,1,1,1,1,1
2022-01-08 10:00:00+00:00,60,1,10,318.3088684082031,43.633121490478516,0,0,0,0,0,0,0,0,0,0,0,0,0,0,0,0,1,0,0,0,0,0,0,1,1
2022-01-08 10:00:00+00:00,60,1,10,241.19297790527344,89.39337921142578,0,0,0,0,0,0,0,0,0,0,0,0,0,0,1,1,1,0,0,0,0,0,0,0,0
2022-01-08 10:00:00+00:00,60,1,10,415.1138000488281,389.9545593261719,0,0,0,0,0,0,0,0,0,0,0,0,0,0,0,0,0,0,0,0,0,0,0,0,0
2022-01-08 10:00:00+00:00,60,1,10,135.87632751464844,51.9630012512207,0,0,0,0,0,0,0,0,0,0,0,1,1,1,1,1,1,0,0,0,0,0,0,0,1
2022-01-08 10:00:00+00:00,60,1,10,493.3394775390625,,0,0,0,0,0,0,0,0,0,0,0,0,0,0,0,0,0,0,0,0,0,0,0,0,0
2022-01-08 10:15:00+00:00,60,1,10,,,0,0,0,0,0,0,0,0,0,0,0,0,0,0,0,0,0,0,0,0,0,0,0,0,0
2022-01-08 10:15:00+00:00,60,1,10,41.482994079589844,30.155393600463867,0,0,0,0,0,0,1,1,1,1,1,1,1,1,1,1,1,0,0,0,0,0,1,1,1
2022-01-08 10:15:00+00:00,60,1,10,403.3340759277344,380.40576171875,0,0,0,0,0,0,0,0,0,0,0,0,0,0,0,0,0,0,0,0,0,0,0,0,0
2022-01-08 10:15:00+00:00,60,1,10,437.97674560546875,414.82965087890625,0,0,0,0,0,0,0,0,0,0,0,0,0,0,0,0,0,0,0,0,0,0,0,0,0
2022-01-08 10:15:00+00:00,60,1,10,99.19684600830078,32.847564697265625,0,0,0,0,0,0,0,0,0,1,1,1,1,1,1,1,1,0,0,0,0,0,1,1,1
2022-01-08 10:15:00+00:00,60,1,10,294.4529113769531,335.588623046875,0,0,0,0,0,0,0,0,0,0,0,0,0,0,0,1,1,0,0,0,0,0,0,0,0
2022-01-08 10:15:00+00:00,60,1,10,157.90415954589844,214.81173706054688,0,0,0,0,0,0,0,0,0,0,0,0,1,1,1,1,1,0,0,0,0,0,0,0,0
2022-01-08 10:15:00+00:00,60,1,10,160.57369995117188,113.4212875366211,0,0,0,0,0,0,0,0,0,0,0,0,1,1,1,1,1,0,0,0,0,0,0,0,0
2022-01-08 10:15:00+00:00,60,1,10,246.3218994140625,44.28932571411133,0,0,0,0,0,0,0,0,0,0,0,0,0,0,1,1,1,0,0,0,0,0,0,1,1
2022-01-08 10:15:00+00:00,60,1,10,71.03042602539062,46.591758728027344,0,0,0,0,0,0,0,0,1,1,1,1,1,1,1,1,1,0,0,0,0,0,0,1,1
2022-01-08 10:15:00+00:00,60,1,10,244.96328735351562,0.0,0,0,0,0,0,0,0,0,0,0,0,0,0,0,1,1,1,1,1,1,1,1,1,1,1
2022-01-08 10:15:00+00:00,60,1,10,291.3494567871094,0.0,0,0,0,0,0,0,0,0,0,0,0,0,0,0,0,1,1,1,1,1,1,1,1,1,1
2022-01-08 10:15:00+00:00,60,1,10,120.17951965332031,11.960719108581543,0,0,0,0,0,0,0,0,0,0,0,1,1,1,1,1,1,0,1,1,1,1,1,1,1
2022-01-08 10:15:00+00:00,60,1,10,300.77313232421875,58.94806671142578,0,0,0,0,0,0,0,0,0,0,0,0,0,0,0,0,1,0,0,0,0,0,0,0,1
2022-01-08 10:15:00+00:00,60,1,10,242.96328735351562,34.08994674682617,0,0,0,0,0,0,0,0,0,0,0,0,0,0,1,1,1,0,0,0,0,0,1,1,1
2022-01-08 10:15:00+00:00,60,1,10,216.05860900878906,181.834716796875,0,0,0,0,0,0,0,0,0,0,0,0,0,0,1,1,1,0,0,0,0,0,0,0,0
2022-01-08 10:30:00+00:00,60,1,10,240.9894561767578,145.12957763671875,0,0,0,0,0,0,0,0,0,0,0,0,0,0,1,1,1,0,0,0,0,0,0,0,0
2022-01-08 10:30:00+00:00,60,1,10,184.76028442382812,135.73251342773438,0,0,0,0,0,0,0,0,0,0,0,0,0,1,1,1,1,0,0,0,0,0,0,0,0
2022-01-08 10:30:00+00:00,60,1,10,69.69039154052734,28.265213012695312,0,0,0,0,0,0,0,0,1,1,1,1,1,1,1,1,1,0,0,0,0,1,1,1,1
2022-01-08 10:30:00+00:00,60,1,10,76.43760681152344,9.930692672729492,0,0,0,0,0,0,0,0,1,1,1,1,1,1,1,1,1,1,1,1,1,1,1,1,1
2022-01-08 10:30:00+00:00,60,1,10,225.90542602539062,137.70263671875,0,0,0,0,0,0,0,0,0,0,0,0,0,0,1,1,1,0,0,0,0,0,0,0,0
2022-01-08 10:30:00+00:00,60,1,10,156.11863708496094,233.24859619140625,0,0,0,0,0,0,0,0,0,0,0,0,1,1,1,1,1,0,0,0,0,0,0,0,0
2022-01-08 10:30:00+00:00,60,1,10,79.15773010253906,79.47428894042969,0,0,0,0,0,0,0,0,1,1,1,1,1,1,1,1,1,0,0,0,0,0,0,0,0
2022-01-08 10:30:00+00:00,60,1,10,219.26368713378906,161.0105438232422,0,0,0,0,0,0,0,0,0,0,0,0,0,0,1,1,1,0,0,0,0,0,0,0,0
2022-01-08 10:30:00+00:00,60,1,10,205.58096313476562,194.5940704345703,0,0,0,0,0,0,0,0,0,0,0,0,0,0,1,1,1,0,0,0,0,0,0,0,0
2022-01-08 10:30:00+00:00,60,1,10,167.46701049804688,40.836185455322266,0,0,0,0,0,0,0,0,0,0,0,0,1,1,1,1,1,0,0,0,0,0,0,1,1
2022-01-08 10:30:00+00:00,60,1,10,188.0642852783203,181.35006713867188,0,0,0,0,0,0,0,0,0,0,0,0,0,1,1,1,1,0,0,0,0,0,0,0,0
2022-01-08 10:30:00+00:00,60,1,10,41.16804504394531,0.0,0,0,0,0,0,0,1,1,1,1,1,1,1,1,1,1,1,1,1,1,1,1,1,1,1
2022-01-08 10:30:00+00:00,60,1,10,221.14280700683594,220.0847930908203,0,0,0,0,0,0,0,0,0,0,0,0,0,0,1,1,1,0,0,0,0,0,0,0,0
2022-01-08 10:30:00+00:00,60,1,10,233.42601013183594,0.0,0,0,0,0,0,0,0,0,0,0,0,0,0,0,1,1,1,1,1,1,1,1,1,1,1
2022-01-08 10:30:00+00:00,60,1,10,216.7528076171875,17.469167709350586,0,0,0,0,0,0,0,0,0,0,0,0,0,0,1,1,1,0,0,1,1,1,1,1,1
2022-01-08 10:30:00+00:00,60,1,10,,517.7733154296875,0,0,0,0,0,0,0,0,0,0,0,0,0,0,0,0,0,0,0,0,0,0,0,0,0
2022-01-08 10:30:00+00:00,60,1,10,226.1360626220703,180.91050720214844,0,0,0,0,0,0,0,0,0,0,0,0,0,0,1,1,1,0,0,0,0,0,0,0,0
2022-01-08 10:45:00+00:00,60,1,10,88.56758880615234,3.308690309524536,0,0,0,0,0,0,0,0,0,1,1,1,1,1,1,1,1,1,1,1,1,1,1,1,1
2022-01-08 10:45:00+00:00,60,1,10,131.00814819335938,125.59449005126953,0,0,0,0,0,0,0,0,0,0,0,1,1,1,1,1,1,0,0,0,0,0,0,0,0
2022-01-08 10:45:00+00:00,60,1,10,241.0985565185547,93.7703857421875,0,0,0,0,0,0,0,0,0,0,0,0,0,0,1,1,1,0,0,0,0,0,0,0,0
2022-01-08 10:45:00+00:00,60,1,10,85.32463073730469,17.95453643798828,0,0,0,0,0,0,0,0,0,1,1,1,1,1,1,1,1,0,0,1,1,1,1,1,1
2022-01-08 10:45:00+00:00,60,1,10,124.5759506225586,15.084840774536133,0,0,0,0,0,0,0,0,0,0,0,1,1,1,1,1,1,0,0,1,1,1,1,1,1
2022-01-08 10:45:00+00:00,60,1,10,172.38348388671875,0.0,0,0,0,0,0,0,0,0,0,0,0,0,1,1,1,1,1,1,1,1,1,1,1,1,1
2022-01-08 10:45:00+00:00,60,1,10,183.478515625,161.39752197265625,0,0,0,0,0,0,0,0,0,0,0,0,0,1,1,1,1,0,0,0,0,0,0,0,0
2022-01-08 10:45:00+00:00,60,1,10,166.27188110351562,82.6056900024414,0,0,0,0,0,0,0,0,0,0,0,0,1,1,1,1,1,0,0,0,0,0,0,0,0
2022-01-08 10:45:00+00:00,60,1,10,,344.5913391113281,0,0,0,0,0,0,0,0,0,0,0,0,0,0,0,0,0,0,0,0,0,0,0,0,0
2022-01-08 11:00:00+00:00,60,1,11,,,0,0,0,0,0,0,0,0,0,0,0,0,0,0,0,0,0,0,0,0,0,0,0,0,0
2022-01-08 11:00:00+00:00,60,1,11,145.8719940185547,105.83728790283203,0,0,0,0,0,0,0,0,0,0,0,1,1,1,1,1,1,0,0,0,0,0,0,0,0
2022-01-08 11:00:00+00:00,60,1,11,118.81697082519531,86.38632202148438,0,0,0,0,0,0,0,0,0,0,1,1,1,1,1,1,1,0,0,0,0,0,0,0,0
2022-01-08 11:00:00+00:00,60,1,11,43.083431243896484,30.66790771484375,0,0,0,0,0,0,1,1,1,1,1,1,1,1,1,1,1,0,0,0,0,0,1,1,1
2022-01-08 11:00:00+00:00,60,1,11,51.71739196777344,17.524005889892578,0,0,0,0,0,0,0,1,1,1,1,1,1,1,1,1,1,0,0,1,1,1,1,1,1
2022-01-08 11:00:00+00:00,60,1,11,122.49858856201172,171.79156494140625,0,0,0,0,0,0,0,0,0,0,0,1,1,1,1,1,1,0,0,0,0,0,0,0,0
2022-01-08 11:00:00+00:00,60,1,11,255.75054931640625,67.93260955810547,0,0,0,0,0,0,0,0,0,0,0,0,0,0,0,1,1,0,0,0,0,0,0,0,0
2022-01-08 11:00:00+00:00,60,1,11,244.8203582763672,17.911596298217773,0,0,0,0,0,0,0,0,0,0,0,0,0,0,1,1,1,0,0,1,1,1,1,1,1
2022-01-08 11:00:00+00:00,60,1,11,256.685791015625,3.377652883529663,0,0,0,0,0,0,0,0,0,0,0,0,0,0,0,1,1,1,1,1,1,1,1,1,1
2022-01-08 11:00:00+00:00,60,1,11,92.27759552001953,42.901092529296875,0,0,0,0,0,0,0,0,0,1,1,1,1,1,1,1,1,0,0,0,0,0,0,1,1
2022-01-08 11:00:00+00:00,60,1,11,313.28009033203125,270.1836853027344,0,0,0,0,0,0,0,0,0,0,0,0,0,0,0,0,1,0,0,0,0,0,0,0,0
2022-01-08 11:00:00+00:00,60,1,11,303.3255615234375,354.4482421875,0,0,0,0,0,0,0,0,0,0,0,0,0,0,0,0,1,0,0,0,0,0,0,0,0
2022-01-08 11:15:00+00:00,60,1,11,,,0,0,0,0,0,0,0,0,0,0,0,0,0,0,0,0,0,0,0,0,0,0,0,0,0
2022-01-08 11:15:00+00:00,60,1,11,,,0,0,0,0,0,0,0,0,0,0,0,0,0,0,0,0,0,0,0,0,0,0,0,0,0
2022-01-08 11:15:00+00:00,60,1,11,252.00550842285156,262.1169128417969,0,0,0,0,0,0,0,0,0,0,0,0,0,0,0,1,1,0,0,0,0,0,0,0,0
2022-01-08 11:15:00+00:00,60,1,11,39.03038024902344,47.14585876464844,0,0,0,0,0,1,1,1,1,1,1,1,1,1,1,1,1,0,0,0,0,0,0,1,1
2022-01-08 11:15:00+00:00,60,1,11,65.42965698242188,26.440126419067383,0,0,0,0,0,0,0,0,1,1,1,1,1,1,1,1,1,0,0,0,0,1,1,1,1
2022-01-08 11:15:00+00:00,60,1,11,56.4559326171875,29.83350944519043,0,0,0,0,0,0,0,1,1,1,1,1,1,1,1,1,1,0,0,0,0,1,1,1,1
2022-01-08 11:15:00+00:00,60,1,11,102.72587585449219,106.7013168334961,0,0,0,0,0,0,0,0,0,0,1,1,1,1,1,1,1,0,0,0,0,0,0,0,0
2022-01-08 11:15:00+00:00,60,1,11,76.79479217529297,127.20703125,0,0,0,0,0,0,0,0,1,1,1,1,1,1,1,1,1,0,0,0,0,0,0,0,0
2022-01-08 11:15:00+00:00,60,1,11,110.30091857910156,51.131996154785156,0,0,0,0,0,0,0,0,0,0,1,1,1,1,1,1,1,0,0,0,0,0,0,0,1
2022-01-08 11:15:00+00:00,60,1,11,94.87027740478516,32.331146240234375,0,0,0,0,0,0,0,0,0,1,1,1,1,1,1,1,1,0,0,0,0,0,1,1,1
2022-01-08 11:15:00+00:00,60,1,11,251.71510314941406,61.0335693359375,0,0,0,0,0,0,0,0,0,0,0,0,0,0,0,1,1,0,0,0,0,0,0,0,0
2022-01-08 11:15:00+00:00,60,1,11,168.95947265625,166.0220947265625,0,0,0,0,0,0,0,0,0,0,0,0,1,1,1,1,1,0,0,0,0,0,0,0,0
2022-01-08 11:30:00+00:00,60,1,11,,,0,0,0,0,0,0,0,0,0,0,0,0,0,0,0,0,0,0,0,0,0,0,0,0,0
2022-01-08 11:30:00+00:00,60,1,11,,,0,0,0,0,0,0,0,0,0,0,0,0,0,0,0,0,0,0,0,0,0,0,0,0,0
2022-01-08 11:30:00+00:00,60,1,11,398.3591003417969,367.0633544921875,0,0,0,0,0,0,0,0,0,0,0,0,0,0,0,0,0,0,0,0,0,0,0,0,0
2022-01-08 11:30:00+00:00,60,1,11,227.7039031982422,197.0992431640625,0,0,0,0,0,0,0,0,0,0,0,0,0,0,1,1,1,0,0,0,0,0,0,0,0
2022-01-08 11:30:00+00:00,60,1,11,265.58843994140625,158.4398956298828,0,0,0,0,0,0,0,0,0,0,0,0,0,0,0,1,1,0,0,0,0,0,0,0,0
2022-01-08 11:30:00+00:00,60,1,11,93.07730865478516,0.0,0,0,0,0,0,0,0,0,0,1,1,1,1,1,1,1,1,1,1,1,1,1,1,1,1
2022-01-08 11:30:00+00:00,60,1,11,136.3017578125,100.36913299560547,0,0,0,0,0,0,0,0,0,0,0,1,1,1,1,1,1,0,0,0,0,0,0,0,0
2022-01-08 11:30:00+00:00,60,1,11,80.2449951171875,74.27716064453125,0,0,0,0,0,0,0,0,0,1,1,1,1,1,1,1,1,0,0,0,0,0,0,0,0
2022-01-08 11:30:00+00:00,60,1,11,74.8769760131836,0.0,0,0,0,0,0,0,0,0,1,1,1,1,1,1,1,1,1,1,1,1,1,1,1,1,1
2022-01-08 11:30:00+00:00,60,1,11,135.44094848632812,50.6515007019043,0,0,0,0,0,0,0,0,0,0,0,1,1,1,1,1,1,0,0,0,0,0,0,0,1
2022-01-08 11:30:00+00:00,60,1,11,70.7451171875,7.034526824951172,0,0,0,0,0,0,0,0,1,1,1,1,1,1,1,1,1,1,1,1,1,1,1,1,1
2022-01-08 11:30:00+00:00,60,1,11,523.7521362304688,270.171875,0,0,0,0,0,0,0,0,0,0,0,0,0,0,0,0,0,0,0,0,0,0,0,0,0
2022-01-08 11:30:00+00:00,60,1,11,,311.7593688964844,0,0,0,0,0,0,0,0,0,0,0,0,0,0,0,0,0,0,0,0,0,0,0,0,0
2022-01-08 11:45:00+00:00,60,1,11,,,0,0,0,0,0,0,0,0,0,0,0,0,0,0,0,0,0,0,0,0,0,0,0,0,0
2022-01-08 11:45:00+00:00,60,1,11,220.04188537597656,216.65684509277344,0,0,0,0,0,0,0,0,0,0,0,0,0,0,1,1,1,0,0,0,0,0,0,0,0
2022-01-08 11:45:00+00:00,60,1,11,252.94427490234375,237.59506225585938,0,0,0,0,0,0,0,0,0,0,0,0,0,0,0,1,1,0,0,0,0,0,0,0,0
2022-01-08 11:45:00+00:00,60,1,11,113.11084747314453,98.86190795898438,0,0,0,0,0,0,0,0,0,0,1,1,1,1,1,1,1,0,0,0,0,0,0,0,0
2022-01-08 11:45:00+00:00,60,1,11,111.397705078125,31.64569091796875,0,0,0,0,0,0,0,0,0,0,1,1,1,1,1,1,1,0,0,0,0,0,1,1,1
2022-01-08 11:45:00+00:00,60,1,11,85.11993408203125,120.91693115234375,0,0,0,0,0,0,0,0,0,1,1,1,1,1,1,1,1,0,0,0,0,0,0,0,0
2022-01-08 11:45:00+00:00,60,1,11,69.20391082763672,72.59258270263672,0,0,0,0,0,0,0,0,1,1,1,1,1,1,1,1,1,0,0,0,0,0,0,0,0
2022-01-08 11:45:00+00:00,60,1,11,337.22955322265625,327.84954833984375,0,0,0,0,0,0,0,0,0,0,0,0,0,0,0,0,1,0,0,0,0,0,0,0,0
2022-01-08 11:45:00+00:00,60,1,11,84.69242095947266,27.005796432495117,0,0,0,0,0,0,0,0,0,1,1,1,1,1,1,1,1,0,0,0,0,1,1,1,1
2022-01-08 11:45:00+00:00,60,1,11,172.08999633789062,77.86579132080078,0,0,0,0,0,0,0,0,0,0,0,0,1,1,1,1,1,0,0,0,0,0,0,0,0
2022-01-08 11:45:00+00:00,60,1,11,71.9526596069336,13.071077346801758,0,0,0,0,0,0,0,0,1,1,1,1,1,1,1,1,1,0,1,1,1,1,1,1,1
2022-01-08 11:45:00+00:00,60,1,11,100.39002990722656,11.66197395324707,0,0,0,0,0,0,0,0,0,0,1,1,1,1,1,1,1,0,1,1,1,1,1,1,1
2022-01-08 11:45:00+00:00,60,1,11,193.40916442871094,7.467514991760254,0,0,0,0,0,0,0,0,0,0,0,0,0,1,1,1,1,1,1,1,1,1,1,1,1
2022-01-08 11:45:00+00:00,60,1,11,277.6947326660156,0.0,0,0,0,0,0,0,0,0,0,0,0,0,0,0,0,1,1,1,1,1,1,1,1,1,1
2022-01-08 11:45:00+00:00,60,1,11,261.19293212890625,208.73629760742188,0,0,0,0,0,0,0,0,0,0,0,0,0,0,0,1,1,0,0,0,0,0,0,0,0
2022-01-08 11:45:00+00:00,60,1,11,,165.5404510498047,0,0,0,0,0,0,0,0,0,0,0,0,0,0,0,0,0,0,0,0,0,0,0,0,0
2022-01-08 11:45:00+00:00,60,1,11,68.36641693115234,0.0,0,0,0,0,0,0,0,0,1,1,1,1,1,1,1,1,1,1,1,1,1,1,1,1,1
2022-01-08 11:45:00+00:00,60,1,11,,300.9915466308594,0,0,0,0,0,0,0,0,0,0,0,0,0,0,0,0,0,0,0,0,0,0,0,0,0
2022-01-08 11:45:00+00:00,60,1,11,,,0,0,0,0,0,0,0,0,0,0,0,0,0,0,0,0,0,0,0,0,0,0,0,0,0
2022-01-08 11:45:00+00:00,60,1,11,,,0,0,0,0,0,0,0,0,0,0,0,0,0,0,0,0,0,0,0,0,0,0,0,0,0
2022-01-08 12:00:00+00:00,60,1,12,,,0,0,0,0,0,0,0,0,0,0,0,0,0,0,0,0,0,0,0,0,0,0,0,0,0
2022-01-08 12:00:00+00:00,60,1,12,,,0,0,0,0,0,0,0,0,0,0,0,0,0,0,0,0,0,0,0,0,0,0,0,0,0
2022-01-08 12:00:00+00:00,60,1,12,379.13067626953125,364.421630859375,0,0,0,0,0,0,0,0,0,0,0,0,0,0,0,0,0,0,0,0,0,0,0,0,0
2022-01-08 12:00:00+00:00,60,1,12,153.55877685546875,291.58746337890625,0,0,0,0,0,0,0,0,0,0,0,0,1,1,1,1,1,0,0,0,0,0,0,0,0
2022-01-08 12:00:00+00:00,60,1,12,101.62361907958984,326.28729248046875,0,0,0,0,0,0,0,0,0,0,1,1,1,1,1,1,1,0,0,0,0,0,0,0,0
2022-01-08 12:00:00+00:00,60,1,12,43.83772659301758,4.533294200897217,0,0,0,0,0,0,1,1,1,1,1,1,1,1,1,1,1,1,1,1,1,1,1,1,1
2022-01-08 12:00:00+00:00,60,1,12,240.816650390625,245.54490661621094,0,0,0,0,0,0,0,0,0,0,0,0,0,0,1,1,1,0,0,0,0,0,0,0,0
2022-01-08 12:00:00+00:00,60,1,12,333.1267395019531,283.2995910644531,0,0,0,0,0,0,0,0,0,0,0,0,0,0,0,0,1,0,0,0,0,0,0,0,0
2022-01-08 12:00:00+00:00,60,1,12,69.12149810791016,44.25028991699219,0,0,0,0,0,0,0,0,1,1,1,1,1,1,1,1,1,0,0,0,0,0,0,1,1
2022-01-08 12:00:00+00:00,60,1,12,69.69963836669922,17.970523834228516,0,0,0,0,0,0,0,0,1,1,1,1,1,1,1,1,1,0,0,1,1,1,1,1,1
2022-01-08 12:00:00+00:00,60,1,12,184.3235321044922,18.61430549621582,0,0,0,0,0,0,0,0,0,0,0,0,0,1,1,1,1,0,0,1,1,1,1,1,1
2022-01-08 12:00:00+00:00,60,1,12,67.36260223388672,35.305442810058594,0,0,0,0,0,0,0,0,1,1,1,1,1,1,1,1,1,0,0,0,0,0,1,1,1
2022-01-08 12:00:00+00:00,60,1,12,288.5212707519531,66.62711334228516,0,0,0,0,0,0,0,0,0,0,0,0,0,0,0,1,1,0,0,0,0,0,0,0,0
2022-01-08 12:00:00+00:00,60,1,12,168.63067626953125,87.48187255859375,0,0,0,0,0,0,0,0,0,0,0,0,1,1,1,1,1,0,0,0,0,0,0,0,0
2022-01-08 12:00:00+00:00,60,1,12,294.8085021972656,0.0,0,0,0,0,0,0,0,0,0,0,0,0,0,0,0,1,1,1,1,1,1,1,1,1,1
2022-01-08 12:00:00+00:00,60,1,12,57.99216842651367,50.88566207885742,0,0,0,0,0,0,0,1,1,1,1,1,1,1,1,1,1,0,0,0,0,0,0,0,1
2022-01-08 12:00:00+00:00,60,1,12,208.2082977294922,28.594482421875,0,0,0,0,0,0,0,0,0,0,0,0,0,0,1,1,1,0,0,0,0,1,1,1,1
2022-01-08 12:15:00+00:00,60,1,12,,,0,0,0,0,0,0,0,0,0,0,0,0,0,0,0,0,0,0,0,0,0,0,0,0,0
2022-01-08 12:15:00+00:00,60,1,12,,429.2266845703125,0,0,0,0,0,0,0,0,0,0,0,0,0,0,0,0,0,0,0,0,0,0,0,0,0
2022-01-08 12:15:00+00:00,60,1,12,212.12893676757812,351.8450927734375,0,0,0,0,0,0,0,0,0,0,0,0,0,0,1,1,1,0,0,0,0,0,0,0,0
2022-01-08 12:15:00+00:00,60,1,12,210.3209228515625,93.90483093261719,0,0,0,0,0,0,0,0,0,0,0,0,0,0,1,1,1,0,0,0,0,0,0,0,0
2022-01-08 12:15:00+00:00,60,1,12,70.60386657714844,27.01715850830078,0,0,0,0,0,0,0,0,1,1,1,1,1,1,1,1,1,0,0,0,0,1,1,1,1
2022-01-08 12:15:00+00:00,60,1,12,119.7912368774414,61.167991638183594,0,0,0,0,0,0,0,0,0,0,1,1,1,1,1,1,1,0,0,0,0,0,0,0,0
2022-01-08 12:15:00+00:00,60,1,12,94.74691772460938,48.150367736816406,0,0,0,0,0,0,0,0,0,1,1,1,1,1,1,1,1,0,0,0,0,0,0,1,1
2022-01-08 12:15:00+00:00,60,1,12,333.1195068359375,205.86050415039062,0,0,0,0,0,0,0,0,0,0,0,0,0,0,0,0,1,0,0,0,0,0,0,0,0
2022-01-08 12:15:00+00:00,60,1,12,98.26304626464844,3.620640516281128,0,0,0,0,0,0,0,0,0,1,1,1,1,1,1,1,1,1,1,1,1,1,1,1,1
2022-01-08 12:30:00+00:00,60,1,12,130.05508422851562,102.73074340820312,0,0,0,0,0,0,0,0,0,0,0,1,1,1,1,1,1,0,0,0,0,0,0,0,0
2022-01-08 12:30:00+00:00,60,1,12,90.2064437866211,73.3578109741211,0,0,0,0,0,0,0,0,0,1,1,1,1,1,1,1,1,0,0,0,0,0,0,0,0
2022-01-08 12:30:00+00:00,60,1,12,68.41097259521484,29.282194137573242,0,0,0,0,0,0,0,0,1,1,1,1,1,1,1,1,1,0,0,0,0,1,1,1,1
2022-01-08 12:30:00+00:00,60,1,12,287.6834411621094,201.68246459960938,0,0,0,0,0,0,0,0,0,0,0,0,0,0,0,1,1,0,0,0,0,0,0,0,0
2022-01-08 12:30:00+00:00,60,1,12,72.6055679321289,27.082489013671875,0,0,0,0,0,0,0,0,1,1,1,1,1,1,1,1,1,0,0,0,0,1,1,1,1
2022-01-08 12:30:00+00:00,60,1,12,123.26905822753906,59.95344543457031,0,0,0,0,0,0,0,0,0,0,0,1,1,1,1,1,1,0,0,0,0,0,0,0,1
2022-01-08 12:30:00+00:00,60,1,12,426.7446594238281,416.6296691894531,0,0,0,0,0,0,0,0,0,0,0,0,0,0,0,0,0,0,0,0,0,0,0,0,0
2022-01-08 12:30:00+00:00,60,1,12,138.9666290283203,57.03372573852539,0,0,0,0,0,0,0,0,0,0,0,1,1,1,1,1,1,0,0,0,0,0,0,0,1
2022-01-08 12:30:00+00:00,60,1,12,62.76547622680664,8.865534782409668,0,0,0,0,0,0,0,0,1,1,1,1,1,1,1,1,1,1,1,1,1,1,1,1,1
2022-01-08 12:30:00+00:00,60,1,12,263.76690673828125,44.71574401855469,0,0,0,0,0,0,0,0,0,0,0,0,0,0,0,1,1,0,0,0,0,0,0,1,1
2022-01-08 12:30:00+00:00,60,1,12,55.980323791503906,0.0,0,0,0,0,0,0,0,1,1,1,1,1,1,1,1,1,1,1,1,1,1,1,1,1,1
2022-01-08 12:30:00+00:00,60,1,12,185.2515411376953,18.995344161987305,0,0,0,0,0,0,0,0,0,0,0,0,0,1,1,1,1,0,0,1,1,1,1,1,1
2022-01-08 12:30:00+00:00,60,1,12,111.12747192382812,57.970489501953125,0,0,0,0,0,0,0,0,0,0,1,1,1,1,1,1,1,0,0,0,0,0,0,0,1
2022-01-08 12:30:00+00:00,60,1,12,104.23463439941406,101.52116394042969,0,0,0,0,0,0,0,0,0,0,1,1,1,1,1,1,1,0,0,0,0,0,0,0,0
2022-01-08 12:30:00+00:00,60,1,12,116.48118591308594,106.810791015625,0,0,0,0,0,0,0,0,0,0,1,1,1,1,1,1,1,0,0,0,0,0,0,0,0
2022-01-08 12:30:00+00:00,60,1,12,,,0,0,0,0,0,0,0,0,0,0,0,0,0,0,0,0,0,0,0,0,0,0,0,0,0
2022-01-08 12:30:00+00:00,60,1,12,,,0,0,0,0,0,0,0,0,0,0,0,0,0,0,0,0,0,0,0,0,0,0,0,0,0
2022-01-08 12:45:00+00:00,60,1,12,,,0,0,0,0,0,0,0,0,0,0,0,0,0,0,0,0,0,0,0,0,0,0,0,0,0
2022-01-08 12:45:00+00:00,60,1,12,,5.155536651611328,0,0,0,0,0,0,0,0,0,0,0,0,0,0,0,0,0,1,1,1,1,1,1,1,1
2022-01-08 12:45:00+00:00,60,1,12,244.7369842529297,48.83845520019531,0,0,0,0,0,0,0,0,0,0,0,0,0,0,1,1,1,0,0,0,0,0,0,1,1
2022-01-08 12:45:00+00:00,60,1,12,193.33766174316406,0.0,0,0,0,0,0,0,0,0,0,0,0,0,0,1,1,1,1,1,1,1,1,1,1,1,1
2022-01-08 12:45:00+00:00,60,1,12,285.7352294921875,311.14910888671875,0,0,0,0,0,0,0,0,0,0,0,0,0,0,0,1,1,0,0,0,0,0,0,0,0
2022-01-08 12:45:00+00:00,60,1,12,335.82135009765625,145.09738159179688,0,0,0,0,0,0,0,0,0,0,0,0,0,0,0,0,1,0,0,0,0,0,0,0,0
2022-01-08 12:45:00+00:00,60,1,12,62.59620666503906,42.47336959838867,0,0,0,0,0,0,0,0,1,1,1,1,1,1,1,1,1,0,0,0,0,0,0,1,1
2022-01-08 12:45:00+00:00,60,1,12,92.81298065185547,41.84611892700195,0,0,0,0,0,0,0,0,0,1,1,1,1,1,1,1,1,0,0,0,0,0,0,1,1
2022-01-08 12:45:00+00:00,60,1,12,193.69998168945312,52.55919647216797,0,0,0,0,0,0,0,0,0,0,0,0,0,1,1,1,1,0,0,0,0,0,0,0,1
2022-01-08 12:45:00+00:00,60,1,12,210.22467041015625,0.0,0,0,0,0,0,0,0,0,0,0,0,0,0,0,1,1,1,1,1,1,1,1,1,1,1
2022-01-08 12:45:00+00:00,60,1,12,127.14794921875,65.01516723632812,0,0,0,0,0,0,0,0,0,0,0,1,1,1,1,1,1,0,0,0,0,0,0,0,0
2022-01-08 13:00:00+00:00,60,1,13,322.7734375,289.3850402832031,0,0,0,0,0,0,0,0,0,0,0,0,0,0,0,0,1,0,0,0,0,0,0,0,0
2022-01-08 13:00:00+00:00,60,1,13,70.10879516601562,0.0,0,0,0,0,0,0,0,0,1,1,1,1,1,1,1,1,1,1,1,1,1,1,1,1,1
2022-01-08 13:00:00+00:00,60,1,13,31.08329963684082,3.4721603393554688,0,0,0,0,0,1,1,1,1,1,1,1,1,1,1,1,1,1,1,1,1,1,1,1,1
2022-01-08 13:00:00+00:00,60,1,13,324.54010009765625,37.80082321166992,0,0,0,0,0,0,0,0,0,0,0,0,0,0,0,0,1,0,0,0,0,0,1,1,1
2022-01-08 13:00:00+00:00,60,1,13,73.68516540527344,34.424983978271484,0,0,0,0,0,0,0,0,1,1,1,1,1,1,1,1,1,0,0,0,0,0,1,1,1
2022-01-08 13:15:00+00:00,60,1,13,270.8328552246094,137.48855590820312,0,0,0,0,0,0,0,0,0,0,0,0,0,0,0,1,1,0,0,0,0,0,0,0,0
2022-01-08 13:15:00+00:00,60,1,13,200.90264892578125,193.97128295898438,0,0,0,0,0,0,0,0,0,0,0,0,0,0,1,1,1,0,0,0,0,0,0,0,0
2022-01-08 13:15:00+00:00,60,1,13,163.40911865234375,136.03053283691406,0,0,0,0,0,0,0,0,0,0,0,0,1,1,1,1,1,0,0,0,0,0,0,0,0
2022-01-08 13:15:00+00:00,60,1,13,178.93263244628906,194.2984619140625,0,0,0,0,0,0,0,0,0,0,0,0,1,1,1,1,1,0,0,0,0,0,0,0,0
2022-01-08 13:15:00+00:00,60,1,13,80.24976348876953,73.46699523925781,0,0,0,0,0,0,0,0,0,1,1,1,1,1,1,1,1,0,0,0,0,0,0,0,0
2022-01-08 13:15:00+00:00,60,1,13,107.67507934570312,80.7913589477539,0,0,0,0,0,0,0,0,0,0,1,1,1,1,1,1,1,0,0,0,0,0,0,0,0
2022-01-08 13:15:00+00:00,60,1,13,95.70746612548828,3.1380577087402344,0,0,0,0,0,0,0,0,0,1,1,1,1,1,1,1,1,1,1,1,1,1,1,1,1
2022-01-08 13:15:00+00:00,60,1,13,52.60504913330078,0.0,0,0,0,0,0,0,0,1,1,1,1,1,1,1,1,1,1,1,1,1,1,1,1,1,1
2022-01-08 13:15:00+00:00,60,1,13,299.15338134765625,193.896240234375,0,0,0,0,0,0,0,0,0,0,0,0,0,0,0,1,1,0,0,0,0,0,0,0,0
2022-01-08 13:15:00+00:00,60,1,13,317.3856201171875,162.27426147460938,0,0,0,0,0,0,0,0,0,0,0,0,0,0,0,0,1,0,0,0,0,0,0,0,0
2022-01-08 13:30:00+00:00,60,1,13,107.22511291503906,147.4800262451172,0,0,0,0,0,0,0,0,0,0,1,1,1,1,1,1,1,0,0,0,0,0,0,0,0
2022-01-08 13:30:00+00:00,60,1,13,122.34001159667969,92.91873168945312,0,0,0,0,0,0,0,0,0,0,0,1,1,1,1,1,1,0,0,0,0,0,0,0,0
2022-01-08 13:30:00+00:00,60,1,13,175.86141967773438,131.81265258789062,0,0,0,0,0,0,0,0,0,0,0,0,1,1,1,1,1,0,0,0,0,0,0,0,0
2022-01-08 13:30:00+00:00,60,1,13,54.80883026123047,28.40537452697754,0,0,0,0,0,0,0,1,1,1,1,1,1,1,1,1,1,0,0,0,0,1,1,1,1
2022-01-08 13:30:00+00:00,60,1,13,145.05026245117188,154.21737670898438,0,0,0,0,0,0,0,0,0,0,0,1,1,1,1,1,1,0,0,0,0,0,0,0,0
2022-01-08 13:30:00+00:00,60,1,13,169.97811889648438,21.873937606811523,0,0,0,0,0,0,0,0,0,0,0,0,1,1,1,1,1,0,0,0,1,1,1,1,1
2022-01-08 13:30:00+00:00,60,1,13,217.64498901367188,182.84255981445312,0,0,0,0,0,0,0,0,0,0,0,0,0,0,1,1,1,0,0,0,0,0,0,0,0
2022-01-08 13:30:00+00:00,60,1,13,,29.378339767456055,0,0,0,0,0,0,0,0,0,0,0,0,0,0,0,0,0,0,0,0,0,1,1,1,1
2022-01-08 13:45:00+00:00,60,1,13,,,0,0,0,0,0,0,0,0,0,0,0,0,0,0,0,0,0,0,0,0,0,0,0,0,0
2022-01-08 13:45:00+00:00,60,1,13,,,0,0,0,0,0,0,0,0,0,0,0,0,0,0,0,0,0,0,0,0,0,0,0,0,0
2022-01-08 13:45:00+00:00,60,1,13,,,0,0,0,0,0,0,0,0,0,0,0,0,0,0,0,0,0,0,0,0,0,0,0,0,0
2022-01-08 13:45:00+00:00,60,1,13,,,0,0,0,0,0,0,0,0,0,0,0,0,0,0,0,0,0,0,0,0,0,0,0,0,0
2022-01-08 13:45:00+00:00,60,1,13,107.63890838623047,132.89794921875,0,0,0,0,0,0,0,0,0,0,1,1,1,1,1,1,1,0,0,0,0,0,0,0,0
2022-01-08 13:45:00+00:00,60,1,13,238.08702087402344,187.8679656982422,0,0,0,0,0,0,0,0,0,0,0,0,0,0,1,1,1,0,0,0,0,0,0,0,0
2022-01-08 13:45:00+00:00,60,1,13,122.90170288085938,118.00041961669922,0,0,0,0,0,0,0,0,0,0,0,1,1,1,1,1,1,0,0,0,0,0,0,0,0
2022-01-08 13:45:00+00:00,60,1,13,101.98590850830078,56.153221130371094,0,0,0,0,0,0,0,0,0,0,1,1,1,1,1,1,1,0,0,0,0,0,0,0,1
2022-01-08 13:45:00+00:00,60,1,13,123.52294158935547,120.88117218017578,0,0,0,0,0,0,0,0,0,0,0,1,1,1,1,1,1,0,0,0,0,0,0,0,0
2022-01-08 13:45:00+00:00,60,1,13,100.68041229248047,74.6488037109375,0,0,0,0,0,0,0,0,0,0,1,1,1,1,1,1,1,0,0,0,0,0,0,0,0
2022-01-08 13:45:00+00:00,60,1,13,99.38914489746094,75.54906463623047,0,0,0,0,0,0,0,0,0,1,1,1,1,1,1,1,1,0,0,0,0,0,0,0,0
2022-01-08 13:45:00+00:00,60,1,13,229.9859161376953,135.17848205566406,0,0,0,0,0,0,0,0,0,0,0,0,0,0,1,1,1,0,0,0,0,0,0,0,0
2022-01-08 13:45:00+00:00,60,1,13,,9.110726356506348,0,0,0,0,0,0,0,0,0,0,0,0,0,0,0,0,0,1,1,1,1,1,1,1,1
2022-01-08 14:00:00+00:00,60,1,14,161.5311279296875,119.00312805175781,0,0,0,0,0,0,0,0,0,0,0,0,1,1,1,1,1,0,0,0,0,0,0,0,0
2022-01-08 14:00:00+00:00,60,1,14,,,0,0,0,0,0,0,0,0,0,0,0,0,0,0,0,0,0,0,0,0,0,0,0,0,0
2022-01-08 14:15:00+00:00,60,1,14,,,0,0,0,0,0,0,0,0,0,0,0,0,0,0,0,0,0,0,0,0,0,0,0,0,0
2022-01-08 14:15:00+00:00,60,1,14,221.0621337890625,249.13075256347656,0,0,0,0,0,0,0,0,0,0,0,0,0,0,1,1,1,0,0,0,0,0,0,0,0
2022-01-08 14:15:00+00:00,60,1,14,167.65757751464844,188.8871307373047,0,0,0,0,0,0,0,0,0,0,0,0,1,1,1,1,1,0,0,0,0,0,0,0,0
2022-01-08 14:15:00+00:00,60,1,14,185.79412841796875,65.0594253540039,0,0,0,0,0,0,0,0,0,0,0,0,0,1,1,1,1,0,0,0,0,0,0,0,0
2022-01-08 14:15:00+00:00,60,1,14,60.17067337036133,6.560659408569336,0,0,0,0,0,0,0,0,1,1,1,1,1,1,1,1,1,1,1,1,1,1,1,1,1
2022-01-08 14:15:00+00:00,60,1,14,76.02884674072266,66.1555404663086,0,0,0,0,0,0,0,0,1,1,1,1,1,1,1,1,1,0,0,0,0,0,0,0,0
2022-01-08 14:15:00+00:00,60,1,14,74.67582702636719,96.95367431640625,0,0,0,0,0,0,0,0,1,1,1,1,1,1,1,1,1,0,0,0,0,0,0,0,0
2022-01-08 14:15:00+00:00,60,1,14,,,0,0,0,0,0,0,0,0,0,0,0,0,0,0,0,0,0,0,0,0,0,0,0,0,0
2022-01-08 14:15:00+00:00,60,1,14,,,0,0,0,0,0,0,0,0,0,0,0,0,0,0,0,0,0,0,0,0,0,0,0,0,0
2022-01-08 14:30:00+00:00,60,1,14,,,0,0,0,0,0,0,0,0,0,0,0,0,0,0,0,0,0,0,0,0,0,0,0,0,0
2022-01-08 14:30:00+00:00,60,1,14,,,0,0,0,0,0,0,0,0,0,0,0,0,0,0,0,0,0,0,0,0,0,0,0,0,0
2022-01-08 14:30:00+00:00,60,1,14,48.10199737548828,64.28378295898438,0,0,0,0,0,0,1,1,1,1,1,1,1,1,1,1,1,0,0,0,0,0,0,0,0
2022-01-08 14:30:00+00:00,60,1,14,94.55785369873047,18.165607452392578,0,0,0,0,0,0,0,0,0,1,1,1,1,1,1,1,1,0,0,1,1,1,1,1,1
2022-01-08 14:30:00+00:00,60,1,14,103.12415313720703,55.80706787109375,0,0,0,0,0,0,0,0,0,0,1,1,1,1,1,1,1,0,0,0,0,0,0,0,1
2022-01-08 14:30:00+00:00,60,1,14,90.18372344970703,101.68560028076172,0,0,0,0,0,0,0,0,0,1,1,1,1,1,1,1,1,0,0,0,0,0,0,0,0
2022-01-08 14:30:00+00:00,60,1,14,368.8108825683594,104.17042541503906,0,0,0,0,0,0,0,0,0,0,0,0,0,0,0,0,0,0,0,0,0,0,0,0,0
2022-01-08 14:45:00+00:00,60,1,14,106.26758575439453,104.93277740478516,0,0,0,0,0,0,0,0,0,0,1,1,1,1,1,1,1,0,0,0,0,0,0,0,0
2022-01-08 14:45:00+00:00,60,1,14,126.21363067626953,84.72750091552734,0,0,0,0,0,0,0,0,0,0,0,1,1,1,1,1,1,0,0,0,0,0,0,0,0
2022-01-08 14:45:00+00:00,60,1,14,73.51222229003906,18.749197006225586,0,0,0,0,0,0,0,0,1,1,1,1,1,1,1,1,1,0,0,1,1,1,1,1,1
2022-01-08 14:45:00+00:00,60,1,14,141.8965606689453,199.5877685546875,0,0,0,0,0,0,0,0,0,0,0,1,1,1,1,1,1,0,0,0,0,0,0,0,0
2022-01-08 14:45:00+00:00,60,1,14,223.01502990722656,219.07948303222656,0,0,0,0,0,0,0,0,0,0,0,0,0,0,1,1,1,0,0,0,0,0,0,0,0
2022-01-08 14:45:00+00:00,60,1,14,,,0,0,0,0,0,0,0,0,0,0,0,0,0,0,0,0,0,0,0,0,0,0,0,0,0
2022-01-08 14:45:00+00:00,60,1,14,323.4162292480469,126.78795623779297,0,0,0,0,0,0,0,0,0,0,0,0,0,0,0,0,1,0,0,0,0,0,0,0,0
2022-01-08 15:00:00+00:00,60,1,15,,,0,0,0,0,0,0,0,0,0,0,0,0,0,0,0,0,0,0,0,0,0,0,0,0,0
2022-01-08 15:00:00+00:00,60,1,15,169.2200927734375,9.022174835205078,0,0,0,0,0,0,0,0,0,0,0,0,1,1,1,1,1,1,1,1,1,1,1,1,1
2022-01-08 15:00:00+00:00,60,1,15,79.09617614746094,140.6256103515625,0,0,0,0,0,0,0,0,1,1,1,1,1,1,1,1,1,0,0,0,0,0,0,0,0
2022-01-08 15:00:00+00:00,60,1,15,280.5922546386719,30.082332611083984,0,0,0,0,0,0,0,0,0,0,0,0,0,0,0,1,1,0,0,0,0,0,1,1,1
2022-01-08 15:00:00+00:00,60,1,15,316.56817626953125,52.92704391479492,0,0,0,0,0,0,0,0,0,0,0,0,0,0,0,0,1,0,0,0,0,0,0,0,1
2022-01-08 15:00:00+00:00,60,1,15,363.18951416015625,185.46615600585938,0,0,0,0,0,0,0,0,0,0,0,0,0,0,0,0,0,0,0,0,0,0,0,0,0
2022-01-08 15:00:00+00:00,60,1,15,,,0,0,0,0,0,0,0,0,0,0,0,0,0,0,0,0,0,0,0,0,0,0,0,0,0
2022-01-08 15:15:00+00:00,60,1,15,79.96694946289062,131.3794708251953,0,0,0,0,0,0,0,0,1,1,1,1,1,1,1,1,1,0,0,0,0,0,0,0,0
2022-01-08 15:15:00+00:00,60,1,15,235.6929168701172,279.4300231933594,0,0,0,0,0,0,0,0,0,0,0,0,0,0,1,1,1,0,0,0,0,0,0,0,0
2022-01-08 15:15:00+00:00,60,1,15,232.83883666992188,242.54115295410156,0,0,0,0,0,0,0,0,0,0,0,0,0,0,1,1,1,0,0,0,0,0,0,0,0
2022-01-08 15:15:00+00:00,60,1,15,158.9129638671875,179.47891235351562,0,0,0,0,0,0,0,0,0,0,0,0,1,1,1,1,1,0,0,0,0,0,0,0,0
2022-01-08 15:15:00+00:00,60,1,15,241.4274444580078,13.644248962402344,0,0,0,0,0,0,0,0,0,0,0,0,0,0,1,1,1,0,1,1,1,1,1,1,1
2022-01-08 15:15:00+00:00,60,1,15,272.1862487792969,269.3822021484375,0,0,0,0,0,0,0,0,0,0,0,0,0,0,0,1,1,0,0,0,0,0,0,0,0
2022-01-08 15:15:00+00:00,60,1,15,,332.50897216796875,0,0,0,0,0,0,0,0,0,0,0,0,0,0,0,0,0,0,0,0,0,0,0,0,0
2022-01-08 15:15:00+00:00,60,1,15,54.43595504760742,112.92803955078125,0,0,0,0,0,0,0,1,1,1,1,1,1,1,1,1,1,0,0,0,0,0,0,0,0
2022-01-08 15:30:00+00:00,60,1,15,53.48946762084961,0.0,0,0,0,0,0,0,0,1,1,1,1,1,1,1,1,1,1,1,1,1,1,1,1,1,1
2022-01-08 15:30:00+00:00,60,1,15,181.30807495117188,116.920654296875,0,0,0,0,0,0,0,0,0,0,0,0,0,1,1,1,1,0,0,0,0,0,0,0,0
2022-01-08 15:30:00+00:00,60,1,15,158.6019744873047,184.5159149169922,0,0,0,0,0,0,0,0,0,0,0,0,1,1,1,1,1,0,0,0,0,0,0,0,0
2022-01-08 15:30:00+00:00,60,1,15,85.88056182861328,110.23713684082031,0,0,0,0,0,0,0,0,0,1,1,1,1,1,1,1,1,0,0,0,0,0,0,0,0
2022-01-08 15:30:00+00:00,60,1,15,49.5008430480957,0.0,0,0,0,0,0,0,1,1,1,1,1,1,1,1,1,1,1,1,1,1,1,1,1,1,1
2022-01-08 15:30:00+00:00,60,1,15,38.401859283447266,43.290611267089844,0,0,0,0,0,1,1,1,1,1,1,1,1,1,1,1,1,0,0,0,0,0,0,1,1
2022-01-08 15:30:00+00:00,60,1,15,,,0,0,0,0,0,0,0,0,0,0,0,0,0,0,0,0,0,0,0,0,0,0,0,0,0
2022-01-08 15:30:00+00:00,60,1,15,124.28839111328125,94.51850128173828,0,0,0,0,0,0,0,0,0,0,0,1,1,1,1,1,1,0,0,0,0,0,0,0,0
2022-01-08 15:45:00+00:00,60,1,15,,,0,0,0,0,0,0,0,0,0,0,0,0,0,0,0,0,0,0,0,0,0,0,0,0,0
2022-01-08 15:45:00+00:00,60,1,15,335.7333984375,436.6703186035156,0,0,0,0,0,0,0,0,0,0,0,0,0,0,0,0,1,0,0,0,0,0,0,0,0
2022-01-08 15:45:00+00:00,60,1,15,68.63191223144531,100.5801010131836,0,0,0,0,0,0,0,0,1,1,1,1,1,1,1,1,1,0,0,0,0,0,0,0,0
2022-01-08 15:45:00+00:00,60,1,15,135.0165252685547,136.5784912109375,0,0,0,0,0,0,0,0,0,0,0,1,1,1,1,1,1,0,0,0,0,0,0,0,0
2022-01-08 15:45:00+00:00,60,1,15,178.55152893066406,164.11099243164062,0,0,0,0,0,0,0,0,0,0,0,0,1,1,1,1,1,0,0,0,0,0,0,0,0
2022-01-08 15:45:00+00:00,60,1,15,296.507568359375,254.62631225585938,0,0,0,0,0,0,0,0,0,0,0,0,0,0,0,1,1,0,0,0,0,0,0,0,0
2022-01-08 15:45:00+00:00,60,1,15,167.1721954345703,0.0,0,0,0,0,0,0,0,0,0,0,0,0,1,1,1,1,1,1,1,1,1,1,1,1,1
2022-01-08 15:45:00+00:00,60,1,15,337.0641784667969,330.7046203613281,0,0,0,0,0,0,0,0,0,0,0,0,0,0,0,0,1,0,0,0,0,0,0,0,0
2022-01-08 15:45:00+00:00,60,1,15,327.63519287109375,323.2662658691406,0,0,0,0,0,0,0,0,0,0,0,0,0,0,0,0,1,0,0,0,0,0,0,0,0
2022-01-08 16:00:00+00:00,60,1,16,,,0,0,0,0,0,0,0,0,0,0,0,0,0,0,0,0,0,0,0,0,0,0,0,0,0
2022-01-08 16:00:00+00:00,60,1,16,57.15669631958008,41.56807327270508,0,0,0,0,0,0,0,1,1,1,1,1,1,1,1,1,1,0,0,0,0,0,0,1,1
2022-01-08 16:00:00+00:00,60,1,16,58.61296463012695,0.0,0,0,0,0,0,0,0,1,1,1,1,1,1,1,1,1,1,1,1,1,1,1,1,1,1
2022-01-08 16:15:00+00:00,60,1,16,84.05987548828125,70.15943145751953,0,0,0,0,0,0,0,0,0,1,1,1,1,1,1,1,1,0,0,0,0,0,0,0,0
2022-01-08 16:15:00+00:00,60,1,16,183.02072143554688,187.14907836914062,0,0,0,0,0,0,0,0,0,0,0,0,0,1,1,1,1,0,0,0,0,0,0,0,0
2022-01-08 16:30:00+00:00,60,1,16,,,0,0,0,0,0,0,0,0,0,0,0,0,0,0,0,0,0,0,0,0,0,0,0,0,0
2022-01-08 16:30:00+00:00,60,1,16,,,0,0,0,0,0,0,0,0,0,0,0,0,0,0,0,0,0,0,0,0,0,0,0,0,0
2022-01-08 16:30:00+00:00,60,1,16,46.837650299072266,46.485958099365234,0,0,0,0,0,0,1,1,1,1,1,1,1,1,1,1,1,0,0,0,0,0,0,1,1
2022-01-08 16:30:00+00:00,60,1,16,316.7806396484375,35.38597106933594,0,0,0,0,0,0,0,0,0,0,0,0,0,0,0,0,1,0,0,0,0,0,1,1,1
2022-01-08 16:45:00+00:00,60,1,16,63.27565002441406,17.041507720947266,0,0,0,0,0,0,0,0,1,1,1,1,1,1,1,1,1,0,0,1,1,1,1,1,1
2022-01-08 16:45:00+00:00,60,1,16,,,0,0,0,0,0,0,0,0,0,0,0,0,0,0,0,0,0,0,0,0,0,0,0,0,0
2022-01-08 17:00:00+00:00,60,1,17,110.16725158691406,86.46863555908203,0,0,0,0,0,0,0,0,0,0,1,1,1,1,1,1,1,0,0,0,0,0,0,0,0
2022-01-08 17:00:00+00:00,60,1,17,231.01434326171875,250.34616088867188,0,0,0,0,0,0,0,0,0,0,0,0,0,0,1,1,1,0,0,0,0,0,0,0,0
2022-01-08 17:00:00+00:00,60,1,17,218.0420684814453,233.45655822753906,0,0,0,0,0,0,0,0,0,0,0,0,0,0,1,1,1,0,0,0,0,0,0,0,0
2022-01-08 17:00:00+00:00,60,1,17,194.94021606445312,203.63436889648438,0,0,0,0,0,0,0,0,0,0,0,0,0,1,1,1,1,0,0,0,0,0,0,0,0
2022-01-08 17:15:00+00:00,60,1,17,,,0,0,0,0,0,0,0,0,0,0,0,0,0,0,0,0,0,0,0,0,0,0,0,0,0
2022-01-08 17:15:00+00:00,60,1,17,58.0119514465332,54.401763916015625,0,0,0,0,0,0,0,1,1,1,1,1,1,1,1,1,1,0,0,0,0,0,0,0,1
2022-01-08 17:15:00+00:00,60,1,17,204.8426513671875,143.35459899902344,0,0,0,0,0,0,0,0,0,0,0,0,0,0,1,1,1,0,0,0,0,0,0,0,0
2022-01-08 17:15:00+00:00,60,1,17,143.88800048828125,55.26328659057617,0,0,0,0,0,0,0,0,0,0,0,1,1,1,1,1,1,0,0,0,0,0,0,0,1
2022-01-08 17:30:00+00:00,60,1,17,211.79408264160156,349.92523193359375,0,0,0,0,0,0,0,0,0,0,0,0,0,0,1,1,1,0,0,0,0,0,0,0,0
2022-01-08 17:30:00+00:00,60,1,17,49.74468231201172,19.741092681884766,0,0,0,0,0,0,1,1,1,1,1,1,1,1,1,1,1,0,0,1,1,1,1,1,1
2022-01-08 17:30:00+00:00,60,1,17,199.7770233154297,202.82456970214844,0,0,0,0,0,0,0,0,0,0,0,0,0,1,1,1,1,0,0,0,0,0,0,0,0
2022-01-08 17:30:00+00:00,60,1,17,91.94406127929688,108.05895233154297,0,0,0,0,0,0,0,0,0,1,1,1,1,1,1,1,1,0,0,0,0,0,0,0,0
2022-01-08 17:30:00+00:00,60,1,17,,,0,0,0,0,0,0,0,0,0,0,0,0,0,0,0,0,0,0,0,0,0,0,0,0,0
2022-01-08 17:45:00+00:00,60,1,17,73.5692367553711,108.83988952636719,0,0,0,0,0,0,0,0,1,1,1,1,1,1,1,1,1,0,0,0,0,0,0,0,0
2022-01-08 17:45:00+00:00,60,1,17,201.7575225830078,186.18214416503906,0,0,0,0,0,0,0,0,0,0,0,0,0,0,1,1,1,0,0,0,0,0,0,0,0
2022-01-09 10:00:00+00:00,60,1,10,,,0,0,0,0,0,0,0,0,0,0,0,0,0,0,0,0,0,0,0,0,0,0,0,0,0
2022-01-09 10:00:00+00:00,60,1,10,194.73988342285156,155.24029541015625,0,0,0,0,0,0,0,0,0,0,0,0,0,1,1,1,1,0,0,0,0,0,0,0,0
2022-01-09 10:00:00+00:00,60,1,10,497.3961181640625,,0,0,0,0,0,0,0,0,0,0,0,0,0,0,0,0,0,0,0,0,0,0,0,0,0
2022-01-09 10:00:00+00:00,60,1,10,,,0,0,0,0,0,0,0,0,0,0,0,0,0,0,0,0,0,0,0,0,0,0,0,0,0
2022-01-09 10:00:00+00:00,60,1,10,320.12359619140625,333.24652099609375,0,0,0,0,0,0,0,0,0,0,0,0,0,0,0,0,1,0,0,0,0,0,0,0,0
2022-01-09 10:00:00+00:00,60,1,10,472.08087158203125,169.04611206054688,0,0,0,0,0,0,0,0,0,0,0,0,0,0,0,0,0,0,0,0,0,0,0,0,0
2022-01-09 10:00:00+00:00,60,1,10,467.1935119628906,110.5648193359375,0,0,0,0,0,0,0,0,0,0,0,0,0,0,0,0,0,0,0,0,0,0,0,0,0
2022-01-09 10:00:00+00:00,60,1,10,440.4308166503906,11.482698440551758,0,0,0,0,0,0,0,0,0,0,0,0,0,0,0,0,0,0,1,1,1,1,1,1,1
2022-01-09 10:00:00+00:00,60,1,10,,11.023908615112305,0,0,0,0,0,0,0,0,0,0,0,0,0,0,0,0,0,0,1,1,1,1,1,1,1
2022-01-09 10:00:00+00:00,60,1,10,185.28622436523438,165.49647521972656,0,0,0,0,0,0,0,0,0,0,0,0,0,1,1,1,1,0,0,0,0,0,0,0,0
2022-01-09 10:00:00+00:00,60,1,10,221.04962158203125,165.29412841796875,0,0,0,0,0,0,0,0,0,0,0,0,0,0,1,1,1,0,0,0,0,0,0,0,0
2022-01-09 10:00:00+00:00,60,1,10,,,0,0,0,0,0,0,0,0,0,0,0,0,0,0,0,0,0,0,0,0,0,0,0,0,0
2022-01-09 10:15:00+00:00,60,1,10,,,0,0,0,0,0,0,0,0,0,0,0,0,0,0,0,0,0,0,0,0,0,0,0,0,0
2022-01-09 10:15:00+00:00,60,1,10,129.94320678710938,69.70445251464844,0,0,0,0,0,0,0,0,0,0,0,1,1,1,1,1,1,0,0,0,0,0,0,0,0
2022-01-09 10:15:00+00:00,60,1,10,,,0,0,0,0,0,0,0,0,0,0,0,0,0,0,0,0,0,0,0,0,0,0,0,0,0
2022-01-09 10:15:00+00:00,60,1,10,,,0,0,0,0,0,0,0,0,0,0,0,0,0,0,0,0,0,0,0,0,0,0,0,0,0
2022-01-09 10:15:00+00:00,60,1,10,313.32086181640625,244.79721069335938,0,0,0,0,0,0,0,0,0,0,0,0,0,0,0,0,1,0,0,0,0,0,0,0,0
2022-01-09 10:15:00+00:00,60,1,10,38.01969528198242,8.44701099395752,0,0,0,0,0,1,1,1,1,1,1,1,1,1,1,1,1,1,1,1,1,1,1,1,1
2022-01-09 10:15:00+00:00,60,1,10,213.0585479736328,148.54135131835938,0,0,0,0,0,0,0,0,0,0,0,0,0,0,1,1,1,0,0,0,0,0,0,0,0
2022-01-09 10:15:00+00:00,60,1,10,23.215423583984375,46.64467239379883,0,0,0,1,1,1,1,1,1,1,1,1,1,1,1,1,1,0,0,0,0,0,0,1,1
2022-01-09 10:15:00+00:00,60,1,10,250.82821655273438,185.71641540527344,0,0,0,0,0,0,0,0,0,0,0,0,0,0,0,1,1,0,0,0,0,0,0,0,0
2022-01-09 10:30:00+00:00,60,1,10,,,0,0,0,0,0,0,0,0,0,0,0,0,0,0,0,0,0,0,0,0,0,0,0,0,0
2022-01-09 10:30:00+00:00,60,1,10,102.34477233886719,39.674560546875,0,0,0,0,0,0,0,0,0,0,1,1,1,1,1,1,1,0,0,0,0,0,1,1,1
2022-01-09 10:30:00+00:00,60,1,10,,28.432641983032227,0,0,0,0,0,0,0,0,0,0,0,0,0,0,0,0,0,0,0,0,0,1,1,1,1
2022-01-09 10:30:00+00:00,60,1,10,245.9354705810547,332.2581481933594,0,0,0,0,0,0,0,0,0,0,0,0,0,0,1,1,1,0,0,0,0,0,0,0,0
2022-01-09 10:30:00+00:00,60,1,10,452.3054504394531,22.062122344970703,0,0,0,0,0,0,0,0,0,0,0,0,0,0,0,0,0,0,0,0,1,1,1,1,1
2022-01-09 10:30:00+00:00,60,1,10,100.67440795898438,84.95328521728516,0,0,0,0,0,0,0,0,0,0,1,1,1,1,1,1,1,0,0,0,0,0,0,0,0
2022-01-09 10:30:00+00:00,60,1,10,97.69913482666016,104.9814453125,0,0,0,0,0,0,0,0,0,1,1,1,1,1,1,1,1,0,0,0,0,0,0,0,0
2022-01-09 10:30:00+00:00,60,1,10,,,0,0,0,0,0,0,0,0,0,0,0,0,0,0,0,0,0,0,0,0,0,0,0,0,0
2022-01-09 10:45:00+00:00,60,1,10,345.49951171875,120.84101867675781,0,0,0,0,0,0,0,0,0,0,0,0,0,0,0,0,1,0,0,0,0,0,0,0,0
2022-01-09 10:45:00+00:00,60,1,10,367.2433776855469,78.05171966552734,0,0,0,0,0,0,0,0,0,0,0,0,0,0,0,0,0,0,0,0,0,0,0,0,0
2022-01-09 10:45:00+00:00,60,1,10,140.46380615234375,140.29269409179688,0,0,0,0,0,0,0,0,0,0,0,1,1,1,1,1,1,0,0,0,0,0,0,0,0
2022-01-09 10:45:00+00:00,60,1,10,251.69078063964844,103.82759094238281,0,0,0,0,0,0,0,0,0,0,0,0,0,0,0,1,1,0,0,0,0,0,0,0,0
2022-01-09 10:45:00+00:00,60,1,10,,11.571944236755371,0,0,0,0,0,0,0,0,0,0,0,0,0,0,0,0,0,0,1,1,1,1,1,1,1
2022-01-09 10:45:00+00:00,60,1,10,,27.034095764160156,0,0,0,0,0,0,0,0,0,0,0,0,0,0,0,0,0,0,0,0,0,1,1,1,1
2022-01-09 10:45:00+00:00,60,1,10,,88.88914489746094,0,0,0,0,0,0,0,0,0,0,0,0,0,0,0,0,0,0,0,0,0,0,0,0,0
2022-01-09 10:45:00+00:00,60,1,10,266.5993957519531,99.27143096923828,0,0,0,0,0,0,0,0,0,0,0,0,0,0,0,1,1,0,0,0,0,0,0,0,0
2022-01-09 10:45:00+00:00,60,1,10,194.51112365722656,0.0,0,0,0,0,0,0,0,0,0,0,0,0,0,1,1,1,1,1,1,1,1,1,1,1,1
2022-01-09 10:45:00+00:00,60,1,10,295.97119140625,340.8963623046875,0,0,0,0,0,0,0,0,0,0,0,0,0,0,0,1,1,0,0,0,0,0,0,0,0
2022-01-09 10:45:00+00:00,60,1,10,,301.3168640136719,0,0,0,0,0,0,0,0,0,0,0,0,0,0,0,0,0,0,0,0,0,0,0,0,0
2022-01-09 10:45:00+00:00,60,1,10,,,0,0,0,0,0,0,0,0,0,0,0,0,0,0,0,0,0,0,0,0,0,0,0,0,0
2022-01-09 11:00:00+00:00,60,1,11,202.59002685546875,33.7784309387207,0,0,0,0,0,0,0,0,0,0,0,0,0,0,1,1,1,0,0,0,0,0,1,1,1
2022-01-09 11:00:00+00:00,60,1,11,,409.4613952636719,0,0,0,0,0,0,0,0,0,0,0,0,0,0,0,0,0,0,0,0,0,0,0,0,0
2022-01-09 11:00:00+00:00,60,1,11,,175.00711059570312,0,0,0,0,0,0,0,0,0,0,0,0,0,0,0,0,0,0,0,0,0,0,0,0,0
2022-01-09 11:00:00+00:00,60,1,11,,208.580322265625,0,0,0,0,0,0,0,0,0,0,0,0,0,0,0,0,0,0,0,0,0,0,0,0,0
2022-01-09 11:00:00+00:00,60,1,11,93.76097106933594,71.05537414550781,0,0,0,0,0,0,0,0,0,1,1,1,1,1,1,1,1,0,0,0,0,0,0,0,0
2022-01-09 11:00:00+00:00,60,1,11,311.6407470703125,187.11888122558594,0,0,0,0,0,0,0,0,0,0,0,0,0,0,0,0,1,0,0,0,0,0,0,0,0
2022-01-09 11:00:00+00:00,60,1,11,161.11997985839844,99.95185852050781,0,0,0,0,0,0,0,0,0,0,0,0,1,1,1,1,1,0,0,0,0,0,0,0,0
2022-01-09 11:00:00+00:00,60,1,11,214.59410095214844,88.79641723632812,0,0,0,0,0,0,0,0,0,0,0,0,0,0,1,1,1,0,0,0,0,0,0,0,0
2022-01-09 11:00:00+00:00,60,1,11,137.6654510498047,0.0,0,0,0,0,0,0,0,0,0,0,0,1,1,1,1,1,1,1,1,1,1,1,1,1,1
2022-01-09 11:00:00+00:00,60,1,11,173.8651885986328,149.80032348632812,0,0,0,0,0,0,0,0,0,0,0,0,1,1,1,1,1,0,0,0,0,0,0,0,0
2022-01-09 11:00:00+00:00,60,1,11,456.4429931640625,196.1175537109375,0,0,0,0,0,0,0,0,0,0,0,0,0,0,0,0,0,0,0,0,0,0,0,0,0
2022-01-09 11:00:00+00:00,60,1,11,406.119873046875,312.4312438964844,0,0,0,0,0,0,0,0,0,0,0,0,0,0,0,0,0,0,0,0,0,0,0,0,0
2022-01-09 11:00:00+00:00,60,1,11,,,0,0,0,0,0,0,0,0,0,0,0,0,0,0,0,0,0,0,0,0,0,0,0,0,0
2022-01-09 11:15:00+00:00,60,1,11,507.93701171875,,0,0,0,0,0,0,0,0,0,0,0,0,0,0,0,0,0,0,0,0,0,0,0,0,0
2022-01-09 11:15:00+00:00,60,1,11,183.39466857910156,11.137861251831055,0,0,0,0,0,0,0,0,0,0,0,0,0,1,1,1,1,0,1,1,1,1,1,1,1
2022-01-09 11:15:00+00:00,60,1,11,415.897216796875,111.72059631347656,0,0,0,0,0,0,0,0,0,0,0,0,0,0,0,0,0,0,0,0,0,0,0,0,0
2022-01-09 11:15:00+00:00,60,1,11,47.92440414428711,38.01277160644531,0,0,0,0,0,0,1,1,1,1,1,1,1,1,1,1,1,0,0,0,0,0,1,1,1
2022-01-09 11:15:00+00:00,60,1,11,261.73126220703125,227.1022186279297,0,0,0,0,0,0,0,0,0,0,0,0,0,0,0,1,1,0,0,0,0,0,0,0,0
2022-01-09 11:15:00+00:00,60,1,11,39.29518508911133,4.327192306518555,0,0,0,0,0,1,1,1,1,1,1,1,1,1,1,1,1,1,1,1,1,1,1,1,1
2022-01-09 11:15:00+00:00,60,1,11,286.4461975097656,21.720165252685547,0,0,0,0,0,0,0,0,0,0,0,0,0,0,0,1,1,0,0,0,1,1,1,1,1
2022-01-09 11:15:00+00:00,60,1,11,,,0,0,0,0,0,0,0,0,0,0,0,0,0,0,0,0,0,0,0,0,0,0,0,0,0
2022-01-09 11:30:00+00:00,60,1,11,,,0,0,0,0,0,0,0,0,0,0,0,0,0,0,0,0,0,0,0,0,0,0,0,0,0
2022-01-09 11:30:00+00:00,60,1,11,391.3714904785156,121.0583267211914,0,0,0,0,0,0,0,0,0,0,0,0,0,0,0,0,0,0,0,0,0,0,0,0,0
2022-01-09 11:30:00+00:00,60,1,11,49.73550796508789,22.352201461791992,0,0,0,0,0,0,1,1,1,1,1,1,1,1,1,1,1,0,0,0,1,1,1,1,1
2022-01-09 11:30:00+00:00,60,1,11,119.86027526855469,80.6454086303711,0,0,0,0,0,0,0,0,0,0,1,1,1,1,1,1,1,0,0,0,0,0,0,0,0
2022-01-09 11:30:00+00:00,60,1,11,202.12368774414062,186.54324340820312,0,0,0,0,0,0,0,0,0,0,0,0,0,0,1,1,1,0,0,0,0,0,0,0,0
2022-01-09 11:30:00+00:00,60,1,11,169.06558227539062,165.07272338867188,0,0,0,0,0,0,0,0,0,0,0,0,1,1,1,1,1,0,0,0,0,0,0,0,0
2022-01-09 11:30:00+00:00,60,1,11,211.10475158691406,187.04202270507812,0,0,0,0,0,0,0,0,0,0,0,0,0,0,1,1,1,0,0,0,0,0,0,0,0
2022-01-09 11:30:00+00:00,60,1,11,343.01483154296875,39.8637809753418,0,0,0,0,0,0,0,0,0,0,0,0,0,0,0,0,1,0,0,0,0,0,1,1,1
2022-01-09 11:30:00+00:00,60,1,11,,,0,0,0,0,0,0,0,0,0,0,0,0,0,0,0,0,0,0,0,0,0,0,0,0,0
2022-01-09 11:45:00+00:00,60,1,11,,37.2315788269043,0,0,0,0,0,0,0,0,0,0,0,0,0,0,0,0,0,0,0,0,0,0,1,1,1
2022-01-09 11:45:00+00:00,60,1,11,109.13990783691406,93.11918640136719,0,0,0,0,0,0,0,0,0,0,1,1,1,1,1,1,1,0,0,0,0,0,0,0,0
2022-01-09 11:45:00+00:00,60,1,11,123.33464813232422,113.8858871459961,0,0,0,0,0,0,0,0,0,0,0,1,1,1,1,1,1,0,0,0,0,0,0,0,0
2022-01-09 11:45:00+00:00,60,1,11,329.4339294433594,15.099236488342285,0,0,0,0,0,0,0,0,0,0,0,0,0,0,0,0,1,0,0,1,1,1,1,1,1
2022-01-09 11:45:00+00:00,60,1,11,296.42889404296875,16.814701080322266,0,0,0,0,0,0,0,0,0,0,0,0,0,0,0,1,1,0,0,1,1,1,1,1,1
2022-01-09 11:45:00+00:00,60,1,11,176.21401977539062,52.578224182128906,0,0,0,0,0,0,0,0,0,0,0,0,1,1,1,1,1,0,0,0,0,0,0,0,1
2022-01-09 11:45:00+00:00,60,1,11,232.31605529785156,189.6444091796875,0,0,0,0,0,0,0,0,0,0,0,0,0,0,1,1,1,0,0,0,0,0,0,0,0
2022-01-09 11:45:00+00:00,60,1,11,142.60406494140625,125.0420913696289,0,0,0,0,0,0,0,0,0,0,0,1,1,1,1,1,1,0,0,0,0,0,0,0,0
2022-01-09 11:45:00+00:00,60,1,11,253.43722534179688,259.4380798339844,0,0,0,0,0,0,0,0,0,0,0,0,0,0,0,1,1,0,0,0,0,0,0,0,0
2022-01-09 11:45:00+00:00,60,1,11,134.74417114257812,50.21464920043945,0,0,0,0,0,0,0,0,0,0,0,1,1,1,1,1,1,0,0,0,0,0,0,0,1
2022-01-09 11:45:00+00:00,60,1,11,215.33473205566406,166.67225646972656,0,0,0,0,0,0,0,0,0,0,0,0,0,0,1,1,1,0,0,0,0,0,0,0,0
2022-01-09 11:45:00+00:00,60,1,11,79.75748443603516,0.0,0,0,0,0,0,0,0,0,1,1,1,1,1,1,1,1,1,1,1,1,1,1,1,1,1
2022-01-09 11:45:00+00:00,60,1,11,334.72027587890625,0.0,0,0,0,0,0,0,0,0,0,0,0,0,0,0,0,0,1,1,1,1,1,1,1,1,1
2022-01-09 11:45:00+00:00,60,1,11,152.7246551513672,102.02236938476562,0,0,0,0,0,0,0,0,0,0,0,0,1,1,1,1,1,0,0,0,0,0,0,0,0
2022-01-09 12:00:00+00:00,60,1,12,,,0,0,0,0,0,0,0,0,0,0,0,0,0,0,0,0,0,0,0,0,0,0,0,0,0
2022-01-09 12:00:00+00:00,60,1,12,,,0,0,0,0,0,0,0,0,0,0,0,0,0,0,0,0,0,0,0,0,0,0,0,0,0
2022-01-09 12:00:00+00:00,60,1,12,,45.61629104614258,0,0,0,0,0,0,0,0,0,0,0,0,0,0,0,0,0,0,0,0,0,0,0,1,1
2022-01-09 12:00:00+00:00,60,1,12,354.5782470703125,333.5997009277344,0,0,0,0,0,0,0,0,0,0,0,0,0,0,0,0,0,0,0,0,0,0,0,0,0
2022-01-09 12:00:00+00:00,60,1,12,309.43316650390625,240.87306213378906,0,0,0,0,0,0,0,0,0,0,0,0,0,0,0,0,1,0,0,0,0,0,0,0,0
2022-01-09 12:00:00+00:00,60,1,12,184.92178344726562,137.04769897460938,0,0,0,0,0,0,0,0,0,0,0,0,0,1,1,1,1,0,0,0,0,0,0,0,0
2022-01-09 12:00:00+00:00,60,1,12,50.834228515625,17.024229049682617,0,0,0,0,0,0,0,1,1,1,1,1,1,1,1,1,1,0,0,1,1,1,1,1,1
2022-01-09 12:00:00+00:00,60,1,12,287.13360595703125,23.41150665283203,0,0,0,0,0,0,0,0,0,0,0,0,0,0,0,1,1,0,0,0,1,1,1,1,1
2022-01-09 12:00:00+00:00,60,1,12,287.4179382324219,60.01065444946289,0,0,0,0,0,0,0,0,0,0,0,0,0,0,0,1,1,0,0,0,0,0,0,0,0
2022-01-09 12:00:00+00:00,60,1,12,245.55319213867188,36.874874114990234,0,0,0,0,0,0,0,0,0,0,0,0,0,0,1,1,1,0,0,0,0,0,1,1,1
2022-01-09 12:00:00+00:00,60,1,12,90.60091400146484,3.2953617572784424,0,0,0,0,0,0,0,0,0,1,1,1,1,1,1,1,1,1,1,1,1,1,1,1,1
2022-01-09 12:00:00+00:00,60,1,12,89.29069519042969,125.27729797363281,0,0,0,0,0,0,0,0,0,1,1,1,1,1,1,1,1,0,0,0,0,0,0,0,0
2022-01-09 12:00:00+00:00,60,1,12,133.12989807128906,36.869964599609375,0,0,0,0,0,0,0,0,0,0,0,1,1,1,1,1,1,0,0,0,0,0,1,1,1
2022-01-09 12:00:00+00:00,60,1,12,60.70123291015625,26.76943016052246,0,0,0,0,0,0,0,0,1,1,1,1,1,1,1,1,1,0,0,0,0,1,1,1,1
2022-01-09 12:00:00+00:00,60,1,12,296.7745361328125,253.54661560058594,0,0,0,0,0,0,0,0,0,0,0,0,0,0,0,1,1,0,0,0,0,0,0,0,0
2022-01-09 12:00:00+00:00,60,1,12,215.03761291503906,58.94871520996094,0,0,0,0,0,0,0,0,0,0,0,0,0,0,1,1,1,0,0,0,0,0,0,0,1
2022-01-09 12:00:00+00:00,60,1,12,34.09042739868164,0.0,0,0,0,0,0,1,1,1,1,1,1,1,1,1,1,1,1,1,1,1,1,1,1,1,1
2022-01-09 12:15:00+00:00,60,1,12,,615.85888671875,0,0,0,0,0,0,0,0,0,0,0,0,0,0,0,0,0,0,0,0,0,0,0,0,0
2022-01-09 12:15:00+00:00,60,1,12,97.50812530517578,51.65789031982422,0,0,0,0,0,0,0,0,0,1,1,1,1,1,1,1,1,0,0,0,0,0,0,0,1
2022-01-09 12:15:00+00:00,60,1,12,654.6202392578125,425.8692626953125,0,0,0,0,0,0,0,0,0,0,0,0,0,0,0,0,0,0,0,0,0,0,0,0,0
2022-01-09 12:15:00+00:00,60,1,12,162.8242950439453,7.747281551361084,0,0,0,0,0,0,0,0,0,0,0,0,1,1,1,1,1,1,1,1,1,1,1,1,1
2022-01-09 12:15:00+00:00,60,1,12,422.75750732421875,114.82317352294922,0,0,0,0,0,0,0,0,0,0,0,0,0,0,0,0,0,0,0,0,0,0,0,0,0
2022-01-09 12:15:00+00:00,60,1,12,442.3989562988281,227.4407958984375,0,0,0,0,0,0,0,0,0,0,0,0,0,0,0,0,0,0,0,0,0,0,0,0,0
2022-01-09 12:15:00+00:00,60,1,12,316.39508056640625,72.03632354736328,0,0,0,0,0,0,0,0,0,0,0,0,0,0,0,0,1,0,0,0,0,0,0,0,0
2022-01-09 12:15:00+00:00,60,1,12,188.8605499267578,166.9791717529297,0,0,0,0,0,0,0,0,0,0,0,0,0,1,1,1,1,0,0,0,0,0,0,0,0
2022-01-09 12:15:00+00:00,60,1,12,446.2281188964844,112.2011947631836,0,0,0,0,0,0,0,0,0,0,0,0,0,0,0,0,0,0,0,0,0,0,0,0,0
2022-01-09 12:15:00+00:00,60,1,12,,390.30810546875,0,0,0,0,0,0,0,0,0,0,0,0,0,0,0,0,0,0,0,0,0,0,0,0,0
2022-01-09 12:15:00+00:00,60,1,12,,,0,0,0,0,0,0,0,0,0,0,0,0,0,0,0,0,0,0,0,0,0,0,0,0,0
2022-01-09 12:15:00+00:00,60,1,12,,,0,0,0,0,0,0,0,0,0,0,0,0,0,0,0,0,0,0,0,0,0,0,0,0,0
2022-01-09 12:30:00+00:00,60,1,12,,,0,0,0,0,0,0,0,0,0,0,0,0,0,0,0,0,0,0,0,0,0,0,0,0,0
2022-01-09 12:30:00+00:00,60,1,12,,285.05731201171875,0,0,0,0,0,0,0,0,0,0,0,0,0,0,0,0,0,0,0,0,0,0,0,0,0
2022-01-09 12:30:00+00:00,60,1,12,,350.7789001464844,0,0,0,0,0,0,0,0,0,0,0,0,0,0,0,0,0,0,0,0,0,0,0,0,0
2022-01-09 12:30:00+00:00,60,1,12,377.2179260253906,400.13092041015625,0,0,0,0,0,0,0,0,0,0,0,0,0,0,0,0,0,0,0,0,0,0,0,0,0
2022-01-09 12:30:00+00:00,60,1,12,341.7940673828125,128.64108276367188,0,0,0,0,0,0,0,0,0,0,0,0,0,0,0,0,1,0,0,0,0,0,0,0,0
2022-01-09 12:30:00+00:00,60,1,12,349.4415588378906,106.15702056884766,0,0,0,0,0,0,0,0,0,0,0,0,0,0,0,0,1,0,0,0,0,0,0,0,0
2022-01-09 12:30:00+00:00,60,1,12,652.62353515625,744.671875,0,0,0,0,0,0,0,0,0,0,0,0,0,0,0,0,0,0,0,0,0,0,0,0,0
2022-01-09 12:30:00+00:00,60,1,12,124.22758483886719,111.39143371582031,0,0,0,0,0,0,0,0,0,0,0,1,1,1,1,1,1,0,0,0,0,0,0,0,0
2022-01-09 12:30:00+00:00,60,1,12,152.1546630859375,105.64907836914062,0,0,0,0,0,0,0,0,0,0,0,0,1,1,1,1,1,0,0,0,0,0,0,0,0
2022-01-09 12:30:00+00:00,60,1,12,106.29658508300781,74.3238296508789,0,0,0,0,0,0,0,0,0,0,1,1,1,1,1,1,1,0,0,0,0,0,0,0,0
2022-01-09 12:30:00+00:00,60,1,12,63.4569206237793,15.546414375305176,0,0,0,0,0,0,0,0,1,1,1,1,1,1,1,1,1,0,0,1,1,1,1,1,1
2022-01-09 12:30:00+00:00,60,1,12,87.682861328125,20.367431640625,0,0,0,0,0,0,0,0,0,1,1,1,1,1,1,1,1,0,0,0,1,1,1,1,1
2022-01-09 12:30:00+00:00,60,1,12,36.080238342285156,36.97675323486328,0,0,0,0,0,1,1,1,1,1,1,1,1,1,1,1,1,0,0,0,0,0,1,1,1
2022-01-09 12:30:00+00:00,60,1,12,180.17340087890625,42.19976043701172,0,0,0,0,0,0,0,0,0,0,0,0,0,1,1,1,1,0,0,0,0,0,0,1,1
2022-01-09 12:30:00+00:00,60,1,12,209.84226989746094,17.881826400756836,0,0,0,0,0,0,0,0,0,0,0,0,0,0,1,1,1,0,0,1,1,1,1,1,1
2022-01-09 12:45:00+00:00,60,1,12,91.33146667480469,3.3711445331573486,0,0,0,0,0,0,0,0,0,1,1,1,1,1,1,1,1,1,1,1,1,1,1,1,1
2022-01-09 12:45:00+00:00,60,1,12,122.88994598388672,4.426571369171143,0,0,0,0,0,0,0,0,0,0,0,1,1,1,1,1,1,1,1,1,1,1,1,1,1
2022-01-09 12:45:00+00:00,60,1,12,136.0271759033203,143.89451599121094,0,0,0,0,0,0,0,0,0,0,0,1,1,1,1,1,1,0,0,0,0,0,0,0,0
2022-01-09 12:45:00+00:00,60,1,12,160.79473876953125,145.78233337402344,0,0,0,0,0,0,0,0,0,0,0,0,1,1,1,1,1,0,0,0,0,0,0,0,0
2022-01-09 12:45:00+00:00,60,1,12,193.39195251464844,108.27318572998047,0,0,0,0,0,0,0,0,0,0,0,0,0,1,1,1,1,0,0,0,0,0,0,0,0
2022-01-09 12:45:00+00:00,60,1,12,304.8769836425781,309.03106689453125,0,0,0,0,0,0,0,0,0,0,0,0,0,0,0,0,1,0,0,0,0,0,0,0,0
2022-01-09 12:45:00+00:00,60,1,12,,,0,0,0,0,0,0,0,0,0,0,0,0,0,0,0,0,0,0,0,0,0,0,0,0,0
2022-01-09 12:45:00+00:00,60,1,12,,,0,0,0,0,0,0,0,0,0,0,0,0,0,0,0,0,0,0,0,0,0,0,0,0,0
2022-01-09 13:00:00+00:00,60,1,13,,,0,0,0,0,0,0,0,0,0,0,0,0,0,0,0,0,0,0,0,0,0,0,0,0,0
2022-01-09 13:00:00+00:00,60,1,13,,,0,0,0,0,0,0,0,0,0,0,0,0,0,0,0,0,0,0,0,0,0,0,0,0,0
2022-01-09 13:00:00+00:00,60,1,13,138.32200622558594,68.89754486083984,0,0,0,0,0,0,0,0,0,0,0,1,1,1,1,1,1,0,0,0,0,0,0,0,0
2022-01-09 13:00:00+00:00,60,1,13,243.47091674804688,261.9707336425781,0,0,0,0,0,0,0,0,0,0,0,0,0,0,1,1,1,0,0,0,0,0,0,0,0
2022-01-09 13:00:00+00:00,60,1,13,136.1512908935547,148.40948486328125,0,0,0,0,0,0,0,0,0,0,0,1,1,1,1,1,1,0,0,0,0,0,0,0,0
2022-01-09 13:00:00+00:00,60,1,13,95.2569351196289,45.27296829223633,0,0,0,0,0,0,0,0,0,1,1,1,1,1,1,1,1,0,0,0,0,0,0,1,1
2022-01-09 13:00:00+00:00,60,1,13,232.1623992919922,46.929847717285156,0,0,0,0,0,0,0,0,0,0,0,0,0,0,1,1,1,0,0,0,0,0,0,1,1
2022-01-09 13:00:00+00:00,60,1,13,62.059791564941406,11.706793785095215,0,0,0,0,0,0,0,0,1,1,1,1,1,1,1,1,1,0,1,1,1,1,1,1,1
2022-01-09 13:00:00+00:00,60,1,13,153.26722717285156,85.9844970703125,0,0,0,0,0,0,0,0,0,0,0,0,1,1,1,1,1,0,0,0,0,0,0,0,0
2022-01-09 13:00:00+00:00,60,1,13,39.61751174926758,17.90856170654297,0,0,0,0,0,1,1,1,1,1,1,1,1,1,1,1,1,0,0,1,1,1,1,1,1
2022-01-09 13:00:00+00:00,60,1,13,87.9458999633789,39.43327713012695,0,0,0,0,0,0,0,0,0,1,1,1,1,1,1,1,1,0,0,0,0,0,1,1,1
2022-01-09 13:00:00+00:00,60,1,13,86.65133666992188,4.414100646972656,0,0,0,0,0,0,0,0,0,1,1,1,1,1,1,1,1,1,1,1,1,1,1,1,1
2022-01-09 13:00:00+00:00,60,1,13,109.90100860595703,82.91049194335938,0,0,0,0,0,0,0,0,0,0,1,1,1,1,1,1,1,0,0,0,0,0,0,0,0
2022-01-09 13:00:00+00:00,60,1,13,51.85452651977539,25.324731826782227,0,0,0,0,0,0,0,1,1,1,1,1,1,1,1,1,1,0,0,0,0,1,1,1,1
2022-01-09 13:00:00+00:00,60,1,13,300.2157897949219,9.263151168823242,0,0,0,0,0,0,0,0,0,0,0,0,0,0,0,0,1,1,1,1,1,1,1,1,1
2022-01-09 13:00:00+00:00,60,1,13,295.7720031738281,285.8987121582031,0,0,0,0,0,0,0,0,0,0,0,0,0,0,0,1,1,0,0,0,0,0,0,0,0
2022-01-09 13:00:00+00:00,60,1,13,331.76361083984375,279.1013488769531,0,0,0,0,0,0,0,0,0,0,0,0,0,0,0,0,1,0,0,0,0,0,0,0,0
2022-01-09 13:00:00+00:00,60,1,13,,,0,0,0,0,0,0,0,0,0,0,0,0,0,0,0,0,0,0,0,0,0,0,0,0,0
2022-01-09 13:00:00+00:00,60,1,13,,,0,0,0,0,0,0,0,0,0,0,0,0,0,0,0,0,0,0,0,0,0,0,0,0,0
2022-01-09 13:15:00+00:00,60,1,13,85.1509780883789,20.15265655517578,0,0,0,0,0,0,0,0,0,1,1,1,1,1,1,1,1,0,0,0,1,1,1,1,1
2022-01-09 13:15:00+00:00,60,1,13,156.4590606689453,211.83763122558594,0,0,0,0,0,0,0,0,0,0,0,0,1,1,1,1,1,0,0,0,0,0,0,0,0
2022-01-09 13:15:00+00:00,60,1,13,89.32633209228516,12.654927253723145,0,0,0,0,0,0,0,0,0,1,1,1,1,1,1,1,1,0,1,1,1,1,1,1,1
2022-01-09 13:15:00+00:00,60,1,13,76.30367279052734,66.28817749023438,0,0,0,0,0,0,0,0,1,1,1,1,1,1,1,1,1,0,0,0,0,0,0,0,0
2022-01-09 13:15:00+00:00,60,1,13,54.293277740478516,91.38417053222656,0,0,0,0,0,0,0,1,1,1,1,1,1,1,1,1,1,0,0,0,0,0,0,0,0
2022-01-09 13:15:00+00:00,60,1,13,312.3780822753906,306.1161193847656,0,0,0,0,0,0,0,0,0,0,0,0,0,0,0,0,1,0,0,0,0,0,0,0,0
2022-01-09 13:30:00+00:00,60,1,13,298.7691345214844,288.0106201171875,0,0,0,0,0,0,0,0,0,0,0,0,0,0,0,1,1,0,0,0,0,0,0,0,0
2022-01-09 13:30:00+00:00,60,1,13,136.0785369873047,179.41127014160156,0,0,0,0,0,0,0,0,0,0,0,1,1,1,1,1,1,0,0,0,0,0,0,0,0
2022-01-09 13:30:00+00:00,60,1,13,72.67024230957031,57.95798110961914,0,0,0,0,0,0,0,0,1,1,1,1,1,1,1,1,1,0,0,0,0,0,0,0,1
2022-01-09 13:30:00+00:00,60,1,13,86.5467529296875,120.97874450683594,0,0,0,0,0,0,0,0,0,1,1,1,1,1,1,1,1,0,0,0,0,0,0,0,0
2022-01-09 13:30:00+00:00,60,1,13,83.68399047851562,31.54905891418457,0,0,0,0,0,0,0,0,0,1,1,1,1,1,1,1,1,0,0,0,0,0,1,1,1
2022-01-09 13:30:00+00:00,60,1,13,79.41120147705078,131.02720642089844,0,0,0,0,0,0,0,0,1,1,1,1,1,1,1,1,1,0,0,0,0,0,0,0,0
2022-01-09 13:30:00+00:00,60,1,13,199.12289428710938,114.45899963378906,0,0,0,0,0,0,0,0,0,0,0,0,0,1,1,1,1,0,0,0,0,0,0,0,0
2022-01-09 13:30:00+00:00,60,1,13,258.9046325683594,18.8072452545166,0,0,0,0,0,0,0,0,0,0,0,0,0,0,0,1,1,0,0,1,1,1,1,1,1
2022-01-09 13:30:00+00:00,60,1,13,140.28179931640625,3.590418577194214,0,0,0,0,0,0,0,0,0,0,0,1,1,1,1,1,1,1,1,1,1,1,1,1,1
2022-01-09 13:30:00+00:00,60,1,13,,,0,0,0,0,0,0,0,0,0,0,0,0,0,0,0,0,0,0,0,0,0,0,0,0,0
2022-01-09 13:45:00+00:00,60,1,13,,,0,0,0,0,0,0,0,0,0,0,0,0,0,0,0,0,0,0,0,0,0,0,0,0,0
2022-01-09 13:45:00+00:00,60,1,13,52.708621978759766,39.06468963623047,0,0,0,0,0,0,0,1,1,1,1,1,1,1,1,1,1,0,0,0,0,0,1,1,1
2022-01-09 13:45:00+00:00,60,1,13,,,0,0,0,0,0,0,0,0,0,0,0,0,0,0,0,0,0,0,0,0,0,0,0,0,0
2022-01-09 13:45:00+00:00,60,1,13,74.00946807861328,61.12657928466797,0,0,0,0,0,0,0,0,1,1,1,1,1,1,1,1,1,0,0,0,0,0,0,0,0
2022-01-09 13:45:00+00:00,60,1,13,53.57858657836914,0.0,0,0,0,0,0,0,0,1,1,1,1,1,1,1,1,1,1,1,1,1,1,1,1,1,1
2022-01-09 13:45:00+00:00,60,1,13,281.0177001953125,268.6156921386719,0,0,0,0,0,0,0,0,0,0,0,0,0,0,0,1,1,0,0,0,0,0,0,0,0
2022-01-09 13:45:00+00:00,60,1,13,131.8543701171875,140.159912109375,0,0,0,0,0,0,0,0,0,0,0,1,1,1,1,1,1,0,0,0,0,0,0,0,0
2022-01-09 13:45:00+00:00,60,1,13,78.9345932006836,27.30760955810547,0,0,0,0,0,0,0,0,1,1,1,1,1,1,1,1,1,0,0,0,0,1,1,1,1
2022-01-09 14:00:00+00:00,60,1,14,287.82562255859375,271.37744140625,0,0,0,0,0,0,0,0,0,0,0,0,0,0,0,1,1,0,0,0,0,0,0,0,0
2022-01-09 14:00:00+00:00,60,1,14,73.1576156616211,219.09371948242188,0,0,0,0,0,0,0,0,1,1,1,1,1,1,1,1,1,0,0,0,0,0,0,0,0
2022-01-09 14:00:00+00:00,60,1,14,38.10414505004883,17.397567749023438,0,0,0,0,0,1,1,1,1,1,1,1,1,1,1,1,1,0,0,1,1,1,1,1,1
2022-01-09 14:00:00+00:00,60,1,14,186.3807373046875,220.62680053710938,0,0,0,0,0,0,0,0,0,0,0,0,0,1,1,1,1,0,0,0,0,0,0,0,0
2022-01-09 14:00:00+00:00,60,1,14,47.93863296508789,64.33988952636719,0,0,0,0,0,0,1,1,1,1,1,1,1,1,1,1,1,0,0,0,0,0,0,0,0
2022-01-09 14:00:00+00:00,60,1,14,,,0,0,0,0,0,0,0,0,0,0,0,0,0,0,0,0,0,0,0,0,0,0,0,0,0
2022-01-09 14:15:00+00:00,60,1,14,119.63785552978516,77.65375518798828,0,0,0,0,0,0,0,0,0,0,1,1,1,1,1,1,1,0,0,0,0,0,0,0,0
2022-01-09 14:15:00+00:00,60,1,14,182.37123107910156,126.81919860839844,0,0,0,0,0,0,0,0,0,0,0,0,0,1,1,1,1,0,0,0,0,0,0,0,0
2022-01-09 14:15:00+00:00,60,1,14,198.40733337402344,250.63369750976562,0,0,0,0,0,0,0,0,0,0,0,0,0,1,1,1,1,0,0,0,0,0,0,0,0
2022-01-09 14:15:00+00:00,60,1,14,91.97107696533203,52.62465286254883,0,0,0,0,0,0,0,0,0,1,1,1,1,1,1,1,1,0,0,0,0,0,0,0,1
2022-01-09 14:15:00+00:00,60,1,14,56.8217887878418,71.1556396484375,0,0,0,0,0,0,0,1,1,1,1,1,1,1,1,1,1,0,0,0,0,0,0,0,0
2022-01-09 14:15:00+00:00,60,1,14,76.44631958007812,44.07585525512695,0,0,0,0,0,0,0,0,1,1,1,1,1,1,1,1,1,0,0,0,0,0,0,1,1
2022-01-09 14:15:00+00:00,60,1,14,106.51152801513672,77.2623291015625,0,0,0,0,0,0,0,0,0,0,1,1,1,1,1,1,1,0,0,0,0,0,0,0,0
2022-01-09 14:15:00+00:00,60,1,14,208.50888061523438,208.50888061523438,0,0,0,0,0,0,0,0,0,0,0,0,0,0,1,1,1,0,0,0,0,0,0,0,0
2022-01-09 14:15:00+00:00,60,1,14,61.3538932800293,28.019577026367188,0,0,0,0,0,0,0,0,1,1,1,1,1,1,1,1,1,0,0,0,0,1,1,1,1
2022-01-09 14:15:00+00:00,60,1,14,,,0,0,0,0,0,0,0,0,0,0,0,0,0,0,0,0,0,0,0,0,0,0,0,0,0
2022-01-09 14:15:00+00:00,60,1,14,,,0,0,0,0,0,0,0,0,0,0,0,0,0,0,0,0,0,0,0,0,0,0,0,0,0
2022-01-09 14:15:00+00:00,60,1,14,,,0,0,0,0,0,0,0,0,0,0,0,0,0,0,0,0,0,0,0,0,0,0,0,0,0
2022-01-09 14:15:00+00:00,60,1,14,,,0,0,0,0,0,0,0,0,0,0,0,0,0,0,0,0,0,0,0,0,0,0,0,0,0
2022-01-09 14:30:00+00:00,60,1,14,147.34286499023438,90.27607727050781,0,0,0,0,0,0,0,0,0,0,0,1,1,1,1,1,1,0,0,0,0,0,0,0,0
2022-01-09 14:30:00+00:00,60,1,14,160.51010131835938,28.021615982055664,0,0,0,0,0,0,0,0,0,0,0,0,1,1,1,1,1,0,0,0,0,1,1,1,1
2022-01-09 14:30:00+00:00,60,1,14,78.37942504882812,65.2997055053711,0,0,0,0,0,0,0,0,1,1,1,1,1,1,1,1,1,0,0,0,0,0,0,0,0
2022-01-09 14:30:00+00:00,60,1,14,80.79769897460938,74.34104919433594,0,0,0,0,0,0,0,0,0,1,1,1,1,1,1,1,1,0,0,0,0,0,0,0,0
2022-01-09 14:30:00+00:00,60,1,14,114.25129699707031,108.06343841552734,0,0,0,0,0,0,0,0,0,0,1,1,1,1,1,1,1,0,0,0,0,0,0,0,0
2022-01-09 14:30:00+00:00,60,1,14,104.91735076904297,102.43777465820312,0,0,0,0,0,0,0,0,0,0,1,1,1,1,1,1,1,0,0,0,0,0,0,0,0
2022-01-09 14:30:00+00:00,60,1,14,91.63341522216797,136.4729766845703,0,0,0,0,0,0,0,0,0,1,1,1,1,1,1,1,1,0,0,0,0,0,0,0,0
2022-01-09 14:30:00+00:00,60,1,14,166.21348571777344,132.42091369628906,0,0,0,0,0,0,0,0,0,0,0,0,1,1,1,1,1,0,0,0,0,0,0,0,0
2022-01-09 14:30:00+00:00,60,1,14,,,0,0,0,0,0,0,0,0,0,0,0,0,0,0,0,0,0,0,0,0,0,0,0,0,0
2022-01-09 14:30:00+00:00,60,1,14,76.85419464111328,100.77863311767578,0,0,0,0,0,0,0,0,1,1,1,1,1,1,1,1,1,0,0,0,0,0,0,0,0
2022-01-09 14:30:00+00:00,60,1,14,,,0,0,0,0,0,0,0,0,0,0,0,0,0,0,0,0,0,0,0,0,0,0,0,0,0
2022-01-09 14:45:00+00:00,60,1,14,176.81138610839844,,0,0,0,0,0,0,0,0,0,0,0,0,1,1,1,1,1,0,0,0,0,0,0,0,0
2022-01-09 14:45:00+00:00,60,1,14,81.67935180664062,65.7729263305664,0,0,0,0,0,0,0,0,0,1,1,1,1,1,1,1,1,0,0,0,0,0,0,0,0
2022-01-09 14:45:00+00:00,60,1,14,269.9878845214844,235.7088165283203,0,0,0,0,0,0,0,0,0,0,0,0,0,0,0,1,1,0,0,0,0,0,0,0,0
2022-01-09 14:45:00+00:00,60,1,14,93.66727447509766,67.9652099609375,0,0,0,0,0,0,0,0,0,1,1,1,1,1,1,1,1,0,0,0,0,0,0,0,0
2022-01-09 14:45:00+00:00,60,1,14,108.80712127685547,123.07496643066406,0,0,0,0,0,0,0,0,0,0,1,1,1,1,1,1,1,0,0,0,0,0,0,0,0
2022-01-09 14:45:00+00:00,60,1,14,340.3531799316406,208.07449340820312,0,0,0,0,0,0,0,0,0,0,0,0,0,0,0,0,1,0,0,0,0,0,0,0,0
2022-01-09 14:45:00+00:00,60,1,14,473.8782653808594,501.9169921875,0,0,0,0,0,0,0,0,0,0,0,0,0,0,0,0,0,0,0,0,0,0,0,0,0
2022-01-09 14:45:00+00:00,60,1,14,324.1567687988281,286.8078918457031,0,0,0,0,0,0,0,0,0,0,0,0,0,0,0,0,1,0,0,0,0,0,0,0,0
2022-01-09 14:45:00+00:00,60,1,14,39.70079040527344,50.23505401611328,0,0,0,0,0,1,1,1,1,1,1,1,1,1,1,1,1,0,0,0,0,0,0,0,1
2022-01-09 14:45:00+00:00,60,1,14,172.42396545410156,141.38818359375,0,0,0,0,0,0,0,0,0,0,0,0,1,1,1,1,1,0,0,0,0,0,0,0,0
2022-01-09 15:00:00+00:00,60,1,15,211.492919921875,206.21456909179688,0,0,0,0,0,0,0,0,0,0,0,0,0,0,1,1,1,0,0,0,0,0,0,0,0
2022-01-09 15:00:00+00:00,60,1,15,204.24790954589844,207.27745056152344,0,0,0,0,0,0,0,0,0,0,0,0,0,0,1,1,1,0,0,0,0,0,0,0,0
2022-01-09 15:00:00+00:00,60,1,15,168.81887817382812,144.03689575195312,0,0,0,0,0,0,0,0,0,0,0,0,1,1,1,1,1,0,0,0,0,0,0,0,0
2022-01-09 15:00:00+00:00,60,1,15,103.22140502929688,45.709938049316406,0,0,0,0,0,0,0,0,0,0,1,1,1,1,1,1,1,0,0,0,0,0,0,1,1
2022-01-09 15:15:00+00:00,60,1,15,,,0,0,0,0,0,0,0,0,0,0,0,0,0,0,0,0,0,0,0,0,0,0,0,0,0
2022-01-09 15:15:00+00:00,60,1,15,122.78820037841797,351.9103698730469,0,0,0,0,0,0,0,0,0,0,0,1,1,1,1,1,1,0,0,0,0,0,0,0,0
2022-01-09 15:15:00+00:00,60,1,15,185.7111053466797,156.73094177246094,0,0,0,0,0,0,0,0,0,0,0,0,0,1,1,1,1,0,0,0,0,0,0,0,0
2022-01-09 15:15:00+00:00,60,1,15,90.79042053222656,78.54700469970703,0,0,0,0,0,0,0,0,0,1,1,1,1,1,1,1,1,0,0,0,0,0,0,0,0
2022-01-09 15:15:00+00:00,60,1,15,98.51786804199219,100.53048706054688,0,0,0,0,0,0,0,0,0,1,1,1,1,1,1,1,1,0,0,0,0,0,0,0,0
2022-01-09 15:15:00+00:00,60,1,15,116.36553192138672,0.0,0,0,0,0,0,0,0,0,0,0,1,1,1,1,1,1,1,1,1,1,1,1,1,1,1
2022-01-09 15:15:00+00:00,60,1,15,63.18675231933594,19.898326873779297,0,0,0,0,0,0,0,0,1,1,1,1,1,1,1,1,1,0,0,1,1,1,1,1,1
2022-01-09 15:15:00+00:00,60,1,15,,,0,0,0,0,0,0,0,0,0,0,0,0,0,0,0,0,0,0,0,0,0,0,0,0,0
2022-01-09 15:30:00+00:00,60,1,15,,,0,0,0,0,0,0,0,0,0,0,0,0,0,0,0,0,0,0,0,0,0,0,0,0,0
2022-01-09 15:30:00+00:00,60,1,15,71.0919418334961,84.1823959350586,0,0,0,0,0,0,0,0,1,1,1,1,1,1,1,1,1,0,0,0,0,0,0,0,0
2022-01-09 15:30:00+00:00,60,1,15,139.78732299804688,161.0958251953125,0,0,0,0,0,0,0,0,0,0,0,1,1,1,1,1,1,0,0,0,0,0,0,0,0
2022-01-09 15:30:00+00:00,60,1,15,82.69229125976562,13.949313163757324,0,0,0,0,0,0,0,0,0,1,1,1,1,1,1,1,1,0,1,1,1,1,1,1,1
2022-01-09 15:30:00+00:00,60,1,15,287.395263671875,186.22650146484375,0,0,0,0,0,0,0,0,0,0,0,0,0,0,0,1,1,0,0,0,0,0,0,0,0
2022-01-09 15:30:00+00:00,60,1,15,9.892988204956055,0.0,1,1,1,1,1,1,1,1,1,1,1,1,1,1,1,1,1,1,1,1,1,1,1,1,1
2022-01-09 15:30:00+00:00,60,1,15,,,0,0,0,0,0,0,0,0,0,0,0,0,0,0,0,0,0,0,0,0,0,0,0,0,0
2022-01-09 15:30:00+00:00,60,1,15,209.4639434814453,30.274240493774414,0,0,0,0,0,0,0,0,0,0,0,0,0,0,1,1,1,0,0,0,0,0,1,1,1
2022-01-09 15:30:00+00:00,60,1,15,119.28936004638672,90.15208435058594,0,0,0,0,0,0,0,0,0,0,1,1,1,1,1,1,1,0,0,0,0,0,0,0,0
2022-01-09 15:30:00+00:00,60,1,15,,,0,0,0,0,0,0,0,0,0,0,0,0,0,0,0,0,0,0,0,0,0,0,0,0,0
2022-01-09 15:45:00+00:00,60,1,15,102.98761749267578,50.41416931152344,0,0,0,0,0,0,0,0,0,0,1,1,1,1,1,1,1,0,0,0,0,0,0,0,1
2022-01-09 15:45:00+00:00,60,1,15,175.12057495117188,84.35794830322266,0,0,0,0,0,0,0,0,0,0,0,0,1,1,1,1,1,0,0,0,0,0,0,0,0
2022-01-09 15:45:00+00:00,60,1,15,87.99481201171875,28.77501106262207,0,0,0,0,0,0,0,0,0,1,1,1,1,1,1,1,1,0,0,0,0,1,1,1,1
2022-01-09 15:45:00+00:00,60,1,15,152.8870391845703,149.85113525390625,0,0,0,0,0,0,0,0,0,0,0,0,1,1,1,1,1,0,0,0,0,0,0,0,0
2022-01-09 15:45:00+00:00,60,1,15,228.46023559570312,238.76280212402344,0,0,0,0,0,0,0,0,0,0,0,0,0,0,1,1,1,0,0,0,0,0,0,0,0
2022-01-09 15:45:00+00:00,60,1,15,224.38026428222656,226.2259979248047,0,0,0,0,0,0,0,0,0,0,0,0,0,0,1,1,1,0,0,0,0,0,0,0,0
2022-01-09 15:45:00+00:00,60,1,15,54.90699768066406,89.55541229248047,0,0,0,0,0,0,0,1,1,1,1,1,1,1,1,1,1,0,0,0,0,0,0,0,0
2022-01-09 15:45:00+00:00,60,1,15,36.645179748535156,27.729276657104492,0,0,0,0,0,1,1,1,1,1,1,1,1,1,1,1,1,0,0,0,0,1,1,1,1
2022-01-09 15:45:00+00:00,60,1,15,,,0,0,0,0,0,0,0,0,0,0,0,0,0,0,0,0,0,0,0,0,0,0,0,0,0
2022-01-09 16:00:00+00:00,60,1,16,,410.1383972167969,0,0,0,0,0,0,0,0,0,0,0,0,0,0,0,0,0,0,0,0,0,0,0,0,0
2022-01-09 16:00:00+00:00,60,1,16,429.1178894042969,18.251468658447266,0,0,0,0,0,0,0,0,0,0,0,0,0,0,0,0,0,0,0,1,1,1,1,1,1
2022-01-09 16:00:00+00:00,60,1,16,,,0,0,0,0,0,0,0,0,0,0,0,0,0,0,0,0,0,0,0,0,0,0,0,0,0
2022-01-09 16:15:00+00:00,60,1,16,196.656494140625,163.40225219726562,0,0,0,0,0,0,0,0,0,0,0,0,0,1,1,1,1,0,0,0,0,0,0,0,0
2022-01-09 16:15:00+00:00,60,1,16,256.5967102050781,217.2849884033203,0,0,0,0,0,0,0,0,0,0,0,0,0,0,0,1,1,0,0,0,0,0,0,0,0
2022-01-09 16:15:00+00:00,60,1,16,38.869449615478516,0.0,0,0,0,0,0,1,1,1,1,1,1,1,1,1,1,1,1,1,1,1,1,1,1,1,1
2022-01-09 16:15:00+00:00,60,1,16,126.28961181640625,12.675480842590332,0,0,0,0,0,0,0,0,0,0,0,1,1,1,1,1,1,0,1,1,1,1,1,1,1
2022-01-09 16:15:00+00:00,60,1,16,42.86534881591797,9.135207176208496,0,0,0,0,0,0,1,1,1,1,1,1,1,1,1,1,1,1,1,1,1,1,1,1,1
2022-01-09 16:15:00+00:00,60,1,16,202.89759826660156,89.67595672607422,0,0,0,0,0,0,0,0,0,0,0,0,0,0,1,1,1,0,0,0,0,0,0,0,0
2022-01-09 16:15:00+00:00,60,1,16,,,0,0,0,0,0,0,0,0,0,0,0,0,0,0,0,0,0,0,0,0,0,0,0,0,0
2022-01-09 16:30:00+00:00,60,1,16,,550.886962890625,0,0,0,0,0,0,0,0,0,0,0,0,0,0,0,0,0,0,0,0,0,0,0,0,0
2022-01-09 16:30:00+00:00,60,1,16,,339.6192932128906,0,0,0,0,0,0,0,0,0,0,0,0,0,0,0,0,0,0,0,0,0,0,0,0,0
2022-01-09 16:30:00+00:00,60,1,16,138.89834594726562,3.2865121364593506,0,0,0,0,0,0,0,0,0,0,0,1,1,1,1,1,1,1,1,1,1,1,1,1,1
2022-01-09 16:30:00+00:00,60,1,16,60.52779006958008,16.692258834838867,0,0,0,0,0,0,0,0,1,1,1,1,1,1,1,1,1,0,0,1,1,1,1,1,1
2022-01-09 16:30:00+00:00,60,1,16,83.6882095336914,345.1920166015625,0,0,0,0,0,0,0,0,0,1,1,1,1,1,1,1,1,0,0,0,0,0,0,0,0
2022-01-09 16:30:00+00:00,60,1,16,232.4270477294922,156.0594482421875,0,0,0,0,0,0,0,0,0,0,0,0,0,0,1,1,1,0,0,0,0,0,0,0,0
2022-01-09 16:30:00+00:00,60,1,16,97.48672485351562,59.40638732910156,0,0,0,0,0,0,0,0,0,1,1,1,1,1,1,1,1,0,0,0,0,0,0,0,1
2022-01-09 16:45:00+00:00,60,1,16,534.6904907226562,,0,0,0,0,0,0,0,0,0,0,0,0,0,0,0,0,0,0,0,0,0,0,0,0,0
2022-01-09 16:45:00+00:00,60,1,16,320.577392578125,,0,0,0,0,0,0,0,0,0,0,0,0,0,0,0,0,1,0,0,0,0,0,0,0,0
2022-01-09 16:45:00+00:00,60,1,16,191.2814178466797,179.2369842529297,0,0,0,0,0,0,0,0,0,0,0,0,0,1,1,1,1,0,0,0,0,0,0,0,0
2022-01-09 16:45:00+00:00,60,1,16,123.41881561279297,86.39469909667969,0,0,0,0,0,0,0,0,0,0,0,1,1,1,1,1,1,0,0,0,0,0,0,0,0
2022-01-09 16:45:00+00:00,60,1,16,116.7449951171875,166.613037109375,0,0,0,0,0,0,0,0,0,0,1,1,1,1,1,1,1,0,0,0,0,0,0,0,0
2022-01-09 16:45:00+00:00,60,1,16,205.1673126220703,,0,0,0,0,0,0,0,0,0,0,0,0,0,0,1,1,1,0,0,0,0,0,0,0,0
2022-01-09 17:00:00+00:00,60,1,17,325.6387939453125,,0,0,0,0,0,0,0,0,0,0,0,0,0,0,0,0,1,0,0,0,0,0,0,0,0
2022-01-09 17:00:00+00:00,60,1,17,144.72683715820312,0.0,0,0,0,0,0,0,0,0,0,0,0,1,1,1,1,1,1,1,1,1,1,1,1,1,1
2022-01-09 17:00:00+00:00,60,1,17,107.69554901123047,0.0,0,0,0,0,0,0,0,0,0,0,1,1,1,1,1,1,1,1,1,1,1,1,1,1,1
2022-01-09 17:00:00+00:00,60,1,17,91.52391052246094,85.55525970458984,0,0,0,0,0,0,0,0,0,1,1,1,1,1,1,1,1,0,0,0,0,0,0,0,0
2022-01-09 17:00:00+00:00,60,1,17,78.77742004394531,31.79445457458496,0,0,0,0,0,0,0,0,1,1,1,1,1,1,1,1,1,0,0,0,0,0,1,1,1
2022-01-09 17:00:00+00:00,60,1,17,48.332523345947266,15.952901840209961,0,0,0,0,0,0,1,1,1,1,1,1,1,1,1,1,1,0,0,1,1,1,1,1,1
2022-01-09 17:00:00+00:00,60,1,17,38.4559211730957,9.782217979431152,0,0,0,0,0,1,1,1,1,1,1,1,1,1,1,1,1,1,1,1,1,1,1,1,1
2022-01-09 17:00:00+00:00,60,1,17,153.22244262695312,118.75634765625,0,0,0,0,0,0,0,0,0,0,0,0,1,1,1,1,1,0,0,0,0,0,0,0,0
2022-01-09 17:00:00+00:00,60,1,17,,,0,0,0,0,0,0,0,0,0,0,0,0,0,0,0,0,0,0,0,0,0,0,0,0,0
2022-01-09 17:00:00+00:00,60,1,17,,,0,0,0,0,0,0,0,0,0,0,0,0,0,0,0,0,0,0,0,0,0,0,0,0,0
2022-01-09 17:15:00+00:00,60,1,17,338.73553466796875,,0,0,0,0,0,0,0,0,0,0,0,0,0,0,0,0,1,0,0,0,0,0,0,0,0
2022-01-09 17:15:00+00:00,60,1,17,153.54025268554688,143.8687286376953,0,0,0,0,0,0,0,0,0,0,0,0,1,1,1,1,1,0,0,0,0,0,0,0,0
2022-01-09 17:15:00+00:00,60,1,17,125.53790283203125,96.32369232177734,0,0,0,0,0,0,0,0,0,0,0,1,1,1,1,1,1,0,0,0,0,0,0,0,0
2022-01-09 17:15:00+00:00,60,1,17,180.12754821777344,158.42617797851562,0,0,0,0,0,0,0,0,0,0,0,0,0,1,1,1,1,0,0,0,0,0,0,0,0
2022-01-09 17:15:00+00:00,60,1,17,52.89949035644531,79.6408920288086,0,0,0,0,0,0,0,1,1,1,1,1,1,1,1,1,1,0,0,0,0,0,0,0,0
2022-01-09 17:15:00+00:00,60,1,17,88.9472427368164,440.72235107421875,0,0,0,0,0,0,0,0,0,1,1,1,1,1,1,1,1,0,0,0,0,0,0,0,0
2022-01-09 17:15:00+00:00,60,1,17,,,0,0,0,0,0,0,0,0,0,0,0,0,0,0,0,0,0,0,0,0,0,0,0,0,0
2022-01-09 17:30:00+00:00,60,1,17,125.19015502929688,99.65653991699219,0,0,0,0,0,0,0,0,0,0,0,1,1,1,1,1,1,0,0,0,0,0,0,0,0
2022-01-09 17:30:00+00:00,60,1,17,55.272071838378906,25.206926345825195,0,0,0,0,0,0,0,1,1,1,1,1,1,1,1,1,1,0,0,0,0,1,1,1,1
2022-01-09 17:30:00+00:00,60,1,17,,,0,0,0,0,0,0,0,0,0,0,0,0,0,0,0,0,0,0,0,0,0,0,0,0,0
2022-01-09 17:45:00+00:00,60,1,17,72.78047943115234,92.59268951416016,0,0,0,0,0,0,0,0,1,1,1,1,1,1,1,1,1,0,0,0,0,0,0,0,0
2022-01-09 17:45:00+00:00,60,1,17,,315.9276123046875,0,0,0,0,0,0,0,0,0,0,0,0,0,0,0,0,0,0,0,0,0,0,0,0,0
2022-01-10 10:00:00+00:00,60,1,10,124.78961181640625,14.775832176208496,0,0,0,0,0,0,0,0,0,0,0,1,1,1,1,1,1,0,1,1,1,1,1,1,1
2022-01-10 10:00:00+00:00,60,1,10,206.9005126953125,186.51763916015625,0,0,0,0,0,0,0,0,0,0,0,0,0,0,1,1,1,0,0,0,0,0,0,0,0
2022-01-10 10:00:00+00:00,60,1,10,67.97087860107422,46.285987854003906,0,0,0,0,0,0,0,0,1,1,1,1,1,1,1,1,1,0,0,0,0,0,0,1,1
2022-01-10 10:00:00+00:00,60,1,10,99.67301940917969,0.0,0,0,0,0,0,0,0,0,0,1,1,1,1,1,1,1,1,1,1,1,1,1,1,1,1
2022-01-10 10:00:00+00:00,60,1,10,61.409156799316406,13.422504425048828,0,0,0,0,0,0,0,0,1,1,1,1,1,1,1,1,1,0,1,1,1,1,1,1,1
2022-01-10 10:00:00+00:00,60,1,10,,227.1107635498047,0,0,0,0,0,0,0,0,0,0,0,0,0,0,0,0,0,0,0,0,0,0,0,0,0
2022-01-10 10:00:00+00:00,60,1,10,560.012451171875,117.09961700439453,0,0,0,0,0,0,0,0,0,0,0,0,0,0,0,0,0,0,0,0,0,0,0,0,0
2022-01-10 10:00:00+00:00,60,1,10,377.16546630859375,170.7194366455078,0,0,0,0,0,0,0,0,0,0,0,0,0,0,0,0,0,0,0,0,0,0,0,0,0
2022-01-10 10:00:00+00:00,60,1,10,208.8833770751953,6.139389514923096,0,0,0,0,0,0,0,0,0,0,0,0,0,0,1,1,1,1,1,1,1,1,1,1,1
2022-01-10 10:00:00+00:00,60,1,10,,,0,0,0,0,0,0,0,0,0,0,0,0,0,0,0,0,0,0,0,0,0,0,0,0,0
2022-01-10 10:00:00+00:00,60,1,10,,,0,0,0,0,0,0,0,0,0,0,0,0,0,0,0,0,0,0,0,0,0,0,0,0,0
2022-01-10 10:15:00+00:00,60,1,10,180.77243041992188,176.18341064453125,0,0,0,0,0,0,0,0,0,0,0,0,0,1,1,1,1,0,0,0,0,0,0,0,0
2022-01-10 10:15:00+00:00,60,1,10,397.52166748046875,,0,0,0,0,0,0,0,0,0,0,0,0,0,0,0,0,0,0,0,0,0,0,0,0,0
2022-01-10 10:15:00+00:00,60,1,10,,,0,0,0,0,0,0,0,0,0,0,0,0,0,0,0,0,0,0,0,0,0,0,0,0,0
2022-01-10 10:15:00+00:00,60,1,10,254.46490478515625,163.0777587890625,0,0,0,0,0,0,0,0,0,0,0,0,0,0,0,1,1,0,0,0,0,0,0,0,0
2022-01-10 10:15:00+00:00,60,1,10,313.4209899902344,105.43365478515625,0,0,0,0,0,0,0,0,0,0,0,0,0,0,0,0,1,0,0,0,0,0,0,0,0
2022-01-10 10:30:00+00:00,60,1,10,361.5620422363281,376.2869567871094,0,0,0,0,0,0,0,0,0,0,0,0,0,0,0,0,0,0,0,0,0,0,0,0,0
2022-01-10 10:30:00+00:00,60,1,10,391.6773376464844,408.2085266113281,0,0,0,0,0,0,0,0,0,0,0,0,0,0,0,0,0,0,0,0,0,0,0,0,0
2022-01-10 10:30:00+00:00,60,1,10,217.14064025878906,165.2275390625,0,0,0,0,0,0,0,0,0,0,0,0,0,0,1,1,1,0,0,0,0,0,0,0,0
2022-01-10 10:30:00+00:00,60,1,10,118.46235656738281,92.60589599609375,0,0,0,0,0,0,0,0,0,0,1,1,1,1,1,1,1,0,0,0,0,0,0,0,0
2022-01-10 10:30:00+00:00,60,1,10,56.5516471862793,3.2647953033447266,0,0,0,0,0,0,0,1,1,1,1,1,1,1,1,1,1,1,1,1,1,1,1,1,1
2022-01-10 10:30:00+00:00,60,1,10,439.21112060546875,257.43072509765625,0,0,0,0,0,0,0,0,0,0,0,0,0,0,0,0,0,0,0,0,0,0,0,0,0
2022-01-10 10:30:00+00:00,60,1,10,187.6250457763672,130.5861053466797,0,0,0,0,0,0,0,0,0,0,0,0,0,1,1,1,1,0,0,0,0,0,0,0,0
2022-01-10 10:30:00+00:00,60,1,10,450.26507568359375,7.722319602966309,0,0,0,0,0,0,0,0,0,0,0,0,0,0,0,0,0,1,1,1,1,1,1,1,1
2022-01-10 10:30:00+00:00,60,1,10,,335.86199951171875,0,0,0,0,0,0,0,0,0,0,0,0,0,0,0,0,0,0,0,0,0,0,0,0,0
2022-01-10 10:45:00+00:00,60,1,10,448.40728759765625,484.9402160644531,0,0,0,0,0,0,0,0,0,0,0,0,0,0,0,0,0,0,0,0,0,0,0,0,0
2022-01-10 10:45:00+00:00,60,1,10,113.30219268798828,75.9626235961914,0,0,0,0,0,0,0,0,0,0,1,1,1,1,1,1,1,0,0,0,0,0,0,0,0
2022-01-10 10:45:00+00:00,60,1,10,173.136962890625,13.992756843566895,0,0,0,0,0,0,0,0,0,0,0,0,1,1,1,1,1,0,1,1,1,1,1,1,1
2022-01-10 10:45:00+00:00,60,1,10,336.9460754394531,324.04412841796875,0,0,0,0,0,0,0,0,0,0,0,0,0,0,0,0,1,0,0,0,0,0,0,0,0
2022-01-10 10:45:00+00:00,60,1,10,275.10430908203125,259.42156982421875,0,0,0,0,0,0,0,0,0,0,0,0,0,0,0,1,1,0,0,0,0,0,0,0,0
2022-01-10 10:45:00+00:00,60,1,10,264.8342590332031,229.36227416992188,0,0,0,0,0,0,0,0,0,0,0,0,0,0,0,1,1,0,0,0,0,0,0,0,0
2022-01-10 10:45:00+00:00,60,1,10,256.2281494140625,55.459083557128906,0,0,0,0,0,0,0,0,0,0,0,0,0,0,0,1,1,0,0,0,0,0,0,0,1
2022-01-10 10:45:00+00:00,60,1,10,582.9052734375,413.1101379394531,0,0,0,0,0,0,0,0,0,0,0,0,0,0,0,0,0,0,0,0,0,0,0,0,0
2022-01-10 10:45:00+00:00,60,1,10,49.324466705322266,20.44039535522461,0,0,0,0,0,0,1,1,1,1,1,1,1,1,1,1,1,0,0,0,1,1,1,1,1
2022-01-10 10:45:00+00:00,60,1,10,178.769287109375,3.189462661743164,0,0,0,0,0,0,0,0,0,0,0,0,1,1,1,1,1,1,1,1,1,1,1,1,1
2022-01-10 10:45:00+00:00,60,1,10,135.3114776611328,112.97356414794922,0,0,0,0,0,0,0,0,0,0,0,1,1,1,1,1,1,0,0,0,0,0,0,0,0
2022-01-10 10:45:00+00:00,60,1,10,,103.24313354492188,0,0,0,0,0,0,0,0,0,0,0,0,0,0,0,0,0,0,0,0,0,0,0,0,0
2022-01-10 10:45:00+00:00,60,1,10,,,0,0,0,0,0,0,0,0,0,0,0,0,0,0,0,0,0,0,0,0,0,0,0,0,0
2022-01-10 10:45:00+00:00,60,1,10,,,0,0,0,0,0,0,0,0,0,0,0,0,0,0,0,0,0,0,0,0,0,0,0,0,0
2022-01-10 10:45:00+00:00,60,1,10,,,0,0,0,0,0,0,0,0,0,0,0,0,0,0,0,0,0,0,0,0,0,0,0,0,0
2022-01-10 11:00:00+00:00,60,1,11,72.20946502685547,46.40694046020508,0,0,0,0,0,0,0,0,1,1,1,1,1,1,1,1,1,0,0,0,0,0,0,1,1
2022-01-10 11:00:00+00:00,60,1,11,480.2319641113281,404.6761474609375,0,0,0,0,0,0,0,0,0,0,0,0,0,0,0,0,0,0,0,0,0,0,0,0,0
2022-01-10 11:00:00+00:00,60,1,11,117.91142272949219,8.831332206726074,0,0,0,0,0,0,0,0,0,0,1,1,1,1,1,1,1,1,1,1,1,1,1,1,1
2022-01-10 11:00:00+00:00,60,1,11,475.19549560546875,17.70402717590332,0,0,0,0,0,0,0,0,0,0,0,0,0,0,0,0,0,0,0,1,1,1,1,1,1
2022-01-10 11:00:00+00:00,60,1,11,,165.1863555908203,0,0,0,0,0,0,0,0,0,0,0,0,0,0,0,0,0,0,0,0,0,0,0,0,0
2022-01-10 11:00:00+00:00,60,1,11,80.0084457397461,4.346193790435791,0,0,0,0,0,0,0,0,0,1,1,1,1,1,1,1,1,1,1,1,1,1,1,1,1
2022-01-10 11:00:00+00:00,60,1,11,375.94366455078125,0.0,0,0,0,0,0,0,0,0,0,0,0,0,0,0,0,0,0,1,1,1,1,1,1,1,1
2022-01-10 11:00:00+00:00,60,1,11,365.0631408691406,15.256292343139648,0,0,0,0,0,0,0,0,0,0,0,0,0,0,0,0,0,0,0,1,1,1,1,1,1
2022-01-10 11:00:00+00:00,60,1,11,163.66815185546875,77.0506362915039,0,0,0,0,0,0,0,0,0,0,0,0,1,1,1,1,1,0,0,0,0,0,0,0,0
2022-01-10 11:00:00+00:00,60,1,11,394.2999572753906,53.66707992553711,0,0,0,0,0,0,0,0,0,0,0,0,0,0,0,0,0,0,0,0,0,0,0,0,1
2022-01-10 11:00:00+00:00,60,1,11,170.4189910888672,108.42902374267578,0,0,0,0,0,0,0,0,0,0,0,0,1,1,1,1,1,0,0,0,0,0,0,0,0
2022-01-10 11:00:00+00:00,60,1,11,148.2946014404297,149.94851684570312,0,0,0,0,0,0,0,0,0,0,0,1,1,1,1,1,1,0,0,0,0,0,0,0,0
2022-01-10 11:00:00+00:00,60,1,11,156.8367919921875,139.86520385742188,0,0,0,0,0,0,0,0,0,0,0,0,1,1,1,1,1,0,0,0,0,0,0,0,0
2022-01-10 11:00:00+00:00,60,1,11,177.26478576660156,108.41740417480469,0,0,0,0,0,0,0,0,0,0,0,0,1,1,1,1,1,0,0,0,0,0,0,0,0
2022-01-10 11:00:00+00:00,60,1,11,,,0,0,0,0,0,0,0,0,0,0,0,0,0,0,0,0,0,0,0,0,0,0,0,0,0
2022-01-10 11:00:00+00:00,60,1,11,,,0,0,0,0,0,0,0,0,0,0,0,0,0,0,0,0,0,0,0,0,0,0,0,0,0
2022-01-10 11:15:00+00:00,60,1,11,,,0,0,0,0,0,0,0,0,0,0,0,0,0,0,0,0,0,0,0,0,0,0,0,0,0
2022-01-10 11:15:00+00:00,60,1,11,94.38143920898438,49.37091827392578,0,0,0,0,0,0,0,0,0,1,1,1,1,1,1,1,1,0,0,0,0,0,0,1,1
2022-01-10 11:15:00+00:00,60,1,11,154.24513244628906,0.0,0,0,0,0,0,0,0,0,0,0,0,0,1,1,1,1,1,1,1,1,1,1,1,1,1
2022-01-10 11:15:00+00:00,60,1,11,119.91046142578125,5.059256076812744,0,0,0,0,0,0,0,0,0,0,1,1,1,1,1,1,1,1,1,1,1,1,1,1,1
2022-01-10 11:15:00+00:00,60,1,11,284.00128173828125,284.0914001464844,0,0,0,0,0,0,0,0,0,0,0,0,0,0,0,1,1,0,0,0,0,0,0,0,0
2022-01-10 11:15:00+00:00,60,1,11,,,0,0,0,0,0,0,0,0,0,0,0,0,0,0,0,0,0,0,0,0,0,0,0,0,0
2022-01-10 11:15:00+00:00,60,1,11,184.56185913085938,170.21913146972656,0,0,0,0,0,0,0,0,0,0,0,0,0,1,1,1,1,0,0,0,0,0,0,0,0
2022-01-10 11:15:00+00:00,60,1,11,263.21044921875,86.34674072265625,0,0,0,0,0,0,0,0,0,0,0,0,0,0,0,1,1,0,0,0,0,0,0,0,0
2022-01-10 11:15:00+00:00,60,1,11,225.68443298339844,209.00323486328125,0,0,0,0,0,0,0,0,0,0,0,0,0,0,1,1,1,0,0,0,0,0,0,0,0
2022-01-10 11:15:00+00:00,60,1,11,122.8348388671875,37.21932601928711,0,0,0,0,0,0,0,0,0,0,0,1,1,1,1,1,1,0,0,0,0,0,1,1,1
2022-01-10 11:15:00+00:00,60,1,11,92.20903778076172,76.99765014648438,0,0,0,0,0,0,0,0,0,1,1,1,1,1,1,1,1,0,0,0,0,0,0,0,0
2022-01-10 11:15:00+00:00,60,1,11,,206.502685546875,0,0,0,0,0,0,0,0,0,0,0,0,0,0,0,0,0,0,0,0,0,0,0,0,0
2022-01-10 11:15:00+00:00,60,1,11,364.6239929199219,3.1839964389801025,0,0,0,0,0,0,0,0,0,0,0,0,0,0,0,0,0,1,1,1,1,1,1,1,1
2022-01-10 11:15:00+00:00,60,1,11,226.2592010498047,57.71174240112305,0,0,0,0,0,0,0,0,0,0,0,0,0,0,1,1,1,0,0,0,0,0,0,0,1
2022-01-10 11:15:00+00:00,60,1,11,406.0950927734375,7.084261894226074,0,0,0,0,0,0,0,0,0,0,0,0,0,0,0,0,0,1,1,1,1,1,1,1,1
2022-01-10 11:15:00+00:00,60,1,11,471.74371337890625,160.2286834716797,0,0,0,0,0,0,0,0,0,0,0,0,0,0,0,0,0,0,0,0,0,0,0,0,0
2022-01-10 11:15:00+00:00,60,1,11,175.66761779785156,15.748575210571289,0,0,0,0,0,0,0,0,0,0,0,0,1,1,1,1,1,0,0,1,1,1,1,1,1
2022-01-10 11:15:00+00:00,60,1,11,184.9053497314453,80.00897216796875,0,0,0,0,0,0,0,0,0,0,0,0,0,1,1,1,1,0,0,0,0,0,0,0,0
2022-01-10 11:15:00+00:00,60,1,11,,16.216503143310547,0,0,0,0,0,0,0,0,0,0,0,0,0,0,0,0,0,0,0,1,1,1,1,1,1
2022-01-10 11:15:00+00:00,60,1,11,266.76080322265625,199.7955322265625,0,0,0,0,0,0,0,0,0,0,0,0,0,0,0,1,1,0,0,0,0,0,0,0,0
2022-01-10 11:15:00+00:00,60,1,11,98.12408447265625,39.109107971191406,0,0,0,0,0,0,0,0,0,1,1,1,1,1,1,1,1,0,0,0,0,0,1,1,1
2022-01-10 11:15:00+00:00,60,1,11,180.31211853027344,108.08271026611328,0,0,0,0,0,0,0,0,0,0,0,0,0,1,1,1,1,0,0,0,0,0,0,0,0
2022-01-10 11:15:00+00:00,60,1,11,301.86224365234375,12.807588577270508,0,0,0,0,0,0,0,0,0,0,0,0,0,0,0,0,1,0,1,1,1,1,1,1,1
2022-01-10 11:15:00+00:00,60,1,11,,,0,0,0,0,0,0,0,0,0,0,0,0,0,0,0,0,0,0,0,0,0,0,0,0,0
2022-01-10 11:15:00+00:00,60,1,11,,,0,0,0,0,0,0,0,0,0,0,0,0,0,0,0,0,0,0,0,0,0,0,0,0,0
2022-01-10 11:15:00+00:00,60,1,11,,,0,0,0,0,0,0,0,0,0,0,0,0,0,0,0,0,0,0,0,0,0,0,0,0,0
2022-01-10 11:15:00+00:00,60,1,11,,,0,0,0,0,0,0,0,0,0,0,0,0,0,0,0,0,0,0,0,0,0,0,0,0,0
2022-01-10 11:30:00+00:00,60,1,11,199.3061981201172,172.22872924804688,0,0,0,0,0,0,0,0,0,0,0,0,0,1,1,1,1,0,0,0,0,0,0,0,0
2022-01-10 11:30:00+00:00,60,1,11,228.09681701660156,101.3565444946289,0,0,0,0,0,0,0,0,0,0,0,0,0,0,1,1,1,0,0,0,0,0,0,0,0
2022-01-10 11:30:00+00:00,60,1,11,61.26022720336914,51.88169479370117,0,0,0,0,0,0,0,0,1,1,1,1,1,1,1,1,1,0,0,0,0,0,0,0,1
2022-01-10 11:30:00+00:00,60,1,11,401.7646179199219,295.3526916503906,0,0,0,0,0,0,0,0,0,0,0,0,0,0,0,0,0,0,0,0,0,0,0,0,0
2022-01-10 11:30:00+00:00,60,1,11,88.56820678710938,14.045892715454102,0,0,0,0,0,0,0,0,0,1,1,1,1,1,1,1,1,0,1,1,1,1,1,1,1
2022-01-10 11:30:00+00:00,60,1,11,87.07460021972656,0.0,0,0,0,0,0,0,0,0,0,1,1,1,1,1,1,1,1,1,1,1,1,1,1,1,1
2022-01-10 11:30:00+00:00,60,1,11,57.360382080078125,17.985254287719727,0,0,0,0,0,0,0,1,1,1,1,1,1,1,1,1,1,0,0,1,1,1,1,1,1
2022-01-10 11:30:00+00:00,60,1,11,51.562435150146484,3.2088890075683594,0,0,0,0,0,0,0,1,1,1,1,1,1,1,1,1,1,1,1,1,1,1,1,1,1
2022-01-10 11:30:00+00:00,60,1,11,169.70712280273438,122.76969909667969,0,0,0,0,0,0,0,0,0,0,0,0,1,1,1,1,1,0,0,0,0,0,0,0,0
2022-01-10 11:30:00+00:00,60,1,11,153.0984344482422,49.04684066772461,0,0,0,0,0,0,0,0,0,0,0,0,1,1,1,1,1,0,0,0,0,0,0,1,1
2022-01-10 11:30:00+00:00,60,1,11,168.0938262939453,47.503055572509766,0,0,0,0,0,0,0,0,0,0,0,0,1,1,1,1,1,0,0,0,0,0,0,1,1
2022-01-10 11:30:00+00:00,60,1,11,121.93856048583984,87.6761245727539,0,0,0,0,0,0,0,0,0,0,0,1,1,1,1,1,1,0,0,0,0,0,0,0,0
2022-01-10 11:30:00+00:00,60,1,11,153.9232177734375,209.93153381347656,0,0,0,0,0,0,0,0,0,0,0,0,1,1,1,1,1,0,0,0,0,0,0,0,0
2022-01-10 11:30:00+00:00,60,1,11,188.83346557617188,82.96138000488281,0,0,0,0,0,0,0,0,0,0,0,0,0,1,1,1,1,0,0,0,0,0,0,0,0
2022-01-10 11:30:00+00:00,60,1,11,153.49208068847656,75.49302673339844,0,0,0,0,0,0,0,0,0,0,0,0,1,1,1,1,1,0,0,0,0,0,0,0,0
2022-01-10 11:30:00+00:00,60,1,11,141.78184509277344,322.0351257324219,0,0,0,0,0,0,0,0,0,0,0,1,1,1,1,1,1,0,0,0,0,0,0,0,0
2022-01-10 11:30:00+00:00,60,1,11,276.86773681640625,80.00374603271484,0,0,0,0,0,0,0,0,0,0,0,0,0,0,0,1,1,0,0,0,0,0,0,0,0
2022-01-10 11:30:00+00:00,60,1,11,553.1766967773438,7.1955132484436035,0,0,0,0,0,0,0,0,0,0,0,0,0,0,0,0,0,1,1,1,1,1,1,1,1
2022-01-10 11:30:00+00:00,60,1,11,118.4775161743164,13.096170425415039,0,0,0,0,0,0,0,0,0,0,1,1,1,1,1,1,1,0,1,1,1,1,1,1,1
2022-01-10 11:30:00+00:00,60,1,11,63.6716194152832,7.403803825378418,0,0,0,0,0,0,0,0,1,1,1,1,1,1,1,1,1,1,1,1,1,1,1,1,1
2022-01-10 11:30:00+00:00,60,1,11,146.70123291015625,16.961149215698242,0,0,0,0,0,0,0,0,0,0,0,1,1,1,1,1,1,0,0,1,1,1,1,1,1
2022-01-10 11:30:00+00:00,60,1,11,167.25709533691406,3.363070249557495,0,0,0,0,0,0,0,0,0,0,0,0,1,1,1,1,1,1,1,1,1,1,1,1,1
2022-01-10 11:30:00+00:00,60,1,11,277.4205322265625,4.713633060455322,0,0,0,0,0,0,0,0,0,0,0,0,0,0,0,1,1,1,1,1,1,1,1,1,1
2022-01-10 11:30:00+00:00,60,1,11,,,0,0,0,0,0,0,0,0,0,0,0,0,0,0,0,0,0,0,0,0,0,0,0,0,0
2022-01-10 11:30:00+00:00,60,1,11,,,0,0,0,0,0,0,0,0,0,0,0,0,0,0,0,0,0,0,0,0,0,0,0,0,0
2022-01-10 11:45:00+00:00,60,1,11,,394.3818664550781,0,0,0,0,0,0,0,0,0,0,0,0,0,0,0,0,0,0,0,0,0,0,0,0,0
2022-01-10 11:45:00+00:00,60,1,11,353.8158874511719,99.24201965332031,0,0,0,0,0,0,0,0,0,0,0,0,0,0,0,0,0,0,0,0,0,0,0,0,0
2022-01-10 11:45:00+00:00,60,1,11,88.09258270263672,62.448177337646484,0,0,0,0,0,0,0,0,0,1,1,1,1,1,1,1,1,0,0,0,0,0,0,0,0
2022-01-10 11:45:00+00:00,60,1,11,79.30767059326172,0.0,0,0,0,0,0,0,0,0,1,1,1,1,1,1,1,1,1,1,1,1,1,1,1,1,1
2022-01-10 11:45:00+00:00,60,1,11,107.3027572631836,94.08775329589844,0,0,0,0,0,0,0,0,0,0,1,1,1,1,1,1,1,0,0,0,0,0,0,0,0
2022-01-10 11:45:00+00:00,60,1,11,140.5568389892578,17.73587417602539,0,0,0,0,0,0,0,0,0,0,0,1,1,1,1,1,1,0,0,1,1,1,1,1,1
2022-01-10 11:45:00+00:00,60,1,11,98.23970794677734,63.41889190673828,0,0,0,0,0,0,0,0,0,1,1,1,1,1,1,1,1,0,0,0,0,0,0,0,0
2022-01-10 11:45:00+00:00,60,1,11,107.08949279785156,148.80108642578125,0,0,0,0,0,0,0,0,0,0,1,1,1,1,1,1,1,0,0,0,0,0,0,0,0
2022-01-10 11:45:00+00:00,60,1,11,360.59320068359375,4.484523296356201,0,0,0,0,0,0,0,0,0,0,0,0,0,0,0,0,0,1,1,1,1,1,1,1,1
2022-01-10 11:45:00+00:00,60,1,11,,82.14508819580078,0,0,0,0,0,0,0,0,0,0,0,0,0,0,0,0,0,0,0,0,0,0,0,0,0
2022-01-10 11:45:00+00:00,60,1,11,514.0617065429688,15.928091049194336,0,0,0,0,0,0,0,0,0,0,0,0,0,0,0,0,0,0,0,1,1,1,1,1,1
2022-01-10 11:45:00+00:00,60,1,11,279.9060363769531,156.16921997070312,0,0,0,0,0,0,0,0,0,0,0,0,0,0,0,1,1,0,0,0,0,0,0,0,0
2022-01-10 11:45:00+00:00,60,1,11,210.5686798095703,51.668296813964844,0,0,0,0,0,0,0,0,0,0,0,0,0,0,1,1,1,0,0,0,0,0,0,0,1
2022-01-10 11:45:00+00:00,60,1,11,210.1964569091797,80.45733642578125,0,0,0,0,0,0,0,0,0,0,0,0,0,0,1,1,1,0,0,0,0,0,0,0,0
2022-01-10 12:00:00+00:00,60,1,12,,307.6587829589844,0,0,0,0,0,0,0,0,0,0,0,0,0,0,0,0,0,0,0,0,0,0,0,0,0
2022-01-10 12:00:00+00:00,60,1,12,,,0,0,0,0,0,0,0,0,0,0,0,0,0,0,0,0,0,0,0,0,0,0,0,0,0
2022-01-10 12:00:00+00:00,60,1,12,,,0,0,0,0,0,0,0,0,0,0,0,0,0,0,0,0,0,0,0,0,0,0,0,0,0
2022-01-10 12:00:00+00:00,60,1,12,420.0172119140625,406.3102722167969,0,0,0,0,0,0,0,0,0,0,0,0,0,0,0,0,0,0,0,0,0,0,0,0,0
2022-01-10 12:00:00+00:00,60,1,12,223.93606567382812,213.96859741210938,0,0,0,0,0,0,0,0,0,0,0,0,0,0,1,1,1,0,0,0,0,0,0,0,0
2022-01-10 12:00:00+00:00,60,1,12,198.67025756835938,183.54931640625,0,0,0,0,0,0,0,0,0,0,0,0,0,1,1,1,1,0,0,0,0,0,0,0,0
2022-01-10 12:00:00+00:00,60,1,12,35.5546875,33.556549072265625,0,0,0,0,0,1,1,1,1,1,1,1,1,1,1,1,1,0,0,0,0,0,1,1,1
2022-01-10 12:00:00+00:00,60,1,12,76.0153579711914,37.126747131347656,0,0,0,0,0,0,0,0,1,1,1,1,1,1,1,1,1,0,0,0,0,0,1,1,1
2022-01-10 12:00:00+00:00,60,1,12,67.32463073730469,28.547014236450195,0,0,0,0,0,0,0,0,1,1,1,1,1,1,1,1,1,0,0,0,0,1,1,1,1
2022-01-10 12:00:00+00:00,60,1,12,203.834716796875,199.6795654296875,0,0,0,0,0,0,0,0,0,0,0,0,0,0,1,1,1,0,0,0,0,0,0,0,0
2022-01-10 12:00:00+00:00,60,1,12,81.56224060058594,61.23937225341797,0,0,0,0,0,0,0,0,0,1,1,1,1,1,1,1,1,0,0,0,0,0,0,0,0
2022-01-10 12:00:00+00:00,60,1,12,193.31114196777344,0.0,0,0,0,0,0,0,0,0,0,0,0,0,0,1,1,1,1,1,1,1,1,1,1,1,1
2022-01-10 12:00:00+00:00,60,1,12,156.1474609375,83.37322235107422,0,0,0,0,0,0,0,0,0,0,0,0,1,1,1,1,1,0,0,0,0,0,0,0,0
2022-01-10 12:00:00+00:00,60,1,12,173.10302734375,25.00032615661621,0,0,0,0,0,0,0,0,0,0,0,0,1,1,1,1,1,0,0,0,0,1,1,1,1
2022-01-10 12:00:00+00:00,60,1,12,115.04605102539062,53.74510955810547,0,0,0,0,0,0,0,0,0,0,1,1,1,1,1,1,1,0,0,0,0,0,0,0,1
2022-01-10 12:00:00+00:00,60,1,12,98.87939453125,44.108192443847656,0,0,0,0,0,0,0,0,0,1,1,1,1,1,1,1,1,0,0,0,0,0,0,1,1
2022-01-10 12:00:00+00:00,60,1,12,249.15721130371094,137.3386993408203,0,0,0,0,0,0,0,0,0,0,0,0,0,0,1,1,1,0,0,0,0,0,0,0,0
2022-01-10 12:00:00+00:00,60,1,12,216.43629455566406,180.70082092285156,0,0,0,0,0,0,0,0,0,0,0,0,0,0,1,1,1,0,0,0,0,0,0,0,0
2022-01-10 12:00:00+00:00,60,1,12,232.84274291992188,206.73411560058594,0,0,0,0,0,0,0,0,0,0,0,0,0,0,1,1,1,0,0,0,0,0,0,0,0
2022-01-10 12:00:00+00:00,60,1,12,,,0,0,0,0,0,0,0,0,0,0,0,0,0,0,0,0,0,0,0,0,0,0,0,0,0
2022-01-10 12:00:00+00:00,60,1,12,,,0,0,0,0,0,0,0,0,0,0,0,0,0,0,0,0,0,0,0,0,0,0,0,0,0
2022-01-10 12:15:00+00:00,60,1,12,114.68204498291016,101.1219482421875,0,0,0,0,0,0,0,0,0,0,1,1,1,1,1,1,1,0,0,0,0,0,0,0,0
2022-01-10 12:15:00+00:00,60,1,12,88.63863372802734,22.304807662963867,0,0,0,0,0,0,0,0,0,1,1,1,1,1,1,1,1,0,0,0,1,1,1,1,1
2022-01-10 12:15:00+00:00,60,1,12,72.92710876464844,52.84197235107422,0,0,0,0,0,0,0,0,1,1,1,1,1,1,1,1,1,0,0,0,0,0,0,0,1
2022-01-10 12:15:00+00:00,60,1,12,66.71379089355469,13.372783660888672,0,0,0,0,0,0,0,0,1,1,1,1,1,1,1,1,1,0,1,1,1,1,1,1,1
2022-01-10 12:15:00+00:00,60,1,12,258.77197265625,192.8587188720703,0,0,0,0,0,0,0,0,0,0,0,0,0,0,0,1,1,0,0,0,0,0,0,0,0
2022-01-10 12:15:00+00:00,60,1,12,202.52926635742188,172.65513610839844,0,0,0,0,0,0,0,0,0,0,0,0,0,0,1,1,1,0,0,0,0,0,0,0,0
2022-01-10 12:15:00+00:00,60,1,12,165.86012268066406,155.81674194335938,0,0,0,0,0,0,0,0,0,0,0,0,1,1,1,1,1,0,0,0,0,0,0,0,0
2022-01-10 12:15:00+00:00,60,1,12,183.0511932373047,162.9703826904297,0,0,0,0,0,0,0,0,0,0,0,0,0,1,1,1,1,0,0,0,0,0,0,0,0
2022-01-10 12:15:00+00:00,60,1,12,,,0,0,0,0,0,0,0,0,0,0,0,0,0,0,0,0,0,0,0,0,0,0,0,0,0
2022-01-10 12:15:00+00:00,60,1,12,,,0,0,0,0,0,0,0,0,0,0,0,0,0,0,0,0,0,0,0,0,0,0,0,0,0
2022-01-10 12:30:00+00:00,60,1,12,207.66847229003906,116.92631530761719,0,0,0,0,0,0,0,0,0,0,0,0,0,0,1,1,1,0,0,0,0,0,0,0,0
2022-01-10 12:30:00+00:00,60,1,12,101.94374084472656,73.74910736083984,0,0,0,0,0,0,0,0,0,0,1,1,1,1,1,1,1,0,0,0,0,0,0,0,0
2022-01-10 12:30:00+00:00,60,1,12,192.9474639892578,208.00527954101562,0,0,0,0,0,0,0,0,0,0,0,0,0,1,1,1,1,0,0,0,0,0,0,0,0
2022-01-10 12:30:00+00:00,60,1,12,68.28131866455078,141.24130249023438,0,0,0,0,0,0,0,0,1,1,1,1,1,1,1,1,1,0,0,0,0,0,0,0,0
2022-01-10 12:30:00+00:00,60,1,12,204.92483520507812,32.638038635253906,0,0,0,0,0,0,0,0,0,0,0,0,0,0,1,1,1,0,0,0,0,0,1,1,1
2022-01-10 12:30:00+00:00,60,1,12,131.9148406982422,115.75721740722656,0,0,0,0,0,0,0,0,0,0,0,1,1,1,1,1,1,0,0,0,0,0,0,0,0
2022-01-10 12:30:00+00:00,60,1,12,295.3517150878906,248.16665649414062,0,0,0,0,0,0,0,0,0,0,0,0,0,0,0,1,1,0,0,0,0,0,0,0,0
2022-01-10 12:30:00+00:00,60,1,12,30.37978744506836,3.3902084827423096,0,0,0,0,0,1,1,1,1,1,1,1,1,1,1,1,1,1,1,1,1,1,1,1,1
2022-01-10 12:30:00+00:00,60,1,12,200.87039184570312,4.7314958572387695,0,0,0,0,0,0,0,0,0,0,0,0,0,0,1,1,1,1,1,1,1,1,1,1,1
2022-01-10 12:30:00+00:00,60,1,12,179.42001342773438,137.8041534423828,0,0,0,0,0,0,0,0,0,0,0,0,1,1,1,1,1,0,0,0,0,0,0,0,0
2022-01-10 12:30:00+00:00,60,1,12,284.4091491699219,231.2713165283203,0,0,0,0,0,0,0,0,0,0,0,0,0,0,0,1,1,0,0,0,0,0,0,0,0
2022-01-10 12:30:00+00:00,60,1,12,429.52178955078125,437.5037536621094,0,0,0,0,0,0,0,0,0,0,0,0,0,0,0,0,0,0,0,0,0,0,0,0,0
2022-01-10 12:30:00+00:00,60,1,12,,,0,0,0,0,0,0,0,0,0,0,0,0,0,0,0,0,0,0,0,0,0,0,0,0,0
2022-01-10 12:45:00+00:00,60,1,12,239.2630157470703,190.3052978515625,0,0,0,0,0,0,0,0,0,0,0,0,0,0,1,1,1,0,0,0,0,0,0,0,0
2022-01-10 12:45:00+00:00,60,1,12,137.69070434570312,81.09213256835938,0,0,0,0,0,0,0,0,0,0,0,1,1,1,1,1,1,0,0,0,0,0,0,0,0
2022-01-10 12:45:00+00:00,60,1,12,115.62596893310547,4.647268772125244,0,0,0,0,0,0,0,0,0,0,1,1,1,1,1,1,1,1,1,1,1,1,1,1,1
2022-01-10 12:45:00+00:00,60,1,12,148.68626403808594,64.30339813232422,0,0,0,0,0,0,0,0,0,0,0,1,1,1,1,1,1,0,0,0,0,0,0,0,0
2022-01-10 12:45:00+00:00,60,1,12,182.6986846923828,142.2704620361328,0,0,0,0,0,0,0,0,0,0,0,0,0,1,1,1,1,0,0,0,0,0,0,0,0
2022-01-10 12:45:00+00:00,60,1,12,144.4132843017578,125.15283203125,0,0,0,0,0,0,0,0,0,0,0,1,1,1,1,1,1,0,0,0,0,0,0,0,0
2022-01-10 12:45:00+00:00,60,1,12,,,0,0,0,0,0,0,0,0,0,0,0,0,0,0,0,0,0,0,0,0,0,0,0,0,0
2022-01-10 13:00:00+00:00,60,1,13,,111.76600646972656,0,0,0,0,0,0,0,0,0,0,0,0,0,0,0,0,0,0,0,0,0,0,0,0,0
2022-01-10 13:00:00+00:00,60,1,13,188.9446258544922,213.7230224609375,0,0,0,0,0,0,0,0,0,0,0,0,0,1,1,1,1,0,0,0,0,0,0,0,0
2022-01-10 13:00:00+00:00,60,1,13,323.5521545410156,16.42959976196289,0,0,0,0,0,0,0,0,0,0,0,0,0,0,0,0,1,0,0,1,1,1,1,1,1
2022-01-10 13:00:00+00:00,60,1,13,196.13275146484375,133.0933837890625,0,0,0,0,0,0,0,0,0,0,0,0,0,1,1,1,1,0,0,0,0,0,0,0,0
2022-01-10 13:00:00+00:00,60,1,13,114.8198013305664,82.56961822509766,0,0,0,0,0,0,0,0,0,0,1,1,1,1,1,1,1,0,0,0,0,0,0,0,0
2022-01-10 13:00:00+00:00,60,1,13,173.2860870361328,155.71749877929688,0,0,0,0,0,0,0,0,0,0,0,0,1,1,1,1,1,0,0,0,0,0,0,0,0
2022-01-10 13:00:00+00:00,60,1,13,51.23649215698242,0.0,0,0,0,0,0,0,0,1,1,1,1,1,1,1,1,1,1,1,1,1,1,1,1,1,1
2022-01-10 13:00:00+00:00,60,1,13,75.84928131103516,0.0,0,0,0,0,0,0,0,0,1,1,1,1,1,1,1,1,1,1,1,1,1,1,1,1,1
2022-01-10 13:00:00+00:00,60,1,13,131.14569091796875,102.2970199584961,0,0,0,0,0,0,0,0,0,0,0,1,1,1,1,1,1,0,0,0,0,0,0,0,0
2022-01-10 13:00:00+00:00,60,1,13,83.17244720458984,60.71518325805664,0,0,0,0,0,0,0,0,0,1,1,1,1,1,1,1,1,0,0,0,0,0,0,0,0
2022-01-10 13:00:00+00:00,60,1,13,131.91455078125,103.45806884765625,0,0,0,0,0,0,0,0,0,0,0,1,1,1,1,1,1,0,0,0,0,0,0,0,0
2022-01-10 13:00:00+00:00,60,1,13,150.0741729736328,0.0,0,0,0,0,0,0,0,0,0,0,0,0,1,1,1,1,1,1,1,1,1,1,1,1,1
2022-01-10 13:00:00+00:00,60,1,13,116.09895324707031,11.08926773071289,0,0,0,0,0,0,0,0,0,0,1,1,1,1,1,1,1,0,1,1,1,1,1,1,1
2022-01-10 13:00:00+00:00,60,1,13,111.30412292480469,58.7547607421875,0,0,0,0,0,0,0,0,0,0,1,1,1,1,1,1,1,0,0,0,0,0,0,0,1
2022-01-10 13:00:00+00:00,60,1,13,135.83152770996094,81.54447174072266,0,0,0,0,0,0,0,0,0,0,0,1,1,1,1,1,1,0,0,0,0,0,0,0,0
2022-01-10 13:15:00+00:00,60,1,13,242.6063995361328,,0,0,0,0,0,0,0,0,0,0,0,0,0,0,1,1,1,0,0,0,0,0,0,0,0
2022-01-10 13:15:00+00:00,60,1,13,261.3231201171875,,0,0,0,0,0,0,0,0,0,0,0,0,0,0,0,1,1,0,0,0,0,0,0,0,0
2022-01-10 13:15:00+00:00,60,1,13,246.1575164794922,94.03544616699219,0,0,0,0,0,0,0,0,0,0,0,0,0,0,1,1,1,0,0,0,0,0,0,0,0
2022-01-10 13:15:00+00:00,60,1,13,295.7982482910156,334.010986328125,0,0,0,0,0,0,0,0,0,0,0,0,0,0,0,1,1,0,0,0,0,0,0,0,0
2022-01-10 13:15:00+00:00,60,1,13,82.33295440673828,13.125843048095703,0,0,0,0,0,0,0,0,0,1,1,1,1,1,1,1,1,0,1,1,1,1,1,1,1
2022-01-10 13:15:00+00:00,60,1,13,59.836910247802734,22.264482498168945,0,0,0,0,0,0,0,1,1,1,1,1,1,1,1,1,1,0,0,0,1,1,1,1,1
2022-01-10 13:15:00+00:00,60,1,13,130.2615203857422,9.596114158630371,0,0,0,0,0,0,0,0,0,0,0,1,1,1,1,1,1,1,1,1,1,1,1,1,1
2022-01-10 13:15:00+00:00,60,1,13,245.84446716308594,3.144514799118042,0,0,0,0,0,0,0,0,0,0,0,0,0,0,1,1,1,1,1,1,1,1,1,1,1
2022-01-10 13:15:00+00:00,60,1,13,134.81890869140625,106.15895080566406,0,0,0,0,0,0,0,0,0,0,0,1,1,1,1,1,1,0,0,0,0,0,0,0,0
2022-01-10 13:15:00+00:00,60,1,13,56.613121032714844,19.498517990112305,0,0,0,0,0,0,0,1,1,1,1,1,1,1,1,1,1,0,0,1,1,1,1,1,1
2022-01-10 13:15:00+00:00,60,1,13,22.728473663330078,0.0,0,0,0,1,1,1,1,1,1,1,1,1,1,1,1,1,1,1,1,1,1,1,1,1,1
2022-01-10 13:15:00+00:00,60,1,13,82.48248291015625,13.64083480834961,0,0,0,0,0,0,0,0,0,1,1,1,1,1,1,1,1,0,1,1,1,1,1,1,1
2022-01-10 13:15:00+00:00,60,1,13,305.6973571777344,15.666648864746094,0,0,0,0,0,0,0,0,0,0,0,0,0,0,0,0,1,0,0,1,1,1,1,1,1
2022-01-10 13:15:00+00:00,60,1,13,88.39796447753906,14.787425994873047,0,0,0,0,0,0,0,0,0,1,1,1,1,1,1,1,1,0,1,1,1,1,1,1,1
2022-01-10 13:15:00+00:00,60,1,13,251.80282592773438,199.43601989746094,0,0,0,0,0,0,0,0,0,0,0,0,0,0,0,1,1,0,0,0,0,0,0,0,0
2022-01-10 13:15:00+00:00,60,1,13,,270.4390869140625,0,0,0,0,0,0,0,0,0,0,0,0,0,0,0,0,0,0,0,0,0,0,0,0,0
2022-01-10 13:15:00+00:00,60,1,13,,,0,0,0,0,0,0,0,0,0,0,0,0,0,0,0,0,0,0,0,0,0,0,0,0,0
2022-01-10 13:30:00+00:00,60,1,13,,,0,0,0,0,0,0,0,0,0,0,0,0,0,0,0,0,0,0,0,0,0,0,0,0,0
2022-01-10 13:30:00+00:00,60,1,13,115.93693542480469,36.25077819824219,0,0,0,0,0,0,0,0,0,0,1,1,1,1,1,1,1,0,0,0,0,0,1,1,1
2022-01-10 13:30:00+00:00,60,1,13,150.77053833007812,31.078125,0,0,0,0,0,0,0,0,0,0,0,0,1,1,1,1,1,0,0,0,0,0,1,1,1
2022-01-10 13:30:00+00:00,60,1,13,142.56771850585938,16.00368309020996,0,0,0,0,0,0,0,0,0,0,0,1,1,1,1,1,1,0,0,1,1,1,1,1,1
2022-01-10 13:30:00+00:00,60,1,13,207.00711059570312,23.572237014770508,0,0,0,0,0,0,0,0,0,0,0,0,0,0,1,1,1,0,0,0,1,1,1,1,1
2022-01-10 13:30:00+00:00,60,1,13,183.2291717529297,59.969234466552734,0,0,0,0,0,0,0,0,0,0,0,0,0,1,1,1,1,0,0,0,0,0,0,0,1
2022-01-10 13:30:00+00:00,60,1,13,,247.7668914794922,0,0,0,0,0,0,0,0,0,0,0,0,0,0,0,0,0,0,0,0,0,0,0,0,0
2022-01-10 13:30:00+00:00,60,1,13,230.68209838867188,202.0792999267578,0,0,0,0,0,0,0,0,0,0,0,0,0,0,1,1,1,0,0,0,0,0,0,0,0
2022-01-10 13:30:00+00:00,60,1,13,,,0,0,0,0,0,0,0,0,0,0,0,0,0,0,0,0,0,0,0,0,0,0,0,0,0
2022-01-10 13:30:00+00:00,60,1,13,,,0,0,0,0,0,0,0,0,0,0,0,0,0,0,0,0,0,0,0,0,0,0,0,0,0
2022-01-10 13:30:00+00:00,60,1,13,,,0,0,0,0,0,0,0,0,0,0,0,0,0,0,0,0,0,0,0,0,0,0,0,0,0
2022-01-10 13:30:00+00:00,60,1,13,,,0,0,0,0,0,0,0,0,0,0,0,0,0,0,0,0,0,0,0,0,0,0,0,0,0
2022-01-10 13:45:00+00:00,60,1,13,147.2740478515625,64.08563995361328,0,0,0,0,0,0,0,0,0,0,0,1,1,1,1,1,1,0,0,0,0,0,0,0,0
2022-01-10 13:45:00+00:00,60,1,13,185.11126708984375,139.58383178710938,0,0,0,0,0,0,0,0,0,0,0,0,0,1,1,1,1,0,0,0,0,0,0,0,0
2022-01-10 13:45:00+00:00,60,1,13,130.97401428222656,70.6138687133789,0,0,0,0,0,0,0,0,0,0,0,1,1,1,1,1,1,0,0,0,0,0,0,0,0
2022-01-10 13:45:00+00:00,60,1,13,71.6439437866211,183.38107299804688,0,0,0,0,0,0,0,0,1,1,1,1,1,1,1,1,1,0,0,0,0,0,0,0,0
2022-01-10 13:45:00+00:00,60,1,13,,,0,0,0,0,0,0,0,0,0,0,0,0,0,0,0,0,0,0,0,0,0,0,0,0,0
2022-01-10 13:45:00+00:00,60,1,13,,,0,0,0,0,0,0,0,0,0,0,0,0,0,0,0,0,0,0,0,0,0,0,0,0,0
2022-01-10 13:45:00+00:00,60,1,13,,,0,0,0,0,0,0,0,0,0,0,0,0,0,0,0,0,0,0,0,0,0,0,0,0,0
2022-01-10 13:45:00+00:00,60,1,13,,,0,0,0,0,0,0,0,0,0,0,0,0,0,0,0,0,0,0,0,0,0,0,0,0,0
2022-01-10 14:00:00+00:00,60,1,14,53.18327713012695,29.473718643188477,0,0,0,0,0,0,0,1,1,1,1,1,1,1,1,1,1,0,0,0,0,1,1,1,1
2022-01-10 14:00:00+00:00,60,1,14,80.9976806640625,7.942441940307617,0,0,0,0,0,0,0,0,0,1,1,1,1,1,1,1,1,1,1,1,1,1,1,1,1
2022-01-10 14:00:00+00:00,60,1,14,106.96682739257812,8.170560836791992,0,0,0,0,0,0,0,0,0,0,1,1,1,1,1,1,1,1,1,1,1,1,1,1,1
2022-01-10 14:00:00+00:00,60,1,14,159.11923217773438,134.24879455566406,0,0,0,0,0,0,0,0,0,0,0,0,1,1,1,1,1,0,0,0,0,0,0,0,0
2022-01-10 14:00:00+00:00,60,1,14,186.4447479248047,88.11788940429688,0,0,0,0,0,0,0,0,0,0,0,0,0,1,1,1,1,0,0,0,0,0,0,0,0
2022-01-10 14:00:00+00:00,60,1,14,165.4313507080078,156.26820373535156,0,0,0,0,0,0,0,0,0,0,0,0,1,1,1,1,1,0,0,0,0,0,0,0,0
2022-01-10 14:00:00+00:00,60,1,14,128.6911163330078,114.84832000732422,0,0,0,0,0,0,0,0,0,0,0,1,1,1,1,1,1,0,0,0,0,0,0,0,0
2022-01-10 14:00:00+00:00,60,1,14,,,0,0,0,0,0,0,0,0,0,0,0,0,0,0,0,0,0,0,0,0,0,0,0,0,0
2022-01-10 14:00:00+00:00,60,1,14,,,0,0,0,0,0,0,0,0,0,0,0,0,0,0,0,0,0,0,0,0,0,0,0,0,0
2022-01-10 14:00:00+00:00,60,1,14,,,0,0,0,0,0,0,0,0,0,0,0,0,0,0,0,0,0,0,0,0,0,0,0,0,0
2022-01-10 14:00:00+00:00,60,1,14,,,0,0,0,0,0,0,0,0,0,0,0,0,0,0,0,0,0,0,0,0,0,0,0,0,0
2022-01-10 14:15:00+00:00,60,1,14,,,0,0,0,0,0,0,0,0,0,0,0,0,0,0,0,0,0,0,0,0,0,0,0,0,0
2022-01-10 14:15:00+00:00,60,1,14,330.482177734375,293.3399963378906,0,0,0,0,0,0,0,0,0,0,0,0,0,0,0,0,1,0,0,0,0,0,0,0,0
2022-01-10 14:15:00+00:00,60,1,14,292.3460998535156,307.29278564453125,0,0,0,0,0,0,0,0,0,0,0,0,0,0,0,1,1,0,0,0,0,0,0,0,0
2022-01-10 14:15:00+00:00,60,1,14,53.790672302246094,24.966930389404297,0,0,0,0,0,0,0,1,1,1,1,1,1,1,1,1,1,0,0,0,1,1,1,1,1
2022-01-10 14:15:00+00:00,60,1,14,233.08154296875,131.9623260498047,0,0,0,0,0,0,0,0,0,0,0,0,0,0,1,1,1,0,0,0,0,0,0,0,0
2022-01-10 14:15:00+00:00,60,1,14,74.37324523925781,116.2288818359375,0,0,0,0,0,0,0,0,1,1,1,1,1,1,1,1,1,0,0,0,0,0,0,0,0
2022-01-10 14:15:00+00:00,60,1,14,136.68690490722656,131.12306213378906,0,0,0,0,0,0,0,0,0,0,0,1,1,1,1,1,1,0,0,0,0,0,0,0,0
2022-01-10 14:15:00+00:00,60,1,14,95.32193756103516,66.95120239257812,0,0,0,0,0,0,0,0,0,1,1,1,1,1,1,1,1,0,0,0,0,0,0,0,0
2022-01-10 14:15:00+00:00,60,1,14,148.7567596435547,100.59085845947266,0,0,0,0,0,0,0,0,0,0,0,1,1,1,1,1,1,0,0,0,0,0,0,0,0
2022-01-10 14:15:00+00:00,60,1,14,,,0,0,0,0,0,0,0,0,0,0,0,0,0,0,0,0,0,0,0,0,0,0,0,0,0
2022-01-10 14:15:00+00:00,60,1,14,,,0,0,0,0,0,0,0,0,0,0,0,0,0,0,0,0,0,0,0,0,0,0,0,0,0
2022-01-10 14:15:00+00:00,60,1,14,,,0,0,0,0,0,0,0,0,0,0,0,0,0,0,0,0,0,0,0,0,0,0,0,0,0
2022-01-10 14:15:00+00:00,60,1,14,,,0,0,0,0,0,0,0,0,0,0,0,0,0,0,0,0,0,0,0,0,0,0,0,0,0
2022-01-10 14:15:00+00:00,60,1,14,,,0,0,0,0,0,0,0,0,0,0,0,0,0,0,0,0,0,0,0,0,0,0,0,0,0
2022-01-10 14:30:00+00:00,60,1,14,453.4438171386719,,0,0,0,0,0,0,0,0,0,0,0,0,0,0,0,0,0,0,0,0,0,0,0,0,0
2022-01-10 14:30:00+00:00,60,1,14,309.153076171875,,0,0,0,0,0,0,0,0,0,0,0,0,0,0,0,0,1,0,0,0,0,0,0,0,0
2022-01-10 14:30:00+00:00,60,1,14,133.24386596679688,17.49736785888672,0,0,0,0,0,0,0,0,0,0,0,1,1,1,1,1,1,0,0,1,1,1,1,1,1
2022-01-10 14:30:00+00:00,60,1,14,112.63257598876953,90.05418395996094,0,0,0,0,0,0,0,0,0,0,1,1,1,1,1,1,1,0,0,0,0,0,0,0,0
2022-01-10 14:30:00+00:00,60,1,14,55.6486930847168,67.32481384277344,0,0,0,0,0,0,0,1,1,1,1,1,1,1,1,1,1,0,0,0,0,0,0,0,0
2022-01-10 14:30:00+00:00,60,1,14,42.65724563598633,36.07475280761719,0,0,0,0,0,0,1,1,1,1,1,1,1,1,1,1,1,0,0,0,0,0,1,1,1
2022-01-10 14:30:00+00:00,60,1,14,35.28873062133789,27.66762924194336,0,0,0,0,0,1,1,1,1,1,1,1,1,1,1,1,1,0,0,0,0,1,1,1,1
2022-01-10 14:30:00+00:00,60,1,14,140.257080078125,152.62380981445312,0,0,0,0,0,0,0,0,0,0,0,1,1,1,1,1,1,0,0,0,0,0,0,0,0
2022-01-10 14:30:00+00:00,60,1,14,156.6514434814453,135.6248321533203,0,0,0,0,0,0,0,0,0,0,0,0,1,1,1,1,1,0,0,0,0,0,0,0,0
2022-01-10 14:30:00+00:00,60,1,14,49.94386291503906,48.53299331665039,0,0,0,0,0,0,1,1,1,1,1,1,1,1,1,1,1,0,0,0,0,0,0,1,1
2022-01-10 14:30:00+00:00,60,1,14,40.049171447753906,9.45320987701416,0,0,0,0,0,0,1,1,1,1,1,1,1,1,1,1,1,1,1,1,1,1,1,1,1
2022-01-10 14:30:00+00:00,60,1,14,222.99349975585938,6.955883979797363,0,0,0,0,0,0,0,0,0,0,0,0,0,0,1,1,1,1,1,1,1,1,1,1,1
2022-01-10 14:30:00+00:00,60,1,14,281.56121826171875,265.6773376464844,0,0,0,0,0,0,0,0,0,0,0,0,0,0,0,1,1,0,0,0,0,0,0,0,0
2022-01-10 14:30:00+00:00,60,1,14,198.27178955078125,106.20854187011719,0,0,0,0,0,0,0,0,0,0,0,0,0,1,1,1,1,0,0,0,0,0,0,0,0
2022-01-10 14:30:00+00:00,60,1,14,,,0,0,0,0,0,0,0,0,0,0,0,0,0,0,0,0,0,0,0,0,0,0,0,0,0
2022-01-10 14:30:00+00:00,60,1,14,,,0,0,0,0,0,0,0,0,0,0,0,0,0,0,0,0,0,0,0,0,0,0,0,0,0
2022-01-10 14:30:00+00:00,60,1,14,,,0,0,0,0,0,0,0,0,0,0,0,0,0,0,0,0,0,0,0,0,0,0,0,0,0
2022-01-10 14:30:00+00:00,60,1,14,,,0,0,0,0,0,0,0,0,0,0,0,0,0,0,0,0,0,0,0,0,0,0,0,0,0
2022-01-10 14:45:00+00:00,60,1,14,526.5574340820312,,0,0,0,0,0,0,0,0,0,0,0,0,0,0,0,0,0,0,0,0,0,0,0,0,0
2022-01-10 14:45:00+00:00,60,1,14,42.47346878051758,0.0,0,0,0,0,0,0,1,1,1,1,1,1,1,1,1,1,1,1,1,1,1,1,1,1,1
2022-01-10 14:45:00+00:00,60,1,14,64.29313659667969,98.42122650146484,0,0,0,0,0,0,0,0,1,1,1,1,1,1,1,1,1,0,0,0,0,0,0,0,0
2022-01-10 14:45:00+00:00,60,1,14,,,0,0,0,0,0,0,0,0,0,0,0,0,0,0,0,0,0,0,0,0,0,0,0,0,0
2022-01-10 14:45:00+00:00,60,1,14,,,0,0,0,0,0,0,0,0,0,0,0,0,0,0,0,0,0,0,0,0,0,0,0,0,0
2022-01-10 14:45:00+00:00,60,1,14,,,0,0,0,0,0,0,0,0,0,0,0,0,0,0,0,0,0,0,0,0,0,0,0,0,0
2022-01-10 14:45:00+00:00,60,1,14,,,0,0,0,0,0,0,0,0,0,0,0,0,0,0,0,0,0,0,0,0,0,0,0,0,0
2022-01-10 14:45:00+00:00,60,1,14,,,0,0,0,0,0,0,0,0,0,0,0,0,0,0,0,0,0,0,0,0,0,0,0,0,0
2022-01-10 15:00:00+00:00,60,1,15,,,0,0,0,0,0,0,0,0,0,0,0,0,0,0,0,0,0,0,0,0,0,0,0,0,0
2022-01-10 15:00:00+00:00,60,1,15,39.64358139038086,33.09349060058594,0,0,0,0,0,1,1,1,1,1,1,1,1,1,1,1,1,0,0,0,0,0,1,1,1
2022-01-10 15:00:00+00:00,60,1,15,161.8556671142578,120.10860443115234,0,0,0,0,0,0,0,0,0,0,0,0,1,1,1,1,1,0,0,0,0,0,0,0,0
2022-01-10 15:00:00+00:00,60,1,15,139.8803253173828,89.43862915039062,0,0,0,0,0,0,0,0,0,0,0,1,1,1,1,1,1,0,0,0,0,0,0,0,0
2022-01-10 15:00:00+00:00,60,1,15,90.94712829589844,104.62578582763672,0,0,0,0,0,0,0,0,0,1,1,1,1,1,1,1,1,0,0,0,0,0,0,0,0
2022-01-10 15:00:00+00:00,60,1,15,95.18177795410156,0.0,0,0,0,0,0,0,0,0,0,1,1,1,1,1,1,1,1,1,1,1,1,1,1,1,1
2022-01-10 15:00:00+00:00,60,1,15,77.30792236328125,19.56226348876953,0,0,0,0,0,0,0,0,1,1,1,1,1,1,1,1,1,0,0,1,1,1,1,1,1
2022-01-10 15:00:00+00:00,60,1,15,125.95147705078125,103.4686508178711,0,0,0,0,0,0,0,0,0,0,0,1,1,1,1,1,1,0,0,0,0,0,0,0,0
2022-01-10 15:00:00+00:00,60,1,15,,470.2615661621094,0,0,0,0,0,0,0,0,0,0,0,0,0,0,0,0,0,0,0,0,0,0,0,0,0
2022-01-10 15:00:00+00:00,60,1,15,174.45021057128906,0.0,0,0,0,0,0,0,0,0,0,0,0,0,1,1,1,1,1,1,1,1,1,1,1,1,1
2022-01-10 15:00:00+00:00,60,1,15,,,0,0,0,0,0,0,0,0,0,0,0,0,0,0,0,0,0,0,0,0,0,0,0,0,0
2022-01-10 15:00:00+00:00,60,1,15,,,0,0,0,0,0,0,0,0,0,0,0,0,0,0,0,0,0,0,0,0,0,0,0,0,0
2022-01-10 15:15:00+00:00,60,1,15,,,0,0,0,0,0,0,0,0,0,0,0,0,0,0,0,0,0,0,0,0,0,0,0,0,0
2022-01-10 15:15:00+00:00,60,1,15,,,0,0,0,0,0,0,0,0,0,0,0,0,0,0,0,0,0,0,0,0,0,0,0,0,0
2022-01-10 15:15:00+00:00,60,1,15,229.90896606445312,128.7045440673828,0,0,0,0,0,0,0,0,0,0,0,0,0,0,1,1,1,0,0,0,0,0,0,0,0
2022-01-10 15:15:00+00:00,60,1,15,73.97743225097656,152.500732421875,0,0,0,0,0,0,0,0,1,1,1,1,1,1,1,1,1,0,0,0,0,0,0,0,0
2022-01-10 15:15:00+00:00,60,1,15,190.89437866210938,204.4785919189453,0,0,0,0,0,0,0,0,0,0,0,0,0,1,1,1,1,0,0,0,0,0,0,0,0
2022-01-10 15:15:00+00:00,60,1,15,306.7064208984375,307.3392639160156,0,0,0,0,0,0,0,0,0,0,0,0,0,0,0,0,1,0,0,0,0,0,0,0,0
2022-01-10 15:15:00+00:00,60,1,15,,9.089885711669922,0,0,0,0,0,0,0,0,0,0,0,0,0,0,0,0,0,1,1,1,1,1,1,1,1
2022-01-10 15:15:00+00:00,60,1,15,85.9713134765625,89.23538970947266,0,0,0,0,0,0,0,0,0,1,1,1,1,1,1,1,1,0,0,0,0,0,0,0,0
2022-01-10 15:15:00+00:00,60,1,15,365.8780517578125,167.94378662109375,0,0,0,0,0,0,0,0,0,0,0,0,0,0,0,0,0,0,0,0,0,0,0,0,0
2022-01-10 15:15:00+00:00,60,1,15,,,0,0,0,0,0,0,0,0,0,0,0,0,0,0,0,0,0,0,0,0,0,0,0,0,0
2022-01-10 15:15:00+00:00,60,1,15,,,0,0,0,0,0,0,0,0,0,0,0,0,0,0,0,0,0,0,0,0,0,0,0,0,0
2022-01-10 15:30:00+00:00,60,1,15,102.51126861572266,164.40660095214844,0,0,0,0,0,0,0,0,0,0,1,1,1,1,1,1,1,0,0,0,0,0,0,0,0
2022-01-10 15:30:00+00:00,60,1,15,402.2410888671875,203.27569580078125,0,0,0,0,0,0,0,0,0,0,0,0,0,0,0,0,0,0,0,0,0,0,0,0,0
2022-01-10 15:30:00+00:00,60,1,15,147.36395263671875,99.2789077758789,0,0,0,0,0,0,0,0,0,0,0,1,1,1,1,1,1,0,0,0,0,0,0,0,0
2022-01-10 15:30:00+00:00,60,1,15,,,0,0,0,0,0,0,0,0,0,0,0,0,0,0,0,0,0,0,0,0,0,0,0,0,0
2022-01-10 15:30:00+00:00,60,1,15,,,0,0,0,0,0,0,0,0,0,0,0,0,0,0,0,0,0,0,0,0,0,0,0,0,0
2022-01-10 15:45:00+00:00,60,1,15,35.562984466552734,82.90013885498047,0,0,0,0,0,1,1,1,1,1,1,1,1,1,1,1,1,0,0,0,0,0,0,0,0
2022-01-10 15:45:00+00:00,60,1,15,276.0199890136719,241.87567138671875,0,0,0,0,0,0,0,0,0,0,0,0,0,0,0,1,1,0,0,0,0,0,0,0,0
2022-01-10 15:45:00+00:00,60,1,15,68.22222900390625,72.14763641357422,0,0,0,0,0,0,0,0,1,1,1,1,1,1,1,1,1,0,0,0,0,0,0,0,0
2022-01-10 15:45:00+00:00,60,1,15,545.0157470703125,,0,0,0,0,0,0,0,0,0,0,0,0,0,0,0,0,0,0,0,0,0,0,0,0,0
2022-01-10 15:45:00+00:00,60,1,15,161.51438903808594,188.45619201660156,0,0,0,0,0,0,0,0,0,0,0,0,1,1,1,1,1,0,0,0,0,0,0,0,0
2022-01-10 16:00:00+00:00,60,1,16,62.78536605834961,72.21015167236328,0,0,0,0,0,0,0,0,1,1,1,1,1,1,1,1,1,0,0,0,0,0,0,0,0
2022-01-10 16:00:00+00:00,60,1,16,47.20133972167969,61.979923248291016,0,0,0,0,0,0,1,1,1,1,1,1,1,1,1,1,1,0,0,0,0,0,0,0,0
2022-01-10 16:00:00+00:00,60,1,16,143.5133514404297,152.83102416992188,0,0,0,0,0,0,0,0,0,0,0,1,1,1,1,1,1,0,0,0,0,0,0,0,0
2022-01-10 16:00:00+00:00,60,1,16,58.95690155029297,0.0,0,0,0,0,0,0,0,1,1,1,1,1,1,1,1,1,1,1,1,1,1,1,1,1,1
2022-01-10 16:00:00+00:00,60,1,16,141.18113708496094,137.71307373046875,0,0,0,0,0,0,0,0,0,0,0,1,1,1,1,1,1,0,0,0,0,0,0,0,0
2022-01-10 16:15:00+00:00,60,1,16,142.39645385742188,148.7995147705078,0,0,0,0,0,0,0,0,0,0,0,1,1,1,1,1,1,0,0,0,0,0,0,0,0
2022-01-10 16:15:00+00:00,60,1,16,408.5790710449219,,0,0,0,0,0,0,0,0,0,0,0,0,0,0,0,0,0,0,0,0,0,0,0,0,0
2022-01-10 16:30:00+00:00,60,1,16,173.02685546875,12.97390365600586,0,0,0,0,0,0,0,0,0,0,0,0,1,1,1,1,1,0,1,1,1,1,1,1,1
2022-01-10 16:30:00+00:00,60,1,16,144.5406036376953,161.8260040283203,0,0,0,0,0,0,0,0,0,0,0,1,1,1,1,1,1,0,0,0,0,0,0,0,0
2022-01-10 16:45:00+00:00,60,1,16,,,0,0,0,0,0,0,0,0,0,0,0,0,0,0,0,0,0,0,0,0,0,0,0,0,0
2022-01-10 16:45:00+00:00,60,1,16,95.15599060058594,73.96648406982422,0,0,0,0,0,0,0,0,0,1,1,1,1,1,1,1,1,0,0,0,0,0,0,0,0
2022-01-10 16:45:00+00:00,60,1,16,530.788818359375,,0,0,0,0,0,0,0,0,0,0,0,0,0,0,0,0,0,0,0,0,0,0,0,0,0
2022-01-10 17:00:00+00:00,60,1,17,154.6540985107422,166.9676971435547,0,0,0,0,0,0,0,0,0,0,0,0,1,1,1,1,1,0,0,0,0,0,0,0,0
2022-01-10 17:00:00+00:00,60,1,17,174.80636596679688,168.1269073486328,0,0,0,0,0,0,0,0,0,0,0,0,1,1,1,1,1,0,0,0,0,0,0,0,0
2022-01-10 17:00:00+00:00,60,1,17,,,0,0,0,0,0,0,0,0,0,0,0,0,0,0,0,0,0,0,0,0,0,0,0,0,0
2022-01-10 17:15:00+00:00,60,1,17,106.5714111328125,64.27192687988281,0,0,0,0,0,0,0,0,0,0,1,1,1,1,1,1,1,0,0,0,0,0,0,0,0
2022-01-10 17:30:00+00:00,60,1,17,178.46006774902344,167.69699096679688,0,0,0,0,0,0,0,0,0,0,0,0,1,1,1,1,1,0,0,0,0,0,0,0,0
2022-01-10 17:30:00+00:00,60,1,17,,,0,0,0,0,0,0,0,0,0,0,0,0,0,0,0,0,0,0,0,0,0,0,0,0,0
2022-01-10 17:45:00+00:00,60,1,17,,,0,0,0,0,0,0,0,0,0,0,0,0,0,0,0,0,0,0,0,0,0,0,0,0,0
2022-01-10 17:45:00+00:00,60,1,17,236.61944580078125,363.1723937988281,0,0,0,0,0,0,0,0,0,0,0,0,0,0,1,1,1,0,0,0,0,0,0,0,0
2022-01-10 17:45:00+00:00,60,1,17,82.14067840576172,111.63250732421875,0,0,0,0,0,0,0,0,0,1,1,1,1,1,1,1,1,0,0,0,0,0,0,0,0
2022-01-11 10:00:00+00:00,60,1,10,494.9471130371094,505.03948974609375,0,0,0,0,0,0,0,0,0,0,0,0,0,0,0,0,0,0,0,0,0,0,0,0,0
2022-01-11 10:00:00+00:00,60,1,10,270.72747802734375,68.12110137939453,0,0,0,0,0,0,0,0,0,0,0,0,0,0,0,1,1,0,0,0,0,0,0,0,0
2022-01-11 10:00:00+00:00,60,1,10,55.69546127319336,72.69981384277344,0,0,0,0,0,0,0,1,1,1,1,1,1,1,1,1,1,0,0,0,0,0,0,0,0
2022-01-11 10:00:00+00:00,60,1,10,272.8934020996094,209.84393310546875,0,0,0,0,0,0,0,0,0,0,0,0,0,0,0,1,1,0,0,0,0,0,0,0,0
2022-01-11 10:00:00+00:00,60,1,10,277.8841857910156,165.67462158203125,0,0,0,0,0,0,0,0,0,0,0,0,0,0,0,1,1,0,0,0,0,0,0,0,0
2022-01-11 10:00:00+00:00,60,1,10,133.27076721191406,107.53333282470703,0,0,0,0,0,0,0,0,0,0,0,1,1,1,1,1,1,0,0,0,0,0,0,0,0
2022-01-11 10:00:00+00:00,60,1,10,293.9610595703125,39.20073699951172,0,0,0,0,0,0,0,0,0,0,0,0,0,0,0,1,1,0,0,0,0,0,1,1,1
2022-01-11 10:00:00+00:00,60,1,10,484.5245666503906,159.77029418945312,0,0,0,0,0,0,0,0,0,0,0,0,0,0,0,0,0,0,0,0,0,0,0,0,0
2022-01-11 10:00:00+00:00,60,1,10,,442.53594970703125,0,0,0,0,0,0,0,0,0,0,0,0,0,0,0,0,0,0,0,0,0,0,0,0,0
2022-01-11 10:00:00+00:00,60,1,10,53.1960334777832,34.53154754638672,0,0,0,0,0,0,0,1,1,1,1,1,1,1,1,1,1,0,0,0,0,0,1,1,1
2022-01-11 10:00:00+00:00,60,1,10,105.50394439697266,127.73806762695312,0,0,0,0,0,0,0,0,0,0,1,1,1,1,1,1,1,0,0,0,0,0,0,0,0
2022-01-11 10:00:00+00:00,60,1,10,313.4696044921875,203.3475799560547,0,0,0,0,0,0,0,0,0,0,0,0,0,0,0,0,1,0,0,0,0,0,0,0,0
2022-01-11 10:00:00+00:00,60,1,10,343.0534362792969,449.22235107421875,0,0,0,0,0,0,0,0,0,0,0,0,0,0,0,0,1,0,0,0,0,0,0,0,0
2022-01-11 10:00:00+00:00,60,1,10,219.50588989257812,260.28607177734375,0,0,0,0,0,0,0,0,0,0,0,0,0,0,1,1,1,0,0,0,0,0,0,0,0
2022-01-11 10:00:00+00:00,60,1,10,142.7844696044922,91.52610778808594,0,0,0,0,0,0,0,0,0,0,0,1,1,1,1,1,1,0,0,0,0,0,0,0,0
2022-01-11 10:00:00+00:00,60,1,10,156.7879180908203,62.45623016357422,0,0,0,0,0,0,0,0,0,0,0,0,1,1,1,1,1,0,0,0,0,0,0,0,0
2022-01-11 10:00:00+00:00,60,1,10,199.2139129638672,22.531007766723633,0,0,0,0,0,0,0,0,0,0,0,0,0,1,1,1,1,0,0,0,1,1,1,1,1
2022-01-11 10:15:00+00:00,60,1,10,,,0,0,0,0,0,0,0,0,0,0,0,0,0,0,0,0,0,0,0,0,0,0,0,0,0
2022-01-11 10:15:00+00:00,60,1,10,,,0,0,0,0,0,0,0,0,0,0,0,0,0,0,0,0,0,0,0,0,0,0,0,0,0
2022-01-11 10:15:00+00:00,60,1,10,,486.99102783203125,0,0,0,0,0,0,0,0,0,0,0,0,0,0,0,0,0,0,0,0,0,0,0,0,0
2022-01-11 10:15:00+00:00,60,1,10,703.251220703125,,0,0,0,0,0,0,0,0,0,0,0,0,0,0,0,0,0,0,0,0,0,0,0,0,0
2022-01-11 10:15:00+00:00,60,1,10,367.42230224609375,326.1051330566406,0,0,0,0,0,0,0,0,0,0,0,0,0,0,0,0,0,0,0,0,0,0,0,0,0
2022-01-11 10:15:00+00:00,60,1,10,37.46306610107422,16.183246612548828,0,0,0,0,0,1,1,1,1,1,1,1,1,1,1,1,1,0,0,1,1,1,1,1,1
2022-01-11 10:15:00+00:00,60,1,10,310.5334777832031,13.959121704101562,0,0,0,0,0,0,0,0,0,0,0,0,0,0,0,0,1,0,1,1,1,1,1,1,1
2022-01-11 10:15:00+00:00,60,1,10,100.694580078125,75.08465576171875,0,0,0,0,0,0,0,0,0,0,1,1,1,1,1,1,1,0,0,0,0,0,0,0,0
2022-01-11 10:15:00+00:00,60,1,10,170.79779052734375,0.0,0,0,0,0,0,0,0,0,0,0,0,0,1,1,1,1,1,1,1,1,1,1,1,1,1
2022-01-11 10:15:00+00:00,60,1,10,79.6717529296875,75.90682220458984,0,0,0,0,0,0,0,0,1,1,1,1,1,1,1,1,1,0,0,0,0,0,0,0,0
2022-01-11 10:15:00+00:00,60,1,10,65.57162475585938,63.125946044921875,0,0,0,0,0,0,0,0,1,1,1,1,1,1,1,1,1,0,0,0,0,0,0,0,0
2022-01-11 10:15:00+00:00,60,1,10,135.517578125,118.77767944335938,0,0,0,0,0,0,0,0,0,0,0,1,1,1,1,1,1,0,0,0,0,0,0,0,0
2022-01-11 10:15:00+00:00,60,1,10,83.4279556274414,10.363435745239258,0,0,0,0,0,0,0,0,0,1,1,1,1,1,1,1,1,0,1,1,1,1,1,1,1
2022-01-11 10:15:00+00:00,60,1,10,286.19482421875,396.4909362792969,0,0,0,0,0,0,0,0,0,0,0,0,0,0,0,1,1,0,0,0,0,0,0,0,0
2022-01-11 10:15:00+00:00,60,1,10,158.77789306640625,97.71460723876953,0,0,0,0,0,0,0,0,0,0,0,0,1,1,1,1,1,0,0,0,0,0,0,0,0
2022-01-11 10:30:00+00:00,60,1,10,,611.1337890625,0,0,0,0,0,0,0,0,0,0,0,0,0,0,0,0,0,0,0,0,0,0,0,0,0
2022-01-11 10:30:00+00:00,60,1,10,,335.0206604003906,0,0,0,0,0,0,0,0,0,0,0,0,0,0,0,0,0,0,0,0,0,0,0,0,0
2022-01-11 10:30:00+00:00,60,1,10,,613.1802368164062,0,0,0,0,0,0,0,0,0,0,0,0,0,0,0,0,0,0,0,0,0,0,0,0,0
2022-01-11 10:30:00+00:00,60,1,10,177.70697021484375,210.36473083496094,0,0,0,0,0,0,0,0,0,0,0,0,1,1,1,1,1,0,0,0,0,0,0,0,0
2022-01-11 10:30:00+00:00,60,1,10,67.45853424072266,80.81623077392578,0,0,0,0,0,0,0,0,1,1,1,1,1,1,1,1,1,0,0,0,0,0,0,0,0
2022-01-11 10:30:00+00:00,60,1,10,333.2772216796875,169.7470703125,0,0,0,0,0,0,0,0,0,0,0,0,0,0,0,0,1,0,0,0,0,0,0,0,0
2022-01-11 10:30:00+00:00,60,1,10,90.7116928100586,19.01506805419922,0,0,0,0,0,0,0,0,0,1,1,1,1,1,1,1,1,0,0,1,1,1,1,1,1
2022-01-11 10:30:00+00:00,60,1,10,118.9802017211914,0.0,0,0,0,0,0,0,0,0,0,0,1,1,1,1,1,1,1,1,1,1,1,1,1,1,1
2022-01-11 10:30:00+00:00,60,1,10,70.57946014404297,19.782329559326172,0,0,0,0,0,0,0,0,1,1,1,1,1,1,1,1,1,0,0,1,1,1,1,1,1
2022-01-11 10:45:00+00:00,60,1,10,,490.5730285644531,0,0,0,0,0,0,0,0,0,0,0,0,0,0,0,0,0,0,0,0,0,0,0,0,0
2022-01-11 10:45:00+00:00,60,1,10,,475.58074951171875,0,0,0,0,0,0,0,0,0,0,0,0,0,0,0,0,0,0,0,0,0,0,0,0,0
2022-01-11 10:45:00+00:00,60,1,10,,463.7781066894531,0,0,0,0,0,0,0,0,0,0,0,0,0,0,0,0,0,0,0,0,0,0,0,0,0
2022-01-11 10:45:00+00:00,60,1,10,,,0,0,0,0,0,0,0,0,0,0,0,0,0,0,0,0,0,0,0,0,0,0,0,0,0
2022-01-11 10:45:00+00:00,60,1,10,,298.2192687988281,0,0,0,0,0,0,0,0,0,0,0,0,0,0,0,0,0,0,0,0,0,0,0,0,0
2022-01-11 10:45:00+00:00,60,1,10,,183.08265686035156,0,0,0,0,0,0,0,0,0,0,0,0,0,0,0,0,0,0,0,0,0,0,0,0,0
2022-01-11 10:45:00+00:00,60,1,10,429.4151916503906,,0,0,0,0,0,0,0,0,0,0,0,0,0,0,0,0,0,0,0,0,0,0,0,0,0
2022-01-11 10:45:00+00:00,60,1,10,,149.154052734375,0,0,0,0,0,0,0,0,0,0,0,0,0,0,0,0,0,0,0,0,0,0,0,0,0
2022-01-11 10:45:00+00:00,60,1,10,344.5050048828125,375.26275634765625,0,0,0,0,0,0,0,0,0,0,0,0,0,0,0,0,1,0,0,0,0,0,0,0,0
2022-01-11 10:45:00+00:00,60,1,10,215.16140747070312,98.71806335449219,0,0,0,0,0,0,0,0,0,0,0,0,0,0,1,1,1,0,0,0,0,0,0,0,0
2022-01-11 10:45:00+00:00,60,1,10,340.9230041503906,186.9727020263672,0,0,0,0,0,0,0,0,0,0,0,0,0,0,0,0,1,0,0,0,0,0,0,0,0
2022-01-11 10:45:00+00:00,60,1,10,218.50022888183594,60.75725555419922,0,0,0,0,0,0,0,0,0,0,0,0,0,0,1,1,1,0,0,0,0,0,0,0,0
2022-01-11 10:45:00+00:00,60,1,10,244.57406616210938,185.06719970703125,0,0,0,0,0,0,0,0,0,0,0,0,0,0,1,1,1,0,0,0,0,0,0,0,0
2022-01-11 10:45:00+00:00,60,1,10,165.02662658691406,195.1803436279297,0,0,0,0,0,0,0,0,0,0,0,0,1,1,1,1,1,0,0,0,0,0,0,0,0
2022-01-11 10:45:00+00:00,60,1,10,76.43196105957031,120.02487182617188,0,0,0,0,0,0,0,0,1,1,1,1,1,1,1,1,1,0,0,0,0,0,0,0,0
2022-01-11 10:45:00+00:00,60,1,10,45.13860321044922,10.98348617553711,0,0,0,0,0,0,1,1,1,1,1,1,1,1,1,1,1,0,1,1,1,1,1,1,1
2022-01-11 10:45:00+00:00,60,1,10,295.0115661621094,93.3768310546875,0,0,0,0,0,0,0,0,0,0,0,0,0,0,0,1,1,0,0,0,0,0,0,0,0
2022-01-11 10:45:00+00:00,60,1,10,,55.49077224731445,0,0,0,0,0,0,0,0,0,0,0,0,0,0,0,0,0,0,0,0,0,0,0,0,1
2022-01-11 10:45:00+00:00,60,1,10,164.1646728515625,108.41184997558594,0,0,0,0,0,0,0,0,0,0,0,0,1,1,1,1,1,0,0,0,0,0,0,0,0
2022-01-11 10:45:00+00:00,60,1,10,176.62655639648438,0.0,0,0,0,0,0,0,0,0,0,0,0,0,1,1,1,1,1,1,1,1,1,1,1,1,1
2022-01-11 10:45:00+00:00,60,1,10,,201.5358428955078,0,0,0,0,0,0,0,0,0,0,0,0,0,0,0,0,0,0,0,0,0,0,0,0,0
2022-01-11 10:45:00+00:00,60,1,10,391.7735290527344,25.89512825012207,0,0,0,0,0,0,0,0,0,0,0,0,0,0,0,0,0,0,0,0,0,1,1,1,1
2022-01-11 10:45:00+00:00,60,1,10,,363.1358642578125,0,0,0,0,0,0,0,0,0,0,0,0,0,0,0,0,0,0,0,0,0,0,0,0,0
2022-01-11 10:45:00+00:00,60,1,10,482.5201416015625,6.932862281799316,0,0,0,0,0,0,0,0,0,0,0,0,0,0,0,0,0,1,1,1,1,1,1,1,1
2022-01-11 10:45:00+00:00,60,1,10,227.33740234375,36.125823974609375,0,0,0,0,0,0,0,0,0,0,0,0,0,0,1,1,1,0,0,0,0,0,1,1,1
2022-01-11 10:45:00+00:00,60,1,10,125.31195831298828,112.96163940429688,0,0,0,0,0,0,0,0,0,0,0,1,1,1,1,1,1,0,0,0,0,0,0,0,0
2022-01-11 10:45:00+00:00,60,1,10,209.99229431152344,187.0095672607422,0,0,0,0,0,0,0,0,0,0,0,0,0,0,1,1,1,0,0,0,0,0,0,0,0
2022-01-11 11:00:00+00:00,60,1,11,217.75619506835938,188.6545867919922,0,0,0,0,0,0,0,0,0,0,0,0,0,0,1,1,1,0,0,0,0,0,0,0,0
2022-01-11 11:00:00+00:00,60,1,11,65.44918060302734,93.64823150634766,0,0,0,0,0,0,0,0,1,1,1,1,1,1,1,1,1,0,0,0,0,0,0,0,0
2022-01-11 11:00:00+00:00,60,1,11,394.5088195800781,401.14337158203125,0,0,0,0,0,0,0,0,0,0,0,0,0,0,0,0,0,0,0,0,0,0,0,0,0
2022-01-11 11:00:00+00:00,60,1,11,123.85148620605469,62.93648910522461,0,0,0,0,0,0,0,0,0,0,0,1,1,1,1,1,1,0,0,0,0,0,0,0,0
2022-01-11 11:00:00+00:00,60,1,11,100.45124053955078,81.52430725097656,0,0,0,0,0,0,0,0,0,0,1,1,1,1,1,1,1,0,0,0,0,0,0,0,0
2022-01-11 11:00:00+00:00,60,1,11,188.23226928710938,65.48921203613281,0,0,0,0,0,0,0,0,0,0,0,0,0,1,1,1,1,0,0,0,0,0,0,0,0
2022-01-11 11:00:00+00:00,60,1,11,271.34332275390625,136.72531127929688,0,0,0,0,0,0,0,0,0,0,0,0,0,0,0,1,1,0,0,0,0,0,0,0,0
2022-01-11 11:00:00+00:00,60,1,11,122.91675567626953,29.869293212890625,0,0,0,0,0,0,0,0,0,0,0,1,1,1,1,1,1,0,0,0,0,1,1,1,1
2022-01-11 11:00:00+00:00,60,1,11,123.58206939697266,115.78657531738281,0,0,0,0,0,0,0,0,0,0,0,1,1,1,1,1,1,0,0,0,0,0,0,0,0
2022-01-11 11:00:00+00:00,60,1,11,141.71697998046875,17.527502059936523,0,0,0,0,0,0,0,0,0,0,0,1,1,1,1,1,1,0,0,1,1,1,1,1,1
2022-01-11 11:00:00+00:00,60,1,11,,346.554931640625,0,0,0,0,0,0,0,0,0,0,0,0,0,0,0,0,0,0,0,0,0,0,0,0,0
2022-01-11 11:00:00+00:00,60,1,11,34.062843322753906,58.03057098388672,0,0,0,0,0,1,1,1,1,1,1,1,1,1,1,1,1,0,0,0,0,0,0,0,1
2022-01-11 11:00:00+00:00,60,1,11,80.14100646972656,83.4555435180664,0,0,0,0,0,0,0,0,0,1,1,1,1,1,1,1,1,0,0,0,0,0,0,0,0
2022-01-11 11:00:00+00:00,60,1,11,193.5967559814453,107.77870178222656,0,0,0,0,0,0,0,0,0,0,0,0,0,1,1,1,1,0,0,0,0,0,0,0,0
2022-01-11 11:00:00+00:00,60,1,11,516.4287719726562,118.78955078125,0,0,0,0,0,0,0,0,0,0,0,0,0,0,0,0,0,0,0,0,0,0,0,0,0
2022-01-11 11:00:00+00:00,60,1,11,92.01517486572266,0.0,0,0,0,0,0,0,0,0,0,1,1,1,1,1,1,1,1,1,1,1,1,1,1,1,1
2022-01-11 11:00:00+00:00,60,1,11,47.64486312866211,0.0,0,0,0,0,0,0,1,1,1,1,1,1,1,1,1,1,1,1,1,1,1,1,1,1,1
2022-01-11 11:15:00+00:00,60,1,11,249.6228485107422,276.2318115234375,0,0,0,0,0,0,0,0,0,0,0,0,0,0,1,1,1,0,0,0,0,0,0,0,0
2022-01-11 11:15:00+00:00,60,1,11,72.75395965576172,94.08475494384766,0,0,0,0,0,0,0,0,1,1,1,1,1,1,1,1,1,0,0,0,0,0,0,0,0
2022-01-11 11:15:00+00:00,60,1,11,488.1013488769531,485.8931884765625,0,0,0,0,0,0,0,0,0,0,0,0,0,0,0,0,0,0,0,0,0,0,0,0,0
2022-01-11 11:15:00+00:00,60,1,11,312.5256652832031,316.8456115722656,0,0,0,0,0,0,0,0,0,0,0,0,0,0,0,0,1,0,0,0,0,0,0,0,0
2022-01-11 11:15:00+00:00,60,1,11,386.17724609375,374.98876953125,0,0,0,0,0,0,0,0,0,0,0,0,0,0,0,0,0,0,0,0,0,0,0,0,0
2022-01-11 11:15:00+00:00,60,1,11,314.8647766113281,337.1271667480469,0,0,0,0,0,0,0,0,0,0,0,0,0,0,0,0,1,0,0,0,0,0,0,0,0
2022-01-11 11:15:00+00:00,60,1,11,174.9778289794922,83.66554260253906,0,0,0,0,0,0,0,0,0,0,0,0,1,1,1,1,1,0,0,0,0,0,0,0,0
2022-01-11 11:15:00+00:00,60,1,11,337.0361328125,217.0731201171875,0,0,0,0,0,0,0,0,0,0,0,0,0,0,0,0,1,0,0,0,0,0,0,0,0
2022-01-11 11:15:00+00:00,60,1,11,189.89401245117188,29.997190475463867,0,0,0,0,0,0,0,0,0,0,0,0,0,1,1,1,1,0,0,0,0,1,1,1,1
2022-01-11 11:15:00+00:00,60,1,11,215.1540985107422,192.4639129638672,0,0,0,0,0,0,0,0,0,0,0,0,0,0,1,1,1,0,0,0,0,0,0,0,0
2022-01-11 11:15:00+00:00,60,1,11,140.05926513671875,174.5070343017578,0,0,0,0,0,0,0,0,0,0,0,1,1,1,1,1,1,0,0,0,0,0,0,0,0
2022-01-11 11:15:00+00:00,60,1,11,339.320556640625,0.0,0,0,0,0,0,0,0,0,0,0,0,0,0,0,0,0,1,1,1,1,1,1,1,1,1
2022-01-11 11:15:00+00:00,60,1,11,60.883934020996094,99.50084686279297,0,0,0,0,0,0,0,0,1,1,1,1,1,1,1,1,1,0,0,0,0,0,0,0,0
2022-01-11 11:15:00+00:00,60,1,11,247.85569763183594,3.369837760925293,0,0,0,0,0,0,0,0,0,0,0,0,0,0,1,1,1,1,1,1,1,1,1,1,1
2022-01-11 11:15:00+00:00,60,1,11,,76.29341888427734,0,0,0,0,0,0,0,0,0,0,0,0,0,0,0,0,0,0,0,0,0,0,0,0,0
2022-01-11 11:15:00+00:00,60,1,11,,208.8248291015625,0,0,0,0,0,0,0,0,0,0,0,0,0,0,0,0,0,0,0,0,0,0,0,0,0
2022-01-11 11:15:00+00:00,60,1,11,324.96527099609375,144.98414611816406,0,0,0,0,0,0,0,0,0,0,0,0,0,0,0,0,1,0,0,0,0,0,0,0,0
2022-01-11 11:15:00+00:00,60,1,11,,73.9268569946289,0,0,0,0,0,0,0,0,0,0,0,0,0,0,0,0,0,0,0,0,0,0,0,0,0
2022-01-11 11:15:00+00:00,60,1,11,369.3857116699219,117.51763153076172,0,0,0,0,0,0,0,0,0,0,0,0,0,0,0,0,0,0,0,0,0,0,0,0,0
2022-01-11 11:15:00+00:00,60,1,11,255.87738037109375,6.319613456726074,0,0,0,0,0,0,0,0,0,0,0,0,0,0,0,1,1,1,1,1,1,1,1,1,1
2022-01-11 11:15:00+00:00,60,1,11,192.25485229492188,25.288841247558594,0,0,0,0,0,0,0,0,0,0,0,0,0,1,1,1,1,0,0,0,0,1,1,1,1
2022-01-11 11:15:00+00:00,60,1,11,43.75815963745117,12.297523498535156,0,0,0,0,0,0,1,1,1,1,1,1,1,1,1,1,1,0,1,1,1,1,1,1,1
2022-01-11 11:15:00+00:00,60,1,11,216.9649658203125,0.0,0,0,0,0,0,0,0,0,0,0,0,0,0,0,1,1,1,1,1,1,1,1,1,1,1
2022-01-11 11:30:00+00:00,60,1,11,,,0,0,0,0,0,0,0,0,0,0,0,0,0,0,0,0,0,0,0,0,0,0,0,0,0
2022-01-11 11:30:00+00:00,60,1,11,,,0,0,0,0,0,0,0,0,0,0,0,0,0,0,0,0,0,0,0,0,0,0,0,0,0
2022-01-11 11:30:00+00:00,60,1,11,,,0,0,0,0,0,0,0,0,0,0,0,0,0,0,0,0,0,0,0,0,0,0,0,0,0
2022-01-11 11:30:00+00:00,60,1,11,,372.19976806640625,0,0,0,0,0,0,0,0,0,0,0,0,0,0,0,0,0,0,0,0,0,0,0,0,0
2022-01-11 11:30:00+00:00,60,1,11,42.96778869628906,26.65425682067871,0,0,0,0,0,0,1,1,1,1,1,1,1,1,1,1,1,0,0,0,0,1,1,1,1
2022-01-11 11:30:00+00:00,60,1,11,147.20098876953125,23.644243240356445,0,0,0,0,0,0,0,0,0,0,0,1,1,1,1,1,1,0,0,0,1,1,1,1,1
2022-01-11 11:30:00+00:00,60,1,11,243.0362091064453,233.662109375,0,0,0,0,0,0,0,0,0,0,0,0,0,0,1,1,1,0,0,0,0,0,0,0,0
2022-01-11 11:30:00+00:00,60,1,11,153.22718811035156,131.41802978515625,0,0,0,0,0,0,0,0,0,0,0,0,1,1,1,1,1,0,0,0,0,0,0,0,0
2022-01-11 11:30:00+00:00,60,1,11,74.61553192138672,11.163318634033203,0,0,0,0,0,0,0,0,1,1,1,1,1,1,1,1,1,0,1,1,1,1,1,1,1
2022-01-11 11:30:00+00:00,60,1,11,,14.534034729003906,0,0,0,0,0,0,0,0,0,0,0,0,0,0,0,0,0,0,1,1,1,1,1,1,1
2022-01-11 11:30:00+00:00,60,1,11,64.14677429199219,73.68280029296875,0,0,0,0,0,0,0,0,1,1,1,1,1,1,1,1,1,0,0,0,0,0,0,0,0
2022-01-11 11:30:00+00:00,60,1,11,42.976768493652344,34.73271179199219,0,0,0,0,0,0,1,1,1,1,1,1,1,1,1,1,1,0,0,0,0,0,1,1,1
2022-01-11 11:30:00+00:00,60,1,11,,22.909982681274414,0,0,0,0,0,0,0,0,0,0,0,0,0,0,0,0,0,0,0,0,1,1,1,1,1
2022-01-11 11:30:00+00:00,60,1,11,177.16366577148438,9.321727752685547,0,0,0,0,0,0,0,0,0,0,0,0,1,1,1,1,1,1,1,1,1,1,1,1,1
2022-01-11 11:30:00+00:00,60,1,11,123.01386260986328,115.32363891601562,0,0,0,0,0,0,0,0,0,0,0,1,1,1,1,1,1,0,0,0,0,0,0,0,0
2022-01-11 11:30:00+00:00,60,1,11,259.3938903808594,86.08300018310547,0,0,0,0,0,0,0,0,0,0,0,0,0,0,0,1,1,0,0,0,0,0,0,0,0
2022-01-11 11:30:00+00:00,60,1,11,113.34720611572266,86.98573303222656,0,0,0,0,0,0,0,0,0,0,1,1,1,1,1,1,1,0,0,0,0,0,0,0,0
2022-01-11 11:30:00+00:00,60,1,11,73.97342681884766,46.73527526855469,0,0,0,0,0,0,0,0,1,1,1,1,1,1,1,1,1,0,0,0,0,0,0,1,1
2022-01-11 11:30:00+00:00,60,1,11,,337.3807678222656,0,0,0,0,0,0,0,0,0,0,0,0,0,0,0,0,0,0,0,0,0,0,0,0,0
2022-01-11 11:30:00+00:00,60,1,11,26.25101661682129,0.0,0,0,0,0,1,1,1,1,1,1,1,1,1,1,1,1,1,1,1,1,1,1,1,1,1
2022-01-11 11:30:00+00:00,60,1,11,159.63766479492188,43.248138427734375,0,0,0,0,0,0,0,0,0,0,0,0,1,1,1,1,1,0,0,0,0,0,0,1,1
2022-01-11 11:45:00+00:00,60,1,11,372.1520080566406,289.60235595703125,0,0,0,0,0,0,0,0,0,0,0,0,0,0,0,0,0,0,0,0,0,0,0,0,0
2022-01-11 11:45:00+00:00,60,1,11,193.125,152.4258575439453,0,0,0,0,0,0,0,0,0,0,0,0,0,1,1,1,1,0,0,0,0,0,0,0,0
2022-01-11 11:45:00+00:00,60,1,11,97.11817169189453,102.64938354492188,0,0,0,0,0,0,0,0,0,1,1,1,1,1,1,1,1,0,0,0,0,0,0,0,0
2022-01-11 11:45:00+00:00,60,1,11,103.25293731689453,36.34825897216797,0,0,0,0,0,0,0,0,0,0,1,1,1,1,1,1,1,0,0,0,0,0,1,1,1
2022-01-11 11:45:00+00:00,60,1,11,,345.35809326171875,0,0,0,0,0,0,0,0,0,0,0,0,0,0,0,0,0,0,0,0,0,0,0,0,0
2022-01-11 11:45:00+00:00,60,1,11,85.758544921875,75.22447204589844,0,0,0,0,0,0,0,0,0,1,1,1,1,1,1,1,1,0,0,0,0,0,0,0,0
2022-01-11 11:45:00+00:00,60,1,11,75.63948822021484,0.0,0,0,0,0,0,0,0,0,1,1,1,1,1,1,1,1,1,1,1,1,1,1,1,1,1
2022-01-11 11:45:00+00:00,60,1,11,,,0,0,0,0,0,0,0,0,0,0,0,0,0,0,0,0,0,0,0,0,0,0,0,0,0
2022-01-11 11:45:00+00:00,60,1,11,133.64381408691406,97.43284606933594,0,0,0,0,0,0,0,0,0,0,0,1,1,1,1,1,1,0,0,0,0,0,0,0,0
2022-01-11 11:45:00+00:00,60,1,11,93.63592529296875,107.8504409790039,0,0,0,0,0,0,0,0,0,1,1,1,1,1,1,1,1,0,0,0,0,0,0,0,0
2022-01-11 11:45:00+00:00,60,1,11,151.58441162109375,112.60148620605469,0,0,0,0,0,0,0,0,0,0,0,0,1,1,1,1,1,0,0,0,0,0,0,0,0
2022-01-11 11:45:00+00:00,60,1,11,,16.092803955078125,0,0,0,0,0,0,0,0,0,0,0,0,0,0,0,0,0,0,0,1,1,1,1,1,1
2022-01-11 11:45:00+00:00,60,1,11,102.34712219238281,34.803836822509766,0,0,0,0,0,0,0,0,0,0,1,1,1,1,1,1,1,0,0,0,0,0,1,1,1
2022-01-11 11:45:00+00:00,60,1,11,113.97305297851562,0.0,0,0,0,0,0,0,0,0,0,0,1,1,1,1,1,1,1,1,1,1,1,1,1,1,1
2022-01-11 11:45:00+00:00,60,1,11,190.63629150390625,83.38761901855469,0,0,0,0,0,0,0,0,0,0,0,0,0,1,1,1,1,0,0,0,0,0,0,0,0
2022-01-11 11:45:00+00:00,60,1,11,176.3297882080078,127.74003601074219,0,0,0,0,0,0,0,0,0,0,0,0,1,1,1,1,1,0,0,0,0,0,0,0,0
2022-01-11 12:00:00+00:00,60,1,12,,428.26690673828125,0,0,0,0,0,0,0,0,0,0,0,0,0,0,0,0,0,0,0,0,0,0,0,0,0
2022-01-11 12:00:00+00:00,60,1,12,608.0271606445312,119.64868927001953,0,0,0,0,0,0,0,0,0,0,0,0,0,0,0,0,0,0,0,0,0,0,0,0,0
2022-01-11 12:00:00+00:00,60,1,12,275.64208984375,278.2501220703125,0,0,0,0,0,0,0,0,0,0,0,0,0,0,0,1,1,0,0,0,0,0,0,0,0
2022-01-11 12:00:00+00:00,60,1,12,,42.05720520019531,0,0,0,0,0,0,0,0,0,0,0,0,0,0,0,0,0,0,0,0,0,0,0,1,1
2022-01-11 12:00:00+00:00,60,1,12,,226.68455505371094,0,0,0,0,0,0,0,0,0,0,0,0,0,0,0,0,0,0,0,0,0,0,0,0,0
2022-01-11 12:00:00+00:00,60,1,12,,270.7012023925781,0,0,0,0,0,0,0,0,0,0,0,0,0,0,0,0,0,0,0,0,0,0,0,0,0
2022-01-11 12:00:00+00:00,60,1,12,,306.00640869140625,0,0,0,0,0,0,0,0,0,0,0,0,0,0,0,0,0,0,0,0,0,0,0,0,0
2022-01-11 12:00:00+00:00,60,1,12,165.8760223388672,118.64643096923828,0,0,0,0,0,0,0,0,0,0,0,0,1,1,1,1,1,0,0,0,0,0,0,0,0
2022-01-11 12:00:00+00:00,60,1,12,68.16173553466797,11.557432174682617,0,0,0,0,0,0,0,0,1,1,1,1,1,1,1,1,1,0,1,1,1,1,1,1,1
2022-01-11 12:00:00+00:00,60,1,12,124.62387084960938,22.72256851196289,0,0,0,0,0,0,0,0,0,0,0,1,1,1,1,1,1,0,0,0,1,1,1,1,1
2022-01-11 12:00:00+00:00,60,1,12,153.78575134277344,131.0939178466797,0,0,0,0,0,0,0,0,0,0,0,0,1,1,1,1,1,0,0,0,0,0,0,0,0
2022-01-11 12:00:00+00:00,60,1,12,351.195556640625,151.7042694091797,0,0,0,0,0,0,0,0,0,0,0,0,0,0,0,0,0,0,0,0,0,0,0,0,0
2022-01-11 12:00:00+00:00,60,1,12,111.72401428222656,48.38164138793945,0,0,0,0,0,0,0,0,0,0,1,1,1,1,1,1,1,0,0,0,0,0,0,1,1
2022-01-11 12:00:00+00:00,60,1,12,160.6739501953125,15.966734886169434,0,0,0,0,0,0,0,0,0,0,0,0,1,1,1,1,1,0,0,1,1,1,1,1,1
2022-01-11 12:00:00+00:00,60,1,12,156.28343200683594,141.3580322265625,0,0,0,0,0,0,0,0,0,0,0,0,1,1,1,1,1,0,0,0,0,0,0,0,0
2022-01-11 12:00:00+00:00,60,1,12,55.68074417114258,3.4429988861083984,0,0,0,0,0,0,0,1,1,1,1,1,1,1,1,1,1,1,1,1,1,1,1,1,1
2022-01-11 12:00:00+00:00,60,1,12,72.20501708984375,55.280670166015625,0,0,0,0,0,0,0,0,1,1,1,1,1,1,1,1,1,0,0,0,0,0,0,0,1
2022-01-11 12:15:00+00:00,60,1,12,,,0,0,0,0,0,0,0,0,0,0,0,0,0,0,0,0,0,0,0,0,0,0,0,0,0
2022-01-11 12:15:00+00:00,60,1,12,,407.59820556640625,0,0,0,0,0,0,0,0,0,0,0,0,0,0,0,0,0,0,0,0,0,0,0,0,0
2022-01-11 12:15:00+00:00,60,1,12,,178.37423706054688,0,0,0,0,0,0,0,0,0,0,0,0,0,0,0,0,0,0,0,0,0,0,0,0,0
2022-01-11 12:15:00+00:00,60,1,12,,250.25172424316406,0,0,0,0,0,0,0,0,0,0,0,0,0,0,0,0,0,0,0,0,0,0,0,0,0
2022-01-11 12:15:00+00:00,60,1,12,135.448486328125,154.24588012695312,0,0,0,0,0,0,0,0,0,0,0,1,1,1,1,1,1,0,0,0,0,0,0,0,0
2022-01-11 12:15:00+00:00,60,1,12,143.00218200683594,11.520164489746094,0,0,0,0,0,0,0,0,0,0,0,1,1,1,1,1,1,0,1,1,1,1,1,1,1
2022-01-11 12:15:00+00:00,60,1,12,64.91094970703125,47.24849319458008,0,0,0,0,0,0,0,0,1,1,1,1,1,1,1,1,1,0,0,0,0,0,0,1,1
2022-01-11 12:15:00+00:00,60,1,12,87.76162719726562,23.44745445251465,0,0,0,0,0,0,0,0,0,1,1,1,1,1,1,1,1,0,0,0,1,1,1,1,1
2022-01-11 12:15:00+00:00,60,1,12,55.4648551940918,0.0,0,0,0,0,0,0,0,1,1,1,1,1,1,1,1,1,1,1,1,1,1,1,1,1,1
2022-01-11 12:15:00+00:00,60,1,12,284.4025573730469,15.534172058105469,0,0,0,0,0,0,0,0,0,0,0,0,0,0,0,1,1,0,0,1,1,1,1,1,1
2022-01-11 12:15:00+00:00,60,1,12,226.26275634765625,0.0,0,0,0,0,0,0,0,0,0,0,0,0,0,0,1,1,1,1,1,1,1,1,1,1,1
2022-01-11 12:15:00+00:00,60,1,12,192.6854248046875,0.0,0,0,0,0,0,0,0,0,0,0,0,0,0,1,1,1,1,1,1,1,1,1,1,1,1
2022-01-11 12:15:00+00:00,60,1,12,97.96929168701172,6.909715175628662,0,0,0,0,0,0,0,0,0,1,1,1,1,1,1,1,1,1,1,1,1,1,1,1,1
2022-01-11 12:15:00+00:00,60,1,12,155.23390197753906,13.187640190124512,0,0,0,0,0,0,0,0,0,0,0,0,1,1,1,1,1,0,1,1,1,1,1,1,1
2022-01-11 12:15:00+00:00,60,1,12,74.08984375,7.259395122528076,0,0,0,0,0,0,0,0,1,1,1,1,1,1,1,1,1,1,1,1,1,1,1,1,1
2022-01-11 12:15:00+00:00,60,1,12,33.54063034057617,14.097977638244629,0,0,0,0,0,1,1,1,1,1,1,1,1,1,1,1,1,0,1,1,1,1,1,1,1
2022-01-11 12:15:00+00:00,60,1,12,,,0,0,0,0,0,0,0,0,0,0,0,0,0,0,0,0,0,0,0,0,0,0,0,0,0
2022-01-11 12:30:00+00:00,60,1,12,176.92929077148438,174.59884643554688,0,0,0,0,0,0,0,0,0,0,0,0,1,1,1,1,1,0,0,0,0,0,0,0,0
2022-01-11 12:30:00+00:00,60,1,12,165.7251434326172,207.99542236328125,0,0,0,0,0,0,0,0,0,0,0,0,1,1,1,1,1,0,0,0,0,0,0,0,0
2022-01-11 12:30:00+00:00,60,1,12,571.505859375,174.5634002685547,0,0,0,0,0,0,0,0,0,0,0,0,0,0,0,0,0,0,0,0,0,0,0,0,0
2022-01-11 12:30:00+00:00,60,1,12,115.08696746826172,89.49655151367188,0,0,0,0,0,0,0,0,0,0,1,1,1,1,1,1,1,0,0,0,0,0,0,0,0
2022-01-11 12:30:00+00:00,60,1,12,113.78093719482422,90.90300750732422,0,0,0,0,0,0,0,0,0,0,1,1,1,1,1,1,1,0,0,0,0,0,0,0,0
2022-01-11 12:30:00+00:00,60,1,12,107.0521011352539,62.16801071166992,0,0,0,0,0,0,0,0,0,0,1,1,1,1,1,1,1,0,0,0,0,0,0,0,0
2022-01-11 12:30:00+00:00,60,1,12,55.46281051635742,0.0,0,0,0,0,0,0,0,1,1,1,1,1,1,1,1,1,1,1,1,1,1,1,1,1,1
2022-01-11 12:30:00+00:00,60,1,12,291.87713623046875,44.44057846069336,0,0,0,0,0,0,0,0,0,0,0,0,0,0,0,1,1,0,0,0,0,0,0,1,1
2022-01-11 12:30:00+00:00,60,1,12,47.55573272705078,8.838908195495605,0,0,0,0,0,0,1,1,1,1,1,1,1,1,1,1,1,1,1,1,1,1,1,1,1
2022-01-11 12:30:00+00:00,60,1,12,174.9951171875,206.19406127929688,0,0,0,0,0,0,0,0,0,0,0,0,1,1,1,1,1,0,0,0,0,0,0,0,0
2022-01-11 12:30:00+00:00,60,1,12,37.314300537109375,18.647184371948242,0,0,0,0,0,1,1,1,1,1,1,1,1,1,1,1,1,0,0,1,1,1,1,1,1
2022-01-11 12:30:00+00:00,60,1,12,94.53899383544922,55.24919891357422,0,0,0,0,0,0,0,0,0,1,1,1,1,1,1,1,1,0,0,0,0,0,0,0,1
2022-01-11 12:30:00+00:00,60,1,12,60.42873764038086,42.91556930541992,0,0,0,0,0,0,0,0,1,1,1,1,1,1,1,1,1,0,0,0,0,0,0,1,1
2022-01-11 12:30:00+00:00,60,1,12,31.328731536865234,38.261390686035156,0,0,0,0,0,1,1,1,1,1,1,1,1,1,1,1,1,0,0,0,0,0,1,1,1
2022-01-11 12:30:00+00:00,60,1,12,332.37188720703125,3.3327128887176514,0,0,0,0,0,0,0,0,0,0,0,0,0,0,0,0,1,1,1,1,1,1,1,1,1
2022-01-11 12:30:00+00:00,60,1,12,383.8093566894531,376.93475341796875,0,0,0,0,0,0,0,0,0,0,0,0,0,0,0,0,0,0,0,0,0,0,0,0,0
2022-01-11 12:30:00+00:00,60,1,12,,,0,0,0,0,0,0,0,0,0,0,0,0,0,0,0,0,0,0,0,0,0,0,0,0,0
2022-01-11 12:45:00+00:00,60,1,12,390.74359130859375,338.6628723144531,0,0,0,0,0,0,0,0,0,0,0,0,0,0,0,0,0,0,0,0,0,0,0,0,0
2022-01-11 12:45:00+00:00,60,1,12,29.977155685424805,0.0,0,0,0,0,1,1,1,1,1,1,1,1,1,1,1,1,1,1,1,1,1,1,1,1,1
2022-01-11 12:45:00+00:00,60,1,12,53.397029876708984,47.5868034362793,0,0,0,0,0,0,0,1,1,1,1,1,1,1,1,1,1,0,0,0,0,0,0,1,1
2022-01-11 12:45:00+00:00,60,1,12,61.58116912841797,48.32928466796875,0,0,0,0,0,0,0,0,1,1,1,1,1,1,1,1,1,0,0,0,0,0,0,1,1
2022-01-11 12:45:00+00:00,60,1,12,386.74041748046875,54.0636100769043,0,0,0,0,0,0,0,0,0,0,0,0,0,0,0,0,0,0,0,0,0,0,0,0,1
2022-01-11 12:45:00+00:00,60,1,12,237.75332641601562,8.624897003173828,0,0,0,0,0,0,0,0,0,0,0,0,0,0,1,1,1,1,1,1,1,1,1,1,1
2022-01-11 12:45:00+00:00,60,1,12,95.17549133300781,63.55134201049805,0,0,0,0,0,0,0,0,0,1,1,1,1,1,1,1,1,0,0,0,0,0,0,0,0
2022-01-11 12:45:00+00:00,60,1,12,121.67082214355469,97.0020751953125,0,0,0,0,0,0,0,0,0,0,0,1,1,1,1,1,1,0,0,0,0,0,0,0,0
2022-01-11 12:45:00+00:00,60,1,12,77.43276977539062,0.0,0,0,0,0,0,0,0,0,1,1,1,1,1,1,1,1,1,1,1,1,1,1,1,1,1
2022-01-11 12:45:00+00:00,60,1,12,234.19403076171875,4.645852088928223,0,0,0,0,0,0,0,0,0,0,0,0,0,0,1,1,1,1,1,1,1,1,1,1,1
2022-01-11 12:45:00+00:00,60,1,12,69.45771026611328,28.505090713500977,0,0,0,0,0,0,0,0,1,1,1,1,1,1,1,1,1,0,0,0,0,1,1,1,1
2022-01-11 12:45:00+00:00,60,1,12,40.73801040649414,28.730817794799805,0,0,0,0,0,0,1,1,1,1,1,1,1,1,1,1,1,0,0,0,0,1,1,1,1
2022-01-11 12:45:00+00:00,60,1,12,40.73604965209961,51.182029724121094,0,0,0,0,0,0,1,1,1,1,1,1,1,1,1,1,1,0,0,0,0,0,0,0,1
2022-01-11 12:45:00+00:00,60,1,12,72.83503723144531,8.865562438964844,0,0,0,0,0,0,0,0,1,1,1,1,1,1,1,1,1,1,1,1,1,1,1,1,1
2022-01-11 12:45:00+00:00,60,1,12,130.506591796875,105.2704849243164,0,0,0,0,0,0,0,0,0,0,0,1,1,1,1,1,1,0,0,0,0,0,0,0,0
2022-01-11 12:45:00+00:00,60,1,12,237.3575439453125,6.885207176208496,0,0,0,0,0,0,0,0,0,0,0,0,0,0,1,1,1,1,1,1,1,1,1,1,1
2022-01-11 13:00:00+00:00,60,1,13,195.15318298339844,176.49513244628906,0,0,0,0,0,0,0,0,0,0,0,0,0,1,1,1,1,0,0,0,0,0,0,0,0
2022-01-11 13:00:00+00:00,60,1,13,,,0,0,0,0,0,0,0,0,0,0,0,0,0,0,0,0,0,0,0,0,0,0,0,0,0
2022-01-11 13:00:00+00:00,60,1,13,335.11395263671875,290.570068359375,0,0,0,0,0,0,0,0,0,0,0,0,0,0,0,0,1,0,0,0,0,0,0,0,0
2022-01-11 13:00:00+00:00,60,1,13,317.9855041503906,268.9849853515625,0,0,0,0,0,0,0,0,0,0,0,0,0,0,0,0,1,0,0,0,0,0,0,0,0
2022-01-11 13:00:00+00:00,60,1,13,268.67791748046875,369.4593811035156,0,0,0,0,0,0,0,0,0,0,0,0,0,0,0,1,1,0,0,0,0,0,0,0,0
2022-01-11 13:00:00+00:00,60,1,13,36.78074264526367,45.15926742553711,0,0,0,0,0,1,1,1,1,1,1,1,1,1,1,1,1,0,0,0,0,0,0,1,1
2022-01-11 13:00:00+00:00,60,1,13,94.7750473022461,83.98822784423828,0,0,0,0,0,0,0,0,0,1,1,1,1,1,1,1,1,0,0,0,0,0,0,0,0
2022-01-11 13:00:00+00:00,60,1,13,71.67909240722656,26.023420333862305,0,0,0,0,0,0,0,0,1,1,1,1,1,1,1,1,1,0,0,0,0,1,1,1,1
2022-01-11 13:00:00+00:00,60,1,13,111.19917297363281,82.80429077148438,0,0,0,0,0,0,0,0,0,0,1,1,1,1,1,1,1,0,0,0,0,0,0,0,0
2022-01-11 13:00:00+00:00,60,1,13,54.00034713745117,11.490571975708008,0,0,0,0,0,0,0,1,1,1,1,1,1,1,1,1,1,0,1,1,1,1,1,1,1
2022-01-11 13:00:00+00:00,60,1,13,118.09915161132812,65.31259155273438,0,0,0,0,0,0,0,0,0,0,1,1,1,1,1,1,1,0,0,0,0,0,0,0,0
2022-01-11 13:00:00+00:00,60,1,13,87.92182922363281,56.35029220581055,0,0,0,0,0,0,0,0,0,1,1,1,1,1,1,1,1,0,0,0,0,0,0,0,1
2022-01-11 13:00:00+00:00,60,1,13,76.19292449951172,64.62946319580078,0,0,0,0,0,0,0,0,1,1,1,1,1,1,1,1,1,0,0,0,0,0,0,0,0
2022-01-11 13:00:00+00:00,60,1,13,,,0,0,0,0,0,0,0,0,0,0,0,0,0,0,0,0,0,0,0,0,0,0,0,0,0
2022-01-11 13:15:00+00:00,60,1,13,93.66300201416016,60.58528518676758,0,0,0,0,0,0,0,0,0,1,1,1,1,1,1,1,1,0,0,0,0,0,0,0,0
2022-01-11 13:15:00+00:00,60,1,13,74.20091247558594,45.92142868041992,0,0,0,0,0,0,0,0,1,1,1,1,1,1,1,1,1,0,0,0,0,0,0,1,1
2022-01-11 13:15:00+00:00,60,1,13,57.7948112487793,36.934814453125,0,0,0,0,0,0,0,1,1,1,1,1,1,1,1,1,1,0,0,0,0,0,1,1,1
2022-01-11 13:15:00+00:00,60,1,13,65.66621398925781,24.66897201538086,0,0,0,0,0,0,0,0,1,1,1,1,1,1,1,1,1,0,0,0,1,1,1,1,1
2022-01-11 13:15:00+00:00,60,1,13,52.92987060546875,0.0,0,0,0,0,0,0,0,1,1,1,1,1,1,1,1,1,1,1,1,1,1,1,1,1,1
2022-01-11 13:15:00+00:00,60,1,13,98.46018981933594,41.83877944946289,0,0,0,0,0,0,0,0,0,1,1,1,1,1,1,1,1,0,0,0,0,0,0,1,1
2022-01-11 13:30:00+00:00,60,1,13,73.42899322509766,308.3838195800781,0,0,0,0,0,0,0,0,1,1,1,1,1,1,1,1,1,0,0,0,0,0,0,0,0
2022-01-11 13:30:00+00:00,60,1,13,56.81703567504883,25.711383819580078,0,0,0,0,0,0,0,1,1,1,1,1,1,1,1,1,1,0,0,0,0,1,1,1,1
2022-01-11 13:30:00+00:00,60,1,13,155.8329620361328,22.918643951416016,0,0,0,0,0,0,0,0,0,0,0,0,1,1,1,1,1,0,0,0,1,1,1,1,1
2022-01-11 13:30:00+00:00,60,1,13,87.90592193603516,78.64334869384766,0,0,0,0,0,0,0,0,0,1,1,1,1,1,1,1,1,0,0,0,0,0,0,0,0
2022-01-11 13:30:00+00:00,60,1,13,56.82133865356445,32.19552230834961,0,0,0,0,0,0,0,1,1,1,1,1,1,1,1,1,1,0,0,0,0,0,1,1,1
2022-01-11 13:30:00+00:00,60,1,13,45.46495819091797,35.586097717285156,0,0,0,0,0,0,1,1,1,1,1,1,1,1,1,1,1,0,0,0,0,0,1,1,1
2022-01-11 13:30:00+00:00,60,1,13,106.70816802978516,74.14468383789062,0,0,0,0,0,0,0,0,0,0,1,1,1,1,1,1,1,0,0,0,0,0,0,0,0
2022-01-11 13:30:00+00:00,60,1,13,49.276676177978516,0.0,0,0,0,0,0,0,1,1,1,1,1,1,1,1,1,1,1,1,1,1,1,1,1,1,1
2022-01-11 13:45:00+00:00,60,1,13,448.45721435546875,156.67626953125,0,0,0,0,0,0,0,0,0,0,0,0,0,0,0,0,0,0,0,0,0,0,0,0,0
2022-01-11 13:45:00+00:00,60,1,13,350.52496337890625,635.5137939453125,0,0,0,0,0,0,0,0,0,0,0,0,0,0,0,0,0,0,0,0,0,0,0,0,0
2022-01-11 13:45:00+00:00,60,1,13,54.797061920166016,30.697019577026367,0,0,0,0,0,0,0,1,1,1,1,1,1,1,1,1,1,0,0,0,0,0,1,1,1
2022-01-11 13:45:00+00:00,60,1,13,69.43439483642578,42.39216613769531,0,0,0,0,0,0,0,0,1,1,1,1,1,1,1,1,1,0,0,0,0,0,0,1,1
2022-01-11 13:45:00+00:00,60,1,13,44.042137145996094,18.920066833496094,0,0,0,0,0,0,1,1,1,1,1,1,1,1,1,1,1,0,0,1,1,1,1,1,1
2022-01-11 13:45:00+00:00,60,1,13,69.43875885009766,91.4141616821289,0,0,0,0,0,0,0,0,1,1,1,1,1,1,1,1,1,0,0,0,0,0,0,0,0
2022-01-11 13:45:00+00:00,60,1,13,226.69442749023438,99.63334655761719,0,0,0,0,0,0,0,0,0,0,0,0,0,0,1,1,1,0,0,0,0,0,0,0,0
2022-01-11 13:45:00+00:00,60,1,13,84.96881866455078,46.19248962402344,0,0,0,0,0,0,0,0,0,1,1,1,1,1,1,1,1,0,0,0,0,0,0,1,1
2022-01-11 13:45:00+00:00,60,1,13,47.570411682128906,37.902156829833984,0,0,0,0,0,0,1,1,1,1,1,1,1,1,1,1,1,0,0,0,0,0,1,1,1
2022-01-11 13:45:00+00:00,60,1,13,55.86841583251953,23.314830780029297,0,0,0,0,0,0,0,1,1,1,1,1,1,1,1,1,1,0,0,0,1,1,1,1,1
2022-01-11 13:45:00+00:00,60,1,13,,,0,0,0,0,0,0,0,0,0,0,0,0,0,0,0,0,0,0,0,0,0,0,0,0,0
2022-01-11 14:00:00+00:00,60,1,14,135.4552764892578,88.9817886352539,0,0,0,0,0,0,0,0,0,0,0,1,1,1,1,1,1,0,0,0,0,0,0,0,0
2022-01-11 14:00:00+00:00,60,1,14,407.354248046875,205.86026000976562,0,0,0,0,0,0,0,0,0,0,0,0,0,0,0,0,0,0,0,0,0,0,0,0,0
2022-01-11 14:00:00+00:00,60,1,14,233.90443420410156,122.94342803955078,0,0,0,0,0,0,0,0,0,0,0,0,0,0,1,1,1,0,0,0,0,0,0,0,0
2022-01-11 14:00:00+00:00,60,1,14,322.2242431640625,262.7760009765625,0,0,0,0,0,0,0,0,0,0,0,0,0,0,0,0,1,0,0,0,0,0,0,0,0
2022-01-11 14:00:00+00:00,60,1,14,163.44314575195312,123.86109924316406,0,0,0,0,0,0,0,0,0,0,0,0,1,1,1,1,1,0,0,0,0,0,0,0,0
2022-01-11 14:00:00+00:00,60,1,14,188.75157165527344,135.9188690185547,0,0,0,0,0,0,0,0,0,0,0,0,0,1,1,1,1,0,0,0,0,0,0,0,0
2022-01-11 14:00:00+00:00,60,1,14,210.49276733398438,197.33285522460938,0,0,0,0,0,0,0,0,0,0,0,0,0,0,1,1,1,0,0,0,0,0,0,0,0
2022-01-11 14:00:00+00:00,60,1,14,121.85894775390625,364.19720458984375,0,0,0,0,0,0,0,0,0,0,0,1,1,1,1,1,1,0,0,0,0,0,0,0,0
2022-01-11 14:00:00+00:00,60,1,14,93.72669982910156,64.80731201171875,0,0,0,0,0,0,0,0,0,1,1,1,1,1,1,1,1,0,0,0,0,0,0,0,0
2022-01-11 14:00:00+00:00,60,1,14,,,0,0,0,0,0,0,0,0,0,0,0,0,0,0,0,0,0,0,0,0,0,0,0,0,0
2022-01-11 14:15:00+00:00,60,1,14,277.0384216308594,3.502443790435791,0,0,0,0,0,0,0,0,0,0,0,0,0,0,0,1,1,1,1,1,1,1,1,1,1
2022-01-11 14:15:00+00:00,60,1,14,162.72247314453125,18.03738784790039,0,0,0,0,0,0,0,0,0,0,0,0,1,1,1,1,1,0,0,1,1,1,1,1,1
2022-01-11 14:15:00+00:00,60,1,14,,,0,0,0,0,0,0,0,0,0,0,0,0,0,0,0,0,0,0,0,0,0,0,0,0,0
2022-01-11 14:15:00+00:00,60,1,14,38.782344818115234,9.284181594848633,0,0,0,0,0,1,1,1,1,1,1,1,1,1,1,1,1,1,1,1,1,1,1,1,1
2022-01-11 14:15:00+00:00,60,1,14,93.3559799194336,28.68960952758789,0,0,0,0,0,0,0,0,0,1,1,1,1,1,1,1,1,0,0,0,0,1,1,1,1
2022-01-11 14:15:00+00:00,60,1,14,143.37686157226562,109.77598571777344,0,0,0,0,0,0,0,0,0,0,0,1,1,1,1,1,1,0,0,0,0,0,0,0,0
2022-01-11 14:15:00+00:00,60,1,14,123.02056121826172,188.04373168945312,0,0,0,0,0,0,0,0,0,0,0,1,1,1,1,1,1,0,0,0,0,0,0,0,0
2022-01-11 14:15:00+00:00,60,1,14,69.684814453125,54.53925323486328,0,0,0,0,0,0,0,0,1,1,1,1,1,1,1,1,1,0,0,0,0,0,0,0,1
2022-01-11 14:15:00+00:00,60,1,14,127.17741394042969,316.4520263671875,0,0,0,0,0,0,0,0,0,0,0,1,1,1,1,1,1,0,0,0,0,0,0,0,0
2022-01-11 14:30:00+00:00,60,1,14,231.7439727783203,170.17037963867188,0,0,0,0,0,0,0,0,0,0,0,0,0,0,1,1,1,0,0,0,0,0,0,0,0
2022-01-11 14:30:00+00:00,60,1,14,574.0685424804688,155.61566162109375,0,0,0,0,0,0,0,0,0,0,0,0,0,0,0,0,0,0,0,0,0,0,0,0,0
2022-01-11 14:30:00+00:00,60,1,14,124.10913848876953,84.60381317138672,0,0,0,0,0,0,0,0,0,0,0,1,1,1,1,1,1,0,0,0,0,0,0,0,0
2022-01-11 14:30:00+00:00,60,1,14,237.417724609375,291.3442687988281,0,0,0,0,0,0,0,0,0,0,0,0,0,0,1,1,1,0,0,0,0,0,0,0,0
2022-01-11 14:30:00+00:00,60,1,14,108.6839599609375,86.04598236083984,0,0,0,0,0,0,0,0,0,0,1,1,1,1,1,1,1,0,0,0,0,0,0,0,0
2022-01-11 14:30:00+00:00,60,1,14,113.23957061767578,19.761211395263672,0,0,0,0,0,0,0,0,0,0,1,1,1,1,1,1,1,0,0,1,1,1,1,1,1
2022-01-11 14:30:00+00:00,60,1,14,180.75042724609375,169.88677978515625,0,0,0,0,0,0,0,0,0,0,0,0,0,1,1,1,1,0,0,0,0,0,0,0,0
2022-01-11 14:30:00+00:00,60,1,14,115.27278900146484,96.87651062011719,0,0,0,0,0,0,0,0,0,0,1,1,1,1,1,1,1,0,0,0,0,0,0,0,0
2022-01-11 14:45:00+00:00,60,1,14,139.20281982421875,108.92497253417969,0,0,0,0,0,0,0,0,0,0,0,1,1,1,1,1,1,0,0,0,0,0,0,0,0
2022-01-11 14:45:00+00:00,60,1,14,171.24916076660156,9.1356782913208,0,0,0,0,0,0,0,0,0,0,0,0,1,1,1,1,1,1,1,1,1,1,1,1,1
2022-01-11 14:45:00+00:00,60,1,14,157.562744140625,0.0,0,0,0,0,0,0,0,0,0,0,0,0,1,1,1,1,1,1,1,1,1,1,1,1,1
2022-01-11 14:45:00+00:00,60,1,14,118.97962951660156,106.57857513427734,0,0,0,0,0,0,0,0,0,0,1,1,1,1,1,1,1,0,0,0,0,0,0,0,0
2022-01-11 15:00:00+00:00,60,1,15,94.78305053710938,95.96572875976562,0,0,0,0,0,0,0,0,0,1,1,1,1,1,1,1,1,0,0,0,0,0,0,0,0
2022-01-11 15:00:00+00:00,60,1,15,155.79953002929688,182.18011474609375,0,0,0,0,0,0,0,0,0,0,0,0,1,1,1,1,1,0,0,0,0,0,0,0,0
2022-01-11 15:00:00+00:00,60,1,15,50.72249984741211,36.726707458496094,0,0,0,0,0,0,0,1,1,1,1,1,1,1,1,1,1,0,0,0,0,0,1,1,1
2022-01-11 15:15:00+00:00,60,1,15,133.76319885253906,103.73429107666016,0,0,0,0,0,0,0,0,0,0,0,1,1,1,1,1,1,0,0,0,0,0,0,0,0
2022-01-11 15:15:00+00:00,60,1,15,105.3153076171875,40.01786422729492,0,0,0,0,0,0,0,0,0,0,1,1,1,1,1,1,1,0,0,0,0,0,0,1,1
2022-01-11 15:15:00+00:00,60,1,15,64.19340515136719,158.12567138671875,0,0,0,0,0,0,0,0,1,1,1,1,1,1,1,1,1,0,0,0,0,0,0,0,0
2022-01-11 15:15:00+00:00,60,1,15,71.56563568115234,51.962425231933594,0,0,0,0,0,0,0,0,1,1,1,1,1,1,1,1,1,0,0,0,0,0,0,0,1
2022-01-11 15:15:00+00:00,60,1,15,44.40292739868164,3.4025540351867676,0,0,0,0,0,0,1,1,1,1,1,1,1,1,1,1,1,1,1,1,1,1,1,1,1
2022-01-11 15:15:00+00:00,60,1,15,95.28582000732422,56.1839714050293,0,0,0,0,0,0,0,0,0,1,1,1,1,1,1,1,1,0,0,0,0,0,0,0,1
2022-01-11 15:15:00+00:00,60,1,15,,,0,0,0,0,0,0,0,0,0,0,0,0,0,0,0,0,0,0,0,0,0,0,0,0,0
2022-01-11 15:30:00+00:00,60,1,15,53.02053451538086,47.37406921386719,0,0,0,0,0,0,0,1,1,1,1,1,1,1,1,1,1,0,0,0,0,0,0,1,1
2022-01-11 15:30:00+00:00,60,1,15,103.33842468261719,101.65784454345703,0,0,0,0,0,0,0,0,0,0,1,1,1,1,1,1,1,0,0,0,0,0,0,0,0
2022-01-11 15:45:00+00:00,60,1,15,52.27300262451172,108.04865264892578,0,0,0,0,0,0,0,1,1,1,1,1,1,1,1,1,1,0,0,0,0,0,0,0,0
2022-01-11 15:45:00+00:00,60,1,15,211.578857421875,298.3016662597656,0,0,0,0,0,0,0,0,0,0,0,0,0,0,1,1,1,0,0,0,0,0,0,0,0
2022-01-11 16:00:00+00:00,60,1,16,91.86730194091797,131.5863800048828,0,0,0,0,0,0,0,0,0,1,1,1,1,1,1,1,1,0,0,0,0,0,0,0,0
2022-01-11 16:00:00+00:00,60,1,16,63.737056732177734,0.0,0,0,0,0,0,0,0,0,1,1,1,1,1,1,1,1,1,1,1,1,1,1,1,1,1
2022-01-11 16:15:00+00:00,60,1,16,66.66665649414062,92.33570098876953,0,0,0,0,0,0,0,0,1,1,1,1,1,1,1,1,1,0,0,0,0,0,0,0,0
2022-01-11 16:15:00+00:00,60,1,16,74.28932189941406,52.903690338134766,0,0,0,0,0,0,0,0,1,1,1,1,1,1,1,1,1,0,0,0,0,0,0,0,1
2022-01-11 16:30:00+00:00,60,1,16,153.9325714111328,170.22152709960938,0,0,0,0,0,0,0,0,0,0,0,0,1,1,1,1,1,0,0,0,0,0,0,0,0
2022-01-11 16:30:00+00:00,60,1,16,79.66914367675781,26.22475242614746,0,0,0,0,0,0,0,0,1,1,1,1,1,1,1,1,1,0,0,0,0,1,1,1,1
2022-01-11 16:30:00+00:00,60,1,16,53.42761993408203,79.73180389404297,0,0,0,0,0,0,0,1,1,1,1,1,1,1,1,1,1,0,0,0,0,0,0,0,0
2022-01-11 16:45:00+00:00,60,1,16,108.12952423095703,77.09345245361328,0,0,0,0,0,0,0,0,0,0,1,1,1,1,1,1,1,0,0,0,0,0,0,0,0
2022-01-11 16:45:00+00:00,60,1,16,42.723541259765625,34.4344596862793,0,0,0,0,0,0,1,1,1,1,1,1,1,1,1,1,1,0,0,0,0,0,1,1,1
2022-01-11 16:45:00+00:00,60,1,16,154.40945434570312,126.64576721191406,0,0,0,0,0,0,0,0,0,0,0,0,1,1,1,1,1,0,0,0,0,0,0,0,0
2022-01-11 16:45:00+00:00,60,1,16,270.7857360839844,331.2193603515625,0,0,0,0,0,0,0,0,0,0,0,0,0,0,0,1,1,0,0,0,0,0,0,0,0
2022-01-11 16:45:00+00:00,60,1,16,234.46669006347656,354.99176025390625,0,0,0,0,0,0,0,0,0,0,0,0,0,0,1,1,1,0,0,0,0,0,0,0,0
2022-01-11 17:00:00+00:00,60,1,17,56.22704315185547,22.752830505371094,0,0,0,0,0,0,0,1,1,1,1,1,1,1,1,1,1,0,0,0,1,1,1,1,1
2022-01-11 17:00:00+00:00,60,1,17,172.715087890625,6.45363712310791,0,0,0,0,0,0,0,0,0,0,0,0,1,1,1,1,1,1,1,1,1,1,1,1,1
2022-01-11 17:15:00+00:00,60,1,17,316.28594970703125,130.29617309570312,0,0,0,0,0,0,0,0,0,0,0,0,0,0,0,0,1,0,0,0,0,0,0,0,0
2022-01-11 17:15:00+00:00,60,1,17,140.86138916015625,171.11221313476562,0,0,0,0,0,0,0,0,0,0,0,1,1,1,1,1,1,0,0,0,0,0,0,0,0
2022-01-11 17:30:00+00:00,60,1,17,363.4068298339844,66.90045166015625,0,0,0,0,0,0,0,0,0,0,0,0,0,0,0,0,0,0,0,0,0,0,0,0,0
2022-01-11 17:30:00+00:00,60,1,17,101.3224868774414,111.93328857421875,0,0,0,0,0,0,0,0,0,0,1,1,1,1,1,1,1,0,0,0,0,0,0,0,0
2022-01-11 17:30:00+00:00,60,1,17,94.98649597167969,108.56781768798828,0,0,0,0,0,0,0,0,0,1,1,1,1,1,1,1,1,0,0,0,0,0,0,0,0
2022-01-11 17:30:00+00:00,60,1,17,,212.9274139404297,0,0,0,0,0,0,0,0,0,0,0,0,0,0,0,0,0,0,0,0,0,0,0,0,0
2022-01-11 17:45:00+00:00,60,1,17,174.95584106445312,209.91781616210938,0,0,0,0,0,0,0,0,0,0,0,0,1,1,1,1,1,0,0,0,0,0,0,0,0
2022-01-11 17:45:00+00:00,60,1,17,114.58338928222656,124.55596160888672,0,0,0,0,0,0,0,0,0,0,1,1,1,1,1,1,1,0,0,0,0,0,0,0,0
2022-01-12 10:00:00+00:00,60,1,10,,,0,0,0,0,0,0,0,0,0,0,0,0,0,0,0,0,0,0,0,0,0,0,0,0,0
2022-01-12 10:00:00+00:00,60,1,10,,443.1614685058594,0,0,0,0,0,0,0,0,0,0,0,0,0,0,0,0,0,0,0,0,0,0,0,0,0
2022-01-12 10:00:00+00:00,60,1,10,,200.14385986328125,0,0,0,0,0,0,0,0,0,0,0,0,0,0,0,0,0,0,0,0,0,0,0,0,0
2022-01-12 10:00:00+00:00,60,1,10,534.2933959960938,153.3101043701172,0,0,0,0,0,0,0,0,0,0,0,0,0,0,0,0,0,0,0,0,0,0,0,0,0
2022-01-12 10:00:00+00:00,60,1,10,,432.6246643066406,0,0,0,0,0,0,0,0,0,0,0,0,0,0,0,0,0,0,0,0,0,0,0,0,0
2022-01-12 10:00:00+00:00,60,1,10,266.74761962890625,229.9426727294922,0,0,0,0,0,0,0,0,0,0,0,0,0,0,0,1,1,0,0,0,0,0,0,0,0
2022-01-12 10:00:00+00:00,60,1,10,246.51966857910156,48.13916778564453,0,0,0,0,0,0,0,0,0,0,0,0,0,0,1,1,1,0,0,0,0,0,0,1,1
2022-01-12 10:00:00+00:00,60,1,10,136.87049865722656,133.7523193359375,0,0,0,0,0,0,0,0,0,0,0,1,1,1,1,1,1,0,0,0,0,0,0,0,0
2022-01-12 10:00:00+00:00,60,1,10,,,0,0,0,0,0,0,0,0,0,0,0,0,0,0,0,0,0,0,0,0,0,0,0,0,0
2022-01-12 10:00:00+00:00,60,1,10,134.5005645751953,102.78031158447266,0,0,0,0,0,0,0,0,0,0,0,1,1,1,1,1,1,0,0,0,0,0,0,0,0
2022-01-12 10:00:00+00:00,60,1,10,186.68035888671875,172.64004516601562,0,0,0,0,0,0,0,0,0,0,0,0,0,1,1,1,1,0,0,0,0,0,0,0,0
2022-01-12 10:00:00+00:00,60,1,10,112.40034484863281,36.721073150634766,0,0,0,0,0,0,0,0,0,0,1,1,1,1,1,1,1,0,0,0,0,0,1,1,1
2022-01-12 10:00:00+00:00,60,1,10,126.7048110961914,0.0,0,0,0,0,0,0,0,0,0,0,0,1,1,1,1,1,1,1,1,1,1,1,1,1,1
2022-01-12 10:00:00+00:00,60,1,10,145.0681915283203,25.92827796936035,0,0,0,0,0,0,0,0,0,0,0,1,1,1,1,1,1,0,0,0,0,1,1,1,1
2022-01-12 10:00:00+00:00,60,1,10,51.19105911254883,12.838797569274902,0,0,0,0,0,0,0,1,1,1,1,1,1,1,1,1,1,0,1,1,1,1,1,1,1
2022-01-12 10:00:00+00:00,60,1,10,53.43299865722656,18.817975997924805,0,0,0,0,0,0,0,1,1,1,1,1,1,1,1,1,1,0,0,1,1,1,1,1,1
2022-01-12 10:00:00+00:00,60,1,10,337.17205810546875,,0,0,0,0,0,0,0,0,0,0,0,0,0,0,0,0,1,0,0,0,0,0,0,0,0
2022-01-12 10:15:00+00:00,60,1,10,,,0,0,0,0,0,0,0,0,0,0,0,0,0,0,0,0,0,0,0,0,0,0,0,0,0
2022-01-12 10:15:00+00:00,60,1,10,,,0,0,0,0,0,0,0,0,0,0,0,0,0,0,0,0,0,0,0,0,0,0,0,0,0
2022-01-12 10:15:00+00:00,60,1,10,,,0,0,0,0,0,0,0,0,0,0,0,0,0,0,0,0,0,0,0,0,0,0,0,0,0
2022-01-12 10:15:00+00:00,60,1,10,,331.79248046875,0,0,0,0,0,0,0,0,0,0,0,0,0,0,0,0,0,0,0,0,0,0,0,0,0
2022-01-12 10:15:00+00:00,60,1,10,,,0,0,0,0,0,0,0,0,0,0,0,0,0,0,0,0,0,0,0,0,0,0,0,0,0
2022-01-12 10:15:00+00:00,60,1,10,,5.312917709350586,0,0,0,0,0,0,0,0,0,0,0,0,0,0,0,0,0,1,1,1,1,1,1,1,1
2022-01-12 10:15:00+00:00,60,1,10,179.6562042236328,34.83723831176758,0,0,0,0,0,0,0,0,0,0,0,0,1,1,1,1,1,0,0,0,0,0,1,1,1
2022-01-12 10:15:00+00:00,60,1,10,224.01199340820312,106.84158325195312,0,0,0,0,0,0,0,0,0,0,0,0,0,0,1,1,1,0,0,0,0,0,0,0,0
2022-01-12 10:15:00+00:00,60,1,10,82.97207641601562,81.2387924194336,0,0,0,0,0,0,0,0,0,1,1,1,1,1,1,1,1,0,0,0,0,0,0,0,0
2022-01-12 10:15:00+00:00,60,1,10,76.91182708740234,6.464306354522705,0,0,0,0,0,0,0,0,1,1,1,1,1,1,1,1,1,1,1,1,1,1,1,1,1
2022-01-12 10:15:00+00:00,60,1,10,146.02084350585938,106.38519287109375,0,0,0,0,0,0,0,0,0,0,0,1,1,1,1,1,1,0,0,0,0,0,0,0,0
2022-01-12 10:15:00+00:00,60,1,10,79.62722778320312,0.0,0,0,0,0,0,0,0,0,1,1,1,1,1,1,1,1,1,1,1,1,1,1,1,1,1
2022-01-12 10:15:00+00:00,60,1,10,55.152008056640625,29.51449203491211,0,0,0,0,0,0,0,1,1,1,1,1,1,1,1,1,1,0,0,0,0,1,1,1,1
2022-01-12 10:15:00+00:00,60,1,10,284.26922607421875,208.37745666503906,0,0,0,0,0,0,0,0,0,0,0,0,0,0,0,1,1,0,0,0,0,0,0,0,0
2022-01-12 10:15:00+00:00,60,1,10,338.6875,222.76199340820312,0,0,0,0,0,0,0,0,0,0,0,0,0,0,0,0,1,0,0,0,0,0,0,0,0
2022-01-12 10:15:00+00:00,60,1,10,143.72491455078125,60.324363708496094,0,0,0,0,0,0,0,0,0,0,0,1,1,1,1,1,1,0,0,0,0,0,0,0,0
2022-01-12 10:15:00+00:00,60,1,10,129.8526611328125,34.82887268066406,0,0,0,0,0,0,0,0,0,0,0,1,1,1,1,1,1,0,0,0,0,0,1,1,1
2022-01-12 10:15:00+00:00,60,1,10,81.24578094482422,26.395187377929688,0,0,0,0,0,0,0,0,0,1,1,1,1,1,1,1,1,0,0,0,0,1,1,1,1
2022-01-12 10:15:00+00:00,60,1,10,161.6114501953125,91.00804138183594,0,0,0,0,0,0,0,0,0,0,0,0,1,1,1,1,1,0,0,0,0,0,0,0,0
2022-01-12 10:30:00+00:00,60,1,10,,,0,0,0,0,0,0,0,0,0,0,0,0,0,0,0,0,0,0,0,0,0,0,0,0,0
2022-01-12 10:30:00+00:00,60,1,10,,,0,0,0,0,0,0,0,0,0,0,0,0,0,0,0,0,0,0,0,0,0,0,0,0,0
2022-01-12 10:30:00+00:00,60,1,10,,,0,0,0,0,0,0,0,0,0,0,0,0,0,0,0,0,0,0,0,0,0,0,0,0,0
2022-01-12 10:30:00+00:00,60,1,10,346.7022399902344,83.77377319335938,0,0,0,0,0,0,0,0,0,0,0,0,0,0,0,0,1,0,0,0,0,0,0,0,0
2022-01-12 10:30:00+00:00,60,1,10,162.69424438476562,73.44123077392578,0,0,0,0,0,0,0,0,0,0,0,0,1,1,1,1,1,0,0,0,0,0,0,0,0
2022-01-12 10:30:00+00:00,60,1,10,83.20562744140625,0.0,0,0,0,0,0,0,0,0,0,1,1,1,1,1,1,1,1,1,1,1,1,1,1,1,1
2022-01-12 10:30:00+00:00,60,1,10,51.65795135498047,11.247933387756348,0,0,0,0,0,0,0,1,1,1,1,1,1,1,1,1,1,0,1,1,1,1,1,1,1
2022-01-12 10:30:00+00:00,60,1,10,87.35562133789062,84.61328887939453,0,0,0,0,0,0,0,0,0,1,1,1,1,1,1,1,1,0,0,0,0,0,0,0,0
2022-01-12 10:30:00+00:00,60,1,10,76.64307403564453,55.71246337890625,0,0,0,0,0,0,0,0,1,1,1,1,1,1,1,1,1,0,0,0,0,0,0,0,1
2022-01-12 10:30:00+00:00,60,1,10,165.37979125976562,75.92437744140625,0,0,0,0,0,0,0,0,0,0,0,0,1,1,1,1,1,0,0,0,0,0,0,0,0
2022-01-12 10:30:00+00:00,60,1,10,69.02288818359375,12.697218894958496,0,0,0,0,0,0,0,0,1,1,1,1,1,1,1,1,1,0,1,1,1,1,1,1,1
2022-01-12 10:30:00+00:00,60,1,10,125.1788558959961,12.803816795349121,0,0,0,0,0,0,0,0,0,0,0,1,1,1,1,1,1,0,1,1,1,1,1,1,1
2022-01-12 10:30:00+00:00,60,1,10,234.4221649169922,0.0,0,0,0,0,0,0,0,0,0,0,0,0,0,0,1,1,1,1,1,1,1,1,1,1,1
2022-01-12 10:45:00+00:00,60,1,10,,,0,0,0,0,0,0,0,0,0,0,0,0,0,0,0,0,0,0,0,0,0,0,0,0,0
2022-01-12 10:45:00+00:00,60,1,10,,,0,0,0,0,0,0,0,0,0,0,0,0,0,0,0,0,0,0,0,0,0,0,0,0,0
2022-01-12 10:45:00+00:00,60,1,10,188.4011688232422,149.2910919189453,0,0,0,0,0,0,0,0,0,0,0,0,0,1,1,1,1,0,0,0,0,0,0,0,0
2022-01-12 10:45:00+00:00,60,1,10,207.55650329589844,214.95860290527344,0,0,0,0,0,0,0,0,0,0,0,0,0,0,1,1,1,0,0,0,0,0,0,0,0
2022-01-12 10:45:00+00:00,60,1,10,200.87115478515625,115.71467590332031,0,0,0,0,0,0,0,0,0,0,0,0,0,0,1,1,1,0,0,0,0,0,0,0,0
2022-01-12 10:45:00+00:00,60,1,10,80.94551086425781,84.78141021728516,0,0,0,0,0,0,0,0,0,1,1,1,1,1,1,1,1,0,0,0,0,0,0,0,0
2022-01-12 10:45:00+00:00,60,1,10,40.86513900756836,0.0,0,0,0,0,0,0,1,1,1,1,1,1,1,1,1,1,1,1,1,1,1,1,1,1,1
2022-01-12 10:45:00+00:00,60,1,10,84.5000228881836,64.3475570678711,0,0,0,0,0,0,0,0,0,1,1,1,1,1,1,1,1,0,0,0,0,0,0,0,0
2022-01-12 10:45:00+00:00,60,1,10,39.65579605102539,9.488712310791016,0,0,0,0,0,1,1,1,1,1,1,1,1,1,1,1,1,1,1,1,1,1,1,1,1
2022-01-12 10:45:00+00:00,60,1,10,168.5960235595703,63.11775207519531,0,0,0,0,0,0,0,0,0,0,0,0,1,1,1,1,1,0,0,0,0,0,0,0,0
2022-01-12 10:45:00+00:00,60,1,10,191.21047973632812,158.1128387451172,0,0,0,0,0,0,0,0,0,0,0,0,0,1,1,1,1,0,0,0,0,0,0,0,0
2022-01-12 10:45:00+00:00,60,1,10,69.83155822753906,42.156829833984375,0,0,0,0,0,0,0,0,1,1,1,1,1,1,1,1,1,0,0,0,0,0,0,1,1
2022-01-12 10:45:00+00:00,60,1,10,206.8192596435547,159.89622497558594,0,0,0,0,0,0,0,0,0,0,0,0,0,0,1,1,1,0,0,0,0,0,0,0,0
2022-01-12 10:45:00+00:00,60,1,10,50.60271453857422,0.0,0,0,0,0,0,0,0,1,1,1,1,1,1,1,1,1,1,1,1,1,1,1,1,1,1
2022-01-12 10:45:00+00:00,60,1,10,176.55889892578125,30.060243606567383,0,0,0,0,0,0,0,0,0,0,0,0,1,1,1,1,1,0,0,0,0,0,1,1,1
2022-01-12 10:45:00+00:00,60,1,10,143.77212524414062,76.74768829345703,0,0,0,0,0,0,0,0,0,0,0,1,1,1,1,1,1,0,0,0,0,0,0,0,0
2022-01-12 10:45:00+00:00,60,1,10,416.61981201171875,280.415283203125,0,0,0,0,0,0,0,0,0,0,0,0,0,0,0,0,0,0,0,0,0,0,0,0,0
2022-01-12 11:00:00+00:00,60,1,11,,,0,0,0,0,0,0,0,0,0,0,0,0,0,0,0,0,0,0,0,0,0,0,0,0,0
2022-01-12 11:00:00+00:00,60,1,11,413.3132629394531,,0,0,0,0,0,0,0,0,0,0,0,0,0,0,0,0,0,0,0,0,0,0,0,0,0
2022-01-12 11:00:00+00:00,60,1,11,252.84182739257812,176.29977416992188,0,0,0,0,0,0,0,0,0,0,0,0,0,0,0,1,1,0,0,0,0,0,0,0,0
2022-01-12 11:00:00+00:00,60,1,11,153.88746643066406,95.1487808227539,0,0,0,0,0,0,0,0,0,0,0,0,1,1,1,1,1,0,0,0,0,0,0,0,0
2022-01-12 11:00:00+00:00,60,1,11,316.040283203125,90.48633575439453,0,0,0,0,0,0,0,0,0,0,0,0,0,0,0,0,1,0,0,0,0,0,0,0,0
2022-01-12 11:00:00+00:00,60,1,11,38.925045013427734,0.0,0,0,0,0,0,1,1,1,1,1,1,1,1,1,1,1,1,1,1,1,1,1,1,1,1
2022-01-12 11:00:00+00:00,60,1,11,242.01681518554688,161.63490295410156,0,0,0,0,0,0,0,0,0,0,0,0,0,0,1,1,1,0,0,0,0,0,0,0,0
2022-01-12 11:00:00+00:00,60,1,11,141.54855346679688,10.550103187561035,0,0,0,0,0,0,0,0,0,0,0,1,1,1,1,1,1,0,1,1,1,1,1,1,1
2022-01-12 11:00:00+00:00,60,1,11,171.17344665527344,37.79029846191406,0,0,0,0,0,0,0,0,0,0,0,0,1,1,1,1,1,0,0,0,0,0,1,1,1
2022-01-12 11:00:00+00:00,60,1,11,152.00057983398438,17.30487823486328,0,0,0,0,0,0,0,0,0,0,0,0,1,1,1,1,1,0,0,1,1,1,1,1,1
2022-01-12 11:00:00+00:00,60,1,11,150.16136169433594,31.295034408569336,0,0,0,0,0,0,0,0,0,0,0,0,1,1,1,1,1,0,0,0,0,0,1,1,1
2022-01-12 11:00:00+00:00,60,1,11,160.06272888183594,37.090415954589844,0,0,0,0,0,0,0,0,0,0,0,0,1,1,1,1,1,0,0,0,0,0,1,1,1
2022-01-12 11:00:00+00:00,60,1,11,64.93359375,32.554256439208984,0,0,0,0,0,0,0,0,1,1,1,1,1,1,1,1,1,0,0,0,0,0,1,1,1
2022-01-12 11:00:00+00:00,60,1,11,99.4642105102539,57.715789794921875,0,0,0,0,0,0,0,0,0,1,1,1,1,1,1,1,1,0,0,0,0,0,0,0,1
2022-01-12 11:00:00+00:00,60,1,11,107.32553100585938,19.0228214263916,0,0,0,0,0,0,0,0,0,0,1,1,1,1,1,1,1,0,0,1,1,1,1,1,1
2022-01-12 11:00:00+00:00,60,1,11,142.90541076660156,9.282546997070312,0,0,0,0,0,0,0,0,0,0,0,1,1,1,1,1,1,1,1,1,1,1,1,1,1
2022-01-12 11:00:00+00:00,60,1,11,179.6988983154297,11.89273738861084,0,0,0,0,0,0,0,0,0,0,0,0,1,1,1,1,1,0,1,1,1,1,1,1,1
2022-01-12 11:15:00+00:00,60,1,11,,,0,0,0,0,0,0,0,0,0,0,0,0,0,0,0,0,0,0,0,0,0,0,0,0,0
2022-01-12 11:15:00+00:00,60,1,11,,,0,0,0,0,0,0,0,0,0,0,0,0,0,0,0,0,0,0,0,0,0,0,0,0,0
2022-01-12 11:15:00+00:00,60,1,11,,320.4466552734375,0,0,0,0,0,0,0,0,0,0,0,0,0,0,0,0,0,0,0,0,0,0,0,0,0
2022-01-12 11:15:00+00:00,60,1,11,331.0946350097656,249.24513244628906,0,0,0,0,0,0,0,0,0,0,0,0,0,0,0,0,1,0,0,0,0,0,0,0,0
2022-01-12 11:15:00+00:00,60,1,11,302.45501708984375,221.73638916015625,0,0,0,0,0,0,0,0,0,0,0,0,0,0,0,0,1,0,0,0,0,0,0,0,0
2022-01-12 11:15:00+00:00,60,1,11,45.20519256591797,0.0,0,0,0,0,0,0,1,1,1,1,1,1,1,1,1,1,1,1,1,1,1,1,1,1,1
2022-01-12 11:15:00+00:00,60,1,11,202.42648315429688,150.54339599609375,0,0,0,0,0,0,0,0,0,0,0,0,0,0,1,1,1,0,0,0,0,0,0,0,0
2022-01-12 11:15:00+00:00,60,1,11,102.01665496826172,9.392763137817383,0,0,0,0,0,0,0,0,0,0,1,1,1,1,1,1,1,1,1,1,1,1,1,1,1
2022-01-12 11:15:00+00:00,60,1,11,61.583152770996094,66.20748901367188,0,0,0,0,0,0,0,0,1,1,1,1,1,1,1,1,1,0,0,0,0,0,0,0,0
2022-01-12 11:15:00+00:00,60,1,11,67.61104583740234,28.929784774780273,0,0,0,0,0,0,0,0,1,1,1,1,1,1,1,1,1,0,0,0,0,1,1,1,1
2022-01-12 11:15:00+00:00,60,1,11,126.12034606933594,62.63113784790039,0,0,0,0,0,0,0,0,0,0,0,1,1,1,1,1,1,0,0,0,0,0,0,0,0
2022-01-12 11:15:00+00:00,60,1,11,69.2697982788086,31.83513069152832,0,0,0,0,0,0,0,0,1,1,1,1,1,1,1,1,1,0,0,0,0,0,1,1,1
2022-01-12 11:15:00+00:00,60,1,11,49.57312774658203,31.109054565429688,0,0,0,0,0,0,1,1,1,1,1,1,1,1,1,1,1,0,0,0,0,0,1,1,1
2022-01-12 11:15:00+00:00,60,1,11,149.8301544189453,99.27518463134766,0,0,0,0,0,0,0,0,0,0,0,1,1,1,1,1,1,0,0,0,0,0,0,0,0
2022-01-12 11:15:00+00:00,60,1,11,,,0,0,0,0,0,0,0,0,0,0,0,0,0,0,0,0,0,0,0,0,0,0,0,0,0
2022-01-12 11:30:00+00:00,60,1,11,,260.1955261230469,0,0,0,0,0,0,0,0,0,0,0,0,0,0,0,0,0,0,0,0,0,0,0,0,0
2022-01-12 11:30:00+00:00,60,1,11,,153.24411010742188,0,0,0,0,0,0,0,0,0,0,0,0,0,0,0,0,0,0,0,0,0,0,0,0,0
2022-01-12 11:30:00+00:00,60,1,11,,,0,0,0,0,0,0,0,0,0,0,0,0,0,0,0,0,0,0,0,0,0,0,0,0,0
2022-01-12 11:30:00+00:00,60,1,11,,316.916015625,0,0,0,0,0,0,0,0,0,0,0,0,0,0,0,0,0,0,0,0,0,0,0,0,0
2022-01-12 11:30:00+00:00,60,1,11,206.74957275390625,236.5906524658203,0,0,0,0,0,0,0,0,0,0,0,0,0,0,1,1,1,0,0,0,0,0,0,0,0
2022-01-12 11:30:00+00:00,60,1,11,376.46697998046875,254.31390380859375,0,0,0,0,0,0,0,0,0,0,0,0,0,0,0,0,0,0,0,0,0,0,0,0,0
2022-01-12 11:30:00+00:00,60,1,11,350.2751159667969,248.93283081054688,0,0,0,0,0,0,0,0,0,0,0,0,0,0,0,0,0,0,0,0,0,0,0,0,0
2022-01-12 11:30:00+00:00,60,1,11,90.9515380859375,7.410553455352783,0,0,0,0,0,0,0,0,0,1,1,1,1,1,1,1,1,1,1,1,1,1,1,1,1
2022-01-12 11:30:00+00:00,60,1,11,116.0413589477539,147.88198852539062,0,0,0,0,0,0,0,0,0,0,1,1,1,1,1,1,1,0,0,0,0,0,0,0,0
2022-01-12 11:30:00+00:00,60,1,11,166.3751983642578,167.33885192871094,0,0,0,0,0,0,0,0,0,0,0,0,1,1,1,1,1,0,0,0,0,0,0,0,0
2022-01-12 11:30:00+00:00,60,1,11,75.89472961425781,47.18444061279297,0,0,0,0,0,0,0,0,1,1,1,1,1,1,1,1,1,0,0,0,0,0,0,1,1
2022-01-12 11:30:00+00:00,60,1,11,90.67337036132812,0.0,0,0,0,0,0,0,0,0,0,1,1,1,1,1,1,1,1,1,1,1,1,1,1,1,1
2022-01-12 11:30:00+00:00,60,1,11,87.30866241455078,16.34813117980957,0,0,0,0,0,0,0,0,0,1,1,1,1,1,1,1,1,0,0,1,1,1,1,1,1
2022-01-12 11:30:00+00:00,60,1,11,101.99890899658203,46.93626022338867,0,0,0,0,0,0,0,0,0,0,1,1,1,1,1,1,1,0,0,0,0,0,0,1,1
2022-01-12 11:30:00+00:00,60,1,11,418.8395690917969,296.748291015625,0,0,0,0,0,0,0,0,0,0,0,0,0,0,0,0,0,0,0,0,0,0,0,0,0
2022-01-12 11:30:00+00:00,60,1,11,240.24310302734375,102.40061950683594,0,0,0,0,0,0,0,0,0,0,0,0,0,0,1,1,1,0,0,0,0,0,0,0,0
2022-01-12 11:30:00+00:00,60,1,11,,,0,0,0,0,0,0,0,0,0,0,0,0,0,0,0,0,0,0,0,0,0,0,0,0,0
2022-01-12 11:45:00+00:00,60,1,11,,7.063745498657227,0,0,0,0,0,0,0,0,0,0,0,0,0,0,0,0,0,1,1,1,1,1,1,1,1
2022-01-12 11:45:00+00:00,60,1,11,,209.92425537109375,0,0,0,0,0,0,0,0,0,0,0,0,0,0,0,0,0,0,0,0,0,0,0,0,0
2022-01-12 11:45:00+00:00,60,1,11,,84.13575744628906,0,0,0,0,0,0,0,0,0,0,0,0,0,0,0,0,0,0,0,0,0,0,0,0,0
2022-01-12 11:45:00+00:00,60,1,11,68.04483032226562,75.80291748046875,0,0,0,0,0,0,0,0,1,1,1,1,1,1,1,1,1,0,0,0,0,0,0,0,0
2022-01-12 11:45:00+00:00,60,1,11,82.31353759765625,6.523200035095215,0,0,0,0,0,0,0,0,0,1,1,1,1,1,1,1,1,1,1,1,1,1,1,1,1
2022-01-12 11:45:00+00:00,60,1,11,37.6673583984375,22.240657806396484,0,0,0,0,0,1,1,1,1,1,1,1,1,1,1,1,1,0,0,0,1,1,1,1,1
2022-01-12 11:45:00+00:00,60,1,11,69.397216796875,0.0,0,0,0,0,0,0,0,0,1,1,1,1,1,1,1,1,1,1,1,1,1,1,1,1,1
2022-01-12 11:45:00+00:00,60,1,11,156.8692626953125,14.439532279968262,0,0,0,0,0,0,0,0,0,0,0,0,1,1,1,1,1,0,1,1,1,1,1,1,1
2022-01-12 11:45:00+00:00,60,1,11,185.19354248046875,7.4766340255737305,0,0,0,0,0,0,0,0,0,0,0,0,0,1,1,1,1,1,1,1,1,1,1,1,1
2022-01-12 11:45:00+00:00,60,1,11,,387.0654602050781,0,0,0,0,0,0,0,0,0,0,0,0,0,0,0,0,0,0,0,0,0,0,0,0,0
2022-01-12 12:00:00+00:00,60,1,12,,,0,0,0,0,0,0,0,0,0,0,0,0,0,0,0,0,0,0,0,0,0,0,0,0,0
2022-01-12 12:00:00+00:00,60,1,12,174.43899536132812,192.89663696289062,0,0,0,0,0,0,0,0,0,0,0,0,1,1,1,1,1,0,0,0,0,0,0,0,0
2022-01-12 12:15:00+00:00,60,1,12,51.19487380981445,23.85203742980957,0,0,0,0,0,0,0,1,1,1,1,1,1,1,1,1,1,0,0,0,1,1,1,1,1
2022-01-12 12:15:00+00:00,60,1,12,128.84381103515625,106.223876953125,0,0,0,0,0,0,0,0,0,0,0,1,1,1,1,1,1,0,0,0,0,0,0,0,0
2022-01-12 12:15:00+00:00,60,1,12,109.00425720214844,37.92673110961914,0,0,0,0,0,0,0,0,0,0,1,1,1,1,1,1,1,0,0,0,0,0,1,1,1
2022-01-12 12:15:00+00:00,60,1,12,98.35726165771484,13.736238479614258,0,0,0,0,0,0,0,0,0,1,1,1,1,1,1,1,1,0,1,1,1,1,1,1,1
2022-01-12 12:15:00+00:00,60,1,12,87.08209991455078,34.10361099243164,0,0,0,0,0,0,0,0,0,1,1,1,1,1,1,1,1,0,0,0,0,0,1,1,1
2022-01-12 12:15:00+00:00,60,1,12,70.41570281982422,37.10399627685547,0,0,0,0,0,0,0,0,1,1,1,1,1,1,1,1,1,0,0,0,0,0,1,1,1
2022-01-12 12:15:00+00:00,60,1,12,142.79762268066406,135.8900604248047,0,0,0,0,0,0,0,0,0,0,0,1,1,1,1,1,1,0,0,0,0,0,0,0,0
2022-01-12 12:30:00+00:00,60,1,12,185.09393310546875,,0,0,0,0,0,0,0,0,0,0,0,0,0,1,1,1,1,0,0,0,0,0,0,0,0
2022-01-12 12:30:00+00:00,60,1,12,216.05099487304688,291.5411682128906,0,0,0,0,0,0,0,0,0,0,0,0,0,0,1,1,1,0,0,0,0,0,0,0,0
2022-01-12 12:30:00+00:00,60,1,12,201.45323181152344,195.49424743652344,0,0,0,0,0,0,0,0,0,0,0,0,0,0,1,1,1,0,0,0,0,0,0,0,0
2022-01-12 12:30:00+00:00,60,1,12,107.61991119384766,80.47782897949219,0,0,0,0,0,0,0,0,0,0,1,1,1,1,1,1,1,0,0,0,0,0,0,0,0
2022-01-12 12:30:00+00:00,60,1,12,171.69664001464844,153.92420959472656,0,0,0,0,0,0,0,0,0,0,0,0,1,1,1,1,1,0,0,0,0,0,0,0,0
2022-01-12 12:30:00+00:00,60,1,12,108.93193054199219,3.1922528743743896,0,0,0,0,0,0,0,0,0,0,1,1,1,1,1,1,1,1,1,1,1,1,1,1,1
2022-01-12 12:30:00+00:00,60,1,12,128.20169067382812,8.853221893310547,0,0,0,0,0,0,0,0,0,0,0,1,1,1,1,1,1,1,1,1,1,1,1,1,1
2022-01-12 12:30:00+00:00,60,1,12,47.16133499145508,0.0,0,0,0,0,0,0,1,1,1,1,1,1,1,1,1,1,1,1,1,1,1,1,1,1,1
2022-01-12 12:30:00+00:00,60,1,12,112.53199768066406,141.86456298828125,0,0,0,0,0,0,0,0,0,0,1,1,1,1,1,1,1,0,0,0,0,0,0,0,0
2022-01-12 12:30:00+00:00,60,1,12,299.28082275390625,9.574015617370605,0,0,0,0,0,0,0,0,0,0,0,0,0,0,0,1,1,1,1,1,1,1,1,1,1
2022-01-12 12:30:00+00:00,60,1,12,,,0,0,0,0,0,0,0,0,0,0,0,0,0,0,0,0,0,0,0,0,0,0,0,0,0
2022-01-12 12:30:00+00:00,60,1,12,,,0,0,0,0,0,0,0,0,0,0,0,0,0,0,0,0,0,0,0,0,0,0,0,0,0
2022-01-12 12:45:00+00:00,60,1,12,495.8099365234375,,0,0,0,0,0,0,0,0,0,0,0,0,0,0,0,0,0,0,0,0,0,0,0,0,0
2022-01-12 12:45:00+00:00,60,1,12,286.03985595703125,303.3609313964844,0,0,0,0,0,0,0,0,0,0,0,0,0,0,0,1,1,0,0,0,0,0,0,0,0
2022-01-12 12:45:00+00:00,60,1,12,72.23808288574219,87.75615692138672,0,0,0,0,0,0,0,0,1,1,1,1,1,1,1,1,1,0,0,0,0,0,0,0,0
2022-01-12 12:45:00+00:00,60,1,12,59.00767517089844,3.4746508598327637,0,0,0,0,0,0,0,1,1,1,1,1,1,1,1,1,1,1,1,1,1,1,1,1,1
2022-01-12 12:45:00+00:00,60,1,12,60.58423614501953,57.87075424194336,0,0,0,0,0,0,0,0,1,1,1,1,1,1,1,1,1,0,0,0,0,0,0,0,1
2022-01-12 12:45:00+00:00,60,1,12,61.43912124633789,13.454099655151367,0,0,0,0,0,0,0,0,1,1,1,1,1,1,1,1,1,0,1,1,1,1,1,1,1
2022-01-12 12:45:00+00:00,60,1,12,113.46004486083984,115.03755187988281,0,0,0,0,0,0,0,0,0,0,1,1,1,1,1,1,1,0,0,0,0,0,0,0,0
2022-01-12 12:45:00+00:00,60,1,12,49.20570755004883,66.7628173828125,0,0,0,0,0,0,1,1,1,1,1,1,1,1,1,1,1,0,0,0,0,0,0,0,0
2022-01-12 12:45:00+00:00,60,1,12,35.25579071044922,27.5294246673584,0,0,0,0,0,1,1,1,1,1,1,1,1,1,1,1,1,0,0,0,0,1,1,1,1
2022-01-12 12:45:00+00:00,60,1,12,365.9149475097656,0.0,0,0,0,0,0,0,0,0,0,0,0,0,0,0,0,0,0,1,1,1,1,1,1,1,1
2022-01-12 13:00:00+00:00,60,1,13,,,0,0,0,0,0,0,0,0,0,0,0,0,0,0,0,0,0,0,0,0,0,0,0,0,0
2022-01-12 13:00:00+00:00,60,1,13,,,0,0,0,0,0,0,0,0,0,0,0,0,0,0,0,0,0,0,0,0,0,0,0,0,0
2022-01-12 13:00:00+00:00,60,1,13,,,0,0,0,0,0,0,0,0,0,0,0,0,0,0,0,0,0,0,0,0,0,0,0,0,0
2022-01-12 13:00:00+00:00,60,1,13,348.48248291015625,368.6738586425781,0,0,0,0,0,0,0,0,0,0,0,0,0,0,0,0,1,0,0,0,0,0,0,0,0
2022-01-12 13:00:00+00:00,60,1,13,240.453125,235.71316528320312,0,0,0,0,0,0,0,0,0,0,0,0,0,0,1,1,1,0,0,0,0,0,0,0,0
2022-01-12 13:00:00+00:00,60,1,13,196.77415466308594,219.20123291015625,0,0,0,0,0,0,0,0,0,0,0,0,0,1,1,1,1,0,0,0,0,0,0,0,0
2022-01-12 13:00:00+00:00,60,1,13,222.8842315673828,151.3831329345703,0,0,0,0,0,0,0,0,0,0,0,0,0,0,1,1,1,0,0,0,0,0,0,0,0
2022-01-12 13:00:00+00:00,60,1,13,71.71200561523438,40.30316162109375,0,0,0,0,0,0,0,0,1,1,1,1,1,1,1,1,1,0,0,0,0,0,0,1,1
2022-01-12 13:00:00+00:00,60,1,13,124.02908325195312,0.0,0,0,0,0,0,0,0,0,0,0,0,1,1,1,1,1,1,1,1,1,1,1,1,1,1
2022-01-12 13:15:00+00:00,60,1,13,185.77137756347656,341.9016418457031,0,0,0,0,0,0,0,0,0,0,0,0,0,1,1,1,1,0,0,0,0,0,0,0,0
2022-01-12 13:15:00+00:00,60,1,13,66.79718017578125,69.11724090576172,0,0,0,0,0,0,0,0,1,1,1,1,1,1,1,1,1,0,0,0,0,0,0,0,0
2022-01-12 13:15:00+00:00,60,1,13,124.20917510986328,81.63484191894531,0,0,0,0,0,0,0,0,0,0,0,1,1,1,1,1,1,0,0,0,0,0,0,0,0
2022-01-12 13:15:00+00:00,60,1,13,33.62174987792969,0.0,0,0,0,0,0,1,1,1,1,1,1,1,1,1,1,1,1,1,1,1,1,1,1,1,1
2022-01-12 13:15:00+00:00,60,1,13,119.67237854003906,99.25422668457031,0,0,0,0,0,0,0,0,0,0,1,1,1,1,1,1,1,0,0,0,0,0,0,0,0
2022-01-12 13:15:00+00:00,60,1,13,115.79951477050781,83.52361297607422,0,0,0,0,0,0,0,0,0,0,1,1,1,1,1,1,1,0,0,0,0,0,0,0,0
2022-01-12 13:15:00+00:00,60,1,13,138.9875946044922,110.9161148071289,0,0,0,0,0,0,0,0,0,0,0,1,1,1,1,1,1,0,0,0,0,0,0,0,0
2022-01-12 13:15:00+00:00,60,1,13,290.15826416015625,269.63726806640625,0,0,0,0,0,0,0,0,0,0,0,0,0,0,0,1,1,0,0,0,0,0,0,0,0
2022-01-12 13:30:00+00:00,60,1,13,,,0,0,0,0,0,0,0,0,0,0,0,0,0,0,0,0,0,0,0,0,0,0,0,0,0
2022-01-12 13:30:00+00:00,60,1,13,,,0,0,0,0,0,0,0,0,0,0,0,0,0,0,0,0,0,0,0,0,0,0,0,0,0
2022-01-12 13:30:00+00:00,60,1,13,,,0,0,0,0,0,0,0,0,0,0,0,0,0,0,0,0,0,0,0,0,0,0,0,0,0
2022-01-12 13:30:00+00:00,60,1,13,,,0,0,0,0,0,0,0,0,0,0,0,0,0,0,0,0,0,0,0,0,0,0,0,0,0
2022-01-12 13:30:00+00:00,60,1,13,332.8299255371094,336.2958679199219,0,0,0,0,0,0,0,0,0,0,0,0,0,0,0,0,1,0,0,0,0,0,0,0,0
2022-01-12 13:30:00+00:00,60,1,13,174.00157165527344,61.14561080932617,0,0,0,0,0,0,0,0,0,0,0,0,1,1,1,1,1,0,0,0,0,0,0,0,0
2022-01-12 13:30:00+00:00,60,1,13,138.99362182617188,125.57262420654297,0,0,0,0,0,0,0,0,0,0,0,1,1,1,1,1,1,0,0,0,0,0,0,0,0
2022-01-12 13:30:00+00:00,60,1,13,147.3806915283203,223.7991485595703,0,0,0,0,0,0,0,0,0,0,0,1,1,1,1,1,1,0,0,0,0,0,0,0,0
2022-01-12 13:45:00+00:00,60,1,13,81.44755554199219,0.0,0,0,0,0,0,0,0,0,0,1,1,1,1,1,1,1,1,1,1,1,1,1,1,1,1
2022-01-12 13:45:00+00:00,60,1,13,92.3997802734375,37.55464172363281,0,0,0,0,0,0,0,0,0,1,1,1,1,1,1,1,1,0,0,0,0,0,1,1,1
2022-01-12 14:00:00+00:00,60,1,14,,,0,0,0,0,0,0,0,0,0,0,0,0,0,0,0,0,0,0,0,0,0,0,0,0,0
2022-01-12 14:00:00+00:00,60,1,14,99.46058654785156,5.827477931976318,0,0,0,0,0,0,0,0,0,1,1,1,1,1,1,1,1,1,1,1,1,1,1,1,1
2022-01-12 14:00:00+00:00,60,1,14,150.4853515625,123.82018280029297,0,0,0,0,0,0,0,0,0,0,0,0,1,1,1,1,1,0,0,0,0,0,0,0,0
2022-01-12 14:00:00+00:00,60,1,14,61.850791931152344,143.34872436523438,0,0,0,0,0,0,0,0,1,1,1,1,1,1,1,1,1,0,0,0,0,0,0,0,0
2022-01-12 14:15:00+00:00,60,1,14,,,0,0,0,0,0,0,0,0,0,0,0,0,0,0,0,0,0,0,0,0,0,0,0,0,0
2022-01-12 14:15:00+00:00,60,1,14,,,0,0,0,0,0,0,0,0,0,0,0,0,0,0,0,0,0,0,0,0,0,0,0,0,0
2022-01-12 14:15:00+00:00,60,1,14,,,0,0,0,0,0,0,0,0,0,0,0,0,0,0,0,0,0,0,0,0,0,0,0,0,0
2022-01-12 14:15:00+00:00,60,1,14,,289.9302062988281,0,0,0,0,0,0,0,0,0,0,0,0,0,0,0,0,0,0,0,0,0,0,0,0,0
2022-01-12 14:15:00+00:00,60,1,14,122.58782958984375,140.82403564453125,0,0,0,0,0,0,0,0,0,0,0,1,1,1,1,1,1,0,0,0,0,0,0,0,0
2022-01-12 14:15:00+00:00,60,1,14,154.9608612060547,120.52787017822266,0,0,0,0,0,0,0,0,0,0,0,0,1,1,1,1,1,0,0,0,0,0,0,0,0
2022-01-12 14:15:00+00:00,60,1,14,208.5653533935547,218.50192260742188,0,0,0,0,0,0,0,0,0,0,0,0,0,0,1,1,1,0,0,0,0,0,0,0,0
2022-01-12 14:30:00+00:00,60,1,14,285.53179931640625,177.15283203125,0,0,0,0,0,0,0,0,0,0,0,0,0,0,0,1,1,0,0,0,0,0,0,0,0
2022-01-12 14:30:00+00:00,60,1,14,158.44583129882812,9.113822937011719,0,0,0,0,0,0,0,0,0,0,0,0,1,1,1,1,1,1,1,1,1,1,1,1,1
2022-01-12 14:45:00+00:00,60,1,14,,,0,0,0,0,0,0,0,0,0,0,0,0,0,0,0,0,0,0,0,0,0,0,0,0,0
2022-01-12 14:45:00+00:00,60,1,14,369.8604736328125,361.8848571777344,0,0,0,0,0,0,0,0,0,0,0,0,0,0,0,0,0,0,0,0,0,0,0,0,0
2022-01-12 14:45:00+00:00,60,1,14,174.5580596923828,56.91926956176758,0,0,0,0,0,0,0,0,0,0,0,0,1,1,1,1,1,0,0,0,0,0,0,0,1
2022-01-12 14:45:00+00:00,60,1,14,56.36099624633789,97.49117279052734,0,0,0,0,0,0,0,1,1,1,1,1,1,1,1,1,1,0,0,0,0,0,0,0,0
2022-01-12 14:45:00+00:00,60,1,14,205.10379028320312,203.22500610351562,0,0,0,0,0,0,0,0,0,0,0,0,0,0,1,1,1,0,0,0,0,0,0,0,0
2022-01-12 14:45:00+00:00,60,1,14,100.04193878173828,57.373958587646484,0,0,0,0,0,0,0,0,0,0,1,1,1,1,1,1,1,0,0,0,0,0,0,0,1
2022-01-12 14:45:00+00:00,60,1,14,195.54335021972656,176.7076416015625,0,0,0,0,0,0,0,0,0,0,0,0,0,1,1,1,1,0,0,0,0,0,0,0,0
2022-01-12 15:00:00+00:00,60,1,15,,,0,0,0,0,0,0,0,0,0,0,0,0,0,0,0,0,0,0,0,0,0,0,0,0,0
2022-01-12 15:00:00+00:00,60,1,15,,,0,0,0,0,0,0,0,0,0,0,0,0,0,0,0,0,0,0,0,0,0,0,0,0,0
2022-01-12 15:00:00+00:00,60,1,15,302.8830261230469,300.42193603515625,0,0,0,0,0,0,0,0,0,0,0,0,0,0,0,0,1,0,0,0,0,0,0,0,0
2022-01-12 15:00:00+00:00,60,1,15,107.8951416015625,13.592785835266113,0,0,0,0,0,0,0,0,0,0,1,1,1,1,1,1,1,0,1,1,1,1,1,1,1
2022-01-12 15:00:00+00:00,60,1,15,139.97872924804688,36.9028434753418,0,0,0,0,0,0,0,0,0,0,0,1,1,1,1,1,1,0,0,0,0,0,1,1,1
2022-01-12 15:00:00+00:00,60,1,15,106.86337280273438,74.04517364501953,0,0,0,0,0,0,0,0,0,0,1,1,1,1,1,1,1,0,0,0,0,0,0,0,0
2022-01-12 15:00:00+00:00,60,1,15,65.38819122314453,19.246305465698242,0,0,0,0,0,0,0,0,1,1,1,1,1,1,1,1,1,0,0,1,1,1,1,1,1
2022-01-12 15:00:00+00:00,60,1,15,83.5003433227539,37.59942626953125,0,0,0,0,0,0,0,0,0,1,1,1,1,1,1,1,1,0,0,0,0,0,1,1,1
2022-01-12 15:00:00+00:00,60,1,15,176.1394805908203,19.75341796875,0,0,0,0,0,0,0,0,0,0,0,0,1,1,1,1,1,0,0,1,1,1,1,1,1
2022-01-12 15:15:00+00:00,60,1,15,,,0,0,0,0,0,0,0,0,0,0,0,0,0,0,0,0,0,0,0,0,0,0,0,0,0
2022-01-12 15:15:00+00:00,60,1,15,303.30072021484375,224.16014099121094,0,0,0,0,0,0,0,0,0,0,0,0,0,0,0,0,1,0,0,0,0,0,0,0,0
2022-01-12 15:15:00+00:00,60,1,15,27.705074310302734,6.935935974121094,0,0,0,0,1,1,1,1,1,1,1,1,1,1,1,1,1,1,1,1,1,1,1,1,1
2022-01-12 15:15:00+00:00,60,1,15,94.6056900024414,74.3469467163086,0,0,0,0,0,0,0,0,0,1,1,1,1,1,1,1,1,0,0,0,0,0,0,0,0
2022-01-12 15:15:00+00:00,60,1,15,52.43861389160156,6.8789191246032715,0,0,0,0,0,0,0,1,1,1,1,1,1,1,1,1,1,1,1,1,1,1,1,1,1
2022-01-12 15:15:00+00:00,60,1,15,56.502464294433594,39.71862030029297,0,0,0,0,0,0,0,1,1,1,1,1,1,1,1,1,1,0,0,0,0,0,1,1,1
2022-01-12 15:15:00+00:00,60,1,15,128.6434326171875,102.50728607177734,0,0,0,0,0,0,0,0,0,0,0,1,1,1,1,1,1,0,0,0,0,0,0,0,0
2022-01-12 15:30:00+00:00,60,1,15,,,0,0,0,0,0,0,0,0,0,0,0,0,0,0,0,0,0,0,0,0,0,0,0,0,0
2022-01-12 15:30:00+00:00,60,1,15,366.2288513183594,297.9434509277344,0,0,0,0,0,0,0,0,0,0,0,0,0,0,0,0,0,0,0,0,0,0,0,0,0
2022-01-12 15:30:00+00:00,60,1,15,324.5389404296875,233.73146057128906,0,0,0,0,0,0,0,0,0,0,0,0,0,0,0,0,1,0,0,0,0,0,0,0,0
2022-01-12 15:30:00+00:00,60,1,15,167.8446502685547,133.42156982421875,0,0,0,0,0,0,0,0,0,0,0,0,1,1,1,1,1,0,0,0,0,0,0,0,0
2022-01-12 15:30:00+00:00,60,1,15,193.7857666015625,239.30613708496094,0,0,0,0,0,0,0,0,0,0,0,0,0,1,1,1,1,0,0,0,0,0,0,0,0
2022-01-12 15:30:00+00:00,60,1,15,229.91758728027344,35.03140640258789,0,0,0,0,0,0,0,0,0,0,0,0,0,0,1,1,1,0,0,0,0,0,1,1,1
2022-01-12 15:45:00+00:00,60,1,15,,,0,0,0,0,0,0,0,0,0,0,0,0,0,0,0,0,0,0,0,0,0,0,0,0,0
2022-01-12 15:45:00+00:00,60,1,15,,,0,0,0,0,0,0,0,0,0,0,0,0,0,0,0,0,0,0,0,0,0,0,0,0,0
2022-01-12 15:45:00+00:00,60,1,15,88.24958801269531,124.09525299072266,0,0,0,0,0,0,0,0,0,1,1,1,1,1,1,1,1,0,0,0,0,0,0,0,0
2022-01-12 15:45:00+00:00,60,1,15,41.18275451660156,210.4248504638672,0,0,0,0,0,0,1,1,1,1,1,1,1,1,1,1,1,0,0,0,0,0,0,0,0
2022-01-12 15:45:00+00:00,60,1,15,56.88884353637695,3.092783212661743,0,0,0,0,0,0,0,1,1,1,1,1,1,1,1,1,1,1,1,1,1,1,1,1,1
2022-01-12 16:00:00+00:00,60,1,16,402.3207092285156,,0,0,0,0,0,0,0,0,0,0,0,0,0,0,0,0,0,0,0,0,0,0,0,0,0
2022-01-12 16:00:00+00:00,60,1,16,,419.79705810546875,0,0,0,0,0,0,0,0,0,0,0,0,0,0,0,0,0,0,0,0,0,0,0,0,0
2022-01-12 16:00:00+00:00,60,1,16,102.08189392089844,90.48861694335938,0,0,0,0,0,0,0,0,0,0,1,1,1,1,1,1,1,0,0,0,0,0,0,0,0
2022-01-12 16:15:00+00:00,60,1,16,361.2060852050781,386.9585876464844,0,0,0,0,0,0,0,0,0,0,0,0,0,0,0,0,0,0,0,0,0,0,0,0,0
2022-01-12 16:15:00+00:00,60,1,16,327.6044006347656,353.5504150390625,0,0,0,0,0,0,0,0,0,0,0,0,0,0,0,0,1,0,0,0,0,0,0,0,0
2022-01-12 16:15:00+00:00,60,1,16,270.76824951171875,278.7204895019531,0,0,0,0,0,0,0,0,0,0,0,0,0,0,0,1,1,0,0,0,0,0,0,0,0
2022-01-12 16:15:00+00:00,60,1,16,123.6872329711914,151.45285034179688,0,0,0,0,0,0,0,0,0,0,0,1,1,1,1,1,1,0,0,0,0,0,0,0,0
2022-01-12 16:15:00+00:00,60,1,16,68.11845397949219,226.63584899902344,0,0,0,0,0,0,0,0,1,1,1,1,1,1,1,1,1,0,0,0,0,0,0,0,0
2022-01-12 16:15:00+00:00,60,1,16,185.6123504638672,165.17784118652344,0,0,0,0,0,0,0,0,0,0,0,0,0,1,1,1,1,0,0,0,0,0,0,0,0
2022-01-12 16:15:00+00:00,60,1,16,92.90098571777344,78.35356903076172,0,0,0,0,0,0,0,0,0,1,1,1,1,1,1,1,1,0,0,0,0,0,0,0,0
2022-01-12 16:15:00+00:00,60,1,16,234.38536071777344,476.91943359375,0,0,0,0,0,0,0,0,0,0,0,0,0,0,1,1,1,0,0,0,0,0,0,0,0
2022-01-12 16:15:00+00:00,60,1,16,161.02597045898438,368.2181396484375,0,0,0,0,0,0,0,0,0,0,0,0,1,1,1,1,1,0,0,0,0,0,0,0,0
2022-01-12 16:15:00+00:00,60,1,16,53.20590591430664,165.84326171875,0,0,0,0,0,0,0,1,1,1,1,1,1,1,1,1,1,0,0,0,0,0,0,0,0
2022-01-12 16:15:00+00:00,60,1,16,313.16888427734375,176.15496826171875,0,0,0,0,0,0,0,0,0,0,0,0,0,0,0,0,1,0,0,0,0,0,0,0,0
2022-01-12 16:30:00+00:00,60,1,16,53.86375427246094,71.4264144897461,0,0,0,0,0,0,0,1,1,1,1,1,1,1,1,1,1,0,0,0,0,0,0,0,0
2022-01-12 16:30:00+00:00,60,1,16,192.80125427246094,190.6029052734375,0,0,0,0,0,0,0,0,0,0,0,0,0,1,1,1,1,0,0,0,0,0,0,0,0
2022-01-12 16:45:00+00:00,60,1,16,155.8521728515625,120.41251373291016,0,0,0,0,0,0,0,0,0,0,0,0,1,1,1,1,1,0,0,0,0,0,0,0,0
2022-01-12 16:45:00+00:00,60,1,16,442.5181884765625,375.83526611328125,0,0,0,0,0,0,0,0,0,0,0,0,0,0,0,0,0,0,0,0,0,0,0,0,0
2022-01-12 17:00:00+00:00,60,1,17,120.75077819824219,162.20962524414062,0,0,0,0,0,0,0,0,0,0,0,1,1,1,1,1,1,0,0,0,0,0,0,0,0
2022-01-12 17:00:00+00:00,60,1,17,359.32183837890625,340.92620849609375,0,0,0,0,0,0,0,0,0,0,0,0,0,0,0,0,0,0,0,0,0,0,0,0,0
2022-01-12 17:15:00+00:00,60,1,17,150.81565856933594,201.2003936767578,0,0,0,0,0,0,0,0,0,0,0,0,1,1,1,1,1,0,0,0,0,0,0,0,0
2022-01-12 17:15:00+00:00,60,1,17,,,0,0,0,0,0,0,0,0,0,0,0,0,0,0,0,0,0,0,0,0,0,0,0,0,0
2022-01-12 17:15:00+00:00,60,1,17,354.9189147949219,345.6087646484375,0,0,0,0,0,0,0,0,0,0,0,0,0,0,0,0,0,0,0,0,0,0,0,0,0
2022-01-12 17:30:00+00:00,60,1,17,302.0700988769531,363.4709777832031,0,0,0,0,0,0,0,0,0,0,0,0,0,0,0,0,1,0,0,0,0,0,0,0,0
2022-01-12 17:45:00+00:00,60,1,17,192.88995361328125,143.55206298828125,0,0,0,0,0,0,0,0,0,0,0,0,0,1,1,1,1,0,0,0,0,0,0,0,0
2022-01-13 10:00:00+00:00,60,1,10,,,0,0,0,0,0,0,0,0,0,0,0,0,0,0,0,0,0,0,0,0,0,0,0,0,0
2022-01-13 10:00:00+00:00,60,1,10,,,0,0,0,0,0,0,0,0,0,0,0,0,0,0,0,0,0,0,0,0,0,0,0,0,0
2022-01-13 10:00:00+00:00,60,1,10,,,0,0,0,0,0,0,0,0,0,0,0,0,0,0,0,0,0,0,0,0,0,0,0,0,0
2022-01-13 10:00:00+00:00,60,1,10,,,0,0,0,0,0,0,0,0,0,0,0,0,0,0,0,0,0,0,0,0,0,0,0,0,0
2022-01-13 10:00:00+00:00,60,1,10,,,0,0,0,0,0,0,0,0,0,0,0,0,0,0,0,0,0,0,0,0,0,0,0,0,0
2022-01-13 10:00:00+00:00,60,1,10,71.6721420288086,75.23011779785156,0,0,0,0,0,0,0,0,1,1,1,1,1,1,1,1,1,0,0,0,0,0,0,0,0
2022-01-13 10:00:00+00:00,60,1,10,463.0353698730469,346.8063049316406,0,0,0,0,0,0,0,0,0,0,0,0,0,0,0,0,0,0,0,0,0,0,0,0,0
2022-01-13 10:00:00+00:00,60,1,10,370.1668701171875,135.6971893310547,0,0,0,0,0,0,0,0,0,0,0,0,0,0,0,0,0,0,0,0,0,0,0,0,0
2022-01-13 10:00:00+00:00,60,1,10,219.4369354248047,52.618019104003906,0,0,0,0,0,0,0,0,0,0,0,0,0,0,1,1,1,0,0,0,0,0,0,0,1
2022-01-13 10:00:00+00:00,60,1,10,33.747398376464844,36.511348724365234,0,0,0,0,0,1,1,1,1,1,1,1,1,1,1,1,1,0,0,0,0,0,1,1,1
2022-01-13 10:00:00+00:00,60,1,10,257.8764953613281,186.5009765625,0,0,0,0,0,0,0,0,0,0,0,0,0,0,0,1,1,0,0,0,0,0,0,0,0
2022-01-13 10:00:00+00:00,60,1,10,201.52418518066406,152.9909210205078,0,0,0,0,0,0,0,0,0,0,0,0,0,0,1,1,1,0,0,0,0,0,0,0,0
2022-01-13 10:00:00+00:00,60,1,10,66.3063735961914,0.0,0,0,0,0,0,0,0,0,1,1,1,1,1,1,1,1,1,1,1,1,1,1,1,1,1
2022-01-13 10:00:00+00:00,60,1,10,154.0837860107422,0.0,0,0,0,0,0,0,0,0,0,0,0,0,1,1,1,1,1,1,1,1,1,1,1,1,1
2022-01-13 10:15:00+00:00,60,1,10,,,0,0,0,0,0,0,0,0,0,0,0,0,0,0,0,0,0,0,0,0,0,0,0,0,0
2022-01-13 10:15:00+00:00,60,1,10,,126.96892547607422,0,0,0,0,0,0,0,0,0,0,0,0,0,0,0,0,0,0,0,0,0,0,0,0,0
2022-01-13 10:15:00+00:00,60,1,10,,,0,0,0,0,0,0,0,0,0,0,0,0,0,0,0,0,0,0,0,0,0,0,0,0,0
2022-01-13 10:15:00+00:00,60,1,10,,275.2846984863281,0,0,0,0,0,0,0,0,0,0,0,0,0,0,0,0,0,0,0,0,0,0,0,0,0
2022-01-13 10:15:00+00:00,60,1,10,,377.07684326171875,0,0,0,0,0,0,0,0,0,0,0,0,0,0,0,0,0,0,0,0,0,0,0,0,0
2022-01-13 10:15:00+00:00,60,1,10,410.49017333984375,154.42996215820312,0,0,0,0,0,0,0,0,0,0,0,0,0,0,0,0,0,0,0,0,0,0,0,0,0
2022-01-13 10:15:00+00:00,60,1,10,,349.5368347167969,0,0,0,0,0,0,0,0,0,0,0,0,0,0,0,0,0,0,0,0,0,0,0,0,0
2022-01-13 10:15:00+00:00,60,1,10,77.51057434082031,74.40939331054688,0,0,0,0,0,0,0,0,1,1,1,1,1,1,1,1,1,0,0,0,0,0,0,0,0
2022-01-13 10:15:00+00:00,60,1,10,,404.6813049316406,0,0,0,0,0,0,0,0,0,0,0,0,0,0,0,0,0,0,0,0,0,0,0,0,0
2022-01-13 10:15:00+00:00,60,1,10,176.92860412597656,79.56160736083984,0,0,0,0,0,0,0,0,0,0,0,0,1,1,1,1,1,0,0,0,0,0,0,0,0
2022-01-13 10:15:00+00:00,60,1,10,99.21430206298828,70.59072875976562,0,0,0,0,0,0,0,0,0,1,1,1,1,1,1,1,1,0,0,0,0,0,0,0,0
2022-01-13 10:15:00+00:00,60,1,10,111.35331726074219,34.166622161865234,0,0,0,0,0,0,0,0,0,0,1,1,1,1,1,1,1,0,0,0,0,0,1,1,1
2022-01-13 10:15:00+00:00,60,1,10,126.24760437011719,101.53341674804688,0,0,0,0,0,0,0,0,0,0,0,1,1,1,1,1,1,0,0,0,0,0,0,0,0
2022-01-13 10:15:00+00:00,60,1,10,,,0,0,0,0,0,0,0,0,0,0,0,0,0,0,0,0,0,0,0,0,0,0,0,0,0
2022-01-13 10:15:00+00:00,60,1,10,108.54166412353516,0.0,0,0,0,0,0,0,0,0,0,0,1,1,1,1,1,1,1,1,1,1,1,1,1,1,1
2022-01-13 10:15:00+00:00,60,1,10,,,0,0,0,0,0,0,0,0,0,0,0,0,0,0,0,0,0,0,0,0,0,0,0,0,0
2022-01-13 10:30:00+00:00,60,1,10,,,0,0,0,0,0,0,0,0,0,0,0,0,0,0,0,0,0,0,0,0,0,0,0,0,0
2022-01-13 10:30:00+00:00,60,1,10,320.2963562011719,264.305908203125,0,0,0,0,0,0,0,0,0,0,0,0,0,0,0,0,1,0,0,0,0,0,0,0,0
2022-01-13 10:30:00+00:00,60,1,10,317.36395263671875,96.01567840576172,0,0,0,0,0,0,0,0,0,0,0,0,0,0,0,0,1,0,0,0,0,0,0,0,0
2022-01-13 10:30:00+00:00,60,1,10,337.543701171875,215.99581909179688,0,0,0,0,0,0,0,0,0,0,0,0,0,0,0,0,1,0,0,0,0,0,0,0,0
2022-01-13 10:30:00+00:00,60,1,10,314.78192138671875,232.6678009033203,0,0,0,0,0,0,0,0,0,0,0,0,0,0,0,0,1,0,0,0,0,0,0,0,0
2022-01-13 10:30:00+00:00,60,1,10,131.3292694091797,83.42833709716797,0,0,0,0,0,0,0,0,0,0,0,1,1,1,1,1,1,0,0,0,0,0,0,0,0
2022-01-13 10:30:00+00:00,60,1,10,160.72584533691406,0.0,0,0,0,0,0,0,0,0,0,0,0,0,1,1,1,1,1,1,1,1,1,1,1,1,1
2022-01-13 10:30:00+00:00,60,1,10,94.5718002319336,0.0,0,0,0,0,0,0,0,0,0,1,1,1,1,1,1,1,1,1,1,1,1,1,1,1,1
2022-01-13 10:45:00+00:00,60,1,10,,,0,0,0,0,0,0,0,0,0,0,0,0,0,0,0,0,0,0,0,0,0,0,0,0,0
2022-01-13 10:45:00+00:00,60,1,10,,273.3760986328125,0,0,0,0,0,0,0,0,0,0,0,0,0,0,0,0,0,0,0,0,0,0,0,0,0
2022-01-13 10:45:00+00:00,60,1,10,,216.59034729003906,0,0,0,0,0,0,0,0,0,0,0,0,0,0,0,0,0,0,0,0,0,0,0,0,0
2022-01-13 10:45:00+00:00,60,1,10,,411.0580139160156,0,0,0,0,0,0,0,0,0,0,0,0,0,0,0,0,0,0,0,0,0,0,0,0,0
2022-01-13 10:45:00+00:00,60,1,10,430.38385009765625,152.10919189453125,0,0,0,0,0,0,0,0,0,0,0,0,0,0,0,0,0,0,0,0,0,0,0,0,0
2022-01-13 10:45:00+00:00,60,1,10,292.35589599609375,73.75714874267578,0,0,0,0,0,0,0,0,0,0,0,0,0,0,0,1,1,0,0,0,0,0,0,0,0
2022-01-13 10:45:00+00:00,60,1,10,204.27816772460938,149.88583374023438,0,0,0,0,0,0,0,0,0,0,0,0,0,0,1,1,1,0,0,0,0,0,0,0,0
2022-01-13 10:45:00+00:00,60,1,10,,,0,0,0,0,0,0,0,0,0,0,0,0,0,0,0,0,0,0,0,0,0,0,0,0,0
2022-01-13 10:45:00+00:00,60,1,10,,,0,0,0,0,0,0,0,0,0,0,0,0,0,0,0,0,0,0,0,0,0,0,0,0,0
2022-01-13 11:00:00+00:00,60,1,11,,,0,0,0,0,0,0,0,0,0,0,0,0,0,0,0,0,0,0,0,0,0,0,0,0,0
2022-01-13 11:00:00+00:00,60,1,11,,,0,0,0,0,0,0,0,0,0,0,0,0,0,0,0,0,0,0,0,0,0,0,0,0,0
2022-01-13 11:00:00+00:00,60,1,11,321.98614501953125,268.6333312988281,0,0,0,0,0,0,0,0,0,0,0,0,0,0,0,0,1,0,0,0,0,0,0,0,0
2022-01-13 11:00:00+00:00,60,1,11,,321.00048828125,0,0,0,0,0,0,0,0,0,0,0,0,0,0,0,0,0,0,0,0,0,0,0,0,0
2022-01-13 11:00:00+00:00,60,1,11,290.3671569824219,242.6822967529297,0,0,0,0,0,0,0,0,0,0,0,0,0,0,0,1,1,0,0,0,0,0,0,0,0
2022-01-13 11:00:00+00:00,60,1,11,541.7718505859375,320.97015380859375,0,0,0,0,0,0,0,0,0,0,0,0,0,0,0,0,0,0,0,0,0,0,0,0,0
2022-01-13 11:00:00+00:00,60,1,11,127.83929443359375,93.11417388916016,0,0,0,0,0,0,0,0,0,0,0,1,1,1,1,1,1,0,0,0,0,0,0,0,0
2022-01-13 11:00:00+00:00,60,1,11,399.5072937011719,260.7059326171875,0,0,0,0,0,0,0,0,0,0,0,0,0,0,0,0,0,0,0,0,0,0,0,0,0
2022-01-13 11:00:00+00:00,60,1,11,179.9113311767578,3.4461469650268555,0,0,0,0,0,0,0,0,0,0,0,0,1,1,1,1,1,1,1,1,1,1,1,1,1
2022-01-13 11:00:00+00:00,60,1,11,255.00390625,0.0,0,0,0,0,0,0,0,0,0,0,0,0,0,0,0,1,1,1,1,1,1,1,1,1,1
2022-01-13 11:15:00+00:00,60,1,11,471.1332702636719,,0,0,0,0,0,0,0,0,0,0,0,0,0,0,0,0,0,0,0,0,0,0,0,0,0
2022-01-13 11:15:00+00:00,60,1,11,378.49603271484375,319.5995178222656,0,0,0,0,0,0,0,0,0,0,0,0,0,0,0,0,0,0,0,0,0,0,0,0,0
2022-01-13 11:15:00+00:00,60,1,11,309.52630615234375,,0,0,0,0,0,0,0,0,0,0,0,0,0,0,0,0,1,0,0,0,0,0,0,0,0
2022-01-13 11:15:00+00:00,60,1,11,443.5926818847656,,0,0,0,0,0,0,0,0,0,0,0,0,0,0,0,0,0,0,0,0,0,0,0,0,0
2022-01-13 11:15:00+00:00,60,1,11,,,0,0,0,0,0,0,0,0,0,0,0,0,0,0,0,0,0,0,0,0,0,0,0,0,0
2022-01-13 11:15:00+00:00,60,1,11,297.62396240234375,305.81689453125,0,0,0,0,0,0,0,0,0,0,0,0,0,0,0,1,1,0,0,0,0,0,0,0,0
2022-01-13 11:15:00+00:00,60,1,11,253.31192016601562,153.31637573242188,0,0,0,0,0,0,0,0,0,0,0,0,0,0,0,1,1,0,0,0,0,0,0,0,0
2022-01-13 11:15:00+00:00,60,1,11,371.1812744140625,192.75270080566406,0,0,0,0,0,0,0,0,0,0,0,0,0,0,0,0,0,0,0,0,0,0,0,0,0
2022-01-13 11:15:00+00:00,60,1,11,55.374210357666016,0.0,0,0,0,0,0,0,0,1,1,1,1,1,1,1,1,1,1,1,1,1,1,1,1,1,1
2022-01-13 11:15:00+00:00,60,1,11,,127.91929626464844,0,0,0,0,0,0,0,0,0,0,0,0,0,0,0,0,0,0,0,0,0,0,0,0,0
2022-01-13 11:15:00+00:00,60,1,11,72.99622344970703,17.277721405029297,0,0,0,0,0,0,0,0,1,1,1,1,1,1,1,1,1,0,0,1,1,1,1,1,1
2022-01-13 11:15:00+00:00,60,1,11,,105.59444427490234,0,0,0,0,0,0,0,0,0,0,0,0,0,0,0,0,0,0,0,0,0,0,0,0,0
2022-01-13 11:15:00+00:00,60,1,11,,31.33247184753418,0,0,0,0,0,0,0,0,0,0,0,0,0,0,0,0,0,0,0,0,0,0,1,1,1
2022-01-13 11:15:00+00:00,60,1,11,,461.7568054199219,0,0,0,0,0,0,0,0,0,0,0,0,0,0,0,0,0,0,0,0,0,0,0,0,0
2022-01-13 11:15:00+00:00,60,1,11,146.26805114746094,107.19889831542969,0,0,0,0,0,0,0,0,0,0,0,1,1,1,1,1,1,0,0,0,0,0,0,0,0
2022-01-13 11:15:00+00:00,60,1,11,,417.94293212890625,0,0,0,0,0,0,0,0,0,0,0,0,0,0,0,0,0,0,0,0,0,0,0,0,0
2022-01-13 11:15:00+00:00,60,1,11,391.2327880859375,366.5859375,0,0,0,0,0,0,0,0,0,0,0,0,0,0,0,0,0,0,0,0,0,0,0,0,0
2022-01-13 11:30:00+00:00,60,1,11,,342.5916442871094,0,0,0,0,0,0,0,0,0,0,0,0,0,0,0,0,0,0,0,0,0,0,0,0,0
2022-01-13 11:30:00+00:00,60,1,11,489.78466796875,130.7911834716797,0,0,0,0,0,0,0,0,0,0,0,0,0,0,0,0,0,0,0,0,0,0,0,0,0
2022-01-13 11:30:00+00:00,60,1,11,231.80819702148438,201.24600219726562,0,0,0,0,0,0,0,0,0,0,0,0,0,0,1,1,1,0,0,0,0,0,0,0,0
2022-01-13 11:30:00+00:00,60,1,11,,420.49407958984375,0,0,0,0,0,0,0,0,0,0,0,0,0,0,0,0,0,0,0,0,0,0,0,0,0
2022-01-13 11:30:00+00:00,60,1,11,114.30904388427734,87.31744384765625,0,0,0,0,0,0,0,0,0,0,1,1,1,1,1,1,1,0,0,0,0,0,0,0,0
2022-01-13 11:30:00+00:00,60,1,11,127.27546691894531,53.20152282714844,0,0,0,0,0,0,0,0,0,0,0,1,1,1,1,1,1,0,0,0,0,0,0,0,1
2022-01-13 11:30:00+00:00,60,1,11,136.14764404296875,9.981650352478027,0,0,0,0,0,0,0,0,0,0,0,1,1,1,1,1,1,1,1,1,1,1,1,1,1
2022-01-13 11:30:00+00:00,60,1,11,338.248779296875,183.07774353027344,0,0,0,0,0,0,0,0,0,0,0,0,0,0,0,0,1,0,0,0,0,0,0,0,0
2022-01-13 11:30:00+00:00,60,1,11,86.69149780273438,43.05500793457031,0,0,0,0,0,0,0,0,0,1,1,1,1,1,1,1,1,0,0,0,0,0,0,1,1
2022-01-13 11:45:00+00:00,60,1,11,77.23062133789062,89.0727767944336,0,0,0,0,0,0,0,0,1,1,1,1,1,1,1,1,1,0,0,0,0,0,0,0,0
2022-01-13 11:45:00+00:00,60,1,11,114.2131118774414,128.76702880859375,0,0,0,0,0,0,0,0,0,0,1,1,1,1,1,1,1,0,0,0,0,0,0,0,0
2022-01-13 11:45:00+00:00,60,1,11,53.27906036376953,22.432735443115234,0,0,0,0,0,0,0,1,1,1,1,1,1,1,1,1,1,0,0,0,1,1,1,1,1
2022-01-13 11:45:00+00:00,60,1,11,34.64299011230469,0.0,0,0,0,0,0,1,1,1,1,1,1,1,1,1,1,1,1,1,1,1,1,1,1,1,1
2022-01-13 11:45:00+00:00,60,1,11,240.32879638671875,243.3141632080078,0,0,0,0,0,0,0,0,0,0,0,0,0,0,1,1,1,0,0,0,0,0,0,0,0
2022-01-13 11:45:00+00:00,60,1,11,360.6452941894531,9.217838287353516,0,0,0,0,0,0,0,0,0,0,0,0,0,0,0,0,0,1,1,1,1,1,1,1,1
2022-01-13 12:00:00+00:00,60,1,12,,422.07586669921875,0,0,0,0,0,0,0,0,0,0,0,0,0,0,0,0,0,0,0,0,0,0,0,0,0
2022-01-13 12:00:00+00:00,60,1,12,,,0,0,0,0,0,0,0,0,0,0,0,0,0,0,0,0,0,0,0,0,0,0,0,0,0
2022-01-13 12:00:00+00:00,60,1,12,,,0,0,0,0,0,0,0,0,0,0,0,0,0,0,0,0,0,0,0,0,0,0,0,0,0
2022-01-13 12:00:00+00:00,60,1,12,83.62892150878906,81.16851043701172,0,0,0,0,0,0,0,0,0,1,1,1,1,1,1,1,1,0,0,0,0,0,0,0,0
2022-01-13 12:00:00+00:00,60,1,12,,,0,0,0,0,0,0,0,0,0,0,0,0,0,0,0,0,0,0,0,0,0,0,0,0,0
2022-01-13 12:00:00+00:00,60,1,12,121.53205108642578,106.57254791259766,0,0,0,0,0,0,0,0,0,0,0,1,1,1,1,1,1,0,0,0,0,0,0,0,0
2022-01-13 12:00:00+00:00,60,1,12,189.50852966308594,157.55084228515625,0,0,0,0,0,0,0,0,0,0,0,0,0,1,1,1,1,0,0,0,0,0,0,0,0
2022-01-13 12:00:00+00:00,60,1,12,52.02061080932617,3.3061113357543945,0,0,0,0,0,0,0,1,1,1,1,1,1,1,1,1,1,1,1,1,1,1,1,1,1
2022-01-13 12:00:00+00:00,60,1,12,41.66176986694336,12.287467956542969,0,0,0,0,0,0,1,1,1,1,1,1,1,1,1,1,1,0,1,1,1,1,1,1,1
2022-01-13 12:00:00+00:00,60,1,12,383.134765625,413.3212890625,0,0,0,0,0,0,0,0,0,0,0,0,0,0,0,0,0,0,0,0,0,0,0,0,0
2022-01-13 12:00:00+00:00,60,1,12,124.91799926757812,3.2186191082000732,0,0,0,0,0,0,0,0,0,0,0,1,1,1,1,1,1,1,1,1,1,1,1,1,1
2022-01-13 12:00:00+00:00,60,1,12,,,0,0,0,0,0,0,0,0,0,0,0,0,0,0,0,0,0,0,0,0,0,0,0,0,0
2022-01-13 12:00:00+00:00,60,1,12,95.10001373291016,77.23587799072266,0,0,0,0,0,0,0,0,0,1,1,1,1,1,1,1,1,0,0,0,0,0,0,0,0
2022-01-13 12:00:00+00:00,60,1,12,246.73524475097656,174.96873474121094,0,0,0,0,0,0,0,0,0,0,0,0,0,0,1,1,1,0,0,0,0,0,0,0,0
2022-01-13 12:00:00+00:00,60,1,12,,,0,0,0,0,0,0,0,0,0,0,0,0,0,0,0,0,0,0,0,0,0,0,0,0,0
2022-01-13 12:15:00+00:00,60,1,12,,152.257568359375,0,0,0,0,0,0,0,0,0,0,0,0,0,0,0,0,0,0,0,0,0,0,0,0,0
2022-01-13 12:15:00+00:00,60,1,12,263.8372802734375,179.7584686279297,0,0,0,0,0,0,0,0,0,0,0,0,0,0,0,1,1,0,0,0,0,0,0,0,0
2022-01-13 12:15:00+00:00,60,1,12,107.0633544921875,131.72262573242188,0,0,0,0,0,0,0,0,0,0,1,1,1,1,1,1,1,0,0,0,0,0,0,0,0
2022-01-13 12:15:00+00:00,60,1,12,132.8401641845703,172.5269775390625,0,0,0,0,0,0,0,0,0,0,0,1,1,1,1,1,1,0,0,0,0,0,0,0,0
2022-01-13 12:15:00+00:00,60,1,12,117.96637725830078,118.55237579345703,0,0,0,0,0,0,0,0,0,0,1,1,1,1,1,1,1,0,0,0,0,0,0,0,0
2022-01-13 12:15:00+00:00,60,1,12,,,0,0,0,0,0,0,0,0,0,0,0,0,0,0,0,0,0,0,0,0,0,0,0,0,0
2022-01-13 12:15:00+00:00,60,1,12,179.71810913085938,15.630760192871094,0,0,0,0,0,0,0,0,0,0,0,0,1,1,1,1,1,0,0,1,1,1,1,1,1
2022-01-13 12:15:00+00:00,60,1,12,,,0,0,0,0,0,0,0,0,0,0,0,0,0,0,0,0,0,0,0,0,0,0,0,0,0
2022-01-13 12:30:00+00:00,60,1,12,130.8522491455078,170.6554718017578,0,0,0,0,0,0,0,0,0,0,0,1,1,1,1,1,1,0,0,0,0,0,0,0,0
2022-01-13 12:30:00+00:00,60,1,12,433.9876403808594,,0,0,0,0,0,0,0,0,0,0,0,0,0,0,0,0,0,0,0,0,0,0,0,0,0
2022-01-13 12:30:00+00:00,60,1,12,445.4217834472656,,0,0,0,0,0,0,0,0,0,0,0,0,0,0,0,0,0,0,0,0,0,0,0,0,0
2022-01-13 12:30:00+00:00,60,1,12,124.9494857788086,113.5333480834961,0,0,0,0,0,0,0,0,0,0,0,1,1,1,1,1,1,0,0,0,0,0,0,0,0
2022-01-13 12:30:00+00:00,60,1,12,242.61024475097656,207.2783660888672,0,0,0,0,0,0,0,0,0,0,0,0,0,0,1,1,1,0,0,0,0,0,0,0,0
2022-01-13 12:30:00+00:00,60,1,12,174.5194549560547,327.4851379394531,0,0,0,0,0,0,0,0,0,0,0,0,1,1,1,1,1,0,0,0,0,0,0,0,0
2022-01-13 12:30:00+00:00,60,1,12,147.26211547851562,221.8355255126953,0,0,0,0,0,0,0,0,0,0,0,1,1,1,1,1,1,0,0,0,0,0,0,0,0
2022-01-13 12:30:00+00:00,60,1,12,92.44230651855469,107.30840301513672,0,0,0,0,0,0,0,0,0,1,1,1,1,1,1,1,1,0,0,0,0,0,0,0,0
2022-01-13 12:30:00+00:00,60,1,12,114.86875915527344,142.10208129882812,0,0,0,0,0,0,0,0,0,0,1,1,1,1,1,1,1,0,0,0,0,0,0,0,0
2022-01-13 12:45:00+00:00,60,1,12,162.92816162109375,132.88319396972656,0,0,0,0,0,0,0,0,0,0,0,0,1,1,1,1,1,0,0,0,0,0,0,0,0
2022-01-13 12:45:00+00:00,60,1,12,82.68452453613281,136.81600952148438,0,0,0,0,0,0,0,0,0,1,1,1,1,1,1,1,1,0,0,0,0,0,0,0,0
2022-01-13 12:45:00+00:00,60,1,12,81.32511138916016,29.18558120727539,0,0,0,0,0,0,0,0,0,1,1,1,1,1,1,1,1,0,0,0,0,1,1,1,1
2022-01-13 12:45:00+00:00,60,1,12,,,0,0,0,0,0,0,0,0,0,0,0,0,0,0,0,0,0,0,0,0,0,0,0,0,0
2022-01-13 12:45:00+00:00,60,1,12,257.55047607421875,137.8586883544922,0,0,0,0,0,0,0,0,0,0,0,0,0,0,0,1,1,0,0,0,0,0,0,0,0
2022-01-13 12:45:00+00:00,60,1,12,113.50410461425781,101.28565979003906,0,0,0,0,0,0,0,0,0,0,1,1,1,1,1,1,1,0,0,0,0,0,0,0,0
2022-01-13 12:45:00+00:00,60,1,12,78.17463684082031,117.17230224609375,0,0,0,0,0,0,0,0,1,1,1,1,1,1,1,1,1,0,0,0,0,0,0,0,0
2022-01-13 13:00:00+00:00,60,1,13,119.0960922241211,,0,0,0,0,0,0,0,0,0,0,1,1,1,1,1,1,1,0,0,0,0,0,0,0,0
2022-01-13 13:00:00+00:00,60,1,13,140.4197235107422,,0,0,0,0,0,0,0,0,0,0,0,1,1,1,1,1,1,0,0,0,0,0,0,0,0
2022-01-13 13:00:00+00:00,60,1,13,258.858154296875,233.77513122558594,0,0,0,0,0,0,0,0,0,0,0,0,0,0,0,1,1,0,0,0,0,0,0,0,0
2022-01-13 13:00:00+00:00,60,1,13,356.09246826171875,387.2122802734375,0,0,0,0,0,0,0,0,0,0,0,0,0,0,0,0,0,0,0,0,0,0,0,0,0
2022-01-13 13:00:00+00:00,60,1,13,208.86810302734375,182.95411682128906,0,0,0,0,0,0,0,0,0,0,0,0,0,0,1,1,1,0,0,0,0,0,0,0,0
2022-01-13 13:00:00+00:00,60,1,13,227.98846435546875,195.06149291992188,0,0,0,0,0,0,0,0,0,0,0,0,0,0,1,1,1,0,0,0,0,0,0,0,0
2022-01-13 13:00:00+00:00,60,1,13,72.35482788085938,146.10845947265625,0,0,0,0,0,0,0,0,1,1,1,1,1,1,1,1,1,0,0,0,0,0,0,0,0
2022-01-13 13:00:00+00:00,60,1,13,139.70404052734375,9.970303535461426,0,0,0,0,0,0,0,0,0,0,0,1,1,1,1,1,1,1,1,1,1,1,1,1,1
2022-01-13 13:00:00+00:00,60,1,13,,,0,0,0,0,0,0,0,0,0,0,0,0,0,0,0,0,0,0,0,0,0,0,0,0,0
2022-01-13 13:00:00+00:00,60,1,13,376.1879577636719,158.3782501220703,0,0,0,0,0,0,0,0,0,0,0,0,0,0,0,0,0,0,0,0,0,0,0,0,0
2022-01-13 13:00:00+00:00,60,1,13,,,0,0,0,0,0,0,0,0,0,0,0,0,0,0,0,0,0,0,0,0,0,0,0,0,0
2022-01-13 13:15:00+00:00,60,1,13,,,0,0,0,0,0,0,0,0,0,0,0,0,0,0,0,0,0,0,0,0,0,0,0,0,0
2022-01-13 13:15:00+00:00,60,1,13,143.99281311035156,154.48696899414062,0,0,0,0,0,0,0,0,0,0,0,1,1,1,1,1,1,0,0,0,0,0,0,0,0
2022-01-13 13:15:00+00:00,60,1,13,354.788330078125,179.0045928955078,0,0,0,0,0,0,0,0,0,0,0,0,0,0,0,0,0,0,0,0,0,0,0,0,0
2022-01-13 13:15:00+00:00,60,1,13,269.5166320800781,158.38690185546875,0,0,0,0,0,0,0,0,0,0,0,0,0,0,0,1,1,0,0,0,0,0,0,0,0
2022-01-13 13:15:00+00:00,60,1,13,196.0304718017578,164.29579162597656,0,0,0,0,0,0,0,0,0,0,0,0,0,1,1,1,1,0,0,0,0,0,0,0,0
2022-01-13 13:15:00+00:00,60,1,13,59.51308822631836,19.196313858032227,0,0,0,0,0,0,0,1,1,1,1,1,1,1,1,1,1,0,0,1,1,1,1,1,1
2022-01-13 13:15:00+00:00,60,1,13,45.46078109741211,0.0,0,0,0,0,0,0,1,1,1,1,1,1,1,1,1,1,1,1,1,1,1,1,1,1,1
2022-01-13 13:30:00+00:00,60,1,13,,,0,0,0,0,0,0,0,0,0,0,0,0,0,0,0,0,0,0,0,0,0,0,0,0,0
2022-01-13 13:30:00+00:00,60,1,13,71.79657745361328,31.874874114990234,0,0,0,0,0,0,0,0,1,1,1,1,1,1,1,1,1,0,0,0,0,0,1,1,1
2022-01-13 13:30:00+00:00,60,1,13,30.410356521606445,4.579517364501953,0,0,0,0,0,1,1,1,1,1,1,1,1,1,1,1,1,1,1,1,1,1,1,1,1
2022-01-13 13:30:00+00:00,60,1,13,157.14707946777344,141.93264770507812,0,0,0,0,0,0,0,0,0,0,0,0,1,1,1,1,1,0,0,0,0,0,0,0,0
2022-01-13 13:30:00+00:00,60,1,13,268.110107421875,286.01202392578125,0,0,0,0,0,0,0,0,0,0,0,0,0,0,0,1,1,0,0,0,0,0,0,0,0
2022-01-13 13:30:00+00:00,60,1,13,274.0591125488281,310.7683410644531,0,0,0,0,0,0,0,0,0,0,0,0,0,0,0,1,1,0,0,0,0,0,0,0,0
2022-01-13 13:30:00+00:00,60,1,13,94.23192596435547,119.39151763916016,0,0,0,0,0,0,0,0,0,1,1,1,1,1,1,1,1,0,0,0,0,0,0,0,0
2022-01-13 13:30:00+00:00,60,1,13,213.91981506347656,173.66049194335938,0,0,0,0,0,0,0,0,0,0,0,0,0,0,1,1,1,0,0,0,0,0,0,0,0
2022-01-13 13:45:00+00:00,60,1,13,219.17233276367188,,0,0,0,0,0,0,0,0,0,0,0,0,0,0,1,1,1,0,0,0,0,0,0,0,0
2022-01-13 13:45:00+00:00,60,1,13,225.4456024169922,225.60516357421875,0,0,0,0,0,0,0,0,0,0,0,0,0,0,1,1,1,0,0,0,0,0,0,0,0
2022-01-13 13:45:00+00:00,60,1,13,161.38848876953125,3.660330057144165,0,0,0,0,0,0,0,0,0,0,0,0,1,1,1,1,1,1,1,1,1,1,1,1,1
2022-01-13 13:45:00+00:00,60,1,13,92.26620483398438,188.14356994628906,0,0,0,0,0,0,0,0,0,1,1,1,1,1,1,1,1,0,0,0,0,0,0,0,0
2022-01-13 13:45:00+00:00,60,1,13,70.07001495361328,6.9832868576049805,0,0,0,0,0,0,0,0,1,1,1,1,1,1,1,1,1,1,1,1,1,1,1,1,1
2022-01-13 13:45:00+00:00,60,1,13,350.3170166015625,431.8498840332031,0,0,0,0,0,0,0,0,0,0,0,0,0,0,0,0,0,0,0,0,0,0,0,0,0
2022-01-13 13:45:00+00:00,60,1,13,191.74607849121094,165.41476440429688,0,0,0,0,0,0,0,0,0,0,0,0,0,1,1,1,1,0,0,0,0,0,0,0,0
2022-01-13 13:45:00+00:00,60,1,13,122.09336853027344,236.29037475585938,0,0,0,0,0,0,0,0,0,0,0,1,1,1,1,1,1,0,0,0,0,0,0,0,0
2022-01-13 14:00:00+00:00,60,1,14,103.94061279296875,250.6020050048828,0,0,0,0,0,0,0,0,0,0,1,1,1,1,1,1,1,0,0,0,0,0,0,0,0
2022-01-13 14:00:00+00:00,60,1,14,237.340576171875,428.34283447265625,0,0,0,0,0,0,0,0,0,0,0,0,0,0,1,1,1,0,0,0,0,0,0,0,0
2022-01-13 14:00:00+00:00,60,1,14,168.51084899902344,427.1315612792969,0,0,0,0,0,0,0,0,0,0,0,0,1,1,1,1,1,0,0,0,0,0,0,0,0
2022-01-13 14:00:00+00:00,60,1,14,195.51791381835938,205.1359100341797,0,0,0,0,0,0,0,0,0,0,0,0,0,1,1,1,1,0,0,0,0,0,0,0,0
2022-01-13 14:00:00+00:00,60,1,14,295.6881103515625,276.88946533203125,0,0,0,0,0,0,0,0,0,0,0,0,0,0,0,1,1,0,0,0,0,0,0,0,0
2022-01-13 14:00:00+00:00,60,1,14,87.30321502685547,0.0,0,0,0,0,0,0,0,0,0,1,1,1,1,1,1,1,1,1,1,1,1,1,1,1,1
2022-01-13 14:00:00+00:00,60,1,14,53.37129592895508,44.6138801574707,0,0,0,0,0,0,0,1,1,1,1,1,1,1,1,1,1,0,0,0,0,0,0,1,1
2022-01-13 14:15:00+00:00,60,1,14,227.2319793701172,359.029052734375,0,0,0,0,0,0,0,0,0,0,0,0,0,0,1,1,1,0,0,0,0,0,0,0,0
2022-01-13 14:15:00+00:00,60,1,14,167.9974822998047,364.44171142578125,0,0,0,0,0,0,0,0,0,0,0,0,1,1,1,1,1,0,0,0,0,0,0,0,0
2022-01-13 14:15:00+00:00,60,1,14,179.1658935546875,419.78338623046875,0,0,0,0,0,0,0,0,0,0,0,0,1,1,1,1,1,0,0,0,0,0,0,0,0
2022-01-13 14:15:00+00:00,60,1,14,463.1005554199219,419.27362060546875,0,0,0,0,0,0,0,0,0,0,0,0,0,0,0,0,0,0,0,0,0,0,0,0,0
2022-01-13 14:15:00+00:00,60,1,14,385.1815185546875,322.3810119628906,0,0,0,0,0,0,0,0,0,0,0,0,0,0,0,0,0,0,0,0,0,0,0,0,0
2022-01-13 14:15:00+00:00,60,1,14,333.6702575683594,265.74847412109375,0,0,0,0,0,0,0,0,0,0,0,0,0,0,0,0,1,0,0,0,0,0,0,0,0
2022-01-13 14:15:00+00:00,60,1,14,123.07674407958984,125.37120056152344,0,0,0,0,0,0,0,0,0,0,0,1,1,1,1,1,1,0,0,0,0,0,0,0,0
2022-01-13 14:15:00+00:00,60,1,14,214.29486083984375,200.06671142578125,0,0,0,0,0,0,0,0,0,0,0,0,0,0,1,1,1,0,0,0,0,0,0,0,0
2022-01-13 14:15:00+00:00,60,1,14,161.18955993652344,179.56808471679688,0,0,0,0,0,0,0,0,0,0,0,0,1,1,1,1,1,0,0,0,0,0,0,0,0
2022-01-13 14:15:00+00:00,60,1,14,169.8443603515625,17.97842025756836,0,0,0,0,0,0,0,0,0,0,0,0,1,1,1,1,1,0,0,1,1,1,1,1,1
2022-01-13 14:15:00+00:00,60,1,14,80.46395874023438,77.78331756591797,0,0,0,0,0,0,0,0,0,1,1,1,1,1,1,1,1,0,0,0,0,0,0,0,0
2022-01-13 14:15:00+00:00,60,1,14,,,0,0,0,0,0,0,0,0,0,0,0,0,0,0,0,0,0,0,0,0,0,0,0,0,0
2022-01-13 14:15:00+00:00,60,1,14,107.9522476196289,127.5865707397461,0,0,0,0,0,0,0,0,0,0,1,1,1,1,1,1,1,0,0,0,0,0,0,0,0
2022-01-13 14:15:00+00:00,60,1,14,135.6267547607422,208.86688232421875,0,0,0,0,0,0,0,0,0,0,0,1,1,1,1,1,1,0,0,0,0,0,0,0,0
2022-01-13 14:30:00+00:00,60,1,14,323.8013610839844,272.0478820800781,0,0,0,0,0,0,0,0,0,0,0,0,0,0,0,0,1,0,0,0,0,0,0,0,0
2022-01-13 14:30:00+00:00,60,1,14,245.4803009033203,48.219722747802734,0,0,0,0,0,0,0,0,0,0,0,0,0,0,1,1,1,0,0,0,0,0,0,1,1
2022-01-13 14:30:00+00:00,60,1,14,125.61557006835938,199.1497344970703,0,0,0,0,0,0,0,0,0,0,0,1,1,1,1,1,1,0,0,0,0,0,0,0,0
2022-01-13 14:30:00+00:00,60,1,14,109.53115844726562,271.8768310546875,0,0,0,0,0,0,0,0,0,0,1,1,1,1,1,1,1,0,0,0,0,0,0,0,0
2022-01-13 14:30:00+00:00,60,1,14,,415.1988525390625,0,0,0,0,0,0,0,0,0,0,0,0,0,0,0,0,0,0,0,0,0,0,0,0,0
2022-01-13 14:30:00+00:00,60,1,14,357.5729064941406,300.2369384765625,0,0,0,0,0,0,0,0,0,0,0,0,0,0,0,0,0,0,0,0,0,0,0,0,0
2022-01-13 14:45:00+00:00,60,1,14,430.10284423828125,322.5725402832031,0,0,0,0,0,0,0,0,0,0,0,0,0,0,0,0,0,0,0,0,0,0,0,0,0
2022-01-13 14:45:00+00:00,60,1,14,41.09319305419922,0.0,0,0,0,0,0,0,1,1,1,1,1,1,1,1,1,1,1,1,1,1,1,1,1,1,1
2022-01-13 14:45:00+00:00,60,1,14,257.09564208984375,315.5668640136719,0,0,0,0,0,0,0,0,0,0,0,0,0,0,0,1,1,0,0,0,0,0,0,0,0
2022-01-13 14:45:00+00:00,60,1,14,,,0,0,0,0,0,0,0,0,0,0,0,0,0,0,0,0,0,0,0,0,0,0,0,0,0
2022-01-13 15:00:00+00:00,60,1,15,272.0340576171875,297.08905029296875,0,0,0,0,0,0,0,0,0,0,0,0,0,0,0,1,1,0,0,0,0,0,0,0,0
2022-01-13 15:00:00+00:00,60,1,15,77.55592346191406,41.13247299194336,0,0,0,0,0,0,0,0,1,1,1,1,1,1,1,1,1,0,0,0,0,0,0,1,1
2022-01-13 15:00:00+00:00,60,1,15,53.666194915771484,25.274755477905273,0,0,0,0,0,0,0,1,1,1,1,1,1,1,1,1,1,0,0,0,0,1,1,1,1
2022-01-13 15:00:00+00:00,60,1,15,261.1460876464844,17.830760955810547,0,0,0,0,0,0,0,0,0,0,0,0,0,0,0,1,1,0,0,1,1,1,1,1,1
2022-01-13 15:00:00+00:00,60,1,15,328.2410888671875,20.320661544799805,0,0,0,0,0,0,0,0,0,0,0,0,0,0,0,0,1,0,0,0,1,1,1,1,1
2022-01-13 15:00:00+00:00,60,1,15,,,0,0,0,0,0,0,0,0,0,0,0,0,0,0,0,0,0,0,0,0,0,0,0,0,0
2022-01-13 15:15:00+00:00,60,1,15,374.7876892089844,382.3833923339844,0,0,0,0,0,0,0,0,0,0,0,0,0,0,0,0,0,0,0,0,0,0,0,0,0
2022-01-13 15:15:00+00:00,60,1,15,77.92090606689453,39.23646545410156,0,0,0,0,0,0,0,0,1,1,1,1,1,1,1,1,1,0,0,0,0,0,1,1,1
2022-01-13 15:15:00+00:00,60,1,15,101.7697525024414,99.82891845703125,0,0,0,0,0,0,0,0,0,0,1,1,1,1,1,1,1,0,0,0,0,0,0,0,0
2022-01-13 15:15:00+00:00,60,1,15,132.98477172851562,25.938566207885742,0,0,0,0,0,0,0,0,0,0,0,1,1,1,1,1,1,0,0,0,0,1,1,1,1
2022-01-13 15:15:00+00:00,60,1,15,75.16265106201172,46.649497985839844,0,0,0,0,0,0,0,0,1,1,1,1,1,1,1,1,1,0,0,0,0,0,0,1,1
2022-01-13 15:15:00+00:00,60,1,15,180.56277465820312,222.64117431640625,0,0,0,0,0,0,0,0,0,0,0,0,0,1,1,1,1,0,0,0,0,0,0,0,0
2022-01-13 15:15:00+00:00,60,1,15,91.45285034179688,4.9667181968688965,0,0,0,0,0,0,0,0,0,1,1,1,1,1,1,1,1,1,1,1,1,1,1,1,1
2022-01-13 15:15:00+00:00,60,1,15,222.38449096679688,25.238222122192383,0,0,0,0,0,0,0,0,0,0,0,0,0,0,1,1,1,0,0,0,0,1,1,1,1
2022-01-13 15:15:00+00:00,60,1,15,321.645751953125,331.81378173828125,0,0,0,0,0,0,0,0,0,0,0,0,0,0,0,0,1,0,0,0,0,0,0,0,0
2022-01-13 15:15:00+00:00,60,1,15,349.00042724609375,,0,0,0,0,0,0,0,0,0,0,0,0,0,0,0,0,1,0,0,0,0,0,0,0,0
2022-01-13 15:15:00+00:00,60,1,15,63.765132904052734,3.033616542816162,0,0,0,0,0,0,0,0,1,1,1,1,1,1,1,1,1,1,1,1,1,1,1,1,1
2022-01-13 15:15:00+00:00,60,1,15,,,0,0,0,0,0,0,0,0,0,0,0,0,0,0,0,0,0,0,0,0,0,0,0,0,0
2022-01-13 15:30:00+00:00,60,1,15,245.70858764648438,246.23904418945312,0,0,0,0,0,0,0,0,0,0,0,0,0,0,1,1,1,0,0,0,0,0,0,0,0
2022-01-13 15:30:00+00:00,60,1,15,286.83502197265625,28.797344207763672,0,0,0,0,0,0,0,0,0,0,0,0,0,0,0,1,1,0,0,0,0,1,1,1,1
2022-01-13 15:30:00+00:00,60,1,15,329.1238708496094,14.042362213134766,0,0,0,0,0,0,0,0,0,0,0,0,0,0,0,0,1,0,1,1,1,1,1,1,1
2022-01-13 15:45:00+00:00,60,1,15,255.9772186279297,288.00579833984375,0,0,0,0,0,0,0,0,0,0,0,0,0,0,0,1,1,0,0,0,0,0,0,0,0
2022-01-13 15:45:00+00:00,60,1,15,109.94612121582031,109.04561614990234,0,0,0,0,0,0,0,0,0,0,1,1,1,1,1,1,1,0,0,0,0,0,0,0,0
2022-01-13 15:45:00+00:00,60,1,15,73.73160552978516,140.99935913085938,0,0,0,0,0,0,0,0,1,1,1,1,1,1,1,1,1,0,0,0,0,0,0,0,0
2022-01-13 16:00:00+00:00,60,1,16,198.08779907226562,,0,0,0,0,0,0,0,0,0,0,0,0,0,1,1,1,1,0,0,0,0,0,0,0,0
2022-01-13 16:00:00+00:00,60,1,16,329.3150634765625,,0,0,0,0,0,0,0,0,0,0,0,0,0,0,0,0,1,0,0,0,0,0,0,0,0
2022-01-13 16:00:00+00:00,60,1,16,247.4431610107422,235.036376953125,0,0,0,0,0,0,0,0,0,0,0,0,0,0,1,1,1,0,0,0,0,0,0,0,0
2022-01-13 16:00:00+00:00,60,1,16,138.57273864746094,388.5569763183594,0,0,0,0,0,0,0,0,0,0,0,1,1,1,1,1,1,0,0,0,0,0,0,0,0
2022-01-13 16:00:00+00:00,60,1,16,43.125675201416016,90.06598663330078,0,0,0,0,0,0,1,1,1,1,1,1,1,1,1,1,1,0,0,0,0,0,0,0,0
2022-01-13 16:00:00+00:00,60,1,16,,168.81895446777344,0,0,0,0,0,0,0,0,0,0,0,0,0,0,0,0,0,0,0,0,0,0,0,0,0
2022-01-13 16:15:00+00:00,60,1,16,411.1024475097656,,0,0,0,0,0,0,0,0,0,0,0,0,0,0,0,0,0,0,0,0,0,0,0,0,0
2022-01-13 16:15:00+00:00,60,1,16,,,0,0,0,0,0,0,0,0,0,0,0,0,0,0,0,0,0,0,0,0,0,0,0,0,0
2022-01-13 16:15:00+00:00,60,1,16,327.3184814453125,317.4393005371094,0,0,0,0,0,0,0,0,0,0,0,0,0,0,0,0,1,0,0,0,0,0,0,0,0
2022-01-13 16:15:00+00:00,60,1,16,,,0,0,0,0,0,0,0,0,0,0,0,0,0,0,0,0,0,0,0,0,0,0,0,0,0
2022-01-13 16:30:00+00:00,60,1,16,469.5242919921875,,0,0,0,0,0,0,0,0,0,0,0,0,0,0,0,0,0,0,0,0,0,0,0,0,0
2022-01-13 16:30:00+00:00,60,1,16,,,0,0,0,0,0,0,0,0,0,0,0,0,0,0,0,0,0,0,0,0,0,0,0,0,0
2022-01-13 16:30:00+00:00,60,1,16,364.23748779296875,,0,0,0,0,0,0,0,0,0,0,0,0,0,0,0,0,0,0,0,0,0,0,0,0,0
2022-01-13 16:30:00+00:00,60,1,16,333.6590881347656,375.43310546875,0,0,0,0,0,0,0,0,0,0,0,0,0,0,0,0,1,0,0,0,0,0,0,0,0
2022-01-13 16:30:00+00:00,60,1,16,292.0646057128906,340.08538818359375,0,0,0,0,0,0,0,0,0,0,0,0,0,0,0,1,1,0,0,0,0,0,0,0,0
2022-01-13 16:30:00+00:00,60,1,16,321.46124267578125,347.65191650390625,0,0,0,0,0,0,0,0,0,0,0,0,0,0,0,0,1,0,0,0,0,0,0,0,0
2022-01-13 16:30:00+00:00,60,1,16,303.614990234375,,0,0,0,0,0,0,0,0,0,0,0,0,0,0,0,0,1,0,0,0,0,0,0,0,0
2022-01-13 16:30:00+00:00,60,1,16,387.4909973144531,,0,0,0,0,0,0,0,0,0,0,0,0,0,0,0,0,0,0,0,0,0,0,0,0,0
2022-01-13 16:30:00+00:00,60,1,16,145.762939453125,167.26087951660156,0,0,0,0,0,0,0,0,0,0,0,1,1,1,1,1,1,0,0,0,0,0,0,0,0
2022-01-13 16:45:00+00:00,60,1,16,80.43714904785156,300.755615234375,0,0,0,0,0,0,0,0,0,1,1,1,1,1,1,1,1,0,0,0,0,0,0,0,0
2022-01-13 16:45:00+00:00,60,1,16,120.00016021728516,84.48661804199219,0,0,0,0,0,0,0,0,0,0,0,1,1,1,1,1,1,0,0,0,0,0,0,0,0
2022-01-13 16:45:00+00:00,60,1,16,86.3725357055664,,0,0,0,0,0,0,0,0,0,1,1,1,1,1,1,1,1,0,0,0,0,0,0,0,0
2022-01-13 17:00:00+00:00,60,1,17,,,0,0,0,0,0,0,0,0,0,0,0,0,0,0,0,0,0,0,0,0,0,0,0,0,0
2022-01-13 17:00:00+00:00,60,1,17,168.8677215576172,153.13092041015625,0,0,0,0,0,0,0,0,0,0,0,0,1,1,1,1,1,0,0,0,0,0,0,0,0
2022-01-13 17:15:00+00:00,60,1,17,65.11051940917969,3.698693037033081,0,0,0,0,0,0,0,0,1,1,1,1,1,1,1,1,1,1,1,1,1,1,1,1,1
2022-01-13 17:15:00+00:00,60,1,17,337.80670166015625,358.86029052734375,0,0,0,0,0,0,0,0,0,0,0,0,0,0,0,0,1,0,0,0,0,0,0,0,0
2022-01-13 17:30:00+00:00,60,1,17,221.2998504638672,236.880615234375,0,0,0,0,0,0,0,0,0,0,0,0,0,0,1,1,1,0,0,0,0,0,0,0,0
2022-01-13 17:30:00+00:00,60,1,17,366.9991149902344,108.94103240966797,0,0,0,0,0,0,0,0,0,0,0,0,0,0,0,0,0,0,0,0,0,0,0,0,0
2022-01-13 17:30:00+00:00,60,1,17,259.6596984863281,290.3971862792969,0,0,0,0,0,0,0,0,0,0,0,0,0,0,0,1,1,0,0,0,0,0,0,0,0
2022-01-13 17:30:00+00:00,60,1,17,83.72964477539062,3.0911755561828613,0,0,0,0,0,0,0,0,0,1,1,1,1,1,1,1,1,1,1,1,1,1,1,1,1
2022-01-13 17:30:00+00:00,60,1,17,,421.11676025390625,0,0,0,0,0,0,0,0,0,0,0,0,0,0,0,0,0,0,0,0,0,0,0,0,0
2022-01-13 17:30:00+00:00,60,1,17,234.480712890625,235.10301208496094,0,0,0,0,0,0,0,0,0,0,0,0,0,0,1,1,1,0,0,0,0,0,0,0,0
2022-01-13 17:45:00+00:00,60,1,17,,,0,0,0,0,0,0,0,0,0,0,0,0,0,0,0,0,0,0,0,0,0,0,0,0,0
2022-01-13 17:45:00+00:00,60,1,17,262.2684631347656,270.0675964355469,0,0,0,0,0,0,0,0,0,0,0,0,0,0,0,1,1,0,0,0,0,0,0,0,0
2022-01-13 17:45:00+00:00,60,1,17,211.37451171875,213.93040466308594,0,0,0,0,0,0,0,0,0,0,0,0,0,0,1,1,1,0,0,0,0,0,0,0,0
2022-01-13 17:45:00+00:00,60,1,17,,,0,0,0,0,0,0,0,0,0,0,0,0,0,0,0,0,0,0,0,0,0,0,0,0,0
2022-01-14 10:00:00+00:00,60,1,10,,,0,0,0,0,0,0,0,0,0,0,0,0,0,0,0,0,0,0,0,0,0,0,0,0,0
2022-01-14 10:00:00+00:00,60,1,10,,441.3143310546875,0,0,0,0,0,0,0,0,0,0,0,0,0,0,0,0,0,0,0,0,0,0,0,0,0
2022-01-14 10:00:00+00:00,60,1,10,426.2648620605469,320.4856872558594,0,0,0,0,0,0,0,0,0,0,0,0,0,0,0,0,0,0,0,0,0,0,0,0,0
2022-01-14 10:00:00+00:00,60,1,10,,335.4007568359375,0,0,0,0,0,0,0,0,0,0,0,0,0,0,0,0,0,0,0,0,0,0,0,0,0
2022-01-14 10:00:00+00:00,60,1,10,733.5865478515625,204.69000244140625,0,0,0,0,0,0,0,0,0,0,0,0,0,0,0,0,0,0,0,0,0,0,0,0,0
2022-01-14 10:00:00+00:00,60,1,10,262.2213439941406,195.67581176757812,0,0,0,0,0,0,0,0,0,0,0,0,0,0,0,1,1,0,0,0,0,0,0,0,0
2022-01-14 10:00:00+00:00,60,1,10,477.62896728515625,284.314208984375,0,0,0,0,0,0,0,0,0,0,0,0,0,0,0,0,0,0,0,0,0,0,0,0,0
2022-01-14 10:00:00+00:00,60,1,10,263.7438049316406,122.85395050048828,0,0,0,0,0,0,0,0,0,0,0,0,0,0,0,1,1,0,0,0,0,0,0,0,0
2022-01-14 10:00:00+00:00,60,1,10,55.2110710144043,32.640830993652344,0,0,0,0,0,0,0,1,1,1,1,1,1,1,1,1,1,0,0,0,0,0,1,1,1
2022-01-14 10:00:00+00:00,60,1,10,109.5910873413086,11.211715698242188,0,0,0,0,0,0,0,0,0,0,1,1,1,1,1,1,1,0,1,1,1,1,1,1,1
2022-01-14 10:00:00+00:00,60,1,10,247.4878692626953,246.03013610839844,0,0,0,0,0,0,0,0,0,0,0,0,0,0,1,1,1,0,0,0,0,0,0,0,0
2022-01-14 10:00:00+00:00,60,1,10,267.8012390136719,91.31591033935547,0,0,0,0,0,0,0,0,0,0,0,0,0,0,0,1,1,0,0,0,0,0,0,0,0
2022-01-14 10:00:00+00:00,60,1,10,129.3445587158203,114.35859680175781,0,0,0,0,0,0,0,0,0,0,0,1,1,1,1,1,1,0,0,0,0,0,0,0,0
2022-01-14 10:00:00+00:00,60,1,10,145.96878051757812,0.0,0,0,0,0,0,0,0,0,0,0,0,1,1,1,1,1,1,1,1,1,1,1,1,1,1
2022-01-14 10:00:00+00:00,60,1,10,,108.15152740478516,0,0,0,0,0,0,0,0,0,0,0,0,0,0,0,0,0,0,0,0,0,0,0,0,0
2022-01-14 10:00:00+00:00,60,1,10,,82.55607604980469,0,0,0,0,0,0,0,0,0,0,0,0,0,0,0,0,0,0,0,0,0,0,0,0,0
2022-01-14 10:00:00+00:00,60,1,10,274.7115173339844,308.8006591796875,0,0,0,0,0,0,0,0,0,0,0,0,0,0,0,1,1,0,0,0,0,0,0,0,0
2022-01-14 10:00:00+00:00,60,1,10,,,0,0,0,0,0,0,0,0,0,0,0,0,0,0,0,0,0,0,0,0,0,0,0,0,0
2022-01-14 10:15:00+00:00,60,1,10,,,0,0,0,0,0,0,0,0,0,0,0,0,0,0,0,0,0,0,0,0,0,0,0,0,0
2022-01-14 10:15:00+00:00,60,1,10,,571.6011352539062,0,0,0,0,0,0,0,0,0,0,0,0,0,0,0,0,0,0,0,0,0,0,0,0,0
2022-01-14 10:15:00+00:00,60,1,10,318.7153015136719,215.49269104003906,0,0,0,0,0,0,0,0,0,0,0,0,0,0,0,0,1,0,0,0,0,0,0,0,0
2022-01-14 10:15:00+00:00,60,1,10,423.0447998046875,252.5434112548828,0,0,0,0,0,0,0,0,0,0,0,0,0,0,0,0,0,0,0,0,0,0,0,0,0
2022-01-14 10:15:00+00:00,60,1,10,304.41357421875,170.61834716796875,0,0,0,0,0,0,0,0,0,0,0,0,0,0,0,0,1,0,0,0,0,0,0,0,0
2022-01-14 10:15:00+00:00,60,1,10,257.584228515625,135.16525268554688,0,0,0,0,0,0,0,0,0,0,0,0,0,0,0,1,1,0,0,0,0,0,0,0,0
2022-01-14 10:15:00+00:00,60,1,10,,198.5009002685547,0,0,0,0,0,0,0,0,0,0,0,0,0,0,0,0,0,0,0,0,0,0,0,0,0
2022-01-14 10:15:00+00:00,60,1,10,,57.661678314208984,0,0,0,0,0,0,0,0,0,0,0,0,0,0,0,0,0,0,0,0,0,0,0,0,1
2022-01-14 10:15:00+00:00,60,1,10,343.5785217285156,301.6929016113281,0,0,0,0,0,0,0,0,0,0,0,0,0,0,0,0,1,0,0,0,0,0,0,0,0
2022-01-14 10:15:00+00:00,60,1,10,,,0,0,0,0,0,0,0,0,0,0,0,0,0,0,0,0,0,0,0,0,0,0,0,0,0
2022-01-14 10:30:00+00:00,60,1,10,,,0,0,0,0,0,0,0,0,0,0,0,0,0,0,0,0,0,0,0,0,0,0,0,0,0
2022-01-14 10:30:00+00:00,60,1,10,,,0,0,0,0,0,0,0,0,0,0,0,0,0,0,0,0,0,0,0,0,0,0,0,0,0
2022-01-14 10:30:00+00:00,60,1,10,476.6034851074219,478.44342041015625,0,0,0,0,0,0,0,0,0,0,0,0,0,0,0,0,0,0,0,0,0,0,0,0,0
2022-01-14 10:30:00+00:00,60,1,10,178.1949462890625,171.5803985595703,0,0,0,0,0,0,0,0,0,0,0,0,1,1,1,1,1,0,0,0,0,0,0,0,0
2022-01-14 10:30:00+00:00,60,1,10,57.34096908569336,7.075857162475586,0,0,0,0,0,0,0,1,1,1,1,1,1,1,1,1,1,1,1,1,1,1,1,1,1
2022-01-14 10:30:00+00:00,60,1,10,506.0260314941406,164.3099365234375,0,0,0,0,0,0,0,0,0,0,0,0,0,0,0,0,0,0,0,0,0,0,0,0,0
2022-01-14 10:30:00+00:00,60,1,10,136.6112060546875,99.28356170654297,0,0,0,0,0,0,0,0,0,0,0,1,1,1,1,1,1,0,0,0,0,0,0,0,0
2022-01-14 10:30:00+00:00,60,1,10,325.31427001953125,262.72882080078125,0,0,0,0,0,0,0,0,0,0,0,0,0,0,0,0,1,0,0,0,0,0,0,0,0
2022-01-14 10:30:00+00:00,60,1,10,46.52824783325195,0.0,0,0,0,0,0,0,1,1,1,1,1,1,1,1,1,1,1,1,1,1,1,1,1,1,1
2022-01-14 10:30:00+00:00,60,1,10,79.72785949707031,12.113795280456543,0,0,0,0,0,0,0,0,1,1,1,1,1,1,1,1,1,0,1,1,1,1,1,1,1
2022-01-14 10:30:00+00:00,60,1,10,232.01123046875,174.8721466064453,0,0,0,0,0,0,0,0,0,0,0,0,0,0,1,1,1,0,0,0,0,0,0,0,0
2022-01-14 10:45:00+00:00,60,1,10,,,0,0,0,0,0,0,0,0,0,0,0,0,0,0,0,0,0,0,0,0,0,0,0,0,0
2022-01-14 10:45:00+00:00,60,1,10,,377.1097717285156,0,0,0,0,0,0,0,0,0,0,0,0,0,0,0,0,0,0,0,0,0,0,0,0,0
2022-01-14 10:45:00+00:00,60,1,10,388.4361572265625,184.68392944335938,0,0,0,0,0,0,0,0,0,0,0,0,0,0,0,0,0,0,0,0,0,0,0,0,0
2022-01-14 10:45:00+00:00,60,1,10,173.68466186523438,161.20069885253906,0,0,0,0,0,0,0,0,0,0,0,0,1,1,1,1,1,0,0,0,0,0,0,0,0
2022-01-14 10:45:00+00:00,60,1,10,394.7391357421875,418.857666015625,0,0,0,0,0,0,0,0,0,0,0,0,0,0,0,0,0,0,0,0,0,0,0,0,0
2022-01-14 10:45:00+00:00,60,1,10,239.34725952148438,236.84909057617188,0,0,0,0,0,0,0,0,0,0,0,0,0,0,1,1,1,0,0,0,0,0,0,0,0
2022-01-14 10:45:00+00:00,60,1,10,342.2119140625,302.850830078125,0,0,0,0,0,0,0,0,0,0,0,0,0,0,0,0,1,0,0,0,0,0,0,0,0
2022-01-14 10:45:00+00:00,60,1,10,133.99449157714844,78.6363754272461,0,0,0,0,0,0,0,0,0,0,0,1,1,1,1,1,1,0,0,0,0,0,0,0,0
2022-01-14 10:45:00+00:00,60,1,10,221.56097412109375,143.5863800048828,0,0,0,0,0,0,0,0,0,0,0,0,0,0,1,1,1,0,0,0,0,0,0,0,0
2022-01-14 10:45:00+00:00,60,1,10,328.1776428222656,160.0471954345703,0,0,0,0,0,0,0,0,0,0,0,0,0,0,0,0,1,0,0,0,0,0,0,0,0
2022-01-14 10:45:00+00:00,60,1,10,304.01983642578125,102.54331970214844,0,0,0,0,0,0,0,0,0,0,0,0,0,0,0,0,1,0,0,0,0,0,0,0,0
2022-01-14 10:45:00+00:00,60,1,10,351.7541809082031,108.80369567871094,0,0,0,0,0,0,0,0,0,0,0,0,0,0,0,0,0,0,0,0,0,0,0,0,0
2022-01-14 10:45:00+00:00,60,1,10,165.11927795410156,232.86325073242188,0,0,0,0,0,0,0,0,0,0,0,0,1,1,1,1,1,0,0,0,0,0,0,0,0
2022-01-14 10:45:00+00:00,60,1,10,418.90545654296875,82.13475799560547,0,0,0,0,0,0,0,0,0,0,0,0,0,0,0,0,0,0,0,0,0,0,0,0,0
2022-01-14 10:45:00+00:00,60,1,10,198.61550903320312,203.9613037109375,0,0,0,0,0,0,0,0,0,0,0,0,0,1,1,1,1,0,0,0,0,0,0,0,0
2022-01-14 10:45:00+00:00,60,1,10,187.32693481445312,208.01100158691406,0,0,0,0,0,0,0,0,0,0,0,0,0,1,1,1,1,0,0,0,0,0,0,0,0
2022-01-14 10:45:00+00:00,60,1,10,474.5026550292969,470.1636047363281,0,0,0,0,0,0,0,0,0,0,0,0,0,0,0,0,0,0,0,0,0,0,0,0,0
2022-01-14 10:45:00+00:00,60,1,10,,,0,0,0,0,0,0,0,0,0,0,0,0,0,0,0,0,0,0,0,0,0,0,0,0,0
2022-01-14 11:00:00+00:00,60,1,11,,29.598886489868164,0,0,0,0,0,0,0,0,0,0,0,0,0,0,0,0,0,0,0,0,0,1,1,1,1
2022-01-14 11:00:00+00:00,60,1,11,,295.0517883300781,0,0,0,0,0,0,0,0,0,0,0,0,0,0,0,0,0,0,0,0,0,0,0,0,0
2022-01-14 11:00:00+00:00,60,1,11,,,0,0,0,0,0,0,0,0,0,0,0,0,0,0,0,0,0,0,0,0,0,0,0,0,0
2022-01-14 11:00:00+00:00,60,1,11,583.9837036132812,333.1584167480469,0,0,0,0,0,0,0,0,0,0,0,0,0,0,0,0,0,0,0,0,0,0,0,0,0
2022-01-14 11:00:00+00:00,60,1,11,349.6319580078125,261.9031982421875,0,0,0,0,0,0,0,0,0,0,0,0,0,0,0,0,1,0,0,0,0,0,0,0,0
2022-01-14 11:00:00+00:00,60,1,11,326.4692077636719,327.4586486816406,0,0,0,0,0,0,0,0,0,0,0,0,0,0,0,0,1,0,0,0,0,0,0,0,0
2022-01-14 11:00:00+00:00,60,1,11,173.88905334472656,230.92897033691406,0,0,0,0,0,0,0,0,0,0,0,0,1,1,1,1,1,0,0,0,0,0,0,0,0
2022-01-14 11:00:00+00:00,60,1,11,251.8261260986328,259.9688720703125,0,0,0,0,0,0,0,0,0,0,0,0,0,0,0,1,1,0,0,0,0,0,0,0,0
2022-01-14 11:00:00+00:00,60,1,11,203.61370849609375,90.75951385498047,0,0,0,0,0,0,0,0,0,0,0,0,0,0,1,1,1,0,0,0,0,0,0,0,0
2022-01-14 11:00:00+00:00,60,1,11,187.12545776367188,81.69451904296875,0,0,0,0,0,0,0,0,0,0,0,0,0,1,1,1,1,0,0,0,0,0,0,0,0
2022-01-14 11:00:00+00:00,60,1,11,296.7945251464844,128.1141357421875,0,0,0,0,0,0,0,0,0,0,0,0,0,0,0,1,1,0,0,0,0,0,0,0,0
2022-01-14 11:00:00+00:00,60,1,11,171.19273376464844,159.40093994140625,0,0,0,0,0,0,0,0,0,0,0,0,1,1,1,1,1,0,0,0,0,0,0,0,0
2022-01-14 11:00:00+00:00,60,1,11,,,0,0,0,0,0,0,0,0,0,0,0,0,0,0,0,0,0,0,0,0,0,0,0,0,0
2022-01-14 11:00:00+00:00,60,1,11,98.83815002441406,49.7277946472168,0,0,0,0,0,0,0,0,0,1,1,1,1,1,1,1,1,0,0,0,0,0,0,1,1
2022-01-14 11:00:00+00:00,60,1,11,61.68245315551758,54.84406661987305,0,0,0,0,0,0,0,0,1,1,1,1,1,1,1,1,1,0,0,0,0,0,0,0,1
2022-01-14 11:00:00+00:00,60,1,11,,,0,0,0,0,0,0,0,0,0,0,0,0,0,0,0,0,0,0,0,0,0,0,0,0,0
2022-01-14 11:00:00+00:00,60,1,11,386.15802001953125,200.26547241210938,0,0,0,0,0,0,0,0,0,0,0,0,0,0,0,0,0,0,0,0,0,0,0,0,0
2022-01-14 11:00:00+00:00,60,1,11,,244.05638122558594,0,0,0,0,0,0,0,0,0,0,0,0,0,0,0,0,0,0,0,0,0,0,0,0,0
2022-01-14 11:00:00+00:00,60,1,11,,242.8634490966797,0,0,0,0,0,0,0,0,0,0,0,0,0,0,0,0,0,0,0,0,0,0,0,0,0
2022-01-14 11:00:00+00:00,60,1,11,,,0,0,0,0,0,0,0,0,0,0,0,0,0,0,0,0,0,0,0,0,0,0,0,0,0
2022-01-14 11:15:00+00:00,60,1,11,,488.12188720703125,0,0,0,0,0,0,0,0,0,0,0,0,0,0,0,0,0,0,0,0,0,0,0,0,0
2022-01-14 11:15:00+00:00,60,1,11,501.74725341796875,325.6717224121094,0,0,0,0,0,0,0,0,0,0,0,0,0,0,0,0,0,0,0,0,0,0,0,0,0
2022-01-14 11:15:00+00:00,60,1,11,71.24217987060547,11.742069244384766,0,0,0,0,0,0,0,0,1,1,1,1,1,1,1,1,1,0,1,1,1,1,1,1,1
2022-01-14 11:15:00+00:00,60,1,11,224.16908264160156,197.2891082763672,0,0,0,0,0,0,0,0,0,0,0,0,0,0,1,1,1,0,0,0,0,0,0,0,0
2022-01-14 11:15:00+00:00,60,1,11,,,0,0,0,0,0,0,0,0,0,0,0,0,0,0,0,0,0,0,0,0,0,0,0,0,0
2022-01-14 11:15:00+00:00,60,1,11,274.91253662109375,141.73744201660156,0,0,0,0,0,0,0,0,0,0,0,0,0,0,0,1,1,0,0,0,0,0,0,0,0
2022-01-14 11:15:00+00:00,60,1,11,387.76495361328125,33.97396469116211,0,0,0,0,0,0,0,0,0,0,0,0,0,0,0,0,0,0,0,0,0,0,1,1,1
2022-01-14 11:15:00+00:00,60,1,11,192.18650817871094,186.640625,0,0,0,0,0,0,0,0,0,0,0,0,0,1,1,1,1,0,0,0,0,0,0,0,0
2022-01-14 11:15:00+00:00,60,1,11,,,0,0,0,0,0,0,0,0,0,0,0,0,0,0,0,0,0,0,0,0,0,0,0,0,0
2022-01-14 11:15:00+00:00,60,1,11,149.35069274902344,188.0087890625,0,0,0,0,0,0,0,0,0,0,0,1,1,1,1,1,1,0,0,0,0,0,0,0,0
2022-01-14 11:15:00+00:00,60,1,11,254.14291381835938,126.54769897460938,0,0,0,0,0,0,0,0,0,0,0,0,0,0,0,1,1,0,0,0,0,0,0,0,0
2022-01-14 11:15:00+00:00,60,1,11,502.9640197753906,379.0273132324219,0,0,0,0,0,0,0,0,0,0,0,0,0,0,0,0,0,0,0,0,0,0,0,0,0
2022-01-14 11:30:00+00:00,60,1,11,,,0,0,0,0,0,0,0,0,0,0,0,0,0,0,0,0,0,0,0,0,0,0,0,0,0
2022-01-14 11:30:00+00:00,60,1,11,,13.284778594970703,0,0,0,0,0,0,0,0,0,0,0,0,0,0,0,0,0,0,1,1,1,1,1,1,1
2022-01-14 11:30:00+00:00,60,1,11,,,0,0,0,0,0,0,0,0,0,0,0,0,0,0,0,0,0,0,0,0,0,0,0,0,0
2022-01-14 11:30:00+00:00,60,1,11,328.5357666015625,105.44622802734375,0,0,0,0,0,0,0,0,0,0,0,0,0,0,0,0,1,0,0,0,0,0,0,0,0
2022-01-14 11:30:00+00:00,60,1,11,,329.6478271484375,0,0,0,0,0,0,0,0,0,0,0,0,0,0,0,0,0,0,0,0,0,0,0,0,0
2022-01-14 11:30:00+00:00,60,1,11,458.8891906738281,476.34686279296875,0,0,0,0,0,0,0,0,0,0,0,0,0,0,0,0,0,0,0,0,0,0,0,0,0
2022-01-14 11:30:00+00:00,60,1,11,118.42511749267578,67.17701721191406,0,0,0,0,0,0,0,0,0,0,1,1,1,1,1,1,1,0,0,0,0,0,0,0,0
2022-01-14 11:30:00+00:00,60,1,11,,,0,0,0,0,0,0,0,0,0,0,0,0,0,0,0,0,0,0,0,0,0,0,0,0,0
2022-01-14 11:30:00+00:00,60,1,11,44.95143127441406,0.0,0,0,0,0,0,0,1,1,1,1,1,1,1,1,1,1,1,1,1,1,1,1,1,1,1
2022-01-14 11:30:00+00:00,60,1,11,333.97308349609375,127.60286712646484,0,0,0,0,0,0,0,0,0,0,0,0,0,0,0,0,1,0,0,0,0,0,0,0,0
2022-01-14 11:30:00+00:00,60,1,11,284.9503173828125,188.75135803222656,0,0,0,0,0,0,0,0,0,0,0,0,0,0,0,1,1,0,0,0,0,0,0,0,0
2022-01-14 11:30:00+00:00,60,1,11,37.16710662841797,9.743491172790527,0,0,0,0,0,1,1,1,1,1,1,1,1,1,1,1,1,1,1,1,1,1,1,1,1
2022-01-14 11:30:00+00:00,60,1,11,50.711387634277344,52.392662048339844,0,0,0,0,0,0,0,1,1,1,1,1,1,1,1,1,1,0,0,0,0,0,0,0,1
2022-01-14 11:30:00+00:00,60,1,11,54.81822204589844,160.0478057861328,0,0,0,0,0,0,0,1,1,1,1,1,1,1,1,1,1,0,0,0,0,0,0,0,0
2022-01-14 11:30:00+00:00,60,1,11,207.91494750976562,23.296327590942383,0,0,0,0,0,0,0,0,0,0,0,0,0,0,1,1,1,0,0,0,1,1,1,1,1
2022-01-14 11:45:00+00:00,60,1,11,387.0851135253906,397.0979919433594,0,0,0,0,0,0,0,0,0,0,0,0,0,0,0,0,0,0,0,0,0,0,0,0,0
2022-01-14 11:45:00+00:00,60,1,11,,,0,0,0,0,0,0,0,0,0,0,0,0,0,0,0,0,0,0,0,0,0,0,0,0,0
2022-01-14 11:45:00+00:00,60,1,11,160.9965057373047,154.10911560058594,0,0,0,0,0,0,0,0,0,0,0,0,1,1,1,1,1,0,0,0,0,0,0,0,0
2022-01-14 11:45:00+00:00,60,1,11,306.7607116699219,288.3061218261719,0,0,0,0,0,0,0,0,0,0,0,0,0,0,0,0,1,0,0,0,0,0,0,0,0
2022-01-14 11:45:00+00:00,60,1,11,230.09036254882812,336.65057373046875,0,0,0,0,0,0,0,0,0,0,0,0,0,0,1,1,1,0,0,0,0,0,0,0,0
2022-01-14 11:45:00+00:00,60,1,11,183.79884338378906,189.59384155273438,0,0,0,0,0,0,0,0,0,0,0,0,0,1,1,1,1,0,0,0,0,0,0,0,0
2022-01-14 11:45:00+00:00,60,1,11,190.1865692138672,204.2008819580078,0,0,0,0,0,0,0,0,0,0,0,0,0,1,1,1,1,0,0,0,0,0,0,0,0
2022-01-14 11:45:00+00:00,60,1,11,105.28404998779297,86.23104095458984,0,0,0,0,0,0,0,0,0,0,1,1,1,1,1,1,1,0,0,0,0,0,0,0,0
2022-01-14 11:45:00+00:00,60,1,11,23.670024871826172,0.0,0,0,0,1,1,1,1,1,1,1,1,1,1,1,1,1,1,1,1,1,1,1,1,1,1
2022-01-14 11:45:00+00:00,60,1,11,152.1946258544922,24.64638328552246,0,0,0,0,0,0,0,0,0,0,0,0,1,1,1,1,1,0,0,0,1,1,1,1,1
2022-01-14 11:45:00+00:00,60,1,11,,,0,0,0,0,0,0,0,0,0,0,0,0,0,0,0,0,0,0,0,0,0,0,0,0,0
2022-01-14 11:45:00+00:00,60,1,11,,,0,0,0,0,0,0,0,0,0,0,0,0,0,0,0,0,0,0,0,0,0,0,0,0,0
2022-01-14 11:45:00+00:00,60,1,11,,24.986679077148438,0,0,0,0,0,0,0,0,0,0,0,0,0,0,0,0,0,0,0,0,1,1,1,1,1
2022-01-14 11:45:00+00:00,60,1,11,,245.64178466796875,0,0,0,0,0,0,0,0,0,0,0,0,0,0,0,0,0,0,0,0,0,0,0,0,0
2022-01-14 11:45:00+00:00,60,1,11,,283.57000732421875,0,0,0,0,0,0,0,0,0,0,0,0,0,0,0,0,0,0,0,0,0,0,0,0,0
2022-01-14 11:45:00+00:00,60,1,11,,270.49835205078125,0,0,0,0,0,0,0,0,0,0,0,0,0,0,0,0,0,0,0,0,0,0,0,0,0
2022-01-14 11:45:00+00:00,60,1,11,,3.757394552230835,0,0,0,0,0,0,0,0,0,0,0,0,0,0,0,0,0,1,1,1,1,1,1,1,1
2022-01-14 12:00:00+00:00,60,1,12,,,0,0,0,0,0,0,0,0,0,0,0,0,0,0,0,0,0,0,0,0,0,0,0,0,0
2022-01-14 12:00:00+00:00,60,1,12,51.00551223754883,12.087374687194824,0,0,0,0,0,0,0,1,1,1,1,1,1,1,1,1,1,0,1,1,1,1,1,1,1
2022-01-14 12:00:00+00:00,60,1,12,,156.42062377929688,0,0,0,0,0,0,0,0,0,0,0,0,0,0,0,0,0,0,0,0,0,0,0,0,0
2022-01-14 12:00:00+00:00,60,1,12,,3.2968177795410156,0,0,0,0,0,0,0,0,0,0,0,0,0,0,0,0,0,1,1,1,1,1,1,1,1
2022-01-14 12:00:00+00:00,60,1,12,,237.45933532714844,0,0,0,0,0,0,0,0,0,0,0,0,0,0,0,0,0,0,0,0,0,0,0,0,0
2022-01-14 12:00:00+00:00,60,1,12,430.7950134277344,41.109169006347656,0,0,0,0,0,0,0,0,0,0,0,0,0,0,0,0,0,0,0,0,0,0,0,1,1
2022-01-14 12:00:00+00:00,60,1,12,211.996337890625,183.28749084472656,0,0,0,0,0,0,0,0,0,0,0,0,0,0,1,1,1,0,0,0,0,0,0,0,0
2022-01-14 12:00:00+00:00,60,1,12,182.4031219482422,15.540473937988281,0,0,0,0,0,0,0,0,0,0,0,0,0,1,1,1,1,0,0,1,1,1,1,1,1
2022-01-14 12:00:00+00:00,60,1,12,144.59780883789062,48.41762924194336,0,0,0,0,0,0,0,0,0,0,0,1,1,1,1,1,1,0,0,0,0,0,0,1,1
2022-01-14 12:00:00+00:00,60,1,12,175.22628784179688,54.20217514038086,0,0,0,0,0,0,0,0,0,0,0,0,1,1,1,1,1,0,0,0,0,0,0,0,1
2022-01-14 12:00:00+00:00,60,1,12,44.142982482910156,59.973968505859375,0,0,0,0,0,0,1,1,1,1,1,1,1,1,1,1,1,0,0,0,0,0,0,0,1
2022-01-14 12:00:00+00:00,60,1,12,227.5324249267578,227.89590454101562,0,0,0,0,0,0,0,0,0,0,0,0,0,0,1,1,1,0,0,0,0,0,0,0,0
2022-01-14 12:00:00+00:00,60,1,12,278.7361755371094,199.59486389160156,0,0,0,0,0,0,0,0,0,0,0,0,0,0,0,1,1,0,0,0,0,0,0,0,0
2022-01-14 12:15:00+00:00,60,1,12,,430.59185791015625,0,0,0,0,0,0,0,0,0,0,0,0,0,0,0,0,0,0,0,0,0,0,0,0,0
2022-01-14 12:15:00+00:00,60,1,12,,,0,0,0,0,0,0,0,0,0,0,0,0,0,0,0,0,0,0,0,0,0,0,0,0,0
2022-01-14 12:15:00+00:00,60,1,12,407.4193420410156,435.2874450683594,0,0,0,0,0,0,0,0,0,0,0,0,0,0,0,0,0,0,0,0,0,0,0,0,0
2022-01-14 12:15:00+00:00,60,1,12,170.89317321777344,417.88433837890625,0,0,0,0,0,0,0,0,0,0,0,0,1,1,1,1,1,0,0,0,0,0,0,0,0
2022-01-14 12:15:00+00:00,60,1,12,224.29888916015625,112.10447692871094,0,0,0,0,0,0,0,0,0,0,0,0,0,0,1,1,1,0,0,0,0,0,0,0,0
2022-01-14 12:15:00+00:00,60,1,12,197.9236297607422,45.870948791503906,0,0,0,0,0,0,0,0,0,0,0,0,0,1,1,1,1,0,0,0,0,0,0,1,1
2022-01-14 12:15:00+00:00,60,1,12,162.28369140625,193.1555938720703,0,0,0,0,0,0,0,0,0,0,0,0,1,1,1,1,1,0,0,0,0,0,0,0,0
2022-01-14 12:15:00+00:00,60,1,12,103.74867248535156,42.49467086791992,0,0,0,0,0,0,0,0,0,0,1,1,1,1,1,1,1,0,0,0,0,0,0,1,1
2022-01-14 12:15:00+00:00,60,1,12,160.2273406982422,14.11355209350586,0,0,0,0,0,0,0,0,0,0,0,0,1,1,1,1,1,0,1,1,1,1,1,1,1
2022-01-14 12:15:00+00:00,60,1,12,46.19365310668945,0.0,0,0,0,0,0,0,1,1,1,1,1,1,1,1,1,1,1,1,1,1,1,1,1,1,1
2022-01-14 12:15:00+00:00,60,1,12,85.58538055419922,83.4765625,0,0,0,0,0,0,0,0,0,1,1,1,1,1,1,1,1,0,0,0,0,0,0,0,0
2022-01-14 12:15:00+00:00,60,1,12,,399.10040283203125,0,0,0,0,0,0,0,0,0,0,0,0,0,0,0,0,0,0,0,0,0,0,0,0,0
2022-01-14 12:15:00+00:00,60,1,12,240.64915466308594,170.28919982910156,0,0,0,0,0,0,0,0,0,0,0,0,0,0,1,1,1,0,0,0,0,0,0,0,0
2022-01-14 12:15:00+00:00,60,1,12,184.2703857421875,179.29515075683594,0,0,0,0,0,0,0,0,0,0,0,0,0,1,1,1,1,0,0,0,0,0,0,0,0
2022-01-14 12:15:00+00:00,60,1,12,106.5777359008789,144.15203857421875,0,0,0,0,0,0,0,0,0,0,1,1,1,1,1,1,1,0,0,0,0,0,0,0,0
2022-01-14 12:15:00+00:00,60,1,12,,,0,0,0,0,0,0,0,0,0,0,0,0,0,0,0,0,0,0,0,0,0,0,0,0,0
2022-01-14 12:30:00+00:00,60,1,12,,208.65194702148438,0,0,0,0,0,0,0,0,0,0,0,0,0,0,0,0,0,0,0,0,0,0,0,0,0
2022-01-14 12:30:00+00:00,60,1,12,65.7978744506836,19.950382232666016,0,0,0,0,0,0,0,0,1,1,1,1,1,1,1,1,1,0,0,1,1,1,1,1,1
2022-01-14 12:30:00+00:00,60,1,12,,191.24545288085938,0,0,0,0,0,0,0,0,0,0,0,0,0,0,0,0,0,0,0,0,0,0,0,0,0
2022-01-14 12:30:00+00:00,60,1,12,229.31903076171875,67.3743896484375,0,0,0,0,0,0,0,0,0,0,0,0,0,0,1,1,1,0,0,0,0,0,0,0,0
2022-01-14 12:30:00+00:00,60,1,12,91.52103424072266,91.93087768554688,0,0,0,0,0,0,0,0,0,1,1,1,1,1,1,1,1,0,0,0,0,0,0,0,0
2022-01-14 12:30:00+00:00,60,1,12,155.92886352539062,144.549560546875,0,0,0,0,0,0,0,0,0,0,0,0,1,1,1,1,1,0,0,0,0,0,0,0,0
2022-01-14 12:30:00+00:00,60,1,12,,,0,0,0,0,0,0,0,0,0,0,0,0,0,0,0,0,0,0,0,0,0,0,0,0,0
2022-01-14 12:30:00+00:00,60,1,12,,,0,0,0,0,0,0,0,0,0,0,0,0,0,0,0,0,0,0,0,0,0,0,0,0,0
2022-01-14 12:30:00+00:00,60,1,12,,,0,0,0,0,0,0,0,0,0,0,0,0,0,0,0,0,0,0,0,0,0,0,0,0,0
2022-01-14 12:30:00+00:00,60,1,12,182.7618408203125,220.62747192382812,0,0,0,0,0,0,0,0,0,0,0,0,0,1,1,1,1,0,0,0,0,0,0,0,0
2022-01-14 12:30:00+00:00,60,1,12,,,0,0,0,0,0,0,0,0,0,0,0,0,0,0,0,0,0,0,0,0,0,0,0,0,0
2022-01-14 12:30:00+00:00,60,1,12,63.301029205322266,35.4123649597168,0,0,0,0,0,0,0,0,1,1,1,1,1,1,1,1,1,0,0,0,0,0,1,1,1
2022-01-14 12:45:00+00:00,60,1,12,,451.9587097167969,0,0,0,0,0,0,0,0,0,0,0,0,0,0,0,0,0,0,0,0,0,0,0,0,0
2022-01-14 12:45:00+00:00,60,1,12,,304.0153503417969,0,0,0,0,0,0,0,0,0,0,0,0,0,0,0,0,0,0,0,0,0,0,0,0,0
2022-01-14 12:45:00+00:00,60,1,12,441.8871765136719,319.4798583984375,0,0,0,0,0,0,0,0,0,0,0,0,0,0,0,0,0,0,0,0,0,0,0,0,0
2022-01-14 12:45:00+00:00,60,1,12,,,0,0,0,0,0,0,0,0,0,0,0,0,0,0,0,0,0,0,0,0,0,0,0,0,0
2022-01-14 12:45:00+00:00,60,1,12,418.38275146484375,429.55511474609375,0,0,0,0,0,0,0,0,0,0,0,0,0,0,0,0,0,0,0,0,0,0,0,0,0
2022-01-14 12:45:00+00:00,60,1,12,282.9252624511719,223.24061584472656,0,0,0,0,0,0,0,0,0,0,0,0,0,0,0,1,1,0,0,0,0,0,0,0,0
2022-01-14 12:45:00+00:00,60,1,12,52.927940368652344,108.10645294189453,0,0,0,0,0,0,0,1,1,1,1,1,1,1,1,1,1,0,0,0,0,0,0,0,0
2022-01-14 12:45:00+00:00,60,1,12,73.88604736328125,149.9219512939453,0,0,0,0,0,0,0,0,1,1,1,1,1,1,1,1,1,0,0,0,0,0,0,0,0
2022-01-14 12:45:00+00:00,60,1,12,217.849853515625,253.26309204101562,0,0,0,0,0,0,0,0,0,0,0,0,0,0,1,1,1,0,0,0,0,0,0,0,0
2022-01-14 12:45:00+00:00,60,1,12,70.98371887207031,72.38607025146484,0,0,0,0,0,0,0,0,1,1,1,1,1,1,1,1,1,0,0,0,0,0,0,0,0
2022-01-14 12:45:00+00:00,60,1,12,62.04936599731445,18.00186538696289,0,0,0,0,0,0,0,0,1,1,1,1,1,1,1,1,1,0,0,1,1,1,1,1,1
2022-01-14 12:45:00+00:00,60,1,12,64.773193359375,31.22406768798828,0,0,0,0,0,0,0,0,1,1,1,1,1,1,1,1,1,0,0,0,0,0,1,1,1
2022-01-14 12:45:00+00:00,60,1,12,,,0,0,0,0,0,0,0,0,0,0,0,0,0,0,0,0,0,0,0,0,0,0,0,0,0
2022-01-14 12:45:00+00:00,60,1,12,,,0,0,0,0,0,0,0,0,0,0,0,0,0,0,0,0,0,0,0,0,0,0,0,0,0
2022-01-14 12:45:00+00:00,60,1,12,242.85398864746094,6.252213478088379,0,0,0,0,0,0,0,0,0,0,0,0,0,0,1,1,1,1,1,1,1,1,1,1,1
2022-01-14 13:00:00+00:00,60,1,13,415.5745544433594,431.6687927246094,0,0,0,0,0,0,0,0,0,0,0,0,0,0,0,0,0,0,0,0,0,0,0,0,0
2022-01-14 13:00:00+00:00,60,1,13,53.12531661987305,,0,0,0,0,0,0,0,1,1,1,1,1,1,1,1,1,1,0,0,0,0,0,0,0,0
2022-01-14 13:00:00+00:00,60,1,13,291.2242736816406,325.3678894042969,0,0,0,0,0,0,0,0,0,0,0,0,0,0,0,1,1,0,0,0,0,0,0,0,0
2022-01-14 13:00:00+00:00,60,1,13,220.75770568847656,235.44772338867188,0,0,0,0,0,0,0,0,0,0,0,0,0,0,1,1,1,0,0,0,0,0,0,0,0
2022-01-14 13:00:00+00:00,60,1,13,593.4066772460938,,0,0,0,0,0,0,0,0,0,0,0,0,0,0,0,0,0,0,0,0,0,0,0,0,0
2022-01-14 13:00:00+00:00,60,1,13,594.02978515625,,0,0,0,0,0,0,0,0,0,0,0,0,0,0,0,0,0,0,0,0,0,0,0,0,0
2022-01-14 13:00:00+00:00,60,1,13,203.52268981933594,396.6775207519531,0,0,0,0,0,0,0,0,0,0,0,0,0,0,1,1,1,0,0,0,0,0,0,0,0
2022-01-14 13:00:00+00:00,60,1,13,124.36153411865234,0.0,0,0,0,0,0,0,0,0,0,0,0,1,1,1,1,1,1,1,1,1,1,1,1,1,1
2022-01-14 13:00:00+00:00,60,1,13,45.7458610534668,99.87128448486328,0,0,0,0,0,0,1,1,1,1,1,1,1,1,1,1,1,0,0,0,0,0,0,0,0
2022-01-14 13:00:00+00:00,60,1,13,514.3068237304688,301.8922424316406,0,0,0,0,0,0,0,0,0,0,0,0,0,0,0,0,0,0,0,0,0,0,0,0,0
2022-01-14 13:15:00+00:00,60,1,13,,,0,0,0,0,0,0,0,0,0,0,0,0,0,0,0,0,0,0,0,0,0,0,0,0,0
2022-01-14 13:15:00+00:00,60,1,13,,,0,0,0,0,0,0,0,0,0,0,0,0,0,0,0,0,0,0,0,0,0,0,0,0,0
2022-01-14 13:15:00+00:00,60,1,13,,,0,0,0,0,0,0,0,0,0,0,0,0,0,0,0,0,0,0,0,0,0,0,0,0,0
2022-01-14 13:15:00+00:00,60,1,13,,,0,0,0,0,0,0,0,0,0,0,0,0,0,0,0,0,0,0,0,0,0,0,0,0,0
2022-01-14 13:15:00+00:00,60,1,13,,610.750244140625,0,0,0,0,0,0,0,0,0,0,0,0,0,0,0,0,0,0,0,0,0,0,0,0,0
2022-01-14 13:15:00+00:00,60,1,13,276.48748779296875,283.6209411621094,0,0,0,0,0,0,0,0,0,0,0,0,0,0,0,1,1,0,0,0,0,0,0,0,0
2022-01-14 13:15:00+00:00,60,1,13,99.375,183.46754455566406,0,0,0,0,0,0,0,0,0,1,1,1,1,1,1,1,1,0,0,0,0,0,0,0,0
2022-01-14 13:15:00+00:00,60,1,13,152.32008361816406,166.0198974609375,0,0,0,0,0,0,0,0,0,0,0,0,1,1,1,1,1,0,0,0,0,0,0,0,0
2022-01-14 13:15:00+00:00,60,1,13,39.04941940307617,116.0711441040039,0,0,0,0,0,1,1,1,1,1,1,1,1,1,1,1,1,0,0,0,0,0,0,0,0
2022-01-14 13:15:00+00:00,60,1,13,42.69212341308594,40.6981201171875,0,0,0,0,0,0,1,1,1,1,1,1,1,1,1,1,1,0,0,0,0,0,0,1,1
2022-01-14 13:15:00+00:00,60,1,13,94.69849395751953,18.780723571777344,0,0,0,0,0,0,0,0,0,1,1,1,1,1,1,1,1,0,0,1,1,1,1,1,1
2022-01-14 13:15:00+00:00,60,1,13,,,0,0,0,0,0,0,0,0,0,0,0,0,0,0,0,0,0,0,0,0,0,0,0,0,0
2022-01-14 13:15:00+00:00,60,1,13,,,0,0,0,0,0,0,0,0,0,0,0,0,0,0,0,0,0,0,0,0,0,0,0,0,0
2022-01-14 13:15:00+00:00,60,1,13,128.57296752929688,82.78751373291016,0,0,0,0,0,0,0,0,0,0,0,1,1,1,1,1,1,0,0,0,0,0,0,0,0
2022-01-14 13:30:00+00:00,60,1,13,105.0324478149414,,0,0,0,0,0,0,0,0,0,0,1,1,1,1,1,1,1,0,0,0,0,0,0,0,0
2022-01-14 13:30:00+00:00,60,1,13,312.8055725097656,289.0426330566406,0,0,0,0,0,0,0,0,0,0,0,0,0,0,0,0,1,0,0,0,0,0,0,0,0
2022-01-14 13:30:00+00:00,60,1,13,,542.4721069335938,0,0,0,0,0,0,0,0,0,0,0,0,0,0,0,0,0,0,0,0,0,0,0,0,0
2022-01-14 13:30:00+00:00,60,1,13,317.8551330566406,139.45777893066406,0,0,0,0,0,0,0,0,0,0,0,0,0,0,0,0,1,0,0,0,0,0,0,0,0
2022-01-14 13:30:00+00:00,60,1,13,98.45381164550781,77.24707794189453,0,0,0,0,0,0,0,0,0,1,1,1,1,1,1,1,1,0,0,0,0,0,0,0,0
2022-01-14 13:30:00+00:00,60,1,13,53.00466537475586,65.64016723632812,0,0,0,0,0,0,0,1,1,1,1,1,1,1,1,1,1,0,0,0,0,0,0,0,0
2022-01-14 13:30:00+00:00,60,1,13,155.058837890625,161.53883361816406,0,0,0,0,0,0,0,0,0,0,0,0,1,1,1,1,1,0,0,0,0,0,0,0,0
2022-01-14 13:30:00+00:00,60,1,13,199.45379638671875,93.94956970214844,0,0,0,0,0,0,0,0,0,0,0,0,0,1,1,1,1,0,0,0,0,0,0,0,0
2022-01-14 13:30:00+00:00,60,1,13,298.06097412109375,318.2652282714844,0,0,0,0,0,0,0,0,0,0,0,0,0,0,0,1,1,0,0,0,0,0,0,0,0
2022-01-14 13:30:00+00:00,60,1,13,206.272216796875,165.35986328125,0,0,0,0,0,0,0,0,0,0,0,0,0,0,1,1,1,0,0,0,0,0,0,0,0
2022-01-14 13:30:00+00:00,60,1,13,249.8788604736328,174.0956268310547,0,0,0,0,0,0,0,0,0,0,0,0,0,0,1,1,1,0,0,0,0,0,0,0,0
2022-01-14 13:30:00+00:00,60,1,13,,,0,0,0,0,0,0,0,0,0,0,0,0,0,0,0,0,0,0,0,0,0,0,0,0,0
2022-01-14 13:30:00+00:00,60,1,13,,,0,0,0,0,0,0,0,0,0,0,0,0,0,0,0,0,0,0,0,0,0,0,0,0,0
2022-01-14 13:30:00+00:00,60,1,13,,,0,0,0,0,0,0,0,0,0,0,0,0,0,0,0,0,0,0,0,0,0,0,0,0,0
2022-01-14 13:30:00+00:00,60,1,13,218.97830200195312,240.1471405029297,0,0,0,0,0,0,0,0,0,0,0,0,0,0,1,1,1,0,0,0,0,0,0,0,0
2022-01-14 13:45:00+00:00,60,1,13,,,0,0,0,0,0,0,0,0,0,0,0,0,0,0,0,0,0,0,0,0,0,0,0,0,0
2022-01-14 13:45:00+00:00,60,1,13,243.8629608154297,,0,0,0,0,0,0,0,0,0,0,0,0,0,0,1,1,1,0,0,0,0,0,0,0,0
2022-01-14 13:45:00+00:00,60,1,13,245.32603454589844,,0,0,0,0,0,0,0,0,0,0,0,0,0,0,1,1,1,0,0,0,0,0,0,0,0
2022-01-14 13:45:00+00:00,60,1,13,165.36045837402344,,0,0,0,0,0,0,0,0,0,0,0,0,1,1,1,1,1,0,0,0,0,0,0,0,0
2022-01-14 13:45:00+00:00,60,1,13,122.85616302490234,,0,0,0,0,0,0,0,0,0,0,0,1,1,1,1,1,1,0,0,0,0,0,0,0,0
2022-01-14 13:45:00+00:00,60,1,13,350.69219970703125,344.23760986328125,0,0,0,0,0,0,0,0,0,0,0,0,0,0,0,0,0,0,0,0,0,0,0,0,0
2022-01-14 13:45:00+00:00,60,1,13,81.70306396484375,62.5895881652832,0,0,0,0,0,0,0,0,0,1,1,1,1,1,1,1,1,0,0,0,0,0,0,0,0
2022-01-14 13:45:00+00:00,60,1,13,109.22325134277344,300.49468994140625,0,0,0,0,0,0,0,0,0,0,1,1,1,1,1,1,1,0,0,0,0,0,0,0,0
2022-01-14 13:45:00+00:00,60,1,13,80.28633880615234,37.17696762084961,0,0,0,0,0,0,0,0,0,1,1,1,1,1,1,1,1,0,0,0,0,0,1,1,1
2022-01-14 13:45:00+00:00,60,1,13,149.6641845703125,123.86071014404297,0,0,0,0,0,0,0,0,0,0,0,1,1,1,1,1,1,0,0,0,0,0,0,0,0
2022-01-14 13:45:00+00:00,60,1,13,154.8759307861328,200.6527099609375,0,0,0,0,0,0,0,0,0,0,0,0,1,1,1,1,1,0,0,0,0,0,0,0,0
2022-01-14 13:45:00+00:00,60,1,13,,372.7538757324219,0,0,0,0,0,0,0,0,0,0,0,0,0,0,0,0,0,0,0,0,0,0,0,0,0
2022-01-14 13:45:00+00:00,60,1,13,,335.9692077636719,0,0,0,0,0,0,0,0,0,0,0,0,0,0,0,0,0,0,0,0,0,0,0,0,0
2022-01-14 14:00:00+00:00,60,1,14,,,0,0,0,0,0,0,0,0,0,0,0,0,0,0,0,0,0,0,0,0,0,0,0,0,0
2022-01-14 14:00:00+00:00,60,1,14,420.8131408691406,,0,0,0,0,0,0,0,0,0,0,0,0,0,0,0,0,0,0,0,0,0,0,0,0,0
2022-01-14 14:00:00+00:00,60,1,14,430.4765625,,0,0,0,0,0,0,0,0,0,0,0,0,0,0,0,0,0,0,0,0,0,0,0,0,0
2022-01-14 14:00:00+00:00,60,1,14,100.88400268554688,,0,0,0,0,0,0,0,0,0,0,1,1,1,1,1,1,1,0,0,0,0,0,0,0,0
2022-01-14 14:00:00+00:00,60,1,14,278.5058898925781,,0,0,0,0,0,0,0,0,0,0,0,0,0,0,0,1,1,0,0,0,0,0,0,0,0
2022-01-14 14:00:00+00:00,60,1,14,162.3364715576172,211.84869384765625,0,0,0,0,0,0,0,0,0,0,0,0,1,1,1,1,1,0,0,0,0,0,0,0,0
2022-01-14 14:00:00+00:00,60,1,14,58.70680236816406,22.39198875427246,0,0,0,0,0,0,0,1,1,1,1,1,1,1,1,1,1,0,0,0,1,1,1,1,1
2022-01-14 14:00:00+00:00,60,1,14,200.5108184814453,332.7076721191406,0,0,0,0,0,0,0,0,0,0,0,0,0,0,1,1,1,0,0,0,0,0,0,0,0
2022-01-14 14:00:00+00:00,60,1,14,202.6143798828125,162.90089416503906,0,0,0,0,0,0,0,0,0,0,0,0,0,0,1,1,1,0,0,0,0,0,0,0,0
2022-01-14 14:15:00+00:00,60,1,14,,557.2379150390625,0,0,0,0,0,0,0,0,0,0,0,0,0,0,0,0,0,0,0,0,0,0,0,0,0
2022-01-14 14:15:00+00:00,60,1,14,97.22254180908203,170.218994140625,0,0,0,0,0,0,0,0,0,1,1,1,1,1,1,1,1,0,0,0,0,0,0,0,0
2022-01-14 14:15:00+00:00,60,1,14,432.03875732421875,439.14947509765625,0,0,0,0,0,0,0,0,0,0,0,0,0,0,0,0,0,0,0,0,0,0,0,0,0
2022-01-14 14:15:00+00:00,60,1,14,76.46849060058594,138.68539428710938,0,0,0,0,0,0,0,0,1,1,1,1,1,1,1,1,1,0,0,0,0,0,0,0,0
2022-01-14 14:15:00+00:00,60,1,14,101.59611511230469,120.22960662841797,0,0,0,0,0,0,0,0,0,0,1,1,1,1,1,1,1,0,0,0,0,0,0,0,0
2022-01-14 14:15:00+00:00,60,1,14,177.89605712890625,81.82549285888672,0,0,0,0,0,0,0,0,0,0,0,0,1,1,1,1,1,0,0,0,0,0,0,0,0
2022-01-14 14:15:00+00:00,60,1,14,159.2081298828125,83.617919921875,0,0,0,0,0,0,0,0,0,0,0,0,1,1,1,1,1,0,0,0,0,0,0,0,0
2022-01-14 14:15:00+00:00,60,1,14,355.3078308105469,35.1739616394043,0,0,0,0,0,0,0,0,0,0,0,0,0,0,0,0,0,0,0,0,0,0,1,1,1
2022-01-14 14:15:00+00:00,60,1,14,,183.85166931152344,0,0,0,0,0,0,0,0,0,0,0,0,0,0,0,0,0,0,0,0,0,0,0,0,0
2022-01-14 14:15:00+00:00,60,1,14,,392.7538757324219,0,0,0,0,0,0,0,0,0,0,0,0,0,0,0,0,0,0,0,0,0,0,0,0,0
2022-01-14 14:15:00+00:00,60,1,14,,393.1334228515625,0,0,0,0,0,0,0,0,0,0,0,0,0,0,0,0,0,0,0,0,0,0,0,0,0
2022-01-14 14:15:00+00:00,60,1,14,88.27061462402344,113.10250854492188,0,0,0,0,0,0,0,0,0,1,1,1,1,1,1,1,1,0,0,0,0,0,0,0,0
2022-01-14 14:15:00+00:00,60,1,14,,79.29313659667969,0,0,0,0,0,0,0,0,0,0,0,0,0,0,0,0,0,0,0,0,0,0,0,0,0
2022-01-14 14:15:00+00:00,60,1,14,231.78982543945312,235.50604248046875,0,0,0,0,0,0,0,0,0,0,0,0,0,0,1,1,1,0,0,0,0,0,0,0,0
2022-01-14 14:15:00+00:00,60,1,14,209.5225372314453,64.639404296875,0,0,0,0,0,0,0,0,0,0,0,0,0,0,1,1,1,0,0,0,0,0,0,0,0
2022-01-14 14:15:00+00:00,60,1,14,397.38134765625,423.4491271972656,0,0,0,0,0,0,0,0,0,0,0,0,0,0,0,0,0,0,0,0,0,0,0,0,0
2022-01-14 14:15:00+00:00,60,1,14,209.94097900390625,108.97624206542969,0,0,0,0,0,0,0,0,0,0,0,0,0,0,1,1,1,0,0,0,0,0,0,0,0
2022-01-14 14:30:00+00:00,60,1,14,504.42431640625,511.8662414550781,0,0,0,0,0,0,0,0,0,0,0,0,0,0,0,0,0,0,0,0,0,0,0,0,0
2022-01-14 14:30:00+00:00,60,1,14,286.42218017578125,372.1143798828125,0,0,0,0,0,0,0,0,0,0,0,0,0,0,0,1,1,0,0,0,0,0,0,0,0
2022-01-14 14:30:00+00:00,60,1,14,193.70835876464844,206.02392578125,0,0,0,0,0,0,0,0,0,0,0,0,0,1,1,1,1,0,0,0,0,0,0,0,0
2022-01-14 14:30:00+00:00,60,1,14,312.18109130859375,263.4644775390625,0,0,0,0,0,0,0,0,0,0,0,0,0,0,0,0,1,0,0,0,0,0,0,0,0
2022-01-14 14:30:00+00:00,60,1,14,217.28404235839844,77.20025634765625,0,0,0,0,0,0,0,0,0,0,0,0,0,0,1,1,1,0,0,0,0,0,0,0,0
2022-01-14 14:30:00+00:00,60,1,14,86.06725311279297,60.354061126708984,0,0,0,0,0,0,0,0,0,1,1,1,1,1,1,1,1,0,0,0,0,0,0,0,0
2022-01-14 14:30:00+00:00,60,1,14,242.49850463867188,197.7198028564453,0,0,0,0,0,0,0,0,0,0,0,0,0,0,1,1,1,0,0,0,0,0,0,0,0
2022-01-14 14:30:00+00:00,60,1,14,145.2951202392578,99.6173324584961,0,0,0,0,0,0,0,0,0,0,0,1,1,1,1,1,1,0,0,0,0,0,0,0,0
2022-01-14 14:30:00+00:00,60,1,14,335.95086669921875,429.8208312988281,0,0,0,0,0,0,0,0,0,0,0,0,0,0,0,0,1,0,0,0,0,0,0,0,0
2022-01-14 14:30:00+00:00,60,1,14,,309.711181640625,0,0,0,0,0,0,0,0,0,0,0,0,0,0,0,0,0,0,0,0,0,0,0,0,0
2022-01-14 14:30:00+00:00,60,1,14,,234.85792541503906,0,0,0,0,0,0,0,0,0,0,0,0,0,0,0,0,0,0,0,0,0,0,0,0,0
2022-01-14 14:45:00+00:00,60,1,14,381.69818115234375,314.010009765625,0,0,0,0,0,0,0,0,0,0,0,0,0,0,0,0,0,0,0,0,0,0,0,0,0
2022-01-14 14:45:00+00:00,60,1,14,239.7135009765625,259.5447998046875,0,0,0,0,0,0,0,0,0,0,0,0,0,0,1,1,1,0,0,0,0,0,0,0,0
2022-01-14 14:45:00+00:00,60,1,14,71.36425018310547,81.26343536376953,0,0,0,0,0,0,0,0,1,1,1,1,1,1,1,1,1,0,0,0,0,0,0,0,0
2022-01-14 14:45:00+00:00,60,1,14,167.22872924804688,170.6551513671875,0,0,0,0,0,0,0,0,0,0,0,0,1,1,1,1,1,0,0,0,0,0,0,0,0
2022-01-14 14:45:00+00:00,60,1,14,244.03285217285156,275.28216552734375,0,0,0,0,0,0,0,0,0,0,0,0,0,0,1,1,1,0,0,0,0,0,0,0,0
2022-01-14 14:45:00+00:00,60,1,14,167.45408630371094,135.81814575195312,0,0,0,0,0,0,0,0,0,0,0,0,1,1,1,1,1,0,0,0,0,0,0,0,0
2022-01-14 14:45:00+00:00,60,1,14,,,0,0,0,0,0,0,0,0,0,0,0,0,0,0,0,0,0,0,0,0,0,0,0,0,0
2022-01-14 14:45:00+00:00,60,1,14,,203.832275390625,0,0,0,0,0,0,0,0,0,0,0,0,0,0,0,0,0,0,0,0,0,0,0,0,0
2022-01-14 14:45:00+00:00,60,1,14,381.02471923828125,137.47007751464844,0,0,0,0,0,0,0,0,0,0,0,0,0,0,0,0,0,0,0,0,0,0,0,0,0
2022-01-14 14:45:00+00:00,60,1,14,293.3945617675781,164.03509521484375,0,0,0,0,0,0,0,0,0,0,0,0,0,0,0,1,1,0,0,0,0,0,0,0,0
2022-01-14 14:45:00+00:00,60,1,14,242.9454345703125,214.80921936035156,0,0,0,0,0,0,0,0,0,0,0,0,0,0,1,1,1,0,0,0,0,0,0,0,0
2022-01-14 14:45:00+00:00,60,1,14,330.4571838378906,301.2649230957031,0,0,0,0,0,0,0,0,0,0,0,0,0,0,0,0,1,0,0,0,0,0,0,0,0
2022-01-14 14:45:00+00:00,60,1,14,114.37556457519531,143.68917846679688,0,0,0,0,0,0,0,0,0,0,1,1,1,1,1,1,1,0,0,0,0,0,0,0,0
2022-01-14 14:45:00+00:00,60,1,14,196.68821716308594,26.360897064208984,0,0,0,0,0,0,0,0,0,0,0,0,0,1,1,1,1,0,0,0,0,1,1,1,1
2022-01-14 15:00:00+00:00,60,1,15,124.71686553955078,141.88009643554688,0,0,0,0,0,0,0,0,0,0,0,1,1,1,1,1,1,0,0,0,0,0,0,0,0
2022-01-14 15:00:00+00:00,60,1,15,306.31329345703125,333.4202575683594,0,0,0,0,0,0,0,0,0,0,0,0,0,0,0,0,1,0,0,0,0,0,0,0,0
2022-01-14 15:00:00+00:00,60,1,15,318.0693664550781,304.63720703125,0,0,0,0,0,0,0,0,0,0,0,0,0,0,0,0,1,0,0,0,0,0,0,0,0
2022-01-14 15:00:00+00:00,60,1,15,236.89422607421875,99.58460235595703,0,0,0,0,0,0,0,0,0,0,0,0,0,0,1,1,1,0,0,0,0,0,0,0,0
2022-01-14 15:00:00+00:00,60,1,15,119.8904800415039,89.15288543701172,0,0,0,0,0,0,0,0,0,0,1,1,1,1,1,1,1,0,0,0,0,0,0,0,0
2022-01-14 15:00:00+00:00,60,1,15,309.2054138183594,198.46409606933594,0,0,0,0,0,0,0,0,0,0,0,0,0,0,0,0,1,0,0,0,0,0,0,0,0
2022-01-14 15:00:00+00:00,60,1,15,,126.09090423583984,0,0,0,0,0,0,0,0,0,0,0,0,0,0,0,0,0,0,0,0,0,0,0,0,0
2022-01-14 15:00:00+00:00,60,1,15,,207.61146545410156,0,0,0,0,0,0,0,0,0,0,0,0,0,0,0,0,0,0,0,0,0,0,0,0,0
2022-01-14 15:00:00+00:00,60,1,15,,0.0,0,0,0,0,0,0,0,0,0,0,0,0,0,0,0,0,0,1,1,1,1,1,1,1,1
2022-01-14 15:00:00+00:00,60,1,15,,169.55702209472656,0,0,0,0,0,0,0,0,0,0,0,0,0,0,0,0,0,0,0,0,0,0,0,0,0
2022-01-14 15:15:00+00:00,60,1,15,,,0,0,0,0,0,0,0,0,0,0,0,0,0,0,0,0,0,0,0,0,0,0,0,0,0
2022-01-14 15:15:00+00:00,60,1,15,293.6996765136719,146.75381469726562,0,0,0,0,0,0,0,0,0,0,0,0,0,0,0,1,1,0,0,0,0,0,0,0,0
2022-01-14 15:15:00+00:00,60,1,15,139.68350219726562,162.2230682373047,0,0,0,0,0,0,0,0,0,0,0,1,1,1,1,1,1,0,0,0,0,0,0,0,0
2022-01-14 15:15:00+00:00,60,1,15,221.19464111328125,130.64808654785156,0,0,0,0,0,0,0,0,0,0,0,0,0,0,1,1,1,0,0,0,0,0,0,0,0
2022-01-14 15:15:00+00:00,60,1,15,110.89935302734375,166.38751220703125,0,0,0,0,0,0,0,0,0,0,1,1,1,1,1,1,1,0,0,0,0,0,0,0,0
2022-01-14 15:15:00+00:00,60,1,15,445.4718322753906,30.523958206176758,0,0,0,0,0,0,0,0,0,0,0,0,0,0,0,0,0,0,0,0,0,0,1,1,1
2022-01-14 15:15:00+00:00,60,1,15,324.9427490234375,97.20867156982422,0,0,0,0,0,0,0,0,0,0,0,0,0,0,0,0,1,0,0,0,0,0,0,0,0
2022-01-14 15:15:00+00:00,60,1,15,139.47348022460938,146.6282501220703,0,0,0,0,0,0,0,0,0,0,0,1,1,1,1,1,1,0,0,0,0,0,0,0,0
2022-01-14 15:15:00+00:00,60,1,15,91.07697296142578,107.15681457519531,0,0,0,0,0,0,0,0,0,1,1,1,1,1,1,1,1,0,0,0,0,0,0,0,0
2022-01-14 15:15:00+00:00,60,1,15,,255.18228149414062,0,0,0,0,0,0,0,0,0,0,0,0,0,0,0,0,0,0,0,0,0,0,0,0,0
2022-01-14 15:15:00+00:00,60,1,15,,15.202600479125977,0,0,0,0,0,0,0,0,0,0,0,0,0,0,0,0,0,0,0,1,1,1,1,1,1
2022-01-14 15:30:00+00:00,60,1,15,263.2626037597656,0.0,0,0,0,0,0,0,0,0,0,0,0,0,0,0,0,1,1,1,1,1,1,1,1,1,1
2022-01-14 15:30:00+00:00,60,1,15,,,0,0,0,0,0,0,0,0,0,0,0,0,0,0,0,0,0,0,0,0,0,0,0,0,0
2022-01-14 15:30:00+00:00,60,1,15,294.7784423828125,239.58474731445312,0,0,0,0,0,0,0,0,0,0,0,0,0,0,0,1,1,0,0,0,0,0,0,0,0
2022-01-14 15:30:00+00:00,60,1,15,184.30624389648438,210.98529052734375,0,0,0,0,0,0,0,0,0,0,0,0,0,1,1,1,1,0,0,0,0,0,0,0,0
2022-01-14 15:30:00+00:00,60,1,15,95.83814239501953,62.307743072509766,0,0,0,0,0,0,0,0,0,1,1,1,1,1,1,1,1,0,0,0,0,0,0,0,0
2022-01-14 15:30:00+00:00,60,1,15,119.6749038696289,264.4212341308594,0,0,0,0,0,0,0,0,0,0,1,1,1,1,1,1,1,0,0,0,0,0,0,0,0
2022-01-14 15:30:00+00:00,60,1,15,47.17415237426758,13.010424613952637,0,0,0,0,0,0,1,1,1,1,1,1,1,1,1,1,1,0,1,1,1,1,1,1,1
2022-01-14 15:30:00+00:00,60,1,15,50.96073913574219,15.314736366271973,0,0,0,0,0,0,0,1,1,1,1,1,1,1,1,1,1,0,0,1,1,1,1,1,1
2022-01-14 15:30:00+00:00,60,1,15,,,0,0,0,0,0,0,0,0,0,0,0,0,0,0,0,0,0,0,0,0,0,0,0,0,0
2022-01-14 15:30:00+00:00,60,1,15,328.26995849609375,466.9487609863281,0,0,0,0,0,0,0,0,0,0,0,0,0,0,0,0,1,0,0,0,0,0,0,0,0
2022-01-14 15:45:00+00:00,60,1,15,171.5966033935547,318.4154052734375,0,0,0,0,0,0,0,0,0,0,0,0,1,1,1,1,1,0,0,0,0,0,0,0,0
2022-01-14 15:45:00+00:00,60,1,15,420.28619384765625,406.1510009765625,0,0,0,0,0,0,0,0,0,0,0,0,0,0,0,0,0,0,0,0,0,0,0,0,0
2022-01-14 15:45:00+00:00,60,1,15,119.8107681274414,133.91900634765625,0,0,0,0,0,0,0,0,0,0,1,1,1,1,1,1,1,0,0,0,0,0,0,0,0
2022-01-14 15:45:00+00:00,60,1,15,484.2174987792969,489.3186340332031,0,0,0,0,0,0,0,0,0,0,0,0,0,0,0,0,0,0,0,0,0,0,0,0,0
2022-01-14 15:45:00+00:00,60,1,15,364.89251708984375,362.994140625,0,0,0,0,0,0,0,0,0,0,0,0,0,0,0,0,0,0,0,0,0,0,0,0,0
2022-01-14 15:45:00+00:00,60,1,15,37.4129638671875,34.53067398071289,0,0,0,0,0,1,1,1,1,1,1,1,1,1,1,1,1,0,0,0,0,0,1,1,1
2022-01-14 15:45:00+00:00,60,1,15,256.506103515625,251.3075714111328,0,0,0,0,0,0,0,0,0,0,0,0,0,0,0,1,1,0,0,0,0,0,0,0,0
2022-01-14 15:45:00+00:00,60,1,15,249.7704315185547,217.87551879882812,0,0,0,0,0,0,0,0,0,0,0,0,0,0,1,1,1,0,0,0,0,0,0,0,0
2022-01-14 15:45:00+00:00,60,1,15,183.57769775390625,42.552181243896484,0,0,0,0,0,0,0,0,0,0,0,0,0,1,1,1,1,0,0,0,0,0,0,1,1
2022-01-14 15:45:00+00:00,60,1,15,163.80101013183594,59.98931121826172,0,0,0,0,0,0,0,0,0,0,0,0,1,1,1,1,1,0,0,0,0,0,0,0,1
2022-01-14 15:45:00+00:00,60,1,15,,479.7967224121094,0,0,0,0,0,0,0,0,0,0,0,0,0,0,0,0,0,0,0,0,0,0,0,0,0
2022-01-14 15:45:00+00:00,60,1,15,67.42216491699219,51.937252044677734,0,0,0,0,0,0,0,0,1,1,1,1,1,1,1,1,1,0,0,0,0,0,0,0,1
2022-01-14 16:00:00+00:00,60,1,16,269.00225830078125,53.846351623535156,0,0,0,0,0,0,0,0,0,0,0,0,0,0,0,1,1,0,0,0,0,0,0,0,1
2022-01-14 16:00:00+00:00,60,1,16,256.0787353515625,341.888671875,0,0,0,0,0,0,0,0,0,0,0,0,0,0,0,1,1,0,0,0,0,0,0,0,0
2022-01-14 16:00:00+00:00,60,1,16,177.8501434326172,304.9950866699219,0,0,0,0,0,0,0,0,0,0,0,0,1,1,1,1,1,0,0,0,0,0,0,0,0
2022-01-14 16:00:00+00:00,60,1,16,68.2750244140625,201.41546630859375,0,0,0,0,0,0,0,0,1,1,1,1,1,1,1,1,1,0,0,0,0,0,0,0,0
2022-01-14 16:00:00+00:00,60,1,16,313.2294006347656,331.8243713378906,0,0,0,0,0,0,0,0,0,0,0,0,0,0,0,0,1,0,0,0,0,0,0,0,0
2022-01-14 16:00:00+00:00,60,1,16,223.29588317871094,164.9615478515625,0,0,0,0,0,0,0,0,0,0,0,0,0,0,1,1,1,0,0,0,0,0,0,0,0
2022-01-14 16:00:00+00:00,60,1,16,,,0,0,0,0,0,0,0,0,0,0,0,0,0,0,0,0,0,0,0,0,0,0,0,0,0
2022-01-14 16:00:00+00:00,60,1,16,369.4775390625,448.0497131347656,0,0,0,0,0,0,0,0,0,0,0,0,0,0,0,0,0,0,0,0,0,0,0,0,0
2022-01-14 16:15:00+00:00,60,1,16,,,0,0,0,0,0,0,0,0,0,0,0,0,0,0,0,0,0,0,0,0,0,0,0,0,0
2022-01-14 16:15:00+00:00,60,1,16,,,0,0,0,0,0,0,0,0,0,0,0,0,0,0,0,0,0,0,0,0,0,0,0,0,0
2022-01-14 16:15:00+00:00,60,1,16,389.00640869140625,,0,0,0,0,0,0,0,0,0,0,0,0,0,0,0,0,0,0,0,0,0,0,0,0,0
2022-01-14 16:15:00+00:00,60,1,16,87.78506469726562,303.5975646972656,0,0,0,0,0,0,0,0,0,1,1,1,1,1,1,1,1,0,0,0,0,0,0,0,0
2022-01-14 16:15:00+00:00,60,1,16,219.9585418701172,476.3879699707031,0,0,0,0,0,0,0,0,0,0,0,0,0,0,1,1,1,0,0,0,0,0,0,0,0
2022-01-14 16:15:00+00:00,60,1,16,151.57937622070312,73.59200286865234,0,0,0,0,0,0,0,0,0,0,0,0,1,1,1,1,1,0,0,0,0,0,0,0,0
2022-01-14 16:15:00+00:00,60,1,16,209.37579345703125,207.09759521484375,0,0,0,0,0,0,0,0,0,0,0,0,0,0,1,1,1,0,0,0,0,0,0,0,0
2022-01-14 16:15:00+00:00,60,1,16,119.56826782226562,92.6019515991211,0,0,0,0,0,0,0,0,0,0,1,1,1,1,1,1,1,0,0,0,0,0,0,0,0
2022-01-14 16:15:00+00:00,60,1,16,468.0602111816406,0.0,0,0,0,0,0,0,0,0,0,0,0,0,0,0,0,0,0,1,1,1,1,1,1,1,1
2022-01-14 16:15:00+00:00,60,1,16,,156.33372497558594,0,0,0,0,0,0,0,0,0,0,0,0,0,0,0,0,0,0,0,0,0,0,0,0,0
2022-01-14 16:15:00+00:00,60,1,16,,123.26829528808594,0,0,0,0,0,0,0,0,0,0,0,0,0,0,0,0,0,0,0,0,0,0,0,0,0
2022-01-14 16:15:00+00:00,60,1,16,152.40818786621094,114.49554443359375,0,0,0,0,0,0,0,0,0,0,0,0,1,1,1,1,1,0,0,0,0,0,0,0,0
2022-01-14 16:15:00+00:00,60,1,16,183.2672576904297,145.5313720703125,0,0,0,0,0,0,0,0,0,0,0,0,0,1,1,1,1,0,0,0,0,0,0,0,0
2022-01-14 16:15:00+00:00,60,1,16,,179.43043518066406,0,0,0,0,0,0,0,0,0,0,0,0,0,0,0,0,0,0,0,0,0,0,0,0,0
2022-01-14 16:15:00+00:00,60,1,16,,262.1874694824219,0,0,0,0,0,0,0,0,0,0,0,0,0,0,0,0,0,0,0,0,0,0,0,0,0
2022-01-14 16:30:00+00:00,60,1,16,142.64947509765625,140.98263549804688,0,0,0,0,0,0,0,0,0,0,0,1,1,1,1,1,1,0,0,0,0,0,0,0,0
2022-01-14 16:30:00+00:00,60,1,16,132.04464721679688,36.38913345336914,0,0,0,0,0,0,0,0,0,0,0,1,1,1,1,1,1,0,0,0,0,0,1,1,1
2022-01-14 16:30:00+00:00,60,1,16,131.2779083251953,137.3809356689453,0,0,0,0,0,0,0,0,0,0,0,1,1,1,1,1,1,0,0,0,0,0,0,0,0
2022-01-14 16:30:00+00:00,60,1,16,203.50192260742188,182.43948364257812,0,0,0,0,0,0,0,0,0,0,0,0,0,0,1,1,1,0,0,0,0,0,0,0,0
2022-01-14 16:30:00+00:00,60,1,16,121.5420150756836,89.34256744384766,0,0,0,0,0,0,0,0,0,0,0,1,1,1,1,1,1,0,0,0,0,0,0,0,0
2022-01-14 16:30:00+00:00,60,1,16,,168.34349060058594,0,0,0,0,0,0,0,0,0,0,0,0,0,0,0,0,0,0,0,0,0,0,0,0,0
2022-01-14 16:30:00+00:00,60,1,16,430.6794738769531,474.25531005859375,0,0,0,0,0,0,0,0,0,0,0,0,0,0,0,0,0,0,0,0,0,0,0,0,0
2022-01-14 16:45:00+00:00,60,1,16,327.84075927734375,296.8177185058594,0,0,0,0,0,0,0,0,0,0,0,0,0,0,0,0,1,0,0,0,0,0,0,0,0
2022-01-14 16:45:00+00:00,60,1,16,423.32171630859375,402.8000793457031,0,0,0,0,0,0,0,0,0,0,0,0,0,0,0,0,0,0,0,0,0,0,0,0,0
2022-01-14 16:45:00+00:00,60,1,16,329.3625183105469,311.0858459472656,0,0,0,0,0,0,0,0,0,0,0,0,0,0,0,0,1,0,0,0,0,0,0,0,0
2022-01-14 16:45:00+00:00,60,1,16,287.6763610839844,294.1742248535156,0,0,0,0,0,0,0,0,0,0,0,0,0,0,0,1,1,0,0,0,0,0,0,0,0
2022-01-14 16:45:00+00:00,60,1,16,342.6468200683594,204.8069610595703,0,0,0,0,0,0,0,0,0,0,0,0,0,0,0,0,1,0,0,0,0,0,0,0,0
2022-01-14 16:45:00+00:00,60,1,16,121.76596069335938,82.14998626708984,0,0,0,0,0,0,0,0,0,0,0,1,1,1,1,1,1,0,0,0,0,0,0,0,0
2022-01-14 16:45:00+00:00,60,1,16,245.76412963867188,20.600996017456055,0,0,0,0,0,0,0,0,0,0,0,0,0,0,1,1,1,0,0,0,1,1,1,1,1
2022-01-14 16:45:00+00:00,60,1,16,272.39984130859375,0.0,0,0,0,0,0,0,0,0,0,0,0,0,0,0,0,1,1,1,1,1,1,1,1,1,1
2022-01-14 16:45:00+00:00,60,1,16,,0.0,0,0,0,0,0,0,0,0,0,0,0,0,0,0,0,0,0,1,1,1,1,1,1,1,1
2022-01-14 16:45:00+00:00,60,1,16,455.29681396484375,30.050825119018555,0,0,0,0,0,0,0,0,0,0,0,0,0,0,0,0,0,0,0,0,0,0,1,1,1
2022-01-14 16:45:00+00:00,60,1,16,,47.93148422241211,0,0,0,0,0,0,0,0,0,0,0,0,0,0,0,0,0,0,0,0,0,0,0,1,1
2022-01-14 16:45:00+00:00,60,1,16,,,0,0,0,0,0,0,0,0,0,0,0,0,0,0,0,0,0,0,0,0,0,0,0,0,0
2022-01-14 17:00:00+00:00,60,1,17,,,0,0,0,0,0,0,0,0,0,0,0,0,0,0,0,0,0,0,0,0,0,0,0,0,0
2022-01-14 17:00:00+00:00,60,1,17,404.0245056152344,297.7623291015625,0,0,0,0,0,0,0,0,0,0,0,0,0,0,0,0,0,0,0,0,0,0,0,0,0
2022-01-14 17:00:00+00:00,60,1,17,146.48464965820312,113.94429016113281,0,0,0,0,0,0,0,0,0,0,0,1,1,1,1,1,1,0,0,0,0,0,0,0,0
2022-01-14 17:00:00+00:00,60,1,17,161.37266540527344,195.45835876464844,0,0,0,0,0,0,0,0,0,0,0,0,1,1,1,1,1,0,0,0,0,0,0,0,0
2022-01-14 17:00:00+00:00,60,1,17,66.42803955078125,182.5450439453125,0,0,0,0,0,0,0,0,1,1,1,1,1,1,1,1,1,0,0,0,0,0,0,0,0
2022-01-14 17:00:00+00:00,60,1,17,85.37871551513672,0.0,0,0,0,0,0,0,0,0,0,1,1,1,1,1,1,1,1,1,1,1,1,1,1,1,1
2022-01-14 17:00:00+00:00,60,1,17,,154.2722625732422,0,0,0,0,0,0,0,0,0,0,0,0,0,0,0,0,0,0,0,0,0,0,0,0,0
2022-01-14 17:00:00+00:00,60,1,17,,4.46872091293335,0,0,0,0,0,0,0,0,0,0,0,0,0,0,0,0,0,1,1,1,1,1,1,1,1
2022-01-14 17:00:00+00:00,60,1,17,,201.18553161621094,0,0,0,0,0,0,0,0,0,0,0,0,0,0,0,0,0,0,0,0,0,0,0,0,0
2022-01-14 17:15:00+00:00,60,1,17,222.22157287597656,330.4149169921875,0,0,0,0,0,0,0,0,0,0,0,0,0,0,1,1,1,0,0,0,0,0,0,0,0
2022-01-14 17:15:00+00:00,60,1,17,97.88980865478516,275.373779296875,0,0,0,0,0,0,0,0,0,1,1,1,1,1,1,1,1,0,0,0,0,0,0,0,0
2022-01-14 17:15:00+00:00,60,1,17,228.07656860351562,313.1062927246094,0,0,0,0,0,0,0,0,0,0,0,0,0,0,1,1,1,0,0,0,0,0,0,0,0
2022-01-14 17:15:00+00:00,60,1,17,198.20529174804688,170.21929931640625,0,0,0,0,0,0,0,0,0,0,0,0,0,1,1,1,1,0,0,0,0,0,0,0,0
2022-01-14 17:15:00+00:00,60,1,17,226.60032653808594,55.394371032714844,0,0,0,0,0,0,0,0,0,0,0,0,0,0,1,1,1,0,0,0,0,0,0,0,1
2022-01-14 17:15:00+00:00,60,1,17,91.71709442138672,12.220149993896484,0,0,0,0,0,0,0,0,0,1,1,1,1,1,1,1,1,0,1,1,1,1,1,1,1
2022-01-14 17:15:00+00:00,60,1,17,384.69677734375,410.3149719238281,0,0,0,0,0,0,0,0,0,0,0,0,0,0,0,0,0,0,0,0,0,0,0,0,0
2022-01-14 17:15:00+00:00,60,1,17,517.8695068359375,238.52320861816406,0,0,0,0,0,0,0,0,0,0,0,0,0,0,0,0,0,0,0,0,0,0,0,0,0
2022-01-14 17:15:00+00:00,60,1,17,96.23844146728516,140.93727111816406,0,0,0,0,0,0,0,0,0,1,1,1,1,1,1,1,1,0,0,0,0,0,0,0,0
2022-01-14 17:30:00+00:00,60,1,17,317.6044006347656,,0,0,0,0,0,0,0,0,0,0,0,0,0,0,0,0,1,0,0,0,0,0,0,0,0
2022-01-14 17:30:00+00:00,60,1,17,189.03402709960938,,0,0,0,0,0,0,0,0,0,0,0,0,0,1,1,1,1,0,0,0,0,0,0,0,0
2022-01-14 17:30:00+00:00,60,1,17,303.9818115234375,380.02154541015625,0,0,0,0,0,0,0,0,0,0,0,0,0,0,0,0,1,0,0,0,0,0,0,0,0
2022-01-14 17:30:00+00:00,60,1,17,182.09869384765625,197.4571075439453,0,0,0,0,0,0,0,0,0,0,0,0,0,1,1,1,1,0,0,0,0,0,0,0,0
2022-01-14 17:30:00+00:00,60,1,17,271.683349609375,201.72293090820312,0,0,0,0,0,0,0,0,0,0,0,0,0,0,0,1,1,0,0,0,0,0,0,0,0
2022-01-14 17:30:00+00:00,60,1,17,174.4541778564453,335.2571105957031,0,0,0,0,0,0,0,0,0,0,0,0,1,1,1,1,1,0,0,0,0,0,0,0,0
2022-01-14 17:30:00+00:00,60,1,17,273.140625,244.95457458496094,0,0,0,0,0,0,0,0,0,0,0,0,0,0,0,1,1,0,0,0,0,0,0,0,0
2022-01-14 17:45:00+00:00,60,1,17,97.48062133789062,181.55105590820312,0,0,0,0,0,0,0,0,0,1,1,1,1,1,1,1,1,0,0,0,0,0,0,0,0
2022-01-14 17:45:00+00:00,60,1,17,257.9346923828125,163.08106994628906,0,0,0,0,0,0,0,0,0,0,0,0,0,0,0,1,1,0,0,0,0,0,0,0,0
2022-01-14 17:45:00+00:00,60,1,17,30.872114181518555,8.254643440246582,0,0,0,0,0,1,1,1,1,1,1,1,1,1,1,1,1,1,1,1,1,1,1,1,1
2022-01-14 17:45:00+00:00,60,1,17,453.0992126464844,212.87911987304688,0,0,0,0,0,0,0,0,0,0,0,0,0,0,0,0,0,0,0,0,0,0,0,0,0
2022-01-14 17:45:00+00:00,60,1,17,110.05104064941406,117.52545166015625,0,0,0,0,0,0,0,0,0,0,1,1,1,1,1,1,1,0,0,0,0,0,0,0,0
2022-01-14 17:45:00+00:00,60,1,17,85.36422729492188,114.29370880126953,0,0,0,0,0,0,0,0,0,1,1,1,1,1,1,1,1,0,0,0,0,0,0,0,0
2022-01-14 17:45:00+00:00,60,1,17,56.30997085571289,80.68444061279297,0,0,0,0,0,0,0,1,1,1,1,1,1,1,1,1,1,0,0,0,0,0,0,0,0
2022-01-14 17:45:00+00:00,60,1,17,246.67164611816406,216.99429321289062,0,0,0,0,0,0,0,0,0,0,0,0,0,0,1,1,1,0,0,0,0,0,0,0,0
2022-01-15 10:00:00+00:00,60,1,10,,,0,0,0,0,0,0,0,0,0,0,0,0,0,0,0,0,0,0,0,0,0,0,0,0,0
2022-01-15 10:00:00+00:00,60,1,10,,,0,0,0,0,0,0,0,0,0,0,0,0,0,0,0,0,0,0,0,0,0,0,0,0,0
2022-01-15 10:00:00+00:00,60,1,10,,,0,0,0,0,0,0,0,0,0,0,0,0,0,0,0,0,0,0,0,0,0,0,0,0,0
2022-01-15 10:00:00+00:00,60,1,10,,,0,0,0,0,0,0,0,0,0,0,0,0,0,0,0,0,0,0,0,0,0,0,0,0,0
2022-01-15 10:00:00+00:00,60,1,10,,,0,0,0,0,0,0,0,0,0,0,0,0,0,0,0,0,0,0,0,0,0,0,0,0,0
2022-01-15 10:00:00+00:00,60,1,10,,,0,0,0,0,0,0,0,0,0,0,0,0,0,0,0,0,0,0,0,0,0,0,0,0,0
2022-01-15 10:00:00+00:00,60,1,10,,,0,0,0,0,0,0,0,0,0,0,0,0,0,0,0,0,0,0,0,0,0,0,0,0,0
2022-01-15 10:00:00+00:00,60,1,10,,,0,0,0,0,0,0,0,0,0,0,0,0,0,0,0,0,0,0,0,0,0,0,0,0,0
2022-01-15 10:00:00+00:00,60,1,10,238.57717895507812,,0,0,0,0,0,0,0,0,0,0,0,0,0,0,1,1,1,0,0,0,0,0,0,0,0
2022-01-15 10:00:00+00:00,60,1,10,251.197021484375,501.02069091796875,0,0,0,0,0,0,0,0,0,0,0,0,0,0,0,1,1,0,0,0,0,0,0,0,0
2022-01-15 10:00:00+00:00,60,1,10,81.22847747802734,,0,0,0,0,0,0,0,0,0,1,1,1,1,1,1,1,1,0,0,0,0,0,0,0,0
2022-01-15 10:00:00+00:00,60,1,10,269.5041198730469,283.7828063964844,0,0,0,0,0,0,0,0,0,0,0,0,0,0,0,1,1,0,0,0,0,0,0,0,0
2022-01-15 10:00:00+00:00,60,1,10,121.0148696899414,87.5092544555664,0,0,0,0,0,0,0,0,0,0,0,1,1,1,1,1,1,0,0,0,0,0,0,0,0
2022-01-15 10:00:00+00:00,60,1,10,116.2850341796875,56.47860336303711,0,0,0,0,0,0,0,0,0,0,1,1,1,1,1,1,1,0,0,0,0,0,0,0,1
2022-01-15 10:00:00+00:00,60,1,10,197.24591064453125,6.2600321769714355,0,0,0,0,0,0,0,0,0,0,0,0,0,1,1,1,1,1,1,1,1,1,1,1,1
2022-01-15 10:00:00+00:00,60,1,10,400.47576904296875,254.63612365722656,0,0,0,0,0,0,0,0,0,0,0,0,0,0,0,0,0,0,0,0,0,0,0,0,0
2022-01-15 10:00:00+00:00,60,1,10,172.1446990966797,3.126723289489746,0,0,0,0,0,0,0,0,0,0,0,0,1,1,1,1,1,1,1,1,1,1,1,1,1
2022-01-15 10:00:00+00:00,60,1,10,82.41563415527344,52.492698669433594,0,0,0,0,0,0,0,0,0,1,1,1,1,1,1,1,1,0,0,0,0,0,0,0,1
2022-01-15 10:00:00+00:00,60,1,10,457.82391357421875,334.64788818359375,0,0,0,0,0,0,0,0,0,0,0,0,0,0,0,0,0,0,0,0,0,0,0,0,0
2022-01-15 10:00:00+00:00,60,1,10,84.38392639160156,96.91415405273438,0,0,0,0,0,0,0,0,0,1,1,1,1,1,1,1,1,0,0,0,0,0,0,0,0
2022-01-15 10:15:00+00:00,60,1,10,361.13677978515625,426.37933349609375,0,0,0,0,0,0,0,0,0,0,0,0,0,0,0,0,0,0,0,0,0,0,0,0,0
2022-01-15 10:15:00+00:00,60,1,10,,,0,0,0,0,0,0,0,0,0,0,0,0,0,0,0,0,0,0,0,0,0,0,0,0,0
2022-01-15 10:15:00+00:00,60,1,10,,336.219970703125,0,0,0,0,0,0,0,0,0,0,0,0,0,0,0,0,0,0,0,0,0,0,0,0,0
2022-01-15 10:15:00+00:00,60,1,10,,175.2399444580078,0,0,0,0,0,0,0,0,0,0,0,0,0,0,0,0,0,0,0,0,0,0,0,0,0
2022-01-15 10:15:00+00:00,60,1,10,,232.22744750976562,0,0,0,0,0,0,0,0,0,0,0,0,0,0,0,0,0,0,0,0,0,0,0,0,0
2022-01-15 10:15:00+00:00,60,1,10,307.3030700683594,557.0609741210938,0,0,0,0,0,0,0,0,0,0,0,0,0,0,0,0,1,0,0,0,0,0,0,0,0
2022-01-15 10:15:00+00:00,60,1,10,308.66156005859375,,0,0,0,0,0,0,0,0,0,0,0,0,0,0,0,0,1,0,0,0,0,0,0,0,0
2022-01-15 10:15:00+00:00,60,1,10,364.28851318359375,361.0204772949219,0,0,0,0,0,0,0,0,0,0,0,0,0,0,0,0,0,0,0,0,0,0,0,0,0
2022-01-15 10:15:00+00:00,60,1,10,203.2102813720703,,0,0,0,0,0,0,0,0,0,0,0,0,0,0,1,1,1,0,0,0,0,0,0,0,0
2022-01-15 10:15:00+00:00,60,1,10,215.34320068359375,383.0003356933594,0,0,0,0,0,0,0,0,0,0,0,0,0,0,1,1,1,0,0,0,0,0,0,0,0
2022-01-15 10:15:00+00:00,60,1,10,405.95697021484375,369.168212890625,0,0,0,0,0,0,0,0,0,0,0,0,0,0,0,0,0,0,0,0,0,0,0,0,0
2022-01-15 10:15:00+00:00,60,1,10,143.24078369140625,219.11427307128906,0,0,0,0,0,0,0,0,0,0,0,1,1,1,1,1,1,0,0,0,0,0,0,0,0
2022-01-15 10:15:00+00:00,60,1,10,86.6243896484375,0.0,0,0,0,0,0,0,0,0,0,1,1,1,1,1,1,1,1,1,1,1,1,1,1,1,1
2022-01-15 10:15:00+00:00,60,1,10,323.9416198730469,349.43499755859375,0,0,0,0,0,0,0,0,0,0,0,0,0,0,0,0,1,0,0,0,0,0,0,0,0
2022-01-15 10:15:00+00:00,60,1,10,316.4314880371094,436.0552062988281,0,0,0,0,0,0,0,0,0,0,0,0,0,0,0,0,1,0,0,0,0,0,0,0,0
2022-01-15 10:15:00+00:00,60,1,10,130.17103576660156,267.3454284667969,0,0,0,0,0,0,0,0,0,0,0,1,1,1,1,1,1,0,0,0,0,0,0,0,0
2022-01-15 10:15:00+00:00,60,1,10,135.32733154296875,20.55329132080078,0,0,0,0,0,0,0,0,0,0,0,1,1,1,1,1,1,0,0,0,1,1,1,1,1
2022-01-15 10:15:00+00:00,60,1,10,301.6094665527344,301.6200256347656,0,0,0,0,0,0,0,0,0,0,0,0,0,0,0,0,1,0,0,0,0,0,0,0,0
2022-01-15 10:15:00+00:00,60,1,10,372.7733459472656,251.14161682128906,0,0,0,0,0,0,0,0,0,0,0,0,0,0,0,0,0,0,0,0,0,0,0,0,0
2022-01-15 10:15:00+00:00,60,1,10,266.945556640625,182.74676513671875,0,0,0,0,0,0,0,0,0,0,0,0,0,0,0,1,1,0,0,0,0,0,0,0,0
2022-01-15 10:15:00+00:00,60,1,10,294.9791259765625,227.5785675048828,0,0,0,0,0,0,0,0,0,0,0,0,0,0,0,1,1,0,0,0,0,0,0,0,0
2022-01-15 10:15:00+00:00,60,1,10,364.1241760253906,303.8452453613281,0,0,0,0,0,0,0,0,0,0,0,0,0,0,0,0,0,0,0,0,0,0,0,0,0
2022-01-15 10:30:00+00:00,60,1,10,,,0,0,0,0,0,0,0,0,0,0,0,0,0,0,0,0,0,0,0,0,0,0,0,0,0
2022-01-15 10:30:00+00:00,60,1,10,443.9720764160156,,0,0,0,0,0,0,0,0,0,0,0,0,0,0,0,0,0,0,0,0,0,0,0,0,0
2022-01-15 10:30:00+00:00,60,1,10,547.5890502929688,528.2243041992188,0,0,0,0,0,0,0,0,0,0,0,0,0,0,0,0,0,0,0,0,0,0,0,0,0
2022-01-15 10:30:00+00:00,60,1,10,,,0,0,0,0,0,0,0,0,0,0,0,0,0,0,0,0,0,0,0,0,0,0,0,0,0
2022-01-15 10:30:00+00:00,60,1,10,,,0,0,0,0,0,0,0,0,0,0,0,0,0,0,0,0,0,0,0,0,0,0,0,0,0
2022-01-15 10:30:00+00:00,60,1,10,151.95057678222656,215.51377868652344,0,0,0,0,0,0,0,0,0,0,0,0,1,1,1,1,1,0,0,0,0,0,0,0,0
2022-01-15 10:30:00+00:00,60,1,10,328.7674560546875,201.86497497558594,0,0,0,0,0,0,0,0,0,0,0,0,0,0,0,0,1,0,0,0,0,0,0,0,0
2022-01-15 10:30:00+00:00,60,1,10,323.4551086425781,153.89039611816406,0,0,0,0,0,0,0,0,0,0,0,0,0,0,0,0,1,0,0,0,0,0,0,0,0
2022-01-15 10:30:00+00:00,60,1,10,63.82674026489258,11.276098251342773,0,0,0,0,0,0,0,0,1,1,1,1,1,1,1,1,1,0,1,1,1,1,1,1,1
2022-01-15 10:30:00+00:00,60,1,10,240.34762573242188,0.0,0,0,0,0,0,0,0,0,0,0,0,0,0,0,1,1,1,1,1,1,1,1,1,1,1
2022-01-15 10:30:00+00:00,60,1,10,171.18350219726562,0.0,0,0,0,0,0,0,0,0,0,0,0,0,1,1,1,1,1,1,1,1,1,1,1,1,1
2022-01-15 10:30:00+00:00,60,1,10,386.367431640625,316.24114990234375,0,0,0,0,0,0,0,0,0,0,0,0,0,0,0,0,0,0,0,0,0,0,0,0,0
2022-01-15 10:30:00+00:00,60,1,10,60.45426559448242,36.945499420166016,0,0,0,0,0,0,0,0,1,1,1,1,1,1,1,1,1,0,0,0,0,0,1,1,1
2022-01-15 10:30:00+00:00,60,1,10,169.08731079101562,207.89698791503906,0,0,0,0,0,0,0,0,0,0,0,0,1,1,1,1,1,0,0,0,0,0,0,0,0
2022-01-15 10:30:00+00:00,60,1,10,235.70269775390625,246.48324584960938,0,0,0,0,0,0,0,0,0,0,0,0,0,0,1,1,1,0,0,0,0,0,0,0,0
2022-01-15 10:30:00+00:00,60,1,10,,,0,0,0,0,0,0,0,0,0,0,0,0,0,0,0,0,0,0,0,0,0,0,0,0,0
2022-01-15 10:30:00+00:00,60,1,10,,,0,0,0,0,0,0,0,0,0,0,0,0,0,0,0,0,0,0,0,0,0,0,0,0,0
2022-01-15 10:45:00+00:00,60,1,10,89.62078094482422,317.5906982421875,0,0,0,0,0,0,0,0,0,1,1,1,1,1,1,1,1,0,0,0,0,0,0,0,0
2022-01-15 10:45:00+00:00,60,1,10,265.6551513671875,0.0,0,0,0,0,0,0,0,0,0,0,0,0,0,0,0,1,1,1,1,1,1,1,1,1,1
2022-01-15 10:45:00+00:00,60,1,10,,,0,0,0,0,0,0,0,0,0,0,0,0,0,0,0,0,0,0,0,0,0,0,0,0,0
2022-01-15 10:45:00+00:00,60,1,10,,,0,0,0,0,0,0,0,0,0,0,0,0,0,0,0,0,0,0,0,0,0,0,0,0,0
2022-01-15 10:45:00+00:00,60,1,10,,,0,0,0,0,0,0,0,0,0,0,0,0,0,0,0,0,0,0,0,0,0,0,0,0,0
2022-01-15 10:45:00+00:00,60,1,10,,27.28508186340332,0,0,0,0,0,0,0,0,0,0,0,0,0,0,0,0,0,0,0,0,0,1,1,1,1
2022-01-15 10:45:00+00:00,60,1,10,578.9838256835938,255.7278594970703,0,0,0,0,0,0,0,0,0,0,0,0,0,0,0,0,0,0,0,0,0,0,0,0,0
2022-01-15 10:45:00+00:00,60,1,10,471.953369140625,278.0065612792969,0,0,0,0,0,0,0,0,0,0,0,0,0,0,0,0,0,0,0,0,0,0,0,0,0
2022-01-15 10:45:00+00:00,60,1,10,125.36817169189453,322.6019287109375,0,0,0,0,0,0,0,0,0,0,0,1,1,1,1,1,1,0,0,0,0,0,0,0,0
2022-01-15 10:45:00+00:00,60,1,10,361.6982421875,149.5590362548828,0,0,0,0,0,0,0,0,0,0,0,0,0,0,0,0,0,0,0,0,0,0,0,0,0
2022-01-15 10:45:00+00:00,60,1,10,233.70175170898438,166.38104248046875,0,0,0,0,0,0,0,0,0,0,0,0,0,0,1,1,1,0,0,0,0,0,0,0,0
2022-01-15 10:45:00+00:00,60,1,10,118.99959564208984,0.0,0,0,0,0,0,0,0,0,0,0,1,1,1,1,1,1,1,1,1,1,1,1,1,1,1
2022-01-15 10:45:00+00:00,60,1,10,273.6881408691406,186.7915802001953,0,0,0,0,0,0,0,0,0,0,0,0,0,0,0,1,1,0,0,0,0,0,0,0,0
2022-01-15 10:45:00+00:00,60,1,10,,337.7124938964844,0,0,0,0,0,0,0,0,0,0,0,0,0,0,0,0,0,0,0,0,0,0,0,0,0
2022-01-15 11:00:00+00:00,60,1,11,,427.99847412109375,0,0,0,0,0,0,0,0,0,0,0,0,0,0,0,0,0,0,0,0,0,0,0,0,0
2022-01-15 11:00:00+00:00,60,1,11,,,0,0,0,0,0,0,0,0,0,0,0,0,0,0,0,0,0,0,0,0,0,0,0,0,0
2022-01-15 11:00:00+00:00,60,1,11,458.6665954589844,431.39227294921875,0,0,0,0,0,0,0,0,0,0,0,0,0,0,0,0,0,0,0,0,0,0,0,0,0
2022-01-15 11:00:00+00:00,60,1,11,,,0,0,0,0,0,0,0,0,0,0,0,0,0,0,0,0,0,0,0,0,0,0,0,0,0
2022-01-15 11:00:00+00:00,60,1,11,,,0,0,0,0,0,0,0,0,0,0,0,0,0,0,0,0,0,0,0,0,0,0,0,0,0
2022-01-15 11:00:00+00:00,60,1,11,,524.5430908203125,0,0,0,0,0,0,0,0,0,0,0,0,0,0,0,0,0,0,0,0,0,0,0,0,0
2022-01-15 11:00:00+00:00,60,1,11,295.65399169921875,268.2226257324219,0,0,0,0,0,0,0,0,0,0,0,0,0,0,0,1,1,0,0,0,0,0,0,0,0
2022-01-15 11:00:00+00:00,60,1,11,258.4087219238281,230.82896423339844,0,0,0,0,0,0,0,0,0,0,0,0,0,0,0,1,1,0,0,0,0,0,0,0,0
2022-01-15 11:00:00+00:00,60,1,11,,326.43341064453125,0,0,0,0,0,0,0,0,0,0,0,0,0,0,0,0,0,0,0,0,0,0,0,0,0
2022-01-15 11:00:00+00:00,60,1,11,,223.4354248046875,0,0,0,0,0,0,0,0,0,0,0,0,0,0,0,0,0,0,0,0,0,0,0,0,0
2022-01-15 11:00:00+00:00,60,1,11,,160.28187561035156,0,0,0,0,0,0,0,0,0,0,0,0,0,0,0,0,0,0,0,0,0,0,0,0,0
2022-01-15 11:00:00+00:00,60,1,11,390.9244079589844,55.91313552856445,0,0,0,0,0,0,0,0,0,0,0,0,0,0,0,0,0,0,0,0,0,0,0,0,1
2022-01-15 11:00:00+00:00,60,1,11,129.76470947265625,68.55655670166016,0,0,0,0,0,0,0,0,0,0,0,1,1,1,1,1,1,0,0,0,0,0,0,0,0
2022-01-15 11:00:00+00:00,60,1,11,108.48726654052734,55.83163833618164,0,0,0,0,0,0,0,0,0,0,1,1,1,1,1,1,1,0,0,0,0,0,0,0,1
2022-01-15 11:00:00+00:00,60,1,11,72.40203094482422,28.565393447875977,0,0,0,0,0,0,0,0,1,1,1,1,1,1,1,1,1,0,0,0,0,1,1,1,1
2022-01-15 11:00:00+00:00,60,1,11,96.44515228271484,37.51251220703125,0,0,0,0,0,0,0,0,0,1,1,1,1,1,1,1,1,0,0,0,0,0,1,1,1
2022-01-15 11:00:00+00:00,60,1,11,95.82190704345703,3.1319825649261475,0,0,0,0,0,0,0,0,0,1,1,1,1,1,1,1,1,1,1,1,1,1,1,1,1
2022-01-15 11:00:00+00:00,60,1,11,131.59642028808594,12.671189308166504,0,0,0,0,0,0,0,0,0,0,0,1,1,1,1,1,1,0,1,1,1,1,1,1,1
2022-01-15 11:00:00+00:00,60,1,11,111.93505096435547,42.84149169921875,0,0,0,0,0,0,0,0,0,0,1,1,1,1,1,1,1,0,0,0,0,0,0,1,1
2022-01-15 11:00:00+00:00,60,1,11,146.8321533203125,55.88473129272461,0,0,0,0,0,0,0,0,0,0,0,1,1,1,1,1,1,0,0,0,0,0,0,0,1
2022-01-15 11:00:00+00:00,60,1,11,406.865478515625,292.76593017578125,0,0,0,0,0,0,0,0,0,0,0,0,0,0,0,0,0,0,0,0,0,0,0,0,0
2022-01-15 11:00:00+00:00,60,1,11,,,0,0,0,0,0,0,0,0,0,0,0,0,0,0,0,0,0,0,0,0,0,0,0,0,0
2022-01-15 11:00:00+00:00,60,1,11,,,0,0,0,0,0,0,0,0,0,0,0,0,0,0,0,0,0,0,0,0,0,0,0,0,0
2022-01-15 11:00:00+00:00,60,1,11,,,0,0,0,0,0,0,0,0,0,0,0,0,0,0,0,0,0,0,0,0,0,0,0,0,0
2022-01-15 11:15:00+00:00,60,1,11,,,0,0,0,0,0,0,0,0,0,0,0,0,0,0,0,0,0,0,0,0,0,0,0,0,0
2022-01-15 11:15:00+00:00,60,1,11,172.3936309814453,176.97361755371094,0,0,0,0,0,0,0,0,0,0,0,0,1,1,1,1,1,0,0,0,0,0,0,0,0
2022-01-15 11:15:00+00:00,60,1,11,,198.8621368408203,0,0,0,0,0,0,0,0,0,0,0,0,0,0,0,0,0,0,0,0,0,0,0,0,0
2022-01-15 11:15:00+00:00,60,1,11,,208.08578491210938,0,0,0,0,0,0,0,0,0,0,0,0,0,0,0,0,0,0,0,0,0,0,0,0,0
2022-01-15 11:15:00+00:00,60,1,11,,,0,0,0,0,0,0,0,0,0,0,0,0,0,0,0,0,0,0,0,0,0,0,0,0,0
2022-01-15 11:15:00+00:00,60,1,11,,,0,0,0,0,0,0,0,0,0,0,0,0,0,0,0,0,0,0,0,0,0,0,0,0,0
2022-01-15 11:15:00+00:00,60,1,11,44.79067611694336,5.862109184265137,0,0,0,0,0,0,1,1,1,1,1,1,1,1,1,1,1,1,1,1,1,1,1,1,1
2022-01-15 11:15:00+00:00,60,1,11,285.5224304199219,0.0,0,0,0,0,0,0,0,0,0,0,0,0,0,0,0,1,1,1,1,1,1,1,1,1,1
2022-01-15 11:15:00+00:00,60,1,11,606.5047607421875,75.37326049804688,0,0,0,0,0,0,0,0,0,0,0,0,0,0,0,0,0,0,0,0,0,0,0,0,0
2022-01-15 11:15:00+00:00,60,1,11,,394.5326843261719,0,0,0,0,0,0,0,0,0,0,0,0,0,0,0,0,0,0,0,0,0,0,0,0,0
2022-01-15 11:15:00+00:00,60,1,11,267.4200439453125,215.0192108154297,0,0,0,0,0,0,0,0,0,0,0,0,0,0,0,1,1,0,0,0,0,0,0,0,0
2022-01-15 11:15:00+00:00,60,1,11,232.03392028808594,232.20591735839844,0,0,0,0,0,0,0,0,0,0,0,0,0,0,1,1,1,0,0,0,0,0,0,0,0
2022-01-15 11:15:00+00:00,60,1,11,434.6088562011719,234.58197021484375,0,0,0,0,0,0,0,0,0,0,0,0,0,0,0,0,0,0,0,0,0,0,0,0,0
2022-01-15 11:15:00+00:00,60,1,11,128.48471069335938,86.94683074951172,0,0,0,0,0,0,0,0,0,0,0,1,1,1,1,1,1,0,0,0,0,0,0,0,0
2022-01-15 11:15:00+00:00,60,1,11,74.51831817626953,38.382301330566406,0,0,0,0,0,0,0,0,1,1,1,1,1,1,1,1,1,0,0,0,0,0,1,1,1
2022-01-15 11:15:00+00:00,60,1,11,154.83702087402344,85.71146392822266,0,0,0,0,0,0,0,0,0,0,0,0,1,1,1,1,1,0,0,0,0,0,0,0,0
2022-01-15 11:15:00+00:00,60,1,11,348.8188171386719,112.9825439453125,0,0,0,0,0,0,0,0,0,0,0,0,0,0,0,0,1,0,0,0,0,0,0,0,0
2022-01-15 11:15:00+00:00,60,1,11,295.8592224121094,139.10133361816406,0,0,0,0,0,0,0,0,0,0,0,0,0,0,0,1,1,0,0,0,0,0,0,0,0
2022-01-15 11:15:00+00:00,60,1,11,194.4742889404297,311.3259582519531,0,0,0,0,0,0,0,0,0,0,0,0,0,1,1,1,1,0,0,0,0,0,0,0,0
2022-01-15 11:15:00+00:00,60,1,11,44.49424743652344,0.0,0,0,0,0,0,0,1,1,1,1,1,1,1,1,1,1,1,1,1,1,1,1,1,1,1
2022-01-15 11:15:00+00:00,60,1,11,129.37094116210938,108.75525665283203,0,0,0,0,0,0,0,0,0,0,0,1,1,1,1,1,1,0,0,0,0,0,0,0,0
2022-01-15 11:15:00+00:00,60,1,11,74.2662582397461,3.0770537853240967,0,0,0,0,0,0,0,0,1,1,1,1,1,1,1,1,1,1,1,1,1,1,1,1,1
2022-01-15 11:15:00+00:00,60,1,11,369.53826904296875,266.6631164550781,0,0,0,0,0,0,0,0,0,0,0,0,0,0,0,0,0,0,0,0,0,0,0,0,0
2022-01-15 11:15:00+00:00,60,1,11,257.03369140625,128.37686157226562,0,0,0,0,0,0,0,0,0,0,0,0,0,0,0,1,1,0,0,0,0,0,0,0,0
2022-01-15 11:15:00+00:00,60,1,11,411.2673034667969,221.92384338378906,0,0,0,0,0,0,0,0,0,0,0,0,0,0,0,0,0,0,0,0,0,0,0,0,0
2022-01-15 11:15:00+00:00,60,1,11,,83.83149719238281,0,0,0,0,0,0,0,0,0,0,0,0,0,0,0,0,0,0,0,0,0,0,0,0,0
2022-01-15 11:15:00+00:00,60,1,11,,,0,0,0,0,0,0,0,0,0,0,0,0,0,0,0,0,0,0,0,0,0,0,0,0,0
2022-01-15 11:30:00+00:00,60,1,11,154.82553100585938,28.61617088317871,0,0,0,0,0,0,0,0,0,0,0,0,1,1,1,1,1,0,0,0,0,1,1,1,1
2022-01-15 11:30:00+00:00,60,1,11,278.3302307128906,251.0611114501953,0,0,0,0,0,0,0,0,0,0,0,0,0,0,0,1,1,0,0,0,0,0,0,0,0
2022-01-15 11:30:00+00:00,60,1,11,184.95985412597656,179.70977783203125,0,0,0,0,0,0,0,0,0,0,0,0,0,1,1,1,1,0,0,0,0,0,0,0,0
2022-01-15 11:30:00+00:00,60,1,11,145.5362548828125,132.54063415527344,0,0,0,0,0,0,0,0,0,0,0,1,1,1,1,1,1,0,0,0,0,0,0,0,0
2022-01-15 11:30:00+00:00,60,1,11,222.3174591064453,53.20161056518555,0,0,0,0,0,0,0,0,0,0,0,0,0,0,1,1,1,0,0,0,0,0,0,0,1
2022-01-15 11:30:00+00:00,60,1,11,74.322998046875,0.0,0,0,0,0,0,0,0,0,1,1,1,1,1,1,1,1,1,1,1,1,1,1,1,1,1
2022-01-15 11:30:00+00:00,60,1,11,43.40549087524414,0.0,0,0,0,0,0,0,1,1,1,1,1,1,1,1,1,1,1,1,1,1,1,1,1,1,1
2022-01-15 11:30:00+00:00,60,1,11,107.5910873413086,57.709922790527344,0,0,0,0,0,0,0,0,0,0,1,1,1,1,1,1,1,0,0,0,0,0,0,0,1
2022-01-15 11:30:00+00:00,60,1,11,86.49137115478516,114.05126953125,0,0,0,0,0,0,0,0,0,1,1,1,1,1,1,1,1,0,0,0,0,0,0,0,0
2022-01-15 11:30:00+00:00,60,1,11,365.12396240234375,300.90472412109375,0,0,0,0,0,0,0,0,0,0,0,0,0,0,0,0,0,0,0,0,0,0,0,0,0
2022-01-15 11:30:00+00:00,60,1,11,,22.55493927001953,0,0,0,0,0,0,0,0,0,0,0,0,0,0,0,0,0,0,0,0,1,1,1,1,1
2022-01-15 11:30:00+00:00,60,1,11,,,0,0,0,0,0,0,0,0,0,0,0,0,0,0,0,0,0,0,0,0,0,0,0,0,0
2022-01-15 11:45:00+00:00,60,1,11,,,0,0,0,0,0,0,0,0,0,0,0,0,0,0,0,0,0,0,0,0,0,0,0,0,0
2022-01-15 11:45:00+00:00,60,1,11,,360.35003662109375,0,0,0,0,0,0,0,0,0,0,0,0,0,0,0,0,0,0,0,0,0,0,0,0,0
2022-01-15 11:45:00+00:00,60,1,11,,476.5643615722656,0,0,0,0,0,0,0,0,0,0,0,0,0,0,0,0,0,0,0,0,0,0,0,0,0
2022-01-15 11:45:00+00:00,60,1,11,,406.9886779785156,0,0,0,0,0,0,0,0,0,0,0,0,0,0,0,0,0,0,0,0,0,0,0,0,0
2022-01-15 11:45:00+00:00,60,1,11,,145.43104553222656,0,0,0,0,0,0,0,0,0,0,0,0,0,0,0,0,0,0,0,0,0,0,0,0,0
2022-01-15 11:45:00+00:00,60,1,11,,406.8042907714844,0,0,0,0,0,0,0,0,0,0,0,0,0,0,0,0,0,0,0,0,0,0,0,0,0
2022-01-15 11:45:00+00:00,60,1,11,,170.59271240234375,0,0,0,0,0,0,0,0,0,0,0,0,0,0,0,0,0,0,0,0,0,0,0,0,0
2022-01-15 11:45:00+00:00,60,1,11,168.91421508789062,174.9581298828125,0,0,0,0,0,0,0,0,0,0,0,0,1,1,1,1,1,0,0,0,0,0,0,0,0
2022-01-15 11:45:00+00:00,60,1,11,119.81874084472656,173.79940795898438,0,0,0,0,0,0,0,0,0,0,1,1,1,1,1,1,1,0,0,0,0,0,0,0,0
2022-01-15 11:45:00+00:00,60,1,11,97.80977630615234,131.83810424804688,0,0,0,0,0,0,0,0,0,1,1,1,1,1,1,1,1,0,0,0,0,0,0,0,0
2022-01-15 11:45:00+00:00,60,1,11,163.17919921875,116.03291320800781,0,0,0,0,0,0,0,0,0,0,0,0,1,1,1,1,1,0,0,0,0,0,0,0,0
2022-01-15 11:45:00+00:00,60,1,11,555.1197509765625,437.77142333984375,0,0,0,0,0,0,0,0,0,0,0,0,0,0,0,0,0,0,0,0,0,0,0,0,0
2022-01-15 11:45:00+00:00,60,1,11,318.0825500488281,61.135406494140625,0,0,0,0,0,0,0,0,0,0,0,0,0,0,0,0,1,0,0,0,0,0,0,0,0
2022-01-15 11:45:00+00:00,60,1,11,147.51275634765625,214.0465087890625,0,0,0,0,0,0,0,0,0,0,0,1,1,1,1,1,1,0,0,0,0,0,0,0,0
2022-01-15 12:00:00+00:00,60,1,12,,,0,0,0,0,0,0,0,0,0,0,0,0,0,0,0,0,0,0,0,0,0,0,0,0,0
2022-01-15 12:00:00+00:00,60,1,12,232.10899353027344,196.137451171875,0,0,0,0,0,0,0,0,0,0,0,0,0,0,1,1,1,0,0,0,0,0,0,0,0
2022-01-15 12:00:00+00:00,60,1,12,61.74391174316406,17.654720306396484,0,0,0,0,0,0,0,0,1,1,1,1,1,1,1,1,1,0,0,1,1,1,1,1,1
2022-01-15 12:00:00+00:00,60,1,12,95.28227996826172,27.31431770324707,0,0,0,0,0,0,0,0,0,1,1,1,1,1,1,1,1,0,0,0,0,1,1,1,1
2022-01-15 12:00:00+00:00,60,1,12,,,0,0,0,0,0,0,0,0,0,0,0,0,0,0,0,0,0,0,0,0,0,0,0,0,0
2022-01-15 12:00:00+00:00,60,1,12,405.8677978515625,33.39438247680664,0,0,0,0,0,0,0,0,0,0,0,0,0,0,0,0,0,0,0,0,0,0,1,1,1
2022-01-15 12:00:00+00:00,60,1,12,187.9241180419922,192.8128662109375,0,0,0,0,0,0,0,0,0,0,0,0,0,1,1,1,1,0,0,0,0,0,0,0,0
2022-01-15 12:00:00+00:00,60,1,12,347.3097229003906,295.6969299316406,0,0,0,0,0,0,0,0,0,0,0,0,0,0,0,0,1,0,0,0,0,0,0,0,0
2022-01-15 12:00:00+00:00,60,1,12,213.21653747558594,236.63833618164062,0,0,0,0,0,0,0,0,0,0,0,0,0,0,1,1,1,0,0,0,0,0,0,0,0
2022-01-15 12:00:00+00:00,60,1,12,221.4129180908203,230.39251708984375,0,0,0,0,0,0,0,0,0,0,0,0,0,0,1,1,1,0,0,0,0,0,0,0,0
2022-01-15 12:00:00+00:00,60,1,12,129.88760375976562,98.4338150024414,0,0,0,0,0,0,0,0,0,0,0,1,1,1,1,1,1,0,0,0,0,0,0,0,0
2022-01-15 12:00:00+00:00,60,1,12,86.47942352294922,3.1205239295959473,0,0,0,0,0,0,0,0,0,1,1,1,1,1,1,1,1,1,1,1,1,1,1,1,1
2022-01-15 12:00:00+00:00,60,1,12,95.16631317138672,50.23905944824219,0,0,0,0,0,0,0,0,0,1,1,1,1,1,1,1,1,0,0,0,0,0,0,0,1
2022-01-15 12:00:00+00:00,60,1,12,301.82177734375,79.24713134765625,0,0,0,0,0,0,0,0,0,0,0,0,0,0,0,0,1,0,0,0,0,0,0,0,0
2022-01-15 12:00:00+00:00,60,1,12,120.40103912353516,333.0006408691406,0,0,0,0,0,0,0,0,0,0,0,1,1,1,1,1,1,0,0,0,0,0,0,0,0
2022-01-15 12:00:00+00:00,60,1,12,,0.0,0,0,0,0,0,0,0,0,0,0,0,0,0,0,0,0,0,1,1,1,1,1,1,1,1
2022-01-15 12:00:00+00:00,60,1,12,,133.17706298828125,0,0,0,0,0,0,0,0,0,0,0,0,0,0,0,0,0,0,0,0,0,0,0,0,0
2022-01-15 12:00:00+00:00,60,1,12,,421.6297302246094,0,0,0,0,0,0,0,0,0,0,0,0,0,0,0,0,0,0,0,0,0,0,0,0,0
2022-01-15 12:00:00+00:00,60,1,12,,161.6815185546875,0,0,0,0,0,0,0,0,0,0,0,0,0,0,0,0,0,0,0,0,0,0,0,0,0
2022-01-15 12:15:00+00:00,60,1,12,,,0,0,0,0,0,0,0,0,0,0,0,0,0,0,0,0,0,0,0,0,0,0,0,0,0
2022-01-15 12:15:00+00:00,60,1,12,,,0,0,0,0,0,0,0,0,0,0,0,0,0,0,0,0,0,0,0,0,0,0,0,0,0
2022-01-15 12:15:00+00:00,60,1,12,,,0,0,0,0,0,0,0,0,0,0,0,0,0,0,0,0,0,0,0,0,0,0,0,0,0
2022-01-15 12:15:00+00:00,60,1,12,253.94229125976562,220.78433227539062,0,0,0,0,0,0,0,0,0,0,0,0,0,0,0,1,1,0,0,0,0,0,0,0,0
2022-01-15 12:15:00+00:00,60,1,12,338.43109130859375,299.53143310546875,0,0,0,0,0,0,0,0,0,0,0,0,0,0,0,0,1,0,0,0,0,0,0,0,0
2022-01-15 12:15:00+00:00,60,1,12,,,0,0,0,0,0,0,0,0,0,0,0,0,0,0,0,0,0,0,0,0,0,0,0,0,0
2022-01-15 12:15:00+00:00,60,1,12,177.4327850341797,180.5194091796875,0,0,0,0,0,0,0,0,0,0,0,0,1,1,1,1,1,0,0,0,0,0,0,0,0
2022-01-15 12:15:00+00:00,60,1,12,114.63677978515625,141.0451202392578,0,0,0,0,0,0,0,0,0,0,1,1,1,1,1,1,1,0,0,0,0,0,0,0,0
2022-01-15 12:15:00+00:00,60,1,12,108.14144897460938,0.0,0,0,0,0,0,0,0,0,0,0,1,1,1,1,1,1,1,1,1,1,1,1,1,1,1
2022-01-15 12:15:00+00:00,60,1,12,83.35847473144531,16.815265655517578,0,0,0,0,0,0,0,0,0,1,1,1,1,1,1,1,1,0,0,1,1,1,1,1,1
2022-01-15 12:15:00+00:00,60,1,12,,0.0,0,0,0,0,0,0,0,0,0,0,0,0,0,0,0,0,0,1,1,1,1,1,1,1,1
2022-01-15 12:15:00+00:00,60,1,12,,17.056554794311523,0,0,0,0,0,0,0,0,0,0,0,0,0,0,0,0,0,0,0,1,1,1,1,1,1
2022-01-15 12:15:00+00:00,60,1,12,,161.96426391601562,0,0,0,0,0,0,0,0,0,0,0,0,0,0,0,0,0,0,0,0,0,0,0,0,0
2022-01-15 12:15:00+00:00,60,1,12,,230.23468017578125,0,0,0,0,0,0,0,0,0,0,0,0,0,0,0,0,0,0,0,0,0,0,0,0,0
2022-01-15 12:30:00+00:00,60,1,12,,,0,0,0,0,0,0,0,0,0,0,0,0,0,0,0,0,0,0,0,0,0,0,0,0,0
2022-01-15 12:30:00+00:00,60,1,12,344.390380859375,342.416015625,0,0,0,0,0,0,0,0,0,0,0,0,0,0,0,0,1,0,0,0,0,0,0,0,0
2022-01-15 12:30:00+00:00,60,1,12,95.31902313232422,85.91497802734375,0,0,0,0,0,0,0,0,0,1,1,1,1,1,1,1,1,0,0,0,0,0,0,0,0
2022-01-15 12:30:00+00:00,60,1,12,199.2904052734375,312.5489501953125,0,0,0,0,0,0,0,0,0,0,0,0,0,1,1,1,1,0,0,0,0,0,0,0,0
2022-01-15 12:30:00+00:00,60,1,12,125.46194458007812,34.64179229736328,0,0,0,0,0,0,0,0,0,0,0,1,1,1,1,1,1,0,0,0,0,0,1,1,1
2022-01-15 12:30:00+00:00,60,1,12,101.62411499023438,61.34678649902344,0,0,0,0,0,0,0,0,0,0,1,1,1,1,1,1,1,0,0,0,0,0,0,0,0
2022-01-15 12:30:00+00:00,60,1,12,285.4676208496094,309.2900085449219,0,0,0,0,0,0,0,0,0,0,0,0,0,0,0,1,1,0,0,0,0,0,0,0,0
2022-01-15 12:30:00+00:00,60,1,12,185.1507568359375,11.264532089233398,0,0,0,0,0,0,0,0,0,0,0,0,0,1,1,1,1,0,1,1,1,1,1,1,1
2022-01-15 12:30:00+00:00,60,1,12,106.49152374267578,73.80091094970703,0,0,0,0,0,0,0,0,0,0,1,1,1,1,1,1,1,0,0,0,0,0,0,0,0
2022-01-15 12:30:00+00:00,60,1,12,330.2044677734375,265.28668212890625,0,0,0,0,0,0,0,0,0,0,0,0,0,0,0,0,1,0,0,0,0,0,0,0,0
2022-01-15 12:30:00+00:00,60,1,12,321.71875,289.26959228515625,0,0,0,0,0,0,0,0,0,0,0,0,0,0,0,0,1,0,0,0,0,0,0,0,0
2022-01-15 12:30:00+00:00,60,1,12,147.76356506347656,208.3506317138672,0,0,0,0,0,0,0,0,0,0,0,1,1,1,1,1,1,0,0,0,0,0,0,0,0
2022-01-15 12:30:00+00:00,60,1,12,97.00465393066406,80.7228775024414,0,0,0,0,0,0,0,0,0,1,1,1,1,1,1,1,1,0,0,0,0,0,0,0,0
2022-01-15 12:30:00+00:00,60,1,12,109.24411010742188,3.5561463832855225,0,0,0,0,0,0,0,0,0,0,1,1,1,1,1,1,1,1,1,1,1,1,1,1,1
2022-01-15 12:30:00+00:00,60,1,12,41.88786697387695,14.631010055541992,0,0,0,0,0,0,1,1,1,1,1,1,1,1,1,1,1,0,1,1,1,1,1,1,1
2022-01-15 12:30:00+00:00,60,1,12,326.31085205078125,256.2752685546875,0,0,0,0,0,0,0,0,0,0,0,0,0,0,0,0,1,0,0,0,0,0,0,0,0
2022-01-15 12:45:00+00:00,60,1,12,,469.97613525390625,0,0,0,0,0,0,0,0,0,0,0,0,0,0,0,0,0,0,0,0,0,0,0,0,0
2022-01-15 12:45:00+00:00,60,1,12,469.32769775390625,344.43170166015625,0,0,0,0,0,0,0,0,0,0,0,0,0,0,0,0,0,0,0,0,0,0,0,0,0
2022-01-15 12:45:00+00:00,60,1,12,295.2282409667969,96.80400085449219,0,0,0,0,0,0,0,0,0,0,0,0,0,0,0,1,1,0,0,0,0,0,0,0,0
2022-01-15 12:45:00+00:00,60,1,12,200.80747985839844,284.091064453125,0,0,0,0,0,0,0,0,0,0,0,0,0,0,1,1,1,0,0,0,0,0,0,0,0
2022-01-15 12:45:00+00:00,60,1,12,,,0,0,0,0,0,0,0,0,0,0,0,0,0,0,0,0,0,0,0,0,0,0,0,0,0
2022-01-15 12:45:00+00:00,60,1,12,77.60476684570312,33.885009765625,0,0,0,0,0,0,0,0,1,1,1,1,1,1,1,1,1,0,0,0,0,0,1,1,1
2022-01-15 12:45:00+00:00,60,1,12,356.8474426269531,239.32528686523438,0,0,0,0,0,0,0,0,0,0,0,0,0,0,0,0,0,0,0,0,0,0,0,0,0
2022-01-15 12:45:00+00:00,60,1,12,193.32443237304688,132.2701873779297,0,0,0,0,0,0,0,0,0,0,0,0,0,1,1,1,1,0,0,0,0,0,0,0,0
2022-01-15 12:45:00+00:00,60,1,12,134.60507202148438,13.374902725219727,0,0,0,0,0,0,0,0,0,0,0,1,1,1,1,1,1,0,1,1,1,1,1,1,1
2022-01-15 12:45:00+00:00,60,1,12,270.3952941894531,219.3611602783203,0,0,0,0,0,0,0,0,0,0,0,0,0,0,0,1,1,0,0,0,0,0,0,0,0
2022-01-15 12:45:00+00:00,60,1,12,57.00190734863281,0.0,0,0,0,0,0,0,0,1,1,1,1,1,1,1,1,1,1,1,1,1,1,1,1,1,1
2022-01-15 12:45:00+00:00,60,1,12,,288.67919921875,0,0,0,0,0,0,0,0,0,0,0,0,0,0,0,0,0,0,0,0,0,0,0,0,0
2022-01-15 12:45:00+00:00,60,1,12,240.87449645996094,133.27194213867188,0,0,0,0,0,0,0,0,0,0,0,0,0,0,1,1,1,0,0,0,0,0,0,0,0
2022-01-15 12:45:00+00:00,60,1,12,66.26737976074219,41.2116584777832,0,0,0,0,0,0,0,0,1,1,1,1,1,1,1,1,1,0,0,0,0,0,0,1,1
2022-01-15 12:45:00+00:00,60,1,12,43.628135681152344,45.62379455566406,0,0,0,0,0,0,1,1,1,1,1,1,1,1,1,1,1,0,0,0,0,0,0,1,1
2022-01-15 12:45:00+00:00,60,1,12,302.19427490234375,157.86195373535156,0,0,0,0,0,0,0,0,0,0,0,0,0,0,0,0,1,0,0,0,0,0,0,0,0
2022-01-15 12:45:00+00:00,60,1,12,91.75453186035156,182.15252685546875,0,0,0,0,0,0,0,0,0,1,1,1,1,1,1,1,1,0,0,0,0,0,0,0,0
2022-01-15 12:45:00+00:00,60,1,12,263.1712646484375,237.5992889404297,0,0,0,0,0,0,0,0,0,0,0,0,0,0,0,1,1,0,0,0,0,0,0,0,0
2022-01-15 12:45:00+00:00,60,1,12,86.01113891601562,44.41426467895508,0,0,0,0,0,0,0,0,0,1,1,1,1,1,1,1,1,0,0,0,0,0,0,1,1
2022-01-15 12:45:00+00:00,60,1,12,450.16845703125,334.951416015625,0,0,0,0,0,0,0,0,0,0,0,0,0,0,0,0,0,0,0,0,0,0,0,0,0
2022-01-15 12:45:00+00:00,60,1,12,,,0,0,0,0,0,0,0,0,0,0,0,0,0,0,0,0,0,0,0,0,0,0,0,0,0
2022-01-15 13:00:00+00:00,60,1,13,314.87628173828125,394.1428527832031,0,0,0,0,0,0,0,0,0,0,0,0,0,0,0,0,1,0,0,0,0,0,0,0,0
2022-01-15 13:00:00+00:00,60,1,13,406.9173583984375,417.8586120605469,0,0,0,0,0,0,0,0,0,0,0,0,0,0,0,0,0,0,0,0,0,0,0,0,0
2022-01-15 13:00:00+00:00,60,1,13,361.0483703613281,71.9474105834961,0,0,0,0,0,0,0,0,0,0,0,0,0,0,0,0,0,0,0,0,0,0,0,0,0
2022-01-15 13:00:00+00:00,60,1,13,273.0578308105469,350.5159912109375,0,0,0,0,0,0,0,0,0,0,0,0,0,0,0,1,1,0,0,0,0,0,0,0,0
2022-01-15 13:00:00+00:00,60,1,13,313.9269714355469,290.70867919921875,0,0,0,0,0,0,0,0,0,0,0,0,0,0,0,0,1,0,0,0,0,0,0,0,0
2022-01-15 13:00:00+00:00,60,1,13,62.75115203857422,6.4113945960998535,0,0,0,0,0,0,0,0,1,1,1,1,1,1,1,1,1,1,1,1,1,1,1,1,1
2022-01-15 13:00:00+00:00,60,1,13,96.4861831665039,67.35832214355469,0,0,0,0,0,0,0,0,0,1,1,1,1,1,1,1,1,0,0,0,0,0,0,0,0
2022-01-15 13:00:00+00:00,60,1,13,100.14060974121094,65.85546112060547,0,0,0,0,0,0,0,0,0,0,1,1,1,1,1,1,1,0,0,0,0,0,0,0,0
2022-01-15 13:00:00+00:00,60,1,13,114.21475982666016,107.69029235839844,0,0,0,0,0,0,0,0,0,0,1,1,1,1,1,1,1,0,0,0,0,0,0,0,0
2022-01-15 13:00:00+00:00,60,1,13,114.01774597167969,64.12255859375,0,0,0,0,0,0,0,0,0,0,1,1,1,1,1,1,1,0,0,0,0,0,0,0,0
2022-01-15 13:00:00+00:00,60,1,13,146.2420196533203,149.60671997070312,0,0,0,0,0,0,0,0,0,0,0,1,1,1,1,1,1,0,0,0,0,0,0,0,0
2022-01-15 13:00:00+00:00,60,1,13,155.88644409179688,87.09408569335938,0,0,0,0,0,0,0,0,0,0,0,0,1,1,1,1,1,0,0,0,0,0,0,0,0
2022-01-15 13:00:00+00:00,60,1,13,85.25360107421875,209.87327575683594,0,0,0,0,0,0,0,0,0,1,1,1,1,1,1,1,1,0,0,0,0,0,0,0,0
2022-01-15 13:00:00+00:00,60,1,13,187.2360076904297,200.50657653808594,0,0,0,0,0,0,0,0,0,0,0,0,0,1,1,1,1,0,0,0,0,0,0,0,0
2022-01-15 13:00:00+00:00,60,1,13,102.26838684082031,13.40584945678711,0,0,0,0,0,0,0,0,0,0,1,1,1,1,1,1,1,0,1,1,1,1,1,1,1
2022-01-15 13:00:00+00:00,60,1,13,173.22332763671875,90.52593994140625,0,0,0,0,0,0,0,0,0,0,0,0,1,1,1,1,1,0,0,0,0,0,0,0,0
2022-01-15 13:00:00+00:00,60,1,13,175.6967315673828,31.010639190673828,0,0,0,0,0,0,0,0,0,0,0,0,1,1,1,1,1,0,0,0,0,0,1,1,1
2022-01-15 13:00:00+00:00,60,1,13,169.52377319335938,9.288528442382812,0,0,0,0,0,0,0,0,0,0,0,0,1,1,1,1,1,1,1,1,1,1,1,1,1
2022-01-15 13:00:00+00:00,60,1,13,127.65715789794922,3.5920424461364746,0,0,0,0,0,0,0,0,0,0,0,1,1,1,1,1,1,1,1,1,1,1,1,1,1
2022-01-15 13:00:00+00:00,60,1,13,145.19715881347656,31.14318084716797,0,0,0,0,0,0,0,0,0,0,0,1,1,1,1,1,1,0,0,0,0,0,1,1,1
2022-01-15 13:00:00+00:00,60,1,13,,,0,0,0,0,0,0,0,0,0,0,0,0,0,0,0,0,0,0,0,0,0,0,0,0,0
2022-01-15 13:00:00+00:00,60,1,13,,,0,0,0,0,0,0,0,0,0,0,0,0,0,0,0,0,0,0,0,0,0,0,0,0,0
2022-01-15 13:15:00+00:00,60,1,13,174.40591430664062,277.4907531738281,0,0,0,0,0,0,0,0,0,0,0,0,1,1,1,1,1,0,0,0,0,0,0,0,0
2022-01-15 13:15:00+00:00,60,1,13,372.0506286621094,371.0893249511719,0,0,0,0,0,0,0,0,0,0,0,0,0,0,0,0,0,0,0,0,0,0,0,0,0
2022-01-15 13:15:00+00:00,60,1,13,459.88470458984375,292.25738525390625,0,0,0,0,0,0,0,0,0,0,0,0,0,0,0,0,0,0,0,0,0,0,0,0,0
2022-01-15 13:15:00+00:00,60,1,13,502.1185302734375,474.2359924316406,0,0,0,0,0,0,0,0,0,0,0,0,0,0,0,0,0,0,0,0,0,0,0,0,0
2022-01-15 13:15:00+00:00,60,1,13,266.12371826171875,25.74277114868164,0,0,0,0,0,0,0,0,0,0,0,0,0,0,0,1,1,0,0,0,0,1,1,1,1
2022-01-15 13:15:00+00:00,60,1,13,203.02236938476562,0.0,0,0,0,0,0,0,0,0,0,0,0,0,0,0,1,1,1,1,1,1,1,1,1,1,1
2022-01-15 13:15:00+00:00,60,1,13,155.38137817382812,166.61766052246094,0,0,0,0,0,0,0,0,0,0,0,0,1,1,1,1,1,0,0,0,0,0,0,0,0
2022-01-15 13:15:00+00:00,60,1,13,204.94097900390625,196.53382873535156,0,0,0,0,0,0,0,0,0,0,0,0,0,0,1,1,1,0,0,0,0,0,0,0,0
2022-01-15 13:15:00+00:00,60,1,13,85.82536315917969,53.91638946533203,0,0,0,0,0,0,0,0,0,1,1,1,1,1,1,1,1,0,0,0,0,0,0,0,1
2022-01-15 13:15:00+00:00,60,1,13,85.39228057861328,32.476837158203125,0,0,0,0,0,0,0,0,0,1,1,1,1,1,1,1,1,0,0,0,0,0,1,1,1
2022-01-15 13:15:00+00:00,60,1,13,135.97152709960938,6.242508888244629,0,0,0,0,0,0,0,0,0,0,0,1,1,1,1,1,1,1,1,1,1,1,1,1,1
2022-01-15 13:15:00+00:00,60,1,13,235.22915649414062,141.9304962158203,0,0,0,0,0,0,0,0,0,0,0,0,0,0,1,1,1,0,0,0,0,0,0,0,0
2022-01-15 13:15:00+00:00,60,1,13,183.3368682861328,190.96011352539062,0,0,0,0,0,0,0,0,0,0,0,0,0,1,1,1,1,0,0,0,0,0,0,0,0
2022-01-15 13:15:00+00:00,60,1,13,319.124755859375,126.19803619384766,0,0,0,0,0,0,0,0,0,0,0,0,0,0,0,0,1,0,0,0,0,0,0,0,0
2022-01-15 13:15:00+00:00,60,1,13,,,0,0,0,0,0,0,0,0,0,0,0,0,0,0,0,0,0,0,0,0,0,0,0,0,0
2022-01-15 13:30:00+00:00,60,1,13,532.8836059570312,438.420654296875,0,0,0,0,0,0,0,0,0,0,0,0,0,0,0,0,0,0,0,0,0,0,0,0,0
2022-01-15 13:30:00+00:00,60,1,13,243.42416381835938,6.931980609893799,0,0,0,0,0,0,0,0,0,0,0,0,0,0,1,1,1,1,1,1,1,1,1,1,1
2022-01-15 13:30:00+00:00,60,1,13,308.73980712890625,59.231658935546875,0,0,0,0,0,0,0,0,0,0,0,0,0,0,0,0,1,0,0,0,0,0,0,0,1
2022-01-15 13:30:00+00:00,60,1,13,,239.88046264648438,0,0,0,0,0,0,0,0,0,0,0,0,0,0,0,0,0,0,0,0,0,0,0,0,0
2022-01-15 13:30:00+00:00,60,1,13,,256.75604248046875,0,0,0,0,0,0,0,0,0,0,0,0,0,0,0,0,0,0,0,0,0,0,0,0,0
2022-01-15 13:30:00+00:00,60,1,13,83.18473052978516,61.90138626098633,0,0,0,0,0,0,0,0,0,1,1,1,1,1,1,1,1,0,0,0,0,0,0,0,0
2022-01-15 13:30:00+00:00,60,1,13,97.93157196044922,151.85890197753906,0,0,0,0,0,0,0,0,0,1,1,1,1,1,1,1,1,0,0,0,0,0,0,0,0
2022-01-15 13:30:00+00:00,60,1,13,103.14280700683594,185.49700927734375,0,0,0,0,0,0,0,0,0,0,1,1,1,1,1,1,1,0,0,0,0,0,0,0,0
2022-01-15 13:30:00+00:00,60,1,13,69.66494750976562,91.01652526855469,0,0,0,0,0,0,0,0,1,1,1,1,1,1,1,1,1,0,0,0,0,0,0,0,0
2022-01-15 13:30:00+00:00,60,1,13,274.8808288574219,274.1146240234375,0,0,0,0,0,0,0,0,0,0,0,0,0,0,0,1,1,0,0,0,0,0,0,0,0
2022-01-15 13:30:00+00:00,60,1,13,49.26018524169922,0.0,0,0,0,0,0,0,1,1,1,1,1,1,1,1,1,1,1,1,1,1,1,1,1,1,1
2022-01-15 13:30:00+00:00,60,1,13,179.3682098388672,125.81962585449219,0,0,0,0,0,0,0,0,0,0,0,0,1,1,1,1,1,0,0,0,0,0,0,0,0
2022-01-15 13:30:00+00:00,60,1,13,165.33786010742188,62.206111907958984,0,0,0,0,0,0,0,0,0,0,0,0,1,1,1,1,1,0,0,0,0,0,0,0,0
2022-01-15 13:45:00+00:00,60,1,13,190.2949676513672,127.84162902832031,0,0,0,0,0,0,0,0,0,0,0,0,0,1,1,1,1,0,0,0,0,0,0,0,0
2022-01-15 13:45:00+00:00,60,1,13,286.1900939941406,292.0388488769531,0,0,0,0,0,0,0,0,0,0,0,0,0,0,0,1,1,0,0,0,0,0,0,0,0
2022-01-15 13:45:00+00:00,60,1,13,359.635498046875,362.8763427734375,0,0,0,0,0,0,0,0,0,0,0,0,0,0,0,0,0,0,0,0,0,0,0,0,0
2022-01-15 13:45:00+00:00,60,1,13,250.1109161376953,256.5252990722656,0,0,0,0,0,0,0,0,0,0,0,0,0,0,0,1,1,0,0,0,0,0,0,0,0
2022-01-15 13:45:00+00:00,60,1,13,325.1862487792969,330.53106689453125,0,0,0,0,0,0,0,0,0,0,0,0,0,0,0,0,1,0,0,0,0,0,0,0,0
2022-01-15 13:45:00+00:00,60,1,13,68.30805969238281,55.86518478393555,0,0,0,0,0,0,0,0,1,1,1,1,1,1,1,1,1,0,0,0,0,0,0,0,1
2022-01-15 13:45:00+00:00,60,1,13,233.73593139648438,61.01014709472656,0,0,0,0,0,0,0,0,0,0,0,0,0,0,1,1,1,0,0,0,0,0,0,0,0
2022-01-15 13:45:00+00:00,60,1,13,64.35375213623047,37.51788330078125,0,0,0,0,0,0,0,0,1,1,1,1,1,1,1,1,1,0,0,0,0,0,1,1,1
2022-01-15 13:45:00+00:00,60,1,13,356.0986022949219,325.4755859375,0,0,0,0,0,0,0,0,0,0,0,0,0,0,0,0,0,0,0,0,0,0,0,0,0
2022-01-15 13:45:00+00:00,60,1,13,95.93250274658203,28.14618492126465,0,0,0,0,0,0,0,0,0,1,1,1,1,1,1,1,1,0,0,0,0,1,1,1,1
2022-01-15 13:45:00+00:00,60,1,13,205.3238983154297,,0,0,0,0,0,0,0,0,0,0,0,0,0,0,1,1,1,0,0,0,0,0,0,0,0
2022-01-15 13:45:00+00:00,60,1,13,57.928428649902344,3.061673641204834,0,0,0,0,0,0,0,1,1,1,1,1,1,1,1,1,1,1,1,1,1,1,1,1,1
2022-01-15 13:45:00+00:00,60,1,13,266.5556640625,178.52359008789062,0,0,0,0,0,0,0,0,0,0,0,0,0,0,0,1,1,0,0,0,0,0,0,0,0
2022-01-15 14:00:00+00:00,60,1,14,403.6559143066406,,0,0,0,0,0,0,0,0,0,0,0,0,0,0,0,0,0,0,0,0,0,0,0,0,0
2022-01-15 14:00:00+00:00,60,1,14,19.150861740112305,229.40538024902344,0,0,1,1,1,1,1,1,1,1,1,1,1,1,1,1,1,0,0,0,0,0,0,0,0
2022-01-15 14:00:00+00:00,60,1,14,160.0391845703125,204.1726531982422,0,0,0,0,0,0,0,0,0,0,0,0,1,1,1,1,1,0,0,0,0,0,0,0,0
2022-01-15 14:00:00+00:00,60,1,14,210.48245239257812,231.02381896972656,0,0,0,0,0,0,0,0,0,0,0,0,0,0,1,1,1,0,0,0,0,0,0,0,0
2022-01-15 14:00:00+00:00,60,1,14,137.84385681152344,148.96812438964844,0,0,0,0,0,0,0,0,0,0,0,1,1,1,1,1,1,0,0,0,0,0,0,0,0
2022-01-15 14:00:00+00:00,60,1,14,84.05998229980469,103.38385009765625,0,0,0,0,0,0,0,0,0,1,1,1,1,1,1,1,1,0,0,0,0,0,0,0,0
2022-01-15 14:00:00+00:00,60,1,14,174.40597534179688,141.11077880859375,0,0,0,0,0,0,0,0,0,0,0,0,1,1,1,1,1,0,0,0,0,0,0,0,0
2022-01-15 14:00:00+00:00,60,1,14,101.51825714111328,146.19134521484375,0,0,0,0,0,0,0,0,0,0,1,1,1,1,1,1,1,0,0,0,0,0,0,0,0
2022-01-15 14:00:00+00:00,60,1,14,67.47093963623047,49.780094146728516,0,0,0,0,0,0,0,0,1,1,1,1,1,1,1,1,1,0,0,0,0,0,0,1,1
2022-01-15 14:00:00+00:00,60,1,14,127.66459655761719,105.31111145019531,0,0,0,0,0,0,0,0,0,0,0,1,1,1,1,1,1,0,0,0,0,0,0,0,0
2022-01-15 14:00:00+00:00,60,1,14,128.86129760742188,158.82594299316406,0,0,0,0,0,0,0,0,0,0,0,1,1,1,1,1,1,0,0,0,0,0,0,0,0
2022-01-15 14:00:00+00:00,60,1,14,60.20364761352539,17.802690505981445,0,0,0,0,0,0,0,0,1,1,1,1,1,1,1,1,1,0,0,1,1,1,1,1,1
2022-01-15 14:00:00+00:00,60,1,14,186.1579132080078,19.023359298706055,0,0,0,0,0,0,0,0,0,0,0,0,0,1,1,1,1,0,0,1,1,1,1,1,1
2022-01-15 14:00:00+00:00,60,1,14,169.94586181640625,69.6521224975586,0,0,0,0,0,0,0,0,0,0,0,0,1,1,1,1,1,0,0,0,0,0,0,0,0
2022-01-15 14:00:00+00:00,60,1,14,364.0029296875,397.27435302734375,0,0,0,0,0,0,0,0,0,0,0,0,0,0,0,0,0,0,0,0,0,0,0,0,0
2022-01-15 14:15:00+00:00,60,1,14,286.9796142578125,136.77658081054688,0,0,0,0,0,0,0,0,0,0,0,0,0,0,0,1,1,0,0,0,0,0,0,0,0
2022-01-15 14:15:00+00:00,60,1,14,154.406982421875,98.09979248046875,0,0,0,0,0,0,0,0,0,0,0,0,1,1,1,1,1,0,0,0,0,0,0,0,0
2022-01-15 14:15:00+00:00,60,1,14,413.8171691894531,414.62249755859375,0,0,0,0,0,0,0,0,0,0,0,0,0,0,0,0,0,0,0,0,0,0,0,0,0
2022-01-15 14:15:00+00:00,60,1,14,97.3428955078125,223.02468872070312,0,0,0,0,0,0,0,0,0,1,1,1,1,1,1,1,1,0,0,0,0,0,0,0,0
2022-01-15 14:15:00+00:00,60,1,14,96.90323638916016,77.14334106445312,0,0,0,0,0,0,0,0,0,1,1,1,1,1,1,1,1,0,0,0,0,0,0,0,0
2022-01-15 14:15:00+00:00,60,1,14,244.4208526611328,4.29456090927124,0,0,0,0,0,0,0,0,0,0,0,0,0,0,1,1,1,1,1,1,1,1,1,1,1
2022-01-15 14:15:00+00:00,60,1,14,114.04975891113281,144.4389190673828,0,0,0,0,0,0,0,0,0,0,1,1,1,1,1,1,1,0,0,0,0,0,0,0,0
2022-01-15 14:15:00+00:00,60,1,14,67.63507843017578,37.341102600097656,0,0,0,0,0,0,0,0,1,1,1,1,1,1,1,1,1,0,0,0,0,0,1,1,1
2022-01-15 14:15:00+00:00,60,1,14,218.15357971191406,242.6628875732422,0,0,0,0,0,0,0,0,0,0,0,0,0,0,1,1,1,0,0,0,0,0,0,0,0
2022-01-15 14:15:00+00:00,60,1,14,142.08534240722656,11.918252944946289,0,0,0,0,0,0,0,0,0,0,0,1,1,1,1,1,1,0,1,1,1,1,1,1,1
2022-01-15 14:15:00+00:00,60,1,14,169.07061767578125,51.927330017089844,0,0,0,0,0,0,0,0,0,0,0,0,1,1,1,1,1,0,0,0,0,0,0,0,1
2022-01-15 14:15:00+00:00,60,1,14,,,0,0,0,0,0,0,0,0,0,0,0,0,0,0,0,0,0,0,0,0,0,0,0,0,0
2022-01-15 14:30:00+00:00,60,1,14,174.50892639160156,178.35791015625,0,0,0,0,0,0,0,0,0,0,0,0,1,1,1,1,1,0,0,0,0,0,0,0,0
2022-01-15 14:30:00+00:00,60,1,14,244.9457244873047,134.38449096679688,0,0,0,0,0,0,0,0,0,0,0,0,0,0,1,1,1,0,0,0,0,0,0,0,0
2022-01-15 14:30:00+00:00,60,1,14,204.6750946044922,11.828868865966797,0,0,0,0,0,0,0,0,0,0,0,0,0,0,1,1,1,0,1,1,1,1,1,1,1
2022-01-15 14:30:00+00:00,60,1,14,330.3147277832031,151.2187042236328,0,0,0,0,0,0,0,0,0,0,0,0,0,0,0,0,1,0,0,0,0,0,0,0,0
2022-01-15 14:30:00+00:00,60,1,14,44.003753662109375,0.0,0,0,0,0,0,0,1,1,1,1,1,1,1,1,1,1,1,1,1,1,1,1,1,1,1
2022-01-15 14:30:00+00:00,60,1,14,81.10563659667969,68.0387191772461,0,0,0,0,0,0,0,0,0,1,1,1,1,1,1,1,1,0,0,0,0,0,0,0,0
2022-01-15 14:30:00+00:00,60,1,14,98.65022277832031,0.0,0,0,0,0,0,0,0,0,0,1,1,1,1,1,1,1,1,1,1,1,1,1,1,1,1
2022-01-15 14:30:00+00:00,60,1,14,92.81757354736328,0.0,0,0,0,0,0,0,0,0,0,1,1,1,1,1,1,1,1,1,1,1,1,1,1,1,1
2022-01-15 14:30:00+00:00,60,1,14,219.35336303710938,206.2100830078125,0,0,0,0,0,0,0,0,0,0,0,0,0,0,1,1,1,0,0,0,0,0,0,0,0
2022-01-15 14:30:00+00:00,60,1,14,126.80477905273438,24.0911865234375,0,0,0,0,0,0,0,0,0,0,0,1,1,1,1,1,1,0,0,0,1,1,1,1,1
2022-01-15 14:30:00+00:00,60,1,14,210.80601501464844,88.19061279296875,0,0,0,0,0,0,0,0,0,0,0,0,0,0,1,1,1,0,0,0,0,0,0,0,0
2022-01-15 14:45:00+00:00,60,1,14,492.61859130859375,,0,0,0,0,0,0,0,0,0,0,0,0,0,0,0,0,0,0,0,0,0,0,0,0,0
2022-01-15 14:45:00+00:00,60,1,14,244.74533081054688,69.69287872314453,0,0,0,0,0,0,0,0,0,0,0,0,0,0,1,1,1,0,0,0,0,0,0,0,0
2022-01-15 14:45:00+00:00,60,1,14,68.0703125,15.475974082946777,0,0,0,0,0,0,0,0,1,1,1,1,1,1,1,1,1,0,0,1,1,1,1,1,1
2022-01-15 14:45:00+00:00,60,1,14,154.58920288085938,166.20358276367188,0,0,0,0,0,0,0,0,0,0,0,0,1,1,1,1,1,0,0,0,0,0,0,0,0
2022-01-15 14:45:00+00:00,60,1,14,110.48661041259766,11.396910667419434,0,0,0,0,0,0,0,0,0,0,1,1,1,1,1,1,1,0,1,1,1,1,1,1,1
2022-01-15 14:45:00+00:00,60,1,14,43.22373962402344,4.778740882873535,0,0,0,0,0,0,1,1,1,1,1,1,1,1,1,1,1,1,1,1,1,1,1,1,1
2022-01-15 14:45:00+00:00,60,1,14,35.77004623413086,21.26165771484375,0,0,0,0,0,1,1,1,1,1,1,1,1,1,1,1,1,0,0,0,1,1,1,1,1
2022-01-15 14:45:00+00:00,60,1,14,72.54256439208984,50.34925079345703,0,0,0,0,0,0,0,0,1,1,1,1,1,1,1,1,1,0,0,0,0,0,0,0,1
2022-01-15 14:45:00+00:00,60,1,14,58.257057189941406,30.483531951904297,0,0,0,0,0,0,0,1,1,1,1,1,1,1,1,1,1,0,0,0,0,0,1,1,1
2022-01-15 14:45:00+00:00,60,1,14,57.4315299987793,110.50527954101562,0,0,0,0,0,0,0,1,1,1,1,1,1,1,1,1,1,0,0,0,0,0,0,0,0
2022-01-15 14:45:00+00:00,60,1,14,128.544677734375,146.41502380371094,0,0,0,0,0,0,0,0,0,0,0,1,1,1,1,1,1,0,0,0,0,0,0,0,0
2022-01-15 14:45:00+00:00,60,1,14,337.8146667480469,12.236523628234863,0,0,0,0,0,0,0,0,0,0,0,0,0,0,0,0,1,0,1,1,1,1,1,1,1
2022-01-15 14:45:00+00:00,60,1,14,153.0841522216797,9.475837707519531,0,0,0,0,0,0,0,0,0,0,0,0,1,1,1,1,1,1,1,1,1,1,1,1,1
2022-01-15 15:00:00+00:00,60,1,15,275.2787780761719,,0,0,0,0,0,0,0,0,0,0,0,0,0,0,0,1,1,0,0,0,0,0,0,0,0
2022-01-15 15:00:00+00:00,60,1,15,259.3099365234375,13.390806198120117,0,0,0,0,0,0,0,0,0,0,0,0,0,0,0,1,1,0,1,1,1,1,1,1,1
2022-01-15 15:00:00+00:00,60,1,15,97.4902114868164,55.70228958129883,0,0,0,0,0,0,0,0,0,1,1,1,1,1,1,1,1,0,0,0,0,0,0,0,1
2022-01-15 15:00:00+00:00,60,1,15,167.79916381835938,21.59623908996582,0,0,0,0,0,0,0,0,0,0,0,0,1,1,1,1,1,0,0,0,1,1,1,1,1
2022-01-15 15:00:00+00:00,60,1,15,107.99330139160156,121.52613830566406,0,0,0,0,0,0,0,0,0,0,1,1,1,1,1,1,1,0,0,0,0,0,0,0,0
2022-01-15 15:00:00+00:00,60,1,15,33.01210021972656,9.853653907775879,0,0,0,0,0,1,1,1,1,1,1,1,1,1,1,1,1,1,1,1,1,1,1,1,1
2022-01-15 15:00:00+00:00,60,1,15,67.76423645019531,72.68289947509766,0,0,0,0,0,0,0,0,1,1,1,1,1,1,1,1,1,0,0,0,0,0,0,0,0
2022-01-15 15:00:00+00:00,60,1,15,150.20567321777344,54.56583786010742,0,0,0,0,0,0,0,0,0,0,0,0,1,1,1,1,1,0,0,0,0,0,0,0,1
2022-01-15 15:00:00+00:00,60,1,15,208.68942260742188,239.6156463623047,0,0,0,0,0,0,0,0,0,0,0,0,0,0,1,1,1,0,0,0,0,0,0,0,0
2022-01-15 15:00:00+00:00,60,1,15,,,0,0,0,0,0,0,0,0,0,0,0,0,0,0,0,0,0,0,0,0,0,0,0,0,0
2022-01-15 15:15:00+00:00,60,1,15,292.27166748046875,282.5123596191406,0,0,0,0,0,0,0,0,0,0,0,0,0,0,0,1,1,0,0,0,0,0,0,0,0
2022-01-15 15:15:00+00:00,60,1,15,340.67095947265625,316.5932922363281,0,0,0,0,0,0,0,0,0,0,0,0,0,0,0,0,1,0,0,0,0,0,0,0,0
2022-01-15 15:15:00+00:00,60,1,15,338.6750183105469,325.1147155761719,0,0,0,0,0,0,0,0,0,0,0,0,0,0,0,0,1,0,0,0,0,0,0,0,0
2022-01-15 15:15:00+00:00,60,1,15,71.78141784667969,152.39691162109375,0,0,0,0,0,0,0,0,1,1,1,1,1,1,1,1,1,0,0,0,0,0,0,0,0
2022-01-15 15:15:00+00:00,60,1,15,289.5802307128906,328.3194580078125,0,0,0,0,0,0,0,0,0,0,0,0,0,0,0,1,1,0,0,0,0,0,0,0,0
2022-01-15 15:15:00+00:00,60,1,15,97.26070404052734,448.4897766113281,0,0,0,0,0,0,0,0,0,1,1,1,1,1,1,1,1,0,0,0,0,0,0,0,0
2022-01-15 15:15:00+00:00,60,1,15,321.2485046386719,126.99798583984375,0,0,0,0,0,0,0,0,0,0,0,0,0,0,0,0,1,0,0,0,0,0,0,0,0
2022-01-15 15:15:00+00:00,60,1,15,,318.2649230957031,0,0,0,0,0,0,0,0,0,0,0,0,0,0,0,0,0,0,0,0,0,0,0,0,0
2022-01-15 15:15:00+00:00,60,1,15,172.0314483642578,0.0,0,0,0,0,0,0,0,0,0,0,0,0,1,1,1,1,1,1,1,1,1,1,1,1,1
2022-01-15 15:15:00+00:00,60,1,15,127.7398681640625,63.615177154541016,0,0,0,0,0,0,0,0,0,0,0,1,1,1,1,1,1,0,0,0,0,0,0,0,0
2022-01-15 15:15:00+00:00,60,1,15,200.5862274169922,208.1637725830078,0,0,0,0,0,0,0,0,0,0,0,0,0,0,1,1,1,0,0,0,0,0,0,0,0
2022-01-15 15:15:00+00:00,60,1,15,112.50508880615234,73.05237579345703,0,0,0,0,0,0,0,0,0,0,1,1,1,1,1,1,1,0,0,0,0,0,0,0,0
2022-01-15 15:30:00+00:00,60,1,15,,447.870361328125,0,0,0,0,0,0,0,0,0,0,0,0,0,0,0,0,0,0,0,0,0,0,0,0,0
2022-01-15 15:30:00+00:00,60,1,15,189.61758422851562,92.05968475341797,0,0,0,0,0,0,0,0,0,0,0,0,0,1,1,1,1,0,0,0,0,0,0,0,0
2022-01-15 15:30:00+00:00,60,1,15,109.52275085449219,48.298744201660156,0,0,0,0,0,0,0,0,0,0,1,1,1,1,1,1,1,0,0,0,0,0,0,1,1
2022-01-15 15:30:00+00:00,60,1,15,69.58949279785156,28.17250633239746,0,0,0,0,0,0,0,0,1,1,1,1,1,1,1,1,1,0,0,0,0,1,1,1,1
2022-01-15 15:30:00+00:00,60,1,15,110.97882080078125,175.985595703125,0,0,0,0,0,0,0,0,0,0,1,1,1,1,1,1,1,0,0,0,0,0,0,0,0
2022-01-15 15:30:00+00:00,60,1,15,,,0,0,0,0,0,0,0,0,0,0,0,0,0,0,0,0,0,0,0,0,0,0,0,0,0
2022-01-15 15:30:00+00:00,60,1,15,,,0,0,0,0,0,0,0,0,0,0,0,0,0,0,0,0,0,0,0,0,0,0,0,0,0
2022-01-15 15:45:00+00:00,60,1,15,303.129150390625,254.83944702148438,0,0,0,0,0,0,0,0,0,0,0,0,0,0,0,0,1,0,0,0,0,0,0,0,0
2022-01-15 15:45:00+00:00,60,1,15,315.1067199707031,72.76826477050781,0,0,0,0,0,0,0,0,0,0,0,0,0,0,0,0,1,0,0,0,0,0,0,0,0
2022-01-15 15:45:00+00:00,60,1,15,267.4067077636719,281.6908874511719,0,0,0,0,0,0,0,0,0,0,0,0,0,0,0,1,1,0,0,0,0,0,0,0,0
2022-01-15 15:45:00+00:00,60,1,15,71.70606231689453,43.230003356933594,0,0,0,0,0,0,0,0,1,1,1,1,1,1,1,1,1,0,0,0,0,0,0,1,1
2022-01-15 15:45:00+00:00,60,1,15,125.48115539550781,138.62355041503906,0,0,0,0,0,0,0,0,0,0,0,1,1,1,1,1,1,0,0,0,0,0,0,0,0
2022-01-15 15:45:00+00:00,60,1,15,46.033653259277344,0.0,0,0,0,0,0,0,1,1,1,1,1,1,1,1,1,1,1,1,1,1,1,1,1,1,1
2022-01-15 15:45:00+00:00,60,1,15,94.36151123046875,44.97486877441406,0,0,0,0,0,0,0,0,0,1,1,1,1,1,1,1,1,0,0,0,0,0,0,1,1
2022-01-15 15:45:00+00:00,60,1,15,,,0,0,0,0,0,0,0,0,0,0,0,0,0,0,0,0,0,0,0,0,0,0,0,0,0
2022-01-15 15:45:00+00:00,60,1,15,,,0,0,0,0,0,0,0,0,0,0,0,0,0,0,0,0,0,0,0,0,0,0,0,0,0
2022-01-15 16:00:00+00:00,60,1,16,88.81432342529297,73.18036651611328,0,0,0,0,0,0,0,0,0,1,1,1,1,1,1,1,1,0,0,0,0,0,0,0,0
2022-01-15 16:00:00+00:00,60,1,16,171.93585205078125,96.8549575805664,0,0,0,0,0,0,0,0,0,0,0,0,1,1,1,1,1,0,0,0,0,0,0,0,0
2022-01-15 16:00:00+00:00,60,1,16,104.91458892822266,14.264106750488281,0,0,0,0,0,0,0,0,0,0,1,1,1,1,1,1,1,0,1,1,1,1,1,1,1
2022-01-15 16:00:00+00:00,60,1,16,,,0,0,0,0,0,0,0,0,0,0,0,0,0,0,0,0,0,0,0,0,0,0,0,0,0
2022-01-15 16:15:00+00:00,60,1,16,51.102352142333984,35.27452850341797,0,0,0,0,0,0,0,1,1,1,1,1,1,1,1,1,1,0,0,0,0,0,1,1,1
2022-01-15 16:15:00+00:00,60,1,16,240.0613250732422,141.29969787597656,0,0,0,0,0,0,0,0,0,0,0,0,0,0,1,1,1,0,0,0,0,0,0,0,0
2022-01-15 16:15:00+00:00,60,1,16,330.2008056640625,466.6221923828125,0,0,0,0,0,0,0,0,0,0,0,0,0,0,0,0,1,0,0,0,0,0,0,0,0
2022-01-15 16:15:00+00:00,60,1,16,433.41021728515625,412.3896789550781,0,0,0,0,0,0,0,0,0,0,0,0,0,0,0,0,0,0,0,0,0,0,0,0,0
2022-01-15 16:15:00+00:00,60,1,16,360.8299255371094,364.78106689453125,0,0,0,0,0,0,0,0,0,0,0,0,0,0,0,0,0,0,0,0,0,0,0,0,0
2022-01-15 16:15:00+00:00,60,1,16,50.39949417114258,0.0,0,0,0,0,0,0,0,1,1,1,1,1,1,1,1,1,1,1,1,1,1,1,1,1,1
2022-01-15 16:15:00+00:00,60,1,16,82.90936279296875,106.05191040039062,0,0,0,0,0,0,0,0,0,1,1,1,1,1,1,1,1,0,0,0,0,0,0,0,0
2022-01-15 16:15:00+00:00,60,1,16,,,0,0,0,0,0,0,0,0,0,0,0,0,0,0,0,0,0,0,0,0,0,0,0,0,0
2022-01-15 16:30:00+00:00,60,1,16,,,0,0,0,0,0,0,0,0,0,0,0,0,0,0,0,0,0,0,0,0,0,0,0,0,0
2022-01-15 16:30:00+00:00,60,1,16,249.10943603515625,,0,0,0,0,0,0,0,0,0,0,0,0,0,0,1,1,1,0,0,0,0,0,0,0,0
2022-01-15 16:30:00+00:00,60,1,16,73.60205078125,27.22174072265625,0,0,0,0,0,0,0,0,1,1,1,1,1,1,1,1,1,0,0,0,0,1,1,1,1
2022-01-15 16:30:00+00:00,60,1,16,79.57259368896484,80.47470092773438,0,0,0,0,0,0,0,0,1,1,1,1,1,1,1,1,1,0,0,0,0,0,0,0,0
2022-01-15 16:30:00+00:00,60,1,16,218.50204467773438,247.31040954589844,0,0,0,0,0,0,0,0,0,0,0,0,0,0,1,1,1,0,0,0,0,0,0,0,0
2022-01-15 16:30:00+00:00,60,1,16,126.93132781982422,81.29592895507812,0,0,0,0,0,0,0,0,0,0,0,1,1,1,1,1,1,0,0,0,0,0,0,0,0
2022-01-15 16:30:00+00:00,60,1,16,95.1596450805664,105.23343658447266,0,0,0,0,0,0,0,0,0,1,1,1,1,1,1,1,1,0,0,0,0,0,0,0,0
2022-01-15 16:45:00+00:00,60,1,16,300.3367919921875,354.0312805175781,0,0,0,0,0,0,0,0,0,0,0,0,0,0,0,0,1,0,0,0,0,0,0,0,0
2022-01-15 16:45:00+00:00,60,1,16,203.8756103515625,219.20989990234375,0,0,0,0,0,0,0,0,0,0,0,0,0,0,1,1,1,0,0,0,0,0,0,0,0
2022-01-15 16:45:00+00:00,60,1,16,176.714111328125,158.02210998535156,0,0,0,0,0,0,0,0,0,0,0,0,1,1,1,1,1,0,0,0,0,0,0,0,0
2022-01-15 16:45:00+00:00,60,1,16,27.454797744750977,0.0,0,0,0,0,1,1,1,1,1,1,1,1,1,1,1,1,1,1,1,1,1,1,1,1,1
2022-01-15 16:45:00+00:00,60,1,16,81.83740997314453,9.219849586486816,0,0,0,0,0,0,0,0,0,1,1,1,1,1,1,1,1,1,1,1,1,1,1,1,1
2022-01-15 16:45:00+00:00,60,1,16,108.5761947631836,3.6852142810821533,0,0,0,0,0,0,0,0,0,0,1,1,1,1,1,1,1,1,1,1,1,1,1,1,1
2022-01-15 16:45:00+00:00,60,1,16,291.07177734375,259.4167175292969,0,0,0,0,0,0,0,0,0,0,0,0,0,0,0,1,1,0,0,0,0,0,0,0,0
2022-01-15 17:00:00+00:00,60,1,17,112.49745178222656,71.97100830078125,0,0,0,0,0,0,0,0,0,0,1,1,1,1,1,1,1,0,0,0,0,0,0,0,0
2022-01-15 17:00:00+00:00,60,1,17,457.8270263671875,444.29986572265625,0,0,0,0,0,0,0,0,0,0,0,0,0,0,0,0,0,0,0,0,0,0,0,0,0
2022-01-15 17:00:00+00:00,60,1,17,,,0,0,0,0,0,0,0,0,0,0,0,0,0,0,0,0,0,0,0,0,0,0,0,0,0
2022-01-15 17:00:00+00:00,60,1,17,134.1224365234375,184.4725341796875,0,0,0,0,0,0,0,0,0,0,0,1,1,1,1,1,1,0,0,0,0,0,0,0,0
2022-01-15 17:00:00+00:00,60,1,17,161.8506622314453,144.3288116455078,0,0,0,0,0,0,0,0,0,0,0,0,1,1,1,1,1,0,0,0,0,0,0,0,0
2022-01-15 17:15:00+00:00,60,1,17,86.29845428466797,108.27562713623047,0,0,0,0,0,0,0,0,0,1,1,1,1,1,1,1,1,0,0,0,0,0,0,0,0
2022-01-15 17:15:00+00:00,60,1,17,105.18392181396484,89.51912689208984,0,0,0,0,0,0,0,0,0,0,1,1,1,1,1,1,1,0,0,0,0,0,0,0,0
2022-01-15 17:15:00+00:00,60,1,17,124.17269134521484,55.69099807739258,0,0,0,0,0,0,0,0,0,0,0,1,1,1,1,1,1,0,0,0,0,0,0,0,1
2022-01-15 17:30:00+00:00,60,1,17,136.44381713867188,253.46986389160156,0,0,0,0,0,0,0,0,0,0,0,1,1,1,1,1,1,0,0,0,0,0,0,0,0
2022-01-15 17:30:00+00:00,60,1,17,500.45440673828125,123.25940704345703,0,0,0,0,0,0,0,0,0,0,0,0,0,0,0,0,0,0,0,0,0,0,0,0,0
2022-01-15 17:30:00+00:00,60,1,17,59.03873062133789,12.499857902526855,0,0,0,0,0,0,0,1,1,1,1,1,1,1,1,1,1,0,1,1,1,1,1,1,1
2022-01-15 17:45:00+00:00,60,1,17,412.35546875,404.56915283203125,0,0,0,0,0,0,0,0,0,0,0,0,0,0,0,0,0,0,0,0,0,0,0,0,0
2022-01-15 17:45:00+00:00,60,1,17,70.7857437133789,0.0,0,0,0,0,0,0,0,0,1,1,1,1,1,1,1,1,1,1,1,1,1,1,1,1,1
2022-01-15 17:45:00+00:00,60,1,17,81.24130249023438,107.5020751953125,0,0,0,0,0,0,0,0,0,1,1,1,1,1,1,1,1,0,0,0,0,0,0,0,0
2022-01-15 17:45:00+00:00,60,1,17,51.143211364746094,61.36573791503906,0,0,0,0,0,0,0,1,1,1,1,1,1,1,1,1,1,0,0,0,0,0,0,0,0
2022-01-15 17:45:00+00:00,60,1,17,44.91549301147461,0.0,0,0,0,0,0,0,1,1,1,1,1,1,1,1,1,1,1,1,1,1,1,1,1,1,1
2022-01-15 17:45:00+00:00,60,1,17,415.3124084472656,274.7043762207031,0,0,0,0,0,0,0,0,0,0,0,0,0,0,0,0,0,0,0,0,0,0,0,0,0
2022-01-15 17:45:00+00:00,60,1,17,147.25375366210938,141.7443389892578,0,0,0,0,0,0,0,0,0,0,0,1,1,1,1,1,1,0,0,0,0,0,0,0,0
2022-01-16 10:00:00+00:00,60,1,10,365.66802978515625,16.808923721313477,0,0,0,0,0,0,0,0,0,0,0,0,0,0,0,0,0,0,0,1,1,1,1,1,1
2022-01-16 10:00:00+00:00,60,1,10,332.8063049316406,153.51144409179688,0,0,0,0,0,0,0,0,0,0,0,0,0,0,0,0,1,0,0,0,0,0,0,0,0
2022-01-16 10:00:00+00:00,60,1,10,,517.6397705078125,0,0,0,0,0,0,0,0,0,0,0,0,0,0,0,0,0,0,0,0,0,0,0,0,0
2022-01-16 10:00:00+00:00,60,1,10,,377.6173400878906,0,0,0,0,0,0,0,0,0,0,0,0,0,0,0,0,0,0,0,0,0,0,0,0,0
2022-01-16 10:00:00+00:00,60,1,10,332.78143310546875,132.68392944335938,0,0,0,0,0,0,0,0,0,0,0,0,0,0,0,0,1,0,0,0,0,0,0,0,0
2022-01-16 10:00:00+00:00,60,1,10,119.7486801147461,15.74773120880127,0,0,0,0,0,0,0,0,0,0,1,1,1,1,1,1,1,0,0,1,1,1,1,1,1
2022-01-16 10:00:00+00:00,60,1,10,319.5735168457031,125.0946273803711,0,0,0,0,0,0,0,0,0,0,0,0,0,0,0,0,1,0,0,0,0,0,0,0,0
2022-01-16 10:00:00+00:00,60,1,10,311.87030029296875,90.06089782714844,0,0,0,0,0,0,0,0,0,0,0,0,0,0,0,0,1,0,0,0,0,0,0,0,0
2022-01-16 10:00:00+00:00,60,1,10,59.33101272583008,83.08958435058594,0,0,0,0,0,0,0,1,1,1,1,1,1,1,1,1,1,0,0,0,0,0,0,0,0
2022-01-16 10:00:00+00:00,60,1,10,121.92414855957031,0.0,0,0,0,0,0,0,0,0,0,0,0,1,1,1,1,1,1,1,1,1,1,1,1,1,1
2022-01-16 10:00:00+00:00,60,1,10,182.82310485839844,40.982688903808594,0,0,0,0,0,0,0,0,0,0,0,0,0,1,1,1,1,0,0,0,0,0,0,1,1
2022-01-16 10:00:00+00:00,60,1,10,73.17133331298828,21.72001838684082,0,0,0,0,0,0,0,0,1,1,1,1,1,1,1,1,1,0,0,0,1,1,1,1,1
2022-01-16 10:15:00+00:00,60,1,10,,193.09521484375,0,0,0,0,0,0,0,0,0,0,0,0,0,0,0,0,0,0,0,0,0,0,0,0,0
2022-01-16 10:15:00+00:00,60,1,10,589.779541015625,141.5812530517578,0,0,0,0,0,0,0,0,0,0,0,0,0,0,0,0,0,0,0,0,0,0,0,0,0
2022-01-16 10:15:00+00:00,60,1,10,,378.4853515625,0,0,0,0,0,0,0,0,0,0,0,0,0,0,0,0,0,0,0,0,0,0,0,0,0
2022-01-16 10:15:00+00:00,60,1,10,,207.36038208007812,0,0,0,0,0,0,0,0,0,0,0,0,0,0,0,0,0,0,0,0,0,0,0,0,0
2022-01-16 10:15:00+00:00,60,1,10,,68.66854858398438,0,0,0,0,0,0,0,0,0,0,0,0,0,0,0,0,0,0,0,0,0,0,0,0,0
2022-01-16 10:15:00+00:00,60,1,10,174.64950561523438,131.63128662109375,0,0,0,0,0,0,0,0,0,0,0,0,1,1,1,1,1,0,0,0,0,0,0,0,0
2022-01-16 10:15:00+00:00,60,1,10,67.70087432861328,20.45973777770996,0,0,0,0,0,0,0,0,1,1,1,1,1,1,1,1,1,0,0,0,1,1,1,1,1
2022-01-16 10:15:00+00:00,60,1,10,458.6298522949219,37.577308654785156,0,0,0,0,0,0,0,0,0,0,0,0,0,0,0,0,0,0,0,0,0,0,1,1,1
2022-01-16 10:15:00+00:00,60,1,10,246.66114807128906,185.48904418945312,0,0,0,0,0,0,0,0,0,0,0,0,0,0,1,1,1,0,0,0,0,0,0,0,0
2022-01-16 10:15:00+00:00,60,1,10,525.3491821289062,144.39044189453125,0,0,0,0,0,0,0,0,0,0,0,0,0,0,0,0,0,0,0,0,0,0,0,0,0
2022-01-16 10:15:00+00:00,60,1,10,205.2812042236328,54.1937255859375,0,0,0,0,0,0,0,0,0,0,0,0,0,0,1,1,1,0,0,0,0,0,0,0,1
2022-01-16 10:15:00+00:00,60,1,10,174.31280517578125,35.582332611083984,0,0,0,0,0,0,0,0,0,0,0,0,1,1,1,1,1,0,0,0,0,0,1,1,1
2022-01-16 10:15:00+00:00,60,1,10,175.48899841308594,14.763360023498535,0,0,0,0,0,0,0,0,0,0,0,0,1,1,1,1,1,0,1,1,1,1,1,1,1
2022-01-16 10:15:00+00:00,60,1,10,136.71392822265625,167.7252960205078,0,0,0,0,0,0,0,0,0,0,0,1,1,1,1,1,1,0,0,0,0,0,0,0,0
2022-01-16 10:15:00+00:00,60,1,10,82.92622375488281,82.94007873535156,0,0,0,0,0,0,0,0,0,1,1,1,1,1,1,1,1,0,0,0,0,0,0,0,0
2022-01-16 10:15:00+00:00,60,1,10,31.97265625,64.1534423828125,0,0,0,0,0,1,1,1,1,1,1,1,1,1,1,1,1,0,0,0,0,0,0,0,0
2022-01-16 10:15:00+00:00,60,1,10,78.50102233886719,59.41686248779297,0,0,0,0,0,0,0,0,1,1,1,1,1,1,1,1,1,0,0,0,0,0,0,0,1
2022-01-16 10:15:00+00:00,60,1,10,76.5812759399414,0.0,0,0,0,0,0,0,0,0,1,1,1,1,1,1,1,1,1,1,1,1,1,1,1,1,1
2022-01-16 10:15:00+00:00,60,1,10,485.7229309082031,473.4727478027344,0,0,0,0,0,0,0,0,0,0,0,0,0,0,0,0,0,0,0,0,0,0,0,0,0
2022-01-16 10:15:00+00:00,60,1,10,201.27786254882812,206.8385009765625,0,0,0,0,0,0,0,0,0,0,0,0,0,0,1,1,1,0,0,0,0,0,0,0,0
2022-01-16 10:15:00+00:00,60,1,10,449.5576171875,445.9229736328125,0,0,0,0,0,0,0,0,0,0,0,0,0,0,0,0,0,0,0,0,0,0,0,0,0
2022-01-16 10:30:00+00:00,60,1,10,,,0,0,0,0,0,0,0,0,0,0,0,0,0,0,0,0,0,0,0,0,0,0,0,0,0
2022-01-16 10:30:00+00:00,60,1,10,,,0,0,0,0,0,0,0,0,0,0,0,0,0,0,0,0,0,0,0,0,0,0,0,0,0
2022-01-16 10:30:00+00:00,60,1,10,213.47604370117188,53.21782684326172,0,0,0,0,0,0,0,0,0,0,0,0,0,0,1,1,1,0,0,0,0,0,0,0,1
2022-01-16 10:30:00+00:00,60,1,10,,188.97300720214844,0,0,0,0,0,0,0,0,0,0,0,0,0,0,0,0,0,0,0,0,0,0,0,0,0
2022-01-16 10:30:00+00:00,60,1,10,72.40116882324219,77.67156982421875,0,0,0,0,0,0,0,0,1,1,1,1,1,1,1,1,1,0,0,0,0,0,0,0,0
2022-01-16 10:30:00+00:00,60,1,10,473.4564208984375,214.45095825195312,0,0,0,0,0,0,0,0,0,0,0,0,0,0,0,0,0,0,0,0,0,0,0,0,0
2022-01-16 10:30:00+00:00,60,1,10,243.48098754882812,89.41563415527344,0,0,0,0,0,0,0,0,0,0,0,0,0,0,1,1,1,0,0,0,0,0,0,0,0
2022-01-16 10:30:00+00:00,60,1,10,252.22100830078125,181.46376037597656,0,0,0,0,0,0,0,0,0,0,0,0,0,0,0,1,1,0,0,0,0,0,0,0,0
2022-01-16 10:30:00+00:00,60,1,10,192.36410522460938,126.7016372680664,0,0,0,0,0,0,0,0,0,0,0,0,0,1,1,1,1,0,0,0,0,0,0,0,0
2022-01-16 10:30:00+00:00,60,1,10,122.92028045654297,16.570283889770508,0,0,0,0,0,0,0,0,0,0,0,1,1,1,1,1,1,0,0,1,1,1,1,1,1
2022-01-16 10:30:00+00:00,60,1,10,233.52792358398438,118.65837097167969,0,0,0,0,0,0,0,0,0,0,0,0,0,0,1,1,1,0,0,0,0,0,0,0,0
2022-01-16 10:30:00+00:00,60,1,10,393.4541320800781,0.0,0,0,0,0,0,0,0,0,0,0,0,0,0,0,0,0,0,1,1,1,1,1,1,1,1
2022-01-16 10:30:00+00:00,60,1,10,237.915283203125,74.54139709472656,0,0,0,0,0,0,0,0,0,0,0,0,0,0,1,1,1,0,0,0,0,0,0,0,0
2022-01-16 10:30:00+00:00,60,1,10,202.88632202148438,25.833168029785156,0,0,0,0,0,0,0,0,0,0,0,0,0,0,1,1,1,0,0,0,0,1,1,1,1
2022-01-16 10:30:00+00:00,60,1,10,190.23245239257812,135.6690673828125,0,0,0,0,0,0,0,0,0,0,0,0,0,1,1,1,1,0,0,0,0,0,0,0,0
2022-01-16 10:30:00+00:00,60,1,10,338.0724182128906,10.570094108581543,0,0,0,0,0,0,0,0,0,0,0,0,0,0,0,0,1,0,1,1,1,1,1,1,1
2022-01-16 10:30:00+00:00,60,1,10,189.5032196044922,171.74880981445312,0,0,0,0,0,0,0,0,0,0,0,0,0,1,1,1,1,0,0,0,0,0,0,0,0
2022-01-16 10:30:00+00:00,60,1,10,356.5010681152344,104.87936401367188,0,0,0,0,0,0,0,0,0,0,0,0,0,0,0,0,0,0,0,0,0,0,0,0,0
2022-01-16 10:30:00+00:00,60,1,10,113.49222564697266,146.82650756835938,0,0,0,0,0,0,0,0,0,0,1,1,1,1,1,1,1,0,0,0,0,0,0,0,0
2022-01-16 10:30:00+00:00,60,1,10,,,0,0,0,0,0,0,0,0,0,0,0,0,0,0,0,0,0,0,0,0,0,0,0,0,0
2022-01-16 10:30:00+00:00,60,1,10,87.42725372314453,79.23065948486328,0,0,0,0,0,0,0,0,0,1,1,1,1,1,1,1,1,0,0,0,0,0,0,0,0
2022-01-16 10:30:00+00:00,60,1,10,173.57589721679688,15.30093002319336,0,0,0,0,0,0,0,0,0,0,0,0,1,1,1,1,1,0,0,1,1,1,1,1,1
2022-01-16 10:30:00+00:00,60,1,10,84.12086486816406,31.957748413085938,0,0,0,0,0,0,0,0,0,1,1,1,1,1,1,1,1,0,0,0,0,0,1,1,1
2022-01-16 10:30:00+00:00,60,1,10,,,0,0,0,0,0,0,0,0,0,0,0,0,0,0,0,0,0,0,0,0,0,0,0,0,0
2022-01-16 10:45:00+00:00,60,1,10,,273.82196044921875,0,0,0,0,0,0,0,0,0,0,0,0,0,0,0,0,0,0,0,0,0,0,0,0,0
2022-01-16 10:45:00+00:00,60,1,10,113.47183990478516,67.68635559082031,0,0,0,0,0,0,0,0,0,0,1,1,1,1,1,1,1,0,0,0,0,0,0,0,0
2022-01-16 10:45:00+00:00,60,1,10,240.3568572998047,133.4649658203125,0,0,0,0,0,0,0,0,0,0,0,0,0,0,1,1,1,0,0,0,0,0,0,0,0
2022-01-16 10:45:00+00:00,60,1,10,484.5379333496094,221.0454559326172,0,0,0,0,0,0,0,0,0,0,0,0,0,0,0,0,0,0,0,0,0,0,0,0,0
2022-01-16 10:45:00+00:00,60,1,10,137.2913055419922,111.89703369140625,0,0,0,0,0,0,0,0,0,0,0,1,1,1,1,1,1,0,0,0,0,0,0,0,0
2022-01-16 10:45:00+00:00,60,1,10,152.033447265625,115.45516204833984,0,0,0,0,0,0,0,0,0,0,0,0,1,1,1,1,1,0,0,0,0,0,0,0,0
2022-01-16 10:45:00+00:00,60,1,10,126.56766510009766,140.0921630859375,0,0,0,0,0,0,0,0,0,0,0,1,1,1,1,1,1,0,0,0,0,0,0,0,0
2022-01-16 10:45:00+00:00,60,1,10,190.62315368652344,280.2779541015625,0,0,0,0,0,0,0,0,0,0,0,0,0,1,1,1,1,0,0,0,0,0,0,0,0
2022-01-16 10:45:00+00:00,60,1,10,148.5568084716797,140.83779907226562,0,0,0,0,0,0,0,0,0,0,0,1,1,1,1,1,1,0,0,0,0,0,0,0,0
2022-01-16 11:00:00+00:00,60,1,11,295.59051513671875,300.3342590332031,0,0,0,0,0,0,0,0,0,0,0,0,0,0,0,1,1,0,0,0,0,0,0,0,0
2022-01-16 11:00:00+00:00,60,1,11,,134.08187866210938,0,0,0,0,0,0,0,0,0,0,0,0,0,0,0,0,0,0,0,0,0,0,0,0,0
2022-01-16 11:00:00+00:00,60,1,11,204.48524475097656,200.28912353515625,0,0,0,0,0,0,0,0,0,0,0,0,0,0,1,1,1,0,0,0,0,0,0,0,0
2022-01-16 11:00:00+00:00,60,1,11,69.73832702636719,42.07339096069336,0,0,0,0,0,0,0,0,1,1,1,1,1,1,1,1,1,0,0,0,0,0,0,1,1
2022-01-16 11:00:00+00:00,60,1,11,334.04345703125,267.34893798828125,0,0,0,0,0,0,0,0,0,0,0,0,0,0,0,0,1,0,0,0,0,0,0,0,0
2022-01-16 11:00:00+00:00,60,1,11,,,0,0,0,0,0,0,0,0,0,0,0,0,0,0,0,0,0,0,0,0,0,0,0,0,0
2022-01-16 11:00:00+00:00,60,1,11,46.83647918701172,16.588924407958984,0,0,0,0,0,0,1,1,1,1,1,1,1,1,1,1,1,0,0,1,1,1,1,1,1
2022-01-16 11:00:00+00:00,60,1,11,253.33932495117188,41.18418884277344,0,0,0,0,0,0,0,0,0,0,0,0,0,0,0,1,1,0,0,0,0,0,0,1,1
2022-01-16 11:00:00+00:00,60,1,11,184.06227111816406,155.24176025390625,0,0,0,0,0,0,0,0,0,0,0,0,0,1,1,1,1,0,0,0,0,0,0,0,0
2022-01-16 11:00:00+00:00,60,1,11,115.96322631835938,95.02128601074219,0,0,0,0,0,0,0,0,0,0,1,1,1,1,1,1,1,0,0,0,0,0,0,0,0
2022-01-16 11:00:00+00:00,60,1,11,179.74888610839844,225.75057983398438,0,0,0,0,0,0,0,0,0,0,0,0,1,1,1,1,1,0,0,0,0,0,0,0,0
2022-01-16 11:00:00+00:00,60,1,11,142.9727783203125,94.97103881835938,0,0,0,0,0,0,0,0,0,0,0,1,1,1,1,1,1,0,0,0,0,0,0,0,0
2022-01-16 11:00:00+00:00,60,1,11,140.0010986328125,83.58758544921875,0,0,0,0,0,0,0,0,0,0,0,1,1,1,1,1,1,0,0,0,0,0,0,0,0
2022-01-16 11:00:00+00:00,60,1,11,415.7866516113281,474.6117858886719,0,0,0,0,0,0,0,0,0,0,0,0,0,0,0,0,0,0,0,0,0,0,0,0,0
2022-01-16 11:00:00+00:00,60,1,11,267.17718505859375,229.18942260742188,0,0,0,0,0,0,0,0,0,0,0,0,0,0,0,1,1,0,0,0,0,0,0,0,0
2022-01-16 11:15:00+00:00,60,1,11,,,0,0,0,0,0,0,0,0,0,0,0,0,0,0,0,0,0,0,0,0,0,0,0,0,0
2022-01-16 11:15:00+00:00,60,1,11,,,0,0,0,0,0,0,0,0,0,0,0,0,0,0,0,0,0,0,0,0,0,0,0,0,0
2022-01-16 11:15:00+00:00,60,1,11,463.9957580566406,206.0178985595703,0,0,0,0,0,0,0,0,0,0,0,0,0,0,0,0,0,0,0,0,0,0,0,0,0
2022-01-16 11:15:00+00:00,60,1,11,391.3765563964844,15.699414253234863,0,0,0,0,0,0,0,0,0,0,0,0,0,0,0,0,0,0,0,1,1,1,1,1,1
2022-01-16 11:15:00+00:00,60,1,11,362.9757385253906,0.0,0,0,0,0,0,0,0,0,0,0,0,0,0,0,0,0,0,1,1,1,1,1,1,1,1
2022-01-16 11:15:00+00:00,60,1,11,300.57611083984375,4.407052993774414,0,0,0,0,0,0,0,0,0,0,0,0,0,0,0,0,1,1,1,1,1,1,1,1,1
2022-01-16 11:15:00+00:00,60,1,11,95.64096069335938,82.96839141845703,0,0,0,0,0,0,0,0,0,1,1,1,1,1,1,1,1,0,0,0,0,0,0,0,0
2022-01-16 11:15:00+00:00,60,1,11,85.8866195678711,78.45502471923828,0,0,0,0,0,0,0,0,0,1,1,1,1,1,1,1,1,0,0,0,0,0,0,0,0
2022-01-16 11:15:00+00:00,60,1,11,94.50401306152344,137.42076110839844,0,0,0,0,0,0,0,0,0,1,1,1,1,1,1,1,1,0,0,0,0,0,0,0,0
2022-01-16 11:15:00+00:00,60,1,11,167.9800567626953,160.7996368408203,0,0,0,0,0,0,0,0,0,0,0,0,1,1,1,1,1,0,0,0,0,0,0,0,0
2022-01-16 11:15:00+00:00,60,1,11,34.57012939453125,18.72520637512207,0,0,0,0,0,1,1,1,1,1,1,1,1,1,1,1,1,0,0,1,1,1,1,1,1
2022-01-16 11:15:00+00:00,60,1,11,149.88218688964844,0.0,0,0,0,0,0,0,0,0,0,0,0,1,1,1,1,1,1,1,1,1,1,1,1,1,1
2022-01-16 11:15:00+00:00,60,1,11,199.6373291015625,188.8875732421875,0,0,0,0,0,0,0,0,0,0,0,0,0,1,1,1,1,0,0,0,0,0,0,0,0
2022-01-16 11:15:00+00:00,60,1,11,222.07716369628906,32.24695587158203,0,0,0,0,0,0,0,0,0,0,0,0,0,0,1,1,1,0,0,0,0,0,1,1,1
2022-01-16 11:15:00+00:00,60,1,11,61.932796478271484,93.57915496826172,0,0,0,0,0,0,0,0,1,1,1,1,1,1,1,1,1,0,0,0,0,0,0,0,0
2022-01-16 11:15:00+00:00,60,1,11,254.18698120117188,178.75953674316406,0,0,0,0,0,0,0,0,0,0,0,0,0,0,0,1,1,0,0,0,0,0,0,0,0
2022-01-16 11:30:00+00:00,60,1,11,,,0,0,0,0,0,0,0,0,0,0,0,0,0,0,0,0,0,0,0,0,0,0,0,0,0
2022-01-16 11:30:00+00:00,60,1,11,198.0485076904297,211.7583770751953,0,0,0,0,0,0,0,0,0,0,0,0,0,1,1,1,1,0,0,0,0,0,0,0,0
2022-01-16 11:30:00+00:00,60,1,11,416.5704345703125,255.0189208984375,0,0,0,0,0,0,0,0,0,0,0,0,0,0,0,0,0,0,0,0,0,0,0,0,0
2022-01-16 11:30:00+00:00,60,1,11,64.78112030029297,9.830044746398926,0,0,0,0,0,0,0,0,1,1,1,1,1,1,1,1,1,1,1,1,1,1,1,1,1
2022-01-16 11:30:00+00:00,60,1,11,149.65586853027344,171.07334899902344,0,0,0,0,0,0,0,0,0,0,0,1,1,1,1,1,1,0,0,0,0,0,0,0,0
2022-01-16 11:30:00+00:00,60,1,11,155.81248474121094,7.936461925506592,0,0,0,0,0,0,0,0,0,0,0,0,1,1,1,1,1,1,1,1,1,1,1,1,1
2022-01-16 11:30:00+00:00,60,1,11,,,0,0,0,0,0,0,0,0,0,0,0,0,0,0,0,0,0,0,0,0,0,0,0,0,0
2022-01-16 11:30:00+00:00,60,1,11,,,0,0,0,0,0,0,0,0,0,0,0,0,0,0,0,0,0,0,0,0,0,0,0,0,0
2022-01-16 11:30:00+00:00,60,1,11,166.1741943359375,98.9613037109375,0,0,0,0,0,0,0,0,0,0,0,0,1,1,1,1,1,0,0,0,0,0,0,0,0
2022-01-16 11:30:00+00:00,60,1,11,66.62714385986328,118.0035629272461,0,0,0,0,0,0,0,0,1,1,1,1,1,1,1,1,1,0,0,0,0,0,0,0,0
2022-01-16 11:30:00+00:00,60,1,11,64.87297058105469,145.20823669433594,0,0,0,0,0,0,0,0,1,1,1,1,1,1,1,1,1,0,0,0,0,0,0,0,0
2022-01-16 11:45:00+00:00,60,1,11,52.81331253051758,44.729827880859375,0,0,0,0,0,0,0,1,1,1,1,1,1,1,1,1,1,0,0,0,0,0,0,1,1
2022-01-16 11:45:00+00:00,60,1,11,291.99566650390625,212.08416748046875,0,0,0,0,0,0,0,0,0,0,0,0,0,0,0,1,1,0,0,0,0,0,0,0,0
2022-01-16 11:45:00+00:00,60,1,11,224.4539337158203,189.68624877929688,0,0,0,0,0,0,0,0,0,0,0,0,0,0,1,1,1,0,0,0,0,0,0,0,0
2022-01-16 11:45:00+00:00,60,1,11,128.981689453125,105.61284637451172,0,0,0,0,0,0,0,0,0,0,0,1,1,1,1,1,1,0,0,0,0,0,0,0,0
2022-01-16 11:45:00+00:00,60,1,11,439.2685546875,405.24365234375,0,0,0,0,0,0,0,0,0,0,0,0,0,0,0,0,0,0,0,0,0,0,0,0,0
2022-01-16 11:45:00+00:00,60,1,11,113.9159164428711,93.25106048583984,0,0,0,0,0,0,0,0,0,0,1,1,1,1,1,1,1,0,0,0,0,0,0,0,0
2022-01-16 11:45:00+00:00,60,1,11,,335.3112487792969,0,0,0,0,0,0,0,0,0,0,0,0,0,0,0,0,0,0,0,0,0,0,0,0,0
2022-01-16 11:45:00+00:00,60,1,11,,,0,0,0,0,0,0,0,0,0,0,0,0,0,0,0,0,0,0,0,0,0,0,0,0,0
2022-01-16 11:45:00+00:00,60,1,11,281.2463073730469,0.0,0,0,0,0,0,0,0,0,0,0,0,0,0,0,0,1,1,1,1,1,1,1,1,1,1
2022-01-16 11:45:00+00:00,60,1,11,407.0902404785156,462.75238037109375,0,0,0,0,0,0,0,0,0,0,0,0,0,0,0,0,0,0,0,0,0,0,0,0,0
2022-01-16 11:45:00+00:00,60,1,11,,,0,0,0,0,0,0,0,0,0,0,0,0,0,0,0,0,0,0,0,0,0,0,0,0,0
2022-01-16 11:45:00+00:00,60,1,11,376.02740478515625,350.9317626953125,0,0,0,0,0,0,0,0,0,0,0,0,0,0,0,0,0,0,0,0,0,0,0,0,0
2022-01-16 12:00:00+00:00,60,1,12,,,0,0,0,0,0,0,0,0,0,0,0,0,0,0,0,0,0,0,0,0,0,0,0,0,0
2022-01-16 12:00:00+00:00,60,1,12,,,0,0,0,0,0,0,0,0,0,0,0,0,0,0,0,0,0,0,0,0,0,0,0,0,0
2022-01-16 12:00:00+00:00,60,1,12,348.4245910644531,5.142423629760742,0,0,0,0,0,0,0,0,0,0,0,0,0,0,0,0,1,1,1,1,1,1,1,1,1
2022-01-16 12:00:00+00:00,60,1,12,76.80818176269531,21.147808074951172,0,0,0,0,0,0,0,0,1,1,1,1,1,1,1,1,1,0,0,0,1,1,1,1,1
2022-01-16 12:00:00+00:00,60,1,12,349.27178955078125,118.87903594970703,0,0,0,0,0,0,0,0,0,0,0,0,0,0,0,0,1,0,0,0,0,0,0,0,0
2022-01-16 12:00:00+00:00,60,1,12,64.44267272949219,0.0,0,0,0,0,0,0,0,0,1,1,1,1,1,1,1,1,1,1,1,1,1,1,1,1,1
2022-01-16 12:00:00+00:00,60,1,12,142.36477661132812,162.2339630126953,0,0,0,0,0,0,0,0,0,0,0,1,1,1,1,1,1,0,0,0,0,0,0,0,0
2022-01-16 12:00:00+00:00,60,1,12,272.5859069824219,156.62278747558594,0,0,0,0,0,0,0,0,0,0,0,0,0,0,0,1,1,0,0,0,0,0,0,0,0
2022-01-16 12:00:00+00:00,60,1,12,494.71514892578125,454.3916320800781,0,0,0,0,0,0,0,0,0,0,0,0,0,0,0,0,0,0,0,0,0,0,0,0,0
2022-01-16 12:00:00+00:00,60,1,12,487.3739013671875,,0,0,0,0,0,0,0,0,0,0,0,0,0,0,0,0,0,0,0,0,0,0,0,0,0
2022-01-16 12:00:00+00:00,60,1,12,,,0,0,0,0,0,0,0,0,0,0,0,0,0,0,0,0,0,0,0,0,0,0,0,0,0
2022-01-16 12:00:00+00:00,60,1,12,429.0308532714844,500.6789855957031,0,0,0,0,0,0,0,0,0,0,0,0,0,0,0,0,0,0,0,0,0,0,0,0,0
2022-01-16 12:00:00+00:00,60,1,12,70.24238586425781,69.89927673339844,0,0,0,0,0,0,0,0,1,1,1,1,1,1,1,1,1,0,0,0,0,0,0,0,0
2022-01-16 12:00:00+00:00,60,1,12,363.630615234375,430.7711486816406,0,0,0,0,0,0,0,0,0,0,0,0,0,0,0,0,0,0,0,0,0,0,0,0,0
2022-01-16 12:15:00+00:00,60,1,12,214.86195373535156,193.32725524902344,0,0,0,0,0,0,0,0,0,0,0,0,0,0,1,1,1,0,0,0,0,0,0,0,0
2022-01-16 12:15:00+00:00,60,1,12,470.18780517578125,490.66900634765625,0,0,0,0,0,0,0,0,0,0,0,0,0,0,0,0,0,0,0,0,0,0,0,0,0
2022-01-16 12:15:00+00:00,60,1,12,214.16555786132812,136.1812286376953,0,0,0,0,0,0,0,0,0,0,0,0,0,0,1,1,1,0,0,0,0,0,0,0,0
2022-01-16 12:15:00+00:00,60,1,12,176.13905334472656,322.1164245605469,0,0,0,0,0,0,0,0,0,0,0,0,1,1,1,1,1,0,0,0,0,0,0,0,0
2022-01-16 12:15:00+00:00,60,1,12,186.9054412841797,267.5853576660156,0,0,0,0,0,0,0,0,0,0,0,0,0,1,1,1,1,0,0,0,0,0,0,0,0
2022-01-16 12:15:00+00:00,60,1,12,205.6995849609375,53.73595428466797,0,0,0,0,0,0,0,0,0,0,0,0,0,0,1,1,1,0,0,0,0,0,0,0,1
2022-01-16 12:15:00+00:00,60,1,12,93.1257095336914,5.4691057205200195,0,0,0,0,0,0,0,0,0,1,1,1,1,1,1,1,1,1,1,1,1,1,1,1,1
2022-01-16 12:15:00+00:00,60,1,12,,,0,0,0,0,0,0,0,0,0,0,0,0,0,0,0,0,0,0,0,0,0,0,0,0,0
2022-01-16 12:15:00+00:00,60,1,12,263.1036682128906,228.78872680664062,0,0,0,0,0,0,0,0,0,0,0,0,0,0,0,1,1,0,0,0,0,0,0,0,0
2022-01-16 12:15:00+00:00,60,1,12,,,0,0,0,0,0,0,0,0,0,0,0,0,0,0,0,0,0,0,0,0,0,0,0,0,0
2022-01-16 12:15:00+00:00,60,1,12,61.492862701416016,65.20272827148438,0,0,0,0,0,0,0,0,1,1,1,1,1,1,1,1,1,0,0,0,0,0,0,0,0
2022-01-16 12:15:00+00:00,60,1,12,,,0,0,0,0,0,0,0,0,0,0,0,0,0,0,0,0,0,0,0,0,0,0,0,0,0
2022-01-16 12:15:00+00:00,60,1,12,144.00404357910156,123.27830505371094,0,0,0,0,0,0,0,0,0,0,0,1,1,1,1,1,1,0,0,0,0,0,0,0,0
2022-01-16 12:15:00+00:00,60,1,12,82.40701293945312,13.430773735046387,0,0,0,0,0,0,0,0,0,1,1,1,1,1,1,1,1,0,1,1,1,1,1,1,1
2022-01-16 12:15:00+00:00,60,1,12,48.68281936645508,0.0,0,0,0,0,0,0,1,1,1,1,1,1,1,1,1,1,1,1,1,1,1,1,1,1,1
2022-01-16 12:15:00+00:00,60,1,12,,,0,0,0,0,0,0,0,0,0,0,0,0,0,0,0,0,0,0,0,0,0,0,0,0,0
2022-01-16 12:30:00+00:00,60,1,12,,,0,0,0,0,0,0,0,0,0,0,0,0,0,0,0,0,0,0,0,0,0,0,0,0,0
2022-01-16 12:30:00+00:00,60,1,12,,,0,0,0,0,0,0,0,0,0,0,0,0,0,0,0,0,0,0,0,0,0,0,0,0,0
2022-01-16 12:30:00+00:00,60,1,12,,354.7411804199219,0,0,0,0,0,0,0,0,0,0,0,0,0,0,0,0,0,0,0,0,0,0,0,0,0
2022-01-16 12:30:00+00:00,60,1,12,,255.0367889404297,0,0,0,0,0,0,0,0,0,0,0,0,0,0,0,0,0,0,0,0,0,0,0,0,0
2022-01-16 12:30:00+00:00,60,1,12,261.1898498535156,162.87802124023438,0,0,0,0,0,0,0,0,0,0,0,0,0,0,0,1,1,0,0,0,0,0,0,0,0
2022-01-16 12:30:00+00:00,60,1,12,230.2605743408203,102.01251220703125,0,0,0,0,0,0,0,0,0,0,0,0,0,0,1,1,1,0,0,0,0,0,0,0,0
2022-01-16 12:30:00+00:00,60,1,12,170.06883239746094,177.5933074951172,0,0,0,0,0,0,0,0,0,0,0,0,1,1,1,1,1,0,0,0,0,0,0,0,0
2022-01-16 12:30:00+00:00,60,1,12,170.7767791748047,161.2678985595703,0,0,0,0,0,0,0,0,0,0,0,0,1,1,1,1,1,0,0,0,0,0,0,0,0
2022-01-16 12:30:00+00:00,60,1,12,73.1849365234375,94.13980102539062,0,0,0,0,0,0,0,0,1,1,1,1,1,1,1,1,1,0,0,0,0,0,0,0,0
2022-01-16 12:30:00+00:00,60,1,12,84.65702819824219,154.50576782226562,0,0,0,0,0,0,0,0,0,1,1,1,1,1,1,1,1,0,0,0,0,0,0,0,0
2022-01-16 12:30:00+00:00,60,1,12,46.85212326049805,34.766937255859375,0,0,0,0,0,0,1,1,1,1,1,1,1,1,1,1,1,0,0,0,0,0,1,1,1
2022-01-16 12:30:00+00:00,60,1,12,64.4804916381836,8.661004066467285,0,0,0,0,0,0,0,0,1,1,1,1,1,1,1,1,1,1,1,1,1,1,1,1,1
2022-01-16 12:30:00+00:00,60,1,12,235.73435974121094,310.3180847167969,0,0,0,0,0,0,0,0,0,0,0,0,0,0,1,1,1,0,0,0,0,0,0,0,0
2022-01-16 12:30:00+00:00,60,1,12,74.4676742553711,59.60422897338867,0,0,0,0,0,0,0,0,1,1,1,1,1,1,1,1,1,0,0,0,0,0,0,0,1
2022-01-16 12:30:00+00:00,60,1,12,127.35893249511719,110.0327377319336,0,0,0,0,0,0,0,0,0,0,0,1,1,1,1,1,1,0,0,0,0,0,0,0,0
2022-01-16 12:30:00+00:00,60,1,12,,,0,0,0,0,0,0,0,0,0,0,0,0,0,0,0,0,0,0,0,0,0,0,0,0,0
2022-01-16 12:30:00+00:00,60,1,12,205.7371368408203,224.01829528808594,0,0,0,0,0,0,0,0,0,0,0,0,0,0,1,1,1,0,0,0,0,0,0,0,0
2022-01-16 12:30:00+00:00,60,1,12,86.98761749267578,59.22252655029297,0,0,0,0,0,0,0,0,0,1,1,1,1,1,1,1,1,0,0,0,0,0,0,0,1
2022-01-16 12:30:00+00:00,60,1,12,117.99830627441406,59.86472702026367,0,0,0,0,0,0,0,0,0,0,1,1,1,1,1,1,1,0,0,0,0,0,0,0,1
2022-01-16 12:30:00+00:00,60,1,12,134.6968994140625,179.5321044921875,0,0,0,0,0,0,0,0,0,0,0,1,1,1,1,1,1,0,0,0,0,0,0,0,0
2022-01-16 12:30:00+00:00,60,1,12,101.66393280029297,146.19686889648438,0,0,0,0,0,0,0,0,0,0,1,1,1,1,1,1,1,0,0,0,0,0,0,0,0
2022-01-16 12:30:00+00:00,60,1,12,209.39527893066406,73.04518127441406,0,0,0,0,0,0,0,0,0,0,0,0,0,0,1,1,1,0,0,0,0,0,0,0,0
2022-01-16 12:45:00+00:00,60,1,12,,,0,0,0,0,0,0,0,0,0,0,0,0,0,0,0,0,0,0,0,0,0,0,0,0,0
2022-01-16 12:45:00+00:00,60,1,12,92.1005859375,102.03904724121094,0,0,0,0,0,0,0,0,0,1,1,1,1,1,1,1,1,0,0,0,0,0,0,0,0
2022-01-16 12:45:00+00:00,60,1,12,65.54843139648438,65.69895935058594,0,0,0,0,0,0,0,0,1,1,1,1,1,1,1,1,1,0,0,0,0,0,0,0,0
2022-01-16 12:45:00+00:00,60,1,12,79.61748504638672,103.41651916503906,0,0,0,0,0,0,0,0,1,1,1,1,1,1,1,1,1,0,0,0,0,0,0,0,0
2022-01-16 12:45:00+00:00,60,1,12,107.7802963256836,134.49168395996094,0,0,0,0,0,0,0,0,0,0,1,1,1,1,1,1,1,0,0,0,0,0,0,0,0
2022-01-16 12:45:00+00:00,60,1,12,378.7605895996094,332.6607971191406,0,0,0,0,0,0,0,0,0,0,0,0,0,0,0,0,0,0,0,0,0,0,0,0,0
2022-01-16 12:45:00+00:00,60,1,12,76.54010009765625,51.02141571044922,0,0,0,0,0,0,0,0,1,1,1,1,1,1,1,1,1,0,0,0,0,0,0,0,1
2022-01-16 12:45:00+00:00,60,1,12,,77.49311828613281,0,0,0,0,0,0,0,0,0,0,0,0,0,0,0,0,0,0,0,0,0,0,0,0,0
2022-01-16 12:45:00+00:00,60,1,12,,395.4976806640625,0,0,0,0,0,0,0,0,0,0,0,0,0,0,0,0,0,0,0,0,0,0,0,0,0
2022-01-16 12:45:00+00:00,60,1,12,,293.4966125488281,0,0,0,0,0,0,0,0,0,0,0,0,0,0,0,0,0,0,0,0,0,0,0,0,0
2022-01-16 12:45:00+00:00,60,1,12,,310.3041076660156,0,0,0,0,0,0,0,0,0,0,0,0,0,0,0,0,0,0,0,0,0,0,0,0,0
2022-01-16 12:45:00+00:00,60,1,12,198.27284240722656,6.053827285766602,0,0,0,0,0,0,0,0,0,0,0,0,0,1,1,1,1,1,1,1,1,1,1,1,1
2022-01-16 12:45:00+00:00,60,1,12,202.18113708496094,27.987857818603516,0,0,0,0,0,0,0,0,0,0,0,0,0,0,1,1,1,0,0,0,0,1,1,1,1
2022-01-16 12:45:00+00:00,60,1,12,64.28588104248047,23.102861404418945,0,0,0,0,0,0,0,0,1,1,1,1,1,1,1,1,1,0,0,0,1,1,1,1,1
2022-01-16 12:45:00+00:00,60,1,12,74.3692398071289,0.0,0,0,0,0,0,0,0,0,1,1,1,1,1,1,1,1,1,1,1,1,1,1,1,1,1
2022-01-16 12:45:00+00:00,60,1,12,592.1669921875,476.49578857421875,0,0,0,0,0,0,0,0,0,0,0,0,0,0,0,0,0,0,0,0,0,0,0,0,0
2022-01-16 12:45:00+00:00,60,1,12,,,0,0,0,0,0,0,0,0,0,0,0,0,0,0,0,0,0,0,0,0,0,0,0,0,0
2022-01-16 13:00:00+00:00,60,1,13,,,0,0,0,0,0,0,0,0,0,0,0,0,0,0,0,0,0,0,0,0,0,0,0,0,0
2022-01-16 13:00:00+00:00,60,1,13,46.9416618347168,0.0,0,0,0,0,0,0,1,1,1,1,1,1,1,1,1,1,1,1,1,1,1,1,1,1,1
2022-01-16 13:00:00+00:00,60,1,13,140.19505310058594,94.33721160888672,0,0,0,0,0,0,0,0,0,0,0,1,1,1,1,1,1,0,0,0,0,0,0,0,0
2022-01-16 13:00:00+00:00,60,1,13,324.7113952636719,354.5924377441406,0,0,0,0,0,0,0,0,0,0,0,0,0,0,0,0,1,0,0,0,0,0,0,0,0
2022-01-16 13:00:00+00:00,60,1,13,238.27598571777344,138.4772186279297,0,0,0,0,0,0,0,0,0,0,0,0,0,0,1,1,1,0,0,0,0,0,0,0,0
2022-01-16 13:00:00+00:00,60,1,13,381.90985107421875,391.6313171386719,0,0,0,0,0,0,0,0,0,0,0,0,0,0,0,0,0,0,0,0,0,0,0,0,0
2022-01-16 13:00:00+00:00,60,1,13,,0.0,0,0,0,0,0,0,0,0,0,0,0,0,0,0,0,0,0,1,1,1,1,1,1,1,1
2022-01-16 13:00:00+00:00,60,1,13,84.66290283203125,0.0,0,0,0,0,0,0,0,0,0,1,1,1,1,1,1,1,1,1,1,1,1,1,1,1,1
2022-01-16 13:00:00+00:00,60,1,13,103.96757507324219,61.697566986083984,0,0,0,0,0,0,0,0,0,0,1,1,1,1,1,1,1,0,0,0,0,0,0,0,0
2022-01-16 13:00:00+00:00,60,1,13,,309.6031494140625,0,0,0,0,0,0,0,0,0,0,0,0,0,0,0,0,0,0,0,0,0,0,0,0,0
2022-01-16 13:00:00+00:00,60,1,13,356.9375915527344,94.3138427734375,0,0,0,0,0,0,0,0,0,0,0,0,0,0,0,0,0,0,0,0,0,0,0,0,0
2022-01-16 13:00:00+00:00,60,1,13,147.460205078125,6.329219341278076,0,0,0,0,0,0,0,0,0,0,0,1,1,1,1,1,1,1,1,1,1,1,1,1,1
2022-01-16 13:00:00+00:00,60,1,13,,310.454833984375,0,0,0,0,0,0,0,0,0,0,0,0,0,0,0,0,0,0,0,0,0,0,0,0,0
2022-01-16 13:00:00+00:00,60,1,13,253.13784790039062,251.63275146484375,0,0,0,0,0,0,0,0,0,0,0,0,0,0,0,1,1,0,0,0,0,0,0,0,0
2022-01-16 13:00:00+00:00,60,1,13,153.84532165527344,116.99224090576172,0,0,0,0,0,0,0,0,0,0,0,0,1,1,1,1,1,0,0,0,0,0,0,0,0
2022-01-16 13:00:00+00:00,60,1,13,402.9106750488281,315.5092468261719,0,0,0,0,0,0,0,0,0,0,0,0,0,0,0,0,0,0,0,0,0,0,0,0,0
2022-01-16 13:15:00+00:00,60,1,13,192.19046020507812,356.4339294433594,0,0,0,0,0,0,0,0,0,0,0,0,0,1,1,1,1,0,0,0,0,0,0,0,0
2022-01-16 13:15:00+00:00,60,1,13,95.05311584472656,111.98445892333984,0,0,0,0,0,0,0,0,0,1,1,1,1,1,1,1,1,0,0,0,0,0,0,0,0
2022-01-16 13:15:00+00:00,60,1,13,215.5398712158203,311.9914855957031,0,0,0,0,0,0,0,0,0,0,0,0,0,0,1,1,1,0,0,0,0,0,0,0,0
2022-01-16 13:15:00+00:00,60,1,13,331.3970947265625,223.19430541992188,0,0,0,0,0,0,0,0,0,0,0,0,0,0,0,0,1,0,0,0,0,0,0,0,0
2022-01-16 13:15:00+00:00,60,1,13,,123.6370849609375,0,0,0,0,0,0,0,0,0,0,0,0,0,0,0,0,0,0,0,0,0,0,0,0,0
2022-01-16 13:15:00+00:00,60,1,13,,178.1051025390625,0,0,0,0,0,0,0,0,0,0,0,0,0,0,0,0,0,0,0,0,0,0,0,0,0
2022-01-16 13:15:00+00:00,60,1,13,,365.9085388183594,0,0,0,0,0,0,0,0,0,0,0,0,0,0,0,0,0,0,0,0,0,0,0,0,0
2022-01-16 13:15:00+00:00,60,1,13,491.7497863769531,331.9026184082031,0,0,0,0,0,0,0,0,0,0,0,0,0,0,0,0,0,0,0,0,0,0,0,0,0
2022-01-16 13:30:00+00:00,60,1,13,,,0,0,0,0,0,0,0,0,0,0,0,0,0,0,0,0,0,0,0,0,0,0,0,0,0
2022-01-16 13:30:00+00:00,60,1,13,,,0,0,0,0,0,0,0,0,0,0,0,0,0,0,0,0,0,0,0,0,0,0,0,0,0
2022-01-16 13:30:00+00:00,60,1,13,157.22970581054688,401.84185791015625,0,0,0,0,0,0,0,0,0,0,0,0,1,1,1,1,1,0,0,0,0,0,0,0,0
2022-01-16 13:30:00+00:00,60,1,13,298.17205810546875,348.1473693847656,0,0,0,0,0,0,0,0,0,0,0,0,0,0,0,1,1,0,0,0,0,0,0,0,0
2022-01-16 13:30:00+00:00,60,1,13,384.6998291015625,12.303738594055176,0,0,0,0,0,0,0,0,0,0,0,0,0,0,0,0,0,0,1,1,1,1,1,1,1
2022-01-16 13:30:00+00:00,60,1,13,221.1063690185547,17.050397872924805,0,0,0,0,0,0,0,0,0,0,0,0,0,0,1,1,1,0,0,1,1,1,1,1,1
2022-01-16 13:30:00+00:00,60,1,13,76.03121948242188,73.27202606201172,0,0,0,0,0,0,0,0,1,1,1,1,1,1,1,1,1,0,0,0,0,0,0,0,0
2022-01-16 13:30:00+00:00,60,1,13,75.91900634765625,79.14104461669922,0,0,0,0,0,0,0,0,1,1,1,1,1,1,1,1,1,0,0,0,0,0,0,0,0
2022-01-16 13:30:00+00:00,60,1,13,140.496826171875,131.32945251464844,0,0,0,0,0,0,0,0,0,0,0,1,1,1,1,1,1,0,0,0,0,0,0,0,0
2022-01-16 13:30:00+00:00,60,1,13,479.6181945800781,,0,0,0,0,0,0,0,0,0,0,0,0,0,0,0,0,0,0,0,0,0,0,0,0,0
2022-01-16 13:30:00+00:00,60,1,13,229.45895385742188,233.43695068359375,0,0,0,0,0,0,0,0,0,0,0,0,0,0,1,1,1,0,0,0,0,0,0,0,0
2022-01-16 13:30:00+00:00,60,1,13,245.36497497558594,260.9934997558594,0,0,0,0,0,0,0,0,0,0,0,0,0,0,1,1,1,0,0,0,0,0,0,0,0
2022-01-16 13:45:00+00:00,60,1,13,,,0,0,0,0,0,0,0,0,0,0,0,0,0,0,0,0,0,0,0,0,0,0,0,0,0
2022-01-16 13:45:00+00:00,60,1,13,617.993408203125,,0,0,0,0,0,0,0,0,0,0,0,0,0,0,0,0,0,0,0,0,0,0,0,0,0
2022-01-16 13:45:00+00:00,60,1,13,85.41288757324219,5.326136112213135,0,0,0,0,0,0,0,0,0,1,1,1,1,1,1,1,1,1,1,1,1,1,1,1,1
2022-01-16 13:45:00+00:00,60,1,13,202.921142578125,237.8994140625,0,0,0,0,0,0,0,0,0,0,0,0,0,0,1,1,1,0,0,0,0,0,0,0,0
2022-01-16 13:45:00+00:00,60,1,13,155.84951782226562,154.49703979492188,0,0,0,0,0,0,0,0,0,0,0,0,1,1,1,1,1,0,0,0,0,0,0,0,0
2022-01-16 13:45:00+00:00,60,1,13,204.59043884277344,128.15505981445312,0,0,0,0,0,0,0,0,0,0,0,0,0,0,1,1,1,0,0,0,0,0,0,0,0
2022-01-16 13:45:00+00:00,60,1,13,314.5181884765625,207.04966735839844,0,0,0,0,0,0,0,0,0,0,0,0,0,0,0,0,1,0,0,0,0,0,0,0,0
2022-01-16 13:45:00+00:00,60,1,13,105.06712341308594,13.668434143066406,0,0,0,0,0,0,0,0,0,0,1,1,1,1,1,1,1,0,1,1,1,1,1,1,1
2022-01-16 13:45:00+00:00,60,1,13,157.0824432373047,183.26931762695312,0,0,0,0,0,0,0,0,0,0,0,0,1,1,1,1,1,0,0,0,0,0,0,0,0
2022-01-16 13:45:00+00:00,60,1,13,164.11256408691406,9.929746627807617,0,0,0,0,0,0,0,0,0,0,0,0,1,1,1,1,1,1,1,1,1,1,1,1,1
2022-01-16 13:45:00+00:00,60,1,13,278.2047119140625,259.30322265625,0,0,0,0,0,0,0,0,0,0,0,0,0,0,0,1,1,0,0,0,0,0,0,0,0
2022-01-16 14:00:00+00:00,60,1,14,155.95774841308594,64.76509094238281,0,0,0,0,0,0,0,0,0,0,0,0,1,1,1,1,1,0,0,0,0,0,0,0,0
2022-01-16 14:00:00+00:00,60,1,14,195.6691436767578,85.30806732177734,0,0,0,0,0,0,0,0,0,0,0,0,0,1,1,1,1,0,0,0,0,0,0,0,0
2022-01-16 14:00:00+00:00,60,1,14,305.17657470703125,218.31039428710938,0,0,0,0,0,0,0,0,0,0,0,0,0,0,0,0,1,0,0,0,0,0,0,0,0
2022-01-16 14:00:00+00:00,60,1,14,258.15472412109375,173.1444854736328,0,0,0,0,0,0,0,0,0,0,0,0,0,0,0,1,1,0,0,0,0,0,0,0,0
2022-01-16 14:00:00+00:00,60,1,14,82.57427978515625,42.43938446044922,0,0,0,0,0,0,0,0,0,1,1,1,1,1,1,1,1,0,0,0,0,0,0,1,1
2022-01-16 14:00:00+00:00,60,1,14,345.6302185058594,0.0,0,0,0,0,0,0,0,0,0,0,0,0,0,0,0,0,1,1,1,1,1,1,1,1,1
2022-01-16 14:00:00+00:00,60,1,14,316.3804626464844,6.814442157745361,0,0,0,0,0,0,0,0,0,0,0,0,0,0,0,0,1,1,1,1,1,1,1,1,1
2022-01-16 14:00:00+00:00,60,1,14,144.5006866455078,9.98885726928711,0,0,0,0,0,0,0,0,0,0,0,1,1,1,1,1,1,1,1,1,1,1,1,1,1
2022-01-16 14:00:00+00:00,60,1,14,372.63531494140625,0.0,0,0,0,0,0,0,0,0,0,0,0,0,0,0,0,0,0,1,1,1,1,1,1,1,1
2022-01-16 14:00:00+00:00,60,1,14,115.02608489990234,81.25572204589844,0,0,0,0,0,0,0,0,0,0,1,1,1,1,1,1,1,0,0,0,0,0,0,0,0
2022-01-16 14:00:00+00:00,60,1,14,180.54611206054688,153.04296875,0,0,0,0,0,0,0,0,0,0,0,0,0,1,1,1,1,0,0,0,0,0,0,0,0
2022-01-16 14:00:00+00:00,60,1,14,372.3227233886719,376.2691650390625,0,0,0,0,0,0,0,0,0,0,0,0,0,0,0,0,0,0,0,0,0,0,0,0,0
2022-01-16 14:00:00+00:00,60,1,14,207.72732543945312,209.3233642578125,0,0,0,0,0,0,0,0,0,0,0,0,0,0,1,1,1,0,0,0,0,0,0,0,0
2022-01-16 14:00:00+00:00,60,1,14,212.4154052734375,94.8604507446289,0,0,0,0,0,0,0,0,0,0,0,0,0,0,1,1,1,0,0,0,0,0,0,0,0
2022-01-16 14:00:00+00:00,60,1,14,124.9634780883789,9.388982772827148,0,0,0,0,0,0,0,0,0,0,0,1,1,1,1,1,1,1,1,1,1,1,1,1,1
2022-01-16 14:00:00+00:00,60,1,14,66.06884765625,49.26394271850586,0,0,0,0,0,0,0,0,1,1,1,1,1,1,1,1,1,0,0,0,0,0,0,1,1
2022-01-16 14:00:00+00:00,60,1,14,200.18399047851562,19.279247283935547,0,0,0,0,0,0,0,0,0,0,0,0,0,0,1,1,1,0,0,1,1,1,1,1,1
2022-01-16 14:00:00+00:00,60,1,14,205.75894165039062,146.85911560058594,0,0,0,0,0,0,0,0,0,0,0,0,0,0,1,1,1,0,0,0,0,0,0,0,0
2022-01-16 14:00:00+00:00,60,1,14,267.9235534667969,217.35061645507812,0,0,0,0,0,0,0,0,0,0,0,0,0,0,0,1,1,0,0,0,0,0,0,0,0
2022-01-16 14:15:00+00:00,60,1,14,167.5290069580078,176.58436584472656,0,0,0,0,0,0,0,0,0,0,0,0,1,1,1,1,1,0,0,0,0,0,0,0,0
2022-01-16 14:15:00+00:00,60,1,14,121.87291717529297,124.5656967163086,0,0,0,0,0,0,0,0,0,0,0,1,1,1,1,1,1,0,0,0,0,0,0,0,0
2022-01-16 14:15:00+00:00,60,1,14,311.05810546875,222.13583374023438,0,0,0,0,0,0,0,0,0,0,0,0,0,0,0,0,1,0,0,0,0,0,0,0,0
2022-01-16 14:15:00+00:00,60,1,14,88.87371063232422,127.48743438720703,0,0,0,0,0,0,0,0,0,1,1,1,1,1,1,1,1,0,0,0,0,0,0,0,0
2022-01-16 14:15:00+00:00,60,1,14,267.9826354980469,76.0411376953125,0,0,0,0,0,0,0,0,0,0,0,0,0,0,0,1,1,0,0,0,0,0,0,0,0
2022-01-16 14:15:00+00:00,60,1,14,184.24142456054688,233.801025390625,0,0,0,0,0,0,0,0,0,0,0,0,0,1,1,1,1,0,0,0,0,0,0,0,0
2022-01-16 14:15:00+00:00,60,1,14,58.78468322753906,200.81027221679688,0,0,0,0,0,0,0,1,1,1,1,1,1,1,1,1,1,0,0,0,0,0,0,0,0
2022-01-16 14:15:00+00:00,60,1,14,180.1007537841797,0.0,0,0,0,0,0,0,0,0,0,0,0,0,0,1,1,1,1,1,1,1,1,1,1,1,1
2022-01-16 14:15:00+00:00,60,1,14,152.52911376953125,0.0,0,0,0,0,0,0,0,0,0,0,0,0,1,1,1,1,1,1,1,1,1,1,1,1,1
2022-01-16 14:15:00+00:00,60,1,14,499.066162109375,502.3742370605469,0,0,0,0,0,0,0,0,0,0,0,0,0,0,0,0,0,0,0,0,0,0,0,0,0
2022-01-16 14:15:00+00:00,60,1,14,,,0,0,0,0,0,0,0,0,0,0,0,0,0,0,0,0,0,0,0,0,0,0,0,0,0
2022-01-16 14:30:00+00:00,60,1,14,52.335914611816406,0.0,0,0,0,0,0,0,0,1,1,1,1,1,1,1,1,1,1,1,1,1,1,1,1,1,1
2022-01-16 14:30:00+00:00,60,1,14,228.15870666503906,285.79150390625,0,0,0,0,0,0,0,0,0,0,0,0,0,0,1,1,1,0,0,0,0,0,0,0,0
2022-01-16 14:30:00+00:00,60,1,14,168.1982879638672,171.22531127929688,0,0,0,0,0,0,0,0,0,0,0,0,1,1,1,1,1,0,0,0,0,0,0,0,0
2022-01-16 14:30:00+00:00,60,1,14,137.18276977539062,135.47825622558594,0,0,0,0,0,0,0,0,0,0,0,1,1,1,1,1,1,0,0,0,0,0,0,0,0
2022-01-16 14:30:00+00:00,60,1,14,,,0,0,0,0,0,0,0,0,0,0,0,0,0,0,0,0,0,0,0,0,0,0,0,0,0
2022-01-16 14:30:00+00:00,60,1,14,91.44731903076172,75.30524444580078,0,0,0,0,0,0,0,0,0,1,1,1,1,1,1,1,1,0,0,0,0,0,0,0,0
2022-01-16 14:30:00+00:00,60,1,14,89.12203216552734,48.200740814208984,0,0,0,0,0,0,0,0,0,1,1,1,1,1,1,1,1,0,0,0,0,0,0,1,1
2022-01-16 14:30:00+00:00,60,1,14,50.88463592529297,175.8505859375,0,0,0,0,0,0,0,1,1,1,1,1,1,1,1,1,1,0,0,0,0,0,0,0,0
2022-01-16 14:30:00+00:00,60,1,14,337.6872253417969,449.4016418457031,0,0,0,0,0,0,0,0,0,0,0,0,0,0,0,0,1,0,0,0,0,0,0,0,0
2022-01-16 14:30:00+00:00,60,1,14,77.8082046508789,64.96978759765625,0,0,0,0,0,0,0,0,1,1,1,1,1,1,1,1,1,0,0,0,0,0,0,0,0
2022-01-16 14:30:00+00:00,60,1,14,387.5418701171875,166.30108642578125,0,0,0,0,0,0,0,0,0,0,0,0,0,0,0,0,0,0,0,0,0,0,0,0,0
2022-01-16 14:30:00+00:00,60,1,14,228.72915649414062,132.2423095703125,0,0,0,0,0,0,0,0,0,0,0,0,0,0,1,1,1,0,0,0,0,0,0,0,0
2022-01-16 14:30:00+00:00,60,1,14,244.59486389160156,167.94940185546875,0,0,0,0,0,0,0,0,0,0,0,0,0,0,1,1,1,0,0,0,0,0,0,0,0
2022-01-16 14:30:00+00:00,60,1,14,122.18936157226562,77.42649841308594,0,0,0,0,0,0,0,0,0,0,0,1,1,1,1,1,1,0,0,0,0,0,0,0,0
2022-01-16 14:30:00+00:00,60,1,14,201.07884216308594,98.1094970703125,0,0,0,0,0,0,0,0,0,0,0,0,0,0,1,1,1,0,0,0,0,0,0,0,0
2022-01-16 14:45:00+00:00,60,1,14,111.81415557861328,457.47393798828125,0,0,0,0,0,0,0,0,0,0,1,1,1,1,1,1,1,0,0,0,0,0,0,0,0
2022-01-16 14:45:00+00:00,60,1,14,177.5323944091797,131.36729431152344,0,0,0,0,0,0,0,0,0,0,0,0,1,1,1,1,1,0,0,0,0,0,0,0,0
2022-01-16 14:45:00+00:00,60,1,14,74.87480163574219,25.38869285583496,0,0,0,0,0,0,0,0,1,1,1,1,1,1,1,1,1,0,0,0,0,1,1,1,1
2022-01-16 14:45:00+00:00,60,1,14,205.1420135498047,150.4242706298828,0,0,0,0,0,0,0,0,0,0,0,0,0,0,1,1,1,0,0,0,0,0,0,0,0
2022-01-16 14:45:00+00:00,60,1,14,158.2443389892578,131.9267120361328,0,0,0,0,0,0,0,0,0,0,0,0,1,1,1,1,1,0,0,0,0,0,0,0,0
2022-01-16 14:45:00+00:00,60,1,14,173.0098419189453,185.96482849121094,0,0,0,0,0,0,0,0,0,0,0,0,1,1,1,1,1,0,0,0,0,0,0,0,0
2022-01-16 15:00:00+00:00,60,1,15,295.55108642578125,,0,0,0,0,0,0,0,0,0,0,0,0,0,0,0,1,1,0,0,0,0,0,0,0,0
2022-01-16 15:00:00+00:00,60,1,15,286.4354248046875,,0,0,0,0,0,0,0,0,0,0,0,0,0,0,0,1,1,0,0,0,0,0,0,0,0
2022-01-16 15:00:00+00:00,60,1,15,47.65916442871094,81.91813659667969,0,0,0,0,0,0,1,1,1,1,1,1,1,1,1,1,1,0,0,0,0,0,0,0,0
2022-01-16 15:00:00+00:00,60,1,15,213.31605529785156,0.0,0,0,0,0,0,0,0,0,0,0,0,0,0,0,1,1,1,1,1,1,1,1,1,1,1
2022-01-16 15:00:00+00:00,60,1,15,392.1337890625,248.0836181640625,0,0,0,0,0,0,0,0,0,0,0,0,0,0,0,0,0,0,0,0,0,0,0,0,0
2022-01-16 15:00:00+00:00,60,1,15,54.372257232666016,117.24669647216797,0,0,0,0,0,0,0,1,1,1,1,1,1,1,1,1,1,0,0,0,0,0,0,0,0
2022-01-16 15:00:00+00:00,60,1,15,260.36724853515625,3.0591273307800293,0,0,0,0,0,0,0,0,0,0,0,0,0,0,0,1,1,1,1,1,1,1,1,1,1
2022-01-16 15:00:00+00:00,60,1,15,59.359100341796875,0.0,0,0,0,0,0,0,0,1,1,1,1,1,1,1,1,1,1,1,1,1,1,1,1,1,1
2022-01-16 15:15:00+00:00,60,1,15,,,0,0,0,0,0,0,0,0,0,0,0,0,0,0,0,0,0,0,0,0,0,0,0,0,0
2022-01-16 15:15:00+00:00,60,1,15,499.4513854980469,493.95556640625,0,0,0,0,0,0,0,0,0,0,0,0,0,0,0,0,0,0,0,0,0,0,0,0,0
2022-01-16 15:15:00+00:00,60,1,15,278.4443664550781,268.32305908203125,0,0,0,0,0,0,0,0,0,0,0,0,0,0,0,1,1,0,0,0,0,0,0,0,0
2022-01-16 15:15:00+00:00,60,1,15,168.96575927734375,150.3159942626953,0,0,0,0,0,0,0,0,0,0,0,0,1,1,1,1,1,0,0,0,0,0,0,0,0
2022-01-16 15:15:00+00:00,60,1,15,327.3069763183594,,0,0,0,0,0,0,0,0,0,0,0,0,0,0,0,0,1,0,0,0,0,0,0,0,0
2022-01-16 15:15:00+00:00,60,1,15,119.2859878540039,6.789596080780029,0,0,0,0,0,0,0,0,0,0,1,1,1,1,1,1,1,1,1,1,1,1,1,1,1
2022-01-16 15:15:00+00:00,60,1,15,117.91908264160156,72.37309265136719,0,0,0,0,0,0,0,0,0,0,1,1,1,1,1,1,1,0,0,0,0,0,0,0,0
2022-01-16 15:15:00+00:00,60,1,15,122.37841033935547,19.711566925048828,0,0,0,0,0,0,0,0,0,0,0,1,1,1,1,1,1,0,0,1,1,1,1,1,1
2022-01-16 15:15:00+00:00,60,1,15,83.06124114990234,120.43411254882812,0,0,0,0,0,0,0,0,0,1,1,1,1,1,1,1,1,0,0,0,0,0,0,0,0
2022-01-16 15:15:00+00:00,60,1,15,246.76202392578125,153.97494506835938,0,0,0,0,0,0,0,0,0,0,0,0,0,0,1,1,1,0,0,0,0,0,0,0,0
2022-01-16 15:15:00+00:00,60,1,15,74.01399993896484,87.77730560302734,0,0,0,0,0,0,0,0,1,1,1,1,1,1,1,1,1,0,0,0,0,0,0,0,0
2022-01-16 15:15:00+00:00,60,1,15,93.48424530029297,3.1287388801574707,0,0,0,0,0,0,0,0,0,1,1,1,1,1,1,1,1,1,1,1,1,1,1,1,1
2022-01-16 15:15:00+00:00,60,1,15,,,0,0,0,0,0,0,0,0,0,0,0,0,0,0,0,0,0,0,0,0,0,0,0,0,0
2022-01-16 15:30:00+00:00,60,1,15,132.56088256835938,85.76505279541016,0,0,0,0,0,0,0,0,0,0,0,1,1,1,1,1,1,0,0,0,0,0,0,0,0
2022-01-16 15:30:00+00:00,60,1,15,118.28192901611328,200.7052001953125,0,0,0,0,0,0,0,0,0,0,1,1,1,1,1,1,1,0,0,0,0,0,0,0,0
2022-01-16 15:30:00+00:00,60,1,15,116.71499633789062,77.43112182617188,0,0,0,0,0,0,0,0,0,0,1,1,1,1,1,1,1,0,0,0,0,0,0,0,0
2022-01-16 15:30:00+00:00,60,1,15,150.22552490234375,159.6177520751953,0,0,0,0,0,0,0,0,0,0,0,0,1,1,1,1,1,0,0,0,0,0,0,0,0
2022-01-16 15:30:00+00:00,60,1,15,323.91644287109375,309.0053405761719,0,0,0,0,0,0,0,0,0,0,0,0,0,0,0,0,1,0,0,0,0,0,0,0,0
2022-01-16 15:30:00+00:00,60,1,15,,,0,0,0,0,0,0,0,0,0,0,0,0,0,0,0,0,0,0,0,0,0,0,0,0,0
2022-01-16 15:30:00+00:00,60,1,15,309.8659973144531,309.8792419433594,0,0,0,0,0,0,0,0,0,0,0,0,0,0,0,0,1,0,0,0,0,0,0,0,0
2022-01-16 15:45:00+00:00,60,1,15,469.7867126464844,528.0332641601562,0,0,0,0,0,0,0,0,0,0,0,0,0,0,0,0,0,0,0,0,0,0,0,0,0
2022-01-16 15:45:00+00:00,60,1,15,,,0,0,0,0,0,0,0,0,0,0,0,0,0,0,0,0,0,0,0,0,0,0,0,0,0
2022-01-16 15:45:00+00:00,60,1,15,,,0,0,0,0,0,0,0,0,0,0,0,0,0,0,0,0,0,0,0,0,0,0,0,0,0
2022-01-16 15:45:00+00:00,60,1,15,384.03717041015625,,0,0,0,0,0,0,0,0,0,0,0,0,0,0,0,0,0,0,0,0,0,0,0,0,0
2022-01-16 15:45:00+00:00,60,1,15,200.87747192382812,189.09518432617188,0,0,0,0,0,0,0,0,0,0,0,0,0,0,1,1,1,0,0,0,0,0,0,0,0
2022-01-16 15:45:00+00:00,60,1,15,131.94107055664062,132.1099853515625,0,0,0,0,0,0,0,0,0,0,0,1,1,1,1,1,1,0,0,0,0,0,0,0,0
2022-01-16 15:45:00+00:00,60,1,15,,,0,0,0,0,0,0,0,0,0,0,0,0,0,0,0,0,0,0,0,0,0,0,0,0,0
2022-01-16 15:45:00+00:00,60,1,15,157.67527770996094,547.968994140625,0,0,0,0,0,0,0,0,0,0,0,0,1,1,1,1,1,0,0,0,0,0,0,0,0
2022-01-16 16:00:00+00:00,60,1,16,,455.20098876953125,0,0,0,0,0,0,0,0,0,0,0,0,0,0,0,0,0,0,0,0,0,0,0,0,0
2022-01-16 16:00:00+00:00,60,1,16,355.3292541503906,435.20758056640625,0,0,0,0,0,0,0,0,0,0,0,0,0,0,0,0,0,0,0,0,0,0,0,0,0
2022-01-16 16:00:00+00:00,60,1,16,233.5899658203125,230.07955932617188,0,0,0,0,0,0,0,0,0,0,0,0,0,0,1,1,1,0,0,0,0,0,0,0,0
2022-01-16 16:00:00+00:00,60,1,16,96.95492553710938,142.56204223632812,0,0,0,0,0,0,0,0,0,1,1,1,1,1,1,1,1,0,0,0,0,0,0,0,0
2022-01-16 16:00:00+00:00,60,1,16,215.7962188720703,,0,0,0,0,0,0,0,0,0,0,0,0,0,0,1,1,1,0,0,0,0,0,0,0,0
2022-01-16 16:15:00+00:00,60,1,16,67.6027603149414,158.689697265625,0,0,0,0,0,0,0,0,1,1,1,1,1,1,1,1,1,0,0,0,0,0,0,0,0
2022-01-16 16:15:00+00:00,60,1,16,98.0335922241211,50.57818603515625,0,0,0,0,0,0,0,0,0,1,1,1,1,1,1,1,1,0,0,0,0,0,0,0,1
2022-01-16 16:15:00+00:00,60,1,16,299.1432189941406,259.2323303222656,0,0,0,0,0,0,0,0,0,0,0,0,0,0,0,1,1,0,0,0,0,0,0,0,0
2022-01-16 16:15:00+00:00,60,1,16,123.79458618164062,105.56737518310547,0,0,0,0,0,0,0,0,0,0,0,1,1,1,1,1,1,0,0,0,0,0,0,0,0
2022-01-16 16:15:00+00:00,60,1,16,254.58131408691406,294.262451171875,0,0,0,0,0,0,0,0,0,0,0,0,0,0,0,1,1,0,0,0,0,0,0,0,0
2022-01-16 16:30:00+00:00,60,1,16,53.62712860107422,0.0,0,0,0,0,0,0,0,1,1,1,1,1,1,1,1,1,1,1,1,1,1,1,1,1,1
2022-01-16 16:30:00+00:00,60,1,16,136.02581787109375,433.52056884765625,0,0,0,0,0,0,0,0,0,0,0,1,1,1,1,1,1,0,0,0,0,0,0,0,0
2022-01-16 16:30:00+00:00,60,1,16,287.2643737792969,,0,0,0,0,0,0,0,0,0,0,0,0,0,0,0,1,1,0,0,0,0,0,0,0,0
2022-01-16 16:30:00+00:00,60,1,16,272.4374694824219,,0,0,0,0,0,0,0,0,0,0,0,0,0,0,0,1,1,0,0,0,0,0,0,0,0
2022-01-16 16:30:00+00:00,60,1,16,,,0,0,0,0,0,0,0,0,0,0,0,0,0,0,0,0,0,0,0,0,0,0,0,0,0
2022-01-16 16:45:00+00:00,60,1,16,397.2600402832031,405.6250305175781,0,0,0,0,0,0,0,0,0,0,0,0,0,0,0,0,0,0,0,0,0,0,0,0,0
2022-01-16 16:45:00+00:00,60,1,16,107.49369812011719,101.1426773071289,0,0,0,0,0,0,0,0,0,0,1,1,1,1,1,1,1,0,0,0,0,0,0,0,0
2022-01-16 16:45:00+00:00,60,1,16,333.8875427246094,318.9459533691406,0,0,0,0,0,0,0,0,0,0,0,0,0,0,0,0,1,0,0,0,0,0,0,0,0
2022-01-16 16:45:00+00:00,60,1,16,393.5900573730469,,0,0,0,0,0,0,0,0,0,0,0,0,0,0,0,0,0,0,0,0,0,0,0,0,0
2022-01-16 16:45:00+00:00,60,1,16,,153.3341522216797,0,0,0,0,0,0,0,0,0,0,0,0,0,0,0,0,0,0,0,0,0,0,0,0,0
2022-01-16 17:00:00+00:00,60,1,17,139.19131469726562,232.6348419189453,0,0,0,0,0,0,0,0,0,0,0,1,1,1,1,1,1,0,0,0,0,0,0,0,0
2022-01-16 17:00:00+00:00,60,1,17,39.88224792480469,3.2437028884887695,0,0,0,0,0,1,1,1,1,1,1,1,1,1,1,1,1,1,1,1,1,1,1,1,1
2022-01-16 17:00:00+00:00,60,1,17,359.84918212890625,350.728759765625,0,0,0,0,0,0,0,0,0,0,0,0,0,0,0,0,0,0,0,0,0,0,0,0,0
2022-01-16 17:00:00+00:00,60,1,17,324.11090087890625,,0,0,0,0,0,0,0,0,0,0,0,0,0,0,0,0,1,0,0,0,0,0,0,0,0
2022-01-16 17:15:00+00:00,60,1,17,174.9647674560547,207.69668579101562,0,0,0,0,0,0,0,0,0,0,0,0,1,1,1,1,1,0,0,0,0,0,0,0,0
2022-01-16 17:15:00+00:00,60,1,17,,277.2287902832031,0,0,0,0,0,0,0,0,0,0,0,0,0,0,0,0,0,0,0,0,0,0,0,0,0
2022-01-16 17:15:00+00:00,60,1,17,,,0,0,0,0,0,0,0,0,0,0,0,0,0,0,0,0,0,0,0,0,0,0,0,0,0
2022-01-16 17:30:00+00:00,60,1,17,152.68325805664062,88.03109741210938,0,0,0,0,0,0,0,0,0,0,0,0,1,1,1,1,1,0,0,0,0,0,0,0,0
2022-01-16 17:30:00+00:00,60,1,17,191.72386169433594,398.4519958496094,0,0,0,0,0,0,0,0,0,0,0,0,0,1,1,1,1,0,0,0,0,0,0,0,0
2022-01-16 17:30:00+00:00,60,1,17,252.98500061035156,,0,0,0,0,0,0,0,0,0,0,0,0,0,0,0,1,1,0,0,0,0,0,0,0,0
2022-01-16 17:30:00+00:00,60,1,17,,,0,0,0,0,0,0,0,0,0,0,0,0,0,0,0,0,0,0,0,0,0,0,0,0,0
2022-01-16 17:45:00+00:00,60,1,17,104.16722106933594,36.53566360473633,0,0,0,0,0,0,0,0,0,0,1,1,1,1,1,1,1,0,0,0,0,0,1,1,1
2022-01-16 17:45:00+00:00,60,1,17,60.47466278076172,28.253162384033203,0,0,0,0,0,0,0,0,1,1,1,1,1,1,1,1,1,0,0,0,0,1,1,1,1
2022-01-16 17:45:00+00:00,60,1,17,437.6998596191406,436.36468505859375,0,0,0,0,0,0,0,0,0,0,0,0,0,0,0,0,0,0,0,0,0,0,0,0,0
2022-01-16 17:45:00+00:00,60,1,17,155.75604248046875,,0,0,0,0,0,0,0,0,0,0,0,0,1,1,1,1,1,0,0,0,0,0,0,0,0
2022-01-16 17:45:00+00:00,60,1,17,,,0,0,0,0,0,0,0,0,0,0,0,0,0,0,0,0,0,0,0,0,0,0,0,0,0
2022-01-16 17:45:00+00:00,60,1,17,,,0,0,0,0,0,0,0,0,0,0,0,0,0,0,0,0,0,0,0,0,0,0,0,0,0
2022-01-31 10:00:00+00:00,60,1,10,,,0,0,0,0,0,0,0,0,0,0,0,0,0,0,0,0,0,0,0,0,0,0,0,0,0
2022-01-31 10:00:00+00:00,60,1,10,,,0,0,0,0,0,0,0,0,0,0,0,0,0,0,0,0,0,0,0,0,0,0,0,0,0
2022-01-31 10:00:00+00:00,60,1,10,,235.54318237304688,0,0,0,0,0,0,0,0,0,0,0,0,0,0,0,0,0,0,0,0,0,0,0,0,0
2022-01-31 10:00:00+00:00,60,1,10,,132.00672912597656,0,0,0,0,0,0,0,0,0,0,0,0,0,0,0,0,0,0,0,0,0,0,0,0,0
2022-01-31 10:00:00+00:00,60,1,10,,204.66078186035156,0,0,0,0,0,0,0,0,0,0,0,0,0,0,0,0,0,0,0,0,0,0,0,0,0
2022-01-31 10:00:00+00:00,60,1,10,,307.6580810546875,0,0,0,0,0,0,0,0,0,0,0,0,0,0,0,0,0,0,0,0,0,0,0,0,0
2022-01-31 10:00:00+00:00,60,1,10,,21.342851638793945,0,0,0,0,0,0,0,0,0,0,0,0,0,0,0,0,0,0,0,0,1,1,1,1,1
2022-01-31 10:00:00+00:00,60,1,10,,131.7420196533203,0,0,0,0,0,0,0,0,0,0,0,0,0,0,0,0,0,0,0,0,0,0,0,0,0
2022-01-31 10:00:00+00:00,60,1,10,58.93928527832031,104.77657318115234,0,0,0,0,0,0,0,1,1,1,1,1,1,1,1,1,1,0,0,0,0,0,0,0,0
2022-01-31 10:00:00+00:00,60,1,10,434.53759765625,71.65495300292969,0,0,0,0,0,0,0,0,0,0,0,0,0,0,0,0,0,0,0,0,0,0,0,0,0
2022-01-31 10:00:00+00:00,60,1,10,138.1826629638672,194.5056915283203,0,0,0,0,0,0,0,0,0,0,0,1,1,1,1,1,1,0,0,0,0,0,0,0,0
2022-01-31 10:00:00+00:00,60,1,10,405.0716247558594,,0,0,0,0,0,0,0,0,0,0,0,0,0,0,0,0,0,0,0,0,0,0,0,0,0
2022-01-31 10:00:00+00:00,60,1,10,,,0,0,0,0,0,0,0,0,0,0,0,0,0,0,0,0,0,0,0,0,0,0,0,0,0
2022-01-31 10:15:00+00:00,60,1,10,,315.5175476074219,0,0,0,0,0,0,0,0,0,0,0,0,0,0,0,0,0,0,0,0,0,0,0,0,0
2022-01-31 10:15:00+00:00,60,1,10,,290.2914733886719,0,0,0,0,0,0,0,0,0,0,0,0,0,0,0,0,0,0,0,0,0,0,0,0,0
2022-01-31 10:15:00+00:00,60,1,10,,154.59095764160156,0,0,0,0,0,0,0,0,0,0,0,0,0,0,0,0,0,0,0,0,0,0,0,0,0
2022-01-31 10:15:00+00:00,60,1,10,189.10140991210938,13.62662124633789,0,0,0,0,0,0,0,0,0,0,0,0,0,1,1,1,1,0,1,1,1,1,1,1,1
2022-01-31 10:15:00+00:00,60,1,10,156.5560760498047,7.683856010437012,0,0,0,0,0,0,0,0,0,0,0,0,1,1,1,1,1,1,1,1,1,1,1,1,1
2022-01-31 10:15:00+00:00,60,1,10,,,0,0,0,0,0,0,0,0,0,0,0,0,0,0,0,0,0,0,0,0,0,0,0,0,0
2022-01-31 10:30:00+00:00,60,1,10,,,0,0,0,0,0,0,0,0,0,0,0,0,0,0,0,0,0,0,0,0,0,0,0,0,0
2022-01-31 10:30:00+00:00,60,1,10,,,0,0,0,0,0,0,0,0,0,0,0,0,0,0,0,0,0,0,0,0,0,0,0,0,0
2022-01-31 10:30:00+00:00,60,1,10,,,0,0,0,0,0,0,0,0,0,0,0,0,0,0,0,0,0,0,0,0,0,0,0,0,0
2022-01-31 10:30:00+00:00,60,1,10,,37.75105667114258,0,0,0,0,0,0,0,0,0,0,0,0,0,0,0,0,0,0,0,0,0,0,1,1,1
2022-01-31 10:30:00+00:00,60,1,10,183.11041259765625,187.39398193359375,0,0,0,0,0,0,0,0,0,0,0,0,0,1,1,1,1,0,0,0,0,0,0,0,0
2022-01-31 10:30:00+00:00,60,1,10,,138.04598999023438,0,0,0,0,0,0,0,0,0,0,0,0,0,0,0,0,0,0,0,0,0,0,0,0,0
2022-01-31 10:30:00+00:00,60,1,10,103.00379180908203,129.4190216064453,0,0,0,0,0,0,0,0,0,0,1,1,1,1,1,1,1,0,0,0,0,0,0,0,0
2022-01-31 10:30:00+00:00,60,1,10,307.4644470214844,133.97686767578125,0,0,0,0,0,0,0,0,0,0,0,0,0,0,0,0,1,0,0,0,0,0,0,0,0
2022-01-31 10:30:00+00:00,60,1,10,229.90447998046875,56.282901763916016,0,0,0,0,0,0,0,0,0,0,0,0,0,0,1,1,1,0,0,0,0,0,0,0,1
2022-01-31 10:30:00+00:00,60,1,10,,13.234379768371582,0,0,0,0,0,0,0,0,0,0,0,0,0,0,0,0,0,0,1,1,1,1,1,1,1
2022-01-31 10:30:00+00:00,60,1,10,44.97933578491211,102.5102767944336,0,0,0,0,0,0,1,1,1,1,1,1,1,1,1,1,1,0,0,0,0,0,0,0,0
2022-01-31 10:30:00+00:00,60,1,10,447.4190368652344,122.50282287597656,0,0,0,0,0,0,0,0,0,0,0,0,0,0,0,0,0,0,0,0,0,0,0,0,0
2022-01-31 10:30:00+00:00,60,1,10,177.5547637939453,108.45804595947266,0,0,0,0,0,0,0,0,0,0,0,0,1,1,1,1,1,0,0,0,0,0,0,0,0
2022-01-31 10:30:00+00:00,60,1,10,211.51177978515625,206.47860717773438,0,0,0,0,0,0,0,0,0,0,0,0,0,0,1,1,1,0,0,0,0,0,0,0,0
2022-01-31 10:45:00+00:00,60,1,10,,,0,0,0,0,0,0,0,0,0,0,0,0,0,0,0,0,0,0,0,0,0,0,0,0,0
2022-01-31 10:45:00+00:00,60,1,10,,11.194792747497559,0,0,0,0,0,0,0,0,0,0,0,0,0,0,0,0,0,0,1,1,1,1,1,1,1
2022-01-31 10:45:00+00:00,60,1,10,,,0,0,0,0,0,0,0,0,0,0,0,0,0,0,0,0,0,0,0,0,0,0,0,0,0
2022-01-31 10:45:00+00:00,60,1,10,,469.5948791503906,0,0,0,0,0,0,0,0,0,0,0,0,0,0,0,0,0,0,0,0,0,0,0,0,0
2022-01-31 10:45:00+00:00,60,1,10,,535.1318969726562,0,0,0,0,0,0,0,0,0,0,0,0,0,0,0,0,0,0,0,0,0,0,0,0,0
2022-01-31 10:45:00+00:00,60,1,10,,8.465458869934082,0,0,0,0,0,0,0,0,0,0,0,0,0,0,0,0,0,1,1,1,1,1,1,1,1
2022-01-31 10:45:00+00:00,60,1,10,287.97760009765625,0.0,0,0,0,0,0,0,0,0,0,0,0,0,0,0,0,1,1,1,1,1,1,1,1,1,1
2022-01-31 10:45:00+00:00,60,1,10,293.3739318847656,200.66856384277344,0,0,0,0,0,0,0,0,0,0,0,0,0,0,0,1,1,0,0,0,0,0,0,0,0
2022-01-31 10:45:00+00:00,60,1,10,38.709896087646484,26.309938430786133,0,0,0,0,0,1,1,1,1,1,1,1,1,1,1,1,1,0,0,0,0,1,1,1,1
2022-01-31 10:45:00+00:00,60,1,10,176.6693878173828,123.58577728271484,0,0,0,0,0,0,0,0,0,0,0,0,1,1,1,1,1,0,0,0,0,0,0,0,0
2022-01-31 10:45:00+00:00,60,1,10,163.28843688964844,,0,0,0,0,0,0,0,0,0,0,0,0,1,1,1,1,1,0,0,0,0,0,0,0,0
2022-01-31 10:45:00+00:00,60,1,10,,,0,0,0,0,0,0,0,0,0,0,0,0,0,0,0,0,0,0,0,0,0,0,0,0,0
2022-01-31 11:00:00+00:00,60,1,11,,354.4249267578125,0,0,0,0,0,0,0,0,0,0,0,0,0,0,0,0,0,0,0,0,0,0,0,0,0
2022-01-31 11:00:00+00:00,60,1,11,51.12736129760742,46.61189270019531,0,0,0,0,0,0,0,1,1,1,1,1,1,1,1,1,1,0,0,0,0,0,0,1,1
2022-01-31 11:00:00+00:00,60,1,11,,,0,0,0,0,0,0,0,0,0,0,0,0,0,0,0,0,0,0,0,0,0,0,0,0,0
2022-01-31 11:00:00+00:00,60,1,11,,,0,0,0,0,0,0,0,0,0,0,0,0,0,0,0,0,0,0,0,0,0,0,0,0,0
2022-01-31 11:00:00+00:00,60,1,11,466.25103759765625,414.0758361816406,0,0,0,0,0,0,0,0,0,0,0,0,0,0,0,0,0,0,0,0,0,0,0,0,0
2022-01-31 11:00:00+00:00,60,1,11,490.2599182128906,368.70428466796875,0,0,0,0,0,0,0,0,0,0,0,0,0,0,0,0,0,0,0,0,0,0,0,0,0
2022-01-31 11:00:00+00:00,60,1,11,155.90769958496094,91.2137222290039,0,0,0,0,0,0,0,0,0,0,0,0,1,1,1,1,1,0,0,0,0,0,0,0,0
2022-01-31 11:00:00+00:00,60,1,11,213.9454345703125,128.1872100830078,0,0,0,0,0,0,0,0,0,0,0,0,0,0,1,1,1,0,0,0,0,0,0,0,0
2022-01-31 11:00:00+00:00,60,1,11,140.32249450683594,167.83151245117188,0,0,0,0,0,0,0,0,0,0,0,1,1,1,1,1,1,0,0,0,0,0,0,0,0
2022-01-31 11:00:00+00:00,60,1,11,302.96795654296875,21.491500854492188,0,0,0,0,0,0,0,0,0,0,0,0,0,0,0,0,1,0,0,0,1,1,1,1,1
2022-01-31 11:00:00+00:00,60,1,11,399.03179931640625,222.25660705566406,0,0,0,0,0,0,0,0,0,0,0,0,0,0,0,0,0,0,0,0,0,0,0,0,0
2022-01-31 11:00:00+00:00,60,1,11,,327.2081604003906,0,0,0,0,0,0,0,0,0,0,0,0,0,0,0,0,0,0,0,0,0,0,0,0,0
2022-01-31 11:00:00+00:00,60,1,11,,,0,0,0,0,0,0,0,0,0,0,0,0,0,0,0,0,0,0,0,0,0,0,0,0,0
2022-01-31 11:15:00+00:00,60,1,11,,,0,0,0,0,0,0,0,0,0,0,0,0,0,0,0,0,0,0,0,0,0,0,0,0,0
2022-01-31 11:15:00+00:00,60,1,11,,,0,0,0,0,0,0,0,0,0,0,0,0,0,0,0,0,0,0,0,0,0,0,0,0,0
2022-01-31 11:15:00+00:00,60,1,11,329.5494689941406,246.91029357910156,0,0,0,0,0,0,0,0,0,0,0,0,0,0,0,0,1,0,0,0,0,0,0,0,0
2022-01-31 11:15:00+00:00,60,1,11,290.05084228515625,12.660783767700195,0,0,0,0,0,0,0,0,0,0,0,0,0,0,0,1,1,0,1,1,1,1,1,1,1
2022-01-31 11:15:00+00:00,60,1,11,,,0,0,0,0,0,0,0,0,0,0,0,0,0,0,0,0,0,0,0,0,0,0,0,0,0
2022-01-31 11:15:00+00:00,60,1,11,81.81352233886719,6.212555885314941,0,0,0,0,0,0,0,0,0,1,1,1,1,1,1,1,1,1,1,1,1,1,1,1,1
2022-01-31 11:15:00+00:00,60,1,11,92.05335235595703,37.11357116699219,0,0,0,0,0,0,0,0,0,1,1,1,1,1,1,1,1,0,0,0,0,0,1,1,1
2022-01-31 11:15:00+00:00,60,1,11,,349.1487121582031,0,0,0,0,0,0,0,0,0,0,0,0,0,0,0,0,0,0,0,0,0,0,0,0,0
2022-01-31 11:15:00+00:00,60,1,11,,,0,0,0,0,0,0,0,0,0,0,0,0,0,0,0,0,0,0,0,0,0,0,0,0,0
2022-01-31 11:15:00+00:00,60,1,11,,,0,0,0,0,0,0,0,0,0,0,0,0,0,0,0,0,0,0,0,0,0,0,0,0,0
2022-01-31 11:30:00+00:00,60,1,11,,89.48297882080078,0,0,0,0,0,0,0,0,0,0,0,0,0,0,0,0,0,0,0,0,0,0,0,0,0
2022-01-31 11:30:00+00:00,60,1,11,,124.93602752685547,0,0,0,0,0,0,0,0,0,0,0,0,0,0,0,0,0,0,0,0,0,0,0,0,0
2022-01-31 11:30:00+00:00,60,1,11,,75.33338928222656,0,0,0,0,0,0,0,0,0,0,0,0,0,0,0,0,0,0,0,0,0,0,0,0,0
2022-01-31 11:30:00+00:00,60,1,11,,133.34378051757812,0,0,0,0,0,0,0,0,0,0,0,0,0,0,0,0,0,0,0,0,0,0,0,0,0
2022-01-31 11:30:00+00:00,60,1,11,146.1188507080078,8.314200401306152,0,0,0,0,0,0,0,0,0,0,0,1,1,1,1,1,1,1,1,1,1,1,1,1,1
2022-01-31 11:30:00+00:00,60,1,11,206.95516967773438,212.03286743164062,0,0,0,0,0,0,0,0,0,0,0,0,0,0,1,1,1,0,0,0,0,0,0,0,0
2022-01-31 11:30:00+00:00,60,1,11,104.1113052368164,21.762922286987305,0,0,0,0,0,0,0,0,0,0,1,1,1,1,1,1,1,0,0,0,1,1,1,1,1
2022-01-31 11:30:00+00:00,60,1,11,163.06431579589844,27.414548873901367,0,0,0,0,0,0,0,0,0,0,0,0,1,1,1,1,1,0,0,0,0,1,1,1,1
2022-01-31 11:30:00+00:00,60,1,11,80.34147644042969,83.86974334716797,0,0,0,0,0,0,0,0,0,1,1,1,1,1,1,1,1,0,0,0,0,0,0,0,0
2022-01-31 11:45:00+00:00,60,1,11,,,0,0,0,0,0,0,0,0,0,0,0,0,0,0,0,0,0,0,0,0,0,0,0,0,0
2022-01-31 11:45:00+00:00,60,1,11,227.39675903320312,207.63424682617188,0,0,0,0,0,0,0,0,0,0,0,0,0,0,1,1,1,0,0,0,0,0,0,0,0
2022-01-31 11:45:00+00:00,60,1,11,,,0,0,0,0,0,0,0,0,0,0,0,0,0,0,0,0,0,0,0,0,0,0,0,0,0
2022-01-31 11:45:00+00:00,60,1,11,541.7314453125,362.9189758300781,0,0,0,0,0,0,0,0,0,0,0,0,0,0,0,0,0,0,0,0,0,0,0,0,0
2022-01-31 11:45:00+00:00,60,1,11,324.983154296875,289.23480224609375,0,0,0,0,0,0,0,0,0,0,0,0,0,0,0,0,1,0,0,0,0,0,0,0,0
2022-01-31 11:45:00+00:00,60,1,11,277.6923828125,243.64846801757812,0,0,0,0,0,0,0,0,0,0,0,0,0,0,0,1,1,0,0,0,0,0,0,0,0
2022-01-31 11:45:00+00:00,60,1,11,150.22744750976562,195.7515106201172,0,0,0,0,0,0,0,0,0,0,0,0,1,1,1,1,1,0,0,0,0,0,0,0,0
2022-01-31 11:45:00+00:00,60,1,11,164.9067840576172,17.096220016479492,0,0,0,0,0,0,0,0,0,0,0,0,1,1,1,1,1,0,0,1,1,1,1,1,1
2022-01-31 11:45:00+00:00,60,1,11,,4.331202507019043,0,0,0,0,0,0,0,0,0,0,0,0,0,0,0,0,0,1,1,1,1,1,1,1,1
2022-01-31 11:45:00+00:00,60,1,11,241.1479034423828,240.97235107421875,0,0,0,0,0,0,0,0,0,0,0,0,0,0,1,1,1,0,0,0,0,0,0,0,0
2022-01-31 11:45:00+00:00,60,1,11,442.7956848144531,271.6274108886719,0,0,0,0,0,0,0,0,0,0,0,0,0,0,0,0,0,0,0,0,0,0,0,0,0
2022-01-31 12:00:00+00:00,60,1,12,,,0,0,0,0,0,0,0,0,0,0,0,0,0,0,0,0,0,0,0,0,0,0,0,0,0
2022-01-31 12:00:00+00:00,60,1,12,324.3316955566406,273.8741760253906,0,0,0,0,0,0,0,0,0,0,0,0,0,0,0,0,1,0,0,0,0,0,0,0,0
2022-01-31 12:00:00+00:00,60,1,12,191.21005249023438,150.37718200683594,0,0,0,0,0,0,0,0,0,0,0,0,0,1,1,1,1,0,0,0,0,0,0,0,0
2022-01-31 12:00:00+00:00,60,1,12,,388.954345703125,0,0,0,0,0,0,0,0,0,0,0,0,0,0,0,0,0,0,0,0,0,0,0,0,0
2022-01-31 12:00:00+00:00,60,1,12,231.8516082763672,14.685640335083008,0,0,0,0,0,0,0,0,0,0,0,0,0,0,1,1,1,0,1,1,1,1,1,1,1
2022-01-31 12:00:00+00:00,60,1,12,333.15582275390625,301.41455078125,0,0,0,0,0,0,0,0,0,0,0,0,0,0,0,0,1,0,0,0,0,0,0,0,0
2022-01-31 12:00:00+00:00,60,1,12,184.0114288330078,50.36837387084961,0,0,0,0,0,0,0,0,0,0,0,0,0,1,1,1,1,0,0,0,0,0,0,0,1
2022-01-31 12:00:00+00:00,60,1,12,181.17422485351562,198.67922973632812,0,0,0,0,0,0,0,0,0,0,0,0,0,1,1,1,1,0,0,0,0,0,0,0,0
2022-01-31 12:00:00+00:00,60,1,12,56.853641510009766,221.38040161132812,0,0,0,0,0,0,0,1,1,1,1,1,1,1,1,1,1,0,0,0,0,0,0,0,0
2022-01-31 12:00:00+00:00,60,1,12,301.7919616699219,193.56211853027344,0,0,0,0,0,0,0,0,0,0,0,0,0,0,0,0,1,0,0,0,0,0,0,0,0
2022-01-31 12:00:00+00:00,60,1,12,278.8781433105469,98.89091491699219,0,0,0,0,0,0,0,0,0,0,0,0,0,0,0,1,1,0,0,0,0,0,0,0,0
2022-01-31 12:00:00+00:00,60,1,12,,296.3714904785156,0,0,0,0,0,0,0,0,0,0,0,0,0,0,0,0,0,0,0,0,0,0,0,0,0
2022-01-31 12:15:00+00:00,60,1,12,,,0,0,0,0,0,0,0,0,0,0,0,0,0,0,0,0,0,0,0,0,0,0,0,0,0
2022-01-31 12:15:00+00:00,60,1,12,140.14781188964844,116.50515747070312,0,0,0,0,0,0,0,0,0,0,0,1,1,1,1,1,1,0,0,0,0,0,0,0,0
2022-01-31 12:15:00+00:00,60,1,12,201.15296936035156,172.72824096679688,0,0,0,0,0,0,0,0,0,0,0,0,0,0,1,1,1,0,0,0,0,0,0,0,0
2022-01-31 12:15:00+00:00,60,1,12,,,0,0,0,0,0,0,0,0,0,0,0,0,0,0,0,0,0,0,0,0,0,0,0,0,0
2022-01-31 12:15:00+00:00,60,1,12,94.23013305664062,11.69902229309082,0,0,0,0,0,0,0,0,0,1,1,1,1,1,1,1,1,0,1,1,1,1,1,1,1
2022-01-31 12:15:00+00:00,60,1,12,133.15521240234375,135.47975158691406,0,0,0,0,0,0,0,0,0,0,0,1,1,1,1,1,1,0,0,0,0,0,0,0,0
2022-01-31 12:15:00+00:00,60,1,12,229.3783416748047,212.53282165527344,0,0,0,0,0,0,0,0,0,0,0,0,0,0,1,1,1,0,0,0,0,0,0,0,0
2022-01-31 12:15:00+00:00,60,1,12,187.82083129882812,196.1708984375,0,0,0,0,0,0,0,0,0,0,0,0,0,1,1,1,1,0,0,0,0,0,0,0,0
2022-01-31 12:15:00+00:00,60,1,12,265.03326416015625,37.92913818359375,0,0,0,0,0,0,0,0,0,0,0,0,0,0,0,1,1,0,0,0,0,0,1,1,1
2022-01-31 12:15:00+00:00,60,1,12,209.39297485351562,159.1568603515625,0,0,0,0,0,0,0,0,0,0,0,0,0,0,1,1,1,0,0,0,0,0,0,0,0
2022-01-31 12:15:00+00:00,60,1,12,,,0,0,0,0,0,0,0,0,0,0,0,0,0,0,0,0,0,0,0,0,0,0,0,0,0
2022-01-31 12:30:00+00:00,60,1,12,,,0,0,0,0,0,0,0,0,0,0,0,0,0,0,0,0,0,0,0,0,0,0,0,0,0
2022-01-31 12:30:00+00:00,60,1,12,192.2937774658203,194.55435180664062,0,0,0,0,0,0,0,0,0,0,0,0,0,1,1,1,1,0,0,0,0,0,0,0,0
2022-01-31 12:30:00+00:00,60,1,12,,,0,0,0,0,0,0,0,0,0,0,0,0,0,0,0,0,0,0,0,0,0,0,0,0,0
2022-01-31 12:30:00+00:00,60,1,12,,454.50335693359375,0,0,0,0,0,0,0,0,0,0,0,0,0,0,0,0,0,0,0,0,0,0,0,0,0
2022-01-31 12:30:00+00:00,60,1,12,,,0,0,0,0,0,0,0,0,0,0,0,0,0,0,0,0,0,0,0,0,0,0,0,0,0
2022-01-31 12:30:00+00:00,60,1,12,,,0,0,0,0,0,0,0,0,0,0,0,0,0,0,0,0,0,0,0,0,0,0,0,0,0
2022-01-31 12:30:00+00:00,60,1,12,,,0,0,0,0,0,0,0,0,0,0,0,0,0,0,0,0,0,0,0,0,0,0,0,0,0
2022-01-31 12:30:00+00:00,60,1,12,282.211669921875,320.4949035644531,0,0,0,0,0,0,0,0,0,0,0,0,0,0,0,1,1,0,0,0,0,0,0,0,0
2022-01-31 12:30:00+00:00,60,1,12,327.7245178222656,270.9373779296875,0,0,0,0,0,0,0,0,0,0,0,0,0,0,0,0,1,0,0,0,0,0,0,0,0
2022-01-31 12:30:00+00:00,60,1,12,134.47267150878906,102.81163024902344,0,0,0,0,0,0,0,0,0,0,0,1,1,1,1,1,1,0,0,0,0,0,0,0,0
2022-01-31 12:30:00+00:00,60,1,12,138.6033935546875,88.42609405517578,0,0,0,0,0,0,0,0,0,0,0,1,1,1,1,1,1,0,0,0,0,0,0,0,0
2022-01-31 12:30:00+00:00,60,1,12,247.891845703125,0.0,0,0,0,0,0,0,0,0,0,0,0,0,0,0,1,1,1,1,1,1,1,1,1,1,1
2022-01-31 12:30:00+00:00,60,1,12,122.49616241455078,,0,0,0,0,0,0,0,0,0,0,0,1,1,1,1,1,1,0,0,0,0,0,0,0,0
2022-01-31 12:30:00+00:00,60,1,12,,,0,0,0,0,0,0,0,0,0,0,0,0,0,0,0,0,0,0,0,0,0,0,0,0,0
2022-01-31 12:45:00+00:00,60,1,12,,,0,0,0,0,0,0,0,0,0,0,0,0,0,0,0,0,0,0,0,0,0,0,0,0,0
2022-01-31 12:45:00+00:00,60,1,12,138.3914031982422,84.6037826538086,0,0,0,0,0,0,0,0,0,0,0,1,1,1,1,1,1,0,0,0,0,0,0,0,0
2022-01-31 12:45:00+00:00,60,1,12,169.84848022460938,168.34490966796875,0,0,0,0,0,0,0,0,0,0,0,0,1,1,1,1,1,0,0,0,0,0,0,0,0
2022-01-31 12:45:00+00:00,60,1,12,,,0,0,0,0,0,0,0,0,0,0,0,0,0,0,0,0,0,0,0,0,0,0,0,0,0
2022-01-31 12:45:00+00:00,60,1,12,231.4576873779297,182.60513305664062,0,0,0,0,0,0,0,0,0,0,0,0,0,0,1,1,1,0,0,0,0,0,0,0,0
2022-01-31 12:45:00+00:00,60,1,12,,,0,0,0,0,0,0,0,0,0,0,0,0,0,0,0,0,0,0,0,0,0,0,0,0,0
2022-01-31 12:45:00+00:00,60,1,12,140.0517578125,121.53245544433594,0,0,0,0,0,0,0,0,0,0,0,1,1,1,1,1,1,0,0,0,0,0,0,0,0
2022-01-31 12:45:00+00:00,60,1,12,56.871944427490234,11.44050121307373,0,0,0,0,0,0,0,1,1,1,1,1,1,1,1,1,1,0,1,1,1,1,1,1,1
2022-01-31 12:45:00+00:00,60,1,12,48.88230514526367,7.114473342895508,0,0,0,0,0,0,1,1,1,1,1,1,1,1,1,1,1,1,1,1,1,1,1,1,1
2022-01-31 12:45:00+00:00,60,1,12,,,0,0,0,0,0,0,0,0,0,0,0,0,0,0,0,0,0,0,0,0,0,0,0,0,0
2022-01-31 13:00:00+00:00,60,1,13,,,0,0,0,0,0,0,0,0,0,0,0,0,0,0,0,0,0,0,0,0,0,0,0,0,0
2022-01-31 13:00:00+00:00,60,1,13,396.2525634765625,338.4227294921875,0,0,0,0,0,0,0,0,0,0,0,0,0,0,0,0,0,0,0,0,0,0,0,0,0
2022-01-31 13:00:00+00:00,60,1,13,259.8515319824219,236.52748107910156,0,0,0,0,0,0,0,0,0,0,0,0,0,0,0,1,1,0,0,0,0,0,0,0,0
2022-01-31 13:00:00+00:00,60,1,13,159.97927856445312,175.73306274414062,0,0,0,0,0,0,0,0,0,0,0,0,1,1,1,1,1,0,0,0,0,0,0,0,0
2022-01-31 13:00:00+00:00,60,1,13,,,0,0,0,0,0,0,0,0,0,0,0,0,0,0,0,0,0,0,0,0,0,0,0,0,0
2022-01-31 13:00:00+00:00,60,1,13,,,0,0,0,0,0,0,0,0,0,0,0,0,0,0,0,0,0,0,0,0,0,0,0,0,0
2022-01-31 13:00:00+00:00,60,1,13,,,0,0,0,0,0,0,0,0,0,0,0,0,0,0,0,0,0,0,0,0,0,0,0,0,0
2022-01-31 13:00:00+00:00,60,1,13,,,0,0,0,0,0,0,0,0,0,0,0,0,0,0,0,0,0,0,0,0,0,0,0,0,0
2022-01-31 13:00:00+00:00,60,1,13,,,0,0,0,0,0,0,0,0,0,0,0,0,0,0,0,0,0,0,0,0,0,0,0,0,0
2022-01-31 13:00:00+00:00,60,1,13,,,0,0,0,0,0,0,0,0,0,0,0,0,0,0,0,0,0,0,0,0,0,0,0,0,0
2022-01-31 13:00:00+00:00,60,1,13,324.8975830078125,361.1482849121094,0,0,0,0,0,0,0,0,0,0,0,0,0,0,0,0,1,0,0,0,0,0,0,0,0
2022-01-31 13:00:00+00:00,60,1,13,313.9234313964844,308.3992919921875,0,0,0,0,0,0,0,0,0,0,0,0,0,0,0,0,1,0,0,0,0,0,0,0,0
2022-01-31 13:00:00+00:00,60,1,13,87.62490844726562,86.16222381591797,0,0,0,0,0,0,0,0,0,1,1,1,1,1,1,1,1,0,0,0,0,0,0,0,0
2022-01-31 13:00:00+00:00,60,1,13,208.30368041992188,3.072580099105835,0,0,0,0,0,0,0,0,0,0,0,0,0,0,1,1,1,1,1,1,1,1,1,1,1
2022-01-31 13:00:00+00:00,60,1,13,187.70423889160156,332.904052734375,0,0,0,0,0,0,0,0,0,0,0,0,0,1,1,1,1,0,0,0,0,0,0,0,0
2022-01-31 13:00:00+00:00,60,1,13,,,0,0,0,0,0,0,0,0,0,0,0,0,0,0,0,0,0,0,0,0,0,0,0,0,0
2022-01-31 13:15:00+00:00,60,1,13,,,0,0,0,0,0,0,0,0,0,0,0,0,0,0,0,0,0,0,0,0,0,0,0,0,0
2022-01-31 13:15:00+00:00,60,1,13,,,0,0,0,0,0,0,0,0,0,0,0,0,0,0,0,0,0,0,0,0,0,0,0,0,0
2022-01-31 13:15:00+00:00,60,1,13,411.0896301269531,32.63642120361328,0,0,0,0,0,0,0,0,0,0,0,0,0,0,0,0,0,0,0,0,0,0,1,1,1
2022-01-31 13:15:00+00:00,60,1,13,,298.2066650390625,0,0,0,0,0,0,0,0,0,0,0,0,0,0,0,0,0,0,0,0,0,0,0,0,0
2022-01-31 13:15:00+00:00,60,1,13,,,0,0,0,0,0,0,0,0,0,0,0,0,0,0,0,0,0,0,0,0,0,0,0,0,0
2022-01-31 13:15:00+00:00,60,1,13,225.14686584472656,242.21768188476562,0,0,0,0,0,0,0,0,0,0,0,0,0,0,1,1,1,0,0,0,0,0,0,0,0
2022-01-31 13:15:00+00:00,60,1,13,338.2597961425781,240.34539794921875,0,0,0,0,0,0,0,0,0,0,0,0,0,0,0,0,1,0,0,0,0,0,0,0,0
2022-01-31 13:15:00+00:00,60,1,13,,,0,0,0,0,0,0,0,0,0,0,0,0,0,0,0,0,0,0,0,0,0,0,0,0,0
2022-01-31 13:30:00+00:00,60,1,13,,,0,0,0,0,0,0,0,0,0,0,0,0,0,0,0,0,0,0,0,0,0,0,0,0,0
2022-01-31 13:30:00+00:00,60,1,13,,246.6561737060547,0,0,0,0,0,0,0,0,0,0,0,0,0,0,0,0,0,0,0,0,0,0,0,0,0
2022-01-31 13:30:00+00:00,60,1,13,,332.30230712890625,0,0,0,0,0,0,0,0,0,0,0,0,0,0,0,0,0,0,0,0,0,0,0,0,0
2022-01-31 13:30:00+00:00,60,1,13,,302.3266296386719,0,0,0,0,0,0,0,0,0,0,0,0,0,0,0,0,0,0,0,0,0,0,0,0,0
2022-01-31 13:30:00+00:00,60,1,13,115.29329681396484,78.52581024169922,0,0,0,0,0,0,0,0,0,0,1,1,1,1,1,1,1,0,0,0,0,0,0,0,0
2022-01-31 13:45:00+00:00,60,1,13,,,0,0,0,0,0,0,0,0,0,0,0,0,0,0,0,0,0,0,0,0,0,0,0,0,0
2022-01-31 13:45:00+00:00,60,1,13,,,0,0,0,0,0,0,0,0,0,0,0,0,0,0,0,0,0,0,0,0,0,0,0,0,0
2022-01-31 13:45:00+00:00,60,1,13,,89.86424255371094,0,0,0,0,0,0,0,0,0,0,0,0,0,0,0,0,0,0,0,0,0,0,0,0,0
2022-01-31 13:45:00+00:00,60,1,13,90.60466003417969,89.18289184570312,0,0,0,0,0,0,0,0,0,1,1,1,1,1,1,1,1,0,0,0,0,0,0,0,0
2022-01-31 13:45:00+00:00,60,1,13,51.572940826416016,49.28531265258789,0,0,0,0,0,0,0,1,1,1,1,1,1,1,1,1,1,0,0,0,0,0,0,1,1
2022-01-31 13:45:00+00:00,60,1,13,,,0,0,0,0,0,0,0,0,0,0,0,0,0,0,0,0,0,0,0,0,0,0,0,0,0
2022-01-31 13:45:00+00:00,60,1,13,,379.35333251953125,0,0,0,0,0,0,0,0,0,0,0,0,0,0,0,0,0,0,0,0,0,0,0,0,0
2022-01-31 13:45:00+00:00,60,1,13,324.7957458496094,289.91357421875,0,0,0,0,0,0,0,0,0,0,0,0,0,0,0,0,1,0,0,0,0,0,0,0,0
2022-01-31 13:45:00+00:00,60,1,13,214.27955627441406,261.80523681640625,0,0,0,0,0,0,0,0,0,0,0,0,0,0,1,1,1,0,0,0,0,0,0,0,0
2022-01-31 13:45:00+00:00,60,1,13,157.0968475341797,50.81865692138672,0,0,0,0,0,0,0,0,0,0,0,0,1,1,1,1,1,0,0,0,0,0,0,0,1
2022-01-31 13:45:00+00:00,60,1,13,50.6478271484375,92.53746795654297,0,0,0,0,0,0,0,1,1,1,1,1,1,1,1,1,1,0,0,0,0,0,0,0,0
2022-01-31 13:45:00+00:00,60,1,13,43.72362518310547,15.075363159179688,0,0,0,0,0,0,1,1,1,1,1,1,1,1,1,1,1,0,0,1,1,1,1,1,1
2022-01-31 13:45:00+00:00,60,1,13,,,0,0,0,0,0,0,0,0,0,0,0,0,0,0,0,0,0,0,0,0,0,0,0,0,0
2022-01-31 14:00:00+00:00,60,1,14,133.6415252685547,249.7183074951172,0,0,0,0,0,0,0,0,0,0,0,1,1,1,1,1,1,0,0,0,0,0,0,0,0
2022-01-31 14:00:00+00:00,60,1,14,198.39913940429688,52.226993560791016,0,0,0,0,0,0,0,0,0,0,0,0,0,1,1,1,1,0,0,0,0,0,0,0,1
2022-01-31 14:00:00+00:00,60,1,14,245.2512664794922,100.13030242919922,0,0,0,0,0,0,0,0,0,0,0,0,0,0,1,1,1,0,0,0,0,0,0,0,0
2022-01-31 14:00:00+00:00,60,1,14,,,0,0,0,0,0,0,0,0,0,0,0,0,0,0,0,0,0,0,0,0,0,0,0,0,0
2022-01-31 14:15:00+00:00,60,1,14,329.1790771484375,,0,0,0,0,0,0,0,0,0,0,0,0,0,0,0,0,1,0,0,0,0,0,0,0,0
2022-01-31 14:15:00+00:00,60,1,14,205.04830932617188,51.78441619873047,0,0,0,0,0,0,0,0,0,0,0,0,0,0,1,1,1,0,0,0,0,0,0,0,1
2022-01-31 14:15:00+00:00,60,1,14,148.0868682861328,72.83527374267578,0,0,0,0,0,0,0,0,0,0,0,1,1,1,1,1,1,0,0,0,0,0,0,0,0
2022-01-31 14:15:00+00:00,60,1,14,117.32030487060547,105.79055786132812,0,0,0,0,0,0,0,0,0,0,1,1,1,1,1,1,1,0,0,0,0,0,0,0,0
2022-01-31 14:15:00+00:00,60,1,14,476.2896423339844,394.5740966796875,0,0,0,0,0,0,0,0,0,0,0,0,0,0,0,0,0,0,0,0,0,0,0,0,0
2022-01-31 14:15:00+00:00,60,1,14,412.12310791015625,329.9396667480469,0,0,0,0,0,0,0,0,0,0,0,0,0,0,0,0,0,0,0,0,0,0,0,0,0
2022-01-31 14:15:00+00:00,60,1,14,93.9344482421875,186.04615783691406,0,0,0,0,0,0,0,0,0,1,1,1,1,1,1,1,1,0,0,0,0,0,0,0,0
2022-01-31 14:15:00+00:00,60,1,14,122.50288391113281,143.66929626464844,0,0,0,0,0,0,0,0,0,0,0,1,1,1,1,1,1,0,0,0,0,0,0,0,0
2022-01-31 14:30:00+00:00,60,1,14,352.4892272949219,292.33575439453125,0,0,0,0,0,0,0,0,0,0,0,0,0,0,0,0,0,0,0,0,0,0,0,0,0
2022-01-31 14:30:00+00:00,60,1,14,350.2018737792969,325.9787292480469,0,0,0,0,0,0,0,0,0,0,0,0,0,0,0,0,0,0,0,0,0,0,0,0,0
2022-01-31 14:30:00+00:00,60,1,14,241.40830993652344,310.04833984375,0,0,0,0,0,0,0,0,0,0,0,0,0,0,1,1,1,0,0,0,0,0,0,0,0
2022-01-31 14:30:00+00:00,60,1,14,125.99201965332031,112.60172271728516,0,0,0,0,0,0,0,0,0,0,0,1,1,1,1,1,1,0,0,0,0,0,0,0,0
2022-01-31 14:30:00+00:00,60,1,14,393.3982849121094,0.0,0,0,0,0,0,0,0,0,0,0,0,0,0,0,0,0,0,1,1,1,1,1,1,1,1
2022-01-31 14:45:00+00:00,60,1,14,,,0,0,0,0,0,0,0,0,0,0,0,0,0,0,0,0,0,0,0,0,0,0,0,0,0
2022-01-31 14:45:00+00:00,60,1,14,328.6889953613281,310.44512939453125,0,0,0,0,0,0,0,0,0,0,0,0,0,0,0,0,1,0,0,0,0,0,0,0,0
2022-01-31 14:45:00+00:00,60,1,14,182.29747009277344,67.4324951171875,0,0,0,0,0,0,0,0,0,0,0,0,0,1,1,1,1,0,0,0,0,0,0,0,0
2022-01-31 14:45:00+00:00,60,1,14,385.5496826171875,,0,0,0,0,0,0,0,0,0,0,0,0,0,0,0,0,0,0,0,0,0,0,0,0,0
2022-01-31 14:45:00+00:00,60,1,14,284.7449645996094,,0,0,0,0,0,0,0,0,0,0,0,0,0,0,0,1,1,0,0,0,0,0,0,0,0
2022-01-31 14:45:00+00:00,60,1,14,208.11253356933594,218.8062744140625,0,0,0,0,0,0,0,0,0,0,0,0,0,0,1,1,1,0,0,0,0,0,0,0,0
2022-01-31 14:45:00+00:00,60,1,14,106.30927276611328,20.68586540222168,0,0,0,0,0,0,0,0,0,0,1,1,1,1,1,1,1,0,0,0,1,1,1,1,1
2022-01-31 14:45:00+00:00,60,1,14,302.3846130371094,277.4048767089844,0,0,0,0,0,0,0,0,0,0,0,0,0,0,0,0,1,0,0,0,0,0,0,0,0
2022-01-31 14:45:00+00:00,60,1,14,,76.6622085571289,0,0,0,0,0,0,0,0,0,0,0,0,0,0,0,0,0,0,0,0,0,0,0,0,0
2022-01-31 14:45:00+00:00,60,1,14,347.3778381347656,13.17444896697998,0,0,0,0,0,0,0,0,0,0,0,0,0,0,0,0,1,0,1,1,1,1,1,1,1
2022-01-31 15:00:00+00:00,60,1,15,123.38996887207031,166.44351196289062,0,0,0,0,0,0,0,0,0,0,0,1,1,1,1,1,1,0,0,0,0,0,0,0,0
2022-01-31 15:00:00+00:00,60,1,15,118.6458511352539,,0,0,0,0,0,0,0,0,0,0,1,1,1,1,1,1,1,0,0,0,0,0,0,0,0
2022-01-31 15:00:00+00:00,60,1,15,158.6945343017578,290.2965393066406,0,0,0,0,0,0,0,0,0,0,0,0,1,1,1,1,1,0,0,0,0,0,0,0,0
2022-01-31 15:00:00+00:00,60,1,15,242.62940979003906,334.5869140625,0,0,0,0,0,0,0,0,0,0,0,0,0,0,1,1,1,0,0,0,0,0,0,0,0
2022-01-31 15:00:00+00:00,60,1,15,,58.28727722167969,0,0,0,0,0,0,0,0,0,0,0,0,0,0,0,0,0,0,0,0,0,0,0,0,1
2022-01-31 15:15:00+00:00,60,1,15,,,0,0,0,0,0,0,0,0,0,0,0,0,0,0,0,0,0,0,0,0,0,0,0,0,0
2022-01-31 15:15:00+00:00,60,1,15,178.9877471923828,158.95298767089844,0,0,0,0,0,0,0,0,0,0,0,0,1,1,1,1,1,0,0,0,0,0,0,0,0
2022-01-31 15:15:00+00:00,60,1,15,59.862239837646484,41.99204635620117,0,0,0,0,0,0,0,1,1,1,1,1,1,1,1,1,1,0,0,0,0,0,0,1,1
2022-01-31 15:15:00+00:00,60,1,15,358.38427734375,363.9473571777344,0,0,0,0,0,0,0,0,0,0,0,0,0,0,0,0,0,0,0,0,0,0,0,0,0
2022-01-31 15:15:00+00:00,60,1,15,202.62420654296875,218.0742645263672,0,0,0,0,0,0,0,0,0,0,0,0,0,0,1,1,1,0,0,0,0,0,0,0,0
2022-01-31 15:15:00+00:00,60,1,15,111.97906494140625,7.156476974487305,0,0,0,0,0,0,0,0,0,0,1,1,1,1,1,1,1,1,1,1,1,1,1,1,1
2022-01-31 15:15:00+00:00,60,1,15,122.0888900756836,149.81716918945312,0,0,0,0,0,0,0,0,0,0,0,1,1,1,1,1,1,0,0,0,0,0,0,0,0
2022-01-31 15:15:00+00:00,60,1,15,,,0,0,0,0,0,0,0,0,0,0,0,0,0,0,0,0,0,0,0,0,0,0,0,0,0
2022-01-31 15:30:00+00:00,60,1,15,389.6931457519531,333.04412841796875,0,0,0,0,0,0,0,0,0,0,0,0,0,0,0,0,0,0,0,0,0,0,0,0,0
2022-01-31 15:30:00+00:00,60,1,15,,31.857702255249023,0,0,0,0,0,0,0,0,0,0,0,0,0,0,0,0,0,0,0,0,0,0,1,1,1
2022-01-31 15:30:00+00:00,60,1,15,137.57322692871094,138.01971435546875,0,0,0,0,0,0,0,0,0,0,0,1,1,1,1,1,1,0,0,0,0,0,0,0,0
2022-01-31 15:30:00+00:00,60,1,15,244.15438842773438,3.050198554992676,0,0,0,0,0,0,0,0,0,0,0,0,0,0,1,1,1,1,1,1,1,1,1,1,1
2022-01-31 15:30:00+00:00,60,1,15,271.44793701171875,3.0470471382141113,0,0,0,0,0,0,0,0,0,0,0,0,0,0,0,1,1,1,1,1,1,1,1,1,1
2022-01-31 15:30:00+00:00,60,1,15,185.7962188720703,65.20384979248047,0,0,0,0,0,0,0,0,0,0,0,0,0,1,1,1,1,0,0,0,0,0,0,0,0
2022-01-31 15:45:00+00:00,60,1,15,347.87884521484375,275.8119812011719,0,0,0,0,0,0,0,0,0,0,0,0,0,0,0,0,1,0,0,0,0,0,0,0,0
2022-01-31 15:45:00+00:00,60,1,15,,156.63888549804688,0,0,0,0,0,0,0,0,0,0,0,0,0,0,0,0,0,0,0,0,0,0,0,0,0
2022-01-31 15:45:00+00:00,60,1,15,,,0,0,0,0,0,0,0,0,0,0,0,0,0,0,0,0,0,0,0,0,0,0,0,0,0
2022-01-31 15:45:00+00:00,60,1,15,300.18255615234375,232.03207397460938,0,0,0,0,0,0,0,0,0,0,0,0,0,0,0,0,1,0,0,0,0,0,0,0,0
2022-01-31 15:45:00+00:00,60,1,15,129.33290100097656,220.2709503173828,0,0,0,0,0,0,0,0,0,0,0,1,1,1,1,1,1,0,0,0,0,0,0,0,0
2022-01-31 15:45:00+00:00,60,1,15,,,0,0,0,0,0,0,0,0,0,0,0,0,0,0,0,0,0,0,0,0,0,0,0,0,0
2022-01-31 15:45:00+00:00,60,1,15,,242.9733428955078,0,0,0,0,0,0,0,0,0,0,0,0,0,0,0,0,0,0,0,0,0,0,0,0,0
2022-01-31 16:00:00+00:00,60,1,16,,,0,0,0,0,0,0,0,0,0,0,0,0,0,0,0,0,0,0,0,0,0,0,0,0,0
2022-01-31 16:00:00+00:00,60,1,16,346.3268737792969,21.540328979492188,0,0,0,0,0,0,0,0,0,0,0,0,0,0,0,0,1,0,0,0,1,1,1,1,1
2022-01-31 16:00:00+00:00,60,1,16,392.48114013671875,330.7550964355469,0,0,0,0,0,0,0,0,0,0,0,0,0,0,0,0,0,0,0,0,0,0,0,0,0
2022-01-31 16:00:00+00:00,60,1,16,,122.24411010742188,0,0,0,0,0,0,0,0,0,0,0,0,0,0,0,0,0,0,0,0,0,0,0,0,0
2022-01-31 16:00:00+00:00,60,1,16,,47.87638854980469,0,0,0,0,0,0,0,0,0,0,0,0,0,0,0,0,0,0,0,0,0,0,0,1,1
2022-01-31 16:00:00+00:00,60,1,16,,349.1933898925781,0,0,0,0,0,0,0,0,0,0,0,0,0,0,0,0,0,0,0,0,0,0,0,0,0
2022-01-31 16:00:00+00:00,60,1,16,,,0,0,0,0,0,0,0,0,0,0,0,0,0,0,0,0,0,0,0,0,0,0,0,0,0
2022-01-31 16:00:00+00:00,60,1,16,416.3487548828125,239.29562377929688,0,0,0,0,0,0,0,0,0,0,0,0,0,0,0,0,0,0,0,0,0,0,0,0,0
2022-01-31 16:00:00+00:00,60,1,16,193.32020568847656,227.69822692871094,0,0,0,0,0,0,0,0,0,0,0,0,0,1,1,1,1,0,0,0,0,0,0,0,0
2022-01-31 16:00:00+00:00,60,1,16,151.9719696044922,185.1739044189453,0,0,0,0,0,0,0,0,0,0,0,0,1,1,1,1,1,0,0,0,0,0,0,0,0
2022-01-31 16:00:00+00:00,60,1,16,99.9544906616211,52.812564849853516,0,0,0,0,0,0,0,0,0,1,1,1,1,1,1,1,1,0,0,0,0,0,0,0,1
2022-01-31 16:00:00+00:00,60,1,16,,,0,0,0,0,0,0,0,0,0,0,0,0,0,0,0,0,0,0,0,0,0,0,0,0,0
2022-01-31 16:15:00+00:00,60,1,16,194.77120971679688,197.967529296875,0,0,0,0,0,0,0,0,0,0,0,0,0,1,1,1,1,0,0,0,0,0,0,0,0
2022-01-31 16:15:00+00:00,60,1,16,,389.5810241699219,0,0,0,0,0,0,0,0,0,0,0,0,0,0,0,0,0,0,0,0,0,0,0,0,0
2022-01-31 16:15:00+00:00,60,1,16,,,0,0,0,0,0,0,0,0,0,0,0,0,0,0,0,0,0,0,0,0,0,0,0,0,0
2022-01-31 16:15:00+00:00,60,1,16,393.5550537109375,385.01727294921875,0,0,0,0,0,0,0,0,0,0,0,0,0,0,0,0,0,0,0,0,0,0,0,0,0
2022-01-31 16:30:00+00:00,60,1,16,238.33306884765625,311.2357177734375,0,0,0,0,0,0,0,0,0,0,0,0,0,0,1,1,1,0,0,0,0,0,0,0,0
2022-01-31 16:30:00+00:00,60,1,16,42.588069915771484,6.205504417419434,0,0,0,0,0,0,1,1,1,1,1,1,1,1,1,1,1,1,1,1,1,1,1,1,1
2022-01-31 16:30:00+00:00,60,1,16,88.60126495361328,97.3703384399414,0,0,0,0,0,0,0,0,0,1,1,1,1,1,1,1,1,0,0,0,0,0,0,0,0
2022-01-31 16:45:00+00:00,60,1,16,181.91481018066406,197.5574493408203,0,0,0,0,0,0,0,0,0,0,0,0,0,1,1,1,1,0,0,0,0,0,0,0,0
2022-01-31 16:45:00+00:00,60,1,16,335.1649169921875,457.23175048828125,0,0,0,0,0,0,0,0,0,0,0,0,0,0,0,0,1,0,0,0,0,0,0,0,0
2022-01-31 17:00:00+00:00,60,1,17,121.53874206542969,12.936294555664062,0,0,0,0,0,0,0,0,0,0,0,1,1,1,1,1,1,0,1,1,1,1,1,1,1
2022-01-31 17:15:00+00:00,60,1,17,111.98890686035156,3.599897623062134,0,0,0,0,0,0,0,0,0,0,1,1,1,1,1,1,1,1,1,1,1,1,1,1,1
2022-01-31 17:15:00+00:00,60,1,17,414.6695861816406,,0,0,0,0,0,0,0,0,0,0,0,0,0,0,0,0,0,0,0,0,0,0,0,0,0
2022-01-31 17:15:00+00:00,60,1,17,126.2474365234375,199.05203247070312,0,0,0,0,0,0,0,0,0,0,0,1,1,1,1,1,1,0,0,0,0,0,0,0,0
2022-01-31 17:30:00+00:00,60,1,17,,,0,0,0,0,0,0,0,0,0,0,0,0,0,0,0,0,0,0,0,0,0,0,0,0,0
2022-01-31 17:45:00+00:00,60,1,17,160.16001892089844,23.46986961364746,0,0,0,0,0,0,0,0,0,0,0,0,1,1,1,1,1,0,0,0,1,1,1,1,1
