valid_time,lead_time_min,month,hour,dmin_t0_km,dmin_t_km,excl_010km,excl_015km,excl_020km,excl_025km,excl_030km,excl_040km,excl_050km,excl_060km,excl_080km,excl_100km,excl_120km,excl_150km,excl_180km,excl_200km,excl_250km,excl_300km,excl_350km,incl_010km,incl_015km,incl_020km,incl_025km,incl_030km,incl_040km,incl_050km,incl_060km
2013-07-10 10:00:00+00:00,60,7,10,442.9379577636719,402.8272399902344,0,0,0,0,0,0,0,0,0,0,0,0,0,0,0,0,0,0,0,0,0,0,0,0,0
2013-07-10 10:00:00+00:00,60,7,10,,,0,0,0,0,0,0,0,0,0,0,0,0,0,0,0,0,0,0,0,0,0,0,0,0,0
2013-07-10 10:00:00+00:00,60,7,10,230.5540771484375,256.8813171386719,0,0,0,0,0,0,0,0,0,0,0,0,0,0,1,1,1,0,0,0,0,0,0,0,0
2013-07-10 10:00:00+00:00,60,7,10,,,0,0,0,0,0,0,0,0,0,0,0,0,0,0,0,0,0,0,0,0,0,0,0,0,0
2013-07-10 10:00:00+00:00,60,7,10,167.26495361328125,247.56948852539062,0,0,0,0,0,0,0,0,0,0,0,0,1,1,1,1,1,0,0,0,0,0,0,0,0
2013-07-10 10:00:00+00:00,60,7,10,114.49922943115234,150.0734405517578,0,0,0,0,0,0,0,0,0,0,1,1,1,1,1,1,1,0,0,0,0,0,0,0,0
2013-07-10 10:00:00+00:00,60,7,10,208.88294982910156,112.46382904052734,0,0,0,0,0,0,0,0,0,0,0,0,0,0,1,1,1,0,0,0,0,0,0,0,0
2013-07-10 10:00:00+00:00,60,7,10,,,0,0,0,0,0,0,0,0,0,0,0,0,0,0,0,0,0,0,0,0,0,0,0,0,0
2013-07-10 10:00:00+00:00,60,7,10,,,0,0,0,0,0,0,0,0,0,0,0,0,0,0,0,0,0,0,0,0,0,0,0,0,0
2013-07-10 10:00:00+00:00,60,7,10,,,0,0,0,0,0,0,0,0,0,0,0,0,0,0,0,0,0,0,0,0,0,0,0,0,0
2013-07-10 10:00:00+00:00,60,7,10,,548.9683837890625,0,0,0,0,0,0,0,0,0,0,0,0,0,0,0,0,0,0,0,0,0,0,0,0,0
2013-07-10 10:00:00+00:00,60,7,10,117.68574523925781,110.29439544677734,0,0,0,0,0,0,0,0,0,0,1,1,1,1,1,1,1,0,0,0,0,0,0,0,0
2013-07-10 10:00:00+00:00,60,7,10,161.52496337890625,125.39899444580078,0,0,0,0,0,0,0,0,0,0,0,0,1,1,1,1,1,0,0,0,0,0,0,0,0
2013-07-10 10:00:00+00:00,60,7,10,25.23788070678711,9.316869735717773,0,0,0,0,1,1,1,1,1,1,1,1,1,1,1,1,1,1,1,1,1,1,1,1,1
2013-07-10 10:15:00+00:00,60,7,10,,322.9965515136719,0,0,0,0,0,0,0,0,0,0,0,0,0,0,0,0,0,0,0,0,0,0,0,0,0
2013-07-10 10:15:00+00:00,60,7,10,241.37185668945312,11.358101844787598,0,0,0,0,0,0,0,0,0,0,0,0,0,0,1,1,1,0,1,1,1,1,1,1,1
2013-07-10 10:15:00+00:00,60,7,10,,,0,0,0,0,0,0,0,0,0,0,0,0,0,0,0,0,0,0,0,0,0,0,0,0,0
2013-07-10 10:15:00+00:00,60,7,10,436.6766357421875,309.82305908203125,0,0,0,0,0,0,0,0,0,0,0,0,0,0,0,0,0,0,0,0,0,0,0,0,0
2013-07-10 10:15:00+00:00,60,7,10,274.3095703125,25.009607315063477,0,0,0,0,0,0,0,0,0,0,0,0,0,0,0,1,1,0,0,0,0,1,1,1,1
2013-07-10 10:15:00+00:00,60,7,10,308.6549072265625,11.413514137268066,0,0,0,0,0,0,0,0,0,0,0,0,0,0,0,0,1,0,1,1,1,1,1,1,1
2013-07-10 10:15:00+00:00,60,7,10,44.739315032958984,0.0,0,0,0,0,0,0,1,1,1,1,1,1,1,1,1,1,1,1,1,1,1,1,1,1,1
2013-07-10 10:15:00+00:00,60,7,10,260.5987548828125,78.52911376953125,0,0,0,0,0,0,0,0,0,0,0,0,0,0,0,1,1,0,0,0,0,0,0,0,0
2013-07-10 10:15:00+00:00,60,7,10,290.8583679199219,106.03759002685547,0,0,0,0,0,0,0,0,0,0,0,0,0,0,0,1,1,0,0,0,0,0,0,0,0
2013-07-10 10:15:00+00:00,60,7,10,345.8722229003906,155.69117736816406,0,0,0,0,0,0,0,0,0,0,0,0,0,0,0,0,1,0,0,0,0,0,0,0,0
2013-07-10 10:15:00+00:00,60,7,10,,321.946044921875,0,0,0,0,0,0,0,0,0,0,0,0,0,0,0,0,0,0,0,0,0,0,0,0,0
2013-07-10 10:15:00+00:00,60,7,10,,383.418701171875,0,0,0,0,0,0,0,0,0,0,0,0,0,0,0,0,0,0,0,0,0,0,0,0,0
2013-07-10 10:30:00+00:00,60,7,10,319.2122802734375,232.459228515625,0,0,0,0,0,0,0,0,0,0,0,0,0,0,0,0,1,0,0,0,0,0,0,0,0
2013-07-10 10:30:00+00:00,60,7,10,339.78167724609375,284.27886962890625,0,0,0,0,0,0,0,0,0,0,0,0,0,0,0,0,1,0,0,0,0,0,0,0,0
2013-07-10 10:30:00+00:00,60,7,10,,,0,0,0,0,0,0,0,0,0,0,0,0,0,0,0,0,0,0,0,0,0,0,0,0,0
2013-07-10 10:30:00+00:00,60,7,10,61.05278778076172,105.64151000976562,0,0,0,0,0,0,0,0,1,1,1,1,1,1,1,1,1,0,0,0,0,0,0,0,0
2013-07-10 10:30:00+00:00,60,7,10,335.997314453125,,0,0,0,0,0,0,0,0,0,0,0,0,0,0,0,0,1,0,0,0,0,0,0,0,0
2013-07-10 10:30:00+00:00,60,7,10,,,0,0,0,0,0,0,0,0,0,0,0,0,0,0,0,0,0,0,0,0,0,0,0,0,0
2013-07-10 10:30:00+00:00,60,7,10,,,0,0,0,0,0,0,0,0,0,0,0,0,0,0,0,0,0,0,0,0,0,0,0,0,0
2013-07-10 10:30:00+00:00,60,7,10,,274.6747131347656,0,0,0,0,0,0,0,0,0,0,0,0,0,0,0,0,0,0,0,0,0,0,0,0,0
2013-07-10 10:30:00+00:00,60,7,10,,,0,0,0,0,0,0,0,0,0,0,0,0,0,0,0,0,0,0,0,0,0,0,0,0,0
2013-07-10 10:30:00+00:00,60,7,10,,,0,0,0,0,0,0,0,0,0,0,0,0,0,0,0,0,0,0,0,0,0,0,0,0,0
2013-07-10 10:30:00+00:00,60,7,10,692.1856689453125,574.3327026367188,0,0,0,0,0,0,0,0,0,0,0,0,0,0,0,0,0,0,0,0,0,0,0,0,0
2013-07-10 10:30:00+00:00,60,7,10,575.6141967773438,462.6244201660156,0,0,0,0,0,0,0,0,0,0,0,0,0,0,0,0,0,0,0,0,0,0,0,0,0
2013-07-10 10:30:00+00:00,60,7,10,693.6130981445312,565.081787109375,0,0,0,0,0,0,0,0,0,0,0,0,0,0,0,0,0,0,0,0,0,0,0,0,0
2013-07-10 10:30:00+00:00,60,7,10,,,0,0,0,0,0,0,0,0,0,0,0,0,0,0,0,0,0,0,0,0,0,0,0,0,0
2013-07-10 10:45:00+00:00,60,7,10,,,0,0,0,0,0,0,0,0,0,0,0,0,0,0,0,0,0,0,0,0,0,0,0,0,0
2013-07-10 10:45:00+00:00,60,7,10,343.14984130859375,43.20131301879883,0,0,0,0,0,0,0,0,0,0,0,0,0,0,0,0,1,0,0,0,0,0,0,1,1
2013-07-10 10:45:00+00:00,60,7,10,314.31573486328125,91.85977172851562,0,0,0,0,0,0,0,0,0,0,0,0,0,0,0,0,1,0,0,0,0,0,0,0,0
2013-07-10 10:45:00+00:00,60,7,10,,,0,0,0,0,0,0,0,0,0,0,0,0,0,0,0,0,0,0,0,0,0,0,0,0,0
2013-07-10 10:45:00+00:00,60,7,10,,,0,0,0,0,0,0,0,0,0,0,0,0,0,0,0,0,0,0,0,0,0,0,0,0,0
2013-07-10 10:45:00+00:00,60,7,10,,,0,0,0,0,0,0,0,0,0,0,0,0,0,0,0,0,0,0,0,0,0,0,0,0,0
2013-07-10 10:45:00+00:00,60,7,10,,,0,0,0,0,0,0,0,0,0,0,0,0,0,0,0,0,0,0,0,0,0,0,0,0,0
2013-07-10 10:45:00+00:00,60,7,10,320.4337463378906,,0,0,0,0,0,0,0,0,0,0,0,0,0,0,0,0,1,0,0,0,0,0,0,0,0
2013-07-10 10:45:00+00:00,60,7,10,,431.9805603027344,0,0,0,0,0,0,0,0,0,0,0,0,0,0,0,0,0,0,0,0,0,0,0,0,0
2013-07-10 10:45:00+00:00,60,7,10,269.24407958984375,,0,0,0,0,0,0,0,0,0,0,0,0,0,0,0,1,1,0,0,0,0,0,0,0,0
2013-07-10 10:45:00+00:00,60,7,10,627.3881225585938,545.7040405273438,0,0,0,0,0,0,0,0,0,0,0,0,0,0,0,0,0,0,0,0,0,0,0,0,0
2013-07-10 10:45:00+00:00,60,7,10,,,0,0,0,0,0,0,0,0,0,0,0,0,0,0,0,0,0,0,0,0,0,0,0,0,0
2013-07-10 11:00:00+00:00,60,7,11,,,0,0,0,0,0,0,0,0,0,0,0,0,0,0,0,0,0,0,0,0,0,0,0,0,0
2013-07-10 11:00:00+00:00,60,7,11,115.65677642822266,106.7898941040039,0,0,0,0,0,0,0,0,0,0,1,1,1,1,1,1,1,0,0,0,0,0,0,0,0
2013-07-10 11:00:00+00:00,60,7,11,,,0,0,0,0,0,0,0,0,0,0,0,0,0,0,0,0,0,0,0,0,0,0,0,0,0
2013-07-10 11:00:00+00:00,60,7,11,275.2145080566406,146.1133270263672,0,0,0,0,0,0,0,0,0,0,0,0,0,0,0,1,1,0,0,0,0,0,0,0,0
2013-07-10 11:00:00+00:00,60,7,11,,,0,0,0,0,0,0,0,0,0,0,0,0,0,0,0,0,0,0,0,0,0,0,0,0,0
2013-07-10 11:00:00+00:00,60,7,11,,74.53997039794922,0,0,0,0,0,0,0,0,0,0,0,0,0,0,0,0,0,0,0,0,0,0,0,0,0
2013-07-10 11:00:00+00:00,60,7,11,,257.7242736816406,0,0,0,0,0,0,0,0,0,0,0,0,0,0,0,0,0,0,0,0,0,0,0,0,0
2013-07-10 11:00:00+00:00,60,7,11,160.344482421875,43.36159896850586,0,0,0,0,0,0,0,0,0,0,0,0,1,1,1,1,1,0,0,0,0,0,0,1,1
2013-07-10 11:00:00+00:00,60,7,11,,94.20709228515625,0,0,0,0,0,0,0,0,0,0,0,0,0,0,0,0,0,0,0,0,0,0,0,0,0
2013-07-10 11:00:00+00:00,60,7,11,,314.7388610839844,0,0,0,0,0,0,0,0,0,0,0,0,0,0,0,0,0,0,0,0,0,0,0,0,0
2013-07-10 11:00:00+00:00,60,7,11,,466.3359375,0,0,0,0,0,0,0,0,0,0,0,0,0,0,0,0,0,0,0,0,0,0,0,0,0
2013-07-10 11:00:00+00:00,60,7,11,,,0,0,0,0,0,0,0,0,0,0,0,0,0,0,0,0,0,0,0,0,0,0,0,0,0
2013-07-10 11:00:00+00:00,60,7,11,,,0,0,0,0,0,0,0,0,0,0,0,0,0,0,0,0,0,0,0,0,0,0,0,0,0
2013-07-10 11:00:00+00:00,60,7,11,,279.55987548828125,0,0,0,0,0,0,0,0,0,0,0,0,0,0,0,0,0,0,0,0,0,0,0,0,0
2013-07-10 11:00:00+00:00,60,7,11,,,0,0,0,0,0,0,0,0,0,0,0,0,0,0,0,0,0,0,0,0,0,0,0,0,0
2013-07-10 11:00:00+00:00,60,7,11,,3.7490780353546143,0,0,0,0,0,0,0,0,0,0,0,0,0,0,0,0,0,1,1,1,1,1,1,1,1
2013-07-10 11:00:00+00:00,60,7,11,,,0,0,0,0,0,0,0,0,0,0,0,0,0,0,0,0,0,0,0,0,0,0,0,0,0
2013-07-10 11:00:00+00:00,60,7,11,,,0,0,0,0,0,0,0,0,0,0,0,0,0,0,0,0,0,0,0,0,0,0,0,0,0
2013-07-10 11:00:00+00:00,60,7,11,185.0159912109375,66.0308609008789,0,0,0,0,0,0,0,0,0,0,0,0,0,1,1,1,1,0,0,0,0,0,0,0,0
2013-07-10 11:15:00+00:00,60,7,11,,,0,0,0,0,0,0,0,0,0,0,0,0,0,0,0,0,0,0,0,0,0,0,0,0,0
2013-07-10 11:15:00+00:00,60,7,11,,,0,0,0,0,0,0,0,0,0,0,0,0,0,0,0,0,0,0,0,0,0,0,0,0,0
2013-07-10 11:15:00+00:00,60,7,11,181.9107666015625,332.87078857421875,0,0,0,0,0,0,0,0,0,0,0,0,0,1,1,1,1,0,0,0,0,0,0,0,0
2013-07-10 11:15:00+00:00,60,7,11,,322.6813659667969,0,0,0,0,0,0,0,0,0,0,0,0,0,0,0,0,0,0,0,0,0,0,0,0,0
2013-07-10 11:15:00+00:00,60,7,11,,450.7593994140625,0,0,0,0,0,0,0,0,0,0,0,0,0,0,0,0,0,0,0,0,0,0,0,0,0
2013-07-10 11:15:00+00:00,60,7,11,210.21864318847656,143.6390380859375,0,0,0,0,0,0,0,0,0,0,0,0,0,0,1,1,1,0,0,0,0,0,0,0,0
2013-07-10 11:15:00+00:00,60,7,11,,392.5427551269531,0,0,0,0,0,0,0,0,0,0,0,0,0,0,0,0,0,0,0,0,0,0,0,0,0
2013-07-10 11:15:00+00:00,60,7,11,,,0,0,0,0,0,0,0,0,0,0,0,0,0,0,0,0,0,0,0,0,0,0,0,0,0
2013-07-10 11:15:00+00:00,60,7,11,52.61354064941406,59.47010040283203,0,0,0,0,0,0,0,1,1,1,1,1,1,1,1,1,1,0,0,0,0,0,0,0,1
2013-07-10 11:15:00+00:00,60,7,11,78.36418914794922,103.28045654296875,0,0,0,0,0,0,0,0,1,1,1,1,1,1,1,1,1,0,0,0,0,0,0,0,0
2013-07-10 11:15:00+00:00,60,7,11,,100.07270050048828,0,0,0,0,0,0,0,0,0,0,0,0,0,0,0,0,0,0,0,0,0,0,0,0,0
2013-07-10 11:15:00+00:00,60,7,11,,,0,0,0,0,0,0,0,0,0,0,0,0,0,0,0,0,0,0,0,0,0,0,0,0,0
2013-07-10 11:15:00+00:00,60,7,11,,,0,0,0,0,0,0,0,0,0,0,0,0,0,0,0,0,0,0,0,0,0,0,0,0,0
2013-07-10 11:15:00+00:00,60,7,11,,47.39044952392578,0,0,0,0,0,0,0,0,0,0,0,0,0,0,0,0,0,0,0,0,0,0,0,1,1
2013-07-10 11:15:00+00:00,60,7,11,,18.977304458618164,0,0,0,0,0,0,0,0,0,0,0,0,0,0,0,0,0,0,0,1,1,1,1,1,1
2013-07-10 11:15:00+00:00,60,7,11,,,0,0,0,0,0,0,0,0,0,0,0,0,0,0,0,0,0,0,0,0,0,0,0,0,0
2013-07-10 11:15:00+00:00,60,7,11,,211.50326538085938,0,0,0,0,0,0,0,0,0,0,0,0,0,0,0,0,0,0,0,0,0,0,0,0,0
2013-07-10 11:15:00+00:00,60,7,11,,11.357115745544434,0,0,0,0,0,0,0,0,0,0,0,0,0,0,0,0,0,0,1,1,1,1,1,1,1
2013-07-10 11:15:00+00:00,60,7,11,,7.508652210235596,0,0,0,0,0,0,0,0,0,0,0,0,0,0,0,0,0,1,1,1,1,1,1,1,1
2013-07-10 11:15:00+00:00,60,7,11,,,0,0,0,0,0,0,0,0,0,0,0,0,0,0,0,0,0,0,0,0,0,0,0,0,0
2013-07-10 11:15:00+00:00,60,7,11,340.73052978515625,234.5482635498047,0,0,0,0,0,0,0,0,0,0,0,0,0,0,0,0,1,0,0,0,0,0,0,0,0
2013-07-10 11:15:00+00:00,60,7,11,72.96345520019531,74.7580795288086,0,0,0,0,0,0,0,0,1,1,1,1,1,1,1,1,1,0,0,0,0,0,0,0,0
2013-07-10 11:30:00+00:00,60,7,11,,,0,0,0,0,0,0,0,0,0,0,0,0,0,0,0,0,0,0,0,0,0,0,0,0,0
2013-07-10 11:30:00+00:00,60,7,11,,,0,0,0,0,0,0,0,0,0,0,0,0,0,0,0,0,0,0,0,0,0,0,0,0,0
2013-07-10 11:30:00+00:00,60,7,11,219.6372528076172,387.1167297363281,0,0,0,0,0,0,0,0,0,0,0,0,0,0,1,1,1,0,0,0,0,0,0,0,0
2013-07-10 11:30:00+00:00,60,7,11,,,0,0,0,0,0,0,0,0,0,0,0,0,0,0,0,0,0,0,0,0,0,0,0,0,0
2013-07-10 11:30:00+00:00,60,7,11,,,0,0,0,0,0,0,0,0,0,0,0,0,0,0,0,0,0,0,0,0,0,0,0,0,0
2013-07-10 11:30:00+00:00,60,7,11,620.3898315429688,35.62558364868164,0,0,0,0,0,0,0,0,0,0,0,0,0,0,0,0,0,0,0,0,0,0,1,1,1
2013-07-10 11:30:00+00:00,60,7,11,,,0,0,0,0,0,0,0,0,0,0,0,0,0,0,0,0,0,0,0,0,0,0,0,0,0
2013-07-10 11:45:00+00:00,60,7,11,164.02407836914062,,0,0,0,0,0,0,0,0,0,0,0,0,1,1,1,1,1,0,0,0,0,0,0,0,0
2013-07-10 11:45:00+00:00,60,7,11,119.00975036621094,,0,0,0,0,0,0,0,0,0,0,1,1,1,1,1,1,1,0,0,0,0,0,0,0,0
2013-07-10 11:45:00+00:00,60,7,11,212.78372192382812,157.8891143798828,0,0,0,0,0,0,0,0,0,0,0,0,0,0,1,1,1,0,0,0,0,0,0,0,0
2013-07-10 11:45:00+00:00,60,7,11,,217.85411071777344,0,0,0,0,0,0,0,0,0,0,0,0,0,0,0,0,0,0,0,0,0,0,0,0,0
2013-07-10 11:45:00+00:00,60,7,11,459.465087890625,113.36674499511719,0,0,0,0,0,0,0,0,0,0,0,0,0,0,0,0,0,0,0,0,0,0,0,0,0
2013-07-10 11:45:00+00:00,60,7,11,245.95106506347656,266.1067199707031,0,0,0,0,0,0,0,0,0,0,0,0,0,0,1,1,1,0,0,0,0,0,0,0,0
2013-07-10 11:45:00+00:00,60,7,11,271.4332580566406,91.20812225341797,0,0,0,0,0,0,0,0,0,0,0,0,0,0,0,1,1,0,0,0,0,0,0,0,0
2013-07-10 11:45:00+00:00,60,7,11,,193.48431396484375,0,0,0,0,0,0,0,0,0,0,0,0,0,0,0,0,0,0,0,0,0,0,0,0,0
2013-07-10 11:45:00+00:00,60,7,11,154.3721923828125,83.29884338378906,0,0,0,0,0,0,0,0,0,0,0,0,1,1,1,1,1,0,0,0,0,0,0,0,0
2013-07-10 11:45:00+00:00,60,7,11,116.02619171142578,43.899505615234375,0,0,0,0,0,0,0,0,0,0,1,1,1,1,1,1,1,0,0,0,0,0,0,1,1
2013-07-10 11:45:00+00:00,60,7,11,602.8284912109375,29.637470245361328,0,0,0,0,0,0,0,0,0,0,0,0,0,0,0,0,0,0,0,0,0,1,1,1,1
2013-07-10 11:45:00+00:00,60,7,11,,37.57261657714844,0,0,0,0,0,0,0,0,0,0,0,0,0,0,0,0,0,0,0,0,0,0,1,1,1
2013-07-10 11:45:00+00:00,60,7,11,284.4652099609375,190.5966033935547,0,0,0,0,0,0,0,0,0,0,0,0,0,0,0,1,1,0,0,0,0,0,0,0,0
2013-07-10 11:45:00+00:00,60,7,11,,87.38011932373047,0,0,0,0,0,0,0,0,0,0,0,0,0,0,0,0,0,0,0,0,0,0,0,0,0
2013-07-10 11:45:00+00:00,60,7,11,,50.86353302001953,0,0,0,0,0,0,0,0,0,0,0,0,0,0,0,0,0,0,0,0,0,0,0,0,1
2013-07-10 11:45:00+00:00,60,7,11,,,0,0,0,0,0,0,0,0,0,0,0,0,0,0,0,0,0,0,0,0,0,0,0,0,0
2013-07-10 11:45:00+00:00,60,7,11,,,0,0,0,0,0,0,0,0,0,0,0,0,0,0,0,0,0,0,0,0,0,0,0,0,0
2013-07-10 12:00:00+00:00,60,7,12,,,0,0,0,0,0,0,0,0,0,0,0,0,0,0,0,0,0,0,0,0,0,0,0,0,0
2013-07-10 12:00:00+00:00,60,7,12,,,0,0,0,0,0,0,0,0,0,0,0,0,0,0,0,0,0,0,0,0,0,0,0,0,0
2013-07-10 12:00:00+00:00,60,7,12,,,0,0,0,0,0,0,0,0,0,0,0,0,0,0,0,0,0,0,0,0,0,0,0,0,0
2013-07-10 12:00:00+00:00,60,7,12,,353.8919982910156,0,0,0,0,0,0,0,0,0,0,0,0,0,0,0,0,0,0,0,0,0,0,0,0,0
2013-07-10 12:00:00+00:00,60,7,12,,487.1772766113281,0,0,0,0,0,0,0,0,0,0,0,0,0,0,0,0,0,0,0,0,0,0,0,0,0
2013-07-10 12:00:00+00:00,60,7,12,,,0,0,0,0,0,0,0,0,0,0,0,0,0,0,0,0,0,0,0,0,0,0,0,0,0
2013-07-10 12:00:00+00:00,60,7,12,273.10968017578125,433.44384765625,0,0,0,0,0,0,0,0,0,0,0,0,0,0,0,1,1,0,0,0,0,0,0,0,0
2013-07-10 12:00:00+00:00,60,7,12,,,0,0,0,0,0,0,0,0,0,0,0,0,0,0,0,0,0,0,0,0,0,0,0,0,0
2013-07-10 12:00:00+00:00,60,7,12,480.7698669433594,,0,0,0,0,0,0,0,0,0,0,0,0,0,0,0,0,0,0,0,0,0,0,0,0,0
2013-07-10 12:00:00+00:00,60,7,12,116.51922607421875,85.89768981933594,0,0,0,0,0,0,0,0,0,0,1,1,1,1,1,1,1,0,0,0,0,0,0,0,0
2013-07-10 12:00:00+00:00,60,7,12,,,0,0,0,0,0,0,0,0,0,0,0,0,0,0,0,0,0,0,0,0,0,0,0,0,0
2013-07-10 12:00:00+00:00,60,7,12,155.4576416015625,50.292667388916016,0,0,0,0,0,0,0,0,0,0,0,0,1,1,1,1,1,0,0,0,0,0,0,0,1
2013-07-10 12:00:00+00:00,60,7,12,148.91717529296875,15.742748260498047,0,0,0,0,0,0,0,0,0,0,0,1,1,1,1,1,1,0,0,1,1,1,1,1,1
2013-07-10 12:00:00+00:00,60,7,12,144.7187957763672,28.64920425415039,0,0,0,0,0,0,0,0,0,0,0,1,1,1,1,1,1,0,0,0,0,1,1,1,1
2013-07-10 12:00:00+00:00,60,7,12,366.1123046875,60.33883285522461,0,0,0,0,0,0,0,0,0,0,0,0,0,0,0,0,0,0,0,0,0,0,0,0,0
2013-07-10 12:00:00+00:00,60,7,12,,376.4893798828125,0,0,0,0,0,0,0,0,0,0,0,0,0,0,0,0,0,0,0,0,0,0,0,0,0
2013-07-10 12:00:00+00:00,60,7,12,,75.22196197509766,0,0,0,0,0,0,0,0,0,0,0,0,0,0,0,0,0,0,0,0,0,0,0,0,0
2013-07-10 12:00:00+00:00,60,7,12,78.14277648925781,100.37052154541016,0,0,0,0,0,0,0,0,1,1,1,1,1,1,1,1,1,0,0,0,0,0,0,0,0
2013-07-10 12:00:00+00:00,60,7,12,,298.27569580078125,0,0,0,0,0,0,0,0,0,0,0,0,0,0,0,0,0,0,0,0,0,0,0,0,0
2013-07-10 12:15:00+00:00,60,7,12,,,0,0,0,0,0,0,0,0,0,0,0,0,0,0,0,0,0,0,0,0,0,0,0,0,0
2013-07-10 12:15:00+00:00,60,7,12,,,0,0,0,0,0,0,0,0,0,0,0,0,0,0,0,0,0,0,0,0,0,0,0,0,0
2013-07-10 12:15:00+00:00,60,7,12,,,0,0,0,0,0,0,0,0,0,0,0,0,0,0,0,0,0,0,0,0,0,0,0,0,0
2013-07-10 12:15:00+00:00,60,7,12,,387.0337219238281,0,0,0,0,0,0,0,0,0,0,0,0,0,0,0,0,0,0,0,0,0,0,0,0,0
2013-07-10 12:15:00+00:00,60,7,12,,300.4518127441406,0,0,0,0,0,0,0,0,0,0,0,0,0,0,0,0,0,0,0,0,0,0,0,0,0
2013-07-10 12:15:00+00:00,60,7,12,,481.103271484375,0,0,0,0,0,0,0,0,0,0,0,0,0,0,0,0,0,0,0,0,0,0,0,0,0
2013-07-10 12:15:00+00:00,60,7,12,291.8910827636719,198.02325439453125,0,0,0,0,0,0,0,0,0,0,0,0,0,0,0,1,1,0,0,0,0,0,0,0,0
2013-07-10 12:15:00+00:00,60,7,12,,,0,0,0,0,0,0,0,0,0,0,0,0,0,0,0,0,0,0,0,0,0,0,0,0,0
2013-07-10 12:15:00+00:00,60,7,12,164.86007690429688,157.3960723876953,0,0,0,0,0,0,0,0,0,0,0,0,1,1,1,1,1,0,0,0,0,0,0,0,0
2013-07-10 12:15:00+00:00,60,7,12,148.3817901611328,130.66368103027344,0,0,0,0,0,0,0,0,0,0,0,1,1,1,1,1,1,0,0,0,0,0,0,0,0
2013-07-10 12:15:00+00:00,60,7,12,376.5473937988281,377.2036437988281,0,0,0,0,0,0,0,0,0,0,0,0,0,0,0,0,0,0,0,0,0,0,0,0,0
2013-07-10 12:15:00+00:00,60,7,12,263.7603759765625,210.11138916015625,0,0,0,0,0,0,0,0,0,0,0,0,0,0,0,1,1,0,0,0,0,0,0,0,0
2013-07-10 12:15:00+00:00,60,7,12,171.49703979492188,17.37676239013672,0,0,0,0,0,0,0,0,0,0,0,0,1,1,1,1,1,0,0,1,1,1,1,1,1
2013-07-10 12:15:00+00:00,60,7,12,,,0,0,0,0,0,0,0,0,0,0,0,0,0,0,0,0,0,0,0,0,0,0,0,0,0
2013-07-10 12:15:00+00:00,60,7,12,252.67919921875,178.66024780273438,0,0,0,0,0,0,0,0,0,0,0,0,0,0,0,1,1,0,0,0,0,0,0,0,0
2013-07-10 12:15:00+00:00,60,7,12,204.31642150878906,144.4884796142578,0,0,0,0,0,0,0,0,0,0,0,0,0,0,1,1,1,0,0,0,0,0,0,0,0
2013-07-10 12:15:00+00:00,60,7,12,,329.7930603027344,0,0,0,0,0,0,0,0,0,0,0,0,0,0,0,0,0,0,0,0,0,0,0,0,0
2013-07-10 12:15:00+00:00,60,7,12,,94.41422271728516,0,0,0,0,0,0,0,0,0,0,0,0,0,0,0,0,0,0,0,0,0,0,0,0,0
2013-07-10 12:15:00+00:00,60,7,12,,215.8557586669922,0,0,0,0,0,0,0,0,0,0,0,0,0,0,0,0,0,0,0,0,0,0,0,0,0
2013-07-10 12:15:00+00:00,60,7,12,,138.7432098388672,0,0,0,0,0,0,0,0,0,0,0,0,0,0,0,0,0,0,0,0,0,0,0,0,0
2013-07-10 12:15:00+00:00,60,7,12,,88.095458984375,0,0,0,0,0,0,0,0,0,0,0,0,0,0,0,0,0,0,0,0,0,0,0,0,0
2013-07-10 12:15:00+00:00,60,7,12,141.3446502685547,29.747833251953125,0,0,0,0,0,0,0,0,0,0,0,1,1,1,1,1,1,0,0,0,0,1,1,1,1
2013-07-10 12:15:00+00:00,60,7,12,131.89639282226562,6.997028350830078,0,0,0,0,0,0,0,0,0,0,0,1,1,1,1,1,1,1,1,1,1,1,1,1,1
2013-07-10 12:15:00+00:00,60,7,12,146.48495483398438,30.337066650390625,0,0,0,0,0,0,0,0,0,0,0,1,1,1,1,1,1,0,0,0,0,0,1,1,1
2013-07-10 12:15:00+00:00,60,7,12,,203.18128967285156,0,0,0,0,0,0,0,0,0,0,0,0,0,0,0,0,0,0,0,0,0,0,0,0,0
2013-07-10 12:15:00+00:00,60,7,12,,232.07122802734375,0,0,0,0,0,0,0,0,0,0,0,0,0,0,0,0,0,0,0,0,0,0,0,0,0
2013-07-10 12:30:00+00:00,60,7,12,,,0,0,0,0,0,0,0,0,0,0,0,0,0,0,0,0,0,0,0,0,0,0,0,0,0
2013-07-10 12:30:00+00:00,60,7,12,,,0,0,0,0,0,0,0,0,0,0,0,0,0,0,0,0,0,0,0,0,0,0,0,0,0
2013-07-10 12:30:00+00:00,60,7,12,,308.77313232421875,0,0,0,0,0,0,0,0,0,0,0,0,0,0,0,0,0,0,0,0,0,0,0,0,0
2013-07-10 12:30:00+00:00,60,7,12,139.87063598632812,116.05804443359375,0,0,0,0,0,0,0,0,0,0,0,1,1,1,1,1,1,0,0,0,0,0,0,0,0
2013-07-10 12:30:00+00:00,60,7,12,143.10780334472656,354.9426574707031,0,0,0,0,0,0,0,0,0,0,0,1,1,1,1,1,1,0,0,0,0,0,0,0,0
2013-07-10 12:30:00+00:00,60,7,12,171.91012573242188,339.7233581542969,0,0,0,0,0,0,0,0,0,0,0,0,1,1,1,1,1,0,0,0,0,0,0,0,0
2013-07-10 12:30:00+00:00,60,7,12,214.0055389404297,122.70919799804688,0,0,0,0,0,0,0,0,0,0,0,0,0,0,1,1,1,0,0,0,0,0,0,0,0
2013-07-10 12:30:00+00:00,60,7,12,,61.22648620605469,0,0,0,0,0,0,0,0,0,0,0,0,0,0,0,0,0,0,0,0,0,0,0,0,0
2013-07-10 12:30:00+00:00,60,7,12,,271.6053161621094,0,0,0,0,0,0,0,0,0,0,0,0,0,0,0,0,0,0,0,0,0,0,0,0,0
2013-07-10 12:30:00+00:00,60,7,12,,300.5024719238281,0,0,0,0,0,0,0,0,0,0,0,0,0,0,0,0,0,0,0,0,0,0,0,0,0
2013-07-10 12:30:00+00:00,60,7,12,111.53044891357422,225.481201171875,0,0,0,0,0,0,0,0,0,0,1,1,1,1,1,1,1,0,0,0,0,0,0,0,0
2013-07-10 12:30:00+00:00,60,7,12,,,0,0,0,0,0,0,0,0,0,0,0,0,0,0,0,0,0,0,0,0,0,0,0,0,0
2013-07-10 12:30:00+00:00,60,7,12,,90.66928100585938,0,0,0,0,0,0,0,0,0,0,0,0,0,0,0,0,0,0,0,0,0,0,0,0,0
2013-07-10 12:30:00+00:00,60,7,12,159.8748779296875,35.210365295410156,0,0,0,0,0,0,0,0,0,0,0,0,1,1,1,1,1,0,0,0,0,0,1,1,1
2013-07-10 12:30:00+00:00,60,7,12,,0.0,0,0,0,0,0,0,0,0,0,0,0,0,0,0,0,0,0,1,1,1,1,1,1,1,1
2013-07-10 12:30:00+00:00,60,7,12,,519.8001098632812,0,0,0,0,0,0,0,0,0,0,0,0,0,0,0,0,0,0,0,0,0,0,0,0,0
2013-07-10 12:30:00+00:00,60,7,12,,,0,0,0,0,0,0,0,0,0,0,0,0,0,0,0,0,0,0,0,0,0,0,0,0,0
2013-07-10 12:45:00+00:00,60,7,12,,,0,0,0,0,0,0,0,0,0,0,0,0,0,0,0,0,0,0,0,0,0,0,0,0,0
2013-07-10 12:45:00+00:00,60,7,12,,,0,0,0,0,0,0,0,0,0,0,0,0,0,0,0,0,0,0,0,0,0,0,0,0,0
2013-07-10 12:45:00+00:00,60,7,12,,,0,0,0,0,0,0,0,0,0,0,0,0,0,0,0,0,0,0,0,0,0,0,0,0,0
2013-07-10 12:45:00+00:00,60,7,12,371.15020751953125,,0,0,0,0,0,0,0,0,0,0,0,0,0,0,0,0,0,0,0,0,0,0,0,0,0
2013-07-10 12:45:00+00:00,60,7,12,105.14815521240234,55.248939514160156,0,0,0,0,0,0,0,0,0,0,1,1,1,1,1,1,1,0,0,0,0,0,0,0,1
2013-07-10 12:45:00+00:00,60,7,12,180.4708251953125,124.59507751464844,0,0,0,0,0,0,0,0,0,0,0,0,0,1,1,1,1,0,0,0,0,0,0,0,0
2013-07-10 12:45:00+00:00,60,7,12,199.00904846191406,144.61341857910156,0,0,0,0,0,0,0,0,0,0,0,0,0,1,1,1,1,0,0,0,0,0,0,0,0
2013-07-10 12:45:00+00:00,60,7,12,,3.137928009033203,0,0,0,0,0,0,0,0,0,0,0,0,0,0,0,0,0,1,1,1,1,1,1,1,1
2013-07-10 12:45:00+00:00,60,7,12,108.06023406982422,23.458301544189453,0,0,0,0,0,0,0,0,0,0,1,1,1,1,1,1,1,0,0,0,1,1,1,1,1
2013-07-10 12:45:00+00:00,60,7,12,310.91644287109375,228.0667266845703,0,0,0,0,0,0,0,0,0,0,0,0,0,0,0,0,1,0,0,0,0,0,0,0,0
2013-07-10 12:45:00+00:00,60,7,12,335.84197998046875,254.1769256591797,0,0,0,0,0,0,0,0,0,0,0,0,0,0,0,0,1,0,0,0,0,0,0,0,0
2013-07-10 12:45:00+00:00,60,7,12,368.30487060546875,0.0,0,0,0,0,0,0,0,0,0,0,0,0,0,0,0,0,0,1,1,1,1,1,1,1,1
2013-07-10 12:45:00+00:00,60,7,12,115.5691146850586,176.50906372070312,0,0,0,0,0,0,0,0,0,0,1,1,1,1,1,1,1,0,0,0,0,0,0,0,0
2013-07-10 12:45:00+00:00,60,7,12,,24.2407169342041,0,0,0,0,0,0,0,0,0,0,0,0,0,0,0,0,0,0,0,0,1,1,1,1,1
2013-07-10 12:45:00+00:00,60,7,12,299.1854553222656,220.4152374267578,0,0,0,0,0,0,0,0,0,0,0,0,0,0,0,1,1,0,0,0,0,0,0,0,0
2013-07-10 12:45:00+00:00,60,7,12,,185.056396484375,0,0,0,0,0,0,0,0,0,0,0,0,0,0,0,0,0,0,0,0,0,0,0,0,0
2013-07-10 12:45:00+00:00,60,7,12,245.62969970703125,226.21524047851562,0,0,0,0,0,0,0,0,0,0,0,0,0,0,1,1,1,0,0,0,0,0,0,0,0
2013-07-10 12:45:00+00:00,60,7,12,329.5565490722656,58.22328567504883,0,0,0,0,0,0,0,0,0,0,0,0,0,0,0,0,1,0,0,0,0,0,0,0,1
2013-07-10 12:45:00+00:00,60,7,12,,76.19888305664062,0,0,0,0,0,0,0,0,0,0,0,0,0,0,0,0,0,0,0,0,0,0,0,0,0
2013-07-10 12:45:00+00:00,60,7,12,129.5420684814453,6.773594856262207,0,0,0,0,0,0,0,0,0,0,0,1,1,1,1,1,1,1,1,1,1,1,1,1,1
2013-07-10 12:45:00+00:00,60,7,12,286.7695007324219,160.94467163085938,0,0,0,0,0,0,0,0,0,0,0,0,0,0,0,1,1,0,0,0,0,0,0,0,0
2013-07-10 12:45:00+00:00,60,7,12,151.04019165039062,11.340495109558105,0,0,0,0,0,0,0,0,0,0,0,0,1,1,1,1,1,0,1,1,1,1,1,1,1
2013-07-10 12:45:00+00:00,60,7,12,174.4277801513672,25.814292907714844,0,0,0,0,0,0,0,0,0,0,0,0,1,1,1,1,1,0,0,0,0,1,1,1,1
2013-07-10 12:45:00+00:00,60,7,12,55.155574798583984,0.0,0,0,0,0,0,0,0,1,1,1,1,1,1,1,1,1,1,1,1,1,1,1,1,1,1
2013-07-10 12:45:00+00:00,60,7,12,65.2828140258789,22.913183212280273,0,0,0,0,0,0,0,0,1,1,1,1,1,1,1,1,1,0,0,0,1,1,1,1,1
2013-07-10 12:45:00+00:00,60,7,12,395.83990478515625,266.7827453613281,0,0,0,0,0,0,0,0,0,0,0,0,0,0,0,0,0,0,0,0,0,0,0,0,0
2013-07-10 12:45:00+00:00,60,7,12,,,0,0,0,0,0,0,0,0,0,0,0,0,0,0,0,0,0,0,0,0,0,0,0,0,0
2013-07-10 13:00:00+00:00,60,7,13,62.0531120300293,,0,0,0,0,0,0,0,0,1,1,1,1,1,1,1,1,1,0,0,0,0,0,0,0,0
2013-07-10 13:00:00+00:00,60,7,13,406.4217224121094,280.7720642089844,0,0,0,0,0,0,0,0,0,0,0,0,0,0,0,0,0,0,0,0,0,0,0,0,0
2013-07-10 13:00:00+00:00,60,7,13,162.04034423828125,126.44600677490234,0,0,0,0,0,0,0,0,0,0,0,0,1,1,1,1,1,0,0,0,0,0,0,0,0
2013-07-10 13:00:00+00:00,60,7,13,62.15494155883789,18.456640243530273,0,0,0,0,0,0,0,0,1,1,1,1,1,1,1,1,1,0,0,1,1,1,1,1,1
2013-07-10 13:00:00+00:00,60,7,13,143.31813049316406,95.14891815185547,0,0,0,0,0,0,0,0,0,0,0,1,1,1,1,1,1,0,0,0,0,0,0,0,0
2013-07-10 13:00:00+00:00,60,7,13,306.7506103515625,174.61964416503906,0,0,0,0,0,0,0,0,0,0,0,0,0,0,0,0,1,0,0,0,0,0,0,0,0
2013-07-10 13:00:00+00:00,60,7,13,,327.0950012207031,0,0,0,0,0,0,0,0,0,0,0,0,0,0,0,0,0,0,0,0,0,0,0,0,0
2013-07-10 13:00:00+00:00,60,7,13,160.2233428955078,19.448936462402344,0,0,0,0,0,0,0,0,0,0,0,0,1,1,1,1,1,0,0,1,1,1,1,1,1
2013-07-10 13:00:00+00:00,60,7,13,,358.8229675292969,0,0,0,0,0,0,0,0,0,0,0,0,0,0,0,0,0,0,0,0,0,0,0,0,0
2013-07-10 13:00:00+00:00,60,7,13,,297.3825988769531,0,0,0,0,0,0,0,0,0,0,0,0,0,0,0,0,0,0,0,0,0,0,0,0,0
2013-07-10 13:00:00+00:00,60,7,13,248.53482055664062,50.021324157714844,0,0,0,0,0,0,0,0,0,0,0,0,0,0,1,1,1,0,0,0,0,0,0,0,1
2013-07-10 13:00:00+00:00,60,7,13,154.75608825683594,322.3786926269531,0,0,0,0,0,0,0,0,0,0,0,0,1,1,1,1,1,0,0,0,0,0,0,0,0
2013-07-10 13:00:00+00:00,60,7,13,,7.118844985961914,0,0,0,0,0,0,0,0,0,0,0,0,0,0,0,0,0,1,1,1,1,1,1,1,1
2013-07-10 13:00:00+00:00,60,7,13,70.49227905273438,55.405479431152344,0,0,0,0,0,0,0,0,1,1,1,1,1,1,1,1,1,0,0,0,0,0,0,0,1
2013-07-10 13:00:00+00:00,60,7,13,120.97976684570312,0.0,0,0,0,0,0,0,0,0,0,0,0,1,1,1,1,1,1,1,1,1,1,1,1,1,1
2013-07-10 13:00:00+00:00,60,7,13,318.72021484375,16.265613555908203,0,0,0,0,0,0,0,0,0,0,0,0,0,0,0,0,1,0,0,1,1,1,1,1,1
2013-07-10 13:00:00+00:00,60,7,13,,348.23046875,0,0,0,0,0,0,0,0,0,0,0,0,0,0,0,0,0,0,0,0,0,0,0,0,0
2013-07-10 13:00:00+00:00,60,7,13,309.55511474609375,22.01909828186035,0,0,0,0,0,0,0,0,0,0,0,0,0,0,0,0,1,0,0,0,1,1,1,1,1
2013-07-10 13:00:00+00:00,60,7,13,169.1762237548828,57.179290771484375,0,0,0,0,0,0,0,0,0,0,0,0,1,1,1,1,1,0,0,0,0,0,0,0,1
2013-07-10 13:00:00+00:00,60,7,13,71.72750854492188,0.0,0,0,0,0,0,0,0,0,1,1,1,1,1,1,1,1,1,1,1,1,1,1,1,1,1
2013-07-10 13:00:00+00:00,60,7,13,78.15550994873047,30.04591178894043,0,0,0,0,0,0,0,0,1,1,1,1,1,1,1,1,1,0,0,0,0,0,1,1,1
2013-07-10 13:00:00+00:00,60,7,13,73.13716125488281,7.062463760375977,0,0,0,0,0,0,0,0,1,1,1,1,1,1,1,1,1,1,1,1,1,1,1,1,1
2013-07-10 13:00:00+00:00,60,7,13,377.08148193359375,255.2590789794922,0,0,0,0,0,0,0,0,0,0,0,0,0,0,0,0,0,0,0,0,0,0,0,0,0
2013-07-10 13:00:00+00:00,60,7,13,81.35478210449219,0.0,0,0,0,0,0,0,0,0,0,1,1,1,1,1,1,1,1,1,1,1,1,1,1,1,1
2013-07-10 13:15:00+00:00,60,7,13,,497.6932067871094,0,0,0,0,0,0,0,0,0,0,0,0,0,0,0,0,0,0,0,0,0,0,0,0,0
2013-07-10 13:15:00+00:00,60,7,13,,,0,0,0,0,0,0,0,0,0,0,0,0,0,0,0,0,0,0,0,0,0,0,0,0,0
2013-07-10 13:15:00+00:00,60,7,13,,,0,0,0,0,0,0,0,0,0,0,0,0,0,0,0,0,0,0,0,0,0,0,0,0,0
2013-07-10 13:15:00+00:00,60,7,13,219.76416015625,313.4898376464844,0,0,0,0,0,0,0,0,0,0,0,0,0,0,1,1,1,0,0,0,0,0,0,0,0
2013-07-10 13:15:00+00:00,60,7,13,233.44613647460938,365.15936279296875,0,0,0,0,0,0,0,0,0,0,0,0,0,0,1,1,1,0,0,0,0,0,0,0,0
2013-07-10 13:15:00+00:00,60,7,13,,,0,0,0,0,0,0,0,0,0,0,0,0,0,0,0,0,0,0,0,0,0,0,0,0,0
2013-07-10 13:15:00+00:00,60,7,13,210.3276824951172,380.5216064453125,0,0,0,0,0,0,0,0,0,0,0,0,0,0,1,1,1,0,0,0,0,0,0,0,0
2013-07-10 13:15:00+00:00,60,7,13,292.0989990234375,293.45819091796875,0,0,0,0,0,0,0,0,0,0,0,0,0,0,0,1,1,0,0,0,0,0,0,0,0
2013-07-10 13:15:00+00:00,60,7,13,249.9578094482422,248.5853271484375,0,0,0,0,0,0,0,0,0,0,0,0,0,0,1,1,1,0,0,0,0,0,0,0,0
2013-07-10 13:15:00+00:00,60,7,13,180.76666259765625,178.9624786376953,0,0,0,0,0,0,0,0,0,0,0,0,0,1,1,1,1,0,0,0,0,0,0,0,0
2013-07-10 13:15:00+00:00,60,7,13,96.09770202636719,77.39017486572266,0,0,0,0,0,0,0,0,0,1,1,1,1,1,1,1,1,0,0,0,0,0,0,0,0
2013-07-10 13:15:00+00:00,60,7,13,,249.6951904296875,0,0,0,0,0,0,0,0,0,0,0,0,0,0,0,0,0,0,0,0,0,0,0,0,0
2013-07-10 13:15:00+00:00,60,7,13,,121.84066009521484,0,0,0,0,0,0,0,0,0,0,0,0,0,0,0,0,0,0,0,0,0,0,0,0,0
2013-07-10 13:15:00+00:00,60,7,13,314.138671875,121.21622467041016,0,0,0,0,0,0,0,0,0,0,0,0,0,0,0,0,1,0,0,0,0,0,0,0,0
2013-07-10 13:15:00+00:00,60,7,13,,379.860107421875,0,0,0,0,0,0,0,0,0,0,0,0,0,0,0,0,0,0,0,0,0,0,0,0,0
2013-07-10 13:15:00+00:00,60,7,13,,18.353281021118164,0,0,0,0,0,0,0,0,0,0,0,0,0,0,0,0,0,0,0,1,1,1,1,1,1
2013-07-10 13:15:00+00:00,60,7,13,,265.8522644042969,0,0,0,0,0,0,0,0,0,0,0,0,0,0,0,0,0,0,0,0,0,0,0,0,0
2013-07-10 13:15:00+00:00,60,7,13,116.2706527709961,106.2391357421875,0,0,0,0,0,0,0,0,0,0,1,1,1,1,1,1,1,0,0,0,0,0,0,0,0
2013-07-10 13:15:00+00:00,60,7,13,222.6132049560547,130.5882568359375,0,0,0,0,0,0,0,0,0,0,0,0,0,0,1,1,1,0,0,0,0,0,0,0,0
2013-07-10 13:15:00+00:00,60,7,13,86.26892852783203,0.0,0,0,0,0,0,0,0,0,0,1,1,1,1,1,1,1,1,1,1,1,1,1,1,1,1
2013-07-10 13:15:00+00:00,60,7,13,121.87604522705078,266.51727294921875,0,0,0,0,0,0,0,0,0,0,0,1,1,1,1,1,1,0,0,0,0,0,0,0,0
2013-07-10 13:15:00+00:00,60,7,13,91.9429702758789,60.00692367553711,0,0,0,0,0,0,0,0,0,1,1,1,1,1,1,1,1,0,0,0,0,0,0,0,0
2013-07-10 13:15:00+00:00,60,7,13,267.14215087890625,284.81317138671875,0,0,0,0,0,0,0,0,0,0,0,0,0,0,0,1,1,0,0,0,0,0,0,0,0
2013-07-10 13:15:00+00:00,60,7,13,99.74756622314453,13.344256401062012,0,0,0,0,0,0,0,0,0,1,1,1,1,1,1,1,1,0,1,1,1,1,1,1,1
2013-07-10 13:15:00+00:00,60,7,13,61.58761215209961,25.999496459960938,0,0,0,0,0,0,0,0,1,1,1,1,1,1,1,1,1,0,0,0,0,1,1,1,1
2013-07-10 13:15:00+00:00,60,7,13,111.66094970703125,12.683015823364258,0,0,0,0,0,0,0,0,0,0,1,1,1,1,1,1,1,0,1,1,1,1,1,1,1
2013-07-10 13:15:00+00:00,60,7,13,79.8752212524414,0.0,0,0,0,0,0,0,0,0,1,1,1,1,1,1,1,1,1,1,1,1,1,1,1,1,1
2013-07-10 13:15:00+00:00,60,7,13,217.2905731201172,189.0260467529297,0,0,0,0,0,0,0,0,0,0,0,0,0,0,1,1,1,0,0,0,0,0,0,0,0
2013-07-10 13:15:00+00:00,60,7,13,89.47056579589844,38.23719024658203,0,0,0,0,0,0,0,0,0,1,1,1,1,1,1,1,1,0,0,0,0,0,1,1,1
2013-07-10 13:15:00+00:00,60,7,13,79.98063659667969,7.056290149688721,0,0,0,0,0,0,0,0,1,1,1,1,1,1,1,1,1,1,1,1,1,1,1,1,1
2013-07-10 13:30:00+00:00,60,7,13,442.39306640625,302.3697509765625,0,0,0,0,0,0,0,0,0,0,0,0,0,0,0,0,0,0,0,0,0,0,0,0,0
2013-07-10 13:30:00+00:00,60,7,13,,409.848388671875,0,0,0,0,0,0,0,0,0,0,0,0,0,0,0,0,0,0,0,0,0,0,0,0,0
2013-07-10 13:30:00+00:00,60,7,13,97.95999908447266,96.41358947753906,0,0,0,0,0,0,0,0,0,1,1,1,1,1,1,1,1,0,0,0,0,0,0,0,0
2013-07-10 13:30:00+00:00,60,7,13,,,0,0,0,0,0,0,0,0,0,0,0,0,0,0,0,0,0,0,0,0,0,0,0,0,0
2013-07-10 13:30:00+00:00,60,7,13,292.7268371582031,284.2424621582031,0,0,0,0,0,0,0,0,0,0,0,0,0,0,0,1,1,0,0,0,0,0,0,0,0
2013-07-10 13:30:00+00:00,60,7,13,66.63201141357422,75.3991470336914,0,0,0,0,0,0,0,0,1,1,1,1,1,1,1,1,1,0,0,0,0,0,0,0,0
2013-07-10 13:30:00+00:00,60,7,13,,208.99142456054688,0,0,0,0,0,0,0,0,0,0,0,0,0,0,0,0,0,0,0,0,0,0,0,0,0
2013-07-10 13:30:00+00:00,60,7,13,138.4897003173828,119.0118637084961,0,0,0,0,0,0,0,0,0,0,0,1,1,1,1,1,1,0,0,0,0,0,0,0,0
2013-07-10 13:30:00+00:00,60,7,13,205.0377655029297,9.513528823852539,0,0,0,0,0,0,0,0,0,0,0,0,0,0,1,1,1,1,1,1,1,1,1,1,1
2013-07-10 13:30:00+00:00,60,7,13,118.04911041259766,123.45476531982422,0,0,0,0,0,0,0,0,0,0,1,1,1,1,1,1,1,0,0,0,0,0,0,0,0
2013-07-10 13:30:00+00:00,60,7,13,,34.49680709838867,0,0,0,0,0,0,0,0,0,0,0,0,0,0,0,0,0,0,0,0,0,0,1,1,1
2013-07-10 13:30:00+00:00,60,7,13,184.69125366210938,102.52706146240234,0,0,0,0,0,0,0,0,0,0,0,0,0,1,1,1,1,0,0,0,0,0,0,0,0
2013-07-10 13:30:00+00:00,60,7,13,133.12696838378906,25.947336196899414,0,0,0,0,0,0,0,0,0,0,0,1,1,1,1,1,1,0,0,0,0,1,1,1,1
2013-07-10 13:30:00+00:00,60,7,13,106.97853088378906,75.09867095947266,0,0,0,0,0,0,0,0,0,0,1,1,1,1,1,1,1,0,0,0,0,0,0,0,0
2013-07-10 13:30:00+00:00,60,7,13,441.4927978515625,281.8732604980469,0,0,0,0,0,0,0,0,0,0,0,0,0,0,0,0,0,0,0,0,0,0,0,0,0
2013-07-10 13:30:00+00:00,60,7,13,389.4336242675781,256.53778076171875,0,0,0,0,0,0,0,0,0,0,0,0,0,0,0,0,0,0,0,0,0,0,0,0,0
2013-07-10 13:30:00+00:00,60,7,13,58.21342849731445,22.4787540435791,0,0,0,0,0,0,0,1,1,1,1,1,1,1,1,1,1,0,0,0,1,1,1,1,1
2013-07-10 13:30:00+00:00,60,7,13,96.16140747070312,45.58141326904297,0,0,0,0,0,0,0,0,0,1,1,1,1,1,1,1,1,0,0,0,0,0,0,1,1
2013-07-10 13:30:00+00:00,60,7,13,80.04292297363281,17.683876037597656,0,0,0,0,0,0,0,0,0,1,1,1,1,1,1,1,1,0,0,1,1,1,1,1,1
2013-07-10 13:30:00+00:00,60,7,13,233.15902709960938,185.4665069580078,0,0,0,0,0,0,0,0,0,0,0,0,0,0,1,1,1,0,0,0,0,0,0,0,0
2013-07-10 13:30:00+00:00,60,7,13,158.432373046875,95.51195526123047,0,0,0,0,0,0,0,0,0,0,0,0,1,1,1,1,1,0,0,0,0,0,0,0,0
2013-07-10 13:30:00+00:00,60,7,13,190.64114379882812,127.99888610839844,0,0,0,0,0,0,0,0,0,0,0,0,0,1,1,1,1,0,0,0,0,0,0,0,0
2013-07-10 13:30:00+00:00,60,7,13,105.18986511230469,47.78871536254883,0,0,0,0,0,0,0,0,0,0,1,1,1,1,1,1,1,0,0,0,0,0,0,1,1
2013-07-10 13:30:00+00:00,60,7,13,92.08760070800781,19.376319885253906,0,0,0,0,0,0,0,0,0,1,1,1,1,1,1,1,1,0,0,1,1,1,1,1,1
2013-07-10 13:30:00+00:00,60,7,13,242.8211669921875,180.2007598876953,0,0,0,0,0,0,0,0,0,0,0,0,0,0,1,1,1,0,0,0,0,0,0,0,0
2013-07-10 13:30:00+00:00,60,7,13,232.51092529296875,169.75645446777344,0,0,0,0,0,0,0,0,0,0,0,0,0,0,1,1,1,0,0,0,0,0,0,0,0
2013-07-10 13:30:00+00:00,60,7,13,76.7297592163086,0.0,0,0,0,0,0,0,0,0,1,1,1,1,1,1,1,1,1,1,1,1,1,1,1,1,1
2013-07-10 13:30:00+00:00,60,7,13,109.9981460571289,8.31702995300293,0,0,0,0,0,0,0,0,0,0,1,1,1,1,1,1,1,1,1,1,1,1,1,1,1
2013-07-10 13:30:00+00:00,60,7,13,57.21712875366211,10.173843383789062,0,0,0,0,0,0,0,1,1,1,1,1,1,1,1,1,1,0,1,1,1,1,1,1,1
2013-07-10 13:30:00+00:00,60,7,13,243.70375061035156,233.5248565673828,0,0,0,0,0,0,0,0,0,0,0,0,0,0,1,1,1,0,0,0,0,0,0,0,0
2013-07-10 13:45:00+00:00,60,7,13,,,0,0,0,0,0,0,0,0,0,0,0,0,0,0,0,0,0,0,0,0,0,0,0,0,0
2013-07-10 13:45:00+00:00,60,7,13,234.24705505371094,68.59319305419922,0,0,0,0,0,0,0,0,0,0,0,0,0,0,1,1,1,0,0,0,0,0,0,0,0
2013-07-10 13:45:00+00:00,60,7,13,186.16326904296875,59.85703659057617,0,0,0,0,0,0,0,0,0,0,0,0,0,1,1,1,1,0,0,0,0,0,0,0,1
2013-07-10 13:45:00+00:00,60,7,13,158.437255859375,33.215423583984375,0,0,0,0,0,0,0,0,0,0,0,0,1,1,1,1,1,0,0,0,0,0,1,1,1
2013-07-10 13:45:00+00:00,60,7,13,,,0,0,0,0,0,0,0,0,0,0,0,0,0,0,0,0,0,0,0,0,0,0,0,0,0
2013-07-10 13:45:00+00:00,60,7,13,36.90973663330078,23.1173038482666,0,0,0,0,0,1,1,1,1,1,1,1,1,1,1,1,1,0,0,0,1,1,1,1,1
2013-07-10 13:45:00+00:00,60,7,13,95.01095581054688,52.2353401184082,0,0,0,0,0,0,0,0,0,1,1,1,1,1,1,1,1,0,0,0,0,0,0,0,1
2013-07-10 13:45:00+00:00,60,7,13,203.23916625976562,329.9658508300781,0,0,0,0,0,0,0,0,0,0,0,0,0,0,1,1,1,0,0,0,0,0,0,0,0
2013-07-10 13:45:00+00:00,60,7,13,247.513916015625,207.70790100097656,0,0,0,0,0,0,0,0,0,0,0,0,0,0,1,1,1,0,0,0,0,0,0,0,0
2013-07-10 13:45:00+00:00,60,7,13,122.01770782470703,56.92255783081055,0,0,0,0,0,0,0,0,0,0,0,1,1,1,1,1,1,0,0,0,0,0,0,0,1
2013-07-10 13:45:00+00:00,60,7,13,192.67970275878906,172.4282684326172,0,0,0,0,0,0,0,0,0,0,0,0,0,1,1,1,1,0,0,0,0,0,0,0,0
2013-07-10 13:45:00+00:00,60,7,13,175.63540649414062,194.8178253173828,0,0,0,0,0,0,0,0,0,0,0,0,1,1,1,1,1,0,0,0,0,0,0,0,0
2013-07-10 13:45:00+00:00,60,7,13,81.6549301147461,18.14154815673828,0,0,0,0,0,0,0,0,0,1,1,1,1,1,1,1,1,0,0,1,1,1,1,1,1
2013-07-10 13:45:00+00:00,60,7,13,274.8167419433594,155.7367401123047,0,0,0,0,0,0,0,0,0,0,0,0,0,0,0,1,1,0,0,0,0,0,0,0,0
2013-07-10 13:45:00+00:00,60,7,13,140.4734649658203,203.3989715576172,0,0,0,0,0,0,0,0,0,0,0,1,1,1,1,1,1,0,0,0,0,0,0,0,0
2013-07-10 13:45:00+00:00,60,7,13,89.68692779541016,23.808090209960938,0,0,0,0,0,0,0,0,0,1,1,1,1,1,1,1,1,0,0,0,1,1,1,1,1
2013-07-10 13:45:00+00:00,60,7,13,367.3143615722656,,0,0,0,0,0,0,0,0,0,0,0,0,0,0,0,0,0,0,0,0,0,0,0,0,0
2013-07-10 13:45:00+00:00,60,7,13,87.96516418457031,104.28128814697266,0,0,0,0,0,0,0,0,0,1,1,1,1,1,1,1,1,0,0,0,0,0,0,0,0
2013-07-10 13:45:00+00:00,60,7,13,259.696533203125,,0,0,0,0,0,0,0,0,0,0,0,0,0,0,0,1,1,0,0,0,0,0,0,0,0
2013-07-10 13:45:00+00:00,60,7,13,259.446533203125,250.99391174316406,0,0,0,0,0,0,0,0,0,0,0,0,0,0,0,1,1,0,0,0,0,0,0,0,0
2013-07-10 13:45:00+00:00,60,7,13,153.71363830566406,172.32321166992188,0,0,0,0,0,0,0,0,0,0,0,0,1,1,1,1,1,0,0,0,0,0,0,0,0
2013-07-10 13:45:00+00:00,60,7,13,114.53337097167969,35.644805908203125,0,0,0,0,0,0,0,0,0,0,1,1,1,1,1,1,1,0,0,0,0,0,1,1,1
2013-07-10 13:45:00+00:00,60,7,13,89.45594024658203,84.19425964355469,0,0,0,0,0,0,0,0,0,1,1,1,1,1,1,1,1,0,0,0,0,0,0,0,0
2013-07-10 13:45:00+00:00,60,7,13,113.11880493164062,4.501279830932617,0,0,0,0,0,0,0,0,0,0,1,1,1,1,1,1,1,1,1,1,1,1,1,1,1
2013-07-10 13:45:00+00:00,60,7,13,156.84217834472656,101.16045379638672,0,0,0,0,0,0,0,0,0,0,0,0,1,1,1,1,1,0,0,0,0,0,0,0,0
2013-07-10 13:45:00+00:00,60,7,13,102.52261352539062,66.48818969726562,0,0,0,0,0,0,0,0,0,0,1,1,1,1,1,1,1,0,0,0,0,0,0,0,0
2013-07-10 13:45:00+00:00,60,7,13,69.09723663330078,42.477718353271484,0,0,0,0,0,0,0,0,1,1,1,1,1,1,1,1,1,0,0,0,0,0,0,1,1
2013-07-10 13:45:00+00:00,60,7,13,391.05792236328125,187.09548950195312,0,0,0,0,0,0,0,0,0,0,0,0,0,0,0,0,0,0,0,0,0,0,0,0,0
2013-07-10 13:45:00+00:00,60,7,13,292.81732177734375,68.27583312988281,0,0,0,0,0,0,0,0,0,0,0,0,0,0,0,1,1,0,0,0,0,0,0,0,0
2013-07-10 13:45:00+00:00,60,7,13,104.39994049072266,46.25056457519531,0,0,0,0,0,0,0,0,0,0,1,1,1,1,1,1,1,0,0,0,0,0,0,1,1
2013-07-10 13:45:00+00:00,60,7,13,135.77127075195312,16.498682022094727,0,0,0,0,0,0,0,0,0,0,0,1,1,1,1,1,1,0,0,1,1,1,1,1,1
2013-07-10 13:45:00+00:00,60,7,13,227.82879638671875,107.35089111328125,0,0,0,0,0,0,0,0,0,0,0,0,0,0,1,1,1,0,0,0,0,0,0,0,0
2013-07-10 13:45:00+00:00,60,7,13,147.6298065185547,87.16118621826172,0,0,0,0,0,0,0,0,0,0,0,1,1,1,1,1,1,0,0,0,0,0,0,0,0
2013-07-10 13:45:00+00:00,60,7,13,116.59668731689453,58.32097244262695,0,0,0,0,0,0,0,0,0,0,1,1,1,1,1,1,1,0,0,0,0,0,0,0,1
2013-07-10 13:45:00+00:00,60,7,13,79.03705596923828,18.467742919921875,0,0,0,0,0,0,0,0,1,1,1,1,1,1,1,1,1,0,0,1,1,1,1,1,1
2013-07-10 14:00:00+00:00,60,7,14,,,0,0,0,0,0,0,0,0,0,0,0,0,0,0,0,0,0,0,0,0,0,0,0,0,0
2013-07-10 14:00:00+00:00,60,7,14,,319.65765380859375,0,0,0,0,0,0,0,0,0,0,0,0,0,0,0,0,0,0,0,0,0,0,0,0,0
2013-07-10 14:00:00+00:00,60,7,14,,,0,0,0,0,0,0,0,0,0,0,0,0,0,0,0,0,0,0,0,0,0,0,0,0,0
2013-07-10 14:00:00+00:00,60,7,14,106.26586151123047,56.85902404785156,0,0,0,0,0,0,0,0,0,0,1,1,1,1,1,1,1,0,0,0,0,0,0,0,1
2013-07-10 14:00:00+00:00,60,7,14,74.50074768066406,4.642684459686279,0,0,0,0,0,0,0,0,1,1,1,1,1,1,1,1,1,1,1,1,1,1,1,1,1
2013-07-10 14:00:00+00:00,60,7,14,77.4892578125,44.252174377441406,0,0,0,0,0,0,0,0,1,1,1,1,1,1,1,1,1,0,0,0,0,0,0,1,1
2013-07-10 14:00:00+00:00,60,7,14,162.77886962890625,102.84708404541016,0,0,0,0,0,0,0,0,0,0,0,0,1,1,1,1,1,0,0,0,0,0,0,0,0
2013-07-10 14:00:00+00:00,60,7,14,420.2696838378906,103.33466339111328,0,0,0,0,0,0,0,0,0,0,0,0,0,0,0,0,0,0,0,0,0,0,0,0,0
2013-07-10 14:00:00+00:00,60,7,14,219.80844116210938,120.67251586914062,0,0,0,0,0,0,0,0,0,0,0,0,0,0,1,1,1,0,0,0,0,0,0,0,0
2013-07-10 14:00:00+00:00,60,7,14,264.7205505371094,96.25518035888672,0,0,0,0,0,0,0,0,0,0,0,0,0,0,0,1,1,0,0,0,0,0,0,0,0
2013-07-10 14:00:00+00:00,60,7,14,340.7334899902344,0.0,0,0,0,0,0,0,0,0,0,0,0,0,0,0,0,0,1,1,1,1,1,1,1,1,1
2013-07-10 14:00:00+00:00,60,7,14,158.2504119873047,202.2733917236328,0,0,0,0,0,0,0,0,0,0,0,0,1,1,1,1,1,0,0,0,0,0,0,0,0
2013-07-10 14:00:00+00:00,60,7,14,128.01168823242188,177.00927734375,0,0,0,0,0,0,0,0,0,0,0,1,1,1,1,1,1,0,0,0,0,0,0,0,0
2013-07-10 14:00:00+00:00,60,7,14,50.2325325012207,0.0,0,0,0,0,0,0,0,1,1,1,1,1,1,1,1,1,1,1,1,1,1,1,1,1,1
2013-07-10 14:00:00+00:00,60,7,14,110.84270477294922,55.4487419128418,0,0,0,0,0,0,0,0,0,0,1,1,1,1,1,1,1,0,0,0,0,0,0,0,1
2013-07-10 14:00:00+00:00,60,7,14,79.02435302734375,44.851016998291016,0,0,0,0,0,0,0,0,1,1,1,1,1,1,1,1,1,0,0,0,0,0,0,1,1
2013-07-10 14:00:00+00:00,60,7,14,108.64134216308594,97.98748779296875,0,0,0,0,0,0,0,0,0,0,1,1,1,1,1,1,1,0,0,0,0,0,0,0,0
2013-07-10 14:00:00+00:00,60,7,14,274.2696838378906,19.95989227294922,0,0,0,0,0,0,0,0,0,0,0,0,0,0,0,1,1,0,0,1,1,1,1,1,1
2013-07-10 14:00:00+00:00,60,7,14,183.52716064453125,126.5671615600586,0,0,0,0,0,0,0,0,0,0,0,0,0,1,1,1,1,0,0,0,0,0,0,0,0
2013-07-10 14:00:00+00:00,60,7,14,111.42274475097656,19.269371032714844,0,0,0,0,0,0,0,0,0,0,1,1,1,1,1,1,1,0,0,1,1,1,1,1,1
2013-07-10 14:00:00+00:00,60,7,14,166.27963256835938,99.06380462646484,0,0,0,0,0,0,0,0,0,0,0,0,1,1,1,1,1,0,0,0,0,0,0,0,0
2013-07-10 14:00:00+00:00,60,7,14,326.0699157714844,199.45115661621094,0,0,0,0,0,0,0,0,0,0,0,0,0,0,0,0,1,0,0,0,0,0,0,0,0
2013-07-10 14:00:00+00:00,60,7,14,220.3857421875,48.35618591308594,0,0,0,0,0,0,0,0,0,0,0,0,0,0,1,1,1,0,0,0,0,0,0,1,1
2013-07-10 14:00:00+00:00,60,7,14,307.8923034667969,136.3267364501953,0,0,0,0,0,0,0,0,0,0,0,0,0,0,0,0,1,0,0,0,0,0,0,0,0
2013-07-10 14:00:00+00:00,60,7,14,319.9549865722656,223.4303436279297,0,0,0,0,0,0,0,0,0,0,0,0,0,0,0,0,1,0,0,0,0,0,0,0,0
2013-07-10 14:00:00+00:00,60,7,14,116.74154663085938,49.64826202392578,0,0,0,0,0,0,0,0,0,0,1,1,1,1,1,1,1,0,0,0,0,0,0,1,1
2013-07-10 14:00:00+00:00,60,7,14,172.50486755371094,145.54345703125,0,0,0,0,0,0,0,0,0,0,0,0,1,1,1,1,1,0,0,0,0,0,0,0,0
2013-07-10 14:00:00+00:00,60,7,14,131.45372009277344,79.13947296142578,0,0,0,0,0,0,0,0,0,0,0,1,1,1,1,1,1,0,0,0,0,0,0,0,0
2013-07-10 14:00:00+00:00,60,7,14,150.5919647216797,100.72770690917969,0,0,0,0,0,0,0,0,0,0,0,0,1,1,1,1,1,0,0,0,0,0,0,0,0
2013-07-10 14:00:00+00:00,60,7,14,164.85787963867188,105.85224151611328,0,0,0,0,0,0,0,0,0,0,0,0,1,1,1,1,1,0,0,0,0,0,0,0,0
2013-07-10 14:00:00+00:00,60,7,14,98.8144760131836,30.783462524414062,0,0,0,0,0,0,0,0,0,1,1,1,1,1,1,1,1,0,0,0,0,0,1,1,1
2013-07-10 14:00:00+00:00,60,7,14,140.13568115234375,69.5909423828125,0,0,0,0,0,0,0,0,0,0,0,1,1,1,1,1,1,0,0,0,0,0,0,0,0
2013-07-10 14:15:00+00:00,60,7,14,,,0,0,0,0,0,0,0,0,0,0,0,0,0,0,0,0,0,0,0,0,0,0,0,0,0
2013-07-10 14:15:00+00:00,60,7,14,,,0,0,0,0,0,0,0,0,0,0,0,0,0,0,0,0,0,0,0,0,0,0,0,0,0
2013-07-10 14:15:00+00:00,60,7,14,276.00079345703125,115.01629638671875,0,0,0,0,0,0,0,0,0,0,0,0,0,0,0,1,1,0,0,0,0,0,0,0,0
2013-07-10 14:15:00+00:00,60,7,14,401.0547790527344,449.717041015625,0,0,0,0,0,0,0,0,0,0,0,0,0,0,0,0,0,0,0,0,0,0,0,0,0
2013-07-10 14:15:00+00:00,60,7,14,30.731979370117188,0.0,0,0,0,0,0,1,1,1,1,1,1,1,1,1,1,1,1,1,1,1,1,1,1,1,1
2013-07-10 14:15:00+00:00,60,7,14,73.12559509277344,60.93751907348633,0,0,0,0,0,0,0,0,1,1,1,1,1,1,1,1,1,0,0,0,0,0,0,0,0
2013-07-10 14:15:00+00:00,60,7,14,312.6931457519531,310.3141174316406,0,0,0,0,0,0,0,0,0,0,0,0,0,0,0,0,1,0,0,0,0,0,0,0,0
2013-07-10 14:15:00+00:00,60,7,14,366.4117736816406,331.5721130371094,0,0,0,0,0,0,0,0,0,0,0,0,0,0,0,0,0,0,0,0,0,0,0,0,0
2013-07-10 14:15:00+00:00,60,7,14,278.76788330078125,230.81594848632812,0,0,0,0,0,0,0,0,0,0,0,0,0,0,0,1,1,0,0,0,0,0,0,0,0
2013-07-10 14:15:00+00:00,60,7,14,188.13995361328125,189.35916137695312,0,0,0,0,0,0,0,0,0,0,0,0,0,1,1,1,1,0,0,0,0,0,0,0,0
2013-07-10 14:15:00+00:00,60,7,14,208.5107879638672,175.34317016601562,0,0,0,0,0,0,0,0,0,0,0,0,0,0,1,1,1,0,0,0,0,0,0,0,0
2013-07-10 14:15:00+00:00,60,7,14,106.78942108154297,241.21836853027344,0,0,0,0,0,0,0,0,0,0,1,1,1,1,1,1,1,0,0,0,0,0,0,0,0
2013-07-10 14:15:00+00:00,60,7,14,131.47914123535156,131.94801330566406,0,0,0,0,0,0,0,0,0,0,0,1,1,1,1,1,1,0,0,0,0,0,0,0,0
2013-07-10 14:15:00+00:00,60,7,14,131.73362731933594,174.4954071044922,0,0,0,0,0,0,0,0,0,0,0,1,1,1,1,1,1,0,0,0,0,0,0,0,0
2013-07-10 14:15:00+00:00,60,7,14,102.4720230102539,108.01033020019531,0,0,0,0,0,0,0,0,0,0,1,1,1,1,1,1,1,0,0,0,0,0,0,0,0
2013-07-10 14:15:00+00:00,60,7,14,350.43975830078125,121.69477081298828,0,0,0,0,0,0,0,0,0,0,0,0,0,0,0,0,0,0,0,0,0,0,0,0,0
2013-07-10 14:15:00+00:00,60,7,14,72.13843536376953,50.662742614746094,0,0,0,0,0,0,0,0,1,1,1,1,1,1,1,1,1,0,0,0,0,0,0,0,1
2013-07-10 14:15:00+00:00,60,7,14,143.66029357910156,94.66477966308594,0,0,0,0,0,0,0,0,0,0,0,1,1,1,1,1,1,0,0,0,0,0,0,0,0
2013-07-10 14:15:00+00:00,60,7,14,99.4442367553711,50.77405548095703,0,0,0,0,0,0,0,0,0,1,1,1,1,1,1,1,1,0,0,0,0,0,0,0,1
2013-07-10 14:15:00+00:00,60,7,14,43.70650863647461,37.78400421142578,0,0,0,0,0,0,1,1,1,1,1,1,1,1,1,1,1,0,0,0,0,0,1,1,1
2013-07-10 14:15:00+00:00,60,7,14,76.03277587890625,0.0,0,0,0,0,0,0,0,0,1,1,1,1,1,1,1,1,1,1,1,1,1,1,1,1,1
2013-07-10 14:15:00+00:00,60,7,14,175.28775024414062,76.61463928222656,0,0,0,0,0,0,0,0,0,0,0,0,1,1,1,1,1,0,0,0,0,0,0,0,0
2013-07-10 14:15:00+00:00,60,7,14,84.4793701171875,83.75999450683594,0,0,0,0,0,0,0,0,0,1,1,1,1,1,1,1,1,0,0,0,0,0,0,0,0
2013-07-10 14:15:00+00:00,60,7,14,90.0661849975586,57.44147872924805,0,0,0,0,0,0,0,0,0,1,1,1,1,1,1,1,1,0,0,0,0,0,0,0,1
2013-07-10 14:15:00+00:00,60,7,14,247.20523071289062,122.91470336914062,0,0,0,0,0,0,0,0,0,0,0,0,0,0,1,1,1,0,0,0,0,0,0,0,0
2013-07-10 14:15:00+00:00,60,7,14,209.7672576904297,0.0,0,0,0,0,0,0,0,0,0,0,0,0,0,0,1,1,1,1,1,1,1,1,1,1,1
2013-07-10 14:15:00+00:00,60,7,14,160.45045471191406,117.86690521240234,0,0,0,0,0,0,0,0,0,0,0,0,1,1,1,1,1,0,0,0,0,0,0,0,0
2013-07-10 14:15:00+00:00,60,7,14,163.0999755859375,102.3778076171875,0,0,0,0,0,0,0,0,0,0,0,0,1,1,1,1,1,0,0,0,0,0,0,0,0
2013-07-10 14:15:00+00:00,60,7,14,254.7265167236328,134.13693237304688,0,0,0,0,0,0,0,0,0,0,0,0,0,0,0,1,1,0,0,0,0,0,0,0,0
2013-07-10 14:15:00+00:00,60,7,14,361.5586853027344,119.54804229736328,0,0,0,0,0,0,0,0,0,0,0,0,0,0,0,0,0,0,0,0,0,0,0,0,0
2013-07-10 14:30:00+00:00,60,7,14,,,0,0,0,0,0,0,0,0,0,0,0,0,0,0,0,0,0,0,0,0,0,0,0,0,0
2013-07-10 14:30:00+00:00,60,7,14,386.656982421875,52.027099609375,0,0,0,0,0,0,0,0,0,0,0,0,0,0,0,0,0,0,0,0,0,0,0,0,1
2013-07-10 14:30:00+00:00,60,7,14,384.64691162109375,48.40303039550781,0,0,0,0,0,0,0,0,0,0,0,0,0,0,0,0,0,0,0,0,0,0,0,1,1
2013-07-10 14:30:00+00:00,60,7,14,350.25860595703125,11.11536693572998,0,0,0,0,0,0,0,0,0,0,0,0,0,0,0,0,0,0,1,1,1,1,1,1,1
2013-07-10 14:30:00+00:00,60,7,14,247.81040954589844,321.3309631347656,0,0,0,0,0,0,0,0,0,0,0,0,0,0,1,1,1,0,0,0,0,0,0,0,0
2013-07-10 14:30:00+00:00,60,7,14,99.0956802368164,110.70128631591797,0,0,0,0,0,0,0,0,0,1,1,1,1,1,1,1,1,0,0,0,0,0,0,0,0
2013-07-10 14:30:00+00:00,60,7,14,261.8114318847656,218.07017517089844,0,0,0,0,0,0,0,0,0,0,0,0,0,0,0,1,1,0,0,0,0,0,0,0,0
2013-07-10 14:30:00+00:00,60,7,14,148.89906311035156,124.51612854003906,0,0,0,0,0,0,0,0,0,0,0,1,1,1,1,1,1,0,0,0,0,0,0,0,0
2013-07-10 14:30:00+00:00,60,7,14,44.8049430847168,142.3377685546875,0,0,0,0,0,0,1,1,1,1,1,1,1,1,1,1,1,0,0,0,0,0,0,0,0
2013-07-10 14:30:00+00:00,60,7,14,396.2003479003906,101.41168975830078,0,0,0,0,0,0,0,0,0,0,0,0,0,0,0,0,0,0,0,0,0,0,0,0,0
2013-07-10 14:30:00+00:00,60,7,14,69.2794418334961,51.209720611572266,0,0,0,0,0,0,0,0,1,1,1,1,1,1,1,1,1,0,0,0,0,0,0,0,1
2013-07-10 14:30:00+00:00,60,7,14,148.01895141601562,139.98504638671875,0,0,0,0,0,0,0,0,0,0,0,1,1,1,1,1,1,0,0,0,0,0,0,0,0
2013-07-10 14:30:00+00:00,60,7,14,163.42352294921875,167.4344482421875,0,0,0,0,0,0,0,0,0,0,0,0,1,1,1,1,1,0,0,0,0,0,0,0,0
2013-07-10 14:30:00+00:00,60,7,14,321.74334716796875,338.35302734375,0,0,0,0,0,0,0,0,0,0,0,0,0,0,0,0,1,0,0,0,0,0,0,0,0
2013-07-10 14:30:00+00:00,60,7,14,92.07393646240234,43.07548141479492,0,0,0,0,0,0,0,0,0,1,1,1,1,1,1,1,1,0,0,0,0,0,0,1,1
2013-07-10 14:30:00+00:00,60,7,14,90.96372985839844,24.317590713500977,0,0,0,0,0,0,0,0,0,1,1,1,1,1,1,1,1,0,0,0,1,1,1,1,1
2013-07-10 14:30:00+00:00,60,7,14,94.66494750976562,113.47673034667969,0,0,0,0,0,0,0,0,0,1,1,1,1,1,1,1,1,0,0,0,0,0,0,0,0
2013-07-10 14:30:00+00:00,60,7,14,73.43463897705078,59.302757263183594,0,0,0,0,0,0,0,0,1,1,1,1,1,1,1,1,1,0,0,0,0,0,0,0,1
2013-07-10 14:30:00+00:00,60,7,14,367.2467041015625,250.55625915527344,0,0,0,0,0,0,0,0,0,0,0,0,0,0,0,0,0,0,0,0,0,0,0,0,0
2013-07-10 14:30:00+00:00,60,7,14,143.39810180664062,158.13209533691406,0,0,0,0,0,0,0,0,0,0,0,1,1,1,1,1,1,0,0,0,0,0,0,0,0
2013-07-10 14:45:00+00:00,60,7,14,,,0,0,0,0,0,0,0,0,0,0,0,0,0,0,0,0,0,0,0,0,0,0,0,0,0
2013-07-10 14:45:00+00:00,60,7,14,,307.60540771484375,0,0,0,0,0,0,0,0,0,0,0,0,0,0,0,0,0,0,0,0,0,0,0,0,0
2013-07-10 14:45:00+00:00,60,7,14,408.2418518066406,384.2037658691406,0,0,0,0,0,0,0,0,0,0,0,0,0,0,0,0,0,0,0,0,0,0,0,0,0
2013-07-10 14:45:00+00:00,60,7,14,67.71214294433594,8.885732650756836,0,0,0,0,0,0,0,0,1,1,1,1,1,1,1,1,1,1,1,1,1,1,1,1,1
2013-07-10 14:45:00+00:00,60,7,14,47.3596076965332,64.83563995361328,0,0,0,0,0,0,1,1,1,1,1,1,1,1,1,1,1,0,0,0,0,0,0,0,0
2013-07-10 14:45:00+00:00,60,7,14,135.0195770263672,137.70672607421875,0,0,0,0,0,0,0,0,0,0,0,1,1,1,1,1,1,0,0,0,0,0,0,0,0
2013-07-10 14:45:00+00:00,60,7,14,66.78959655761719,145.7165985107422,0,0,0,0,0,0,0,0,1,1,1,1,1,1,1,1,1,0,0,0,0,0,0,0,0
2013-07-10 14:45:00+00:00,60,7,14,98.71083068847656,123.69861602783203,0,0,0,0,0,0,0,0,0,1,1,1,1,1,1,1,1,0,0,0,0,0,0,0,0
2013-07-10 14:45:00+00:00,60,7,14,158.64622497558594,175.13307189941406,0,0,0,0,0,0,0,0,0,0,0,0,1,1,1,1,1,0,0,0,0,0,0,0,0
2013-07-10 14:45:00+00:00,60,7,14,140.23289489746094,129.59213256835938,0,0,0,0,0,0,0,0,0,0,0,1,1,1,1,1,1,0,0,0,0,0,0,0,0
2013-07-10 14:45:00+00:00,60,7,14,242.0427703857422,127.31099700927734,0,0,0,0,0,0,0,0,0,0,0,0,0,0,1,1,1,0,0,0,0,0,0,0,0
2013-07-10 14:45:00+00:00,60,7,14,126.27900695800781,94.20585632324219,0,0,0,0,0,0,0,0,0,0,0,1,1,1,1,1,1,0,0,0,0,0,0,0,0
2013-07-10 14:45:00+00:00,60,7,14,228.78807067871094,266.0863952636719,0,0,0,0,0,0,0,0,0,0,0,0,0,0,1,1,1,0,0,0,0,0,0,0,0
2013-07-10 14:45:00+00:00,60,7,14,55.50046157836914,33.23947525024414,0,0,0,0,0,0,0,1,1,1,1,1,1,1,1,1,1,0,0,0,0,0,1,1,1
2013-07-10 14:45:00+00:00,60,7,14,179.7701416015625,73.76991271972656,0,0,0,0,0,0,0,0,0,0,0,0,1,1,1,1,1,0,0,0,0,0,0,0,0
2013-07-10 14:45:00+00:00,60,7,14,109.04987335205078,99.4686279296875,0,0,0,0,0,0,0,0,0,0,1,1,1,1,1,1,1,0,0,0,0,0,0,0,0
2013-07-10 14:45:00+00:00,60,7,14,81.3892593383789,58.096683502197266,0,0,0,0,0,0,0,0,0,1,1,1,1,1,1,1,1,0,0,0,0,0,0,0,1
2013-07-10 14:45:00+00:00,60,7,14,121.91716766357422,250.03904724121094,0,0,0,0,0,0,0,0,0,0,0,1,1,1,1,1,1,0,0,0,0,0,0,0,0
2013-07-10 14:45:00+00:00,60,7,14,172.32064819335938,226.16969299316406,0,0,0,0,0,0,0,0,0,0,0,0,1,1,1,1,1,0,0,0,0,0,0,0,0
2013-07-10 14:45:00+00:00,60,7,14,183.53445434570312,217.7559356689453,0,0,0,0,0,0,0,0,0,0,0,0,0,1,1,1,1,0,0,0,0,0,0,0,0
2013-07-10 14:45:00+00:00,60,7,14,598.1447143554688,738.7294921875,0,0,0,0,0,0,0,0,0,0,0,0,0,0,0,0,0,0,0,0,0,0,0,0,0
2013-07-10 15:00:00+00:00,60,7,15,333.7239990234375,,0,0,0,0,0,0,0,0,0,0,0,0,0,0,0,0,1,0,0,0,0,0,0,0,0
2013-07-10 15:00:00+00:00,60,7,15,,336.787109375,0,0,0,0,0,0,0,0,0,0,0,0,0,0,0,0,0,0,0,0,0,0,0,0,0
2013-07-10 15:00:00+00:00,60,7,15,,,0,0,0,0,0,0,0,0,0,0,0,0,0,0,0,0,0,0,0,0,0,0,0,0,0
2013-07-10 15:00:00+00:00,60,7,15,156.15097045898438,169.5845184326172,0,0,0,0,0,0,0,0,0,0,0,0,1,1,1,1,1,0,0,0,0,0,0,0,0
2013-07-10 15:00:00+00:00,60,7,15,109.52637481689453,18.689434051513672,0,0,0,0,0,0,0,0,0,0,1,1,1,1,1,1,1,0,0,1,1,1,1,1,1
2013-07-10 15:00:00+00:00,60,7,15,78.0268783569336,48.47660827636719,0,0,0,0,0,0,0,0,1,1,1,1,1,1,1,1,1,0,0,0,0,0,0,1,1
2013-07-10 15:00:00+00:00,60,7,15,137.656982421875,120.6744155883789,0,0,0,0,0,0,0,0,0,0,0,1,1,1,1,1,1,0,0,0,0,0,0,0,0
2013-07-10 15:00:00+00:00,60,7,15,213.77976989746094,133.49046325683594,0,0,0,0,0,0,0,0,0,0,0,0,0,0,1,1,1,0,0,0,0,0,0,0,0
2013-07-10 15:00:00+00:00,60,7,15,214.2863006591797,120.7106704711914,0,0,0,0,0,0,0,0,0,0,0,0,0,0,1,1,1,0,0,0,0,0,0,0,0
2013-07-10 15:00:00+00:00,60,7,15,,326.842041015625,0,0,0,0,0,0,0,0,0,0,0,0,0,0,0,0,0,0,0,0,0,0,0,0,0
2013-07-10 15:00:00+00:00,60,7,15,127.22433471679688,132.67462158203125,0,0,0,0,0,0,0,0,0,0,0,1,1,1,1,1,1,0,0,0,0,0,0,0,0
2013-07-10 15:00:00+00:00,60,7,15,275.2704162597656,52.5568733215332,0,0,0,0,0,0,0,0,0,0,0,0,0,0,0,1,1,0,0,0,0,0,0,0,1
2013-07-10 15:00:00+00:00,60,7,15,353.9833068847656,210.82200622558594,0,0,0,0,0,0,0,0,0,0,0,0,0,0,0,0,0,0,0,0,0,0,0,0,0
2013-07-10 15:00:00+00:00,60,7,15,290.9406433105469,138.5486297607422,0,0,0,0,0,0,0,0,0,0,0,0,0,0,0,1,1,0,0,0,0,0,0,0,0
2013-07-10 15:00:00+00:00,60,7,15,303.6889953613281,103.25930786132812,0,0,0,0,0,0,0,0,0,0,0,0,0,0,0,0,1,0,0,0,0,0,0,0,0
2013-07-10 15:00:00+00:00,60,7,15,125.92801666259766,,0,0,0,0,0,0,0,0,0,0,0,1,1,1,1,1,1,0,0,0,0,0,0,0,0
2013-07-10 15:00:00+00:00,60,7,15,,,0,0,0,0,0,0,0,0,0,0,0,0,0,0,0,0,0,0,0,0,0,0,0,0,0
2013-07-10 15:00:00+00:00,60,7,15,120.72842407226562,,0,0,0,0,0,0,0,0,0,0,0,1,1,1,1,1,1,0,0,0,0,0,0,0,0
2013-07-10 15:00:00+00:00,60,7,15,182.9752197265625,,0,0,0,0,0,0,0,0,0,0,0,0,0,1,1,1,1,0,0,0,0,0,0,0,0
2013-07-10 15:00:00+00:00,60,7,15,,,0,0,0,0,0,0,0,0,0,0,0,0,0,0,0,0,0,0,0,0,0,0,0,0,0
2013-07-10 15:15:00+00:00,60,7,15,,244.0280303955078,0,0,0,0,0,0,0,0,0,0,0,0,0,0,0,0,0,0,0,0,0,0,0,0,0
2013-07-10 15:15:00+00:00,60,7,15,355.7870788574219,300.4560546875,0,0,0,0,0,0,0,0,0,0,0,0,0,0,0,0,0,0,0,0,0,0,0,0,0
2013-07-10 15:15:00+00:00,60,7,15,144.33740234375,61.96015167236328,0,0,0,0,0,0,0,0,0,0,0,1,1,1,1,1,1,0,0,0,0,0,0,0,0
2013-07-10 15:15:00+00:00,60,7,15,98.73458862304688,119.48023986816406,0,0,0,0,0,0,0,0,0,1,1,1,1,1,1,1,1,0,0,0,0,0,0,0,0
2013-07-10 15:15:00+00:00,60,7,15,87.52558135986328,103.2084732055664,0,0,0,0,0,0,0,0,0,1,1,1,1,1,1,1,1,0,0,0,0,0,0,0,0
2013-07-10 15:15:00+00:00,60,7,15,164.77952575683594,119.37471771240234,0,0,0,0,0,0,0,0,0,0,0,0,1,1,1,1,1,0,0,0,0,0,0,0,0
2013-07-10 15:15:00+00:00,60,7,15,103.93743133544922,22.049518585205078,0,0,0,0,0,0,0,0,0,0,1,1,1,1,1,1,1,0,0,0,1,1,1,1,1
2013-07-10 15:15:00+00:00,60,7,15,196.919921875,273.9158630371094,0,0,0,0,0,0,0,0,0,0,0,0,0,1,1,1,1,0,0,0,0,0,0,0,0
2013-07-10 15:15:00+00:00,60,7,15,170.2357635498047,3.104210615158081,0,0,0,0,0,0,0,0,0,0,0,0,1,1,1,1,1,1,1,1,1,1,1,1,1
2013-07-10 15:15:00+00:00,60,7,15,208.19384765625,6.9119157791137695,0,0,0,0,0,0,0,0,0,0,0,0,0,0,1,1,1,1,1,1,1,1,1,1,1
2013-07-10 15:15:00+00:00,60,7,15,333.6474609375,401.2877502441406,0,0,0,0,0,0,0,0,0,0,0,0,0,0,0,0,1,0,0,0,0,0,0,0,0
2013-07-10 15:15:00+00:00,60,7,15,310.2818908691406,103.39430236816406,0,0,0,0,0,0,0,0,0,0,0,0,0,0,0,0,1,0,0,0,0,0,0,0,0
2013-07-10 15:15:00+00:00,60,7,15,215.9130096435547,225.3516387939453,0,0,0,0,0,0,0,0,0,0,0,0,0,0,1,1,1,0,0,0,0,0,0,0,0
2013-07-10 15:15:00+00:00,60,7,15,159.33682250976562,256.84832763671875,0,0,0,0,0,0,0,0,0,0,0,0,1,1,1,1,1,0,0,0,0,0,0,0,0
2013-07-10 15:15:00+00:00,60,7,15,250.2265167236328,51.39099884033203,0,0,0,0,0,0,0,0,0,0,0,0,0,0,0,1,1,0,0,0,0,0,0,0,1
2013-07-10 15:15:00+00:00,60,7,15,189.20950317382812,,0,0,0,0,0,0,0,0,0,0,0,0,0,1,1,1,1,0,0,0,0,0,0,0,0
2013-07-10 15:15:00+00:00,60,7,15,234.607666015625,,0,0,0,0,0,0,0,0,0,0,0,0,0,0,1,1,1,0,0,0,0,0,0,0,0
2013-07-10 15:15:00+00:00,60,7,15,,,0,0,0,0,0,0,0,0,0,0,0,0,0,0,0,0,0,0,0,0,0,0,0,0,0
2013-07-10 15:15:00+00:00,60,7,15,,,0,0,0,0,0,0,0,0,0,0,0,0,0,0,0,0,0,0,0,0,0,0,0,0,0
2013-07-10 15:30:00+00:00,60,7,15,,,0,0,0,0,0,0,0,0,0,0,0,0,0,0,0,0,0,0,0,0,0,0,0,0,0
2013-07-10 15:30:00+00:00,60,7,15,69.99681091308594,188.2498779296875,0,0,0,0,0,0,0,0,1,1,1,1,1,1,1,1,1,0,0,0,0,0,0,0,0
2013-07-10 15:30:00+00:00,60,7,15,268.82421875,365.5634765625,0,0,0,0,0,0,0,0,0,0,0,0,0,0,0,1,1,0,0,0,0,0,0,0,0
2013-07-10 15:30:00+00:00,60,7,15,298.93756103515625,380.5255126953125,0,0,0,0,0,0,0,0,0,0,0,0,0,0,0,1,1,0,0,0,0,0,0,0,0
2013-07-10 15:30:00+00:00,60,7,15,115.62258911132812,82.38481903076172,0,0,0,0,0,0,0,0,0,0,1,1,1,1,1,1,1,0,0,0,0,0,0,0,0
2013-07-10 15:30:00+00:00,60,7,15,341.92919921875,172.88023376464844,0,0,0,0,0,0,0,0,0,0,0,0,0,0,0,0,1,0,0,0,0,0,0,0,0
2013-07-10 15:30:00+00:00,60,7,15,418.0420837402344,,0,0,0,0,0,0,0,0,0,0,0,0,0,0,0,0,0,0,0,0,0,0,0,0,0
2013-07-10 15:30:00+00:00,60,7,15,134.63381958007812,106.24024963378906,0,0,0,0,0,0,0,0,0,0,0,1,1,1,1,1,1,0,0,0,0,0,0,0,0
2013-07-10 15:30:00+00:00,60,7,15,240.9538116455078,258.5641784667969,0,0,0,0,0,0,0,0,0,0,0,0,0,0,1,1,1,0,0,0,0,0,0,0,0
2013-07-10 15:30:00+00:00,60,7,15,100.7128677368164,110.23906707763672,0,0,0,0,0,0,0,0,0,0,1,1,1,1,1,1,1,0,0,0,0,0,0,0,0
2013-07-10 15:30:00+00:00,60,7,15,130.55361938476562,87.31865692138672,0,0,0,0,0,0,0,0,0,0,0,1,1,1,1,1,1,0,0,0,0,0,0,0,0
2013-07-10 15:30:00+00:00,60,7,15,186.58212280273438,139.01905822753906,0,0,0,0,0,0,0,0,0,0,0,0,0,1,1,1,1,0,0,0,0,0,0,0,0
2013-07-10 15:30:00+00:00,60,7,15,214.95594787597656,242.62120056152344,0,0,0,0,0,0,0,0,0,0,0,0,0,0,1,1,1,0,0,0,0,0,0,0,0
2013-07-10 15:30:00+00:00,60,7,15,95.65579223632812,28.679279327392578,0,0,0,0,0,0,0,0,0,1,1,1,1,1,1,1,1,0,0,0,0,1,1,1,1
2013-07-10 15:30:00+00:00,60,7,15,160.2224884033203,,0,0,0,0,0,0,0,0,0,0,0,0,1,1,1,1,1,0,0,0,0,0,0,0,0
2013-07-10 15:30:00+00:00,60,7,15,,,0,0,0,0,0,0,0,0,0,0,0,0,0,0,0,0,0,0,0,0,0,0,0,0,0
2013-07-10 15:30:00+00:00,60,7,15,266.5851745605469,,0,0,0,0,0,0,0,0,0,0,0,0,0,0,0,1,1,0,0,0,0,0,0,0,0
2013-07-10 15:30:00+00:00,60,7,15,248.310791015625,,0,0,0,0,0,0,0,0,0,0,0,0,0,0,1,1,1,0,0,0,0,0,0,0,0
2013-07-10 15:30:00+00:00,60,7,15,323.6341552734375,380.32855224609375,0,0,0,0,0,0,0,0,0,0,0,0,0,0,0,0,1,0,0,0,0,0,0,0,0
2013-07-10 15:30:00+00:00,60,7,15,517.0132446289062,,0,0,0,0,0,0,0,0,0,0,0,0,0,0,0,0,0,0,0,0,0,0,0,0,0
2013-07-10 15:30:00+00:00,60,7,15,,,0,0,0,0,0,0,0,0,0,0,0,0,0,0,0,0,0,0,0,0,0,0,0,0,0
2013-07-10 15:45:00+00:00,60,7,15,181.3455352783203,93.48955535888672,0,0,0,0,0,0,0,0,0,0,0,0,0,1,1,1,1,0,0,0,0,0,0,0,0
2013-07-10 15:45:00+00:00,60,7,15,230.1278839111328,213.1513671875,0,0,0,0,0,0,0,0,0,0,0,0,0,0,1,1,1,0,0,0,0,0,0,0,0
2013-07-10 15:45:00+00:00,60,7,15,,291.9506530761719,0,0,0,0,0,0,0,0,0,0,0,0,0,0,0,0,0,0,0,0,0,0,0,0,0
2013-07-10 15:45:00+00:00,60,7,15,81.50009155273438,105.0473403930664,0,0,0,0,0,0,0,0,0,1,1,1,1,1,1,1,1,0,0,0,0,0,0,0,0
2013-07-10 15:45:00+00:00,60,7,15,206.68629455566406,76.51971435546875,0,0,0,0,0,0,0,0,0,0,0,0,0,0,1,1,1,0,0,0,0,0,0,0,0
2013-07-10 15:45:00+00:00,60,7,15,108.64452362060547,90.56594848632812,0,0,0,0,0,0,0,0,0,0,1,1,1,1,1,1,1,0,0,0,0,0,0,0,0
2013-07-10 15:45:00+00:00,60,7,15,35.331573486328125,6.364136695861816,0,0,0,0,0,1,1,1,1,1,1,1,1,1,1,1,1,1,1,1,1,1,1,1,1
2013-07-10 15:45:00+00:00,60,7,15,208.48631286621094,274.3636779785156,0,0,0,0,0,0,0,0,0,0,0,0,0,0,1,1,1,0,0,0,0,0,0,0,0
2013-07-10 15:45:00+00:00,60,7,15,55.139530181884766,41.70603942871094,0,0,0,0,0,0,0,1,1,1,1,1,1,1,1,1,1,0,0,0,0,0,0,1,1
2013-07-10 15:45:00+00:00,60,7,15,103.38729095458984,12.135459899902344,0,0,0,0,0,0,0,0,0,0,1,1,1,1,1,1,1,0,1,1,1,1,1,1,1
2013-07-10 15:45:00+00:00,60,7,15,372.75738525390625,,0,0,0,0,0,0,0,0,0,0,0,0,0,0,0,0,0,0,0,0,0,0,0,0,0
2013-07-10 15:45:00+00:00,60,7,15,114.93401336669922,46.345619201660156,0,0,0,0,0,0,0,0,0,0,1,1,1,1,1,1,1,0,0,0,0,0,0,1,1
2013-07-10 15:45:00+00:00,60,7,15,400.16082763671875,,0,0,0,0,0,0,0,0,0,0,0,0,0,0,0,0,0,0,0,0,0,0,0,0,0
2013-07-10 15:45:00+00:00,60,7,15,329.13568115234375,,0,0,0,0,0,0,0,0,0,0,0,0,0,0,0,0,1,0,0,0,0,0,0,0,0
2013-07-10 16:00:00+00:00,60,7,16,,455.95330810546875,0,0,0,0,0,0,0,0,0,0,0,0,0,0,0,0,0,0,0,0,0,0,0,0,0
2013-07-10 16:00:00+00:00,60,7,16,362.3127746582031,176.55662536621094,0,0,0,0,0,0,0,0,0,0,0,0,0,0,0,0,0,0,0,0,0,0,0,0,0
2013-07-10 16:00:00+00:00,60,7,16,357.67364501953125,241.90855407714844,0,0,0,0,0,0,0,0,0,0,0,0,0,0,0,0,0,0,0,0,0,0,0,0,0
2013-07-10 16:00:00+00:00,60,7,16,68.92462158203125,327.7109069824219,0,0,0,0,0,0,0,0,1,1,1,1,1,1,1,1,1,0,0,0,0,0,0,0,0
2013-07-10 16:00:00+00:00,60,7,16,78.98296356201172,18.58629035949707,0,0,0,0,0,0,0,0,1,1,1,1,1,1,1,1,1,0,0,1,1,1,1,1,1
2013-07-10 16:00:00+00:00,60,7,16,58.15245819091797,9.187600135803223,0,0,0,0,0,0,0,1,1,1,1,1,1,1,1,1,1,1,1,1,1,1,1,1,1
2013-07-10 16:00:00+00:00,60,7,16,139.33851623535156,141.0452423095703,0,0,0,0,0,0,0,0,0,0,0,1,1,1,1,1,1,0,0,0,0,0,0,0,0
2013-07-10 16:00:00+00:00,60,7,16,92.61082458496094,116.70018768310547,0,0,0,0,0,0,0,0,0,1,1,1,1,1,1,1,1,0,0,0,0,0,0,0,0
2013-07-10 16:00:00+00:00,60,7,16,256.9010009765625,327.5811462402344,0,0,0,0,0,0,0,0,0,0,0,0,0,0,0,1,1,0,0,0,0,0,0,0,0
2013-07-10 16:00:00+00:00,60,7,16,216.99215698242188,35.162330627441406,0,0,0,0,0,0,0,0,0,0,0,0,0,0,1,1,1,0,0,0,0,0,1,1,1
2013-07-10 16:00:00+00:00,60,7,16,,,0,0,0,0,0,0,0,0,0,0,0,0,0,0,0,0,0,0,0,0,0,0,0,0,0
2013-07-10 16:00:00+00:00,60,7,16,,,0,0,0,0,0,0,0,0,0,0,0,0,0,0,0,0,0,0,0,0,0,0,0,0,0
2013-07-10 16:15:00+00:00,60,7,16,212.57286071777344,29.927385330200195,0,0,0,0,0,0,0,0,0,0,0,0,0,0,1,1,1,0,0,0,0,1,1,1,1
2013-07-10 16:15:00+00:00,60,7,16,356.34271240234375,325.63531494140625,0,0,0,0,0,0,0,0,0,0,0,0,0,0,0,0,0,0,0,0,0,0,0,0,0
2013-07-10 16:15:00+00:00,60,7,16,364.34808349609375,418.5658874511719,0,0,0,0,0,0,0,0,0,0,0,0,0,0,0,0,0,0,0,0,0,0,0,0,0
2013-07-10 16:15:00+00:00,60,7,16,188.55946350097656,164.3090057373047,0,0,0,0,0,0,0,0,0,0,0,0,0,1,1,1,1,0,0,0,0,0,0,0,0
2013-07-10 16:15:00+00:00,60,7,16,183.5639190673828,158.15843200683594,0,0,0,0,0,0,0,0,0,0,0,0,0,1,1,1,1,0,0,0,0,0,0,0,0
2013-07-10 16:15:00+00:00,60,7,16,308.2095031738281,97.94017028808594,0,0,0,0,0,0,0,0,0,0,0,0,0,0,0,0,1,0,0,0,0,0,0,0,0
2013-07-10 16:15:00+00:00,60,7,16,361.5837707519531,119.58197021484375,0,0,0,0,0,0,0,0,0,0,0,0,0,0,0,0,0,0,0,0,0,0,0,0,0
2013-07-10 16:15:00+00:00,60,7,16,95.614990234375,37.151100158691406,0,0,0,0,0,0,0,0,0,1,1,1,1,1,1,1,1,0,0,0,0,0,1,1,1
2013-07-10 16:15:00+00:00,60,7,16,86.05265808105469,178.21153259277344,0,0,0,0,0,0,0,0,0,1,1,1,1,1,1,1,1,0,0,0,0,0,0,0,0
2013-07-10 16:15:00+00:00,60,7,16,,,0,0,0,0,0,0,0,0,0,0,0,0,0,0,0,0,0,0,0,0,0,0,0,0,0
2013-07-10 16:15:00+00:00,60,7,16,,,0,0,0,0,0,0,0,0,0,0,0,0,0,0,0,0,0,0,0,0,0,0,0,0,0
2013-07-10 16:15:00+00:00,60,7,16,,,0,0,0,0,0,0,0,0,0,0,0,0,0,0,0,0,0,0,0,0,0,0,0,0,0
2013-07-10 16:30:00+00:00,60,7,16,126.36588287353516,82.18507385253906,0,0,0,0,0,0,0,0,0,0,0,1,1,1,1,1,1,0,0,0,0,0,0,0,0
2013-07-10 16:30:00+00:00,60,7,16,84.70674133300781,70.06533813476562,0,0,0,0,0,0,0,0,0,1,1,1,1,1,1,1,1,0,0,0,0,0,0,0,0
2013-07-10 16:30:00+00:00,60,7,16,131.95115661621094,139.7163543701172,0,0,0,0,0,0,0,0,0,0,0,1,1,1,1,1,1,0,0,0,0,0,0,0,0
2013-07-10 16:30:00+00:00,60,7,16,117.3605728149414,108.77462005615234,0,0,0,0,0,0,0,0,0,0,1,1,1,1,1,1,1,0,0,0,0,0,0,0,0
2013-07-10 16:30:00+00:00,60,7,16,48.86539840698242,19.223346710205078,0,0,0,0,0,0,1,1,1,1,1,1,1,1,1,1,1,0,0,1,1,1,1,1,1
2013-07-10 16:30:00+00:00,60,7,16,,316.0557556152344,0,0,0,0,0,0,0,0,0,0,0,0,0,0,0,0,0,0,0,0,0,0,0,0,0
2013-07-10 16:30:00+00:00,60,7,16,,704.3307495117188,0,0,0,0,0,0,0,0,0,0,0,0,0,0,0,0,0,0,0,0,0,0,0,0,0
2013-07-10 16:30:00+00:00,60,7,16,,411.1460876464844,0,0,0,0,0,0,0,0,0,0,0,0,0,0,0,0,0,0,0,0,0,0,0,0,0
2013-07-10 16:30:00+00:00,60,7,16,,504.640869140625,0,0,0,0,0,0,0,0,0,0,0,0,0,0,0,0,0,0,0,0,0,0,0,0,0
2013-07-10 16:30:00+00:00,60,7,16,,,0,0,0,0,0,0,0,0,0,0,0,0,0,0,0,0,0,0,0,0,0,0,0,0,0
2013-07-10 16:30:00+00:00,60,7,16,,,0,0,0,0,0,0,0,0,0,0,0,0,0,0,0,0,0,0,0,0,0,0,0,0,0
2013-07-10 16:45:00+00:00,60,7,16,84.54792022705078,0.0,0,0,0,0,0,0,0,0,0,1,1,1,1,1,1,1,1,1,1,1,1,1,1,1,1
2013-07-10 16:45:00+00:00,60,7,16,349.2449035644531,228.67611694335938,0,0,0,0,0,0,0,0,0,0,0,0,0,0,0,0,1,0,0,0,0,0,0,0,0
2013-07-10 16:45:00+00:00,60,7,16,279.7346496582031,52.04021453857422,0,0,0,0,0,0,0,0,0,0,0,0,0,0,0,1,1,0,0,0,0,0,0,0,1
2013-07-10 16:45:00+00:00,60,7,16,117.69353485107422,98.58128356933594,0,0,0,0,0,0,0,0,0,0,1,1,1,1,1,1,1,0,0,0,0,0,0,0,0
2013-07-10 16:45:00+00:00,60,7,16,105.83128356933594,90.1805648803711,0,0,0,0,0,0,0,0,0,0,1,1,1,1,1,1,1,0,0,0,0,0,0,0,0
2013-07-10 16:45:00+00:00,60,7,16,151.96263122558594,301.981201171875,0,0,0,0,0,0,0,0,0,0,0,0,1,1,1,1,1,0,0,0,0,0,0,0,0
2013-07-10 16:45:00+00:00,60,7,16,88.04293823242188,120.97246551513672,0,0,0,0,0,0,0,0,0,1,1,1,1,1,1,1,1,0,0,0,0,0,0,0,0
2013-07-10 16:45:00+00:00,60,7,16,,,0,0,0,0,0,0,0,0,0,0,0,0,0,0,0,0,0,0,0,0,0,0,0,0,0
2013-07-10 16:45:00+00:00,60,7,16,106.7503890991211,55.02436065673828,0,0,0,0,0,0,0,0,0,0,1,1,1,1,1,1,1,0,0,0,0,0,0,0,1
2013-07-10 16:45:00+00:00,60,7,16,,,0,0,0,0,0,0,0,0,0,0,0,0,0,0,0,0,0,0,0,0,0,0,0,0,0
2013-07-10 17:00:00+00:00,60,7,17,190.25213623046875,278.6719665527344,0,0,0,0,0,0,0,0,0,0,0,0,0,1,1,1,1,0,0,0,0,0,0,0,0
2013-07-10 17:00:00+00:00,60,7,17,155.2120361328125,234.90370178222656,0,0,0,0,0,0,0,0,0,0,0,0,1,1,1,1,1,0,0,0,0,0,0,0,0
2013-07-10 17:00:00+00:00,60,7,17,348.7029724121094,278.4910888671875,0,0,0,0,0,0,0,0,0,0,0,0,0,0,0,0,1,0,0,0,0,0,0,0,0
2013-07-10 17:00:00+00:00,60,7,17,252.99258422851562,193.15045166015625,0,0,0,0,0,0,0,0,0,0,0,0,0,0,0,1,1,0,0,0,0,0,0,0,0
2013-07-10 17:00:00+00:00,60,7,17,108.01792907714844,12.799960136413574,0,0,0,0,0,0,0,0,0,0,1,1,1,1,1,1,1,0,1,1,1,1,1,1,1
2013-07-10 17:00:00+00:00,60,7,17,77.89433288574219,39.8076057434082,0,0,0,0,0,0,0,0,1,1,1,1,1,1,1,1,1,0,0,0,0,0,1,1,1
2013-07-10 17:15:00+00:00,60,7,17,188.38682556152344,197.33493041992188,0,0,0,0,0,0,0,0,0,0,0,0,0,1,1,1,1,0,0,0,0,0,0,0,0
2013-07-10 17:15:00+00:00,60,7,17,184.8267364501953,198.95498657226562,0,0,0,0,0,0,0,0,0,0,0,0,0,1,1,1,1,0,0,0,0,0,0,0,0
2013-07-10 17:15:00+00:00,60,7,17,,,0,0,0,0,0,0,0,0,0,0,0,0,0,0,0,0,0,0,0,0,0,0,0,0,0
2013-07-10 17:15:00+00:00,60,7,17,414.3233337402344,321.37493896484375,0,0,0,0,0,0,0,0,0,0,0,0,0,0,0,0,0,0,0,0,0,0,0,0,0
2013-07-10 17:30:00+00:00,60,7,17,,,0,0,0,0,0,0,0,0,0,0,0,0,0,0,0,0,0,0,0,0,0,0,0,0,0
2013-07-10 17:30:00+00:00,60,7,17,66.29161071777344,54.916099548339844,0,0,0,0,0,0,0,0,1,1,1,1,1,1,1,1,1,0,0,0,0,0,0,0,1
2013-07-10 17:30:00+00:00,60,7,17,430.6604919433594,440.1199951171875,0,0,0,0,0,0,0,0,0,0,0,0,0,0,0,0,0,0,0,0,0,0,0,0,0
2013-07-10 17:30:00+00:00,60,7,17,254.06365966796875,288.8491516113281,0,0,0,0,0,0,0,0,0,0,0,0,0,0,0,1,1,0,0,0,0,0,0,0,0
2013-07-10 17:30:00+00:00,60,7,17,74.78441619873047,365.236083984375,0,0,0,0,0,0,0,0,1,1,1,1,1,1,1,1,1,0,0,0,0,0,0,0,0
2013-07-10 17:30:00+00:00,60,7,17,90.28351593017578,80.75373077392578,0,0,0,0,0,0,0,0,0,1,1,1,1,1,1,1,1,0,0,0,0,0,0,0,0
2013-07-10 17:30:00+00:00,60,7,17,151.60952758789062,252.8314971923828,0,0,0,0,0,0,0,0,0,0,0,0,1,1,1,1,1,0,0,0,0,0,0,0,0
2013-07-10 17:45:00+00:00,60,7,17,113.10789489746094,121.28399658203125,0,0,0,0,0,0,0,0,0,0,1,1,1,1,1,1,1,0,0,0,0,0,0,0,0
2013-07-10 17:45:00+00:00,60,7,17,,,0,0,0,0,0,0,0,0,0,0,0,0,0,0,0,0,0,0,0,0,0,0,0,0,0
2013-07-10 17:45:00+00:00,60,7,17,185.42132568359375,117.55419921875,0,0,0,0,0,0,0,0,0,0,0,0,0,1,1,1,1,0,0,0,0,0,0,0,0
2013-07-10 17:45:00+00:00,60,7,17,,,0,0,0,0,0,0,0,0,0,0,0,0,0,0,0,0,0,0,0,0,0,0,0,0,0
2013-07-10 17:45:00+00:00,60,7,17,137.34243774414062,171.56494140625,0,0,0,0,0,0,0,0,0,0,0,1,1,1,1,1,1,0,0,0,0,0,0,0,0
2013-07-10 17:45:00+00:00,60,7,17,213.32525634765625,214.48648071289062,0,0,0,0,0,0,0,0,0,0,0,0,0,0,1,1,1,0,0,0,0,0,0,0,0
2013-07-10 17:45:00+00:00,60,7,17,224.30581665039062,248.83206176757812,0,0,0,0,0,0,0,0,0,0,0,0,0,0,1,1,1,0,0,0,0,0,0,0,0
2013-07-10 17:45:00+00:00,60,7,17,262.8141784667969,302.19140625,0,0,0,0,0,0,0,0,0,0,0,0,0,0,0,1,1,0,0,0,0,0,0,0,0
2013-07-11 10:00:00+00:00,60,7,10,,,0,0,0,0,0,0,0,0,0,0,0,0,0,0,0,0,0,0,0,0,0,0,0,0,0
2013-07-11 10:00:00+00:00,60,7,10,,,0,0,0,0,0,0,0,0,0,0,0,0,0,0,0,0,0,0,0,0,0,0,0,0,0
2013-07-11 10:00:00+00:00,60,7,10,424.8875427246094,54.081790924072266,0,0,0,0,0,0,0,0,0,0,0,0,0,0,0,0,0,0,0,0,0,0,0,0,1
2013-07-11 10:00:00+00:00,60,7,10,482.890380859375,,0,0,0,0,0,0,0,0,0,0,0,0,0,0,0,0,0,0,0,0,0,0,0,0,0
2013-07-11 10:00:00+00:00,60,7,10,,,0,0,0,0,0,0,0,0,0,0,0,0,0,0,0,0,0,0,0,0,0,0,0,0,0
2013-07-11 10:00:00+00:00,60,7,10,,,0,0,0,0,0,0,0,0,0,0,0,0,0,0,0,0,0,0,0,0,0,0,0,0,0
2013-07-11 10:00:00+00:00,60,7,10,,0.0,0,0,0,0,0,0,0,0,0,0,0,0,0,0,0,0,0,1,1,1,1,1,1,1,1
2013-07-11 10:00:00+00:00,60,7,10,,,0,0,0,0,0,0,0,0,0,0,0,0,0,0,0,0,0,0,0,0,0,0,0,0,0
2013-07-11 10:15:00+00:00,60,7,10,,,0,0,0,0,0,0,0,0,0,0,0,0,0,0,0,0,0,0,0,0,0,0,0,0,0
2013-07-11 10:15:00+00:00,60,7,10,,,0,0,0,0,0,0,0,0,0,0,0,0,0,0,0,0,0,0,0,0,0,0,0,0,0
2013-07-11 10:15:00+00:00,60,7,10,,,0,0,0,0,0,0,0,0,0,0,0,0,0,0,0,0,0,0,0,0,0,0,0,0,0
2013-07-11 10:15:00+00:00,60,7,10,117.91708374023438,348.4111328125,0,0,0,0,0,0,0,0,0,0,1,1,1,1,1,1,1,0,0,0,0,0,0,0,0
2013-07-11 10:15:00+00:00,60,7,10,,,0,0,0,0,0,0,0,0,0,0,0,0,0,0,0,0,0,0,0,0,0,0,0,0,0
2013-07-11 10:15:00+00:00,60,7,10,,,0,0,0,0,0,0,0,0,0,0,0,0,0,0,0,0,0,0,0,0,0,0,0,0,0
2013-07-11 10:30:00+00:00,60,7,10,,,0,0,0,0,0,0,0,0,0,0,0,0,0,0,0,0,0,0,0,0,0,0,0,0,0
2013-07-11 10:30:00+00:00,60,7,10,,32.94559097290039,0,0,0,0,0,0,0,0,0,0,0,0,0,0,0,0,0,0,0,0,0,0,1,1,1
2013-07-11 10:30:00+00:00,60,7,10,,0.0,0,0,0,0,0,0,0,0,0,0,0,0,0,0,0,0,0,1,1,1,1,1,1,1,1
2013-07-11 10:30:00+00:00,60,7,10,323.4048156738281,219.13246154785156,0,0,0,0,0,0,0,0,0,0,0,0,0,0,0,0,1,0,0,0,0,0,0,0,0
2013-07-11 10:30:00+00:00,60,7,10,,,0,0,0,0,0,0,0,0,0,0,0,0,0,0,0,0,0,0,0,0,0,0,0,0,0
2013-07-11 10:45:00+00:00,60,7,10,,143.97320556640625,0,0,0,0,0,0,0,0,0,0,0,0,0,0,0,0,0,0,0,0,0,0,0,0,0
2013-07-11 10:45:00+00:00,60,7,10,,,0,0,0,0,0,0,0,0,0,0,0,0,0,0,0,0,0,0,0,0,0,0,0,0,0
2013-07-11 10:45:00+00:00,60,7,10,303.44403076171875,25.30927848815918,0,0,0,0,0,0,0,0,0,0,0,0,0,0,0,0,1,0,0,0,0,1,1,1,1
2013-07-11 10:45:00+00:00,60,7,10,353.7708740234375,3.1933281421661377,0,0,0,0,0,0,0,0,0,0,0,0,0,0,0,0,0,1,1,1,1,1,1,1,1
2013-07-11 10:45:00+00:00,60,7,10,,,0,0,0,0,0,0,0,0,0,0,0,0,0,0,0,0,0,0,0,0,0,0,0,0,0
2013-07-11 11:00:00+00:00,60,7,11,,,0,0,0,0,0,0,0,0,0,0,0,0,0,0,0,0,0,0,0,0,0,0,0,0,0
2013-07-11 11:00:00+00:00,60,7,11,,,0,0,0,0,0,0,0,0,0,0,0,0,0,0,0,0,0,0,0,0,0,0,0,0,0
2013-07-11 11:00:00+00:00,60,7,11,,,0,0,0,0,0,0,0,0,0,0,0,0,0,0,0,0,0,0,0,0,0,0,0,0,0
2013-07-11 11:00:00+00:00,60,7,11,,,0,0,0,0,0,0,0,0,0,0,0,0,0,0,0,0,0,0,0,0,0,0,0,0,0
2013-07-11 11:00:00+00:00,60,7,11,382.5993957519531,8.101357460021973,0,0,0,0,0,0,0,0,0,0,0,0,0,0,0,0,0,1,1,1,1,1,1,1,1
2013-07-11 11:00:00+00:00,60,7,11,,,0,0,0,0,0,0,0,0,0,0,0,0,0,0,0,0,0,0,0,0,0,0,0,0,0
2013-07-11 11:00:00+00:00,60,7,11,388.1646728515625,343.8105163574219,0,0,0,0,0,0,0,0,0,0,0,0,0,0,0,0,0,0,0,0,0,0,0,0,0
2013-07-11 11:00:00+00:00,60,7,11,,,0,0,0,0,0,0,0,0,0,0,0,0,0,0,0,0,0,0,0,0,0,0,0,0,0
2013-07-11 11:00:00+00:00,60,7,11,,598.3676147460938,0,0,0,0,0,0,0,0,0,0,0,0,0,0,0,0,0,0,0,0,0,0,0,0,0
2013-07-11 11:00:00+00:00,60,7,11,125.29672241210938,5.054903507232666,0,0,0,0,0,0,0,0,0,0,0,1,1,1,1,1,1,1,1,1,1,1,1,1,1
2013-07-11 11:15:00+00:00,60,7,11,,,0,0,0,0,0,0,0,0,0,0,0,0,0,0,0,0,0,0,0,0,0,0,0,0,0
2013-07-11 11:15:00+00:00,60,7,11,,387.5351867675781,0,0,0,0,0,0,0,0,0,0,0,0,0,0,0,0,0,0,0,0,0,0,0,0,0
2013-07-11 11:15:00+00:00,60,7,11,,169.5262451171875,0,0,0,0,0,0,0,0,0,0,0,0,0,0,0,0,0,0,0,0,0,0,0,0,0
2013-07-11 11:15:00+00:00,60,7,11,381.40240478515625,22.83356285095215,0,0,0,0,0,0,0,0,0,0,0,0,0,0,0,0,0,0,0,0,1,1,1,1,1
2013-07-11 11:15:00+00:00,60,7,11,,,0,0,0,0,0,0,0,0,0,0,0,0,0,0,0,0,0,0,0,0,0,0,0,0,0
2013-07-11 11:15:00+00:00,60,7,11,106.28669738769531,121.1383285522461,0,0,0,0,0,0,0,0,0,0,1,1,1,1,1,1,1,0,0,0,0,0,0,0,0
2013-07-11 11:15:00+00:00,60,7,11,77.34501647949219,19.138671875,0,0,0,0,0,0,0,0,1,1,1,1,1,1,1,1,1,0,0,1,1,1,1,1,1
2013-07-11 11:30:00+00:00,60,7,11,,,0,0,0,0,0,0,0,0,0,0,0,0,0,0,0,0,0,0,0,0,0,0,0,0,0
2013-07-11 11:45:00+00:00,60,7,11,,,0,0,0,0,0,0,0,0,0,0,0,0,0,0,0,0,0,0,0,0,0,0,0,0,0
2013-07-11 11:45:00+00:00,60,7,11,,,0,0,0,0,0,0,0,0,0,0,0,0,0,0,0,0,0,0,0,0,0,0,0,0,0
2013-07-11 11:45:00+00:00,60,7,11,,403.1408386230469,0,0,0,0,0,0,0,0,0,0,0,0,0,0,0,0,0,0,0,0,0,0,0,0,0
2013-07-11 11:45:00+00:00,60,7,11,104.52278900146484,138.1913604736328,0,0,0,0,0,0,0,0,0,0,1,1,1,1,1,1,1,0,0,0,0,0,0,0,0
2013-07-11 11:45:00+00:00,60,7,11,,383.8076171875,0,0,0,0,0,0,0,0,0,0,0,0,0,0,0,0,0,0,0,0,0,0,0,0,0
2013-07-11 11:45:00+00:00,60,7,11,,,0,0,0,0,0,0,0,0,0,0,0,0,0,0,0,0,0,0,0,0,0,0,0,0,0
2013-07-11 11:45:00+00:00,60,7,11,129.26121520996094,6.335063457489014,0,0,0,0,0,0,0,0,0,0,0,1,1,1,1,1,1,1,1,1,1,1,1,1,1
2013-07-11 11:45:00+00:00,60,7,11,110.34950256347656,0.0,0,0,0,0,0,0,0,0,0,0,1,1,1,1,1,1,1,1,1,1,1,1,1,1,1
2013-07-11 11:45:00+00:00,60,7,11,275.40966796875,218.35433959960938,0,0,0,0,0,0,0,0,0,0,0,0,0,0,0,1,1,0,0,0,0,0,0,0,0
2013-07-11 11:45:00+00:00,60,7,11,,,0,0,0,0,0,0,0,0,0,0,0,0,0,0,0,0,0,0,0,0,0,0,0,0,0
2013-07-11 11:45:00+00:00,60,7,11,,,0,0,0,0,0,0,0,0,0,0,0,0,0,0,0,0,0,0,0,0,0,0,0,0,0
2013-07-11 11:45:00+00:00,60,7,11,,,0,0,0,0,0,0,0,0,0,0,0,0,0,0,0,0,0,0,0,0,0,0,0,0,0
2013-07-11 11:45:00+00:00,60,7,11,,,0,0,0,0,0,0,0,0,0,0,0,0,0,0,0,0,0,0,0,0,0,0,0,0,0
2013-07-11 12:00:00+00:00,60,7,12,,,0,0,0,0,0,0,0,0,0,0,0,0,0,0,0,0,0,0,0,0,0,0,0,0,0
2013-07-11 12:00:00+00:00,60,7,12,,,0,0,0,0,0,0,0,0,0,0,0,0,0,0,0,0,0,0,0,0,0,0,0,0,0
2013-07-11 12:00:00+00:00,60,7,12,133.4935760498047,111.09574127197266,0,0,0,0,0,0,0,0,0,0,0,1,1,1,1,1,1,0,0,0,0,0,0,0,0
2013-07-11 12:00:00+00:00,60,7,12,247.509521484375,240.17588806152344,0,0,0,0,0,0,0,0,0,0,0,0,0,0,1,1,1,0,0,0,0,0,0,0,0
2013-07-11 12:00:00+00:00,60,7,12,183.15643310546875,156.7399139404297,0,0,0,0,0,0,0,0,0,0,0,0,0,1,1,1,1,0,0,0,0,0,0,0,0
2013-07-11 12:00:00+00:00,60,7,12,89.94380950927734,38.5321044921875,0,0,0,0,0,0,0,0,0,1,1,1,1,1,1,1,1,0,0,0,0,0,1,1,1
2013-07-11 12:00:00+00:00,60,7,12,,9.193079948425293,0,0,0,0,0,0,0,0,0,0,0,0,0,0,0,0,0,1,1,1,1,1,1,1,1
2013-07-11 12:00:00+00:00,60,7,12,,10.912670135498047,0,0,0,0,0,0,0,0,0,0,0,0,0,0,0,0,0,0,1,1,1,1,1,1,1
2013-07-11 12:00:00+00:00,60,7,12,,,0,0,0,0,0,0,0,0,0,0,0,0,0,0,0,0,0,0,0,0,0,0,0,0,0
2013-07-11 12:00:00+00:00,60,7,12,,410.3047180175781,0,0,0,0,0,0,0,0,0,0,0,0,0,0,0,0,0,0,0,0,0,0,0,0,0
2013-07-11 12:00:00+00:00,60,7,12,159.53228759765625,39.042152404785156,0,0,0,0,0,0,0,0,0,0,0,0,1,1,1,1,1,0,0,0,0,0,1,1,1
2013-07-11 12:00:00+00:00,60,7,12,69.90678405761719,57.33628463745117,0,0,0,0,0,0,0,0,1,1,1,1,1,1,1,1,1,0,0,0,0,0,0,0,1
2013-07-11 12:00:00+00:00,60,7,12,,58.73408889770508,0,0,0,0,0,0,0,0,0,0,0,0,0,0,0,0,0,0,0,0,0,0,0,0,1
2013-07-11 12:00:00+00:00,60,7,12,91.976806640625,25.85293960571289,0,0,0,0,0,0,0,0,0,1,1,1,1,1,1,1,1,0,0,0,0,1,1,1,1
2013-07-11 12:00:00+00:00,60,7,12,,,0,0,0,0,0,0,0,0,0,0,0,0,0,0,0,0,0,0,0,0,0,0,0,0,0
2013-07-11 12:15:00+00:00,60,7,12,,,0,0,0,0,0,0,0,0,0,0,0,0,0,0,0,0,0,0,0,0,0,0,0,0,0
2013-07-11 12:15:00+00:00,60,7,12,,,0,0,0,0,0,0,0,0,0,0,0,0,0,0,0,0,0,0,0,0,0,0,0,0,0
2013-07-11 12:15:00+00:00,60,7,12,,,0,0,0,0,0,0,0,0,0,0,0,0,0,0,0,0,0,0,0,0,0,0,0,0,0
2013-07-11 12:15:00+00:00,60,7,12,,75.80094146728516,0,0,0,0,0,0,0,0,0,0,0,0,0,0,0,0,0,0,0,0,0,0,0,0,0
2013-07-11 12:15:00+00:00,60,7,12,,0.0,0,0,0,0,0,0,0,0,0,0,0,0,0,0,0,0,0,1,1,1,1,1,1,1,1
2013-07-11 12:15:00+00:00,60,7,12,43.921180725097656,12.725526809692383,0,0,0,0,0,0,1,1,1,1,1,1,1,1,1,1,1,0,1,1,1,1,1,1,1
2013-07-11 12:15:00+00:00,60,7,12,101.85594940185547,105.27278137207031,0,0,0,0,0,0,0,0,0,0,1,1,1,1,1,1,1,0,0,0,0,0,0,0,0
2013-07-11 12:15:00+00:00,60,7,12,279.81494140625,165.11175537109375,0,0,0,0,0,0,0,0,0,0,0,0,0,0,0,1,1,0,0,0,0,0,0,0,0
2013-07-11 12:15:00+00:00,60,7,12,,23.48944854736328,0,0,0,0,0,0,0,0,0,0,0,0,0,0,0,0,0,0,0,0,1,1,1,1,1
2013-07-11 12:15:00+00:00,60,7,12,,,0,0,0,0,0,0,0,0,0,0,0,0,0,0,0,0,0,0,0,0,0,0,0,0,0
2013-07-11 12:30:00+00:00,60,7,12,,,0,0,0,0,0,0,0,0,0,0,0,0,0,0,0,0,0,0,0,0,0,0,0,0,0
2013-07-11 12:30:00+00:00,60,7,12,,126.93466186523438,0,0,0,0,0,0,0,0,0,0,0,0,0,0,0,0,0,0,0,0,0,0,0,0,0
2013-07-11 12:30:00+00:00,60,7,12,332.0094909667969,271.5869140625,0,0,0,0,0,0,0,0,0,0,0,0,0,0,0,0,1,0,0,0,0,0,0,0,0
2013-07-11 12:30:00+00:00,60,7,12,33.17428970336914,90.51714324951172,0,0,0,0,0,1,1,1,1,1,1,1,1,1,1,1,1,0,0,0,0,0,0,0,0
2013-07-11 12:30:00+00:00,60,7,12,,,0,0,0,0,0,0,0,0,0,0,0,0,0,0,0,0,0,0,0,0,0,0,0,0,0
2013-07-11 12:30:00+00:00,60,7,12,,,0,0,0,0,0,0,0,0,0,0,0,0,0,0,0,0,0,0,0,0,0,0,0,0,0
2013-07-11 12:30:00+00:00,60,7,12,122.19139099121094,75.27761840820312,0,0,0,0,0,0,0,0,0,0,0,1,1,1,1,1,1,0,0,0,0,0,0,0,0
2013-07-11 12:30:00+00:00,60,7,12,,,0,0,0,0,0,0,0,0,0,0,0,0,0,0,0,0,0,0,0,0,0,0,0,0,0
2013-07-11 12:30:00+00:00,60,7,12,,,0,0,0,0,0,0,0,0,0,0,0,0,0,0,0,0,0,0,0,0,0,0,0,0,0
2013-07-11 12:30:00+00:00,60,7,12,,,0,0,0,0,0,0,0,0,0,0,0,0,0,0,0,0,0,0,0,0,0,0,0,0,0
2013-07-11 12:30:00+00:00,60,7,12,,,0,0,0,0,0,0,0,0,0,0,0,0,0,0,0,0,0,0,0,0,0,0,0,0,0
2013-07-11 12:30:00+00:00,60,7,12,354.4272766113281,31.59136390686035,0,0,0,0,0,0,0,0,0,0,0,0,0,0,0,0,0,0,0,0,0,0,1,1,1
2013-07-11 12:30:00+00:00,60,7,12,95.86553192138672,64.30292510986328,0,0,0,0,0,0,0,0,0,1,1,1,1,1,1,1,1,0,0,0,0,0,0,0,0
2013-07-11 12:45:00+00:00,60,7,12,,,0,0,0,0,0,0,0,0,0,0,0,0,0,0,0,0,0,0,0,0,0,0,0,0,0
2013-07-11 12:45:00+00:00,60,7,12,,347.8790283203125,0,0,0,0,0,0,0,0,0,0,0,0,0,0,0,0,0,0,0,0,0,0,0,0,0
2013-07-11 12:45:00+00:00,60,7,12,,210.81875610351562,0,0,0,0,0,0,0,0,0,0,0,0,0,0,0,0,0,0,0,0,0,0,0,0,0
2013-07-11 12:45:00+00:00,60,7,12,256.5135498046875,182.51551818847656,0,0,0,0,0,0,0,0,0,0,0,0,0,0,0,1,1,0,0,0,0,0,0,0,0
2013-07-11 12:45:00+00:00,60,7,12,442.6394348144531,173.27874755859375,0,0,0,0,0,0,0,0,0,0,0,0,0,0,0,0,0,0,0,0,0,0,0,0,0
2013-07-11 12:45:00+00:00,60,7,12,,,0,0,0,0,0,0,0,0,0,0,0,0,0,0,0,0,0,0,0,0,0,0,0,0,0
2013-07-11 12:45:00+00:00,60,7,12,,,0,0,0,0,0,0,0,0,0,0,0,0,0,0,0,0,0,0,0,0,0,0,0,0,0
2013-07-11 12:45:00+00:00,60,7,12,117.06774139404297,15.156749725341797,0,0,0,0,0,0,0,0,0,0,1,1,1,1,1,1,1,0,0,1,1,1,1,1,1
2013-07-11 12:45:00+00:00,60,7,12,,,0,0,0,0,0,0,0,0,0,0,0,0,0,0,0,0,0,0,0,0,0,0,0,0,0
2013-07-11 12:45:00+00:00,60,7,12,,,0,0,0,0,0,0,0,0,0,0,0,0,0,0,0,0,0,0,0,0,0,0,0,0,0
2013-07-11 12:45:00+00:00,60,7,12,57.89119338989258,0.0,0,0,0,0,0,0,0,1,1,1,1,1,1,1,1,1,1,1,1,1,1,1,1,1,1
2013-07-11 12:45:00+00:00,60,7,12,50.8611946105957,6.4113969802856445,0,0,0,0,0,0,0,1,1,1,1,1,1,1,1,1,1,1,1,1,1,1,1,1,1
2013-07-11 12:45:00+00:00,60,7,12,,3.537088632583618,0,0,0,0,0,0,0,0,0,0,0,0,0,0,0,0,0,1,1,1,1,1,1,1,1
2013-07-11 13:00:00+00:00,60,7,13,,,0,0,0,0,0,0,0,0,0,0,0,0,0,0,0,0,0,0,0,0,0,0,0,0,0
2013-07-11 13:00:00+00:00,60,7,13,,,0,0,0,0,0,0,0,0,0,0,0,0,0,0,0,0,0,0,0,0,0,0,0,0,0
2013-07-11 13:00:00+00:00,60,7,13,,,0,0,0,0,0,0,0,0,0,0,0,0,0,0,0,0,0,0,0,0,0,0,0,0,0
2013-07-11 13:00:00+00:00,60,7,13,,,0,0,0,0,0,0,0,0,0,0,0,0,0,0,0,0,0,0,0,0,0,0,0,0,0
2013-07-11 13:00:00+00:00,60,7,13,,,0,0,0,0,0,0,0,0,0,0,0,0,0,0,0,0,0,0,0,0,0,0,0,0,0
2013-07-11 13:00:00+00:00,60,7,13,,,0,0,0,0,0,0,0,0,0,0,0,0,0,0,0,0,0,0,0,0,0,0,0,0,0
2013-07-11 13:00:00+00:00,60,7,13,,22.310571670532227,0,0,0,0,0,0,0,0,0,0,0,0,0,0,0,0,0,0,0,0,1,1,1,1,1
2013-07-11 13:00:00+00:00,60,7,13,118.29705047607422,8.550675392150879,0,0,0,0,0,0,0,0,0,0,1,1,1,1,1,1,1,1,1,1,1,1,1,1,1
2013-07-11 13:00:00+00:00,60,7,13,384.3703918457031,302.1513671875,0,0,0,0,0,0,0,0,0,0,0,0,0,0,0,0,0,0,0,0,0,0,0,0,0
2013-07-11 13:00:00+00:00,60,7,13,233.0381317138672,332.750732421875,0,0,0,0,0,0,0,0,0,0,0,0,0,0,1,1,1,0,0,0,0,0,0,0,0
2013-07-11 13:00:00+00:00,60,7,13,,91.62982940673828,0,0,0,0,0,0,0,0,0,0,0,0,0,0,0,0,0,0,0,0,0,0,0,0,0
2013-07-11 13:00:00+00:00,60,7,13,220.19271850585938,330.70587158203125,0,0,0,0,0,0,0,0,0,0,0,0,0,0,1,1,1,0,0,0,0,0,0,0,0
2013-07-11 13:00:00+00:00,60,7,13,,15.917620658874512,0,0,0,0,0,0,0,0,0,0,0,0,0,0,0,0,0,0,0,1,1,1,1,1,1
2013-07-11 13:00:00+00:00,60,7,13,155.0107879638672,133.9360809326172,0,0,0,0,0,0,0,0,0,0,0,0,1,1,1,1,1,0,0,0,0,0,0,0,0
2013-07-11 13:00:00+00:00,60,7,13,487.14385986328125,157.46253967285156,0,0,0,0,0,0,0,0,0,0,0,0,0,0,0,0,0,0,0,0,0,0,0,0,0
2013-07-11 13:15:00+00:00,60,7,13,,,0,0,0,0,0,0,0,0,0,0,0,0,0,0,0,0,0,0,0,0,0,0,0,0,0
2013-07-11 13:15:00+00:00,60,7,13,,,0,0,0,0,0,0,0,0,0,0,0,0,0,0,0,0,0,0,0,0,0,0,0,0,0
2013-07-11 13:15:00+00:00,60,7,13,,,0,0,0,0,0,0,0,0,0,0,0,0,0,0,0,0,0,0,0,0,0,0,0,0,0
2013-07-11 13:15:00+00:00,60,7,13,126.6253433227539,168.4062042236328,0,0,0,0,0,0,0,0,0,0,0,1,1,1,1,1,1,0,0,0,0,0,0,0,0
2013-07-11 13:15:00+00:00,60,7,13,187.42552185058594,165.2964324951172,0,0,0,0,0,0,0,0,0,0,0,0,0,1,1,1,1,0,0,0,0,0,0,0,0
2013-07-11 13:15:00+00:00,60,7,13,124.5759048461914,153.7826385498047,0,0,0,0,0,0,0,0,0,0,0,1,1,1,1,1,1,0,0,0,0,0,0,0,0
2013-07-11 13:15:00+00:00,60,7,13,,,0,0,0,0,0,0,0,0,0,0,0,0,0,0,0,0,0,0,0,0,0,0,0,0,0
2013-07-11 13:15:00+00:00,60,7,13,153.8376007080078,126.26715850830078,0,0,0,0,0,0,0,0,0,0,0,0,1,1,1,1,1,0,0,0,0,0,0,0,0
2013-07-11 13:15:00+00:00,60,7,13,373.348876953125,341.4918212890625,0,0,0,0,0,0,0,0,0,0,0,0,0,0,0,0,0,0,0,0,0,0,0,0,0
2013-07-11 13:15:00+00:00,60,7,13,149.97274780273438,0.0,0,0,0,0,0,0,0,0,0,0,0,1,1,1,1,1,1,1,1,1,1,1,1,1,1
2013-07-11 13:15:00+00:00,60,7,13,134.46644592285156,25.21817970275879,0,0,0,0,0,0,0,0,0,0,0,1,1,1,1,1,1,0,0,0,0,1,1,1,1
2013-07-11 13:15:00+00:00,60,7,13,176.98817443847656,124.28004455566406,0,0,0,0,0,0,0,0,0,0,0,0,1,1,1,1,1,0,0,0,0,0,0,0,0
2013-07-11 13:15:00+00:00,60,7,13,32.27732467651367,120.42003631591797,0,0,0,0,0,1,1,1,1,1,1,1,1,1,1,1,1,0,0,0,0,0,0,0,0
2013-07-11 13:15:00+00:00,60,7,13,151.87539672851562,38.12876510620117,0,0,0,0,0,0,0,0,0,0,0,0,1,1,1,1,1,0,0,0,0,0,1,1,1
2013-07-11 13:15:00+00:00,60,7,13,373.2273864746094,0.0,0,0,0,0,0,0,0,0,0,0,0,0,0,0,0,0,0,1,1,1,1,1,1,1,1
2013-07-11 13:15:00+00:00,60,7,13,412.3021545410156,320.70025634765625,0,0,0,0,0,0,0,0,0,0,0,0,0,0,0,0,0,0,0,0,0,0,0,0,0
2013-07-11 13:15:00+00:00,60,7,13,431.6990966796875,0.0,0,0,0,0,0,0,0,0,0,0,0,0,0,0,0,0,0,1,1,1,1,1,1,1,1
2013-07-11 13:15:00+00:00,60,7,13,,3.186211347579956,0,0,0,0,0,0,0,0,0,0,0,0,0,0,0,0,0,1,1,1,1,1,1,1,1
2013-07-11 13:15:00+00:00,60,7,13,517.545654296875,60.793235778808594,0,0,0,0,0,0,0,0,0,0,0,0,0,0,0,0,0,0,0,0,0,0,0,0,0
2013-07-11 13:15:00+00:00,60,7,13,,,0,0,0,0,0,0,0,0,0,0,0,0,0,0,0,0,0,0,0,0,0,0,0,0,0
2013-07-11 13:15:00+00:00,60,7,13,,,0,0,0,0,0,0,0,0,0,0,0,0,0,0,0,0,0,0,0,0,0,0,0,0,0
2013-07-11 13:30:00+00:00,60,7,13,,345.4718933105469,0,0,0,0,0,0,0,0,0,0,0,0,0,0,0,0,0,0,0,0,0,0,0,0,0
2013-07-11 13:30:00+00:00,60,7,13,,140.7705841064453,0,0,0,0,0,0,0,0,0,0,0,0,0,0,0,0,0,0,0,0,0,0,0,0,0
2013-07-11 13:30:00+00:00,60,7,13,304.82952880859375,343.3369140625,0,0,0,0,0,0,0,0,0,0,0,0,0,0,0,0,1,0,0,0,0,0,0,0,0
2013-07-11 13:30:00+00:00,60,7,13,185.72303771972656,234.80902099609375,0,0,0,0,0,0,0,0,0,0,0,0,0,1,1,1,1,0,0,0,0,0,0,0,0
2013-07-11 13:30:00+00:00,60,7,13,121.96068572998047,46.3936882019043,0,0,0,0,0,0,0,0,0,0,0,1,1,1,1,1,1,0,0,0,0,0,0,1,1
2013-07-11 13:30:00+00:00,60,7,13,85.04736328125,42.752540588378906,0,0,0,0,0,0,0,0,0,1,1,1,1,1,1,1,1,0,0,0,0,0,0,1,1
2013-07-11 13:30:00+00:00,60,7,13,,119.19398498535156,0,0,0,0,0,0,0,0,0,0,0,0,0,0,0,0,0,0,0,0,0,0,0,0,0
2013-07-11 13:30:00+00:00,60,7,13,91.84132385253906,28.7952823638916,0,0,0,0,0,0,0,0,0,1,1,1,1,1,1,1,1,0,0,0,0,1,1,1,1
2013-07-11 13:30:00+00:00,60,7,13,,3.025789976119995,0,0,0,0,0,0,0,0,0,0,0,0,0,0,0,0,0,1,1,1,1,1,1,1,1
2013-07-11 13:30:00+00:00,60,7,13,171.3867950439453,17.856882095336914,0,0,0,0,0,0,0,0,0,0,0,0,1,1,1,1,1,0,0,1,1,1,1,1,1
2013-07-11 13:30:00+00:00,60,7,13,141.80130004882812,35.282501220703125,0,0,0,0,0,0,0,0,0,0,0,1,1,1,1,1,1,0,0,0,0,0,1,1,1
2013-07-11 13:30:00+00:00,60,7,13,32.00531005859375,0.0,0,0,0,0,0,1,1,1,1,1,1,1,1,1,1,1,1,1,1,1,1,1,1,1,1
2013-07-11 13:30:00+00:00,60,7,13,,,0,0,0,0,0,0,0,0,0,0,0,0,0,0,0,0,0,0,0,0,0,0,0,0,0
2013-07-11 13:45:00+00:00,60,7,13,,370.776611328125,0,0,0,0,0,0,0,0,0,0,0,0,0,0,0,0,0,0,0,0,0,0,0,0,0
2013-07-11 13:45:00+00:00,60,7,13,,226.1330108642578,0,0,0,0,0,0,0,0,0,0,0,0,0,0,0,0,0,0,0,0,0,0,0,0,0
2013-07-11 13:45:00+00:00,60,7,13,,15.124273300170898,0,0,0,0,0,0,0,0,0,0,0,0,0,0,0,0,0,0,0,1,1,1,1,1,1
2013-07-11 13:45:00+00:00,60,7,13,,58.061431884765625,0,0,0,0,0,0,0,0,0,0,0,0,0,0,0,0,0,0,0,0,0,0,0,0,1
2013-07-11 13:45:00+00:00,60,7,13,,257.2980651855469,0,0,0,0,0,0,0,0,0,0,0,0,0,0,0,0,0,0,0,0,0,0,0,0,0
2013-07-11 13:45:00+00:00,60,7,13,177.6505126953125,50.38174819946289,0,0,0,0,0,0,0,0,0,0,0,0,1,1,1,1,1,0,0,0,0,0,0,0,1
2013-07-11 13:45:00+00:00,60,7,13,168.3302459716797,3.050039768218994,0,0,0,0,0,0,0,0,0,0,0,0,1,1,1,1,1,1,1,1,1,1,1,1,1
2013-07-11 13:45:00+00:00,60,7,13,195.13095092773438,0.0,0,0,0,0,0,0,0,0,0,0,0,0,0,1,1,1,1,1,1,1,1,1,1,1,1
2013-07-11 13:45:00+00:00,60,7,13,48.977134704589844,260.1925048828125,0,0,0,0,0,0,1,1,1,1,1,1,1,1,1,1,1,0,0,0,0,0,0,0,0
2013-07-11 13:45:00+00:00,60,7,13,91.42237854003906,49.668182373046875,0,0,0,0,0,0,0,0,0,1,1,1,1,1,1,1,1,0,0,0,0,0,0,1,1
2013-07-11 13:45:00+00:00,60,7,13,241.98342895507812,206.91448974609375,0,0,0,0,0,0,0,0,0,0,0,0,0,0,1,1,1,0,0,0,0,0,0,0,0
2013-07-11 13:45:00+00:00,60,7,13,253.048583984375,38.98933792114258,0,0,0,0,0,0,0,0,0,0,0,0,0,0,0,1,1,0,0,0,0,0,1,1,1
2013-07-11 13:45:00+00:00,60,7,13,242.49905395507812,18.797176361083984,0,0,0,0,0,0,0,0,0,0,0,0,0,0,1,1,1,0,0,1,1,1,1,1,1
2013-07-11 13:45:00+00:00,60,7,13,194.50486755371094,3.14233136177063,0,0,0,0,0,0,0,0,0,0,0,0,0,1,1,1,1,1,1,1,1,1,1,1,1
2013-07-11 13:45:00+00:00,60,7,13,186.50820922851562,60.56725311279297,0,0,0,0,0,0,0,0,0,0,0,0,0,1,1,1,1,0,0,0,0,0,0,0,0
2013-07-11 13:45:00+00:00,60,7,13,,,0,0,0,0,0,0,0,0,0,0,0,0,0,0,0,0,0,0,0,0,0,0,0,0,0
2013-07-11 13:45:00+00:00,60,7,13,96.64633178710938,24.555198669433594,0,0,0,0,0,0,0,0,0,1,1,1,1,1,1,1,1,0,0,0,1,1,1,1,1
2013-07-11 13:45:00+00:00,60,7,13,80.23318481445312,0.0,0,0,0,0,0,0,0,0,0,1,1,1,1,1,1,1,1,1,1,1,1,1,1,1,1
2013-07-11 13:45:00+00:00,60,7,13,58.142539978027344,9.573087692260742,0,0,0,0,0,0,0,1,1,1,1,1,1,1,1,1,1,1,1,1,1,1,1,1,1
2013-07-11 13:45:00+00:00,60,7,13,113.63941192626953,3.154127836227417,0,0,0,0,0,0,0,0,0,0,1,1,1,1,1,1,1,1,1,1,1,1,1,1,1
2013-07-11 13:45:00+00:00,60,7,13,186.74183654785156,126.38619995117188,0,0,0,0,0,0,0,0,0,0,0,0,0,1,1,1,1,0,0,0,0,0,0,0,0
2013-07-11 13:45:00+00:00,60,7,13,,,0,0,0,0,0,0,0,0,0,0,0,0,0,0,0,0,0,0,0,0,0,0,0,0,0
2013-07-11 14:00:00+00:00,60,7,14,,121.35384368896484,0,0,0,0,0,0,0,0,0,0,0,0,0,0,0,0,0,0,0,0,0,0,0,0,0
2013-07-11 14:00:00+00:00,60,7,14,,164.85462951660156,0,0,0,0,0,0,0,0,0,0,0,0,0,0,0,0,0,0,0,0,0,0,0,0,0
2013-07-11 14:00:00+00:00,60,7,14,,184.34942626953125,0,0,0,0,0,0,0,0,0,0,0,0,0,0,0,0,0,0,0,0,0,0,0,0,0
2013-07-11 14:00:00+00:00,60,7,14,366.78179931640625,351.2426452636719,0,0,0,0,0,0,0,0,0,0,0,0,0,0,0,0,0,0,0,0,0,0,0,0,0
2013-07-11 14:00:00+00:00,60,7,14,142.5735626220703,12.716845512390137,0,0,0,0,0,0,0,0,0,0,0,1,1,1,1,1,1,0,1,1,1,1,1,1,1
2013-07-11 14:00:00+00:00,60,7,14,136.75152587890625,50.31201171875,0,0,0,0,0,0,0,0,0,0,0,1,1,1,1,1,1,0,0,0,0,0,0,0,1
2013-07-11 14:00:00+00:00,60,7,14,301.0708312988281,239.29217529296875,0,0,0,0,0,0,0,0,0,0,0,0,0,0,0,0,1,0,0,0,0,0,0,0,0
2013-07-11 14:00:00+00:00,60,7,14,159.86880493164062,28.176467895507812,0,0,0,0,0,0,0,0,0,0,0,0,1,1,1,1,1,0,0,0,0,1,1,1,1
2013-07-11 14:00:00+00:00,60,7,14,303.8831481933594,242.85714721679688,0,0,0,0,0,0,0,0,0,0,0,0,0,0,0,0,1,0,0,0,0,0,0,0,0
2013-07-11 14:00:00+00:00,60,7,14,143.18051147460938,108.45769500732422,0,0,0,0,0,0,0,0,0,0,0,1,1,1,1,1,1,0,0,0,0,0,0,0,0
2013-07-11 14:00:00+00:00,60,7,14,231.74783325195312,60.70967483520508,0,0,0,0,0,0,0,0,0,0,0,0,0,0,1,1,1,0,0,0,0,0,0,0,0
2013-07-11 14:00:00+00:00,60,7,14,34.94490432739258,0.0,0,0,0,0,0,1,1,1,1,1,1,1,1,1,1,1,1,1,1,1,1,1,1,1,1
2013-07-11 14:00:00+00:00,60,7,14,58.37061309814453,15.350031852722168,0,0,0,0,0,0,0,1,1,1,1,1,1,1,1,1,1,0,0,1,1,1,1,1,1
2013-07-11 14:15:00+00:00,60,7,14,,509.7288818359375,0,0,0,0,0,0,0,0,0,0,0,0,0,0,0,0,0,0,0,0,0,0,0,0,0
2013-07-11 14:15:00+00:00,60,7,14,,,0,0,0,0,0,0,0,0,0,0,0,0,0,0,0,0,0,0,0,0,0,0,0,0,0
2013-07-11 14:15:00+00:00,60,7,14,44.405494689941406,64.23756408691406,0,0,0,0,0,0,1,1,1,1,1,1,1,1,1,1,1,0,0,0,0,0,0,0,0
2013-07-11 14:15:00+00:00,60,7,14,125.53877258300781,11.667344093322754,0,0,0,0,0,0,0,0,0,0,0,1,1,1,1,1,1,0,1,1,1,1,1,1,1
2013-07-11 14:15:00+00:00,60,7,14,111.64949798583984,12.586285591125488,0,0,0,0,0,0,0,0,0,0,1,1,1,1,1,1,1,0,1,1,1,1,1,1,1
2013-07-11 14:15:00+00:00,60,7,14,75.72772979736328,52.70515823364258,0,0,0,0,0,0,0,0,1,1,1,1,1,1,1,1,1,0,0,0,0,0,0,0,1
2013-07-11 14:15:00+00:00,60,7,14,54.207427978515625,0.0,0,0,0,0,0,0,0,1,1,1,1,1,1,1,1,1,1,1,1,1,1,1,1,1,1
2013-07-11 14:15:00+00:00,60,7,14,370.46636962890625,42.485267639160156,0,0,0,0,0,0,0,0,0,0,0,0,0,0,0,0,0,0,0,0,0,0,0,1,1
2013-07-11 14:15:00+00:00,60,7,14,44.69609832763672,67.4561538696289,0,0,0,0,0,0,1,1,1,1,1,1,1,1,1,1,1,0,0,0,0,0,0,0,0
2013-07-11 14:15:00+00:00,60,7,14,50.440460205078125,0.0,0,0,0,0,0,0,0,1,1,1,1,1,1,1,1,1,1,1,1,1,1,1,1,1,1
2013-07-11 14:15:00+00:00,60,7,14,,25.812726974487305,0,0,0,0,0,0,0,0,0,0,0,0,0,0,0,0,0,0,0,0,0,1,1,1,1
2013-07-11 14:15:00+00:00,60,7,14,,54.72560501098633,0,0,0,0,0,0,0,0,0,0,0,0,0,0,0,0,0,0,0,0,0,0,0,0,1
2013-07-11 14:15:00+00:00,60,7,14,,0.0,0,0,0,0,0,0,0,0,0,0,0,0,0,0,0,0,0,1,1,1,1,1,1,1,1
2013-07-11 14:30:00+00:00,60,7,14,,,0,0,0,0,0,0,0,0,0,0,0,0,0,0,0,0,0,0,0,0,0,0,0,0,0
2013-07-11 14:30:00+00:00,60,7,14,107.17964935302734,74.3387451171875,0,0,0,0,0,0,0,0,0,0,1,1,1,1,1,1,1,0,0,0,0,0,0,0,0
2013-07-11 14:30:00+00:00,60,7,14,114.15568542480469,13.525067329406738,0,0,0,0,0,0,0,0,0,0,1,1,1,1,1,1,1,0,1,1,1,1,1,1,1
2013-07-11 14:30:00+00:00,60,7,14,191.83059692382812,148.26666259765625,0,0,0,0,0,0,0,0,0,0,0,0,0,1,1,1,1,0,0,0,0,0,0,0,0
2013-07-11 14:30:00+00:00,60,7,14,231.0334014892578,183.29229736328125,0,0,0,0,0,0,0,0,0,0,0,0,0,0,1,1,1,0,0,0,0,0,0,0,0
2013-07-11 14:30:00+00:00,60,7,14,45.45576858520508,9.60879135131836,0,0,0,0,0,0,1,1,1,1,1,1,1,1,1,1,1,1,1,1,1,1,1,1,1
2013-07-11 14:30:00+00:00,60,7,14,208.18795776367188,29.955890655517578,0,0,0,0,0,0,0,0,0,0,0,0,0,0,1,1,1,0,0,0,0,1,1,1,1
2013-07-11 14:30:00+00:00,60,7,14,261.6386413574219,280.9300537109375,0,0,0,0,0,0,0,0,0,0,0,0,0,0,0,1,1,0,0,0,0,0,0,0,0
2013-07-11 14:30:00+00:00,60,7,14,153.9081268310547,75.25491333007812,0,0,0,0,0,0,0,0,0,0,0,0,1,1,1,1,1,0,0,0,0,0,0,0,0
2013-07-11 14:30:00+00:00,60,7,14,,,0,0,0,0,0,0,0,0,0,0,0,0,0,0,0,0,0,0,0,0,0,0,0,0,0
2013-07-11 14:30:00+00:00,60,7,14,,,0,0,0,0,0,0,0,0,0,0,0,0,0,0,0,0,0,0,0,0,0,0,0,0,0
2013-07-11 14:45:00+00:00,60,7,14,112.5443344116211,90.04393768310547,0,0,0,0,0,0,0,0,0,0,1,1,1,1,1,1,1,0,0,0,0,0,0,0,0
2013-07-11 14:45:00+00:00,60,7,14,213.7126922607422,124.04078674316406,0,0,0,0,0,0,0,0,0,0,0,0,0,0,1,1,1,0,0,0,0,0,0,0,0
2013-07-11 14:45:00+00:00,60,7,14,144.11746215820312,76.77018737792969,0,0,0,0,0,0,0,0,0,0,0,1,1,1,1,1,1,0,0,0,0,0,0,0,0
2013-07-11 14:45:00+00:00,60,7,14,52.87935256958008,4.48106050491333,0,0,0,0,0,0,0,1,1,1,1,1,1,1,1,1,1,1,1,1,1,1,1,1,1
2013-07-11 14:45:00+00:00,60,7,14,29.066749572753906,25.337417602539062,0,0,0,0,1,1,1,1,1,1,1,1,1,1,1,1,1,0,0,0,0,1,1,1,1
2013-07-11 14:45:00+00:00,60,7,14,415.5088195800781,381.38714599609375,0,0,0,0,0,0,0,0,0,0,0,0,0,0,0,0,0,0,0,0,0,0,0,0,0
2013-07-11 14:45:00+00:00,60,7,14,34.364376068115234,0.0,0,0,0,0,0,1,1,1,1,1,1,1,1,1,1,1,1,1,1,1,1,1,1,1,1
2013-07-11 14:45:00+00:00,60,7,14,94.09918212890625,19.745790481567383,0,0,0,0,0,0,0,0,0,1,1,1,1,1,1,1,1,0,0,1,1,1,1,1,1
2013-07-11 14:45:00+00:00,60,7,14,111.14669036865234,3.291137218475342,0,0,0,0,0,0,0,0,0,0,1,1,1,1,1,1,1,1,1,1,1,1,1,1,1
2013-07-11 14:45:00+00:00,60,7,14,95.84912109375,29.559654235839844,0,0,0,0,0,0,0,0,0,1,1,1,1,1,1,1,1,0,0,0,0,1,1,1,1
2013-07-11 14:45:00+00:00,60,7,14,127.66610717773438,232.8769989013672,0,0,0,0,0,0,0,0,0,0,0,1,1,1,1,1,1,0,0,0,0,0,0,0,0
2013-07-11 15:00:00+00:00,60,7,15,104.54301452636719,25.187767028808594,0,0,0,0,0,0,0,0,0,0,1,1,1,1,1,1,1,0,0,0,0,1,1,1,1
2013-07-11 15:00:00+00:00,60,7,15,213.6072998046875,98.37828826904297,0,0,0,0,0,0,0,0,0,0,0,0,0,0,1,1,1,0,0,0,0,0,0,0,0
2013-07-11 15:00:00+00:00,60,7,15,183.79681396484375,40.332313537597656,0,0,0,0,0,0,0,0,0,0,0,0,0,1,1,1,1,0,0,0,0,0,0,1,1
2013-07-11 15:00:00+00:00,60,7,15,109.1958236694336,71.43028259277344,0,0,0,0,0,0,0,0,0,0,1,1,1,1,1,1,1,0,0,0,0,0,0,0,0
2013-07-11 15:00:00+00:00,60,7,15,54.51600646972656,24.41512107849121,0,0,0,0,0,0,0,1,1,1,1,1,1,1,1,1,1,0,0,0,1,1,1,1,1
2013-07-11 15:00:00+00:00,60,7,15,97.14301300048828,6.359485626220703,0,0,0,0,0,0,0,0,0,1,1,1,1,1,1,1,1,1,1,1,1,1,1,1,1
2013-07-11 15:15:00+00:00,60,7,15,133.26422119140625,154.07421875,0,0,0,0,0,0,0,0,0,0,0,1,1,1,1,1,1,0,0,0,0,0,0,0,0
2013-07-11 15:15:00+00:00,60,7,15,299.62274169921875,278.2631530761719,0,0,0,0,0,0,0,0,0,0,0,0,0,0,0,1,1,0,0,0,0,0,0,0,0
2013-07-11 15:15:00+00:00,60,7,15,94.00407409667969,6.755899906158447,0,0,0,0,0,0,0,0,0,1,1,1,1,1,1,1,1,1,1,1,1,1,1,1,1
2013-07-11 15:15:00+00:00,60,7,15,30.827739715576172,12.504932403564453,0,0,0,0,0,1,1,1,1,1,1,1,1,1,1,1,1,0,1,1,1,1,1,1,1
2013-07-11 15:15:00+00:00,60,7,15,85.33984375,0.0,0,0,0,0,0,0,0,0,0,1,1,1,1,1,1,1,1,1,1,1,1,1,1,1,1
2013-07-11 15:15:00+00:00,60,7,15,208.9800567626953,164.3098907470703,0,0,0,0,0,0,0,0,0,0,0,0,0,0,1,1,1,0,0,0,0,0,0,0,0
2013-07-11 15:15:00+00:00,60,7,15,96.10790252685547,99.84434509277344,0,0,0,0,0,0,0,0,0,1,1,1,1,1,1,1,1,0,0,0,0,0,0,0,0
2013-07-11 15:15:00+00:00,60,7,15,235.2790069580078,10.913541793823242,0,0,0,0,0,0,0,0,0,0,0,0,0,0,1,1,1,0,1,1,1,1,1,1,1
2013-07-11 15:15:00+00:00,60,7,15,,,0,0,0,0,0,0,0,0,0,0,0,0,0,0,0,0,0,0,0,0,0,0,0,0,0
2013-07-11 15:30:00+00:00,60,7,15,,,0,0,0,0,0,0,0,0,0,0,0,0,0,0,0,0,0,0,0,0,0,0,0,0,0
2013-07-11 15:30:00+00:00,60,7,15,81.26331329345703,47.5722770690918,0,0,0,0,0,0,0,0,0,1,1,1,1,1,1,1,1,0,0,0,0,0,0,1,1
2013-07-11 15:30:00+00:00,60,7,15,408.58111572265625,141.5214080810547,0,0,0,0,0,0,0,0,0,0,0,0,0,0,0,0,0,0,0,0,0,0,0,0,0
2013-07-11 15:30:00+00:00,60,7,15,124.0774917602539,76.32820129394531,0,0,0,0,0,0,0,0,0,0,0,1,1,1,1,1,1,0,0,0,0,0,0,0,0
2013-07-11 15:30:00+00:00,60,7,15,311.2459716796875,280.9226989746094,0,0,0,0,0,0,0,0,0,0,0,0,0,0,0,0,1,0,0,0,0,0,0,0,0
2013-07-11 15:30:00+00:00,60,7,15,51.837059020996094,27.894588470458984,0,0,0,0,0,0,0,1,1,1,1,1,1,1,1,1,1,0,0,0,0,1,1,1,1
2013-07-11 15:30:00+00:00,60,7,15,199.9023895263672,49.15409851074219,0,0,0,0,0,0,0,0,0,0,0,0,0,1,1,1,1,0,0,0,0,0,0,1,1
2013-07-11 15:30:00+00:00,60,7,15,112.6197738647461,118.47956848144531,0,0,0,0,0,0,0,0,0,0,1,1,1,1,1,1,1,0,0,0,0,0,0,0,0
2013-07-11 15:30:00+00:00,60,7,15,,,0,0,0,0,0,0,0,0,0,0,0,0,0,0,0,0,0,0,0,0,0,0,0,0,0
2013-07-11 15:30:00+00:00,60,7,15,,,0,0,0,0,0,0,0,0,0,0,0,0,0,0,0,0,0,0,0,0,0,0,0,0,0
2013-07-11 15:30:00+00:00,60,7,15,,,0,0,0,0,0,0,0,0,0,0,0,0,0,0,0,0,0,0,0,0,0,0,0,0,0
2013-07-11 15:30:00+00:00,60,7,15,,,0,0,0,0,0,0,0,0,0,0,0,0,0,0,0,0,0,0,0,0,0,0,0,0,0
2013-07-11 15:45:00+00:00,60,7,15,,271.4813537597656,0,0,0,0,0,0,0,0,0,0,0,0,0,0,0,0,0,0,0,0,0,0,0,0,0
2013-07-11 15:45:00+00:00,60,7,15,,266.0248718261719,0,0,0,0,0,0,0,0,0,0,0,0,0,0,0,0,0,0,0,0,0,0,0,0,0
2013-07-11 15:45:00+00:00,60,7,15,56.13197326660156,58.810264587402344,0,0,0,0,0,0,0,1,1,1,1,1,1,1,1,1,1,0,0,0,0,0,0,0,1
2013-07-11 15:45:00+00:00,60,7,15,109.66930389404297,72.49405670166016,0,0,0,0,0,0,0,0,0,0,1,1,1,1,1,1,1,0,0,0,0,0,0,0,0
2013-07-11 15:45:00+00:00,60,7,15,102.40181732177734,93.31527709960938,0,0,0,0,0,0,0,0,0,0,1,1,1,1,1,1,1,0,0,0,0,0,0,0,0
2013-07-11 15:45:00+00:00,60,7,15,156.67529296875,178.75607299804688,0,0,0,0,0,0,0,0,0,0,0,0,1,1,1,1,1,0,0,0,0,0,0,0,0
2013-07-11 15:45:00+00:00,60,7,15,144.01483154296875,122.0455551147461,0,0,0,0,0,0,0,0,0,0,0,1,1,1,1,1,1,0,0,0,0,0,0,0,0
2013-07-11 15:45:00+00:00,60,7,15,47.80787658691406,20.222148895263672,0,0,0,0,0,0,1,1,1,1,1,1,1,1,1,1,1,0,0,0,1,1,1,1,1
2013-07-11 15:45:00+00:00,60,7,15,197.5335235595703,95.28520202636719,0,0,0,0,0,0,0,0,0,0,0,0,0,1,1,1,1,0,0,0,0,0,0,0,0
2013-07-11 15:45:00+00:00,60,7,15,,,0,0,0,0,0,0,0,0,0,0,0,0,0,0,0,0,0,0,0,0,0,0,0,0,0
2013-07-11 16:00:00+00:00,60,7,16,50.841957092285156,3.1464555263519287,0,0,0,0,0,0,0,1,1,1,1,1,1,1,1,1,1,1,1,1,1,1,1,1,1
2013-07-11 16:00:00+00:00,60,7,16,50.26082992553711,20.992467880249023,0,0,0,0,0,0,0,1,1,1,1,1,1,1,1,1,1,0,0,0,1,1,1,1,1
2013-07-11 16:00:00+00:00,60,7,16,237.7952423095703,26.200984954833984,0,0,0,0,0,0,0,0,0,0,0,0,0,0,1,1,1,0,0,0,0,1,1,1,1
2013-07-11 16:00:00+00:00,60,7,16,330.15673828125,279.59173583984375,0,0,0,0,0,0,0,0,0,0,0,0,0,0,0,0,1,0,0,0,0,0,0,0,0
2013-07-11 16:00:00+00:00,60,7,16,225.7344512939453,257.650146484375,0,0,0,0,0,0,0,0,0,0,0,0,0,0,1,1,1,0,0,0,0,0,0,0,0
2013-07-11 16:00:00+00:00,60,7,16,81.85590362548828,42.0507926940918,0,0,0,0,0,0,0,0,0,1,1,1,1,1,1,1,1,0,0,0,0,0,0,1,1
2013-07-11 16:00:00+00:00,60,7,16,118.55523681640625,102.36883544921875,0,0,0,0,0,0,0,0,0,0,1,1,1,1,1,1,1,0,0,0,0,0,0,0,0
2013-07-11 16:00:00+00:00,60,7,16,,,0,0,0,0,0,0,0,0,0,0,0,0,0,0,0,0,0,0,0,0,0,0,0,0,0
2013-07-11 16:15:00+00:00,60,7,16,,,0,0,0,0,0,0,0,0,0,0,0,0,0,0,0,0,0,0,0,0,0,0,0,0,0
2013-07-11 16:15:00+00:00,60,7,16,120.07671356201172,99.4369125366211,0,0,0,0,0,0,0,0,0,0,0,1,1,1,1,1,1,0,0,0,0,0,0,0,0
2013-07-11 16:15:00+00:00,60,7,16,394.7756042480469,14.249566078186035,0,0,0,0,0,0,0,0,0,0,0,0,0,0,0,0,0,0,1,1,1,1,1,1,1
2013-07-11 16:15:00+00:00,60,7,16,124.35682678222656,18.057897567749023,0,0,0,0,0,0,0,0,0,0,0,1,1,1,1,1,1,0,0,1,1,1,1,1,1
2013-07-11 16:15:00+00:00,60,7,16,118.753173828125,106.18714904785156,0,0,0,0,0,0,0,0,0,0,1,1,1,1,1,1,1,0,0,0,0,0,0,0,0
2013-07-11 16:15:00+00:00,60,7,16,209.58901977539062,255.1024627685547,0,0,0,0,0,0,0,0,0,0,0,0,0,0,1,1,1,0,0,0,0,0,0,0,0
2013-07-11 16:15:00+00:00,60,7,16,219.65550231933594,258.4562072753906,0,0,0,0,0,0,0,0,0,0,0,0,0,0,1,1,1,0,0,0,0,0,0,0,0
2013-07-11 16:15:00+00:00,60,7,16,129.55296325683594,59.8530387878418,0,0,0,0,0,0,0,0,0,0,0,1,1,1,1,1,1,0,0,0,0,0,0,0,1
2013-07-11 16:15:00+00:00,60,7,16,289.4858093261719,224.7068634033203,0,0,0,0,0,0,0,0,0,0,0,0,0,0,0,1,1,0,0,0,0,0,0,0,0
2013-07-11 16:15:00+00:00,60,7,16,,,0,0,0,0,0,0,0,0,0,0,0,0,0,0,0,0,0,0,0,0,0,0,0,0,0
2013-07-11 16:30:00+00:00,60,7,16,288.0485534667969,,0,0,0,0,0,0,0,0,0,0,0,0,0,0,0,1,1,0,0,0,0,0,0,0,0
2013-07-11 16:30:00+00:00,60,7,16,232.7879180908203,181.5309295654297,0,0,0,0,0,0,0,0,0,0,0,0,0,0,1,1,1,0,0,0,0,0,0,0,0
2013-07-11 16:30:00+00:00,60,7,16,330.02191162109375,25.364744186401367,0,0,0,0,0,0,0,0,0,0,0,0,0,0,0,0,1,0,0,0,0,1,1,1,1
2013-07-11 16:30:00+00:00,60,7,16,78.06507110595703,12.474711418151855,0,0,0,0,0,0,0,0,1,1,1,1,1,1,1,1,1,0,1,1,1,1,1,1,1
2013-07-11 16:30:00+00:00,60,7,16,82.06588745117188,12.575055122375488,0,0,0,0,0,0,0,0,0,1,1,1,1,1,1,1,1,0,1,1,1,1,1,1,1
2013-07-11 16:30:00+00:00,60,7,16,131.10525512695312,82.83060455322266,0,0,0,0,0,0,0,0,0,0,0,1,1,1,1,1,1,0,0,0,0,0,0,0,0
2013-07-11 16:30:00+00:00,60,7,16,117.64097595214844,81.02801513671875,0,0,0,0,0,0,0,0,0,0,1,1,1,1,1,1,1,0,0,0,0,0,0,0,0
2013-07-11 16:30:00+00:00,60,7,16,89.70305633544922,63.401878356933594,0,0,0,0,0,0,0,0,0,1,1,1,1,1,1,1,1,0,0,0,0,0,0,0,0
2013-07-11 16:30:00+00:00,60,7,16,50.58198928833008,24.31266212463379,0,0,0,0,0,0,0,1,1,1,1,1,1,1,1,1,1,0,0,0,1,1,1,1,1
2013-07-11 16:30:00+00:00,60,7,16,38.0566520690918,0.0,0,0,0,0,0,1,1,1,1,1,1,1,1,1,1,1,1,1,1,1,1,1,1,1,1
2013-07-11 16:30:00+00:00,60,7,16,270.5021667480469,325.1431579589844,0,0,0,0,0,0,0,0,0,0,0,0,0,0,0,1,1,0,0,0,0,0,0,0,0
2013-07-11 16:30:00+00:00,60,7,16,,216.73089599609375,0,0,0,0,0,0,0,0,0,0,0,0,0,0,0,0,0,0,0,0,0,0,0,0,0
2013-07-11 16:30:00+00:00,60,7,16,131.7450408935547,135.41055297851562,0,0,0,0,0,0,0,0,0,0,0,1,1,1,1,1,1,0,0,0,0,0,0,0,0
2013-07-11 16:30:00+00:00,60,7,16,,,0,0,0,0,0,0,0,0,0,0,0,0,0,0,0,0,0,0,0,0,0,0,0,0,0
2013-07-11 16:45:00+00:00,60,7,16,293.4306640625,301.677001953125,0,0,0,0,0,0,0,0,0,0,0,0,0,0,0,1,1,0,0,0,0,0,0,0,0
2013-07-11 16:45:00+00:00,60,7,16,203.32418823242188,253.060546875,0,0,0,0,0,0,0,0,0,0,0,0,0,0,1,1,1,0,0,0,0,0,0,0,0
2013-07-11 16:45:00+00:00,60,7,16,98.9334945678711,0.0,0,0,0,0,0,0,0,0,0,1,1,1,1,1,1,1,1,1,1,1,1,1,1,1,1
2013-07-11 16:45:00+00:00,60,7,16,193.22598266601562,0.0,0,0,0,0,0,0,0,0,0,0,0,0,0,1,1,1,1,1,1,1,1,1,1,1,1
2013-07-11 16:45:00+00:00,60,7,16,34.326786041259766,20.849933624267578,0,0,0,0,0,1,1,1,1,1,1,1,1,1,1,1,1,0,0,0,1,1,1,1,1
2013-07-11 16:45:00+00:00,60,7,16,291.8388366699219,245.7264862060547,0,0,0,0,0,0,0,0,0,0,0,0,0,0,0,1,1,0,0,0,0,0,0,0,0
2013-07-11 16:45:00+00:00,60,7,16,171.21942138671875,33.69009780883789,0,0,0,0,0,0,0,0,0,0,0,0,1,1,1,1,1,0,0,0,0,0,1,1,1
2013-07-11 16:45:00+00:00,60,7,16,106.87692260742188,80.54888916015625,0,0,0,0,0,0,0,0,0,0,1,1,1,1,1,1,1,0,0,0,0,0,0,0,0
2013-07-11 16:45:00+00:00,60,7,16,139.73634338378906,26.011098861694336,0,0,0,0,0,0,0,0,0,0,0,1,1,1,1,1,1,0,0,0,0,1,1,1,1
2013-07-11 16:45:00+00:00,60,7,16,,213.2899932861328,0,0,0,0,0,0,0,0,0,0,0,0,0,0,0,0,0,0,0,0,0,0,0,0,0
2013-07-11 16:45:00+00:00,60,7,16,81.14022827148438,113.86985778808594,0,0,0,0,0,0,0,0,0,1,1,1,1,1,1,1,1,0,0,0,0,0,0,0,0
2013-07-11 17:00:00+00:00,60,7,17,295.0906677246094,278.2618713378906,0,0,0,0,0,0,0,0,0,0,0,0,0,0,0,1,1,0,0,0,0,0,0,0,0
2013-07-11 17:00:00+00:00,60,7,17,82.00004577636719,0.0,0,0,0,0,0,0,0,0,0,1,1,1,1,1,1,1,1,1,1,1,1,1,1,1,1
2013-07-11 17:00:00+00:00,60,7,17,222.8649139404297,415.6670227050781,0,0,0,0,0,0,0,0,0,0,0,0,0,0,1,1,1,0,0,0,0,0,0,0,0
2013-07-11 17:00:00+00:00,60,7,17,173.365234375,82.14228820800781,0,0,0,0,0,0,0,0,0,0,0,0,1,1,1,1,1,0,0,0,0,0,0,0,0
2013-07-11 17:00:00+00:00,60,7,17,684.9359741210938,725.9237060546875,0,0,0,0,0,0,0,0,0,0,0,0,0,0,0,0,0,0,0,0,0,0,0,0,0
2013-07-11 17:00:00+00:00,60,7,17,114.12593078613281,126.90308380126953,0,0,0,0,0,0,0,0,0,0,1,1,1,1,1,1,1,0,0,0,0,0,0,0,0
2013-07-11 17:00:00+00:00,60,7,17,,,0,0,0,0,0,0,0,0,0,0,0,0,0,0,0,0,0,0,0,0,0,0,0,0,0
2013-07-11 17:15:00+00:00,60,7,17,223.86607360839844,329.1670227050781,0,0,0,0,0,0,0,0,0,0,0,0,0,0,1,1,1,0,0,0,0,0,0,0,0
2013-07-11 17:15:00+00:00,60,7,17,102.84387969970703,75.56697845458984,0,0,0,0,0,0,0,0,0,0,1,1,1,1,1,1,1,0,0,0,0,0,0,0,0
2013-07-11 17:15:00+00:00,60,7,17,75.0173110961914,234.84564208984375,0,0,0,0,0,0,0,0,1,1,1,1,1,1,1,1,1,0,0,0,0,0,0,0,0
2013-07-11 17:15:00+00:00,60,7,17,,,0,0,0,0,0,0,0,0,0,0,0,0,0,0,0,0,0,0,0,0,0,0,0,0,0
2013-07-11 17:30:00+00:00,60,7,17,61.88703155517578,78.9172592163086,0,0,0,0,0,0,0,0,1,1,1,1,1,1,1,1,1,0,0,0,0,0,0,0,0
2013-07-11 17:30:00+00:00,60,7,17,97.1176528930664,118.53470611572266,0,0,0,0,0,0,0,0,0,1,1,1,1,1,1,1,1,0,0,0,0,0,0,0,0
2013-07-11 17:30:00+00:00,60,7,17,359.45526123046875,89.9334945678711,0,0,0,0,0,0,0,0,0,0,0,0,0,0,0,0,0,0,0,0,0,0,0,0,0
2013-07-11 17:30:00+00:00,60,7,17,145.06597900390625,75.4762954711914,0,0,0,0,0,0,0,0,0,0,0,1,1,1,1,1,1,0,0,0,0,0,0,0,0
2013-07-11 17:30:00+00:00,60,7,17,192.3666534423828,184.26840209960938,0,0,0,0,0,0,0,0,0,0,0,0,0,1,1,1,1,0,0,0,0,0,0,0,0
2013-07-11 17:45:00+00:00,60,7,17,43.516910552978516,17.568113327026367,0,0,0,0,0,0,1,1,1,1,1,1,1,1,1,1,1,0,0,1,1,1,1,1,1
2013-07-11 17:45:00+00:00,60,7,17,108.45211791992188,183.95338439941406,0,0,0,0,0,0,0,0,0,0,1,1,1,1,1,1,1,0,0,0,0,0,0,0,0
2013-07-11 17:45:00+00:00,60,7,17,65.6683120727539,13.526971817016602,0,0,0,0,0,0,0,0,1,1,1,1,1,1,1,1,1,0,1,1,1,1,1,1,1
2013-07-11 17:45:00+00:00,60,7,17,207.9669189453125,230.87448120117188,0,0,0,0,0,0,0,0,0,0,0,0,0,0,1,1,1,0,0,0,0,0,0,0,0
2013-07-12 10:00:00+00:00,60,7,10,162.83416748046875,,0,0,0,0,0,0,0,0,0,0,0,0,1,1,1,1,1,0,0,0,0,0,0,0,0
2013-07-12 10:00:00+00:00,60,7,10,,,0,0,0,0,0,0,0,0,0,0,0,0,0,0,0,0,0,0,0,0,0,0,0,0,0
2013-07-12 10:00:00+00:00,60,7,10,,18.898115158081055,0,0,0,0,0,0,0,0,0,0,0,0,0,0,0,0,0,0,0,1,1,1,1,1,1
2013-07-12 10:00:00+00:00,60,7,10,,71.37118530273438,0,0,0,0,0,0,0,0,0,0,0,0,0,0,0,0,0,0,0,0,0,0,0,0,0
2013-07-12 10:15:00+00:00,60,7,10,,,0,0,0,0,0,0,0,0,0,0,0,0,0,0,0,0,0,0,0,0,0,0,0,0,0
2013-07-12 10:15:00+00:00,60,7,10,,,0,0,0,0,0,0,0,0,0,0,0,0,0,0,0,0,0,0,0,0,0,0,0,0,0
2013-07-12 10:30:00+00:00,60,7,10,,,0,0,0,0,0,0,0,0,0,0,0,0,0,0,0,0,0,0,0,0,0,0,0,0,0
2013-07-12 10:30:00+00:00,60,7,10,,,0,0,0,0,0,0,0,0,0,0,0,0,0,0,0,0,0,0,0,0,0,0,0,0,0
2013-07-12 10:30:00+00:00,60,7,10,,,0,0,0,0,0,0,0,0,0,0,0,0,0,0,0,0,0,0,0,0,0,0,0,0,0
2013-07-12 10:30:00+00:00,60,7,10,,,0,0,0,0,0,0,0,0,0,0,0,0,0,0,0,0,0,0,0,0,0,0,0,0,0
2013-07-12 10:30:00+00:00,60,7,10,,,0,0,0,0,0,0,0,0,0,0,0,0,0,0,0,0,0,0,0,0,0,0,0,0,0
2013-07-12 10:45:00+00:00,60,7,10,,,0,0,0,0,0,0,0,0,0,0,0,0,0,0,0,0,0,0,0,0,0,0,0,0,0
2013-07-12 10:45:00+00:00,60,7,10,,,0,0,0,0,0,0,0,0,0,0,0,0,0,0,0,0,0,0,0,0,0,0,0,0,0
2013-07-12 10:45:00+00:00,60,7,10,,,0,0,0,0,0,0,0,0,0,0,0,0,0,0,0,0,0,0,0,0,0,0,0,0,0
2013-07-12 11:00:00+00:00,60,7,11,,,0,0,0,0,0,0,0,0,0,0,0,0,0,0,0,0,0,0,0,0,0,0,0,0,0
2013-07-12 11:00:00+00:00,60,7,11,,,0,0,0,0,0,0,0,0,0,0,0,0,0,0,0,0,0,0,0,0,0,0,0,0,0
2013-07-12 11:00:00+00:00,60,7,11,,,0,0,0,0,0,0,0,0,0,0,0,0,0,0,0,0,0,0,0,0,0,0,0,0,0
2013-07-12 11:00:00+00:00,60,7,11,,,0,0,0,0,0,0,0,0,0,0,0,0,0,0,0,0,0,0,0,0,0,0,0,0,0
2013-07-12 11:00:00+00:00,60,7,11,,568.4520874023438,0,0,0,0,0,0,0,0,0,0,0,0,0,0,0,0,0,0,0,0,0,0,0,0,0
2013-07-12 11:00:00+00:00,60,7,11,327.1856384277344,189.00218200683594,0,0,0,0,0,0,0,0,0,0,0,0,0,0,0,0,1,0,0,0,0,0,0,0,0
2013-07-12 11:00:00+00:00,60,7,11,471.3205871582031,394.4404602050781,0,0,0,0,0,0,0,0,0,0,0,0,0,0,0,0,0,0,0,0,0,0,0,0,0
2013-07-12 11:00:00+00:00,60,7,11,93.89696502685547,11.757909774780273,0,0,0,0,0,0,0,0,0,1,1,1,1,1,1,1,1,0,1,1,1,1,1,1,1
2013-07-12 11:15:00+00:00,60,7,11,,,0,0,0,0,0,0,0,0,0,0,0,0,0,0,0,0,0,0,0,0,0,0,0,0,0
2013-07-12 11:15:00+00:00,60,7,11,,,0,0,0,0,0,0,0,0,0,0,0,0,0,0,0,0,0,0,0,0,0,0,0,0,0
2013-07-12 11:15:00+00:00,60,7,11,,,0,0,0,0,0,0,0,0,0,0,0,0,0,0,0,0,0,0,0,0,0,0,0,0,0
2013-07-12 11:15:00+00:00,60,7,11,,,0,0,0,0,0,0,0,0,0,0,0,0,0,0,0,0,0,0,0,0,0,0,0,0,0
2013-07-12 11:15:00+00:00,60,7,11,,,0,0,0,0,0,0,0,0,0,0,0,0,0,0,0,0,0,0,0,0,0,0,0,0,0
2013-07-12 11:15:00+00:00,60,7,11,,,0,0,0,0,0,0,0,0,0,0,0,0,0,0,0,0,0,0,0,0,0,0,0,0,0
2013-07-12 11:15:00+00:00,60,7,11,,212.47134399414062,0,0,0,0,0,0,0,0,0,0,0,0,0,0,0,0,0,0,0,0,0,0,0,0,0
2013-07-12 11:15:00+00:00,60,7,11,,223.65113830566406,0,0,0,0,0,0,0,0,0,0,0,0,0,0,0,0,0,0,0,0,0,0,0,0,0
2013-07-12 11:30:00+00:00,60,7,11,,,0,0,0,0,0,0,0,0,0,0,0,0,0,0,0,0,0,0,0,0,0,0,0,0,0
2013-07-12 11:30:00+00:00,60,7,11,,,0,0,0,0,0,0,0,0,0,0,0,0,0,0,0,0,0,0,0,0,0,0,0,0,0
2013-07-12 11:30:00+00:00,60,7,11,,30.144458770751953,0,0,0,0,0,0,0,0,0,0,0,0,0,0,0,0,0,0,0,0,0,0,1,1,1
2013-07-12 11:30:00+00:00,60,7,11,,,0,0,0,0,0,0,0,0,0,0,0,0,0,0,0,0,0,0,0,0,0,0,0,0,0
2013-07-12 11:30:00+00:00,60,7,11,644.0969848632812,558.18896484375,0,0,0,0,0,0,0,0,0,0,0,0,0,0,0,0,0,0,0,0,0,0,0,0,0
2013-07-12 11:30:00+00:00,60,7,11,588.179931640625,495.3947448730469,0,0,0,0,0,0,0,0,0,0,0,0,0,0,0,0,0,0,0,0,0,0,0,0,0
2013-07-12 11:30:00+00:00,60,7,11,195.95770263671875,187.48912048339844,0,0,0,0,0,0,0,0,0,0,0,0,0,1,1,1,1,0,0,0,0,0,0,0,0
2013-07-12 11:45:00+00:00,60,7,11,,357.92022705078125,0,0,0,0,0,0,0,0,0,0,0,0,0,0,0,0,0,0,0,0,0,0,0,0,0
2013-07-12 11:45:00+00:00,60,7,11,,323.69012451171875,0,0,0,0,0,0,0,0,0,0,0,0,0,0,0,0,0,0,0,0,0,0,0,0,0
2013-07-12 11:45:00+00:00,60,7,11,,,0,0,0,0,0,0,0,0,0,0,0,0,0,0,0,0,0,0,0,0,0,0,0,0,0
2013-07-12 11:45:00+00:00,60,7,11,,550.1475219726562,0,0,0,0,0,0,0,0,0,0,0,0,0,0,0,0,0,0,0,0,0,0,0,0,0
2013-07-12 11:45:00+00:00,60,7,11,,,0,0,0,0,0,0,0,0,0,0,0,0,0,0,0,0,0,0,0,0,0,0,0,0,0
2013-07-12 11:45:00+00:00,60,7,11,,191.57725524902344,0,0,0,0,0,0,0,0,0,0,0,0,0,0,0,0,0,0,0,0,0,0,0,0,0
2013-07-12 11:45:00+00:00,60,7,11,438.7322692871094,367.3499755859375,0,0,0,0,0,0,0,0,0,0,0,0,0,0,0,0,0,0,0,0,0,0,0,0,0
2013-07-12 11:45:00+00:00,60,7,11,755.658935546875,524.022705078125,0,0,0,0,0,0,0,0,0,0,0,0,0,0,0,0,0,0,0,0,0,0,0,0,0
2013-07-12 11:45:00+00:00,60,7,11,399.86505126953125,319.86053466796875,0,0,0,0,0,0,0,0,0,0,0,0,0,0,0,0,0,0,0,0,0,0,0,0,0
2013-07-12 12:00:00+00:00,60,7,12,163.16004943847656,177.1269989013672,0,0,0,0,0,0,0,0,0,0,0,0,1,1,1,1,1,0,0,0,0,0,0,0,0
2013-07-12 12:00:00+00:00,60,7,12,,,0,0,0,0,0,0,0,0,0,0,0,0,0,0,0,0,0,0,0,0,0,0,0,0,0
2013-07-12 12:00:00+00:00,60,7,12,423.4096374511719,376.73114013671875,0,0,0,0,0,0,0,0,0,0,0,0,0,0,0,0,0,0,0,0,0,0,0,0,0
2013-07-12 12:00:00+00:00,60,7,12,,,0,0,0,0,0,0,0,0,0,0,0,0,0,0,0,0,0,0,0,0,0,0,0,0,0
2013-07-12 12:00:00+00:00,60,7,12,,231.18650817871094,0,0,0,0,0,0,0,0,0,0,0,0,0,0,0,0,0,0,0,0,0,0,0,0,0
2013-07-12 12:00:00+00:00,60,7,12,,,0,0,0,0,0,0,0,0,0,0,0,0,0,0,0,0,0,0,0,0,0,0,0,0,0
2013-07-12 12:00:00+00:00,60,7,12,,,0,0,0,0,0,0,0,0,0,0,0,0,0,0,0,0,0,0,0,0,0,0,0,0,0
2013-07-12 12:00:00+00:00,60,7,12,,,0,0,0,0,0,0,0,0,0,0,0,0,0,0,0,0,0,0,0,0,0,0,0,0,0
2013-07-12 12:00:00+00:00,60,7,12,,,0,0,0,0,0,0,0,0,0,0,0,0,0,0,0,0,0,0,0,0,0,0,0,0,0
2013-07-12 12:00:00+00:00,60,7,12,201.23744201660156,246.34034729003906,0,0,0,0,0,0,0,0,0,0,0,0,0,0,1,1,1,0,0,0,0,0,0,0,0
2013-07-12 12:00:00+00:00,60,7,12,,,0,0,0,0,0,0,0,0,0,0,0,0,0,0,0,0,0,0,0,0,0,0,0,0,0
2013-07-12 12:00:00+00:00,60,7,12,220.99713134765625,,0,0,0,0,0,0,0,0,0,0,0,0,0,0,1,1,1,0,0,0,0,0,0,0,0
2013-07-12 12:00:00+00:00,60,7,12,641.9788208007812,567.9724731445312,0,0,0,0,0,0,0,0,0,0,0,0,0,0,0,0,0,0,0,0,0,0,0,0,0
2013-07-12 12:00:00+00:00,60,7,12,,,0,0,0,0,0,0,0,0,0,0,0,0,0,0,0,0,0,0,0,0,0,0,0,0,0
2013-07-12 12:00:00+00:00,60,7,12,319.12646484375,,0,0,0,0,0,0,0,0,0,0,0,0,0,0,0,0,1,0,0,0,0,0,0,0,0
2013-07-12 12:00:00+00:00,60,7,12,323.98223876953125,,0,0,0,0,0,0,0,0,0,0,0,0,0,0,0,0,1,0,0,0,0,0,0,0,0
2013-07-12 12:15:00+00:00,60,7,12,,,0,0,0,0,0,0,0,0,0,0,0,0,0,0,0,0,0,0,0,0,0,0,0,0,0
2013-07-12 12:15:00+00:00,60,7,12,250.4113311767578,178.271240234375,0,0,0,0,0,0,0,0,0,0,0,0,0,0,0,1,1,0,0,0,0,0,0,0,0
2013-07-12 12:15:00+00:00,60,7,12,,368.9185791015625,0,0,0,0,0,0,0,0,0,0,0,0,0,0,0,0,0,0,0,0,0,0,0,0,0
2013-07-12 12:15:00+00:00,60,7,12,,357.984375,0,0,0,0,0,0,0,0,0,0,0,0,0,0,0,0,0,0,0,0,0,0,0,0,0
2013-07-12 12:15:00+00:00,60,7,12,,,0,0,0,0,0,0,0,0,0,0,0,0,0,0,0,0,0,0,0,0,0,0,0,0,0
2013-07-12 12:15:00+00:00,60,7,12,273.2187194824219,477.7401123046875,0,0,0,0,0,0,0,0,0,0,0,0,0,0,0,1,1,0,0,0,0,0,0,0,0
2013-07-12 12:15:00+00:00,60,7,12,,3.165855646133423,0,0,0,0,0,0,0,0,0,0,0,0,0,0,0,0,0,1,1,1,1,1,1,1,1
2013-07-12 12:15:00+00:00,60,7,12,468.6664123535156,405.95758056640625,0,0,0,0,0,0,0,0,0,0,0,0,0,0,0,0,0,0,0,0,0,0,0,0,0
2013-07-12 12:15:00+00:00,60,7,12,211.51071166992188,121.48468017578125,0,0,0,0,0,0,0,0,0,0,0,0,0,0,1,1,1,0,0,0,0,0,0,0,0
2013-07-12 12:15:00+00:00,60,7,12,278.3107604980469,58.19572830200195,0,0,0,0,0,0,0,0,0,0,0,0,0,0,0,1,1,0,0,0,0,0,0,0,1
2013-07-12 12:15:00+00:00,60,7,12,106.280029296875,0.0,0,0,0,0,0,0,0,0,0,0,1,1,1,1,1,1,1,1,1,1,1,1,1,1,1
2013-07-12 12:15:00+00:00,60,7,12,83.10478973388672,3.182575225830078,0,0,0,0,0,0,0,0,0,1,1,1,1,1,1,1,1,1,1,1,1,1,1,1,1
2013-07-12 12:30:00+00:00,60,7,12,,99.2159423828125,0,0,0,0,0,0,0,0,0,0,0,0,0,0,0,0,0,0,0,0,0,0,0,0,0
2013-07-12 12:30:00+00:00,60,7,12,456.2572937011719,371.8167419433594,0,0,0,0,0,0,0,0,0,0,0,0,0,0,0,0,0,0,0,0,0,0,0,0,0
2013-07-12 12:30:00+00:00,60,7,12,236.14662170410156,442.29046630859375,0,0,0,0,0,0,0,0,0,0,0,0,0,0,1,1,1,0,0,0,0,0,0,0,0
2013-07-12 12:30:00+00:00,60,7,12,,17.77791976928711,0,0,0,0,0,0,0,0,0,0,0,0,0,0,0,0,0,0,0,1,1,1,1,1,1
2013-07-12 12:30:00+00:00,60,7,12,159.75999450683594,360.70001220703125,0,0,0,0,0,0,0,0,0,0,0,0,1,1,1,1,1,0,0,0,0,0,0,0,0
2013-07-12 12:30:00+00:00,60,7,12,222.9193572998047,127.76044464111328,0,0,0,0,0,0,0,0,0,0,0,0,0,0,1,1,1,0,0,0,0,0,0,0,0
2013-07-12 12:30:00+00:00,60,7,12,298.8403015136719,20.711347579956055,0,0,0,0,0,0,0,0,0,0,0,0,0,0,0,1,1,0,0,0,1,1,1,1,1
2013-07-12 12:30:00+00:00,60,7,12,231.21432495117188,100.96112823486328,0,0,0,0,0,0,0,0,0,0,0,0,0,0,1,1,1,0,0,0,0,0,0,0,0
2013-07-12 12:30:00+00:00,60,7,12,266.139892578125,39.67353057861328,0,0,0,0,0,0,0,0,0,0,0,0,0,0,0,1,1,0,0,0,0,0,1,1,1
2013-07-12 12:30:00+00:00,60,7,12,,,0,0,0,0,0,0,0,0,0,0,0,0,0,0,0,0,0,0,0,0,0,0,0,0,0
2013-07-12 12:45:00+00:00,60,7,12,,,0,0,0,0,0,0,0,0,0,0,0,0,0,0,0,0,0,0,0,0,0,0,0,0,0
2013-07-12 12:45:00+00:00,60,7,12,460.211669921875,364.12835693359375,0,0,0,0,0,0,0,0,0,0,0,0,0,0,0,0,0,0,0,0,0,0,0,0,0
2013-07-12 12:45:00+00:00,60,7,12,266.8710632324219,341.6976623535156,0,0,0,0,0,0,0,0,0,0,0,0,0,0,0,1,1,0,0,0,0,0,0,0,0
2013-07-12 12:45:00+00:00,60,7,12,,382.0074768066406,0,0,0,0,0,0,0,0,0,0,0,0,0,0,0,0,0,0,0,0,0,0,0,0,0
2013-07-12 12:45:00+00:00,60,7,12,,138.48150634765625,0,0,0,0,0,0,0,0,0,0,0,0,0,0,0,0,0,0,0,0,0,0,0,0,0
2013-07-12 12:45:00+00:00,60,7,12,,,0,0,0,0,0,0,0,0,0,0,0,0,0,0,0,0,0,0,0,0,0,0,0,0,0
2013-07-12 12:45:00+00:00,60,7,12,380.8260498046875,,0,0,0,0,0,0,0,0,0,0,0,0,0,0,0,0,0,0,0,0,0,0,0,0,0
2013-07-12 12:45:00+00:00,60,7,12,319.3868103027344,,0,0,0,0,0,0,0,0,0,0,0,0,0,0,0,0,1,0,0,0,0,0,0,0,0
2013-07-12 12:45:00+00:00,60,7,12,,36.64511489868164,0,0,0,0,0,0,0,0,0,0,0,0,0,0,0,0,0,0,0,0,0,0,1,1,1
2013-07-12 12:45:00+00:00,60,7,12,308.21990966796875,166.83584594726562,0,0,0,0,0,0,0,0,0,0,0,0,0,0,0,0,1,0,0,0,0,0,0,0,0
2013-07-12 12:45:00+00:00,60,7,12,294.6741027832031,6.2592644691467285,0,0,0,0,0,0,0,0,0,0,0,0,0,0,0,1,1,1,1,1,1,1,1,1,1
2013-07-12 12:45:00+00:00,60,7,12,194.92657470703125,76.1110610961914,0,0,0,0,0,0,0,0,0,0,0,0,0,1,1,1,1,0,0,0,0,0,0,0,0
2013-07-12 12:45:00+00:00,60,7,12,,352.9171142578125,0,0,0,0,0,0,0,0,0,0,0,0,0,0,0,0,0,0,0,0,0,0,0,0,0
2013-07-12 12:45:00+00:00,60,7,12,66.32386779785156,103.8996353149414,0,0,0,0,0,0,0,0,1,1,1,1,1,1,1,1,1,0,0,0,0,0,0,0,0
2013-07-12 12:45:00+00:00,60,7,12,275.01885986328125,124.97401428222656,0,0,0,0,0,0,0,0,0,0,0,0,0,0,0,1,1,0,0,0,0,0,0,0,0
2013-07-12 13:00:00+00:00,60,7,13,,,0,0,0,0,0,0,0,0,0,0,0,0,0,0,0,0,0,0,0,0,0,0,0,0,0
2013-07-12 13:00:00+00:00,60,7,13,129.86798095703125,141.64794921875,0,0,0,0,0,0,0,0,0,0,0,1,1,1,1,1,1,0,0,0,0,0,0,0,0
2013-07-12 13:00:00+00:00,60,7,13,82.09178924560547,196.33396911621094,0,0,0,0,0,0,0,0,0,1,1,1,1,1,1,1,1,0,0,0,0,0,0,0,0
2013-07-12 13:00:00+00:00,60,7,13,116.68830108642578,230.7293701171875,0,0,0,0,0,0,0,0,0,0,1,1,1,1,1,1,1,0,0,0,0,0,0,0,0
2013-07-12 13:00:00+00:00,60,7,13,,147.77976989746094,0,0,0,0,0,0,0,0,0,0,0,0,0,0,0,0,0,0,0,0,0,0,0,0,0
2013-07-12 13:00:00+00:00,60,7,13,,,0,0,0,0,0,0,0,0,0,0,0,0,0,0,0,0,0,0,0,0,0,0,0,0,0
2013-07-12 13:00:00+00:00,60,7,13,,,0,0,0,0,0,0,0,0,0,0,0,0,0,0,0,0,0,0,0,0,0,0,0,0,0
2013-07-12 13:00:00+00:00,60,7,13,,723.4302368164062,0,0,0,0,0,0,0,0,0,0,0,0,0,0,0,0,0,0,0,0,0,0,0,0,0
2013-07-12 13:00:00+00:00,60,7,13,63.46575927734375,15.405926704406738,0,0,0,0,0,0,0,0,1,1,1,1,1,1,1,1,1,0,0,1,1,1,1,1,1
2013-07-12 13:00:00+00:00,60,7,13,76.2488784790039,39.04692840576172,0,0,0,0,0,0,0,0,1,1,1,1,1,1,1,1,1,0,0,0,0,0,1,1,1
2013-07-12 13:00:00+00:00,60,7,13,117.43292236328125,124.88318634033203,0,0,0,0,0,0,0,0,0,0,1,1,1,1,1,1,1,0,0,0,0,0,0,0,0
2013-07-12 13:00:00+00:00,60,7,13,121.45248413085938,63.76443099975586,0,0,0,0,0,0,0,0,0,0,0,1,1,1,1,1,1,0,0,0,0,0,0,0,0
2013-07-12 13:00:00+00:00,60,7,13,728.6949462890625,620.5921020507812,0,0,0,0,0,0,0,0,0,0,0,0,0,0,0,0,0,0,0,0,0,0,0,0,0
2013-07-12 13:15:00+00:00,60,7,13,279.36370849609375,229.98519897460938,0,0,0,0,0,0,0,0,0,0,0,0,0,0,0,1,1,0,0,0,0,0,0,0,0
2013-07-12 13:15:00+00:00,60,7,13,,266.4918212890625,0,0,0,0,0,0,0,0,0,0,0,0,0,0,0,0,0,0,0,0,0,0,0,0,0
2013-07-12 13:15:00+00:00,60,7,13,,18.012128829956055,0,0,0,0,0,0,0,0,0,0,0,0,0,0,0,0,0,0,0,1,1,1,1,1,1
2013-07-12 13:15:00+00:00,60,7,13,,345.1728515625,0,0,0,0,0,0,0,0,0,0,0,0,0,0,0,0,0,0,0,0,0,0,0,0,0
2013-07-12 13:15:00+00:00,60,7,13,,518.5266723632812,0,0,0,0,0,0,0,0,0,0,0,0,0,0,0,0,0,0,0,0,0,0,0,0,0
2013-07-12 13:15:00+00:00,60,7,13,,456.1065368652344,0,0,0,0,0,0,0,0,0,0,0,0,0,0,0,0,0,0,0,0,0,0,0,0,0
2013-07-12 13:15:00+00:00,60,7,13,72.12556457519531,31.4041748046875,0,0,0,0,0,0,0,0,1,1,1,1,1,1,1,1,1,0,0,0,0,0,1,1,1
2013-07-12 13:15:00+00:00,60,7,13,388.2616271972656,359.877685546875,0,0,0,0,0,0,0,0,0,0,0,0,0,0,0,0,0,0,0,0,0,0,0,0,0
2013-07-12 13:15:00+00:00,60,7,13,84.92134094238281,60.266761779785156,0,0,0,0,0,0,0,0,0,1,1,1,1,1,1,1,1,0,0,0,0,0,0,0,0
2013-07-12 13:15:00+00:00,60,7,13,713.9447021484375,615.8992309570312,0,0,0,0,0,0,0,0,0,0,0,0,0,0,0,0,0,0,0,0,0,0,0,0,0
2013-07-12 13:30:00+00:00,60,7,13,,490.6748046875,0,0,0,0,0,0,0,0,0,0,0,0,0,0,0,0,0,0,0,0,0,0,0,0,0
2013-07-12 13:30:00+00:00,60,7,13,325.790283203125,93.81224060058594,0,0,0,0,0,0,0,0,0,0,0,0,0,0,0,0,1,0,0,0,0,0,0,0,0
2013-07-12 13:30:00+00:00,60,7,13,533.8374633789062,,0,0,0,0,0,0,0,0,0,0,0,0,0,0,0,0,0,0,0,0,0,0,0,0,0
2013-07-12 13:30:00+00:00,60,7,13,,,0,0,0,0,0,0,0,0,0,0,0,0,0,0,0,0,0,0,0,0,0,0,0,0,0
2013-07-12 13:30:00+00:00,60,7,13,,266.5996398925781,0,0,0,0,0,0,0,0,0,0,0,0,0,0,0,0,0,0,0,0,0,0,0,0,0
2013-07-12 13:30:00+00:00,60,7,13,276.6726989746094,117.5450210571289,0,0,0,0,0,0,0,0,0,0,0,0,0,0,0,1,1,0,0,0,0,0,0,0,0
2013-07-12 13:30:00+00:00,60,7,13,401.0513610839844,17.604915618896484,0,0,0,0,0,0,0,0,0,0,0,0,0,0,0,0,0,0,0,1,1,1,1,1,1
2013-07-12 13:30:00+00:00,60,7,13,263.4040832519531,301.39312744140625,0,0,0,0,0,0,0,0,0,0,0,0,0,0,0,1,1,0,0,0,0,0,0,0,0
2013-07-12 13:45:00+00:00,60,7,13,,,0,0,0,0,0,0,0,0,0,0,0,0,0,0,0,0,0,0,0,0,0,0,0,0,0
2013-07-12 13:45:00+00:00,60,7,13,109.16217041015625,,0,0,0,0,0,0,0,0,0,0,1,1,1,1,1,1,1,0,0,0,0,0,0,0,0
2013-07-12 13:45:00+00:00,60,7,13,341.457763671875,161.95274353027344,0,0,0,0,0,0,0,0,0,0,0,0,0,0,0,0,1,0,0,0,0,0,0,0,0
2013-07-12 13:45:00+00:00,60,7,13,359.41998291015625,107.81570434570312,0,0,0,0,0,0,0,0,0,0,0,0,0,0,0,0,0,0,0,0,0,0,0,0,0
2013-07-12 13:45:00+00:00,60,7,13,237.5352325439453,215.54568481445312,0,0,0,0,0,0,0,0,0,0,0,0,0,0,1,1,1,0,0,0,0,0,0,0,0
2013-07-12 13:45:00+00:00,60,7,13,265.841796875,242.7041473388672,0,0,0,0,0,0,0,0,0,0,0,0,0,0,0,1,1,0,0,0,0,0,0,0,0
2013-07-12 13:45:00+00:00,60,7,13,96.33850860595703,118.1888656616211,0,0,0,0,0,0,0,0,0,1,1,1,1,1,1,1,1,0,0,0,0,0,0,0,0
2013-07-12 13:45:00+00:00,60,7,13,578.7948608398438,12.072978019714355,0,0,0,0,0,0,0,0,0,0,0,0,0,0,0,0,0,0,1,1,1,1,1,1,1
2013-07-12 13:45:00+00:00,60,7,13,161.2926788330078,30.066476821899414,0,0,0,0,0,0,0,0,0,0,0,0,1,1,1,1,1,0,0,0,0,0,1,1,1
2013-07-12 14:00:00+00:00,60,7,14,252.65771484375,276.95831298828125,0,0,0,0,0,0,0,0,0,0,0,0,0,0,0,1,1,0,0,0,0,0,0,0,0
2013-07-12 14:00:00+00:00,60,7,14,227.1243896484375,403.0627136230469,0,0,0,0,0,0,0,0,0,0,0,0,0,0,1,1,1,0,0,0,0,0,0,0,0
2013-07-12 14:00:00+00:00,60,7,14,330.6866149902344,54.78543472290039,0,0,0,0,0,0,0,0,0,0,0,0,0,0,0,0,1,0,0,0,0,0,0,0,1
2013-07-12 14:00:00+00:00,60,7,14,315.54925537109375,114.78864288330078,0,0,0,0,0,0,0,0,0,0,0,0,0,0,0,0,1,0,0,0,0,0,0,0,0
2013-07-12 14:00:00+00:00,60,7,14,437.7176208496094,407.9754638671875,0,0,0,0,0,0,0,0,0,0,0,0,0,0,0,0,0,0,0,0,0,0,0,0,0
2013-07-12 14:00:00+00:00,60,7,14,153.8568878173828,86.2896499633789,0,0,0,0,0,0,0,0,0,0,0,0,1,1,1,1,1,0,0,0,0,0,0,0,0
2013-07-12 14:00:00+00:00,60,7,14,,,0,0,0,0,0,0,0,0,0,0,0,0,0,0,0,0,0,0,0,0,0,0,0,0,0
2013-07-12 14:15:00+00:00,60,7,14,,362.9432373046875,0,0,0,0,0,0,0,0,0,0,0,0,0,0,0,0,0,0,0,0,0,0,0,0,0
2013-07-12 14:15:00+00:00,60,7,14,363.9472961425781,355.1129150390625,0,0,0,0,0,0,0,0,0,0,0,0,0,0,0,0,0,0,0,0,0,0,0,0,0
2013-07-12 14:15:00+00:00,60,7,14,120.26214599609375,161.72482299804688,0,0,0,0,0,0,0,0,0,0,0,1,1,1,1,1,1,0,0,0,0,0,0,0,0
2013-07-12 14:15:00+00:00,60,7,14,209.10488891601562,174.69894409179688,0,0,0,0,0,0,0,0,0,0,0,0,0,0,1,1,1,0,0,0,0,0,0,0,0
2013-07-12 14:15:00+00:00,60,7,14,253.4586639404297,163.31024169921875,0,0,0,0,0,0,0,0,0,0,0,0,0,0,0,1,1,0,0,0,0,0,0,0,0
2013-07-12 14:15:00+00:00,60,7,14,,402.6059875488281,0,0,0,0,0,0,0,0,0,0,0,0,0,0,0,0,0,0,0,0,0,0,0,0,0
2013-07-12 14:15:00+00:00,60,7,14,200.1158905029297,200.1158905029297,0,0,0,0,0,0,0,0,0,0,0,0,0,0,1,1,1,0,0,0,0,0,0,0,0
2013-07-12 14:15:00+00:00,60,7,14,203.92666625976562,9.653671264648438,0,0,0,0,0,0,0,0,0,0,0,0,0,0,1,1,1,1,1,1,1,1,1,1,1
2013-07-12 14:30:00+00:00,60,7,14,182.3514404296875,,0,0,0,0,0,0,0,0,0,0,0,0,0,1,1,1,1,0,0,0,0,0,0,0,0
2013-07-12 14:30:00+00:00,60,7,14,,429.25146484375,0,0,0,0,0,0,0,0,0,0,0,0,0,0,0,0,0,0,0,0,0,0,0,0,0
2013-07-12 14:30:00+00:00,60,7,14,273.0848388671875,357.6808776855469,0,0,0,0,0,0,0,0,0,0,0,0,0,0,0,1,1,0,0,0,0,0,0,0,0
2013-07-12 14:30:00+00:00,60,7,14,,144.87669372558594,0,0,0,0,0,0,0,0,0,0,0,0,0,0,0,0,0,0,0,0,0,0,0,0,0
2013-07-12 14:30:00+00:00,60,7,14,,253.41986083984375,0,0,0,0,0,0,0,0,0,0,0,0,0,0,0,0,0,0,0,0,0,0,0,0,0
2013-07-12 14:30:00+00:00,60,7,14,326.1285095214844,209.80982971191406,0,0,0,0,0,0,0,0,0,0,0,0,0,0,0,0,1,0,0,0,0,0,0,0,0
2013-07-12 14:30:00+00:00,60,7,14,,38.904544830322266,0,0,0,0,0,0,0,0,0,0,0,0,0,0,0,0,0,0,0,0,0,0,1,1,1
2013-07-12 14:30:00+00:00,60,7,14,308.3655700683594,285.05682373046875,0,0,0,0,0,0,0,0,0,0,0,0,0,0,0,0,1,0,0,0,0,0,0,0,0
2013-07-12 14:30:00+00:00,60,7,14,151.84432983398438,45.025150299072266,0,0,0,0,0,0,0,0,0,0,0,0,1,1,1,1,1,0,0,0,0,0,0,1,1
2013-07-12 14:30:00+00:00,60,7,14,,,0,0,0,0,0,0,0,0,0,0,0,0,0,0,0,0,0,0,0,0,0,0,0,0,0
2013-07-12 14:45:00+00:00,60,7,14,,90.84038543701172,0,0,0,0,0,0,0,0,0,0,0,0,0,0,0,0,0,0,0,0,0,0,0,0,0
2013-07-12 14:45:00+00:00,60,7,14,392.76861572265625,448.69891357421875,0,0,0,0,0,0,0,0,0,0,0,0,0,0,0,0,0,0,0,0,0,0,0,0,0
2013-07-12 14:45:00+00:00,60,7,14,352.2743835449219,173.2797088623047,0,0,0,0,0,0,0,0,0,0,0,0,0,0,0,0,0,0,0,0,0,0,0,0,0
2013-07-12 14:45:00+00:00,60,7,14,331.2955627441406,204.98805236816406,0,0,0,0,0,0,0,0,0,0,0,0,0,0,0,0,1,0,0,0,0,0,0,0,0
2013-07-12 15:00:00+00:00,60,7,15,241.2095184326172,278.6593322753906,0,0,0,0,0,0,0,0,0,0,0,0,0,0,1,1,1,0,0,0,0,0,0,0,0
2013-07-12 15:00:00+00:00,60,7,15,263.0859680175781,206.8274688720703,0,0,0,0,0,0,0,0,0,0,0,0,0,0,0,1,1,0,0,0,0,0,0,0,0
2013-07-12 15:00:00+00:00,60,7,15,63.896968841552734,30.062166213989258,0,0,0,0,0,0,0,0,1,1,1,1,1,1,1,1,1,0,0,0,0,0,1,1,1
2013-07-12 15:00:00+00:00,60,7,15,155.0089569091797,139.43064880371094,0,0,0,0,0,0,0,0,0,0,0,0,1,1,1,1,1,0,0,0,0,0,0,0,0
2013-07-12 15:00:00+00:00,60,7,15,102.91015625,119.51051330566406,0,0,0,0,0,0,0,0,0,0,1,1,1,1,1,1,1,0,0,0,0,0,0,0,0
2013-07-12 15:00:00+00:00,60,7,15,148.86822509765625,652.9277954101562,0,0,0,0,0,0,0,0,0,0,0,1,1,1,1,1,1,0,0,0,0,0,0,0,0
2013-07-12 15:00:00+00:00,60,7,15,121.3283462524414,157.6380615234375,0,0,0,0,0,0,0,0,0,0,0,1,1,1,1,1,1,0,0,0,0,0,0,0,0
2013-07-12 15:00:00+00:00,60,7,15,,,0,0,0,0,0,0,0,0,0,0,0,0,0,0,0,0,0,0,0,0,0,0,0,0,0
2013-07-12 15:00:00+00:00,60,7,15,220.25601196289062,63.51544189453125,0,0,0,0,0,0,0,0,0,0,0,0,0,0,1,1,1,0,0,0,0,0,0,0,0
2013-07-12 15:00:00+00:00,60,7,15,,468.71630859375,0,0,0,0,0,0,0,0,0,0,0,0,0,0,0,0,0,0,0,0,0,0,0,0,0
2013-07-12 15:15:00+00:00,60,7,15,65.32180786132812,102.28636169433594,0,0,0,0,0,0,0,0,1,1,1,1,1,1,1,1,1,0,0,0,0,0,0,0,0
2013-07-12 15:15:00+00:00,60,7,15,127.24537658691406,36.7932014465332,0,0,0,0,0,0,0,0,0,0,0,1,1,1,1,1,1,0,0,0,0,0,1,1,1
2013-07-12 15:15:00+00:00,60,7,15,325.7381591796875,,0,0,0,0,0,0,0,0,0,0,0,0,0,0,0,0,1,0,0,0,0,0,0,0,0
2013-07-12 15:15:00+00:00,60,7,15,90.04461669921875,36.53932189941406,0,0,0,0,0,0,0,0,0,1,1,1,1,1,1,1,1,0,0,0,0,0,1,1,1
2013-07-12 15:15:00+00:00,60,7,15,122.33242797851562,385.2301330566406,0,0,0,0,0,0,0,0,0,0,0,1,1,1,1,1,1,0,0,0,0,0,0,0,0
2013-07-12 15:15:00+00:00,60,7,15,147.71676635742188,176.83238220214844,0,0,0,0,0,0,0,0,0,0,0,1,1,1,1,1,1,0,0,0,0,0,0,0,0
2013-07-12 15:15:00+00:00,60,7,15,122.32164001464844,159.50613403320312,0,0,0,0,0,0,0,0,0,0,0,1,1,1,1,1,1,0,0,0,0,0,0,0,0
2013-07-12 15:30:00+00:00,60,7,15,147.12660217285156,337.16644287109375,0,0,0,0,0,0,0,0,0,0,0,1,1,1,1,1,1,0,0,0,0,0,0,0,0
2013-07-12 15:30:00+00:00,60,7,15,125.63929748535156,121.15190887451172,0,0,0,0,0,0,0,0,0,0,0,1,1,1,1,1,1,0,0,0,0,0,0,0,0
2013-07-12 15:30:00+00:00,60,7,15,257.3724060058594,130.56727600097656,0,0,0,0,0,0,0,0,0,0,0,0,0,0,0,1,1,0,0,0,0,0,0,0,0
2013-07-12 15:30:00+00:00,60,7,15,329.4593505859375,135.7490692138672,0,0,0,0,0,0,0,0,0,0,0,0,0,0,0,0,1,0,0,0,0,0,0,0,0
2013-07-12 15:30:00+00:00,60,7,15,337.3448791503906,,0,0,0,0,0,0,0,0,0,0,0,0,0,0,0,0,1,0,0,0,0,0,0,0,0
2013-07-12 15:30:00+00:00,60,7,15,70.12598419189453,3.257829427719116,0,0,0,0,0,0,0,0,1,1,1,1,1,1,1,1,1,1,1,1,1,1,1,1,1
2013-07-12 15:30:00+00:00,60,7,15,263.62237548828125,47.74134826660156,0,0,0,0,0,0,0,0,0,0,0,0,0,0,0,1,1,0,0,0,0,0,0,1,1
2013-07-12 15:45:00+00:00,60,7,15,416.87841796875,364.8985595703125,0,0,0,0,0,0,0,0,0,0,0,0,0,0,0,0,0,0,0,0,0,0,0,0,0
2013-07-12 15:45:00+00:00,60,7,15,269.3711242675781,,0,0,0,0,0,0,0,0,0,0,0,0,0,0,0,1,1,0,0,0,0,0,0,0,0
2013-07-12 15:45:00+00:00,60,7,15,168.4321746826172,216.67691040039062,0,0,0,0,0,0,0,0,0,0,0,0,1,1,1,1,1,0,0,0,0,0,0,0,0
2013-07-12 15:45:00+00:00,60,7,15,100.71733093261719,152.0472412109375,0,0,0,0,0,0,0,0,0,0,1,1,1,1,1,1,1,0,0,0,0,0,0,0,0
2013-07-12 15:45:00+00:00,60,7,15,103.38838195800781,367.1485595703125,0,0,0,0,0,0,0,0,0,0,1,1,1,1,1,1,1,0,0,0,0,0,0,0,0
2013-07-12 15:45:00+00:00,60,7,15,84.78385162353516,128.3199920654297,0,0,0,0,0,0,0,0,0,1,1,1,1,1,1,1,1,0,0,0,0,0,0,0,0
2013-07-12 15:45:00+00:00,60,7,15,217.47718811035156,0.0,0,0,0,0,0,0,0,0,0,0,0,0,0,0,1,1,1,1,1,1,1,1,1,1,1
2013-07-12 15:45:00+00:00,60,7,15,302.4726257324219,362.6204528808594,0,0,0,0,0,0,0,0,0,0,0,0,0,0,0,0,1,0,0,0,0,0,0,0,0
2013-07-12 15:45:00+00:00,60,7,15,519.0648193359375,413.3706970214844,0,0,0,0,0,0,0,0,0,0,0,0,0,0,0,0,0,0,0,0,0,0,0,0,0
2013-07-12 15:45:00+00:00,60,7,15,311.85107421875,325.8147277832031,0,0,0,0,0,0,0,0,0,0,0,0,0,0,0,0,1,0,0,0,0,0,0,0,0
2013-07-12 16:00:00+00:00,60,7,16,,,0,0,0,0,0,0,0,0,0,0,0,0,0,0,0,0,0,0,0,0,0,0,0,0,0
2013-07-12 16:00:00+00:00,60,7,16,,,0,0,0,0,0,0,0,0,0,0,0,0,0,0,0,0,0,0,0,0,0,0,0,0,0
2013-07-12 16:00:00+00:00,60,7,16,363.7248840332031,,0,0,0,0,0,0,0,0,0,0,0,0,0,0,0,0,0,0,0,0,0,0,0,0,0
2013-07-12 16:00:00+00:00,60,7,16,150.50018310546875,259.1123046875,0,0,0,0,0,0,0,0,0,0,0,0,1,1,1,1,1,0,0,0,0,0,0,0,0
2013-07-12 16:00:00+00:00,60,7,16,293.66827392578125,256.66461181640625,0,0,0,0,0,0,0,0,0,0,0,0,0,0,0,1,1,0,0,0,0,0,0,0,0
2013-07-12 16:00:00+00:00,60,7,16,150.6220703125,239.80130004882812,0,0,0,0,0,0,0,0,0,0,0,0,1,1,1,1,1,0,0,0,0,0,0,0,0
2013-07-12 16:00:00+00:00,60,7,16,385.82342529296875,237.10275268554688,0,0,0,0,0,0,0,0,0,0,0,0,0,0,0,0,0,0,0,0,0,0,0,0,0
2013-07-12 16:15:00+00:00,60,7,16,,,0,0,0,0,0,0,0,0,0,0,0,0,0,0,0,0,0,0,0,0,0,0,0,0,0
2013-07-12 16:15:00+00:00,60,7,16,,,0,0,0,0,0,0,0,0,0,0,0,0,0,0,0,0,0,0,0,0,0,0,0,0,0
2013-07-12 16:15:00+00:00,60,7,16,318.4851379394531,,0,0,0,0,0,0,0,0,0,0,0,0,0,0,0,0,1,0,0,0,0,0,0,0,0
2013-07-12 16:15:00+00:00,60,7,16,174.94253540039062,,0,0,0,0,0,0,0,0,0,0,0,0,1,1,1,1,1,0,0,0,0,0,0,0,0
2013-07-12 16:15:00+00:00,60,7,16,263.50030517578125,291.99896240234375,0,0,0,0,0,0,0,0,0,0,0,0,0,0,0,1,1,0,0,0,0,0,0,0,0
2013-07-12 16:15:00+00:00,60,7,16,453.9819641113281,495.9444274902344,0,0,0,0,0,0,0,0,0,0,0,0,0,0,0,0,0,0,0,0,0,0,0,0,0
2013-07-12 16:15:00+00:00,60,7,16,440.7601318359375,495.6811218261719,0,0,0,0,0,0,0,0,0,0,0,0,0,0,0,0,0,0,0,0,0,0,0,0,0
2013-07-12 16:15:00+00:00,60,7,16,161.3684844970703,150.550537109375,0,0,0,0,0,0,0,0,0,0,0,0,1,1,1,1,1,0,0,0,0,0,0,0,0
2013-07-12 16:15:00+00:00,60,7,16,334.7147521972656,,0,0,0,0,0,0,0,0,0,0,0,0,0,0,0,0,1,0,0,0,0,0,0,0,0
2013-07-12 16:15:00+00:00,60,7,16,,,0,0,0,0,0,0,0,0,0,0,0,0,0,0,0,0,0,0,0,0,0,0,0,0,0
2013-07-12 16:30:00+00:00,60,7,16,,,0,0,0,0,0,0,0,0,0,0,0,0,0,0,0,0,0,0,0,0,0,0,0,0,0
2013-07-12 16:30:00+00:00,60,7,16,,,0,0,0,0,0,0,0,0,0,0,0,0,0,0,0,0,0,0,0,0,0,0,0,0,0
2013-07-12 16:30:00+00:00,60,7,16,422.74322509765625,107.20742797851562,0,0,0,0,0,0,0,0,0,0,0,0,0,0,0,0,0,0,0,0,0,0,0,0,0
2013-07-12 16:30:00+00:00,60,7,16,237.20948791503906,148.3733367919922,0,0,0,0,0,0,0,0,0,0,0,0,0,0,1,1,1,0,0,0,0,0,0,0,0
2013-07-12 16:30:00+00:00,60,7,16,273.8060302734375,294.66387939453125,0,0,0,0,0,0,0,0,0,0,0,0,0,0,0,1,1,0,0,0,0,0,0,0,0
2013-07-12 16:30:00+00:00,60,7,16,430.88885498046875,,0,0,0,0,0,0,0,0,0,0,0,0,0,0,0,0,0,0,0,0,0,0,0,0,0
2013-07-12 16:30:00+00:00,60,7,16,61.3294563293457,81.12895202636719,0,0,0,0,0,0,0,0,1,1,1,1,1,1,1,1,1,0,0,0,0,0,0,0,0
2013-07-12 16:45:00+00:00,60,7,16,,,0,0,0,0,0,0,0,0,0,0,0,0,0,0,0,0,0,0,0,0,0,0,0,0,0
2013-07-12 16:45:00+00:00,60,7,16,,,0,0,0,0,0,0,0,0,0,0,0,0,0,0,0,0,0,0,0,0,0,0,0,0,0
2013-07-12 17:00:00+00:00,60,7,17,314.7264404296875,211.23431396484375,0,0,0,0,0,0,0,0,0,0,0,0,0,0,0,0,1,0,0,0,0,0,0,0,0
2013-07-12 17:00:00+00:00,60,7,17,182.8602752685547,,0,0,0,0,0,0,0,0,0,0,0,0,0,1,1,1,1,0,0,0,0,0,0,0,0
2013-07-12 17:00:00+00:00,60,7,17,316.2636413574219,,0,0,0,0,0,0,0,0,0,0,0,0,0,0,0,0,1,0,0,0,0,0,0,0,0
2013-07-12 17:00:00+00:00,60,7,17,466.5845031738281,,0,0,0,0,0,0,0,0,0,0,0,0,0,0,0,0,0,0,0,0,0,0,0,0,0
2013-07-12 17:00:00+00:00,60,7,17,51.72146224975586,16.009984970092773,0,0,0,0,0,0,0,1,1,1,1,1,1,1,1,1,1,0,0,1,1,1,1,1,1
2013-07-12 17:00:00+00:00,60,7,17,,,0,0,0,0,0,0,0,0,0,0,0,0,0,0,0,0,0,0,0,0,0,0,0,0,0
2013-07-12 17:15:00+00:00,60,7,17,112.68431854248047,187.90902709960938,0,0,0,0,0,0,0,0,0,0,1,1,1,1,1,1,1,0,0,0,0,0,0,0,0
2013-07-12 17:15:00+00:00,60,7,17,,,0,0,0,0,0,0,0,0,0,0,0,0,0,0,0,0,0,0,0,0,0,0,0,0,0
2013-07-12 17:15:00+00:00,60,7,17,,27.204423904418945,0,0,0,0,0,0,0,0,0,0,0,0,0,0,0,0,0,0,0,0,0,1,1,1,1
2013-07-12 17:15:00+00:00,60,7,17,,298.4228820800781,0,0,0,0,0,0,0,0,0,0,0,0,0,0,0,0,0,0,0,0,0,0,0,0,0
2013-07-12 17:15:00+00:00,60,7,17,,,0,0,0,0,0,0,0,0,0,0,0,0,0,0,0,0,0,0,0,0,0,0,0,0,0
2013-07-12 17:15:00+00:00,60,7,17,,,0,0,0,0,0,0,0,0,0,0,0,0,0,0,0,0,0,0,0,0,0,0,0,0,0
2013-07-12 17:30:00+00:00,60,7,17,455.1080322265625,424.33990478515625,0,0,0,0,0,0,0,0,0,0,0,0,0,0,0,0,0,0,0,0,0,0,0,0,0
2013-07-12 17:30:00+00:00,60,7,17,,332.9573059082031,0,0,0,0,0,0,0,0,0,0,0,0,0,0,0,0,0,0,0,0,0,0,0,0,0
2013-07-12 17:30:00+00:00,60,7,17,187.36451721191406,178.47659301757812,0,0,0,0,0,0,0,0,0,0,0,0,0,1,1,1,1,0,0,0,0,0,0,0,0
2013-07-12 17:45:00+00:00,60,7,17,315.60601806640625,206.05435180664062,0,0,0,0,0,0,0,0,0,0,0,0,0,0,0,0,1,0,0,0,0,0,0,0,0
2013-07-12 17:45:00+00:00,60,7,17,84.1646728515625,89.47533416748047,0,0,0,0,0,0,0,0,0,1,1,1,1,1,1,1,1,0,0,0,0,0,0,0,0
2013-07-13 10:00:00+00:00,60,7,10,,347.43115234375,0,0,0,0,0,0,0,0,0,0,0,0,0,0,0,0,0,0,0,0,0,0,0,0,0
2013-07-13 10:00:00+00:00,60,7,10,,,0,0,0,0,0,0,0,0,0,0,0,0,0,0,0,0,0,0,0,0,0,0,0,0,0
2013-07-13 10:15:00+00:00,60,7,10,,,0,0,0,0,0,0,0,0,0,0,0,0,0,0,0,0,0,0,0,0,0,0,0,0,0
2013-07-13 10:15:00+00:00,60,7,10,,,0,0,0,0,0,0,0,0,0,0,0,0,0,0,0,0,0,0,0,0,0,0,0,0,0
2013-07-13 10:15:00+00:00,60,7,10,,,0,0,0,0,0,0,0,0,0,0,0,0,0,0,0,0,0,0,0,0,0,0,0,0,0
2013-07-13 10:15:00+00:00,60,7,10,,,0,0,0,0,0,0,0,0,0,0,0,0,0,0,0,0,0,0,0,0,0,0,0,0,0
2013-07-13 10:15:00+00:00,60,7,10,,35.29085159301758,0,0,0,0,0,0,0,0,0,0,0,0,0,0,0,0,0,0,0,0,0,0,1,1,1
2013-07-13 10:15:00+00:00,60,7,10,,247.13259887695312,0,0,0,0,0,0,0,0,0,0,0,0,0,0,0,0,0,0,0,0,0,0,0,0,0
2013-07-13 10:15:00+00:00,60,7,10,,330.00189208984375,0,0,0,0,0,0,0,0,0,0,0,0,0,0,0,0,0,0,0,0,0,0,0,0,0
2013-07-13 10:30:00+00:00,60,7,10,,277.0480651855469,0,0,0,0,0,0,0,0,0,0,0,0,0,0,0,0,0,0,0,0,0,0,0,0,0
2013-07-13 10:30:00+00:00,60,7,10,,,0,0,0,0,0,0,0,0,0,0,0,0,0,0,0,0,0,0,0,0,0,0,0,0,0
2013-07-13 10:30:00+00:00,60,7,10,138.72982788085938,28.105533599853516,0,0,0,0,0,0,0,0,0,0,0,1,1,1,1,1,1,0,0,0,0,1,1,1,1
2013-07-13 10:30:00+00:00,60,7,10,,9.544350624084473,0,0,0,0,0,0,0,0,0,0,0,0,0,0,0,0,0,1,1,1,1,1,1,1,1
2013-07-13 10:30:00+00:00,60,7,10,,,0,0,0,0,0,0,0,0,0,0,0,0,0,0,0,0,0,0,0,0,0,0,0,0,0
2013-07-13 10:45:00+00:00,60,7,10,,,0,0,0,0,0,0,0,0,0,0,0,0,0,0,0,0,0,0,0,0,0,0,0,0,0
2013-07-13 10:45:00+00:00,60,7,10,,,0,0,0,0,0,0,0,0,0,0,0,0,0,0,0,0,0,0,0,0,0,0,0,0,0
2013-07-13 10:45:00+00:00,60,7,10,54.95668029785156,0.0,0,0,0,0,0,0,0,1,1,1,1,1,1,1,1,1,1,1,1,1,1,1,1,1,1
2013-07-13 10:45:00+00:00,60,7,10,545.86865234375,544.5115356445312,0,0,0,0,0,0,0,0,0,0,0,0,0,0,0,0,0,0,0,0,0,0,0,0,0
2013-07-13 10:45:00+00:00,60,7,10,137.28179931640625,72.2669448852539,0,0,0,0,0,0,0,0,0,0,0,1,1,1,1,1,1,0,0,0,0,0,0,0,0
2013-07-13 10:45:00+00:00,60,7,10,,0.0,0,0,0,0,0,0,0,0,0,0,0,0,0,0,0,0,0,1,1,1,1,1,1,1,1
2013-07-13 11:00:00+00:00,60,7,11,,,0,0,0,0,0,0,0,0,0,0,0,0,0,0,0,0,0,0,0,0,0,0,0,0,0
2013-07-13 11:00:00+00:00,60,7,11,,,0,0,0,0,0,0,0,0,0,0,0,0,0,0,0,0,0,0,0,0,0,0,0,0,0
2013-07-13 11:00:00+00:00,60,7,11,,,0,0,0,0,0,0,0,0,0,0,0,0,0,0,0,0,0,0,0,0,0,0,0,0,0
2013-07-13 11:00:00+00:00,60,7,11,336.6051940917969,,0,0,0,0,0,0,0,0,0,0,0,0,0,0,0,0,1,0,0,0,0,0,0,0,0
2013-07-13 11:00:00+00:00,60,7,11,,,0,0,0,0,0,0,0,0,0,0,0,0,0,0,0,0,0,0,0,0,0,0,0,0,0
2013-07-13 11:00:00+00:00,60,7,11,74.3016128540039,438.9814453125,0,0,0,0,0,0,0,0,1,1,1,1,1,1,1,1,1,0,0,0,0,0,0,0,0
2013-07-13 11:00:00+00:00,60,7,11,362.28570556640625,,0,0,0,0,0,0,0,0,0,0,0,0,0,0,0,0,0,0,0,0,0,0,0,0,0
2013-07-13 11:15:00+00:00,60,7,11,,,0,0,0,0,0,0,0,0,0,0,0,0,0,0,0,0,0,0,0,0,0,0,0,0,0
2013-07-13 11:15:00+00:00,60,7,11,,,0,0,0,0,0,0,0,0,0,0,0,0,0,0,0,0,0,0,0,0,0,0,0,0,0
2013-07-13 11:15:00+00:00,60,7,11,,,0,0,0,0,0,0,0,0,0,0,0,0,0,0,0,0,0,0,0,0,0,0,0,0,0
2013-07-13 11:15:00+00:00,60,7,11,,,0,0,0,0,0,0,0,0,0,0,0,0,0,0,0,0,0,0,0,0,0,0,0,0,0
2013-07-13 11:15:00+00:00,60,7,11,,,0,0,0,0,0,0,0,0,0,0,0,0,0,0,0,0,0,0,0,0,0,0,0,0,0
2013-07-13 11:15:00+00:00,60,7,11,,,0,0,0,0,0,0,0,0,0,0,0,0,0,0,0,0,0,0,0,0,0,0,0,0,0
2013-07-13 11:15:00+00:00,60,7,11,,,0,0,0,0,0,0,0,0,0,0,0,0,0,0,0,0,0,0,0,0,0,0,0,0,0
2013-07-13 11:15:00+00:00,60,7,11,,,0,0,0,0,0,0,0,0,0,0,0,0,0,0,0,0,0,0,0,0,0,0,0,0,0
2013-07-13 11:15:00+00:00,60,7,11,,,0,0,0,0,0,0,0,0,0,0,0,0,0,0,0,0,0,0,0,0,0,0,0,0,0
2013-07-13 11:15:00+00:00,60,7,11,,,0,0,0,0,0,0,0,0,0,0,0,0,0,0,0,0,0,0,0,0,0,0,0,0,0
2013-07-13 11:15:00+00:00,60,7,11,360.77911376953125,333.1640930175781,0,0,0,0,0,0,0,0,0,0,0,0,0,0,0,0,0,0,0,0,0,0,0,0,0
2013-07-13 11:15:00+00:00,60,7,11,552.019775390625,156.50112915039062,0,0,0,0,0,0,0,0,0,0,0,0,0,0,0,0,0,0,0,0,0,0,0,0,0
2013-07-13 11:15:00+00:00,60,7,11,,,0,0,0,0,0,0,0,0,0,0,0,0,0,0,0,0,0,0,0,0,0,0,0,0,0
2013-07-13 11:15:00+00:00,60,7,11,97.90798950195312,20.06026268005371,0,0,0,0,0,0,0,0,0,1,1,1,1,1,1,1,1,0,0,0,1,1,1,1,1
2013-07-13 11:15:00+00:00,60,7,11,240.00787353515625,236.19325256347656,0,0,0,0,0,0,0,0,0,0,0,0,0,0,1,1,1,0,0,0,0,0,0,0,0
2013-07-13 11:30:00+00:00,60,7,11,,,0,0,0,0,0,0,0,0,0,0,0,0,0,0,0,0,0,0,0,0,0,0,0,0,0
2013-07-13 11:30:00+00:00,60,7,11,,,0,0,0,0,0,0,0,0,0,0,0,0,0,0,0,0,0,0,0,0,0,0,0,0,0
2013-07-13 11:30:00+00:00,60,7,11,,,0,0,0,0,0,0,0,0,0,0,0,0,0,0,0,0,0,0,0,0,0,0,0,0,0
2013-07-13 11:30:00+00:00,60,7,11,,,0,0,0,0,0,0,0,0,0,0,0,0,0,0,0,0,0,0,0,0,0,0,0,0,0
2013-07-13 11:30:00+00:00,60,7,11,,,0,0,0,0,0,0,0,0,0,0,0,0,0,0,0,0,0,0,0,0,0,0,0,0,0
2013-07-13 11:30:00+00:00,60,7,11,,,0,0,0,0,0,0,0,0,0,0,0,0,0,0,0,0,0,0,0,0,0,0,0,0,0
2013-07-13 11:30:00+00:00,60,7,11,,,0,0,0,0,0,0,0,0,0,0,0,0,0,0,0,0,0,0,0,0,0,0,0,0,0
2013-07-13 11:30:00+00:00,60,7,11,,,0,0,0,0,0,0,0,0,0,0,0,0,0,0,0,0,0,0,0,0,0,0,0,0,0
2013-07-13 11:30:00+00:00,60,7,11,,714.4931030273438,0,0,0,0,0,0,0,0,0,0,0,0,0,0,0,0,0,0,0,0,0,0,0,0,0
2013-07-13 11:45:00+00:00,60,7,11,,,0,0,0,0,0,0,0,0,0,0,0,0,0,0,0,0,0,0,0,0,0,0,0,0,0
2013-07-13 11:45:00+00:00,60,7,11,,,0,0,0,0,0,0,0,0,0,0,0,0,0,0,0,0,0,0,0,0,0,0,0,0,0
2013-07-13 11:45:00+00:00,60,7,11,,,0,0,0,0,0,0,0,0,0,0,0,0,0,0,0,0,0,0,0,0,0,0,0,0,0
2013-07-13 11:45:00+00:00,60,7,11,,,0,0,0,0,0,0,0,0,0,0,0,0,0,0,0,0,0,0,0,0,0,0,0,0,0
2013-07-13 11:45:00+00:00,60,7,11,39.49326705932617,20.223073959350586,0,0,0,0,0,1,1,1,1,1,1,1,1,1,1,1,1,0,0,0,1,1,1,1,1
2013-07-13 11:45:00+00:00,60,7,11,177.19847106933594,186.89454650878906,0,0,0,0,0,0,0,0,0,0,0,0,1,1,1,1,1,0,0,0,0,0,0,0,0
2013-07-13 11:45:00+00:00,60,7,11,377.0750427246094,377.2785339355469,0,0,0,0,0,0,0,0,0,0,0,0,0,0,0,0,0,0,0,0,0,0,0,0,0
2013-07-13 12:00:00+00:00,60,7,12,,,0,0,0,0,0,0,0,0,0,0,0,0,0,0,0,0,0,0,0,0,0,0,0,0,0
2013-07-13 12:00:00+00:00,60,7,12,,,0,0,0,0,0,0,0,0,0,0,0,0,0,0,0,0,0,0,0,0,0,0,0,0,0
2013-07-13 12:00:00+00:00,60,7,12,,,0,0,0,0,0,0,0,0,0,0,0,0,0,0,0,0,0,0,0,0,0,0,0,0,0
2013-07-13 12:00:00+00:00,60,7,12,,,0,0,0,0,0,0,0,0,0,0,0,0,0,0,0,0,0,0,0,0,0,0,0,0,0
2013-07-13 12:00:00+00:00,60,7,12,,,0,0,0,0,0,0,0,0,0,0,0,0,0,0,0,0,0,0,0,0,0,0,0,0,0
2013-07-13 12:00:00+00:00,60,7,12,,,0,0,0,0,0,0,0,0,0,0,0,0,0,0,0,0,0,0,0,0,0,0,0,0,0
2013-07-13 12:00:00+00:00,60,7,12,,,0,0,0,0,0,0,0,0,0,0,0,0,0,0,0,0,0,0,0,0,0,0,0,0,0
2013-07-13 12:15:00+00:00,60,7,12,,,0,0,0,0,0,0,0,0,0,0,0,0,0,0,0,0,0,0,0,0,0,0,0,0,0
2013-07-13 12:15:00+00:00,60,7,12,,388.99237060546875,0,0,0,0,0,0,0,0,0,0,0,0,0,0,0,0,0,0,0,0,0,0,0,0,0
2013-07-13 12:15:00+00:00,60,7,12,,162.40000915527344,0,0,0,0,0,0,0,0,0,0,0,0,0,0,0,0,0,0,0,0,0,0,0,0,0
2013-07-13 12:15:00+00:00,60,7,12,,,0,0,0,0,0,0,0,0,0,0,0,0,0,0,0,0,0,0,0,0,0,0,0,0,0
2013-07-13 12:15:00+00:00,60,7,12,,,0,0,0,0,0,0,0,0,0,0,0,0,0,0,0,0,0,0,0,0,0,0,0,0,0
2013-07-13 12:15:00+00:00,60,7,12,,,0,0,0,0,0,0,0,0,0,0,0,0,0,0,0,0,0,0,0,0,0,0,0,0,0
2013-07-13 12:15:00+00:00,60,7,12,,,0,0,0,0,0,0,0,0,0,0,0,0,0,0,0,0,0,0,0,0,0,0,0,0,0
2013-07-13 12:15:00+00:00,60,7,12,,,0,0,0,0,0,0,0,0,0,0,0,0,0,0,0,0,0,0,0,0,0,0,0,0,0
2013-07-13 12:15:00+00:00,60,7,12,677.4754028320312,,0,0,0,0,0,0,0,0,0,0,0,0,0,0,0,0,0,0,0,0,0,0,0,0,0
2013-07-13 12:30:00+00:00,60,7,12,,,0,0,0,0,0,0,0,0,0,0,0,0,0,0,0,0,0,0,0,0,0,0,0,0,0
2013-07-13 12:30:00+00:00,60,7,12,,128.69512939453125,0,0,0,0,0,0,0,0,0,0,0,0,0,0,0,0,0,0,0,0,0,0,0,0,0
2013-07-13 12:30:00+00:00,60,7,12,,274.1238098144531,0,0,0,0,0,0,0,0,0,0,0,0,0,0,0,0,0,0,0,0,0,0,0,0,0
2013-07-13 12:30:00+00:00,60,7,12,,119.08916473388672,0,0,0,0,0,0,0,0,0,0,0,0,0,0,0,0,0,0,0,0,0,0,0,0,0
2013-07-13 12:30:00+00:00,60,7,12,,,0,0,0,0,0,0,0,0,0,0,0,0,0,0,0,0,0,0,0,0,0,0,0,0,0
2013-07-13 12:30:00+00:00,60,7,12,,39.064170837402344,0,0,0,0,0,0,0,0,0,0,0,0,0,0,0,0,0,0,0,0,0,0,1,1,1
2013-07-13 12:30:00+00:00,60,7,12,,38.854774475097656,0,0,0,0,0,0,0,0,0,0,0,0,0,0,0,0,0,0,0,0,0,0,1,1,1
2013-07-13 12:30:00+00:00,60,7,12,38.55982208251953,16.75844955444336,0,0,0,0,0,1,1,1,1,1,1,1,1,1,1,1,1,0,0,1,1,1,1,1,1
2013-07-13 12:45:00+00:00,60,7,12,,283.6411437988281,0,0,0,0,0,0,0,0,0,0,0,0,0,0,0,0,0,0,0,0,0,0,0,0,0
2013-07-13 12:45:00+00:00,60,7,12,,,0,0,0,0,0,0,0,0,0,0,0,0,0,0,0,0,0,0,0,0,0,0,0,0,0
2013-07-13 12:45:00+00:00,60,7,12,,,0,0,0,0,0,0,0,0,0,0,0,0,0,0,0,0,0,0,0,0,0,0,0,0,0
2013-07-13 12:45:00+00:00,60,7,12,,,0,0,0,0,0,0,0,0,0,0,0,0,0,0,0,0,0,0,0,0,0,0,0,0,0
2013-07-13 12:45:00+00:00,60,7,12,316.2091064453125,27.945507049560547,0,0,0,0,0,0,0,0,0,0,0,0,0,0,0,0,1,0,0,0,0,1,1,1,1
2013-07-13 12:45:00+00:00,60,7,12,,148.74444580078125,0,0,0,0,0,0,0,0,0,0,0,0,0,0,0,0,0,0,0,0,0,0,0,0,0
2013-07-13 12:45:00+00:00,60,7,12,,74.76919555664062,0,0,0,0,0,0,0,0,0,0,0,0,0,0,0,0,0,0,0,0,0,0,0,0,0
2013-07-13 12:45:00+00:00,60,7,12,,9.8627290725708,0,0,0,0,0,0,0,0,0,0,0,0,0,0,0,0,0,1,1,1,1,1,1,1,1
2013-07-13 12:45:00+00:00,60,7,12,,7.989681243896484,0,0,0,0,0,0,0,0,0,0,0,0,0,0,0,0,0,1,1,1,1,1,1,1,1
2013-07-13 13:00:00+00:00,60,7,13,,,0,0,0,0,0,0,0,0,0,0,0,0,0,0,0,0,0,0,0,0,0,0,0,0,0
2013-07-13 13:00:00+00:00,60,7,13,,,0,0,0,0,0,0,0,0,0,0,0,0,0,0,0,0,0,0,0,0,0,0,0,0,0
2013-07-13 13:00:00+00:00,60,7,13,110.92524719238281,52.78793716430664,0,0,0,0,0,0,0,0,0,0,1,1,1,1,1,1,1,0,0,0,0,0,0,0,1
2013-07-13 13:00:00+00:00,60,7,13,237.38929748535156,220.5607147216797,0,0,0,0,0,0,0,0,0,0,0,0,0,0,1,1,1,0,0,0,0,0,0,0,0
2013-07-13 13:00:00+00:00,60,7,13,,116.76860046386719,0,0,0,0,0,0,0,0,0,0,0,0,0,0,0,0,0,0,0,0,0,0,0,0,0
2013-07-13 13:00:00+00:00,60,7,13,,97.43644714355469,0,0,0,0,0,0,0,0,0,0,0,0,0,0,0,0,0,0,0,0,0,0,0,0,0
2013-07-13 13:00:00+00:00,60,7,13,,0.0,0,0,0,0,0,0,0,0,0,0,0,0,0,0,0,0,0,1,1,1,1,1,1,1,1
2013-07-13 13:00:00+00:00,60,7,13,,0.0,0,0,0,0,0,0,0,0,0,0,0,0,0,0,0,0,0,1,1,1,1,1,1,1,1
2013-07-13 13:15:00+00:00,60,7,13,,,0,0,0,0,0,0,0,0,0,0,0,0,0,0,0,0,0,0,0,0,0,0,0,0,0
2013-07-13 13:15:00+00:00,60,7,13,337.74200439453125,287.97467041015625,0,0,0,0,0,0,0,0,0,0,0,0,0,0,0,0,1,0,0,0,0,0,0,0,0
2013-07-13 13:15:00+00:00,60,7,13,,,0,0,0,0,0,0,0,0,0,0,0,0,0,0,0,0,0,0,0,0,0,0,0,0,0
2013-07-13 13:15:00+00:00,60,7,13,,355.8265075683594,0,0,0,0,0,0,0,0,0,0,0,0,0,0,0,0,0,0,0,0,0,0,0,0,0
2013-07-13 13:15:00+00:00,60,7,13,,35.54270935058594,0,0,0,0,0,0,0,0,0,0,0,0,0,0,0,0,0,0,0,0,0,0,1,1,1
2013-07-13 13:15:00+00:00,60,7,13,,12.400449752807617,0,0,0,0,0,0,0,0,0,0,0,0,0,0,0,0,0,0,1,1,1,1,1,1,1
2013-07-13 13:15:00+00:00,60,7,13,,121.60517120361328,0,0,0,0,0,0,0,0,0,0,0,0,0,0,0,0,0,0,0,0,0,0,0,0,0
2013-07-13 13:15:00+00:00,60,7,13,,0.0,0,0,0,0,0,0,0,0,0,0,0,0,0,0,0,0,0,1,1,1,1,1,1,1,1
2013-07-13 13:30:00+00:00,60,7,13,,,0,0,0,0,0,0,0,0,0,0,0,0,0,0,0,0,0,0,0,0,0,0,0,0,0
2013-07-13 13:30:00+00:00,60,7,13,,,0,0,0,0,0,0,0,0,0,0,0,0,0,0,0,0,0,0,0,0,0,0,0,0,0
2013-07-13 13:30:00+00:00,60,7,13,292.6153564453125,,0,0,0,0,0,0,0,0,0,0,0,0,0,0,0,1,1,0,0,0,0,0,0,0,0
2013-07-13 13:30:00+00:00,60,7,13,106.55026245117188,89.3171157836914,0,0,0,0,0,0,0,0,0,0,1,1,1,1,1,1,1,0,0,0,0,0,0,0,0
2013-07-13 13:30:00+00:00,60,7,13,34.13740921020508,55.35370635986328,0,0,0,0,0,1,1,1,1,1,1,1,1,1,1,1,1,0,0,0,0,0,0,0,1
2013-07-13 13:30:00+00:00,60,7,13,266.1293640136719,111.5099105834961,0,0,0,0,0,0,0,0,0,0,0,0,0,0,0,1,1,0,0,0,0,0,0,0,0
2013-07-13 13:30:00+00:00,60,7,13,313.3690185546875,231.23805236816406,0,0,0,0,0,0,0,0,0,0,0,0,0,0,0,0,1,0,0,0,0,0,0,0,0
2013-07-13 13:30:00+00:00,60,7,13,294.83221435546875,232.23655700683594,0,0,0,0,0,0,0,0,0,0,0,0,0,0,0,1,1,0,0,0,0,0,0,0,0
2013-07-13 13:30:00+00:00,60,7,13,377.00347900390625,36.53357696533203,0,0,0,0,0,0,0,0,0,0,0,0,0,0,0,0,0,0,0,0,0,0,1,1,1
2013-07-13 13:30:00+00:00,60,7,13,381.3834228515625,36.44755935668945,0,0,0,0,0,0,0,0,0,0,0,0,0,0,0,0,0,0,0,0,0,0,1,1,1
2013-07-13 13:30:00+00:00,60,7,13,341.2640686035156,394.68231201171875,0,0,0,0,0,0,0,0,0,0,0,0,0,0,0,0,1,0,0,0,0,0,0,0,0
2013-07-13 13:45:00+00:00,60,7,13,,,0,0,0,0,0,0,0,0,0,0,0,0,0,0,0,0,0,0,0,0,0,0,0,0,0
2013-07-13 13:45:00+00:00,60,7,13,89.06468963623047,232.74478149414062,0,0,0,0,0,0,0,0,0,1,1,1,1,1,1,1,1,0,0,0,0,0,0,0,0
2013-07-13 13:45:00+00:00,60,7,13,,,0,0,0,0,0,0,0,0,0,0,0,0,0,0,0,0,0,0,0,0,0,0,0,0,0
2013-07-13 13:45:00+00:00,60,7,13,282.4860534667969,,0,0,0,0,0,0,0,0,0,0,0,0,0,0,0,1,1,0,0,0,0,0,0,0,0
2013-07-13 13:45:00+00:00,60,7,13,,,0,0,0,0,0,0,0,0,0,0,0,0,0,0,0,0,0,0,0,0,0,0,0,0,0
2013-07-13 13:45:00+00:00,60,7,13,51.7784423828125,26.973241806030273,0,0,0,0,0,0,0,1,1,1,1,1,1,1,1,1,1,0,0,0,0,1,1,1,1
2013-07-13 13:45:00+00:00,60,7,13,87.58636474609375,6.168756484985352,0,0,0,0,0,0,0,0,0,1,1,1,1,1,1,1,1,1,1,1,1,1,1,1,1
2013-07-13 13:45:00+00:00,60,7,13,43.915611267089844,0.0,0,0,0,0,0,0,1,1,1,1,1,1,1,1,1,1,1,1,1,1,1,1,1,1,1
2013-07-13 13:45:00+00:00,60,7,13,277.778076171875,281.3943176269531,0,0,0,0,0,0,0,0,0,0,0,0,0,0,0,1,1,0,0,0,0,0,0,0,0
2013-07-13 13:45:00+00:00,60,7,13,163.50437927246094,12.88305950164795,0,0,0,0,0,0,0,0,0,0,0,0,1,1,1,1,1,0,1,1,1,1,1,1,1
2013-07-13 13:45:00+00:00,60,7,13,238.7600860595703,48.816280364990234,0,0,0,0,0,0,0,0,0,0,0,0,0,0,1,1,1,0,0,0,0,0,0,1,1
2013-07-13 13:45:00+00:00,60,7,13,278.8787536621094,90.3470230102539,0,0,0,0,0,0,0,0,0,0,0,0,0,0,0,1,1,0,0,0,0,0,0,0,0
2013-07-13 13:45:00+00:00,60,7,13,344.0754089355469,155.63211059570312,0,0,0,0,0,0,0,0,0,0,0,0,0,0,0,0,1,0,0,0,0,0,0,0,0
2013-07-13 13:45:00+00:00,60,7,13,,,0,0,0,0,0,0,0,0,0,0,0,0,0,0,0,0,0,0,0,0,0,0,0,0,0
2013-07-13 14:00:00+00:00,60,7,14,,277.4284362792969,0,0,0,0,0,0,0,0,0,0,0,0,0,0,0,0,0,0,0,0,0,0,0,0,0
2013-07-13 14:00:00+00:00,60,7,14,,,0,0,0,0,0,0,0,0,0,0,0,0,0,0,0,0,0,0,0,0,0,0,0,0,0
2013-07-13 14:00:00+00:00,60,7,14,,,0,0,0,0,0,0,0,0,0,0,0,0,0,0,0,0,0,0,0,0,0,0,0,0,0
2013-07-13 14:00:00+00:00,60,7,14,,298.20196533203125,0,0,0,0,0,0,0,0,0,0,0,0,0,0,0,0,0,0,0,0,0,0,0,0,0
2013-07-13 14:00:00+00:00,60,7,14,,399.21063232421875,0,0,0,0,0,0,0,0,0,0,0,0,0,0,0,0,0,0,0,0,0,0,0,0,0
2013-07-13 14:00:00+00:00,60,7,14,,386.47857666015625,0,0,0,0,0,0,0,0,0,0,0,0,0,0,0,0,0,0,0,0,0,0,0,0,0
2013-07-13 14:00:00+00:00,60,7,14,,215.1854705810547,0,0,0,0,0,0,0,0,0,0,0,0,0,0,0,0,0,0,0,0,0,0,0,0,0
2013-07-13 14:00:00+00:00,60,7,14,,293.8058166503906,0,0,0,0,0,0,0,0,0,0,0,0,0,0,0,0,0,0,0,0,0,0,0,0,0
2013-07-13 14:00:00+00:00,60,7,14,417.42822265625,4.5795135498046875,0,0,0,0,0,0,0,0,0,0,0,0,0,0,0,0,0,1,1,1,1,1,1,1,1
2013-07-13 14:00:00+00:00,60,7,14,314.1992492675781,64.5969467163086,0,0,0,0,0,0,0,0,0,0,0,0,0,0,0,0,1,0,0,0,0,0,0,0,0
2013-07-13 14:00:00+00:00,60,7,14,196.80079650878906,9.75131607055664,0,0,0,0,0,0,0,0,0,0,0,0,0,1,1,1,1,1,1,1,1,1,1,1,1
2013-07-13 14:00:00+00:00,60,7,14,203.51718139648438,3.1802122592926025,0,0,0,0,0,0,0,0,0,0,0,0,0,0,1,1,1,1,1,1,1,1,1,1,1
2013-07-13 14:00:00+00:00,60,7,14,323.3357849121094,500.9173278808594,0,0,0,0,0,0,0,0,0,0,0,0,0,0,0,0,1,0,0,0,0,0,0,0,0
2013-07-13 14:00:00+00:00,60,7,14,231.98255920410156,10.107919692993164,0,0,0,0,0,0,0,0,0,0,0,0,0,0,1,1,1,0,1,1,1,1,1,1,1
2013-07-13 14:00:00+00:00,60,7,14,244.77711486816406,44.13671875,0,0,0,0,0,0,0,0,0,0,0,0,0,0,1,1,1,0,0,0,0,0,0,1,1
2013-07-13 14:00:00+00:00,60,7,14,,6.090612411499023,0,0,0,0,0,0,0,0,0,0,0,0,0,0,0,0,0,1,1,1,1,1,1,1,1
2013-07-13 14:00:00+00:00,60,7,14,,,0,0,0,0,0,0,0,0,0,0,0,0,0,0,0,0,0,0,0,0,0,0,0,0,0
2013-07-13 14:15:00+00:00,60,7,14,,111.17000579833984,0,0,0,0,0,0,0,0,0,0,0,0,0,0,0,0,0,0,0,0,0,0,0,0,0
2013-07-13 14:15:00+00:00,60,7,14,,,0,0,0,0,0,0,0,0,0,0,0,0,0,0,0,0,0,0,0,0,0,0,0,0,0
2013-07-13 14:15:00+00:00,60,7,14,,135.685791015625,0,0,0,0,0,0,0,0,0,0,0,0,0,0,0,0,0,0,0,0,0,0,0,0,0
2013-07-13 14:15:00+00:00,60,7,14,365.63433837890625,51.1674919128418,0,0,0,0,0,0,0,0,0,0,0,0,0,0,0,0,0,0,0,0,0,0,0,0,1
2013-07-13 14:15:00+00:00,60,7,14,,,0,0,0,0,0,0,0,0,0,0,0,0,0,0,0,0,0,0,0,0,0,0,0,0,0
2013-07-13 14:15:00+00:00,60,7,14,63.51666259765625,9.856053352355957,0,0,0,0,0,0,0,0,1,1,1,1,1,1,1,1,1,1,1,1,1,1,1,1,1
2013-07-13 14:15:00+00:00,60,7,14,171.34571838378906,84.192626953125,0,0,0,0,0,0,0,0,0,0,0,0,1,1,1,1,1,0,0,0,0,0,0,0,0
2013-07-13 14:15:00+00:00,60,7,14,165.11354064941406,139.20181274414062,0,0,0,0,0,0,0,0,0,0,0,0,1,1,1,1,1,0,0,0,0,0,0,0,0
2013-07-13 14:15:00+00:00,60,7,14,193.92611694335938,216.6720428466797,0,0,0,0,0,0,0,0,0,0,0,0,0,1,1,1,1,0,0,0,0,0,0,0,0
2013-07-13 14:15:00+00:00,60,7,14,218.1908416748047,58.12668228149414,0,0,0,0,0,0,0,0,0,0,0,0,0,0,1,1,1,0,0,0,0,0,0,0,1
2013-07-13 14:15:00+00:00,60,7,14,,0.0,0,0,0,0,0,0,0,0,0,0,0,0,0,0,0,0,0,1,1,1,1,1,1,1,1
2013-07-13 14:30:00+00:00,60,7,14,,0.0,0,0,0,0,0,0,0,0,0,0,0,0,0,0,0,0,0,1,1,1,1,1,1,1,1
2013-07-13 14:30:00+00:00,60,7,14,268.903564453125,242.77310180664062,0,0,0,0,0,0,0,0,0,0,0,0,0,0,0,1,1,0,0,0,0,0,0,0,0
2013-07-13 14:30:00+00:00,60,7,14,,189.40721130371094,0,0,0,0,0,0,0,0,0,0,0,0,0,0,0,0,0,0,0,0,0,0,0,0,0
2013-07-13 14:30:00+00:00,60,7,14,,,0,0,0,0,0,0,0,0,0,0,0,0,0,0,0,0,0,0,0,0,0,0,0,0,0
2013-07-13 14:30:00+00:00,60,7,14,,363.72772216796875,0,0,0,0,0,0,0,0,0,0,0,0,0,0,0,0,0,0,0,0,0,0,0,0,0
2013-07-13 14:30:00+00:00,60,7,14,321.165771484375,284.055419921875,0,0,0,0,0,0,0,0,0,0,0,0,0,0,0,0,1,0,0,0,0,0,0,0,0
2013-07-13 14:30:00+00:00,60,7,14,,,0,0,0,0,0,0,0,0,0,0,0,0,0,0,0,0,0,0,0,0,0,0,0,0,0
2013-07-13 14:30:00+00:00,60,7,14,117.0754165649414,152.32229614257812,0,0,0,0,0,0,0,0,0,0,1,1,1,1,1,1,1,0,0,0,0,0,0,0,0
2013-07-13 14:30:00+00:00,60,7,14,59.775238037109375,81.3555679321289,0,0,0,0,0,0,0,1,1,1,1,1,1,1,1,1,1,0,0,0,0,0,0,0,0
2013-07-13 14:30:00+00:00,60,7,14,52.57259750366211,8.580772399902344,0,0,0,0,0,0,0,1,1,1,1,1,1,1,1,1,1,1,1,1,1,1,1,1,1
2013-07-13 14:30:00+00:00,60,7,14,90.15799713134766,20.75391387939453,0,0,0,0,0,0,0,0,0,1,1,1,1,1,1,1,1,0,0,0,1,1,1,1,1
2013-07-13 14:30:00+00:00,60,7,14,201.5428924560547,43.41878128051758,0,0,0,0,0,0,0,0,0,0,0,0,0,0,1,1,1,0,0,0,0,0,0,1,1
2013-07-13 14:30:00+00:00,60,7,14,63.631980895996094,56.18544387817383,0,0,0,0,0,0,0,0,1,1,1,1,1,1,1,1,1,0,0,0,0,0,0,0,1
2013-07-13 14:30:00+00:00,60,7,14,60.998897552490234,64.52304077148438,0,0,0,0,0,0,0,0,1,1,1,1,1,1,1,1,1,0,0,0,0,0,0,0,0
2013-07-13 14:30:00+00:00,60,7,14,235.5487823486328,249.66476440429688,0,0,0,0,0,0,0,0,0,0,0,0,0,0,1,1,1,0,0,0,0,0,0,0,0
2013-07-13 14:45:00+00:00,60,7,14,,174.7062530517578,0,0,0,0,0,0,0,0,0,0,0,0,0,0,0,0,0,0,0,0,0,0,0,0,0
2013-07-13 14:45:00+00:00,60,7,14,,,0,0,0,0,0,0,0,0,0,0,0,0,0,0,0,0,0,0,0,0,0,0,0,0,0
2013-07-13 14:45:00+00:00,60,7,14,,95.40462493896484,0,0,0,0,0,0,0,0,0,0,0,0,0,0,0,0,0,0,0,0,0,0,0,0,0
2013-07-13 14:45:00+00:00,60,7,14,,,0,0,0,0,0,0,0,0,0,0,0,0,0,0,0,0,0,0,0,0,0,0,0,0,0
2013-07-13 14:45:00+00:00,60,7,14,,320.54150390625,0,0,0,0,0,0,0,0,0,0,0,0,0,0,0,0,0,0,0,0,0,0,0,0,0
2013-07-13 14:45:00+00:00,60,7,14,65.36273956298828,69.39466857910156,0,0,0,0,0,0,0,0,1,1,1,1,1,1,1,1,1,0,0,0,0,0,0,0,0
2013-07-13 14:45:00+00:00,60,7,14,163.8951873779297,25.804292678833008,0,0,0,0,0,0,0,0,0,0,0,0,1,1,1,1,1,0,0,0,0,1,1,1,1
2013-07-13 14:45:00+00:00,60,7,14,140.45388793945312,77.98926544189453,0,0,0,0,0,0,0,0,0,0,0,1,1,1,1,1,1,0,0,0,0,0,0,0,0
2013-07-13 14:45:00+00:00,60,7,14,,,0,0,0,0,0,0,0,0,0,0,0,0,0,0,0,0,0,0,0,0,0,0,0,0,0
2013-07-13 15:00:00+00:00,60,7,15,,,0,0,0,0,0,0,0,0,0,0,0,0,0,0,0,0,0,0,0,0,0,0,0,0,0
2013-07-13 15:00:00+00:00,60,7,15,246.49098205566406,166.93421936035156,0,0,0,0,0,0,0,0,0,0,0,0,0,0,1,1,1,0,0,0,0,0,0,0,0
2013-07-13 15:00:00+00:00,60,7,15,,256.7667541503906,0,0,0,0,0,0,0,0,0,0,0,0,0,0,0,0,0,0,0,0,0,0,0,0,0
2013-07-13 15:00:00+00:00,60,7,15,,,0,0,0,0,0,0,0,0,0,0,0,0,0,0,0,0,0,0,0,0,0,0,0,0,0
2013-07-13 15:00:00+00:00,60,7,15,249.9676055908203,215.81954956054688,0,0,0,0,0,0,0,0,0,0,0,0,0,0,1,1,1,0,0,0,0,0,0,0,0
2013-07-13 15:00:00+00:00,60,7,15,97.05272674560547,92.00623321533203,0,0,0,0,0,0,0,0,0,1,1,1,1,1,1,1,1,0,0,0,0,0,0,0,0
2013-07-13 15:00:00+00:00,60,7,15,109.44652557373047,291.35418701171875,0,0,0,0,0,0,0,0,0,0,1,1,1,1,1,1,1,0,0,0,0,0,0,0,0
2013-07-13 15:00:00+00:00,60,7,15,,8.58553409576416,0,0,0,0,0,0,0,0,0,0,0,0,0,0,0,0,0,1,1,1,1,1,1,1,1
2013-07-13 15:00:00+00:00,60,7,15,120.76175689697266,22.66926383972168,0,0,0,0,0,0,0,0,0,0,0,1,1,1,1,1,1,0,0,0,1,1,1,1,1
2013-07-13 15:00:00+00:00,60,7,15,,21.13979148864746,0,0,0,0,0,0,0,0,0,0,0,0,0,0,0,0,0,0,0,0,1,1,1,1,1
2013-07-13 15:00:00+00:00,60,7,15,,96.57373809814453,0,0,0,0,0,0,0,0,0,0,0,0,0,0,0,0,0,0,0,0,0,0,0,0,0
2013-07-13 15:00:00+00:00,60,7,15,,248.24993896484375,0,0,0,0,0,0,0,0,0,0,0,0,0,0,0,0,0,0,0,0,0,0,0,0,0
2013-07-13 15:00:00+00:00,60,7,15,64.33042907714844,0.0,0,0,0,0,0,0,0,0,1,1,1,1,1,1,1,1,1,1,1,1,1,1,1,1,1
2013-07-13 15:00:00+00:00,60,7,15,,,0,0,0,0,0,0,0,0,0,0,0,0,0,0,0,0,0,0,0,0,0,0,0,0,0
2013-07-13 15:15:00+00:00,60,7,15,,,0,0,0,0,0,0,0,0,0,0,0,0,0,0,0,0,0,0,0,0,0,0,0,0,0
2013-07-13 15:15:00+00:00,60,7,15,,,0,0,0,0,0,0,0,0,0,0,0,0,0,0,0,0,0,0,0,0,0,0,0,0,0
2013-07-13 15:15:00+00:00,60,7,15,227.5318145751953,208.70843505859375,0,0,0,0,0,0,0,0,0,0,0,0,0,0,1,1,1,0,0,0,0,0,0,0,0
2013-07-13 15:15:00+00:00,60,7,15,204.66395568847656,201.4180908203125,0,0,0,0,0,0,0,0,0,0,0,0,0,0,1,1,1,0,0,0,0,0,0,0,0
2013-07-13 15:15:00+00:00,60,7,15,,,0,0,0,0,0,0,0,0,0,0,0,0,0,0,0,0,0,0,0,0,0,0,0,0,0
2013-07-13 15:15:00+00:00,60,7,15,70.37228393554688,88.84832000732422,0,0,0,0,0,0,0,0,1,1,1,1,1,1,1,1,1,0,0,0,0,0,0,0,0
2013-07-13 15:15:00+00:00,60,7,15,,,0,0,0,0,0,0,0,0,0,0,0,0,0,0,0,0,0,0,0,0,0,0,0,0,0
2013-07-13 15:15:00+00:00,60,7,15,,200.09425354003906,0,0,0,0,0,0,0,0,0,0,0,0,0,0,0,0,0,0,0,0,0,0,0,0,0
2013-07-13 15:15:00+00:00,60,7,15,,15.11439037322998,0,0,0,0,0,0,0,0,0,0,0,0,0,0,0,0,0,0,0,1,1,1,1,1,1
2013-07-13 15:15:00+00:00,60,7,15,,316.4310607910156,0,0,0,0,0,0,0,0,0,0,0,0,0,0,0,0,0,0,0,0,0,0,0,0,0
2013-07-13 15:15:00+00:00,60,7,15,,293.34039306640625,0,0,0,0,0,0,0,0,0,0,0,0,0,0,0,0,0,0,0,0,0,0,0,0,0
2013-07-13 15:15:00+00:00,60,7,15,54.0118293762207,15.961869239807129,0,0,0,0,0,0,0,1,1,1,1,1,1,1,1,1,1,0,0,1,1,1,1,1,1
2013-07-13 15:15:00+00:00,60,7,15,158.49574279785156,142.8584747314453,0,0,0,0,0,0,0,0,0,0,0,0,1,1,1,1,1,0,0,0,0,0,0,0,0
2013-07-13 15:15:00+00:00,60,7,15,114.91899108886719,113.95990753173828,0,0,0,0,0,0,0,0,0,0,1,1,1,1,1,1,1,0,0,0,0,0,0,0,0
2013-07-13 15:15:00+00:00,60,7,15,,,0,0,0,0,0,0,0,0,0,0,0,0,0,0,0,0,0,0,0,0,0,0,0,0,0
2013-07-13 15:30:00+00:00,60,7,15,,,0,0,0,0,0,0,0,0,0,0,0,0,0,0,0,0,0,0,0,0,0,0,0,0,0
2013-07-13 15:30:00+00:00,60,7,15,207.96331787109375,218.68849182128906,0,0,0,0,0,0,0,0,0,0,0,0,0,0,1,1,1,0,0,0,0,0,0,0,0
2013-07-13 15:30:00+00:00,60,7,15,,,0,0,0,0,0,0,0,0,0,0,0,0,0,0,0,0,0,0,0,0,0,0,0,0,0
2013-07-13 15:30:00+00:00,60,7,15,93.98271179199219,133.66795349121094,0,0,0,0,0,0,0,0,0,1,1,1,1,1,1,1,1,0,0,0,0,0,0,0,0
2013-07-13 15:30:00+00:00,60,7,15,362.0459289550781,482.05694580078125,0,0,0,0,0,0,0,0,0,0,0,0,0,0,0,0,0,0,0,0,0,0,0,0,0
2013-07-13 15:30:00+00:00,60,7,15,,357.3662109375,0,0,0,0,0,0,0,0,0,0,0,0,0,0,0,0,0,0,0,0,0,0,0,0,0
2013-07-13 15:30:00+00:00,60,7,15,,0.0,0,0,0,0,0,0,0,0,0,0,0,0,0,0,0,0,0,1,1,1,1,1,1,1,1
2013-07-13 15:30:00+00:00,60,7,15,,24.876739501953125,0,0,0,0,0,0,0,0,0,0,0,0,0,0,0,0,0,0,0,0,1,1,1,1,1
2013-07-13 15:30:00+00:00,60,7,15,,30.719614028930664,0,0,0,0,0,0,0,0,0,0,0,0,0,0,0,0,0,0,0,0,0,0,1,1,1
2013-07-13 15:30:00+00:00,60,7,15,,92.25709533691406,0,0,0,0,0,0,0,0,0,0,0,0,0,0,0,0,0,0,0,0,0,0,0,0,0
2013-07-13 15:30:00+00:00,60,7,15,119.08333587646484,159.46234130859375,0,0,0,0,0,0,0,0,0,0,1,1,1,1,1,1,1,0,0,0,0,0,0,0,0
2013-07-13 15:30:00+00:00,60,7,15,,,0,0,0,0,0,0,0,0,0,0,0,0,0,0,0,0,0,0,0,0,0,0,0,0,0
2013-07-13 15:45:00+00:00,60,7,15,,,0,0,0,0,0,0,0,0,0,0,0,0,0,0,0,0,0,0,0,0,0,0,0,0,0
2013-07-13 15:45:00+00:00,60,7,15,141.8387451171875,65.26612091064453,0,0,0,0,0,0,0,0,0,0,0,1,1,1,1,1,1,0,0,0,0,0,0,0,0
2013-07-13 15:45:00+00:00,60,7,15,320.4954833984375,216.84332275390625,0,0,0,0,0,0,0,0,0,0,0,0,0,0,0,0,1,0,0,0,0,0,0,0,0
2013-07-13 15:45:00+00:00,60,7,15,236.45767211914062,243.90541076660156,0,0,0,0,0,0,0,0,0,0,0,0,0,0,1,1,1,0,0,0,0,0,0,0,0
2013-07-13 15:45:00+00:00,60,7,15,150.01710510253906,43.357513427734375,0,0,0,0,0,0,0,0,0,0,0,0,1,1,1,1,1,0,0,0,0,0,0,1,1
2013-07-13 15:45:00+00:00,60,7,15,,39.032691955566406,0,0,0,0,0,0,0,0,0,0,0,0,0,0,0,0,0,0,0,0,0,0,1,1,1
2013-07-13 15:45:00+00:00,60,7,15,,278.25408935546875,0,0,0,0,0,0,0,0,0,0,0,0,0,0,0,0,0,0,0,0,0,0,0,0,0
2013-07-13 15:45:00+00:00,60,7,15,185.8690185546875,16.622926712036133,0,0,0,0,0,0,0,0,0,0,0,0,0,1,1,1,1,0,0,1,1,1,1,1,1
2013-07-13 15:45:00+00:00,60,7,15,304.78173828125,172.89801025390625,0,0,0,0,0,0,0,0,0,0,0,0,0,0,0,0,1,0,0,0,0,0,0,0,0
2013-07-13 15:45:00+00:00,60,7,15,71.68231201171875,184.9365692138672,0,0,0,0,0,0,0,0,1,1,1,1,1,1,1,1,1,0,0,0,0,0,0,0,0
2013-07-13 15:45:00+00:00,60,7,15,347.8927307128906,262.8033447265625,0,0,0,0,0,0,0,0,0,0,0,0,0,0,0,0,1,0,0,0,0,0,0,0,0
2013-07-13 15:45:00+00:00,60,7,15,255.6008758544922,285.5181579589844,0,0,0,0,0,0,0,0,0,0,0,0,0,0,0,1,1,0,0,0,0,0,0,0,0
2013-07-13 15:45:00+00:00,60,7,15,,,0,0,0,0,0,0,0,0,0,0,0,0,0,0,0,0,0,0,0,0,0,0,0,0,0
2013-07-13 16:00:00+00:00,60,7,16,,,0,0,0,0,0,0,0,0,0,0,0,0,0,0,0,0,0,0,0,0,0,0,0,0,0
2013-07-13 16:00:00+00:00,60,7,16,,,0,0,0,0,0,0,0,0,0,0,0,0,0,0,0,0,0,0,0,0,0,0,0,0,0
2013-07-13 16:00:00+00:00,60,7,16,285.2562561035156,353.1957092285156,0,0,0,0,0,0,0,0,0,0,0,0,0,0,0,1,1,0,0,0,0,0,0,0,0
2013-07-13 16:00:00+00:00,60,7,16,117.9937744140625,136.3661346435547,0,0,0,0,0,0,0,0,0,0,1,1,1,1,1,1,1,0,0,0,0,0,0,0,0
2013-07-13 16:00:00+00:00,60,7,16,367.4036560058594,,0,0,0,0,0,0,0,0,0,0,0,0,0,0,0,0,0,0,0,0,0,0,0,0,0
2013-07-13 16:00:00+00:00,60,7,16,250.9939727783203,179.0381622314453,0,0,0,0,0,0,0,0,0,0,0,0,0,0,0,1,1,0,0,0,0,0,0,0,0
2013-07-13 16:00:00+00:00,60,7,16,176.16445922851562,25.85306739807129,0,0,0,0,0,0,0,0,0,0,0,0,1,1,1,1,1,0,0,0,0,1,1,1,1
2013-07-13 16:00:00+00:00,60,7,16,,9.008031845092773,0,0,0,0,0,0,0,0,0,0,0,0,0,0,0,0,0,1,1,1,1,1,1,1,1
2013-07-13 16:00:00+00:00,60,7,16,179.3078155517578,110.13152313232422,0,0,0,0,0,0,0,0,0,0,0,0,1,1,1,1,1,0,0,0,0,0,0,0,0
2013-07-13 16:00:00+00:00,60,7,16,136.9749755859375,194.1529083251953,0,0,0,0,0,0,0,0,0,0,0,1,1,1,1,1,1,0,0,0,0,0,0,0,0
2013-07-13 16:00:00+00:00,60,7,16,292.3561096191406,286.915283203125,0,0,0,0,0,0,0,0,0,0,0,0,0,0,0,1,1,0,0,0,0,0,0,0,0
2013-07-13 16:00:00+00:00,60,7,16,87.6715316772461,138.21682739257812,0,0,0,0,0,0,0,0,0,1,1,1,1,1,1,1,1,0,0,0,0,0,0,0,0
2013-07-13 16:00:00+00:00,60,7,16,193.21438598632812,218.82386779785156,0,0,0,0,0,0,0,0,0,0,0,0,0,1,1,1,1,0,0,0,0,0,0,0,0
2013-07-13 16:00:00+00:00,60,7,16,,,0,0,0,0,0,0,0,0,0,0,0,0,0,0,0,0,0,0,0,0,0,0,0,0,0
2013-07-13 16:00:00+00:00,60,7,16,,,0,0,0,0,0,0,0,0,0,0,0,0,0,0,0,0,0,0,0,0,0,0,0,0,0
2013-07-13 16:00:00+00:00,60,7,16,,,0,0,0,0,0,0,0,0,0,0,0,0,0,0,0,0,0,0,0,0,0,0,0,0,0
2013-07-13 16:00:00+00:00,60,7,16,,,0,0,0,0,0,0,0,0,0,0,0,0,0,0,0,0,0,0,0,0,0,0,0,0,0
2013-07-13 16:15:00+00:00,60,7,16,,,0,0,0,0,0,0,0,0,0,0,0,0,0,0,0,0,0,0,0,0,0,0,0,0,0
2013-07-13 16:15:00+00:00,60,7,16,247.52906799316406,77.8930435180664,0,0,0,0,0,0,0,0,0,0,0,0,0,0,1,1,1,0,0,0,0,0,0,0,0
2013-07-13 16:15:00+00:00,60,7,16,276.5228271484375,146.63800048828125,0,0,0,0,0,0,0,0,0,0,0,0,0,0,0,1,1,0,0,0,0,0,0,0,0
2013-07-13 16:15:00+00:00,60,7,16,101.49079132080078,77.99151611328125,0,0,0,0,0,0,0,0,0,0,1,1,1,1,1,1,1,0,0,0,0,0,0,0,0
2013-07-13 16:15:00+00:00,60,7,16,286.6109619140625,18.05185317993164,0,0,0,0,0,0,0,0,0,0,0,0,0,0,0,1,1,0,0,1,1,1,1,1,1
2013-07-13 16:15:00+00:00,60,7,16,176.35433959960938,106.6126937866211,0,0,0,0,0,0,0,0,0,0,0,0,1,1,1,1,1,0,0,0,0,0,0,0,0
2013-07-13 16:15:00+00:00,60,7,16,47.559207916259766,10.16093921661377,0,0,0,0,0,0,1,1,1,1,1,1,1,1,1,1,1,0,1,1,1,1,1,1,1
2013-07-13 16:15:00+00:00,60,7,16,51.137550354003906,40.96177673339844,0,0,0,0,0,0,0,1,1,1,1,1,1,1,1,1,1,0,0,0,0,0,0,1,1
2013-07-13 16:15:00+00:00,60,7,16,68.67450714111328,68.5329360961914,0,0,0,0,0,0,0,0,1,1,1,1,1,1,1,1,1,0,0,0,0,0,0,0,0
2013-07-13 16:15:00+00:00,60,7,16,,421.4237060546875,0,0,0,0,0,0,0,0,0,0,0,0,0,0,0,0,0,0,0,0,0,0,0,0,0
2013-07-13 16:15:00+00:00,60,7,16,,,0,0,0,0,0,0,0,0,0,0,0,0,0,0,0,0,0,0,0,0,0,0,0,0,0
2013-07-13 16:30:00+00:00,60,7,16,,,0,0,0,0,0,0,0,0,0,0,0,0,0,0,0,0,0,0,0,0,0,0,0,0,0
2013-07-13 16:30:00+00:00,60,7,16,243.5322265625,220.74986267089844,0,0,0,0,0,0,0,0,0,0,0,0,0,0,1,1,1,0,0,0,0,0,0,0,0
2013-07-13 16:30:00+00:00,60,7,16,95.95830535888672,67.4913101196289,0,0,0,0,0,0,0,0,0,1,1,1,1,1,1,1,1,0,0,0,0,0,0,0,0
2013-07-13 16:30:00+00:00,60,7,16,94.52396392822266,11.666948318481445,0,0,0,0,0,0,0,0,0,1,1,1,1,1,1,1,1,0,1,1,1,1,1,1,1
2013-07-13 16:30:00+00:00,60,7,16,420.51861572265625,,0,0,0,0,0,0,0,0,0,0,0,0,0,0,0,0,0,0,0,0,0,0,0,0,0
2013-07-13 16:30:00+00:00,60,7,16,,385.7713317871094,0,0,0,0,0,0,0,0,0,0,0,0,0,0,0,0,0,0,0,0,0,0,0,0,0
2013-07-13 16:30:00+00:00,60,7,16,,,0,0,0,0,0,0,0,0,0,0,0,0,0,0,0,0,0,0,0,0,0,0,0,0,0
2013-07-13 16:30:00+00:00,60,7,16,,,0,0,0,0,0,0,0,0,0,0,0,0,0,0,0,0,0,0,0,0,0,0,0,0,0
2013-07-13 16:30:00+00:00,60,7,16,,,0,0,0,0,0,0,0,0,0,0,0,0,0,0,0,0,0,0,0,0,0,0,0,0,0
2013-07-13 16:45:00+00:00,60,7,16,113.30962371826172,,0,0,0,0,0,0,0,0,0,0,1,1,1,1,1,1,1,0,0,0,0,0,0,0,0
2013-07-13 16:45:00+00:00,60,7,16,99.08810424804688,,0,0,0,0,0,0,0,0,0,1,1,1,1,1,1,1,1,0,0,0,0,0,0,0,0
2013-07-13 16:45:00+00:00,60,7,16,47.57477569580078,158.90675354003906,0,0,0,0,0,0,1,1,1,1,1,1,1,1,1,1,1,0,0,0,0,0,0,0,0
2013-07-13 16:45:00+00:00,60,7,16,230.51412963867188,153.49070739746094,0,0,0,0,0,0,0,0,0,0,0,0,0,0,1,1,1,0,0,0,0,0,0,0,0
2013-07-13 16:45:00+00:00,60,7,16,269.1042785644531,214.74278259277344,0,0,0,0,0,0,0,0,0,0,0,0,0,0,0,1,1,0,0,0,0,0,0,0,0
2013-07-13 16:45:00+00:00,60,7,16,54.53225326538086,56.174461364746094,0,0,0,0,0,0,0,1,1,1,1,1,1,1,1,1,1,0,0,0,0,0,0,0,1
2013-07-13 16:45:00+00:00,60,7,16,,,0,0,0,0,0,0,0,0,0,0,0,0,0,0,0,0,0,0,0,0,0,0,0,0,0
2013-07-13 16:45:00+00:00,60,7,16,,,0,0,0,0,0,0,0,0,0,0,0,0,0,0,0,0,0,0,0,0,0,0,0,0,0
2013-07-13 17:00:00+00:00,60,7,17,,,0,0,0,0,0,0,0,0,0,0,0,0,0,0,0,0,0,0,0,0,0,0,0,0,0
2013-07-13 17:00:00+00:00,60,7,17,69.18545532226562,340.1796569824219,0,0,0,0,0,0,0,0,1,1,1,1,1,1,1,1,1,0,0,0,0,0,0,0,0
2013-07-13 17:00:00+00:00,60,7,17,300.0382080078125,217.18760681152344,0,0,0,0,0,0,0,0,0,0,0,0,0,0,0,0,1,0,0,0,0,0,0,0,0
2013-07-13 17:00:00+00:00,60,7,17,77.34365844726562,115.41749572753906,0,0,0,0,0,0,0,0,1,1,1,1,1,1,1,1,1,0,0,0,0,0,0,0,0
2013-07-13 17:00:00+00:00,60,7,17,132.3289794921875,180.50486755371094,0,0,0,0,0,0,0,0,0,0,0,1,1,1,1,1,1,0,0,0,0,0,0,0,0
2013-07-13 17:00:00+00:00,60,7,17,280.980224609375,,0,0,0,0,0,0,0,0,0,0,0,0,0,0,0,1,1,0,0,0,0,0,0,0,0
2013-07-13 17:00:00+00:00,60,7,17,,,0,0,0,0,0,0,0,0,0,0,0,0,0,0,0,0,0,0,0,0,0,0,0,0,0
2013-07-13 17:15:00+00:00,60,7,17,,,0,0,0,0,0,0,0,0,0,0,0,0,0,0,0,0,0,0,0,0,0,0,0,0,0
2013-07-13 17:15:00+00:00,60,7,17,,,0,0,0,0,0,0,0,0,0,0,0,0,0,0,0,0,0,0,0,0,0,0,0,0,0
2013-07-13 17:15:00+00:00,60,7,17,89.73806762695312,155.99520874023438,0,0,0,0,0,0,0,0,0,1,1,1,1,1,1,1,1,0,0,0,0,0,0,0,0
2013-07-13 17:15:00+00:00,60,7,17,109.10956573486328,148.02049255371094,0,0,0,0,0,0,0,0,0,0,1,1,1,1,1,1,1,0,0,0,0,0,0,0,0
2013-07-13 17:15:00+00:00,60,7,17,160.6815948486328,216.46731567382812,0,0,0,0,0,0,0,0,0,0,0,0,1,1,1,1,1,0,0,0,0,0,0,0,0
2013-07-13 17:15:00+00:00,60,7,17,148.89169311523438,39.60944747924805,0,0,0,0,0,0,0,0,0,0,0,1,1,1,1,1,1,0,0,0,0,0,1,1,1
2013-07-13 17:15:00+00:00,60,7,17,77.95096588134766,57.8218994140625,0,0,0,0,0,0,0,0,1,1,1,1,1,1,1,1,1,0,0,0,0,0,0,0,1
2013-07-13 17:15:00+00:00,60,7,17,41.11286544799805,0.0,0,0,0,0,0,0,1,1,1,1,1,1,1,1,1,1,1,1,1,1,1,1,1,1,1
2013-07-13 17:15:00+00:00,60,7,17,260.88720703125,200.28526306152344,0,0,0,0,0,0,0,0,0,0,0,0,0,0,0,1,1,0,0,0,0,0,0,0,0
2013-07-13 17:15:00+00:00,60,7,17,192.22772216796875,161.29872131347656,0,0,0,0,0,0,0,0,0,0,0,0,0,1,1,1,1,0,0,0,0,0,0,0,0
2013-07-13 17:15:00+00:00,60,7,17,218.99713134765625,214.91293334960938,0,0,0,0,0,0,0,0,0,0,0,0,0,0,1,1,1,0,0,0,0,0,0,0,0
2013-07-13 17:15:00+00:00,60,7,17,383.83197021484375,353.5583801269531,0,0,0,0,0,0,0,0,0,0,0,0,0,0,0,0,0,0,0,0,0,0,0,0,0
2013-07-13 17:30:00+00:00,60,7,17,,,0,0,0,0,0,0,0,0,0,0,0,0,0,0,0,0,0,0,0,0,0,0,0,0,0
2013-07-13 17:30:00+00:00,60,7,17,,,0,0,0,0,0,0,0,0,0,0,0,0,0,0,0,0,0,0,0,0,0,0,0,0,0
2013-07-13 17:30:00+00:00,60,7,17,111.28536224365234,47.79070281982422,0,0,0,0,0,0,0,0,0,0,1,1,1,1,1,1,1,0,0,0,0,0,0,1,1
2013-07-13 17:30:00+00:00,60,7,17,61.79856491088867,277.4503173828125,0,0,0,0,0,0,0,0,1,1,1,1,1,1,1,1,1,0,0,0,0,0,0,0,0
2013-07-13 17:30:00+00:00,60,7,17,246.34579467773438,186.9769744873047,0,0,0,0,0,0,0,0,0,0,0,0,0,0,1,1,1,0,0,0,0,0,0,0,0
2013-07-13 17:30:00+00:00,60,7,17,135.6309814453125,289.4578857421875,0,0,0,0,0,0,0,0,0,0,0,1,1,1,1,1,1,0,0,0,0,0,0,0,0
2013-07-13 17:30:00+00:00,60,7,17,,,0,0,0,0,0,0,0,0,0,0,0,0,0,0,0,0,0,0,0,0,0,0,0,0,0
2013-07-13 17:45:00+00:00,60,7,17,96.58241271972656,83.30647277832031,0,0,0,0,0,0,0,0,0,1,1,1,1,1,1,1,1,0,0,0,0,0,0,0,0
2013-07-13 17:45:00+00:00,60,7,17,170.7470703125,25.26215171813965,0,0,0,0,0,0,0,0,0,0,0,0,1,1,1,1,1,0,0,0,0,1,1,1,1
2013-07-13 17:45:00+00:00,60,7,17,,,0,0,0,0,0,0,0,0,0,0,0,0,0,0,0,0,0,0,0,0,0,0,0,0,0
2013-07-14 10:00:00+00:00,60,7,10,,,0,0,0,0,0,0,0,0,0,0,0,0,0,0,0,0,0,0,0,0,0,0,0,0,0
2013-07-14 10:00:00+00:00,60,7,10,,,0,0,0,0,0,0,0,0,0,0,0,0,0,0,0,0,0,0,0,0,0,0,0,0,0
2013-07-14 10:00:00+00:00,60,7,10,,,0,0,0,0,0,0,0,0,0,0,0,0,0,0,0,0,0,0,0,0,0,0,0,0,0
2013-07-14 10:00:00+00:00,60,7,10,,,0,0,0,0,0,0,0,0,0,0,0,0,0,0,0,0,0,0,0,0,0,0,0,0,0
2013-07-14 10:00:00+00:00,60,7,10,,,0,0,0,0,0,0,0,0,0,0,0,0,0,0,0,0,0,0,0,0,0,0,0,0,0
2013-07-14 10:00:00+00:00,60,7,10,409.95458984375,,0,0,0,0,0,0,0,0,0,0,0,0,0,0,0,0,0,0,0,0,0,0,0,0,0
2013-07-14 10:00:00+00:00,60,7,10,380.16876220703125,450.69317626953125,0,0,0,0,0,0,0,0,0,0,0,0,0,0,0,0,0,0,0,0,0,0,0,0,0
2013-07-14 10:00:00+00:00,60,7,10,,,0,0,0,0,0,0,0,0,0,0,0,0,0,0,0,0,0,0,0,0,0,0,0,0,0
2013-07-14 10:15:00+00:00,60,7,10,,,0,0,0,0,0,0,0,0,0,0,0,0,0,0,0,0,0,0,0,0,0,0,0,0,0
2013-07-14 10:15:00+00:00,60,7,10,,,0,0,0,0,0,0,0,0,0,0,0,0,0,0,0,0,0,0,0,0,0,0,0,0,0
2013-07-14 10:15:00+00:00,60,7,10,,,0,0,0,0,0,0,0,0,0,0,0,0,0,0,0,0,0,0,0,0,0,0,0,0,0
2013-07-14 10:15:00+00:00,60,7,10,,,0,0,0,0,0,0,0,0,0,0,0,0,0,0,0,0,0,0,0,0,0,0,0,0,0
2013-07-14 10:15:00+00:00,60,7,10,357.4548645019531,,0,0,0,0,0,0,0,0,0,0,0,0,0,0,0,0,0,0,0,0,0,0,0,0,0
2013-07-14 10:15:00+00:00,60,7,10,,,0,0,0,0,0,0,0,0,0,0,0,0,0,0,0,0,0,0,0,0,0,0,0,0,0
2013-07-14 10:15:00+00:00,60,7,10,202.34815979003906,,0,0,0,0,0,0,0,0,0,0,0,0,0,0,1,1,1,0,0,0,0,0,0,0,0
2013-07-14 10:15:00+00:00,60,7,10,504.70135498046875,,0,0,0,0,0,0,0,0,0,0,0,0,0,0,0,0,0,0,0,0,0,0,0,0,0
2013-07-14 10:15:00+00:00,60,7,10,,143.793212890625,0,0,0,0,0,0,0,0,0,0,0,0,0,0,0,0,0,0,0,0,0,0,0,0,0
2013-07-14 10:15:00+00:00,60,7,10,,681.0509033203125,0,0,0,0,0,0,0,0,0,0,0,0,0,0,0,0,0,0,0,0,0,0,0,0,0
2013-07-14 10:15:00+00:00,60,7,10,,,0,0,0,0,0,0,0,0,0,0,0,0,0,0,0,0,0,0,0,0,0,0,0,0,0
2013-07-14 10:30:00+00:00,60,7,10,,,0,0,0,0,0,0,0,0,0,0,0,0,0,0,0,0,0,0,0,0,0,0,0,0,0
2013-07-14 10:30:00+00:00,60,7,10,,,0,0,0,0,0,0,0,0,0,0,0,0,0,0,0,0,0,0,0,0,0,0,0,0,0
2013-07-14 10:30:00+00:00,60,7,10,,427.6944885253906,0,0,0,0,0,0,0,0,0,0,0,0,0,0,0,0,0,0,0,0,0,0,0,0,0
2013-07-14 10:30:00+00:00,60,7,10,,48.08342361450195,0,0,0,0,0,0,0,0,0,0,0,0,0,0,0,0,0,0,0,0,0,0,0,1,1
2013-07-14 10:30:00+00:00,60,7,10,,,0,0,0,0,0,0,0,0,0,0,0,0,0,0,0,0,0,0,0,0,0,0,0,0,0
2013-07-14 10:30:00+00:00,60,7,10,,,0,0,0,0,0,0,0,0,0,0,0,0,0,0,0,0,0,0,0,0,0,0,0,0,0
2013-07-14 10:45:00+00:00,60,7,10,,,0,0,0,0,0,0,0,0,0,0,0,0,0,0,0,0,0,0,0,0,0,0,0,0,0
2013-07-14 10:45:00+00:00,60,7,10,,,0,0,0,0,0,0,0,0,0,0,0,0,0,0,0,0,0,0,0,0,0,0,0,0,0
2013-07-14 10:45:00+00:00,60,7,10,,91.37628936767578,0,0,0,0,0,0,0,0,0,0,0,0,0,0,0,0,0,0,0,0,0,0,0,0,0
2013-07-14 10:45:00+00:00,60,7,10,,39.622867584228516,0,0,0,0,0,0,0,0,0,0,0,0,0,0,0,0,0,0,0,0,0,0,1,1,1
2013-07-14 10:45:00+00:00,60,7,10,,234.8723907470703,0,0,0,0,0,0,0,0,0,0,0,0,0,0,0,0,0,0,0,0,0,0,0,0,0
2013-07-14 10:45:00+00:00,60,7,10,,307.5579528808594,0,0,0,0,0,0,0,0,0,0,0,0,0,0,0,0,0,0,0,0,0,0,0,0,0
2013-07-14 10:45:00+00:00,60,7,10,,43.030921936035156,0,0,0,0,0,0,0,0,0,0,0,0,0,0,0,0,0,0,0,0,0,0,0,1,1
2013-07-14 10:45:00+00:00,60,7,10,,81.83882904052734,0,0,0,0,0,0,0,0,0,0,0,0,0,0,0,0,0,0,0,0,0,0,0,0,0
2013-07-14 10:45:00+00:00,60,7,10,285.84686279296875,250.3739471435547,0,0,0,0,0,0,0,0,0,0,0,0,0,0,0,1,1,0,0,0,0,0,0,0,0
2013-07-14 11:00:00+00:00,60,7,11,,,0,0,0,0,0,0,0,0,0,0,0,0,0,0,0,0,0,0,0,0,0,0,0,0,0
2013-07-14 11:00:00+00:00,60,7,11,,337.27484130859375,0,0,0,0,0,0,0,0,0,0,0,0,0,0,0,0,0,0,0,0,0,0,0,0,0
2013-07-14 11:00:00+00:00,60,7,11,,672.9492797851562,0,0,0,0,0,0,0,0,0,0,0,0,0,0,0,0,0,0,0,0,0,0,0,0,0
2013-07-14 11:15:00+00:00,60,7,11,,,0,0,0,0,0,0,0,0,0,0,0,0,0,0,0,0,0,0,0,0,0,0,0,0,0
2013-07-14 11:15:00+00:00,60,7,11,,,0,0,0,0,0,0,0,0,0,0,0,0,0,0,0,0,0,0,0,0,0,0,0,0,0
2013-07-14 11:15:00+00:00,60,7,11,,,0,0,0,0,0,0,0,0,0,0,0,0,0,0,0,0,0,0,0,0,0,0,0,0,0
2013-07-14 11:15:00+00:00,60,7,11,,40.94206619262695,0,0,0,0,0,0,0,0,0,0,0,0,0,0,0,0,0,0,0,0,0,0,0,1,1
2013-07-14 11:15:00+00:00,60,7,11,,360.95587158203125,0,0,0,0,0,0,0,0,0,0,0,0,0,0,0,0,0,0,0,0,0,0,0,0,0
2013-07-14 11:15:00+00:00,60,7,11,,347.85345458984375,0,0,0,0,0,0,0,0,0,0,0,0,0,0,0,0,0,0,0,0,0,0,0,0,0
2013-07-14 11:15:00+00:00,60,7,11,,188.5137176513672,0,0,0,0,0,0,0,0,0,0,0,0,0,0,0,0,0,0,0,0,0,0,0,0,0
2013-07-14 11:15:00+00:00,60,7,11,410.86944580078125,381.08551025390625,0,0,0,0,0,0,0,0,0,0,0,0,0,0,0,0,0,0,0,0,0,0,0,0,0
2013-07-14 11:15:00+00:00,60,7,11,,55.3435173034668,0,0,0,0,0,0,0,0,0,0,0,0,0,0,0,0,0,0,0,0,0,0,0,0,1
2013-07-14 11:15:00+00:00,60,7,11,289.5360107421875,32.61576461791992,0,0,0,0,0,0,0,0,0,0,0,0,0,0,0,1,1,0,0,0,0,0,1,1,1
2013-07-14 11:30:00+00:00,60,7,11,,,0,0,0,0,0,0,0,0,0,0,0,0,0,0,0,0,0,0,0,0,0,0,0,0,0
2013-07-14 11:30:00+00:00,60,7,11,,,0,0,0,0,0,0,0,0,0,0,0,0,0,0,0,0,0,0,0,0,0,0,0,0,0
2013-07-14 11:30:00+00:00,60,7,11,,,0,0,0,0,0,0,0,0,0,0,0,0,0,0,0,0,0,0,0,0,0,0,0,0,0
2013-07-14 11:30:00+00:00,60,7,11,,,0,0,0,0,0,0,0,0,0,0,0,0,0,0,0,0,0,0,0,0,0,0,0,0,0
2013-07-14 11:30:00+00:00,60,7,11,330.1299133300781,3.22121262550354,0,0,0,0,0,0,0,0,0,0,0,0,0,0,0,0,1,1,1,1,1,1,1,1,1
2013-07-14 11:30:00+00:00,60,7,11,276.4708251953125,213.401611328125,0,0,0,0,0,0,0,0,0,0,0,0,0,0,0,1,1,0,0,0,0,0,0,0,0
2013-07-14 11:30:00+00:00,60,7,11,,,0,0,0,0,0,0,0,0,0,0,0,0,0,0,0,0,0,0,0,0,0,0,0,0,0
2013-07-14 11:30:00+00:00,60,7,11,,237.6401824951172,0,0,0,0,0,0,0,0,0,0,0,0,0,0,0,0,0,0,0,0,0,0,0,0,0
2013-07-14 11:30:00+00:00,60,7,11,,,0,0,0,0,0,0,0,0,0,0,0,0,0,0,0,0,0,0,0,0,0,0,0,0,0
2013-07-14 11:45:00+00:00,60,7,11,,,0,0,0,0,0,0,0,0,0,0,0,0,0,0,0,0,0,0,0,0,0,0,0,0,0
2013-07-14 11:45:00+00:00,60,7,11,,,0,0,0,0,0,0,0,0,0,0,0,0,0,0,0,0,0,0,0,0,0,0,0,0,0
2013-07-14 11:45:00+00:00,60,7,11,,,0,0,0,0,0,0,0,0,0,0,0,0,0,0,0,0,0,0,0,0,0,0,0,0,0
2013-07-14 11:45:00+00:00,60,7,11,,126.99783325195312,0,0,0,0,0,0,0,0,0,0,0,0,0,0,0,0,0,0,0,0,0,0,0,0,0
2013-07-14 11:45:00+00:00,60,7,11,,31.15618133544922,0,0,0,0,0,0,0,0,0,0,0,0,0,0,0,0,0,0,0,0,0,0,1,1,1
2013-07-14 11:45:00+00:00,60,7,11,,,0,0,0,0,0,0,0,0,0,0,0,0,0,0,0,0,0,0,0,0,0,0,0,0,0
2013-07-14 11:45:00+00:00,60,7,11,186.3402557373047,,0,0,0,0,0,0,0,0,0,0,0,0,0,1,1,1,1,0,0,0,0,0,0,0,0
2013-07-14 11:45:00+00:00,60,7,11,409.27813720703125,342.9117736816406,0,0,0,0,0,0,0,0,0,0,0,0,0,0,0,0,0,0,0,0,0,0,0,0,0
2013-07-14 11:45:00+00:00,60,7,11,399.3045959472656,163.12167358398438,0,0,0,0,0,0,0,0,0,0,0,0,0,0,0,0,0,0,0,0,0,0,0,0,0
2013-07-14 11:45:00+00:00,60,7,11,356.3896484375,55.77245330810547,0,0,0,0,0,0,0,0,0,0,0,0,0,0,0,0,0,0,0,0,0,0,0,0,1
2013-07-14 11:45:00+00:00,60,7,11,113.09486389160156,30.733200073242188,0,0,0,0,0,0,0,0,0,0,1,1,1,1,1,1,1,0,0,0,0,0,1,1,1
2013-07-14 11:45:00+00:00,60,7,11,55.80923843383789,13.615158081054688,0,0,0,0,0,0,0,1,1,1,1,1,1,1,1,1,1,0,1,1,1,1,1,1,1
2013-07-14 11:45:00+00:00,60,7,11,210.9025115966797,235.11102294921875,0,0,0,0,0,0,0,0,0,0,0,0,0,0,1,1,1,0,0,0,0,0,0,0,0
2013-07-14 11:45:00+00:00,60,7,11,525.8623657226562,181.7208251953125,0,0,0,0,0,0,0,0,0,0,0,0,0,0,0,0,0,0,0,0,0,0,0,0,0
2013-07-14 11:45:00+00:00,60,7,11,138.637939453125,150.71392822265625,0,0,0,0,0,0,0,0,0,0,0,1,1,1,1,1,1,0,0,0,0,0,0,0,0
2013-07-14 11:45:00+00:00,60,7,11,454.4180908203125,211.73268127441406,0,0,0,0,0,0,0,0,0,0,0,0,0,0,0,0,0,0,0,0,0,0,0,0,0
2013-07-14 11:45:00+00:00,60,7,11,278.3701477050781,16.17790412902832,0,0,0,0,0,0,0,0,0,0,0,0,0,0,0,1,1,0,0,1,1,1,1,1,1
2013-07-14 12:00:00+00:00,60,7,12,,363.0162353515625,0,0,0,0,0,0,0,0,0,0,0,0,0,0,0,0,0,0,0,0,0,0,0,0,0
2013-07-14 12:00:00+00:00,60,7,12,,,0,0,0,0,0,0,0,0,0,0,0,0,0,0,0,0,0,0,0,0,0,0,0,0,0
2013-07-14 12:00:00+00:00,60,7,12,,143.51116943359375,0,0,0,0,0,0,0,0,0,0,0,0,0,0,0,0,0,0,0,0,0,0,0,0,0
2013-07-14 12:00:00+00:00,60,7,12,,,0,0,0,0,0,0,0,0,0,0,0,0,0,0,0,0,0,0,0,0,0,0,0,0,0
2013-07-14 12:00:00+00:00,60,7,12,,,0,0,0,0,0,0,0,0,0,0,0,0,0,0,0,0,0,0,0,0,0,0,0,0,0
2013-07-14 12:00:00+00:00,60,7,12,,,0,0,0,0,0,0,0,0,0,0,0,0,0,0,0,0,0,0,0,0,0,0,0,0,0
2013-07-14 12:00:00+00:00,60,7,12,,,0,0,0,0,0,0,0,0,0,0,0,0,0,0,0,0,0,0,0,0,0,0,0,0,0
2013-07-14 12:00:00+00:00,60,7,12,351.1515197753906,,0,0,0,0,0,0,0,0,0,0,0,0,0,0,0,0,0,0,0,0,0,0,0,0,0
2013-07-14 12:00:00+00:00,60,7,12,422.0984802246094,169.73831176757812,0,0,0,0,0,0,0,0,0,0,0,0,0,0,0,0,0,0,0,0,0,0,0,0,0
2013-07-14 12:00:00+00:00,60,7,12,,7.437617778778076,0,0,0,0,0,0,0,0,0,0,0,0,0,0,0,0,0,1,1,1,1,1,1,1,1
2013-07-14 12:00:00+00:00,60,7,12,133.34698486328125,69.02381896972656,0,0,0,0,0,0,0,0,0,0,0,1,1,1,1,1,1,0,0,0,0,0,0,0,0
2013-07-14 12:00:00+00:00,60,7,12,103.11272430419922,39.453922271728516,0,0,0,0,0,0,0,0,0,0,1,1,1,1,1,1,1,0,0,0,0,0,1,1,1
2013-07-14 12:00:00+00:00,60,7,12,350.1946105957031,207.3537139892578,0,0,0,0,0,0,0,0,0,0,0,0,0,0,0,0,0,0,0,0,0,0,0,0,0
2013-07-14 12:00:00+00:00,60,7,12,347.48968505859375,308.66448974609375,0,0,0,0,0,0,0,0,0,0,0,0,0,0,0,0,1,0,0,0,0,0,0,0,0
2013-07-14 12:00:00+00:00,60,7,12,,,0,0,0,0,0,0,0,0,0,0,0,0,0,0,0,0,0,0,0,0,0,0,0,0,0
2013-07-14 12:15:00+00:00,60,7,12,,29.953359603881836,0,0,0,0,0,0,0,0,0,0,0,0,0,0,0,0,0,0,0,0,0,1,1,1,1
2013-07-14 12:15:00+00:00,60,7,12,,294.2760925292969,0,0,0,0,0,0,0,0,0,0,0,0,0,0,0,0,0,0,0,0,0,0,0,0,0
2013-07-14 12:15:00+00:00,60,7,12,,12.871126174926758,0,0,0,0,0,0,0,0,0,0,0,0,0,0,0,0,0,0,1,1,1,1,1,1,1
2013-07-14 12:15:00+00:00,60,7,12,,495.67694091796875,0,0,0,0,0,0,0,0,0,0,0,0,0,0,0,0,0,0,0,0,0,0,0,0,0
2013-07-14 12:15:00+00:00,60,7,12,,131.453369140625,0,0,0,0,0,0,0,0,0,0,0,0,0,0,0,0,0,0,0,0,0,0,0,0,0
2013-07-14 12:15:00+00:00,60,7,12,,17.917028427124023,0,0,0,0,0,0,0,0,0,0,0,0,0,0,0,0,0,0,0,1,1,1,1,1,1
2013-07-14 12:15:00+00:00,60,7,12,,,0,0,0,0,0,0,0,0,0,0,0,0,0,0,0,0,0,0,0,0,0,0,0,0,0
2013-07-14 12:15:00+00:00,60,7,12,484.64208984375,269.96026611328125,0,0,0,0,0,0,0,0,0,0,0,0,0,0,0,0,0,0,0,0,0,0,0,0,0
2013-07-14 12:15:00+00:00,60,7,12,,13.311468124389648,0,0,0,0,0,0,0,0,0,0,0,0,0,0,0,0,0,0,1,1,1,1,1,1,1
2013-07-14 12:15:00+00:00,60,7,12,,20.320566177368164,0,0,0,0,0,0,0,0,0,0,0,0,0,0,0,0,0,0,0,0,1,1,1,1,1
2013-07-14 12:15:00+00:00,60,7,12,61.2288818359375,6.417934894561768,0,0,0,0,0,0,0,0,1,1,1,1,1,1,1,1,1,1,1,1,1,1,1,1,1
2013-07-14 12:15:00+00:00,60,7,12,214.15777587890625,166.77557373046875,0,0,0,0,0,0,0,0,0,0,0,0,0,0,1,1,1,0,0,0,0,0,0,0,0
2013-07-14 12:15:00+00:00,60,7,12,188.2830352783203,58.37569808959961,0,0,0,0,0,0,0,0,0,0,0,0,0,1,1,1,1,0,0,0,0,0,0,0,1
2013-07-14 12:15:00+00:00,60,7,12,,24.061765670776367,0,0,0,0,0,0,0,0,0,0,0,0,0,0,0,0,0,0,0,0,1,1,1,1,1
2013-07-14 12:15:00+00:00,60,7,12,,100.20475006103516,0,0,0,0,0,0,0,0,0,0,0,0,0,0,0,0,0,0,0,0,0,0,0,0,0
2013-07-14 12:15:00+00:00,60,7,12,,,0,0,0,0,0,0,0,0,0,0,0,0,0,0,0,0,0,0,0,0,0,0,0,0,0
2013-07-14 12:15:00+00:00,60,7,12,,476.4382629394531,0,0,0,0,0,0,0,0,0,0,0,0,0,0,0,0,0,0,0,0,0,0,0,0,0
2013-07-14 12:30:00+00:00,60,7,12,,,0,0,0,0,0,0,0,0,0,0,0,0,0,0,0,0,0,0,0,0,0,0,0,0,0
2013-07-14 12:30:00+00:00,60,7,12,340.9874267578125,221.10166931152344,0,0,0,0,0,0,0,0,0,0,0,0,0,0,0,0,1,0,0,0,0,0,0,0,0
2013-07-14 12:30:00+00:00,60,7,12,,295.2178649902344,0,0,0,0,0,0,0,0,0,0,0,0,0,0,0,0,0,0,0,0,0,0,0,0,0
2013-07-14 12:30:00+00:00,60,7,12,,,0,0,0,0,0,0,0,0,0,0,0,0,0,0,0,0,0,0,0,0,0,0,0,0,0
2013-07-14 12:30:00+00:00,60,7,12,,,0,0,0,0,0,0,0,0,0,0,0,0,0,0,0,0,0,0,0,0,0,0,0,0,0
2013-07-14 12:30:00+00:00,60,7,12,279.0646057128906,120.58557891845703,0,0,0,0,0,0,0,0,0,0,0,0,0,0,0,1,1,0,0,0,0,0,0,0,0
2013-07-14 12:30:00+00:00,60,7,12,126.5542221069336,0.0,0,0,0,0,0,0,0,0,0,0,0,1,1,1,1,1,1,1,1,1,1,1,1,1,1
2013-07-14 12:30:00+00:00,60,7,12,,19.88972282409668,0,0,0,0,0,0,0,0,0,0,0,0,0,0,0,0,0,0,0,1,1,1,1,1,1
2013-07-14 12:30:00+00:00,60,7,12,,7.281598091125488,0,0,0,0,0,0,0,0,0,0,0,0,0,0,0,0,0,1,1,1,1,1,1,1,1
2013-07-14 12:30:00+00:00,60,7,12,104.85433959960938,13.09730339050293,0,0,0,0,0,0,0,0,0,0,1,1,1,1,1,1,1,0,1,1,1,1,1,1,1
2013-07-14 12:30:00+00:00,60,7,12,145.9288330078125,0.0,0,0,0,0,0,0,0,0,0,0,0,1,1,1,1,1,1,1,1,1,1,1,1,1,1
2013-07-14 12:30:00+00:00,60,7,12,271.72491455078125,77.7659683227539,0,0,0,0,0,0,0,0,0,0,0,0,0,0,0,1,1,0,0,0,0,0,0,0,0
2013-07-14 12:30:00+00:00,60,7,12,50.710750579833984,3.164306640625,0,0,0,0,0,0,0,1,1,1,1,1,1,1,1,1,1,1,1,1,1,1,1,1,1
2013-07-14 12:30:00+00:00,60,7,12,378.7076110839844,88.66443634033203,0,0,0,0,0,0,0,0,0,0,0,0,0,0,0,0,0,0,0,0,0,0,0,0,0
2013-07-14 12:45:00+00:00,60,7,12,,,0,0,0,0,0,0,0,0,0,0,0,0,0,0,0,0,0,0,0,0,0,0,0,0,0
2013-07-14 12:45:00+00:00,60,7,12,434.2468566894531,130.90679931640625,0,0,0,0,0,0,0,0,0,0,0,0,0,0,0,0,0,0,0,0,0,0,0,0,0
2013-07-14 12:45:00+00:00,60,7,12,107.21692657470703,79.10389709472656,0,0,0,0,0,0,0,0,0,0,1,1,1,1,1,1,1,0,0,0,0,0,0,0,0
2013-07-14 12:45:00+00:00,60,7,12,163.6366729736328,28.68019676208496,0,0,0,0,0,0,0,0,0,0,0,0,1,1,1,1,1,0,0,0,0,1,1,1,1
2013-07-14 12:45:00+00:00,60,7,12,158.44644165039062,141.66265869140625,0,0,0,0,0,0,0,0,0,0,0,0,1,1,1,1,1,0,0,0,0,0,0,0,0
2013-07-14 12:45:00+00:00,60,7,12,349.9432373046875,91.8270492553711,0,0,0,0,0,0,0,0,0,0,0,0,0,0,0,0,1,0,0,0,0,0,0,0,0
2013-07-14 12:45:00+00:00,60,7,12,321.20623779296875,61.312076568603516,0,0,0,0,0,0,0,0,0,0,0,0,0,0,0,0,1,0,0,0,0,0,0,0,0
2013-07-14 12:45:00+00:00,60,7,12,276.8943176269531,30.653623580932617,0,0,0,0,0,0,0,0,0,0,0,0,0,0,0,1,1,0,0,0,0,0,1,1,1
2013-07-14 12:45:00+00:00,60,7,12,220.69203186035156,4.947572231292725,0,0,0,0,0,0,0,0,0,0,0,0,0,0,1,1,1,1,1,1,1,1,1,1,1
2013-07-14 12:45:00+00:00,60,7,12,29.723726272583008,6.560408115386963,0,0,0,0,1,1,1,1,1,1,1,1,1,1,1,1,1,1,1,1,1,1,1,1,1
2013-07-14 12:45:00+00:00,60,7,12,322.1617126464844,4.944689750671387,0,0,0,0,0,0,0,0,0,0,0,0,0,0,0,0,1,1,1,1,1,1,1,1,1
2013-07-14 12:45:00+00:00,60,7,12,43.626075744628906,36.24413299560547,0,0,0,0,0,0,1,1,1,1,1,1,1,1,1,1,1,0,0,0,0,0,1,1,1
2013-07-14 13:00:00+00:00,60,7,13,239.21131896972656,10.496847152709961,0,0,0,0,0,0,0,0,0,0,0,0,0,0,1,1,1,0,1,1,1,1,1,1,1
2013-07-14 13:00:00+00:00,60,7,13,296.9268493652344,204.32373046875,0,0,0,0,0,0,0,0,0,0,0,0,0,0,0,1,1,0,0,0,0,0,0,0,0
2013-07-14 13:00:00+00:00,60,7,13,133.68988037109375,122.16300201416016,0,0,0,0,0,0,0,0,0,0,0,1,1,1,1,1,1,0,0,0,0,0,0,0,0
2013-07-14 13:00:00+00:00,60,7,13,,456.0842590332031,0,0,0,0,0,0,0,0,0,0,0,0,0,0,0,0,0,0,0,0,0,0,0,0,0
2013-07-14 13:00:00+00:00,60,7,13,213.48104858398438,135.16839599609375,0,0,0,0,0,0,0,0,0,0,0,0,0,0,1,1,1,0,0,0,0,0,0,0,0
2013-07-14 13:00:00+00:00,60,7,13,310.0150146484375,218.3594970703125,0,0,0,0,0,0,0,0,0,0,0,0,0,0,0,0,1,0,0,0,0,0,0,0,0
2013-07-14 13:00:00+00:00,60,7,13,,307.2901306152344,0,0,0,0,0,0,0,0,0,0,0,0,0,0,0,0,0,0,0,0,0,0,0,0,0
2013-07-14 13:00:00+00:00,60,7,13,179.91505432128906,85.68321990966797,0,0,0,0,0,0,0,0,0,0,0,0,1,1,1,1,1,0,0,0,0,0,0,0,0
2013-07-14 13:00:00+00:00,60,7,13,385.61236572265625,206.81935119628906,0,0,0,0,0,0,0,0,0,0,0,0,0,0,0,0,0,0,0,0,0,0,0,0,0
2013-07-14 13:00:00+00:00,60,7,13,113.20154571533203,118.46403503417969,0,0,0,0,0,0,0,0,0,0,1,1,1,1,1,1,1,0,0,0,0,0,0,0,0
2013-07-14 13:00:00+00:00,60,7,13,96.61067962646484,58.195499420166016,0,0,0,0,0,0,0,0,0,1,1,1,1,1,1,1,1,0,0,0,0,0,0,0,1
2013-07-14 13:00:00+00:00,60,7,13,342.76177978515625,80.99535369873047,0,0,0,0,0,0,0,0,0,0,0,0,0,0,0,0,1,0,0,0,0,0,0,0,0
2013-07-14 13:00:00+00:00,60,7,13,148.80641174316406,111.09806823730469,0,0,0,0,0,0,0,0,0,0,0,1,1,1,1,1,1,0,0,0,0,0,0,0,0
2013-07-14 13:00:00+00:00,60,7,13,105.95364379882812,20.738605499267578,0,0,0,0,0,0,0,0,0,0,1,1,1,1,1,1,1,0,0,0,1,1,1,1,1
2013-07-14 13:00:00+00:00,60,7,13,36.977745056152344,9.470253944396973,0,0,0,0,0,1,1,1,1,1,1,1,1,1,1,1,1,1,1,1,1,1,1,1,1
2013-07-14 13:15:00+00:00,60,7,13,,207.99505615234375,0,0,0,0,0,0,0,0,0,0,0,0,0,0,0,0,0,0,0,0,0,0,0,0,0
2013-07-14 13:15:00+00:00,60,7,13,409.3938903808594,255.43765258789062,0,0,0,0,0,0,0,0,0,0,0,0,0,0,0,0,0,0,0,0,0,0,0,0,0
2013-07-14 13:15:00+00:00,60,7,13,395.8932800292969,421.0519104003906,0,0,0,0,0,0,0,0,0,0,0,0,0,0,0,0,0,0,0,0,0,0,0,0,0
2013-07-14 13:15:00+00:00,60,7,13,385.53448486328125,410.0174255371094,0,0,0,0,0,0,0,0,0,0,0,0,0,0,0,0,0,0,0,0,0,0,0,0,0
2013-07-14 13:15:00+00:00,60,7,13,,80.29815673828125,0,0,0,0,0,0,0,0,0,0,0,0,0,0,0,0,0,0,0,0,0,0,0,0,0
2013-07-14 13:15:00+00:00,60,7,13,,155.411865234375,0,0,0,0,0,0,0,0,0,0,0,0,0,0,0,0,0,0,0,0,0,0,0,0,0
2013-07-14 13:15:00+00:00,60,7,13,173.0545654296875,48.54423141479492,0,0,0,0,0,0,0,0,0,0,0,0,1,1,1,1,1,0,0,0,0,0,0,1,1
2013-07-14 13:15:00+00:00,60,7,13,292.6771545410156,108.05126190185547,0,0,0,0,0,0,0,0,0,0,0,0,0,0,0,1,1,0,0,0,0,0,0,0,0
2013-07-14 13:15:00+00:00,60,7,13,168.1183624267578,271.1003112792969,0,0,0,0,0,0,0,0,0,0,0,0,1,1,1,1,1,0,0,0,0,0,0,0,0
2013-07-14 13:15:00+00:00,60,7,13,230.39773559570312,169.68418884277344,0,0,0,0,0,0,0,0,0,0,0,0,0,0,1,1,1,0,0,0,0,0,0,0,0
2013-07-14 13:15:00+00:00,60,7,13,208.61891174316406,135.63479614257812,0,0,0,0,0,0,0,0,0,0,0,0,0,0,1,1,1,0,0,0,0,0,0,0,0
2013-07-14 13:15:00+00:00,60,7,13,218.2714385986328,181.6955108642578,0,0,0,0,0,0,0,0,0,0,0,0,0,0,1,1,1,0,0,0,0,0,0,0,0
2013-07-14 13:15:00+00:00,60,7,13,206.47427368164062,196.71951293945312,0,0,0,0,0,0,0,0,0,0,0,0,0,0,1,1,1,0,0,0,0,0,0,0,0
2013-07-14 13:15:00+00:00,60,7,13,135.42091369628906,115.05783081054688,0,0,0,0,0,0,0,0,0,0,0,1,1,1,1,1,1,0,0,0,0,0,0,0,0
2013-07-14 13:15:00+00:00,60,7,13,162.6505889892578,90.3616943359375,0,0,0,0,0,0,0,0,0,0,0,0,1,1,1,1,1,0,0,0,0,0,0,0,0
2013-07-14 13:15:00+00:00,60,7,13,46.934837341308594,40.02569580078125,0,0,0,0,0,0,1,1,1,1,1,1,1,1,1,1,1,0,0,0,0,0,0,1,1
2013-07-14 13:15:00+00:00,60,7,13,55.3197135925293,22.675630569458008,0,0,0,0,0,0,0,1,1,1,1,1,1,1,1,1,1,0,0,0,1,1,1,1,1
2013-07-14 13:15:00+00:00,60,7,13,175.04226684570312,92.18968200683594,0,0,0,0,0,0,0,0,0,0,0,0,1,1,1,1,1,0,0,0,0,0,0,0,0
2013-07-14 13:15:00+00:00,60,7,13,266.426025390625,255.27804565429688,0,0,0,0,0,0,0,0,0,0,0,0,0,0,0,1,1,0,0,0,0,0,0,0,0
2013-07-14 13:15:00+00:00,60,7,13,105.7848129272461,156.52381896972656,0,0,0,0,0,0,0,0,0,0,1,1,1,1,1,1,1,0,0,0,0,0,0,0,0
2013-07-14 13:30:00+00:00,60,7,13,357.7330627441406,366.6341247558594,0,0,0,0,0,0,0,0,0,0,0,0,0,0,0,0,0,0,0,0,0,0,0,0,0
2013-07-14 13:30:00+00:00,60,7,13,,,0,0,0,0,0,0,0,0,0,0,0,0,0,0,0,0,0,0,0,0,0,0,0,0,0
2013-07-14 13:30:00+00:00,60,7,13,225.2266082763672,233.51327514648438,0,0,0,0,0,0,0,0,0,0,0,0,0,0,1,1,1,0,0,0,0,0,0,0,0
2013-07-14 13:30:00+00:00,60,7,13,40.54077911376953,3.3748741149902344,0,0,0,0,0,0,1,1,1,1,1,1,1,1,1,1,1,1,1,1,1,1,1,1,1
2013-07-14 13:30:00+00:00,60,7,13,204.42733764648438,3.142185926437378,0,0,0,0,0,0,0,0,0,0,0,0,0,0,1,1,1,1,1,1,1,1,1,1,1
2013-07-14 13:30:00+00:00,60,7,13,175.68983459472656,135.88597106933594,0,0,0,0,0,0,0,0,0,0,0,0,1,1,1,1,1,0,0,0,0,0,0,0,0
2013-07-14 13:30:00+00:00,60,7,13,92.01174926757812,129.78631591796875,0,0,0,0,0,0,0,0,0,1,1,1,1,1,1,1,1,0,0,0,0,0,0,0,0
2013-07-14 13:30:00+00:00,60,7,13,186.40216064453125,101.12969207763672,0,0,0,0,0,0,0,0,0,0,0,0,0,1,1,1,1,0,0,0,0,0,0,0,0
2013-07-14 13:30:00+00:00,60,7,13,88.36819458007812,121.16085052490234,0,0,0,0,0,0,0,0,0,1,1,1,1,1,1,1,1,0,0,0,0,0,0,0,0
2013-07-14 13:30:00+00:00,60,7,13,118.94941711425781,150.9498748779297,0,0,0,0,0,0,0,0,0,0,1,1,1,1,1,1,1,0,0,0,0,0,0,0,0
2013-07-14 13:30:00+00:00,60,7,13,199.43466186523438,19.27977180480957,0,0,0,0,0,0,0,0,0,0,0,0,0,1,1,1,1,0,0,1,1,1,1,1,1
2013-07-14 13:30:00+00:00,60,7,13,96.92326354980469,42.23931121826172,0,0,0,0,0,0,0,0,0,1,1,1,1,1,1,1,1,0,0,0,0,0,0,1,1
2013-07-14 13:30:00+00:00,60,7,13,191.3186798095703,113.85885620117188,0,0,0,0,0,0,0,0,0,0,0,0,0,1,1,1,1,0,0,0,0,0,0,0,0
2013-07-14 13:30:00+00:00,60,7,13,74.5075454711914,216.21609497070312,0,0,0,0,0,0,0,0,1,1,1,1,1,1,1,1,1,0,0,0,0,0,0,0,0
2013-07-14 13:30:00+00:00,60,7,13,70.71495056152344,41.073604583740234,0,0,0,0,0,0,0,0,1,1,1,1,1,1,1,1,1,0,0,0,0,0,0,1,1
2013-07-14 13:30:00+00:00,60,7,13,48.00215148925781,55.573509216308594,0,0,0,0,0,0,1,1,1,1,1,1,1,1,1,1,1,0,0,0,0,0,0,0,1
2013-07-14 13:30:00+00:00,60,7,13,20.655540466308594,41.42405700683594,0,0,0,1,1,1,1,1,1,1,1,1,1,1,1,1,1,0,0,0,0,0,0,1,1
2013-07-14 13:45:00+00:00,60,7,13,,,0,0,0,0,0,0,0,0,0,0,0,0,0,0,0,0,0,0,0,0,0,0,0,0,0
2013-07-14 13:45:00+00:00,60,7,13,,,0,0,0,0,0,0,0,0,0,0,0,0,0,0,0,0,0,0,0,0,0,0,0,0,0
2013-07-14 13:45:00+00:00,60,7,13,309.6380310058594,291.5325622558594,0,0,0,0,0,0,0,0,0,0,0,0,0,0,0,0,1,0,0,0,0,0,0,0,0
2013-07-14 13:45:00+00:00,60,7,13,,,0,0,0,0,0,0,0,0,0,0,0,0,0,0,0,0,0,0,0,0,0,0,0,0,0
2013-07-14 13:45:00+00:00,60,7,13,48.48563003540039,75.38261413574219,0,0,0,0,0,0,1,1,1,1,1,1,1,1,1,1,1,0,0,0,0,0,0,0,0
2013-07-14 13:45:00+00:00,60,7,13,396.5322570800781,415.7198181152344,0,0,0,0,0,0,0,0,0,0,0,0,0,0,0,0,0,0,0,0,0,0,0,0,0
2013-07-14 13:45:00+00:00,60,7,13,46.96729278564453,6.891774654388428,0,0,0,0,0,0,1,1,1,1,1,1,1,1,1,1,1,1,1,1,1,1,1,1,1
2013-07-14 13:45:00+00:00,60,7,13,265.41632080078125,247.76451110839844,0,0,0,0,0,0,0,0,0,0,0,0,0,0,0,1,1,0,0,0,0,0,0,0,0
2013-07-14 13:45:00+00:00,60,7,13,432.7811279296875,219.15357971191406,0,0,0,0,0,0,0,0,0,0,0,0,0,0,0,0,0,0,0,0,0,0,0,0,0
2013-07-14 13:45:00+00:00,60,7,13,363.9055480957031,327.8835144042969,0,0,0,0,0,0,0,0,0,0,0,0,0,0,0,0,0,0,0,0,0,0,0,0,0
2013-07-14 13:45:00+00:00,60,7,13,79.05152893066406,69.03671264648438,0,0,0,0,0,0,0,0,1,1,1,1,1,1,1,1,1,0,0,0,0,0,0,0,0
2013-07-14 13:45:00+00:00,60,7,13,103.8175277709961,124.8267822265625,0,0,0,0,0,0,0,0,0,0,1,1,1,1,1,1,1,0,0,0,0,0,0,0,0
2013-07-14 13:45:00+00:00,60,7,13,228.31231689453125,76.02837371826172,0,0,0,0,0,0,0,0,0,0,0,0,0,0,1,1,1,0,0,0,0,0,0,0,0
2013-07-14 13:45:00+00:00,60,7,13,129.58010864257812,86.21341705322266,0,0,0,0,0,0,0,0,0,0,0,1,1,1,1,1,1,0,0,0,0,0,0,0,0
2013-07-14 13:45:00+00:00,60,7,13,97.13227844238281,54.3922119140625,0,0,0,0,0,0,0,0,0,1,1,1,1,1,1,1,1,0,0,0,0,0,0,0,1
2013-07-14 13:45:00+00:00,60,7,13,357.162353515625,244.94277954101562,0,0,0,0,0,0,0,0,0,0,0,0,0,0,0,0,0,0,0,0,0,0,0,0,0
2013-07-14 13:45:00+00:00,60,7,13,169.27603149414062,51.5084114074707,0,0,0,0,0,0,0,0,0,0,0,0,1,1,1,1,1,0,0,0,0,0,0,0,1
2013-07-14 13:45:00+00:00,60,7,13,225.59576416015625,127.94352722167969,0,0,0,0,0,0,0,0,0,0,0,0,0,0,1,1,1,0,0,0,0,0,0,0,0
2013-07-14 13:45:00+00:00,60,7,13,,18.772539138793945,0,0,0,0,0,0,0,0,0,0,0,0,0,0,0,0,0,0,0,1,1,1,1,1,1
2013-07-14 13:45:00+00:00,60,7,13,138.9235076904297,154.98492431640625,0,0,0,0,0,0,0,0,0,0,0,1,1,1,1,1,1,0,0,0,0,0,0,0,0
2013-07-14 13:45:00+00:00,60,7,13,96.46072387695312,51.15375518798828,0,0,0,0,0,0,0,0,0,1,1,1,1,1,1,1,1,0,0,0,0,0,0,0,1
2013-07-14 13:45:00+00:00,60,7,13,138.56796264648438,97.51004028320312,0,0,0,0,0,0,0,0,0,0,0,1,1,1,1,1,1,0,0,0,0,0,0,0,0
2013-07-14 13:45:00+00:00,60,7,13,68.59917449951172,16.852006912231445,0,0,0,0,0,0,0,0,1,1,1,1,1,1,1,1,1,0,0,1,1,1,1,1,1
2013-07-14 13:45:00+00:00,60,7,13,303.4303894042969,0.0,0,0,0,0,0,0,0,0,0,0,0,0,0,0,0,0,1,1,1,1,1,1,1,1,1
2013-07-14 13:45:00+00:00,60,7,13,153.1556854248047,193.37533569335938,0,0,0,0,0,0,0,0,0,0,0,0,1,1,1,1,1,0,0,0,0,0,0,0,0
2013-07-14 13:45:00+00:00,60,7,13,115.13602447509766,43.32683181762695,0,0,0,0,0,0,0,0,0,0,1,1,1,1,1,1,1,0,0,0,0,0,0,1,1
2013-07-14 13:45:00+00:00,60,7,13,22.72609519958496,44.87782287597656,0,0,0,1,1,1,1,1,1,1,1,1,1,1,1,1,1,0,0,0,0,0,0,1,1
2013-07-14 13:45:00+00:00,60,7,13,43.41503143310547,46.30964660644531,0,0,0,0,0,0,1,1,1,1,1,1,1,1,1,1,1,0,0,0,0,0,0,1,1
2013-07-14 14:00:00+00:00,60,7,14,369.7884216308594,172.9756317138672,0,0,0,0,0,0,0,0,0,0,0,0,0,0,0,0,0,0,0,0,0,0,0,0,0
2013-07-14 14:00:00+00:00,60,7,14,411.83612060546875,196.97451782226562,0,0,0,0,0,0,0,0,0,0,0,0,0,0,0,0,0,0,0,0,0,0,0,0,0
2013-07-14 14:00:00+00:00,60,7,14,66.35661315917969,98.96422576904297,0,0,0,0,0,0,0,0,1,1,1,1,1,1,1,1,1,0,0,0,0,0,0,0,0
2013-07-14 14:00:00+00:00,60,7,14,183.7659454345703,228.17599487304688,0,0,0,0,0,0,0,0,0,0,0,0,0,1,1,1,1,0,0,0,0,0,0,0,0
2013-07-14 14:00:00+00:00,60,7,14,68.83295440673828,96.61998748779297,0,0,0,0,0,0,0,0,1,1,1,1,1,1,1,1,1,0,0,0,0,0,0,0,0
2013-07-14 14:00:00+00:00,60,7,14,309.973388671875,278.26092529296875,0,0,0,0,0,0,0,0,0,0,0,0,0,0,0,0,1,0,0,0,0,0,0,0,0
2013-07-14 14:00:00+00:00,60,7,14,71.15292358398438,18.95929718017578,0,0,0,0,0,0,0,0,1,1,1,1,1,1,1,1,1,0,0,1,1,1,1,1,1
2013-07-14 14:00:00+00:00,60,7,14,66.04238891601562,25.172029495239258,0,0,0,0,0,0,0,0,1,1,1,1,1,1,1,1,1,0,0,0,0,1,1,1,1
2013-07-14 14:00:00+00:00,60,7,14,169.8990478515625,130.31219482421875,0,0,0,0,0,0,0,0,0,0,0,0,1,1,1,1,1,0,0,0,0,0,0,0,0
2013-07-14 14:00:00+00:00,60,7,14,256.15185546875,51.12498474121094,0,0,0,0,0,0,0,0,0,0,0,0,0,0,0,1,1,0,0,0,0,0,0,0,1
2013-07-14 14:00:00+00:00,60,7,14,124.177734375,49.51595687866211,0,0,0,0,0,0,0,0,0,0,0,1,1,1,1,1,1,0,0,0,0,0,0,1,1
2013-07-14 14:00:00+00:00,60,7,14,28.392562866210938,49.738426208496094,0,0,0,0,1,1,1,1,1,1,1,1,1,1,1,1,1,0,0,0,0,0,0,1,1
2013-07-14 14:15:00+00:00,60,7,14,306.68658447265625,308.0302429199219,0,0,0,0,0,0,0,0,0,0,0,0,0,0,0,0,1,0,0,0,0,0,0,0,0
2013-07-14 14:15:00+00:00,60,7,14,91.75543975830078,150.8525390625,0,0,0,0,0,0,0,0,0,1,1,1,1,1,1,1,1,0,0,0,0,0,0,0,0
2013-07-14 14:15:00+00:00,60,7,14,344.31219482421875,142.8162384033203,0,0,0,0,0,0,0,0,0,0,0,0,0,0,0,0,1,0,0,0,0,0,0,0,0
2013-07-14 14:15:00+00:00,60,7,14,218.36668395996094,34.68410110473633,0,0,0,0,0,0,0,0,0,0,0,0,0,0,1,1,1,0,0,0,0,0,1,1,1
2013-07-14 14:15:00+00:00,60,7,14,219.33030700683594,80.46501922607422,0,0,0,0,0,0,0,0,0,0,0,0,0,0,1,1,1,0,0,0,0,0,0,0,0
2013-07-14 14:15:00+00:00,60,7,14,81.6269760131836,0.0,0,0,0,0,0,0,0,0,0,1,1,1,1,1,1,1,1,1,1,1,1,1,1,1,1
2013-07-14 14:15:00+00:00,60,7,14,125.32209014892578,275.1438903808594,0,0,0,0,0,0,0,0,0,0,0,1,1,1,1,1,1,0,0,0,0,0,0,0,0
2013-07-14 14:15:00+00:00,60,7,14,,431.86004638671875,0,0,0,0,0,0,0,0,0,0,0,0,0,0,0,0,0,0,0,0,0,0,0,0,0
2013-07-14 14:15:00+00:00,60,7,14,96.953857421875,96.05099487304688,0,0,0,0,0,0,0,0,0,1,1,1,1,1,1,1,1,0,0,0,0,0,0,0,0
2013-07-14 14:15:00+00:00,60,7,14,66.5597152709961,6.313577651977539,0,0,0,0,0,0,0,0,1,1,1,1,1,1,1,1,1,1,1,1,1,1,1,1,1
2013-07-14 14:15:00+00:00,60,7,14,104.99678039550781,9.751791954040527,0,0,0,0,0,0,0,0,0,0,1,1,1,1,1,1,1,1,1,1,1,1,1,1,1
2013-07-14 14:15:00+00:00,60,7,14,,373.9190368652344,0,0,0,0,0,0,0,0,0,0,0,0,0,0,0,0,0,0,0,0,0,0,0,0,0
2013-07-14 14:15:00+00:00,60,7,14,30.183916091918945,,0,0,0,0,0,1,1,1,1,1,1,1,1,1,1,1,1,0,0,0,0,0,0,0,0
2013-07-14 14:30:00+00:00,60,7,14,349.9913635253906,373.9028015136719,0,0,0,0,0,0,0,0,0,0,0,0,0,0,0,0,1,0,0,0,0,0,0,0,0
2013-07-14 14:30:00+00:00,60,7,14,352.7171325683594,355.3083801269531,0,0,0,0,0,0,0,0,0,0,0,0,0,0,0,0,0,0,0,0,0,0,0,0,0
2013-07-14 14:30:00+00:00,60,7,14,,,0,0,0,0,0,0,0,0,0,0,0,0,0,0,0,0,0,0,0,0,0,0,0,0,0
2013-07-14 14:30:00+00:00,60,7,14,64.49284362792969,85.36927032470703,0,0,0,0,0,0,0,0,1,1,1,1,1,1,1,1,1,0,0,0,0,0,0,0,0
2013-07-14 14:30:00+00:00,60,7,14,389.67547607421875,465.44012451171875,0,0,0,0,0,0,0,0,0,0,0,0,0,0,0,0,0,0,0,0,0,0,0,0,0
2013-07-14 14:30:00+00:00,60,7,14,124.56869506835938,176.61813354492188,0,0,0,0,0,0,0,0,0,0,0,1,1,1,1,1,1,0,0,0,0,0,0,0,0
2013-07-14 14:30:00+00:00,60,7,14,120.9219970703125,105.6424560546875,0,0,0,0,0,0,0,0,0,0,0,1,1,1,1,1,1,0,0,0,0,0,0,0,0
2013-07-14 14:30:00+00:00,60,7,14,144.44485473632812,41.375404357910156,0,0,0,0,0,0,0,0,0,0,0,1,1,1,1,1,1,0,0,0,0,0,0,1,1
2013-07-14 14:30:00+00:00,60,7,14,133.60133361816406,111.43766021728516,0,0,0,0,0,0,0,0,0,0,0,1,1,1,1,1,1,0,0,0,0,0,0,0,0
2013-07-14 14:45:00+00:00,60,7,14,,,0,0,0,0,0,0,0,0,0,0,0,0,0,0,0,0,0,0,0,0,0,0,0,0,0
2013-07-14 14:45:00+00:00,60,7,14,395.9820556640625,399.6411437988281,0,0,0,0,0,0,0,0,0,0,0,0,0,0,0,0,0,0,0,0,0,0,0,0,0
2013-07-14 14:45:00+00:00,60,7,14,342.3956298828125,334.4283752441406,0,0,0,0,0,0,0,0,0,0,0,0,0,0,0,0,1,0,0,0,0,0,0,0,0
2013-07-14 14:45:00+00:00,60,7,14,228.0767822265625,153.36610412597656,0,0,0,0,0,0,0,0,0,0,0,0,0,0,1,1,1,0,0,0,0,0,0,0,0
2013-07-14 14:45:00+00:00,60,7,14,117.25685119628906,105.9530029296875,0,0,0,0,0,0,0,0,0,0,1,1,1,1,1,1,1,0,0,0,0,0,0,0,0
2013-07-14 14:45:00+00:00,60,7,14,46.65199661254883,9.91983413696289,0,0,0,0,0,0,1,1,1,1,1,1,1,1,1,1,1,1,1,1,1,1,1,1,1
2013-07-14 14:45:00+00:00,60,7,14,229.98187255859375,391.5379638671875,0,0,0,0,0,0,0,0,0,0,0,0,0,0,1,1,1,0,0,0,0,0,0,0,0
2013-07-14 14:45:00+00:00,60,7,14,41.12897491455078,420.4315490722656,0,0,0,0,0,0,1,1,1,1,1,1,1,1,1,1,1,0,0,0,0,0,0,0,0
2013-07-14 14:45:00+00:00,60,7,14,,,0,0,0,0,0,0,0,0,0,0,0,0,0,0,0,0,0,0,0,0,0,0,0,0,0
2013-07-14 15:00:00+00:00,60,7,15,231.12205505371094,327.8514709472656,0,0,0,0,0,0,0,0,0,0,0,0,0,0,1,1,1,0,0,0,0,0,0,0,0
2013-07-14 15:00:00+00:00,60,7,15,102.89220428466797,208.76934814453125,0,0,0,0,0,0,0,0,0,0,1,1,1,1,1,1,1,0,0,0,0,0,0,0,0
2013-07-14 15:00:00+00:00,60,7,15,233.70880126953125,322.5624694824219,0,0,0,0,0,0,0,0,0,0,0,0,0,0,1,1,1,0,0,0,0,0,0,0,0
2013-07-14 15:00:00+00:00,60,7,15,151.294189453125,182.48170471191406,0,0,0,0,0,0,0,0,0,0,0,0,1,1,1,1,1,0,0,0,0,0,0,0,0
2013-07-14 15:00:00+00:00,60,7,15,155.7464141845703,203.97891235351562,0,0,0,0,0,0,0,0,0,0,0,0,1,1,1,1,1,0,0,0,0,0,0,0,0
2013-07-14 15:00:00+00:00,60,7,15,,28.191997528076172,0,0,0,0,0,0,0,0,0,0,0,0,0,0,0,0,0,0,0,0,0,1,1,1,1
2013-07-14 15:00:00+00:00,60,7,15,,241.26156616210938,0,0,0,0,0,0,0,0,0,0,0,0,0,0,0,0,0,0,0,0,0,0,0,0,0
2013-07-14 15:00:00+00:00,60,7,15,50.083038330078125,425.0504455566406,0,0,0,0,0,0,0,1,1,1,1,1,1,1,1,1,1,0,0,0,0,0,0,0,0
2013-07-14 15:15:00+00:00,60,7,15,385.4267578125,407.8735656738281,0,0,0,0,0,0,0,0,0,0,0,0,0,0,0,0,0,0,0,0,0,0,0,0,0
2013-07-14 15:15:00+00:00,60,7,15,,457.75006103515625,0,0,0,0,0,0,0,0,0,0,0,0,0,0,0,0,0,0,0,0,0,0,0,0,0
2013-07-14 15:15:00+00:00,60,7,15,336.4480895996094,226.56634521484375,0,0,0,0,0,0,0,0,0,0,0,0,0,0,0,0,1,0,0,0,0,0,0,0,0
2013-07-14 15:15:00+00:00,60,7,15,,27.689727783203125,0,0,0,0,0,0,0,0,0,0,0,0,0,0,0,0,0,0,0,0,0,1,1,1,1
2013-07-14 15:15:00+00:00,60,7,15,95.92456817626953,9.697687149047852,0,0,0,0,0,0,0,0,0,1,1,1,1,1,1,1,1,1,1,1,1,1,1,1,1
2013-07-14 15:15:00+00:00,60,7,15,84.6875991821289,41.9338493347168,0,0,0,0,0,0,0,0,0,1,1,1,1,1,1,1,1,0,0,0,0,0,0,1,1
2013-07-14 15:15:00+00:00,60,7,15,193.37738037109375,188.55455017089844,0,0,0,0,0,0,0,0,0,0,0,0,0,1,1,1,1,0,0,0,0,0,0,0,0
2013-07-14 15:15:00+00:00,60,7,15,,148.75894165039062,0,0,0,0,0,0,0,0,0,0,0,0,0,0,0,0,0,0,0,0,0,0,0,0,0
2013-07-14 15:15:00+00:00,60,7,15,,222.33193969726562,0,0,0,0,0,0,0,0,0,0,0,0,0,0,0,0,0,0,0,0,0,0,0,0,0
2013-07-14 15:30:00+00:00,60,7,15,329.5772705078125,343.67694091796875,0,0,0,0,0,0,0,0,0,0,0,0,0,0,0,0,1,0,0,0,0,0,0,0,0
2013-07-14 15:30:00+00:00,60,7,15,307.46368408203125,185.37266540527344,0,0,0,0,0,0,0,0,0,0,0,0,0,0,0,0,1,0,0,0,0,0,0,0,0
2013-07-14 15:30:00+00:00,60,7,15,356.43597412109375,223.59939575195312,0,0,0,0,0,0,0,0,0,0,0,0,0,0,0,0,0,0,0,0,0,0,0,0,0
2013-07-14 15:30:00+00:00,60,7,15,175.0037078857422,184.79586791992188,0,0,0,0,0,0,0,0,0,0,0,0,1,1,1,1,1,0,0,0,0,0,0,0,0
2013-07-14 15:30:00+00:00,60,7,15,,90.41984558105469,0,0,0,0,0,0,0,0,0,0,0,0,0,0,0,0,0,0,0,0,0,0,0,0,0
2013-07-14 15:30:00+00:00,60,7,15,,208.0047149658203,0,0,0,0,0,0,0,0,0,0,0,0,0,0,0,0,0,0,0,0,0,0,0,0,0
2013-07-14 15:30:00+00:00,60,7,15,74.1302490234375,12.003316879272461,0,0,0,0,0,0,0,0,1,1,1,1,1,1,1,1,1,0,1,1,1,1,1,1,1
2013-07-14 15:30:00+00:00,60,7,15,114.52875518798828,10.985502243041992,0,0,0,0,0,0,0,0,0,0,1,1,1,1,1,1,1,0,1,1,1,1,1,1,1
2013-07-14 15:30:00+00:00,60,7,15,386.57513427734375,311.2477722167969,0,0,0,0,0,0,0,0,0,0,0,0,0,0,0,0,0,0,0,0,0,0,0,0,0
2013-07-14 15:30:00+00:00,60,7,15,60.2452278137207,3.138450860977173,0,0,0,0,0,0,0,0,1,1,1,1,1,1,1,1,1,1,1,1,1,1,1,1,1
2013-07-14 15:30:00+00:00,60,7,15,276.93768310546875,232.26568603515625,0,0,0,0,0,0,0,0,0,0,0,0,0,0,0,1,1,0,0,0,0,0,0,0,0
2013-07-14 15:30:00+00:00,60,7,15,233.92987060546875,220.77108764648438,0,0,0,0,0,0,0,0,0,0,0,0,0,0,1,1,1,0,0,0,0,0,0,0,0
2013-07-14 15:45:00+00:00,60,7,15,117.47076416015625,98.00201416015625,0,0,0,0,0,0,0,0,0,0,1,1,1,1,1,1,1,0,0,0,0,0,0,0,0
2013-07-14 15:45:00+00:00,60,7,15,141.4873809814453,162.31544494628906,0,0,0,0,0,0,0,0,0,0,0,1,1,1,1,1,1,0,0,0,0,0,0,0,0
2013-07-14 15:45:00+00:00,60,7,15,,12.217950820922852,0,0,0,0,0,0,0,0,0,0,0,0,0,0,0,0,0,0,1,1,1,1,1,1,1
2013-07-14 15:45:00+00:00,60,7,15,,202.1353759765625,0,0,0,0,0,0,0,0,0,0,0,0,0,0,0,0,0,0,0,0,0,0,0,0,0
2013-07-14 15:45:00+00:00,60,7,15,62.72023391723633,75.18438720703125,0,0,0,0,0,0,0,0,1,1,1,1,1,1,1,1,1,0,0,0,0,0,0,0,0
2013-07-14 15:45:00+00:00,60,7,15,230.32981872558594,259.9051818847656,0,0,0,0,0,0,0,0,0,0,0,0,0,0,1,1,1,0,0,0,0,0,0,0,0
2013-07-14 15:45:00+00:00,60,7,15,74.7031478881836,21.14539337158203,0,0,0,0,0,0,0,0,1,1,1,1,1,1,1,1,1,0,0,0,1,1,1,1,1
2013-07-14 15:45:00+00:00,60,7,15,81.06114959716797,17.996809005737305,0,0,0,0,0,0,0,0,0,1,1,1,1,1,1,1,1,0,0,1,1,1,1,1,1
2013-07-14 15:45:00+00:00,60,7,15,,18.38997459411621,0,0,0,0,0,0,0,0,0,0,0,0,0,0,0,0,0,0,0,1,1,1,1,1,1
2013-07-14 16:00:00+00:00,60,7,16,256.3544921875,116.39713287353516,0,0,0,0,0,0,0,0,0,0,0,0,0,0,0,1,1,0,0,0,0,0,0,0,0
2013-07-14 16:00:00+00:00,60,7,16,257.91455078125,181.6248016357422,0,0,0,0,0,0,0,0,0,0,0,0,0,0,0,1,1,0,0,0,0,0,0,0,0
2013-07-14 16:00:00+00:00,60,7,16,123.31661224365234,74.19664001464844,0,0,0,0,0,0,0,0,0,0,0,1,1,1,1,1,1,0,0,0,0,0,0,0,0
2013-07-14 16:00:00+00:00,60,7,16,147.4619598388672,6.876084804534912,0,0,0,0,0,0,0,0,0,0,0,1,1,1,1,1,1,1,1,1,1,1,1,1,1
2013-07-14 16:00:00+00:00,60,7,16,,549.7763671875,0,0,0,0,0,0,0,0,0,0,0,0,0,0,0,0,0,0,0,0,0,0,0,0,0
2013-07-14 16:00:00+00:00,60,7,16,,536.705322265625,0,0,0,0,0,0,0,0,0,0,0,0,0,0,0,0,0,0,0,0,0,0,0,0,0
2013-07-14 16:00:00+00:00,60,7,16,81.59223937988281,0.0,0,0,0,0,0,0,0,0,0,1,1,1,1,1,1,1,1,1,1,1,1,1,1,1,1
2013-07-14 16:00:00+00:00,60,7,16,368.6767578125,355.8923645019531,0,0,0,0,0,0,0,0,0,0,0,0,0,0,0,0,0,0,0,0,0,0,0,0,0
2013-07-14 16:00:00+00:00,60,7,16,70.5703353881836,83.4791259765625,0,0,0,0,0,0,0,0,1,1,1,1,1,1,1,1,1,0,0,0,0,0,0,0,0
2013-07-14 16:00:00+00:00,60,7,16,85.47591400146484,56.68877410888672,0,0,0,0,0,0,0,0,0,1,1,1,1,1,1,1,1,0,0,0,0,0,0,0,1
2013-07-14 16:00:00+00:00,60,7,16,,415.54949951171875,0,0,0,0,0,0,0,0,0,0,0,0,0,0,0,0,0,0,0,0,0,0,0,0,0
2013-07-14 16:15:00+00:00,60,7,16,344.00421142578125,341.28912353515625,0,0,0,0,0,0,0,0,0,0,0,0,0,0,0,0,1,0,0,0,0,0,0,0,0
2013-07-14 16:15:00+00:00,60,7,16,308.9199523925781,319.1862487792969,0,0,0,0,0,0,0,0,0,0,0,0,0,0,0,0,1,0,0,0,0,0,0,0,0
2013-07-14 16:15:00+00:00,60,7,16,131.35675048828125,156.87269592285156,0,0,0,0,0,0,0,0,0,0,0,1,1,1,1,1,1,0,0,0,0,0,0,0,0
2013-07-14 16:15:00+00:00,60,7,16,139.23487854003906,105.75186157226562,0,0,0,0,0,0,0,0,0,0,0,1,1,1,1,1,1,0,0,0,0,0,0,0,0
2013-07-14 16:15:00+00:00,60,7,16,289.1220703125,254.4168701171875,0,0,0,0,0,0,0,0,0,0,0,0,0,0,0,1,1,0,0,0,0,0,0,0,0
2013-07-14 16:15:00+00:00,60,7,16,270.5373229980469,241.8063201904297,0,0,0,0,0,0,0,0,0,0,0,0,0,0,0,1,1,0,0,0,0,0,0,0,0
2013-07-14 16:15:00+00:00,60,7,16,192.94325256347656,122.10400390625,0,0,0,0,0,0,0,0,0,0,0,0,0,1,1,1,1,0,0,0,0,0,0,0,0
2013-07-14 16:15:00+00:00,60,7,16,299.3901062011719,367.8294982910156,0,0,0,0,0,0,0,0,0,0,0,0,0,0,0,1,1,0,0,0,0,0,0,0,0
2013-07-14 16:30:00+00:00,60,7,16,332.3682556152344,363.0323791503906,0,0,0,0,0,0,0,0,0,0,0,0,0,0,0,0,1,0,0,0,0,0,0,0,0
2013-07-14 16:30:00+00:00,60,7,16,266.12335205078125,275.1386413574219,0,0,0,0,0,0,0,0,0,0,0,0,0,0,0,1,1,0,0,0,0,0,0,0,0
2013-07-14 16:30:00+00:00,60,7,16,316.8602600097656,,0,0,0,0,0,0,0,0,0,0,0,0,0,0,0,0,1,0,0,0,0,0,0,0,0
2013-07-14 16:30:00+00:00,60,7,16,277.9752502441406,0.0,0,0,0,0,0,0,0,0,0,0,0,0,0,0,0,1,1,1,1,1,1,1,1,1,1
2013-07-14 16:30:00+00:00,60,7,16,206.62403869628906,203.04754638671875,0,0,0,0,0,0,0,0,0,0,0,0,0,0,1,1,1,0,0,0,0,0,0,0,0
2013-07-14 16:30:00+00:00,60,7,16,77.47755432128906,97.73197174072266,0,0,0,0,0,0,0,0,1,1,1,1,1,1,1,1,1,0,0,0,0,0,0,0,0
2013-07-14 16:30:00+00:00,60,7,16,106.37730407714844,125.05857849121094,0,0,0,0,0,0,0,0,0,0,1,1,1,1,1,1,1,0,0,0,0,0,0,0,0
2013-07-14 16:45:00+00:00,60,7,16,,286.8009033203125,0,0,0,0,0,0,0,0,0,0,0,0,0,0,0,0,0,0,0,0,0,0,0,0,0
2013-07-14 16:45:00+00:00,60,7,16,179.85516357421875,37.630897521972656,0,0,0,0,0,0,0,0,0,0,0,0,1,1,1,1,1,0,0,0,0,0,1,1,1
2013-07-14 16:45:00+00:00,60,7,16,345.90460205078125,398.7945251464844,0,0,0,0,0,0,0,0,0,0,0,0,0,0,0,0,1,0,0,0,0,0,0,0,0
2013-07-14 16:45:00+00:00,60,7,16,269.2476501464844,319.1170654296875,0,0,0,0,0,0,0,0,0,0,0,0,0,0,0,1,1,0,0,0,0,0,0,0,0
2013-07-14 16:45:00+00:00,60,7,16,335.04754638671875,,0,0,0,0,0,0,0,0,0,0,0,0,0,0,0,0,1,0,0,0,0,0,0,0,0
2013-07-14 16:45:00+00:00,60,7,16,91.19292449951172,136.99830627441406,0,0,0,0,0,0,0,0,0,1,1,1,1,1,1,1,1,0,0,0,0,0,0,0,0
2013-07-14 16:45:00+00:00,60,7,16,232.6512908935547,49.123382568359375,0,0,0,0,0,0,0,0,0,0,0,0,0,0,1,1,1,0,0,0,0,0,0,1,1
2013-07-14 16:45:00+00:00,60,7,16,338.88726806640625,226.59840393066406,0,0,0,0,0,0,0,0,0,0,0,0,0,0,0,0,1,0,0,0,0,0,0,0,0
2013-07-14 16:45:00+00:00,60,7,16,,,0,0,0,0,0,0,0,0,0,0,0,0,0,0,0,0,0,0,0,0,0,0,0,0,0
2013-07-14 16:45:00+00:00,60,7,16,200.27279663085938,425.41058349609375,0,0,0,0,0,0,0,0,0,0,0,0,0,0,1,1,1,0,0,0,0,0,0,0,0
2013-07-14 17:00:00+00:00,60,7,17,317.98309326171875,,0,0,0,0,0,0,0,0,0,0,0,0,0,0,0,0,1,0,0,0,0,0,0,0,0
2013-07-14 17:00:00+00:00,60,7,17,190.3348388671875,535.4602661132812,0,0,0,0,0,0,0,0,0,0,0,0,0,1,1,1,1,0,0,0,0,0,0,0,0
2013-07-14 17:00:00+00:00,60,7,17,200.91287231445312,194.10862731933594,0,0,0,0,0,0,0,0,0,0,0,0,0,0,1,1,1,0,0,0,0,0,0,0,0
2013-07-14 17:00:00+00:00,60,7,17,287.96685791015625,208.48973083496094,0,0,0,0,0,0,0,0,0,0,0,0,0,0,0,1,1,0,0,0,0,0,0,0,0
2013-07-14 17:00:00+00:00,60,7,17,119.1884536743164,170.0928497314453,0,0,0,0,0,0,0,0,0,0,1,1,1,1,1,1,1,0,0,0,0,0,0,0,0
2013-07-14 17:00:00+00:00,60,7,17,516.9100952148438,475.7168884277344,0,0,0,0,0,0,0,0,0,0,0,0,0,0,0,0,0,0,0,0,0,0,0,0,0
2013-07-14 17:15:00+00:00,60,7,17,306.8271484375,302.12335205078125,0,0,0,0,0,0,0,0,0,0,0,0,0,0,0,0,1,0,0,0,0,0,0,0,0
2013-07-14 17:15:00+00:00,60,7,17,326.1151123046875,,0,0,0,0,0,0,0,0,0,0,0,0,0,0,0,0,1,0,0,0,0,0,0,0,0
2013-07-14 17:15:00+00:00,60,7,17,240.08120727539062,374.37445068359375,0,0,0,0,0,0,0,0,0,0,0,0,0,0,1,1,1,0,0,0,0,0,0,0,0
2013-07-14 17:15:00+00:00,60,7,17,293.7854919433594,246.0038604736328,0,0,0,0,0,0,0,0,0,0,0,0,0,0,0,1,1,0,0,0,0,0,0,0,0
2013-07-14 17:15:00+00:00,60,7,17,135.68394470214844,160.66583251953125,0,0,0,0,0,0,0,0,0,0,0,1,1,1,1,1,1,0,0,0,0,0,0,0,0
2013-07-14 17:15:00+00:00,60,7,17,175.75247192382812,199.54273986816406,0,0,0,0,0,0,0,0,0,0,0,0,1,1,1,1,1,0,0,0,0,0,0,0,0
2013-07-14 17:15:00+00:00,60,7,17,57.199039459228516,60.68406677246094,0,0,0,0,0,0,0,1,1,1,1,1,1,1,1,1,1,0,0,0,0,0,0,0,0
2013-07-14 17:15:00+00:00,60,7,17,302.5058288574219,32.725433349609375,0,0,0,0,0,0,0,0,0,0,0,0,0,0,0,0,1,0,0,0,0,0,1,1,1
2013-07-14 17:15:00+00:00,60,7,17,377.13128662109375,336.8885498046875,0,0,0,0,0,0,0,0,0,0,0,0,0,0,0,0,0,0,0,0,0,0,0,0,0
2013-07-14 17:15:00+00:00,60,7,17,,,0,0,0,0,0,0,0,0,0,0,0,0,0,0,0,0,0,0,0,0,0,0,0,0,0
2013-07-14 17:30:00+00:00,60,7,17,369.26641845703125,368.36639404296875,0,0,0,0,0,0,0,0,0,0,0,0,0,0,0,0,0,0,0,0,0,0,0,0,0
2013-07-14 17:30:00+00:00,60,7,17,382.2235412597656,166.4947052001953,0,0,0,0,0,0,0,0,0,0,0,0,0,0,0,0,0,0,0,0,0,0,0,0,0
2013-07-14 17:30:00+00:00,60,7,17,,296.72406005859375,0,0,0,0,0,0,0,0,0,0,0,0,0,0,0,0,0,0,0,0,0,0,0,0,0
2013-07-14 17:30:00+00:00,60,7,17,352.267333984375,204.09767150878906,0,0,0,0,0,0,0,0,0,0,0,0,0,0,0,0,0,0,0,0,0,0,0,0,0
2013-07-14 17:30:00+00:00,60,7,17,167.5275421142578,196.9853057861328,0,0,0,0,0,0,0,0,0,0,0,0,1,1,1,1,1,0,0,0,0,0,0,0,0
2013-07-14 17:45:00+00:00,60,7,17,,,0,0,0,0,0,0,0,0,0,0,0,0,0,0,0,0,0,0,0,0,0,0,0,0,0
2013-07-14 17:45:00+00:00,60,7,17,128.5926971435547,170.78724670410156,0,0,0,0,0,0,0,0,0,0,0,1,1,1,1,1,1,0,0,0,0,0,0,0,0
2013-07-14 17:45:00+00:00,60,7,17,341.1167907714844,0.0,0,0,0,0,0,0,0,0,0,0,0,0,0,0,0,0,1,1,1,1,1,1,1,1,1
2013-07-14 17:45:00+00:00,60,7,17,310.1871337890625,24.437166213989258,0,0,0,0,0,0,0,0,0,0,0,0,0,0,0,0,1,0,0,0,1,1,1,1,1
2013-07-14 17:45:00+00:00,60,7,17,,45.173091888427734,0,0,0,0,0,0,0,0,0,0,0,0,0,0,0,0,0,0,0,0,0,0,0,1,1
2013-07-15 10:00:00+00:00,60,7,10,39.8181266784668,437.03094482421875,0,0,0,0,0,1,1,1,1,1,1,1,1,1,1,1,1,0,0,0,0,0,0,0,0
2013-07-15 10:00:00+00:00,60,7,10,256.3740539550781,,0,0,0,0,0,0,0,0,0,0,0,0,0,0,0,1,1,0,0,0,0,0,0,0,0
2013-07-15 10:00:00+00:00,60,7,10,431.09051513671875,,0,0,0,0,0,0,0,0,0,0,0,0,0,0,0,0,0,0,0,0,0,0,0,0,0
2013-07-15 10:00:00+00:00,60,7,10,281.7080383300781,395.2957763671875,0,0,0,0,0,0,0,0,0,0,0,0,0,0,0,1,1,0,0,0,0,0,0,0,0
2013-07-15 10:00:00+00:00,60,7,10,,,0,0,0,0,0,0,0,0,0,0,0,0,0,0,0,0,0,0,0,0,0,0,0,0,0
2013-07-15 10:00:00+00:00,60,7,10,246.25172424316406,0.0,0,0,0,0,0,0,0,0,0,0,0,0,0,0,1,1,1,1,1,1,1,1,1,1,1
2013-07-15 10:00:00+00:00,60,7,10,,,0,0,0,0,0,0,0,0,0,0,0,0,0,0,0,0,0,0,0,0,0,0,0,0,0
2013-07-15 10:15:00+00:00,60,7,10,,,0,0,0,0,0,0,0,0,0,0,0,0,0,0,0,0,0,0,0,0,0,0,0,0,0
2013-07-15 10:15:00+00:00,60,7,10,495.1242370605469,12.91103744506836,0,0,0,0,0,0,0,0,0,0,0,0,0,0,0,0,0,0,1,1,1,1,1,1,1
2013-07-15 10:15:00+00:00,60,7,10,,253.73468017578125,0,0,0,0,0,0,0,0,0,0,0,0,0,0,0,0,0,0,0,0,0,0,0,0,0
2013-07-15 10:15:00+00:00,60,7,10,,492.2215270996094,0,0,0,0,0,0,0,0,0,0,0,0,0,0,0,0,0,0,0,0,0,0,0,0,0
2013-07-15 10:15:00+00:00,60,7,10,89.88418579101562,239.52545166015625,0,0,0,0,0,0,0,0,0,1,1,1,1,1,1,1,1,0,0,0,0,0,0,0,0
2013-07-15 10:15:00+00:00,60,7,10,,,0,0,0,0,0,0,0,0,0,0,0,0,0,0,0,0,0,0,0,0,0,0,0,0,0
2013-07-15 10:30:00+00:00,60,7,10,,,0,0,0,0,0,0,0,0,0,0,0,0,0,0,0,0,0,0,0,0,0,0,0,0,0
2013-07-15 10:30:00+00:00,60,7,10,,111.28909301757812,0,0,0,0,0,0,0,0,0,0,0,0,0,0,0,0,0,0,0,0,0,0,0,0,0
2013-07-15 10:30:00+00:00,60,7,10,,368.822021484375,0,0,0,0,0,0,0,0,0,0,0,0,0,0,0,0,0,0,0,0,0,0,0,0,0
2013-07-15 10:30:00+00:00,60,7,10,329.7691345214844,232.2950897216797,0,0,0,0,0,0,0,0,0,0,0,0,0,0,0,0,1,0,0,0,0,0,0,0,0
2013-07-15 10:30:00+00:00,60,7,10,,,0,0,0,0,0,0,0,0,0,0,0,0,0,0,0,0,0,0,0,0,0,0,0,0,0
2013-07-15 10:30:00+00:00,60,7,10,,411.5947265625,0,0,0,0,0,0,0,0,0,0,0,0,0,0,0,0,0,0,0,0,0,0,0,0,0
2013-07-15 10:45:00+00:00,60,7,10,,,0,0,0,0,0,0,0,0,0,0,0,0,0,0,0,0,0,0,0,0,0,0,0,0,0
2013-07-15 10:45:00+00:00,60,7,10,,149.7550048828125,0,0,0,0,0,0,0,0,0,0,0,0,0,0,0,0,0,0,0,0,0,0,0,0,0
2013-07-15 10:45:00+00:00,60,7,10,511.65985107421875,35.657745361328125,0,0,0,0,0,0,0,0,0,0,0,0,0,0,0,0,0,0,0,0,0,0,1,1,1
2013-07-15 10:45:00+00:00,60,7,10,446.7403869628906,199.17608642578125,0,0,0,0,0,0,0,0,0,0,0,0,0,0,0,0,0,0,0,0,0,0,0,0,0
2013-07-15 10:45:00+00:00,60,7,10,138.20567321777344,241.03414916992188,0,0,0,0,0,0,0,0,0,0,0,1,1,1,1,1,1,0,0,0,0,0,0,0,0
2013-07-15 10:45:00+00:00,60,7,10,,,0,0,0,0,0,0,0,0,0,0,0,0,0,0,0,0,0,0,0,0,0,0,0,0,0
2013-07-15 10:45:00+00:00,60,7,10,,640.6497192382812,0,0,0,0,0,0,0,0,0,0,0,0,0,0,0,0,0,0,0,0,0,0,0,0,0
2013-07-15 10:45:00+00:00,60,7,10,,3.537134885787964,0,0,0,0,0,0,0,0,0,0,0,0,0,0,0,0,0,1,1,1,1,1,1,1,1
2013-07-15 10:45:00+00:00,60,7,10,,335.9100646972656,0,0,0,0,0,0,0,0,0,0,0,0,0,0,0,0,0,0,0,0,0,0,0,0,0
2013-07-15 10:45:00+00:00,60,7,10,,,0,0,0,0,0,0,0,0,0,0,0,0,0,0,0,0,0,0,0,0,0,0,0,0,0
2013-07-15 11:00:00+00:00,60,7,11,,,0,0,0,0,0,0,0,0,0,0,0,0,0,0,0,0,0,0,0,0,0,0,0,0,0
2013-07-15 11:00:00+00:00,60,7,11,337.6325378417969,312.9355773925781,0,0,0,0,0,0,0,0,0,0,0,0,0,0,0,0,1,0,0,0,0,0,0,0,0
2013-07-15 11:00:00+00:00,60,7,11,312.7951965332031,294.8155822753906,0,0,0,0,0,0,0,0,0,0,0,0,0,0,0,0,1,0,0,0,0,0,0,0,0
2013-07-15 11:00:00+00:00,60,7,11,,30.693134307861328,0,0,0,0,0,0,0,0,0,0,0,0,0,0,0,0,0,0,0,0,0,0,1,1,1
2013-07-15 11:00:00+00:00,60,7,11,,,0,0,0,0,0,0,0,0,0,0,0,0,0,0,0,0,0,0,0,0,0,0,0,0,0
2013-07-15 11:00:00+00:00,60,7,11,,,0,0,0,0,0,0,0,0,0,0,0,0,0,0,0,0,0,0,0,0,0,0,0,0,0
2013-07-15 11:00:00+00:00,60,7,11,,477.4770202636719,0,0,0,0,0,0,0,0,0,0,0,0,0,0,0,0,0,0,0,0,0,0,0,0,0
2013-07-15 11:00:00+00:00,60,7,11,173.60256958007812,9.780253410339355,0,0,0,0,0,0,0,0,0,0,0,0,1,1,1,1,1,1,1,1,1,1,1,1,1
2013-07-15 11:00:00+00:00,60,7,11,,538.3015747070312,0,0,0,0,0,0,0,0,0,0,0,0,0,0,0,0,0,0,0,0,0,0,0,0,0
2013-07-15 11:00:00+00:00,60,7,11,,481.28717041015625,0,0,0,0,0,0,0,0,0,0,0,0,0,0,0,0,0,0,0,0,0,0,0,0,0
2013-07-15 11:00:00+00:00,60,7,11,282.3092956542969,314.3825988769531,0,0,0,0,0,0,0,0,0,0,0,0,0,0,0,1,1,0,0,0,0,0,0,0,0
2013-07-15 11:00:00+00:00,60,7,11,,0.0,0,0,0,0,0,0,0,0,0,0,0,0,0,0,0,0,0,1,1,1,1,1,1,1,1
2013-07-15 11:00:00+00:00,60,7,11,,313.2541198730469,0,0,0,0,0,0,0,0,0,0,0,0,0,0,0,0,0,0,0,0,0,0,0,0,0
2013-07-15 11:15:00+00:00,60,7,11,,,0,0,0,0,0,0,0,0,0,0,0,0,0,0,0,0,0,0,0,0,0,0,0,0,0
2013-07-15 11:15:00+00:00,60,7,11,,,0,0,0,0,0,0,0,0,0,0,0,0,0,0,0,0,0,0,0,0,0,0,0,0,0
2013-07-15 11:15:00+00:00,60,7,11,,96.51400756835938,0,0,0,0,0,0,0,0,0,0,0,0,0,0,0,0,0,0,0,0,0,0,0,0,0
2013-07-15 11:15:00+00:00,60,7,11,428.0436096191406,538.2279052734375,0,0,0,0,0,0,0,0,0,0,0,0,0,0,0,0,0,0,0,0,0,0,0,0,0
2013-07-15 11:15:00+00:00,60,7,11,,,0,0,0,0,0,0,0,0,0,0,0,0,0,0,0,0,0,0,0,0,0,0,0,0,0
2013-07-15 11:15:00+00:00,60,7,11,510.24749755859375,477.6549987792969,0,0,0,0,0,0,0,0,0,0,0,0,0,0,0,0,0,0,0,0,0,0,0,0,0
2013-07-15 11:30:00+00:00,60,7,11,,,0,0,0,0,0,0,0,0,0,0,0,0,0,0,0,0,0,0,0,0,0,0,0,0,0
2013-07-15 11:30:00+00:00,60,7,11,,213.0683135986328,0,0,0,0,0,0,0,0,0,0,0,0,0,0,0,0,0,0,0,0,0,0,0,0,0
2013-07-15 11:30:00+00:00,60,7,11,198.84507751464844,212.9904327392578,0,0,0,0,0,0,0,0,0,0,0,0,0,1,1,1,1,0,0,0,0,0,0,0,0
2013-07-15 11:30:00+00:00,60,7,11,270.7400207519531,0.0,0,0,0,0,0,0,0,0,0,0,0,0,0,0,0,1,1,1,1,1,1,1,1,1,1
2013-07-15 11:30:00+00:00,60,7,11,202.15335083007812,0.0,0,0,0,0,0,0,0,0,0,0,0,0,0,0,1,1,1,1,1,1,1,1,1,1,1
2013-07-15 11:30:00+00:00,60,7,11,,,0,0,0,0,0,0,0,0,0,0,0,0,0,0,0,0,0,0,0,0,0,0,0,0,0
2013-07-15 11:30:00+00:00,60,7,11,,,0,0,0,0,0,0,0,0,0,0,0,0,0,0,0,0,0,0,0,0,0,0,0,0,0
2013-07-15 11:30:00+00:00,60,7,11,,240.91419982910156,0,0,0,0,0,0,0,0,0,0,0,0,0,0,0,0,0,0,0,0,0,0,0,0,0
2013-07-15 11:30:00+00:00,60,7,11,73.76410675048828,79.19583129882812,0,0,0,0,0,0,0,0,1,1,1,1,1,1,1,1,1,0,0,0,0,0,0,0,0
2013-07-15 11:30:00+00:00,60,7,11,48.88100051879883,49.0195426940918,0,0,0,0,0,0,1,1,1,1,1,1,1,1,1,1,1,0,0,0,0,0,0,1,1
2013-07-15 11:30:00+00:00,60,7,11,63.069705963134766,0.0,0,0,0,0,0,0,0,0,1,1,1,1,1,1,1,1,1,1,1,1,1,1,1,1,1
2013-07-15 11:45:00+00:00,60,7,11,374.3770751953125,373.9798889160156,0,0,0,0,0,0,0,0,0,0,0,0,0,0,0,0,0,0,0,0,0,0,0,0,0
2013-07-15 11:45:00+00:00,60,7,11,199.09925842285156,167.94325256347656,0,0,0,0,0,0,0,0,0,0,0,0,0,1,1,1,1,0,0,0,0,0,0,0,0
2013-07-15 11:45:00+00:00,60,7,11,,,0,0,0,0,0,0,0,0,0,0,0,0,0,0,0,0,0,0,0,0,0,0,0,0,0
2013-07-15 11:45:00+00:00,60,7,11,185.7508544921875,50.44287872314453,0,0,0,0,0,0,0,0,0,0,0,0,0,1,1,1,1,0,0,0,0,0,0,0,1
2013-07-15 11:45:00+00:00,60,7,11,193.7026824951172,12.854928970336914,0,0,0,0,0,0,0,0,0,0,0,0,0,1,1,1,1,0,1,1,1,1,1,1,1
2013-07-15 11:45:00+00:00,60,7,11,141.75112915039062,366.4820861816406,0,0,0,0,0,0,0,0,0,0,0,1,1,1,1,1,1,0,0,0,0,0,0,0,0
2013-07-15 11:45:00+00:00,60,7,11,548.990478515625,437.1539306640625,0,0,0,0,0,0,0,0,0,0,0,0,0,0,0,0,0,0,0,0,0,0,0,0,0
2013-07-15 11:45:00+00:00,60,7,11,599.640625,456.0828552246094,0,0,0,0,0,0,0,0,0,0,0,0,0,0,0,0,0,0,0,0,0,0,0,0,0
2013-07-15 11:45:00+00:00,60,7,11,275.6539611816406,44.20622634887695,0,0,0,0,0,0,0,0,0,0,0,0,0,0,0,1,1,0,0,0,0,0,0,1,1
2013-07-15 11:45:00+00:00,60,7,11,245.1412811279297,0.0,0,0,0,0,0,0,0,0,0,0,0,0,0,0,1,1,1,1,1,1,1,1,1,1,1
2013-07-15 12:00:00+00:00,60,7,12,,,0,0,0,0,0,0,0,0,0,0,0,0,0,0,0,0,0,0,0,0,0,0,0,0,0
2013-07-15 12:00:00+00:00,60,7,12,,,0,0,0,0,0,0,0,0,0,0,0,0,0,0,0,0,0,0,0,0,0,0,0,0,0
2013-07-15 12:00:00+00:00,60,7,12,210.79452514648438,213.26551818847656,0,0,0,0,0,0,0,0,0,0,0,0,0,0,1,1,1,0,0,0,0,0,0,0,0
2013-07-15 12:00:00+00:00,60,7,12,111.76618957519531,3.135554075241089,0,0,0,0,0,0,0,0,0,0,1,1,1,1,1,1,1,1,1,1,1,1,1,1,1
2013-07-15 12:00:00+00:00,60,7,12,97.69216918945312,49.802345275878906,0,0,0,0,0,0,0,0,0,1,1,1,1,1,1,1,1,0,0,0,0,0,0,1,1
2013-07-15 12:00:00+00:00,60,7,12,213.203857421875,49.92463302612305,0,0,0,0,0,0,0,0,0,0,0,0,0,0,1,1,1,0,0,0,0,0,0,1,1
2013-07-15 12:00:00+00:00,60,7,12,343.891357421875,385.1898498535156,0,0,0,0,0,0,0,0,0,0,0,0,0,0,0,0,1,0,0,0,0,0,0,0,0
2013-07-15 12:00:00+00:00,60,7,12,,,0,0,0,0,0,0,0,0,0,0,0,0,0,0,0,0,0,0,0,0,0,0,0,0,0
2013-07-15 12:00:00+00:00,60,7,12,,4.276120662689209,0,0,0,0,0,0,0,0,0,0,0,0,0,0,0,0,0,1,1,1,1,1,1,1,1
2013-07-15 12:00:00+00:00,60,7,12,148.0186309814453,191.4636993408203,0,0,0,0,0,0,0,0,0,0,0,1,1,1,1,1,1,0,0,0,0,0,0,0,0
2013-07-15 12:00:00+00:00,60,7,12,423.7655029296875,424.4394226074219,0,0,0,0,0,0,0,0,0,0,0,0,0,0,0,0,0,0,0,0,0,0,0,0,0
2013-07-15 12:00:00+00:00,60,7,12,179.13169860839844,184.71173095703125,0,0,0,0,0,0,0,0,0,0,0,0,1,1,1,1,1,0,0,0,0,0,0,0,0
2013-07-15 12:00:00+00:00,60,7,12,195.46188354492188,204.52828979492188,0,0,0,0,0,0,0,0,0,0,0,0,0,1,1,1,1,0,0,0,0,0,0,0,0
2013-07-15 12:00:00+00:00,60,7,12,201.9669189453125,22.573144912719727,0,0,0,0,0,0,0,0,0,0,0,0,0,0,1,1,1,0,0,0,1,1,1,1,1
2013-07-15 12:00:00+00:00,60,7,12,,384.1194152832031,0,0,0,0,0,0,0,0,0,0,0,0,0,0,0,0,0,0,0,0,0,0,0,0,0
2013-07-15 12:15:00+00:00,60,7,12,273.135986328125,268.20111083984375,0,0,0,0,0,0,0,0,0,0,0,0,0,0,0,1,1,0,0,0,0,0,0,0,0
2013-07-15 12:15:00+00:00,60,7,12,44.727203369140625,7.502371788024902,0,0,0,0,0,0,1,1,1,1,1,1,1,1,1,1,1,1,1,1,1,1,1,1,1
2013-07-15 12:15:00+00:00,60,7,12,250.80950927734375,334.7080993652344,0,0,0,0,0,0,0,0,0,0,0,0,0,0,0,1,1,0,0,0,0,0,0,0,0
2013-07-15 12:15:00+00:00,60,7,12,,,0,0,0,0,0,0,0,0,0,0,0,0,0,0,0,0,0,0,0,0,0,0,0,0,0
2013-07-15 12:15:00+00:00,60,7,12,,0.0,0,0,0,0,0,0,0,0,0,0,0,0,0,0,0,0,0,1,1,1,1,1,1,1,1
2013-07-15 12:30:00+00:00,60,7,12,,447.3293762207031,0,0,0,0,0,0,0,0,0,0,0,0,0,0,0,0,0,0,0,0,0,0,0,0,0
2013-07-15 12:30:00+00:00,60,7,12,441.6170654296875,403.8377685546875,0,0,0,0,0,0,0,0,0,0,0,0,0,0,0,0,0,0,0,0,0,0,0,0,0
2013-07-15 12:30:00+00:00,60,7,12,101.24623107910156,249.03431701660156,0,0,0,0,0,0,0,0,0,0,1,1,1,1,1,1,1,0,0,0,0,0,0,0,0
2013-07-15 12:30:00+00:00,60,7,12,,,0,0,0,0,0,0,0,0,0,0,0,0,0,0,0,0,0,0,0,0,0,0,0,0,0
2013-07-15 12:30:00+00:00,60,7,12,,431.7999267578125,0,0,0,0,0,0,0,0,0,0,0,0,0,0,0,0,0,0,0,0,0,0,0,0,0
2013-07-15 12:30:00+00:00,60,7,12,,,0,0,0,0,0,0,0,0,0,0,0,0,0,0,0,0,0,0,0,0,0,0,0,0,0
2013-07-15 12:30:00+00:00,60,7,12,,,0,0,0,0,0,0,0,0,0,0,0,0,0,0,0,0,0,0,0,0,0,0,0,0,0
2013-07-15 12:30:00+00:00,60,7,12,275.81768798828125,254.84564208984375,0,0,0,0,0,0,0,0,0,0,0,0,0,0,0,1,1,0,0,0,0,0,0,0,0
2013-07-15 12:30:00+00:00,60,7,12,313.3255920410156,17.78028106689453,0,0,0,0,0,0,0,0,0,0,0,0,0,0,0,0,1,0,0,1,1,1,1,1,1
2013-07-15 12:30:00+00:00,60,7,12,363.3690185546875,48.92792892456055,0,0,0,0,0,0,0,0,0,0,0,0,0,0,0,0,0,0,0,0,0,0,0,1,1
2013-07-15 12:30:00+00:00,60,7,12,,13.204967498779297,0,0,0,0,0,0,0,0,0,0,0,0,0,0,0,0,0,0,1,1,1,1,1,1,1
2013-07-15 12:30:00+00:00,60,7,12,250.79034423828125,311.43402099609375,0,0,0,0,0,0,0,0,0,0,0,0,0,0,0,1,1,0,0,0,0,0,0,0,0
2013-07-15 12:45:00+00:00,60,7,12,,,0,0,0,0,0,0,0,0,0,0,0,0,0,0,0,0,0,0,0,0,0,0,0,0,0
2013-07-15 12:45:00+00:00,60,7,12,252.6889190673828,115.99808502197266,0,0,0,0,0,0,0,0,0,0,0,0,0,0,0,1,1,0,0,0,0,0,0,0,0
2013-07-15 12:45:00+00:00,60,7,12,205.93284606933594,337.8146667480469,0,0,0,0,0,0,0,0,0,0,0,0,0,0,1,1,1,0,0,0,0,0,0,0,0
2013-07-15 12:45:00+00:00,60,7,12,126.55076599121094,97.70814514160156,0,0,0,0,0,0,0,0,0,0,0,1,1,1,1,1,1,0,0,0,0,0,0,0,0
2013-07-15 12:45:00+00:00,60,7,12,,23.72701644897461,0,0,0,0,0,0,0,0,0,0,0,0,0,0,0,0,0,0,0,0,1,1,1,1,1
2013-07-15 12:45:00+00:00,60,7,12,,0.0,0,0,0,0,0,0,0,0,0,0,0,0,0,0,0,0,0,1,1,1,1,1,1,1,1
2013-07-15 12:45:00+00:00,60,7,12,97.48341369628906,79.52296447753906,0,0,0,0,0,0,0,0,0,1,1,1,1,1,1,1,1,0,0,0,0,0,0,0,0
2013-07-15 12:45:00+00:00,60,7,12,127.26114654541016,198.5415802001953,0,0,0,0,0,0,0,0,0,0,0,1,1,1,1,1,1,0,0,0,0,0,0,0,0
2013-07-15 13:00:00+00:00,60,7,13,336.92547607421875,327.5244445800781,0,0,0,0,0,0,0,0,0,0,0,0,0,0,0,0,1,0,0,0,0,0,0,0,0
2013-07-15 13:00:00+00:00,60,7,13,151.3797607421875,189.85696411132812,0,0,0,0,0,0,0,0,0,0,0,0,1,1,1,1,1,0,0,0,0,0,0,0,0
2013-07-15 13:15:00+00:00,60,7,13,,207.42880249023438,0,0,0,0,0,0,0,0,0,0,0,0,0,0,0,0,0,0,0,0,0,0,0,0,0
2013-07-15 13:15:00+00:00,60,7,13,177.78846740722656,186.7356719970703,0,0,0,0,0,0,0,0,0,0,0,0,1,1,1,1,1,0,0,0,0,0,0,0,0
2013-07-15 13:15:00+00:00,60,7,13,,,0,0,0,0,0,0,0,0,0,0,0,0,0,0,0,0,0,0,0,0,0,0,0,0,0
2013-07-15 13:15:00+00:00,60,7,13,404.67694091796875,142.2464141845703,0,0,0,0,0,0,0,0,0,0,0,0,0,0,0,0,0,0,0,0,0,0,0,0,0
2013-07-15 13:15:00+00:00,60,7,13,83.5471420288086,40.62230682373047,0,0,0,0,0,0,0,0,0,1,1,1,1,1,1,1,1,0,0,0,0,0,0,1,1
2013-07-15 13:15:00+00:00,60,7,13,342.31060791015625,0.0,0,0,0,0,0,0,0,0,0,0,0,0,0,0,0,0,1,1,1,1,1,1,1,1,1
2013-07-15 13:15:00+00:00,60,7,13,283.2678527832031,19.620811462402344,0,0,0,0,0,0,0,0,0,0,0,0,0,0,0,1,1,0,0,1,1,1,1,1,1
2013-07-15 13:15:00+00:00,60,7,13,324.4840393066406,6.8557538986206055,0,0,0,0,0,0,0,0,0,0,0,0,0,0,0,0,1,1,1,1,1,1,1,1,1
2013-07-15 13:15:00+00:00,60,7,13,,,0,0,0,0,0,0,0,0,0,0,0,0,0,0,0,0,0,0,0,0,0,0,0,0,0
2013-07-15 13:15:00+00:00,60,7,13,298.1608581542969,34.7479133605957,0,0,0,0,0,0,0,0,0,0,0,0,0,0,0,1,1,0,0,0,0,0,1,1,1
2013-07-15 13:15:00+00:00,60,7,13,,,0,0,0,0,0,0,0,0,0,0,0,0,0,0,0,0,0,0,0,0,0,0,0,0,0
2013-07-15 13:30:00+00:00,60,7,13,,269.2966613769531,0,0,0,0,0,0,0,0,0,0,0,0,0,0,0,0,0,0,0,0,0,0,0,0,0
2013-07-15 13:30:00+00:00,60,7,13,393.11993408203125,263.0262451171875,0,0,0,0,0,0,0,0,0,0,0,0,0,0,0,0,0,0,0,0,0,0,0,0,0
2013-07-15 13:30:00+00:00,60,7,13,51.12745666503906,7.015217304229736,0,0,0,0,0,0,0,1,1,1,1,1,1,1,1,1,1,1,1,1,1,1,1,1,1
2013-07-15 13:30:00+00:00,60,7,13,,,0,0,0,0,0,0,0,0,0,0,0,0,0,0,0,0,0,0,0,0,0,0,0,0,0
2013-07-15 13:30:00+00:00,60,7,13,,205.518310546875,0,0,0,0,0,0,0,0,0,0,0,0,0,0,0,0,0,0,0,0,0,0,0,0,0
2013-07-15 13:30:00+00:00,60,7,13,337.27764892578125,155.6042022705078,0,0,0,0,0,0,0,0,0,0,0,0,0,0,0,0,1,0,0,0,0,0,0,0,0
2013-07-15 13:30:00+00:00,60,7,13,355.4773254394531,165.56292724609375,0,0,0,0,0,0,0,0,0,0,0,0,0,0,0,0,0,0,0,0,0,0,0,0,0
2013-07-15 13:30:00+00:00,60,7,13,334.05462646484375,159.28024291992188,0,0,0,0,0,0,0,0,0,0,0,0,0,0,0,0,1,0,0,0,0,0,0,0,0
2013-07-15 13:30:00+00:00,60,7,13,,,0,0,0,0,0,0,0,0,0,0,0,0,0,0,0,0,0,0,0,0,0,0,0,0,0
2013-07-15 13:30:00+00:00,60,7,13,98.62045288085938,130.9940948486328,0,0,0,0,0,0,0,0,0,1,1,1,1,1,1,1,1,0,0,0,0,0,0,0,0
2013-07-15 13:30:00+00:00,60,7,13,28.94075584411621,3.1735146045684814,0,0,0,0,1,1,1,1,1,1,1,1,1,1,1,1,1,1,1,1,1,1,1,1,1
2013-07-15 13:30:00+00:00,60,7,13,79.78997039794922,0.0,0,0,0,0,0,0,0,0,1,1,1,1,1,1,1,1,1,1,1,1,1,1,1,1,1
2013-07-15 13:30:00+00:00,60,7,13,240.37716674804688,211.54978942871094,0,0,0,0,0,0,0,0,0,0,0,0,0,0,1,1,1,0,0,0,0,0,0,0,0
2013-07-15 13:30:00+00:00,60,7,13,,,0,0,0,0,0,0,0,0,0,0,0,0,0,0,0,0,0,0,0,0,0,0,0,0,0
2013-07-15 13:45:00+00:00,60,7,13,264.3529052734375,169.78884887695312,0,0,0,0,0,0,0,0,0,0,0,0,0,0,0,1,1,0,0,0,0,0,0,0,0
2013-07-15 13:45:00+00:00,60,7,13,308.8401794433594,282.2902526855469,0,0,0,0,0,0,0,0,0,0,0,0,0,0,0,0,1,0,0,0,0,0,0,0,0
2013-07-15 13:45:00+00:00,60,7,13,226.53195190429688,,0,0,0,0,0,0,0,0,0,0,0,0,0,0,1,1,1,0,0,0,0,0,0,0,0
2013-07-15 13:45:00+00:00,60,7,13,375.72119140625,271.87652587890625,0,0,0,0,0,0,0,0,0,0,0,0,0,0,0,0,0,0,0,0,0,0,0,0,0
2013-07-15 13:45:00+00:00,60,7,13,,,0,0,0,0,0,0,0,0,0,0,0,0,0,0,0,0,0,0,0,0,0,0,0,0,0
2013-07-15 13:45:00+00:00,60,7,13,,,0,0,0,0,0,0,0,0,0,0,0,0,0,0,0,0,0,0,0,0,0,0,0,0,0
2013-07-15 13:45:00+00:00,60,7,13,236.52723693847656,266.5135498046875,0,0,0,0,0,0,0,0,0,0,0,0,0,0,1,1,1,0,0,0,0,0,0,0,0
2013-07-15 13:45:00+00:00,60,7,13,48.565677642822266,30.271991729736328,0,0,0,0,0,0,1,1,1,1,1,1,1,1,1,1,1,0,0,0,0,0,1,1,1
2013-07-15 13:45:00+00:00,60,7,13,36.15065383911133,,0,0,0,0,0,1,1,1,1,1,1,1,1,1,1,1,1,0,0,0,0,0,0,0,0
2013-07-15 14:00:00+00:00,60,7,14,,,0,0,0,0,0,0,0,0,0,0,0,0,0,0,0,0,0,0,0,0,0,0,0,0,0
2013-07-15 14:00:00+00:00,60,7,14,219.7530975341797,226.63670349121094,0,0,0,0,0,0,0,0,0,0,0,0,0,0,1,1,1,0,0,0,0,0,0,0,0
2013-07-15 14:00:00+00:00,60,7,14,142.51922607421875,295.3736267089844,0,0,0,0,0,0,0,0,0,0,0,1,1,1,1,1,1,0,0,0,0,0,0,0,0
2013-07-15 14:00:00+00:00,60,7,14,495.3189392089844,,0,0,0,0,0,0,0,0,0,0,0,0,0,0,0,0,0,0,0,0,0,0,0,0,0
2013-07-15 14:00:00+00:00,60,7,14,,316.7087097167969,0,0,0,0,0,0,0,0,0,0,0,0,0,0,0,0,0,0,0,0,0,0,0,0,0
2013-07-15 14:00:00+00:00,60,7,14,,288.2474670410156,0,0,0,0,0,0,0,0,0,0,0,0,0,0,0,0,0,0,0,0,0,0,0,0,0
2013-07-15 14:00:00+00:00,60,7,14,28.302467346191406,0.0,0,0,0,0,1,1,1,1,1,1,1,1,1,1,1,1,1,1,1,1,1,1,1,1,1
2013-07-15 14:00:00+00:00,60,7,14,39.13200378417969,4.656661510467529,0,0,0,0,0,1,1,1,1,1,1,1,1,1,1,1,1,1,1,1,1,1,1,1,1
2013-07-15 14:00:00+00:00,60,7,14,192.0939178466797,106.9254379272461,0,0,0,0,0,0,0,0,0,0,0,0,0,1,1,1,1,0,0,0,0,0,0,0,0
2013-07-15 14:00:00+00:00,60,7,14,,4.3809075355529785,0,0,0,0,0,0,0,0,0,0,0,0,0,0,0,0,0,1,1,1,1,1,1,1,1
2013-07-15 14:00:00+00:00,60,7,14,239.885498046875,128.12106323242188,0,0,0,0,0,0,0,0,0,0,0,0,0,0,1,1,1,0,0,0,0,0,0,0,0
2013-07-15 14:00:00+00:00,60,7,14,,11.343657493591309,0,0,0,0,0,0,0,0,0,0,0,0,0,0,0,0,0,0,1,1,1,1,1,1,1
2013-07-15 14:00:00+00:00,60,7,14,,,0,0,0,0,0,0,0,0,0,0,0,0,0,0,0,0,0,0,0,0,0,0,0,0,0
2013-07-15 14:15:00+00:00,60,7,14,238.2874755859375,15.4732666015625,0,0,0,0,0,0,0,0,0,0,0,0,0,0,1,1,1,0,0,1,1,1,1,1,1
2013-07-15 14:15:00+00:00,60,7,14,344.76531982421875,216.89825439453125,0,0,0,0,0,0,0,0,0,0,0,0,0,0,0,0,1,0,0,0,0,0,0,0,0
2013-07-15 14:15:00+00:00,60,7,14,205.33355712890625,75.9070816040039,0,0,0,0,0,0,0,0,0,0,0,0,0,0,1,1,1,0,0,0,0,0,0,0,0
2013-07-15 14:15:00+00:00,60,7,14,256.8582763671875,,0,0,0,0,0,0,0,0,0,0,0,0,0,0,0,1,1,0,0,0,0,0,0,0,0
2013-07-15 14:15:00+00:00,60,7,14,231.15560913085938,,0,0,0,0,0,0,0,0,0,0,0,0,0,0,1,1,1,0,0,0,0,0,0,0,0
2013-07-15 14:15:00+00:00,60,7,14,285.79595947265625,,0,0,0,0,0,0,0,0,0,0,0,0,0,0,0,1,1,0,0,0,0,0,0,0,0
2013-07-15 14:15:00+00:00,60,7,14,,9.264626502990723,0,0,0,0,0,0,0,0,0,0,0,0,0,0,0,0,0,1,1,1,1,1,1,1,1
2013-07-15 14:15:00+00:00,60,7,14,49.543331146240234,81.36576080322266,0,0,0,0,0,0,1,1,1,1,1,1,1,1,1,1,1,0,0,0,0,0,0,0,0
2013-07-15 14:15:00+00:00,60,7,14,158.17410278320312,193.4837646484375,0,0,0,0,0,0,0,0,0,0,0,0,1,1,1,1,1,0,0,0,0,0,0,0,0
2013-07-15 14:15:00+00:00,60,7,14,126.51368713378906,57.98040008544922,0,0,0,0,0,0,0,0,0,0,0,1,1,1,1,1,1,0,0,0,0,0,0,0,1
2013-07-15 14:15:00+00:00,60,7,14,266.946533203125,3.1856231689453125,0,0,0,0,0,0,0,0,0,0,0,0,0,0,0,1,1,1,1,1,1,1,1,1,1
2013-07-15 14:15:00+00:00,60,7,14,,,0,0,0,0,0,0,0,0,0,0,0,0,0,0,0,0,0,0,0,0,0,0,0,0,0
2013-07-15 14:30:00+00:00,60,7,14,,,0,0,0,0,0,0,0,0,0,0,0,0,0,0,0,0,0,0,0,0,0,0,0,0,0
2013-07-15 14:30:00+00:00,60,7,14,306.84185791015625,270.78839111328125,0,0,0,0,0,0,0,0,0,0,0,0,0,0,0,0,1,0,0,0,0,0,0,0,0
2013-07-15 14:30:00+00:00,60,7,14,,,0,0,0,0,0,0,0,0,0,0,0,0,0,0,0,0,0,0,0,0,0,0,0,0,0
2013-07-15 14:30:00+00:00,60,7,14,,,0,0,0,0,0,0,0,0,0,0,0,0,0,0,0,0,0,0,0,0,0,0,0,0,0
2013-07-15 14:30:00+00:00,60,7,14,113.94258117675781,0.0,0,0,0,0,0,0,0,0,0,0,1,1,1,1,1,1,1,1,1,1,1,1,1,1,1
2013-07-15 14:30:00+00:00,60,7,14,44.49779510498047,65.27953338623047,0,0,0,0,0,0,1,1,1,1,1,1,1,1,1,1,1,0,0,0,0,0,0,0,0
2013-07-15 14:30:00+00:00,60,7,14,79.6178970336914,71.08747863769531,0,0,0,0,0,0,0,0,1,1,1,1,1,1,1,1,1,0,0,0,0,0,0,0,0
2013-07-15 14:30:00+00:00,60,7,14,47.87155532836914,41.297813415527344,0,0,0,0,0,0,1,1,1,1,1,1,1,1,1,1,1,0,0,0,0,0,0,1,1
2013-07-15 14:30:00+00:00,60,7,14,,48.56113052368164,0,0,0,0,0,0,0,0,0,0,0,0,0,0,0,0,0,0,0,0,0,0,0,1,1
2013-07-15 14:30:00+00:00,60,7,14,,,0,0,0,0,0,0,0,0,0,0,0,0,0,0,0,0,0,0,0,0,0,0,0,0,0
2013-07-15 14:45:00+00:00,60,7,14,,,0,0,0,0,0,0,0,0,0,0,0,0,0,0,0,0,0,0,0,0,0,0,0,0,0
2013-07-15 14:45:00+00:00,60,7,14,,,0,0,0,0,0,0,0,0,0,0,0,0,0,0,0,0,0,0,0,0,0,0,0,0,0
2013-07-15 14:45:00+00:00,60,7,14,98.37370300292969,312.88201904296875,0,0,0,0,0,0,0,0,0,1,1,1,1,1,1,1,1,0,0,0,0,0,0,0,0
2013-07-15 14:45:00+00:00,60,7,14,228.22817993164062,51.53044128417969,0,0,0,0,0,0,0,0,0,0,0,0,0,0,1,1,1,0,0,0,0,0,0,0,1
2013-07-15 14:45:00+00:00,60,7,14,,,0,0,0,0,0,0,0,0,0,0,0,0,0,0,0,0,0,0,0,0,0,0,0,0,0
2013-07-15 14:45:00+00:00,60,7,14,225.2991180419922,,0,0,0,0,0,0,0,0,0,0,0,0,0,0,1,1,1,0,0,0,0,0,0,0,0
2013-07-15 14:45:00+00:00,60,7,14,246.12977600097656,,0,0,0,0,0,0,0,0,0,0,0,0,0,0,1,1,1,0,0,0,0,0,0,0,0
2013-07-15 14:45:00+00:00,60,7,14,295.37603759765625,,0,0,0,0,0,0,0,0,0,0,0,0,0,0,0,1,1,0,0,0,0,0,0,0,0
2013-07-15 14:45:00+00:00,60,7,14,413.9331970214844,393.7479553222656,0,0,0,0,0,0,0,0,0,0,0,0,0,0,0,0,0,0,0,0,0,0,0,0,0
2013-07-15 14:45:00+00:00,60,7,14,88.26913452148438,73.44835662841797,0,0,0,0,0,0,0,0,0,1,1,1,1,1,1,1,1,0,0,0,0,0,0,0,0
2013-07-15 14:45:00+00:00,60,7,14,383.8025817871094,340.346923828125,0,0,0,0,0,0,0,0,0,0,0,0,0,0,0,0,0,0,0,0,0,0,0,0,0
2013-07-15 14:45:00+00:00,60,7,14,311.1989440917969,128.3443603515625,0,0,0,0,0,0,0,0,0,0,0,0,0,0,0,0,1,0,0,0,0,0,0,0,0
2013-07-15 14:45:00+00:00,60,7,14,228.9712677001953,352.09185791015625,0,0,0,0,0,0,0,0,0,0,0,0,0,0,1,1,1,0,0,0,0,0,0,0,0
2013-07-15 14:45:00+00:00,60,7,14,273.3464050292969,368.46710205078125,0,0,0,0,0,0,0,0,0,0,0,0,0,0,0,1,1,0,0,0,0,0,0,0,0
2013-07-15 14:45:00+00:00,60,7,14,89.23626708984375,33.78756332397461,0,0,0,0,0,0,0,0,0,1,1,1,1,1,1,1,1,0,0,0,0,0,1,1,1
2013-07-15 14:45:00+00:00,60,7,14,154.048583984375,35.17203140258789,0,0,0,0,0,0,0,0,0,0,0,0,1,1,1,1,1,0,0,0,0,0,1,1,1
2013-07-15 14:45:00+00:00,60,7,14,84.5383071899414,98.620361328125,0,0,0,0,0,0,0,0,0,1,1,1,1,1,1,1,1,0,0,0,0,0,0,0,0
2013-07-15 14:45:00+00:00,60,7,14,60.152225494384766,8.59212589263916,0,0,0,0,0,0,0,0,1,1,1,1,1,1,1,1,1,1,1,1,1,1,1,1,1
2013-07-15 14:45:00+00:00,60,7,14,,266.26556396484375,0,0,0,0,0,0,0,0,0,0,0,0,0,0,0,0,0,0,0,0,0,0,0,0,0
2013-07-15 14:45:00+00:00,60,7,14,,315.77374267578125,0,0,0,0,0,0,0,0,0,0,0,0,0,0,0,0,0,0,0,0,0,0,0,0,0
2013-07-15 14:45:00+00:00,60,7,14,,343.7339782714844,0,0,0,0,0,0,0,0,0,0,0,0,0,0,0,0,0,0,0,0,0,0,0,0,0
2013-07-15 15:00:00+00:00,60,7,15,262.1795654296875,,0,0,0,0,0,0,0,0,0,0,0,0,0,0,0,1,1,0,0,0,0,0,0,0,0
2013-07-15 15:00:00+00:00,60,7,15,60.128868103027344,6.8192596435546875,0,0,0,0,0,0,0,0,1,1,1,1,1,1,1,1,1,1,1,1,1,1,1,1,1
2013-07-15 15:00:00+00:00,60,7,15,119.14191436767578,170.40219116210938,0,0,0,0,0,0,0,0,0,0,1,1,1,1,1,1,1,0,0,0,0,0,0,0,0
2013-07-15 15:00:00+00:00,60,7,15,38.90329360961914,77.24008178710938,0,0,0,0,0,1,1,1,1,1,1,1,1,1,1,1,1,0,0,0,0,0,0,0,0
2013-07-15 15:00:00+00:00,60,7,15,44.87746047973633,6.078676700592041,0,0,0,0,0,0,1,1,1,1,1,1,1,1,1,1,1,1,1,1,1,1,1,1,1
2013-07-15 15:00:00+00:00,60,7,15,,,0,0,0,0,0,0,0,0,0,0,0,0,0,0,0,0,0,0,0,0,0,0,0,0,0
2013-07-15 15:00:00+00:00,60,7,15,,,0,0,0,0,0,0,0,0,0,0,0,0,0,0,0,0,0,0,0,0,0,0,0,0,0
2013-07-15 15:15:00+00:00,60,7,15,418.26910400390625,,0,0,0,0,0,0,0,0,0,0,0,0,0,0,0,0,0,0,0,0,0,0,0,0,0
2013-07-15 15:15:00+00:00,60,7,15,,,0,0,0,0,0,0,0,0,0,0,0,0,0,0,0,0,0,0,0,0,0,0,0,0,0
2013-07-15 15:15:00+00:00,60,7,15,133.0592041015625,,0,0,0,0,0,0,0,0,0,0,0,1,1,1,1,1,1,0,0,0,0,0,0,0,0
2013-07-15 15:15:00+00:00,60,7,15,254.47845458984375,,0,0,0,0,0,0,0,0,0,0,0,0,0,0,0,1,1,0,0,0,0,0,0,0,0
2013-07-15 15:15:00+00:00,60,7,15,240.5195770263672,398.3309326171875,0,0,0,0,0,0,0,0,0,0,0,0,0,0,1,1,1,0,0,0,0,0,0,0,0
2013-07-15 15:15:00+00:00,60,7,15,392.2760009765625,418.1352233886719,0,0,0,0,0,0,0,0,0,0,0,0,0,0,0,0,0,0,0,0,0,0,0,0,0
2013-07-15 15:15:00+00:00,60,7,15,33.95221710205078,3.1626341342926025,0,0,0,0,0,1,1,1,1,1,1,1,1,1,1,1,1,1,1,1,1,1,1,1,1
2013-07-15 15:15:00+00:00,60,7,15,81.3641586303711,232.8181915283203,0,0,0,0,0,0,0,0,0,1,1,1,1,1,1,1,1,0,0,0,0,0,0,0,0
2013-07-15 15:15:00+00:00,60,7,15,119.04727172851562,167.92922973632812,0,0,0,0,0,0,0,0,0,0,1,1,1,1,1,1,1,0,0,0,0,0,0,0,0
2013-07-15 15:30:00+00:00,60,7,15,335.9969482421875,364.864990234375,0,0,0,0,0,0,0,0,0,0,0,0,0,0,0,0,1,0,0,0,0,0,0,0,0
2013-07-15 15:30:00+00:00,60,7,15,,316.77105712890625,0,0,0,0,0,0,0,0,0,0,0,0,0,0,0,0,0,0,0,0,0,0,0,0,0
2013-07-15 15:30:00+00:00,60,7,15,375.9703063964844,217.0042266845703,0,0,0,0,0,0,0,0,0,0,0,0,0,0,0,0,0,0,0,0,0,0,0,0,0
2013-07-15 15:30:00+00:00,60,7,15,228.7209930419922,205.04234313964844,0,0,0,0,0,0,0,0,0,0,0,0,0,0,1,1,1,0,0,0,0,0,0,0,0
2013-07-15 15:30:00+00:00,60,7,15,46.46871566772461,12.966387748718262,0,0,0,0,0,0,1,1,1,1,1,1,1,1,1,1,1,0,1,1,1,1,1,1,1
2013-07-15 15:30:00+00:00,60,7,15,40.264034271240234,0.0,0,0,0,0,0,0,1,1,1,1,1,1,1,1,1,1,1,1,1,1,1,1,1,1,1
2013-07-15 15:30:00+00:00,60,7,15,205.17152404785156,76.12596130371094,0,0,0,0,0,0,0,0,0,0,0,0,0,0,1,1,1,0,0,0,0,0,0,0,0
2013-07-15 15:30:00+00:00,60,7,15,56.38196563720703,125.05729675292969,0,0,0,0,0,0,0,1,1,1,1,1,1,1,1,1,1,0,0,0,0,0,0,0,0
2013-07-15 15:30:00+00:00,60,7,15,94.07195281982422,121.11216735839844,0,0,0,0,0,0,0,0,0,1,1,1,1,1,1,1,1,0,0,0,0,0,0,0,0
2013-07-15 15:45:00+00:00,60,7,15,,,0,0,0,0,0,0,0,0,0,0,0,0,0,0,0,0,0,0,0,0,0,0,0,0,0
2013-07-15 15:45:00+00:00,60,7,15,165.62266540527344,77.86541748046875,0,0,0,0,0,0,0,0,0,0,0,0,1,1,1,1,1,0,0,0,0,0,0,0,0
2013-07-15 15:45:00+00:00,60,7,15,,,0,0,0,0,0,0,0,0,0,0,0,0,0,0,0,0,0,0,0,0,0,0,0,0,0
2013-07-15 15:45:00+00:00,60,7,15,,187.61700439453125,0,0,0,0,0,0,0,0,0,0,0,0,0,0,0,0,0,0,0,0,0,0,0,0,0
2013-07-15 15:45:00+00:00,60,7,15,,166.5608673095703,0,0,0,0,0,0,0,0,0,0,0,0,0,0,0,0,0,0,0,0,0,0,0,0,0
2013-07-15 15:45:00+00:00,60,7,15,95.58626556396484,13.374180793762207,0,0,0,0,0,0,0,0,0,1,1,1,1,1,1,1,1,0,1,1,1,1,1,1,1
2013-07-15 15:45:00+00:00,60,7,15,254.6142578125,275.888671875,0,0,0,0,0,0,0,0,0,0,0,0,0,0,0,1,1,0,0,0,0,0,0,0,0
2013-07-15 15:45:00+00:00,60,7,15,79.10952758789062,87.7881088256836,0,0,0,0,0,0,0,0,1,1,1,1,1,1,1,1,1,0,0,0,0,0,0,0,0
2013-07-15 15:45:00+00:00,60,7,15,,345.7822265625,0,0,0,0,0,0,0,0,0,0,0,0,0,0,0,0,0,0,0,0,0,0,0,0,0
2013-07-15 16:00:00+00:00,60,7,16,515.2167358398438,,0,0,0,0,0,0,0,0,0,0,0,0,0,0,0,0,0,0,0,0,0,0,0,0,0
2013-07-15 16:00:00+00:00,60,7,16,247.4380340576172,280.09320068359375,0,0,0,0,0,0,0,0,0,0,0,0,0,0,1,1,1,0,0,0,0,0,0,0,0
2013-07-15 16:00:00+00:00,60,7,16,285.23779296875,74.32915496826172,0,0,0,0,0,0,0,0,0,0,0,0,0,0,0,1,1,0,0,0,0,0,0,0,0
2013-07-15 16:00:00+00:00,60,7,16,,,0,0,0,0,0,0,0,0,0,0,0,0,0,0,0,0,0,0,0,0,0,0,0,0,0
2013-07-15 16:00:00+00:00,60,7,16,221.26235961914062,219.65780639648438,0,0,0,0,0,0,0,0,0,0,0,0,0,0,1,1,1,0,0,0,0,0,0,0,0
2013-07-15 16:00:00+00:00,60,7,16,139.08042907714844,126.29335021972656,0,0,0,0,0,0,0,0,0,0,0,1,1,1,1,1,1,0,0,0,0,0,0,0,0
2013-07-15 16:00:00+00:00,60,7,16,82.92591857910156,120.98363494873047,0,0,0,0,0,0,0,0,0,1,1,1,1,1,1,1,1,0,0,0,0,0,0,0,0
2013-07-15 16:15:00+00:00,60,7,16,,109.16340637207031,0,0,0,0,0,0,0,0,0,0,0,0,0,0,0,0,0,0,0,0,0,0,0,0,0
2013-07-15 16:15:00+00:00,60,7,16,456.5544738769531,,0,0,0,0,0,0,0,0,0,0,0,0,0,0,0,0,0,0,0,0,0,0,0,0,0
2013-07-15 16:15:00+00:00,60,7,16,311.86566162109375,153.62652587890625,0,0,0,0,0,0,0,0,0,0,0,0,0,0,0,0,1,0,0,0,0,0,0,0,0
2013-07-15 16:15:00+00:00,60,7,16,,334.05413818359375,0,0,0,0,0,0,0,0,0,0,0,0,0,0,0,0,0,0,0,0,0,0,0,0,0
2013-07-15 16:30:00+00:00,60,7,16,,,0,0,0,0,0,0,0,0,0,0,0,0,0,0,0,0,0,0,0,0,0,0,0,0,0
2013-07-15 16:30:00+00:00,60,7,16,,122.07122039794922,0,0,0,0,0,0,0,0,0,0,0,0,0,0,0,0,0,0,0,0,0,0,0,0,0
2013-07-15 16:30:00+00:00,60,7,16,201.21812438964844,351.06121826171875,0,0,0,0,0,0,0,0,0,0,0,0,0,0,1,1,1,0,0,0,0,0,0,0,0
2013-07-15 16:30:00+00:00,60,7,16,229.59877014160156,153.50511169433594,0,0,0,0,0,0,0,0,0,0,0,0,0,0,1,1,1,0,0,0,0,0,0,0,0
2013-07-15 16:30:00+00:00,60,7,16,,,0,0,0,0,0,0,0,0,0,0,0,0,0,0,0,0,0,0,0,0,0,0,0,0,0
2013-07-15 16:45:00+00:00,60,7,16,446.0784606933594,0.0,0,0,0,0,0,0,0,0,0,0,0,0,0,0,0,0,0,1,1,1,1,1,1,1,1
2013-07-15 16:45:00+00:00,60,7,16,,142.96249389648438,0,0,0,0,0,0,0,0,0,0,0,0,0,0,0,0,0,0,0,0,0,0,0,0,0
2013-07-15 16:45:00+00:00,60,7,16,,36.3568229675293,0,0,0,0,0,0,0,0,0,0,0,0,0,0,0,0,0,0,0,0,0,0,1,1,1
2013-07-15 16:45:00+00:00,60,7,16,195.55633544921875,333.6410827636719,0,0,0,0,0,0,0,0,0,0,0,0,0,1,1,1,1,0,0,0,0,0,0,0,0
2013-07-15 16:45:00+00:00,60,7,16,367.1321716308594,9.532693862915039,0,0,0,0,0,0,0,0,0,0,0,0,0,0,0,0,0,1,1,1,1,1,1,1,1
2013-07-15 16:45:00+00:00,60,7,16,,,0,0,0,0,0,0,0,0,0,0,0,0,0,0,0,0,0,0,0,0,0,0,0,0,0
2013-07-15 17:00:00+00:00,60,7,17,,,0,0,0,0,0,0,0,0,0,0,0,0,0,0,0,0,0,0,0,0,0,0,0,0,0
2013-07-15 17:00:00+00:00,60,7,17,334.4750061035156,6.123602867126465,0,0,0,0,0,0,0,0,0,0,0,0,0,0,0,0,1,1,1,1,1,1,1,1,1
2013-07-15 17:00:00+00:00,60,7,17,179.11767578125,139.10015869140625,0,0,0,0,0,0,0,0,0,0,0,0,1,1,1,1,1,0,0,0,0,0,0,0,0
2013-07-15 17:00:00+00:00,60,7,17,160.20896911621094,320.7556457519531,0,0,0,0,0,0,0,0,0,0,0,0,1,1,1,1,1,0,0,0,0,0,0,0,0
2013-07-15 17:00:00+00:00,60,7,17,324.8241882324219,223.14480590820312,0,0,0,0,0,0,0,0,0,0,0,0,0,0,0,0,1,0,0,0,0,0,0,0,0
2013-07-15 17:00:00+00:00,60,7,17,342.1934814453125,246.61952209472656,0,0,0,0,0,0,0,0,0,0,0,0,0,0,0,0,1,0,0,0,0,0,0,0,0
2013-07-15 17:00:00+00:00,60,7,17,79.70423889160156,25.01406478881836,0,0,0,0,0,0,0,0,1,1,1,1,1,1,1,1,1,0,0,0,0,1,1,1,1
2013-07-15 17:00:00+00:00,60,7,17,,,0,0,0,0,0,0,0,0,0,0,0,0,0,0,0,0,0,0,0,0,0,0,0,0,0
2013-07-15 17:15:00+00:00,60,7,17,,3.5056424140930176,0,0,0,0,0,0,0,0,0,0,0,0,0,0,0,0,0,1,1,1,1,1,1,1,1
2013-07-15 17:15:00+00:00,60,7,17,455.8461608886719,413.6741027832031,0,0,0,0,0,0,0,0,0,0,0,0,0,0,0,0,0,0,0,0,0,0,0,0,0
2013-07-15 17:15:00+00:00,60,7,17,181.54443359375,311.5240783691406,0,0,0,0,0,0,0,0,0,0,0,0,0,1,1,1,1,0,0,0,0,0,0,0,0
2013-07-15 17:15:00+00:00,60,7,17,,,0,0,0,0,0,0,0,0,0,0,0,0,0,0,0,0,0,0,0,0,0,0,0,0,0
2013-07-15 17:15:00+00:00,60,7,17,137.58604431152344,153.73931884765625,0,0,0,0,0,0,0,0,0,0,0,1,1,1,1,1,1,0,0,0,0,0,0,0,0
2013-07-15 17:30:00+00:00,60,7,17,123.26521301269531,140.07766723632812,0,0,0,0,0,0,0,0,0,0,0,1,1,1,1,1,1,0,0,0,0,0,0,0,0
2013-07-15 17:30:00+00:00,60,7,17,403.2720947265625,,0,0,0,0,0,0,0,0,0,0,0,0,0,0,0,0,0,0,0,0,0,0,0,0,0
2013-07-15 17:30:00+00:00,60,7,17,193.9869842529297,137.5949249267578,0,0,0,0,0,0,0,0,0,0,0,0,0,1,1,1,1,0,0,0,0,0,0,0,0
2013-07-15 17:30:00+00:00,60,7,17,383.2146911621094,426.1106262207031,0,0,0,0,0,0,0,0,0,0,0,0,0,0,0,0,0,0,0,0,0,0,0,0,0
2013-07-15 17:30:00+00:00,60,7,17,97.38543701171875,51.98324203491211,0,0,0,0,0,0,0,0,0,1,1,1,1,1,1,1,1,0,0,0,0,0,0,0,1
2013-07-15 17:45:00+00:00,60,7,17,162.07540893554688,152.70535278320312,0,0,0,0,0,0,0,0,0,0,0,0,1,1,1,1,1,0,0,0,0,0,0,0,0
2013-07-15 17:45:00+00:00,60,7,17,224.66152954101562,195.23240661621094,0,0,0,0,0,0,0,0,0,0,0,0,0,0,1,1,1,0,0,0,0,0,0,0,0
2013-07-16 10:00:00+00:00,60,7,10,,,0,0,0,0,0,0,0,0,0,0,0,0,0,0,0,0,0,0,0,0,0,0,0,0,0
2013-07-16 10:00:00+00:00,60,7,10,,9.945749282836914,0,0,0,0,0,0,0,0,0,0,0,0,0,0,0,0,0,1,1,1,1,1,1,1,1
2013-07-16 10:00:00+00:00,60,7,10,,36.34899139404297,0,0,0,0,0,0,0,0,0,0,0,0,0,0,0,0,0,0,0,0,0,0,1,1,1
2013-07-16 10:15:00+00:00,60,7,10,,,0,0,0,0,0,0,0,0,0,0,0,0,0,0,0,0,0,0,0,0,0,0,0,0,0
2013-07-16 10:15:00+00:00,60,7,10,,,0,0,0,0,0,0,0,0,0,0,0,0,0,0,0,0,0,0,0,0,0,0,0,0,0
2013-07-16 10:15:00+00:00,60,7,10,,356.6329040527344,0,0,0,0,0,0,0,0,0,0,0,0,0,0,0,0,0,0,0,0,0,0,0,0,0
2013-07-16 10:15:00+00:00,60,7,10,,,0,0,0,0,0,0,0,0,0,0,0,0,0,0,0,0,0,0,0,0,0,0,0,0,0
2013-07-16 10:15:00+00:00,60,7,10,,36.321044921875,0,0,0,0,0,0,0,0,0,0,0,0,0,0,0,0,0,0,0,0,0,0,1,1,1
2013-07-16 10:15:00+00:00,60,7,10,,16.67593765258789,0,0,0,0,0,0,0,0,0,0,0,0,0,0,0,0,0,0,0,1,1,1,1,1,1
2013-07-16 10:15:00+00:00,60,7,10,,505.8822021484375,0,0,0,0,0,0,0,0,0,0,0,0,0,0,0,0,0,0,0,0,0,0,0,0,0
2013-07-16 10:15:00+00:00,60,7,10,,,0,0,0,0,0,0,0,0,0,0,0,0,0,0,0,0,0,0,0,0,0,0,0,0,0
2013-07-16 10:30:00+00:00,60,7,10,,,0,0,0,0,0,0,0,0,0,0,0,0,0,0,0,0,0,0,0,0,0,0,0,0,0
2013-07-16 10:30:00+00:00,60,7,10,,619.2593383789062,0,0,0,0,0,0,0,0,0,0,0,0,0,0,0,0,0,0,0,0,0,0,0,0,0
2013-07-16 10:30:00+00:00,60,7,10,,,0,0,0,0,0,0,0,0,0,0,0,0,0,0,0,0,0,0,0,0,0,0,0,0,0
2013-07-16 10:45:00+00:00,60,7,10,,348.29412841796875,0,0,0,0,0,0,0,0,0,0,0,0,0,0,0,0,0,0,0,0,0,0,0,0,0
2013-07-16 10:45:00+00:00,60,7,10,,,0,0,0,0,0,0,0,0,0,0,0,0,0,0,0,0,0,0,0,0,0,0,0,0,0
2013-07-16 10:45:00+00:00,60,7,10,,643.0172119140625,0,0,0,0,0,0,0,0,0,0,0,0,0,0,0,0,0,0,0,0,0,0,0,0,0
2013-07-16 11:00:00+00:00,60,7,11,,,0,0,0,0,0,0,0,0,0,0,0,0,0,0,0,0,0,0,0,0,0,0,0,0,0
2013-07-16 11:00:00+00:00,60,7,11,311.7190246582031,515.0956420898438,0,0,0,0,0,0,0,0,0,0,0,0,0,0,0,0,1,0,0,0,0,0,0,0,0
2013-07-16 11:00:00+00:00,60,7,11,238.14443969726562,433.8243713378906,0,0,0,0,0,0,0,0,0,0,0,0,0,0,1,1,1,0,0,0,0,0,0,0,0
2013-07-16 11:00:00+00:00,60,7,11,,426.5494689941406,0,0,0,0,0,0,0,0,0,0,0,0,0,0,0,0,0,0,0,0,0,0,0,0,0
2013-07-16 11:00:00+00:00,60,7,11,,,0,0,0,0,0,0,0,0,0,0,0,0,0,0,0,0,0,0,0,0,0,0,0,0,0
2013-07-16 11:00:00+00:00,60,7,11,,,0,0,0,0,0,0,0,0,0,0,0,0,0,0,0,0,0,0,0,0,0,0,0,0,0
2013-07-16 11:00:00+00:00,60,7,11,,,0,0,0,0,0,0,0,0,0,0,0,0,0,0,0,0,0,0,0,0,0,0,0,0,0
2013-07-16 11:00:00+00:00,60,7,11,613.8716430664062,533.100341796875,0,0,0,0,0,0,0,0,0,0,0,0,0,0,0,0,0,0,0,0,0,0,0,0,0
2013-07-16 11:15:00+00:00,60,7,11,,,0,0,0,0,0,0,0,0,0,0,0,0,0,0,0,0,0,0,0,0,0,0,0,0,0
2013-07-16 11:15:00+00:00,60,7,11,,,0,0,0,0,0,0,0,0,0,0,0,0,0,0,0,0,0,0,0,0,0,0,0,0,0
2013-07-16 11:15:00+00:00,60,7,11,,,0,0,0,0,0,0,0,0,0,0,0,0,0,0,0,0,0,0,0,0,0,0,0,0,0
2013-07-16 11:15:00+00:00,60,7,11,572.9194946289062,493.8982238769531,0,0,0,0,0,0,0,0,0,0,0,0,0,0,0,0,0,0,0,0,0,0,0,0,0
2013-07-16 11:15:00+00:00,60,7,11,,,0,0,0,0,0,0,0,0,0,0,0,0,0,0,0,0,0,0,0,0,0,0,0,0,0
2013-07-16 11:15:00+00:00,60,7,11,,,0,0,0,0,0,0,0,0,0,0,0,0,0,0,0,0,0,0,0,0,0,0,0,0,0
2013-07-16 11:30:00+00:00,60,7,11,339.4256286621094,45.61850357055664,0,0,0,0,0,0,0,0,0,0,0,0,0,0,0,0,1,0,0,0,0,0,0,1,1
2013-07-16 11:30:00+00:00,60,7,11,,,0,0,0,0,0,0,0,0,0,0,0,0,0,0,0,0,0,0,0,0,0,0,0,0,0
2013-07-16 11:30:00+00:00,60,7,11,,,0,0,0,0,0,0,0,0,0,0,0,0,0,0,0,0,0,0,0,0,0,0,0,0,0
2013-07-16 11:30:00+00:00,60,7,11,,,0,0,0,0,0,0,0,0,0,0,0,0,0,0,0,0,0,0,0,0,0,0,0,0,0
2013-07-16 11:30:00+00:00,60,7,11,,,0,0,0,0,0,0,0,0,0,0,0,0,0,0,0,0,0,0,0,0,0,0,0,0,0
2013-07-16 11:30:00+00:00,60,7,11,,102.44709777832031,0,0,0,0,0,0,0,0,0,0,0,0,0,0,0,0,0,0,0,0,0,0,0,0,0
2013-07-16 11:30:00+00:00,60,7,11,,193.93898010253906,0,0,0,0,0,0,0,0,0,0,0,0,0,0,0,0,0,0,0,0,0,0,0,0,0
2013-07-16 11:30:00+00:00,60,7,11,,63.36697769165039,0,0,0,0,0,0,0,0,0,0,0,0,0,0,0,0,0,0,0,0,0,0,0,0,0
2013-07-16 11:30:00+00:00,60,7,11,429.414794921875,357.6775207519531,0,0,0,0,0,0,0,0,0,0,0,0,0,0,0,0,0,0,0,0,0,0,0,0,0
2013-07-16 11:30:00+00:00,60,7,11,,,0,0,0,0,0,0,0,0,0,0,0,0,0,0,0,0,0,0,0,0,0,0,0,0,0
2013-07-16 11:30:00+00:00,60,7,11,785.3207397460938,809.4798583984375,0,0,0,0,0,0,0,0,0,0,0,0,0,0,0,0,0,0,0,0,0,0,0,0,0
2013-07-16 11:45:00+00:00,60,7,11,,290.8012390136719,0,0,0,0,0,0,0,0,0,0,0,0,0,0,0,0,0,0,0,0,0,0,0,0,0
2013-07-16 11:45:00+00:00,60,7,11,,27.46967124938965,0,0,0,0,0,0,0,0,0,0,0,0,0,0,0,0,0,0,0,0,0,1,1,1,1
2013-07-16 11:45:00+00:00,60,7,11,,,0,0,0,0,0,0,0,0,0,0,0,0,0,0,0,0,0,0,0,0,0,0,0,0,0
2013-07-16 11:45:00+00:00,60,7,11,,,0,0,0,0,0,0,0,0,0,0,0,0,0,0,0,0,0,0,0,0,0,0,0,0,0
2013-07-16 11:45:00+00:00,60,7,11,,0.0,0,0,0,0,0,0,0,0,0,0,0,0,0,0,0,0,0,1,1,1,1,1,1,1,1
2013-07-16 11:45:00+00:00,60,7,11,,,0,0,0,0,0,0,0,0,0,0,0,0,0,0,0,0,0,0,0,0,0,0,0,0,0
2013-07-16 11:45:00+00:00,60,7,11,,409.0147399902344,0,0,0,0,0,0,0,0,0,0,0,0,0,0,0,0,0,0,0,0,0,0,0,0,0
2013-07-16 11:45:00+00:00,60,7,11,,344.75555419921875,0,0,0,0,0,0,0,0,0,0,0,0,0,0,0,0,0,0,0,0,0,0,0,0,0
2013-07-16 11:45:00+00:00,60,7,11,,,0,0,0,0,0,0,0,0,0,0,0,0,0,0,0,0,0,0,0,0,0,0,0,0,0
2013-07-16 11:45:00+00:00,60,7,11,,472.0910339355469,0,0,0,0,0,0,0,0,0,0,0,0,0,0,0,0,0,0,0,0,0,0,0,0,0
2013-07-16 11:45:00+00:00,60,7,11,,298.5106201171875,0,0,0,0,0,0,0,0,0,0,0,0,0,0,0,0,0,0,0,0,0,0,0,0,0
2013-07-16 11:45:00+00:00,60,7,11,,,0,0,0,0,0,0,0,0,0,0,0,0,0,0,0,0,0,0,0,0,0,0,0,0,0
2013-07-16 11:45:00+00:00,60,7,11,,,0,0,0,0,0,0,0,0,0,0,0,0,0,0,0,0,0,0,0,0,0,0,0,0,0
2013-07-16 11:45:00+00:00,60,7,11,246.50885009765625,240.68882751464844,0,0,0,0,0,0,0,0,0,0,0,0,0,0,1,1,1,0,0,0,0,0,0,0,0
2013-07-16 12:00:00+00:00,60,7,12,,316.6542053222656,0,0,0,0,0,0,0,0,0,0,0,0,0,0,0,0,0,0,0,0,0,0,0,0,0
2013-07-16 12:00:00+00:00,60,7,12,,,0,0,0,0,0,0,0,0,0,0,0,0,0,0,0,0,0,0,0,0,0,0,0,0,0
2013-07-16 12:00:00+00:00,60,7,12,387.9957275390625,163.16299438476562,0,0,0,0,0,0,0,0,0,0,0,0,0,0,0,0,0,0,0,0,0,0,0,0,0
2013-07-16 12:00:00+00:00,60,7,12,,334.9432678222656,0,0,0,0,0,0,0,0,0,0,0,0,0,0,0,0,0,0,0,0,0,0,0,0,0
2013-07-16 12:00:00+00:00,60,7,12,,,0,0,0,0,0,0,0,0,0,0,0,0,0,0,0,0,0,0,0,0,0,0,0,0,0
2013-07-16 12:00:00+00:00,60,7,12,,,0,0,0,0,0,0,0,0,0,0,0,0,0,0,0,0,0,0,0,0,0,0,0,0,0
2013-07-16 12:00:00+00:00,60,7,12,,278.3212585449219,0,0,0,0,0,0,0,0,0,0,0,0,0,0,0,0,0,0,0,0,0,0,0,0,0
2013-07-16 12:00:00+00:00,60,7,12,,,0,0,0,0,0,0,0,0,0,0,0,0,0,0,0,0,0,0,0,0,0,0,0,0,0
2013-07-16 12:00:00+00:00,60,7,12,,260.6468811035156,0,0,0,0,0,0,0,0,0,0,0,0,0,0,0,0,0,0,0,0,0,0,0,0,0
2013-07-16 12:00:00+00:00,60,7,12,692.343505859375,122.15695190429688,0,0,0,0,0,0,0,0,0,0,0,0,0,0,0,0,0,0,0,0,0,0,0,0,0
2013-07-16 12:00:00+00:00,60,7,12,,52.517303466796875,0,0,0,0,0,0,0,0,0,0,0,0,0,0,0,0,0,0,0,0,0,0,0,0,1
2013-07-16 12:00:00+00:00,60,7,12,,186.5338134765625,0,0,0,0,0,0,0,0,0,0,0,0,0,0,0,0,0,0,0,0,0,0,0,0,0
2013-07-16 12:15:00+00:00,60,7,12,,,0,0,0,0,0,0,0,0,0,0,0,0,0,0,0,0,0,0,0,0,0,0,0,0,0
2013-07-16 12:15:00+00:00,60,7,12,,,0,0,0,0,0,0,0,0,0,0,0,0,0,0,0,0,0,0,0,0,0,0,0,0,0
2013-07-16 12:15:00+00:00,60,7,12,401.8971862792969,442.66607666015625,0,0,0,0,0,0,0,0,0,0,0,0,0,0,0,0,0,0,0,0,0,0,0,0,0
2013-07-16 12:15:00+00:00,60,7,12,,,0,0,0,0,0,0,0,0,0,0,0,0,0,0,0,0,0,0,0,0,0,0,0,0,0
2013-07-16 12:15:00+00:00,60,7,12,,,0,0,0,0,0,0,0,0,0,0,0,0,0,0,0,0,0,0,0,0,0,0,0,0,0
2013-07-16 12:15:00+00:00,60,7,12,,,0,0,0,0,0,0,0,0,0,0,0,0,0,0,0,0,0,0,0,0,0,0,0,0,0
2013-07-16 12:15:00+00:00,60,7,12,,,0,0,0,0,0,0,0,0,0,0,0,0,0,0,0,0,0,0,0,0,0,0,0,0,0
2013-07-16 12:15:00+00:00,60,7,12,,,0,0,0,0,0,0,0,0,0,0,0,0,0,0,0,0,0,0,0,0,0,0,0,0,0
2013-07-16 12:15:00+00:00,60,7,12,,,0,0,0,0,0,0,0,0,0,0,0,0,0,0,0,0,0,0,0,0,0,0,0,0,0
2013-07-16 12:15:00+00:00,60,7,12,370.0276794433594,,0,0,0,0,0,0,0,0,0,0,0,0,0,0,0,0,0,0,0,0,0,0,0,0,0
2013-07-16 12:15:00+00:00,60,7,12,,287.32373046875,0,0,0,0,0,0,0,0,0,0,0,0,0,0,0,0,0,0,0,0,0,0,0,0,0
2013-07-16 12:15:00+00:00,60,7,12,,149.78016662597656,0,0,0,0,0,0,0,0,0,0,0,0,0,0,0,0,0,0,0,0,0,0,0,0,0
2013-07-16 12:15:00+00:00,60,7,12,553.1818237304688,130.80003356933594,0,0,0,0,0,0,0,0,0,0,0,0,0,0,0,0,0,0,0,0,0,0,0,0,0
2013-07-16 12:15:00+00:00,60,7,12,454.4035339355469,112.26769256591797,0,0,0,0,0,0,0,0,0,0,0,0,0,0,0,0,0,0,0,0,0,0,0,0,0
2013-07-16 12:15:00+00:00,60,7,12,,,0,0,0,0,0,0,0,0,0,0,0,0,0,0,0,0,0,0,0,0,0,0,0,0,0
2013-07-16 12:15:00+00:00,60,7,12,,145.60940551757812,0,0,0,0,0,0,0,0,0,0,0,0,0,0,0,0,0,0,0,0,0,0,0,0,0
2013-07-16 12:15:00+00:00,60,7,12,420.423828125,357.22796630859375,0,0,0,0,0,0,0,0,0,0,0,0,0,0,0,0,0,0,0,0,0,0,0,0,0
2013-07-16 12:30:00+00:00,60,7,12,,,0,0,0,0,0,0,0,0,0,0,0,0,0,0,0,0,0,0,0,0,0,0,0,0,0
2013-07-16 12:30:00+00:00,60,7,12,,,0,0,0,0,0,0,0,0,0,0,0,0,0,0,0,0,0,0,0,0,0,0,0,0,0
2013-07-16 12:30:00+00:00,60,7,12,,242.9301300048828,0,0,0,0,0,0,0,0,0,0,0,0,0,0,0,0,0,0,0,0,0,0,0,0,0
2013-07-16 12:30:00+00:00,60,7,12,,308.8699645996094,0,0,0,0,0,0,0,0,0,0,0,0,0,0,0,0,0,0,0,0,0,0,0,0,0
2013-07-16 12:30:00+00:00,60,7,12,164.3321990966797,178.54232788085938,0,0,0,0,0,0,0,0,0,0,0,0,1,1,1,1,1,0,0,0,0,0,0,0,0
2013-07-16 12:30:00+00:00,60,7,12,,,0,0,0,0,0,0,0,0,0,0,0,0,0,0,0,0,0,0,0,0,0,0,0,0,0
2013-07-16 12:30:00+00:00,60,7,12,,,0,0,0,0,0,0,0,0,0,0,0,0,0,0,0,0,0,0,0,0,0,0,0,0,0
2013-07-16 12:30:00+00:00,60,7,12,247.42678833007812,386.24578857421875,0,0,0,0,0,0,0,0,0,0,0,0,0,0,1,1,1,0,0,0,0,0,0,0,0
2013-07-16 12:30:00+00:00,60,7,12,533.9406127929688,149.41845703125,0,0,0,0,0,0,0,0,0,0,0,0,0,0,0,0,0,0,0,0,0,0,0,0,0
2013-07-16 12:30:00+00:00,60,7,12,,,0,0,0,0,0,0,0,0,0,0,0,0,0,0,0,0,0,0,0,0,0,0,0,0,0
2013-07-16 12:30:00+00:00,60,7,12,593.5133056640625,697.9014282226562,0,0,0,0,0,0,0,0,0,0,0,0,0,0,0,0,0,0,0,0,0,0,0,0,0
2013-07-16 12:45:00+00:00,60,7,12,,,0,0,0,0,0,0,0,0,0,0,0,0,0,0,0,0,0,0,0,0,0,0,0,0,0
2013-07-16 12:45:00+00:00,60,7,12,,,0,0,0,0,0,0,0,0,0,0,0,0,0,0,0,0,0,0,0,0,0,0,0,0,0
2013-07-16 12:45:00+00:00,60,7,12,249.21148681640625,211.4403533935547,0,0,0,0,0,0,0,0,0,0,0,0,0,0,1,1,1,0,0,0,0,0,0,0,0
2013-07-16 12:45:00+00:00,60,7,12,,172.47386169433594,0,0,0,0,0,0,0,0,0,0,0,0,0,0,0,0,0,0,0,0,0,0,0,0,0
2013-07-16 12:45:00+00:00,60,7,12,,206.8305206298828,0,0,0,0,0,0,0,0,0,0,0,0,0,0,0,0,0,0,0,0,0,0,0,0,0
2013-07-16 12:45:00+00:00,60,7,12,,206.31919860839844,0,0,0,0,0,0,0,0,0,0,0,0,0,0,0,0,0,0,0,0,0,0,0,0,0
2013-07-16 12:45:00+00:00,60,7,12,,217.46624755859375,0,0,0,0,0,0,0,0,0,0,0,0,0,0,0,0,0,0,0,0,0,0,0,0,0
2013-07-16 12:45:00+00:00,60,7,12,,375.0379943847656,0,0,0,0,0,0,0,0,0,0,0,0,0,0,0,0,0,0,0,0,0,0,0,0,0
2013-07-16 12:45:00+00:00,60,7,12,,,0,0,0,0,0,0,0,0,0,0,0,0,0,0,0,0,0,0,0,0,0,0,0,0,0
2013-07-16 12:45:00+00:00,60,7,12,,,0,0,0,0,0,0,0,0,0,0,0,0,0,0,0,0,0,0,0,0,0,0,0,0,0
2013-07-16 12:45:00+00:00,60,7,12,,,0,0,0,0,0,0,0,0,0,0,0,0,0,0,0,0,0,0,0,0,0,0,0,0,0
2013-07-16 12:45:00+00:00,60,7,12,,,0,0,0,0,0,0,0,0,0,0,0,0,0,0,0,0,0,0,0,0,0,0,0,0,0
2013-07-16 12:45:00+00:00,60,7,12,,,0,0,0,0,0,0,0,0,0,0,0,0,0,0,0,0,0,0,0,0,0,0,0,0,0
2013-07-16 12:45:00+00:00,60,7,12,,,0,0,0,0,0,0,0,0,0,0,0,0,0,0,0,0,0,0,0,0,0,0,0,0,0
2013-07-16 12:45:00+00:00,60,7,12,,,0,0,0,0,0,0,0,0,0,0,0,0,0,0,0,0,0,0,0,0,0,0,0,0,0
2013-07-16 13:00:00+00:00,60,7,13,,,0,0,0,0,0,0,0,0,0,0,0,0,0,0,0,0,0,0,0,0,0,0,0,0,0
2013-07-16 13:00:00+00:00,60,7,13,272.2395324707031,323.25311279296875,0,0,0,0,0,0,0,0,0,0,0,0,0,0,0,1,1,0,0,0,0,0,0,0,0
2013-07-16 13:00:00+00:00,60,7,13,,,0,0,0,0,0,0,0,0,0,0,0,0,0,0,0,0,0,0,0,0,0,0,0,0,0
2013-07-16 13:00:00+00:00,60,7,13,,,0,0,0,0,0,0,0,0,0,0,0,0,0,0,0,0,0,0,0,0,0,0,0,0,0
2013-07-16 13:00:00+00:00,60,7,13,218.8550262451172,235.11505126953125,0,0,0,0,0,0,0,0,0,0,0,0,0,0,1,1,1,0,0,0,0,0,0,0,0
2013-07-16 13:00:00+00:00,60,7,13,157.0468292236328,130.89154052734375,0,0,0,0,0,0,0,0,0,0,0,0,1,1,1,1,1,0,0,0,0,0,0,0,0
2013-07-16 13:00:00+00:00,60,7,13,,,0,0,0,0,0,0,0,0,0,0,0,0,0,0,0,0,0,0,0,0,0,0,0,0,0
2013-07-16 13:00:00+00:00,60,7,13,270.5148620605469,263.5028076171875,0,0,0,0,0,0,0,0,0,0,0,0,0,0,0,1,1,0,0,0,0,0,0,0,0
2013-07-16 13:00:00+00:00,60,7,13,,,0,0,0,0,0,0,0,0,0,0,0,0,0,0,0,0,0,0,0,0,0,0,0,0,0
2013-07-16 13:00:00+00:00,60,7,13,325.01458740234375,330.2560119628906,0,0,0,0,0,0,0,0,0,0,0,0,0,0,0,0,1,0,0,0,0,0,0,0,0
2013-07-16 13:00:00+00:00,60,7,13,,,0,0,0,0,0,0,0,0,0,0,0,0,0,0,0,0,0,0,0,0,0,0,0,0,0
2013-07-16 13:00:00+00:00,60,7,13,,,0,0,0,0,0,0,0,0,0,0,0,0,0,0,0,0,0,0,0,0,0,0,0,0,0
2013-07-16 13:00:00+00:00,60,7,13,,,0,0,0,0,0,0,0,0,0,0,0,0,0,0,0,0,0,0,0,0,0,0,0,0,0
2013-07-16 13:00:00+00:00,60,7,13,212.55416870117188,232.190185546875,0,0,0,0,0,0,0,0,0,0,0,0,0,0,1,1,1,0,0,0,0,0,0,0,0
2013-07-16 13:00:00+00:00,60,7,13,370.9871826171875,485.951904296875,0,0,0,0,0,0,0,0,0,0,0,0,0,0,0,0,0,0,0,0,0,0,0,0,0
2013-07-16 13:00:00+00:00,60,7,13,866.0676879882812,,0,0,0,0,0,0,0,0,0,0,0,0,0,0,0,0,0,0,0,0,0,0,0,0,0
2013-07-16 13:15:00+00:00,60,7,13,491.6956787109375,533.95263671875,0,0,0,0,0,0,0,0,0,0,0,0,0,0,0,0,0,0,0,0,0,0,0,0,0
2013-07-16 13:15:00+00:00,60,7,13,362.7856750488281,398.1601257324219,0,0,0,0,0,0,0,0,0,0,0,0,0,0,0,0,0,0,0,0,0,0,0,0,0
2013-07-16 13:15:00+00:00,60,7,13,,59.04510498046875,0,0,0,0,0,0,0,0,0,0,0,0,0,0,0,0,0,0,0,0,0,0,0,0,1
2013-07-16 13:15:00+00:00,60,7,13,38.7521858215332,37.90035629272461,0,0,0,0,0,1,1,1,1,1,1,1,1,1,1,1,1,0,0,0,0,0,1,1,1
2013-07-16 13:15:00+00:00,60,7,13,,,0,0,0,0,0,0,0,0,0,0,0,0,0,0,0,0,0,0,0,0,0,0,0,0,0
2013-07-16 13:15:00+00:00,60,7,13,389.2434387207031,337.0235595703125,0,0,0,0,0,0,0,0,0,0,0,0,0,0,0,0,0,0,0,0,0,0,0,0,0
2013-07-16 13:15:00+00:00,60,7,13,323.2660217285156,120.01956176757812,0,0,0,0,0,0,0,0,0,0,0,0,0,0,0,0,1,0,0,0,0,0,0,0,0
2013-07-16 13:15:00+00:00,60,7,13,463.5869140625,327.48663330078125,0,0,0,0,0,0,0,0,0,0,0,0,0,0,0,0,0,0,0,0,0,0,0,0,0
2013-07-16 13:15:00+00:00,60,7,13,,,0,0,0,0,0,0,0,0,0,0,0,0,0,0,0,0,0,0,0,0,0,0,0,0,0
2013-07-16 13:15:00+00:00,60,7,13,,,0,0,0,0,0,0,0,0,0,0,0,0,0,0,0,0,0,0,0,0,0,0,0,0,0
2013-07-16 13:15:00+00:00,60,7,13,,,0,0,0,0,0,0,0,0,0,0,0,0,0,0,0,0,0,0,0,0,0,0,0,0,0
2013-07-16 13:15:00+00:00,60,7,13,,,0,0,0,0,0,0,0,0,0,0,0,0,0,0,0,0,0,0,0,0,0,0,0,0,0
2013-07-16 13:30:00+00:00,60,7,13,,,0,0,0,0,0,0,0,0,0,0,0,0,0,0,0,0,0,0,0,0,0,0,0,0,0
2013-07-16 13:30:00+00:00,60,7,13,,395.18536376953125,0,0,0,0,0,0,0,0,0,0,0,0,0,0,0,0,0,0,0,0,0,0,0,0,0
2013-07-16 13:30:00+00:00,60,7,13,302.0386047363281,,0,0,0,0,0,0,0,0,0,0,0,0,0,0,0,0,1,0,0,0,0,0,0,0,0
2013-07-16 13:30:00+00:00,60,7,13,,,0,0,0,0,0,0,0,0,0,0,0,0,0,0,0,0,0,0,0,0,0,0,0,0,0
2013-07-16 13:30:00+00:00,60,7,13,,,0,0,0,0,0,0,0,0,0,0,0,0,0,0,0,0,0,0,0,0,0,0,0,0,0
2013-07-16 13:30:00+00:00,60,7,13,,403.8579406738281,0,0,0,0,0,0,0,0,0,0,0,0,0,0,0,0,0,0,0,0,0,0,0,0,0
2013-07-16 13:30:00+00:00,60,7,13,,265.7901611328125,0,0,0,0,0,0,0,0,0,0,0,0,0,0,0,0,0,0,0,0,0,0,0,0,0
2013-07-16 13:30:00+00:00,60,7,13,,,0,0,0,0,0,0,0,0,0,0,0,0,0,0,0,0,0,0,0,0,0,0,0,0,0
2013-07-16 13:30:00+00:00,60,7,13,,,0,0,0,0,0,0,0,0,0,0,0,0,0,0,0,0,0,0,0,0,0,0,0,0,0
2013-07-16 13:30:00+00:00,60,7,13,,,0,0,0,0,0,0,0,0,0,0,0,0,0,0,0,0,0,0,0,0,0,0,0,0,0
2013-07-16 13:30:00+00:00,60,7,13,280.0218200683594,549.390869140625,0,0,0,0,0,0,0,0,0,0,0,0,0,0,0,1,1,0,0,0,0,0,0,0,0
2013-07-16 13:30:00+00:00,60,7,13,,,0,0,0,0,0,0,0,0,0,0,0,0,0,0,0,0,0,0,0,0,0,0,0,0,0
2013-07-16 13:30:00+00:00,60,7,13,,,0,0,0,0,0,0,0,0,0,0,0,0,0,0,0,0,0,0,0,0,0,0,0,0,0
2013-07-16 13:30:00+00:00,60,7,13,195.955322265625,269.24609375,0,0,0,0,0,0,0,0,0,0,0,0,0,1,1,1,1,0,0,0,0,0,0,0,0
2013-07-16 13:30:00+00:00,60,7,13,249.100830078125,322.460693359375,0,0,0,0,0,0,0,0,0,0,0,0,0,0,1,1,1,0,0,0,0,0,0,0,0
2013-07-16 13:30:00+00:00,60,7,13,,,0,0,0,0,0,0,0,0,0,0,0,0,0,0,0,0,0,0,0,0,0,0,0,0,0
2013-07-16 13:30:00+00:00,60,7,13,,,0,0,0,0,0,0,0,0,0,0,0,0,0,0,0,0,0,0,0,0,0,0,0,0,0
2013-07-16 13:45:00+00:00,60,7,13,,,0,0,0,0,0,0,0,0,0,0,0,0,0,0,0,0,0,0,0,0,0,0,0,0,0
2013-07-16 13:45:00+00:00,60,7,13,317.2811584472656,217.5321807861328,0,0,0,0,0,0,0,0,0,0,0,0,0,0,0,0,1,0,0,0,0,0,0,0,0
2013-07-16 13:45:00+00:00,60,7,13,217.68771362304688,184.98179626464844,0,0,0,0,0,0,0,0,0,0,0,0,0,0,1,1,1,0,0,0,0,0,0,0,0
2013-07-16 13:45:00+00:00,60,7,13,87.6934585571289,335.7345275878906,0,0,0,0,0,0,0,0,0,1,1,1,1,1,1,1,1,0,0,0,0,0,0,0,0
2013-07-16 13:45:00+00:00,60,7,13,171.97447204589844,263.2962951660156,0,0,0,0,0,0,0,0,0,0,0,0,1,1,1,1,1,0,0,0,0,0,0,0,0
2013-07-16 13:45:00+00:00,60,7,13,38.953338623046875,5.114908218383789,0,0,0,0,0,1,1,1,1,1,1,1,1,1,1,1,1,1,1,1,1,1,1,1,1
2013-07-16 13:45:00+00:00,60,7,13,,295.59844970703125,0,0,0,0,0,0,0,0,0,0,0,0,0,0,0,0,0,0,0,0,0,0,0,0,0
2013-07-16 13:45:00+00:00,60,7,13,250.912353515625,383.24566650390625,0,0,0,0,0,0,0,0,0,0,0,0,0,0,0,1,1,0,0,0,0,0,0,0,0
2013-07-16 13:45:00+00:00,60,7,13,415.1083984375,,0,0,0,0,0,0,0,0,0,0,0,0,0,0,0,0,0,0,0,0,0,0,0,0,0
2013-07-16 13:45:00+00:00,60,7,13,156.9737548828125,,0,0,0,0,0,0,0,0,0,0,0,0,1,1,1,1,1,0,0,0,0,0,0,0,0
2013-07-16 13:45:00+00:00,60,7,13,,353.1303405761719,0,0,0,0,0,0,0,0,0,0,0,0,0,0,0,0,0,0,0,0,0,0,0,0,0
2013-07-16 13:45:00+00:00,60,7,13,118.17784118652344,,0,0,0,0,0,0,0,0,0,0,1,1,1,1,1,1,1,0,0,0,0,0,0,0,0
2013-07-16 13:45:00+00:00,60,7,13,,,0,0,0,0,0,0,0,0,0,0,0,0,0,0,0,0,0,0,0,0,0,0,0,0,0
2013-07-16 13:45:00+00:00,60,7,13,220.36929321289062,385.1272277832031,0,0,0,0,0,0,0,0,0,0,0,0,0,0,1,1,1,0,0,0,0,0,0,0,0
2013-07-16 13:45:00+00:00,60,7,13,,423.97796630859375,0,0,0,0,0,0,0,0,0,0,0,0,0,0,0,0,0,0,0,0,0,0,0,0,0
2013-07-16 13:45:00+00:00,60,7,13,,,0,0,0,0,0,0,0,0,0,0,0,0,0,0,0,0,0,0,0,0,0,0,0,0,0
2013-07-16 13:45:00+00:00,60,7,13,,,0,0,0,0,0,0,0,0,0,0,0,0,0,0,0,0,0,0,0,0,0,0,0,0,0
2013-07-16 13:45:00+00:00,60,7,13,,,0,0,0,0,0,0,0,0,0,0,0,0,0,0,0,0,0,0,0,0,0,0,0,0,0
2013-07-16 14:00:00+00:00,60,7,14,,,0,0,0,0,0,0,0,0,0,0,0,0,0,0,0,0,0,0,0,0,0,0,0,0,0
2013-07-16 14:00:00+00:00,60,7,14,216.93386840820312,105.59942626953125,0,0,0,0,0,0,0,0,0,0,0,0,0,0,1,1,1,0,0,0,0,0,0,0,0
2013-07-16 14:00:00+00:00,60,7,14,,375.3969421386719,0,0,0,0,0,0,0,0,0,0,0,0,0,0,0,0,0,0,0,0,0,0,0,0,0
2013-07-16 14:00:00+00:00,60,7,14,131.71360778808594,131.19773864746094,0,0,0,0,0,0,0,0,0,0,0,1,1,1,1,1,1,0,0,0,0,0,0,0,0
2013-07-16 14:00:00+00:00,60,7,14,,279.9166564941406,0,0,0,0,0,0,0,0,0,0,0,0,0,0,0,0,0,0,0,0,0,0,0,0,0
2013-07-16 14:00:00+00:00,60,7,14,116.02378845214844,436.8643798828125,0,0,0,0,0,0,0,0,0,0,1,1,1,1,1,1,1,0,0,0,0,0,0,0,0
2013-07-16 14:00:00+00:00,60,7,14,311.5552062988281,135.983154296875,0,0,0,0,0,0,0,0,0,0,0,0,0,0,0,0,1,0,0,0,0,0,0,0,0
2013-07-16 14:00:00+00:00,60,7,14,118.55464172363281,310.8005065917969,0,0,0,0,0,0,0,0,0,0,1,1,1,1,1,1,1,0,0,0,0,0,0,0,0
2013-07-16 14:00:00+00:00,60,7,14,280.2867736816406,89.62493133544922,0,0,0,0,0,0,0,0,0,0,0,0,0,0,0,1,1,0,0,0,0,0,0,0,0
2013-07-16 14:00:00+00:00,60,7,14,308.6424865722656,320.062744140625,0,0,0,0,0,0,0,0,0,0,0,0,0,0,0,0,1,0,0,0,0,0,0,0,0
2013-07-16 14:00:00+00:00,60,7,14,480.2439270019531,396.3182678222656,0,0,0,0,0,0,0,0,0,0,0,0,0,0,0,0,0,0,0,0,0,0,0,0,0
2013-07-16 14:00:00+00:00,60,7,14,382.1612243652344,386.8905944824219,0,0,0,0,0,0,0,0,0,0,0,0,0,0,0,0,0,0,0,0,0,0,0,0,0
2013-07-16 14:00:00+00:00,60,7,14,686.5183715820312,,0,0,0,0,0,0,0,0,0,0,0,0,0,0,0,0,0,0,0,0,0,0,0,0,0
2013-07-16 14:00:00+00:00,60,7,14,,30.242300033569336,0,0,0,0,0,0,0,0,0,0,0,0,0,0,0,0,0,0,0,0,0,0,1,1,1
2013-07-16 14:15:00+00:00,60,7,14,,,0,0,0,0,0,0,0,0,0,0,0,0,0,0,0,0,0,0,0,0,0,0,0,0,0
2013-07-16 14:15:00+00:00,60,7,14,152.36802673339844,,0,0,0,0,0,0,0,0,0,0,0,0,1,1,1,1,1,0,0,0,0,0,0,0,0
2013-07-16 14:15:00+00:00,60,7,14,,,0,0,0,0,0,0,0,0,0,0,0,0,0,0,0,0,0,0,0,0,0,0,0,0,0
2013-07-16 14:15:00+00:00,60,7,14,,288.9652099609375,0,0,0,0,0,0,0,0,0,0,0,0,0,0,0,0,0,0,0,0,0,0,0,0,0
2013-07-16 14:15:00+00:00,60,7,14,196.79641723632812,93.6904525756836,0,0,0,0,0,0,0,0,0,0,0,0,0,1,1,1,1,0,0,0,0,0,0,0,0
2013-07-16 14:15:00+00:00,60,7,14,240.08274841308594,,0,0,0,0,0,0,0,0,0,0,0,0,0,0,1,1,1,0,0,0,0,0,0,0,0
2013-07-16 14:15:00+00:00,60,7,14,,12.524619102478027,0,0,0,0,0,0,0,0,0,0,0,0,0,0,0,0,0,0,1,1,1,1,1,1,1
2013-07-16 14:15:00+00:00,60,7,14,,,0,0,0,0,0,0,0,0,0,0,0,0,0,0,0,0,0,0,0,0,0,0,0,0,0
2013-07-16 14:15:00+00:00,60,7,14,,,0,0,0,0,0,0,0,0,0,0,0,0,0,0,0,0,0,0,0,0,0,0,0,0,0
2013-07-16 14:30:00+00:00,60,7,14,,,0,0,0,0,0,0,0,0,0,0,0,0,0,0,0,0,0,0,0,0,0,0,0,0,0
2013-07-16 14:30:00+00:00,60,7,14,,,0,0,0,0,0,0,0,0,0,0,0,0,0,0,0,0,0,0,0,0,0,0,0,0,0
2013-07-16 14:30:00+00:00,60,7,14,178.47776794433594,,0,0,0,0,0,0,0,0,0,0,0,0,1,1,1,1,1,0,0,0,0,0,0,0,0
2013-07-16 14:30:00+00:00,60,7,14,,,0,0,0,0,0,0,0,0,0,0,0,0,0,0,0,0,0,0,0,0,0,0,0,0,0
2013-07-16 14:30:00+00:00,60,7,14,,,0,0,0,0,0,0,0,0,0,0,0,0,0,0,0,0,0,0,0,0,0,0,0,0,0
2013-07-16 14:30:00+00:00,60,7,14,361.6213684082031,276.7017822265625,0,0,0,0,0,0,0,0,0,0,0,0,0,0,0,0,0,0,0,0,0,0,0,0,0
2013-07-16 14:30:00+00:00,60,7,14,,224.45867919921875,0,0,0,0,0,0,0,0,0,0,0,0,0,0,0,0,0,0,0,0,0,0,0,0,0
2013-07-16 14:30:00+00:00,60,7,14,,,0,0,0,0,0,0,0,0,0,0,0,0,0,0,0,0,0,0,0,0,0,0,0,0,0
2013-07-16 14:30:00+00:00,60,7,14,,,0,0,0,0,0,0,0,0,0,0,0,0,0,0,0,0,0,0,0,0,0,0,0,0,0
2013-07-16 14:30:00+00:00,60,7,14,764.868408203125,,0,0,0,0,0,0,0,0,0,0,0,0,0,0,0,0,0,0,0,0,0,0,0,0,0
2013-07-16 14:45:00+00:00,60,7,14,378.92803955078125,186.6395263671875,0,0,0,0,0,0,0,0,0,0,0,0,0,0,0,0,0,0,0,0,0,0,0,0,0
2013-07-16 14:45:00+00:00,60,7,14,357.8647155761719,372.90130615234375,0,0,0,0,0,0,0,0,0,0,0,0,0,0,0,0,0,0,0,0,0,0,0,0,0
2013-07-16 14:45:00+00:00,60,7,14,,,0,0,0,0,0,0,0,0,0,0,0,0,0,0,0,0,0,0,0,0,0,0,0,0,0
2013-07-16 14:45:00+00:00,60,7,14,,305.4648132324219,0,0,0,0,0,0,0,0,0,0,0,0,0,0,0,0,0,0,0,0,0,0,0,0,0
2013-07-16 14:45:00+00:00,60,7,14,204.34910583496094,192.9434356689453,0,0,0,0,0,0,0,0,0,0,0,0,0,0,1,1,1,0,0,0,0,0,0,0,0
2013-07-16 14:45:00+00:00,60,7,14,,,0,0,0,0,0,0,0,0,0,0,0,0,0,0,0,0,0,0,0,0,0,0,0,0,0
2013-07-16 14:45:00+00:00,60,7,14,228.2372283935547,49.39701461791992,0,0,0,0,0,0,0,0,0,0,0,0,0,0,1,1,1,0,0,0,0,0,0,1,1
2013-07-16 14:45:00+00:00,60,7,14,,,0,0,0,0,0,0,0,0,0,0,0,0,0,0,0,0,0,0,0,0,0,0,0,0,0
2013-07-16 14:45:00+00:00,60,7,14,118.71475219726562,132.6795654296875,0,0,0,0,0,0,0,0,0,0,1,1,1,1,1,1,1,0,0,0,0,0,0,0,0
2013-07-16 14:45:00+00:00,60,7,14,,,0,0,0,0,0,0,0,0,0,0,0,0,0,0,0,0,0,0,0,0,0,0,0,0,0
2013-07-16 14:45:00+00:00,60,7,14,302.5718078613281,30.30051612854004,0,0,0,0,0,0,0,0,0,0,0,0,0,0,0,0,1,0,0,0,0,0,1,1,1
2013-07-16 14:45:00+00:00,60,7,14,273.2149353027344,0.0,0,0,0,0,0,0,0,0,0,0,0,0,0,0,0,1,1,1,1,1,1,1,1,1,1
2013-07-16 14:45:00+00:00,60,7,14,333.97857666015625,73.49058532714844,0,0,0,0,0,0,0,0,0,0,0,0,0,0,0,0,1,0,0,0,0,0,0,0,0
2013-07-16 14:45:00+00:00,60,7,14,408.2058410644531,13.3278226852417,0,0,0,0,0,0,0,0,0,0,0,0,0,0,0,0,0,0,1,1,1,1,1,1,1
2013-07-16 14:45:00+00:00,60,7,14,57.04581832885742,21.647865295410156,0,0,0,0,0,0,0,1,1,1,1,1,1,1,1,1,1,0,0,0,1,1,1,1,1
2013-07-16 14:45:00+00:00,60,7,14,,,0,0,0,0,0,0,0,0,0,0,0,0,0,0,0,0,0,0,0,0,0,0,0,0,0
2013-07-16 15:00:00+00:00,60,7,15,,,0,0,0,0,0,0,0,0,0,0,0,0,0,0,0,0,0,0,0,0,0,0,0,0,0
2013-07-16 15:00:00+00:00,60,7,15,145.36361694335938,93.41158294677734,0,0,0,0,0,0,0,0,0,0,0,1,1,1,1,1,1,0,0,0,0,0,0,0,0
2013-07-16 15:00:00+00:00,60,7,15,368.3685302734375,184.92691040039062,0,0,0,0,0,0,0,0,0,0,0,0,0,0,0,0,0,0,0,0,0,0,0,0,0
2013-07-16 15:00:00+00:00,60,7,15,240.0745849609375,229.59347534179688,0,0,0,0,0,0,0,0,0,0,0,0,0,0,1,1,1,0,0,0,0,0,0,0,0
2013-07-16 15:00:00+00:00,60,7,15,,,0,0,0,0,0,0,0,0,0,0,0,0,0,0,0,0,0,0,0,0,0,0,0,0,0
2013-07-16 15:15:00+00:00,60,7,15,190.3350830078125,198.44288635253906,0,0,0,0,0,0,0,0,0,0,0,0,0,1,1,1,1,0,0,0,0,0,0,0,0
2013-07-16 15:15:00+00:00,60,7,15,86.16825103759766,79.7468032836914,0,0,0,0,0,0,0,0,0,1,1,1,1,1,1,1,1,0,0,0,0,0,0,0,0
2013-07-16 15:15:00+00:00,60,7,15,213.58177185058594,141.29405212402344,0,0,0,0,0,0,0,0,0,0,0,0,0,0,1,1,1,0,0,0,0,0,0,0,0
2013-07-16 15:15:00+00:00,60,7,15,,,0,0,0,0,0,0,0,0,0,0,0,0,0,0,0,0,0,0,0,0,0,0,0,0,0
2013-07-16 15:15:00+00:00,60,7,15,,,0,0,0,0,0,0,0,0,0,0,0,0,0,0,0,0,0,0,0,0,0,0,0,0,0
2013-07-16 15:15:00+00:00,60,7,15,,,0,0,0,0,0,0,0,0,0,0,0,0,0,0,0,0,0,0,0,0,0,0,0,0,0
2013-07-16 15:30:00+00:00,60,7,15,,,0,0,0,0,0,0,0,0,0,0,0,0,0,0,0,0,0,0,0,0,0,0,0,0,0
2013-07-16 15:30:00+00:00,60,7,15,,,0,0,0,0,0,0,0,0,0,0,0,0,0,0,0,0,0,0,0,0,0,0,0,0,0
2013-07-16 15:30:00+00:00,60,7,15,,111.4405746459961,0,0,0,0,0,0,0,0,0,0,0,0,0,0,0,0,0,0,0,0,0,0,0,0,0
2013-07-16 15:30:00+00:00,60,7,15,,,0,0,0,0,0,0,0,0,0,0,0,0,0,0,0,0,0,0,0,0,0,0,0,0,0
2013-07-16 15:30:00+00:00,60,7,15,,,0,0,0,0,0,0,0,0,0,0,0,0,0,0,0,0,0,0,0,0,0,0,0,0,0
2013-07-16 15:30:00+00:00,60,7,15,,,0,0,0,0,0,0,0,0,0,0,0,0,0,0,0,0,0,0,0,0,0,0,0,0,0
2013-07-16 15:30:00+00:00,60,7,15,,,0,0,0,0,0,0,0,0,0,0,0,0,0,0,0,0,0,0,0,0,0,0,0,0,0
2013-07-16 15:30:00+00:00,60,7,15,,,0,0,0,0,0,0,0,0,0,0,0,0,0,0,0,0,0,0,0,0,0,0,0,0,0
2013-07-16 15:30:00+00:00,60,7,15,,,0,0,0,0,0,0,0,0,0,0,0,0,0,0,0,0,0,0,0,0,0,0,0,0,0
2013-07-16 15:30:00+00:00,60,7,15,,88.26897430419922,0,0,0,0,0,0,0,0,0,0,0,0,0,0,0,0,0,0,0,0,0,0,0,0,0
2013-07-16 15:45:00+00:00,60,7,15,61.76325607299805,27.797304153442383,0,0,0,0,0,0,0,0,1,1,1,1,1,1,1,1,1,0,0,0,0,1,1,1,1
2013-07-16 15:45:00+00:00,60,7,15,,318.29791259765625,0,0,0,0,0,0,0,0,0,0,0,0,0,0,0,0,0,0,0,0,0,0,0,0,0
2013-07-16 15:45:00+00:00,60,7,15,,,0,0,0,0,0,0,0,0,0,0,0,0,0,0,0,0,0,0,0,0,0,0,0,0,0
2013-07-16 15:45:00+00:00,60,7,15,,131.0692901611328,0,0,0,0,0,0,0,0,0,0,0,0,0,0,0,0,0,0,0,0,0,0,0,0,0
2013-07-16 15:45:00+00:00,60,7,15,222.73301696777344,216.13735961914062,0,0,0,0,0,0,0,0,0,0,0,0,0,0,1,1,1,0,0,0,0,0,0,0,0
2013-07-16 15:45:00+00:00,60,7,15,138.19961547851562,91.55171203613281,0,0,0,0,0,0,0,0,0,0,0,1,1,1,1,1,1,0,0,0,0,0,0,0,0
2013-07-16 15:45:00+00:00,60,7,15,426.6775817871094,496.828125,0,0,0,0,0,0,0,0,0,0,0,0,0,0,0,0,0,0,0,0,0,0,0,0,0
2013-07-16 15:45:00+00:00,60,7,15,318.58087158203125,203.9770050048828,0,0,0,0,0,0,0,0,0,0,0,0,0,0,0,0,1,0,0,0,0,0,0,0,0
2013-07-16 15:45:00+00:00,60,7,15,,421.0688171386719,0,0,0,0,0,0,0,0,0,0,0,0,0,0,0,0,0,0,0,0,0,0,0,0,0
2013-07-16 15:45:00+00:00,60,7,15,,345.7894287109375,0,0,0,0,0,0,0,0,0,0,0,0,0,0,0,0,0,0,0,0,0,0,0,0,0
2013-07-16 15:45:00+00:00,60,7,15,,,0,0,0,0,0,0,0,0,0,0,0,0,0,0,0,0,0,0,0,0,0,0,0,0,0
2013-07-16 15:45:00+00:00,60,7,15,165.26580810546875,113.11495971679688,0,0,0,0,0,0,0,0,0,0,0,0,1,1,1,1,1,0,0,0,0,0,0,0,0
2013-07-16 15:45:00+00:00,60,7,15,74.36393737792969,0.0,0,0,0,0,0,0,0,0,1,1,1,1,1,1,1,1,1,1,1,1,1,1,1,1,1
2013-07-16 16:00:00+00:00,60,7,16,,,0,0,0,0,0,0,0,0,0,0,0,0,0,0,0,0,0,0,0,0,0,0,0,0,0
2013-07-16 16:00:00+00:00,60,7,16,,379.0204772949219,0,0,0,0,0,0,0,0,0,0,0,0,0,0,0,0,0,0,0,0,0,0,0,0,0
2013-07-16 16:00:00+00:00,60,7,16,,81.51258850097656,0,0,0,0,0,0,0,0,0,0,0,0,0,0,0,0,0,0,0,0,0,0,0,0,0
2013-07-16 16:00:00+00:00,60,7,16,369.03802490234375,253.86317443847656,0,0,0,0,0,0,0,0,0,0,0,0,0,0,0,0,0,0,0,0,0,0,0,0,0
2013-07-16 16:00:00+00:00,60,7,16,269.7991027832031,147.80833435058594,0,0,0,0,0,0,0,0,0,0,0,0,0,0,0,1,1,0,0,0,0,0,0,0,0
2013-07-16 16:00:00+00:00,60,7,16,,6.7352070808410645,0,0,0,0,0,0,0,0,0,0,0,0,0,0,0,0,0,1,1,1,1,1,1,1,1
2013-07-16 16:00:00+00:00,60,7,16,,150.1053009033203,0,0,0,0,0,0,0,0,0,0,0,0,0,0,0,0,0,0,0,0,0,0,0,0,0
2013-07-16 16:00:00+00:00,60,7,16,,49.44255447387695,0,0,0,0,0,0,0,0,0,0,0,0,0,0,0,0,0,0,0,0,0,0,0,1,1
2013-07-16 16:00:00+00:00,60,7,16,,60.46175765991211,0,0,0,0,0,0,0,0,0,0,0,0,0,0,0,0,0,0,0,0,0,0,0,0,0
2013-07-16 16:15:00+00:00,60,7,16,,,0,0,0,0,0,0,0,0,0,0,0,0,0,0,0,0,0,0,0,0,0,0,0,0,0
2013-07-16 16:15:00+00:00,60,7,16,,,0,0,0,0,0,0,0,0,0,0,0,0,0,0,0,0,0,0,0,0,0,0,0,0,0
2013-07-16 16:15:00+00:00,60,7,16,352.9277038574219,361.46295166015625,0,0,0,0,0,0,0,0,0,0,0,0,0,0,0,0,0,0,0,0,0,0,0,0,0
2013-07-16 16:15:00+00:00,60,7,16,169.7652130126953,189.72508239746094,0,0,0,0,0,0,0,0,0,0,0,0,1,1,1,1,1,0,0,0,0,0,0,0,0
2013-07-16 16:15:00+00:00,60,7,16,319.0328063964844,349.9875793457031,0,0,0,0,0,0,0,0,0,0,0,0,0,0,0,0,1,0,0,0,0,0,0,0,0
2013-07-16 16:15:00+00:00,60,7,16,,,0,0,0,0,0,0,0,0,0,0,0,0,0,0,0,0,0,0,0,0,0,0,0,0,0
2013-07-16 16:15:00+00:00,60,7,16,,301.8180236816406,0,0,0,0,0,0,0,0,0,0,0,0,0,0,0,0,0,0,0,0,0,0,0,0,0
2013-07-16 16:15:00+00:00,60,7,16,,138.8773193359375,0,0,0,0,0,0,0,0,0,0,0,0,0,0,0,0,0,0,0,0,0,0,0,0,0
2013-07-16 16:15:00+00:00,60,7,16,455.4436950683594,354.7844543457031,0,0,0,0,0,0,0,0,0,0,0,0,0,0,0,0,0,0,0,0,0,0,0,0,0
2013-07-16 16:15:00+00:00,60,7,16,,99.03233337402344,0,0,0,0,0,0,0,0,0,0,0,0,0,0,0,0,0,0,0,0,0,0,0,0,0
2013-07-16 16:15:00+00:00,60,7,16,,,0,0,0,0,0,0,0,0,0,0,0,0,0,0,0,0,0,0,0,0,0,0,0,0,0
2013-07-16 16:15:00+00:00,60,7,16,423.5442810058594,472.9781494140625,0,0,0,0,0,0,0,0,0,0,0,0,0,0,0,0,0,0,0,0,0,0,0,0,0
2013-07-16 16:15:00+00:00,60,7,16,,342.96612548828125,0,0,0,0,0,0,0,0,0,0,0,0,0,0,0,0,0,0,0,0,0,0,0,0,0
2013-07-16 16:15:00+00:00,60,7,16,,196.13693237304688,0,0,0,0,0,0,0,0,0,0,0,0,0,0,0,0,0,0,0,0,0,0,0,0,0
2013-07-16 16:15:00+00:00,60,7,16,118.11547088623047,54.2944450378418,0,0,0,0,0,0,0,0,0,0,1,1,1,1,1,1,1,0,0,0,0,0,0,0,1
2013-07-16 16:30:00+00:00,60,7,16,219.04518127441406,185.18490600585938,0,0,0,0,0,0,0,0,0,0,0,0,0,0,1,1,1,0,0,0,0,0,0,0,0
2013-07-16 16:30:00+00:00,60,7,16,,,0,0,0,0,0,0,0,0,0,0,0,0,0,0,0,0,0,0,0,0,0,0,0,0,0
2013-07-16 16:30:00+00:00,60,7,16,142.2510986328125,0.0,0,0,0,0,0,0,0,0,0,0,0,1,1,1,1,1,1,1,1,1,1,1,1,1,1
2013-07-16 16:30:00+00:00,60,7,16,123.7107925415039,163.24774169921875,0,0,0,0,0,0,0,0,0,0,0,1,1,1,1,1,1,0,0,0,0,0,0,0,0
2013-07-16 16:30:00+00:00,60,7,16,395.0472412109375,462.82354736328125,0,0,0,0,0,0,0,0,0,0,0,0,0,0,0,0,0,0,0,0,0,0,0,0,0
2013-07-16 16:30:00+00:00,60,7,16,,,0,0,0,0,0,0,0,0,0,0,0,0,0,0,0,0,0,0,0,0,0,0,0,0,0
2013-07-16 16:30:00+00:00,60,7,16,237.33779907226562,24.927608489990234,0,0,0,0,0,0,0,0,0,0,0,0,0,0,1,1,1,0,0,0,1,1,1,1,1
2013-07-16 16:30:00+00:00,60,7,16,261.1946105957031,16.240951538085938,0,0,0,0,0,0,0,0,0,0,0,0,0,0,0,1,1,0,0,1,1,1,1,1,1
2013-07-16 16:30:00+00:00,60,7,16,69.28539276123047,73.50921630859375,0,0,0,0,0,0,0,0,1,1,1,1,1,1,1,1,1,0,0,0,0,0,0,0,0
2013-07-16 16:45:00+00:00,60,7,16,,,0,0,0,0,0,0,0,0,0,0,0,0,0,0,0,0,0,0,0,0,0,0,0,0,0
2013-07-16 16:45:00+00:00,60,7,16,,,0,0,0,0,0,0,0,0,0,0,0,0,0,0,0,0,0,0,0,0,0,0,0,0,0
2013-07-16 16:45:00+00:00,60,7,16,124.60071563720703,216.7139129638672,0,0,0,0,0,0,0,0,0,0,0,1,1,1,1,1,1,0,0,0,0,0,0,0,0
2013-07-16 16:45:00+00:00,60,7,16,197.22042846679688,164.2241973876953,0,0,0,0,0,0,0,0,0,0,0,0,0,1,1,1,1,0,0,0,0,0,0,0,0
2013-07-16 16:45:00+00:00,60,7,16,377.5040283203125,181.7914581298828,0,0,0,0,0,0,0,0,0,0,0,0,0,0,0,0,0,0,0,0,0,0,0,0,0
2013-07-16 16:45:00+00:00,60,7,16,239.14854431152344,,0,0,0,0,0,0,0,0,0,0,0,0,0,0,1,1,1,0,0,0,0,0,0,0,0
2013-07-16 16:45:00+00:00,60,7,16,268.1448974609375,247.52981567382812,0,0,0,0,0,0,0,0,0,0,0,0,0,0,0,1,1,0,0,0,0,0,0,0,0
2013-07-16 16:45:00+00:00,60,7,16,198.80056762695312,122.20703887939453,0,0,0,0,0,0,0,0,0,0,0,0,0,1,1,1,1,0,0,0,0,0,0,0,0
2013-07-16 16:45:00+00:00,60,7,16,,213.3245086669922,0,0,0,0,0,0,0,0,0,0,0,0,0,0,0,0,0,0,0,0,0,0,0,0,0
2013-07-16 16:45:00+00:00,60,7,16,97.43495178222656,27.321529388427734,0,0,0,0,0,0,0,0,0,1,1,1,1,1,1,1,1,0,0,0,0,1,1,1,1
2013-07-16 16:45:00+00:00,60,7,16,,,0,0,0,0,0,0,0,0,0,0,0,0,0,0,0,0,0,0,0,0,0,0,0,0,0
2013-07-16 17:00:00+00:00,60,7,17,339.5141906738281,283.1129150390625,0,0,0,0,0,0,0,0,0,0,0,0,0,0,0,0,1,0,0,0,0,0,0,0,0
2013-07-16 17:00:00+00:00,60,7,17,85.20906066894531,110.92432403564453,0,0,0,0,0,0,0,0,0,1,1,1,1,1,1,1,1,0,0,0,0,0,0,0,0
2013-07-16 17:00:00+00:00,60,7,17,42.88584899902344,49.88258361816406,0,0,0,0,0,0,1,1,1,1,1,1,1,1,1,1,1,0,0,0,0,0,0,1,1
2013-07-16 17:00:00+00:00,60,7,17,79.34467315673828,101.2666244506836,0,0,0,0,0,0,0,0,1,1,1,1,1,1,1,1,1,0,0,0,0,0,0,0,0
2013-07-16 17:00:00+00:00,60,7,17,265.78076171875,331.7336120605469,0,0,0,0,0,0,0,0,0,0,0,0,0,0,0,1,1,0,0,0,0,0,0,0,0
2013-07-16 17:00:00+00:00,60,7,17,278.567626953125,0.0,0,0,0,0,0,0,0,0,0,0,0,0,0,0,0,1,1,1,1,1,1,1,1,1,1
2013-07-16 17:15:00+00:00,60,7,17,480.86602783203125,,0,0,0,0,0,0,0,0,0,0,0,0,0,0,0,0,0,0,0,0,0,0,0,0,0
2013-07-16 17:15:00+00:00,60,7,17,289.044677734375,291.8346862792969,0,0,0,0,0,0,0,0,0,0,0,0,0,0,0,1,1,0,0,0,0,0,0,0,0
2013-07-16 17:15:00+00:00,60,7,17,228.2897186279297,189.12554931640625,0,0,0,0,0,0,0,0,0,0,0,0,0,0,1,1,1,0,0,0,0,0,0,0,0
2013-07-16 17:30:00+00:00,60,7,17,,,0,0,0,0,0,0,0,0,0,0,0,0,0,0,0,0,0,0,0,0,0,0,0,0,0
2013-07-16 17:30:00+00:00,60,7,17,,,0,0,0,0,0,0,0,0,0,0,0,0,0,0,0,0,0,0,0,0,0,0,0,0,0
2013-07-16 17:30:00+00:00,60,7,17,,295.4400329589844,0,0,0,0,0,0,0,0,0,0,0,0,0,0,0,0,0,0,0,0,0,0,0,0,0
2013-07-16 17:30:00+00:00,60,7,17,74.40208435058594,19.373231887817383,0,0,0,0,0,0,0,0,1,1,1,1,1,1,1,1,1,0,0,1,1,1,1,1,1
2013-07-16 17:30:00+00:00,60,7,17,96.22605895996094,63.75883865356445,0,0,0,0,0,0,0,0,0,1,1,1,1,1,1,1,1,0,0,0,0,0,0,0,0
2013-07-16 17:30:00+00:00,60,7,17,40.91075134277344,20.996395111083984,0,0,0,0,0,0,1,1,1,1,1,1,1,1,1,1,1,0,0,0,1,1,1,1,1
2013-07-16 17:30:00+00:00,60,7,17,372.2049865722656,424.1289978027344,0,0,0,0,0,0,0,0,0,0,0,0,0,0,0,0,0,0,0,0,0,0,0,0,0
2013-07-16 17:30:00+00:00,60,7,17,359.64215087890625,382.07354736328125,0,0,0,0,0,0,0,0,0,0,0,0,0,0,0,0,0,0,0,0,0,0,0,0,0
2013-07-16 17:30:00+00:00,60,7,17,93.63477325439453,59.93460464477539,0,0,0,0,0,0,0,0,0,1,1,1,1,1,1,1,1,0,0,0,0,0,0,0,1
2013-07-16 17:30:00+00:00,60,7,17,220.8284454345703,185.487060546875,0,0,0,0,0,0,0,0,0,0,0,0,0,0,1,1,1,0,0,0,0,0,0,0,0
2013-07-16 17:45:00+00:00,60,7,17,,336.6375732421875,0,0,0,0,0,0,0,0,0,0,0,0,0,0,0,0,0,0,0,0,0,0,0,0,0
2013-07-16 17:45:00+00:00,60,7,17,,,0,0,0,0,0,0,0,0,0,0,0,0,0,0,0,0,0,0,0,0,0,0,0,0,0
2013-07-16 17:45:00+00:00,60,7,17,186.93580627441406,183.07913208007812,0,0,0,0,0,0,0,0,0,0,0,0,0,1,1,1,1,0,0,0,0,0,0,0,0
2013-07-17 10:00:00+00:00,60,7,10,,,0,0,0,0,0,0,0,0,0,0,0,0,0,0,0,0,0,0,0,0,0,0,0,0,0
2013-07-17 10:00:00+00:00,60,7,10,,356.259521484375,0,0,0,0,0,0,0,0,0,0,0,0,0,0,0,0,0,0,0,0,0,0,0,0,0
2013-07-17 10:00:00+00:00,60,7,10,,,0,0,0,0,0,0,0,0,0,0,0,0,0,0,0,0,0,0,0,0,0,0,0,0,0
2013-07-17 10:00:00+00:00,60,7,10,,,0,0,0,0,0,0,0,0,0,0,0,0,0,0,0,0,0,0,0,0,0,0,0,0,0
2013-07-17 10:00:00+00:00,60,7,10,,,0,0,0,0,0,0,0,0,0,0,0,0,0,0,0,0,0,0,0,0,0,0,0,0,0
2013-07-17 10:15:00+00:00,60,7,10,,,0,0,0,0,0,0,0,0,0,0,0,0,0,0,0,0,0,0,0,0,0,0,0,0,0
2013-07-17 10:15:00+00:00,60,7,10,,,0,0,0,0,0,0,0,0,0,0,0,0,0,0,0,0,0,0,0,0,0,0,0,0,0
2013-07-17 10:15:00+00:00,60,7,10,,,0,0,0,0,0,0,0,0,0,0,0,0,0,0,0,0,0,0,0,0,0,0,0,0,0
2013-07-17 10:30:00+00:00,60,7,10,,,0,0,0,0,0,0,0,0,0,0,0,0,0,0,0,0,0,0,0,0,0,0,0,0,0
2013-07-17 10:30:00+00:00,60,7,10,,,0,0,0,0,0,0,0,0,0,0,0,0,0,0,0,0,0,0,0,0,0,0,0,0,0
2013-07-17 10:30:00+00:00,60,7,10,,,0,0,0,0,0,0,0,0,0,0,0,0,0,0,0,0,0,0,0,0,0,0,0,0,0
2013-07-17 10:30:00+00:00,60,7,10,,118.5478744506836,0,0,0,0,0,0,0,0,0,0,0,0,0,0,0,0,0,0,0,0,0,0,0,0,0
2013-07-17 10:30:00+00:00,60,7,10,,,0,0,0,0,0,0,0,0,0,0,0,0,0,0,0,0,0,0,0,0,0,0,0,0,0
2013-07-17 10:30:00+00:00,60,7,10,,,0,0,0,0,0,0,0,0,0,0,0,0,0,0,0,0,0,0,0,0,0,0,0,0,0
2013-07-17 10:45:00+00:00,60,7,10,,13.876606941223145,0,0,0,0,0,0,0,0,0,0,0,0,0,0,0,0,0,0,1,1,1,1,1,1,1
2013-07-17 10:45:00+00:00,60,7,10,,,0,0,0,0,0,0,0,0,0,0,0,0,0,0,0,0,0,0,0,0,0,0,0,0,0
2013-07-17 10:45:00+00:00,60,7,10,407.1888427734375,,0,0,0,0,0,0,0,0,0,0,0,0,0,0,0,0,0,0,0,0,0,0,0,0,0
2013-07-17 10:45:00+00:00,60,7,10,389.2932434082031,,0,0,0,0,0,0,0,0,0,0,0,0,0,0,0,0,0,0,0,0,0,0,0,0,0
2013-07-17 10:45:00+00:00,60,7,10,185.48277282714844,,0,0,0,0,0,0,0,0,0,0,0,0,0,1,1,1,1,0,0,0,0,0,0,0,0
2013-07-17 10:45:00+00:00,60,7,10,,6.930001735687256,0,0,0,0,0,0,0,0,0,0,0,0,0,0,0,0,0,1,1,1,1,1,1,1,1
2013-07-17 10:45:00+00:00,60,7,10,,,0,0,0,0,0,0,0,0,0,0,0,0,0,0,0,0,0,0,0,0,0,0,0,0,0
2013-07-17 10:45:00+00:00,60,7,10,449.9408264160156,460.6117858886719,0,0,0,0,0,0,0,0,0,0,0,0,0,0,0,0,0,0,0,0,0,0,0,0,0
2013-07-17 11:00:00+00:00,60,7,11,,,0,0,0,0,0,0,0,0,0,0,0,0,0,0,0,0,0,0,0,0,0,0,0,0,0
2013-07-17 11:00:00+00:00,60,7,11,,,0,0,0,0,0,0,0,0,0,0,0,0,0,0,0,0,0,0,0,0,0,0,0,0,0
2013-07-17 11:00:00+00:00,60,7,11,,311.9952087402344,0,0,0,0,0,0,0,0,0,0,0,0,0,0,0,0,0,0,0,0,0,0,0,0,0
2013-07-17 11:00:00+00:00,60,7,11,440.1073303222656,351.32562255859375,0,0,0,0,0,0,0,0,0,0,0,0,0,0,0,0,0,0,0,0,0,0,0,0,0
2013-07-17 11:00:00+00:00,60,7,11,,27.568021774291992,0,0,0,0,0,0,0,0,0,0,0,0,0,0,0,0,0,0,0,0,0,1,1,1,1
2013-07-17 11:00:00+00:00,60,7,11,,84.94351196289062,0,0,0,0,0,0,0,0,0,0,0,0,0,0,0,0,0,0,0,0,0,0,0,0,0
2013-07-17 11:00:00+00:00,60,7,11,,,0,0,0,0,0,0,0,0,0,0,0,0,0,0,0,0,0,0,0,0,0,0,0,0,0
2013-07-17 11:00:00+00:00,60,7,11,,,0,0,0,0,0,0,0,0,0,0,0,0,0,0,0,0,0,0,0,0,0,0,0,0,0
2013-07-17 11:00:00+00:00,60,7,11,,236.4198455810547,0,0,0,0,0,0,0,0,0,0,0,0,0,0,0,0,0,0,0,0,0,0,0,0,0
2013-07-17 11:00:00+00:00,60,7,11,,,0,0,0,0,0,0,0,0,0,0,0,0,0,0,0,0,0,0,0,0,0,0,0,0,0
2013-07-17 11:00:00+00:00,60,7,11,,,0,0,0,0,0,0,0,0,0,0,0,0,0,0,0,0,0,0,0,0,0,0,0,0,0
2013-07-17 11:15:00+00:00,60,7,11,,,0,0,0,0,0,0,0,0,0,0,0,0,0,0,0,0,0,0,0,0,0,0,0,0,0
2013-07-17 11:15:00+00:00,60,7,11,,,0,0,0,0,0,0,0,0,0,0,0,0,0,0,0,0,0,0,0,0,0,0,0,0,0
2013-07-17 11:15:00+00:00,60,7,11,,,0,0,0,0,0,0,0,0,0,0,0,0,0,0,0,0,0,0,0,0,0,0,0,0,0
2013-07-17 11:15:00+00:00,60,7,11,,394.46502685546875,0,0,0,0,0,0,0,0,0,0,0,0,0,0,0,0,0,0,0,0,0,0,0,0,0
2013-07-17 11:15:00+00:00,60,7,11,,,0,0,0,0,0,0,0,0,0,0,0,0,0,0,0,0,0,0,0,0,0,0,0,0,0
2013-07-17 11:15:00+00:00,60,7,11,302.7155456542969,192.6573944091797,0,0,0,0,0,0,0,0,0,0,0,0,0,0,0,0,1,0,0,0,0,0,0,0,0
2013-07-17 11:15:00+00:00,60,7,11,,59.35671615600586,0,0,0,0,0,0,0,0,0,0,0,0,0,0,0,0,0,0,0,0,0,0,0,0,1
2013-07-17 11:15:00+00:00,60,7,11,,87.52412414550781,0,0,0,0,0,0,0,0,0,0,0,0,0,0,0,0,0,0,0,0,0,0,0,0,0
2013-07-17 11:15:00+00:00,60,7,11,349.5289611816406,323.91839599609375,0,0,0,0,0,0,0,0,0,0,0,0,0,0,0,0,1,0,0,0,0,0,0,0,0
2013-07-17 11:15:00+00:00,60,7,11,,197.47586059570312,0,0,0,0,0,0,0,0,0,0,0,0,0,0,0,0,0,0,0,0,0,0,0,0,0
2013-07-17 11:15:00+00:00,60,7,11,561.8338623046875,,0,0,0,0,0,0,0,0,0,0,0,0,0,0,0,0,0,0,0,0,0,0,0,0,0
2013-07-17 11:15:00+00:00,60,7,11,,,0,0,0,0,0,0,0,0,0,0,0,0,0,0,0,0,0,0,0,0,0,0,0,0,0
2013-07-17 11:30:00+00:00,60,7,11,,16.992704391479492,0,0,0,0,0,0,0,0,0,0,0,0,0,0,0,0,0,0,0,1,1,1,1,1,1
2013-07-17 11:30:00+00:00,60,7,11,,288.19195556640625,0,0,0,0,0,0,0,0,0,0,0,0,0,0,0,0,0,0,0,0,0,0,0,0,0
2013-07-17 11:30:00+00:00,60,7,11,,345.4281921386719,0,0,0,0,0,0,0,0,0,0,0,0,0,0,0,0,0,0,0,0,0,0,0,0,0
2013-07-17 11:30:00+00:00,60,7,11,,,0,0,0,0,0,0,0,0,0,0,0,0,0,0,0,0,0,0,0,0,0,0,0,0,0
2013-07-17 11:30:00+00:00,60,7,11,,348.2554626464844,0,0,0,0,0,0,0,0,0,0,0,0,0,0,0,0,0,0,0,0,0,0,0,0,0
2013-07-17 11:30:00+00:00,60,7,11,,127.00331115722656,0,0,0,0,0,0,0,0,0,0,0,0,0,0,0,0,0,0,0,0,0,0,0,0,0
2013-07-17 11:30:00+00:00,60,7,11,,413.8492736816406,0,0,0,0,0,0,0,0,0,0,0,0,0,0,0,0,0,0,0,0,0,0,0,0,0
2013-07-17 11:30:00+00:00,60,7,11,,,0,0,0,0,0,0,0,0,0,0,0,0,0,0,0,0,0,0,0,0,0,0,0,0,0
2013-07-17 11:30:00+00:00,60,7,11,,24.158252716064453,0,0,0,0,0,0,0,0,0,0,0,0,0,0,0,0,0,0,0,0,1,1,1,1,1
2013-07-17 11:30:00+00:00,60,7,11,,32.056095123291016,0,0,0,0,0,0,0,0,0,0,0,0,0,0,0,0,0,0,0,0,0,0,1,1,1
2013-07-17 11:30:00+00:00,60,7,11,,77.4304428100586,0,0,0,0,0,0,0,0,0,0,0,0,0,0,0,0,0,0,0,0,0,0,0,0,0
2013-07-17 11:30:00+00:00,60,7,11,227.86631774902344,156.5778045654297,0,0,0,0,0,0,0,0,0,0,0,0,0,0,1,1,1,0,0,0,0,0,0,0,0
2013-07-17 11:30:00+00:00,60,7,11,602.3251342773438,,0,0,0,0,0,0,0,0,0,0,0,0,0,0,0,0,0,0,0,0,0,0,0,0,0
2013-07-17 11:30:00+00:00,60,7,11,521.7362670898438,751.527587890625,0,0,0,0,0,0,0,0,0,0,0,0,0,0,0,0,0,0,0,0,0,0,0,0,0
2013-07-17 11:30:00+00:00,60,7,11,,,0,0,0,0,0,0,0,0,0,0,0,0,0,0,0,0,0,0,0,0,0,0,0,0,0
2013-07-17 11:30:00+00:00,60,7,11,,,0,0,0,0,0,0,0,0,0,0,0,0,0,0,0,0,0,0,0,0,0,0,0,0,0
2013-07-17 11:45:00+00:00,60,7,11,,28.04117774963379,0,0,0,0,0,0,0,0,0,0,0,0,0,0,0,0,0,0,0,0,0,1,1,1,1
2013-07-17 11:45:00+00:00,60,7,11,,37.53055953979492,0,0,0,0,0,0,0,0,0,0,0,0,0,0,0,0,0,0,0,0,0,0,1,1,1
2013-07-17 11:45:00+00:00,60,7,11,,,0,0,0,0,0,0,0,0,0,0,0,0,0,0,0,0,0,0,0,0,0,0,0,0,0
2013-07-17 11:45:00+00:00,60,7,11,,,0,0,0,0,0,0,0,0,0,0,0,0,0,0,0,0,0,0,0,0,0,0,0,0,0
2013-07-17 11:45:00+00:00,60,7,11,,,0,0,0,0,0,0,0,0,0,0,0,0,0,0,0,0,0,0,0,0,0,0,0,0,0
2013-07-17 11:45:00+00:00,60,7,11,,,0,0,0,0,0,0,0,0,0,0,0,0,0,0,0,0,0,0,0,0,0,0,0,0,0
2013-07-17 11:45:00+00:00,60,7,11,151.84690856933594,,0,0,0,0,0,0,0,0,0,0,0,0,1,1,1,1,1,0,0,0,0,0,0,0,0
2013-07-17 11:45:00+00:00,60,7,11,375.8725280761719,402.18218994140625,0,0,0,0,0,0,0,0,0,0,0,0,0,0,0,0,0,0,0,0,0,0,0,0,0
2013-07-17 11:45:00+00:00,60,7,11,,,0,0,0,0,0,0,0,0,0,0,0,0,0,0,0,0,0,0,0,0,0,0,0,0,0
2013-07-17 11:45:00+00:00,60,7,11,,440.7877197265625,0,0,0,0,0,0,0,0,0,0,0,0,0,0,0,0,0,0,0,0,0,0,0,0,0
2013-07-17 11:45:00+00:00,60,7,11,375.6402282714844,18.438703536987305,0,0,0,0,0,0,0,0,0,0,0,0,0,0,0,0,0,0,0,1,1,1,1,1,1
2013-07-17 11:45:00+00:00,60,7,11,,236.44699096679688,0,0,0,0,0,0,0,0,0,0,0,0,0,0,0,0,0,0,0,0,0,0,0,0,0
2013-07-17 11:45:00+00:00,60,7,11,,281.4793701171875,0,0,0,0,0,0,0,0,0,0,0,0,0,0,0,0,0,0,0,0,0,0,0,0,0
2013-07-17 11:45:00+00:00,60,7,11,,0.0,0,0,0,0,0,0,0,0,0,0,0,0,0,0,0,0,0,1,1,1,1,1,1,1,1
2013-07-17 11:45:00+00:00,60,7,11,,6.057594299316406,0,0,0,0,0,0,0,0,0,0,0,0,0,0,0,0,0,1,1,1,1,1,1,1,1
2013-07-17 11:45:00+00:00,60,7,11,,,0,0,0,0,0,0,0,0,0,0,0,0,0,0,0,0,0,0,0,0,0,0,0,0,0
2013-07-17 11:45:00+00:00,60,7,11,267.46807861328125,180.71969604492188,0,0,0,0,0,0,0,0,0,0,0,0,0,0,0,1,1,0,0,0,0,0,0,0,0
2013-07-17 11:45:00+00:00,60,7,11,419.0856018066406,425.5911560058594,0,0,0,0,0,0,0,0,0,0,0,0,0,0,0,0,0,0,0,0,0,0,0,0,0
2013-07-17 11:45:00+00:00,60,7,11,311.0001220703125,54.846500396728516,0,0,0,0,0,0,0,0,0,0,0,0,0,0,0,0,1,0,0,0,0,0,0,0,1
2013-07-17 11:45:00+00:00,60,7,11,,,0,0,0,0,0,0,0,0,0,0,0,0,0,0,0,0,0,0,0,0,0,0,0,0,0
2013-07-17 12:00:00+00:00,60,7,12,,,0,0,0,0,0,0,0,0,0,0,0,0,0,0,0,0,0,0,0,0,0,0,0,0,0
2013-07-17 12:00:00+00:00,60,7,12,,,0,0,0,0,0,0,0,0,0,0,0,0,0,0,0,0,0,0,0,0,0,0,0,0,0
2013-07-17 12:00:00+00:00,60,7,12,,,0,0,0,0,0,0,0,0,0,0,0,0,0,0,0,0,0,0,0,0,0,0,0,0,0
2013-07-17 12:00:00+00:00,60,7,12,,361.6895446777344,0,0,0,0,0,0,0,0,0,0,0,0,0,0,0,0,0,0,0,0,0,0,0,0,0
2013-07-17 12:00:00+00:00,60,7,12,353.364501953125,312.9569396972656,0,0,0,0,0,0,0,0,0,0,0,0,0,0,0,0,0,0,0,0,0,0,0,0,0
2013-07-17 12:00:00+00:00,60,7,12,282.2665710449219,92.85986328125,0,0,0,0,0,0,0,0,0,0,0,0,0,0,0,1,1,0,0,0,0,0,0,0,0
2013-07-17 12:00:00+00:00,60,7,12,241.43641662597656,31.17267608642578,0,0,0,0,0,0,0,0,0,0,0,0,0,0,1,1,1,0,0,0,0,0,1,1,1
2013-07-17 12:00:00+00:00,60,7,12,320.761962890625,306.0929870605469,0,0,0,0,0,0,0,0,0,0,0,0,0,0,0,0,1,0,0,0,0,0,0,0,0
2013-07-17 12:00:00+00:00,60,7,12,,354.178955078125,0,0,0,0,0,0,0,0,0,0,0,0,0,0,0,0,0,0,0,0,0,0,0,0,0
2013-07-17 12:00:00+00:00,60,7,12,,267.06292724609375,0,0,0,0,0,0,0,0,0,0,0,0,0,0,0,0,0,0,0,0,0,0,0,0,0
2013-07-17 12:00:00+00:00,60,7,12,222.3300018310547,199.99977111816406,0,0,0,0,0,0,0,0,0,0,0,0,0,0,1,1,1,0,0,0,0,0,0,0,0
2013-07-17 12:00:00+00:00,60,7,12,129.6516876220703,61.568389892578125,0,0,0,0,0,0,0,0,0,0,0,1,1,1,1,1,1,0,0,0,0,0,0,0,0
2013-07-17 12:00:00+00:00,60,7,12,,321.4928283691406,0,0,0,0,0,0,0,0,0,0,0,0,0,0,0,0,0,0,0,0,0,0,0,0,0
2013-07-17 12:00:00+00:00,60,7,12,81.64087677001953,3.1765105724334717,0,0,0,0,0,0,0,0,0,1,1,1,1,1,1,1,1,1,1,1,1,1,1,1,1
2013-07-17 12:00:00+00:00,60,7,12,138.27972412109375,96.30042266845703,0,0,0,0,0,0,0,0,0,0,0,1,1,1,1,1,1,0,0,0,0,0,0,0,0
2013-07-17 12:00:00+00:00,60,7,12,,,0,0,0,0,0,0,0,0,0,0,0,0,0,0,0,0,0,0,0,0,0,0,0,0,0
2013-07-17 12:15:00+00:00,60,7,12,,,0,0,0,0,0,0,0,0,0,0,0,0,0,0,0,0,0,0,0,0,0,0,0,0,0
2013-07-17 12:15:00+00:00,60,7,12,,,0,0,0,0,0,0,0,0,0,0,0,0,0,0,0,0,0,0,0,0,0,0,0,0,0
2013-07-17 12:15:00+00:00,60,7,12,,,0,0,0,0,0,0,0,0,0,0,0,0,0,0,0,0,0,0,0,0,0,0,0,0,0
2013-07-17 12:15:00+00:00,60,7,12,182.37498474121094,177.39117431640625,0,0,0,0,0,0,0,0,0,0,0,0,0,1,1,1,1,0,0,0,0,0,0,0,0
2013-07-17 12:15:00+00:00,60,7,12,327.39068603515625,3.095823287963867,0,0,0,0,0,0,0,0,0,0,0,0,0,0,0,0,1,1,1,1,1,1,1,1,1
2013-07-17 12:15:00+00:00,60,7,12,,394.6730041503906,0,0,0,0,0,0,0,0,0,0,0,0,0,0,0,0,0,0,0,0,0,0,0,0,0
2013-07-17 12:15:00+00:00,60,7,12,,178.50851440429688,0,0,0,0,0,0,0,0,0,0,0,0,0,0,0,0,0,0,0,0,0,0,0,0,0
2013-07-17 12:15:00+00:00,60,7,12,389.6603088378906,358.7015380859375,0,0,0,0,0,0,0,0,0,0,0,0,0,0,0,0,0,0,0,0,0,0,0,0,0
2013-07-17 12:15:00+00:00,60,7,12,381.6575012207031,394.5576477050781,0,0,0,0,0,0,0,0,0,0,0,0,0,0,0,0,0,0,0,0,0,0,0,0,0
2013-07-17 12:15:00+00:00,60,7,12,95.02950286865234,90.9710922241211,0,0,0,0,0,0,0,0,0,1,1,1,1,1,1,1,1,0,0,0,0,0,0,0,0
2013-07-17 12:15:00+00:00,60,7,12,,287.6029357910156,0,0,0,0,0,0,0,0,0,0,0,0,0,0,0,0,0,0,0,0,0,0,0,0,0
2013-07-17 12:15:00+00:00,60,7,12,,216.6132049560547,0,0,0,0,0,0,0,0,0,0,0,0,0,0,0,0,0,0,0,0,0,0,0,0,0
2013-07-17 12:15:00+00:00,60,7,12,154.05795288085938,173.10951232910156,0,0,0,0,0,0,0,0,0,0,0,0,1,1,1,1,1,0,0,0,0,0,0,0,0
2013-07-17 12:15:00+00:00,60,7,12,473.2962646484375,,0,0,0,0,0,0,0,0,0,0,0,0,0,0,0,0,0,0,0,0,0,0,0,0,0
2013-07-17 12:15:00+00:00,60,7,12,402.6681213378906,15.287318229675293,0,0,0,0,0,0,0,0,0,0,0,0,0,0,0,0,0,0,0,1,1,1,1,1,1
2013-07-17 12:15:00+00:00,60,7,12,,,0,0,0,0,0,0,0,0,0,0,0,0,0,0,0,0,0,0,0,0,0,0,0,0,0
2013-07-17 12:15:00+00:00,60,7,12,,,0,0,0,0,0,0,0,0,0,0,0,0,0,0,0,0,0,0,0,0,0,0,0,0,0
2013-07-17 12:15:00+00:00,60,7,12,,,0,0,0,0,0,0,0,0,0,0,0,0,0,0,0,0,0,0,0,0,0,0,0,0,0
2013-07-17 12:30:00+00:00,60,7,12,323.70806884765625,295.9332275390625,0,0,0,0,0,0,0,0,0,0,0,0,0,0,0,0,1,0,0,0,0,0,0,0,0
2013-07-17 12:30:00+00:00,60,7,12,462.5750427246094,197.19680786132812,0,0,0,0,0,0,0,0,0,0,0,0,0,0,0,0,0,0,0,0,0,0,0,0,0
2013-07-17 12:30:00+00:00,60,7,12,,237.6358184814453,0,0,0,0,0,0,0,0,0,0,0,0,0,0,0,0,0,0,0,0,0,0,0,0,0
2013-07-17 12:30:00+00:00,60,7,12,,,0,0,0,0,0,0,0,0,0,0,0,0,0,0,0,0,0,0,0,0,0,0,0,0,0
2013-07-17 12:30:00+00:00,60,7,12,,,0,0,0,0,0,0,0,0,0,0,0,0,0,0,0,0,0,0,0,0,0,0,0,0,0
2013-07-17 12:30:00+00:00,60,7,12,,,0,0,0,0,0,0,0,0,0,0,0,0,0,0,0,0,0,0,0,0,0,0,0,0,0
2013-07-17 12:30:00+00:00,60,7,12,227.61212158203125,121.5587158203125,0,0,0,0,0,0,0,0,0,0,0,0,0,0,1,1,1,0,0,0,0,0,0,0,0
2013-07-17 12:30:00+00:00,60,7,12,343.30792236328125,35.32999801635742,0,0,0,0,0,0,0,0,0,0,0,0,0,0,0,0,1,0,0,0,0,0,1,1,1
2013-07-17 12:30:00+00:00,60,7,12,232.1416015625,252.92550659179688,0,0,0,0,0,0,0,0,0,0,0,0,0,0,1,1,1,0,0,0,0,0,0,0,0
2013-07-17 12:30:00+00:00,60,7,12,205.28692626953125,298.6843566894531,0,0,0,0,0,0,0,0,0,0,0,0,0,0,1,1,1,0,0,0,0,0,0,0,0
2013-07-17 12:30:00+00:00,60,7,12,177.6939239501953,170.8034210205078,0,0,0,0,0,0,0,0,0,0,0,0,1,1,1,1,1,0,0,0,0,0,0,0,0
2013-07-17 12:30:00+00:00,60,7,12,177.54176330566406,140.95089721679688,0,0,0,0,0,0,0,0,0,0,0,0,1,1,1,1,1,0,0,0,0,0,0,0,0
2013-07-17 12:30:00+00:00,60,7,12,,,0,0,0,0,0,0,0,0,0,0,0,0,0,0,0,0,0,0,0,0,0,0,0,0,0
2013-07-17 12:30:00+00:00,60,7,12,,208.05519104003906,0,0,0,0,0,0,0,0,0,0,0,0,0,0,0,0,0,0,0,0,0,0,0,0,0
2013-07-17 12:30:00+00:00,60,7,12,273.545654296875,281.5458984375,0,0,0,0,0,0,0,0,0,0,0,0,0,0,0,1,1,0,0,0,0,0,0,0,0
2013-07-17 12:30:00+00:00,60,7,12,363.49273681640625,373.10400390625,0,0,0,0,0,0,0,0,0,0,0,0,0,0,0,0,0,0,0,0,0,0,0,0,0
2013-07-17 12:30:00+00:00,60,7,12,335.83941650390625,342.4786682128906,0,0,0,0,0,0,0,0,0,0,0,0,0,0,0,0,1,0,0,0,0,0,0,0,0
2013-07-17 12:30:00+00:00,60,7,12,24.592208862304688,3.1311004161834717,0,0,0,1,1,1,1,1,1,1,1,1,1,1,1,1,1,1,1,1,1,1,1,1,1
2013-07-17 12:30:00+00:00,60,7,12,,350.2975769042969,0,0,0,0,0,0,0,0,0,0,0,0,0,0,0,0,0,0,0,0,0,0,0,0,0
2013-07-17 12:30:00+00:00,60,7,12,338.8612365722656,,0,0,0,0,0,0,0,0,0,0,0,0,0,0,0,0,1,0,0,0,0,0,0,0,0
2013-07-17 12:30:00+00:00,60,7,12,596.328125,215.92112731933594,0,0,0,0,0,0,0,0,0,0,0,0,0,0,0,0,0,0,0,0,0,0,0,0,0
2013-07-17 12:30:00+00:00,60,7,12,342.5559387207031,217.18258666992188,0,0,0,0,0,0,0,0,0,0,0,0,0,0,0,0,1,0,0,0,0,0,0,0,0
2013-07-17 12:30:00+00:00,60,7,12,,,0,0,0,0,0,0,0,0,0,0,0,0,0,0,0,0,0,0,0,0,0,0,0,0,0
2013-07-17 12:45:00+00:00,60,7,12,426.2098388671875,397.99066162109375,0,0,0,0,0,0,0,0,0,0,0,0,0,0,0,0,0,0,0,0,0,0,0,0,0
2013-07-17 12:45:00+00:00,60,7,12,,,0,0,0,0,0,0,0,0,0,0,0,0,0,0,0,0,0,0,0,0,0,0,0,0,0
2013-07-17 12:45:00+00:00,60,7,12,,,0,0,0,0,0,0,0,0,0,0,0,0,0,0,0,0,0,0,0,0,0,0,0,0,0
2013-07-17 12:45:00+00:00,60,7,12,,,0,0,0,0,0,0,0,0,0,0,0,0,0,0,0,0,0,0,0,0,0,0,0,0,0
2013-07-17 12:45:00+00:00,60,7,12,,,0,0,0,0,0,0,0,0,0,0,0,0,0,0,0,0,0,0,0,0,0,0,0,0,0
2013-07-17 12:45:00+00:00,60,7,12,,155.7593536376953,0,0,0,0,0,0,0,0,0,0,0,0,0,0,0,0,0,0,0,0,0,0,0,0,0
2013-07-17 12:45:00+00:00,60,7,12,,194.2082977294922,0,0,0,0,0,0,0,0,0,0,0,0,0,0,0,0,0,0,0,0,0,0,0,0,0
2013-07-17 12:45:00+00:00,60,7,12,425.3835754394531,408.76446533203125,0,0,0,0,0,0,0,0,0,0,0,0,0,0,0,0,0,0,0,0,0,0,0,0,0
2013-07-17 12:45:00+00:00,60,7,12,,251.51443481445312,0,0,0,0,0,0,0,0,0,0,0,0,0,0,0,0,0,0,0,0,0,0,0,0,0
2013-07-17 12:45:00+00:00,60,7,12,,61.96513366699219,0,0,0,0,0,0,0,0,0,0,0,0,0,0,0,0,0,0,0,0,0,0,0,0,0
2013-07-17 12:45:00+00:00,60,7,12,,267.68353271484375,0,0,0,0,0,0,0,0,0,0,0,0,0,0,0,0,0,0,0,0,0,0,0,0,0
2013-07-17 12:45:00+00:00,60,7,12,352.7137145996094,23.599220275878906,0,0,0,0,0,0,0,0,0,0,0,0,0,0,0,0,0,0,0,0,1,1,1,1,1
2013-07-17 12:45:00+00:00,60,7,12,,,0,0,0,0,0,0,0,0,0,0,0,0,0,0,0,0,0,0,0,0,0,0,0,0,0
2013-07-17 12:45:00+00:00,60,7,12,,651.469482421875,0,0,0,0,0,0,0,0,0,0,0,0,0,0,0,0,0,0,0,0,0,0,0,0,0
2013-07-17 12:45:00+00:00,60,7,12,111.17107391357422,101.23091888427734,0,0,0,0,0,0,0,0,0,0,1,1,1,1,1,1,1,0,0,0,0,0,0,0,0
2013-07-17 12:45:00+00:00,60,7,12,208.76614379882812,136.7801971435547,0,0,0,0,0,0,0,0,0,0,0,0,0,0,1,1,1,0,0,0,0,0,0,0,0
2013-07-17 12:45:00+00:00,60,7,12,118.49407196044922,110.05719757080078,0,0,0,0,0,0,0,0,0,0,1,1,1,1,1,1,1,0,0,0,0,0,0,0,0
2013-07-17 12:45:00+00:00,60,7,12,87.83889770507812,82.18864440917969,0,0,0,0,0,0,0,0,0,1,1,1,1,1,1,1,1,0,0,0,0,0,0,0,0
2013-07-17 12:45:00+00:00,60,7,12,,,0,0,0,0,0,0,0,0,0,0,0,0,0,0,0,0,0,0,0,0,0,0,0,0,0
2013-07-17 13:00:00+00:00,60,7,13,183.74961853027344,173.80197143554688,0,0,0,0,0,0,0,0,0,0,0,0,0,1,1,1,1,0,0,0,0,0,0,0,0
2013-07-17 13:00:00+00:00,60,7,13,180.6126708984375,148.24026489257812,0,0,0,0,0,0,0,0,0,0,0,0,0,1,1,1,1,0,0,0,0,0,0,0,0
2013-07-17 13:00:00+00:00,60,7,13,,,0,0,0,0,0,0,0,0,0,0,0,0,0,0,0,0,0,0,0,0,0,0,0,0,0
2013-07-17 13:00:00+00:00,60,7,13,,,0,0,0,0,0,0,0,0,0,0,0,0,0,0,0,0,0,0,0,0,0,0,0,0,0
2013-07-17 13:00:00+00:00,60,7,13,,,0,0,0,0,0,0,0,0,0,0,0,0,0,0,0,0,0,0,0,0,0,0,0,0,0
2013-07-17 13:00:00+00:00,60,7,13,232.2812042236328,260.9305725097656,0,0,0,0,0,0,0,0,0,0,0,0,0,0,1,1,1,0,0,0,0,0,0,0,0
2013-07-17 13:00:00+00:00,60,7,13,,163.56033325195312,0,0,0,0,0,0,0,0,0,0,0,0,0,0,0,0,0,0,0,0,0,0,0,0,0
2013-07-17 13:00:00+00:00,60,7,13,,241.11534118652344,0,0,0,0,0,0,0,0,0,0,0,0,0,0,0,0,0,0,0,0,0,0,0,0,0
2013-07-17 13:00:00+00:00,60,7,13,232.0937042236328,237.48509216308594,0,0,0,0,0,0,0,0,0,0,0,0,0,0,1,1,1,0,0,0,0,0,0,0,0
2013-07-17 13:00:00+00:00,60,7,13,370.938232421875,41.64997100830078,0,0,0,0,0,0,0,0,0,0,0,0,0,0,0,0,0,0,0,0,0,0,0,1,1
2013-07-17 13:00:00+00:00,60,7,13,388.5481872558594,381.54296875,0,0,0,0,0,0,0,0,0,0,0,0,0,0,0,0,0,0,0,0,0,0,0,0,0
2013-07-17 13:00:00+00:00,60,7,13,,,0,0,0,0,0,0,0,0,0,0,0,0,0,0,0,0,0,0,0,0,0,0,0,0,0
2013-07-17 13:00:00+00:00,60,7,13,235.67343139648438,210.5046844482422,0,0,0,0,0,0,0,0,0,0,0,0,0,0,1,1,1,0,0,0,0,0,0,0,0
2013-07-17 13:00:00+00:00,60,7,13,197.73626708984375,276.2957458496094,0,0,0,0,0,0,0,0,0,0,0,0,0,1,1,1,1,0,0,0,0,0,0,0,0
2013-07-17 13:00:00+00:00,60,7,13,152.5332794189453,121.79718017578125,0,0,0,0,0,0,0,0,0,0,0,0,1,1,1,1,1,0,0,0,0,0,0,0,0
2013-07-17 13:00:00+00:00,60,7,13,162.69456481933594,154.10687255859375,0,0,0,0,0,0,0,0,0,0,0,0,1,1,1,1,1,0,0,0,0,0,0,0,0
2013-07-17 13:00:00+00:00,60,7,13,282.5928955078125,208.32101440429688,0,0,0,0,0,0,0,0,0,0,0,0,0,0,0,1,1,0,0,0,0,0,0,0,0
2013-07-17 13:00:00+00:00,60,7,13,398.3956604003906,185.27536010742188,0,0,0,0,0,0,0,0,0,0,0,0,0,0,0,0,0,0,0,0,0,0,0,0,0
2013-07-17 13:00:00+00:00,60,7,13,53.94917297363281,42.950782775878906,0,0,0,0,0,0,0,1,1,1,1,1,1,1,1,1,1,0,0,0,0,0,0,1,1
2013-07-17 13:00:00+00:00,60,7,13,447.32122802734375,301.41143798828125,0,0,0,0,0,0,0,0,0,0,0,0,0,0,0,0,0,0,0,0,0,0,0,0,0
2013-07-17 13:00:00+00:00,60,7,13,144.3408203125,151.9541473388672,0,0,0,0,0,0,0,0,0,0,0,1,1,1,1,1,1,0,0,0,0,0,0,0,0
2013-07-17 13:00:00+00:00,60,7,13,44.90242004394531,6.447643280029297,0,0,0,0,0,0,1,1,1,1,1,1,1,1,1,1,1,1,1,1,1,1,1,1,1
2013-07-17 13:00:00+00:00,60,7,13,127.22792053222656,116.91243743896484,0,0,0,0,0,0,0,0,0,0,0,1,1,1,1,1,1,0,0,0,0,0,0,0,0
2013-07-17 13:00:00+00:00,60,7,13,457.41009521484375,379.4791259765625,0,0,0,0,0,0,0,0,0,0,0,0,0,0,0,0,0,0,0,0,0,0,0,0,0
2013-07-17 13:00:00+00:00,60,7,13,489.84967041015625,361.0111083984375,0,0,0,0,0,0,0,0,0,0,0,0,0,0,0,0,0,0,0,0,0,0,0,0,0
2013-07-17 13:00:00+00:00,60,7,13,,413.0843811035156,0,0,0,0,0,0,0,0,0,0,0,0,0,0,0,0,0,0,0,0,0,0,0,0,0
2013-07-17 13:00:00+00:00,60,7,13,54.7818489074707,109.41120910644531,0,0,0,0,0,0,0,1,1,1,1,1,1,1,1,1,1,0,0,0,0,0,0,0,0
2013-07-17 13:00:00+00:00,60,7,13,247.24951171875,308.2291259765625,0,0,0,0,0,0,0,0,0,0,0,0,0,0,1,1,1,0,0,0,0,0,0,0,0
2013-07-17 13:00:00+00:00,60,7,13,,,0,0,0,0,0,0,0,0,0,0,0,0,0,0,0,0,0,0,0,0,0,0,0,0,0
2013-07-17 13:15:00+00:00,60,7,13,,,0,0,0,0,0,0,0,0,0,0,0,0,0,0,0,0,0,0,0,0,0,0,0,0,0
2013-07-17 13:15:00+00:00,60,7,13,,,0,0,0,0,0,0,0,0,0,0,0,0,0,0,0,0,0,0,0,0,0,0,0,0,0
2013-07-17 13:15:00+00:00,60,7,13,106.47278594970703,21.39302635192871,0,0,0,0,0,0,0,0,0,0,1,1,1,1,1,1,1,0,0,0,1,1,1,1,1
2013-07-17 13:15:00+00:00,60,7,13,136.63307189941406,326.9358825683594,0,0,0,0,0,0,0,0,0,0,0,1,1,1,1,1,1,0,0,0,0,0,0,0,0
2013-07-17 13:15:00+00:00,60,7,13,,,0,0,0,0,0,0,0,0,0,0,0,0,0,0,0,0,0,0,0,0,0,0,0,0,0
2013-07-17 13:15:00+00:00,60,7,13,,,0,0,0,0,0,0,0,0,0,0,0,0,0,0,0,0,0,0,0,0,0,0,0,0,0
2013-07-17 13:15:00+00:00,60,7,13,246.5826873779297,203.86038208007812,0,0,0,0,0,0,0,0,0,0,0,0,0,0,1,1,1,0,0,0,0,0,0,0,0
2013-07-17 13:15:00+00:00,60,7,13,128.99290466308594,203.10891723632812,0,0,0,0,0,0,0,0,0,0,0,1,1,1,1,1,1,0,0,0,0,0,0,0,0
2013-07-17 13:15:00+00:00,60,7,13,,,0,0,0,0,0,0,0,0,0,0,0,0,0,0,0,0,0,0,0,0,0,0,0,0,0
2013-07-17 13:15:00+00:00,60,7,13,102.11692810058594,350.009033203125,0,0,0,0,0,0,0,0,0,0,1,1,1,1,1,1,1,0,0,0,0,0,0,0,0
2013-07-17 13:15:00+00:00,60,7,13,211.87379455566406,234.02125549316406,0,0,0,0,0,0,0,0,0,0,0,0,0,0,1,1,1,0,0,0,0,0,0,0,0
2013-07-17 13:15:00+00:00,60,7,13,388.38134765625,234.0266571044922,0,0,0,0,0,0,0,0,0,0,0,0,0,0,0,0,0,0,0,0,0,0,0,0,0
2013-07-17 13:15:00+00:00,60,7,13,159.7565460205078,40.167808532714844,0,0,0,0,0,0,0,0,0,0,0,0,1,1,1,1,1,0,0,0,0,0,0,1,1
2013-07-17 13:15:00+00:00,60,7,13,108.85749053955078,131.03407287597656,0,0,0,0,0,0,0,0,0,0,1,1,1,1,1,1,1,0,0,0,0,0,0,0,0
2013-07-17 13:15:00+00:00,60,7,13,359.6512451171875,271.05322265625,0,0,0,0,0,0,0,0,0,0,0,0,0,0,0,0,0,0,0,0,0,0,0,0,0
2013-07-17 13:30:00+00:00,60,7,13,219.2689208984375,174.63134765625,0,0,0,0,0,0,0,0,0,0,0,0,0,0,1,1,1,0,0,0,0,0,0,0,0
2013-07-17 13:30:00+00:00,60,7,13,507.3904724121094,147.1968536376953,0,0,0,0,0,0,0,0,0,0,0,0,0,0,0,0,0,0,0,0,0,0,0,0,0
2013-07-17 13:30:00+00:00,60,7,13,400.25714111328125,11.31065559387207,0,0,0,0,0,0,0,0,0,0,0,0,0,0,0,0,0,0,1,1,1,1,1,1,1
2013-07-17 13:30:00+00:00,60,7,13,498.5890197753906,161.8389129638672,0,0,0,0,0,0,0,0,0,0,0,0,0,0,0,0,0,0,0,0,0,0,0,0,0
2013-07-17 13:30:00+00:00,60,7,13,279.2681884765625,231.6911163330078,0,0,0,0,0,0,0,0,0,0,0,0,0,0,0,1,1,0,0,0,0,0,0,0,0
2013-07-17 13:30:00+00:00,60,7,13,,567.2728881835938,0,0,0,0,0,0,0,0,0,0,0,0,0,0,0,0,0,0,0,0,0,0,0,0,0
2013-07-17 13:30:00+00:00,60,7,13,398.8407897949219,394.88720703125,0,0,0,0,0,0,0,0,0,0,0,0,0,0,0,0,0,0,0,0,0,0,0,0,0
2013-07-17 13:30:00+00:00,60,7,13,81.55643463134766,53.97997283935547,0,0,0,0,0,0,0,0,0,1,1,1,1,1,1,1,1,0,0,0,0,0,0,0,1
2013-07-17 13:30:00+00:00,60,7,13,368.0771789550781,,0,0,0,0,0,0,0,0,0,0,0,0,0,0,0,0,0,0,0,0,0,0,0,0,0
2013-07-17 13:30:00+00:00,60,7,13,,,0,0,0,0,0,0,0,0,0,0,0,0,0,0,0,0,0,0,0,0,0,0,0,0,0
2013-07-17 13:30:00+00:00,60,7,13,,185.61741638183594,0,0,0,0,0,0,0,0,0,0,0,0,0,0,0,0,0,0,0,0,0,0,0,0,0
2013-07-17 13:30:00+00:00,60,7,13,224.64369201660156,442.5682678222656,0,0,0,0,0,0,0,0,0,0,0,0,0,0,1,1,1,0,0,0,0,0,0,0,0
2013-07-17 13:30:00+00:00,60,7,13,,85.91637420654297,0,0,0,0,0,0,0,0,0,0,0,0,0,0,0,0,0,0,0,0,0,0,0,0,0
2013-07-17 13:30:00+00:00,60,7,13,,79.46669006347656,0,0,0,0,0,0,0,0,0,0,0,0,0,0,0,0,0,0,0,0,0,0,0,0,0
2013-07-17 13:30:00+00:00,60,7,13,40.159828186035156,6.407387733459473,0,0,0,0,0,0,1,1,1,1,1,1,1,1,1,1,1,1,1,1,1,1,1,1,1
2013-07-17 13:30:00+00:00,60,7,13,415.816650390625,,0,0,0,0,0,0,0,0,0,0,0,0,0,0,0,0,0,0,0,0,0,0,0,0,0
2013-07-17 13:30:00+00:00,60,7,13,416.80963134765625,519.5249633789062,0,0,0,0,0,0,0,0,0,0,0,0,0,0,0,0,0,0,0,0,0,0,0,0,0
2013-07-17 13:30:00+00:00,60,7,13,358.9530944824219,460.370361328125,0,0,0,0,0,0,0,0,0,0,0,0,0,0,0,0,0,0,0,0,0,0,0,0,0
2013-07-17 13:45:00+00:00,60,7,13,145.4474639892578,133.53829956054688,0,0,0,0,0,0,0,0,0,0,0,1,1,1,1,1,1,0,0,0,0,0,0,0,0
2013-07-17 13:45:00+00:00,60,7,13,,,0,0,0,0,0,0,0,0,0,0,0,0,0,0,0,0,0,0,0,0,0,0,0,0,0
2013-07-17 13:45:00+00:00,60,7,13,556.008056640625,,0,0,0,0,0,0,0,0,0,0,0,0,0,0,0,0,0,0,0,0,0,0,0,0,0
2013-07-17 13:45:00+00:00,60,7,13,212.8045654296875,165.14837646484375,0,0,0,0,0,0,0,0,0,0,0,0,0,0,1,1,1,0,0,0,0,0,0,0,0
2013-07-17 13:45:00+00:00,60,7,13,132.43899536132812,,0,0,0,0,0,0,0,0,0,0,0,1,1,1,1,1,1,0,0,0,0,0,0,0,0
2013-07-17 13:45:00+00:00,60,7,13,88.68512725830078,210.447021484375,0,0,0,0,0,0,0,0,0,1,1,1,1,1,1,1,1,0,0,0,0,0,0,0,0
2013-07-17 13:45:00+00:00,60,7,13,201.51901245117188,161.06471252441406,0,0,0,0,0,0,0,0,0,0,0,0,0,0,1,1,1,0,0,0,0,0,0,0,0
2013-07-17 13:45:00+00:00,60,7,13,198.4942626953125,268.7930603027344,0,0,0,0,0,0,0,0,0,0,0,0,0,1,1,1,1,0,0,0,0,0,0,0,0
2013-07-17 13:45:00+00:00,60,7,13,221.26502990722656,250.03123474121094,0,0,0,0,0,0,0,0,0,0,0,0,0,0,1,1,1,0,0,0,0,0,0,0,0
2013-07-17 13:45:00+00:00,60,7,13,271.8648986816406,409.2212219238281,0,0,0,0,0,0,0,0,0,0,0,0,0,0,0,1,1,0,0,0,0,0,0,0,0
2013-07-17 13:45:00+00:00,60,7,13,151.000244140625,38.634525299072266,0,0,0,0,0,0,0,0,0,0,0,0,1,1,1,1,1,0,0,0,0,0,1,1,1
2013-07-17 13:45:00+00:00,60,7,13,421.24530029296875,386.649169921875,0,0,0,0,0,0,0,0,0,0,0,0,0,0,0,0,0,0,0,0,0,0,0,0,0
2013-07-17 13:45:00+00:00,60,7,13,445.8418884277344,272.08441162109375,0,0,0,0,0,0,0,0,0,0,0,0,0,0,0,0,0,0,0,0,0,0,0,0,0
2013-07-17 13:45:00+00:00,60,7,13,175.6710205078125,,0,0,0,0,0,0,0,0,0,0,0,0,1,1,1,1,1,0,0,0,0,0,0,0,0
2013-07-17 14:00:00+00:00,60,7,14,285.73931884765625,6.946694850921631,0,0,0,0,0,0,0,0,0,0,0,0,0,0,0,1,1,1,1,1,1,1,1,1,1
2013-07-17 14:00:00+00:00,60,7,14,,,0,0,0,0,0,0,0,0,0,0,0,0,0,0,0,0,0,0,0,0,0,0,0,0,0
2013-07-17 14:00:00+00:00,60,7,14,227.61228942871094,250.89695739746094,0,0,0,0,0,0,0,0,0,0,0,0,0,0,1,1,1,0,0,0,0,0,0,0,0
2013-07-17 14:00:00+00:00,60,7,14,211.5687255859375,246.03196716308594,0,0,0,0,0,0,0,0,0,0,0,0,0,0,1,1,1,0,0,0,0,0,0,0,0
2013-07-17 14:00:00+00:00,60,7,14,,,0,0,0,0,0,0,0,0,0,0,0,0,0,0,0,0,0,0,0,0,0,0,0,0,0
2013-07-17 14:00:00+00:00,60,7,14,,,0,0,0,0,0,0,0,0,0,0,0,0,0,0,0,0,0,0,0,0,0,0,0,0,0
2013-07-17 14:00:00+00:00,60,7,14,211.0081024169922,117.84861755371094,0,0,0,0,0,0,0,0,0,0,0,0,0,0,1,1,1,0,0,0,0,0,0,0,0
2013-07-17 14:00:00+00:00,60,7,14,250.42166137695312,92.92559051513672,0,0,0,0,0,0,0,0,0,0,0,0,0,0,0,1,1,0,0,0,0,0,0,0,0
2013-07-17 14:00:00+00:00,60,7,14,286.5394287109375,71.43778228759766,0,0,0,0,0,0,0,0,0,0,0,0,0,0,0,1,1,0,0,0,0,0,0,0,0
2013-07-17 14:00:00+00:00,60,7,14,272.6628723144531,46.325504302978516,0,0,0,0,0,0,0,0,0,0,0,0,0,0,0,1,1,0,0,0,0,0,0,1,1
2013-07-17 14:00:00+00:00,60,7,14,150.08160400390625,86.4438247680664,0,0,0,0,0,0,0,0,0,0,0,0,1,1,1,1,1,0,0,0,0,0,0,0,0
2013-07-17 14:00:00+00:00,60,7,14,,400.5663757324219,0,0,0,0,0,0,0,0,0,0,0,0,0,0,0,0,0,0,0,0,0,0,0,0,0
2013-07-17 14:00:00+00:00,60,7,14,,,0,0,0,0,0,0,0,0,0,0,0,0,0,0,0,0,0,0,0,0,0,0,0,0,0
2013-07-17 14:00:00+00:00,60,7,14,141.35031127929688,114.42987823486328,0,0,0,0,0,0,0,0,0,0,0,1,1,1,1,1,1,0,0,0,0,0,0,0,0
2013-07-17 14:00:00+00:00,60,7,14,63.87235641479492,35.3679313659668,0,0,0,0,0,0,0,0,1,1,1,1,1,1,1,1,1,0,0,0,0,0,1,1,1
2013-07-17 14:00:00+00:00,60,7,14,150.3986358642578,126.38434600830078,0,0,0,0,0,0,0,0,0,0,0,0,1,1,1,1,1,0,0,0,0,0,0,0,0
2013-07-17 14:00:00+00:00,60,7,14,203.1531524658203,11.018710136413574,0,0,0,0,0,0,0,0,0,0,0,0,0,0,1,1,1,0,1,1,1,1,1,1,1
2013-07-17 14:00:00+00:00,60,7,14,226.75628662109375,4.6968674659729,0,0,0,0,0,0,0,0,0,0,0,0,0,0,1,1,1,1,1,1,1,1,1,1,1
2013-07-17 14:15:00+00:00,60,7,14,301.39202880859375,211.0309600830078,0,0,0,0,0,0,0,0,0,0,0,0,0,0,0,0,1,0,0,0,0,0,0,0,0
2013-07-17 14:15:00+00:00,60,7,14,221.6897735595703,77.73976135253906,0,0,0,0,0,0,0,0,0,0,0,0,0,0,1,1,1,0,0,0,0,0,0,0,0
2013-07-17 14:15:00+00:00,60,7,14,151.64251708984375,4.337141990661621,0,0,0,0,0,0,0,0,0,0,0,0,1,1,1,1,1,1,1,1,1,1,1,1,1
2013-07-17 14:15:00+00:00,60,7,14,207.09695434570312,239.25729370117188,0,0,0,0,0,0,0,0,0,0,0,0,0,0,1,1,1,0,0,0,0,0,0,0,0
2013-07-17 14:15:00+00:00,60,7,14,,,0,0,0,0,0,0,0,0,0,0,0,0,0,0,0,0,0,0,0,0,0,0,0,0,0
2013-07-17 14:15:00+00:00,60,7,14,186.4002685546875,228.08851623535156,0,0,0,0,0,0,0,0,0,0,0,0,0,1,1,1,1,0,0,0,0,0,0,0,0
2013-07-17 14:15:00+00:00,60,7,14,75.98187255859375,61.34066390991211,0,0,0,0,0,0,0,0,1,1,1,1,1,1,1,1,1,0,0,0,0,0,0,0,0
2013-07-17 14:15:00+00:00,60,7,14,195.9592742919922,250.69708251953125,0,0,0,0,0,0,0,0,0,0,0,0,0,1,1,1,1,0,0,0,0,0,0,0,0
2013-07-17 14:15:00+00:00,60,7,14,100.34776306152344,9.359563827514648,0,0,0,0,0,0,0,0,0,0,1,1,1,1,1,1,1,1,1,1,1,1,1,1,1
2013-07-17 14:15:00+00:00,60,7,14,,13.504461288452148,0,0,0,0,0,0,0,0,0,0,0,0,0,0,0,0,0,0,1,1,1,1,1,1,1
2013-07-17 14:15:00+00:00,60,7,14,,352.25408935546875,0,0,0,0,0,0,0,0,0,0,0,0,0,0,0,0,0,0,0,0,0,0,0,0,0
2013-07-17 14:30:00+00:00,60,7,14,77.0535659790039,69.60398864746094,0,0,0,0,0,0,0,0,1,1,1,1,1,1,1,1,1,0,0,0,0,0,0,0,0
2013-07-17 14:30:00+00:00,60,7,14,122.55940246582031,114.14613342285156,0,0,0,0,0,0,0,0,0,0,0,1,1,1,1,1,1,0,0,0,0,0,0,0,0
2013-07-17 14:30:00+00:00,60,7,14,335.19818115234375,,0,0,0,0,0,0,0,0,0,0,0,0,0,0,0,0,1,0,0,0,0,0,0,0,0
2013-07-17 14:30:00+00:00,60,7,14,,,0,0,0,0,0,0,0,0,0,0,0,0,0,0,0,0,0,0,0,0,0,0,0,0,0
2013-07-17 14:30:00+00:00,60,7,14,441.9565734863281,357.1437072753906,0,0,0,0,0,0,0,0,0,0,0,0,0,0,0,0,0,0,0,0,0,0,0,0,0
2013-07-17 14:30:00+00:00,60,7,14,295.9735107421875,348.0928649902344,0,0,0,0,0,0,0,0,0,0,0,0,0,0,0,1,1,0,0,0,0,0,0,0,0
2013-07-17 14:30:00+00:00,60,7,14,222.50619506835938,204.28846740722656,0,0,0,0,0,0,0,0,0,0,0,0,0,0,1,1,1,0,0,0,0,0,0,0,0
2013-07-17 14:30:00+00:00,60,7,14,93.57283782958984,58.500667572021484,0,0,0,0,0,0,0,0,0,1,1,1,1,1,1,1,1,0,0,0,0,0,0,0,1
2013-07-17 14:30:00+00:00,60,7,14,76.7144546508789,330.91607666015625,0,0,0,0,0,0,0,0,1,1,1,1,1,1,1,1,1,0,0,0,0,0,0,0,0
2013-07-17 14:30:00+00:00,60,7,14,104.37191772460938,136.84542846679688,0,0,0,0,0,0,0,0,0,0,1,1,1,1,1,1,1,0,0,0,0,0,0,0,0
2013-07-17 14:30:00+00:00,60,7,14,97.31686401367188,60.10032272338867,0,0,0,0,0,0,0,0,0,1,1,1,1,1,1,1,1,0,0,0,0,0,0,0,0
2013-07-17 14:30:00+00:00,60,7,14,171.88357543945312,130.91648864746094,0,0,0,0,0,0,0,0,0,0,0,0,1,1,1,1,1,0,0,0,0,0,0,0,0
2013-07-17 14:30:00+00:00,60,7,14,108.71839904785156,120.01335906982422,0,0,0,0,0,0,0,0,0,0,1,1,1,1,1,1,1,0,0,0,0,0,0,0,0
2013-07-17 14:30:00+00:00,60,7,14,,,0,0,0,0,0,0,0,0,0,0,0,0,0,0,0,0,0,0,0,0,0,0,0,0,0
2013-07-17 14:30:00+00:00,60,7,14,112.101806640625,67.13475799560547,0,0,0,0,0,0,0,0,0,0,1,1,1,1,1,1,1,0,0,0,0,0,0,0,0
2013-07-17 14:30:00+00:00,60,7,14,66.31353759765625,0.0,0,0,0,0,0,0,0,0,1,1,1,1,1,1,1,1,1,1,1,1,1,1,1,1,1
2013-07-17 14:30:00+00:00,60,7,14,337.3853759765625,204.34286499023438,0,0,0,0,0,0,0,0,0,0,0,0,0,0,0,0,1,0,0,0,0,0,0,0,0
2013-07-17 14:30:00+00:00,60,7,14,,65.39129638671875,0,0,0,0,0,0,0,0,0,0,0,0,0,0,0,0,0,0,0,0,0,0,0,0,0
2013-07-17 14:30:00+00:00,60,7,14,342.9169006347656,,0,0,0,0,0,0,0,0,0,0,0,0,0,0,0,0,1,0,0,0,0,0,0,0,0
2013-07-17 14:45:00+00:00,60,7,14,295.09222412109375,247.75839233398438,0,0,0,0,0,0,0,0,0,0,0,0,0,0,0,1,1,0,0,0,0,0,0,0,0
2013-07-17 14:45:00+00:00,60,7,14,249.8188018798828,233.2803497314453,0,0,0,0,0,0,0,0,0,0,0,0,0,0,1,1,1,0,0,0,0,0,0,0,0
2013-07-17 14:45:00+00:00,60,7,14,398.1654357910156,169.91000366210938,0,0,0,0,0,0,0,0,0,0,0,0,0,0,0,0,0,0,0,0,0,0,0,0,0
2013-07-17 14:45:00+00:00,60,7,14,273.2915344238281,300.8268737792969,0,0,0,0,0,0,0,0,0,0,0,0,0,0,0,1,1,0,0,0,0,0,0,0,0
2013-07-17 14:45:00+00:00,60,7,14,129.39666748046875,153.8340301513672,0,0,0,0,0,0,0,0,0,0,0,1,1,1,1,1,1,0,0,0,0,0,0,0,0
2013-07-17 14:45:00+00:00,60,7,14,140.01023864746094,5.055500030517578,0,0,0,0,0,0,0,0,0,0,0,1,1,1,1,1,1,1,1,1,1,1,1,1,1
2013-07-17 14:45:00+00:00,60,7,14,303.8824768066406,52.80767059326172,0,0,0,0,0,0,0,0,0,0,0,0,0,0,0,0,1,0,0,0,0,0,0,0,1
2013-07-17 14:45:00+00:00,60,7,14,158.79530334472656,35.30425262451172,0,0,0,0,0,0,0,0,0,0,0,0,1,1,1,1,1,0,0,0,0,0,1,1,1
2013-07-17 14:45:00+00:00,60,7,14,100.2577896118164,14.383611679077148,0,0,0,0,0,0,0,0,0,0,1,1,1,1,1,1,1,0,1,1,1,1,1,1,1
2013-07-17 14:45:00+00:00,60,7,14,,138.36903381347656,0,0,0,0,0,0,0,0,0,0,0,0,0,0,0,0,0,0,0,0,0,0,0,0,0
2013-07-17 14:45:00+00:00,60,7,14,,461.5833435058594,0,0,0,0,0,0,0,0,0,0,0,0,0,0,0,0,0,0,0,0,0,0,0,0,0
2013-07-17 15:00:00+00:00,60,7,15,352.737060546875,,0,0,0,0,0,0,0,0,0,0,0,0,0,0,0,0,0,0,0,0,0,0,0,0,0
2013-07-17 15:00:00+00:00,60,7,15,264.8642883300781,238.3085479736328,0,0,0,0,0,0,0,0,0,0,0,0,0,0,0,1,1,0,0,0,0,0,0,0,0
2013-07-17 15:00:00+00:00,60,7,15,282.17669677734375,347.7721862792969,0,0,0,0,0,0,0,0,0,0,0,0,0,0,0,1,1,0,0,0,0,0,0,0,0
2013-07-17 15:00:00+00:00,60,7,15,240.04483032226562,224.46817016601562,0,0,0,0,0,0,0,0,0,0,0,0,0,0,1,1,1,0,0,0,0,0,0,0,0
2013-07-17 15:00:00+00:00,60,7,15,645.8513793945312,,0,0,0,0,0,0,0,0,0,0,0,0,0,0,0,0,0,0,0,0,0,0,0,0,0
2013-07-17 15:00:00+00:00,60,7,15,191.58670043945312,83.91261291503906,0,0,0,0,0,0,0,0,0,0,0,0,0,1,1,1,1,0,0,0,0,0,0,0,0
2013-07-17 15:00:00+00:00,60,7,15,106.70491027832031,35.906097412109375,0,0,0,0,0,0,0,0,0,0,1,1,1,1,1,1,1,0,0,0,0,0,1,1,1
2013-07-17 15:00:00+00:00,60,7,15,,260.49224853515625,0,0,0,0,0,0,0,0,0,0,0,0,0,0,0,0,0,0,0,0,0,0,0,0,0
2013-07-17 15:00:00+00:00,60,7,15,,314.6909484863281,0,0,0,0,0,0,0,0,0,0,0,0,0,0,0,0,0,0,0,0,0,0,0,0,0
2013-07-17 15:15:00+00:00,60,7,15,243.60971069335938,203.57479858398438,0,0,0,0,0,0,0,0,0,0,0,0,0,0,1,1,1,0,0,0,0,0,0,0,0
2013-07-17 15:15:00+00:00,60,7,15,254.11221313476562,233.26763916015625,0,0,0,0,0,0,0,0,0,0,0,0,0,0,0,1,1,0,0,0,0,0,0,0,0
2013-07-17 15:15:00+00:00,60,7,15,142.39013671875,117.77788543701172,0,0,0,0,0,0,0,0,0,0,0,1,1,1,1,1,1,0,0,0,0,0,0,0,0
2013-07-17 15:15:00+00:00,60,7,15,131.78155517578125,57.512550354003906,0,0,0,0,0,0,0,0,0,0,0,1,1,1,1,1,1,0,0,0,0,0,0,0,1
2013-07-17 15:15:00+00:00,60,7,15,304.21142578125,18.100345611572266,0,0,0,0,0,0,0,0,0,0,0,0,0,0,0,0,1,0,0,1,1,1,1,1,1
2013-07-17 15:30:00+00:00,60,7,15,,,0,0,0,0,0,0,0,0,0,0,0,0,0,0,0,0,0,0,0,0,0,0,0,0,0
2013-07-17 15:30:00+00:00,60,7,15,218.4853515625,163.75259399414062,0,0,0,0,0,0,0,0,0,0,0,0,0,0,1,1,1,0,0,0,0,0,0,0,0
2013-07-17 15:30:00+00:00,60,7,15,183.57688903808594,210.1140594482422,0,0,0,0,0,0,0,0,0,0,0,0,0,1,1,1,1,0,0,0,0,0,0,0,0
2013-07-17 15:30:00+00:00,60,7,15,318.40057373046875,232.4212188720703,0,0,0,0,0,0,0,0,0,0,0,0,0,0,0,0,1,0,0,0,0,0,0,0,0
2013-07-17 15:30:00+00:00,60,7,15,64.28472137451172,25.115427017211914,0,0,0,0,0,0,0,0,1,1,1,1,1,1,1,1,1,0,0,0,0,1,1,1,1
2013-07-17 15:30:00+00:00,60,7,15,356.9088134765625,207.647705078125,0,0,0,0,0,0,0,0,0,0,0,0,0,0,0,0,0,0,0,0,0,0,0,0,0
2013-07-17 15:30:00+00:00,60,7,15,,198.86253356933594,0,0,0,0,0,0,0,0,0,0,0,0,0,0,0,0,0,0,0,0,0,0,0,0,0
2013-07-17 15:30:00+00:00,60,7,15,,9.046359062194824,0,0,0,0,0,0,0,0,0,0,0,0,0,0,0,0,0,1,1,1,1,1,1,1,1
2013-07-17 15:30:00+00:00,60,7,15,,0.0,0,0,0,0,0,0,0,0,0,0,0,0,0,0,0,0,0,1,1,1,1,1,1,1,1
2013-07-17 15:30:00+00:00,60,7,15,170.44577026367188,54.78121566772461,0,0,0,0,0,0,0,0,0,0,0,0,1,1,1,1,1,0,0,0,0,0,0,0,1
2013-07-17 15:30:00+00:00,60,7,15,194.94076538085938,89.20875549316406,0,0,0,0,0,0,0,0,0,0,0,0,0,1,1,1,1,0,0,0,0,0,0,0,0
2013-07-17 15:30:00+00:00,60,7,15,411.95135498046875,27.144853591918945,0,0,0,0,0,0,0,0,0,0,0,0,0,0,0,0,0,0,0,0,0,1,1,1,1
2013-07-17 15:30:00+00:00,60,7,15,232.8267059326172,259.7427978515625,0,0,0,0,0,0,0,0,0,0,0,0,0,0,1,1,1,0,0,0,0,0,0,0,0
2013-07-17 15:30:00+00:00,60,7,15,,377.2709045410156,0,0,0,0,0,0,0,0,0,0,0,0,0,0,0,0,0,0,0,0,0,0,0,0,0
2013-07-17 15:30:00+00:00,60,7,15,,431.1125183105469,0,0,0,0,0,0,0,0,0,0,0,0,0,0,0,0,0,0,0,0,0,0,0,0,0
2013-07-17 15:45:00+00:00,60,7,15,274.352294921875,290.8989562988281,0,0,0,0,0,0,0,0,0,0,0,0,0,0,0,1,1,0,0,0,0,0,0,0,0
2013-07-17 15:45:00+00:00,60,7,15,253.8792724609375,271.10894775390625,0,0,0,0,0,0,0,0,0,0,0,0,0,0,0,1,1,0,0,0,0,0,0,0,0
2013-07-17 15:45:00+00:00,60,7,15,185.06320190429688,144.097412109375,0,0,0,0,0,0,0,0,0,0,0,0,0,1,1,1,1,0,0,0,0,0,0,0,0
2013-07-17 15:45:00+00:00,60,7,15,111.83475494384766,89.31349182128906,0,0,0,0,0,0,0,0,0,0,1,1,1,1,1,1,1,0,0,0,0,0,0,0,0
2013-07-17 15:45:00+00:00,60,7,15,260.656005859375,249.060546875,0,0,0,0,0,0,0,0,0,0,0,0,0,0,0,1,1,0,0,0,0,0,0,0,0
2013-07-17 15:45:00+00:00,60,7,15,81.49513244628906,99.9762191772461,0,0,0,0,0,0,0,0,0,1,1,1,1,1,1,1,1,0,0,0,0,0,0,0,0
2013-07-17 15:45:00+00:00,60,7,15,69.42862701416016,57.069358825683594,0,0,0,0,0,0,0,0,1,1,1,1,1,1,1,1,1,0,0,0,0,0,0,0,1
2013-07-17 15:45:00+00:00,60,7,15,133.72360229492188,274.7525329589844,0,0,0,0,0,0,0,0,0,0,0,1,1,1,1,1,1,0,0,0,0,0,0,0,0
2013-07-17 15:45:00+00:00,60,7,15,110.25760650634766,41.1416130065918,0,0,0,0,0,0,0,0,0,0,1,1,1,1,1,1,1,0,0,0,0,0,0,1,1
2013-07-17 15:45:00+00:00,60,7,15,89.99063110351562,18.0812931060791,0,0,0,0,0,0,0,0,0,1,1,1,1,1,1,1,1,0,0,1,1,1,1,1,1
2013-07-17 15:45:00+00:00,60,7,15,137.2116241455078,202.58717346191406,0,0,0,0,0,0,0,0,0,0,0,1,1,1,1,1,1,0,0,0,0,0,0,0,0
2013-07-17 15:45:00+00:00,60,7,15,,27.31585693359375,0,0,0,0,0,0,0,0,0,0,0,0,0,0,0,0,0,0,0,0,0,1,1,1,1
2013-07-17 15:45:00+00:00,60,7,15,,0.0,0,0,0,0,0,0,0,0,0,0,0,0,0,0,0,0,0,1,1,1,1,1,1,1,1
2013-07-17 15:45:00+00:00,60,7,15,419.16607666015625,6.849584102630615,0,0,0,0,0,0,0,0,0,0,0,0,0,0,0,0,0,1,1,1,1,1,1,1,1
2013-07-17 16:00:00+00:00,60,7,16,291.25543212890625,231.38755798339844,0,0,0,0,0,0,0,0,0,0,0,0,0,0,0,1,1,0,0,0,0,0,0,0,0
2013-07-17 16:00:00+00:00,60,7,16,,318.0649108886719,0,0,0,0,0,0,0,0,0,0,0,0,0,0,0,0,0,0,0,0,0,0,0,0,0
2013-07-17 16:00:00+00:00,60,7,16,67.9742660522461,62.1693000793457,0,0,0,0,0,0,0,0,1,1,1,1,1,1,1,1,1,0,0,0,0,0,0,0,0
2013-07-17 16:00:00+00:00,60,7,16,157.79122924804688,132.77024841308594,0,0,0,0,0,0,0,0,0,0,0,0,1,1,1,1,1,0,0,0,0,0,0,0,0
2013-07-17 16:00:00+00:00,60,7,16,261.88885498046875,111.42633056640625,0,0,0,0,0,0,0,0,0,0,0,0,0,0,0,1,1,0,0,0,0,0,0,0,0
2013-07-17 16:00:00+00:00,60,7,16,,209.00296020507812,0,0,0,0,0,0,0,0,0,0,0,0,0,0,0,0,0,0,0,0,0,0,0,0,0
2013-07-17 16:00:00+00:00,60,7,16,101.79139709472656,79.7198486328125,0,0,0,0,0,0,0,0,0,0,1,1,1,1,1,1,1,0,0,0,0,0,0,0,0
2013-07-17 16:00:00+00:00,60,7,16,75.80939483642578,130.48922729492188,0,0,0,0,0,0,0,0,1,1,1,1,1,1,1,1,1,0,0,0,0,0,0,0,0
2013-07-17 16:00:00+00:00,60,7,16,85.18338775634766,0.0,0,0,0,0,0,0,0,0,0,1,1,1,1,1,1,1,1,1,1,1,1,1,1,1,1
2013-07-17 16:00:00+00:00,60,7,16,164.54306030273438,39.17426681518555,0,0,0,0,0,0,0,0,0,0,0,0,1,1,1,1,1,0,0,0,0,0,1,1,1
2013-07-17 16:00:00+00:00,60,7,16,,0.0,0,0,0,0,0,0,0,0,0,0,0,0,0,0,0,0,0,1,1,1,1,1,1,1,1
2013-07-17 16:00:00+00:00,60,7,16,,591.644775390625,0,0,0,0,0,0,0,0,0,0,0,0,0,0,0,0,0,0,0,0,0,0,0,0,0
2013-07-17 16:15:00+00:00,60,7,16,135.05226135253906,103.78829956054688,0,0,0,0,0,0,0,0,0,0,0,1,1,1,1,1,1,0,0,0,0,0,0,0,0
2013-07-17 16:15:00+00:00,60,7,16,139.20150756835938,51.967655181884766,0,0,0,0,0,0,0,0,0,0,0,1,1,1,1,1,1,0,0,0,0,0,0,0,1
2013-07-17 16:15:00+00:00,60,7,16,119.99534606933594,275.4407958984375,0,0,0,0,0,0,0,0,0,0,1,1,1,1,1,1,1,0,0,0,0,0,0,0,0
2013-07-17 16:15:00+00:00,60,7,16,138.61415100097656,576.0809326171875,0,0,0,0,0,0,0,0,0,0,0,1,1,1,1,1,1,0,0,0,0,0,0,0,0
2013-07-17 16:15:00+00:00,60,7,16,69.3042984008789,27.15865707397461,0,0,0,0,0,0,0,0,1,1,1,1,1,1,1,1,1,0,0,0,0,1,1,1,1
2013-07-17 16:30:00+00:00,60,7,16,359.8717346191406,319.87896728515625,0,0,0,0,0,0,0,0,0,0,0,0,0,0,0,0,0,0,0,0,0,0,0,0,0
2013-07-17 16:30:00+00:00,60,7,16,42.13768768310547,15.32282543182373,0,0,0,0,0,0,1,1,1,1,1,1,1,1,1,1,1,0,0,1,1,1,1,1,1
2013-07-17 16:30:00+00:00,60,7,16,460.64349365234375,318.99017333984375,0,0,0,0,0,0,0,0,0,0,0,0,0,0,0,0,0,0,0,0,0,0,0,0,0
2013-07-17 16:30:00+00:00,60,7,16,502.528076171875,71.311767578125,0,0,0,0,0,0,0,0,0,0,0,0,0,0,0,0,0,0,0,0,0,0,0,0,0
2013-07-17 16:30:00+00:00,60,7,16,162.239501953125,105.33207702636719,0,0,0,0,0,0,0,0,0,0,0,0,1,1,1,1,1,0,0,0,0,0,0,0,0
2013-07-17 16:30:00+00:00,60,7,16,156.33526611328125,0.0,0,0,0,0,0,0,0,0,0,0,0,0,1,1,1,1,1,1,1,1,1,1,1,1,1
2013-07-17 16:45:00+00:00,60,7,16,416.3590087890625,248.50546264648438,0,0,0,0,0,0,0,0,0,0,0,0,0,0,0,0,0,0,0,0,0,0,0,0,0
2013-07-17 16:45:00+00:00,60,7,16,233.71966552734375,201.57969665527344,0,0,0,0,0,0,0,0,0,0,0,0,0,0,1,1,1,0,0,0,0,0,0,0,0
2013-07-17 16:45:00+00:00,60,7,16,313.83441162109375,27.60569190979004,0,0,0,0,0,0,0,0,0,0,0,0,0,0,0,0,1,0,0,0,0,1,1,1,1
2013-07-17 16:45:00+00:00,60,7,16,232.90704345703125,37.152671813964844,0,0,0,0,0,0,0,0,0,0,0,0,0,0,1,1,1,0,0,0,0,0,1,1,1
2013-07-17 16:45:00+00:00,60,7,16,107.65070343017578,33.81809997558594,0,0,0,0,0,0,0,0,0,0,1,1,1,1,1,1,1,0,0,0,0,0,1,1,1
2013-07-17 16:45:00+00:00,60,7,16,594.2008056640625,,0,0,0,0,0,0,0,0,0,0,0,0,0,0,0,0,0,0,0,0,0,0,0,0,0
2013-07-17 16:45:00+00:00,60,7,16,,,0,0,0,0,0,0,0,0,0,0,0,0,0,0,0,0,0,0,0,0,0,0,0,0,0
2013-07-17 16:45:00+00:00,60,7,16,,,0,0,0,0,0,0,0,0,0,0,0,0,0,0,0,0,0,0,0,0,0,0,0,0,0
2013-07-17 17:00:00+00:00,60,7,17,127.56160736083984,,0,0,0,0,0,0,0,0,0,0,0,1,1,1,1,1,1,0,0,0,0,0,0,0,0
2013-07-17 17:00:00+00:00,60,7,17,302.8830261230469,322.5753479003906,0,0,0,0,0,0,0,0,0,0,0,0,0,0,0,0,1,0,0,0,0,0,0,0,0
2013-07-17 17:00:00+00:00,60,7,17,304.4836120605469,284.8902282714844,0,0,0,0,0,0,0,0,0,0,0,0,0,0,0,0,1,0,0,0,0,0,0,0,0
2013-07-17 17:00:00+00:00,60,7,17,176.5018768310547,,0,0,0,0,0,0,0,0,0,0,0,0,1,1,1,1,1,0,0,0,0,0,0,0,0
2013-07-17 17:00:00+00:00,60,7,17,82.27742004394531,12.433918952941895,0,0,0,0,0,0,0,0,0,1,1,1,1,1,1,1,1,0,1,1,1,1,1,1,1
2013-07-17 17:00:00+00:00,60,7,17,265.59478759765625,226.4805908203125,0,0,0,0,0,0,0,0,0,0,0,0,0,0,0,1,1,0,0,0,0,0,0,0,0
2013-07-17 17:00:00+00:00,60,7,17,197.98220825195312,166.45303344726562,0,0,0,0,0,0,0,0,0,0,0,0,0,1,1,1,1,0,0,0,0,0,0,0,0
2013-07-17 17:00:00+00:00,60,7,17,230.25604248046875,321.95465087890625,0,0,0,0,0,0,0,0,0,0,0,0,0,0,1,1,1,0,0,0,0,0,0,0,0
2013-07-17 17:00:00+00:00,60,7,17,136.49359130859375,4.455899238586426,0,0,0,0,0,0,0,0,0,0,0,1,1,1,1,1,1,1,1,1,1,1,1,1,1
2013-07-17 17:00:00+00:00,60,7,17,66.08187103271484,42.74098205566406,0,0,0,0,0,0,0,0,1,1,1,1,1,1,1,1,1,0,0,0,0,0,0,1,1
2013-07-17 17:15:00+00:00,60,7,17,205.9108428955078,185.92620849609375,0,0,0,0,0,0,0,0,0,0,0,0,0,0,1,1,1,0,0,0,0,0,0,0,0
2013-07-17 17:15:00+00:00,60,7,17,,,0,0,0,0,0,0,0,0,0,0,0,0,0,0,0,0,0,0,0,0,0,0,0,0,0
2013-07-17 17:15:00+00:00,60,7,17,318.0257873535156,302.2414245605469,0,0,0,0,0,0,0,0,0,0,0,0,0,0,0,0,1,0,0,0,0,0,0,0,0
2013-07-17 17:15:00+00:00,60,7,17,45.51651382446289,17.164722442626953,0,0,0,0,0,0,1,1,1,1,1,1,1,1,1,1,1,0,0,1,1,1,1,1,1
2013-07-17 17:15:00+00:00,60,7,17,55.67197036743164,9.513859748840332,0,0,0,0,0,0,0,1,1,1,1,1,1,1,1,1,1,1,1,1,1,1,1,1,1
2013-07-17 17:30:00+00:00,60,7,17,136.98013305664062,336.1548156738281,0,0,0,0,0,0,0,0,0,0,0,1,1,1,1,1,1,0,0,0,0,0,0,0,0
2013-07-17 17:30:00+00:00,60,7,17,351.402587890625,362.02972412109375,0,0,0,0,0,0,0,0,0,0,0,0,0,0,0,0,0,0,0,0,0,0,0,0,0
2013-07-17 17:45:00+00:00,60,7,17,344.40386962890625,,0,0,0,0,0,0,0,0,0,0,0,0,0,0,0,0,1,0,0,0,0,0,0,0,0
2013-07-17 17:45:00+00:00,60,7,17,217.64248657226562,,0,0,0,0,0,0,0,0,0,0,0,0,0,0,1,1,1,0,0,0,0,0,0,0,0
2013-07-17 17:45:00+00:00,60,7,17,274.5367431640625,6.939363956451416,0,0,0,0,0,0,0,0,0,0,0,0,0,0,0,1,1,1,1,1,1,1,1,1,1
2013-07-17 17:45:00+00:00,60,7,17,99.62548065185547,,0,0,0,0,0,0,0,0,0,1,1,1,1,1,1,1,1,0,0,0,0,0,0,0,0
2013-07-17 17:45:00+00:00,60,7,17,280.7967224121094,145.7031707763672,0,0,0,0,0,0,0,0,0,0,0,0,0,0,0,1,1,0,0,0,0,0,0,0,0
2013-07-17 17:45:00+00:00,60,7,17,125.27954864501953,21.350906372070312,0,0,0,0,0,0,0,0,0,0,0,1,1,1,1,1,1,0,0,0,1,1,1,1,1
2013-07-17 17:45:00+00:00,60,7,17,,,0,0,0,0,0,0,0,0,0,0,0,0,0,0,0,0,0,0,0,0,0,0,0,0,0
2013-07-17 17:45:00+00:00,60,7,17,,,0,0,0,0,0,0,0,0,0,0,0,0,0,0,0,0,0,0,0,0,0,0,0,0,0
2013-07-18 10:00:00+00:00,60,7,10,,319.7479248046875,0,0,0,0,0,0,0,0,0,0,0,0,0,0,0,0,0,0,0,0,0,0,0,0,0
2013-07-18 10:00:00+00:00,60,7,10,,317.57916259765625,0,0,0,0,0,0,0,0,0,0,0,0,0,0,0,0,0,0,0,0,0,0,0,0,0
2013-07-18 10:00:00+00:00,60,7,10,66.18264770507812,95.46453857421875,0,0,0,0,0,0,0,0,1,1,1,1,1,1,1,1,1,0,0,0,0,0,0,0,0
2013-07-18 10:00:00+00:00,60,7,10,,,0,0,0,0,0,0,0,0,0,0,0,0,0,0,0,0,0,0,0,0,0,0,0,0,0
2013-07-18 10:00:00+00:00,60,7,10,,413.6197204589844,0,0,0,0,0,0,0,0,0,0,0,0,0,0,0,0,0,0,0,0,0,0,0,0,0
2013-07-18 10:00:00+00:00,60,7,10,,471.9284362792969,0,0,0,0,0,0,0,0,0,0,0,0,0,0,0,0,0,0,0,0,0,0,0,0,0
2013-07-18 10:00:00+00:00,60,7,10,,445.37945556640625,0,0,0,0,0,0,0,0,0,0,0,0,0,0,0,0,0,0,0,0,0,0,0,0,0
2013-07-18 10:15:00+00:00,60,7,10,,,0,0,0,0,0,0,0,0,0,0,0,0,0,0,0,0,0,0,0,0,0,0,0,0,0
2013-07-18 10:15:00+00:00,60,7,10,,,0,0,0,0,0,0,0,0,0,0,0,0,0,0,0,0,0,0,0,0,0,0,0,0,0
2013-07-18 10:15:00+00:00,60,7,10,,75.70001220703125,0,0,0,0,0,0,0,0,0,0,0,0,0,0,0,0,0,0,0,0,0,0,0,0,0
2013-07-18 10:15:00+00:00,60,7,10,,22.344816207885742,0,0,0,0,0,0,0,0,0,0,0,0,0,0,0,0,0,0,0,0,1,1,1,1,1
2013-07-18 10:15:00+00:00,60,7,10,,7.7524261474609375,0,0,0,0,0,0,0,0,0,0,0,0,0,0,0,0,0,1,1,1,1,1,1,1,1
2013-07-18 10:15:00+00:00,60,7,10,,295.749755859375,0,0,0,0,0,0,0,0,0,0,0,0,0,0,0,0,0,0,0,0,0,0,0,0,0
2013-07-18 10:15:00+00:00,60,7,10,,267.43798828125,0,0,0,0,0,0,0,0,0,0,0,0,0,0,0,0,0,0,0,0,0,0,0,0,0
2013-07-18 10:15:00+00:00,60,7,10,,,0,0,0,0,0,0,0,0,0,0,0,0,0,0,0,0,0,0,0,0,0,0,0,0,0
2013-07-18 10:30:00+00:00,60,7,10,,,0,0,0,0,0,0,0,0,0,0,0,0,0,0,0,0,0,0,0,0,0,0,0,0,0
2013-07-18 10:30:00+00:00,60,7,10,,245.9257354736328,0,0,0,0,0,0,0,0,0,0,0,0,0,0,0,0,0,0,0,0,0,0,0,0,0
2013-07-18 10:30:00+00:00,60,7,10,141.42013549804688,106.10083770751953,0,0,0,0,0,0,0,0,0,0,0,1,1,1,1,1,1,0,0,0,0,0,0,0,0
2013-07-18 10:30:00+00:00,60,7,10,111.43006896972656,62.70170211791992,0,0,0,0,0,0,0,0,0,0,1,1,1,1,1,1,1,0,0,0,0,0,0,0,0
2013-07-18 10:30:00+00:00,60,7,10,,75.77680206298828,0,0,0,0,0,0,0,0,0,0,0,0,0,0,0,0,0,0,0,0,0,0,0,0,0
2013-07-18 10:30:00+00:00,60,7,10,,144.203857421875,0,0,0,0,0,0,0,0,0,0,0,0,0,0,0,0,0,0,0,0,0,0,0,0,0
2013-07-18 10:45:00+00:00,60,7,10,,93.68435668945312,0,0,0,0,0,0,0,0,0,0,0,0,0,0,0,0,0,0,0,0,0,0,0,0,0
2013-07-18 10:45:00+00:00,60,7,10,,,0,0,0,0,0,0,0,0,0,0,0,0,0,0,0,0,0,0,0,0,0,0,0,0,0
2013-07-18 10:45:00+00:00,60,7,10,155.61074829101562,40.28276824951172,0,0,0,0,0,0,0,0,0,0,0,0,1,1,1,1,1,0,0,0,0,0,0,1,1
2013-07-18 10:45:00+00:00,60,7,10,,431.73211669921875,0,0,0,0,0,0,0,0,0,0,0,0,0,0,0,0,0,0,0,0,0,0,0,0,0
2013-07-18 10:45:00+00:00,60,7,10,,67.9483871459961,0,0,0,0,0,0,0,0,0,0,0,0,0,0,0,0,0,0,0,0,0,0,0,0,0
2013-07-18 10:45:00+00:00,60,7,10,,98.85447692871094,0,0,0,0,0,0,0,0,0,0,0,0,0,0,0,0,0,0,0,0,0,0,0,0,0
2013-07-18 10:45:00+00:00,60,7,10,,0.0,0,0,0,0,0,0,0,0,0,0,0,0,0,0,0,0,0,1,1,1,1,1,1,1,1
2013-07-18 11:00:00+00:00,60,7,11,,,0,0,0,0,0,0,0,0,0,0,0,0,0,0,0,0,0,0,0,0,0,0,0,0,0
2013-07-18 11:00:00+00:00,60,7,11,144.5977783203125,151.3019256591797,0,0,0,0,0,0,0,0,0,0,0,1,1,1,1,1,1,0,0,0,0,0,0,0,0
2013-07-18 11:00:00+00:00,60,7,11,133.81222534179688,78.67280578613281,0,0,0,0,0,0,0,0,0,0,0,1,1,1,1,1,1,0,0,0,0,0,0,0,0
2013-07-18 11:00:00+00:00,60,7,11,224.1021728515625,280.6771240234375,0,0,0,0,0,0,0,0,0,0,0,0,0,0,1,1,1,0,0,0,0,0,0,0,0
2013-07-18 11:00:00+00:00,60,7,11,345.3113708496094,323.753173828125,0,0,0,0,0,0,0,0,0,0,0,0,0,0,0,0,1,0,0,0,0,0,0,0,0
2013-07-18 11:00:00+00:00,60,7,11,,416.63726806640625,0,0,0,0,0,0,0,0,0,0,0,0,0,0,0,0,0,0,0,0,0,0,0,0,0
2013-07-18 11:00:00+00:00,60,7,11,,,0,0,0,0,0,0,0,0,0,0,0,0,0,0,0,0,0,0,0,0,0,0,0,0,0
2013-07-18 11:15:00+00:00,60,7,11,,,0,0,0,0,0,0,0,0,0,0,0,0,0,0,0,0,0,0,0,0,0,0,0,0,0
2013-07-18 11:15:00+00:00,60,7,11,179.6680145263672,142.6157989501953,0,0,0,0,0,0,0,0,0,0,0,0,1,1,1,1,1,0,0,0,0,0,0,0,0
2013-07-18 11:15:00+00:00,60,7,11,280.21856689453125,15.656562805175781,0,0,0,0,0,0,0,0,0,0,0,0,0,0,0,1,1,0,0,1,1,1,1,1,1
2013-07-18 11:15:00+00:00,60,7,11,313.9741516113281,71.39601135253906,0,0,0,0,0,0,0,0,0,0,0,0,0,0,0,0,1,0,0,0,0,0,0,0,0
2013-07-18 11:15:00+00:00,60,7,11,133.07875061035156,143.86849975585938,0,0,0,0,0,0,0,0,0,0,0,1,1,1,1,1,1,0,0,0,0,0,0,0,0
2013-07-18 11:15:00+00:00,60,7,11,339.4913024902344,141.7519073486328,0,0,0,0,0,0,0,0,0,0,0,0,0,0,0,0,1,0,0,0,0,0,0,0,0
2013-07-18 11:15:00+00:00,60,7,11,225.4741973876953,220.66661071777344,0,0,0,0,0,0,0,0,0,0,0,0,0,0,1,1,1,0,0,0,0,0,0,0,0
2013-07-18 11:15:00+00:00,60,7,11,,,0,0,0,0,0,0,0,0,0,0,0,0,0,0,0,0,0,0,0,0,0,0,0,0,0
2013-07-18 11:30:00+00:00,60,7,11,,,0,0,0,0,0,0,0,0,0,0,0,0,0,0,0,0,0,0,0,0,0,0,0,0,0
2013-07-18 11:30:00+00:00,60,7,11,,,0,0,0,0,0,0,0,0,0,0,0,0,0,0,0,0,0,0,0,0,0,0,0,0,0
2013-07-18 11:30:00+00:00,60,7,11,,,0,0,0,0,0,0,0,0,0,0,0,0,0,0,0,0,0,0,0,0,0,0,0,0,0
2013-07-18 11:30:00+00:00,60,7,11,,,0,0,0,0,0,0,0,0,0,0,0,0,0,0,0,0,0,0,0,0,0,0,0,0,0
2013-07-18 11:30:00+00:00,60,7,11,156.12278747558594,173.38839721679688,0,0,0,0,0,0,0,0,0,0,0,0,1,1,1,1,1,0,0,0,0,0,0,0,0
2013-07-18 11:30:00+00:00,60,7,11,316.4156799316406,,0,0,0,0,0,0,0,0,0,0,0,0,0,0,0,0,1,0,0,0,0,0,0,0,0
2013-07-18 11:30:00+00:00,60,7,11,288.38031005859375,12.859380722045898,0,0,0,0,0,0,0,0,0,0,0,0,0,0,0,1,1,0,1,1,1,1,1,1,1
2013-07-18 11:30:00+00:00,60,7,11,,436.71832275390625,0,0,0,0,0,0,0,0,0,0,0,0,0,0,0,0,0,0,0,0,0,0,0,0,0
2013-07-18 11:45:00+00:00,60,7,11,,383.63238525390625,0,0,0,0,0,0,0,0,0,0,0,0,0,0,0,0,0,0,0,0,0,0,0,0,0
2013-07-18 11:45:00+00:00,60,7,11,,,0,0,0,0,0,0,0,0,0,0,0,0,0,0,0,0,0,0,0,0,0,0,0,0,0
2013-07-18 11:45:00+00:00,60,7,11,,,0,0,0,0,0,0,0,0,0,0,0,0,0,0,0,0,0,0,0,0,0,0,0,0,0
2013-07-18 11:45:00+00:00,60,7,11,,,0,0,0,0,0,0,0,0,0,0,0,0,0,0,0,0,0,0,0,0,0,0,0,0,0
2013-07-18 11:45:00+00:00,60,7,11,,,0,0,0,0,0,0,0,0,0,0,0,0,0,0,0,0,0,0,0,0,0,0,0,0,0
2013-07-18 11:45:00+00:00,60,7,11,431.1484069824219,431.81182861328125,0,0,0,0,0,0,0,0,0,0,0,0,0,0,0,0,0,0,0,0,0,0,0,0,0
2013-07-18 11:45:00+00:00,60,7,11,455.007080078125,459.6100158691406,0,0,0,0,0,0,0,0,0,0,0,0,0,0,0,0,0,0,0,0,0,0,0,0,0
2013-07-18 11:45:00+00:00,60,7,11,,,0,0,0,0,0,0,0,0,0,0,0,0,0,0,0,0,0,0,0,0,0,0,0,0,0
2013-07-18 11:45:00+00:00,60,7,11,305.771484375,97.42526245117188,0,0,0,0,0,0,0,0,0,0,0,0,0,0,0,0,1,0,0,0,0,0,0,0,0
2013-07-18 11:45:00+00:00,60,7,11,408.8822937011719,417.3773498535156,0,0,0,0,0,0,0,0,0,0,0,0,0,0,0,0,0,0,0,0,0,0,0,0,0
2013-07-18 11:45:00+00:00,60,7,11,,,0,0,0,0,0,0,0,0,0,0,0,0,0,0,0,0,0,0,0,0,0,0,0,0,0
2013-07-18 11:45:00+00:00,60,7,11,,,0,0,0,0,0,0,0,0,0,0,0,0,0,0,0,0,0,0,0,0,0,0,0,0,0
2013-07-18 12:00:00+00:00,60,7,12,,58.87101745605469,0,0,0,0,0,0,0,0,0,0,0,0,0,0,0,0,0,0,0,0,0,0,0,0,1
2013-07-18 12:00:00+00:00,60,7,12,,,0,0,0,0,0,0,0,0,0,0,0,0,0,0,0,0,0,0,0,0,0,0,0,0,0
2013-07-18 12:00:00+00:00,60,7,12,,247.0757598876953,0,0,0,0,0,0,0,0,0,0,0,0,0,0,0,0,0,0,0,0,0,0,0,0,0
2013-07-18 12:00:00+00:00,60,7,12,234.0228729248047,264.8494567871094,0,0,0,0,0,0,0,0,0,0,0,0,0,0,1,1,1,0,0,0,0,0,0,0,0
2013-07-18 12:00:00+00:00,60,7,12,427.9573974609375,388.58380126953125,0,0,0,0,0,0,0,0,0,0,0,0,0,0,0,0,0,0,0,0,0,0,0,0,0
2013-07-18 12:00:00+00:00,60,7,12,,,0,0,0,0,0,0,0,0,0,0,0,0,0,0,0,0,0,0,0,0,0,0,0,0,0
2013-07-18 12:00:00+00:00,60,7,12,115.32682800292969,44.34400939941406,0,0,0,0,0,0,0,0,0,0,1,1,1,1,1,1,1,0,0,0,0,0,0,1,1
2013-07-18 12:00:00+00:00,60,7,12,,,0,0,0,0,0,0,0,0,0,0,0,0,0,0,0,0,0,0,0,0,0,0,0,0,0
2013-07-18 12:00:00+00:00,60,7,12,,427.4203186035156,0,0,0,0,0,0,0,0,0,0,0,0,0,0,0,0,0,0,0,0,0,0,0,0,0
2013-07-18 12:15:00+00:00,60,7,12,,491.3252868652344,0,0,0,0,0,0,0,0,0,0,0,0,0,0,0,0,0,0,0,0,0,0,0,0,0
2013-07-18 12:15:00+00:00,60,7,12,,201.19900512695312,0,0,0,0,0,0,0,0,0,0,0,0,0,0,0,0,0,0,0,0,0,0,0,0,0
2013-07-18 12:15:00+00:00,60,7,12,,71.98455047607422,0,0,0,0,0,0,0,0,0,0,0,0,0,0,0,0,0,0,0,0,0,0,0,0,0
2013-07-18 12:15:00+00:00,60,7,12,436.7278137207031,279.9515686035156,0,0,0,0,0,0,0,0,0,0,0,0,0,0,0,0,0,0,0,0,0,0,0,0,0
2013-07-18 12:15:00+00:00,60,7,12,,,0,0,0,0,0,0,0,0,0,0,0,0,0,0,0,0,0,0,0,0,0,0,0,0,0
2013-07-18 12:15:00+00:00,60,7,12,,501.22418212890625,0,0,0,0,0,0,0,0,0,0,0,0,0,0,0,0,0,0,0,0,0,0,0,0,0
2013-07-18 12:15:00+00:00,60,7,12,,,0,0,0,0,0,0,0,0,0,0,0,0,0,0,0,0,0,0,0,0,0,0,0,0,0
2013-07-18 12:15:00+00:00,60,7,12,188.52908325195312,62.05635070800781,0,0,0,0,0,0,0,0,0,0,0,0,0,1,1,1,1,0,0,0,0,0,0,0,0
2013-07-18 12:15:00+00:00,60,7,12,166.89283752441406,18.289573669433594,0,0,0,0,0,0,0,0,0,0,0,0,1,1,1,1,1,0,0,1,1,1,1,1,1
2013-07-18 12:15:00+00:00,60,7,12,140.10743713378906,258.7277526855469,0,0,0,0,0,0,0,0,0,0,0,1,1,1,1,1,1,0,0,0,0,0,0,0,0
2013-07-18 12:15:00+00:00,60,7,12,,,0,0,0,0,0,0,0,0,0,0,0,0,0,0,0,0,0,0,0,0,0,0,0,0,0
2013-07-18 12:30:00+00:00,60,7,12,,,0,0,0,0,0,0,0,0,0,0,0,0,0,0,0,0,0,0,0,0,0,0,0,0,0
2013-07-18 12:30:00+00:00,60,7,12,435.793212890625,271.6453857421875,0,0,0,0,0,0,0,0,0,0,0,0,0,0,0,0,0,0,0,0,0,0,0,0,0
2013-07-18 12:30:00+00:00,60,7,12,,,0,0,0,0,0,0,0,0,0,0,0,0,0,0,0,0,0,0,0,0,0,0,0,0,0
2013-07-18 12:30:00+00:00,60,7,12,,,0,0,0,0,0,0,0,0,0,0,0,0,0,0,0,0,0,0,0,0,0,0,0,0,0
2013-07-18 12:30:00+00:00,60,7,12,352.9449157714844,441.32183837890625,0,0,0,0,0,0,0,0,0,0,0,0,0,0,0,0,0,0,0,0,0,0,0,0,0
2013-07-18 12:30:00+00:00,60,7,12,,394.17822265625,0,0,0,0,0,0,0,0,0,0,0,0,0,0,0,0,0,0,0,0,0,0,0,0,0
2013-07-18 12:30:00+00:00,60,7,12,135.33990478515625,66.08705139160156,0,0,0,0,0,0,0,0,0,0,0,1,1,1,1,1,1,0,0,0,0,0,0,0,0
2013-07-18 12:30:00+00:00,60,7,12,,,0,0,0,0,0,0,0,0,0,0,0,0,0,0,0,0,0,0,0,0,0,0,0,0,0
2013-07-18 12:30:00+00:00,60,7,12,,,0,0,0,0,0,0,0,0,0,0,0,0,0,0,0,0,0,0,0,0,0,0,0,0,0
2013-07-18 12:30:00+00:00,60,7,12,73.0315170288086,62.584232330322266,0,0,0,0,0,0,0,0,1,1,1,1,1,1,1,1,1,0,0,0,0,0,0,0,0
2013-07-18 12:30:00+00:00,60,7,12,,,0,0,0,0,0,0,0,0,0,0,0,0,0,0,0,0,0,0,0,0,0,0,0,0,0
2013-07-18 12:30:00+00:00,60,7,12,,56.2242546081543,0,0,0,0,0,0,0,0,0,0,0,0,0,0,0,0,0,0,0,0,0,0,0,0,1
2013-07-18 12:30:00+00:00,60,7,12,,93.41693878173828,0,0,0,0,0,0,0,0,0,0,0,0,0,0,0,0,0,0,0,0,0,0,0,0,0
2013-07-18 12:30:00+00:00,60,7,12,,,0,0,0,0,0,0,0,0,0,0,0,0,0,0,0,0,0,0,0,0,0,0,0,0,0
2013-07-18 12:45:00+00:00,60,7,12,,,0,0,0,0,0,0,0,0,0,0,0,0,0,0,0,0,0,0,0,0,0,0,0,0,0
2013-07-18 12:45:00+00:00,60,7,12,39.12466812133789,73.14794921875,0,0,0,0,0,1,1,1,1,1,1,1,1,1,1,1,1,0,0,0,0,0,0,0,0
2013-07-18 12:45:00+00:00,60,7,12,256.14886474609375,259.922607421875,0,0,0,0,0,0,0,0,0,0,0,0,0,0,0,1,1,0,0,0,0,0,0,0,0
2013-07-18 12:45:00+00:00,60,7,12,224.2241973876953,229.69241333007812,0,0,0,0,0,0,0,0,0,0,0,0,0,0,1,1,1,0,0,0,0,0,0,0,0
2013-07-18 12:45:00+00:00,60,7,12,242.90786743164062,222.85508728027344,0,0,0,0,0,0,0,0,0,0,0,0,0,0,1,1,1,0,0,0,0,0,0,0,0
2013-07-18 12:45:00+00:00,60,7,12,361.9353942871094,426.3838195800781,0,0,0,0,0,0,0,0,0,0,0,0,0,0,0,0,0,0,0,0,0,0,0,0,0
2013-07-18 12:45:00+00:00,60,7,12,,,0,0,0,0,0,0,0,0,0,0,0,0,0,0,0,0,0,0,0,0,0,0,0,0,0
2013-07-18 12:45:00+00:00,60,7,12,,,0,0,0,0,0,0,0,0,0,0,0,0,0,0,0,0,0,0,0,0,0,0,0,0,0
2013-07-18 12:45:00+00:00,60,7,12,,41.08510208129883,0,0,0,0,0,0,0,0,0,0,0,0,0,0,0,0,0,0,0,0,0,0,0,1,1
2013-07-18 12:45:00+00:00,60,7,12,,316.02117919921875,0,0,0,0,0,0,0,0,0,0,0,0,0,0,0,0,0,0,0,0,0,0,0,0,0
2013-07-18 12:45:00+00:00,60,7,12,209.31161499023438,6.563669204711914,0,0,0,0,0,0,0,0,0,0,0,0,0,0,1,1,1,1,1,1,1,1,1,1,1
2013-07-18 12:45:00+00:00,60,7,12,166.26614379882812,49.63732147216797,0,0,0,0,0,0,0,0,0,0,0,0,1,1,1,1,1,0,0,0,0,0,0,1,1
2013-07-18 12:45:00+00:00,60,7,12,181.43589782714844,92.34600067138672,0,0,0,0,0,0,0,0,0,0,0,0,0,1,1,1,1,0,0,0,0,0,0,0,0
2013-07-18 12:45:00+00:00,60,7,12,83.98995971679688,63.78438186645508,0,0,0,0,0,0,0,0,0,1,1,1,1,1,1,1,1,0,0,0,0,0,0,0,0
2013-07-18 12:45:00+00:00,60,7,12,,286.48785400390625,0,0,0,0,0,0,0,0,0,0,0,0,0,0,0,0,0,0,0,0,0,0,0,0,0
2013-07-18 12:45:00+00:00,60,7,12,193.0132293701172,44.31532669067383,0,0,0,0,0,0,0,0,0,0,0,0,0,1,1,1,1,0,0,0,0,0,0,1,1
2013-07-18 12:45:00+00:00,60,7,12,,,0,0,0,0,0,0,0,0,0,0,0,0,0,0,0,0,0,0,0,0,0,0,0,0,0
2013-07-18 12:45:00+00:00,60,7,12,,8.689457893371582,0,0,0,0,0,0,0,0,0,0,0,0,0,0,0,0,0,1,1,1,1,1,1,1,1
2013-07-18 12:45:00+00:00,60,7,12,,52.265079498291016,0,0,0,0,0,0,0,0,0,0,0,0,0,0,0,0,0,0,0,0,0,0,0,0,1
2013-07-18 12:45:00+00:00,60,7,12,,28.274181365966797,0,0,0,0,0,0,0,0,0,0,0,0,0,0,0,0,0,0,0,0,0,1,1,1,1
2013-07-18 12:45:00+00:00,60,7,12,,228.95545959472656,0,0,0,0,0,0,0,0,0,0,0,0,0,0,0,0,0,0,0,0,0,0,0,0,0
2013-07-18 13:00:00+00:00,60,7,13,,,0,0,0,0,0,0,0,0,0,0,0,0,0,0,0,0,0,0,0,0,0,0,0,0,0
2013-07-18 13:00:00+00:00,60,7,13,,,0,0,0,0,0,0,0,0,0,0,0,0,0,0,0,0,0,0,0,0,0,0,0,0,0
2013-07-18 13:00:00+00:00,60,7,13,557.7639770507812,490.9314880371094,0,0,0,0,0,0,0,0,0,0,0,0,0,0,0,0,0,0,0,0,0,0,0,0,0
2013-07-18 13:00:00+00:00,60,7,13,,141.01632690429688,0,0,0,0,0,0,0,0,0,0,0,0,0,0,0,0,0,0,0,0,0,0,0,0,0
2013-07-18 13:00:00+00:00,60,7,13,,21.943798065185547,0,0,0,0,0,0,0,0,0,0,0,0,0,0,0,0,0,0,0,0,1,1,1,1,1
2013-07-18 13:00:00+00:00,60,7,13,,25.37759017944336,0,0,0,0,0,0,0,0,0,0,0,0,0,0,0,0,0,0,0,0,0,1,1,1,1
2013-07-18 13:00:00+00:00,60,7,13,395.8620910644531,194.5701141357422,0,0,0,0,0,0,0,0,0,0,0,0,0,0,0,0,0,0,0,0,0,0,0,0,0
2013-07-18 13:00:00+00:00,60,7,13,147.2831268310547,51.6092529296875,0,0,0,0,0,0,0,0,0,0,0,1,1,1,1,1,1,0,0,0,0,0,0,0,1
2013-07-18 13:00:00+00:00,60,7,13,,,0,0,0,0,0,0,0,0,0,0,0,0,0,0,0,0,0,0,0,0,0,0,0,0,0
2013-07-18 13:00:00+00:00,60,7,13,277.05816650390625,117.55177307128906,0,0,0,0,0,0,0,0,0,0,0,0,0,0,0,1,1,0,0,0,0,0,0,0,0
2013-07-18 13:00:00+00:00,60,7,13,205.0078582763672,18.2103214263916,0,0,0,0,0,0,0,0,0,0,0,0,0,0,1,1,1,0,0,1,1,1,1,1,1
2013-07-18 13:00:00+00:00,60,7,13,164.6576690673828,22.39797019958496,0,0,0,0,0,0,0,0,0,0,0,0,1,1,1,1,1,0,0,0,1,1,1,1,1
2013-07-18 13:00:00+00:00,60,7,13,,78.37821197509766,0,0,0,0,0,0,0,0,0,0,0,0,0,0,0,0,0,0,0,0,0,0,0,0,0
2013-07-18 13:00:00+00:00,60,7,13,136.076416015625,191.2820587158203,0,0,0,0,0,0,0,0,0,0,0,1,1,1,1,1,1,0,0,0,0,0,0,0,0
2013-07-18 13:00:00+00:00,60,7,13,121.68893432617188,188.0475616455078,0,0,0,0,0,0,0,0,0,0,0,1,1,1,1,1,1,0,0,0,0,0,0,0,0
2013-07-18 13:00:00+00:00,60,7,13,199.17002868652344,199.3415985107422,0,0,0,0,0,0,0,0,0,0,0,0,0,1,1,1,1,0,0,0,0,0,0,0,0
2013-07-18 13:00:00+00:00,60,7,13,138.1231231689453,9.333908081054688,0,0,0,0,0,0,0,0,0,0,0,1,1,1,1,1,1,1,1,1,1,1,1,1,1
2013-07-18 13:00:00+00:00,60,7,13,,132.76666259765625,0,0,0,0,0,0,0,0,0,0,0,0,0,0,0,0,0,0,0,0,0,0,0,0,0
2013-07-18 13:00:00+00:00,60,7,13,,62.44649887084961,0,0,0,0,0,0,0,0,0,0,0,0,0,0,0,0,0,0,0,0,0,0,0,0,0
2013-07-18 13:00:00+00:00,60,7,13,,153.3610382080078,0,0,0,0,0,0,0,0,0,0,0,0,0,0,0,0,0,0,0,0,0,0,0,0,0
2013-07-18 13:15:00+00:00,60,7,13,,,0,0,0,0,0,0,0,0,0,0,0,0,0,0,0,0,0,0,0,0,0,0,0,0,0
2013-07-18 13:15:00+00:00,60,7,13,163.01824951171875,,0,0,0,0,0,0,0,0,0,0,0,0,1,1,1,1,1,0,0,0,0,0,0,0,0
2013-07-18 13:15:00+00:00,60,7,13,208.58868408203125,67.91918182373047,0,0,0,0,0,0,0,0,0,0,0,0,0,0,1,1,1,0,0,0,0,0,0,0,0
2013-07-18 13:15:00+00:00,60,7,13,402.07098388671875,396.3044128417969,0,0,0,0,0,0,0,0,0,0,0,0,0,0,0,0,0,0,0,0,0,0,0,0,0
2013-07-18 13:15:00+00:00,60,7,13,337.2218017578125,432.8610534667969,0,0,0,0,0,0,0,0,0,0,0,0,0,0,0,0,1,0,0,0,0,0,0,0,0
2013-07-18 13:15:00+00:00,60,7,13,,0.0,0,0,0,0,0,0,0,0,0,0,0,0,0,0,0,0,0,1,1,1,1,1,1,1,1
2013-07-18 13:15:00+00:00,60,7,13,253.51593017578125,46.14152145385742,0,0,0,0,0,0,0,0,0,0,0,0,0,0,0,1,1,0,0,0,0,0,0,1,1
2013-07-18 13:15:00+00:00,60,7,13,,195.4122772216797,0,0,0,0,0,0,0,0,0,0,0,0,0,0,0,0,0,0,0,0,0,0,0,0,0
2013-07-18 13:15:00+00:00,60,7,13,282.51678466796875,161.70347595214844,0,0,0,0,0,0,0,0,0,0,0,0,0,0,0,1,1,0,0,0,0,0,0,0,0
2013-07-18 13:15:00+00:00,60,7,13,106.01119995117188,67.1612319946289,0,0,0,0,0,0,0,0,0,0,1,1,1,1,1,1,1,0,0,0,0,0,0,0,0
2013-07-18 13:15:00+00:00,60,7,13,,373.96173095703125,0,0,0,0,0,0,0,0,0,0,0,0,0,0,0,0,0,0,0,0,0,0,0,0,0
2013-07-18 13:15:00+00:00,60,7,13,77.22753143310547,24.986427307128906,0,0,0,0,0,0,0,0,1,1,1,1,1,1,1,1,1,0,0,0,1,1,1,1,1
2013-07-18 13:15:00+00:00,60,7,13,72.43052673339844,49.506385803222656,0,0,0,0,0,0,0,0,1,1,1,1,1,1,1,1,1,0,0,0,0,0,0,1,1
2013-07-18 13:15:00+00:00,60,7,13,174.965576171875,13.262344360351562,0,0,0,0,0,0,0,0,0,0,0,0,1,1,1,1,1,0,1,1,1,1,1,1,1
2013-07-18 13:15:00+00:00,60,7,13,,6.119563579559326,0,0,0,0,0,0,0,0,0,0,0,0,0,0,0,0,0,1,1,1,1,1,1,1,1
2013-07-18 13:15:00+00:00,60,7,13,,33.832679748535156,0,0,0,0,0,0,0,0,0,0,0,0,0,0,0,0,0,0,0,0,0,0,1,1,1
2013-07-18 13:15:00+00:00,60,7,13,,,0,0,0,0,0,0,0,0,0,0,0,0,0,0,0,0,0,0,0,0,0,0,0,0,0
2013-07-18 13:15:00+00:00,60,7,13,,169.63430786132812,0,0,0,0,0,0,0,0,0,0,0,0,0,0,0,0,0,0,0,0,0,0,0,0,0
2013-07-18 13:30:00+00:00,60,7,13,,,0,0,0,0,0,0,0,0,0,0,0,0,0,0,0,0,0,0,0,0,0,0,0,0,0
2013-07-18 13:30:00+00:00,60,7,13,249.00863647460938,294.731201171875,0,0,0,0,0,0,0,0,0,0,0,0,0,0,1,1,1,0,0,0,0,0,0,0,0
2013-07-18 13:30:00+00:00,60,7,13,125.55232238769531,81.97381591796875,0,0,0,0,0,0,0,0,0,0,0,1,1,1,1,1,1,0,0,0,0,0,0,0,0
2013-07-18 13:30:00+00:00,60,7,13,325.447021484375,292.1339111328125,0,0,0,0,0,0,0,0,0,0,0,0,0,0,0,0,1,0,0,0,0,0,0,0,0
2013-07-18 13:30:00+00:00,60,7,13,,363.6650695800781,0,0,0,0,0,0,0,0,0,0,0,0,0,0,0,0,0,0,0,0,0,0,0,0,0
2013-07-18 13:30:00+00:00,60,7,13,125.28606414794922,64.58647918701172,0,0,0,0,0,0,0,0,0,0,0,1,1,1,1,1,1,0,0,0,0,0,0,0,0
2013-07-18 13:30:00+00:00,60,7,13,,157.55908203125,0,0,0,0,0,0,0,0,0,0,0,0,0,0,0,0,0,0,0,0,0,0,0,0,0
2013-07-18 13:30:00+00:00,60,7,13,59.31818389892578,26.180387496948242,0,0,0,0,0,0,0,1,1,1,1,1,1,1,1,1,1,0,0,0,0,1,1,1,1
2013-07-18 13:30:00+00:00,60,7,13,,368.2703857421875,0,0,0,0,0,0,0,0,0,0,0,0,0,0,0,0,0,0,0,0,0,0,0,0,0
2013-07-18 13:30:00+00:00,60,7,13,185.24234008789062,7.394830226898193,0,0,0,0,0,0,0,0,0,0,0,0,0,1,1,1,1,1,1,1,1,1,1,1,1
2013-07-18 13:30:00+00:00,60,7,13,59.67599105834961,18.856754302978516,0,0,0,0,0,0,0,1,1,1,1,1,1,1,1,1,1,0,0,1,1,1,1,1,1
2013-07-18 13:30:00+00:00,60,7,13,78.93402099609375,26.372682571411133,0,0,0,0,0,0,0,0,1,1,1,1,1,1,1,1,1,0,0,0,0,1,1,1,1
2013-07-18 13:30:00+00:00,60,7,13,178.97427368164062,15.444278717041016,0,0,0,0,0,0,0,0,0,0,0,0,1,1,1,1,1,0,0,1,1,1,1,1,1
2013-07-18 13:30:00+00:00,60,7,13,45.24311447143555,74.2729263305664,0,0,0,0,0,0,1,1,1,1,1,1,1,1,1,1,1,0,0,0,0,0,0,0,0
2013-07-18 13:30:00+00:00,60,7,13,,301.87890625,0,0,0,0,0,0,0,0,0,0,0,0,0,0,0,0,0,0,0,0,0,0,0,0,0
2013-07-18 13:30:00+00:00,60,7,13,145.81680297851562,28.557392120361328,0,0,0,0,0,0,0,0,0,0,0,1,1,1,1,1,1,0,0,0,0,1,1,1,1
2013-07-18 13:30:00+00:00,60,7,13,111.3016357421875,4.66444730758667,0,0,0,0,0,0,0,0,0,0,1,1,1,1,1,1,1,1,1,1,1,1,1,1,1
2013-07-18 13:30:00+00:00,60,7,13,204.48109436035156,9.593127250671387,0,0,0,0,0,0,0,0,0,0,0,0,0,0,1,1,1,1,1,1,1,1,1,1,1
2013-07-18 13:30:00+00:00,60,7,13,148.5978240966797,37.0067138671875,0,0,0,0,0,0,0,0,0,0,0,1,1,1,1,1,1,0,0,0,0,0,1,1,1
2013-07-18 13:30:00+00:00,60,7,13,95.28921508789062,206.24612426757812,0,0,0,0,0,0,0,0,0,1,1,1,1,1,1,1,1,0,0,0,0,0,0,0,0
2013-07-18 13:30:00+00:00,60,7,13,,,0,0,0,0,0,0,0,0,0,0,0,0,0,0,0,0,0,0,0,0,0,0,0,0,0
2013-07-18 13:30:00+00:00,60,7,13,,4.403901100158691,0,0,0,0,0,0,0,0,0,0,0,0,0,0,0,0,0,1,1,1,1,1,1,1,1
2013-07-18 13:30:00+00:00,60,7,13,,42.67382049560547,0,0,0,0,0,0,0,0,0,0,0,0,0,0,0,0,0,0,0,0,0,0,0,1,1
2013-07-18 13:30:00+00:00,60,7,13,87.18968963623047,383.404052734375,0,0,0,0,0,0,0,0,0,1,1,1,1,1,1,1,1,0,0,0,0,0,0,0,0
2013-07-18 13:45:00+00:00,60,7,13,,,0,0,0,0,0,0,0,0,0,0,0,0,0,0,0,0,0,0,0,0,0,0,0,0,0
2013-07-18 13:45:00+00:00,60,7,13,606.01318359375,,0,0,0,0,0,0,0,0,0,0,0,0,0,0,0,0,0,0,0,0,0,0,0,0,0
2013-07-18 13:45:00+00:00,60,7,13,248.6455841064453,220.69219970703125,0,0,0,0,0,0,0,0,0,0,0,0,0,0,1,1,1,0,0,0,0,0,0,0,0
2013-07-18 13:45:00+00:00,60,7,13,136.18711853027344,84.62908172607422,0,0,0,0,0,0,0,0,0,0,0,1,1,1,1,1,1,0,0,0,0,0,0,0,0
2013-07-18 13:45:00+00:00,60,7,13,,,0,0,0,0,0,0,0,0,0,0,0,0,0,0,0,0,0,0,0,0,0,0,0,0,0
2013-07-18 13:45:00+00:00,60,7,13,86.86078643798828,17.797853469848633,0,0,0,0,0,0,0,0,0,1,1,1,1,1,1,1,1,0,0,1,1,1,1,1,1
2013-07-18 13:45:00+00:00,60,7,13,,66.97099304199219,0,0,0,0,0,0,0,0,0,0,0,0,0,0,0,0,0,0,0,0,0,0,0,0,0
2013-07-18 13:45:00+00:00,60,7,13,182.4606475830078,120.68740844726562,0,0,0,0,0,0,0,0,0,0,0,0,0,1,1,1,1,0,0,0,0,0,0,0,0
2013-07-18 13:45:00+00:00,60,7,13,40.544952392578125,35.898902893066406,0,0,0,0,0,0,1,1,1,1,1,1,1,1,1,1,1,0,0,0,0,0,1,1,1
2013-07-18 13:45:00+00:00,60,7,13,62.33180618286133,12.619318962097168,0,0,0,0,0,0,0,0,1,1,1,1,1,1,1,1,1,0,1,1,1,1,1,1,1
2013-07-18 13:45:00+00:00,60,7,13,175.50511169433594,52.94023513793945,0,0,0,0,0,0,0,0,0,0,0,0,1,1,1,1,1,0,0,0,0,0,0,0,1
2013-07-18 13:45:00+00:00,60,7,13,88.97962951660156,74.99971771240234,0,0,0,0,0,0,0,0,0,1,1,1,1,1,1,1,1,0,0,0,0,0,0,0,0
2013-07-18 13:45:00+00:00,60,7,13,30.745771408081055,0.0,0,0,0,0,0,1,1,1,1,1,1,1,1,1,1,1,1,1,1,1,1,1,1,1,1
2013-07-18 13:45:00+00:00,60,7,13,179.28668212890625,59.23013687133789,0,0,0,0,0,0,0,0,0,0,0,0,1,1,1,1,1,0,0,0,0,0,0,0,1
2013-07-18 13:45:00+00:00,60,7,13,372.06793212890625,9.323657035827637,0,0,0,0,0,0,0,0,0,0,0,0,0,0,0,0,0,1,1,1,1,1,1,1,1
2013-07-18 13:45:00+00:00,60,7,13,153.45774841308594,14.040298461914062,0,0,0,0,0,0,0,0,0,0,0,0,1,1,1,1,1,0,1,1,1,1,1,1,1
2013-07-18 13:45:00+00:00,60,7,13,346.01898193359375,333.31304931640625,0,0,0,0,0,0,0,0,0,0,0,0,0,0,0,0,1,0,0,0,0,0,0,0,0
2013-07-18 13:45:00+00:00,60,7,13,,,0,0,0,0,0,0,0,0,0,0,0,0,0,0,0,0,0,0,0,0,0,0,0,0,0
2013-07-18 14:00:00+00:00,60,7,14,,,0,0,0,0,0,0,0,0,0,0,0,0,0,0,0,0,0,0,0,0,0,0,0,0,0
2013-07-18 14:00:00+00:00,60,7,14,,,0,0,0,0,0,0,0,0,0,0,0,0,0,0,0,0,0,0,0,0,0,0,0,0,0
2013-07-18 14:00:00+00:00,60,7,14,,,0,0,0,0,0,0,0,0,0,0,0,0,0,0,0,0,0,0,0,0,0,0,0,0,0
2013-07-18 14:00:00+00:00,60,7,14,384.0378112792969,106.97727966308594,0,0,0,0,0,0,0,0,0,0,0,0,0,0,0,0,0,0,0,0,0,0,0,0,0
2013-07-18 14:00:00+00:00,60,7,14,212.10617065429688,115.68049621582031,0,0,0,0,0,0,0,0,0,0,0,0,0,0,1,1,1,0,0,0,0,0,0,0,0
2013-07-18 14:00:00+00:00,60,7,14,,,0,0,0,0,0,0,0,0,0,0,0,0,0,0,0,0,0,0,0,0,0,0,0,0,0
2013-07-18 14:00:00+00:00,60,7,14,181.53097534179688,124.83385467529297,0,0,0,0,0,0,0,0,0,0,0,0,0,1,1,1,1,0,0,0,0,0,0,0,0
2013-07-18 14:00:00+00:00,60,7,14,175.41165161132812,116.41622161865234,0,0,0,0,0,0,0,0,0,0,0,0,1,1,1,1,1,0,0,0,0,0,0,0,0
2013-07-18 14:00:00+00:00,60,7,14,95.78881072998047,28.393539428710938,0,0,0,0,0,0,0,0,0,1,1,1,1,1,1,1,1,0,0,0,0,1,1,1,1
2013-07-18 14:00:00+00:00,60,7,14,200.63067626953125,0.0,0,0,0,0,0,0,0,0,0,0,0,0,0,0,1,1,1,1,1,1,1,1,1,1,1
2013-07-18 14:00:00+00:00,60,7,14,43.494590759277344,315.63006591796875,0,0,0,0,0,0,1,1,1,1,1,1,1,1,1,1,1,0,0,0,0,0,0,0,0
2013-07-18 14:15:00+00:00,60,7,14,,,0,0,0,0,0,0,0,0,0,0,0,0,0,0,0,0,0,0,0,0,0,0,0,0,0
2013-07-18 14:15:00+00:00,60,7,14,,,0,0,0,0,0,0,0,0,0,0,0,0,0,0,0,0,0,0,0,0,0,0,0,0,0
2013-07-18 14:15:00+00:00,60,7,14,,,0,0,0,0,0,0,0,0,0,0,0,0,0,0,0,0,0,0,0,0,0,0,0,0,0
2013-07-18 14:15:00+00:00,60,7,14,,,0,0,0,0,0,0,0,0,0,0,0,0,0,0,0,0,0,0,0,0,0,0,0,0,0
2013-07-18 14:15:00+00:00,60,7,14,,,0,0,0,0,0,0,0,0,0,0,0,0,0,0,0,0,0,0,0,0,0,0,0,0,0
2013-07-18 14:15:00+00:00,60,7,14,123.2789077758789,32.79472732543945,0,0,0,0,0,0,0,0,0,0,0,1,1,1,1,1,1,0,0,0,0,0,1,1,1
2013-07-18 14:15:00+00:00,60,7,14,74.39089965820312,37.78669738769531,0,0,0,0,0,0,0,0,1,1,1,1,1,1,1,1,1,0,0,0,0,0,1,1,1
2013-07-18 14:15:00+00:00,60,7,14,145.9993438720703,35.06516647338867,0,0,0,0,0,0,0,0,0,0,0,1,1,1,1,1,1,0,0,0,0,0,1,1,1
2013-07-18 14:15:00+00:00,60,7,14,322.11090087890625,301.6320495605469,0,0,0,0,0,0,0,0,0,0,0,0,0,0,0,0,1,0,0,0,0,0,0,0,0
2013-07-18 14:15:00+00:00,60,7,14,126.27668762207031,185.1975555419922,0,0,0,0,0,0,0,0,0,0,0,1,1,1,1,1,1,0,0,0,0,0,0,0,0
2013-07-18 14:15:00+00:00,60,7,14,99.37120056152344,45.40532302856445,0,0,0,0,0,0,0,0,0,1,1,1,1,1,1,1,1,0,0,0,0,0,0,1,1
2013-07-18 14:15:00+00:00,60,7,14,383.70233154296875,87.92950439453125,0,0,0,0,0,0,0,0,0,0,0,0,0,0,0,0,0,0,0,0,0,0,0,0,0
2013-07-18 14:15:00+00:00,60,7,14,666.67822265625,758.0518798828125,0,0,0,0,0,0,0,0,0,0,0,0,0,0,0,0,0,0,0,0,0,0,0,0,0
2013-07-18 14:15:00+00:00,60,7,14,707.2161254882812,761.5874633789062,0,0,0,0,0,0,0,0,0,0,0,0,0,0,0,0,0,0,0,0,0,0,0,0,0
2013-07-18 14:30:00+00:00,60,7,14,,,0,0,0,0,0,0,0,0,0,0,0,0,0,0,0,0,0,0,0,0,0,0,0,0,0
2013-07-18 14:30:00+00:00,60,7,14,,,0,0,0,0,0,0,0,0,0,0,0,0,0,0,0,0,0,0,0,0,0,0,0,0,0
2013-07-18 14:30:00+00:00,60,7,14,212.23941040039062,84.03723907470703,0,0,0,0,0,0,0,0,0,0,0,0,0,0,1,1,1,0,0,0,0,0,0,0,0
2013-07-18 14:30:00+00:00,60,7,14,314.9686279296875,266.2276306152344,0,0,0,0,0,0,0,0,0,0,0,0,0,0,0,0,1,0,0,0,0,0,0,0,0
2013-07-18 14:30:00+00:00,60,7,14,295.4816589355469,206.80484008789062,0,0,0,0,0,0,0,0,0,0,0,0,0,0,0,1,1,0,0,0,0,0,0,0,0
2013-07-18 14:30:00+00:00,60,7,14,352.600341796875,322.1448974609375,0,0,0,0,0,0,0,0,0,0,0,0,0,0,0,0,0,0,0,0,0,0,0,0,0
2013-07-18 14:30:00+00:00,60,7,14,224.94522094726562,195.54833984375,0,0,0,0,0,0,0,0,0,0,0,0,0,0,1,1,1,0,0,0,0,0,0,0,0
2013-07-18 14:30:00+00:00,60,7,14,272.4327697753906,236.92938232421875,0,0,0,0,0,0,0,0,0,0,0,0,0,0,0,1,1,0,0,0,0,0,0,0,0
2013-07-18 14:30:00+00:00,60,7,14,303.82757568359375,265.53717041015625,0,0,0,0,0,0,0,0,0,0,0,0,0,0,0,0,1,0,0,0,0,0,0,0,0
2013-07-18 14:30:00+00:00,60,7,14,220.7434844970703,121.7232894897461,0,0,0,0,0,0,0,0,0,0,0,0,0,0,1,1,1,0,0,0,0,0,0,0,0
2013-07-18 14:30:00+00:00,60,7,14,105.27452087402344,139.9316864013672,0,0,0,0,0,0,0,0,0,0,1,1,1,1,1,1,1,0,0,0,0,0,0,0,0
2013-07-18 14:30:00+00:00,60,7,14,251.3607177734375,224.4803009033203,0,0,0,0,0,0,0,0,0,0,0,0,0,0,0,1,1,0,0,0,0,0,0,0,0
2013-07-18 14:30:00+00:00,60,7,14,356.2349853515625,,0,0,0,0,0,0,0,0,0,0,0,0,0,0,0,0,0,0,0,0,0,0,0,0,0
2013-07-18 14:30:00+00:00,60,7,14,64.04690551757812,29.23064613342285,0,0,0,0,0,0,0,0,1,1,1,1,1,1,1,1,1,0,0,0,0,1,1,1,1
2013-07-18 14:30:00+00:00,60,7,14,194.85227966308594,143.64602661132812,0,0,0,0,0,0,0,0,0,0,0,0,0,1,1,1,1,0,0,0,0,0,0,0,0
2013-07-18 14:30:00+00:00,60,7,14,60.624176025390625,111.42191314697266,0,0,0,0,0,0,0,0,1,1,1,1,1,1,1,1,1,0,0,0,0,0,0,0,0
2013-07-18 14:45:00+00:00,60,7,14,,,0,0,0,0,0,0,0,0,0,0,0,0,0,0,0,0,0,0,0,0,0,0,0,0,0
2013-07-18 14:45:00+00:00,60,7,14,,,0,0,0,0,0,0,0,0,0,0,0,0,0,0,0,0,0,0,0,0,0,0,0,0,0
2013-07-18 14:45:00+00:00,60,7,14,,,0,0,0,0,0,0,0,0,0,0,0,0,0,0,0,0,0,0,0,0,0,0,0,0,0
2013-07-18 14:45:00+00:00,60,7,14,,,0,0,0,0,0,0,0,0,0,0,0,0,0,0,0,0,0,0,0,0,0,0,0,0,0
2013-07-18 14:45:00+00:00,60,7,14,,,0,0,0,0,0,0,0,0,0,0,0,0,0,0,0,0,0,0,0,0,0,0,0,0,0
2013-07-18 14:45:00+00:00,60,7,14,196.59751892089844,173.55113220214844,0,0,0,0,0,0,0,0,0,0,0,0,0,1,1,1,1,0,0,0,0,0,0,0,0
2013-07-18 14:45:00+00:00,60,7,14,124.30719757080078,86.2003402709961,0,0,0,0,0,0,0,0,0,0,0,1,1,1,1,1,1,0,0,0,0,0,0,0,0
2013-07-18 14:45:00+00:00,60,7,14,,,0,0,0,0,0,0,0,0,0,0,0,0,0,0,0,0,0,0,0,0,0,0,0,0,0
2013-07-18 14:45:00+00:00,60,7,14,,,0,0,0,0,0,0,0,0,0,0,0,0,0,0,0,0,0,0,0,0,0,0,0,0,0
2013-07-18 14:45:00+00:00,60,7,14,55.64875793457031,56.24393844604492,0,0,0,0,0,0,0,1,1,1,1,1,1,1,1,1,1,0,0,0,0,0,0,0,1
2013-07-18 14:45:00+00:00,60,7,14,303.1061706542969,223.22808837890625,0,0,0,0,0,0,0,0,0,0,0,0,0,0,0,0,1,0,0,0,0,0,0,0,0
2013-07-18 14:45:00+00:00,60,7,14,126.43777465820312,15.615727424621582,0,0,0,0,0,0,0,0,0,0,0,1,1,1,1,1,1,0,0,1,1,1,1,1,1
2013-07-18 14:45:00+00:00,60,7,14,224.50418090820312,200.5546112060547,0,0,0,0,0,0,0,0,0,0,0,0,0,0,1,1,1,0,0,0,0,0,0,0,0
2013-07-18 15:00:00+00:00,60,7,15,,,0,0,0,0,0,0,0,0,0,0,0,0,0,0,0,0,0,0,0,0,0,0,0,0,0
2013-07-18 15:00:00+00:00,60,7,15,399.6621398925781,274.8487854003906,0,0,0,0,0,0,0,0,0,0,0,0,0,0,0,0,0,0,0,0,0,0,0,0,0
2013-07-18 15:00:00+00:00,60,7,15,61.617530822753906,20.769685745239258,0,0,0,0,0,0,0,0,1,1,1,1,1,1,1,1,1,0,0,0,1,1,1,1,1
2013-07-18 15:00:00+00:00,60,7,15,,163.76792907714844,0,0,0,0,0,0,0,0,0,0,0,0,0,0,0,0,0,0,0,0,0,0,0,0,0
2013-07-18 15:00:00+00:00,60,7,15,,,0,0,0,0,0,0,0,0,0,0,0,0,0,0,0,0,0,0,0,0,0,0,0,0,0
2013-07-18 15:00:00+00:00,60,7,15,107.29068756103516,35.544334411621094,0,0,0,0,0,0,0,0,0,0,1,1,1,1,1,1,1,0,0,0,0,0,1,1,1
2013-07-18 15:00:00+00:00,60,7,15,42.039058685302734,0.0,0,0,0,0,0,0,1,1,1,1,1,1,1,1,1,1,1,1,1,1,1,1,1,1,1
2013-07-18 15:00:00+00:00,60,7,15,283.548828125,351.78173828125,0,0,0,0,0,0,0,0,0,0,0,0,0,0,0,1,1,0,0,0,0,0,0,0,0
2013-07-18 15:00:00+00:00,60,7,15,50.35238265991211,59.46137619018555,0,0,0,0,0,0,0,1,1,1,1,1,1,1,1,1,1,0,0,0,0,0,0,0,1
2013-07-18 15:00:00+00:00,60,7,15,92.3681411743164,0.0,0,0,0,0,0,0,0,0,0,1,1,1,1,1,1,1,1,1,1,1,1,1,1,1,1
2013-07-18 15:00:00+00:00,60,7,15,290.1967468261719,271.8102111816406,0,0,0,0,0,0,0,0,0,0,0,0,0,0,0,1,1,0,0,0,0,0,0,0,0
2013-07-18 15:15:00+00:00,60,7,15,,,0,0,0,0,0,0,0,0,0,0,0,0,0,0,0,0,0,0,0,0,0,0,0,0,0
2013-07-18 15:15:00+00:00,60,7,15,,,0,0,0,0,0,0,0,0,0,0,0,0,0,0,0,0,0,0,0,0,0,0,0,0,0
2013-07-18 15:15:00+00:00,60,7,15,387.2928466796875,,0,0,0,0,0,0,0,0,0,0,0,0,0,0,0,0,0,0,0,0,0,0,0,0,0
2013-07-18 15:15:00+00:00,60,7,15,355.5801086425781,179.03463745117188,0,0,0,0,0,0,0,0,0,0,0,0,0,0,0,0,0,0,0,0,0,0,0,0,0
2013-07-18 15:15:00+00:00,60,7,15,54.891700744628906,40.961360931396484,0,0,0,0,0,0,0,1,1,1,1,1,1,1,1,1,1,0,0,0,0,0,0,1,1
2013-07-18 15:30:00+00:00,60,7,15,,,0,0,0,0,0,0,0,0,0,0,0,0,0,0,0,0,0,0,0,0,0,0,0,0,0
2013-07-18 15:30:00+00:00,60,7,15,,,0,0,0,0,0,0,0,0,0,0,0,0,0,0,0,0,0,0,0,0,0,0,0,0,0
2013-07-18 15:30:00+00:00,60,7,15,,,0,0,0,0,0,0,0,0,0,0,0,0,0,0,0,0,0,0,0,0,0,0,0,0,0
2013-07-18 15:30:00+00:00,60,7,15,,,0,0,0,0,0,0,0,0,0,0,0,0,0,0,0,0,0,0,0,0,0,0,0,0,0
2013-07-18 15:30:00+00:00,60,7,15,76.66468811035156,3.137061595916748,0,0,0,0,0,0,0,0,1,1,1,1,1,1,1,1,1,1,1,1,1,1,1,1,1
2013-07-18 15:30:00+00:00,60,7,15,,107.84645080566406,0,0,0,0,0,0,0,0,0,0,0,0,0,0,0,0,0,0,0,0,0,0,0,0,0
2013-07-18 15:30:00+00:00,60,7,15,238.62350463867188,204.65988159179688,0,0,0,0,0,0,0,0,0,0,0,0,0,0,1,1,1,0,0,0,0,0,0,0,0
2013-07-18 15:30:00+00:00,60,7,15,235.0214385986328,,0,0,0,0,0,0,0,0,0,0,0,0,0,0,1,1,1,0,0,0,0,0,0,0,0
2013-07-18 15:30:00+00:00,60,7,15,266.8883361816406,,0,0,0,0,0,0,0,0,0,0,0,0,0,0,0,1,1,0,0,0,0,0,0,0,0
2013-07-18 15:30:00+00:00,60,7,15,107.50932312011719,25.720134735107422,0,0,0,0,0,0,0,0,0,0,1,1,1,1,1,1,1,0,0,0,0,1,1,1,1
2013-07-18 15:30:00+00:00,60,7,15,69.18649291992188,21.864282608032227,0,0,0,0,0,0,0,0,1,1,1,1,1,1,1,1,1,0,0,0,1,1,1,1,1
2013-07-18 15:30:00+00:00,60,7,15,41.253414154052734,0.0,0,0,0,0,0,0,1,1,1,1,1,1,1,1,1,1,1,1,1,1,1,1,1,1,1
2013-07-18 15:30:00+00:00,60,7,15,206.01939392089844,,0,0,0,0,0,0,0,0,0,0,0,0,0,0,1,1,1,0,0,0,0,0,0,0,0
2013-07-18 15:30:00+00:00,60,7,15,134.52432250976562,40.328365325927734,0,0,0,0,0,0,0,0,0,0,0,1,1,1,1,1,1,0,0,0,0,0,0,1,1
2013-07-18 15:45:00+00:00,60,7,15,,,0,0,0,0,0,0,0,0,0,0,0,0,0,0,0,0,0,0,0,0,0,0,0,0,0
2013-07-18 15:45:00+00:00,60,7,15,,,0,0,0,0,0,0,0,0,0,0,0,0,0,0,0,0,0,0,0,0,0,0,0,0,0
2013-07-18 15:45:00+00:00,60,7,15,,,0,0,0,0,0,0,0,0,0,0,0,0,0,0,0,0,0,0,0,0,0,0,0,0,0
2013-07-18 15:45:00+00:00,60,7,15,92.49494171142578,135.33340454101562,0,0,0,0,0,0,0,0,0,1,1,1,1,1,1,1,1,0,0,0,0,0,0,0,0
2013-07-18 15:45:00+00:00,60,7,15,429.15972900390625,,0,0,0,0,0,0,0,0,0,0,0,0,0,0,0,0,0,0,0,0,0,0,0,0,0
2013-07-18 15:45:00+00:00,60,7,15,70.11151123046875,19.546314239501953,0,0,0,0,0,0,0,0,1,1,1,1,1,1,1,1,1,0,0,1,1,1,1,1,1
2013-07-18 15:45:00+00:00,60,7,15,,,0,0,0,0,0,0,0,0,0,0,0,0,0,0,0,0,0,0,0,0,0,0,0,0,0
2013-07-18 15:45:00+00:00,60,7,15,,,0,0,0,0,0,0,0,0,0,0,0,0,0,0,0,0,0,0,0,0,0,0,0,0,0
2013-07-18 15:45:00+00:00,60,7,15,242.6514434814453,242.07803344726562,0,0,0,0,0,0,0,0,0,0,0,0,0,0,1,1,1,0,0,0,0,0,0,0,0
2013-07-18 15:45:00+00:00,60,7,15,146.27462768554688,137.21681213378906,0,0,0,0,0,0,0,0,0,0,0,1,1,1,1,1,1,0,0,0,0,0,0,0,0
2013-07-18 15:45:00+00:00,60,7,15,175.6804656982422,166.9671630859375,0,0,0,0,0,0,0,0,0,0,0,0,1,1,1,1,1,0,0,0,0,0,0,0,0
2013-07-18 15:45:00+00:00,60,7,15,146.01588439941406,158.88438415527344,0,0,0,0,0,0,0,0,0,0,0,1,1,1,1,1,1,0,0,0,0,0,0,0,0
2013-07-18 15:45:00+00:00,60,7,15,80.35189819335938,31.639741897583008,0,0,0,0,0,0,0,0,0,1,1,1,1,1,1,1,1,0,0,0,0,0,1,1,1
2013-07-18 15:45:00+00:00,60,7,15,,335.4709777832031,0,0,0,0,0,0,0,0,0,0,0,0,0,0,0,0,0,0,0,0,0,0,0,0,0
2013-07-18 16:00:00+00:00,60,7,16,354.75,405.8948669433594,0,0,0,0,0,0,0,0,0,0,0,0,0,0,0,0,0,0,0,0,0,0,0,0,0
2013-07-18 16:00:00+00:00,60,7,16,190.89498901367188,252.79017639160156,0,0,0,0,0,0,0,0,0,0,0,0,0,1,1,1,1,0,0,0,0,0,0,0,0
2013-07-18 16:00:00+00:00,60,7,16,287.6916809082031,258.763916015625,0,0,0,0,0,0,0,0,0,0,0,0,0,0,0,1,1,0,0,0,0,0,0,0,0
2013-07-18 16:00:00+00:00,60,7,16,107.0174789428711,75.67304229736328,0,0,0,0,0,0,0,0,0,0,1,1,1,1,1,1,1,0,0,0,0,0,0,0,0
2013-07-18 16:00:00+00:00,60,7,16,59.69443893432617,16.687877655029297,0,0,0,0,0,0,0,1,1,1,1,1,1,1,1,1,1,0,0,1,1,1,1,1,1
2013-07-18 16:00:00+00:00,60,7,16,,,0,0,0,0,0,0,0,0,0,0,0,0,0,0,0,0,0,0,0,0,0,0,0,0,0
2013-07-18 16:15:00+00:00,60,7,16,222.52952575683594,289.79986572265625,0,0,0,0,0,0,0,0,0,0,0,0,0,0,1,1,1,0,0,0,0,0,0,0,0
2013-07-18 16:15:00+00:00,60,7,16,202.54981994628906,326.29840087890625,0,0,0,0,0,0,0,0,0,0,0,0,0,0,1,1,1,0,0,0,0,0,0,0,0
2013-07-18 16:15:00+00:00,60,7,16,428.9639587402344,423.3709411621094,0,0,0,0,0,0,0,0,0,0,0,0,0,0,0,0,0,0,0,0,0,0,0,0,0
2013-07-18 16:30:00+00:00,60,7,16,,,0,0,0,0,0,0,0,0,0,0,0,0,0,0,0,0,0,0,0,0,0,0,0,0,0
2013-07-18 16:30:00+00:00,60,7,16,438.69989013671875,382.1934509277344,0,0,0,0,0,0,0,0,0,0,0,0,0,0,0,0,0,0,0,0,0,0,0,0,0
2013-07-18 16:30:00+00:00,60,7,16,410.16839599609375,354.9084777832031,0,0,0,0,0,0,0,0,0,0,0,0,0,0,0,0,0,0,0,0,0,0,0,0,0
2013-07-18 16:30:00+00:00,60,7,16,131.26531982421875,84.9741439819336,0,0,0,0,0,0,0,0,0,0,0,1,1,1,1,1,1,0,0,0,0,0,0,0,0
2013-07-18 16:30:00+00:00,60,7,16,207.6741180419922,68.2345962524414,0,0,0,0,0,0,0,0,0,0,0,0,0,0,1,1,1,0,0,0,0,0,0,0,0
2013-07-18 16:30:00+00:00,60,7,16,252.8408966064453,226.28436279296875,0,0,0,0,0,0,0,0,0,0,0,0,0,0,0,1,1,0,0,0,0,0,0,0,0
2013-07-18 16:30:00+00:00,60,7,16,,,0,0,0,0,0,0,0,0,0,0,0,0,0,0,0,0,0,0,0,0,0,0,0,0,0
2013-07-18 16:30:00+00:00,60,7,16,,,0,0,0,0,0,0,0,0,0,0,0,0,0,0,0,0,0,0,0,0,0,0,0,0,0
2013-07-18 16:30:00+00:00,60,7,16,355.276123046875,37.129024505615234,0,0,0,0,0,0,0,0,0,0,0,0,0,0,0,0,0,0,0,0,0,0,1,1,1
2013-07-18 16:30:00+00:00,60,7,16,171.25108337402344,62.414772033691406,0,0,0,0,0,0,0,0,0,0,0,0,1,1,1,1,1,0,0,0,0,0,0,0,0
2013-07-18 16:45:00+00:00,60,7,16,331.5802307128906,360.9342956542969,0,0,0,0,0,0,0,0,0,0,0,0,0,0,0,0,1,0,0,0,0,0,0,0,0
2013-07-18 16:45:00+00:00,60,7,16,380.0059814453125,345.6631774902344,0,0,0,0,0,0,0,0,0,0,0,0,0,0,0,0,0,0,0,0,0,0,0,0,0
2013-07-18 16:45:00+00:00,60,7,16,,,0,0,0,0,0,0,0,0,0,0,0,0,0,0,0,0,0,0,0,0,0,0,0,0,0
2013-07-18 16:45:00+00:00,60,7,16,110.92105865478516,22.77524757385254,0,0,0,0,0,0,0,0,0,0,1,1,1,1,1,1,1,0,0,0,1,1,1,1,1
2013-07-18 17:00:00+00:00,60,7,17,,,0,0,0,0,0,0,0,0,0,0,0,0,0,0,0,0,0,0,0,0,0,0,0,0,0
2013-07-18 17:00:00+00:00,60,7,17,310.91094970703125,522.7918090820312,0,0,0,0,0,0,0,0,0,0,0,0,0,0,0,0,1,0,0,0,0,0,0,0,0
2013-07-18 17:00:00+00:00,60,7,17,,,0,0,0,0,0,0,0,0,0,0,0,0,0,0,0,0,0,0,0,0,0,0,0,0,0
2013-07-18 17:00:00+00:00,60,7,17,,426.7692565917969,0,0,0,0,0,0,0,0,0,0,0,0,0,0,0,0,0,0,0,0,0,0,0,0,0
2013-07-18 17:00:00+00:00,60,7,17,,,0,0,0,0,0,0,0,0,0,0,0,0,0,0,0,0,0,0,0,0,0,0,0,0,0
2013-07-18 17:00:00+00:00,60,7,17,249.3409423828125,238.04188537597656,0,0,0,0,0,0,0,0,0,0,0,0,0,0,1,1,1,0,0,0,0,0,0,0,0
2013-07-18 17:15:00+00:00,60,7,17,173.85069274902344,163.70716857910156,0,0,0,0,0,0,0,0,0,0,0,0,1,1,1,1,1,0,0,0,0,0,0,0,0
2013-07-18 17:15:00+00:00,60,7,17,,397.07281494140625,0,0,0,0,0,0,0,0,0,0,0,0,0,0,0,0,0,0,0,0,0,0,0,0,0
2013-07-18 17:15:00+00:00,60,7,17,150.2437286376953,107.74329376220703,0,0,0,0,0,0,0,0,0,0,0,0,1,1,1,1,1,0,0,0,0,0,0,0,0
2013-07-18 17:15:00+00:00,60,7,17,146.78981018066406,66.67268371582031,0,0,0,0,0,0,0,0,0,0,0,1,1,1,1,1,1,0,0,0,0,0,0,0,0
2013-07-18 17:15:00+00:00,60,7,17,323.5104064941406,265.2633056640625,0,0,0,0,0,0,0,0,0,0,0,0,0,0,0,0,1,0,0,0,0,0,0,0,0
2013-07-18 17:30:00+00:00,60,7,17,,,0,0,0,0,0,0,0,0,0,0,0,0,0,0,0,0,0,0,0,0,0,0,0,0,0
2013-07-18 17:30:00+00:00,60,7,17,403.1587829589844,,0,0,0,0,0,0,0,0,0,0,0,0,0,0,0,0,0,0,0,0,0,0,0,0,0
2013-07-18 17:30:00+00:00,60,7,17,241.3619842529297,118.54058074951172,0,0,0,0,0,0,0,0,0,0,0,0,0,0,1,1,1,0,0,0,0,0,0,0,0
2013-07-18 17:45:00+00:00,60,7,17,245.7070770263672,276.8720703125,0,0,0,0,0,0,0,0,0,0,0,0,0,0,1,1,1,0,0,0,0,0,0,0,0
2013-07-18 17:45:00+00:00,60,7,17,290.2685546875,61.88316345214844,0,0,0,0,0,0,0,0,0,0,0,0,0,0,0,1,1,0,0,0,0,0,0,0,0
2013-07-19 10:00:00+00:00,60,7,10,,56.618804931640625,0,0,0,0,0,0,0,0,0,0,0,0,0,0,0,0,0,0,0,0,0,0,0,0,1
2013-07-19 10:00:00+00:00,60,7,10,,,0,0,0,0,0,0,0,0,0,0,0,0,0,0,0,0,0,0,0,0,0,0,0,0,0
2013-07-19 10:00:00+00:00,60,7,10,,,0,0,0,0,0,0,0,0,0,0,0,0,0,0,0,0,0,0,0,0,0,0,0,0,0
2013-07-19 10:00:00+00:00,60,7,10,,,0,0,0,0,0,0,0,0,0,0,0,0,0,0,0,0,0,0,0,0,0,0,0,0,0
2013-07-19 10:00:00+00:00,60,7,10,145.9883270263672,113.01924896240234,0,0,0,0,0,0,0,0,0,0,0,1,1,1,1,1,1,0,0,0,0,0,0,0,0
2013-07-19 10:15:00+00:00,60,7,10,,130.26943969726562,0,0,0,0,0,0,0,0,0,0,0,0,0,0,0,0,0,0,0,0,0,0,0,0,0
2013-07-19 10:15:00+00:00,60,7,10,,463.97674560546875,0,0,0,0,0,0,0,0,0,0,0,0,0,0,0,0,0,0,0,0,0,0,0,0,0
2013-07-19 10:15:00+00:00,60,7,10,,,0,0,0,0,0,0,0,0,0,0,0,0,0,0,0,0,0,0,0,0,0,0,0,0,0
2013-07-19 10:15:00+00:00,60,7,10,,,0,0,0,0,0,0,0,0,0,0,0,0,0,0,0,0,0,0,0,0,0,0,0,0,0
2013-07-19 10:15:00+00:00,60,7,10,,,0,0,0,0,0,0,0,0,0,0,0,0,0,0,0,0,0,0,0,0,0,0,0,0,0
2013-07-19 10:15:00+00:00,60,7,10,,,0,0,0,0,0,0,0,0,0,0,0,0,0,0,0,0,0,0,0,0,0,0,0,0,0
2013-07-19 10:15:00+00:00,60,7,10,,,0,0,0,0,0,0,0,0,0,0,0,0,0,0,0,0,0,0,0,0,0,0,0,0,0
2013-07-19 10:15:00+00:00,60,7,10,,,0,0,0,0,0,0,0,0,0,0,0,0,0,0,0,0,0,0,0,0,0,0,0,0,0
2013-07-19 10:15:00+00:00,60,7,10,,39.96052169799805,0,0,0,0,0,0,0,0,0,0,0,0,0,0,0,0,0,0,0,0,0,0,1,1,1
2013-07-19 10:30:00+00:00,60,7,10,343.3971252441406,157.2830047607422,0,0,0,0,0,0,0,0,0,0,0,0,0,0,0,0,1,0,0,0,0,0,0,0,0
2013-07-19 10:30:00+00:00,60,7,10,,179.9893341064453,0,0,0,0,0,0,0,0,0,0,0,0,0,0,0,0,0,0,0,0,0,0,0,0,0
2013-07-19 10:30:00+00:00,60,7,10,,,0,0,0,0,0,0,0,0,0,0,0,0,0,0,0,0,0,0,0,0,0,0,0,0,0
2013-07-19 10:30:00+00:00,60,7,10,,,0,0,0,0,0,0,0,0,0,0,0,0,0,0,0,0,0,0,0,0,0,0,0,0,0
2013-07-19 10:30:00+00:00,60,7,10,,,0,0,0,0,0,0,0,0,0,0,0,0,0,0,0,0,0,0,0,0,0,0,0,0,0
2013-07-19 10:30:00+00:00,60,7,10,,318.2023620605469,0,0,0,0,0,0,0,0,0,0,0,0,0,0,0,0,0,0,0,0,0,0,0,0,0
2013-07-19 10:30:00+00:00,60,7,10,,153.4491729736328,0,0,0,0,0,0,0,0,0,0,0,0,0,0,0,0,0,0,0,0,0,0,0,0,0
2013-07-19 10:30:00+00:00,60,7,10,295.4145202636719,203.85781860351562,0,0,0,0,0,0,0,0,0,0,0,0,0,0,0,1,1,0,0,0,0,0,0,0,0
2013-07-19 10:30:00+00:00,60,7,10,,,0,0,0,0,0,0,0,0,0,0,0,0,0,0,0,0,0,0,0,0,0,0,0,0,0
2013-07-19 10:45:00+00:00,60,7,10,244.4300079345703,249.12515258789062,0,0,0,0,0,0,0,0,0,0,0,0,0,0,1,1,1,0,0,0,0,0,0,0,0
2013-07-19 10:45:00+00:00,60,7,10,205.01588439941406,192.37229919433594,0,0,0,0,0,0,0,0,0,0,0,0,0,0,1,1,1,0,0,0,0,0,0,0,0
2013-07-19 10:45:00+00:00,60,7,10,,,0,0,0,0,0,0,0,0,0,0,0,0,0,0,0,0,0,0,0,0,0,0,0,0,0
2013-07-19 10:45:00+00:00,60,7,10,,,0,0,0,0,0,0,0,0,0,0,0,0,0,0,0,0,0,0,0,0,0,0,0,0,0
2013-07-19 10:45:00+00:00,60,7,10,380.10430908203125,112.22575378417969,0,0,0,0,0,0,0,0,0,0,0,0,0,0,0,0,0,0,0,0,0,0,0,0,0
2013-07-19 10:45:00+00:00,60,7,10,500.138671875,137.80865478515625,0,0,0,0,0,0,0,0,0,0,0,0,0,0,0,0,0,0,0,0,0,0,0,0,0
2013-07-19 10:45:00+00:00,60,7,10,,472.465576171875,0,0,0,0,0,0,0,0,0,0,0,0,0,0,0,0,0,0,0,0,0,0,0,0,0
2013-07-19 10:45:00+00:00,60,7,10,,342.4004211425781,0,0,0,0,0,0,0,0,0,0,0,0,0,0,0,0,0,0,0,0,0,0,0,0,0
2013-07-19 10:45:00+00:00,60,7,10,,393.7569580078125,0,0,0,0,0,0,0,0,0,0,0,0,0,0,0,0,0,0,0,0,0,0,0,0,0
2013-07-19 10:45:00+00:00,60,7,10,416.4236145019531,351.2345886230469,0,0,0,0,0,0,0,0,0,0,0,0,0,0,0,0,0,0,0,0,0,0,0,0,0
2013-07-19 10:45:00+00:00,60,7,10,,286.4881896972656,0,0,0,0,0,0,0,0,0,0,0,0,0,0,0,0,0,0,0,0,0,0,0,0,0
2013-07-19 10:45:00+00:00,60,7,10,,293.21923828125,0,0,0,0,0,0,0,0,0,0,0,0,0,0,0,0,0,0,0,0,0,0,0,0,0
2013-07-19 11:00:00+00:00,60,7,11,252.84507751464844,314.9455871582031,0,0,0,0,0,0,0,0,0,0,0,0,0,0,0,1,1,0,0,0,0,0,0,0,0
2013-07-19 11:00:00+00:00,60,7,11,,153.92739868164062,0,0,0,0,0,0,0,0,0,0,0,0,0,0,0,0,0,0,0,0,0,0,0,0,0
2013-07-19 11:00:00+00:00,60,7,11,159.1422882080078,77.54981231689453,0,0,0,0,0,0,0,0,0,0,0,0,1,1,1,1,1,0,0,0,0,0,0,0,0
2013-07-19 11:00:00+00:00,60,7,11,,409.6560974121094,0,0,0,0,0,0,0,0,0,0,0,0,0,0,0,0,0,0,0,0,0,0,0,0,0
2013-07-19 11:00:00+00:00,60,7,11,,,0,0,0,0,0,0,0,0,0,0,0,0,0,0,0,0,0,0,0,0,0,0,0,0,0
2013-07-19 11:00:00+00:00,60,7,11,,,0,0,0,0,0,0,0,0,0,0,0,0,0,0,0,0,0,0,0,0,0,0,0,0,0
2013-07-19 11:00:00+00:00,60,7,11,,404.88690185546875,0,0,0,0,0,0,0,0,0,0,0,0,0,0,0,0,0,0,0,0,0,0,0,0,0
2013-07-19 11:00:00+00:00,60,7,11,,352.4947509765625,0,0,0,0,0,0,0,0,0,0,0,0,0,0,0,0,0,0,0,0,0,0,0,0,0
2013-07-19 11:00:00+00:00,60,7,11,,348.96502685546875,0,0,0,0,0,0,0,0,0,0,0,0,0,0,0,0,0,0,0,0,0,0,0,0,0
2013-07-19 11:00:00+00:00,60,7,11,,4.261203765869141,0,0,0,0,0,0,0,0,0,0,0,0,0,0,0,0,0,1,1,1,1,1,1,1,1
2013-07-19 11:00:00+00:00,60,7,11,,0.0,0,0,0,0,0,0,0,0,0,0,0,0,0,0,0,0,0,1,1,1,1,1,1,1,1
2013-07-19 11:15:00+00:00,60,7,11,330.2820739746094,17.32853126525879,0,0,0,0,0,0,0,0,0,0,0,0,0,0,0,0,1,0,0,1,1,1,1,1,1
2013-07-19 11:15:00+00:00,60,7,11,200.70872497558594,424.275634765625,0,0,0,0,0,0,0,0,0,0,0,0,0,0,1,1,1,0,0,0,0,0,0,0,0
2013-07-19 11:15:00+00:00,60,7,11,,,0,0,0,0,0,0,0,0,0,0,0,0,0,0,0,0,0,0,0,0,0,0,0,0,0
2013-07-19 11:15:00+00:00,60,7,11,242.06094360351562,13.961207389831543,0,0,0,0,0,0,0,0,0,0,0,0,0,0,1,1,1,0,1,1,1,1,1,1,1
2013-07-19 11:15:00+00:00,60,7,11,113.64896392822266,203.06875610351562,0,0,0,0,0,0,0,0,0,0,1,1,1,1,1,1,1,0,0,0,0,0,0,0,0
2013-07-19 11:15:00+00:00,60,7,11,238.14170837402344,363.48785400390625,0,0,0,0,0,0,0,0,0,0,0,0,0,0,1,1,1,0,0,0,0,0,0,0,0
2013-07-19 11:15:00+00:00,60,7,11,,,0,0,0,0,0,0,0,0,0,0,0,0,0,0,0,0,0,0,0,0,0,0,0,0,0
2013-07-19 11:15:00+00:00,60,7,11,,395.9676513671875,0,0,0,0,0,0,0,0,0,0,0,0,0,0,0,0,0,0,0,0,0,0,0,0,0
2013-07-19 11:15:00+00:00,60,7,11,431.65057373046875,,0,0,0,0,0,0,0,0,0,0,0,0,0,0,0,0,0,0,0,0,0,0,0,0,0
2013-07-19 11:15:00+00:00,60,7,11,,,0,0,0,0,0,0,0,0,0,0,0,0,0,0,0,0,0,0,0,0,0,0,0,0,0
2013-07-19 11:15:00+00:00,60,7,11,,41.922080993652344,0,0,0,0,0,0,0,0,0,0,0,0,0,0,0,0,0,0,0,0,0,0,0,1,1
2013-07-19 11:30:00+00:00,60,7,11,165.34674072265625,,0,0,0,0,0,0,0,0,0,0,0,0,1,1,1,1,1,0,0,0,0,0,0,0,0
2013-07-19 11:30:00+00:00,60,7,11,94.1566162109375,60.91960144042969,0,0,0,0,0,0,0,0,0,1,1,1,1,1,1,1,1,0,0,0,0,0,0,0,0
2013-07-19 11:30:00+00:00,60,7,11,469.7096252441406,,0,0,0,0,0,0,0,0,0,0,0,0,0,0,0,0,0,0,0,0,0,0,0,0,0
2013-07-19 11:30:00+00:00,60,7,11,254.32008361816406,240.32225036621094,0,0,0,0,0,0,0,0,0,0,0,0,0,0,0,1,1,0,0,0,0,0,0,0,0
2013-07-19 11:30:00+00:00,60,7,11,,,0,0,0,0,0,0,0,0,0,0,0,0,0,0,0,0,0,0,0,0,0,0,0,0,0
2013-07-19 11:30:00+00:00,60,7,11,,,0,0,0,0,0,0,0,0,0,0,0,0,0,0,0,0,0,0,0,0,0,0,0,0,0
2013-07-19 11:30:00+00:00,60,7,11,,,0,0,0,0,0,0,0,0,0,0,0,0,0,0,0,0,0,0,0,0,0,0,0,0,0
2013-07-19 11:30:00+00:00,60,7,11,,,0,0,0,0,0,0,0,0,0,0,0,0,0,0,0,0,0,0,0,0,0,0,0,0,0
2013-07-19 11:30:00+00:00,60,7,11,349.8302917480469,325.416748046875,0,0,0,0,0,0,0,0,0,0,0,0,0,0,0,0,1,0,0,0,0,0,0,0,0
2013-07-19 11:30:00+00:00,60,7,11,254.39498901367188,131.18017578125,0,0,0,0,0,0,0,0,0,0,0,0,0,0,0,1,1,0,0,0,0,0,0,0,0
2013-07-19 11:30:00+00:00,60,7,11,,3.2587709426879883,0,0,0,0,0,0,0,0,0,0,0,0,0,0,0,0,0,1,1,1,1,1,1,1,1
2013-07-19 11:30:00+00:00,60,7,11,550.5895385742188,0.0,0,0,0,0,0,0,0,0,0,0,0,0,0,0,0,0,0,1,1,1,1,1,1,1,1
2013-07-19 11:30:00+00:00,60,7,11,522.2171630859375,21.137582778930664,0,0,0,0,0,0,0,0,0,0,0,0,0,0,0,0,0,0,0,0,1,1,1,1,1
2013-07-19 11:45:00+00:00,60,7,11,387.5428466796875,38.47216033935547,0,0,0,0,0,0,0,0,0,0,0,0,0,0,0,0,0,0,0,0,0,0,1,1,1
2013-07-19 11:45:00+00:00,60,7,11,345.91107177734375,91.17206573486328,0,0,0,0,0,0,0,0,0,0,0,0,0,0,0,0,1,0,0,0,0,0,0,0,0
2013-07-19 11:45:00+00:00,60,7,11,,,0,0,0,0,0,0,0,0,0,0,0,0,0,0,0,0,0,0,0,0,0,0,0,0,0
2013-07-19 11:45:00+00:00,60,7,11,108.24647521972656,0.0,0,0,0,0,0,0,0,0,0,0,1,1,1,1,1,1,1,1,1,1,1,1,1,1,1
2013-07-19 11:45:00+00:00,60,7,11,367.77850341796875,,0,0,0,0,0,0,0,0,0,0,0,0,0,0,0,0,0,0,0,0,0,0,0,0,0
2013-07-19 11:45:00+00:00,60,7,11,,,0,0,0,0,0,0,0,0,0,0,0,0,0,0,0,0,0,0,0,0,0,0,0,0,0
2013-07-19 11:45:00+00:00,60,7,11,,,0,0,0,0,0,0,0,0,0,0,0,0,0,0,0,0,0,0,0,0,0,0,0,0,0
2013-07-19 11:45:00+00:00,60,7,11,,,0,0,0,0,0,0,0,0,0,0,0,0,0,0,0,0,0,0,0,0,0,0,0,0,0
2013-07-19 11:45:00+00:00,60,7,11,,332.6341857910156,0,0,0,0,0,0,0,0,0,0,0,0,0,0,0,0,0,0,0,0,0,0,0,0,0
2013-07-19 11:45:00+00:00,60,7,11,81.98784637451172,58.378273010253906,0,0,0,0,0,0,0,0,0,1,1,1,1,1,1,1,1,0,0,0,0,0,0,0,1
2013-07-19 11:45:00+00:00,60,7,11,359.196533203125,43.509857177734375,0,0,0,0,0,0,0,0,0,0,0,0,0,0,0,0,0,0,0,0,0,0,0,1,1
2013-07-19 11:45:00+00:00,60,7,11,,0.0,0,0,0,0,0,0,0,0,0,0,0,0,0,0,0,0,0,1,1,1,1,1,1,1,1
2013-07-19 12:00:00+00:00,60,7,12,287.5402526855469,228.48989868164062,0,0,0,0,0,0,0,0,0,0,0,0,0,0,0,1,1,0,0,0,0,0,0,0,0
2013-07-19 12:00:00+00:00,60,7,12,274.0480651855469,112.84953308105469,0,0,0,0,0,0,0,0,0,0,0,0,0,0,0,1,1,0,0,0,0,0,0,0,0
2013-07-19 12:00:00+00:00,60,7,12,308.99114990234375,90.97225952148438,0,0,0,0,0,0,0,0,0,0,0,0,0,0,0,0,1,0,0,0,0,0,0,0,0
2013-07-19 12:00:00+00:00,60,7,12,,,0,0,0,0,0,0,0,0,0,0,0,0,0,0,0,0,0,0,0,0,0,0,0,0,0
2013-07-19 12:00:00+00:00,60,7,12,321.24884033203125,338.6048889160156,0,0,0,0,0,0,0,0,0,0,0,0,0,0,0,0,1,0,0,0,0,0,0,0,0
2013-07-19 12:00:00+00:00,60,7,12,,,0,0,0,0,0,0,0,0,0,0,0,0,0,0,0,0,0,0,0,0,0,0,0,0,0
2013-07-19 12:00:00+00:00,60,7,12,172.56761169433594,164.78543090820312,0,0,0,0,0,0,0,0,0,0,0,0,1,1,1,1,1,0,0,0,0,0,0,0,0
2013-07-19 12:00:00+00:00,60,7,12,,,0,0,0,0,0,0,0,0,0,0,0,0,0,0,0,0,0,0,0,0,0,0,0,0,0
2013-07-19 12:00:00+00:00,60,7,12,335.8172607421875,324.0447692871094,0,0,0,0,0,0,0,0,0,0,0,0,0,0,0,0,1,0,0,0,0,0,0,0,0
2013-07-19 12:00:00+00:00,60,7,12,,,0,0,0,0,0,0,0,0,0,0,0,0,0,0,0,0,0,0,0,0,0,0,0,0,0
2013-07-19 12:00:00+00:00,60,7,12,40.269996643066406,45.17679977416992,0,0,0,0,0,0,1,1,1,1,1,1,1,1,1,1,1,0,0,0,0,0,0,1,1
2013-07-19 12:00:00+00:00,60,7,12,56.33084487915039,6.280154705047607,0,0,0,0,0,0,0,1,1,1,1,1,1,1,1,1,1,1,1,1,1,1,1,1,1
2013-07-19 12:00:00+00:00,60,7,12,399.5318298339844,4.352499485015869,0,0,0,0,0,0,0,0,0,0,0,0,0,0,0,0,0,1,1,1,1,1,1,1,1
2013-07-19 12:00:00+00:00,60,7,12,297.2047119140625,0.0,0,0,0,0,0,0,0,0,0,0,0,0,0,0,0,1,1,1,1,1,1,1,1,1,1
2013-07-19 12:00:00+00:00,60,7,12,,6.788544178009033,0,0,0,0,0,0,0,0,0,0,0,0,0,0,0,0,0,1,1,1,1,1,1,1,1
2013-07-19 12:00:00+00:00,60,7,12,400.9241943359375,6.4446587562561035,0,0,0,0,0,0,0,0,0,0,0,0,0,0,0,0,0,1,1,1,1,1,1,1,1
2013-07-19 12:00:00+00:00,60,7,12,,35.252479553222656,0,0,0,0,0,0,0,0,0,0,0,0,0,0,0,0,0,0,0,0,0,0,1,1,1
2013-07-19 12:15:00+00:00,60,7,12,,254.34588623046875,0,0,0,0,0,0,0,0,0,0,0,0,0,0,0,0,0,0,0,0,0,0,0,0,0
2013-07-19 12:15:00+00:00,60,7,12,182.64706420898438,144.64682006835938,0,0,0,0,0,0,0,0,0,0,0,0,0,1,1,1,1,0,0,0,0,0,0,0,0
2013-07-19 12:15:00+00:00,60,7,12,180.45852661132812,86.96725463867188,0,0,0,0,0,0,0,0,0,0,0,0,0,1,1,1,1,0,0,0,0,0,0,0,0
2013-07-19 12:15:00+00:00,60,7,12,,356.5168762207031,0,0,0,0,0,0,0,0,0,0,0,0,0,0,0,0,0,0,0,0,0,0,0,0,0
2013-07-19 12:15:00+00:00,60,7,12,,,0,0,0,0,0,0,0,0,0,0,0,0,0,0,0,0,0,0,0,0,0,0,0,0,0
2013-07-19 12:15:00+00:00,60,7,12,,298.25811767578125,0,0,0,0,0,0,0,0,0,0,0,0,0,0,0,0,0,0,0,0,0,0,0,0,0
2013-07-19 12:15:00+00:00,60,7,12,,433.544921875,0,0,0,0,0,0,0,0,0,0,0,0,0,0,0,0,0,0,0,0,0,0,0,0,0
2013-07-19 12:15:00+00:00,60,7,12,,,0,0,0,0,0,0,0,0,0,0,0,0,0,0,0,0,0,0,0,0,0,0,0,0,0
2013-07-19 12:15:00+00:00,60,7,12,,,0,0,0,0,0,0,0,0,0,0,0,0,0,0,0,0,0,0,0,0,0,0,0,0,0
2013-07-19 12:15:00+00:00,60,7,12,375.8561706542969,322.78546142578125,0,0,0,0,0,0,0,0,0,0,0,0,0,0,0,0,0,0,0,0,0,0,0,0,0
2013-07-19 12:15:00+00:00,60,7,12,166.97698974609375,88.43840789794922,0,0,0,0,0,0,0,0,0,0,0,0,1,1,1,1,1,0,0,0,0,0,0,0,0
2013-07-19 12:15:00+00:00,60,7,12,108.99853515625,75.54584503173828,0,0,0,0,0,0,0,0,0,0,1,1,1,1,1,1,1,0,0,0,0,0,0,0,0
2013-07-19 12:30:00+00:00,60,7,12,376.5644836425781,293.7267150878906,0,0,0,0,0,0,0,0,0,0,0,0,0,0,0,0,0,0,0,0,0,0,0,0,0
2013-07-19 12:30:00+00:00,60,7,12,,416.56317138671875,0,0,0,0,0,0,0,0,0,0,0,0,0,0,0,0,0,0,0,0,0,0,0,0,0
2013-07-19 12:30:00+00:00,60,7,12,,,0,0,0,0,0,0,0,0,0,0,0,0,0,0,0,0,0,0,0,0,0,0,0,0,0
2013-07-19 12:30:00+00:00,60,7,12,133.58316040039062,110.33793640136719,0,0,0,0,0,0,0,0,0,0,0,1,1,1,1,1,1,0,0,0,0,0,0,0,0
2013-07-19 12:30:00+00:00,60,7,12,,,0,0,0,0,0,0,0,0,0,0,0,0,0,0,0,0,0,0,0,0,0,0,0,0,0
2013-07-19 12:30:00+00:00,60,7,12,319.7134704589844,279.5341491699219,0,0,0,0,0,0,0,0,0,0,0,0,0,0,0,0,1,0,0,0,0,0,0,0,0
2013-07-19 12:30:00+00:00,60,7,12,118.8690185546875,63.2144660949707,0,0,0,0,0,0,0,0,0,0,1,1,1,1,1,1,1,0,0,0,0,0,0,0,0
2013-07-19 12:30:00+00:00,60,7,12,67.95411682128906,14.599878311157227,0,0,0,0,0,0,0,0,1,1,1,1,1,1,1,1,1,0,1,1,1,1,1,1,1
2013-07-19 12:30:00+00:00,60,7,12,111.85847473144531,58.55989456176758,0,0,0,0,0,0,0,0,0,0,1,1,1,1,1,1,1,0,0,0,0,0,0,0,1
2013-07-19 12:30:00+00:00,60,7,12,146.06753540039062,112.22196197509766,0,0,0,0,0,0,0,0,0,0,0,1,1,1,1,1,1,0,0,0,0,0,0,0,0
2013-07-19 12:30:00+00:00,60,7,12,66.0322036743164,3.2104578018188477,0,0,0,0,0,0,0,0,1,1,1,1,1,1,1,1,1,1,1,1,1,1,1,1,1
2013-07-19 12:30:00+00:00,60,7,12,30.460317611694336,7.683923721313477,0,0,0,0,0,1,1,1,1,1,1,1,1,1,1,1,1,1,1,1,1,1,1,1,1
2013-07-19 12:45:00+00:00,60,7,12,,,0,0,0,0,0,0,0,0,0,0,0,0,0,0,0,0,0,0,0,0,0,0,0,0,0
2013-07-19 12:45:00+00:00,60,7,12,266.87799072265625,395.5014343261719,0,0,0,0,0,0,0,0,0,0,0,0,0,0,0,1,1,0,0,0,0,0,0,0,0
2013-07-19 12:45:00+00:00,60,7,12,93.91553497314453,61.706539154052734,0,0,0,0,0,0,0,0,0,1,1,1,1,1,1,1,1,0,0,0,0,0,0,0,0
2013-07-19 12:45:00+00:00,60,7,12,52.11528396606445,180.0419158935547,0,0,0,0,0,0,0,1,1,1,1,1,1,1,1,1,1,0,0,0,0,0,0,0,0
2013-07-19 12:45:00+00:00,60,7,12,184.77462768554688,186.11964416503906,0,0,0,0,0,0,0,0,0,0,0,0,0,1,1,1,1,0,0,0,0,0,0,0,0
2013-07-19 12:45:00+00:00,60,7,12,249.16558837890625,195.61915588378906,0,0,0,0,0,0,0,0,0,0,0,0,0,0,1,1,1,0,0,0,0,0,0,0,0
2013-07-19 12:45:00+00:00,60,7,12,129.75767517089844,137.21536254882812,0,0,0,0,0,0,0,0,0,0,0,1,1,1,1,1,1,0,0,0,0,0,0,0,0
2013-07-19 12:45:00+00:00,60,7,12,72.2880630493164,21.44671058654785,0,0,0,0,0,0,0,0,1,1,1,1,1,1,1,1,1,0,0,0,1,1,1,1,1
2013-07-19 12:45:00+00:00,60,7,12,137.94174194335938,66.73544311523438,0,0,0,0,0,0,0,0,0,0,0,1,1,1,1,1,1,0,0,0,0,0,0,0,0
2013-07-19 12:45:00+00:00,60,7,12,56.34113693237305,25.719125747680664,0,0,0,0,0,0,0,1,1,1,1,1,1,1,1,1,1,0,0,0,0,1,1,1,1
2013-07-19 13:00:00+00:00,60,7,13,115.37267303466797,119.03629302978516,0,0,0,0,0,0,0,0,0,0,1,1,1,1,1,1,1,0,0,0,0,0,0,0,0
2013-07-19 13:00:00+00:00,60,7,13,91.47209167480469,72.48149108886719,0,0,0,0,0,0,0,0,0,1,1,1,1,1,1,1,1,0,0,0,0,0,0,0,0
2013-07-19 13:00:00+00:00,60,7,13,92.67524719238281,45.03596115112305,0,0,0,0,0,0,0,0,0,1,1,1,1,1,1,1,1,0,0,0,0,0,0,1,1
2013-07-19 13:00:00+00:00,60,7,13,,451.39105224609375,0,0,0,0,0,0,0,0,0,0,0,0,0,0,0,0,0,0,0,0,0,0,0,0,0
2013-07-19 13:00:00+00:00,60,7,13,243.74331665039062,323.1791687011719,0,0,0,0,0,0,0,0,0,0,0,0,0,0,1,1,1,0,0,0,0,0,0,0,0
2013-07-19 13:00:00+00:00,60,7,13,519.4954223632812,151.06109619140625,0,0,0,0,0,0,0,0,0,0,0,0,0,0,0,0,0,0,0,0,0,0,0,0,0
2013-07-19 13:00:00+00:00,60,7,13,,215.91856384277344,0,0,0,0,0,0,0,0,0,0,0,0,0,0,0,0,0,0,0,0,0,0,0,0,0
2013-07-19 13:00:00+00:00,60,7,13,,382.7715148925781,0,0,0,0,0,0,0,0,0,0,0,0,0,0,0,0,0,0,0,0,0,0,0,0,0
2013-07-19 13:00:00+00:00,60,7,13,,478.9425964355469,0,0,0,0,0,0,0,0,0,0,0,0,0,0,0,0,0,0,0,0,0,0,0,0,0
2013-07-19 13:00:00+00:00,60,7,13,,276.60736083984375,0,0,0,0,0,0,0,0,0,0,0,0,0,0,0,0,0,0,0,0,0,0,0,0,0
2013-07-19 13:00:00+00:00,60,7,13,329.932861328125,290.8713684082031,0,0,0,0,0,0,0,0,0,0,0,0,0,0,0,0,1,0,0,0,0,0,0,0,0
2013-07-19 13:00:00+00:00,60,7,13,,429.3206787109375,0,0,0,0,0,0,0,0,0,0,0,0,0,0,0,0,0,0,0,0,0,0,0,0,0
2013-07-19 13:00:00+00:00,60,7,13,,,0,0,0,0,0,0,0,0,0,0,0,0,0,0,0,0,0,0,0,0,0,0,0,0,0
2013-07-19 13:00:00+00:00,60,7,13,,,0,0,0,0,0,0,0,0,0,0,0,0,0,0,0,0,0,0,0,0,0,0,0,0,0
2013-07-19 13:00:00+00:00,60,7,13,58.02153396606445,31.636268615722656,0,0,0,0,0,0,0,1,1,1,1,1,1,1,1,1,1,0,0,0,0,0,1,1,1
2013-07-19 13:00:00+00:00,60,7,13,,,0,0,0,0,0,0,0,0,0,0,0,0,0,0,0,0,0,0,0,0,0,0,0,0,0
2013-07-19 13:00:00+00:00,60,7,13,199.2694091796875,28.268102645874023,0,0,0,0,0,0,0,0,0,0,0,0,0,1,1,1,1,0,0,0,0,1,1,1,1
2013-07-19 13:00:00+00:00,60,7,13,127.49712371826172,16.112199783325195,0,0,0,0,0,0,0,0,0,0,0,1,1,1,1,1,1,0,0,1,1,1,1,1,1
2013-07-19 13:00:00+00:00,60,7,13,156.3179168701172,3.225142240524292,0,0,0,0,0,0,0,0,0,0,0,0,1,1,1,1,1,1,1,1,1,1,1,1,1
2013-07-19 13:00:00+00:00,60,7,13,,,0,0,0,0,0,0,0,0,0,0,0,0,0,0,0,0,0,0,0,0,0,0,0,0,0
2013-07-19 13:15:00+00:00,60,7,13,156.0944061279297,50.58458709716797,0,0,0,0,0,0,0,0,0,0,0,0,1,1,1,1,1,0,0,0,0,0,0,0,1
2013-07-19 13:15:00+00:00,60,7,13,,,0,0,0,0,0,0,0,0,0,0,0,0,0,0,0,0,0,0,0,0,0,0,0,0,0
2013-07-19 13:15:00+00:00,60,7,13,341.15167236328125,322.7226257324219,0,0,0,0,0,0,0,0,0,0,0,0,0,0,0,0,1,0,0,0,0,0,0,0,0
2013-07-19 13:15:00+00:00,60,7,13,,111.22420501708984,0,0,0,0,0,0,0,0,0,0,0,0,0,0,0,0,0,0,0,0,0,0,0,0,0
2013-07-19 13:15:00+00:00,60,7,13,,,0,0,0,0,0,0,0,0,0,0,0,0,0,0,0,0,0,0,0,0,0,0,0,0,0
2013-07-19 13:15:00+00:00,60,7,13,,287.961181640625,0,0,0,0,0,0,0,0,0,0,0,0,0,0,0,0,0,0,0,0,0,0,0,0,0
2013-07-19 13:15:00+00:00,60,7,13,,367.8428649902344,0,0,0,0,0,0,0,0,0,0,0,0,0,0,0,0,0,0,0,0,0,0,0,0,0
2013-07-19 13:15:00+00:00,60,7,13,,202.12864685058594,0,0,0,0,0,0,0,0,0,0,0,0,0,0,0,0,0,0,0,0,0,0,0,0,0
2013-07-19 13:15:00+00:00,60,7,13,,,0,0,0,0,0,0,0,0,0,0,0,0,0,0,0,0,0,0,0,0,0,0,0,0,0
2013-07-19 13:15:00+00:00,60,7,13,104.9984359741211,111.03646850585938,0,0,0,0,0,0,0,0,0,0,1,1,1,1,1,1,1,0,0,0,0,0,0,0,0
2013-07-19 13:15:00+00:00,60,7,13,100.30718994140625,103.90557861328125,0,0,0,0,0,0,0,0,0,0,1,1,1,1,1,1,1,0,0,0,0,0,0,0,0
2013-07-19 13:15:00+00:00,60,7,13,362.6899719238281,395.1654357910156,0,0,0,0,0,0,0,0,0,0,0,0,0,0,0,0,0,0,0,0,0,0,0,0,0
2013-07-19 13:15:00+00:00,60,7,13,,,0,0,0,0,0,0,0,0,0,0,0,0,0,0,0,0,0,0,0,0,0,0,0,0,0
2013-07-19 13:15:00+00:00,60,7,13,,,0,0,0,0,0,0,0,0,0,0,0,0,0,0,0,0,0,0,0,0,0,0,0,0,0
2013-07-19 13:15:00+00:00,60,7,13,39.93392562866211,57.21495819091797,0,0,0,0,0,1,1,1,1,1,1,1,1,1,1,1,1,0,0,0,0,0,0,0,1
2013-07-19 13:15:00+00:00,60,7,13,134.1099853515625,6.590444564819336,0,0,0,0,0,0,0,0,0,0,0,1,1,1,1,1,1,1,1,1,1,1,1,1,1
2013-07-19 13:15:00+00:00,60,7,13,135.93955993652344,96.07132720947266,0,0,0,0,0,0,0,0,0,0,0,1,1,1,1,1,1,0,0,0,0,0,0,0,0
2013-07-19 13:15:00+00:00,60,7,13,,,0,0,0,0,0,0,0,0,0,0,0,0,0,0,0,0,0,0,0,0,0,0,0,0,0
2013-07-19 13:30:00+00:00,60,7,13,141.9259490966797,306.7125549316406,0,0,0,0,0,0,0,0,0,0,0,1,1,1,1,1,1,0,0,0,0,0,0,0,0
2013-07-19 13:30:00+00:00,60,7,13,195.22450256347656,99.75384521484375,0,0,0,0,0,0,0,0,0,0,0,0,0,1,1,1,1,0,0,0,0,0,0,0,0
2013-07-19 13:30:00+00:00,60,7,13,113.79413604736328,6.949981689453125,0,0,0,0,0,0,0,0,0,0,1,1,1,1,1,1,1,1,1,1,1,1,1,1,1
2013-07-19 13:30:00+00:00,60,7,13,324.9022521972656,221.22010803222656,0,0,0,0,0,0,0,0,0,0,0,0,0,0,0,0,1,0,0,0,0,0,0,0,0
2013-07-19 13:30:00+00:00,60,7,13,295.8244323730469,279.1361083984375,0,0,0,0,0,0,0,0,0,0,0,0,0,0,0,1,1,0,0,0,0,0,0,0,0
2013-07-19 13:30:00+00:00,60,7,13,152.4425811767578,139.0686798095703,0,0,0,0,0,0,0,0,0,0,0,0,1,1,1,1,1,0,0,0,0,0,0,0,0
2013-07-19 13:30:00+00:00,60,7,13,,,0,0,0,0,0,0,0,0,0,0,0,0,0,0,0,0,0,0,0,0,0,0,0,0,0
2013-07-19 13:30:00+00:00,60,7,13,,,0,0,0,0,0,0,0,0,0,0,0,0,0,0,0,0,0,0,0,0,0,0,0,0,0
2013-07-19 13:30:00+00:00,60,7,13,355.7695617675781,347.55999755859375,0,0,0,0,0,0,0,0,0,0,0,0,0,0,0,0,0,0,0,0,0,0,0,0,0
2013-07-19 13:30:00+00:00,60,7,13,450.99212646484375,374.087158203125,0,0,0,0,0,0,0,0,0,0,0,0,0,0,0,0,0,0,0,0,0,0,0,0,0
2013-07-19 13:30:00+00:00,60,7,13,79.17227172851562,35.638946533203125,0,0,0,0,0,0,0,0,1,1,1,1,1,1,1,1,1,0,0,0,0,0,1,1,1
2013-07-19 13:30:00+00:00,60,7,13,,102.97724151611328,0,0,0,0,0,0,0,0,0,0,0,0,0,0,0,0,0,0,0,0,0,0,0,0,0
2013-07-19 13:30:00+00:00,60,7,13,50.225181579589844,0.0,0,0,0,0,0,0,0,1,1,1,1,1,1,1,1,1,1,1,1,1,1,1,1,1,1
2013-07-19 13:30:00+00:00,60,7,13,,374.3984375,0,0,0,0,0,0,0,0,0,0,0,0,0,0,0,0,0,0,0,0,0,0,0,0,0
2013-07-19 13:30:00+00:00,60,7,13,159.98764038085938,25.717687606811523,0,0,0,0,0,0,0,0,0,0,0,0,1,1,1,1,1,0,0,0,0,1,1,1,1
2013-07-19 13:30:00+00:00,60,7,13,128.42337036132812,16.171831130981445,0,0,0,0,0,0,0,0,0,0,0,1,1,1,1,1,1,0,0,1,1,1,1,1,1
2013-07-19 13:30:00+00:00,60,7,13,63.95804214477539,32.54640197753906,0,0,0,0,0,0,0,0,1,1,1,1,1,1,1,1,1,0,0,0,0,0,1,1,1
2013-07-19 13:30:00+00:00,60,7,13,,,0,0,0,0,0,0,0,0,0,0,0,0,0,0,0,0,0,0,0,0,0,0,0,0,0
2013-07-19 13:30:00+00:00,60,7,13,,,0,0,0,0,0,0,0,0,0,0,0,0,0,0,0,0,0,0,0,0,0,0,0,0,0
2013-07-19 13:30:00+00:00,60,7,13,,,0,0,0,0,0,0,0,0,0,0,0,0,0,0,0,0,0,0,0,0,0,0,0,0,0
2013-07-19 13:45:00+00:00,60,7,13,163.90902709960938,219.053466796875,0,0,0,0,0,0,0,0,0,0,0,0,1,1,1,1,1,0,0,0,0,0,0,0,0
2013-07-19 13:45:00+00:00,60,7,13,61.399410247802734,37.172340393066406,0,0,0,0,0,0,0,0,1,1,1,1,1,1,1,1,1,0,0,0,0,0,1,1,1
2013-07-19 13:45:00+00:00,60,7,13,,73.10599517822266,0,0,0,0,0,0,0,0,0,0,0,0,0,0,0,0,0,0,0,0,0,0,0,0,0
2013-07-19 13:45:00+00:00,60,7,13,,437.8349609375,0,0,0,0,0,0,0,0,0,0,0,0,0,0,0,0,0,0,0,0,0,0,0,0,0
2013-07-19 13:45:00+00:00,60,7,13,422.5285339355469,,0,0,0,0,0,0,0,0,0,0,0,0,0,0,0,0,0,0,0,0,0,0,0,0,0
2013-07-19 13:45:00+00:00,60,7,13,454.01116943359375,,0,0,0,0,0,0,0,0,0,0,0,0,0,0,0,0,0,0,0,0,0,0,0,0,0
2013-07-19 13:45:00+00:00,60,7,13,326.2174987792969,227.2855224609375,0,0,0,0,0,0,0,0,0,0,0,0,0,0,0,0,1,0,0,0,0,0,0,0,0
2013-07-19 13:45:00+00:00,60,7,13,,,0,0,0,0,0,0,0,0,0,0,0,0,0,0,0,0,0,0,0,0,0,0,0,0,0
2013-07-19 13:45:00+00:00,60,7,13,186.14834594726562,85.61936950683594,0,0,0,0,0,0,0,0,0,0,0,0,0,1,1,1,1,0,0,0,0,0,0,0,0
2013-07-19 13:45:00+00:00,60,7,13,138.0492401123047,179.98406982421875,0,0,0,0,0,0,0,0,0,0,0,1,1,1,1,1,1,0,0,0,0,0,0,0,0
2013-07-19 13:45:00+00:00,60,7,13,284.3379821777344,325.6488952636719,0,0,0,0,0,0,0,0,0,0,0,0,0,0,0,1,1,0,0,0,0,0,0,0,0
2013-07-19 13:45:00+00:00,60,7,13,276.8259582519531,315.9785461425781,0,0,0,0,0,0,0,0,0,0,0,0,0,0,0,1,1,0,0,0,0,0,0,0,0
2013-07-19 13:45:00+00:00,60,7,13,162.8772735595703,102.62818145751953,0,0,0,0,0,0,0,0,0,0,0,0,1,1,1,1,1,0,0,0,0,0,0,0,0
2013-07-19 13:45:00+00:00,60,7,13,,21.477413177490234,0,0,0,0,0,0,0,0,0,0,0,0,0,0,0,0,0,0,0,0,1,1,1,1,1
2013-07-19 13:45:00+00:00,60,7,13,116.5002212524414,9.556513786315918,0,0,0,0,0,0,0,0,0,0,1,1,1,1,1,1,1,1,1,1,1,1,1,1,1
2013-07-19 13:45:00+00:00,60,7,13,,83.94314575195312,0,0,0,0,0,0,0,0,0,0,0,0,0,0,0,0,0,0,0,0,0,0,0,0,0
2013-07-19 13:45:00+00:00,60,7,13,,,0,0,0,0,0,0,0,0,0,0,0,0,0,0,0,0,0,0,0,0,0,0,0,0,0
2013-07-19 14:00:00+00:00,60,7,14,,,0,0,0,0,0,0,0,0,0,0,0,0,0,0,0,0,0,0,0,0,0,0,0,0,0
2013-07-19 14:00:00+00:00,60,7,14,,198.3724365234375,0,0,0,0,0,0,0,0,0,0,0,0,0,0,0,0,0,0,0,0,0,0,0,0,0
2013-07-19 14:00:00+00:00,60,7,14,92.98079681396484,12.419151306152344,0,0,0,0,0,0,0,0,0,1,1,1,1,1,1,1,1,0,1,1,1,1,1,1,1
2013-07-19 14:00:00+00:00,60,7,14,226.14381408691406,9.800289154052734,0,0,0,0,0,0,0,0,0,0,0,0,0,0,1,1,1,1,1,1,1,1,1,1,1
2013-07-19 14:00:00+00:00,60,7,14,,139.1397247314453,0,0,0,0,0,0,0,0,0,0,0,0,0,0,0,0,0,0,0,0,0,0,0,0,0
2013-07-19 14:00:00+00:00,60,7,14,,162.20252990722656,0,0,0,0,0,0,0,0,0,0,0,0,0,0,0,0,0,0,0,0,0,0,0,0,0
2013-07-19 14:00:00+00:00,60,7,14,80.809326171875,26.431793212890625,0,0,0,0,0,0,0,0,0,1,1,1,1,1,1,1,1,0,0,0,0,1,1,1,1
2013-07-19 14:00:00+00:00,60,7,14,52.237762451171875,17.292495727539062,0,0,0,0,0,0,0,1,1,1,1,1,1,1,1,1,1,0,0,1,1,1,1,1,1
2013-07-19 14:00:00+00:00,60,7,14,251.123779296875,215.9824981689453,0,0,0,0,0,0,0,0,0,0,0,0,0,0,0,1,1,0,0,0,0,0,0,0,0
2013-07-19 14:15:00+00:00,60,7,14,167.05027770996094,149.50804138183594,0,0,0,0,0,0,0,0,0,0,0,0,1,1,1,1,1,0,0,0,0,0,0,0,0
2013-07-19 14:15:00+00:00,60,7,14,401.6649475097656,23.23604393005371,0,0,0,0,0,0,0,0,0,0,0,0,0,0,0,0,0,0,0,0,1,1,1,1,1
2013-07-19 14:15:00+00:00,60,7,14,,105.75051879882812,0,0,0,0,0,0,0,0,0,0,0,0,0,0,0,0,0,0,0,0,0,0,0,0,0
2013-07-19 14:15:00+00:00,60,7,14,,120.31031799316406,0,0,0,0,0,0,0,0,0,0,0,0,0,0,0,0,0,0,0,0,0,0,0,0,0
2013-07-19 14:30:00+00:00,60,7,14,148.49703979492188,160.7348175048828,0,0,0,0,0,0,0,0,0,0,0,1,1,1,1,1,1,0,0,0,0,0,0,0,0
2013-07-19 14:30:00+00:00,60,7,14,153.3786163330078,132.94508361816406,0,0,0,0,0,0,0,0,0,0,0,0,1,1,1,1,1,0,0,0,0,0,0,0,0
2013-07-19 14:30:00+00:00,60,7,14,,269.9163513183594,0,0,0,0,0,0,0,0,0,0,0,0,0,0,0,0,0,0,0,0,0,0,0,0,0
2013-07-19 14:30:00+00:00,60,7,14,326.5205078125,,0,0,0,0,0,0,0,0,0,0,0,0,0,0,0,0,1,0,0,0,0,0,0,0,0
2013-07-19 14:30:00+00:00,60,7,14,148.96875,111.49019622802734,0,0,0,0,0,0,0,0,0,0,0,1,1,1,1,1,1,0,0,0,0,0,0,0,0
2013-07-19 14:30:00+00:00,60,7,14,233.4332733154297,260.08880615234375,0,0,0,0,0,0,0,0,0,0,0,0,0,0,1,1,1,0,0,0,0,0,0,0,0
2013-07-19 14:30:00+00:00,60,7,14,,,0,0,0,0,0,0,0,0,0,0,0,0,0,0,0,0,0,0,0,0,0,0,0,0,0
2013-07-19 14:30:00+00:00,60,7,14,55.613677978515625,9.626260757446289,0,0,0,0,0,0,0,1,1,1,1,1,1,1,1,1,1,1,1,1,1,1,1,1,1
2013-07-19 14:30:00+00:00,60,7,14,,,0,0,0,0,0,0,0,0,0,0,0,0,0,0,0,0,0,0,0,0,0,0,0,0,0
2013-07-19 14:45:00+00:00,60,7,14,191.0587158203125,99.02719116210938,0,0,0,0,0,0,0,0,0,0,0,0,0,1,1,1,1,0,0,0,0,0,0,0,0
2013-07-19 14:45:00+00:00,60,7,14,,,0,0,0,0,0,0,0,0,0,0,0,0,0,0,0,0,0,0,0,0,0,0,0,0,0
2013-07-19 14:45:00+00:00,60,7,14,220.5551300048828,64.68740844726562,0,0,0,0,0,0,0,0,0,0,0,0,0,0,1,1,1,0,0,0,0,0,0,0,0
2013-07-19 14:45:00+00:00,60,7,14,182.62193298339844,184.44998168945312,0,0,0,0,0,0,0,0,0,0,0,0,0,1,1,1,1,0,0,0,0,0,0,0,0
2013-07-19 14:45:00+00:00,60,7,14,266.18414306640625,117.13837432861328,0,0,0,0,0,0,0,0,0,0,0,0,0,0,0,1,1,0,0,0,0,0,0,0,0
2013-07-19 14:45:00+00:00,60,7,14,167.13116455078125,185.26641845703125,0,0,0,0,0,0,0,0,0,0,0,0,1,1,1,1,1,0,0,0,0,0,0,0,0
2013-07-19 14:45:00+00:00,60,7,14,72.52639770507812,225.2991943359375,0,0,0,0,0,0,0,0,1,1,1,1,1,1,1,1,1,0,0,0,0,0,0,0,0
2013-07-19 14:45:00+00:00,60,7,14,48.07918930053711,17.709766387939453,0,0,0,0,0,0,1,1,1,1,1,1,1,1,1,1,1,0,0,1,1,1,1,1,1
2013-07-19 14:45:00+00:00,60,7,14,44.612388610839844,19.26693344116211,0,0,0,0,0,0,1,1,1,1,1,1,1,1,1,1,1,0,0,1,1,1,1,1,1
2013-07-19 14:45:00+00:00,60,7,14,278.7940979003906,252.32546997070312,0,0,0,0,0,0,0,0,0,0,0,0,0,0,0,1,1,0,0,0,0,0,0,0,0
2013-07-19 15:00:00+00:00,60,7,15,174.50413513183594,21.446311950683594,0,0,0,0,0,0,0,0,0,0,0,0,1,1,1,1,1,0,0,0,1,1,1,1,1
2013-07-19 15:00:00+00:00,60,7,15,84.55743408203125,7.067663192749023,0,0,0,0,0,0,0,0,0,1,1,1,1,1,1,1,1,1,1,1,1,1,1,1,1
2013-07-19 15:00:00+00:00,60,7,15,74.15424346923828,149.2925262451172,0,0,0,0,0,0,0,0,1,1,1,1,1,1,1,1,1,0,0,0,0,0,0,0,0
2013-07-19 15:00:00+00:00,60,7,15,,262.787353515625,0,0,0,0,0,0,0,0,0,0,0,0,0,0,0,0,0,0,0,0,0,0,0,0,0
2013-07-19 15:00:00+00:00,60,7,15,,,0,0,0,0,0,0,0,0,0,0,0,0,0,0,0,0,0,0,0,0,0,0,0,0,0
2013-07-19 15:00:00+00:00,60,7,15,,344.97119140625,0,0,0,0,0,0,0,0,0,0,0,0,0,0,0,0,0,0,0,0,0,0,0,0,0
2013-07-19 15:00:00+00:00,60,7,15,517.8689575195312,177.31954956054688,0,0,0,0,0,0,0,0,0,0,0,0,0,0,0,0,0,0,0,0,0,0,0,0,0
2013-07-19 15:00:00+00:00,60,7,15,155.5992431640625,25.274816513061523,0,0,0,0,0,0,0,0,0,0,0,0,1,1,1,1,1,0,0,0,0,1,1,1,1
2013-07-19 15:00:00+00:00,60,7,15,204.20010375976562,326.568115234375,0,0,0,0,0,0,0,0,0,0,0,0,0,0,1,1,1,0,0,0,0,0,0,0,0
2013-07-19 15:00:00+00:00,60,7,15,171.93263244628906,,0,0,0,0,0,0,0,0,0,0,0,0,1,1,1,1,1,0,0,0,0,0,0,0,0
2013-07-19 15:00:00+00:00,60,7,15,86.06280517578125,11.982580184936523,0,0,0,0,0,0,0,0,0,1,1,1,1,1,1,1,1,0,1,1,1,1,1,1,1
2013-07-19 15:00:00+00:00,60,7,15,249.08570861816406,,0,0,0,0,0,0,0,0,0,0,0,0,0,0,1,1,1,0,0,0,0,0,0,0,0
2013-07-19 15:00:00+00:00,60,7,15,245.41188049316406,,0,0,0,0,0,0,0,0,0,0,0,0,0,0,1,1,1,0,0,0,0,0,0,0,0
2013-07-19 15:15:00+00:00,60,7,15,136.6538848876953,29.607261657714844,0,0,0,0,0,0,0,0,0,0,0,1,1,1,1,1,1,0,0,0,0,1,1,1,1
2013-07-19 15:15:00+00:00,60,7,15,176.3760223388672,,0,0,0,0,0,0,0,0,0,0,0,0,1,1,1,1,1,0,0,0,0,0,0,0,0
2013-07-19 15:15:00+00:00,60,7,15,143.78614807128906,189.1338348388672,0,0,0,0,0,0,0,0,0,0,0,1,1,1,1,1,1,0,0,0,0,0,0,0,0
2013-07-19 15:15:00+00:00,60,7,15,327.96295166015625,222.4204864501953,0,0,0,0,0,0,0,0,0,0,0,0,0,0,0,0,1,0,0,0,0,0,0,0,0
2013-07-19 15:15:00+00:00,60,7,15,372.3503723144531,206.17724609375,0,0,0,0,0,0,0,0,0,0,0,0,0,0,0,0,0,0,0,0,0,0,0,0,0
2013-07-19 15:15:00+00:00,60,7,15,314.7210693359375,293.2266540527344,0,0,0,0,0,0,0,0,0,0,0,0,0,0,0,0,1,0,0,0,0,0,0,0,0
2013-07-19 15:15:00+00:00,60,7,15,180.7613983154297,,0,0,0,0,0,0,0,0,0,0,0,0,0,1,1,1,1,0,0,0,0,0,0,0,0
2013-07-19 15:15:00+00:00,60,7,15,67.11058044433594,0.0,0,0,0,0,0,0,0,0,1,1,1,1,1,1,1,1,1,1,1,1,1,1,1,1,1
2013-07-19 15:15:00+00:00,60,7,15,224.36785888671875,213.6625518798828,0,0,0,0,0,0,0,0,0,0,0,0,0,0,1,1,1,0,0,0,0,0,0,0,0
2013-07-19 15:30:00+00:00,60,7,15,259.8793640136719,71.67225646972656,0,0,0,0,0,0,0,0,0,0,0,0,0,0,0,1,1,0,0,0,0,0,0,0,0
2013-07-19 15:30:00+00:00,60,7,15,337.9637145996094,147.34437561035156,0,0,0,0,0,0,0,0,0,0,0,0,0,0,0,0,1,0,0,0,0,0,0,0,0
2013-07-19 15:30:00+00:00,60,7,15,144.26046752929688,111.78714752197266,0,0,0,0,0,0,0,0,0,0,0,1,1,1,1,1,1,0,0,0,0,0,0,0,0
2013-07-19 15:30:00+00:00,60,7,15,65.0737075805664,27.03609275817871,0,0,0,0,0,0,0,0,1,1,1,1,1,1,1,1,1,0,0,0,0,1,1,1,1
2013-07-19 15:45:00+00:00,60,7,15,57.302772521972656,35.25017547607422,0,0,0,0,0,0,0,1,1,1,1,1,1,1,1,1,1,0,0,0,0,0,1,1,1
2013-07-19 15:45:00+00:00,60,7,15,143.968994140625,,0,0,0,0,0,0,0,0,0,0,0,1,1,1,1,1,1,0,0,0,0,0,0,0,0
2013-07-19 15:45:00+00:00,60,7,15,230.2896728515625,190.53616333007812,0,0,0,0,0,0,0,0,0,0,0,0,0,0,1,1,1,0,0,0,0,0,0,0,0
2013-07-19 15:45:00+00:00,60,7,15,300.1795349121094,256.12713623046875,0,0,0,0,0,0,0,0,0,0,0,0,0,0,0,0,1,0,0,0,0,0,0,0,0
2013-07-19 15:45:00+00:00,60,7,15,212.36639404296875,202.92205810546875,0,0,0,0,0,0,0,0,0,0,0,0,0,0,1,1,1,0,0,0,0,0,0,0,0
2013-07-19 16:00:00+00:00,60,7,16,155.2703857421875,135.71896362304688,0,0,0,0,0,0,0,0,0,0,0,0,1,1,1,1,1,0,0,0,0,0,0,0,0
2013-07-19 16:00:00+00:00,60,7,16,132.7046661376953,199.63473510742188,0,0,0,0,0,0,0,0,0,0,0,1,1,1,1,1,1,0,0,0,0,0,0,0,0
2013-07-19 16:00:00+00:00,60,7,16,97.27562713623047,149.20306396484375,0,0,0,0,0,0,0,0,0,1,1,1,1,1,1,1,1,0,0,0,0,0,0,0,0
2013-07-19 16:00:00+00:00,60,7,16,,,0,0,0,0,0,0,0,0,0,0,0,0,0,0,0,0,0,0,0,0,0,0,0,0,0
2013-07-19 16:00:00+00:00,60,7,16,543.3175659179688,536.020751953125,0,0,0,0,0,0,0,0,0,0,0,0,0,0,0,0,0,0,0,0,0,0,0,0,0
2013-07-19 16:00:00+00:00,60,7,16,140.14385986328125,171.69876098632812,0,0,0,0,0,0,0,0,0,0,0,1,1,1,1,1,1,0,0,0,0,0,0,0,0
2013-07-19 16:00:00+00:00,60,7,16,112.5321044921875,157.6571044921875,0,0,0,0,0,0,0,0,0,0,1,1,1,1,1,1,1,0,0,0,0,0,0,0,0
2013-07-19 16:00:00+00:00,60,7,16,203.4634246826172,207.1308135986328,0,0,0,0,0,0,0,0,0,0,0,0,0,0,1,1,1,0,0,0,0,0,0,0,0
2013-07-19 16:00:00+00:00,60,7,16,248.86856079101562,213.98544311523438,0,0,0,0,0,0,0,0,0,0,0,0,0,0,1,1,1,0,0,0,0,0,0,0,0
2013-07-19 16:00:00+00:00,60,7,16,,,0,0,0,0,0,0,0,0,0,0,0,0,0,0,0,0,0,0,0,0,0,0,0,0,0
2013-07-19 16:00:00+00:00,60,7,16,,,0,0,0,0,0,0,0,0,0,0,0,0,0,0,0,0,0,0,0,0,0,0,0,0,0
2013-07-19 16:15:00+00:00,60,7,16,143.92076110839844,123.61508178710938,0,0,0,0,0,0,0,0,0,0,0,1,1,1,1,1,1,0,0,0,0,0,0,0,0
2013-07-19 16:15:00+00:00,60,7,16,167.18055725097656,67.50929260253906,0,0,0,0,0,0,0,0,0,0,0,0,1,1,1,1,1,0,0,0,0,0,0,0,0
2013-07-19 16:15:00+00:00,60,7,16,,150.3411102294922,0,0,0,0,0,0,0,0,0,0,0,0,0,0,0,0,0,0,0,0,0,0,0,0,0
2013-07-19 16:15:00+00:00,60,7,16,129.51698303222656,135.0266876220703,0,0,0,0,0,0,0,0,0,0,0,1,1,1,1,1,1,0,0,0,0,0,0,0,0
2013-07-19 16:15:00+00:00,60,7,16,74.03401184082031,21.479856491088867,0,0,0,0,0,0,0,0,1,1,1,1,1,1,1,1,1,0,0,0,1,1,1,1,1
2013-07-19 16:15:00+00:00,60,7,16,,140.38194274902344,0,0,0,0,0,0,0,0,0,0,0,0,0,0,0,0,0,0,0,0,0,0,0,0,0
2013-07-19 16:15:00+00:00,60,7,16,64.88292694091797,26.123577117919922,0,0,0,0,0,0,0,0,1,1,1,1,1,1,1,1,1,0,0,0,0,1,1,1,1
2013-07-19 16:15:00+00:00,60,7,16,268.43218994140625,220.04974365234375,0,0,0,0,0,0,0,0,0,0,0,0,0,0,0,1,1,0,0,0,0,0,0,0,0
2013-07-19 16:30:00+00:00,60,7,16,147.9661407470703,6.686707019805908,0,0,0,0,0,0,0,0,0,0,0,1,1,1,1,1,1,1,1,1,1,1,1,1,1
2013-07-19 16:30:00+00:00,60,7,16,53.277984619140625,0.0,0,0,0,0,0,0,0,1,1,1,1,1,1,1,1,1,1,1,1,1,1,1,1,1,1
2013-07-19 16:30:00+00:00,60,7,16,330.0478820800781,351.16973876953125,0,0,0,0,0,0,0,0,0,0,0,0,0,0,0,0,1,0,0,0,0,0,0,0,0
2013-07-19 16:30:00+00:00,60,7,16,199.2486572265625,,0,0,0,0,0,0,0,0,0,0,0,0,0,1,1,1,1,0,0,0,0,0,0,0,0
2013-07-19 16:30:00+00:00,60,7,16,132.94459533691406,97.1884536743164,0,0,0,0,0,0,0,0,0,0,0,1,1,1,1,1,1,0,0,0,0,0,0,0,0
2013-07-19 16:30:00+00:00,60,7,16,,500.2515869140625,0,0,0,0,0,0,0,0,0,0,0,0,0,0,0,0,0,0,0,0,0,0,0,0,0
2013-07-19 16:30:00+00:00,60,7,16,141.87864685058594,,0,0,0,0,0,0,0,0,0,0,0,1,1,1,1,1,1,0,0,0,0,0,0,0,0
2013-07-19 16:30:00+00:00,60,7,16,325.9234313964844,297.3125,0,0,0,0,0,0,0,0,0,0,0,0,0,0,0,0,1,0,0,0,0,0,0,0,0
2013-07-19 16:30:00+00:00,60,7,16,,,0,0,0,0,0,0,0,0,0,0,0,0,0,0,0,0,0,0,0,0,0,0,0,0,0
2013-07-19 16:30:00+00:00,60,7,16,,,0,0,0,0,0,0,0,0,0,0,0,0,0,0,0,0,0,0,0,0,0,0,0,0,0
2013-07-19 16:45:00+00:00,60,7,16,183.23487854003906,305.1379089355469,0,0,0,0,0,0,0,0,0,0,0,0,0,1,1,1,1,0,0,0,0,0,0,0,0
2013-07-19 16:45:00+00:00,60,7,16,136.03469848632812,186.2616729736328,0,0,0,0,0,0,0,0,0,0,0,1,1,1,1,1,1,0,0,0,0,0,0,0,0
2013-07-19 16:45:00+00:00,60,7,16,337.1063537597656,,0,0,0,0,0,0,0,0,0,0,0,0,0,0,0,0,1,0,0,0,0,0,0,0,0
2013-07-19 17:00:00+00:00,60,7,17,289.7147216796875,44.78923034667969,0,0,0,0,0,0,0,0,0,0,0,0,0,0,0,1,1,0,0,0,0,0,0,1,1
2013-07-19 17:00:00+00:00,60,7,17,117.40243530273438,,0,0,0,0,0,0,0,0,0,0,1,1,1,1,1,1,1,0,0,0,0,0,0,0,0
2013-07-19 17:00:00+00:00,60,7,17,145.7957763671875,117.17057037353516,0,0,0,0,0,0,0,0,0,0,0,1,1,1,1,1,1,0,0,0,0,0,0,0,0
2013-07-19 17:00:00+00:00,60,7,17,165.6092071533203,,0,0,0,0,0,0,0,0,0,0,0,0,1,1,1,1,1,0,0,0,0,0,0,0,0
2013-07-19 17:00:00+00:00,60,7,17,,,0,0,0,0,0,0,0,0,0,0,0,0,0,0,0,0,0,0,0,0,0,0,0,0,0
2013-07-19 17:15:00+00:00,60,7,17,291.1190185546875,3.048159599304199,0,0,0,0,0,0,0,0,0,0,0,0,0,0,0,1,1,1,1,1,1,1,1,1,1
2013-07-19 17:15:00+00:00,60,7,17,296.8669738769531,273.6127014160156,0,0,0,0,0,0,0,0,0,0,0,0,0,0,0,1,1,0,0,0,0,0,0,0,0
2013-07-19 17:15:00+00:00,60,7,17,244.3745880126953,310.59832763671875,0,0,0,0,0,0,0,0,0,0,0,0,0,0,1,1,1,0,0,0,0,0,0,0,0
2013-07-19 17:15:00+00:00,60,7,17,178.11227416992188,273.31622314453125,0,0,0,0,0,0,0,0,0,0,0,0,1,1,1,1,1,0,0,0,0,0,0,0,0
2013-07-19 17:15:00+00:00,60,7,17,146.38294982910156,206.0675811767578,0,0,0,0,0,0,0,0,0,0,0,1,1,1,1,1,1,0,0,0,0,0,0,0,0
2013-07-19 17:15:00+00:00,60,7,17,,,0,0,0,0,0,0,0,0,0,0,0,0,0,0,0,0,0,0,0,0,0,0,0,0,0
2013-07-19 17:15:00+00:00,60,7,17,,,0,0,0,0,0,0,0,0,0,0,0,0,0,0,0,0,0,0,0,0,0,0,0,0,0
2013-07-19 17:30:00+00:00,60,7,17,45.78784942626953,38.92681884765625,0,0,0,0,0,0,1,1,1,1,1,1,1,1,1,1,1,0,0,0,0,0,1,1,1
2013-07-19 17:30:00+00:00,60,7,17,,,0,0,0,0,0,0,0,0,0,0,0,0,0,0,0,0,0,0,0,0,0,0,0,0,0
2013-07-19 17:30:00+00:00,60,7,17,407.3443298339844,431.2540283203125,0,0,0,0,0,0,0,0,0,0,0,0,0,0,0,0,0,0,0,0,0,0,0,0,0
2013-07-19 17:30:00+00:00,60,7,17,,,0,0,0,0,0,0,0,0,0,0,0,0,0,0,0,0,0,0,0,0,0,0,0,0,0
2013-07-19 17:45:00+00:00,60,7,17,188.61605834960938,3.0846166610717773,0,0,0,0,0,0,0,0,0,0,0,0,0,1,1,1,1,1,1,1,1,1,1,1,1
2013-07-19 17:45:00+00:00,60,7,17,,469.8587646484375,0,0,0,0,0,0,0,0,0,0,0,0,0,0,0,0,0,0,0,0,0,0,0,0,0
2013-07-20 10:00:00+00:00,60,7,10,,,0,0,0,0,0,0,0,0,0,0,0,0,0,0,0,0,0,0,0,0,0,0,0,0,0
2013-07-20 10:00:00+00:00,60,7,10,,,0,0,0,0,0,0,0,0,0,0,0,0,0,0,0,0,0,0,0,0,0,0,0,0,0
2013-07-20 10:00:00+00:00,60,7,10,,,0,0,0,0,0,0,0,0,0,0,0,0,0,0,0,0,0,0,0,0,0,0,0,0,0
2013-07-20 10:00:00+00:00,60,7,10,,,0,0,0,0,0,0,0,0,0,0,0,0,0,0,0,0,0,0,0,0,0,0,0,0,0
2013-07-20 10:15:00+00:00,60,7,10,,,0,0,0,0,0,0,0,0,0,0,0,0,0,0,0,0,0,0,0,0,0,0,0,0,0
2013-07-20 10:15:00+00:00,60,7,10,,,0,0,0,0,0,0,0,0,0,0,0,0,0,0,0,0,0,0,0,0,0,0,0,0,0
2013-07-20 10:30:00+00:00,60,7,10,,,0,0,0,0,0,0,0,0,0,0,0,0,0,0,0,0,0,0,0,0,0,0,0,0,0
2013-07-20 10:30:00+00:00,60,7,10,,,0,0,0,0,0,0,0,0,0,0,0,0,0,0,0,0,0,0,0,0,0,0,0,0,0
2013-07-20 10:30:00+00:00,60,7,10,,,0,0,0,0,0,0,0,0,0,0,0,0,0,0,0,0,0,0,0,0,0,0,0,0,0
2013-07-20 10:30:00+00:00,60,7,10,,,0,0,0,0,0,0,0,0,0,0,0,0,0,0,0,0,0,0,0,0,0,0,0,0,0
2013-07-20 10:30:00+00:00,60,7,10,286.9684143066406,20.248991012573242,0,0,0,0,0,0,0,0,0,0,0,0,0,0,0,1,1,0,0,0,1,1,1,1,1
2013-07-20 10:30:00+00:00,60,7,10,,,0,0,0,0,0,0,0,0,0,0,0,0,0,0,0,0,0,0,0,0,0,0,0,0,0
2013-07-20 10:30:00+00:00,60,7,10,,,0,0,0,0,0,0,0,0,0,0,0,0,0,0,0,0,0,0,0,0,0,0,0,0,0
2013-07-20 10:30:00+00:00,60,7,10,,,0,0,0,0,0,0,0,0,0,0,0,0,0,0,0,0,0,0,0,0,0,0,0,0,0
2013-07-20 10:30:00+00:00,60,7,10,,,0,0,0,0,0,0,0,0,0,0,0,0,0,0,0,0,0,0,0,0,0,0,0,0,0
2013-07-20 10:45:00+00:00,60,7,10,,,0,0,0,0,0,0,0,0,0,0,0,0,0,0,0,0,0,0,0,0,0,0,0,0,0
2013-07-20 10:45:00+00:00,60,7,10,,,0,0,0,0,0,0,0,0,0,0,0,0,0,0,0,0,0,0,0,0,0,0,0,0,0
2013-07-20 10:45:00+00:00,60,7,10,,,0,0,0,0,0,0,0,0,0,0,0,0,0,0,0,0,0,0,0,0,0,0,0,0,0
2013-07-20 10:45:00+00:00,60,7,10,66.04840087890625,0.0,0,0,0,0,0,0,0,0,1,1,1,1,1,1,1,1,1,1,1,1,1,1,1,1,1
2013-07-20 10:45:00+00:00,60,7,10,415.3460693359375,,0,0,0,0,0,0,0,0,0,0,0,0,0,0,0,0,0,0,0,0,0,0,0,0,0
2013-07-20 11:00:00+00:00,60,7,11,,,0,0,0,0,0,0,0,0,0,0,0,0,0,0,0,0,0,0,0,0,0,0,0,0,0
2013-07-20 11:00:00+00:00,60,7,11,,,0,0,0,0,0,0,0,0,0,0,0,0,0,0,0,0,0,0,0,0,0,0,0,0,0
2013-07-20 11:00:00+00:00,60,7,11,,,0,0,0,0,0,0,0,0,0,0,0,0,0,0,0,0,0,0,0,0,0,0,0,0,0
2013-07-20 11:00:00+00:00,60,7,11,,,0,0,0,0,0,0,0,0,0,0,0,0,0,0,0,0,0,0,0,0,0,0,0,0,0
2013-07-20 11:00:00+00:00,60,7,11,,163.6543426513672,0,0,0,0,0,0,0,0,0,0,0,0,0,0,0,0,0,0,0,0,0,0,0,0,0
2013-07-20 11:00:00+00:00,60,7,11,,,0,0,0,0,0,0,0,0,0,0,0,0,0,0,0,0,0,0,0,0,0,0,0,0,0
2013-07-20 11:00:00+00:00,60,7,11,,,0,0,0,0,0,0,0,0,0,0,0,0,0,0,0,0,0,0,0,0,0,0,0,0,0
2013-07-20 11:00:00+00:00,60,7,11,,,0,0,0,0,0,0,0,0,0,0,0,0,0,0,0,0,0,0,0,0,0,0,0,0,0
2013-07-20 11:00:00+00:00,60,7,11,,,0,0,0,0,0,0,0,0,0,0,0,0,0,0,0,0,0,0,0,0,0,0,0,0,0
2013-07-20 11:00:00+00:00,60,7,11,,,0,0,0,0,0,0,0,0,0,0,0,0,0,0,0,0,0,0,0,0,0,0,0,0,0
2013-07-20 11:00:00+00:00,60,7,11,,606.545166015625,0,0,0,0,0,0,0,0,0,0,0,0,0,0,0,0,0,0,0,0,0,0,0,0,0
2013-07-20 11:00:00+00:00,60,7,11,187.73968505859375,159.80368041992188,0,0,0,0,0,0,0,0,0,0,0,0,0,1,1,1,1,0,0,0,0,0,0,0,0
2013-07-20 11:00:00+00:00,60,7,11,,,0,0,0,0,0,0,0,0,0,0,0,0,0,0,0,0,0,0,0,0,0,0,0,0,0
2013-07-20 11:00:00+00:00,60,7,11,,,0,0,0,0,0,0,0,0,0,0,0,0,0,0,0,0,0,0,0,0,0,0,0,0,0
2013-07-20 11:15:00+00:00,60,7,11,,,0,0,0,0,0,0,0,0,0,0,0,0,0,0,0,0,0,0,0,0,0,0,0,0,0
2013-07-20 11:15:00+00:00,60,7,11,,,0,0,0,0,0,0,0,0,0,0,0,0,0,0,0,0,0,0,0,0,0,0,0,0,0
2013-07-20 11:15:00+00:00,60,7,11,,,0,0,0,0,0,0,0,0,0,0,0,0,0,0,0,0,0,0,0,0,0,0,0,0,0
2013-07-20 11:15:00+00:00,60,7,11,,211.45266723632812,0,0,0,0,0,0,0,0,0,0,0,0,0,0,0,0,0,0,0,0,0,0,0,0,0
2013-07-20 11:15:00+00:00,60,7,11,218.32215881347656,8.576441764831543,0,0,0,0,0,0,0,0,0,0,0,0,0,0,1,1,1,1,1,1,1,1,1,1,1
2013-07-20 11:15:00+00:00,60,7,11,,,0,0,0,0,0,0,0,0,0,0,0,0,0,0,0,0,0,0,0,0,0,0,0,0,0
2013-07-20 11:15:00+00:00,60,7,11,,,0,0,0,0,0,0,0,0,0,0,0,0,0,0,0,0,0,0,0,0,0,0,0,0,0
2013-07-20 11:30:00+00:00,60,7,11,,,0,0,0,0,0,0,0,0,0,0,0,0,0,0,0,0,0,0,0,0,0,0,0,0,0
2013-07-20 11:30:00+00:00,60,7,11,243.15472412109375,241.88528442382812,0,0,0,0,0,0,0,0,0,0,0,0,0,0,1,1,1,0,0,0,0,0,0,0,0
2013-07-20 11:30:00+00:00,60,7,11,278.1909484863281,240.35116577148438,0,0,0,0,0,0,0,0,0,0,0,0,0,0,0,1,1,0,0,0,0,0,0,0,0
2013-07-20 11:30:00+00:00,60,7,11,269.78631591796875,373.0403137207031,0,0,0,0,0,0,0,0,0,0,0,0,0,0,0,1,1,0,0,0,0,0,0,0,0
2013-07-20 11:30:00+00:00,60,7,11,,,0,0,0,0,0,0,0,0,0,0,0,0,0,0,0,0,0,0,0,0,0,0,0,0,0
2013-07-20 11:30:00+00:00,60,7,11,265.113525390625,44.52064895629883,0,0,0,0,0,0,0,0,0,0,0,0,0,0,0,1,1,0,0,0,0,0,0,1,1
2013-07-20 11:45:00+00:00,60,7,11,,,0,0,0,0,0,0,0,0,0,0,0,0,0,0,0,0,0,0,0,0,0,0,0,0,0
2013-07-20 11:45:00+00:00,60,7,11,,,0,0,0,0,0,0,0,0,0,0,0,0,0,0,0,0,0,0,0,0,0,0,0,0,0
2013-07-20 11:45:00+00:00,60,7,11,,,0,0,0,0,0,0,0,0,0,0,0,0,0,0,0,0,0,0,0,0,0,0,0,0,0
2013-07-20 11:45:00+00:00,60,7,11,,,0,0,0,0,0,0,0,0,0,0,0,0,0,0,0,0,0,0,0,0,0,0,0,0,0
2013-07-20 11:45:00+00:00,60,7,11,249.09600830078125,38.50545883178711,0,0,0,0,0,0,0,0,0,0,0,0,0,0,1,1,1,0,0,0,0,0,1,1,1
2013-07-20 11:45:00+00:00,60,7,11,310.60955810546875,72.60901641845703,0,0,0,0,0,0,0,0,0,0,0,0,0,0,0,0,1,0,0,0,0,0,0,0,0
2013-07-20 11:45:00+00:00,60,7,11,255.32957458496094,73.47823333740234,0,0,0,0,0,0,0,0,0,0,0,0,0,0,0,1,1,0,0,0,0,0,0,0,0
2013-07-20 11:45:00+00:00,60,7,11,245.1351318359375,19.009994506835938,0,0,0,0,0,0,0,0,0,0,0,0,0,0,1,1,1,0,0,1,1,1,1,1,1
2013-07-20 11:45:00+00:00,60,7,11,,,0,0,0,0,0,0,0,0,0,0,0,0,0,0,0,0,0,0,0,0,0,0,0,0,0
2013-07-20 12:00:00+00:00,60,7,12,,,0,0,0,0,0,0,0,0,0,0,0,0,0,0,0,0,0,0,0,0,0,0,0,0,0
2013-07-20 12:00:00+00:00,60,7,12,,,0,0,0,0,0,0,0,0,0,0,0,0,0,0,0,0,0,0,0,0,0,0,0,0,0
2013-07-20 12:00:00+00:00,60,7,12,,,0,0,0,0,0,0,0,0,0,0,0,0,0,0,0,0,0,0,0,0,0,0,0,0,0
2013-07-20 12:00:00+00:00,60,7,12,,,0,0,0,0,0,0,0,0,0,0,0,0,0,0,0,0,0,0,0,0,0,0,0,0,0
2013-07-20 12:00:00+00:00,60,7,12,268.48529052734375,328.9126281738281,0,0,0,0,0,0,0,0,0,0,0,0,0,0,0,1,1,0,0,0,0,0,0,0,0
2013-07-20 12:00:00+00:00,60,7,12,,12.714235305786133,0,0,0,0,0,0,0,0,0,0,0,0,0,0,0,0,0,0,1,1,1,1,1,1,1
2013-07-20 12:00:00+00:00,60,7,12,,374.559326171875,0,0,0,0,0,0,0,0,0,0,0,0,0,0,0,0,0,0,0,0,0,0,0,0,0
2013-07-20 12:00:00+00:00,60,7,12,,365.37982177734375,0,0,0,0,0,0,0,0,0,0,0,0,0,0,0,0,0,0,0,0,0,0,0,0,0
2013-07-20 12:00:00+00:00,60,7,12,,372.7296447753906,0,0,0,0,0,0,0,0,0,0,0,0,0,0,0,0,0,0,0,0,0,0,0,0,0
2013-07-20 12:00:00+00:00,60,7,12,,220.72596740722656,0,0,0,0,0,0,0,0,0,0,0,0,0,0,0,0,0,0,0,0,0,0,0,0,0
2013-07-20 12:00:00+00:00,60,7,12,273.49530029296875,205.7248077392578,0,0,0,0,0,0,0,0,0,0,0,0,0,0,0,1,1,0,0,0,0,0,0,0,0
2013-07-20 12:00:00+00:00,60,7,12,399.91607666015625,,0,0,0,0,0,0,0,0,0,0,0,0,0,0,0,0,0,0,0,0,0,0,0,0,0
2013-07-20 12:00:00+00:00,60,7,12,745.0718383789062,,0,0,0,0,0,0,0,0,0,0,0,0,0,0,0,0,0,0,0,0,0,0,0,0,0
2013-07-20 12:00:00+00:00,60,7,12,,,0,0,0,0,0,0,0,0,0,0,0,0,0,0,0,0,0,0,0,0,0,0,0,0,0
2013-07-20 12:15:00+00:00,60,7,12,,,0,0,0,0,0,0,0,0,0,0,0,0,0,0,0,0,0,0,0,0,0,0,0,0,0
2013-07-20 12:15:00+00:00,60,7,12,,,0,0,0,0,0,0,0,0,0,0,0,0,0,0,0,0,0,0,0,0,0,0,0,0,0
2013-07-20 12:15:00+00:00,60,7,12,,,0,0,0,0,0,0,0,0,0,0,0,0,0,0,0,0,0,0,0,0,0,0,0,0,0
2013-07-20 12:15:00+00:00,60,7,12,,,0,0,0,0,0,0,0,0,0,0,0,0,0,0,0,0,0,0,0,0,0,0,0,0,0
2013-07-20 12:15:00+00:00,60,7,12,,,0,0,0,0,0,0,0,0,0,0,0,0,0,0,0,0,0,0,0,0,0,0,0,0,0
2013-07-20 12:15:00+00:00,60,7,12,275.8537292480469,276.6211853027344,0,0,0,0,0,0,0,0,0,0,0,0,0,0,0,1,1,0,0,0,0,0,0,0,0
2013-07-20 12:15:00+00:00,60,7,12,354.5866394042969,11.012030601501465,0,0,0,0,0,0,0,0,0,0,0,0,0,0,0,0,0,0,1,1,1,1,1,1,1
2013-07-20 12:15:00+00:00,60,7,12,395.8110656738281,400.93280029296875,0,0,0,0,0,0,0,0,0,0,0,0,0,0,0,0,0,0,0,0,0,0,0,0,0
2013-07-20 12:15:00+00:00,60,7,12,380.1507568359375,386.8855895996094,0,0,0,0,0,0,0,0,0,0,0,0,0,0,0,0,0,0,0,0,0,0,0,0,0
2013-07-20 12:15:00+00:00,60,7,12,336.3916320800781,343.1059875488281,0,0,0,0,0,0,0,0,0,0,0,0,0,0,0,0,1,0,0,0,0,0,0,0,0
2013-07-20 12:15:00+00:00,60,7,12,,,0,0,0,0,0,0,0,0,0,0,0,0,0,0,0,0,0,0,0,0,0,0,0,0,0
2013-07-20 12:15:00+00:00,60,7,12,90.45238494873047,23.055313110351562,0,0,0,0,0,0,0,0,0,1,1,1,1,1,1,1,1,0,0,0,1,1,1,1,1
2013-07-20 12:15:00+00:00,60,7,12,346.2084655761719,277.89703369140625,0,0,0,0,0,0,0,0,0,0,0,0,0,0,0,0,1,0,0,0,0,0,0,0,0
2013-07-20 12:15:00+00:00,60,7,12,182.0177459716797,,0,0,0,0,0,0,0,0,0,0,0,0,0,1,1,1,1,0,0,0,0,0,0,0,0
2013-07-20 12:15:00+00:00,60,7,12,276.6966857910156,332.9583740234375,0,0,0,0,0,0,0,0,0,0,0,0,0,0,0,1,1,0,0,0,0,0,0,0,0
2013-07-20 12:15:00+00:00,60,7,12,46.24695587158203,199.871337890625,0,0,0,0,0,0,1,1,1,1,1,1,1,1,1,1,1,0,0,0,0,0,0,0,0
2013-07-20 12:30:00+00:00,60,7,12,,,0,0,0,0,0,0,0,0,0,0,0,0,0,0,0,0,0,0,0,0,0,0,0,0,0
2013-07-20 12:30:00+00:00,60,7,12,,536.4174194335938,0,0,0,0,0,0,0,0,0,0,0,0,0,0,0,0,0,0,0,0,0,0,0,0,0
2013-07-20 12:30:00+00:00,60,7,12,,547.2407836914062,0,0,0,0,0,0,0,0,0,0,0,0,0,0,0,0,0,0,0,0,0,0,0,0,0
2013-07-20 12:30:00+00:00,60,7,12,336.2234802246094,20.447202682495117,0,0,0,0,0,0,0,0,0,0,0,0,0,0,0,0,1,0,0,0,1,1,1,1,1
2013-07-20 12:30:00+00:00,60,7,12,,68.78446197509766,0,0,0,0,0,0,0,0,0,0,0,0,0,0,0,0,0,0,0,0,0,0,0,0,0
2013-07-20 12:30:00+00:00,60,7,12,55.09644317626953,25.121814727783203,0,0,0,0,0,0,0,1,1,1,1,1,1,1,1,1,1,0,0,0,0,1,1,1,1
2013-07-20 12:30:00+00:00,60,7,12,275.3209228515625,425.306396484375,0,0,0,0,0,0,0,0,0,0,0,0,0,0,0,1,1,0,0,0,0,0,0,0,0
2013-07-20 12:30:00+00:00,60,7,12,,3.075415849685669,0,0,0,0,0,0,0,0,0,0,0,0,0,0,0,0,0,1,1,1,1,1,1,1,1
2013-07-20 12:30:00+00:00,60,7,12,,165.02761840820312,0,0,0,0,0,0,0,0,0,0,0,0,0,0,0,0,0,0,0,0,0,0,0,0,0
2013-07-20 12:30:00+00:00,60,7,12,105.57726287841797,66.57015991210938,0,0,0,0,0,0,0,0,0,0,1,1,1,1,1,1,1,0,0,0,0,0,0,0,0
2013-07-20 12:30:00+00:00,60,7,12,73.0211181640625,27.38091468811035,0,0,0,0,0,0,0,0,1,1,1,1,1,1,1,1,1,0,0,0,0,1,1,1,1
2013-07-20 12:30:00+00:00,60,7,12,445.86712646484375,,0,0,0,0,0,0,0,0,0,0,0,0,0,0,0,0,0,0,0,0,0,0,0,0,0
2013-07-20 12:30:00+00:00,60,7,12,85.0416488647461,118.1829605102539,0,0,0,0,0,0,0,0,0,1,1,1,1,1,1,1,1,0,0,0,0,0,0,0,0
2013-07-20 12:30:00+00:00,60,7,12,,,0,0,0,0,0,0,0,0,0,0,0,0,0,0,0,0,0,0,0,0,0,0,0,0,0
2013-07-20 12:30:00+00:00,60,7,12,82.76314544677734,82.23339080810547,0,0,0,0,0,0,0,0,0,1,1,1,1,1,1,1,1,0,0,0,0,0,0,0,0
2013-07-20 12:30:00+00:00,60,7,12,,,0,0,0,0,0,0,0,0,0,0,0,0,0,0,0,0,0,0,0,0,0,0,0,0,0
2013-07-20 12:30:00+00:00,60,7,12,74.76319122314453,60.677955627441406,0,0,0,0,0,0,0,0,1,1,1,1,1,1,1,1,1,0,0,0,0,0,0,0,0
2013-07-20 12:30:00+00:00,60,7,12,,79.85014343261719,0,0,0,0,0,0,0,0,0,0,0,0,0,0,0,0,0,0,0,0,0,0,0,0,0
2013-07-20 12:30:00+00:00,60,7,12,341.4745178222656,27.106149673461914,0,0,0,0,0,0,0,0,0,0,0,0,0,0,0,0,1,0,0,0,0,1,1,1,1
2013-07-20 12:30:00+00:00,60,7,12,,,0,0,0,0,0,0,0,0,0,0,0,0,0,0,0,0,0,0,0,0,0,0,0,0,0
2013-07-20 12:45:00+00:00,60,7,12,,,0,0,0,0,0,0,0,0,0,0,0,0,0,0,0,0,0,0,0,0,0,0,0,0,0
2013-07-20 12:45:00+00:00,60,7,12,,,0,0,0,0,0,0,0,0,0,0,0,0,0,0,0,0,0,0,0,0,0,0,0,0,0
2013-07-20 12:45:00+00:00,60,7,12,,58.64387130737305,0,0,0,0,0,0,0,0,0,0,0,0,0,0,0,0,0,0,0,0,0,0,0,0,1
2013-07-20 12:45:00+00:00,60,7,12,,215.74440002441406,0,0,0,0,0,0,0,0,0,0,0,0,0,0,0,0,0,0,0,0,0,0,0,0,0
2013-07-20 12:45:00+00:00,60,7,12,450.5408020019531,201.8177490234375,0,0,0,0,0,0,0,0,0,0,0,0,0,0,0,0,0,0,0,0,0,0,0,0,0
2013-07-20 12:45:00+00:00,60,7,12,380.1860046386719,174.34832763671875,0,0,0,0,0,0,0,0,0,0,0,0,0,0,0,0,0,0,0,0,0,0,0,0,0
2013-07-20 12:45:00+00:00,60,7,12,143.37725830078125,128.5202178955078,0,0,0,0,0,0,0,0,0,0,0,1,1,1,1,1,1,0,0,0,0,0,0,0,0
2013-07-20 12:45:00+00:00,60,7,12,86.42273712158203,93.59219360351562,0,0,0,0,0,0,0,0,0,1,1,1,1,1,1,1,1,0,0,0,0,0,0,0,0
2013-07-20 12:45:00+00:00,60,7,12,,,0,0,0,0,0,0,0,0,0,0,0,0,0,0,0,0,0,0,0,0,0,0,0,0,0
2013-07-20 12:45:00+00:00,60,7,12,141.3839874267578,4.70855712890625,0,0,0,0,0,0,0,0,0,0,0,1,1,1,1,1,1,1,1,1,1,1,1,1,1
2013-07-20 12:45:00+00:00,60,7,12,,,0,0,0,0,0,0,0,0,0,0,0,0,0,0,0,0,0,0,0,0,0,0,0,0,0
2013-07-20 12:45:00+00:00,60,7,12,60.70730209350586,4.301710605621338,0,0,0,0,0,0,0,0,1,1,1,1,1,1,1,1,1,1,1,1,1,1,1,1,1
2013-07-20 12:45:00+00:00,60,7,12,447.9975891113281,15.519586563110352,0,0,0,0,0,0,0,0,0,0,0,0,0,0,0,0,0,0,0,1,1,1,1,1,1
2013-07-20 12:45:00+00:00,60,7,12,,,0,0,0,0,0,0,0,0,0,0,0,0,0,0,0,0,0,0,0,0,0,0,0,0,0
2013-07-20 12:45:00+00:00,60,7,12,,73.12187957763672,0,0,0,0,0,0,0,0,0,0,0,0,0,0,0,0,0,0,0,0,0,0,0,0,0
2013-07-20 12:45:00+00:00,60,7,12,353.95721435546875,9.556950569152832,0,0,0,0,0,0,0,0,0,0,0,0,0,0,0,0,0,1,1,1,1,1,1,1,1
2013-07-20 12:45:00+00:00,60,7,12,412.3118896484375,78.29663848876953,0,0,0,0,0,0,0,0,0,0,0,0,0,0,0,0,0,0,0,0,0,0,0,0,0
2013-07-20 12:45:00+00:00,60,7,12,,,0,0,0,0,0,0,0,0,0,0,0,0,0,0,0,0,0,0,0,0,0,0,0,0,0
2013-07-20 13:00:00+00:00,60,7,13,,157.92813110351562,0,0,0,0,0,0,0,0,0,0,0,0,0,0,0,0,0,0,0,0,0,0,0,0,0
2013-07-20 13:00:00+00:00,60,7,13,,227.96405029296875,0,0,0,0,0,0,0,0,0,0,0,0,0,0,0,0,0,0,0,0,0,0,0,0,0
2013-07-20 13:00:00+00:00,60,7,13,,465.4515380859375,0,0,0,0,0,0,0,0,0,0,0,0,0,0,0,0,0,0,0,0,0,0,0,0,0
2013-07-20 13:00:00+00:00,60,7,13,,313.58624267578125,0,0,0,0,0,0,0,0,0,0,0,0,0,0,0,0,0,0,0,0,0,0,0,0,0
2013-07-20 13:00:00+00:00,60,7,13,,179.8568878173828,0,0,0,0,0,0,0,0,0,0,0,0,0,0,0,0,0,0,0,0,0,0,0,0,0
2013-07-20 13:00:00+00:00,60,7,13,,310.2107238769531,0,0,0,0,0,0,0,0,0,0,0,0,0,0,0,0,0,0,0,0,0,0,0,0,0
2013-07-20 13:00:00+00:00,60,7,13,,140.8506622314453,0,0,0,0,0,0,0,0,0,0,0,0,0,0,0,0,0,0,0,0,0,0,0,0,0
2013-07-20 13:00:00+00:00,60,7,13,,166.2517547607422,0,0,0,0,0,0,0,0,0,0,0,0,0,0,0,0,0,0,0,0,0,0,0,0,0
2013-07-20 13:00:00+00:00,60,7,13,173.99807739257812,157.3854522705078,0,0,0,0,0,0,0,0,0,0,0,0,1,1,1,1,1,0,0,0,0,0,0,0,0
2013-07-20 13:00:00+00:00,60,7,13,180.97825622558594,161.56068420410156,0,0,0,0,0,0,0,0,0,0,0,0,0,1,1,1,1,0,0,0,0,0,0,0,0
2013-07-20 13:00:00+00:00,60,7,13,248.8595733642578,485.3023986816406,0,0,0,0,0,0,0,0,0,0,0,0,0,0,1,1,1,0,0,0,0,0,0,0,0
2013-07-20 13:00:00+00:00,60,7,13,48.042301177978516,0.0,0,0,0,0,0,0,1,1,1,1,1,1,1,1,1,1,1,1,1,1,1,1,1,1,1
2013-07-20 13:00:00+00:00,60,7,13,156.16258239746094,28.225812911987305,0,0,0,0,0,0,0,0,0,0,0,0,1,1,1,1,1,0,0,0,0,1,1,1,1
2013-07-20 13:00:00+00:00,60,7,13,,418.6549377441406,0,0,0,0,0,0,0,0,0,0,0,0,0,0,0,0,0,0,0,0,0,0,0,0,0
2013-07-20 13:00:00+00:00,60,7,13,,,0,0,0,0,0,0,0,0,0,0,0,0,0,0,0,0,0,0,0,0,0,0,0,0,0
2013-07-20 13:00:00+00:00,60,7,13,,,0,0,0,0,0,0,0,0,0,0,0,0,0,0,0,0,0,0,0,0,0,0,0,0,0
2013-07-20 13:15:00+00:00,60,7,13,79.03829193115234,61.538002014160156,0,0,0,0,0,0,0,0,1,1,1,1,1,1,1,1,1,0,0,0,0,0,0,0,0
2013-07-20 13:15:00+00:00,60,7,13,,,0,0,0,0,0,0,0,0,0,0,0,0,0,0,0,0,0,0,0,0,0,0,0,0,0
2013-07-20 13:15:00+00:00,60,7,13,93.81416320800781,15.153421401977539,0,0,0,0,0,0,0,0,0,1,1,1,1,1,1,1,1,0,0,1,1,1,1,1,1
2013-07-20 13:15:00+00:00,60,7,13,96.25037384033203,92.30891418457031,0,0,0,0,0,0,0,0,0,1,1,1,1,1,1,1,1,0,0,0,0,0,0,0,0
2013-07-20 13:15:00+00:00,60,7,13,148.25196838378906,21.256956100463867,0,0,0,0,0,0,0,0,0,0,0,1,1,1,1,1,1,0,0,0,1,1,1,1,1
2013-07-20 13:15:00+00:00,60,7,13,122.3696517944336,61.05076599121094,0,0,0,0,0,0,0,0,0,0,0,1,1,1,1,1,1,0,0,0,0,0,0,0,0
2013-07-20 13:15:00+00:00,60,7,13,184.7964324951172,135.0294952392578,0,0,0,0,0,0,0,0,0,0,0,0,0,1,1,1,1,0,0,0,0,0,0,0,0
2013-07-20 13:15:00+00:00,60,7,13,285.9487609863281,161.34512329101562,0,0,0,0,0,0,0,0,0,0,0,0,0,0,0,1,1,0,0,0,0,0,0,0,0
2013-07-20 13:15:00+00:00,60,7,13,,,0,0,0,0,0,0,0,0,0,0,0,0,0,0,0,0,0,0,0,0,0,0,0,0,0
2013-07-20 13:15:00+00:00,60,7,13,,,0,0,0,0,0,0,0,0,0,0,0,0,0,0,0,0,0,0,0,0,0,0,0,0,0
2013-07-20 13:30:00+00:00,60,7,13,,414.4668273925781,0,0,0,0,0,0,0,0,0,0,0,0,0,0,0,0,0,0,0,0,0,0,0,0,0
2013-07-20 13:30:00+00:00,60,7,13,,214.02957153320312,0,0,0,0,0,0,0,0,0,0,0,0,0,0,0,0,0,0,0,0,0,0,0,0,0
2013-07-20 13:30:00+00:00,60,7,13,145.77755737304688,140.65109252929688,0,0,0,0,0,0,0,0,0,0,0,1,1,1,1,1,1,0,0,0,0,0,0,0,0
2013-07-20 13:30:00+00:00,60,7,13,39.346763610839844,0.0,0,0,0,0,0,1,1,1,1,1,1,1,1,1,1,1,1,1,1,1,1,1,1,1,1
2013-07-20 13:30:00+00:00,60,7,13,,451.76153564453125,0,0,0,0,0,0,0,0,0,0,0,0,0,0,0,0,0,0,0,0,0,0,0,0,0
2013-07-20 13:30:00+00:00,60,7,13,90.01937866210938,108.90386199951172,0,0,0,0,0,0,0,0,0,1,1,1,1,1,1,1,1,0,0,0,0,0,0,0,0
2013-07-20 13:30:00+00:00,60,7,13,134.7579803466797,272.35113525390625,0,0,0,0,0,0,0,0,0,0,0,1,1,1,1,1,1,0,0,0,0,0,0,0,0
2013-07-20 13:30:00+00:00,60,7,13,395.79571533203125,379.7973937988281,0,0,0,0,0,0,0,0,0,0,0,0,0,0,0,0,0,0,0,0,0,0,0,0,0
2013-07-20 13:30:00+00:00,60,7,13,98.56031799316406,29.895143508911133,0,0,0,0,0,0,0,0,0,1,1,1,1,1,1,1,1,0,0,0,0,1,1,1,1
2013-07-20 13:30:00+00:00,60,7,13,194.656005859375,62.31490707397461,0,0,0,0,0,0,0,0,0,0,0,0,0,1,1,1,1,0,0,0,0,0,0,0,0
2013-07-20 13:30:00+00:00,60,7,13,195.24122619628906,94.53849029541016,0,0,0,0,0,0,0,0,0,0,0,0,0,1,1,1,1,0,0,0,0,0,0,0,0
2013-07-20 13:30:00+00:00,60,7,13,476.9054260253906,0.0,0,0,0,0,0,0,0,0,0,0,0,0,0,0,0,0,0,1,1,1,1,1,1,1,1
2013-07-20 13:30:00+00:00,60,7,13,497.9145202636719,0.0,0,0,0,0,0,0,0,0,0,0,0,0,0,0,0,0,0,1,1,1,1,1,1,1,1
2013-07-20 13:30:00+00:00,60,7,13,187.09681701660156,147.84158325195312,0,0,0,0,0,0,0,0,0,0,0,0,0,1,1,1,1,0,0,0,0,0,0,0,0
2013-07-20 13:30:00+00:00,60,7,13,396.7332458496094,351.7024230957031,0,0,0,0,0,0,0,0,0,0,0,0,0,0,0,0,0,0,0,0,0,0,0,0,0
2013-07-20 13:30:00+00:00,60,7,13,,32.99474334716797,0,0,0,0,0,0,0,0,0,0,0,0,0,0,0,0,0,0,0,0,0,0,1,1,1
2013-07-20 13:30:00+00:00,60,7,13,,,0,0,0,0,0,0,0,0,0,0,0,0,0,0,0,0,0,0,0,0,0,0,0,0,0
2013-07-20 13:30:00+00:00,60,7,13,133.20030212402344,0.0,0,0,0,0,0,0,0,0,0,0,0,1,1,1,1,1,1,1,1,1,1,1,1,1,1
2013-07-20 13:30:00+00:00,60,7,13,,,0,0,0,0,0,0,0,0,0,0,0,0,0,0,0,0,0,0,0,0,0,0,0,0,0
2013-07-20 13:30:00+00:00,60,7,13,,,0,0,0,0,0,0,0,0,0,0,0,0,0,0,0,0,0,0,0,0,0,0,0,0,0
2013-07-20 13:30:00+00:00,60,7,13,191.11534118652344,163.26654052734375,0,0,0,0,0,0,0,0,0,0,0,0,0,1,1,1,1,0,0,0,0,0,0,0,0
2013-07-20 13:30:00+00:00,60,7,13,259.3491516113281,212.32618713378906,0,0,0,0,0,0,0,0,0,0,0,0,0,0,0,1,1,0,0,0,0,0,0,0,0
2013-07-20 13:30:00+00:00,60,7,13,,,0,0,0,0,0,0,0,0,0,0,0,0,0,0,0,0,0,0,0,0,0,0,0,0,0
2013-07-20 13:45:00+00:00,60,7,13,465.6822204589844,255.78689575195312,0,0,0,0,0,0,0,0,0,0,0,0,0,0,0,0,0,0,0,0,0,0,0,0,0
2013-07-20 13:45:00+00:00,60,7,13,,331.20477294921875,0,0,0,0,0,0,0,0,0,0,0,0,0,0,0,0,0,0,0,0,0,0,0,0,0
2013-07-20 13:45:00+00:00,60,7,13,282.107421875,258.9146728515625,0,0,0,0,0,0,0,0,0,0,0,0,0,0,0,1,1,0,0,0,0,0,0,0,0
2013-07-20 13:45:00+00:00,60,7,13,520.0535888671875,452.61859130859375,0,0,0,0,0,0,0,0,0,0,0,0,0,0,0,0,0,0,0,0,0,0,0,0,0
2013-07-20 13:45:00+00:00,60,7,13,339.6109619140625,281.31561279296875,0,0,0,0,0,0,0,0,0,0,0,0,0,0,0,0,1,0,0,0,0,0,0,0,0
2013-07-20 13:45:00+00:00,60,7,13,52.066795349121094,84.51651763916016,0,0,0,0,0,0,0,1,1,1,1,1,1,1,1,1,1,0,0,0,0,0,0,0,0
2013-07-20 13:45:00+00:00,60,7,13,155.99232482910156,218.5655975341797,0,0,0,0,0,0,0,0,0,0,0,0,1,1,1,1,1,0,0,0,0,0,0,0,0
2013-07-20 13:45:00+00:00,60,7,13,41.77916717529297,13.422565460205078,0,0,0,0,0,0,1,1,1,1,1,1,1,1,1,1,1,0,1,1,1,1,1,1,1
2013-07-20 13:45:00+00:00,60,7,13,140.1002197265625,111.78568267822266,0,0,0,0,0,0,0,0,0,0,0,1,1,1,1,1,1,0,0,0,0,0,0,0,0
2013-07-20 13:45:00+00:00,60,7,13,69.32119750976562,32.825050354003906,0,0,0,0,0,0,0,0,1,1,1,1,1,1,1,1,1,0,0,0,0,0,1,1,1
2013-07-20 13:45:00+00:00,60,7,13,234.8230743408203,189.9070281982422,0,0,0,0,0,0,0,0,0,0,0,0,0,0,1,1,1,0,0,0,0,0,0,0,0
2013-07-20 14:00:00+00:00,60,7,14,136.63934326171875,136.37754821777344,0,0,0,0,0,0,0,0,0,0,0,1,1,1,1,1,1,0,0,0,0,0,0,0,0
2013-07-20 14:00:00+00:00,60,7,14,99.20947265625,100.26403045654297,0,0,0,0,0,0,0,0,0,1,1,1,1,1,1,1,1,0,0,0,0,0,0,0,0
2013-07-20 14:00:00+00:00,60,7,14,274.26751708984375,224.96575927734375,0,0,0,0,0,0,0,0,0,0,0,0,0,0,0,1,1,0,0,0,0,0,0,0,0
2013-07-20 14:00:00+00:00,60,7,14,133.6048126220703,175.07659912109375,0,0,0,0,0,0,0,0,0,0,0,1,1,1,1,1,1,0,0,0,0,0,0,0,0
2013-07-20 14:00:00+00:00,60,7,14,108.90607452392578,75.05089569091797,0,0,0,0,0,0,0,0,0,0,1,1,1,1,1,1,1,0,0,0,0,0,0,0,0
2013-07-20 14:00:00+00:00,60,7,14,33.68282699584961,25.55333137512207,0,0,0,0,0,1,1,1,1,1,1,1,1,1,1,1,1,0,0,0,0,1,1,1,1
2013-07-20 14:00:00+00:00,60,7,14,143.3319854736328,109.29466247558594,0,0,0,0,0,0,0,0,0,0,0,1,1,1,1,1,1,0,0,0,0,0,0,0,0
2013-07-20 14:00:00+00:00,60,7,14,90.9572525024414,48.952571868896484,0,0,0,0,0,0,0,0,0,1,1,1,1,1,1,1,1,0,0,0,0,0,0,1,1
2013-07-20 14:15:00+00:00,60,7,14,66.13534545898438,27.18836212158203,0,0,0,0,0,0,0,0,1,1,1,1,1,1,1,1,1,0,0,0,0,1,1,1,1
2013-07-20 14:15:00+00:00,60,7,14,325.6917419433594,352.5257568359375,0,0,0,0,0,0,0,0,0,0,0,0,0,0,0,0,1,0,0,0,0,0,0,0,0
2013-07-20 14:15:00+00:00,60,7,14,80.1429672241211,14.099888801574707,0,0,0,0,0,0,0,0,0,1,1,1,1,1,1,1,1,0,1,1,1,1,1,1,1
2013-07-20 14:15:00+00:00,60,7,14,166.8535919189453,145.71127319335938,0,0,0,0,0,0,0,0,0,0,0,0,1,1,1,1,1,0,0,0,0,0,0,0,0
2013-07-20 14:15:00+00:00,60,7,14,107.1413803100586,139.02267456054688,0,0,0,0,0,0,0,0,0,0,1,1,1,1,1,1,1,0,0,0,0,0,0,0,0
2013-07-20 14:15:00+00:00,60,7,14,,316.6837463378906,0,0,0,0,0,0,0,0,0,0,0,0,0,0,0,0,0,0,0,0,0,0,0,0,0
2013-07-20 14:15:00+00:00,60,7,14,156.3497772216797,6.621825218200684,0,0,0,0,0,0,0,0,0,0,0,0,1,1,1,1,1,1,1,1,1,1,1,1,1
2013-07-20 14:15:00+00:00,60,7,14,195.02105712890625,17.2213191986084,0,0,0,0,0,0,0,0,0,0,0,0,0,1,1,1,1,0,0,1,1,1,1,1,1
2013-07-20 14:15:00+00:00,60,7,14,211.32550048828125,256.3699645996094,0,0,0,0,0,0,0,0,0,0,0,0,0,0,1,1,1,0,0,0,0,0,0,0,0
2013-07-20 14:15:00+00:00,60,7,14,90.9808578491211,78.0625228881836,0,0,0,0,0,0,0,0,0,1,1,1,1,1,1,1,1,0,0,0,0,0,0,0,0
2013-07-20 14:15:00+00:00,60,7,14,119.37744903564453,91.84671020507812,0,0,0,0,0,0,0,0,0,0,1,1,1,1,1,1,1,0,0,0,0,0,0,0,0
2013-07-20 14:15:00+00:00,60,7,14,,,0,0,0,0,0,0,0,0,0,0,0,0,0,0,0,0,0,0,0,0,0,0,0,0,0
2013-07-20 14:30:00+00:00,60,7,14,,9.774584770202637,0,0,0,0,0,0,0,0,0,0,0,0,0,0,0,0,0,1,1,1,1,1,1,1,1
2013-07-20 14:30:00+00:00,60,7,14,80.64350891113281,24.569337844848633,0,0,0,0,0,0,0,0,0,1,1,1,1,1,1,1,1,0,0,0,1,1,1,1,1
2013-07-20 14:30:00+00:00,60,7,14,206.74807739257812,163.1841583251953,0,0,0,0,0,0,0,0,0,0,0,0,0,0,1,1,1,0,0,0,0,0,0,0,0
2013-07-20 14:30:00+00:00,60,7,14,113.68668365478516,0.0,0,0,0,0,0,0,0,0,0,0,1,1,1,1,1,1,1,1,1,1,1,1,1,1,1
2013-07-20 14:30:00+00:00,60,7,14,,345.5999755859375,0,0,0,0,0,0,0,0,0,0,0,0,0,0,0,0,0,0,0,0,0,0,0,0,0
2013-07-20 14:30:00+00:00,60,7,14,249.41424560546875,81.26725769042969,0,0,0,0,0,0,0,0,0,0,0,0,0,0,1,1,1,0,0,0,0,0,0,0,0
2013-07-20 14:30:00+00:00,60,7,14,97.77360534667969,132.22604370117188,0,0,0,0,0,0,0,0,0,1,1,1,1,1,1,1,1,0,0,0,0,0,0,0,0
2013-07-20 14:30:00+00:00,60,7,14,256.9161682128906,35.58427810668945,0,0,0,0,0,0,0,0,0,0,0,0,0,0,0,1,1,0,0,0,0,0,1,1,1
2013-07-20 14:30:00+00:00,60,7,14,493.27294921875,461.98809814453125,0,0,0,0,0,0,0,0,0,0,0,0,0,0,0,0,0,0,0,0,0,0,0,0,0
2013-07-20 14:30:00+00:00,60,7,14,256.9795837402344,24.38642692565918,0,0,0,0,0,0,0,0,0,0,0,0,0,0,0,1,1,0,0,0,1,1,1,1,1
2013-07-20 14:30:00+00:00,60,7,14,80.509765625,12.954179763793945,0,0,0,0,0,0,0,0,0,1,1,1,1,1,1,1,1,0,1,1,1,1,1,1,1
2013-07-20 14:30:00+00:00,60,7,14,218.56781005859375,66.03162384033203,0,0,0,0,0,0,0,0,0,0,0,0,0,0,1,1,1,0,0,0,0,0,0,0,0
2013-07-20 14:30:00+00:00,60,7,14,259.6687927246094,60.596214294433594,0,0,0,0,0,0,0,0,0,0,0,0,0,0,0,1,1,0,0,0,0,0,0,0,0
2013-07-20 14:30:00+00:00,60,7,14,,,0,0,0,0,0,0,0,0,0,0,0,0,0,0,0,0,0,0,0,0,0,0,0,0,0
2013-07-20 14:45:00+00:00,60,7,14,86.97384643554688,214.83155822753906,0,0,0,0,0,0,0,0,0,1,1,1,1,1,1,1,1,0,0,0,0,0,0,0,0
2013-07-20 14:45:00+00:00,60,7,14,359.3485107421875,251.25146484375,0,0,0,0,0,0,0,0,0,0,0,0,0,0,0,0,0,0,0,0,0,0,0,0,0
2013-07-20 14:45:00+00:00,60,7,14,112.37445068359375,72.1698989868164,0,0,0,0,0,0,0,0,0,0,1,1,1,1,1,1,1,0,0,0,0,0,0,0,0
2013-07-20 14:45:00+00:00,60,7,14,130.86428833007812,125.59648132324219,0,0,0,0,0,0,0,0,0,0,0,1,1,1,1,1,1,0,0,0,0,0,0,0,0
2013-07-20 14:45:00+00:00,60,7,14,63.819400787353516,20.976783752441406,0,0,0,0,0,0,0,0,1,1,1,1,1,1,1,1,1,0,0,0,1,1,1,1,1
2013-07-20 14:45:00+00:00,60,7,14,,,0,0,0,0,0,0,0,0,0,0,0,0,0,0,0,0,0,0,0,0,0,0,0,0,0
2013-07-20 14:45:00+00:00,60,7,14,,,0,0,0,0,0,0,0,0,0,0,0,0,0,0,0,0,0,0,0,0,0,0,0,0,0
2013-07-20 14:45:00+00:00,60,7,14,297.67974853515625,107.66403198242188,0,0,0,0,0,0,0,0,0,0,0,0,0,0,0,1,1,0,0,0,0,0,0,0,0
2013-07-20 15:00:00+00:00,60,7,15,231.95297241210938,222.78440856933594,0,0,0,0,0,0,0,0,0,0,0,0,0,0,1,1,1,0,0,0,0,0,0,0,0
2013-07-20 15:00:00+00:00,60,7,15,172.33673095703125,158.0338134765625,0,0,0,0,0,0,0,0,0,0,0,0,1,1,1,1,1,0,0,0,0,0,0,0,0
2013-07-20 15:00:00+00:00,60,7,15,78.95532989501953,48.559913635253906,0,0,0,0,0,0,0,0,1,1,1,1,1,1,1,1,1,0,0,0,0,0,0,1,1
2013-07-20 15:00:00+00:00,60,7,15,368.8725280761719,25.073135375976562,0,0,0,0,0,0,0,0,0,0,0,0,0,0,0,0,0,0,0,0,0,1,1,1,1
2013-07-20 15:00:00+00:00,60,7,15,87.27162170410156,77.97542572021484,0,0,0,0,0,0,0,0,0,1,1,1,1,1,1,1,1,0,0,0,0,0,0,0,0
2013-07-20 15:00:00+00:00,60,7,15,113.3735580444336,8.673386573791504,0,0,0,0,0,0,0,0,0,0,1,1,1,1,1,1,1,1,1,1,1,1,1,1,1
2013-07-20 15:00:00+00:00,60,7,15,139.92161560058594,189.80130004882812,0,0,0,0,0,0,0,0,0,0,0,1,1,1,1,1,1,0,0,0,0,0,0,0,0
2013-07-20 15:00:00+00:00,60,7,15,68.6472396850586,19.357288360595703,0,0,0,0,0,0,0,0,1,1,1,1,1,1,1,1,1,0,0,1,1,1,1,1,1
2013-07-20 15:00:00+00:00,60,7,15,36.63400650024414,29.848342895507812,0,0,0,0,0,1,1,1,1,1,1,1,1,1,1,1,1,0,0,0,0,1,1,1,1
2013-07-20 15:00:00+00:00,60,7,15,117.0122299194336,107.22895812988281,0,0,0,0,0,0,0,0,0,0,1,1,1,1,1,1,1,0,0,0,0,0,0,0,0
2013-07-20 15:00:00+00:00,60,7,15,49.475589752197266,3.0232341289520264,0,0,0,0,0,0,1,1,1,1,1,1,1,1,1,1,1,1,1,1,1,1,1,1,1
2013-07-20 15:00:00+00:00,60,7,15,211.1902618408203,61.19282531738281,0,0,0,0,0,0,0,0,0,0,0,0,0,0,1,1,1,0,0,0,0,0,0,0,0
2013-07-20 15:00:00+00:00,60,7,15,317.5406188964844,18.104236602783203,0,0,0,0,0,0,0,0,0,0,0,0,0,0,0,0,1,0,0,1,1,1,1,1,1
2013-07-20 15:00:00+00:00,60,7,15,87.04082489013672,36.30586624145508,0,0,0,0,0,0,0,0,0,1,1,1,1,1,1,1,1,0,0,0,0,0,1,1,1
2013-07-20 15:00:00+00:00,60,7,15,139.78500366210938,84.29630279541016,0,0,0,0,0,0,0,0,0,0,0,1,1,1,1,1,1,0,0,0,0,0,0,0,0
2013-07-20 15:00:00+00:00,60,7,15,127.72219848632812,130.22177124023438,0,0,0,0,0,0,0,0,0,0,0,1,1,1,1,1,1,0,0,0,0,0,0,0,0
2013-07-20 15:15:00+00:00,60,7,15,138.20176696777344,116.10502624511719,0,0,0,0,0,0,0,0,0,0,0,1,1,1,1,1,1,0,0,0,0,0,0,0,0
2013-07-20 15:15:00+00:00,60,7,15,352.9605407714844,333.7983093261719,0,0,0,0,0,0,0,0,0,0,0,0,0,0,0,0,0,0,0,0,0,0,0,0,0
2013-07-20 15:15:00+00:00,60,7,15,45.4379768371582,25.861173629760742,0,0,0,0,0,0,1,1,1,1,1,1,1,1,1,1,1,0,0,0,0,1,1,1,1
2013-07-20 15:15:00+00:00,60,7,15,107.66520690917969,153.8656005859375,0,0,0,0,0,0,0,0,0,0,1,1,1,1,1,1,1,0,0,0,0,0,0,0,0
2013-07-20 15:15:00+00:00,60,7,15,114.80718994140625,34.14790725708008,0,0,0,0,0,0,0,0,0,0,1,1,1,1,1,1,1,0,0,0,0,0,1,1,1
2013-07-20 15:15:00+00:00,60,7,15,342.3236083984375,235.40823364257812,0,0,0,0,0,0,0,0,0,0,0,0,0,0,0,0,1,0,0,0,0,0,0,0,0
2013-07-20 15:15:00+00:00,60,7,15,86.15145111083984,28.052852630615234,0,0,0,0,0,0,0,0,0,1,1,1,1,1,1,1,1,0,0,0,0,1,1,1,1
2013-07-20 15:15:00+00:00,60,7,15,159.52386474609375,107.72664642333984,0,0,0,0,0,0,0,0,0,0,0,0,1,1,1,1,1,0,0,0,0,0,0,0,0
2013-07-20 15:30:00+00:00,60,7,15,309.1164245605469,292.9818420410156,0,0,0,0,0,0,0,0,0,0,0,0,0,0,0,0,1,0,0,0,0,0,0,0,0
2013-07-20 15:30:00+00:00,60,7,15,313.7889709472656,,0,0,0,0,0,0,0,0,0,0,0,0,0,0,0,0,1,0,0,0,0,0,0,0,0
2013-07-20 15:30:00+00:00,60,7,15,259.810546875,102.14970397949219,0,0,0,0,0,0,0,0,0,0,0,0,0,0,0,1,1,0,0,0,0,0,0,0,0
2013-07-20 15:30:00+00:00,60,7,15,251.66481018066406,225.465087890625,0,0,0,0,0,0,0,0,0,0,0,0,0,0,0,1,1,0,0,0,0,0,0,0,0
2013-07-20 15:30:00+00:00,60,7,15,474.9893493652344,468.9679870605469,0,0,0,0,0,0,0,0,0,0,0,0,0,0,0,0,0,0,0,0,0,0,0,0,0
2013-07-20 15:30:00+00:00,60,7,15,315.2221984863281,0.0,0,0,0,0,0,0,0,0,0,0,0,0,0,0,0,0,1,1,1,1,1,1,1,1,1
2013-07-20 15:30:00+00:00,60,7,15,329.9615173339844,3.0421597957611084,0,0,0,0,0,0,0,0,0,0,0,0,0,0,0,0,1,1,1,1,1,1,1,1,1
2013-07-20 15:30:00+00:00,60,7,15,99.81067657470703,111.48775482177734,0,0,0,0,0,0,0,0,0,1,1,1,1,1,1,1,1,0,0,0,0,0,0,0,0
2013-07-20 15:30:00+00:00,60,7,15,100.31884002685547,12.007713317871094,0,0,0,0,0,0,0,0,0,0,1,1,1,1,1,1,1,0,1,1,1,1,1,1,1
2013-07-20 15:45:00+00:00,60,7,15,158.73500061035156,293.302490234375,0,0,0,0,0,0,0,0,0,0,0,0,1,1,1,1,1,0,0,0,0,0,0,0,0
2013-07-20 15:45:00+00:00,60,7,15,293.9370422363281,220.48117065429688,0,0,0,0,0,0,0,0,0,0,0,0,0,0,0,1,1,0,0,0,0,0,0,0,0
2013-07-20 15:45:00+00:00,60,7,15,91.69342041015625,30.616666793823242,0,0,0,0,0,0,0,0,0,1,1,1,1,1,1,1,1,0,0,0,0,0,1,1,1
2013-07-20 15:45:00+00:00,60,7,15,170.3480224609375,175.4547119140625,0,0,0,0,0,0,0,0,0,0,0,0,1,1,1,1,1,0,0,0,0,0,0,0,0
2013-07-20 15:45:00+00:00,60,7,15,121.80720520019531,84.84371948242188,0,0,0,0,0,0,0,0,0,0,0,1,1,1,1,1,1,0,0,0,0,0,0,0,0
2013-07-20 15:45:00+00:00,60,7,15,,48.676082611083984,0,0,0,0,0,0,0,0,0,0,0,0,0,0,0,0,0,0,0,0,0,0,0,1,1
2013-07-20 15:45:00+00:00,60,7,15,57.079681396484375,4.689876556396484,0,0,0,0,0,0,0,1,1,1,1,1,1,1,1,1,1,1,1,1,1,1,1,1,1
2013-07-20 15:45:00+00:00,60,7,15,114.56449127197266,74.17221069335938,0,0,0,0,0,0,0,0,0,0,1,1,1,1,1,1,1,0,0,0,0,0,0,0,0
2013-07-20 16:00:00+00:00,60,7,16,209.6083526611328,196.36117553710938,0,0,0,0,0,0,0,0,0,0,0,0,0,0,1,1,1,0,0,0,0,0,0,0,0
2013-07-20 16:00:00+00:00,60,7,16,61.62162780761719,416.7401428222656,0,0,0,0,0,0,0,0,1,1,1,1,1,1,1,1,1,0,0,0,0,0,0,0,0
2013-07-20 16:00:00+00:00,60,7,16,148.98841857910156,17.173276901245117,0,0,0,0,0,0,0,0,0,0,0,1,1,1,1,1,1,0,0,1,1,1,1,1,1
2013-07-20 16:00:00+00:00,60,7,16,115.58500671386719,,0,0,0,0,0,0,0,0,0,0,1,1,1,1,1,1,1,0,0,0,0,0,0,0,0
2013-07-20 16:00:00+00:00,60,7,16,249.32411193847656,314.6662292480469,0,0,0,0,0,0,0,0,0,0,0,0,0,0,1,1,1,0,0,0,0,0,0,0,0
2013-07-20 16:00:00+00:00,60,7,16,112.77811431884766,13.335445404052734,0,0,0,0,0,0,0,0,0,0,1,1,1,1,1,1,1,0,1,1,1,1,1,1,1
2013-07-20 16:00:00+00:00,60,7,16,233.4959259033203,214.859375,0,0,0,0,0,0,0,0,0,0,0,0,0,0,1,1,1,0,0,0,0,0,0,0,0
2013-07-20 16:00:00+00:00,60,7,16,139.4475860595703,0.0,0,0,0,0,0,0,0,0,0,0,0,1,1,1,1,1,1,1,1,1,1,1,1,1,1
2013-07-20 16:00:00+00:00,60,7,16,237.95838928222656,15.045442581176758,0,0,0,0,0,0,0,0,0,0,0,0,0,0,1,1,1,0,0,1,1,1,1,1,1
2013-07-20 16:00:00+00:00,60,7,16,472.5796203613281,414.33026123046875,0,0,0,0,0,0,0,0,0,0,0,0,0,0,0,0,0,0,0,0,0,0,0,0,0
2013-07-20 16:00:00+00:00,60,7,16,,137.57656860351562,0,0,0,0,0,0,0,0,0,0,0,0,0,0,0,0,0,0,0,0,0,0,0,0,0
2013-07-20 16:00:00+00:00,60,7,16,,71.06670379638672,0,0,0,0,0,0,0,0,0,0,0,0,0,0,0,0,0,0,0,0,0,0,0,0,0
2013-07-20 16:00:00+00:00,60,7,16,,10.074603080749512,0,0,0,0,0,0,0,0,0,0,0,0,0,0,0,0,0,0,1,1,1,1,1,1,1
2013-07-20 16:00:00+00:00,60,7,16,110.11666107177734,13.092937469482422,0,0,0,0,0,0,0,0,0,0,1,1,1,1,1,1,1,0,1,1,1,1,1,1,1
2013-07-20 16:00:00+00:00,60,7,16,,6.239079475402832,0,0,0,0,0,0,0,0,0,0,0,0,0,0,0,0,0,1,1,1,1,1,1,1,1
2013-07-20 16:00:00+00:00,60,7,16,,100.45536804199219,0,0,0,0,0,0,0,0,0,0,0,0,0,0,0,0,0,0,0,0,0,0,0,0,0
2013-07-20 16:00:00+00:00,60,7,16,168.4868927001953,113.10150146484375,0,0,0,0,0,0,0,0,0,0,0,0,1,1,1,1,1,0,0,0,0,0,0,0,0
2013-07-20 16:15:00+00:00,60,7,16,71.82738494873047,55.40458297729492,0,0,0,0,0,0,0,0,1,1,1,1,1,1,1,1,1,0,0,0,0,0,0,0,1
2013-07-20 16:15:00+00:00,60,7,16,153.33038330078125,162.67324829101562,0,0,0,0,0,0,0,0,0,0,0,0,1,1,1,1,1,0,0,0,0,0,0,0,0
2013-07-20 16:15:00+00:00,60,7,16,311.53448486328125,143.79571533203125,0,0,0,0,0,0,0,0,0,0,0,0,0,0,0,0,1,0,0,0,0,0,0,0,0
2013-07-20 16:15:00+00:00,60,7,16,162.67872619628906,0.0,0,0,0,0,0,0,0,0,0,0,0,0,1,1,1,1,1,1,1,1,1,1,1,1,1
2013-07-20 16:15:00+00:00,60,7,16,,34.37065887451172,0,0,0,0,0,0,0,0,0,0,0,0,0,0,0,0,0,0,0,0,0,0,1,1,1
2013-07-20 16:15:00+00:00,60,7,16,80.56830596923828,119.71907043457031,0,0,0,0,0,0,0,0,0,1,1,1,1,1,1,1,1,0,0,0,0,0,0,0,0
2013-07-20 16:30:00+00:00,60,7,16,,0.0,0,0,0,0,0,0,0,0,0,0,0,0,0,0,0,0,0,1,1,1,1,1,1,1,1
2013-07-20 16:30:00+00:00,60,7,16,,,0,0,0,0,0,0,0,0,0,0,0,0,0,0,0,0,0,0,0,0,0,0,0,0,0
2013-07-20 16:30:00+00:00,60,7,16,194.46070861816406,194.48228454589844,0,0,0,0,0,0,0,0,0,0,0,0,0,1,1,1,1,0,0,0,0,0,0,0,0
2013-07-20 16:30:00+00:00,60,7,16,,,0,0,0,0,0,0,0,0,0,0,0,0,0,0,0,0,0,0,0,0,0,0,0,0,0
2013-07-20 16:30:00+00:00,60,7,16,73.6058120727539,33.28401184082031,0,0,0,0,0,0,0,0,1,1,1,1,1,1,1,1,1,0,0,0,0,0,1,1,1
2013-07-20 16:30:00+00:00,60,7,16,116.93827056884766,74.78105926513672,0,0,0,0,0,0,0,0,0,0,1,1,1,1,1,1,1,0,0,0,0,0,0,0,0
2013-07-20 16:30:00+00:00,60,7,16,,,0,0,0,0,0,0,0,0,0,0,0,0,0,0,0,0,0,0,0,0,0,0,0,0,0
2013-07-20 16:45:00+00:00,60,7,16,,390.490234375,0,0,0,0,0,0,0,0,0,0,0,0,0,0,0,0,0,0,0,0,0,0,0,0,0
2013-07-20 16:45:00+00:00,60,7,16,414.3226623535156,396.2552490234375,0,0,0,0,0,0,0,0,0,0,0,0,0,0,0,0,0,0,0,0,0,0,0,0,0
2013-07-20 16:45:00+00:00,60,7,16,244.19314575195312,123.69542694091797,0,0,0,0,0,0,0,0,0,0,0,0,0,0,1,1,1,0,0,0,0,0,0,0,0
2013-07-20 16:45:00+00:00,60,7,16,205.3860321044922,220.92922973632812,0,0,0,0,0,0,0,0,0,0,0,0,0,0,1,1,1,0,0,0,0,0,0,0,0
2013-07-20 16:45:00+00:00,60,7,16,224.4512939453125,0.0,0,0,0,0,0,0,0,0,0,0,0,0,0,0,1,1,1,1,1,1,1,1,1,1,1
2013-07-20 16:45:00+00:00,60,7,16,45.90260696411133,148.487060546875,0,0,0,0,0,0,1,1,1,1,1,1,1,1,1,1,1,0,0,0,0,0,0,0,0
2013-07-20 16:45:00+00:00,60,7,16,82.70084381103516,19.2667179107666,0,0,0,0,0,0,0,0,0,1,1,1,1,1,1,1,1,0,0,1,1,1,1,1,1
2013-07-20 16:45:00+00:00,60,7,16,46.9133186340332,18.24516487121582,0,0,0,0,0,0,1,1,1,1,1,1,1,1,1,1,1,0,0,1,1,1,1,1,1
2013-07-20 16:45:00+00:00,60,7,16,178.5093231201172,81.4251708984375,0,0,0,0,0,0,0,0,0,0,0,0,1,1,1,1,1,0,0,0,0,0,0,0,0
2013-07-20 17:00:00+00:00,60,7,17,391.4185791015625,300.0609130859375,0,0,0,0,0,0,0,0,0,0,0,0,0,0,0,0,0,0,0,0,0,0,0,0,0
2013-07-20 17:00:00+00:00,60,7,17,94.6712646484375,132.64561462402344,0,0,0,0,0,0,0,0,0,1,1,1,1,1,1,1,1,0,0,0,0,0,0,0,0
2013-07-20 17:00:00+00:00,60,7,17,459.6587829589844,330.4817199707031,0,0,0,0,0,0,0,0,0,0,0,0,0,0,0,0,0,0,0,0,0,0,0,0,0
2013-07-20 17:00:00+00:00,60,7,17,347.5598449707031,318.08154296875,0,0,0,0,0,0,0,0,0,0,0,0,0,0,0,0,1,0,0,0,0,0,0,0,0
2013-07-20 17:00:00+00:00,60,7,17,113.28530883789062,37.35232162475586,0,0,0,0,0,0,0,0,0,0,1,1,1,1,1,1,1,0,0,0,0,0,1,1,1
2013-07-20 17:00:00+00:00,60,7,17,67.86103820800781,12.56543254852295,0,0,0,0,0,0,0,0,1,1,1,1,1,1,1,1,1,0,1,1,1,1,1,1,1
2013-07-20 17:00:00+00:00,60,7,17,150.0357666015625,214.58518981933594,0,0,0,0,0,0,0,0,0,0,0,0,1,1,1,1,1,0,0,0,0,0,0,0,0
2013-07-20 17:00:00+00:00,60,7,17,187.94895935058594,82.62750244140625,0,0,0,0,0,0,0,0,0,0,0,0,0,1,1,1,1,0,0,0,0,0,0,0,0
2013-07-20 17:15:00+00:00,60,7,17,,421.15496826171875,0,0,0,0,0,0,0,0,0,0,0,0,0,0,0,0,0,0,0,0,0,0,0,0,0
2013-07-20 17:15:00+00:00,60,7,17,461.4307861328125,,0,0,0,0,0,0,0,0,0,0,0,0,0,0,0,0,0,0,0,0,0,0,0,0,0
2013-07-20 17:15:00+00:00,60,7,17,352.1143493652344,378.6396179199219,0,0,0,0,0,0,0,0,0,0,0,0,0,0,0,0,0,0,0,0,0,0,0,0,0
2013-07-20 17:15:00+00:00,60,7,17,309.4908447265625,313.3378601074219,0,0,0,0,0,0,0,0,0,0,0,0,0,0,0,0,1,0,0,0,0,0,0,0,0
2013-07-20 17:15:00+00:00,60,7,17,370.7207946777344,357.0820617675781,0,0,0,0,0,0,0,0,0,0,0,0,0,0,0,0,0,0,0,0,0,0,0,0,0
2013-07-20 17:30:00+00:00,60,7,17,227.3567657470703,218.78973388671875,0,0,0,0,0,0,0,0,0,0,0,0,0,0,1,1,1,0,0,0,0,0,0,0,0
2013-07-20 17:30:00+00:00,60,7,17,302.09552001953125,277.63568115234375,0,0,0,0,0,0,0,0,0,0,0,0,0,0,0,0,1,0,0,0,0,0,0,0,0
2013-07-20 17:30:00+00:00,60,7,17,74.79325866699219,108.64366149902344,0,0,0,0,0,0,0,0,1,1,1,1,1,1,1,1,1,0,0,0,0,0,0,0,0
2013-07-20 17:30:00+00:00,60,7,17,130.6288604736328,113.74394989013672,0,0,0,0,0,0,0,0,0,0,0,1,1,1,1,1,1,0,0,0,0,0,0,0,0
2013-07-20 17:30:00+00:00,60,7,17,50.69373321533203,29.641464233398438,0,0,0,0,0,0,0,1,1,1,1,1,1,1,1,1,1,0,0,0,0,1,1,1,1
2013-07-20 17:45:00+00:00,60,7,17,61.16813659667969,15.493000030517578,0,0,0,0,0,0,0,0,1,1,1,1,1,1,1,1,1,0,0,1,1,1,1,1,1
2013-07-20 17:45:00+00:00,60,7,17,127.21401977539062,76.0032730102539,0,0,0,0,0,0,0,0,0,0,0,1,1,1,1,1,1,0,0,0,0,0,0,0,0
2013-07-20 17:45:00+00:00,60,7,17,79.63521575927734,27.139854431152344,0,0,0,0,0,0,0,0,1,1,1,1,1,1,1,1,1,0,0,0,0,1,1,1,1
2013-07-20 17:45:00+00:00,60,7,17,252.5395050048828,288.9554138183594,0,0,0,0,0,0,0,0,0,0,0,0,0,0,0,1,1,0,0,0,0,0,0,0,0
2013-07-21 10:00:00+00:00,60,7,10,,421.0739440917969,0,0,0,0,0,0,0,0,0,0,0,0,0,0,0,0,0,0,0,0,0,0,0,0,0
2013-07-21 10:00:00+00:00,60,7,10,,,0,0,0,0,0,0,0,0,0,0,0,0,0,0,0,0,0,0,0,0,0,0,0,0,0
2013-07-21 10:00:00+00:00,60,7,10,,171.3801727294922,0,0,0,0,0,0,0,0,0,0,0,0,0,0,0,0,0,0,0,0,0,0,0,0,0
2013-07-21 10:00:00+00:00,60,7,10,,202.19212341308594,0,0,0,0,0,0,0,0,0,0,0,0,0,0,0,0,0,0,0,0,0,0,0,0,0
2013-07-21 10:15:00+00:00,60,7,10,,,0,0,0,0,0,0,0,0,0,0,0,0,0,0,0,0,0,0,0,0,0,0,0,0,0
2013-07-21 10:30:00+00:00,60,7,10,,,0,0,0,0,0,0,0,0,0,0,0,0,0,0,0,0,0,0,0,0,0,0,0,0,0
2013-07-21 10:30:00+00:00,60,7,10,,,0,0,0,0,0,0,0,0,0,0,0,0,0,0,0,0,0,0,0,0,0,0,0,0,0
2013-07-21 10:30:00+00:00,60,7,10,386.43829345703125,142.74343872070312,0,0,0,0,0,0,0,0,0,0,0,0,0,0,0,0,0,0,0,0,0,0,0,0,0
2013-07-21 10:30:00+00:00,60,7,10,484.4223937988281,370.2190246582031,0,0,0,0,0,0,0,0,0,0,0,0,0,0,0,0,0,0,0,0,0,0,0,0,0
2013-07-21 10:30:00+00:00,60,7,10,459.10809326171875,349.48388671875,0,0,0,0,0,0,0,0,0,0,0,0,0,0,0,0,0,0,0,0,0,0,0,0,0
2013-07-21 10:30:00+00:00,60,7,10,218.93299865722656,108.67436981201172,0,0,0,0,0,0,0,0,0,0,0,0,0,0,1,1,1,0,0,0,0,0,0,0,0
2013-07-21 10:30:00+00:00,60,7,10,,21.14262580871582,0,0,0,0,0,0,0,0,0,0,0,0,0,0,0,0,0,0,0,0,1,1,1,1,1
2013-07-21 10:30:00+00:00,60,7,10,246.73997497558594,167.3131103515625,0,0,0,0,0,0,0,0,0,0,0,0,0,0,1,1,1,0,0,0,0,0,0,0,0
2013-07-21 10:30:00+00:00,60,7,10,,53.49646759033203,0,0,0,0,0,0,0,0,0,0,0,0,0,0,0,0,0,0,0,0,0,0,0,0,1
2013-07-21 10:30:00+00:00,60,7,10,103.39221954345703,77.76361846923828,0,0,0,0,0,0,0,0,0,0,1,1,1,1,1,1,1,0,0,0,0,0,0,0,0
2013-07-21 10:30:00+00:00,60,7,10,92.78195190429688,82.93836212158203,0,0,0,0,0,0,0,0,0,1,1,1,1,1,1,1,1,0,0,0,0,0,0,0,0
2013-07-21 10:45:00+00:00,60,7,10,,,0,0,0,0,0,0,0,0,0,0,0,0,0,0,0,0,0,0,0,0,0,0,0,0,0
2013-07-21 10:45:00+00:00,60,7,10,,,0,0,0,0,0,0,0,0,0,0,0,0,0,0,0,0,0,0,0,0,0,0,0,0,0
2013-07-21 10:45:00+00:00,60,7,10,,,0,0,0,0,0,0,0,0,0,0,0,0,0,0,0,0,0,0,0,0,0,0,0,0,0
2013-07-21 10:45:00+00:00,60,7,10,,,0,0,0,0,0,0,0,0,0,0,0,0,0,0,0,0,0,0,0,0,0,0,0,0,0
2013-07-21 10:45:00+00:00,60,7,10,284.9658508300781,306.6422119140625,0,0,0,0,0,0,0,0,0,0,0,0,0,0,0,1,1,0,0,0,0,0,0,0,0
2013-07-21 10:45:00+00:00,60,7,10,,345.3283386230469,0,0,0,0,0,0,0,0,0,0,0,0,0,0,0,0,0,0,0,0,0,0,0,0,0
2013-07-21 10:45:00+00:00,60,7,10,391.6803283691406,274.66546630859375,0,0,0,0,0,0,0,0,0,0,0,0,0,0,0,0,0,0,0,0,0,0,0,0,0
2013-07-21 10:45:00+00:00,60,7,10,152.2603302001953,125.69445037841797,0,0,0,0,0,0,0,0,0,0,0,0,1,1,1,1,1,0,0,0,0,0,0,0,0
2013-07-21 10:45:00+00:00,60,7,10,,,0,0,0,0,0,0,0,0,0,0,0,0,0,0,0,0,0,0,0,0,0,0,0,0,0
2013-07-21 11:00:00+00:00,60,7,11,104.9212417602539,44.786075592041016,0,0,0,0,0,0,0,0,0,0,1,1,1,1,1,1,1,0,0,0,0,0,0,1,1
2013-07-21 11:00:00+00:00,60,7,11,399.0135803222656,281.36187744140625,0,0,0,0,0,0,0,0,0,0,0,0,0,0,0,0,0,0,0,0,0,0,0,0,0
2013-07-21 11:00:00+00:00,60,7,11,107.66129302978516,128.4552001953125,0,0,0,0,0,0,0,0,0,0,1,1,1,1,1,1,1,0,0,0,0,0,0,0,0
2013-07-21 11:00:00+00:00,60,7,11,166.8564453125,60.27351379394531,0,0,0,0,0,0,0,0,0,0,0,0,1,1,1,1,1,0,0,0,0,0,0,0,0
2013-07-21 11:15:00+00:00,60,7,11,,,0,0,0,0,0,0,0,0,0,0,0,0,0,0,0,0,0,0,0,0,0,0,0,0,0
2013-07-21 11:15:00+00:00,60,7,11,,,0,0,0,0,0,0,0,0,0,0,0,0,0,0,0,0,0,0,0,0,0,0,0,0,0
2013-07-21 11:15:00+00:00,60,7,11,473.68194580078125,,0,0,0,0,0,0,0,0,0,0,0,0,0,0,0,0,0,0,0,0,0,0,0,0,0
2013-07-21 11:15:00+00:00,60,7,11,,,0,0,0,0,0,0,0,0,0,0,0,0,0,0,0,0,0,0,0,0,0,0,0,0,0
2013-07-21 11:30:00+00:00,60,7,11,,280.5234069824219,0,0,0,0,0,0,0,0,0,0,0,0,0,0,0,0,0,0,0,0,0,0,0,0,0
2013-07-21 11:30:00+00:00,60,7,11,305.0472717285156,205.7533721923828,0,0,0,0,0,0,0,0,0,0,0,0,0,0,0,0,1,0,0,0,0,0,0,0,0
2013-07-21 11:30:00+00:00,60,7,11,376.650634765625,323.9640808105469,0,0,0,0,0,0,0,0,0,0,0,0,0,0,0,0,0,0,0,0,0,0,0,0,0
2013-07-21 11:30:00+00:00,60,7,11,,,0,0,0,0,0,0,0,0,0,0,0,0,0,0,0,0,0,0,0,0,0,0,0,0,0
2013-07-21 11:45:00+00:00,60,7,11,,,0,0,0,0,0,0,0,0,0,0,0,0,0,0,0,0,0,0,0,0,0,0,0,0,0
2013-07-21 11:45:00+00:00,60,7,11,,411.7940979003906,0,0,0,0,0,0,0,0,0,0,0,0,0,0,0,0,0,0,0,0,0,0,0,0,0
2013-07-21 11:45:00+00:00,60,7,11,,,0,0,0,0,0,0,0,0,0,0,0,0,0,0,0,0,0,0,0,0,0,0,0,0,0
2013-07-21 11:45:00+00:00,60,7,11,115.02857971191406,83.58744812011719,0,0,0,0,0,0,0,0,0,0,1,1,1,1,1,1,1,0,0,0,0,0,0,0,0
2013-07-21 11:45:00+00:00,60,7,11,477.0179748535156,30.004783630371094,0,0,0,0,0,0,0,0,0,0,0,0,0,0,0,0,0,0,0,0,0,0,1,1,1
2013-07-21 11:45:00+00:00,60,7,11,,,0,0,0,0,0,0,0,0,0,0,0,0,0,0,0,0,0,0,0,0,0,0,0,0,0
2013-07-21 11:45:00+00:00,60,7,11,,,0,0,0,0,0,0,0,0,0,0,0,0,0,0,0,0,0,0,0,0,0,0,0,0,0
2013-07-21 11:45:00+00:00,60,7,11,,,0,0,0,0,0,0,0,0,0,0,0,0,0,0,0,0,0,0,0,0,0,0,0,0,0
2013-07-21 12:00:00+00:00,60,7,12,,,0,0,0,0,0,0,0,0,0,0,0,0,0,0,0,0,0,0,0,0,0,0,0,0,0
2013-07-21 12:00:00+00:00,60,7,12,555.5355834960938,410.75732421875,0,0,0,0,0,0,0,0,0,0,0,0,0,0,0,0,0,0,0,0,0,0,0,0,0
2013-07-21 12:00:00+00:00,60,7,12,,,0,0,0,0,0,0,0,0,0,0,0,0,0,0,0,0,0,0,0,0,0,0,0,0,0
2013-07-21 12:00:00+00:00,60,7,12,273.27081298828125,236.83102416992188,0,0,0,0,0,0,0,0,0,0,0,0,0,0,0,1,1,0,0,0,0,0,0,0,0
2013-07-21 12:00:00+00:00,60,7,12,,,0,0,0,0,0,0,0,0,0,0,0,0,0,0,0,0,0,0,0,0,0,0,0,0,0
2013-07-21 12:00:00+00:00,60,7,12,96.23035430908203,17.639394760131836,0,0,0,0,0,0,0,0,0,1,1,1,1,1,1,1,1,0,0,1,1,1,1,1,1
2013-07-21 12:00:00+00:00,60,7,12,227.69863891601562,113.48883819580078,0,0,0,0,0,0,0,0,0,0,0,0,0,0,1,1,1,0,0,0,0,0,0,0,0
2013-07-21 12:00:00+00:00,60,7,12,,,0,0,0,0,0,0,0,0,0,0,0,0,0,0,0,0,0,0,0,0,0,0,0,0,0
2013-07-21 12:15:00+00:00,60,7,12,,,0,0,0,0,0,0,0,0,0,0,0,0,0,0,0,0,0,0,0,0,0,0,0,0,0
2013-07-21 12:15:00+00:00,60,7,12,,3.126833438873291,0,0,0,0,0,0,0,0,0,0,0,0,0,0,0,0,0,1,1,1,1,1,1,1,1
2013-07-21 12:15:00+00:00,60,7,12,,0.0,0,0,0,0,0,0,0,0,0,0,0,0,0,0,0,0,0,1,1,1,1,1,1,1,1
2013-07-21 12:15:00+00:00,60,7,12,421.2539367675781,458.4844055175781,0,0,0,0,0,0,0,0,0,0,0,0,0,0,0,0,0,0,0,0,0,0,0,0,0
2013-07-21 12:15:00+00:00,60,7,12,188.42774963378906,49.9405517578125,0,0,0,0,0,0,0,0,0,0,0,0,0,1,1,1,1,0,0,0,0,0,0,1,1
2013-07-21 12:15:00+00:00,60,7,12,,,0,0,0,0,0,0,0,0,0,0,0,0,0,0,0,0,0,0,0,0,0,0,0,0,0
2013-07-21 12:30:00+00:00,60,7,12,,,0,0,0,0,0,0,0,0,0,0,0,0,0,0,0,0,0,0,0,0,0,0,0,0,0
2013-07-21 12:30:00+00:00,60,7,12,,,0,0,0,0,0,0,0,0,0,0,0,0,0,0,0,0,0,0,0,0,0,0,0,0,0
2013-07-21 12:30:00+00:00,60,7,12,,,0,0,0,0,0,0,0,0,0,0,0,0,0,0,0,0,0,0,0,0,0,0,0,0,0
2013-07-21 12:30:00+00:00,60,7,12,,,0,0,0,0,0,0,0,0,0,0,0,0,0,0,0,0,0,0,0,0,0,0,0,0,0
2013-07-21 12:30:00+00:00,60,7,12,,,0,0,0,0,0,0,0,0,0,0,0,0,0,0,0,0,0,0,0,0,0,0,0,0,0
2013-07-21 12:30:00+00:00,60,7,12,,62.106529235839844,0,0,0,0,0,0,0,0,0,0,0,0,0,0,0,0,0,0,0,0,0,0,0,0,0
2013-07-21 12:30:00+00:00,60,7,12,239.80455017089844,175.3153076171875,0,0,0,0,0,0,0,0,0,0,0,0,0,0,1,1,1,0,0,0,0,0,0,0,0
2013-07-21 12:30:00+00:00,60,7,12,,,0,0,0,0,0,0,0,0,0,0,0,0,0,0,0,0,0,0,0,0,0,0,0,0,0
2013-07-21 12:30:00+00:00,60,7,12,425.4962158203125,457.3435363769531,0,0,0,0,0,0,0,0,0,0,0,0,0,0,0,0,0,0,0,0,0,0,0,0,0
2013-07-21 12:30:00+00:00,60,7,12,,,0,0,0,0,0,0,0,0,0,0,0,0,0,0,0,0,0,0,0,0,0,0,0,0,0
2013-07-21 12:45:00+00:00,60,7,12,,,0,0,0,0,0,0,0,0,0,0,0,0,0,0,0,0,0,0,0,0,0,0,0,0,0
2013-07-21 12:45:00+00:00,60,7,12,,,0,0,0,0,0,0,0,0,0,0,0,0,0,0,0,0,0,0,0,0,0,0,0,0,0
2013-07-21 12:45:00+00:00,60,7,12,,,0,0,0,0,0,0,0,0,0,0,0,0,0,0,0,0,0,0,0,0,0,0,0,0,0
2013-07-21 12:45:00+00:00,60,7,12,,331.3195495605469,0,0,0,0,0,0,0,0,0,0,0,0,0,0,0,0,0,0,0,0,0,0,0,0,0
2013-07-21 12:45:00+00:00,60,7,12,109.06918334960938,149.60765075683594,0,0,0,0,0,0,0,0,0,0,1,1,1,1,1,1,1,0,0,0,0,0,0,0,0
2013-07-21 12:45:00+00:00,60,7,12,91.1160888671875,86.57014465332031,0,0,0,0,0,0,0,0,0,1,1,1,1,1,1,1,1,0,0,0,0,0,0,0,0
2013-07-21 13:00:00+00:00,60,7,13,,,0,0,0,0,0,0,0,0,0,0,0,0,0,0,0,0,0,0,0,0,0,0,0,0,0
2013-07-21 13:00:00+00:00,60,7,13,,0.0,0,0,0,0,0,0,0,0,0,0,0,0,0,0,0,0,0,1,1,1,1,1,1,1,1
2013-07-21 13:00:00+00:00,60,7,13,,,0,0,0,0,0,0,0,0,0,0,0,0,0,0,0,0,0,0,0,0,0,0,0,0,0
2013-07-21 13:00:00+00:00,60,7,13,353.92523193359375,349.1414794921875,0,0,0,0,0,0,0,0,0,0,0,0,0,0,0,0,0,0,0,0,0,0,0,0,0
2013-07-21 13:00:00+00:00,60,7,13,258.0044860839844,214.76242065429688,0,0,0,0,0,0,0,0,0,0,0,0,0,0,0,1,1,0,0,0,0,0,0,0,0
2013-07-21 13:00:00+00:00,60,7,13,,24.280012130737305,0,0,0,0,0,0,0,0,0,0,0,0,0,0,0,0,0,0,0,0,1,1,1,1,1
2013-07-21 13:15:00+00:00,60,7,13,,,0,0,0,0,0,0,0,0,0,0,0,0,0,0,0,0,0,0,0,0,0,0,0,0,0
2013-07-21 13:15:00+00:00,60,7,13,,246.30996704101562,0,0,0,0,0,0,0,0,0,0,0,0,0,0,0,0,0,0,0,0,0,0,0,0,0
2013-07-21 13:15:00+00:00,60,7,13,,316.1407165527344,0,0,0,0,0,0,0,0,0,0,0,0,0,0,0,0,0,0,0,0,0,0,0,0,0
2013-07-21 13:15:00+00:00,60,7,13,420.3423156738281,9.442912101745605,0,0,0,0,0,0,0,0,0,0,0,0,0,0,0,0,0,1,1,1,1,1,1,1,1
2013-07-21 13:15:00+00:00,60,7,13,239.0270233154297,140.8589630126953,0,0,0,0,0,0,0,0,0,0,0,0,0,0,1,1,1,0,0,0,0,0,0,0,0
2013-07-21 13:15:00+00:00,60,7,13,182.3284149169922,13.676334381103516,0,0,0,0,0,0,0,0,0,0,0,0,0,1,1,1,1,0,1,1,1,1,1,1,1
2013-07-21 13:15:00+00:00,60,7,13,276.3855285644531,85.15202331542969,0,0,0,0,0,0,0,0,0,0,0,0,0,0,0,1,1,0,0,0,0,0,0,0,0
2013-07-21 13:15:00+00:00,60,7,13,68.75202178955078,55.952362060546875,0,0,0,0,0,0,0,0,1,1,1,1,1,1,1,1,1,0,0,0,0,0,0,0,1
2013-07-21 13:15:00+00:00,60,7,13,244.26736450195312,255.69679260253906,0,0,0,0,0,0,0,0,0,0,0,0,0,0,1,1,1,0,0,0,0,0,0,0,0
2013-07-21 13:30:00+00:00,60,7,13,,108.4314193725586,0,0,0,0,0,0,0,0,0,0,0,0,0,0,0,0,0,0,0,0,0,0,0,0,0
2013-07-21 13:30:00+00:00,60,7,13,,36.23448181152344,0,0,0,0,0,0,0,0,0,0,0,0,0,0,0,0,0,0,0,0,0,0,1,1,1
2013-07-21 13:30:00+00:00,60,7,13,329.06396484375,139.71182250976562,0,0,0,0,0,0,0,0,0,0,0,0,0,0,0,0,1,0,0,0,0,0,0,0,0
2013-07-21 13:30:00+00:00,60,7,13,393.3290100097656,28.235759735107422,0,0,0,0,0,0,0,0,0,0,0,0,0,0,0,0,0,0,0,0,0,1,1,1,1
2013-07-21 13:30:00+00:00,60,7,13,270.6310729980469,76.94970703125,0,0,0,0,0,0,0,0,0,0,0,0,0,0,0,1,1,0,0,0,0,0,0,0,0
2013-07-21 13:30:00+00:00,60,7,13,355.227294921875,0.0,0,0,0,0,0,0,0,0,0,0,0,0,0,0,0,0,0,1,1,1,1,1,1,1,1
2013-07-21 13:30:00+00:00,60,7,13,,487.7806091308594,0,0,0,0,0,0,0,0,0,0,0,0,0,0,0,0,0,0,0,0,0,0,0,0,0
2013-07-21 13:30:00+00:00,60,7,13,322.32952880859375,288.1078186035156,0,0,0,0,0,0,0,0,0,0,0,0,0,0,0,0,1,0,0,0,0,0,0,0,0
2013-07-21 13:30:00+00:00,60,7,13,355.0038757324219,59.55868148803711,0,0,0,0,0,0,0,0,0,0,0,0,0,0,0,0,0,0,0,0,0,0,0,0,1
2013-07-21 13:30:00+00:00,60,7,13,,,0,0,0,0,0,0,0,0,0,0,0,0,0,0,0,0,0,0,0,0,0,0,0,0,0
2013-07-21 13:30:00+00:00,60,7,13,307.810791015625,240.2239532470703,0,0,0,0,0,0,0,0,0,0,0,0,0,0,0,0,1,0,0,0,0,0,0,0,0
2013-07-21 13:30:00+00:00,60,7,13,77.96717071533203,22.733686447143555,0,0,0,0,0,0,0,0,1,1,1,1,1,1,1,1,1,0,0,0,1,1,1,1,1
2013-07-21 13:30:00+00:00,60,7,13,304.8413391113281,257.0167236328125,0,0,0,0,0,0,0,0,0,0,0,0,0,0,0,0,1,0,0,0,0,0,0,0,0
2013-07-21 13:30:00+00:00,60,7,13,77.64852142333984,98.6697998046875,0,0,0,0,0,0,0,0,1,1,1,1,1,1,1,1,1,0,0,0,0,0,0,0,0
2013-07-21 13:30:00+00:00,60,7,13,346.3969421386719,321.334228515625,0,0,0,0,0,0,0,0,0,0,0,0,0,0,0,0,1,0,0,0,0,0,0,0,0
2013-07-21 13:30:00+00:00,60,7,13,95.01924133300781,7.065763473510742,0,0,0,0,0,0,0,0,0,1,1,1,1,1,1,1,1,1,1,1,1,1,1,1,1
2013-07-21 13:30:00+00:00,60,7,13,,358.68878173828125,0,0,0,0,0,0,0,0,0,0,0,0,0,0,0,0,0,0,0,0,0,0,0,0,0
2013-07-21 13:45:00+00:00,60,7,13,,118.0292739868164,0,0,0,0,0,0,0,0,0,0,0,0,0,0,0,0,0,0,0,0,0,0,0,0,0
2013-07-21 13:45:00+00:00,60,7,13,157.25013732910156,100.76753997802734,0,0,0,0,0,0,0,0,0,0,0,0,1,1,1,1,1,0,0,0,0,0,0,0,0
2013-07-21 13:45:00+00:00,60,7,13,109.2852554321289,44.011817932128906,0,0,0,0,0,0,0,0,0,0,1,1,1,1,1,1,1,0,0,0,0,0,0,1,1
2013-07-21 13:45:00+00:00,60,7,13,113.14933776855469,209.19564819335938,0,0,0,0,0,0,0,0,0,0,1,1,1,1,1,1,1,0,0,0,0,0,0,0,0
2013-07-21 13:45:00+00:00,60,7,13,77.9063949584961,24.30904769897461,0,0,0,0,0,0,0,0,1,1,1,1,1,1,1,1,1,0,0,0,1,1,1,1,1
2013-07-21 13:45:00+00:00,60,7,13,259.0926513671875,302.5670166015625,0,0,0,0,0,0,0,0,0,0,0,0,0,0,0,1,1,0,0,0,0,0,0,0,0
2013-07-21 13:45:00+00:00,60,7,13,167.46290588378906,118.47684478759766,0,0,0,0,0,0,0,0,0,0,0,0,1,1,1,1,1,0,0,0,0,0,0,0,0
2013-07-21 13:45:00+00:00,60,7,13,,,0,0,0,0,0,0,0,0,0,0,0,0,0,0,0,0,0,0,0,0,0,0,0,0,0
2013-07-21 13:45:00+00:00,60,7,13,280.44378662109375,269.2652587890625,0,0,0,0,0,0,0,0,0,0,0,0,0,0,0,1,1,0,0,0,0,0,0,0,0
2013-07-21 13:45:00+00:00,60,7,13,305.6499938964844,264.4053955078125,0,0,0,0,0,0,0,0,0,0,0,0,0,0,0,0,1,0,0,0,0,0,0,0,0
2013-07-21 13:45:00+00:00,60,7,13,,59.29706954956055,0,0,0,0,0,0,0,0,0,0,0,0,0,0,0,0,0,0,0,0,0,0,0,0,1
2013-07-21 14:00:00+00:00,60,7,14,,294.1574401855469,0,0,0,0,0,0,0,0,0,0,0,0,0,0,0,0,0,0,0,0,0,0,0,0,0
2013-07-21 14:00:00+00:00,60,7,14,35.46540832519531,7.5582499504089355,0,0,0,0,0,1,1,1,1,1,1,1,1,1,1,1,1,1,1,1,1,1,1,1,1
2013-07-21 14:00:00+00:00,60,7,14,61.49872970581055,68.26864624023438,0,0,0,0,0,0,0,0,1,1,1,1,1,1,1,1,1,0,0,0,0,0,0,0,0
2013-07-21 14:00:00+00:00,60,7,14,138.8568572998047,51.5974235534668,0,0,0,0,0,0,0,0,0,0,0,1,1,1,1,1,1,0,0,0,0,0,0,0,1
2013-07-21 14:00:00+00:00,60,7,14,344.2254333496094,366.4422607421875,0,0,0,0,0,0,0,0,0,0,0,0,0,0,0,0,1,0,0,0,0,0,0,0,0
2013-07-21 14:15:00+00:00,60,7,14,335.71441650390625,369.30291748046875,0,0,0,0,0,0,0,0,0,0,0,0,0,0,0,0,1,0,0,0,0,0,0,0,0
2013-07-21 14:15:00+00:00,60,7,14,462.7950439453125,449.4135437011719,0,0,0,0,0,0,0,0,0,0,0,0,0,0,0,0,0,0,0,0,0,0,0,0,0
2013-07-21 14:15:00+00:00,60,7,14,74.91690826416016,73.0239486694336,0,0,0,0,0,0,0,0,1,1,1,1,1,1,1,1,1,0,0,0,0,0,0,0,0
2013-07-21 14:15:00+00:00,60,7,14,116.68805694580078,87.94270324707031,0,0,0,0,0,0,0,0,0,0,1,1,1,1,1,1,1,0,0,0,0,0,0,0,0
2013-07-21 14:15:00+00:00,60,7,14,189.81581115722656,226.55174255371094,0,0,0,0,0,0,0,0,0,0,0,0,0,1,1,1,1,0,0,0,0,0,0,0,0
2013-07-21 14:15:00+00:00,60,7,14,73.80455780029297,8.917797088623047,0,0,0,0,0,0,0,0,1,1,1,1,1,1,1,1,1,1,1,1,1,1,1,1,1
2013-07-21 14:15:00+00:00,60,7,14,,188.7466583251953,0,0,0,0,0,0,0,0,0,0,0,0,0,0,0,0,0,0,0,0,0,0,0,0,0
2013-07-21 14:15:00+00:00,60,7,14,,,0,0,0,0,0,0,0,0,0,0,0,0,0,0,0,0,0,0,0,0,0,0,0,0,0
2013-07-21 14:30:00+00:00,60,7,14,367.3511657714844,,0,0,0,0,0,0,0,0,0,0,0,0,0,0,0,0,0,0,0,0,0,0,0,0,0
2013-07-21 14:30:00+00:00,60,7,14,,,0,0,0,0,0,0,0,0,0,0,0,0,0,0,0,0,0,0,0,0,0,0,0,0,0
2013-07-21 14:30:00+00:00,60,7,14,,303.4443054199219,0,0,0,0,0,0,0,0,0,0,0,0,0,0,0,0,0,0,0,0,0,0,0,0,0
2013-07-21 14:30:00+00:00,60,7,14,139.74122619628906,175.8260955810547,0,0,0,0,0,0,0,0,0,0,0,1,1,1,1,1,1,0,0,0,0,0,0,0,0
2013-07-21 14:30:00+00:00,60,7,14,301.4591979980469,445.7137756347656,0,0,0,0,0,0,0,0,0,0,0,0,0,0,0,0,1,0,0,0,0,0,0,0,0
2013-07-21 14:30:00+00:00,60,7,14,405.233642578125,,0,0,0,0,0,0,0,0,0,0,0,0,0,0,0,0,0,0,0,0,0,0,0,0,0
2013-07-21 14:30:00+00:00,60,7,14,286.0447692871094,345.729248046875,0,0,0,0,0,0,0,0,0,0,0,0,0,0,0,1,1,0,0,0,0,0,0,0,0
2013-07-21 14:30:00+00:00,60,7,14,287.3405456542969,224.01077270507812,0,0,0,0,0,0,0,0,0,0,0,0,0,0,0,1,1,0,0,0,0,0,0,0,0
2013-07-21 14:30:00+00:00,60,7,14,76.65694427490234,27.2207088470459,0,0,0,0,0,0,0,0,1,1,1,1,1,1,1,1,1,0,0,0,0,1,1,1,1
2013-07-21 14:30:00+00:00,60,7,14,,9.222307205200195,0,0,0,0,0,0,0,0,0,0,0,0,0,0,0,0,0,1,1,1,1,1,1,1,1
2013-07-21 14:30:00+00:00,60,7,14,,161.37271118164062,0,0,0,0,0,0,0,0,0,0,0,0,0,0,0,0,0,0,0,0,0,0,0,0,0
2013-07-21 14:45:00+00:00,60,7,14,439.5892028808594,0.0,0,0,0,0,0,0,0,0,0,0,0,0,0,0,0,0,0,1,1,1,1,1,1,1,1
2013-07-21 14:45:00+00:00,60,7,14,224.7371063232422,97.93278503417969,0,0,0,0,0,0,0,0,0,0,0,0,0,0,1,1,1,0,0,0,0,0,0,0,0
2013-07-21 14:45:00+00:00,60,7,14,232.74403381347656,52.155677795410156,0,0,0,0,0,0,0,0,0,0,0,0,0,0,1,1,1,0,0,0,0,0,0,0,1
2013-07-21 14:45:00+00:00,60,7,14,300.1468505859375,310.1510925292969,0,0,0,0,0,0,0,0,0,0,0,0,0,0,0,0,1,0,0,0,0,0,0,0,0
2013-07-21 14:45:00+00:00,60,7,14,,,0,0,0,0,0,0,0,0,0,0,0,0,0,0,0,0,0,0,0,0,0,0,0,0,0
2013-07-21 14:45:00+00:00,60,7,14,438.14544677734375,,0,0,0,0,0,0,0,0,0,0,0,0,0,0,0,0,0,0,0,0,0,0,0,0,0
2013-07-21 14:45:00+00:00,60,7,14,284.0156555175781,338.575439453125,0,0,0,0,0,0,0,0,0,0,0,0,0,0,0,1,1,0,0,0,0,0,0,0,0
2013-07-21 14:45:00+00:00,60,7,14,353.2368469238281,366.12225341796875,0,0,0,0,0,0,0,0,0,0,0,0,0,0,0,0,0,0,0,0,0,0,0,0,0
2013-07-21 14:45:00+00:00,60,7,14,92.87028503417969,19.65430450439453,0,0,0,0,0,0,0,0,0,1,1,1,1,1,1,1,1,0,0,1,1,1,1,1,1
2013-07-21 14:45:00+00:00,60,7,14,88.49918365478516,35.245140075683594,0,0,0,0,0,0,0,0,0,1,1,1,1,1,1,1,1,0,0,0,0,0,1,1,1
2013-07-21 14:45:00+00:00,60,7,14,,278.156494140625,0,0,0,0,0,0,0,0,0,0,0,0,0,0,0,0,0,0,0,0,0,0,0,0,0
2013-07-21 14:45:00+00:00,60,7,14,,309.80810546875,0,0,0,0,0,0,0,0,0,0,0,0,0,0,0,0,0,0,0,0,0,0,0,0,0
2013-07-21 14:45:00+00:00,60,7,14,,410.61456298828125,0,0,0,0,0,0,0,0,0,0,0,0,0,0,0,0,0,0,0,0,0,0,0,0,0
2013-07-21 14:45:00+00:00,60,7,14,174.15194702148438,,0,0,0,0,0,0,0,0,0,0,0,0,1,1,1,1,1,0,0,0,0,0,0,0,0
2013-07-21 15:00:00+00:00,60,7,15,447.5867614746094,18.338106155395508,0,0,0,0,0,0,0,0,0,0,0,0,0,0,0,0,0,0,0,1,1,1,1,1,1
2013-07-21 15:00:00+00:00,60,7,15,439.27484130859375,180.75491333007812,0,0,0,0,0,0,0,0,0,0,0,0,0,0,0,0,0,0,0,0,0,0,0,0,0
2013-07-21 15:00:00+00:00,60,7,15,,,0,0,0,0,0,0,0,0,0,0,0,0,0,0,0,0,0,0,0,0,0,0,0,0,0
2013-07-21 15:00:00+00:00,60,7,15,143.84654235839844,63.77397155761719,0,0,0,0,0,0,0,0,0,0,0,1,1,1,1,1,1,0,0,0,0,0,0,0,0
2013-07-21 15:00:00+00:00,60,7,15,411.8939208984375,436.17852783203125,0,0,0,0,0,0,0,0,0,0,0,0,0,0,0,0,0,0,0,0,0,0,0,0,0
2013-07-21 15:00:00+00:00,60,7,15,383.6174621582031,391.6788024902344,0,0,0,0,0,0,0,0,0,0,0,0,0,0,0,0,0,0,0,0,0,0,0,0,0
2013-07-21 15:00:00+00:00,60,7,15,334.4994201660156,298.0989685058594,0,0,0,0,0,0,0,0,0,0,0,0,0,0,0,0,1,0,0,0,0,0,0,0,0
2013-07-21 15:00:00+00:00,60,7,15,119.64717102050781,0.0,0,0,0,0,0,0,0,0,0,0,1,1,1,1,1,1,1,1,1,1,1,1,1,1,1
2013-07-21 15:00:00+00:00,60,7,15,87.59762573242188,0.0,0,0,0,0,0,0,0,0,0,1,1,1,1,1,1,1,1,1,1,1,1,1,1,1,1
2013-07-21 15:00:00+00:00,60,7,15,94.66796875,79.80243682861328,0,0,0,0,0,0,0,0,0,1,1,1,1,1,1,1,1,0,0,0,0,0,0,0,0
2013-07-21 15:00:00+00:00,60,7,15,104.41717529296875,92.80213928222656,0,0,0,0,0,0,0,0,0,0,1,1,1,1,1,1,1,0,0,0,0,0,0,0,0
2013-07-21 15:00:00+00:00,60,7,15,433.6341552734375,366.7088928222656,0,0,0,0,0,0,0,0,0,0,0,0,0,0,0,0,0,0,0,0,0,0,0,0,0
2013-07-21 15:15:00+00:00,60,7,15,,472.3732604980469,0,0,0,0,0,0,0,0,0,0,0,0,0,0,0,0,0,0,0,0,0,0,0,0,0
2013-07-21 15:15:00+00:00,60,7,15,,425.5420227050781,0,0,0,0,0,0,0,0,0,0,0,0,0,0,0,0,0,0,0,0,0,0,0,0,0
2013-07-21 15:15:00+00:00,60,7,15,,,0,0,0,0,0,0,0,0,0,0,0,0,0,0,0,0,0,0,0,0,0,0,0,0,0
2013-07-21 15:15:00+00:00,60,7,15,,65.7523422241211,0,0,0,0,0,0,0,0,0,0,0,0,0,0,0,0,0,0,0,0,0,0,0,0,0
2013-07-21 15:15:00+00:00,60,7,15,389.93353271484375,155.77947998046875,0,0,0,0,0,0,0,0,0,0,0,0,0,0,0,0,0,0,0,0,0,0,0,0,0
2013-07-21 15:15:00+00:00,60,7,15,,,0,0,0,0,0,0,0,0,0,0,0,0,0,0,0,0,0,0,0,0,0,0,0,0,0
2013-07-21 15:15:00+00:00,60,7,15,,,0,0,0,0,0,0,0,0,0,0,0,0,0,0,0,0,0,0,0,0,0,0,0,0,0
2013-07-21 15:15:00+00:00,60,7,15,36.60052490234375,0.0,0,0,0,0,0,1,1,1,1,1,1,1,1,1,1,1,1,1,1,1,1,1,1,1,1
2013-07-21 15:15:00+00:00,60,7,15,352.4962158203125,189.04296875,0,0,0,0,0,0,0,0,0,0,0,0,0,0,0,0,0,0,0,0,0,0,0,0,0
2013-07-21 15:15:00+00:00,60,7,15,198.09738159179688,183.47071838378906,0,0,0,0,0,0,0,0,0,0,0,0,0,1,1,1,1,0,0,0,0,0,0,0,0
2013-07-21 15:15:00+00:00,60,7,15,314.0046081542969,200.1956329345703,0,0,0,0,0,0,0,0,0,0,0,0,0,0,0,0,1,0,0,0,0,0,0,0,0
2013-07-21 15:15:00+00:00,60,7,15,246.56761169433594,202.9091033935547,0,0,0,0,0,0,0,0,0,0,0,0,0,0,1,1,1,0,0,0,0,0,0,0,0
2013-07-21 15:15:00+00:00,60,7,15,56.423736572265625,44.227027893066406,0,0,0,0,0,0,0,1,1,1,1,1,1,1,1,1,1,0,0,0,0,0,0,1,1
2013-07-21 15:30:00+00:00,60,7,15,167.0582275390625,205.75509643554688,0,0,0,0,0,0,0,0,0,0,0,0,1,1,1,1,1,0,0,0,0,0,0,0,0
2013-07-21 15:30:00+00:00,60,7,15,126.21346282958984,156.6218719482422,0,0,0,0,0,0,0,0,0,0,0,1,1,1,1,1,1,0,0,0,0,0,0,0,0
2013-07-21 15:30:00+00:00,60,7,15,73.28917694091797,13.88576889038086,0,0,0,0,0,0,0,0,1,1,1,1,1,1,1,1,1,0,1,1,1,1,1,1,1
2013-07-21 15:30:00+00:00,60,7,15,319.1362609863281,119.81107330322266,0,0,0,0,0,0,0,0,0,0,0,0,0,0,0,0,1,0,0,0,0,0,0,0,0
2013-07-21 15:30:00+00:00,60,7,15,,,0,0,0,0,0,0,0,0,0,0,0,0,0,0,0,0,0,0,0,0,0,0,0,0,0
2013-07-21 15:45:00+00:00,60,7,15,200.10755920410156,189.72882080078125,0,0,0,0,0,0,0,0,0,0,0,0,0,0,1,1,1,0,0,0,0,0,0,0,0
2013-07-21 15:45:00+00:00,60,7,15,213.6784210205078,200.66900634765625,0,0,0,0,0,0,0,0,0,0,0,0,0,0,1,1,1,0,0,0,0,0,0,0,0
2013-07-21 15:45:00+00:00,60,7,15,345.85467529296875,293.867431640625,0,0,0,0,0,0,0,0,0,0,0,0,0,0,0,0,1,0,0,0,0,0,0,0,0
2013-07-21 15:45:00+00:00,60,7,15,253.23171997070312,15.76255989074707,0,0,0,0,0,0,0,0,0,0,0,0,0,0,0,1,1,0,0,1,1,1,1,1,1
2013-07-21 15:45:00+00:00,60,7,15,126.43246459960938,121.5671615600586,0,0,0,0,0,0,0,0,0,0,0,1,1,1,1,1,1,0,0,0,0,0,0,0,0
2013-07-21 15:45:00+00:00,60,7,15,107.32335662841797,12.351765632629395,0,0,0,0,0,0,0,0,0,0,1,1,1,1,1,1,1,0,1,1,1,1,1,1,1
2013-07-21 15:45:00+00:00,60,7,15,484.0521240234375,458.0184326171875,0,0,0,0,0,0,0,0,0,0,0,0,0,0,0,0,0,0,0,0,0,0,0,0,0
2013-07-21 15:45:00+00:00,60,7,15,31.554752349853516,24.391401290893555,0,0,0,0,0,1,1,1,1,1,1,1,1,1,1,1,1,0,0,0,1,1,1,1,1
2013-07-21 15:45:00+00:00,60,7,15,353.0496826171875,0.0,0,0,0,0,0,0,0,0,0,0,0,0,0,0,0,0,0,1,1,1,1,1,1,1,1
2013-07-21 16:00:00+00:00,60,7,16,249.4488067626953,242.50180053710938,0,0,0,0,0,0,0,0,0,0,0,0,0,0,1,1,1,0,0,0,0,0,0,0,0
2013-07-21 16:00:00+00:00,60,7,16,217.22999572753906,212.32191467285156,0,0,0,0,0,0,0,0,0,0,0,0,0,0,1,1,1,0,0,0,0,0,0,0,0
2013-07-21 16:00:00+00:00,60,7,16,58.356109619140625,3.611056089401245,0,0,0,0,0,0,0,1,1,1,1,1,1,1,1,1,1,1,1,1,1,1,1,1,1
2013-07-21 16:00:00+00:00,60,7,16,85.42655181884766,31.00067901611328,0,0,0,0,0,0,0,0,0,1,1,1,1,1,1,1,1,0,0,0,0,0,1,1,1
2013-07-21 16:00:00+00:00,60,7,16,92.4562759399414,143.5923614501953,0,0,0,0,0,0,0,0,0,1,1,1,1,1,1,1,1,0,0,0,0,0,0,0,0
2013-07-21 16:15:00+00:00,60,7,16,409.1226806640625,324.345458984375,0,0,0,0,0,0,0,0,0,0,0,0,0,0,0,0,0,0,0,0,0,0,0,0,0
2013-07-21 16:15:00+00:00,60,7,16,431.11395263671875,455.8367614746094,0,0,0,0,0,0,0,0,0,0,0,0,0,0,0,0,0,0,0,0,0,0,0,0,0
2013-07-21 16:15:00+00:00,60,7,16,381.9659423828125,63.05934143066406,0,0,0,0,0,0,0,0,0,0,0,0,0,0,0,0,0,0,0,0,0,0,0,0,0
2013-07-21 16:15:00+00:00,60,7,16,315.3731384277344,21.020334243774414,0,0,0,0,0,0,0,0,0,0,0,0,0,0,0,0,1,0,0,0,1,1,1,1,1
2013-07-21 16:15:00+00:00,60,7,16,378.3739013671875,197.83822631835938,0,0,0,0,0,0,0,0,0,0,0,0,0,0,0,0,0,0,0,0,0,0,0,0,0
2013-07-21 16:15:00+00:00,60,7,16,51.24101257324219,75.0132827758789,0,0,0,0,0,0,0,1,1,1,1,1,1,1,1,1,1,0,0,0,0,0,0,0,0
2013-07-21 16:15:00+00:00,60,7,16,402.00457763671875,174.52688598632812,0,0,0,0,0,0,0,0,0,0,0,0,0,0,0,0,0,0,0,0,0,0,0,0,0
2013-07-21 16:30:00+00:00,60,7,16,228.02435302734375,276.34625244140625,0,0,0,0,0,0,0,0,0,0,0,0,0,0,1,1,1,0,0,0,0,0,0,0,0
2013-07-21 16:30:00+00:00,60,7,16,270.1805725097656,231.3435516357422,0,0,0,0,0,0,0,0,0,0,0,0,0,0,0,1,1,0,0,0,0,0,0,0,0
2013-07-21 16:30:00+00:00,60,7,16,131.11485290527344,22.63786506652832,0,0,0,0,0,0,0,0,0,0,0,1,1,1,1,1,1,0,0,0,1,1,1,1,1
2013-07-21 16:30:00+00:00,60,7,16,99.95114135742188,48.7296028137207,0,0,0,0,0,0,0,0,0,1,1,1,1,1,1,1,1,0,0,0,0,0,0,1,1
2013-07-21 16:30:00+00:00,60,7,16,99.75704956054688,124.58847045898438,0,0,0,0,0,0,0,0,0,1,1,1,1,1,1,1,1,0,0,0,0,0,0,0,0
2013-07-21 16:30:00+00:00,60,7,16,92.02195739746094,50.0045051574707,0,0,0,0,0,0,0,0,0,1,1,1,1,1,1,1,1,0,0,0,0,0,0,0,1
2013-07-21 16:30:00+00:00,60,7,16,81.28047180175781,123.2409896850586,0,0,0,0,0,0,0,0,0,1,1,1,1,1,1,1,1,0,0,0,0,0,0,0,0
2013-07-21 16:45:00+00:00,60,7,16,237.98316955566406,352.1254577636719,0,0,0,0,0,0,0,0,0,0,0,0,0,0,1,1,1,0,0,0,0,0,0,0,0
2013-07-21 16:45:00+00:00,60,7,16,30.16934585571289,17.35315704345703,0,0,0,0,0,1,1,1,1,1,1,1,1,1,1,1,1,0,0,1,1,1,1,1,1
2013-07-21 16:45:00+00:00,60,7,16,272.4994201660156,272.85284423828125,0,0,0,0,0,0,0,0,0,0,0,0,0,0,0,1,1,0,0,0,0,0,0,0,0
2013-07-21 17:00:00+00:00,60,7,17,79.58055877685547,153.7501678466797,0,0,0,0,0,0,0,0,1,1,1,1,1,1,1,1,1,0,0,0,0,0,0,0,0
2013-07-21 17:00:00+00:00,60,7,17,217.07907104492188,438.27923583984375,0,0,0,0,0,0,0,0,0,0,0,0,0,0,1,1,1,0,0,0,0,0,0,0,0
2013-07-21 17:00:00+00:00,60,7,17,88.44895935058594,72.21329498291016,0,0,0,0,0,0,0,0,0,1,1,1,1,1,1,1,1,0,0,0,0,0,0,0,0
2013-07-21 17:00:00+00:00,60,7,17,333.307861328125,369.3983154296875,0,0,0,0,0,0,0,0,0,0,0,0,0,0,0,0,1,0,0,0,0,0,0,0,0
2013-07-21 17:00:00+00:00,60,7,17,214.33421325683594,230.61813354492188,0,0,0,0,0,0,0,0,0,0,0,0,0,0,1,1,1,0,0,0,0,0,0,0,0
2013-07-21 17:00:00+00:00,60,7,17,346.0913391113281,360.12164306640625,0,0,0,0,0,0,0,0,0,0,0,0,0,0,0,0,1,0,0,0,0,0,0,0,0
2013-07-21 17:00:00+00:00,60,7,17,52.95154571533203,0.0,0,0,0,0,0,0,0,1,1,1,1,1,1,1,1,1,1,1,1,1,1,1,1,1,1
2013-07-21 17:00:00+00:00,60,7,17,115.51997375488281,67.82024383544922,0,0,0,0,0,0,0,0,0,0,1,1,1,1,1,1,1,0,0,0,0,0,0,0,0
2013-07-21 17:15:00+00:00,60,7,17,42.996524810791016,0.0,0,0,0,0,0,0,1,1,1,1,1,1,1,1,1,1,1,1,1,1,1,1,1,1,1
2013-07-21 17:30:00+00:00,60,7,17,,,0,0,0,0,0,0,0,0,0,0,0,0,0,0,0,0,0,0,0,0,0,0,0,0,0
2013-07-21 17:30:00+00:00,60,7,17,140.04800415039062,406.7845458984375,0,0,0,0,0,0,0,0,0,0,0,1,1,1,1,1,1,0,0,0,0,0,0,0,0
2013-07-21 17:30:00+00:00,60,7,17,171.5991973876953,169.36094665527344,0,0,0,0,0,0,0,0,0,0,0,0,1,1,1,1,1,0,0,0,0,0,0,0,0
2013-07-21 17:30:00+00:00,60,7,17,207.05685424804688,129.5147705078125,0,0,0,0,0,0,0,0,0,0,0,0,0,0,1,1,1,0,0,0,0,0,0,0,0
2013-07-21 17:45:00+00:00,60,7,17,201.861572265625,248.16429138183594,0,0,0,0,0,0,0,0,0,0,0,0,0,0,1,1,1,0,0,0,0,0,0,0,0
2013-07-21 17:45:00+00:00,60,7,17,167.83773803710938,156.29849243164062,0,0,0,0,0,0,0,0,0,0,0,0,1,1,1,1,1,0,0,0,0,0,0,0,0
2013-07-21 17:45:00+00:00,60,7,17,123.13422393798828,8.57650089263916,0,0,0,0,0,0,0,0,0,0,0,1,1,1,1,1,1,1,1,1,1,1,1,1,1
2013-07-21 17:45:00+00:00,60,7,17,223.98654174804688,21.156808853149414,0,0,0,0,0,0,0,0,0,0,0,0,0,0,1,1,1,0,0,0,1,1,1,1,1
2013-07-21 17:45:00+00:00,60,7,17,47.562191009521484,6.7613630294799805,0,0,0,0,0,0,1,1,1,1,1,1,1,1,1,1,1,1,1,1,1,1,1,1,1
2013-07-21 17:45:00+00:00,60,7,17,,525.7356567382812,0,0,0,0,0,0,0,0,0,0,0,0,0,0,0,0,0,0,0,0,0,0,0,0,0
2013-07-22 10:00:00+00:00,60,7,10,,,0,0,0,0,0,0,0,0,0,0,0,0,0,0,0,0,0,0,0,0,0,0,0,0,0
2013-07-22 10:00:00+00:00,60,7,10,,4.939675807952881,0,0,0,0,0,0,0,0,0,0,0,0,0,0,0,0,0,1,1,1,1,1,1,1,1
2013-07-22 10:00:00+00:00,60,7,10,,0.0,0,0,0,0,0,0,0,0,0,0,0,0,0,0,0,0,0,1,1,1,1,1,1,1,1
2013-07-22 10:15:00+00:00,60,7,10,,,0,0,0,0,0,0,0,0,0,0,0,0,0,0,0,0,0,0,0,0,0,0,0,0,0
2013-07-22 10:15:00+00:00,60,7,10,438.17254638671875,14.675037384033203,0,0,0,0,0,0,0,0,0,0,0,0,0,0,0,0,0,0,1,1,1,1,1,1,1
2013-07-22 10:15:00+00:00,60,7,10,,422.1502685546875,0,0,0,0,0,0,0,0,0,0,0,0,0,0,0,0,0,0,0,0,0,0,0,0,0
2013-07-22 10:15:00+00:00,60,7,10,,0.0,0,0,0,0,0,0,0,0,0,0,0,0,0,0,0,0,0,1,1,1,1,1,1,1,1
2013-07-22 10:15:00+00:00,60,7,10,,26.686351776123047,0,0,0,0,0,0,0,0,0,0,0,0,0,0,0,0,0,0,0,0,0,1,1,1,1
2013-07-22 10:15:00+00:00,60,7,10,280.604736328125,265.0223388671875,0,0,0,0,0,0,0,0,0,0,0,0,0,0,0,1,1,0,0,0,0,0,0,0,0
2013-07-22 10:15:00+00:00,60,7,10,,0.0,0,0,0,0,0,0,0,0,0,0,0,0,0,0,0,0,0,1,1,1,1,1,1,1,1
2013-07-22 10:30:00+00:00,60,7,10,,,0,0,0,0,0,0,0,0,0,0,0,0,0,0,0,0,0,0,0,0,0,0,0,0,0
2013-07-22 10:30:00+00:00,60,7,10,,340.7132568359375,0,0,0,0,0,0,0,0,0,0,0,0,0,0,0,0,0,0,0,0,0,0,0,0,0
2013-07-22 10:30:00+00:00,60,7,10,,,0,0,0,0,0,0,0,0,0,0,0,0,0,0,0,0,0,0,0,0,0,0,0,0,0
2013-07-22 10:30:00+00:00,60,7,10,184.2574005126953,82.77508544921875,0,0,0,0,0,0,0,0,0,0,0,0,0,1,1,1,1,0,0,0,0,0,0,0,0
2013-07-22 10:30:00+00:00,60,7,10,116.17093658447266,16.71893882751465,0,0,0,0,0,0,0,0,0,0,1,1,1,1,1,1,1,0,0,1,1,1,1,1,1
2013-07-22 10:30:00+00:00,60,7,10,84.4029541015625,33.3931770324707,0,0,0,0,0,0,0,0,0,1,1,1,1,1,1,1,1,0,0,0,0,0,1,1,1
2013-07-22 10:30:00+00:00,60,7,10,,180.97299194335938,0,0,0,0,0,0,0,0,0,0,0,0,0,0,0,0,0,0,0,0,0,0,0,0,0
2013-07-22 10:30:00+00:00,60,7,10,153.3075408935547,3.590205669403076,0,0,0,0,0,0,0,0,0,0,0,0,1,1,1,1,1,1,1,1,1,1,1,1,1
2013-07-22 10:45:00+00:00,60,7,10,457.36224365234375,210.89588928222656,0,0,0,0,0,0,0,0,0,0,0,0,0,0,0,0,0,0,0,0,0,0,0,0,0
2013-07-22 10:45:00+00:00,60,7,10,,416.34234619140625,0,0,0,0,0,0,0,0,0,0,0,0,0,0,0,0,0,0,0,0,0,0,0,0,0
2013-07-22 10:45:00+00:00,60,7,10,405.155029296875,135.38626098632812,0,0,0,0,0,0,0,0,0,0,0,0,0,0,0,0,0,0,0,0,0,0,0,0,0
2013-07-22 10:45:00+00:00,60,7,10,,108.28971862792969,0,0,0,0,0,0,0,0,0,0,0,0,0,0,0,0,0,0,0,0,0,0,0,0,0
2013-07-22 10:45:00+00:00,60,7,10,,6.265311241149902,0,0,0,0,0,0,0,0,0,0,0,0,0,0,0,0,0,1,1,1,1,1,1,1,1
2013-07-22 10:45:00+00:00,60,7,10,,246.11781311035156,0,0,0,0,0,0,0,0,0,0,0,0,0,0,0,0,0,0,0,0,0,0,0,0,0
2013-07-22 10:45:00+00:00,60,7,10,,7.012174129486084,0,0,0,0,0,0,0,0,0,0,0,0,0,0,0,0,0,1,1,1,1,1,1,1,1
2013-07-22 10:45:00+00:00,60,7,10,56.17351150512695,0.0,0,0,0,0,0,0,0,1,1,1,1,1,1,1,1,1,1,1,1,1,1,1,1,1,1
2013-07-22 10:45:00+00:00,60,7,10,42.15339279174805,0.0,0,0,0,0,0,0,1,1,1,1,1,1,1,1,1,1,1,1,1,1,1,1,1,1,1
2013-07-22 10:45:00+00:00,60,7,10,544.4464111328125,59.502323150634766,0,0,0,0,0,0,0,0,0,0,0,0,0,0,0,0,0,0,0,0,0,0,0,0,1
2013-07-22 10:45:00+00:00,60,7,10,503.38958740234375,3.404646873474121,0,0,0,0,0,0,0,0,0,0,0,0,0,0,0,0,0,1,1,1,1,1,1,1,1
2013-07-22 10:45:00+00:00,60,7,10,,597.592041015625,0,0,0,0,0,0,0,0,0,0,0,0,0,0,0,0,0,0,0,0,0,0,0,0,0
2013-07-22 11:00:00+00:00,60,7,11,,,0,0,0,0,0,0,0,0,0,0,0,0,0,0,0,0,0,0,0,0,0,0,0,0,0
2013-07-22 11:00:00+00:00,60,7,11,,,0,0,0,0,0,0,0,0,0,0,0,0,0,0,0,0,0,0,0,0,0,0,0,0,0
2013-07-22 11:00:00+00:00,60,7,11,,,0,0,0,0,0,0,0,0,0,0,0,0,0,0,0,0,0,0,0,0,0,0,0,0,0
2013-07-22 11:00:00+00:00,60,7,11,405.1081848144531,409.0827941894531,0,0,0,0,0,0,0,0,0,0,0,0,0,0,0,0,0,0,0,0,0,0,0,0,0
2013-07-22 11:00:00+00:00,60,7,11,262.77923583984375,282.9244384765625,0,0,0,0,0,0,0,0,0,0,0,0,0,0,0,1,1,0,0,0,0,0,0,0,0
2013-07-22 11:00:00+00:00,60,7,11,133.44667053222656,23.5373477935791,0,0,0,0,0,0,0,0,0,0,0,1,1,1,1,1,1,0,0,0,1,1,1,1,1
2013-07-22 11:00:00+00:00,60,7,11,,12.61214828491211,0,0,0,0,0,0,0,0,0,0,0,0,0,0,0,0,0,0,1,1,1,1,1,1,1
2013-07-22 11:00:00+00:00,60,7,11,101.4645004272461,0.0,0,0,0,0,0,0,0,0,0,0,1,1,1,1,1,1,1,1,1,1,1,1,1,1,1
2013-07-22 11:00:00+00:00,60,7,11,344.82275390625,3.229994297027588,0,0,0,0,0,0,0,0,0,0,0,0,0,0,0,0,1,1,1,1,1,1,1,1,1
2013-07-22 11:00:00+00:00,60,7,11,109.59521484375,0.0,0,0,0,0,0,0,0,0,0,0,1,1,1,1,1,1,1,1,1,1,1,1,1,1,1
2013-07-22 11:15:00+00:00,60,7,11,,,0,0,0,0,0,0,0,0,0,0,0,0,0,0,0,0,0,0,0,0,0,0,0,0,0
2013-07-22 11:15:00+00:00,60,7,11,70.45838165283203,9.278837203979492,0,0,0,0,0,0,0,0,1,1,1,1,1,1,1,1,1,1,1,1,1,1,1,1,1
2013-07-22 11:15:00+00:00,60,7,11,287.5506286621094,239.15640258789062,0,0,0,0,0,0,0,0,0,0,0,0,0,0,0,1,1,0,0,0,0,0,0,0,0
2013-07-22 11:15:00+00:00,60,7,11,216.08799743652344,213.68333435058594,0,0,0,0,0,0,0,0,0,0,0,0,0,0,1,1,1,0,0,0,0,0,0,0,0
2013-07-22 11:15:00+00:00,60,7,11,106.97052764892578,4.776026725769043,0,0,0,0,0,0,0,0,0,0,1,1,1,1,1,1,1,1,1,1,1,1,1,1,1
2013-07-22 11:15:00+00:00,60,7,11,85.44251251220703,0.0,0,0,0,0,0,0,0,0,0,1,1,1,1,1,1,1,1,1,1,1,1,1,1,1,1
2013-07-22 11:15:00+00:00,60,7,11,202.38375854492188,262.4767150878906,0,0,0,0,0,0,0,0,0,0,0,0,0,0,1,1,1,0,0,0,0,0,0,0,0
2013-07-22 11:15:00+00:00,60,7,11,314.65936279296875,25.909461975097656,0,0,0,0,0,0,0,0,0,0,0,0,0,0,0,0,1,0,0,0,0,1,1,1,1
2013-07-22 11:15:00+00:00,60,7,11,109.40132141113281,0.0,0,0,0,0,0,0,0,0,0,0,1,1,1,1,1,1,1,1,1,1,1,1,1,1,1
2013-07-22 11:30:00+00:00,60,7,11,,,0,0,0,0,0,0,0,0,0,0,0,0,0,0,0,0,0,0,0,0,0,0,0,0,0
2013-07-22 11:30:00+00:00,60,7,11,364.8682861328125,,0,0,0,0,0,0,0,0,0,0,0,0,0,0,0,0,0,0,0,0,0,0,0,0,0
2013-07-22 11:30:00+00:00,60,7,11,474.8864440917969,519.190673828125,0,0,0,0,0,0,0,0,0,0,0,0,0,0,0,0,0,0,0,0,0,0,0,0,0
2013-07-22 11:30:00+00:00,60,7,11,,,0,0,0,0,0,0,0,0,0,0,0,0,0,0,0,0,0,0,0,0,0,0,0,0,0
2013-07-22 11:30:00+00:00,60,7,11,109.36210632324219,63.23981475830078,0,0,0,0,0,0,0,0,0,0,1,1,1,1,1,1,1,0,0,0,0,0,0,0,0
2013-07-22 11:30:00+00:00,60,7,11,416.60479736328125,178.35824584960938,0,0,0,0,0,0,0,0,0,0,0,0,0,0,0,0,0,0,0,0,0,0,0,0,0
2013-07-22 11:30:00+00:00,60,7,11,460.0068359375,,0,0,0,0,0,0,0,0,0,0,0,0,0,0,0,0,0,0,0,0,0,0,0,0,0
2013-07-22 11:45:00+00:00,60,7,11,521.0321655273438,565.8164672851562,0,0,0,0,0,0,0,0,0,0,0,0,0,0,0,0,0,0,0,0,0,0,0,0,0
2013-07-22 11:45:00+00:00,60,7,11,365.69256591796875,411.81146240234375,0,0,0,0,0,0,0,0,0,0,0,0,0,0,0,0,0,0,0,0,0,0,0,0,0
2013-07-22 11:45:00+00:00,60,7,11,425.58544921875,357.3622741699219,0,0,0,0,0,0,0,0,0,0,0,0,0,0,0,0,0,0,0,0,0,0,0,0,0
2013-07-22 11:45:00+00:00,60,7,11,,280.4571228027344,0,0,0,0,0,0,0,0,0,0,0,0,0,0,0,0,0,0,0,0,0,0,0,0,0
2013-07-22 11:45:00+00:00,60,7,11,,,0,0,0,0,0,0,0,0,0,0,0,0,0,0,0,0,0,0,0,0,0,0,0,0,0
2013-07-22 11:45:00+00:00,60,7,11,391.2341613769531,141.87979125976562,0,0,0,0,0,0,0,0,0,0,0,0,0,0,0,0,0,0,0,0,0,0,0,0,0
2013-07-22 11:45:00+00:00,60,7,11,241.62350463867188,0.0,0,0,0,0,0,0,0,0,0,0,0,0,0,0,1,1,1,1,1,1,1,1,1,1,1
2013-07-22 11:45:00+00:00,60,7,11,163.35691833496094,80.50437927246094,0,0,0,0,0,0,0,0,0,0,0,0,1,1,1,1,1,0,0,0,0,0,0,0,0
2013-07-22 11:45:00+00:00,60,7,11,88.73627471923828,55.349273681640625,0,0,0,0,0,0,0,0,0,1,1,1,1,1,1,1,1,0,0,0,0,0,0,0,1
2013-07-22 12:00:00+00:00,60,7,12,,,0,0,0,0,0,0,0,0,0,0,0,0,0,0,0,0,0,0,0,0,0,0,0,0,0
2013-07-22 12:00:00+00:00,60,7,12,,,0,0,0,0,0,0,0,0,0,0,0,0,0,0,0,0,0,0,0,0,0,0,0,0,0
2013-07-22 12:00:00+00:00,60,7,12,130.7401885986328,30.754966735839844,0,0,0,0,0,0,0,0,0,0,0,1,1,1,1,1,1,0,0,0,0,0,1,1,1
2013-07-22 12:00:00+00:00,60,7,12,373.22137451171875,296.9698486328125,0,0,0,0,0,0,0,0,0,0,0,0,0,0,0,0,0,0,0,0,0,0,0,0,0
2013-07-22 12:00:00+00:00,60,7,12,143.68289184570312,68.46745300292969,0,0,0,0,0,0,0,0,0,0,0,1,1,1,1,1,1,0,0,0,0,0,0,0,0
2013-07-22 12:00:00+00:00,60,7,12,45.194549560546875,25.8229923248291,0,0,0,0,0,0,1,1,1,1,1,1,1,1,1,1,1,0,0,0,0,1,1,1,1
2013-07-22 12:00:00+00:00,60,7,12,59.342529296875,52.731788635253906,0,0,0,0,0,0,0,1,1,1,1,1,1,1,1,1,1,0,0,0,0,0,0,0,1
2013-07-22 12:15:00+00:00,60,7,12,340.4248352050781,87.1387939453125,0,0,0,0,0,0,0,0,0,0,0,0,0,0,0,0,1,0,0,0,0,0,0,0,0
2013-07-22 12:15:00+00:00,60,7,12,178.46339416503906,9.303525924682617,0,0,0,0,0,0,0,0,0,0,0,0,1,1,1,1,1,1,1,1,1,1,1,1,1
2013-07-22 12:15:00+00:00,60,7,12,350.7370910644531,197.32843017578125,0,0,0,0,0,0,0,0,0,0,0,0,0,0,0,0,0,0,0,0,0,0,0,0,0
2013-07-22 12:15:00+00:00,60,7,12,,,0,0,0,0,0,0,0,0,0,0,0,0,0,0,0,0,0,0,0,0,0,0,0,0,0
2013-07-22 12:15:00+00:00,60,7,12,,,0,0,0,0,0,0,0,0,0,0,0,0,0,0,0,0,0,0,0,0,0,0,0,0,0
2013-07-22 12:15:00+00:00,60,7,12,54.884071350097656,0.0,0,0,0,0,0,0,0,1,1,1,1,1,1,1,1,1,1,1,1,1,1,1,1,1,1
2013-07-22 12:15:00+00:00,60,7,12,68.74522399902344,3.407106876373291,0,0,0,0,0,0,0,0,1,1,1,1,1,1,1,1,1,1,1,1,1,1,1,1,1
2013-07-22 12:15:00+00:00,60,7,12,506.9951171875,536.1121826171875,0,0,0,0,0,0,0,0,0,0,0,0,0,0,0,0,0,0,0,0,0,0,0,0,0
2013-07-22 12:30:00+00:00,60,7,12,,301.83953857421875,0,0,0,0,0,0,0,0,0,0,0,0,0,0,0,0,0,0,0,0,0,0,0,0,0
2013-07-22 12:30:00+00:00,60,7,12,237.64747619628906,23.15300941467285,0,0,0,0,0,0,0,0,0,0,0,0,0,0,1,1,1,0,0,0,1,1,1,1,1
2013-07-22 12:30:00+00:00,60,7,12,48.28662872314453,0.0,0,0,0,0,0,0,1,1,1,1,1,1,1,1,1,1,1,1,1,1,1,1,1,1,1
2013-07-22 12:30:00+00:00,60,7,12,113.7297134399414,57.42879867553711,0,0,0,0,0,0,0,0,0,0,1,1,1,1,1,1,1,0,0,0,0,0,0,0,1
2013-07-22 12:30:00+00:00,60,7,12,46.62347412109375,81.92987060546875,0,0,0,0,0,0,1,1,1,1,1,1,1,1,1,1,1,0,0,0,0,0,0,0,0
2013-07-22 12:30:00+00:00,60,7,12,,,0,0,0,0,0,0,0,0,0,0,0,0,0,0,0,0,0,0,0,0,0,0,0,0,0
2013-07-22 12:45:00+00:00,60,7,12,294.4487609863281,377.5848693847656,0,0,0,0,0,0,0,0,0,0,0,0,0,0,0,1,1,0,0,0,0,0,0,0,0
2013-07-22 12:45:00+00:00,60,7,12,127.1177978515625,100.92407989501953,0,0,0,0,0,0,0,0,0,0,0,1,1,1,1,1,1,0,0,0,0,0,0,0,0
2013-07-22 12:45:00+00:00,60,7,12,105.01851654052734,144.29673767089844,0,0,0,0,0,0,0,0,0,0,1,1,1,1,1,1,1,0,0,0,0,0,0,0,0
2013-07-22 12:45:00+00:00,60,7,12,119.5185546875,131.57266235351562,0,0,0,0,0,0,0,0,0,0,1,1,1,1,1,1,1,0,0,0,0,0,0,0,0
2013-07-22 12:45:00+00:00,60,7,12,108.01504516601562,0.0,0,0,0,0,0,0,0,0,0,0,1,1,1,1,1,1,1,1,1,1,1,1,1,1,1
2013-07-22 12:45:00+00:00,60,7,12,220.0580291748047,0.0,0,0,0,0,0,0,0,0,0,0,0,0,0,0,1,1,1,1,1,1,1,1,1,1,1
2013-07-22 12:45:00+00:00,60,7,12,253.1077117919922,0.0,0,0,0,0,0,0,0,0,0,0,0,0,0,0,0,1,1,1,1,1,1,1,1,1,1
2013-07-22 12:45:00+00:00,60,7,12,63.05405044555664,96.57194519042969,0,0,0,0,0,0,0,0,1,1,1,1,1,1,1,1,1,0,0,0,0,0,0,0,0
2013-07-22 12:45:00+00:00,60,7,12,116.74003601074219,115.7902603149414,0,0,0,0,0,0,0,0,0,0,1,1,1,1,1,1,1,0,0,0,0,0,0,0,0
2013-07-22 12:45:00+00:00,60,7,12,,,0,0,0,0,0,0,0,0,0,0,0,0,0,0,0,0,0,0,0,0,0,0,0,0,0
2013-07-22 12:45:00+00:00,60,7,12,,165.98562622070312,0,0,0,0,0,0,0,0,0,0,0,0,0,0,0,0,0,0,0,0,0,0,0,0,0
2013-07-22 12:45:00+00:00,60,7,12,,3.11136531829834,0,0,0,0,0,0,0,0,0,0,0,0,0,0,0,0,0,1,1,1,1,1,1,1,1
2013-07-22 12:45:00+00:00,60,7,12,191.0098876953125,29.6864070892334,0,0,0,0,0,0,0,0,0,0,0,0,0,1,1,1,1,0,0,0,0,1,1,1,1
2013-07-22 12:45:00+00:00,60,7,12,158.7539520263672,68.39460754394531,0,0,0,0,0,0,0,0,0,0,0,0,1,1,1,1,1,0,0,0,0,0,0,0,0
2013-07-22 12:45:00+00:00,60,7,12,82.35591125488281,0.0,0,0,0,0,0,0,0,0,0,1,1,1,1,1,1,1,1,1,1,1,1,1,1,1,1
2013-07-22 12:45:00+00:00,60,7,12,98.98944091796875,97.25350189208984,0,0,0,0,0,0,0,0,0,1,1,1,1,1,1,1,1,0,0,0,0,0,0,0,0
2013-07-22 13:00:00+00:00,60,7,13,,,0,0,0,0,0,0,0,0,0,0,0,0,0,0,0,0,0,0,0,0,0,0,0,0,0
2013-07-22 13:00:00+00:00,60,7,13,425.29241943359375,253.37945556640625,0,0,0,0,0,0,0,0,0,0,0,0,0,0,0,0,0,0,0,0,0,0,0,0,0
2013-07-22 13:00:00+00:00,60,7,13,100.79008483886719,0.0,0,0,0,0,0,0,0,0,0,0,1,1,1,1,1,1,1,1,1,1,1,1,1,1,1
2013-07-22 13:00:00+00:00,60,7,13,66.64491271972656,36.53603744506836,0,0,0,0,0,0,0,0,1,1,1,1,1,1,1,1,1,0,0,0,0,0,1,1,1
2013-07-22 13:00:00+00:00,60,7,13,,192.2977294921875,0,0,0,0,0,0,0,0,0,0,0,0,0,0,0,0,0,0,0,0,0,0,0,0,0
2013-07-22 13:00:00+00:00,60,7,13,27.39167594909668,0.0,0,0,0,0,1,1,1,1,1,1,1,1,1,1,1,1,1,1,1,1,1,1,1,1,1
2013-07-22 13:00:00+00:00,60,7,13,90.55047607421875,100.26155853271484,0,0,0,0,0,0,0,0,0,1,1,1,1,1,1,1,1,0,0,0,0,0,0,0,0
2013-07-22 13:00:00+00:00,60,7,13,55.61761474609375,16.190046310424805,0,0,0,0,0,0,0,1,1,1,1,1,1,1,1,1,1,0,0,1,1,1,1,1,1
2013-07-22 13:00:00+00:00,60,7,13,188.143310546875,184.77198791503906,0,0,0,0,0,0,0,0,0,0,0,0,0,1,1,1,1,0,0,0,0,0,0,0,0
2013-07-22 13:00:00+00:00,60,7,13,629.0774536132812,665.3045654296875,0,0,0,0,0,0,0,0,0,0,0,0,0,0,0,0,0,0,0,0,0,0,0,0,0
2013-07-22 13:00:00+00:00,60,7,13,,286.0909729003906,0,0,0,0,0,0,0,0,0,0,0,0,0,0,0,0,0,0,0,0,0,0,0,0,0
2013-07-22 13:15:00+00:00,60,7,13,,290.0904846191406,0,0,0,0,0,0,0,0,0,0,0,0,0,0,0,0,0,0,0,0,0,0,0,0,0
2013-07-22 13:15:00+00:00,60,7,13,138.8374786376953,95.85596466064453,0,0,0,0,0,0,0,0,0,0,0,1,1,1,1,1,1,0,0,0,0,0,0,0,0
2013-07-22 13:15:00+00:00,60,7,13,61.343135833740234,81.34066009521484,0,0,0,0,0,0,0,0,1,1,1,1,1,1,1,1,1,0,0,0,0,0,0,0,0
2013-07-22 13:15:00+00:00,60,7,13,103.80016326904297,13.479412078857422,0,0,0,0,0,0,0,0,0,0,1,1,1,1,1,1,1,0,1,1,1,1,1,1,1
2013-07-22 13:15:00+00:00,60,7,13,90.30036926269531,0.0,0,0,0,0,0,0,0,0,0,1,1,1,1,1,1,1,1,1,1,1,1,1,1,1,1
2013-07-22 13:15:00+00:00,60,7,13,,,0,0,0,0,0,0,0,0,0,0,0,0,0,0,0,0,0,0,0,0,0,0,0,0,0
2013-07-22 13:15:00+00:00,60,7,13,263.2430725097656,15.26754093170166,0,0,0,0,0,0,0,0,0,0,0,0,0,0,0,1,1,0,0,1,1,1,1,1,1
2013-07-22 13:15:00+00:00,60,7,13,,335.702880859375,0,0,0,0,0,0,0,0,0,0,0,0,0,0,0,0,0,0,0,0,0,0,0,0,0
2013-07-22 13:30:00+00:00,60,7,13,,398.088134765625,0,0,0,0,0,0,0,0,0,0,0,0,0,0,0,0,0,0,0,0,0,0,0,0,0
2013-07-22 13:30:00+00:00,60,7,13,358.0726013183594,465.28155517578125,0,0,0,0,0,0,0,0,0,0,0,0,0,0,0,0,0,0,0,0,0,0,0,0,0
2013-07-22 13:30:00+00:00,60,7,13,,,0,0,0,0,0,0,0,0,0,0,0,0,0,0,0,0,0,0,0,0,0,0,0,0,0
2013-07-22 13:30:00+00:00,60,7,13,90.68474578857422,33.27173614501953,0,0,0,0,0,0,0,0,0,1,1,1,1,1,1,1,1,0,0,0,0,0,1,1,1
2013-07-22 13:30:00+00:00,60,7,13,179.5008087158203,113.51248931884766,0,0,0,0,0,0,0,0,0,0,0,0,1,1,1,1,1,0,0,0,0,0,0,0,0
2013-07-22 13:30:00+00:00,60,7,13,76.39293670654297,3.2287416458129883,0,0,0,0,0,0,0,0,1,1,1,1,1,1,1,1,1,1,1,1,1,1,1,1,1
2013-07-22 13:30:00+00:00,60,7,13,58.58750534057617,127.41104888916016,0,0,0,0,0,0,0,1,1,1,1,1,1,1,1,1,1,0,0,0,0,0,0,0,0
2013-07-22 13:30:00+00:00,60,7,13,,,0,0,0,0,0,0,0,0,0,0,0,0,0,0,0,0,0,0,0,0,0,0,0,0,0
2013-07-22 13:30:00+00:00,60,7,13,272.75457763671875,272.9944152832031,0,0,0,0,0,0,0,0,0,0,0,0,0,0,0,1,1,0,0,0,0,0,0,0,0
2013-07-22 13:30:00+00:00,60,7,13,,19.324193954467773,0,0,0,0,0,0,0,0,0,0,0,0,0,0,0,0,0,0,0,1,1,1,1,1,1
2013-07-22 13:30:00+00:00,60,7,13,,74.86217498779297,0,0,0,0,0,0,0,0,0,0,0,0,0,0,0,0,0,0,0,0,0,0,0,0,0
2013-07-22 13:30:00+00:00,60,7,13,71.39905548095703,45.8697624206543,0,0,0,0,0,0,0,0,1,1,1,1,1,1,1,1,1,0,0,0,0,0,0,1,1
2013-07-22 13:30:00+00:00,60,7,13,,724.1856689453125,0,0,0,0,0,0,0,0,0,0,0,0,0,0,0,0,0,0,0,0,0,0,0,0,0
2013-07-22 13:45:00+00:00,60,7,13,,362.4144592285156,0,0,0,0,0,0,0,0,0,0,0,0,0,0,0,0,0,0,0,0,0,0,0,0,0
2013-07-22 13:45:00+00:00,60,7,13,,84.01177215576172,0,0,0,0,0,0,0,0,0,0,0,0,0,0,0,0,0,0,0,0,0,0,0,0,0
2013-07-22 13:45:00+00:00,60,7,13,545.5367431640625,39.705875396728516,0,0,0,0,0,0,0,0,0,0,0,0,0,0,0,0,0,0,0,0,0,0,1,1,1
2013-07-22 13:45:00+00:00,60,7,13,,438.7308654785156,0,0,0,0,0,0,0,0,0,0,0,0,0,0,0,0,0,0,0,0,0,0,0,0,0
2013-07-22 13:45:00+00:00,60,7,13,162.92909240722656,3.7996954917907715,0,0,0,0,0,0,0,0,0,0,0,0,1,1,1,1,1,1,1,1,1,1,1,1,1
2013-07-22 13:45:00+00:00,60,7,13,,,0,0,0,0,0,0,0,0,0,0,0,0,0,0,0,0,0,0,0,0,0,0,0,0,0
2013-07-22 13:45:00+00:00,60,7,13,149.4272003173828,142.93946838378906,0,0,0,0,0,0,0,0,0,0,0,1,1,1,1,1,1,0,0,0,0,0,0,0,0
2013-07-22 13:45:00+00:00,60,7,13,,369.6221008300781,0,0,0,0,0,0,0,0,0,0,0,0,0,0,0,0,0,0,0,0,0,0,0,0,0
2013-07-22 13:45:00+00:00,60,7,13,,364.6824951171875,0,0,0,0,0,0,0,0,0,0,0,0,0,0,0,0,0,0,0,0,0,0,0,0,0
2013-07-22 13:45:00+00:00,60,7,13,159.39122009277344,164.01675415039062,0,0,0,0,0,0,0,0,0,0,0,0,1,1,1,1,1,0,0,0,0,0,0,0,0
2013-07-22 13:45:00+00:00,60,7,13,40.63519287109375,3.5121657848358154,0,0,0,0,0,0,1,1,1,1,1,1,1,1,1,1,1,1,1,1,1,1,1,1,1
2013-07-22 13:45:00+00:00,60,7,13,383.1523742675781,389.1714782714844,0,0,0,0,0,0,0,0,0,0,0,0,0,0,0,0,0,0,0,0,0,0,0,0,0
2013-07-22 14:00:00+00:00,60,7,14,85.5516357421875,0.0,0,0,0,0,0,0,0,0,0,1,1,1,1,1,1,1,1,1,1,1,1,1,1,1,1
2013-07-22 14:00:00+00:00,60,7,14,354.0937805175781,360.96649169921875,0,0,0,0,0,0,0,0,0,0,0,0,0,0,0,0,0,0,0,0,0,0,0,0,0
2013-07-22 14:00:00+00:00,60,7,14,,,0,0,0,0,0,0,0,0,0,0,0,0,0,0,0,0,0,0,0,0,0,0,0,0,0
2013-07-22 14:00:00+00:00,60,7,14,66.06424713134766,6.848574638366699,0,0,0,0,0,0,0,0,1,1,1,1,1,1,1,1,1,1,1,1,1,1,1,1,1
2013-07-22 14:00:00+00:00,60,7,14,78.52210235595703,51.725738525390625,0,0,0,0,0,0,0,0,1,1,1,1,1,1,1,1,1,0,0,0,0,0,0,0,1
2013-07-22 14:00:00+00:00,60,7,14,139.3298797607422,151.7715301513672,0,0,0,0,0,0,0,0,0,0,0,1,1,1,1,1,1,0,0,0,0,0,0,0,0
2013-07-22 14:00:00+00:00,60,7,14,127.06731414794922,116.52809143066406,0,0,0,0,0,0,0,0,0,0,0,1,1,1,1,1,1,0,0,0,0,0,0,0,0
2013-07-22 14:00:00+00:00,60,7,14,368.3595275878906,134.64678955078125,0,0,0,0,0,0,0,0,0,0,0,0,0,0,0,0,0,0,0,0,0,0,0,0,0
2013-07-22 14:00:00+00:00,60,7,14,,,0,0,0,0,0,0,0,0,0,0,0,0,0,0,0,0,0,0,0,0,0,0,0,0,0
2013-07-22 14:15:00+00:00,60,7,14,47.9931755065918,0.0,0,0,0,0,0,0,1,1,1,1,1,1,1,1,1,1,1,1,1,1,1,1,1,1,1
2013-07-22 14:15:00+00:00,60,7,14,126.54197692871094,246.7504119873047,0,0,0,0,0,0,0,0,0,0,0,1,1,1,1,1,1,0,0,0,0,0,0,0,0
2013-07-22 14:15:00+00:00,60,7,14,401.3829650878906,32.635799407958984,0,0,0,0,0,0,0,0,0,0,0,0,0,0,0,0,0,0,0,0,0,0,1,1,1
2013-07-22 14:15:00+00:00,60,7,14,248.8839874267578,194.97903442382812,0,0,0,0,0,0,0,0,0,0,0,0,0,0,1,1,1,0,0,0,0,0,0,0,0
2013-07-22 14:15:00+00:00,60,7,14,265.9073486328125,262.3943176269531,0,0,0,0,0,0,0,0,0,0,0,0,0,0,0,1,1,0,0,0,0,0,0,0,0
2013-07-22 14:15:00+00:00,60,7,14,382.6824645996094,285.2357482910156,0,0,0,0,0,0,0,0,0,0,0,0,0,0,0,0,0,0,0,0,0,0,0,0,0
2013-07-22 14:15:00+00:00,60,7,14,346.90008544921875,310.6919860839844,0,0,0,0,0,0,0,0,0,0,0,0,0,0,0,0,1,0,0,0,0,0,0,0,0
2013-07-22 14:15:00+00:00,60,7,14,137.29165649414062,126.19935607910156,0,0,0,0,0,0,0,0,0,0,0,1,1,1,1,1,1,0,0,0,0,0,0,0,0
2013-07-22 14:30:00+00:00,60,7,14,337.3182678222656,246.34169006347656,0,0,0,0,0,0,0,0,0,0,0,0,0,0,0,0,1,0,0,0,0,0,0,0,0
2013-07-22 14:30:00+00:00,60,7,14,52.88825988769531,23.175567626953125,0,0,0,0,0,0,0,1,1,1,1,1,1,1,1,1,1,0,0,0,1,1,1,1,1
2013-07-22 14:30:00+00:00,60,7,14,82.2033920288086,78.20216369628906,0,0,0,0,0,0,0,0,0,1,1,1,1,1,1,1,1,0,0,0,0,0,0,0,0
2013-07-22 14:30:00+00:00,60,7,14,370.41192626953125,,0,0,0,0,0,0,0,0,0,0,0,0,0,0,0,0,0,0,0,0,0,0,0,0,0
2013-07-22 14:30:00+00:00,60,7,14,199.86215209960938,60.973175048828125,0,0,0,0,0,0,0,0,0,0,0,0,0,1,1,1,1,0,0,0,0,0,0,0,0
2013-07-22 14:30:00+00:00,60,7,14,142.0178680419922,157.7385711669922,0,0,0,0,0,0,0,0,0,0,0,1,1,1,1,1,1,0,0,0,0,0,0,0,0
2013-07-22 14:45:00+00:00,60,7,14,475.3005065917969,467.1500244140625,0,0,0,0,0,0,0,0,0,0,0,0,0,0,0,0,0,0,0,0,0,0,0,0,0
2013-07-22 14:45:00+00:00,60,7,14,,,0,0,0,0,0,0,0,0,0,0,0,0,0,0,0,0,0,0,0,0,0,0,0,0,0
2013-07-22 14:45:00+00:00,60,7,14,474.5455322265625,478.9432067871094,0,0,0,0,0,0,0,0,0,0,0,0,0,0,0,0,0,0,0,0,0,0,0,0,0
2013-07-22 14:45:00+00:00,60,7,14,73.18975067138672,105.12433624267578,0,0,0,0,0,0,0,0,1,1,1,1,1,1,1,1,1,0,0,0,0,0,0,0,0
2013-07-22 14:45:00+00:00,60,7,14,,,0,0,0,0,0,0,0,0,0,0,0,0,0,0,0,0,0,0,0,0,0,0,0,0,0
2013-07-22 14:45:00+00:00,60,7,14,184.4236297607422,151.3802490234375,0,0,0,0,0,0,0,0,0,0,0,0,0,1,1,1,1,0,0,0,0,0,0,0,0
2013-07-22 14:45:00+00:00,60,7,14,123.13904571533203,142.1830291748047,0,0,0,0,0,0,0,0,0,0,0,1,1,1,1,1,1,0,0,0,0,0,0,0,0
2013-07-22 14:45:00+00:00,60,7,14,47.835716247558594,0.0,0,0,0,0,0,0,1,1,1,1,1,1,1,1,1,1,1,1,1,1,1,1,1,1,1
2013-07-22 14:45:00+00:00,60,7,14,361.26416015625,24.060239791870117,0,0,0,0,0,0,0,0,0,0,0,0,0,0,0,0,0,0,0,0,1,1,1,1,1
2013-07-22 14:45:00+00:00,60,7,14,208.50634765625,15.43421459197998,0,0,0,0,0,0,0,0,0,0,0,0,0,0,1,1,1,0,0,1,1,1,1,1,1
2013-07-22 14:45:00+00:00,60,7,14,103.89271545410156,318.4703369140625,0,0,0,0,0,0,0,0,0,0,1,1,1,1,1,1,1,0,0,0,0,0,0,0,0
2013-07-22 14:45:00+00:00,60,7,14,99.37004852294922,296.2701721191406,0,0,0,0,0,0,0,0,0,1,1,1,1,1,1,1,1,0,0,0,0,0,0,0,0
2013-07-22 14:45:00+00:00,60,7,14,162.4004364013672,122.8014907836914,0,0,0,0,0,0,0,0,0,0,0,0,1,1,1,1,1,0,0,0,0,0,0,0,0
2013-07-22 14:45:00+00:00,60,7,14,204.68423461914062,23.683828353881836,0,0,0,0,0,0,0,0,0,0,0,0,0,0,1,1,1,0,0,0,1,1,1,1,1
2013-07-22 14:45:00+00:00,60,7,14,488.87701416015625,9.408329010009766,0,0,0,0,0,0,0,0,0,0,0,0,0,0,0,0,0,1,1,1,1,1,1,1,1
2013-07-22 15:00:00+00:00,60,7,15,462.87664794921875,,0,0,0,0,0,0,0,0,0,0,0,0,0,0,0,0,0,0,0,0,0,0,0,0,0
2013-07-22 15:00:00+00:00,60,7,15,,289.4530944824219,0,0,0,0,0,0,0,0,0,0,0,0,0,0,0,0,0,0,0,0,0,0,0,0,0
2013-07-22 15:00:00+00:00,60,7,15,,,0,0,0,0,0,0,0,0,0,0,0,0,0,0,0,0,0,0,0,0,0,0,0,0,0
2013-07-22 15:00:00+00:00,60,7,15,,,0,0,0,0,0,0,0,0,0,0,0,0,0,0,0,0,0,0,0,0,0,0,0,0,0
2013-07-22 15:00:00+00:00,60,7,15,370.6236267089844,427.8514099121094,0,0,0,0,0,0,0,0,0,0,0,0,0,0,0,0,0,0,0,0,0,0,0,0,0
2013-07-22 15:00:00+00:00,60,7,15,333.1679992675781,380.1396484375,0,0,0,0,0,0,0,0,0,0,0,0,0,0,0,0,1,0,0,0,0,0,0,0,0
2013-07-22 15:00:00+00:00,60,7,15,295.902587890625,39.56137466430664,0,0,0,0,0,0,0,0,0,0,0,0,0,0,0,1,1,0,0,0,0,0,1,1,1
2013-07-22 15:00:00+00:00,60,7,15,57.59893035888672,0.0,0,0,0,0,0,0,0,1,1,1,1,1,1,1,1,1,1,1,1,1,1,1,1,1,1
2013-07-22 15:00:00+00:00,60,7,15,177.49822998046875,125.93611907958984,0,0,0,0,0,0,0,0,0,0,0,0,1,1,1,1,1,0,0,0,0,0,0,0,0
2013-07-22 15:00:00+00:00,60,7,15,167.572265625,121.89035034179688,0,0,0,0,0,0,0,0,0,0,0,0,1,1,1,1,1,0,0,0,0,0,0,0,0
2013-07-22 15:00:00+00:00,60,7,15,,,0,0,0,0,0,0,0,0,0,0,0,0,0,0,0,0,0,0,0,0,0,0,0,0,0
2013-07-22 15:15:00+00:00,60,7,15,124.59345245361328,157.01788330078125,0,0,0,0,0,0,0,0,0,0,0,1,1,1,1,1,1,0,0,0,0,0,0,0,0
2013-07-22 15:15:00+00:00,60,7,15,72.09231567382812,15.971390724182129,0,0,0,0,0,0,0,0,1,1,1,1,1,1,1,1,1,0,0,1,1,1,1,1,1
2013-07-22 15:15:00+00:00,60,7,15,139.05064392089844,70.74574279785156,0,0,0,0,0,0,0,0,0,0,0,1,1,1,1,1,1,0,0,0,0,0,0,0,0
2013-07-22 15:15:00+00:00,60,7,15,,,0,0,0,0,0,0,0,0,0,0,0,0,0,0,0,0,0,0,0,0,0,0,0,0,0
2013-07-22 15:15:00+00:00,60,7,15,341.9074401855469,44.189517974853516,0,0,0,0,0,0,0,0,0,0,0,0,0,0,0,0,1,0,0,0,0,0,0,1,1
2013-07-22 15:15:00+00:00,60,7,15,97.01661682128906,62.08876419067383,0,0,0,0,0,0,0,0,0,1,1,1,1,1,1,1,1,0,0,0,0,0,0,0,0
2013-07-22 15:15:00+00:00,60,7,15,43.56785583496094,77.53361511230469,0,0,0,0,0,0,1,1,1,1,1,1,1,1,1,1,1,0,0,0,0,0,0,0,0
2013-07-22 15:15:00+00:00,60,7,15,41.36903381347656,0.0,0,0,0,0,0,0,1,1,1,1,1,1,1,1,1,1,1,1,1,1,1,1,1,1,1
2013-07-22 15:15:00+00:00,60,7,15,162.1843719482422,33.96127700805664,0,0,0,0,0,0,0,0,0,0,0,0,1,1,1,1,1,0,0,0,0,0,1,1,1
2013-07-22 15:15:00+00:00,60,7,15,202.11392211914062,185.39939880371094,0,0,0,0,0,0,0,0,0,0,0,0,0,0,1,1,1,0,0,0,0,0,0,0,0
2013-07-22 15:30:00+00:00,60,7,15,125.40302276611328,90.43841552734375,0,0,0,0,0,0,0,0,0,0,0,1,1,1,1,1,1,0,0,0,0,0,0,0,0
2013-07-22 15:30:00+00:00,60,7,15,,110.89407348632812,0,0,0,0,0,0,0,0,0,0,0,0,0,0,0,0,0,0,0,0,0,0,0,0,0
2013-07-22 15:30:00+00:00,60,7,15,499.99688720703125,75.69442749023438,0,0,0,0,0,0,0,0,0,0,0,0,0,0,0,0,0,0,0,0,0,0,0,0,0
2013-07-22 15:30:00+00:00,60,7,15,324.81866455078125,121.02660369873047,0,0,0,0,0,0,0,0,0,0,0,0,0,0,0,0,1,0,0,0,0,0,0,0,0
2013-07-22 15:30:00+00:00,60,7,15,,130.5543212890625,0,0,0,0,0,0,0,0,0,0,0,0,0,0,0,0,0,0,0,0,0,0,0,0,0
2013-07-22 15:30:00+00:00,60,7,15,149.18592834472656,61.03766632080078,0,0,0,0,0,0,0,0,0,0,0,1,1,1,1,1,1,0,0,0,0,0,0,0,0
2013-07-22 15:30:00+00:00,60,7,15,174.80352783203125,15.594017028808594,0,0,0,0,0,0,0,0,0,0,0,0,1,1,1,1,1,0,0,1,1,1,1,1,1
2013-07-22 15:30:00+00:00,60,7,15,72.87358856201172,0.0,0,0,0,0,0,0,0,0,1,1,1,1,1,1,1,1,1,1,1,1,1,1,1,1,1
2013-07-22 15:30:00+00:00,60,7,15,351.8365783691406,391.8177795410156,0,0,0,0,0,0,0,0,0,0,0,0,0,0,0,0,0,0,0,0,0,0,0,0,0
2013-07-22 15:30:00+00:00,60,7,15,244.42633056640625,299.5148620605469,0,0,0,0,0,0,0,0,0,0,0,0,0,0,1,1,1,0,0,0,0,0,0,0,0
2013-07-22 15:30:00+00:00,60,7,15,190.4288330078125,203.50375366210938,0,0,0,0,0,0,0,0,0,0,0,0,0,1,1,1,1,0,0,0,0,0,0,0,0
2013-07-22 15:30:00+00:00,60,7,15,58.37843322753906,34.553741455078125,0,0,0,0,0,0,0,1,1,1,1,1,1,1,1,1,1,0,0,0,0,0,1,1,1
2013-07-22 15:45:00+00:00,60,7,15,,,0,0,0,0,0,0,0,0,0,0,0,0,0,0,0,0,0,0,0,0,0,0,0,0,0
2013-07-22 15:45:00+00:00,60,7,15,,143.59774780273438,0,0,0,0,0,0,0,0,0,0,0,0,0,0,0,0,0,0,0,0,0,0,0,0,0
2013-07-22 15:45:00+00:00,60,7,15,132.1863555908203,115.3674545288086,0,0,0,0,0,0,0,0,0,0,0,1,1,1,1,1,1,0,0,0,0,0,0,0,0
2013-07-22 15:45:00+00:00,60,7,15,,13.49446964263916,0,0,0,0,0,0,0,0,0,0,0,0,0,0,0,0,0,0,1,1,1,1,1,1,1
2013-07-22 15:45:00+00:00,60,7,15,201.9507598876953,23.626571655273438,0,0,0,0,0,0,0,0,0,0,0,0,0,0,1,1,1,0,0,0,1,1,1,1,1
2013-07-22 15:45:00+00:00,60,7,15,176.22171020507812,22.176231384277344,0,0,0,0,0,0,0,0,0,0,0,0,1,1,1,1,1,0,0,0,1,1,1,1,1
2013-07-22 16:00:00+00:00,60,7,16,134.72132873535156,233.5531768798828,0,0,0,0,0,0,0,0,0,0,0,1,1,1,1,1,1,0,0,0,0,0,0,0,0
2013-07-22 16:00:00+00:00,60,7,16,73.4201431274414,26.11760902404785,0,0,0,0,0,0,0,0,1,1,1,1,1,1,1,1,1,0,0,0,0,1,1,1,1
2013-07-22 16:00:00+00:00,60,7,16,66.08448028564453,199.931884765625,0,0,0,0,0,0,0,0,1,1,1,1,1,1,1,1,1,0,0,0,0,0,0,0,0
2013-07-22 16:00:00+00:00,60,7,16,148.33670043945312,104.71497344970703,0,0,0,0,0,0,0,0,0,0,0,1,1,1,1,1,1,0,0,0,0,0,0,0,0
2013-07-22 16:00:00+00:00,60,7,16,120.31183624267578,104.2977066040039,0,0,0,0,0,0,0,0,0,0,0,1,1,1,1,1,1,0,0,0,0,0,0,0,0
2013-07-22 16:00:00+00:00,60,7,16,98.81505584716797,25.769210815429688,0,0,0,0,0,0,0,0,0,1,1,1,1,1,1,1,1,0,0,0,0,1,1,1,1
2013-07-22 16:00:00+00:00,60,7,16,85.21173858642578,112.51338958740234,0,0,0,0,0,0,0,0,0,1,1,1,1,1,1,1,1,0,0,0,0,0,0,0,0
2013-07-22 16:00:00+00:00,60,7,16,100.00504302978516,128.10562133789062,0,0,0,0,0,0,0,0,0,0,1,1,1,1,1,1,1,0,0,0,0,0,0,0,0
2013-07-22 16:15:00+00:00,60,7,16,216.04190063476562,188.48779296875,0,0,0,0,0,0,0,0,0,0,0,0,0,0,1,1,1,0,0,0,0,0,0,0,0
2013-07-22 16:15:00+00:00,60,7,16,188.73915100097656,150.59515380859375,0,0,0,0,0,0,0,0,0,0,0,0,0,1,1,1,1,0,0,0,0,0,0,0,0
2013-07-22 16:15:00+00:00,60,7,16,,,0,0,0,0,0,0,0,0,0,0,0,0,0,0,0,0,0,0,0,0,0,0,0,0,0
2013-07-22 16:15:00+00:00,60,7,16,363.42742919921875,347.5176696777344,0,0,0,0,0,0,0,0,0,0,0,0,0,0,0,0,0,0,0,0,0,0,0,0,0
2013-07-22 16:15:00+00:00,60,7,16,,,0,0,0,0,0,0,0,0,0,0,0,0,0,0,0,0,0,0,0,0,0,0,0,0,0
2013-07-22 16:15:00+00:00,60,7,16,100.79114532470703,95.00112915039062,0,0,0,0,0,0,0,0,0,0,1,1,1,1,1,1,1,0,0,0,0,0,0,0,0
2013-07-22 16:15:00+00:00,60,7,16,133.61544799804688,0.0,0,0,0,0,0,0,0,0,0,0,0,1,1,1,1,1,1,1,1,1,1,1,1,1,1
2013-07-22 16:15:00+00:00,60,7,16,125.71017456054688,160.61924743652344,0,0,0,0,0,0,0,0,0,0,0,1,1,1,1,1,1,0,0,0,0,0,0,0,0
2013-07-22 16:30:00+00:00,60,7,16,205.28419494628906,3.108729124069214,0,0,0,0,0,0,0,0,0,0,0,0,0,0,1,1,1,1,1,1,1,1,1,1,1
2013-07-22 16:30:00+00:00,60,7,16,123.11846923828125,76.707275390625,0,0,0,0,0,0,0,0,0,0,0,1,1,1,1,1,1,0,0,0,0,0,0,0,0
2013-07-22 16:45:00+00:00,60,7,16,178.380859375,154.1548614501953,0,0,0,0,0,0,0,0,0,0,0,0,1,1,1,1,1,0,0,0,0,0,0,0,0
2013-07-22 16:45:00+00:00,60,7,16,,,0,0,0,0,0,0,0,0,0,0,0,0,0,0,0,0,0,0,0,0,0,0,0,0,0
2013-07-22 16:45:00+00:00,60,7,16,380.7644348144531,367.6521911621094,0,0,0,0,0,0,0,0,0,0,0,0,0,0,0,0,0,0,0,0,0,0,0,0,0
2013-07-22 16:45:00+00:00,60,7,16,303.9122009277344,160.50062561035156,0,0,0,0,0,0,0,0,0,0,0,0,0,0,0,0,1,0,0,0,0,0,0,0,0
2013-07-22 16:45:00+00:00,60,7,16,162.1100616455078,144.56787109375,0,0,0,0,0,0,0,0,0,0,0,0,1,1,1,1,1,0,0,0,0,0,0,0,0
2013-07-22 16:45:00+00:00,60,7,16,189.68470764160156,67.33171844482422,0,0,0,0,0,0,0,0,0,0,0,0,0,1,1,1,1,0,0,0,0,0,0,0,0
2013-07-22 17:00:00+00:00,60,7,17,,,0,0,0,0,0,0,0,0,0,0,0,0,0,0,0,0,0,0,0,0,0,0,0,0,0
2013-07-22 17:00:00+00:00,60,7,17,269.5819396972656,95.19685363769531,0,0,0,0,0,0,0,0,0,0,0,0,0,0,0,1,1,0,0,0,0,0,0,0,0
2013-07-22 17:00:00+00:00,60,7,17,236.88290405273438,236.21290588378906,0,0,0,0,0,0,0,0,0,0,0,0,0,0,1,1,1,0,0,0,0,0,0,0,0
2013-07-22 17:00:00+00:00,60,7,17,84.1015396118164,216.55514526367188,0,0,0,0,0,0,0,0,0,1,1,1,1,1,1,1,1,0,0,0,0,0,0,0,0
2013-07-22 17:00:00+00:00,60,7,17,58.154449462890625,48.415470123291016,0,0,0,0,0,0,0,1,1,1,1,1,1,1,1,1,1,0,0,0,0,0,0,1,1
2013-07-22 17:15:00+00:00,60,7,17,55.68036651611328,62.80256652832031,0,0,0,0,0,0,0,1,1,1,1,1,1,1,1,1,1,0,0,0,0,0,0,0,0
2013-07-22 17:15:00+00:00,60,7,17,51.04631042480469,6.37403678894043,0,0,0,0,0,0,0,1,1,1,1,1,1,1,1,1,1,1,1,1,1,1,1,1,1
2013-07-22 17:30:00+00:00,60,7,17,297.0342712402344,284.1397399902344,0,0,0,0,0,0,0,0,0,0,0,0,0,0,0,1,1,0,0,0,0,0,0,0,0
2013-07-22 17:30:00+00:00,60,7,17,231.58921813964844,265.05950927734375,0,0,0,0,0,0,0,0,0,0,0,0,0,0,1,1,1,0,0,0,0,0,0,0,0
2013-07-22 17:30:00+00:00,60,7,17,149.9103546142578,91.09284210205078,0,0,0,0,0,0,0,0,0,0,0,1,1,1,1,1,1,0,0,0,0,0,0,0,0
2013-07-22 17:45:00+00:00,60,7,17,43.53611755371094,,0,0,0,0,0,0,1,1,1,1,1,1,1,1,1,1,1,0,0,0,0,0,0,0,0
2013-07-22 17:45:00+00:00,60,7,17,302.0213317871094,343.5964660644531,0,0,0,0,0,0,0,0,0,0,0,0,0,0,0,0,1,0,0,0,0,0,0,0,0
2013-07-22 17:45:00+00:00,60,7,17,,,0,0,0,0,0,0,0,0,0,0,0,0,0,0,0,0,0,0,0,0,0,0,0,0,0
2013-07-22 17:45:00+00:00,60,7,17,310.8409118652344,,0,0,0,0,0,0,0,0,0,0,0,0,0,0,0,0,1,0,0,0,0,0,0,0,0
2013-07-22 17:45:00+00:00,60,7,17,31.30356788635254,10.034111976623535,0,0,0,0,0,1,1,1,1,1,1,1,1,1,1,1,1,0,1,1,1,1,1,1,1
2013-07-23 10:00:00+00:00,60,7,10,101.85204315185547,50.36385726928711,0,0,0,0,0,0,0,0,0,0,1,1,1,1,1,1,1,0,0,0,0,0,0,0,1
2013-07-23 10:00:00+00:00,60,7,10,,,0,0,0,0,0,0,0,0,0,0,0,0,0,0,0,0,0,0,0,0,0,0,0,0,0
2013-07-23 10:00:00+00:00,60,7,10,,,0,0,0,0,0,0,0,0,0,0,0,0,0,0,0,0,0,0,0,0,0,0,0,0,0
2013-07-23 10:00:00+00:00,60,7,10,,,0,0,0,0,0,0,0,0,0,0,0,0,0,0,0,0,0,0,0,0,0,0,0,0,0
2013-07-23 10:00:00+00:00,60,7,10,,,0,0,0,0,0,0,0,0,0,0,0,0,0,0,0,0,0,0,0,0,0,0,0,0,0
2013-07-23 10:15:00+00:00,60,7,10,252.57412719726562,189.79872131347656,0,0,0,0,0,0,0,0,0,0,0,0,0,0,0,1,1,0,0,0,0,0,0,0,0
2013-07-23 10:15:00+00:00,60,7,10,377.9961242675781,362.7314453125,0,0,0,0,0,0,0,0,0,0,0,0,0,0,0,0,0,0,0,0,0,0,0,0,0
2013-07-23 10:15:00+00:00,60,7,10,,,0,0,0,0,0,0,0,0,0,0,0,0,0,0,0,0,0,0,0,0,0,0,0,0,0
2013-07-23 10:30:00+00:00,60,7,10,209.9925994873047,93.04669189453125,0,0,0,0,0,0,0,0,0,0,0,0,0,0,1,1,1,0,0,0,0,0,0,0,0
2013-07-23 10:30:00+00:00,60,7,10,,,0,0,0,0,0,0,0,0,0,0,0,0,0,0,0,0,0,0,0,0,0,0,0,0,0
2013-07-23 10:30:00+00:00,60,7,10,,171.68446350097656,0,0,0,0,0,0,0,0,0,0,0,0,0,0,0,0,0,0,0,0,0,0,0,0,0
2013-07-23 10:45:00+00:00,60,7,10,,,0,0,0,0,0,0,0,0,0,0,0,0,0,0,0,0,0,0,0,0,0,0,0,0,0
2013-07-23 10:45:00+00:00,60,7,10,139.3048858642578,124.06794738769531,0,0,0,0,0,0,0,0,0,0,0,1,1,1,1,1,1,0,0,0,0,0,0,0,0
2013-07-23 10:45:00+00:00,60,7,10,27.93190574645996,0.0,0,0,0,0,1,1,1,1,1,1,1,1,1,1,1,1,1,1,1,1,1,1,1,1,1
2013-07-23 10:45:00+00:00,60,7,10,,,0,0,0,0,0,0,0,0,0,0,0,0,0,0,0,0,0,0,0,0,0,0,0,0,0
2013-07-23 10:45:00+00:00,60,7,10,,396.4540710449219,0,0,0,0,0,0,0,0,0,0,0,0,0,0,0,0,0,0,0,0,0,0,0,0,0
2013-07-23 10:45:00+00:00,60,7,10,339.5364074707031,232.33956909179688,0,0,0,0,0,0,0,0,0,0,0,0,0,0,0,0,1,0,0,0,0,0,0,0,0
2013-07-23 11:00:00+00:00,60,7,11,,365.76654052734375,0,0,0,0,0,0,0,0,0,0,0,0,0,0,0,0,0,0,0,0,0,0,0,0,0
2013-07-23 11:00:00+00:00,60,7,11,,,0,0,0,0,0,0,0,0,0,0,0,0,0,0,0,0,0,0,0,0,0,0,0,0,0
2013-07-23 11:00:00+00:00,60,7,11,,373.06854248046875,0,0,0,0,0,0,0,0,0,0,0,0,0,0,0,0,0,0,0,0,0,0,0,0,0
2013-07-23 11:00:00+00:00,60,7,11,164.17684936523438,121.66840362548828,0,0,0,0,0,0,0,0,0,0,0,0,1,1,1,1,1,0,0,0,0,0,0,0,0
2013-07-23 11:00:00+00:00,60,7,11,,,0,0,0,0,0,0,0,0,0,0,0,0,0,0,0,0,0,0,0,0,0,0,0,0,0
2013-07-23 11:00:00+00:00,60,7,11,,,0,0,0,0,0,0,0,0,0,0,0,0,0,0,0,0,0,0,0,0,0,0,0,0,0
2013-07-23 11:15:00+00:00,60,7,11,,,0,0,0,0,0,0,0,0,0,0,0,0,0,0,0,0,0,0,0,0,0,0,0,0,0
2013-07-23 11:15:00+00:00,60,7,11,222.93820190429688,235.46630859375,0,0,0,0,0,0,0,0,0,0,0,0,0,0,1,1,1,0,0,0,0,0,0,0,0
2013-07-23 11:15:00+00:00,60,7,11,,,0,0,0,0,0,0,0,0,0,0,0,0,0,0,0,0,0,0,0,0,0,0,0,0,0
2013-07-23 11:15:00+00:00,60,7,11,,399.98480224609375,0,0,0,0,0,0,0,0,0,0,0,0,0,0,0,0,0,0,0,0,0,0,0,0,0
2013-07-23 11:15:00+00:00,60,7,11,290.51593017578125,13.04694938659668,0,0,0,0,0,0,0,0,0,0,0,0,0,0,0,1,1,0,1,1,1,1,1,1,1
2013-07-23 11:15:00+00:00,60,7,11,225.48165893554688,95.94513702392578,0,0,0,0,0,0,0,0,0,0,0,0,0,0,1,1,1,0,0,0,0,0,0,0,0
2013-07-23 11:15:00+00:00,60,7,11,238.37330627441406,87.9978256225586,0,0,0,0,0,0,0,0,0,0,0,0,0,0,1,1,1,0,0,0,0,0,0,0,0
2013-07-23 11:15:00+00:00,60,7,11,,405.3057556152344,0,0,0,0,0,0,0,0,0,0,0,0,0,0,0,0,0,0,0,0,0,0,0,0,0
2013-07-23 11:15:00+00:00,60,7,11,,13.689765930175781,0,0,0,0,0,0,0,0,0,0,0,0,0,0,0,0,0,0,1,1,1,1,1,1,1
2013-07-23 11:15:00+00:00,60,7,11,,0.0,0,0,0,0,0,0,0,0,0,0,0,0,0,0,0,0,0,1,1,1,1,1,1,1,1
2013-07-23 11:15:00+00:00,60,7,11,,230.23207092285156,0,0,0,0,0,0,0,0,0,0,0,0,0,0,0,0,0,0,0,0,0,0,0,0,0
2013-07-23 11:15:00+00:00,60,7,11,127.8858413696289,,0,0,0,0,0,0,0,0,0,0,0,1,1,1,1,1,1,0,0,0,0,0,0,0,0
2013-07-23 11:15:00+00:00,60,7,11,,693.5131225585938,0,0,0,0,0,0,0,0,0,0,0,0,0,0,0,0,0,0,0,0,0,0,0,0,0
2013-07-23 11:30:00+00:00,60,7,11,91.23439025878906,62.28615188598633,0,0,0,0,0,0,0,0,0,1,1,1,1,1,1,1,1,0,0,0,0,0,0,0,0
2013-07-23 11:30:00+00:00,60,7,11,,,0,0,0,0,0,0,0,0,0,0,0,0,0,0,0,0,0,0,0,0,0,0,0,0,0
2013-07-23 11:30:00+00:00,60,7,11,,,0,0,0,0,0,0,0,0,0,0,0,0,0,0,0,0,0,0,0,0,0,0,0,0,0
2013-07-23 11:30:00+00:00,60,7,11,,,0,0,0,0,0,0,0,0,0,0,0,0,0,0,0,0,0,0,0,0,0,0,0,0,0
2013-07-23 11:30:00+00:00,60,7,11,393.66009521484375,103.6001968383789,0,0,0,0,0,0,0,0,0,0,0,0,0,0,0,0,0,0,0,0,0,0,0,0,0
2013-07-23 11:30:00+00:00,60,7,11,308.16522216796875,136.28076171875,0,0,0,0,0,0,0,0,0,0,0,0,0,0,0,0,1,0,0,0,0,0,0,0,0
2013-07-23 11:30:00+00:00,60,7,11,,212.36285400390625,0,0,0,0,0,0,0,0,0,0,0,0,0,0,0,0,0,0,0,0,0,0,0,0,0
2013-07-23 11:30:00+00:00,60,7,11,281.1543884277344,48.18525314331055,0,0,0,0,0,0,0,0,0,0,0,0,0,0,0,1,1,0,0,0,0,0,0,1,1
2013-07-23 11:30:00+00:00,60,7,11,,719.2754516601562,0,0,0,0,0,0,0,0,0,0,0,0,0,0,0,0,0,0,0,0,0,0,0,0,0
2013-07-23 11:30:00+00:00,60,7,11,,3.174677610397339,0,0,0,0,0,0,0,0,0,0,0,0,0,0,0,0,0,1,1,1,1,1,1,1,1
2013-07-23 11:30:00+00:00,60,7,11,,458.4490051269531,0,0,0,0,0,0,0,0,0,0,0,0,0,0,0,0,0,0,0,0,0,0,0,0,0
2013-07-23 11:30:00+00:00,60,7,11,128.98973083496094,,0,0,0,0,0,0,0,0,0,0,0,1,1,1,1,1,1,0,0,0,0,0,0,0,0
2013-07-23 11:45:00+00:00,60,7,11,,,0,0,0,0,0,0,0,0,0,0,0,0,0,0,0,0,0,0,0,0,0,0,0,0,0
2013-07-23 11:45:00+00:00,60,7,11,126.30701446533203,94.2245864868164,0,0,0,0,0,0,0,0,0,0,0,1,1,1,1,1,1,0,0,0,0,0,0,0,0
2013-07-23 11:45:00+00:00,60,7,11,,390.95538330078125,0,0,0,0,0,0,0,0,0,0,0,0,0,0,0,0,0,0,0,0,0,0,0,0,0
2013-07-23 11:45:00+00:00,60,7,11,346.2373046875,90.6885986328125,0,0,0,0,0,0,0,0,0,0,0,0,0,0,0,0,1,0,0,0,0,0,0,0,0
2013-07-23 11:45:00+00:00,60,7,11,76.05722045898438,63.269752502441406,0,0,0,0,0,0,0,0,1,1,1,1,1,1,1,1,1,0,0,0,0,0,0,0,0
2013-07-23 11:45:00+00:00,60,7,11,,224.6876220703125,0,0,0,0,0,0,0,0,0,0,0,0,0,0,0,0,0,0,0,0,0,0,0,0,0
2013-07-23 11:45:00+00:00,60,7,11,259.0875549316406,6.206584453582764,0,0,0,0,0,0,0,0,0,0,0,0,0,0,0,1,1,1,1,1,1,1,1,1,1
2013-07-23 11:45:00+00:00,60,7,11,271.9423828125,209.6704864501953,0,0,0,0,0,0,0,0,0,0,0,0,0,0,0,1,1,0,0,0,0,0,0,0,0
2013-07-23 11:45:00+00:00,60,7,11,28.598588943481445,0.0,0,0,0,0,1,1,1,1,1,1,1,1,1,1,1,1,1,1,1,1,1,1,1,1,1
2013-07-23 11:45:00+00:00,60,7,11,9.530029296875,0.0,1,1,1,1,1,1,1,1,1,1,1,1,1,1,1,1,1,1,1,1,1,1,1,1,1
2013-07-23 11:45:00+00:00,60,7,11,,612.5670776367188,0,0,0,0,0,0,0,0,0,0,0,0,0,0,0,0,0,0,0,0,0,0,0,0,0
2013-07-23 12:00:00+00:00,60,7,12,111.66532897949219,73.83563995361328,0,0,0,0,0,0,0,0,0,0,1,1,1,1,1,1,1,0,0,0,0,0,0,0,0
2013-07-23 12:00:00+00:00,60,7,12,,,0,0,0,0,0,0,0,0,0,0,0,0,0,0,0,0,0,0,0,0,0,0,0,0,0
2013-07-23 12:00:00+00:00,60,7,12,,,0,0,0,0,0,0,0,0,0,0,0,0,0,0,0,0,0,0,0,0,0,0,0,0,0
2013-07-23 12:00:00+00:00,60,7,12,,31.684213638305664,0,0,0,0,0,0,0,0,0,0,0,0,0,0,0,0,0,0,0,0,0,0,1,1,1
2013-07-23 12:00:00+00:00,60,7,12,,,0,0,0,0,0,0,0,0,0,0,0,0,0,0,0,0,0,0,0,0,0,0,0,0,0
2013-07-23 12:00:00+00:00,60,7,12,312.813720703125,178.8070831298828,0,0,0,0,0,0,0,0,0,0,0,0,0,0,0,0,1,0,0,0,0,0,0,0,0
2013-07-23 12:00:00+00:00,60,7,12,183.2210235595703,28.018741607666016,0,0,0,0,0,0,0,0,0,0,0,0,0,1,1,1,1,0,0,0,0,1,1,1,1
2013-07-23 12:00:00+00:00,60,7,12,,,0,0,0,0,0,0,0,0,0,0,0,0,0,0,0,0,0,0,0,0,0,0,0,0,0
2013-07-23 12:00:00+00:00,60,7,12,,584.09228515625,0,0,0,0,0,0,0,0,0,0,0,0,0,0,0,0,0,0,0,0,0,0,0,0,0
2013-07-23 12:00:00+00:00,60,7,12,101.66470336914062,10.90719223022461,0,0,0,0,0,0,0,0,0,0,1,1,1,1,1,1,1,0,1,1,1,1,1,1,1
2013-07-23 12:00:00+00:00,60,7,12,,,0,0,0,0,0,0,0,0,0,0,0,0,0,0,0,0,0,0,0,0,0,0,0,0,0
2013-07-23 12:00:00+00:00,60,7,12,,461.7850341796875,0,0,0,0,0,0,0,0,0,0,0,0,0,0,0,0,0,0,0,0,0,0,0,0,0
2013-07-23 12:15:00+00:00,60,7,12,,9.222160339355469,0,0,0,0,0,0,0,0,0,0,0,0,0,0,0,0,0,1,1,1,1,1,1,1,1
2013-07-23 12:15:00+00:00,60,7,12,72.21998596191406,0.0,0,0,0,0,0,0,0,0,1,1,1,1,1,1,1,1,1,1,1,1,1,1,1,1,1
2013-07-23 12:15:00+00:00,60,7,12,503.2679138183594,414.71905517578125,0,0,0,0,0,0,0,0,0,0,0,0,0,0,0,0,0,0,0,0,0,0,0,0,0
2013-07-23 12:15:00+00:00,60,7,12,392.68548583984375,298.9161071777344,0,0,0,0,0,0,0,0,0,0,0,0,0,0,0,0,0,0,0,0,0,0,0,0,0
2013-07-23 12:15:00+00:00,60,7,12,,,0,0,0,0,0,0,0,0,0,0,0,0,0,0,0,0,0,0,0,0,0,0,0,0,0
2013-07-23 12:15:00+00:00,60,7,12,,478.97833251953125,0,0,0,0,0,0,0,0,0,0,0,0,0,0,0,0,0,0,0,0,0,0,0,0,0
2013-07-23 12:15:00+00:00,60,7,12,,,0,0,0,0,0,0,0,0,0,0,0,0,0,0,0,0,0,0,0,0,0,0,0,0,0
2013-07-23 12:15:00+00:00,60,7,12,302.2911376953125,0.0,0,0,0,0,0,0,0,0,0,0,0,0,0,0,0,0,1,1,1,1,1,1,1,1,1
2013-07-23 12:15:00+00:00,60,7,12,254.0105438232422,313.64300537109375,0,0,0,0,0,0,0,0,0,0,0,0,0,0,0,1,1,0,0,0,0,0,0,0,0
2013-07-23 12:15:00+00:00,60,7,12,46.05836486816406,0.0,0,0,0,0,0,0,1,1,1,1,1,1,1,1,1,1,1,1,1,1,1,1,1,1,1
2013-07-23 12:30:00+00:00,60,7,12,329.3311767578125,210.99913024902344,0,0,0,0,0,0,0,0,0,0,0,0,0,0,0,0,1,0,0,0,0,0,0,0,0
2013-07-23 12:30:00+00:00,60,7,12,,344.8992614746094,0,0,0,0,0,0,0,0,0,0,0,0,0,0,0,0,0,0,0,0,0,0,0,0,0
2013-07-23 12:30:00+00:00,60,7,12,,342.17364501953125,0,0,0,0,0,0,0,0,0,0,0,0,0,0,0,0,0,0,0,0,0,0,0,0,0
2013-07-23 12:30:00+00:00,60,7,12,,,0,0,0,0,0,0,0,0,0,0,0,0,0,0,0,0,0,0,0,0,0,0,0,0,0
2013-07-23 12:30:00+00:00,60,7,12,371.268798828125,123.9187240600586,0,0,0,0,0,0,0,0,0,0,0,0,0,0,0,0,0,0,0,0,0,0,0,0,0
2013-07-23 12:30:00+00:00,60,7,12,333.985107421875,159.52151489257812,0,0,0,0,0,0,0,0,0,0,0,0,0,0,0,0,1,0,0,0,0,0,0,0,0
2013-07-23 12:30:00+00:00,60,7,12,229.6136932373047,180.3970489501953,0,0,0,0,0,0,0,0,0,0,0,0,0,0,1,1,1,0,0,0,0,0,0,0,0
2013-07-23 12:30:00+00:00,60,7,12,95.79452514648438,45.5097541809082,0,0,0,0,0,0,0,0,0,1,1,1,1,1,1,1,1,0,0,0,0,0,0,1,1
2013-07-23 12:30:00+00:00,60,7,12,114.25027465820312,3.0900137424468994,0,0,0,0,0,0,0,0,0,0,1,1,1,1,1,1,1,1,1,1,1,1,1,1,1
2013-07-23 12:30:00+00:00,60,7,12,,,0,0,0,0,0,0,0,0,0,0,0,0,0,0,0,0,0,0,0,0,0,0,0,0,0
2013-07-23 12:30:00+00:00,60,7,12,207.2037353515625,280.1091003417969,0,0,0,0,0,0,0,0,0,0,0,0,0,0,1,1,1,0,0,0,0,0,0,0,0
2013-07-23 12:30:00+00:00,60,7,12,72.19290924072266,54.3670654296875,0,0,0,0,0,0,0,0,1,1,1,1,1,1,1,1,1,0,0,0,0,0,0,0,1
2013-07-23 12:30:00+00:00,60,7,12,684.3912353515625,363.4725341796875,0,0,0,0,0,0,0,0,0,0,0,0,0,0,0,0,0,0,0,0,0,0,0,0,0
2013-07-23 12:30:00+00:00,60,7,12,98.95990753173828,110.61488342285156,0,0,0,0,0,0,0,0,0,1,1,1,1,1,1,1,1,0,0,0,0,0,0,0,0
2013-07-23 12:45:00+00:00,60,7,12,,222.8277130126953,0,0,0,0,0,0,0,0,0,0,0,0,0,0,0,0,0,0,0,0,0,0,0,0,0
2013-07-23 12:45:00+00:00,60,7,12,,348.2655944824219,0,0,0,0,0,0,0,0,0,0,0,0,0,0,0,0,0,0,0,0,0,0,0,0,0
2013-07-23 12:45:00+00:00,60,7,12,,,0,0,0,0,0,0,0,0,0,0,0,0,0,0,0,0,0,0,0,0,0,0,0,0,0
2013-07-23 12:45:00+00:00,60,7,12,98.07070922851562,107.44977569580078,0,0,0,0,0,0,0,0,0,1,1,1,1,1,1,1,1,0,0,0,0,0,0,0,0
2013-07-23 12:45:00+00:00,60,7,12,73.36369323730469,17.12529182434082,0,0,0,0,0,0,0,0,1,1,1,1,1,1,1,1,1,0,0,1,1,1,1,1,1
2013-07-23 12:45:00+00:00,60,7,12,124.20256042480469,178.45130920410156,0,0,0,0,0,0,0,0,0,0,0,1,1,1,1,1,1,0,0,0,0,0,0,0,0
2013-07-23 12:45:00+00:00,60,7,12,355.9110107421875,,0,0,0,0,0,0,0,0,0,0,0,0,0,0,0,0,0,0,0,0,0,0,0,0,0
2013-07-23 12:45:00+00:00,60,7,12,264.16949462890625,13.36489200592041,0,0,0,0,0,0,0,0,0,0,0,0,0,0,0,1,1,0,1,1,1,1,1,1,1
2013-07-23 12:45:00+00:00,60,7,12,161.4669189453125,71.36666870117188,0,0,0,0,0,0,0,0,0,0,0,0,1,1,1,1,1,0,0,0,0,0,0,0,0
2013-07-23 13:00:00+00:00,60,7,13,119.17123413085938,7.032764434814453,0,0,0,0,0,0,0,0,0,0,1,1,1,1,1,1,1,1,1,1,1,1,1,1,1
2013-07-23 13:00:00+00:00,60,7,13,275.3445739746094,139.10769653320312,0,0,0,0,0,0,0,0,0,0,0,0,0,0,0,1,1,0,0,0,0,0,0,0,0
2013-07-23 13:00:00+00:00,60,7,13,279.1554870605469,259.55230712890625,0,0,0,0,0,0,0,0,0,0,0,0,0,0,0,1,1,0,0,0,0,0,0,0,0
2013-07-23 13:00:00+00:00,60,7,13,269.6294250488281,281.25030517578125,0,0,0,0,0,0,0,0,0,0,0,0,0,0,0,1,1,0,0,0,0,0,0,0,0
2013-07-23 13:00:00+00:00,60,7,13,223.76437377929688,347.5119934082031,0,0,0,0,0,0,0,0,0,0,0,0,0,0,1,1,1,0,0,0,0,0,0,0,0
2013-07-23 13:00:00+00:00,60,7,13,336.62835693359375,228.40597534179688,0,0,0,0,0,0,0,0,0,0,0,0,0,0,0,0,1,0,0,0,0,0,0,0,0
2013-07-23 13:00:00+00:00,60,7,13,56.629547119140625,50.049407958984375,0,0,0,0,0,0,0,1,1,1,1,1,1,1,1,1,1,0,0,0,0,0,0,0,1
2013-07-23 13:00:00+00:00,60,7,13,364.3573303222656,260.54034423828125,0,0,0,0,0,0,0,0,0,0,0,0,0,0,0,0,0,0,0,0,0,0,0,0,0
2013-07-23 13:00:00+00:00,60,7,13,99.425537109375,133.49855041503906,0,0,0,0,0,0,0,0,0,1,1,1,1,1,1,1,1,0,0,0,0,0,0,0,0
2013-07-23 13:00:00+00:00,60,7,13,463.03363037109375,442.5896911621094,0,0,0,0,0,0,0,0,0,0,0,0,0,0,0,0,0,0,0,0,0,0,0,0,0
2013-07-23 13:00:00+00:00,60,7,13,65.1897201538086,217.8831329345703,0,0,0,0,0,0,0,0,1,1,1,1,1,1,1,1,1,0,0,0,0,0,0,0,0
2013-07-23 13:00:00+00:00,60,7,13,371.5083312988281,181.73741149902344,0,0,0,0,0,0,0,0,0,0,0,0,0,0,0,0,0,0,0,0,0,0,0,0,0
2013-07-23 13:15:00+00:00,60,7,13,250.55662536621094,180.8000946044922,0,0,0,0,0,0,0,0,0,0,0,0,0,0,0,1,1,0,0,0,0,0,0,0,0
2013-07-23 13:15:00+00:00,60,7,13,,203.7172393798828,0,0,0,0,0,0,0,0,0,0,0,0,0,0,0,0,0,0,0,0,0,0,0,0,0
2013-07-23 13:15:00+00:00,60,7,13,350.8274230957031,278.9038391113281,0,0,0,0,0,0,0,0,0,0,0,0,0,0,0,0,0,0,0,0,0,0,0,0,0
2013-07-23 13:15:00+00:00,60,7,13,46.068546295166016,0.0,0,0,0,0,0,0,1,1,1,1,1,1,1,1,1,1,1,1,1,1,1,1,1,1,1
2013-07-23 13:15:00+00:00,60,7,13,123.31458282470703,140.28843688964844,0,0,0,0,0,0,0,0,0,0,0,1,1,1,1,1,1,0,0,0,0,0,0,0,0
2013-07-23 13:15:00+00:00,60,7,13,386.3977355957031,3.2099342346191406,0,0,0,0,0,0,0,0,0,0,0,0,0,0,0,0,0,1,1,1,1,1,1,1,1
2013-07-23 13:15:00+00:00,60,7,13,199.3917694091797,297.3148193359375,0,0,0,0,0,0,0,0,0,0,0,0,0,1,1,1,1,0,0,0,0,0,0,0,0
2013-07-23 13:30:00+00:00,60,7,13,286.47796630859375,202.65240478515625,0,0,0,0,0,0,0,0,0,0,0,0,0,0,0,1,1,0,0,0,0,0,0,0,0
2013-07-23 13:30:00+00:00,60,7,13,435.337158203125,459.88006591796875,0,0,0,0,0,0,0,0,0,0,0,0,0,0,0,0,0,0,0,0,0,0,0,0,0
2013-07-23 13:30:00+00:00,60,7,13,161.61907958984375,185.3161163330078,0,0,0,0,0,0,0,0,0,0,0,0,1,1,1,1,1,0,0,0,0,0,0,0,0
2013-07-23 13:30:00+00:00,60,7,13,121.05218505859375,58.442466735839844,0,0,0,0,0,0,0,0,0,0,0,1,1,1,1,1,1,0,0,0,0,0,0,0,1
2013-07-23 13:30:00+00:00,60,7,13,85.6132583618164,98.82518768310547,0,0,0,0,0,0,0,0,0,1,1,1,1,1,1,1,1,0,0,0,0,0,0,0,0
2013-07-23 13:30:00+00:00,60,7,13,461.8990478515625,484.08197021484375,0,0,0,0,0,0,0,0,0,0,0,0,0,0,0,0,0,0,0,0,0,0,0,0,0
2013-07-23 13:30:00+00:00,60,7,13,,431.8893737792969,0,0,0,0,0,0,0,0,0,0,0,0,0,0,0,0,0,0,0,0,0,0,0,0,0
2013-07-23 13:30:00+00:00,60,7,13,123.38410949707031,63.68999099731445,0,0,0,0,0,0,0,0,0,0,0,1,1,1,1,1,1,0,0,0,0,0,0,0,0
2013-07-23 13:30:00+00:00,60,7,13,279.1676940917969,,0,0,0,0,0,0,0,0,0,0,0,0,0,0,0,1,1,0,0,0,0,0,0,0,0
2013-07-23 13:45:00+00:00,60,7,13,220.90243530273438,170.98353576660156,0,0,0,0,0,0,0,0,0,0,0,0,0,0,1,1,1,0,0,0,0,0,0,0,0
2013-07-23 13:45:00+00:00,60,7,13,424.6598205566406,437.9934387207031,0,0,0,0,0,0,0,0,0,0,0,0,0,0,0,0,0,0,0,0,0,0,0,0,0
2013-07-23 13:45:00+00:00,60,7,13,184.27000427246094,200.58438110351562,0,0,0,0,0,0,0,0,0,0,0,0,0,1,1,1,1,0,0,0,0,0,0,0,0
2013-07-23 13:45:00+00:00,60,7,13,,,0,0,0,0,0,0,0,0,0,0,0,0,0,0,0,0,0,0,0,0,0,0,0,0,0
2013-07-23 13:45:00+00:00,60,7,13,254.35736083984375,206.18861389160156,0,0,0,0,0,0,0,0,0,0,0,0,0,0,0,1,1,0,0,0,0,0,0,0,0
2013-07-23 14:00:00+00:00,60,7,14,199.8084259033203,201.8831329345703,0,0,0,0,0,0,0,0,0,0,0,0,0,1,1,1,1,0,0,0,0,0,0,0,0
2013-07-23 14:00:00+00:00,60,7,14,140.00927734375,96.05854797363281,0,0,0,0,0,0,0,0,0,0,0,1,1,1,1,1,1,0,0,0,0,0,0,0,0
2013-07-23 14:00:00+00:00,60,7,14,141.2153778076172,124.13336181640625,0,0,0,0,0,0,0,0,0,0,0,1,1,1,1,1,1,0,0,0,0,0,0,0,0
2013-07-23 14:00:00+00:00,60,7,14,279.7412414550781,308.3671875,0,0,0,0,0,0,0,0,0,0,0,0,0,0,0,1,1,0,0,0,0,0,0,0,0
2013-07-23 14:00:00+00:00,60,7,14,295.9539489746094,94.55883026123047,0,0,0,0,0,0,0,0,0,0,0,0,0,0,0,1,1,0,0,0,0,0,0,0,0
2013-07-23 14:00:00+00:00,60,7,14,215.3429412841797,186.77256774902344,0,0,0,0,0,0,0,0,0,0,0,0,0,0,1,1,1,0,0,0,0,0,0,0,0
2013-07-23 14:00:00+00:00,60,7,14,567.0313110351562,604.0146484375,0,0,0,0,0,0,0,0,0,0,0,0,0,0,0,0,0,0,0,0,0,0,0,0,0
2013-07-23 14:15:00+00:00,60,7,14,219.476806640625,215.6391143798828,0,0,0,0,0,0,0,0,0,0,0,0,0,0,1,1,1,0,0,0,0,0,0,0,0
2013-07-23 14:15:00+00:00,60,7,14,113.7116928100586,116.12096405029297,0,0,0,0,0,0,0,0,0,0,1,1,1,1,1,1,1,0,0,0,0,0,0,0,0
2013-07-23 14:15:00+00:00,60,7,14,342.769287109375,171.91783142089844,0,0,0,0,0,0,0,0,0,0,0,0,0,0,0,0,1,0,0,0,0,0,0,0,0
2013-07-23 14:15:00+00:00,60,7,14,219.8109588623047,182.96615600585938,0,0,0,0,0,0,0,0,0,0,0,0,0,0,1,1,1,0,0,0,0,0,0,0,0
2013-07-23 14:15:00+00:00,60,7,14,201.95974731445312,165.5665283203125,0,0,0,0,0,0,0,0,0,0,0,0,0,0,1,1,1,0,0,0,0,0,0,0,0
2013-07-23 14:15:00+00:00,60,7,14,204.90652465820312,176.3133544921875,0,0,0,0,0,0,0,0,0,0,0,0,0,0,1,1,1,0,0,0,0,0,0,0,0
2013-07-23 14:15:00+00:00,60,7,14,113.99246978759766,40.59536361694336,0,0,0,0,0,0,0,0,0,0,1,1,1,1,1,1,1,0,0,0,0,0,0,1,1
2013-07-23 14:15:00+00:00,60,7,14,150.03692626953125,126.37135314941406,0,0,0,0,0,0,0,0,0,0,0,0,1,1,1,1,1,0,0,0,0,0,0,0,0
2013-07-23 14:15:00+00:00,60,7,14,144.6769561767578,0.0,0,0,0,0,0,0,0,0,0,0,0,1,1,1,1,1,1,1,1,1,1,1,1,1,1
2013-07-23 14:15:00+00:00,60,7,14,129.5803985595703,22.23014259338379,0,0,0,0,0,0,0,0,0,0,0,1,1,1,1,1,1,0,0,0,1,1,1,1,1
2013-07-23 14:15:00+00:00,60,7,14,84.03838348388672,147.61376953125,0,0,0,0,0,0,0,0,0,1,1,1,1,1,1,1,1,0,0,0,0,0,0,0,0
2013-07-23 14:15:00+00:00,60,7,14,293.14666748046875,20.21256446838379,0,0,0,0,0,0,0,0,0,0,0,0,0,0,0,1,1,0,0,0,1,1,1,1,1
2013-07-23 14:15:00+00:00,60,7,14,49.46103286743164,21.482654571533203,0,0,0,0,0,0,1,1,1,1,1,1,1,1,1,1,1,0,0,0,1,1,1,1,1
2013-07-23 14:30:00+00:00,60,7,14,406.08270263671875,374.4364318847656,0,0,0,0,0,0,0,0,0,0,0,0,0,0,0,0,0,0,0,0,0,0,0,0,0
2013-07-23 14:30:00+00:00,60,7,14,86.09901428222656,12.422467231750488,0,0,0,0,0,0,0,0,0,1,1,1,1,1,1,1,1,0,1,1,1,1,1,1,1
2013-07-23 14:30:00+00:00,60,7,14,82.6993408203125,87.38446807861328,0,0,0,0,0,0,0,0,0,1,1,1,1,1,1,1,1,0,0,0,0,0,0,0,0
2013-07-23 14:30:00+00:00,60,7,14,176.15443420410156,21.884735107421875,0,0,0,0,0,0,0,0,0,0,0,0,1,1,1,1,1,0,0,0,1,1,1,1,1
2013-07-23 14:30:00+00:00,60,7,14,46.80149459838867,22.465593338012695,0,0,0,0,0,0,1,1,1,1,1,1,1,1,1,1,1,0,0,0,1,1,1,1,1
2013-07-23 14:30:00+00:00,60,7,14,213.15586853027344,51.476600646972656,0,0,0,0,0,0,0,0,0,0,0,0,0,0,1,1,1,0,0,0,0,0,0,0,1
2013-07-23 14:30:00+00:00,60,7,14,137.294189453125,3.1459717750549316,0,0,0,0,0,0,0,0,0,0,0,1,1,1,1,1,1,1,1,1,1,1,1,1,1
2013-07-23 14:30:00+00:00,60,7,14,155.81008911132812,43.16193389892578,0,0,0,0,0,0,0,0,0,0,0,0,1,1,1,1,1,0,0,0,0,0,0,1,1
2013-07-23 14:30:00+00:00,60,7,14,,,0,0,0,0,0,0,0,0,0,0,0,0,0,0,0,0,0,0,0,0,0,0,0,0,0
2013-07-23 14:30:00+00:00,60,7,14,,321.5724182128906,0,0,0,0,0,0,0,0,0,0,0,0,0,0,0,0,0,0,0,0,0,0,0,0,0
2013-07-23 14:30:00+00:00,60,7,14,190.454833984375,161.17282104492188,0,0,0,0,0,0,0,0,0,0,0,0,0,1,1,1,1,0,0,0,0,0,0,0,0
2013-07-23 14:30:00+00:00,60,7,14,51.84160232543945,12.895483016967773,0,0,0,0,0,0,0,1,1,1,1,1,1,1,1,1,1,0,1,1,1,1,1,1,1
2013-07-23 14:30:00+00:00,60,7,14,573.09228515625,,0,0,0,0,0,0,0,0,0,0,0,0,0,0,0,0,0,0,0,0,0,0,0,0,0
2013-07-23 14:45:00+00:00,60,7,14,101.40118408203125,77.57689666748047,0,0,0,0,0,0,0,0,0,0,1,1,1,1,1,1,1,0,0,0,0,0,0,0,0
2013-07-23 14:45:00+00:00,60,7,14,364.6106872558594,,0,0,0,0,0,0,0,0,0,0,0,0,0,0,0,0,0,0,0,0,0,0,0,0,0
2013-07-23 14:45:00+00:00,60,7,14,130.41087341308594,112.19831085205078,0,0,0,0,0,0,0,0,0,0,0,1,1,1,1,1,1,0,0,0,0,0,0,0,0
2013-07-23 14:45:00+00:00,60,7,14,90.99507141113281,96.17711639404297,0,0,0,0,0,0,0,0,0,1,1,1,1,1,1,1,1,0,0,0,0,0,0,0,0
2013-07-23 14:45:00+00:00,60,7,14,44.39868927001953,22.411361694335938,0,0,0,0,0,0,1,1,1,1,1,1,1,1,1,1,1,0,0,0,1,1,1,1,1
2013-07-23 14:45:00+00:00,60,7,14,66.80359649658203,27.825576782226562,0,0,0,0,0,0,0,0,1,1,1,1,1,1,1,1,1,0,0,0,0,1,1,1,1
2013-07-23 14:45:00+00:00,60,7,14,144.78468322753906,8.063545227050781,0,0,0,0,0,0,0,0,0,0,0,1,1,1,1,1,1,1,1,1,1,1,1,1,1
2013-07-23 14:45:00+00:00,60,7,14,108.0986099243164,135.38540649414062,0,0,0,0,0,0,0,0,0,0,1,1,1,1,1,1,1,0,0,0,0,0,0,0,0
2013-07-23 14:45:00+00:00,60,7,14,101.06689453125,150.09115600585938,0,0,0,0,0,0,0,0,0,0,1,1,1,1,1,1,1,0,0,0,0,0,0,0,0
2013-07-23 14:45:00+00:00,60,7,14,572.0573120117188,,0,0,0,0,0,0,0,0,0,0,0,0,0,0,0,0,0,0,0,0,0,0,0,0,0
2013-07-23 15:00:00+00:00,60,7,15,,,0,0,0,0,0,0,0,0,0,0,0,0,0,0,0,0,0,0,0,0,0,0,0,0,0
2013-07-23 15:00:00+00:00,60,7,15,207.84628295898438,23.393327713012695,0,0,0,0,0,0,0,0,0,0,0,0,0,0,1,1,1,0,0,0,1,1,1,1,1
2013-07-23 15:00:00+00:00,60,7,15,234.43020629882812,3.0702261924743652,0,0,0,0,0,0,0,0,0,0,0,0,0,0,1,1,1,1,1,1,1,1,1,1,1
2013-07-23 15:00:00+00:00,60,7,15,115.50283813476562,96.12612915039062,0,0,0,0,0,0,0,0,0,0,1,1,1,1,1,1,1,0,0,0,0,0,0,0,0
2013-07-23 15:00:00+00:00,60,7,15,,,0,0,0,0,0,0,0,0,0,0,0,0,0,0,0,0,0,0,0,0,0,0,0,0,0
2013-07-23 15:00:00+00:00,60,7,15,55.05839538574219,15.793320655822754,0,0,0,0,0,0,0,1,1,1,1,1,1,1,1,1,1,0,0,1,1,1,1,1,1
2013-07-23 15:00:00+00:00,60,7,15,85.5041275024414,13.387307167053223,0,0,0,0,0,0,0,0,0,1,1,1,1,1,1,1,1,0,1,1,1,1,1,1,1
2013-07-23 15:00:00+00:00,60,7,15,,136.4910888671875,0,0,0,0,0,0,0,0,0,0,0,0,0,0,0,0,0,0,0,0,0,0,0,0,0
2013-07-23 15:15:00+00:00,60,7,15,123.86105346679688,88.38011932373047,0,0,0,0,0,0,0,0,0,0,0,1,1,1,1,1,1,0,0,0,0,0,0,0,0
2013-07-23 15:15:00+00:00,60,7,15,,,0,0,0,0,0,0,0,0,0,0,0,0,0,0,0,0,0,0,0,0,0,0,0,0,0
2013-07-23 15:15:00+00:00,60,7,15,,,0,0,0,0,0,0,0,0,0,0,0,0,0,0,0,0,0,0,0,0,0,0,0,0,0
2013-07-23 15:15:00+00:00,60,7,15,63.30413055419922,0.0,0,0,0,0,0,0,0,0,1,1,1,1,1,1,1,1,1,1,1,1,1,1,1,1,1
2013-07-23 15:15:00+00:00,60,7,15,232.87246704101562,99.50889587402344,0,0,0,0,0,0,0,0,0,0,0,0,0,0,1,1,1,0,0,0,0,0,0,0,0
2013-07-23 15:15:00+00:00,60,7,15,,166.2674560546875,0,0,0,0,0,0,0,0,0,0,0,0,0,0,0,0,0,0,0,0,0,0,0,0,0
2013-07-23 15:15:00+00:00,60,7,15,,17.718280792236328,0,0,0,0,0,0,0,0,0,0,0,0,0,0,0,0,0,0,0,1,1,1,1,1,1
2013-07-23 15:15:00+00:00,60,7,15,164.02127075195312,171.8540496826172,0,0,0,0,0,0,0,0,0,0,0,0,1,1,1,1,1,0,0,0,0,0,0,0,0
2013-07-23 15:15:00+00:00,60,7,15,249.85321044921875,22.960878372192383,0,0,0,0,0,0,0,0,0,0,0,0,0,0,1,1,1,0,0,0,1,1,1,1,1
2013-07-23 15:15:00+00:00,60,7,15,61.649784088134766,25.84189796447754,0,0,0,0,0,0,0,0,1,1,1,1,1,1,1,1,1,0,0,0,0,1,1,1,1
2013-07-23 15:30:00+00:00,60,7,15,71.56710815429688,51.56203079223633,0,0,0,0,0,0,0,0,1,1,1,1,1,1,1,1,1,0,0,0,0,0,0,0,1
2013-07-23 15:30:00+00:00,60,7,15,62.10516357421875,0.0,0,0,0,0,0,0,0,0,1,1,1,1,1,1,1,1,1,1,1,1,1,1,1,1,1
2013-07-23 15:30:00+00:00,60,7,15,249.0650634765625,106.95693969726562,0,0,0,0,0,0,0,0,0,0,0,0,0,0,1,1,1,0,0,0,0,0,0,0,0
2013-07-23 15:30:00+00:00,60,7,15,,370.06103515625,0,0,0,0,0,0,0,0,0,0,0,0,0,0,0,0,0,0,0,0,0,0,0,0,0
2013-07-23 15:30:00+00:00,60,7,15,103.47382354736328,3.0781617164611816,0,0,0,0,0,0,0,0,0,0,1,1,1,1,1,1,1,1,1,1,1,1,1,1,1
2013-07-23 15:30:00+00:00,60,7,15,,153.8086700439453,0,0,0,0,0,0,0,0,0,0,0,0,0,0,0,0,0,0,0,0,0,0,0,0,0
2013-07-23 15:30:00+00:00,60,7,15,,,0,0,0,0,0,0,0,0,0,0,0,0,0,0,0,0,0,0,0,0,0,0,0,0,0
2013-07-23 15:30:00+00:00,60,7,15,,375.37139892578125,0,0,0,0,0,0,0,0,0,0,0,0,0,0,0,0,0,0,0,0,0,0,0,0,0
2013-07-23 15:30:00+00:00,60,7,15,,,0,0,0,0,0,0,0,0,0,0,0,0,0,0,0,0,0,0,0,0,0,0,0,0,0
2013-07-23 15:30:00+00:00,60,7,15,,,0,0,0,0,0,0,0,0,0,0,0,0,0,0,0,0,0,0,0,0,0,0,0,0,0
2013-07-23 15:30:00+00:00,60,7,15,,,0,0,0,0,0,0,0,0,0,0,0,0,0,0,0,0,0,0,0,0,0,0,0,0,0
2013-07-23 15:45:00+00:00,60,7,15,418.65203857421875,271.3918762207031,0,0,0,0,0,0,0,0,0,0,0,0,0,0,0,0,0,0,0,0,0,0,0,0,0
2013-07-23 15:45:00+00:00,60,7,15,26.03755760192871,101.8541488647461,0,0,0,0,1,1,1,1,1,1,1,1,1,1,1,1,1,0,0,0,0,0,0,0,0
2013-07-23 15:45:00+00:00,60,7,15,103.24090576171875,110.16857147216797,0,0,0,0,0,0,0,0,0,0,1,1,1,1,1,1,1,0,0,0,0,0,0,0,0
2013-07-23 15:45:00+00:00,60,7,15,37.81830596923828,43.20675277709961,0,0,0,0,0,1,1,1,1,1,1,1,1,1,1,1,1,0,0,0,0,0,0,1,1
2013-07-23 15:45:00+00:00,60,7,15,77.0472183227539,174.57933044433594,0,0,0,0,0,0,0,0,1,1,1,1,1,1,1,1,1,0,0,0,0,0,0,0,0
2013-07-23 15:45:00+00:00,60,7,15,333.87506103515625,369.9698181152344,0,0,0,0,0,0,0,0,0,0,0,0,0,0,0,0,1,0,0,0,0,0,0,0,0
2013-07-23 15:45:00+00:00,60,7,15,,72.8394775390625,0,0,0,0,0,0,0,0,0,0,0,0,0,0,0,0,0,0,0,0,0,0,0,0,0
2013-07-23 15:45:00+00:00,60,7,15,253.11703491210938,291.8196716308594,0,0,0,0,0,0,0,0,0,0,0,0,0,0,0,1,1,0,0,0,0,0,0,0,0
2013-07-23 15:45:00+00:00,60,7,15,75.11389923095703,52.678985595703125,0,0,0,0,0,0,0,0,1,1,1,1,1,1,1,1,1,0,0,0,0,0,0,0,1
2013-07-23 15:45:00+00:00,60,7,15,103.24127960205078,3.0172882080078125,0,0,0,0,0,0,0,0,0,0,1,1,1,1,1,1,1,1,1,1,1,1,1,1,1
2013-07-23 15:45:00+00:00,60,7,15,57.64786911010742,52.64573287963867,0,0,0,0,0,0,0,1,1,1,1,1,1,1,1,1,1,0,0,0,0,0,0,0,1
2013-07-23 15:45:00+00:00,60,7,15,225.0245361328125,192.97117614746094,0,0,0,0,0,0,0,0,0,0,0,0,0,0,1,1,1,0,0,0,0,0,0,0,0
2013-07-23 15:45:00+00:00,60,7,15,,,0,0,0,0,0,0,0,0,0,0,0,0,0,0,0,0,0,0,0,0,0,0,0,0,0
2013-07-23 16:00:00+00:00,60,7,16,175.65377807617188,16.93939208984375,0,0,0,0,0,0,0,0,0,0,0,0,1,1,1,1,1,0,0,1,1,1,1,1,1
2013-07-23 16:00:00+00:00,60,7,16,218.8875732421875,242.3551788330078,0,0,0,0,0,0,0,0,0,0,0,0,0,0,1,1,1,0,0,0,0,0,0,0,0
2013-07-23 16:00:00+00:00,60,7,16,,,0,0,0,0,0,0,0,0,0,0,0,0,0,0,0,0,0,0,0,0,0,0,0,0,0
2013-07-23 16:00:00+00:00,60,7,16,92.43832397460938,0.0,0,0,0,0,0,0,0,0,0,1,1,1,1,1,1,1,1,1,1,1,1,1,1,1,1
2013-07-23 16:00:00+00:00,60,7,16,,18.14960479736328,0,0,0,0,0,0,0,0,0,0,0,0,0,0,0,0,0,0,0,1,1,1,1,1,1
2013-07-23 16:00:00+00:00,60,7,16,,21.94318962097168,0,0,0,0,0,0,0,0,0,0,0,0,0,0,0,0,0,0,0,0,1,1,1,1,1
2013-07-23 16:00:00+00:00,60,7,16,,32.958213806152344,0,0,0,0,0,0,0,0,0,0,0,0,0,0,0,0,0,0,0,0,0,0,1,1,1
2013-07-23 16:00:00+00:00,60,7,16,,140.5927276611328,0,0,0,0,0,0,0,0,0,0,0,0,0,0,0,0,0,0,0,0,0,0,0,0,0
2013-07-23 16:00:00+00:00,60,7,16,206.28697204589844,174.7087860107422,0,0,0,0,0,0,0,0,0,0,0,0,0,0,1,1,1,0,0,0,0,0,0,0,0
2013-07-23 16:00:00+00:00,60,7,16,35.01750946044922,0.0,0,0,0,0,0,1,1,1,1,1,1,1,1,1,1,1,1,1,1,1,1,1,1,1,1
2013-07-23 16:15:00+00:00,60,7,16,149.6577911376953,91.80882263183594,0,0,0,0,0,0,0,0,0,0,0,1,1,1,1,1,1,0,0,0,0,0,0,0,0
2013-07-23 16:15:00+00:00,60,7,16,,138.6916961669922,0,0,0,0,0,0,0,0,0,0,0,0,0,0,0,0,0,0,0,0,0,0,0,0,0
2013-07-23 16:15:00+00:00,60,7,16,,97.58899688720703,0,0,0,0,0,0,0,0,0,0,0,0,0,0,0,0,0,0,0,0,0,0,0,0,0
2013-07-23 16:15:00+00:00,60,7,16,,11.588423728942871,0,0,0,0,0,0,0,0,0,0,0,0,0,0,0,0,0,0,1,1,1,1,1,1,1
2013-07-23 16:15:00+00:00,60,7,16,,47.51249313354492,0,0,0,0,0,0,0,0,0,0,0,0,0,0,0,0,0,0,0,0,0,0,0,1,1
2013-07-23 16:15:00+00:00,60,7,16,366.07275390625,60.35061264038086,0,0,0,0,0,0,0,0,0,0,0,0,0,0,0,0,0,0,0,0,0,0,0,0,0
2013-07-23 16:15:00+00:00,60,7,16,,306.6105041503906,0,0,0,0,0,0,0,0,0,0,0,0,0,0,0,0,0,0,0,0,0,0,0,0,0
2013-07-23 16:15:00+00:00,60,7,16,38.30238342285156,5.509051322937012,0,0,0,0,0,1,1,1,1,1,1,1,1,1,1,1,1,1,1,1,1,1,1,1,1
2013-07-23 16:30:00+00:00,60,7,16,109.40904235839844,234.6497039794922,0,0,0,0,0,0,0,0,0,0,1,1,1,1,1,1,1,0,0,0,0,0,0,0,0
2013-07-23 16:30:00+00:00,60,7,16,151.30978393554688,340.3804626464844,0,0,0,0,0,0,0,0,0,0,0,0,1,1,1,1,1,0,0,0,0,0,0,0,0
2013-07-23 16:30:00+00:00,60,7,16,318.7926025390625,329.27349853515625,0,0,0,0,0,0,0,0,0,0,0,0,0,0,0,0,1,0,0,0,0,0,0,0,0
2013-07-23 16:30:00+00:00,60,7,16,101.6427230834961,354.01947021484375,0,0,0,0,0,0,0,0,0,0,1,1,1,1,1,1,1,0,0,0,0,0,0,0,0
2013-07-23 16:30:00+00:00,60,7,16,275.8971862792969,147.4797821044922,0,0,0,0,0,0,0,0,0,0,0,0,0,0,0,1,1,0,0,0,0,0,0,0,0
2013-07-23 16:30:00+00:00,60,7,16,139.16920471191406,15.113548278808594,0,0,0,0,0,0,0,0,0,0,0,1,1,1,1,1,1,0,0,1,1,1,1,1,1
2013-07-23 16:30:00+00:00,60,7,16,356.2280578613281,252.41119384765625,0,0,0,0,0,0,0,0,0,0,0,0,0,0,0,0,0,0,0,0,0,0,0,0,0
2013-07-23 16:30:00+00:00,60,7,16,172.8363037109375,167.00442504882812,0,0,0,0,0,0,0,0,0,0,0,0,1,1,1,1,1,0,0,0,0,0,0,0,0
2013-07-23 16:30:00+00:00,60,7,16,,116.81507110595703,0,0,0,0,0,0,0,0,0,0,0,0,0,0,0,0,0,0,0,0,0,0,0,0,0
2013-07-23 16:30:00+00:00,60,7,16,423.2154235839844,444.9986572265625,0,0,0,0,0,0,0,0,0,0,0,0,0,0,0,0,0,0,0,0,0,0,0,0,0
2013-07-23 16:30:00+00:00,60,7,16,44.61396789550781,7.34798526763916,0,0,0,0,0,0,1,1,1,1,1,1,1,1,1,1,1,1,1,1,1,1,1,1,1
2013-07-23 16:45:00+00:00,60,7,16,,298.1360778808594,0,0,0,0,0,0,0,0,0,0,0,0,0,0,0,0,0,0,0,0,0,0,0,0,0
2013-07-23 16:45:00+00:00,60,7,16,255.7978515625,130.6172637939453,0,0,0,0,0,0,0,0,0,0,0,0,0,0,0,1,1,0,0,0,0,0,0,0,0
2013-07-23 16:45:00+00:00,60,7,16,329.516845703125,13.081172943115234,0,0,0,0,0,0,0,0,0,0,0,0,0,0,0,0,1,0,1,1,1,1,1,1,1
2013-07-23 16:45:00+00:00,60,7,16,327.43072509765625,27.617502212524414,0,0,0,0,0,0,0,0,0,0,0,0,0,0,0,0,1,0,0,0,0,1,1,1,1
2013-07-23 16:45:00+00:00,60,7,16,51.72368240356445,10.884719848632812,0,0,0,0,0,0,0,1,1,1,1,1,1,1,1,1,1,0,1,1,1,1,1,1,1
2013-07-23 16:45:00+00:00,60,7,16,43.27875900268555,0.0,0,0,0,0,0,0,1,1,1,1,1,1,1,1,1,1,1,1,1,1,1,1,1,1,1
2013-07-23 17:00:00+00:00,60,7,17,121.34928894042969,75.04716491699219,0,0,0,0,0,0,0,0,0,0,0,1,1,1,1,1,1,0,0,0,0,0,0,0,0
2013-07-23 17:00:00+00:00,60,7,17,69.388916015625,339.2820129394531,0,0,0,0,0,0,0,0,1,1,1,1,1,1,1,1,1,0,0,0,0,0,0,0,0
2013-07-23 17:00:00+00:00,60,7,17,205.90353393554688,134.03048706054688,0,0,0,0,0,0,0,0,0,0,0,0,0,0,1,1,1,0,0,0,0,0,0,0,0
2013-07-23 17:00:00+00:00,60,7,17,83.15387725830078,83.99845123291016,0,0,0,0,0,0,0,0,0,1,1,1,1,1,1,1,1,0,0,0,0,0,0,0,0
2013-07-23 17:00:00+00:00,60,7,17,132.37530517578125,22.242507934570312,0,0,0,0,0,0,0,0,0,0,0,1,1,1,1,1,1,0,0,0,1,1,1,1,1
2013-07-23 17:00:00+00:00,60,7,17,,,0,0,0,0,0,0,0,0,0,0,0,0,0,0,0,0,0,0,0,0,0,0,0,0,0
2013-07-23 17:00:00+00:00,60,7,17,365.3907470703125,180.5626220703125,0,0,0,0,0,0,0,0,0,0,0,0,0,0,0,0,0,0,0,0,0,0,0,0,0
2013-07-23 17:00:00+00:00,60,7,17,63.845577239990234,18.073684692382812,0,0,0,0,0,0,0,0,1,1,1,1,1,1,1,1,1,0,0,1,1,1,1,1,1
2013-07-23 17:00:00+00:00,60,7,17,56.44791793823242,0.0,0,0,0,0,0,0,0,1,1,1,1,1,1,1,1,1,1,1,1,1,1,1,1,1,1
2013-07-23 17:15:00+00:00,60,7,17,137.43287658691406,102.89457702636719,0,0,0,0,0,0,0,0,0,0,0,1,1,1,1,1,1,0,0,0,0,0,0,0,0
2013-07-23 17:15:00+00:00,60,7,17,273.8985595703125,320.5422668457031,0,0,0,0,0,0,0,0,0,0,0,0,0,0,0,1,1,0,0,0,0,0,0,0,0
2013-07-23 17:15:00+00:00,60,7,17,61.41897201538086,25.503021240234375,0,0,0,0,0,0,0,0,1,1,1,1,1,1,1,1,1,0,0,0,0,1,1,1,1
2013-07-23 17:15:00+00:00,60,7,17,243.5338897705078,225.89337158203125,0,0,0,0,0,0,0,0,0,0,0,0,0,0,1,1,1,0,0,0,0,0,0,0,0
2013-07-23 17:15:00+00:00,60,7,17,55.73207473754883,68.1799545288086,0,0,0,0,0,0,0,1,1,1,1,1,1,1,1,1,1,0,0,0,0,0,0,0,0
2013-07-23 17:15:00+00:00,60,7,17,65.08966827392578,0.0,0,0,0,0,0,0,0,0,1,1,1,1,1,1,1,1,1,1,1,1,1,1,1,1,1
2013-07-23 17:30:00+00:00,60,7,17,47.382606506347656,72.18911743164062,0,0,0,0,0,0,1,1,1,1,1,1,1,1,1,1,1,0,0,0,0,0,0,0,0
2013-07-23 17:30:00+00:00,60,7,17,,321.5634460449219,0,0,0,0,0,0,0,0,0,0,0,0,0,0,0,0,0,0,0,0,0,0,0,0,0
2013-07-23 17:30:00+00:00,60,7,17,59.265655517578125,15.016844749450684,0,0,0,0,0,0,0,1,1,1,1,1,1,1,1,1,1,0,0,1,1,1,1,1,1
2013-07-23 17:30:00+00:00,60,7,17,174.49530029296875,154.57415771484375,0,0,0,0,0,0,0,0,0,0,0,0,1,1,1,1,1,0,0,0,0,0,0,0,0
2013-07-23 17:30:00+00:00,60,7,17,51.55099868774414,70.96817779541016,0,0,0,0,0,0,0,1,1,1,1,1,1,1,1,1,1,0,0,0,0,0,0,0,0
2013-07-23 17:30:00+00:00,60,7,17,430.4325256347656,193.83726501464844,0,0,0,0,0,0,0,0,0,0,0,0,0,0,0,0,0,0,0,0,0,0,0,0,0
2013-07-23 17:45:00+00:00,60,7,17,,,0,0,0,0,0,0,0,0,0,0,0,0,0,0,0,0,0,0,0,0,0,0,0,0,0
2013-07-23 17:45:00+00:00,60,7,17,133.2792205810547,174.0994415283203,0,0,0,0,0,0,0,0,0,0,0,1,1,1,1,1,1,0,0,0,0,0,0,0,0
2013-07-23 17:45:00+00:00,60,7,17,74.0550308227539,21.7844181060791,0,0,0,0,0,0,0,0,1,1,1,1,1,1,1,1,1,0,0,0,1,1,1,1,1
2013-07-23 17:45:00+00:00,60,7,17,135.41049194335938,33.95173263549805,0,0,0,0,0,0,0,0,0,0,0,1,1,1,1,1,1,0,0,0,0,0,1,1,1
2013-07-23 17:45:00+00:00,60,7,17,333.7763977050781,21.32422637939453,0,0,0,0,0,0,0,0,0,0,0,0,0,0,0,0,1,0,0,0,1,1,1,1,1
2013-07-23 17:45:00+00:00,60,7,17,283.4017333984375,174.7017059326172,0,0,0,0,0,0,0,0,0,0,0,0,0,0,0,1,1,0,0,0,0,0,0,0,0
2013-07-23 17:45:00+00:00,60,7,17,,,0,0,0,0,0,0,0,0,0,0,0,0,0,0,0,0,0,0,0,0,0,0,0,0,0
2013-07-24 10:00:00+00:00,60,7,10,,448.8269958496094,0,0,0,0,0,0,0,0,0,0,0,0,0,0,0,0,0,0,0,0,0,0,0,0,0
2013-07-24 10:00:00+00:00,60,7,10,93.08782958984375,23.799819946289062,0,0,0,0,0,0,0,0,0,1,1,1,1,1,1,1,1,0,0,0,1,1,1,1,1
2013-07-24 10:00:00+00:00,60,7,10,101.74563598632812,80.31805419921875,0,0,0,0,0,0,0,0,0,0,1,1,1,1,1,1,1,0,0,0,0,0,0,0,0
2013-07-24 10:00:00+00:00,60,7,10,72.65270233154297,76.51773071289062,0,0,0,0,0,0,0,0,1,1,1,1,1,1,1,1,1,0,0,0,0,0,0,0,0
2013-07-24 10:00:00+00:00,60,7,10,,,0,0,0,0,0,0,0,0,0,0,0,0,0,0,0,0,0,0,0,0,0,0,0,0,0
2013-07-24 10:00:00+00:00,60,7,10,,,0,0,0,0,0,0,0,0,0,0,0,0,0,0,0,0,0,0,0,0,0,0,0,0,0
2013-07-24 10:15:00+00:00,60,7,10,,,0,0,0,0,0,0,0,0,0,0,0,0,0,0,0,0,0,0,0,0,0,0,0,0,0
2013-07-24 10:15:00+00:00,60,7,10,,,0,0,0,0,0,0,0,0,0,0,0,0,0,0,0,0,0,0,0,0,0,0,0,0,0
2013-07-24 10:15:00+00:00,60,7,10,128.3159942626953,105.12333679199219,0,0,0,0,0,0,0,0,0,0,0,1,1,1,1,1,1,0,0,0,0,0,0,0,0
2013-07-24 10:15:00+00:00,60,7,10,69.33967590332031,81.006103515625,0,0,0,0,0,0,0,0,1,1,1,1,1,1,1,1,1,0,0,0,0,0,0,0,0
2013-07-24 10:15:00+00:00,60,7,10,251.931884765625,187.84043884277344,0,0,0,0,0,0,0,0,0,0,0,0,0,0,0,1,1,0,0,0,0,0,0,0,0
2013-07-24 10:15:00+00:00,60,7,10,179.9686279296875,186.09564208984375,0,0,0,0,0,0,0,0,0,0,0,0,1,1,1,1,1,0,0,0,0,0,0,0,0
2013-07-24 10:15:00+00:00,60,7,10,,,0,0,0,0,0,0,0,0,0,0,0,0,0,0,0,0,0,0,0,0,0,0,0,0,0
2013-07-24 10:15:00+00:00,60,7,10,,155.37060546875,0,0,0,0,0,0,0,0,0,0,0,0,0,0,0,0,0,0,0,0,0,0,0,0,0
2013-07-24 10:15:00+00:00,60,7,10,,,0,0,0,0,0,0,0,0,0,0,0,0,0,0,0,0,0,0,0,0,0,0,0,0,0
2013-07-24 10:30:00+00:00,60,7,10,342.59832763671875,381.557861328125,0,0,0,0,0,0,0,0,0,0,0,0,0,0,0,0,1,0,0,0,0,0,0,0,0
2013-07-24 10:30:00+00:00,60,7,10,150.08326721191406,69.75971984863281,0,0,0,0,0,0,0,0,0,0,0,0,1,1,1,1,1,0,0,0,0,0,0,0,0
2013-07-24 10:30:00+00:00,60,7,10,155.16354370117188,76.45674133300781,0,0,0,0,0,0,0,0,0,0,0,0,1,1,1,1,1,0,0,0,0,0,0,0,0
2013-07-24 10:30:00+00:00,60,7,10,52.083248138427734,72.3054428100586,0,0,0,0,0,0,0,1,1,1,1,1,1,1,1,1,1,0,0,0,0,0,0,0,0
2013-07-24 10:30:00+00:00,60,7,10,,,0,0,0,0,0,0,0,0,0,0,0,0,0,0,0,0,0,0,0,0,0,0,0,0,0
2013-07-24 10:30:00+00:00,60,7,10,,505.1795959472656,0,0,0,0,0,0,0,0,0,0,0,0,0,0,0,0,0,0,0,0,0,0,0,0,0
2013-07-24 10:30:00+00:00,60,7,10,,35.560302734375,0,0,0,0,0,0,0,0,0,0,0,0,0,0,0,0,0,0,0,0,0,0,1,1,1
2013-07-24 10:30:00+00:00,60,7,10,,73.05504608154297,0,0,0,0,0,0,0,0,0,0,0,0,0,0,0,0,0,0,0,0,0,0,0,0,0
2013-07-24 10:30:00+00:00,60,7,10,,37.95073699951172,0,0,0,0,0,0,0,0,0,0,0,0,0,0,0,0,0,0,0,0,0,0,1,1,1
2013-07-24 10:30:00+00:00,60,7,10,,198.10350036621094,0,0,0,0,0,0,0,0,0,0,0,0,0,0,0,0,0,0,0,0,0,0,0,0,0
2013-07-24 10:45:00+00:00,60,7,10,309.0033874511719,114.76006317138672,0,0,0,0,0,0,0,0,0,0,0,0,0,0,0,0,1,0,0,0,0,0,0,0,0
2013-07-24 10:45:00+00:00,60,7,10,149.0872039794922,0.0,0,0,0,0,0,0,0,0,0,0,0,1,1,1,1,1,1,1,1,1,1,1,1,1,1
2013-07-24 10:45:00+00:00,60,7,10,,,0,0,0,0,0,0,0,0,0,0,0,0,0,0,0,0,0,0,0,0,0,0,0,0,0
2013-07-24 10:45:00+00:00,60,7,10,,322.17120361328125,0,0,0,0,0,0,0,0,0,0,0,0,0,0,0,0,0,0,0,0,0,0,0,0,0
2013-07-24 10:45:00+00:00,60,7,10,174.8238067626953,91.56896209716797,0,0,0,0,0,0,0,0,0,0,0,0,1,1,1,1,1,0,0,0,0,0,0,0,0
2013-07-24 10:45:00+00:00,60,7,10,401.1665344238281,10.810343742370605,0,0,0,0,0,0,0,0,0,0,0,0,0,0,0,0,0,0,1,1,1,1,1,1,1
2013-07-24 10:45:00+00:00,60,7,10,,142.1790008544922,0,0,0,0,0,0,0,0,0,0,0,0,0,0,0,0,0,0,0,0,0,0,0,0,0
2013-07-24 10:45:00+00:00,60,7,10,,88.80110931396484,0,0,0,0,0,0,0,0,0,0,0,0,0,0,0,0,0,0,0,0,0,0,0,0,0
2013-07-24 10:45:00+00:00,60,7,10,,333.1217346191406,0,0,0,0,0,0,0,0,0,0,0,0,0,0,0,0,0,0,0,0,0,0,0,0,0
2013-07-24 10:45:00+00:00,60,7,10,,68.33983612060547,0,0,0,0,0,0,0,0,0,0,0,0,0,0,0,0,0,0,0,0,0,0,0,0,0
2013-07-24 10:45:00+00:00,60,7,10,,11.182286262512207,0,0,0,0,0,0,0,0,0,0,0,0,0,0,0,0,0,0,1,1,1,1,1,1,1
2013-07-24 10:45:00+00:00,60,7,10,,59.224430084228516,0,0,0,0,0,0,0,0,0,0,0,0,0,0,0,0,0,0,0,0,0,0,0,0,1
2013-07-24 10:45:00+00:00,60,7,10,,13.007095336914062,0,0,0,0,0,0,0,0,0,0,0,0,0,0,0,0,0,0,1,1,1,1,1,1,1
2013-07-24 10:45:00+00:00,60,7,10,,80.2148208618164,0,0,0,0,0,0,0,0,0,0,0,0,0,0,0,0,0,0,0,0,0,0,0,0,0
2013-07-24 10:45:00+00:00,60,7,10,,,0,0,0,0,0,0,0,0,0,0,0,0,0,0,0,0,0,0,0,0,0,0,0,0,0
2013-07-24 10:45:00+00:00,60,7,10,,,0,0,0,0,0,0,0,0,0,0,0,0,0,0,0,0,0,0,0,0,0,0,0,0,0
2013-07-24 10:45:00+00:00,60,7,10,,,0,0,0,0,0,0,0,0,0,0,0,0,0,0,0,0,0,0,0,0,0,0,0,0,0
2013-07-24 11:00:00+00:00,60,7,11,,185.1938018798828,0,0,0,0,0,0,0,0,0,0,0,0,0,0,0,0,0,0,0,0,0,0,0,0,0
2013-07-24 11:00:00+00:00,60,7,11,,15.933279037475586,0,0,0,0,0,0,0,0,0,0,0,0,0,0,0,0,0,0,0,1,1,1,1,1,1
2013-07-24 11:00:00+00:00,60,7,11,,74.91744995117188,0,0,0,0,0,0,0,0,0,0,0,0,0,0,0,0,0,0,0,0,0,0,0,0,0
2013-07-24 11:00:00+00:00,60,7,11,267.9668273925781,59.61799240112305,0,0,0,0,0,0,0,0,0,0,0,0,0,0,0,1,1,0,0,0,0,0,0,0,1
2013-07-24 11:00:00+00:00,60,7,11,472.7835388183594,0.0,0,0,0,0,0,0,0,0,0,0,0,0,0,0,0,0,0,1,1,1,1,1,1,1,1
2013-07-24 11:00:00+00:00,60,7,11,503.0233154296875,10.77713394165039,0,0,0,0,0,0,0,0,0,0,0,0,0,0,0,0,0,0,1,1,1,1,1,1,1
2013-07-24 11:00:00+00:00,60,7,11,,43.73078536987305,0,0,0,0,0,0,0,0,0,0,0,0,0,0,0,0,0,0,0,0,0,0,0,1,1
2013-07-24 11:00:00+00:00,60,7,11,,79.91053771972656,0,0,0,0,0,0,0,0,0,0,0,0,0,0,0,0,0,0,0,0,0,0,0,0,0
2013-07-24 11:00:00+00:00,60,7,11,,66.9090347290039,0,0,0,0,0,0,0,0,0,0,0,0,0,0,0,0,0,0,0,0,0,0,0,0,0
2013-07-24 11:00:00+00:00,60,7,11,,97.22604370117188,0,0,0,0,0,0,0,0,0,0,0,0,0,0,0,0,0,0,0,0,0,0,0,0,0
2013-07-24 11:00:00+00:00,60,7,11,,43.10956573486328,0,0,0,0,0,0,0,0,0,0,0,0,0,0,0,0,0,0,0,0,0,0,0,1,1
2013-07-24 11:00:00+00:00,60,7,11,,10.034531593322754,0,0,0,0,0,0,0,0,0,0,0,0,0,0,0,0,0,0,1,1,1,1,1,1,1
2013-07-24 11:15:00+00:00,60,7,11,,,0,0,0,0,0,0,0,0,0,0,0,0,0,0,0,0,0,0,0,0,0,0,0,0,0
2013-07-24 11:15:00+00:00,60,7,11,146.91717529296875,107.03814697265625,0,0,0,0,0,0,0,0,0,0,0,1,1,1,1,1,1,0,0,0,0,0,0,0,0
2013-07-24 11:15:00+00:00,60,7,11,370.7698059082031,320.6841125488281,0,0,0,0,0,0,0,0,0,0,0,0,0,0,0,0,0,0,0,0,0,0,0,0,0
2013-07-24 11:15:00+00:00,60,7,11,,504.85076904296875,0,0,0,0,0,0,0,0,0,0,0,0,0,0,0,0,0,0,0,0,0,0,0,0,0
2013-07-24 11:15:00+00:00,60,7,11,,244.17965698242188,0,0,0,0,0,0,0,0,0,0,0,0,0,0,0,0,0,0,0,0,0,0,0,0,0
2013-07-24 11:15:00+00:00,60,7,11,247.1804656982422,99.33141326904297,0,0,0,0,0,0,0,0,0,0,0,0,0,0,1,1,1,0,0,0,0,0,0,0,0
2013-07-24 11:15:00+00:00,60,7,11,,51.23261260986328,0,0,0,0,0,0,0,0,0,0,0,0,0,0,0,0,0,0,0,0,0,0,0,0,1
2013-07-24 11:15:00+00:00,60,7,11,44.007965087890625,0.0,0,0,0,0,0,0,1,1,1,1,1,1,1,1,1,1,1,1,1,1,1,1,1,1,1
2013-07-24 11:15:00+00:00,60,7,11,,109.79634857177734,0,0,0,0,0,0,0,0,0,0,0,0,0,0,0,0,0,0,0,0,0,0,0,0,0
2013-07-24 11:15:00+00:00,60,7,11,596.752197265625,207.6031494140625,0,0,0,0,0,0,0,0,0,0,0,0,0,0,0,0,0,0,0,0,0,0,0,0,0
2013-07-24 11:15:00+00:00,60,7,11,277.25653076171875,8.967385292053223,0,0,0,0,0,0,0,0,0,0,0,0,0,0,0,1,1,1,1,1,1,1,1,1,1
2013-07-24 11:15:00+00:00,60,7,11,484.1396789550781,31.70225715637207,0,0,0,0,0,0,0,0,0,0,0,0,0,0,0,0,0,0,0,0,0,0,1,1,1
2013-07-24 11:15:00+00:00,60,7,11,,213.406982421875,0,0,0,0,0,0,0,0,0,0,0,0,0,0,0,0,0,0,0,0,0,0,0,0,0
2013-07-24 11:30:00+00:00,60,7,11,,207.74855041503906,0,0,0,0,0,0,0,0,0,0,0,0,0,0,0,0,0,0,0,0,0,0,0,0,0
2013-07-24 11:30:00+00:00,60,7,11,,,0,0,0,0,0,0,0,0,0,0,0,0,0,0,0,0,0,0,0,0,0,0,0,0,0
2013-07-24 11:30:00+00:00,60,7,11,,107.4973373413086,0,0,0,0,0,0,0,0,0,0,0,0,0,0,0,0,0,0,0,0,0,0,0,0,0
2013-07-24 11:30:00+00:00,60,7,11,211.4911651611328,26.48160171508789,0,0,0,0,0,0,0,0,0,0,0,0,0,0,1,1,1,0,0,0,0,1,1,1,1
2013-07-24 11:30:00+00:00,60,7,11,78.78873443603516,92.00834655761719,0,0,0,0,0,0,0,0,1,1,1,1,1,1,1,1,1,0,0,0,0,0,0,0,0
2013-07-24 11:30:00+00:00,60,7,11,106.90464782714844,109.40483856201172,0,0,0,0,0,0,0,0,0,0,1,1,1,1,1,1,1,0,0,0,0,0,0,0,0
2013-07-24 11:30:00+00:00,60,7,11,171.2659149169922,58.470211029052734,0,0,0,0,0,0,0,0,0,0,0,0,1,1,1,1,1,0,0,0,0,0,0,0,1
2013-07-24 11:30:00+00:00,60,7,11,,155.3136444091797,0,0,0,0,0,0,0,0,0,0,0,0,0,0,0,0,0,0,0,0,0,0,0,0,0
2013-07-24 11:45:00+00:00,60,7,11,257.47833251953125,66.7541275024414,0,0,0,0,0,0,0,0,0,0,0,0,0,0,0,1,1,0,0,0,0,0,0,0,0
2013-07-24 11:45:00+00:00,60,7,11,,561.9434814453125,0,0,0,0,0,0,0,0,0,0,0,0,0,0,0,0,0,0,0,0,0,0,0,0,0
2013-07-24 11:45:00+00:00,60,7,11,208.2514190673828,49.67805862426758,0,0,0,0,0,0,0,0,0,0,0,0,0,0,1,1,1,0,0,0,0,0,0,1,1
2013-07-24 11:45:00+00:00,60,7,11,235.78713989257812,224.1907196044922,0,0,0,0,0,0,0,0,0,0,0,0,0,0,1,1,1,0,0,0,0,0,0,0,0
2013-07-24 11:45:00+00:00,60,7,11,,203.82864379882812,0,0,0,0,0,0,0,0,0,0,0,0,0,0,0,0,0,0,0,0,0,0,0,0,0
2013-07-24 11:45:00+00:00,60,7,11,86.60205078125,101.47574615478516,0,0,0,0,0,0,0,0,0,1,1,1,1,1,1,1,1,0,0,0,0,0,0,0,0
2013-07-24 11:45:00+00:00,60,7,11,,,0,0,0,0,0,0,0,0,0,0,0,0,0,0,0,0,0,0,0,0,0,0,0,0,0
2013-07-24 11:45:00+00:00,60,7,11,,,0,0,0,0,0,0,0,0,0,0,0,0,0,0,0,0,0,0,0,0,0,0,0,0,0
2013-07-24 11:45:00+00:00,60,7,11,,,0,0,0,0,0,0,0,0,0,0,0,0,0,0,0,0,0,0,0,0,0,0,0,0,0
2013-07-24 11:45:00+00:00,60,7,11,118.3524169921875,116.51834869384766,0,0,0,0,0,0,0,0,0,0,1,1,1,1,1,1,1,0,0,0,0,0,0,0,0
2013-07-24 11:45:00+00:00,60,7,11,232.96070861816406,183.84164428710938,0,0,0,0,0,0,0,0,0,0,0,0,0,0,1,1,1,0,0,0,0,0,0,0,0
2013-07-24 11:45:00+00:00,60,7,11,103.34500885009766,0.0,0,0,0,0,0,0,0,0,0,0,1,1,1,1,1,1,1,1,1,1,1,1,1,1,1
2013-07-24 11:45:00+00:00,60,7,11,432.8827819824219,477.4891357421875,0,0,0,0,0,0,0,0,0,0,0,0,0,0,0,0,0,0,0,0,0,0,0,0,0
2013-07-24 12:00:00+00:00,60,7,12,175.33416748046875,0.0,0,0,0,0,0,0,0,0,0,0,0,0,1,1,1,1,1,1,1,1,1,1,1,1,1
2013-07-24 12:00:00+00:00,60,7,12,,,0,0,0,0,0,0,0,0,0,0,0,0,0,0,0,0,0,0,0,0,0,0,0,0,0
2013-07-24 12:00:00+00:00,60,7,12,233.4544677734375,188.0240936279297,0,0,0,0,0,0,0,0,0,0,0,0,0,0,1,1,1,0,0,0,0,0,0,0,0
2013-07-24 12:00:00+00:00,60,7,12,341.7015380859375,27.328683853149414,0,0,0,0,0,0,0,0,0,0,0,0,0,0,0,0,1,0,0,0,0,1,1,1,1
2013-07-24 12:00:00+00:00,60,7,12,,287.6842956542969,0,0,0,0,0,0,0,0,0,0,0,0,0,0,0,0,0,0,0,0,0,0,0,0,0
2013-07-24 12:00:00+00:00,60,7,12,97.37361145019531,47.57543182373047,0,0,0,0,0,0,0,0,0,1,1,1,1,1,1,1,1,0,0,0,0,0,0,1,1
2013-07-24 12:00:00+00:00,60,7,12,29.198139190673828,5.132299900054932,0,0,0,0,1,1,1,1,1,1,1,1,1,1,1,1,1,1,1,1,1,1,1,1,1
2013-07-24 12:00:00+00:00,60,7,12,135.71029663085938,76.68889617919922,0,0,0,0,0,0,0,0,0,0,0,1,1,1,1,1,1,0,0,0,0,0,0,0,0
2013-07-24 12:00:00+00:00,60,7,12,246.30479431152344,235.36126708984375,0,0,0,0,0,0,0,0,0,0,0,0,0,0,1,1,1,0,0,0,0,0,0,0,0
2013-07-24 12:00:00+00:00,60,7,12,85.33109283447266,220.9187774658203,0,0,0,0,0,0,0,0,0,1,1,1,1,1,1,1,1,0,0,0,0,0,0,0,0
2013-07-24 12:00:00+00:00,60,7,12,95.83606719970703,154.7684783935547,0,0,0,0,0,0,0,0,0,1,1,1,1,1,1,1,1,0,0,0,0,0,0,0,0
2013-07-24 12:00:00+00:00,60,7,12,803.648193359375,,0,0,0,0,0,0,0,0,0,0,0,0,0,0,0,0,0,0,0,0,0,0,0,0,0
2013-07-24 12:00:00+00:00,60,7,12,,530.8984985351562,0,0,0,0,0,0,0,0,0,0,0,0,0,0,0,0,0,0,0,0,0,0,0,0,0
2013-07-24 12:15:00+00:00,60,7,12,90.79869842529297,137.9947967529297,0,0,0,0,0,0,0,0,0,1,1,1,1,1,1,1,1,0,0,0,0,0,0,0,0
2013-07-24 12:15:00+00:00,60,7,12,196.6341094970703,143.53575134277344,0,0,0,0,0,0,0,0,0,0,0,0,0,1,1,1,1,0,0,0,0,0,0,0,0
2013-07-24 12:15:00+00:00,60,7,12,110.89936828613281,72.45274353027344,0,0,0,0,0,0,0,0,0,0,1,1,1,1,1,1,1,0,0,0,0,0,0,0,0
2013-07-24 12:15:00+00:00,60,7,12,471.6903076171875,176.2344512939453,0,0,0,0,0,0,0,0,0,0,0,0,0,0,0,0,0,0,0,0,0,0,0,0,0
2013-07-24 12:15:00+00:00,60,7,12,193.3168487548828,0.0,0,0,0,0,0,0,0,0,0,0,0,0,0,1,1,1,1,1,1,1,1,1,1,1,1
2013-07-24 12:15:00+00:00,60,7,12,242.4837646484375,294.6564636230469,0,0,0,0,0,0,0,0,0,0,0,0,0,0,1,1,1,0,0,0,0,0,0,0,0
2013-07-24 12:15:00+00:00,60,7,12,84.54371643066406,83.73779296875,0,0,0,0,0,0,0,0,0,1,1,1,1,1,1,1,1,0,0,0,0,0,0,0,0
2013-07-24 12:15:00+00:00,60,7,12,120.4442138671875,180.64694213867188,0,0,0,0,0,0,0,0,0,0,0,1,1,1,1,1,1,0,0,0,0,0,0,0,0
2013-07-24 12:15:00+00:00,60,7,12,240.74649047851562,237.0688018798828,0,0,0,0,0,0,0,0,0,0,0,0,0,0,1,1,1,0,0,0,0,0,0,0,0
2013-07-24 12:15:00+00:00,60,7,12,,,0,0,0,0,0,0,0,0,0,0,0,0,0,0,0,0,0,0,0,0,0,0,0,0,0
2013-07-24 12:15:00+00:00,60,7,12,,,0,0,0,0,0,0,0,0,0,0,0,0,0,0,0,0,0,0,0,0,0,0,0,0,0
2013-07-24 12:15:00+00:00,60,7,12,278.14483642578125,160.9487762451172,0,0,0,0,0,0,0,0,0,0,0,0,0,0,0,1,1,0,0,0,0,0,0,0,0
2013-07-24 12:15:00+00:00,60,7,12,,,0,0,0,0,0,0,0,0,0,0,0,0,0,0,0,0,0,0,0,0,0,0,0,0,0
2013-07-24 12:15:00+00:00,60,7,12,,388.29803466796875,0,0,0,0,0,0,0,0,0,0,0,0,0,0,0,0,0,0,0,0,0,0,0,0,0
2013-07-24 12:15:00+00:00,60,7,12,,,0,0,0,0,0,0,0,0,0,0,0,0,0,0,0,0,0,0,0,0,0,0,0,0,0
2013-07-24 12:30:00+00:00,60,7,12,64.61589813232422,38.81612777709961,0,0,0,0,0,0,0,0,1,1,1,1,1,1,1,1,1,0,0,0,0,0,1,1,1
2013-07-24 12:30:00+00:00,60,7,12,43.05455017089844,82.15641784667969,0,0,0,0,0,0,1,1,1,1,1,1,1,1,1,1,1,0,0,0,0,0,0,0,0
2013-07-24 12:30:00+00:00,60,7,12,208.7174835205078,202.0377960205078,0,0,0,0,0,0,0,0,0,0,0,0,0,0,1,1,1,0,0,0,0,0,0,0,0
2013-07-24 12:30:00+00:00,60,7,12,540.5867919921875,105.30274200439453,0,0,0,0,0,0,0,0,0,0,0,0,0,0,0,0,0,0,0,0,0,0,0,0,0
2013-07-24 12:30:00+00:00,60,7,12,348.7135925292969,268.80804443359375,0,0,0,0,0,0,0,0,0,0,0,0,0,0,0,0,1,0,0,0,0,0,0,0,0
2013-07-24 12:30:00+00:00,60,7,12,271.0928649902344,377.5085754394531,0,0,0,0,0,0,0,0,0,0,0,0,0,0,0,1,1,0,0,0,0,0,0,0,0
2013-07-24 12:30:00+00:00,60,7,12,324.7080383300781,294.5623779296875,0,0,0,0,0,0,0,0,0,0,0,0,0,0,0,0,1,0,0,0,0,0,0,0,0
2013-07-24 12:30:00+00:00,60,7,12,143.77906799316406,92.39641571044922,0,0,0,0,0,0,0,0,0,0,0,1,1,1,1,1,1,0,0,0,0,0,0,0,0
2013-07-24 12:30:00+00:00,60,7,12,664.5299682617188,624.8989868164062,0,0,0,0,0,0,0,0,0,0,0,0,0,0,0,0,0,0,0,0,0,0,0,0,0
2013-07-24 12:30:00+00:00,60,7,12,706.0980224609375,664.8350830078125,0,0,0,0,0,0,0,0,0,0,0,0,0,0,0,0,0,0,0,0,0,0,0,0,0
2013-07-24 12:30:00+00:00,60,7,12,,395.057373046875,0,0,0,0,0,0,0,0,0,0,0,0,0,0,0,0,0,0,0,0,0,0,0,0,0
2013-07-24 12:45:00+00:00,60,7,12,356.6608581542969,452.1310729980469,0,0,0,0,0,0,0,0,0,0,0,0,0,0,0,0,0,0,0,0,0,0,0,0,0
2013-07-24 12:45:00+00:00,60,7,12,292.8905334472656,413.4535217285156,0,0,0,0,0,0,0,0,0,0,0,0,0,0,0,1,1,0,0,0,0,0,0,0,0
2013-07-24 12:45:00+00:00,60,7,12,79.47015380859375,128.64877319335938,0,0,0,0,0,0,0,0,1,1,1,1,1,1,1,1,1,0,0,0,0,0,0,0,0
2013-07-24 12:45:00+00:00,60,7,12,,,0,0,0,0,0,0,0,0,0,0,0,0,0,0,0,0,0,0,0,0,0,0,0,0,0
2013-07-24 12:45:00+00:00,60,7,12,380.1813049316406,129.56588745117188,0,0,0,0,0,0,0,0,0,0,0,0,0,0,0,0,0,0,0,0,0,0,0,0,0
2013-07-24 12:45:00+00:00,60,7,12,117.15547180175781,93.01087188720703,0,0,0,0,0,0,0,0,0,0,1,1,1,1,1,1,1,0,0,0,0,0,0,0,0
2013-07-24 12:45:00+00:00,60,7,12,158.45089721679688,147.494873046875,0,0,0,0,0,0,0,0,0,0,0,0,1,1,1,1,1,0,0,0,0,0,0,0,0
2013-07-24 12:45:00+00:00,60,7,12,,434.3927307128906,0,0,0,0,0,0,0,0,0,0,0,0,0,0,0,0,0,0,0,0,0,0,0,0,0
2013-07-24 12:45:00+00:00,60,7,12,249.81324768066406,157.92718505859375,0,0,0,0,0,0,0,0,0,0,0,0,0,0,1,1,1,0,0,0,0,0,0,0,0
2013-07-24 13:00:00+00:00,60,7,13,385.3443603515625,316.684814453125,0,0,0,0,0,0,0,0,0,0,0,0,0,0,0,0,0,0,0,0,0,0,0,0,0
2013-07-24 13:00:00+00:00,60,7,13,84.1146240234375,253.18736267089844,0,0,0,0,0,0,0,0,0,1,1,1,1,1,1,1,1,0,0,0,0,0,0,0,0
2013-07-24 13:00:00+00:00,60,7,13,183.49256896972656,92.13780975341797,0,0,0,0,0,0,0,0,0,0,0,0,0,1,1,1,1,0,0,0,0,0,0,0,0
2013-07-24 13:00:00+00:00,60,7,13,267.0283508300781,112.34864807128906,0,0,0,0,0,0,0,0,0,0,0,0,0,0,0,1,1,0,0,0,0,0,0,0,0
2013-07-24 13:00:00+00:00,60,7,13,,302.8095703125,0,0,0,0,0,0,0,0,0,0,0,0,0,0,0,0,0,0,0,0,0,0,0,0,0
2013-07-24 13:00:00+00:00,60,7,13,263.3392333984375,275.69940185546875,0,0,0,0,0,0,0,0,0,0,0,0,0,0,0,1,1,0,0,0,0,0,0,0,0
2013-07-24 13:00:00+00:00,60,7,13,52.025108337402344,49.16302490234375,0,0,0,0,0,0,0,1,1,1,1,1,1,1,1,1,1,0,0,0,0,0,0,1,1
2013-07-24 13:00:00+00:00,60,7,13,164.0231170654297,164.09234619140625,0,0,0,0,0,0,0,0,0,0,0,0,1,1,1,1,1,0,0,0,0,0,0,0,0
2013-07-24 13:00:00+00:00,60,7,13,21.794315338134766,22.187450408935547,0,0,0,1,1,1,1,1,1,1,1,1,1,1,1,1,1,0,0,0,1,1,1,1,1
2013-07-24 13:15:00+00:00,60,7,13,,,0,0,0,0,0,0,0,0,0,0,0,0,0,0,0,0,0,0,0,0,0,0,0,0,0
2013-07-24 13:15:00+00:00,60,7,13,376.15087890625,11.344956398010254,0,0,0,0,0,0,0,0,0,0,0,0,0,0,0,0,0,0,1,1,1,1,1,1,1
2013-07-24 13:15:00+00:00,60,7,13,,,0,0,0,0,0,0,0,0,0,0,0,0,0,0,0,0,0,0,0,0,0,0,0,0,0
2013-07-24 13:15:00+00:00,60,7,13,87.3691177368164,155.4562530517578,0,0,0,0,0,0,0,0,0,1,1,1,1,1,1,1,1,0,0,0,0,0,0,0,0
2013-07-24 13:15:00+00:00,60,7,13,112.16590118408203,180.31980895996094,0,0,0,0,0,0,0,0,0,0,1,1,1,1,1,1,1,0,0,0,0,0,0,0,0
2013-07-24 13:15:00+00:00,60,7,13,98.56143951416016,70.70650482177734,0,0,0,0,0,0,0,0,0,1,1,1,1,1,1,1,1,0,0,0,0,0,0,0,0
2013-07-24 13:15:00+00:00,60,7,13,322.2033386230469,345.84478759765625,0,0,0,0,0,0,0,0,0,0,0,0,0,0,0,0,1,0,0,0,0,0,0,0,0
2013-07-24 13:15:00+00:00,60,7,13,317.277587890625,270.2698669433594,0,0,0,0,0,0,0,0,0,0,0,0,0,0,0,0,1,0,0,0,0,0,0,0,0
2013-07-24 13:15:00+00:00,60,7,13,192.95094299316406,97.4544677734375,0,0,0,0,0,0,0,0,0,0,0,0,0,1,1,1,1,0,0,0,0,0,0,0,0
2013-07-24 13:15:00+00:00,60,7,13,107.21331787109375,40.572967529296875,0,0,0,0,0,0,0,0,0,0,1,1,1,1,1,1,1,0,0,0,0,0,0,1,1
2013-07-24 13:15:00+00:00,60,7,13,244.9215545654297,20.765140533447266,0,0,0,0,0,0,0,0,0,0,0,0,0,0,1,1,1,0,0,0,1,1,1,1,1
2013-07-24 13:30:00+00:00,60,7,13,,,0,0,0,0,0,0,0,0,0,0,0,0,0,0,0,0,0,0,0,0,0,0,0,0,0
2013-07-24 13:30:00+00:00,60,7,13,311.4249572753906,233.23487854003906,0,0,0,0,0,0,0,0,0,0,0,0,0,0,0,0,1,0,0,0,0,0,0,0,0
2013-07-24 13:30:00+00:00,60,7,13,280.1319274902344,202.4551544189453,0,0,0,0,0,0,0,0,0,0,0,0,0,0,0,1,1,0,0,0,0,0,0,0,0
2013-07-24 13:30:00+00:00,60,7,13,284.0223388671875,63.85818099975586,0,0,0,0,0,0,0,0,0,0,0,0,0,0,0,1,1,0,0,0,0,0,0,0,0
2013-07-24 13:30:00+00:00,60,7,13,234.62266540527344,228.27149963378906,0,0,0,0,0,0,0,0,0,0,0,0,0,0,1,1,1,0,0,0,0,0,0,0,0
2013-07-24 13:30:00+00:00,60,7,13,,0.0,0,0,0,0,0,0,0,0,0,0,0,0,0,0,0,0,0,1,1,1,1,1,1,1,1
2013-07-24 13:30:00+00:00,60,7,13,292.5597229003906,140.56373596191406,0,0,0,0,0,0,0,0,0,0,0,0,0,0,0,1,1,0,0,0,0,0,0,0,0
2013-07-24 13:30:00+00:00,60,7,13,208.5245819091797,185.596923828125,0,0,0,0,0,0,0,0,0,0,0,0,0,0,1,1,1,0,0,0,0,0,0,0,0
2013-07-24 13:30:00+00:00,60,7,13,120.95507049560547,39.60993576049805,0,0,0,0,0,0,0,0,0,0,0,1,1,1,1,1,1,0,0,0,0,0,1,1,1
2013-07-24 13:30:00+00:00,60,7,13,253.6695556640625,105.96971893310547,0,0,0,0,0,0,0,0,0,0,0,0,0,0,0,1,1,0,0,0,0,0,0,0,0
2013-07-24 13:30:00+00:00,60,7,13,,149.8729248046875,0,0,0,0,0,0,0,0,0,0,0,0,0,0,0,0,0,0,0,0,0,0,0,0,0
2013-07-24 13:45:00+00:00,60,7,13,461.24493408203125,109.48942565917969,0,0,0,0,0,0,0,0,0,0,0,0,0,0,0,0,0,0,0,0,0,0,0,0,0
2013-07-24 13:45:00+00:00,60,7,13,406.7450256347656,121.12456512451172,0,0,0,0,0,0,0,0,0,0,0,0,0,0,0,0,0,0,0,0,0,0,0,0,0
2013-07-24 13:45:00+00:00,60,7,13,338.639892578125,109.78936004638672,0,0,0,0,0,0,0,0,0,0,0,0,0,0,0,0,1,0,0,0,0,0,0,0,0
2013-07-24 13:45:00+00:00,60,7,13,331.0826721191406,0.0,0,0,0,0,0,0,0,0,0,0,0,0,0,0,0,0,1,1,1,1,1,1,1,1,1
2013-07-24 13:45:00+00:00,60,7,13,123.8736572265625,12.762824058532715,0,0,0,0,0,0,0,0,0,0,0,1,1,1,1,1,1,0,1,1,1,1,1,1,1
2013-07-24 13:45:00+00:00,60,7,13,,,0,0,0,0,0,0,0,0,0,0,0,0,0,0,0,0,0,0,0,0,0,0,0,0,0
2013-07-24 13:45:00+00:00,60,7,13,,,0,0,0,0,0,0,0,0,0,0,0,0,0,0,0,0,0,0,0,0,0,0,0,0,0
2013-07-24 13:45:00+00:00,60,7,13,83.82966613769531,62.27591323852539,0,0,0,0,0,0,0,0,0,1,1,1,1,1,1,1,1,0,0,0,0,0,0,0,0
2013-07-24 13:45:00+00:00,60,7,13,170.09400939941406,196.65542602539062,0,0,0,0,0,0,0,0,0,0,0,0,1,1,1,1,1,0,0,0,0,0,0,0,0
2013-07-24 13:45:00+00:00,60,7,13,241.94329833984375,268.9624328613281,0,0,0,0,0,0,0,0,0,0,0,0,0,0,1,1,1,0,0,0,0,0,0,0,0
2013-07-24 14:00:00+00:00,60,7,14,406.2420959472656,162.79159545898438,0,0,0,0,0,0,0,0,0,0,0,0,0,0,0,0,0,0,0,0,0,0,0,0,0
2013-07-24 14:00:00+00:00,60,7,14,359.5085754394531,102.89958953857422,0,0,0,0,0,0,0,0,0,0,0,0,0,0,0,0,0,0,0,0,0,0,0,0,0
2013-07-24 14:00:00+00:00,60,7,14,45.02009201049805,0.0,0,0,0,0,0,0,1,1,1,1,1,1,1,1,1,1,1,1,1,1,1,1,1,1,1
2013-07-24 14:00:00+00:00,60,7,14,,223.0027313232422,0,0,0,0,0,0,0,0,0,0,0,0,0,0,0,0,0,0,0,0,0,0,0,0,0
2013-07-24 14:00:00+00:00,60,7,14,182.66873168945312,177.92454528808594,0,0,0,0,0,0,0,0,0,0,0,0,0,1,1,1,1,0,0,0,0,0,0,0,0
2013-07-24 14:00:00+00:00,60,7,14,63.334957122802734,16.7148380279541,0,0,0,0,0,0,0,0,1,1,1,1,1,1,1,1,1,0,0,1,1,1,1,1,1
2013-07-24 14:00:00+00:00,60,7,14,105.48995208740234,85.7638931274414,0,0,0,0,0,0,0,0,0,0,1,1,1,1,1,1,1,0,0,0,0,0,0,0,0
2013-07-24 14:00:00+00:00,60,7,14,,,0,0,0,0,0,0,0,0,0,0,0,0,0,0,0,0,0,0,0,0,0,0,0,0,0
2013-07-24 14:00:00+00:00,60,7,14,,18.34946632385254,0,0,0,0,0,0,0,0,0,0,0,0,0,0,0,0,0,0,0,1,1,1,1,1,1
2013-07-24 14:00:00+00:00,60,7,14,168.9232177734375,241.07778930664062,0,0,0,0,0,0,0,0,0,0,0,0,1,1,1,1,1,0,0,0,0,0,0,0,0
2013-07-24 14:15:00+00:00,60,7,14,192.4027862548828,106.40723419189453,0,0,0,0,0,0,0,0,0,0,0,0,0,1,1,1,1,0,0,0,0,0,0,0,0
2013-07-24 14:15:00+00:00,60,7,14,,,0,0,0,0,0,0,0,0,0,0,0,0,0,0,0,0,0,0,0,0,0,0,0,0,0
2013-07-24 14:15:00+00:00,60,7,14,110.34239196777344,154.3927001953125,0,0,0,0,0,0,0,0,0,0,1,1,1,1,1,1,1,0,0,0,0,0,0,0,0
2013-07-24 14:15:00+00:00,60,7,14,201.4728240966797,145.1846160888672,0,0,0,0,0,0,0,0,0,0,0,0,0,0,1,1,1,0,0,0,0,0,0,0,0
2013-07-24 14:15:00+00:00,60,7,14,59.64893341064453,0.0,0,0,0,0,0,0,0,1,1,1,1,1,1,1,1,1,1,1,1,1,1,1,1,1,1
2013-07-24 14:15:00+00:00,60,7,14,73.05194854736328,49.77006530761719,0,0,0,0,0,0,0,0,1,1,1,1,1,1,1,1,1,0,0,0,0,0,0,1,1
2013-07-24 14:15:00+00:00,60,7,14,114.79377746582031,125.25042724609375,0,0,0,0,0,0,0,0,0,0,1,1,1,1,1,1,1,0,0,0,0,0,0,0,0
2013-07-24 14:15:00+00:00,60,7,14,,129.4317626953125,0,0,0,0,0,0,0,0,0,0,0,0,0,0,0,0,0,0,0,0,0,0,0,0,0
2013-07-24 14:30:00+00:00,60,7,14,54.444801330566406,155.95843505859375,0,0,0,0,0,0,0,1,1,1,1,1,1,1,1,1,1,0,0,0,0,0,0,0,0
2013-07-24 14:30:00+00:00,60,7,14,235.5453643798828,177.55950927734375,0,0,0,0,0,0,0,0,0,0,0,0,0,0,1,1,1,0,0,0,0,0,0,0,0
2013-07-24 14:30:00+00:00,60,7,14,84.74433135986328,160.56996154785156,0,0,0,0,0,0,0,0,0,1,1,1,1,1,1,1,1,0,0,0,0,0,0,0,0
2013-07-24 14:30:00+00:00,60,7,14,154.39537048339844,229.7098846435547,0,0,0,0,0,0,0,0,0,0,0,0,1,1,1,1,1,0,0,0,0,0,0,0,0
2013-07-24 14:30:00+00:00,60,7,14,421.7256774902344,361.0888671875,0,0,0,0,0,0,0,0,0,0,0,0,0,0,0,0,0,0,0,0,0,0,0,0,0
2013-07-24 14:30:00+00:00,60,7,14,151.29872131347656,126.88314056396484,0,0,0,0,0,0,0,0,0,0,0,0,1,1,1,1,1,0,0,0,0,0,0,0,0
2013-07-24 14:30:00+00:00,60,7,14,188.7869110107422,42.521728515625,0,0,0,0,0,0,0,0,0,0,0,0,0,1,1,1,1,0,0,0,0,0,0,1,1
2013-07-24 14:30:00+00:00,60,7,14,64.52670288085938,0.0,0,0,0,0,0,0,0,0,1,1,1,1,1,1,1,1,1,1,1,1,1,1,1,1,1
2013-07-24 14:45:00+00:00,60,7,14,53.2190055847168,21.281129837036133,0,0,0,0,0,0,0,1,1,1,1,1,1,1,1,1,1,0,0,0,1,1,1,1,1
2013-07-24 14:45:00+00:00,60,7,14,77.49517059326172,61.282936096191406,0,0,0,0,0,0,0,0,1,1,1,1,1,1,1,1,1,0,0,0,0,0,0,0,0
2013-07-24 14:45:00+00:00,60,7,14,134.35011291503906,236.18988037109375,0,0,0,0,0,0,0,0,0,0,0,1,1,1,1,1,1,0,0,0,0,0,0,0,0
2013-07-24 14:45:00+00:00,60,7,14,37.83605194091797,9.760483741760254,0,0,0,0,0,1,1,1,1,1,1,1,1,1,1,1,1,1,1,1,1,1,1,1,1
2013-07-24 14:45:00+00:00,60,7,14,95.41944122314453,22.87560272216797,0,0,0,0,0,0,0,0,0,1,1,1,1,1,1,1,1,0,0,0,1,1,1,1,1
2013-07-24 14:45:00+00:00,60,7,14,164.95956420898438,65.1624526977539,0,0,0,0,0,0,0,0,0,0,0,0,1,1,1,1,1,0,0,0,0,0,0,0,0
2013-07-24 14:45:00+00:00,60,7,14,65.907958984375,66.87823486328125,0,0,0,0,0,0,0,0,1,1,1,1,1,1,1,1,1,0,0,0,0,0,0,0,0
2013-07-24 14:45:00+00:00,60,7,14,345.01947021484375,310.74365234375,0,0,0,0,0,0,0,0,0,0,0,0,0,0,0,0,1,0,0,0,0,0,0,0,0
2013-07-24 14:45:00+00:00,60,7,14,105.98381042480469,6.432133674621582,0,0,0,0,0,0,0,0,0,0,1,1,1,1,1,1,1,1,1,1,1,1,1,1,1
2013-07-24 14:45:00+00:00,60,7,14,74.94341278076172,49.512229919433594,0,0,0,0,0,0,0,0,1,1,1,1,1,1,1,1,1,0,0,0,0,0,0,1,1
2013-07-24 14:45:00+00:00,60,7,14,83.70668029785156,40.48894119262695,0,0,0,0,0,0,0,0,0,1,1,1,1,1,1,1,1,0,0,0,0,0,0,1,1
2013-07-24 14:45:00+00:00,60,7,14,67.34119415283203,8.841838836669922,0,0,0,0,0,0,0,0,1,1,1,1,1,1,1,1,1,1,1,1,1,1,1,1,1
2013-07-24 14:45:00+00:00,60,7,14,,80.34178924560547,0,0,0,0,0,0,0,0,0,0,0,0,0,0,0,0,0,0,0,0,0,0,0,0,0
2013-07-24 14:45:00+00:00,60,7,14,,138.53468322753906,0,0,0,0,0,0,0,0,0,0,0,0,0,0,0,0,0,0,0,0,0,0,0,0,0
2013-07-24 14:45:00+00:00,60,7,14,236.17604064941406,331.24700927734375,0,0,0,0,0,0,0,0,0,0,0,0,0,0,1,1,1,0,0,0,0,0,0,0,0
2013-07-24 15:00:00+00:00,60,7,15,92.82776641845703,13.983951568603516,0,0,0,0,0,0,0,0,0,1,1,1,1,1,1,1,1,0,1,1,1,1,1,1,1
2013-07-24 15:00:00+00:00,60,7,15,190.87710571289062,18.437108993530273,0,0,0,0,0,0,0,0,0,0,0,0,0,1,1,1,1,0,0,1,1,1,1,1,1
2013-07-24 15:00:00+00:00,60,7,15,129.38722229003906,76.54244232177734,0,0,0,0,0,0,0,0,0,0,0,1,1,1,1,1,1,0,0,0,0,0,0,0,0
2013-07-24 15:00:00+00:00,60,7,15,,489.67559814453125,0,0,0,0,0,0,0,0,0,0,0,0,0,0,0,0,0,0,0,0,0,0,0,0,0
2013-07-24 15:00:00+00:00,60,7,15,103.0131607055664,126.3587646484375,0,0,0,0,0,0,0,0,0,0,1,1,1,1,1,1,1,0,0,0,0,0,0,0,0
2013-07-24 15:00:00+00:00,60,7,15,81.83536529541016,85.04778289794922,0,0,0,0,0,0,0,0,0,1,1,1,1,1,1,1,1,0,0,0,0,0,0,0,0
2013-07-24 15:15:00+00:00,60,7,15,77.53740692138672,24.263633728027344,0,0,0,0,0,0,0,0,1,1,1,1,1,1,1,1,1,0,0,0,1,1,1,1,1
2013-07-24 15:15:00+00:00,60,7,15,132.91842651367188,109.68394470214844,0,0,0,0,0,0,0,0,0,0,0,1,1,1,1,1,1,0,0,0,0,0,0,0,0
2013-07-24 15:15:00+00:00,60,7,15,138.23487854003906,160.52769470214844,0,0,0,0,0,0,0,0,0,0,0,1,1,1,1,1,1,0,0,0,0,0,0,0,0
2013-07-24 15:15:00+00:00,60,7,15,224.12933349609375,227.27835083007812,0,0,0,0,0,0,0,0,0,0,0,0,0,0,1,1,1,0,0,0,0,0,0,0,0
2013-07-24 15:15:00+00:00,60,7,15,163.37229919433594,169.35374450683594,0,0,0,0,0,0,0,0,0,0,0,0,1,1,1,1,1,0,0,0,0,0,0,0,0
2013-07-24 15:15:00+00:00,60,7,15,129.54017639160156,9.892491340637207,0,0,0,0,0,0,0,0,0,0,0,1,1,1,1,1,1,1,1,1,1,1,1,1,1
2013-07-24 15:15:00+00:00,60,7,15,202.38397216796875,228.26698303222656,0,0,0,0,0,0,0,0,0,0,0,0,0,0,1,1,1,0,0,0,0,0,0,0,0
2013-07-24 15:15:00+00:00,60,7,15,156.2040252685547,0.0,0,0,0,0,0,0,0,0,0,0,0,0,1,1,1,1,1,1,1,1,1,1,1,1,1
2013-07-24 15:15:00+00:00,60,7,15,,496.10784912109375,0,0,0,0,0,0,0,0,0,0,0,0,0,0,0,0,0,0,0,0,0,0,0,0,0
2013-07-24 15:15:00+00:00,60,7,15,176.65663146972656,85.14366912841797,0,0,0,0,0,0,0,0,0,0,0,0,1,1,1,1,1,0,0,0,0,0,0,0,0
2013-07-24 15:15:00+00:00,60,7,15,234.21380615234375,0.0,0,0,0,0,0,0,0,0,0,0,0,0,0,0,1,1,1,1,1,1,1,1,1,1,1
2013-07-24 15:15:00+00:00,60,7,15,246.61460876464844,0.0,0,0,0,0,0,0,0,0,0,0,0,0,0,0,1,1,1,1,1,1,1,1,1,1,1
2013-07-24 15:15:00+00:00,60,7,15,128.39572143554688,85.51854705810547,0,0,0,0,0,0,0,0,0,0,0,1,1,1,1,1,1,0,0,0,0,0,0,0,0
2013-07-24 15:30:00+00:00,60,7,15,278.3606872558594,252.9897003173828,0,0,0,0,0,0,0,0,0,0,0,0,0,0,0,1,1,0,0,0,0,0,0,0,0
2013-07-24 15:30:00+00:00,60,7,15,246.760498046875,269.6951904296875,0,0,0,0,0,0,0,0,0,0,0,0,0,0,1,1,1,0,0,0,0,0,0,0,0
2013-07-24 15:30:00+00:00,60,7,15,215.45237731933594,268.15985107421875,0,0,0,0,0,0,0,0,0,0,0,0,0,0,1,1,1,0,0,0,0,0,0,0,0
2013-07-24 15:30:00+00:00,60,7,15,203.36289978027344,118.8094253540039,0,0,0,0,0,0,0,0,0,0,0,0,0,0,1,1,1,0,0,0,0,0,0,0,0
2013-07-24 15:30:00+00:00,60,7,15,129.0818328857422,35.98975372314453,0,0,0,0,0,0,0,0,0,0,0,1,1,1,1,1,1,0,0,0,0,0,1,1,1
2013-07-24 15:30:00+00:00,60,7,15,88.33348083496094,85.86833190917969,0,0,0,0,0,0,0,0,0,1,1,1,1,1,1,1,1,0,0,0,0,0,0,0,0
2013-07-24 15:30:00+00:00,60,7,15,96.88715362548828,88.61856079101562,0,0,0,0,0,0,0,0,0,1,1,1,1,1,1,1,1,0,0,0,0,0,0,0,0
2013-07-24 15:30:00+00:00,60,7,15,237.58309936523438,182.8201446533203,0,0,0,0,0,0,0,0,0,0,0,0,0,0,1,1,1,0,0,0,0,0,0,0,0
2013-07-24 15:30:00+00:00,60,7,15,145.53262329101562,127.89696502685547,0,0,0,0,0,0,0,0,0,0,0,1,1,1,1,1,1,0,0,0,0,0,0,0,0
2013-07-24 15:45:00+00:00,60,7,15,141.65069580078125,109.33638000488281,0,0,0,0,0,0,0,0,0,0,0,1,1,1,1,1,1,0,0,0,0,0,0,0,0
2013-07-24 15:45:00+00:00,60,7,15,152.238037109375,109.48130798339844,0,0,0,0,0,0,0,0,0,0,0,0,1,1,1,1,1,0,0,0,0,0,0,0,0
2013-07-24 15:45:00+00:00,60,7,15,288.228515625,215.11541748046875,0,0,0,0,0,0,0,0,0,0,0,0,0,0,0,1,1,0,0,0,0,0,0,0,0
2013-07-24 15:45:00+00:00,60,7,15,266.6647644042969,265.9343566894531,0,0,0,0,0,0,0,0,0,0,0,0,0,0,0,1,1,0,0,0,0,0,0,0,0
2013-07-24 15:45:00+00:00,60,7,15,163.6987762451172,182.25340270996094,0,0,0,0,0,0,0,0,0,0,0,0,1,1,1,1,1,0,0,0,0,0,0,0,0
2013-07-24 15:45:00+00:00,60,7,15,,350.1778564453125,0,0,0,0,0,0,0,0,0,0,0,0,0,0,0,0,0,0,0,0,0,0,0,0,0
2013-07-24 15:45:00+00:00,60,7,15,119.13623809814453,74.93191528320312,0,0,0,0,0,0,0,0,0,0,1,1,1,1,1,1,1,0,0,0,0,0,0,0,0
2013-07-24 15:45:00+00:00,60,7,15,147.45852661132812,98.71331024169922,0,0,0,0,0,0,0,0,0,0,0,1,1,1,1,1,1,0,0,0,0,0,0,0,0
2013-07-24 15:45:00+00:00,60,7,15,264.6090087890625,93.61686706542969,0,0,0,0,0,0,0,0,0,0,0,0,0,0,0,1,1,0,0,0,0,0,0,0,0
2013-07-24 15:45:00+00:00,60,7,15,148.5896453857422,106.9047622680664,0,0,0,0,0,0,0,0,0,0,0,1,1,1,1,1,1,0,0,0,0,0,0,0,0
2013-07-24 15:45:00+00:00,60,7,15,220.82655334472656,243.02505493164062,0,0,0,0,0,0,0,0,0,0,0,0,0,0,1,1,1,0,0,0,0,0,0,0,0
2013-07-24 16:00:00+00:00,60,7,16,188.1486053466797,236.2960205078125,0,0,0,0,0,0,0,0,0,0,0,0,0,1,1,1,1,0,0,0,0,0,0,0,0
2013-07-24 16:00:00+00:00,60,7,16,114.00407409667969,51.608097076416016,0,0,0,0,0,0,0,0,0,0,1,1,1,1,1,1,1,0,0,0,0,0,0,0,1
2013-07-24 16:00:00+00:00,60,7,16,216.41709899902344,178.9434051513672,0,0,0,0,0,0,0,0,0,0,0,0,0,0,1,1,1,0,0,0,0,0,0,0,0
2013-07-24 16:00:00+00:00,60,7,16,403.7557067871094,4.55288028717041,0,0,0,0,0,0,0,0,0,0,0,0,0,0,0,0,0,1,1,1,1,1,1,1,1
2013-07-24 16:00:00+00:00,60,7,16,30.138835906982422,15.756819725036621,0,0,0,0,0,1,1,1,1,1,1,1,1,1,1,1,1,0,0,1,1,1,1,1,1
2013-07-24 16:00:00+00:00,60,7,16,176.52532958984375,198.57525634765625,0,0,0,0,0,0,0,0,0,0,0,0,1,1,1,1,1,0,0,0,0,0,0,0,0
2013-07-24 16:15:00+00:00,60,7,16,138.75059509277344,10.364204406738281,0,0,0,0,0,0,0,0,0,0,0,1,1,1,1,1,1,0,1,1,1,1,1,1,1
2013-07-24 16:15:00+00:00,60,7,16,168.1488494873047,10.924051284790039,0,0,0,0,0,0,0,0,0,0,0,0,1,1,1,1,1,0,1,1,1,1,1,1,1
2013-07-24 16:15:00+00:00,60,7,16,289.3701171875,145.17617797851562,0,0,0,0,0,0,0,0,0,0,0,0,0,0,0,1,1,0,0,0,0,0,0,0,0
2013-07-24 16:30:00+00:00,60,7,16,62.92874526977539,90.99491119384766,0,0,0,0,0,0,0,0,1,1,1,1,1,1,1,1,1,0,0,0,0,0,0,0,0
2013-07-24 16:30:00+00:00,60,7,16,296.3887939453125,30.37384796142578,0,0,0,0,0,0,0,0,0,0,0,0,0,0,0,1,1,0,0,0,0,0,1,1,1
2013-07-24 16:30:00+00:00,60,7,16,142.67576599121094,168.709228515625,0,0,0,0,0,0,0,0,0,0,0,1,1,1,1,1,1,0,0,0,0,0,0,0,0
2013-07-24 16:30:00+00:00,60,7,16,104.1672134399414,91.85982513427734,0,0,0,0,0,0,0,0,0,0,1,1,1,1,1,1,1,0,0,0,0,0,0,0,0
2013-07-24 16:30:00+00:00,60,7,16,240.2559814453125,9.352116584777832,0,0,0,0,0,0,0,0,0,0,0,0,0,0,1,1,1,1,1,1,1,1,1,1,1
2013-07-24 16:30:00+00:00,60,7,16,171.99273681640625,192.7156982421875,0,0,0,0,0,0,0,0,0,0,0,0,1,1,1,1,1,0,0,0,0,0,0,0,0
2013-07-24 16:30:00+00:00,60,7,16,88.42020416259766,9.195575714111328,0,0,0,0,0,0,0,0,0,1,1,1,1,1,1,1,1,1,1,1,1,1,1,1,1
2013-07-24 16:30:00+00:00,60,7,16,177.300537109375,142.04969787597656,0,0,0,0,0,0,0,0,0,0,0,0,1,1,1,1,1,0,0,0,0,0,0,0,0
2013-07-24 16:30:00+00:00,60,7,16,56.87652587890625,6.129953861236572,0,0,0,0,0,0,0,1,1,1,1,1,1,1,1,1,1,1,1,1,1,1,1,1,1
2013-07-24 16:30:00+00:00,60,7,16,188.78997802734375,134.97169494628906,0,0,0,0,0,0,0,0,0,0,0,0,0,1,1,1,1,0,0,0,0,0,0,0,0
2013-07-24 16:45:00+00:00,60,7,16,181.53692626953125,29.86489486694336,0,0,0,0,0,0,0,0,0,0,0,0,0,1,1,1,1,0,0,0,0,1,1,1,1
2013-07-24 16:45:00+00:00,60,7,16,194.98541259765625,196.5897979736328,0,0,0,0,0,0,0,0,0,0,0,0,0,1,1,1,1,0,0,0,0,0,0,0,0
2013-07-24 16:45:00+00:00,60,7,16,178.11599731445312,197.29075622558594,0,0,0,0,0,0,0,0,0,0,0,0,1,1,1,1,1,0,0,0,0,0,0,0,0
2013-07-24 16:45:00+00:00,60,7,16,146.53370666503906,88.4459457397461,0,0,0,0,0,0,0,0,0,0,0,1,1,1,1,1,1,0,0,0,0,0,0,0,0
2013-07-24 16:45:00+00:00,60,7,16,230.7514190673828,277.14984130859375,0,0,0,0,0,0,0,0,0,0,0,0,0,0,1,1,1,0,0,0,0,0,0,0,0
2013-07-24 17:00:00+00:00,60,7,17,113.39553833007812,156.01431274414062,0,0,0,0,0,0,0,0,0,0,1,1,1,1,1,1,1,0,0,0,0,0,0,0,0
2013-07-24 17:00:00+00:00,60,7,17,248.62806701660156,3.8474788665771484,0,0,0,0,0,0,0,0,0,0,0,0,0,0,1,1,1,1,1,1,1,1,1,1,1
2013-07-24 17:00:00+00:00,60,7,17,237.48780822753906,293.4635009765625,0,0,0,0,0,0,0,0,0,0,0,0,0,0,1,1,1,0,0,0,0,0,0,0,0
2013-07-24 17:00:00+00:00,60,7,17,33.52422332763672,0.0,0,0,0,0,0,1,1,1,1,1,1,1,1,1,1,1,1,1,1,1,1,1,1,1,1
2013-07-24 17:00:00+00:00,60,7,17,285.333740234375,281.2046203613281,0,0,0,0,0,0,0,0,0,0,0,0,0,0,0,1,1,0,0,0,0,0,0,0,0
2013-07-24 17:00:00+00:00,60,7,17,220.48526000976562,194.39060974121094,0,0,0,0,0,0,0,0,0,0,0,0,0,0,1,1,1,0,0,0,0,0,0,0,0
2013-07-24 17:15:00+00:00,60,7,17,156.29449462890625,109.42739868164062,0,0,0,0,0,0,0,0,0,0,0,0,1,1,1,1,1,0,0,0,0,0,0,0,0
2013-07-24 17:15:00+00:00,60,7,17,153.96267700195312,135.8037109375,0,0,0,0,0,0,0,0,0,0,0,0,1,1,1,1,1,0,0,0,0,0,0,0,0
2013-07-24 17:15:00+00:00,60,7,17,180.16270446777344,142.76495361328125,0,0,0,0,0,0,0,0,0,0,0,0,0,1,1,1,1,0,0,0,0,0,0,0,0
2013-07-24 17:15:00+00:00,60,7,17,131.6537322998047,151.41578674316406,0,0,0,0,0,0,0,0,0,0,0,1,1,1,1,1,1,0,0,0,0,0,0,0,0
2013-07-24 17:15:00+00:00,60,7,17,254.70724487304688,369.9373779296875,0,0,0,0,0,0,0,0,0,0,0,0,0,0,0,1,1,0,0,0,0,0,0,0,0
2013-07-24 17:30:00+00:00,60,7,17,94.46402740478516,54.90695571899414,0,0,0,0,0,0,0,0,0,1,1,1,1,1,1,1,1,0,0,0,0,0,0,0,1
2013-07-24 17:30:00+00:00,60,7,17,60.18533706665039,32.81467819213867,0,0,0,0,0,0,0,0,1,1,1,1,1,1,1,1,1,0,0,0,0,0,1,1,1
2013-07-24 17:30:00+00:00,60,7,17,95.94514465332031,247.41360473632812,0,0,0,0,0,0,0,0,0,1,1,1,1,1,1,1,1,0,0,0,0,0,0,0,0
2013-07-24 17:45:00+00:00,60,7,17,,,0,0,0,0,0,0,0,0,0,0,0,0,0,0,0,0,0,0,0,0,0,0,0,0,0
2013-07-24 17:45:00+00:00,60,7,17,23.879638671875,132.1436767578125,0,0,0,1,1,1,1,1,1,1,1,1,1,1,1,1,1,0,0,0,0,0,0,0,0
2013-07-24 17:45:00+00:00,60,7,17,172.09799194335938,159.29754638671875,0,0,0,0,0,0,0,0,0,0,0,0,1,1,1,1,1,0,0,0,0,0,0,0,0
2013-07-24 17:45:00+00:00,60,7,17,183.0874481201172,187.2517852783203,0,0,0,0,0,0,0,0,0,0,0,0,0,1,1,1,1,0,0,0,0,0,0,0,0
2013-07-24 17:45:00+00:00,60,7,17,216.23580932617188,212.77081298828125,0,0,0,0,0,0,0,0,0,0,0,0,0,0,1,1,1,0,0,0,0,0,0,0,0
2013-07-24 17:45:00+00:00,60,7,17,162.6007080078125,201.188232421875,0,0,0,0,0,0,0,0,0,0,0,0,1,1,1,1,1,0,0,0,0,0,0,0,0
2013-07-24 17:45:00+00:00,60,7,17,188.49737548828125,255.22621154785156,0,0,0,0,0,0,0,0,0,0,0,0,0,1,1,1,1,0,0,0,0,0,0,0,0
2013-07-24 17:45:00+00:00,60,7,17,656.464599609375,,0,0,0,0,0,0,0,0,0,0,0,0,0,0,0,0,0,0,0,0,0,0,0,0,0
2013-07-25 10:00:00+00:00,60,7,10,,412.88629150390625,0,0,0,0,0,0,0,0,0,0,0,0,0,0,0,0,0,0,0,0,0,0,0,0,0
2013-07-25 10:00:00+00:00,60,7,10,356.7441711425781,76.81603240966797,0,0,0,0,0,0,0,0,0,0,0,0,0,0,0,0,0,0,0,0,0,0,0,0,0
2013-07-25 10:00:00+00:00,60,7,10,395.64056396484375,22.103437423706055,0,0,0,0,0,0,0,0,0,0,0,0,0,0,0,0,0,0,0,0,1,1,1,1,1
2013-07-25 10:00:00+00:00,60,7,10,,,0,0,0,0,0,0,0,0,0,0,0,0,0,0,0,0,0,0,0,0,0,0,0,0,0
2013-07-25 10:00:00+00:00,60,7,10,430.1476135253906,16.732765197753906,0,0,0,0,0,0,0,0,0,0,0,0,0,0,0,0,0,0,0,1,1,1,1,1,1
2013-07-25 10:15:00+00:00,60,7,10,278.9248046875,219.24172973632812,0,0,0,0,0,0,0,0,0,0,0,0,0,0,0,1,1,0,0,0,0,0,0,0,0
2013-07-25 10:15:00+00:00,60,7,10,276.449462890625,206.9456329345703,0,0,0,0,0,0,0,0,0,0,0,0,0,0,0,1,1,0,0,0,0,0,0,0,0
2013-07-25 10:15:00+00:00,60,7,10,264.9886474609375,185.38156127929688,0,0,0,0,0,0,0,0,0,0,0,0,0,0,0,1,1,0,0,0,0,0,0,0,0
2013-07-25 10:15:00+00:00,60,7,10,79.59188842773438,16.16896629333496,0,0,0,0,0,0,0,0,1,1,1,1,1,1,1,1,1,0,0,1,1,1,1,1,1
2013-07-25 10:15:00+00:00,60,7,10,467.62933349609375,402.2038269042969,0,0,0,0,0,0,0,0,0,0,0,0,0,0,0,0,0,0,0,0,0,0,0,0,0
2013-07-25 10:30:00+00:00,60,7,10,,,0,0,0,0,0,0,0,0,0,0,0,0,0,0,0,0,0,0,0,0,0,0,0,0,0
2013-07-25 10:30:00+00:00,60,7,10,164.4268035888672,162.93148803710938,0,0,0,0,0,0,0,0,0,0,0,0,1,1,1,1,1,0,0,0,0,0,0,0,0
2013-07-25 10:30:00+00:00,60,7,10,168.69691467285156,118.7024917602539,0,0,0,0,0,0,0,0,0,0,0,0,1,1,1,1,1,0,0,0,0,0,0,0,0
2013-07-25 10:30:00+00:00,60,7,10,216.4409942626953,149.5133056640625,0,0,0,0,0,0,0,0,0,0,0,0,0,0,1,1,1,0,0,0,0,0,0,0,0
2013-07-25 10:45:00+00:00,60,7,10,,,0,0,0,0,0,0,0,0,0,0,0,0,0,0,0,0,0,0,0,0,0,0,0,0,0
2013-07-25 10:45:00+00:00,60,7,10,372.2907409667969,79.09156036376953,0,0,0,0,0,0,0,0,0,0,0,0,0,0,0,0,0,0,0,0,0,0,0,0,0
2013-07-25 10:45:00+00:00,60,7,10,446.78900146484375,342.41009521484375,0,0,0,0,0,0,0,0,0,0,0,0,0,0,0,0,0,0,0,0,0,0,0,0,0
2013-07-25 11:00:00+00:00,60,7,11,,,0,0,0,0,0,0,0,0,0,0,0,0,0,0,0,0,0,0,0,0,0,0,0,0,0
2013-07-25 11:00:00+00:00,60,7,11,328.4808044433594,107.70370483398438,0,0,0,0,0,0,0,0,0,0,0,0,0,0,0,0,1,0,0,0,0,0,0,0,0
2013-07-25 11:00:00+00:00,60,7,11,,,0,0,0,0,0,0,0,0,0,0,0,0,0,0,0,0,0,0,0,0,0,0,0,0,0
2013-07-25 11:00:00+00:00,60,7,11,23.63481330871582,0.0,0,0,0,1,1,1,1,1,1,1,1,1,1,1,1,1,1,1,1,1,1,1,1,1,1
2013-07-25 11:00:00+00:00,60,7,11,83.50827026367188,47.278411865234375,0,0,0,0,0,0,0,0,0,1,1,1,1,1,1,1,1,0,0,0,0,0,0,1,1
2013-07-25 11:15:00+00:00,60,7,11,90.6275863647461,19.50216293334961,0,0,0,0,0,0,0,0,0,1,1,1,1,1,1,1,1,0,0,1,1,1,1,1,1
2013-07-25 11:15:00+00:00,60,7,11,421.66510009765625,151.7946319580078,0,0,0,0,0,0,0,0,0,0,0,0,0,0,0,0,0,0,0,0,0,0,0,0,0
2013-07-25 11:30:00+00:00,60,7,11,,,0,0,0,0,0,0,0,0,0,0,0,0,0,0,0,0,0,0,0,0,0,0,0,0,0
2013-07-25 11:30:00+00:00,60,7,11,,,0,0,0,0,0,0,0,0,0,0,0,0,0,0,0,0,0,0,0,0,0,0,0,0,0
2013-07-25 11:30:00+00:00,60,7,11,219.6061553955078,273.6149597167969,0,0,0,0,0,0,0,0,0,0,0,0,0,0,1,1,1,0,0,0,0,0,0,0,0
2013-07-25 11:30:00+00:00,60,7,11,305.7249450683594,229.37945556640625,0,0,0,0,0,0,0,0,0,0,0,0,0,0,0,0,1,0,0,0,0,0,0,0,0
2013-07-25 11:30:00+00:00,60,7,11,584.59619140625,461.98687744140625,0,0,0,0,0,0,0,0,0,0,0,0,0,0,0,0,0,0,0,0,0,0,0,0,0
2013-07-25 11:30:00+00:00,60,7,11,,420.40301513671875,0,0,0,0,0,0,0,0,0,0,0,0,0,0,0,0,0,0,0,0,0,0,0,0,0
2013-07-25 11:30:00+00:00,60,7,11,206.84609985351562,99.93940734863281,0,0,0,0,0,0,0,0,0,0,0,0,0,0,1,1,1,0,0,0,0,0,0,0,0
2013-07-25 11:30:00+00:00,60,7,11,131.24339294433594,0.0,0,0,0,0,0,0,0,0,0,0,0,1,1,1,1,1,1,1,1,1,1,1,1,1,1
2013-07-25 11:30:00+00:00,60,7,11,,,0,0,0,0,0,0,0,0,0,0,0,0,0,0,0,0,0,0,0,0,0,0,0,0,0
2013-07-25 11:45:00+00:00,60,7,11,283.6730041503906,335.4799499511719,0,0,0,0,0,0,0,0,0,0,0,0,0,0,0,1,1,0,0,0,0,0,0,0,0
2013-07-25 11:45:00+00:00,60,7,11,277.6615295410156,195.09397888183594,0,0,0,0,0,0,0,0,0,0,0,0,0,0,0,1,1,0,0,0,0,0,0,0,0
2013-07-25 11:45:00+00:00,60,7,11,443.82012939453125,201.07896423339844,0,0,0,0,0,0,0,0,0,0,0,0,0,0,0,0,0,0,0,0,0,0,0,0,0
2013-07-25 11:45:00+00:00,60,7,11,453.30474853515625,191.76719665527344,0,0,0,0,0,0,0,0,0,0,0,0,0,0,0,0,0,0,0,0,0,0,0,0,0
2013-07-25 11:45:00+00:00,60,7,11,,427.11859130859375,0,0,0,0,0,0,0,0,0,0,0,0,0,0,0,0,0,0,0,0,0,0,0,0,0
2013-07-25 11:45:00+00:00,60,7,11,216.31459045410156,21.104114532470703,0,0,0,0,0,0,0,0,0,0,0,0,0,0,1,1,1,0,0,0,1,1,1,1,1
2013-07-25 11:45:00+00:00,60,7,11,113.28815460205078,59.485076904296875,0,0,0,0,0,0,0,0,0,0,1,1,1,1,1,1,1,0,0,0,0,0,0,0,1
2013-07-25 12:00:00+00:00,60,7,12,,414.12994384765625,0,0,0,0,0,0,0,0,0,0,0,0,0,0,0,0,0,0,0,0,0,0,0,0,0
2013-07-25 12:00:00+00:00,60,7,12,118.23258972167969,127.15286254882812,0,0,0,0,0,0,0,0,0,0,1,1,1,1,1,1,1,0,0,0,0,0,0,0,0
2013-07-25 12:00:00+00:00,60,7,12,224.83937072753906,249.3409881591797,0,0,0,0,0,0,0,0,0,0,0,0,0,0,1,1,1,0,0,0,0,0,0,0,0
2013-07-25 12:15:00+00:00,60,7,12,,337.3579406738281,0,0,0,0,0,0,0,0,0,0,0,0,0,0,0,0,0,0,0,0,0,0,0,0,0
2013-07-25 12:15:00+00:00,60,7,12,433.4856262207031,105.7680435180664,0,0,0,0,0,0,0,0,0,0,0,0,0,0,0,0,0,0,0,0,0,0,0,0,0
2013-07-25 12:15:00+00:00,60,7,12,26.532451629638672,46.885765075683594,0,0,0,0,1,1,1,1,1,1,1,1,1,1,1,1,1,0,0,0,0,0,0,1,1
2013-07-25 12:15:00+00:00,60,7,12,91.79544067382812,139.9322509765625,0,0,0,0,0,0,0,0,0,1,1,1,1,1,1,1,1,0,0,0,0,0,0,0,0
2013-07-25 12:15:00+00:00,60,7,12,270.3541564941406,74.9540023803711,0,0,0,0,0,0,0,0,0,0,0,0,0,0,0,1,1,0,0,0,0,0,0,0,0
2013-07-25 12:15:00+00:00,60,7,12,229.6697235107422,265.62237548828125,0,0,0,0,0,0,0,0,0,0,0,0,0,0,1,1,1,0,0,0,0,0,0,0,0
2013-07-25 12:15:00+00:00,60,7,12,,,0,0,0,0,0,0,0,0,0,0,0,0,0,0,0,0,0,0,0,0,0,0,0,0,0
2013-07-25 12:30:00+00:00,60,7,12,,,0,0,0,0,0,0,0,0,0,0,0,0,0,0,0,0,0,0,0,0,0,0,0,0,0
2013-07-25 12:30:00+00:00,60,7,12,,0.0,0,0,0,0,0,0,0,0,0,0,0,0,0,0,0,0,0,1,1,1,1,1,1,1,1
2013-07-25 12:30:00+00:00,60,7,12,,18.402069091796875,0,0,0,0,0,0,0,0,0,0,0,0,0,0,0,0,0,0,0,1,1,1,1,1,1
2013-07-25 12:30:00+00:00,60,7,12,,6.7450852394104,0,0,0,0,0,0,0,0,0,0,0,0,0,0,0,0,0,1,1,1,1,1,1,1,1
2013-07-25 12:30:00+00:00,60,7,12,,422.5533447265625,0,0,0,0,0,0,0,0,0,0,0,0,0,0,0,0,0,0,0,0,0,0,0,0,0
2013-07-25 12:30:00+00:00,60,7,12,218.34107971191406,131.6387481689453,0,0,0,0,0,0,0,0,0,0,0,0,0,0,1,1,1,0,0,0,0,0,0,0,0
2013-07-25 12:30:00+00:00,60,7,12,98.47138977050781,49.99441146850586,0,0,0,0,0,0,0,0,0,1,1,1,1,1,1,1,1,0,0,0,0,0,0,1,1
2013-07-25 12:30:00+00:00,60,7,12,494.6360168457031,361.2344055175781,0,0,0,0,0,0,0,0,0,0,0,0,0,0,0,0,0,0,0,0,0,0,0,0,0
2013-07-25 12:30:00+00:00,60,7,12,310.0911560058594,81.25963592529297,0,0,0,0,0,0,0,0,0,0,0,0,0,0,0,0,1,0,0,0,0,0,0,0,0
2013-07-25 12:30:00+00:00,60,7,12,218.45068359375,4.476069927215576,0,0,0,0,0,0,0,0,0,0,0,0,0,0,1,1,1,1,1,1,1,1,1,1,1
2013-07-25 12:30:00+00:00,60,7,12,205.60020446777344,256.131103515625,0,0,0,0,0,0,0,0,0,0,0,0,0,0,1,1,1,0,0,0,0,0,0,0,0
2013-07-25 12:30:00+00:00,60,7,12,,202.1602020263672,0,0,0,0,0,0,0,0,0,0,0,0,0,0,0,0,0,0,0,0,0,0,0,0,0
2013-07-25 12:30:00+00:00,60,7,12,,390.5696105957031,0,0,0,0,0,0,0,0,0,0,0,0,0,0,0,0,0,0,0,0,0,0,0,0,0
2013-07-25 12:30:00+00:00,60,7,12,,13.639045715332031,0,0,0,0,0,0,0,0,0,0,0,0,0,0,0,0,0,0,1,1,1,1,1,1,1
2013-07-25 12:45:00+00:00,60,7,12,,9.630884170532227,0,0,0,0,0,0,0,0,0,0,0,0,0,0,0,0,0,1,1,1,1,1,1,1,1
2013-07-25 12:45:00+00:00,60,7,12,,391.2641296386719,0,0,0,0,0,0,0,0,0,0,0,0,0,0,0,0,0,0,0,0,0,0,0,0,0
2013-07-25 12:45:00+00:00,60,7,12,178.17958068847656,240.98680114746094,0,0,0,0,0,0,0,0,0,0,0,0,1,1,1,1,1,0,0,0,0,0,0,0,0
2013-07-25 12:45:00+00:00,60,7,12,224.9061279296875,150.71847534179688,0,0,0,0,0,0,0,0,0,0,0,0,0,0,1,1,1,0,0,0,0,0,0,0,0
2013-07-25 12:45:00+00:00,60,7,12,,97.42606353759766,0,0,0,0,0,0,0,0,0,0,0,0,0,0,0,0,0,0,0,0,0,0,0,0,0
2013-07-25 13:00:00+00:00,60,7,13,132.48097229003906,11.545695304870605,0,0,0,0,0,0,0,0,0,0,0,1,1,1,1,1,1,0,1,1,1,1,1,1,1
2013-07-25 13:00:00+00:00,60,7,13,407.62847900390625,399.64019775390625,0,0,0,0,0,0,0,0,0,0,0,0,0,0,0,0,0,0,0,0,0,0,0,0,0
2013-07-25 13:00:00+00:00,60,7,13,79.66675567626953,42.23602294921875,0,0,0,0,0,0,0,0,1,1,1,1,1,1,1,1,1,0,0,0,0,0,0,1,1
2013-07-25 13:00:00+00:00,60,7,13,,33.780731201171875,0,0,0,0,0,0,0,0,0,0,0,0,0,0,0,0,0,0,0,0,0,0,1,1,1
2013-07-25 13:15:00+00:00,60,7,13,298.8538818359375,400.4895324707031,0,0,0,0,0,0,0,0,0,0,0,0,0,0,0,1,1,0,0,0,0,0,0,0,0
2013-07-25 13:15:00+00:00,60,7,13,310.18304443359375,423.9019470214844,0,0,0,0,0,0,0,0,0,0,0,0,0,0,0,0,1,0,0,0,0,0,0,0,0
2013-07-25 13:15:00+00:00,60,7,13,83.4628677368164,87.62153625488281,0,0,0,0,0,0,0,0,0,1,1,1,1,1,1,1,1,0,0,0,0,0,0,0,0
2013-07-25 13:15:00+00:00,60,7,13,,,0,0,0,0,0,0,0,0,0,0,0,0,0,0,0,0,0,0,0,0,0,0,0,0,0
2013-07-25 13:15:00+00:00,60,7,13,235.18283081054688,123.40823364257812,0,0,0,0,0,0,0,0,0,0,0,0,0,0,1,1,1,0,0,0,0,0,0,0,0
2013-07-25 13:30:00+00:00,60,7,13,,28.7526912689209,0,0,0,0,0,0,0,0,0,0,0,0,0,0,0,0,0,0,0,0,0,1,1,1,1
2013-07-25 13:30:00+00:00,60,7,13,384.48175048828125,29.803014755249023,0,0,0,0,0,0,0,0,0,0,0,0,0,0,0,0,0,0,0,0,0,1,1,1,1
2013-07-25 13:30:00+00:00,60,7,13,292.25286865234375,3.069235324859619,0,0,0,0,0,0,0,0,0,0,0,0,0,0,0,1,1,1,1,1,1,1,1,1,1
2013-07-25 13:30:00+00:00,60,7,13,296.30169677734375,10.799431800842285,0,0,0,0,0,0,0,0,0,0,0,0,0,0,0,1,1,0,1,1,1,1,1,1,1
2013-07-25 13:30:00+00:00,60,7,13,123.09087371826172,96.1557846069336,0,0,0,0,0,0,0,0,0,0,0,1,1,1,1,1,1,0,0,0,0,0,0,0,0
2013-07-25 13:30:00+00:00,60,7,13,116.1935806274414,179.1897735595703,0,0,0,0,0,0,0,0,0,0,1,1,1,1,1,1,1,0,0,0,0,0,0,0,0
2013-07-25 13:30:00+00:00,60,7,13,68.46997833251953,80.49717712402344,0,0,0,0,0,0,0,0,1,1,1,1,1,1,1,1,1,0,0,0,0,0,0,0,0
2013-07-25 13:30:00+00:00,60,7,13,157.40867614746094,200.6719970703125,0,0,0,0,0,0,0,0,0,0,0,0,1,1,1,1,1,0,0,0,0,0,0,0,0
2013-07-25 13:30:00+00:00,60,7,13,307.13067626953125,91.98500061035156,0,0,0,0,0,0,0,0,0,0,0,0,0,0,0,0,1,0,0,0,0,0,0,0,0
2013-07-25 13:30:00+00:00,60,7,13,86.30813598632812,47.03380584716797,0,0,0,0,0,0,0,0,0,1,1,1,1,1,1,1,1,0,0,0,0,0,0,1,1
2013-07-25 13:30:00+00:00,60,7,13,259.47796630859375,259.8907775878906,0,0,0,0,0,0,0,0,0,0,0,0,0,0,0,1,1,0,0,0,0,0,0,0,0
2013-07-25 13:30:00+00:00,60,7,13,,,0,0,0,0,0,0,0,0,0,0,0,0,0,0,0,0,0,0,0,0,0,0,0,0,0
2013-07-25 13:45:00+00:00,60,7,13,,,0,0,0,0,0,0,0,0,0,0,0,0,0,0,0,0,0,0,0,0,0,0,0,0,0
2013-07-25 13:45:00+00:00,60,7,13,27.530954360961914,11.387466430664062,0,0,0,0,1,1,1,1,1,1,1,1,1,1,1,1,1,0,1,1,1,1,1,1,1
2013-07-25 13:45:00+00:00,60,7,13,186.64308166503906,468.83050537109375,0,0,0,0,0,0,0,0,0,0,0,0,0,1,1,1,1,0,0,0,0,0,0,0,0
2013-07-25 13:45:00+00:00,60,7,13,165.86456298828125,189.25596618652344,0,0,0,0,0,0,0,0,0,0,0,0,1,1,1,1,1,0,0,0,0,0,0,0,0
2013-07-25 13:45:00+00:00,60,7,13,308.8442687988281,310.259521484375,0,0,0,0,0,0,0,0,0,0,0,0,0,0,0,0,1,0,0,0,0,0,0,0,0
2013-07-25 13:45:00+00:00,60,7,13,106.36859130859375,84.95614624023438,0,0,0,0,0,0,0,0,0,0,1,1,1,1,1,1,1,0,0,0,0,0,0,0,0
2013-07-25 13:45:00+00:00,60,7,13,143.26412963867188,9.511022567749023,0,0,0,0,0,0,0,0,0,0,0,1,1,1,1,1,1,1,1,1,1,1,1,1,1
2013-07-25 13:45:00+00:00,60,7,13,309.2736511230469,246.99456787109375,0,0,0,0,0,0,0,0,0,0,0,0,0,0,0,0,1,0,0,0,0,0,0,0,0
2013-07-25 13:45:00+00:00,60,7,13,115.50392150878906,81.56402587890625,0,0,0,0,0,0,0,0,0,0,1,1,1,1,1,1,1,0,0,0,0,0,0,0,0
2013-07-25 13:45:00+00:00,60,7,13,45.30060958862305,0.0,0,0,0,0,0,0,1,1,1,1,1,1,1,1,1,1,1,1,1,1,1,1,1,1,1
2013-07-25 14:00:00+00:00,60,7,14,148.32598876953125,0.0,0,0,0,0,0,0,0,0,0,0,0,1,1,1,1,1,1,1,1,1,1,1,1,1,1
2013-07-25 14:00:00+00:00,60,7,14,91.1122055053711,114.0383529663086,0,0,0,0,0,0,0,0,0,1,1,1,1,1,1,1,1,0,0,0,0,0,0,0,0
2013-07-25 14:00:00+00:00,60,7,14,305.8241271972656,266.39862060546875,0,0,0,0,0,0,0,0,0,0,0,0,0,0,0,0,1,0,0,0,0,0,0,0,0
2013-07-25 14:00:00+00:00,60,7,14,,,0,0,0,0,0,0,0,0,0,0,0,0,0,0,0,0,0,0,0,0,0,0,0,0,0
2013-07-25 14:00:00+00:00,60,7,14,281.73907470703125,220.021240234375,0,0,0,0,0,0,0,0,0,0,0,0,0,0,0,1,1,0,0,0,0,0,0,0,0
2013-07-25 14:00:00+00:00,60,7,14,44.17264175415039,32.0057373046875,0,0,0,0,0,0,1,1,1,1,1,1,1,1,1,1,1,0,0,0,0,0,1,1,1
2013-07-25 14:15:00+00:00,60,7,14,166.29470825195312,50.808998107910156,0,0,0,0,0,0,0,0,0,0,0,0,1,1,1,1,1,0,0,0,0,0,0,0,1
2013-07-25 14:15:00+00:00,60,7,14,221.92901611328125,269.2558898925781,0,0,0,0,0,0,0,0,0,0,0,0,0,0,1,1,1,0,0,0,0,0,0,0,0
2013-07-25 14:15:00+00:00,60,7,14,97.57710266113281,75.98493957519531,0,0,0,0,0,0,0,0,0,1,1,1,1,1,1,1,1,0,0,0,0,0,0,0,0
2013-07-25 14:15:00+00:00,60,7,14,347.1071472167969,319.3584899902344,0,0,0,0,0,0,0,0,0,0,0,0,0,0,0,0,1,0,0,0,0,0,0,0,0
2013-07-25 14:15:00+00:00,60,7,14,194.90211486816406,305.8285217285156,0,0,0,0,0,0,0,0,0,0,0,0,0,1,1,1,1,0,0,0,0,0,0,0,0
2013-07-25 14:30:00+00:00,60,7,14,,,0,0,0,0,0,0,0,0,0,0,0,0,0,0,0,0,0,0,0,0,0,0,0,0,0
2013-07-25 14:30:00+00:00,60,7,14,316.39654541015625,317.1828918457031,0,0,0,0,0,0,0,0,0,0,0,0,0,0,0,0,1,0,0,0,0,0,0,0,0
2013-07-25 14:30:00+00:00,60,7,14,132.51870727539062,92.80084991455078,0,0,0,0,0,0,0,0,0,0,0,1,1,1,1,1,1,0,0,0,0,0,0,0,0
2013-07-25 14:30:00+00:00,60,7,14,,,0,0,0,0,0,0,0,0,0,0,0,0,0,0,0,0,0,0,0,0,0,0,0,0,0
2013-07-25 14:45:00+00:00,60,7,14,113.9792709350586,203.14988708496094,0,0,0,0,0,0,0,0,0,0,1,1,1,1,1,1,1,0,0,0,0,0,0,0,0
2013-07-25 14:45:00+00:00,60,7,14,73.66780090332031,114.32539367675781,0,0,0,0,0,0,0,0,1,1,1,1,1,1,1,1,1,0,0,0,0,0,0,0,0
2013-07-25 14:45:00+00:00,60,7,14,306.8392333984375,313.549072265625,0,0,0,0,0,0,0,0,0,0,0,0,0,0,0,0,1,0,0,0,0,0,0,0,0
2013-07-25 14:45:00+00:00,60,7,14,,,0,0,0,0,0,0,0,0,0,0,0,0,0,0,0,0,0,0,0,0,0,0,0,0,0
2013-07-25 15:00:00+00:00,60,7,15,334.3700256347656,338.54913330078125,0,0,0,0,0,0,0,0,0,0,0,0,0,0,0,0,1,0,0,0,0,0,0,0,0
2013-07-25 15:00:00+00:00,60,7,15,132.07701110839844,60.02090835571289,0,0,0,0,0,0,0,0,0,0,0,1,1,1,1,1,1,0,0,0,0,0,0,0,0
2013-07-25 15:00:00+00:00,60,7,15,176.3622589111328,7.057219505310059,0,0,0,0,0,0,0,0,0,0,0,0,1,1,1,1,1,1,1,1,1,1,1,1,1
2013-07-25 15:00:00+00:00,60,7,15,151.1895294189453,22.909082412719727,0,0,0,0,0,0,0,0,0,0,0,0,1,1,1,1,1,0,0,0,1,1,1,1,1
2013-07-25 15:00:00+00:00,60,7,15,120.37252044677734,170.18995666503906,0,0,0,0,0,0,0,0,0,0,0,1,1,1,1,1,1,0,0,0,0,0,0,0,0
2013-07-25 15:00:00+00:00,60,7,15,63.86343765258789,83.89029693603516,0,0,0,0,0,0,0,0,1,1,1,1,1,1,1,1,1,0,0,0,0,0,0,0,0
2013-07-25 15:00:00+00:00,60,7,15,,,0,0,0,0,0,0,0,0,0,0,0,0,0,0,0,0,0,0,0,0,0,0,0,0,0
2013-07-25 15:15:00+00:00,60,7,15,214.79734802246094,199.7456512451172,0,0,0,0,0,0,0,0,0,0,0,0,0,0,1,1,1,0,0,0,0,0,0,0,0
2013-07-25 15:15:00+00:00,60,7,15,249.60862731933594,7.083469867706299,0,0,0,0,0,0,0,0,0,0,0,0,0,0,1,1,1,1,1,1,1,1,1,1,1
2013-07-25 15:15:00+00:00,60,7,15,195.65792846679688,109.86991119384766,0,0,0,0,0,0,0,0,0,0,0,0,0,1,1,1,1,0,0,0,0,0,0,0,0
2013-07-25 15:15:00+00:00,60,7,15,215.3331756591797,200.02174377441406,0,0,0,0,0,0,0,0,0,0,0,0,0,0,1,1,1,0,0,0,0,0,0,0,0
2013-07-25 15:15:00+00:00,60,7,15,70.03136444091797,35.658023834228516,0,0,0,0,0,0,0,0,1,1,1,1,1,1,1,1,1,0,0,0,0,0,1,1,1
2013-07-25 15:30:00+00:00,60,7,15,186.21426391601562,20.808109283447266,0,0,0,0,0,0,0,0,0,0,0,0,0,1,1,1,1,0,0,0,1,1,1,1,1
2013-07-25 15:30:00+00:00,60,7,15,97.19990539550781,34.39037322998047,0,0,0,0,0,0,0,0,0,1,1,1,1,1,1,1,1,0,0,0,0,0,1,1,1
2013-07-25 15:30:00+00:00,60,7,15,82.53765869140625,55.23995590209961,0,0,0,0,0,0,0,0,0,1,1,1,1,1,1,1,1,0,0,0,0,0,0,0,1
2013-07-25 15:45:00+00:00,60,7,15,,,0,0,0,0,0,0,0,0,0,0,0,0,0,0,0,0,0,0,0,0,0,0,0,0,0
2013-07-25 15:45:00+00:00,60,7,15,,,0,0,0,0,0,0,0,0,0,0,0,0,0,0,0,0,0,0,0,0,0,0,0,0,0
2013-07-25 15:45:00+00:00,60,7,15,96.41556549072266,29.98076629638672,0,0,0,0,0,0,0,0,0,1,1,1,1,1,1,1,1,0,0,0,0,1,1,1,1
2013-07-25 15:45:00+00:00,60,7,15,143.9058380126953,193.75335693359375,0,0,0,0,0,0,0,0,0,0,0,1,1,1,1,1,1,0,0,0,0,0,0,0,0
2013-07-25 16:00:00+00:00,60,7,16,423.34674072265625,108.26575469970703,0,0,0,0,0,0,0,0,0,0,0,0,0,0,0,0,0,0,0,0,0,0,0,0,0
2013-07-25 16:00:00+00:00,60,7,16,106.7499008178711,135.84364318847656,0,0,0,0,0,0,0,0,0,0,1,1,1,1,1,1,1,0,0,0,0,0,0,0,0
2013-07-25 16:00:00+00:00,60,7,16,112.66693115234375,133.88897705078125,0,0,0,0,0,0,0,0,0,0,1,1,1,1,1,1,1,0,0,0,0,0,0,0,0
2013-07-25 16:00:00+00:00,60,7,16,360.5419921875,326.3546447753906,0,0,0,0,0,0,0,0,0,0,0,0,0,0,0,0,0,0,0,0,0,0,0,0,0
2013-07-25 16:15:00+00:00,60,7,16,261.9840087890625,251.767822265625,0,0,0,0,0,0,0,0,0,0,0,0,0,0,0,1,1,0,0,0,0,0,0,0,0
2013-07-25 16:15:00+00:00,60,7,16,,63.503910064697266,0,0,0,0,0,0,0,0,0,0,0,0,0,0,0,0,0,0,0,0,0,0,0,0,0
2013-07-25 16:15:00+00:00,60,7,16,,,0,0,0,0,0,0,0,0,0,0,0,0,0,0,0,0,0,0,0,0,0,0,0,0,0
2013-07-25 16:30:00+00:00,60,7,16,546.3250732421875,,0,0,0,0,0,0,0,0,0,0,0,0,0,0,0,0,0,0,0,0,0,0,0,0,0
2013-07-25 16:30:00+00:00,60,7,16,116.87433624267578,167.17764282226562,0,0,0,0,0,0,0,0,0,0,1,1,1,1,1,1,1,0,0,0,0,0,0,0,0
2013-07-25 16:30:00+00:00,60,7,16,,12.217528343200684,0,0,0,0,0,0,0,0,0,0,0,0,0,0,0,0,0,0,1,1,1,1,1,1,1
2013-07-25 16:45:00+00:00,60,7,16,89.70991516113281,76.72872161865234,0,0,0,0,0,0,0,0,0,1,1,1,1,1,1,1,1,0,0,0,0,0,0,0,0
2013-07-25 16:45:00+00:00,60,7,16,25.252347946166992,9.738139152526855,0,0,0,0,1,1,1,1,1,1,1,1,1,1,1,1,1,1,1,1,1,1,1,1,1
2013-07-25 16:45:00+00:00,60,7,16,,,0,0,0,0,0,0,0,0,0,0,0,0,0,0,0,0,0,0,0,0,0,0,0,0,0
2013-07-25 17:00:00+00:00,60,7,17,205.63128662109375,300.4637145996094,0,0,0,0,0,0,0,0,0,0,0,0,0,0,1,1,1,0,0,0,0,0,0,0,0
2013-07-25 17:00:00+00:00,60,7,17,287.4573669433594,229.26718139648438,0,0,0,0,0,0,0,0,0,0,0,0,0,0,0,1,1,0,0,0,0,0,0,0,0
2013-07-25 17:00:00+00:00,60,7,17,,0.0,0,0,0,0,0,0,0,0,0,0,0,0,0,0,0,0,0,1,1,1,1,1,1,1,1
2013-07-25 17:00:00+00:00,60,7,17,,,0,0,0,0,0,0,0,0,0,0,0,0,0,0,0,0,0,0,0,0,0,0,0,0,0
2013-07-25 17:00:00+00:00,60,7,17,,,0,0,0,0,0,0,0,0,0,0,0,0,0,0,0,0,0,0,0,0,0,0,0,0,0
2013-07-25 17:15:00+00:00,60,7,17,,,0,0,0,0,0,0,0,0,0,0,0,0,0,0,0,0,0,0,0,0,0,0,0,0,0
2013-07-25 17:15:00+00:00,60,7,17,115.63076782226562,433.8755798339844,0,0,0,0,0,0,0,0,0,0,1,1,1,1,1,1,1,0,0,0,0,0,0,0,0
2013-07-25 17:15:00+00:00,60,7,17,,,0,0,0,0,0,0,0,0,0,0,0,0,0,0,0,0,0,0,0,0,0,0,0,0,0
2013-07-25 17:15:00+00:00,60,7,17,30.978242874145508,3.2183010578155518,0,0,0,0,0,1,1,1,1,1,1,1,1,1,1,1,1,1,1,1,1,1,1,1,1
2013-07-25 17:45:00+00:00,60,7,17,447.701904296875,11.736461639404297,0,0,0,0,0,0,0,0,0,0,0,0,0,0,0,0,0,0,1,1,1,1,1,1,1
2013-07-25 17:45:00+00:00,60,7,17,289.4915771484375,44.0005989074707,0,0,0,0,0,0,0,0,0,0,0,0,0,0,0,1,1,0,0,0,0,0,0,1,1
2013-07-25 17:45:00+00:00,60,7,17,263.25225830078125,6.25494909286499,0,0,0,0,0,0,0,0,0,0,0,0,0,0,0,1,1,1,1,1,1,1,1,1,1
2013-07-25 17:45:00+00:00,60,7,17,,,0,0,0,0,0,0,0,0,0,0,0,0,0,0,0,0,0,0,0,0,0,0,0,0,0
2013-07-25 17:45:00+00:00,60,7,17,,,0,0,0,0,0,0,0,0,0,0,0,0,0,0,0,0,0,0,0,0,0,0,0,0,0
2013-07-26 10:00:00+00:00,60,7,10,246.34408569335938,272.3778076171875,0,0,0,0,0,0,0,0,0,0,0,0,0,0,1,1,1,0,0,0,0,0,0,0,0
2013-07-26 10:00:00+00:00,60,7,10,,,0,0,0,0,0,0,0,0,0,0,0,0,0,0,0,0,0,0,0,0,0,0,0,0,0
2013-07-26 10:00:00+00:00,60,7,10,,,0,0,0,0,0,0,0,0,0,0,0,0,0,0,0,0,0,0,0,0,0,0,0,0,0
2013-07-26 10:00:00+00:00,60,7,10,,,0,0,0,0,0,0,0,0,0,0,0,0,0,0,0,0,0,0,0,0,0,0,0,0,0
2013-07-26 10:00:00+00:00,60,7,10,,,0,0,0,0,0,0,0,0,0,0,0,0,0,0,0,0,0,0,0,0,0,0,0,0,0
2013-07-26 10:00:00+00:00,60,7,10,,,0,0,0,0,0,0,0,0,0,0,0,0,0,0,0,0,0,0,0,0,0,0,0,0,0
2013-07-26 10:15:00+00:00,60,7,10,319.3307800292969,335.2536315917969,0,0,0,0,0,0,0,0,0,0,0,0,0,0,0,0,1,0,0,0,0,0,0,0,0
2013-07-26 10:15:00+00:00,60,7,10,,,0,0,0,0,0,0,0,0,0,0,0,0,0,0,0,0,0,0,0,0,0,0,0,0,0
2013-07-26 10:15:00+00:00,60,7,10,,,0,0,0,0,0,0,0,0,0,0,0,0,0,0,0,0,0,0,0,0,0,0,0,0,0
2013-07-26 10:15:00+00:00,60,7,10,,,0,0,0,0,0,0,0,0,0,0,0,0,0,0,0,0,0,0,0,0,0,0,0,0,0
2013-07-26 10:15:00+00:00,60,7,10,,,0,0,0,0,0,0,0,0,0,0,0,0,0,0,0,0,0,0,0,0,0,0,0,0,0
2013-07-26 10:30:00+00:00,60,7,10,287.1728210449219,286.2770690917969,0,0,0,0,0,0,0,0,0,0,0,0,0,0,0,1,1,0,0,0,0,0,0,0,0
2013-07-26 10:30:00+00:00,60,7,10,,,0,0,0,0,0,0,0,0,0,0,0,0,0,0,0,0,0,0,0,0,0,0,0,0,0
2013-07-26 10:30:00+00:00,60,7,10,,,0,0,0,0,0,0,0,0,0,0,0,0,0,0,0,0,0,0,0,0,0,0,0,0,0
2013-07-26 10:30:00+00:00,60,7,10,,,0,0,0,0,0,0,0,0,0,0,0,0,0,0,0,0,0,0,0,0,0,0,0,0,0
2013-07-26 10:30:00+00:00,60,7,10,,,0,0,0,0,0,0,0,0,0,0,0,0,0,0,0,0,0,0,0,0,0,0,0,0,0
2013-07-26 10:45:00+00:00,60,7,10,,,0,0,0,0,0,0,0,0,0,0,0,0,0,0,0,0,0,0,0,0,0,0,0,0,0
2013-07-26 10:45:00+00:00,60,7,10,,,0,0,0,0,0,0,0,0,0,0,0,0,0,0,0,0,0,0,0,0,0,0,0,0,0
2013-07-26 10:45:00+00:00,60,7,10,,,0,0,0,0,0,0,0,0,0,0,0,0,0,0,0,0,0,0,0,0,0,0,0,0,0
2013-07-26 11:00:00+00:00,60,7,11,,169.83743286132812,0,0,0,0,0,0,0,0,0,0,0,0,0,0,0,0,0,0,0,0,0,0,0,0,0
2013-07-26 11:00:00+00:00,60,7,11,279.92999267578125,206.68121337890625,0,0,0,0,0,0,0,0,0,0,0,0,0,0,0,1,1,0,0,0,0,0,0,0,0
2013-07-26 11:00:00+00:00,60,7,11,,,0,0,0,0,0,0,0,0,0,0,0,0,0,0,0,0,0,0,0,0,0,0,0,0,0
2013-07-26 11:00:00+00:00,60,7,11,,262.59527587890625,0,0,0,0,0,0,0,0,0,0,0,0,0,0,0,0,0,0,0,0,0,0,0,0,0
2013-07-26 11:00:00+00:00,60,7,11,,390.2143249511719,0,0,0,0,0,0,0,0,0,0,0,0,0,0,0,0,0,0,0,0,0,0,0,0,0
2013-07-26 11:00:00+00:00,60,7,11,,293.503173828125,0,0,0,0,0,0,0,0,0,0,0,0,0,0,0,0,0,0,0,0,0,0,0,0,0
2013-07-26 11:00:00+00:00,60,7,11,141.2668914794922,139.12664794921875,0,0,0,0,0,0,0,0,0,0,0,1,1,1,1,1,1,0,0,0,0,0,0,0,0
2013-07-26 11:15:00+00:00,60,7,11,,271.1600646972656,0,0,0,0,0,0,0,0,0,0,0,0,0,0,0,0,0,0,0,0,0,0,0,0,0
2013-07-26 11:15:00+00:00,60,7,11,,202.2711639404297,0,0,0,0,0,0,0,0,0,0,0,0,0,0,0,0,0,0,0,0,0,0,0,0,0
2013-07-26 11:15:00+00:00,60,7,11,,0.0,0,0,0,0,0,0,0,0,0,0,0,0,0,0,0,0,0,1,1,1,1,1,1,1,1
2013-07-26 11:15:00+00:00,60,7,11,,34.837127685546875,0,0,0,0,0,0,0,0,0,0,0,0,0,0,0,0,0,0,0,0,0,0,1,1,1
2013-07-26 11:15:00+00:00,60,7,11,53.74949264526367,46.476844787597656,0,0,0,0,0,0,0,1,1,1,1,1,1,1,1,1,1,0,0,0,0,0,0,1,1
2013-07-26 11:30:00+00:00,60,7,11,293.39453125,208.54949951171875,0,0,0,0,0,0,0,0,0,0,0,0,0,0,0,1,1,0,0,0,0,0,0,0,0
2013-07-26 11:30:00+00:00,60,7,11,,70.90901184082031,0,0,0,0,0,0,0,0,0,0,0,0,0,0,0,0,0,0,0,0,0,0,0,0,0
2013-07-26 11:30:00+00:00,60,7,11,,12.498177528381348,0,0,0,0,0,0,0,0,0,0,0,0,0,0,0,0,0,0,1,1,1,1,1,1,1
2013-07-26 11:30:00+00:00,60,7,11,,0.0,0,0,0,0,0,0,0,0,0,0,0,0,0,0,0,0,0,1,1,1,1,1,1,1,1
2013-07-26 11:30:00+00:00,60,7,11,,149.87884521484375,0,0,0,0,0,0,0,0,0,0,0,0,0,0,0,0,0,0,0,0,0,0,0,0,0
2013-07-26 11:30:00+00:00,60,7,11,,17.232561111450195,0,0,0,0,0,0,0,0,0,0,0,0,0,0,0,0,0,0,0,1,1,1,1,1,1
2013-07-26 11:45:00+00:00,60,7,11,250.98179626464844,121.11257934570312,0,0,0,0,0,0,0,0,0,0,0,0,0,0,0,1,1,0,0,0,0,0,0,0,0
2013-07-26 11:45:00+00:00,60,7,11,271.8099060058594,142.18765258789062,0,0,0,0,0,0,0,0,0,0,0,0,0,0,0,1,1,0,0,0,0,0,0,0,0
2013-07-26 11:45:00+00:00,60,7,11,,,0,0,0,0,0,0,0,0,0,0,0,0,0,0,0,0,0,0,0,0,0,0,0,0,0
2013-07-26 11:45:00+00:00,60,7,11,,233.94789123535156,0,0,0,0,0,0,0,0,0,0,0,0,0,0,0,0,0,0,0,0,0,0,0,0,0
2013-07-26 12:00:00+00:00,60,7,12,528.9295654296875,370.0709228515625,0,0,0,0,0,0,0,0,0,0,0,0,0,0,0,0,0,0,0,0,0,0,0,0,0
2013-07-26 12:00:00+00:00,60,7,12,53.933597564697266,6.352877140045166,0,0,0,0,0,0,0,1,1,1,1,1,1,1,1,1,1,1,1,1,1,1,1,1,1
2013-07-26 12:00:00+00:00,60,7,12,216.96949768066406,200.26002502441406,0,0,0,0,0,0,0,0,0,0,0,0,0,0,1,1,1,0,0,0,0,0,0,0,0
2013-07-26 12:00:00+00:00,60,7,12,266.0531921386719,222.84226989746094,0,0,0,0,0,0,0,0,0,0,0,0,0,0,0,1,1,0,0,0,0,0,0,0,0
2013-07-26 12:00:00+00:00,60,7,12,,,0,0,0,0,0,0,0,0,0,0,0,0,0,0,0,0,0,0,0,0,0,0,0,0,0
2013-07-26 12:00:00+00:00,60,7,12,,,0,0,0,0,0,0,0,0,0,0,0,0,0,0,0,0,0,0,0,0,0,0,0,0,0
2013-07-26 12:00:00+00:00,60,7,12,221.28724670410156,134.26901245117188,0,0,0,0,0,0,0,0,0,0,0,0,0,0,1,1,1,0,0,0,0,0,0,0,0
2013-07-26 12:00:00+00:00,60,7,12,,,0,0,0,0,0,0,0,0,0,0,0,0,0,0,0,0,0,0,0,0,0,0,0,0,0
2013-07-26 12:00:00+00:00,60,7,12,686.5245361328125,10.606464385986328,0,0,0,0,0,0,0,0,0,0,0,0,0,0,0,0,0,0,1,1,1,1,1,1,1
2013-07-26 12:00:00+00:00,60,7,12,251.11553955078125,405.0831298828125,0,0,0,0,0,0,0,0,0,0,0,0,0,0,0,1,1,0,0,0,0,0,0,0,0
2013-07-26 12:00:00+00:00,60,7,12,,110.18941497802734,0,0,0,0,0,0,0,0,0,0,0,0,0,0,0,0,0,0,0,0,0,0,0,0,0
2013-07-26 12:15:00+00:00,60,7,12,144.76837158203125,206.8450927734375,0,0,0,0,0,0,0,0,0,0,0,1,1,1,1,1,1,0,0,0,0,0,0,0,0
2013-07-26 12:15:00+00:00,60,7,12,369.2151794433594,416.7378234863281,0,0,0,0,0,0,0,0,0,0,0,0,0,0,0,0,0,0,0,0,0,0,0,0,0
2013-07-26 12:15:00+00:00,60,7,12,143.1278533935547,89.23908233642578,0,0,0,0,0,0,0,0,0,0,0,1,1,1,1,1,1,0,0,0,0,0,0,0,0
2013-07-26 12:15:00+00:00,60,7,12,81.78178405761719,13.108428955078125,0,0,0,0,0,0,0,0,0,1,1,1,1,1,1,1,1,0,1,1,1,1,1,1,1
2013-07-26 12:15:00+00:00,60,7,12,160.6606903076172,25.62106704711914,0,0,0,0,0,0,0,0,0,0,0,0,1,1,1,1,1,0,0,0,0,1,1,1,1
2013-07-26 12:15:00+00:00,60,7,12,210.92369079589844,475.3981018066406,0,0,0,0,0,0,0,0,0,0,0,0,0,0,1,1,1,0,0,0,0,0,0,0,0
2013-07-26 12:30:00+00:00,60,7,12,,,0,0,0,0,0,0,0,0,0,0,0,0,0,0,0,0,0,0,0,0,0,0,0,0,0
2013-07-26 12:30:00+00:00,60,7,12,90.10301971435547,186.3784637451172,0,0,0,0,0,0,0,0,0,1,1,1,1,1,1,1,1,0,0,0,0,0,0,0,0
2013-07-26 12:30:00+00:00,60,7,12,,,0,0,0,0,0,0,0,0,0,0,0,0,0,0,0,0,0,0,0,0,0,0,0,0,0
2013-07-26 12:30:00+00:00,60,7,12,,124.95165252685547,0,0,0,0,0,0,0,0,0,0,0,0,0,0,0,0,0,0,0,0,0,0,0,0,0
2013-07-26 12:30:00+00:00,60,7,12,258.9015197753906,17.706024169921875,0,0,0,0,0,0,0,0,0,0,0,0,0,0,0,1,1,0,0,1,1,1,1,1,1
2013-07-26 12:45:00+00:00,60,7,12,,,0,0,0,0,0,0,0,0,0,0,0,0,0,0,0,0,0,0,0,0,0,0,0,0,0
2013-07-26 12:45:00+00:00,60,7,12,,,0,0,0,0,0,0,0,0,0,0,0,0,0,0,0,0,0,0,0,0,0,0,0,0,0
2013-07-26 12:45:00+00:00,60,7,12,320.07958984375,368.09814453125,0,0,0,0,0,0,0,0,0,0,0,0,0,0,0,0,1,0,0,0,0,0,0,0,0
2013-07-26 12:45:00+00:00,60,7,12,340.4244079589844,,0,0,0,0,0,0,0,0,0,0,0,0,0,0,0,0,1,0,0,0,0,0,0,0,0
2013-07-26 12:45:00+00:00,60,7,12,434.9167175292969,,0,0,0,0,0,0,0,0,0,0,0,0,0,0,0,0,0,0,0,0,0,0,0,0,0
2013-07-26 12:45:00+00:00,60,7,12,264.960205078125,368.97216796875,0,0,0,0,0,0,0,0,0,0,0,0,0,0,0,1,1,0,0,0,0,0,0,0,0
2013-07-26 12:45:00+00:00,60,7,12,,4.721836090087891,0,0,0,0,0,0,0,0,0,0,0,0,0,0,0,0,0,1,1,1,1,1,1,1,1
2013-07-26 12:45:00+00:00,60,7,12,,31.10230255126953,0,0,0,0,0,0,0,0,0,0,0,0,0,0,0,0,0,0,0,0,0,0,1,1,1
2013-07-26 12:45:00+00:00,60,7,12,,22.82331085205078,0,0,0,0,0,0,0,0,0,0,0,0,0,0,0,0,0,0,0,0,1,1,1,1,1
2013-07-26 12:45:00+00:00,60,7,12,61.906639099121094,58.64493942260742,0,0,0,0,0,0,0,0,1,1,1,1,1,1,1,1,1,0,0,0,0,0,0,0,1
2013-07-26 12:45:00+00:00,60,7,12,154.27772521972656,78.16248321533203,0,0,0,0,0,0,0,0,0,0,0,0,1,1,1,1,1,0,0,0,0,0,0,0,0
2013-07-26 12:45:00+00:00,60,7,12,187.57774353027344,158.64108276367188,0,0,0,0,0,0,0,0,0,0,0,0,0,1,1,1,1,0,0,0,0,0,0,0,0
2013-07-26 13:00:00+00:00,60,7,13,,233.1045379638672,0,0,0,0,0,0,0,0,0,0,0,0,0,0,0,0,0,0,0,0,0,0,0,0,0
2013-07-26 13:00:00+00:00,60,7,13,135.534912109375,194.09942626953125,0,0,0,0,0,0,0,0,0,0,0,1,1,1,1,1,1,0,0,0,0,0,0,0,0
2013-07-26 13:00:00+00:00,60,7,13,,16.374935150146484,0,0,0,0,0,0,0,0,0,0,0,0,0,0,0,0,0,0,0,1,1,1,1,1,1
2013-07-26 13:00:00+00:00,60,7,13,56.0496940612793,50.095481872558594,0,0,0,0,0,0,0,1,1,1,1,1,1,1,1,1,1,0,0,0,0,0,0,0,1
2013-07-26 13:00:00+00:00,60,7,13,,16.363964080810547,0,0,0,0,0,0,0,0,0,0,0,0,0,0,0,0,0,0,0,1,1,1,1,1,1
2013-07-26 13:00:00+00:00,60,7,13,,0.0,0,0,0,0,0,0,0,0,0,0,0,0,0,0,0,0,0,1,1,1,1,1,1,1,1
2013-07-26 13:00:00+00:00,60,7,13,149.80630493164062,209.65594482421875,0,0,0,0,0,0,0,0,0,0,0,1,1,1,1,1,1,0,0,0,0,0,0,0,0
2013-07-26 13:00:00+00:00,60,7,13,449.1239318847656,82.50251007080078,0,0,0,0,0,0,0,0,0,0,0,0,0,0,0,0,0,0,0,0,0,0,0,0,0
2013-07-26 13:15:00+00:00,60,7,13,,,0,0,0,0,0,0,0,0,0,0,0,0,0,0,0,0,0,0,0,0,0,0,0,0,0
2013-07-26 13:15:00+00:00,60,7,13,312.50811767578125,287.94354248046875,0,0,0,0,0,0,0,0,0,0,0,0,0,0,0,0,1,0,0,0,0,0,0,0,0
2013-07-26 13:15:00+00:00,60,7,13,38.919395446777344,20.639272689819336,0,0,0,0,0,1,1,1,1,1,1,1,1,1,1,1,1,0,0,0,1,1,1,1,1
2013-07-26 13:15:00+00:00,60,7,13,145.53932189941406,,0,0,0,0,0,0,0,0,0,0,0,1,1,1,1,1,1,0,0,0,0,0,0,0,0
2013-07-26 13:30:00+00:00,60,7,13,,190.23013305664062,0,0,0,0,0,0,0,0,0,0,0,0,0,0,0,0,0,0,0,0,0,0,0,0,0
2013-07-26 13:30:00+00:00,60,7,13,195.70326232910156,198.6808624267578,0,0,0,0,0,0,0,0,0,0,0,0,0,1,1,1,1,0,0,0,0,0,0,0,0
2013-07-26 13:30:00+00:00,60,7,13,,12.761470794677734,0,0,0,0,0,0,0,0,0,0,0,0,0,0,0,0,0,0,1,1,1,1,1,1,1
2013-07-26 13:30:00+00:00,60,7,13,317.7972717285156,287.0860595703125,0,0,0,0,0,0,0,0,0,0,0,0,0,0,0,0,1,0,0,0,0,0,0,0,0
2013-07-26 13:30:00+00:00,60,7,13,148.35116577148438,138.2500457763672,0,0,0,0,0,0,0,0,0,0,0,1,1,1,1,1,1,0,0,0,0,0,0,0,0
2013-07-26 13:45:00+00:00,60,7,13,356.4370422363281,231.50827026367188,0,0,0,0,0,0,0,0,0,0,0,0,0,0,0,0,0,0,0,0,0,0,0,0,0
2013-07-26 13:45:00+00:00,60,7,13,,,0,0,0,0,0,0,0,0,0,0,0,0,0,0,0,0,0,0,0,0,0,0,0,0,0
2013-07-26 13:45:00+00:00,60,7,13,46.76689529418945,37.104705810546875,0,0,0,0,0,0,1,1,1,1,1,1,1,1,1,1,1,0,0,0,0,0,1,1,1
2013-07-26 13:45:00+00:00,60,7,13,121.71299743652344,155.57308959960938,0,0,0,0,0,0,0,0,0,0,0,1,1,1,1,1,1,0,0,0,0,0,0,0,0
2013-07-26 14:00:00+00:00,60,7,14,,377.0921630859375,0,0,0,0,0,0,0,0,0,0,0,0,0,0,0,0,0,0,0,0,0,0,0,0,0
2013-07-26 14:00:00+00:00,60,7,14,255.20582580566406,212.8103790283203,0,0,0,0,0,0,0,0,0,0,0,0,0,0,0,1,1,0,0,0,0,0,0,0,0
2013-07-26 14:00:00+00:00,60,7,14,300.6022033691406,304.34466552734375,0,0,0,0,0,0,0,0,0,0,0,0,0,0,0,0,1,0,0,0,0,0,0,0,0
2013-07-26 14:00:00+00:00,60,7,14,188.7884063720703,0.0,0,0,0,0,0,0,0,0,0,0,0,0,0,1,1,1,1,1,1,1,1,1,1,1,1
2013-07-26 14:00:00+00:00,60,7,14,164.66705322265625,282.1126403808594,0,0,0,0,0,0,0,0,0,0,0,0,1,1,1,1,1,0,0,0,0,0,0,0,0
2013-07-26 14:00:00+00:00,60,7,14,254.92156982421875,239.34127807617188,0,0,0,0,0,0,0,0,0,0,0,0,0,0,0,1,1,0,0,0,0,0,0,0,0
2013-07-26 14:15:00+00:00,60,7,14,363.2922668457031,164.96998596191406,0,0,0,0,0,0,0,0,0,0,0,0,0,0,0,0,0,0,0,0,0,0,0,0,0
2013-07-26 14:15:00+00:00,60,7,14,552.728515625,147.85899353027344,0,0,0,0,0,0,0,0,0,0,0,0,0,0,0,0,0,0,0,0,0,0,0,0,0
2013-07-26 14:30:00+00:00,60,7,14,133.72366333007812,6.930989742279053,0,0,0,0,0,0,0,0,0,0,0,1,1,1,1,1,1,1,1,1,1,1,1,1,1
2013-07-26 14:30:00+00:00,60,7,14,134.6666259765625,155.42514038085938,0,0,0,0,0,0,0,0,0,0,0,1,1,1,1,1,1,0,0,0,0,0,0,0,0
2013-07-26 14:30:00+00:00,60,7,14,114.94905090332031,96.47777557373047,0,0,0,0,0,0,0,0,0,0,1,1,1,1,1,1,1,0,0,0,0,0,0,0,0
2013-07-26 14:30:00+00:00,60,7,14,129.86380004882812,44.686431884765625,0,0,0,0,0,0,0,0,0,0,0,1,1,1,1,1,1,0,0,0,0,0,0,1,1
2013-07-26 14:45:00+00:00,60,7,14,235.9356689453125,241.5774383544922,0,0,0,0,0,0,0,0,0,0,0,0,0,0,1,1,1,0,0,0,0,0,0,0,0
2013-07-26 14:45:00+00:00,60,7,14,353.46435546875,409.4680480957031,0,0,0,0,0,0,0,0,0,0,0,0,0,0,0,0,0,0,0,0,0,0,0,0,0
2013-07-26 14:45:00+00:00,60,7,14,104.38153839111328,90.83038330078125,0,0,0,0,0,0,0,0,0,0,1,1,1,1,1,1,1,0,0,0,0,0,0,0,0
2013-07-26 14:45:00+00:00,60,7,14,61.812034606933594,0.0,0,0,0,0,0,0,0,0,1,1,1,1,1,1,1,1,1,1,1,1,1,1,1,1,1
2013-07-26 14:45:00+00:00,60,7,14,296.5456237792969,225.24818420410156,0,0,0,0,0,0,0,0,0,0,0,0,0,0,0,1,1,0,0,0,0,0,0,0,0
2013-07-26 14:45:00+00:00,60,7,14,,,0,0,0,0,0,0,0,0,0,0,0,0,0,0,0,0,0,0,0,0,0,0,0,0,0
2013-07-26 15:00:00+00:00,60,7,15,504.506591796875,485.0182189941406,0,0,0,0,0,0,0,0,0,0,0,0,0,0,0,0,0,0,0,0,0,0,0,0,0
2013-07-26 15:00:00+00:00,60,7,15,187.11129760742188,147.7181854248047,0,0,0,0,0,0,0,0,0,0,0,0,0,1,1,1,1,0,0,0,0,0,0,0,0
2013-07-26 15:00:00+00:00,60,7,15,148.07894897460938,148.8817901611328,0,0,0,0,0,0,0,0,0,0,0,1,1,1,1,1,1,0,0,0,0,0,0,0,0
2013-07-26 15:00:00+00:00,60,7,15,113.58533477783203,135.3910369873047,0,0,0,0,0,0,0,0,0,0,1,1,1,1,1,1,1,0,0,0,0,0,0,0,0
2013-07-26 15:00:00+00:00,60,7,15,,,0,0,0,0,0,0,0,0,0,0,0,0,0,0,0,0,0,0,0,0,0,0,0,0,0
2013-07-26 15:15:00+00:00,60,7,15,386.7093811035156,76.16775512695312,0,0,0,0,0,0,0,0,0,0,0,0,0,0,0,0,0,0,0,0,0,0,0,0,0
2013-07-26 15:15:00+00:00,60,7,15,,,0,0,0,0,0,0,0,0,0,0,0,0,0,0,0,0,0,0,0,0,0,0,0,0,0
2013-07-26 15:15:00+00:00,60,7,15,80.87646484375,189.53839111328125,0,0,0,0,0,0,0,0,0,1,1,1,1,1,1,1,1,0,0,0,0,0,0,0,0
2013-07-26 15:15:00+00:00,60,7,15,27.002532958984375,7.9156494140625,0,0,0,0,1,1,1,1,1,1,1,1,1,1,1,1,1,1,1,1,1,1,1,1,1
2013-07-26 15:15:00+00:00,60,7,15,112.28047180175781,112.28047180175781,0,0,0,0,0,0,0,0,0,0,1,1,1,1,1,1,1,0,0,0,0,0,0,0,0
2013-07-26 15:30:00+00:00,60,7,15,195.84690856933594,172.9797821044922,0,0,0,0,0,0,0,0,0,0,0,0,0,1,1,1,1,0,0,0,0,0,0,0,0
2013-07-26 15:30:00+00:00,60,7,15,,,0,0,0,0,0,0,0,0,0,0,0,0,0,0,0,0,0,0,0,0,0,0,0,0,0
2013-07-26 15:30:00+00:00,60,7,15,,,0,0,0,0,0,0,0,0,0,0,0,0,0,0,0,0,0,0,0,0,0,0,0,0,0
2013-07-26 15:30:00+00:00,60,7,15,,,0,0,0,0,0,0,0,0,0,0,0,0,0,0,0,0,0,0,0,0,0,0,0,0,0
2013-07-26 15:30:00+00:00,60,7,15,364.00927734375,365.17816162109375,0,0,0,0,0,0,0,0,0,0,0,0,0,0,0,0,0,0,0,0,0,0,0,0,0
2013-07-26 15:30:00+00:00,60,7,15,109.87191009521484,136.5989990234375,0,0,0,0,0,0,0,0,0,0,1,1,1,1,1,1,1,0,0,0,0,0,0,0,0
2013-07-26 15:30:00+00:00,60,7,15,80.8865966796875,81.56105041503906,0,0,0,0,0,0,0,0,0,1,1,1,1,1,1,1,1,0,0,0,0,0,0,0,0
2013-07-26 15:30:00+00:00,60,7,15,,,0,0,0,0,0,0,0,0,0,0,0,0,0,0,0,0,0,0,0,0,0,0,0,0,0
2013-07-26 15:30:00+00:00,60,7,15,,,0,0,0,0,0,0,0,0,0,0,0,0,0,0,0,0,0,0,0,0,0,0,0,0,0
2013-07-26 15:30:00+00:00,60,7,15,,,0,0,0,0,0,0,0,0,0,0,0,0,0,0,0,0,0,0,0,0,0,0,0,0,0
2013-07-26 15:30:00+00:00,60,7,15,,,0,0,0,0,0,0,0,0,0,0,0,0,0,0,0,0,0,0,0,0,0,0,0,0,0
2013-07-26 15:45:00+00:00,60,7,15,287.6852722167969,151.6505584716797,0,0,0,0,0,0,0,0,0,0,0,0,0,0,0,1,1,0,0,0,0,0,0,0,0
2013-07-26 15:45:00+00:00,60,7,15,114.67200469970703,82.5528335571289,0,0,0,0,0,0,0,0,0,0,1,1,1,1,1,1,1,0,0,0,0,0,0,0,0
2013-07-26 15:45:00+00:00,60,7,15,,,0,0,0,0,0,0,0,0,0,0,0,0,0,0,0,0,0,0,0,0,0,0,0,0,0
2013-07-26 15:45:00+00:00,60,7,15,139.94961547851562,54.69187927246094,0,0,0,0,0,0,0,0,0,0,0,1,1,1,1,1,1,0,0,0,0,0,0,0,1
2013-07-26 15:45:00+00:00,60,7,15,,,0,0,0,0,0,0,0,0,0,0,0,0,0,0,0,0,0,0,0,0,0,0,0,0,0
2013-07-26 15:45:00+00:00,60,7,15,258.99969482421875,291.3056945800781,0,0,0,0,0,0,0,0,0,0,0,0,0,0,0,1,1,0,0,0,0,0,0,0,0
2013-07-26 16:00:00+00:00,60,7,16,393.2928161621094,,0,0,0,0,0,0,0,0,0,0,0,0,0,0,0,0,0,0,0,0,0,0,0,0,0
2013-07-26 16:00:00+00:00,60,7,16,65.96500396728516,43.2381706237793,0,0,0,0,0,0,0,0,1,1,1,1,1,1,1,1,1,0,0,0,0,0,0,1,1
2013-07-26 16:00:00+00:00,60,7,16,150.12051391601562,0.0,0,0,0,0,0,0,0,0,0,0,0,0,1,1,1,1,1,1,1,1,1,1,1,1,1
2013-07-26 16:00:00+00:00,60,7,16,270.075927734375,233.59765625,0,0,0,0,0,0,0,0,0,0,0,0,0,0,0,1,1,0,0,0,0,0,0,0,0
2013-07-26 16:00:00+00:00,60,7,16,272.2481384277344,287.68963623046875,0,0,0,0,0,0,0,0,0,0,0,0,0,0,0,1,1,0,0,0,0,0,0,0,0
2013-07-26 16:00:00+00:00,60,7,16,,,0,0,0,0,0,0,0,0,0,0,0,0,0,0,0,0,0,0,0,0,0,0,0,0,0
2013-07-26 16:00:00+00:00,60,7,16,192.7151336669922,256.29962158203125,0,0,0,0,0,0,0,0,0,0,0,0,0,1,1,1,1,0,0,0,0,0,0,0,0
2013-07-26 16:00:00+00:00,60,7,16,,,0,0,0,0,0,0,0,0,0,0,0,0,0,0,0,0,0,0,0,0,0,0,0,0,0
2013-07-26 16:00:00+00:00,60,7,16,,,0,0,0,0,0,0,0,0,0,0,0,0,0,0,0,0,0,0,0,0,0,0,0,0,0
2013-07-26 16:00:00+00:00,60,7,16,,,0,0,0,0,0,0,0,0,0,0,0,0,0,0,0,0,0,0,0,0,0,0,0,0,0
2013-07-26 16:15:00+00:00,60,7,16,,,0,0,0,0,0,0,0,0,0,0,0,0,0,0,0,0,0,0,0,0,0,0,0,0,0
2013-07-26 16:15:00+00:00,60,7,16,72.19865417480469,103.6661376953125,0,0,0,0,0,0,0,0,1,1,1,1,1,1,1,1,1,0,0,0,0,0,0,0,0
2013-07-26 16:15:00+00:00,60,7,16,98.29779052734375,127.70393371582031,0,0,0,0,0,0,0,0,0,1,1,1,1,1,1,1,1,0,0,0,0,0,0,0,0
2013-07-26 16:15:00+00:00,60,7,16,,15.170884132385254,0,0,0,0,0,0,0,0,0,0,0,0,0,0,0,0,0,0,0,1,1,1,1,1,1
2013-07-26 16:15:00+00:00,60,7,16,,3.241175651550293,0,0,0,0,0,0,0,0,0,0,0,0,0,0,0,0,0,1,1,1,1,1,1,1,1
2013-07-26 16:15:00+00:00,60,7,16,,65.37674713134766,0,0,0,0,0,0,0,0,0,0,0,0,0,0,0,0,0,0,0,0,0,0,0,0,0
2013-07-26 16:15:00+00:00,60,7,16,,210.8820037841797,0,0,0,0,0,0,0,0,0,0,0,0,0,0,0,0,0,0,0,0,0,0,0,0,0
2013-07-26 16:30:00+00:00,60,7,16,,369.70098876953125,0,0,0,0,0,0,0,0,0,0,0,0,0,0,0,0,0,0,0,0,0,0,0,0,0
2013-07-26 16:30:00+00:00,60,7,16,,277.1199645996094,0,0,0,0,0,0,0,0,0,0,0,0,0,0,0,0,0,0,0,0,0,0,0,0,0
2013-07-26 16:30:00+00:00,60,7,16,,,0,0,0,0,0,0,0,0,0,0,0,0,0,0,0,0,0,0,0,0,0,0,0,0,0
2013-07-26 16:30:00+00:00,60,7,16,250.4993896484375,477.1121520996094,0,0,0,0,0,0,0,0,0,0,0,0,0,0,0,1,1,0,0,0,0,0,0,0,0
2013-07-26 16:30:00+00:00,60,7,16,,,0,0,0,0,0,0,0,0,0,0,0,0,0,0,0,0,0,0,0,0,0,0,0,0,0
2013-07-26 16:45:00+00:00,60,7,16,,268.7381286621094,0,0,0,0,0,0,0,0,0,0,0,0,0,0,0,0,0,0,0,0,0,0,0,0,0
2013-07-26 17:00:00+00:00,60,7,17,,,0,0,0,0,0,0,0,0,0,0,0,0,0,0,0,0,0,0,0,0,0,0,0,0,0
2013-07-26 17:00:00+00:00,60,7,17,170.82106018066406,40.95240783691406,0,0,0,0,0,0,0,0,0,0,0,0,1,1,1,1,1,0,0,0,0,0,0,1,1
2013-07-26 17:15:00+00:00,60,7,17,156.13284301757812,62.5415153503418,0,0,0,0,0,0,0,0,0,0,0,0,1,1,1,1,1,0,0,0,0,0,0,0,0
2013-07-26 17:15:00+00:00,60,7,17,,,0,0,0,0,0,0,0,0,0,0,0,0,0,0,0,0,0,0,0,0,0,0,0,0,0
2013-07-26 17:15:00+00:00,60,7,17,,,0,0,0,0,0,0,0,0,0,0,0,0,0,0,0,0,0,0,0,0,0,0,0,0,0
2013-07-26 17:15:00+00:00,60,7,17,236.28225708007812,253.37017822265625,0,0,0,0,0,0,0,0,0,0,0,0,0,0,1,1,1,0,0,0,0,0,0,0,0
2013-07-26 17:15:00+00:00,60,7,17,109.4406967163086,48.50157165527344,0,0,0,0,0,0,0,0,0,0,1,1,1,1,1,1,1,0,0,0,0,0,0,1,1
2013-07-26 17:15:00+00:00,60,7,17,235.97848510742188,9.009506225585938,0,0,0,0,0,0,0,0,0,0,0,0,0,0,1,1,1,1,1,1,1,1,1,1,1
2013-07-26 17:30:00+00:00,60,7,17,,,0,0,0,0,0,0,0,0,0,0,0,0,0,0,0,0,0,0,0,0,0,0,0,0,0
2013-07-26 17:30:00+00:00,60,7,17,394.851806640625,102.38520050048828,0,0,0,0,0,0,0,0,0,0,0,0,0,0,0,0,0,0,0,0,0,0,0,0,0
2013-07-26 17:45:00+00:00,60,7,17,170.4683074951172,198.12350463867188,0,0,0,0,0,0,0,0,0,0,0,0,1,1,1,1,1,0,0,0,0,0,0,0,0
2013-07-26 17:45:00+00:00,60,7,17,353.8267517089844,76.96446990966797,0,0,0,0,0,0,0,0,0,0,0,0,0,0,0,0,0,0,0,0,0,0,0,0,0
2013-07-26 17:45:00+00:00,60,7,17,220.35325622558594,159.43722534179688,0,0,0,0,0,0,0,0,0,0,0,0,0,0,1,1,1,0,0,0,0,0,0,0,0
2013-07-26 17:45:00+00:00,60,7,17,,,0,0,0,0,0,0,0,0,0,0,0,0,0,0,0,0,0,0,0,0,0,0,0,0,0
2013-07-26 17:45:00+00:00,60,7,17,129.0663299560547,84.44390106201172,0,0,0,0,0,0,0,0,0,0,0,1,1,1,1,1,1,0,0,0,0,0,0,0,0
2013-07-27 10:00:00+00:00,60,7,10,,,0,0,0,0,0,0,0,0,0,0,0,0,0,0,0,0,0,0,0,0,0,0,0,0,0
2013-07-27 10:00:00+00:00,60,7,10,,166.80209350585938,0,0,0,0,0,0,0,0,0,0,0,0,0,0,0,0,0,0,0,0,0,0,0,0,0
2013-07-27 10:00:00+00:00,60,7,10,,,0,0,0,0,0,0,0,0,0,0,0,0,0,0,0,0,0,0,0,0,0,0,0,0,0
2013-07-27 10:00:00+00:00,60,7,10,,,0,0,0,0,0,0,0,0,0,0,0,0,0,0,0,0,0,0,0,0,0,0,0,0,0
2013-07-27 10:00:00+00:00,60,7,10,,,0,0,0,0,0,0,0,0,0,0,0,0,0,0,0,0,0,0,0,0,0,0,0,0,0
2013-07-27 10:00:00+00:00,60,7,10,,,0,0,0,0,0,0,0,0,0,0,0,0,0,0,0,0,0,0,0,0,0,0,0,0,0
2013-07-27 10:00:00+00:00,60,7,10,,,0,0,0,0,0,0,0,0,0,0,0,0,0,0,0,0,0,0,0,0,0,0,0,0,0
2013-07-27 10:00:00+00:00,60,7,10,,,0,0,0,0,0,0,0,0,0,0,0,0,0,0,0,0,0,0,0,0,0,0,0,0,0
2013-07-27 10:00:00+00:00,60,7,10,,,0,0,0,0,0,0,0,0,0,0,0,0,0,0,0,0,0,0,0,0,0,0,0,0,0
2013-07-27 10:15:00+00:00,60,7,10,,,0,0,0,0,0,0,0,0,0,0,0,0,0,0,0,0,0,0,0,0,0,0,0,0,0
2013-07-27 10:15:00+00:00,60,7,10,,,0,0,0,0,0,0,0,0,0,0,0,0,0,0,0,0,0,0,0,0,0,0,0,0,0
2013-07-27 10:15:00+00:00,60,7,10,,,0,0,0,0,0,0,0,0,0,0,0,0,0,0,0,0,0,0,0,0,0,0,0,0,0
2013-07-27 10:15:00+00:00,60,7,10,,,0,0,0,0,0,0,0,0,0,0,0,0,0,0,0,0,0,0,0,0,0,0,0,0,0
2013-07-27 10:15:00+00:00,60,7,10,,,0,0,0,0,0,0,0,0,0,0,0,0,0,0,0,0,0,0,0,0,0,0,0,0,0
2013-07-27 10:15:00+00:00,60,7,10,,303.1870422363281,0,0,0,0,0,0,0,0,0,0,0,0,0,0,0,0,0,0,0,0,0,0,0,0,0
2013-07-27 10:15:00+00:00,60,7,10,436.8852233886719,439.3194885253906,0,0,0,0,0,0,0,0,0,0,0,0,0,0,0,0,0,0,0,0,0,0,0,0,0
2013-07-27 10:15:00+00:00,60,7,10,209.6291961669922,215.13107299804688,0,0,0,0,0,0,0,0,0,0,0,0,0,0,1,1,1,0,0,0,0,0,0,0,0
2013-07-27 10:15:00+00:00,60,7,10,,668.642333984375,0,0,0,0,0,0,0,0,0,0,0,0,0,0,0,0,0,0,0,0,0,0,0,0,0
2013-07-27 10:15:00+00:00,60,7,10,92.32559204101562,51.437469482421875,0,0,0,0,0,0,0,0,0,1,1,1,1,1,1,1,1,0,0,0,0,0,0,0,1
2013-07-27 10:15:00+00:00,60,7,10,,,0,0,0,0,0,0,0,0,0,0,0,0,0,0,0,0,0,0,0,0,0,0,0,0,0
2013-07-27 10:15:00+00:00,60,7,10,,497.0763854980469,0,0,0,0,0,0,0,0,0,0,0,0,0,0,0,0,0,0,0,0,0,0,0,0,0
2013-07-27 10:15:00+00:00,60,7,10,,,0,0,0,0,0,0,0,0,0,0,0,0,0,0,0,0,0,0,0,0,0,0,0,0,0
2013-07-27 10:15:00+00:00,60,7,10,,,0,0,0,0,0,0,0,0,0,0,0,0,0,0,0,0,0,0,0,0,0,0,0,0,0
2013-07-27 10:30:00+00:00,60,7,10,,123.49549865722656,0,0,0,0,0,0,0,0,0,0,0,0,0,0,0,0,0,0,0,0,0,0,0,0,0
2013-07-27 10:30:00+00:00,60,7,10,,,0,0,0,0,0,0,0,0,0,0,0,0,0,0,0,0,0,0,0,0,0,0,0,0,0
2013-07-27 10:30:00+00:00,60,7,10,102.43446350097656,20.094240188598633,0,0,0,0,0,0,0,0,0,0,1,1,1,1,1,1,1,0,0,0,1,1,1,1,1
2013-07-27 10:30:00+00:00,60,7,10,,,0,0,0,0,0,0,0,0,0,0,0,0,0,0,0,0,0,0,0,0,0,0,0,0,0
2013-07-27 10:30:00+00:00,60,7,10,,13.062650680541992,0,0,0,0,0,0,0,0,0,0,0,0,0,0,0,0,0,0,1,1,1,1,1,1,1
2013-07-27 10:30:00+00:00,60,7,10,,,0,0,0,0,0,0,0,0,0,0,0,0,0,0,0,0,0,0,0,0,0,0,0,0,0
2013-07-27 10:30:00+00:00,60,7,10,,,0,0,0,0,0,0,0,0,0,0,0,0,0,0,0,0,0,0,0,0,0,0,0,0,0
2013-07-27 10:30:00+00:00,60,7,10,,,0,0,0,0,0,0,0,0,0,0,0,0,0,0,0,0,0,0,0,0,0,0,0,0,0
2013-07-27 10:45:00+00:00,60,7,10,,81.63831329345703,0,0,0,0,0,0,0,0,0,0,0,0,0,0,0,0,0,0,0,0,0,0,0,0,0
2013-07-27 10:45:00+00:00,60,7,10,,25.141462326049805,0,0,0,0,0,0,0,0,0,0,0,0,0,0,0,0,0,0,0,0,0,1,1,1,1
2013-07-27 10:45:00+00:00,60,7,10,,132.1927490234375,0,0,0,0,0,0,0,0,0,0,0,0,0,0,0,0,0,0,0,0,0,0,0,0,0
2013-07-27 10:45:00+00:00,60,7,10,,296.2352600097656,0,0,0,0,0,0,0,0,0,0,0,0,0,0,0,0,0,0,0,0,0,0,0,0,0
2013-07-27 10:45:00+00:00,60,7,10,,,0,0,0,0,0,0,0,0,0,0,0,0,0,0,0,0,0,0,0,0,0,0,0,0,0
2013-07-27 10:45:00+00:00,60,7,10,,,0,0,0,0,0,0,0,0,0,0,0,0,0,0,0,0,0,0,0,0,0,0,0,0,0
2013-07-27 10:45:00+00:00,60,7,10,,,0,0,0,0,0,0,0,0,0,0,0,0,0,0,0,0,0,0,0,0,0,0,0,0,0
2013-07-27 10:45:00+00:00,60,7,10,136.27735900878906,138.87611389160156,0,0,0,0,0,0,0,0,0,0,0,1,1,1,1,1,1,0,0,0,0,0,0,0,0
2013-07-27 10:45:00+00:00,60,7,10,,682.8446044921875,0,0,0,0,0,0,0,0,0,0,0,0,0,0,0,0,0,0,0,0,0,0,0,0,0
2013-07-27 10:45:00+00:00,60,7,10,,,0,0,0,0,0,0,0,0,0,0,0,0,0,0,0,0,0,0,0,0,0,0,0,0,0
2013-07-27 11:00:00+00:00,60,7,11,,,0,0,0,0,0,0,0,0,0,0,0,0,0,0,0,0,0,0,0,0,0,0,0,0,0
2013-07-27 11:00:00+00:00,60,7,11,,,0,0,0,0,0,0,0,0,0,0,0,0,0,0,0,0,0,0,0,0,0,0,0,0,0
2013-07-27 11:00:00+00:00,60,7,11,,384.40118408203125,0,0,0,0,0,0,0,0,0,0,0,0,0,0,0,0,0,0,0,0,0,0,0,0,0
2013-07-27 11:00:00+00:00,60,7,11,,126.95989227294922,0,0,0,0,0,0,0,0,0,0,0,0,0,0,0,0,0,0,0,0,0,0,0,0,0
2013-07-27 11:00:00+00:00,60,7,11,,248.28872680664062,0,0,0,0,0,0,0,0,0,0,0,0,0,0,0,0,0,0,0,0,0,0,0,0,0
2013-07-27 11:00:00+00:00,60,7,11,,,0,0,0,0,0,0,0,0,0,0,0,0,0,0,0,0,0,0,0,0,0,0,0,0,0
2013-07-27 11:00:00+00:00,60,7,11,,,0,0,0,0,0,0,0,0,0,0,0,0,0,0,0,0,0,0,0,0,0,0,0,0,0
2013-07-27 11:00:00+00:00,60,7,11,299.2731628417969,312.2255859375,0,0,0,0,0,0,0,0,0,0,0,0,0,0,0,1,1,0,0,0,0,0,0,0,0
2013-07-27 11:00:00+00:00,60,7,11,328.54302978515625,345.825927734375,0,0,0,0,0,0,0,0,0,0,0,0,0,0,0,0,1,0,0,0,0,0,0,0,0
2013-07-27 11:00:00+00:00,60,7,11,375.75665283203125,391.1031188964844,0,0,0,0,0,0,0,0,0,0,0,0,0,0,0,0,0,0,0,0,0,0,0,0,0
2013-07-27 11:15:00+00:00,60,7,11,,,0,0,0,0,0,0,0,0,0,0,0,0,0,0,0,0,0,0,0,0,0,0,0,0,0
2013-07-27 11:15:00+00:00,60,7,11,,,0,0,0,0,0,0,0,0,0,0,0,0,0,0,0,0,0,0,0,0,0,0,0,0,0
2013-07-27 11:15:00+00:00,60,7,11,,,0,0,0,0,0,0,0,0,0,0,0,0,0,0,0,0,0,0,0,0,0,0,0,0,0
2013-07-27 11:15:00+00:00,60,7,11,,,0,0,0,0,0,0,0,0,0,0,0,0,0,0,0,0,0,0,0,0,0,0,0,0,0
2013-07-27 11:15:00+00:00,60,7,11,201.6875457763672,269.26806640625,0,0,0,0,0,0,0,0,0,0,0,0,0,0,1,1,1,0,0,0,0,0,0,0,0
2013-07-27 11:15:00+00:00,60,7,11,305.6471862792969,167.70114135742188,0,0,0,0,0,0,0,0,0,0,0,0,0,0,0,0,1,0,0,0,0,0,0,0,0
2013-07-27 11:15:00+00:00,60,7,11,243.93992614746094,263.46527099609375,0,0,0,0,0,0,0,0,0,0,0,0,0,0,1,1,1,0,0,0,0,0,0,0,0
2013-07-27 11:15:00+00:00,60,7,11,,,0,0,0,0,0,0,0,0,0,0,0,0,0,0,0,0,0,0,0,0,0,0,0,0,0
2013-07-27 11:15:00+00:00,60,7,11,,753.6537475585938,0,0,0,0,0,0,0,0,0,0,0,0,0,0,0,0,0,0,0,0,0,0,0,0,0
2013-07-27 11:15:00+00:00,60,7,11,316.3114013671875,335.8733215332031,0,0,0,0,0,0,0,0,0,0,0,0,0,0,0,0,1,0,0,0,0,0,0,0,0
2013-07-27 11:15:00+00:00,60,7,11,423.16717529296875,440.86651611328125,0,0,0,0,0,0,0,0,0,0,0,0,0,0,0,0,0,0,0,0,0,0,0,0,0
2013-07-27 11:15:00+00:00,60,7,11,,,0,0,0,0,0,0,0,0,0,0,0,0,0,0,0,0,0,0,0,0,0,0,0,0,0
2013-07-27 11:15:00+00:00,60,7,11,,,0,0,0,0,0,0,0,0,0,0,0,0,0,0,0,0,0,0,0,0,0,0,0,0,0
2013-07-27 11:30:00+00:00,60,7,11,,,0,0,0,0,0,0,0,0,0,0,0,0,0,0,0,0,0,0,0,0,0,0,0,0,0
2013-07-27 11:30:00+00:00,60,7,11,,,0,0,0,0,0,0,0,0,0,0,0,0,0,0,0,0,0,0,0,0,0,0,0,0,0
2013-07-27 11:30:00+00:00,60,7,11,,,0,0,0,0,0,0,0,0,0,0,0,0,0,0,0,0,0,0,0,0,0,0,0,0,0
2013-07-27 11:30:00+00:00,60,7,11,,,0,0,0,0,0,0,0,0,0,0,0,0,0,0,0,0,0,0,0,0,0,0,0,0,0
2013-07-27 11:30:00+00:00,60,7,11,,,0,0,0,0,0,0,0,0,0,0,0,0,0,0,0,0,0,0,0,0,0,0,0,0,0
2013-07-27 11:30:00+00:00,60,7,11,275.072021484375,204.6605682373047,0,0,0,0,0,0,0,0,0,0,0,0,0,0,0,1,1,0,0,0,0,0,0,0,0
2013-07-27 11:30:00+00:00,60,7,11,378.063720703125,224.5552978515625,0,0,0,0,0,0,0,0,0,0,0,0,0,0,0,0,0,0,0,0,0,0,0,0,0
2013-07-27 11:30:00+00:00,60,7,11,,,0,0,0,0,0,0,0,0,0,0,0,0,0,0,0,0,0,0,0,0,0,0,0,0,0
2013-07-27 11:30:00+00:00,60,7,11,,,0,0,0,0,0,0,0,0,0,0,0,0,0,0,0,0,0,0,0,0,0,0,0,0,0
2013-07-27 11:30:00+00:00,60,7,11,,680.652587890625,0,0,0,0,0,0,0,0,0,0,0,0,0,0,0,0,0,0,0,0,0,0,0,0,0
2013-07-27 11:30:00+00:00,60,7,11,423.1924743652344,450.3517761230469,0,0,0,0,0,0,0,0,0,0,0,0,0,0,0,0,0,0,0,0,0,0,0,0,0
2013-07-27 11:30:00+00:00,60,7,11,,,0,0,0,0,0,0,0,0,0,0,0,0,0,0,0,0,0,0,0,0,0,0,0,0,0
2013-07-27 11:30:00+00:00,60,7,11,,,0,0,0,0,0,0,0,0,0,0,0,0,0,0,0,0,0,0,0,0,0,0,0,0,0
2013-07-27 11:30:00+00:00,60,7,11,,,0,0,0,0,0,0,0,0,0,0,0,0,0,0,0,0,0,0,0,0,0,0,0,0,0
2013-07-27 11:45:00+00:00,60,7,11,315.8307189941406,188.0313262939453,0,0,0,0,0,0,0,0,0,0,0,0,0,0,0,0,1,0,0,0,0,0,0,0,0
2013-07-27 11:45:00+00:00,60,7,11,357.6972961425781,290.7813720703125,0,0,0,0,0,0,0,0,0,0,0,0,0,0,0,0,0,0,0,0,0,0,0,0,0
2013-07-27 11:45:00+00:00,60,7,11,311.62969970703125,204.97760009765625,0,0,0,0,0,0,0,0,0,0,0,0,0,0,0,0,1,0,0,0,0,0,0,0,0
2013-07-27 11:45:00+00:00,60,7,11,,330.5215759277344,0,0,0,0,0,0,0,0,0,0,0,0,0,0,0,0,0,0,0,0,0,0,0,0,0
2013-07-27 11:45:00+00:00,60,7,11,208.4271697998047,213.53773498535156,0,0,0,0,0,0,0,0,0,0,0,0,0,0,1,1,1,0,0,0,0,0,0,0,0
2013-07-27 11:45:00+00:00,60,7,11,,,0,0,0,0,0,0,0,0,0,0,0,0,0,0,0,0,0,0,0,0,0,0,0,0,0
2013-07-27 11:45:00+00:00,60,7,11,424.67919921875,,0,0,0,0,0,0,0,0,0,0,0,0,0,0,0,0,0,0,0,0,0,0,0,0,0
2013-07-27 11:45:00+00:00,60,7,11,76.5899887084961,112.7492446899414,0,0,0,0,0,0,0,0,1,1,1,1,1,1,1,1,1,0,0,0,0,0,0,0,0
2013-07-27 11:45:00+00:00,60,7,11,,,0,0,0,0,0,0,0,0,0,0,0,0,0,0,0,0,0,0,0,0,0,0,0,0,0
2013-07-27 12:00:00+00:00,60,7,12,,,0,0,0,0,0,0,0,0,0,0,0,0,0,0,0,0,0,0,0,0,0,0,0,0,0
2013-07-27 12:00:00+00:00,60,7,12,,394.60272216796875,0,0,0,0,0,0,0,0,0,0,0,0,0,0,0,0,0,0,0,0,0,0,0,0,0
2013-07-27 12:00:00+00:00,60,7,12,367.7461853027344,192.74302673339844,0,0,0,0,0,0,0,0,0,0,0,0,0,0,0,0,0,0,0,0,0,0,0,0,0
2013-07-27 12:00:00+00:00,60,7,12,200.8554229736328,402.0328674316406,0,0,0,0,0,0,0,0,0,0,0,0,0,0,1,1,1,0,0,0,0,0,0,0,0
2013-07-27 12:00:00+00:00,60,7,12,110.65107727050781,94.0898208618164,0,0,0,0,0,0,0,0,0,0,1,1,1,1,1,1,1,0,0,0,0,0,0,0,0
2013-07-27 12:00:00+00:00,60,7,12,,119.1361312866211,0,0,0,0,0,0,0,0,0,0,0,0,0,0,0,0,0,0,0,0,0,0,0,0,0
2013-07-27 12:00:00+00:00,60,7,12,,471.61077880859375,0,0,0,0,0,0,0,0,0,0,0,0,0,0,0,0,0,0,0,0,0,0,0,0,0
2013-07-27 12:00:00+00:00,60,7,12,400.05718994140625,382.11529541015625,0,0,0,0,0,0,0,0,0,0,0,0,0,0,0,0,0,0,0,0,0,0,0,0,0
2013-07-27 12:00:00+00:00,60,7,12,,,0,0,0,0,0,0,0,0,0,0,0,0,0,0,0,0,0,0,0,0,0,0,0,0,0
2013-07-27 12:00:00+00:00,60,7,12,225.31150817871094,183.83041381835938,0,0,0,0,0,0,0,0,0,0,0,0,0,0,1,1,1,0,0,0,0,0,0,0,0
2013-07-27 12:15:00+00:00,60,7,12,,211.99818420410156,0,0,0,0,0,0,0,0,0,0,0,0,0,0,0,0,0,0,0,0,0,0,0,0,0
2013-07-27 12:15:00+00:00,60,7,12,,,0,0,0,0,0,0,0,0,0,0,0,0,0,0,0,0,0,0,0,0,0,0,0,0,0
2013-07-27 12:15:00+00:00,60,7,12,,,0,0,0,0,0,0,0,0,0,0,0,0,0,0,0,0,0,0,0,0,0,0,0,0,0
2013-07-27 12:15:00+00:00,60,7,12,,,0,0,0,0,0,0,0,0,0,0,0,0,0,0,0,0,0,0,0,0,0,0,0,0,0
2013-07-27 12:15:00+00:00,60,7,12,123.15953826904297,101.19869995117188,0,0,0,0,0,0,0,0,0,0,0,1,1,1,1,1,1,0,0,0,0,0,0,0,0
2013-07-27 12:15:00+00:00,60,7,12,270.8930358886719,348.16241455078125,0,0,0,0,0,0,0,0,0,0,0,0,0,0,0,1,1,0,0,0,0,0,0,0,0
2013-07-27 12:15:00+00:00,60,7,12,288.2004089355469,289.5491638183594,0,0,0,0,0,0,0,0,0,0,0,0,0,0,0,1,1,0,0,0,0,0,0,0,0
2013-07-27 12:15:00+00:00,60,7,12,220.4506378173828,161.7571258544922,0,0,0,0,0,0,0,0,0,0,0,0,0,0,1,1,1,0,0,0,0,0,0,0,0
2013-07-27 12:15:00+00:00,60,7,12,225.9743194580078,166.03070068359375,0,0,0,0,0,0,0,0,0,0,0,0,0,0,1,1,1,0,0,0,0,0,0,0,0
2013-07-27 12:15:00+00:00,60,7,12,75.23090362548828,408.4889221191406,0,0,0,0,0,0,0,0,1,1,1,1,1,1,1,1,1,0,0,0,0,0,0,0,0
2013-07-27 12:15:00+00:00,60,7,12,,,0,0,0,0,0,0,0,0,0,0,0,0,0,0,0,0,0,0,0,0,0,0,0,0,0
2013-07-27 12:15:00+00:00,60,7,12,202.9224853515625,166.4772491455078,0,0,0,0,0,0,0,0,0,0,0,0,0,0,1,1,1,0,0,0,0,0,0,0,0
2013-07-27 12:15:00+00:00,60,7,12,,,0,0,0,0,0,0,0,0,0,0,0,0,0,0,0,0,0,0,0,0,0,0,0,0,0
2013-07-27 12:30:00+00:00,60,7,12,,,0,0,0,0,0,0,0,0,0,0,0,0,0,0,0,0,0,0,0,0,0,0,0,0,0
2013-07-27 12:30:00+00:00,60,7,12,,71.3053970336914,0,0,0,0,0,0,0,0,0,0,0,0,0,0,0,0,0,0,0,0,0,0,0,0,0
2013-07-27 12:30:00+00:00,60,7,12,,,0,0,0,0,0,0,0,0,0,0,0,0,0,0,0,0,0,0,0,0,0,0,0,0,0
2013-07-27 12:30:00+00:00,60,7,12,126.02533721923828,131.13006591796875,0,0,0,0,0,0,0,0,0,0,0,1,1,1,1,1,1,0,0,0,0,0,0,0,0
2013-07-27 12:30:00+00:00,60,7,12,,,0,0,0,0,0,0,0,0,0,0,0,0,0,0,0,0,0,0,0,0,0,0,0,0,0
2013-07-27 12:30:00+00:00,60,7,12,71.33941650390625,91.32339477539062,0,0,0,0,0,0,0,0,1,1,1,1,1,1,1,1,1,0,0,0,0,0,0,0,0
2013-07-27 12:30:00+00:00,60,7,12,,19.072280883789062,0,0,0,0,0,0,0,0,0,0,0,0,0,0,0,0,0,0,0,1,1,1,1,1,1
2013-07-27 12:30:00+00:00,60,7,12,342.0716247558594,362.8507080078125,0,0,0,0,0,0,0,0,0,0,0,0,0,0,0,0,1,0,0,0,0,0,0,0,0
2013-07-27 12:30:00+00:00,60,7,12,229.2811737060547,285.3371276855469,0,0,0,0,0,0,0,0,0,0,0,0,0,0,1,1,1,0,0,0,0,0,0,0,0
2013-07-27 12:45:00+00:00,60,7,12,428.0888366699219,,0,0,0,0,0,0,0,0,0,0,0,0,0,0,0,0,0,0,0,0,0,0,0,0,0
2013-07-27 12:45:00+00:00,60,7,12,108.81512451171875,,0,0,0,0,0,0,0,0,0,0,1,1,1,1,1,1,1,0,0,0,0,0,0,0,0
2013-07-27 12:45:00+00:00,60,7,12,429.3957824707031,247.16793823242188,0,0,0,0,0,0,0,0,0,0,0,0,0,0,0,0,0,0,0,0,0,0,0,0,0
2013-07-27 12:45:00+00:00,60,7,12,,20.053037643432617,0,0,0,0,0,0,0,0,0,0,0,0,0,0,0,0,0,0,0,0,1,1,1,1,1
2013-07-27 12:45:00+00:00,60,7,12,,448.6918029785156,0,0,0,0,0,0,0,0,0,0,0,0,0,0,0,0,0,0,0,0,0,0,0,0,0
2013-07-27 12:45:00+00:00,60,7,12,,167.02708435058594,0,0,0,0,0,0,0,0,0,0,0,0,0,0,0,0,0,0,0,0,0,0,0,0,0
2013-07-27 12:45:00+00:00,60,7,12,,79.16992950439453,0,0,0,0,0,0,0,0,0,0,0,0,0,0,0,0,0,0,0,0,0,0,0,0,0
2013-07-27 12:45:00+00:00,60,7,12,280.25006103515625,321.58062744140625,0,0,0,0,0,0,0,0,0,0,0,0,0,0,0,1,1,0,0,0,0,0,0,0,0
2013-07-27 13:00:00+00:00,60,7,13,397.2046203613281,,0,0,0,0,0,0,0,0,0,0,0,0,0,0,0,0,0,0,0,0,0,0,0,0,0
2013-07-27 13:00:00+00:00,60,7,13,57.79806137084961,18.46095085144043,0,0,0,0,0,0,0,1,1,1,1,1,1,1,1,1,1,0,0,1,1,1,1,1,1
2013-07-27 13:00:00+00:00,60,7,13,196.18270874023438,79.39363098144531,0,0,0,0,0,0,0,0,0,0,0,0,0,1,1,1,1,0,0,0,0,0,0,0,0
2013-07-27 13:00:00+00:00,60,7,13,,439.65789794921875,0,0,0,0,0,0,0,0,0,0,0,0,0,0,0,0,0,0,0,0,0,0,0,0,0
2013-07-27 13:00:00+00:00,60,7,13,111.69152069091797,171.93284606933594,0,0,0,0,0,0,0,0,0,0,1,1,1,1,1,1,1,0,0,0,0,0,0,0,0
2013-07-27 13:00:00+00:00,60,7,13,,25.173851013183594,0,0,0,0,0,0,0,0,0,0,0,0,0,0,0,0,0,0,0,0,0,1,1,1,1
2013-07-27 13:00:00+00:00,60,7,13,135.1721954345703,164.8350372314453,0,0,0,0,0,0,0,0,0,0,0,1,1,1,1,1,1,0,0,0,0,0,0,0,0
2013-07-27 13:00:00+00:00,60,7,13,418.061767578125,347.8055114746094,0,0,0,0,0,0,0,0,0,0,0,0,0,0,0,0,0,0,0,0,0,0,0,0,0
2013-07-27 13:00:00+00:00,60,7,13,354.8507995605469,282.48443603515625,0,0,0,0,0,0,0,0,0,0,0,0,0,0,0,0,0,0,0,0,0,0,0,0,0
2013-07-27 13:00:00+00:00,60,7,13,369.7227478027344,440.9805908203125,0,0,0,0,0,0,0,0,0,0,0,0,0,0,0,0,0,0,0,0,0,0,0,0,0
2013-07-27 13:15:00+00:00,60,7,13,102.9759292602539,48.4916877746582,0,0,0,0,0,0,0,0,0,0,1,1,1,1,1,1,1,0,0,0,0,0,0,1,1
2013-07-27 13:15:00+00:00,60,7,13,99.07489013671875,14.308252334594727,0,0,0,0,0,0,0,0,0,1,1,1,1,1,1,1,1,0,1,1,1,1,1,1,1
2013-07-27 13:15:00+00:00,60,7,13,,,0,0,0,0,0,0,0,0,0,0,0,0,0,0,0,0,0,0,0,0,0,0,0,0,0
2013-07-27 13:15:00+00:00,60,7,13,,,0,0,0,0,0,0,0,0,0,0,0,0,0,0,0,0,0,0,0,0,0,0,0,0,0
2013-07-27 13:15:00+00:00,60,7,13,105.92245483398438,140.44154357910156,0,0,0,0,0,0,0,0,0,0,1,1,1,1,1,1,1,0,0,0,0,0,0,0,0
2013-07-27 13:15:00+00:00,60,7,13,,398.5474853515625,0,0,0,0,0,0,0,0,0,0,0,0,0,0,0,0,0,0,0,0,0,0,0,0,0
2013-07-27 13:15:00+00:00,60,7,13,144.23135375976562,115.54306030273438,0,0,0,0,0,0,0,0,0,0,0,1,1,1,1,1,1,0,0,0,0,0,0,0,0
2013-07-27 13:15:00+00:00,60,7,13,,456.1959228515625,0,0,0,0,0,0,0,0,0,0,0,0,0,0,0,0,0,0,0,0,0,0,0,0,0
2013-07-27 13:15:00+00:00,60,7,13,,,0,0,0,0,0,0,0,0,0,0,0,0,0,0,0,0,0,0,0,0,0,0,0,0,0
2013-07-27 13:15:00+00:00,60,7,13,451.8389587402344,474.5782775878906,0,0,0,0,0,0,0,0,0,0,0,0,0,0,0,0,0,0,0,0,0,0,0,0,0
2013-07-27 13:15:00+00:00,60,7,13,,,0,0,0,0,0,0,0,0,0,0,0,0,0,0,0,0,0,0,0,0,0,0,0,0,0
2013-07-27 13:15:00+00:00,60,7,13,481.23931884765625,503.69683837890625,0,0,0,0,0,0,0,0,0,0,0,0,0,0,0,0,0,0,0,0,0,0,0,0,0
2013-07-27 13:15:00+00:00,60,7,13,173.74346923828125,224.0812225341797,0,0,0,0,0,0,0,0,0,0,0,0,1,1,1,1,1,0,0,0,0,0,0,0,0
2013-07-27 13:30:00+00:00,60,7,13,,,0,0,0,0,0,0,0,0,0,0,0,0,0,0,0,0,0,0,0,0,0,0,0,0,0
2013-07-27 13:30:00+00:00,60,7,13,,,0,0,0,0,0,0,0,0,0,0,0,0,0,0,0,0,0,0,0,0,0,0,0,0,0
2013-07-27 13:30:00+00:00,60,7,13,360.1279296875,296.1573181152344,0,0,0,0,0,0,0,0,0,0,0,0,0,0,0,0,0,0,0,0,0,0,0,0,0
2013-07-27 13:30:00+00:00,60,7,13,61.772159576416016,3.070326328277588,0,0,0,0,0,0,0,0,1,1,1,1,1,1,1,1,1,1,1,1,1,1,1,1,1
2013-07-27 13:30:00+00:00,60,7,13,282.4412536621094,9.135281562805176,0,0,0,0,0,0,0,0,0,0,0,0,0,0,0,1,1,1,1,1,1,1,1,1,1
2013-07-27 13:30:00+00:00,60,7,13,,,0,0,0,0,0,0,0,0,0,0,0,0,0,0,0,0,0,0,0,0,0,0,0,0,0
2013-07-27 13:30:00+00:00,60,7,13,217.30567932128906,,0,0,0,0,0,0,0,0,0,0,0,0,0,0,1,1,1,0,0,0,0,0,0,0,0
2013-07-27 13:30:00+00:00,60,7,13,53.048397064208984,44.614566802978516,0,0,0,0,0,0,0,1,1,1,1,1,1,1,1,1,1,0,0,0,0,0,0,1,1
2013-07-27 13:30:00+00:00,60,7,13,,,0,0,0,0,0,0,0,0,0,0,0,0,0,0,0,0,0,0,0,0,0,0,0,0,0
2013-07-27 13:30:00+00:00,60,7,13,,,0,0,0,0,0,0,0,0,0,0,0,0,0,0,0,0,0,0,0,0,0,0,0,0,0
2013-07-27 13:30:00+00:00,60,7,13,467.7452087402344,319.96868896484375,0,0,0,0,0,0,0,0,0,0,0,0,0,0,0,0,0,0,0,0,0,0,0,0,0
2013-07-27 13:30:00+00:00,60,7,13,,105.51605224609375,0,0,0,0,0,0,0,0,0,0,0,0,0,0,0,0,0,0,0,0,0,0,0,0,0
2013-07-27 13:30:00+00:00,60,7,13,,29.565792083740234,0,0,0,0,0,0,0,0,0,0,0,0,0,0,0,0,0,0,0,0,0,1,1,1,1
2013-07-27 13:30:00+00:00,60,7,13,316.5733337402344,6.82521915435791,0,0,0,0,0,0,0,0,0,0,0,0,0,0,0,0,1,1,1,1,1,1,1,1,1
2013-07-27 13:45:00+00:00,60,7,13,322.1594543457031,306.0715026855469,0,0,0,0,0,0,0,0,0,0,0,0,0,0,0,0,1,0,0,0,0,0,0,0,0
2013-07-27 13:45:00+00:00,60,7,13,340.1753234863281,327.51605224609375,0,0,0,0,0,0,0,0,0,0,0,0,0,0,0,0,1,0,0,0,0,0,0,0,0
2013-07-27 13:45:00+00:00,60,7,13,,163.01934814453125,0,0,0,0,0,0,0,0,0,0,0,0,0,0,0,0,0,0,0,0,0,0,0,0,0
2013-07-27 13:45:00+00:00,60,7,13,262.09161376953125,230.72914123535156,0,0,0,0,0,0,0,0,0,0,0,0,0,0,0,1,1,0,0,0,0,0,0,0,0
2013-07-27 13:45:00+00:00,60,7,13,374.6219177246094,397.10693359375,0,0,0,0,0,0,0,0,0,0,0,0,0,0,0,0,0,0,0,0,0,0,0,0,0
2013-07-27 13:45:00+00:00,60,7,13,378.7975769042969,415.7619323730469,0,0,0,0,0,0,0,0,0,0,0,0,0,0,0,0,0,0,0,0,0,0,0,0,0
2013-07-27 13:45:00+00:00,60,7,13,331.58795166015625,190.8215789794922,0,0,0,0,0,0,0,0,0,0,0,0,0,0,0,0,1,0,0,0,0,0,0,0,0
2013-07-27 13:45:00+00:00,60,7,13,262.54595947265625,90.68351745605469,0,0,0,0,0,0,0,0,0,0,0,0,0,0,0,1,1,0,0,0,0,0,0,0,0
2013-07-27 13:45:00+00:00,60,7,13,206.82229614257812,544.762939453125,0,0,0,0,0,0,0,0,0,0,0,0,0,0,1,1,1,0,0,0,0,0,0,0,0
2013-07-27 14:00:00+00:00,60,7,14,70.57452392578125,71.140625,0,0,0,0,0,0,0,0,1,1,1,1,1,1,1,1,1,0,0,0,0,0,0,0,0
2013-07-27 14:00:00+00:00,60,7,14,213.66351318359375,157.40435791015625,0,0,0,0,0,0,0,0,0,0,0,0,0,0,1,1,1,0,0,0,0,0,0,0,0
2013-07-27 14:00:00+00:00,60,7,14,348.0737609863281,59.59248352050781,0,0,0,0,0,0,0,0,0,0,0,0,0,0,0,0,1,0,0,0,0,0,0,0,1
2013-07-27 14:00:00+00:00,60,7,14,212.01280212402344,95.16712188720703,0,0,0,0,0,0,0,0,0,0,0,0,0,0,1,1,1,0,0,0,0,0,0,0,0
2013-07-27 14:00:00+00:00,60,7,14,187.6453857421875,124.0158462524414,0,0,0,0,0,0,0,0,0,0,0,0,0,1,1,1,1,0,0,0,0,0,0,0,0
2013-07-27 14:00:00+00:00,60,7,14,,148.11288452148438,0,0,0,0,0,0,0,0,0,0,0,0,0,0,0,0,0,0,0,0,0,0,0,0,0
2013-07-27 14:00:00+00:00,60,7,14,,224.58981323242188,0,0,0,0,0,0,0,0,0,0,0,0,0,0,0,0,0,0,0,0,0,0,0,0,0
2013-07-27 14:00:00+00:00,60,7,14,375.2110595703125,217.23208618164062,0,0,0,0,0,0,0,0,0,0,0,0,0,0,0,0,0,0,0,0,0,0,0,0,0
2013-07-27 14:00:00+00:00,60,7,14,,,0,0,0,0,0,0,0,0,0,0,0,0,0,0,0,0,0,0,0,0,0,0,0,0,0
2013-07-27 14:00:00+00:00,60,7,14,369.1116943359375,247.23793029785156,0,0,0,0,0,0,0,0,0,0,0,0,0,0,0,0,0,0,0,0,0,0,0,0,0
2013-07-27 14:00:00+00:00,60,7,14,183.0853271484375,232.78785705566406,0,0,0,0,0,0,0,0,0,0,0,0,0,1,1,1,1,0,0,0,0,0,0,0,0
2013-07-27 14:00:00+00:00,60,7,14,376.41961669921875,164.69207763671875,0,0,0,0,0,0,0,0,0,0,0,0,0,0,0,0,0,0,0,0,0,0,0,0,0
2013-07-27 14:00:00+00:00,60,7,14,312.0533447265625,28.63169288635254,0,0,0,0,0,0,0,0,0,0,0,0,0,0,0,0,1,0,0,0,0,1,1,1,1
2013-07-27 14:00:00+00:00,60,7,14,,0.0,0,0,0,0,0,0,0,0,0,0,0,0,0,0,0,0,0,1,1,1,1,1,1,1,1
2013-07-27 14:00:00+00:00,60,7,14,425.9513244628906,9.357858657836914,0,0,0,0,0,0,0,0,0,0,0,0,0,0,0,0,0,1,1,1,1,1,1,1,1
2013-07-27 14:00:00+00:00,60,7,14,,,0,0,0,0,0,0,0,0,0,0,0,0,0,0,0,0,0,0,0,0,0,0,0,0,0
2013-07-27 14:15:00+00:00,60,7,14,,355.15545654296875,0,0,0,0,0,0,0,0,0,0,0,0,0,0,0,0,0,0,0,0,0,0,0,0,0
2013-07-27 14:15:00+00:00,60,7,14,,6.1549906730651855,0,0,0,0,0,0,0,0,0,0,0,0,0,0,0,0,0,1,1,1,1,1,1,1,1
2013-07-27 14:15:00+00:00,60,7,14,,,0,0,0,0,0,0,0,0,0,0,0,0,0,0,0,0,0,0,0,0,0,0,0,0,0
2013-07-27 14:15:00+00:00,60,7,14,114.34745788574219,124.00135040283203,0,0,0,0,0,0,0,0,0,0,1,1,1,1,1,1,1,0,0,0,0,0,0,0,0
2013-07-27 14:15:00+00:00,60,7,14,215.0340576171875,29.108680725097656,0,0,0,0,0,0,0,0,0,0,0,0,0,0,1,1,1,0,0,0,0,1,1,1,1
2013-07-27 14:15:00+00:00,60,7,14,367.028076171875,,0,0,0,0,0,0,0,0,0,0,0,0,0,0,0,0,0,0,0,0,0,0,0,0,0
2013-07-27 14:15:00+00:00,60,7,14,,13.560647010803223,0,0,0,0,0,0,0,0,0,0,0,0,0,0,0,0,0,0,1,1,1,1,1,1,1
2013-07-27 14:15:00+00:00,60,7,14,422.6638488769531,376.3265380859375,0,0,0,0,0,0,0,0,0,0,0,0,0,0,0,0,0,0,0,0,0,0,0,0,0
2013-07-27 14:15:00+00:00,60,7,14,,,0,0,0,0,0,0,0,0,0,0,0,0,0,0,0,0,0,0,0,0,0,0,0,0,0
2013-07-27 14:30:00+00:00,60,7,14,,,0,0,0,0,0,0,0,0,0,0,0,0,0,0,0,0,0,0,0,0,0,0,0,0,0
2013-07-27 14:30:00+00:00,60,7,14,128.58509826660156,,0,0,0,0,0,0,0,0,0,0,0,1,1,1,1,1,1,0,0,0,0,0,0,0,0
2013-07-27 14:30:00+00:00,60,7,14,,69.14991760253906,0,0,0,0,0,0,0,0,0,0,0,0,0,0,0,0,0,0,0,0,0,0,0,0,0
2013-07-27 14:30:00+00:00,60,7,14,,,0,0,0,0,0,0,0,0,0,0,0,0,0,0,0,0,0,0,0,0,0,0,0,0,0
2013-07-27 14:30:00+00:00,60,7,14,,299.6932067871094,0,0,0,0,0,0,0,0,0,0,0,0,0,0,0,0,0,0,0,0,0,0,0,0,0
2013-07-27 14:30:00+00:00,60,7,14,,,0,0,0,0,0,0,0,0,0,0,0,0,0,0,0,0,0,0,0,0,0,0,0,0,0
2013-07-27 14:30:00+00:00,60,7,14,411.53033447265625,163.69479370117188,0,0,0,0,0,0,0,0,0,0,0,0,0,0,0,0,0,0,0,0,0,0,0,0,0
2013-07-27 14:30:00+00:00,60,7,14,119.82916259765625,39.94149398803711,0,0,0,0,0,0,0,0,0,0,1,1,1,1,1,1,1,0,0,0,0,0,1,1,1
2013-07-27 14:30:00+00:00,60,7,14,401.5108642578125,34.86802291870117,0,0,0,0,0,0,0,0,0,0,0,0,0,0,0,0,0,0,0,0,0,0,1,1,1
2013-07-27 14:30:00+00:00,60,7,14,149.65170288085938,9.427638053894043,0,0,0,0,0,0,0,0,0,0,0,1,1,1,1,1,1,1,1,1,1,1,1,1,1
2013-07-27 14:30:00+00:00,60,7,14,158.80303955078125,126.7203598022461,0,0,0,0,0,0,0,0,0,0,0,0,1,1,1,1,1,0,0,0,0,0,0,0,0
2013-07-27 14:30:00+00:00,60,7,14,142.70523071289062,15.911213874816895,0,0,0,0,0,0,0,0,0,0,0,1,1,1,1,1,1,0,0,1,1,1,1,1,1
2013-07-27 14:30:00+00:00,60,7,14,,18.436115264892578,0,0,0,0,0,0,0,0,0,0,0,0,0,0,0,0,0,0,0,1,1,1,1,1,1
2013-07-27 14:30:00+00:00,60,7,14,92.2138900756836,0.0,0,0,0,0,0,0,0,0,0,1,1,1,1,1,1,1,1,1,1,1,1,1,1,1,1
2013-07-27 14:30:00+00:00,60,7,14,106.57673645019531,114.27195739746094,0,0,0,0,0,0,0,0,0,0,1,1,1,1,1,1,1,0,0,0,0,0,0,0,0
2013-07-27 14:30:00+00:00,60,7,14,286.148193359375,6.373072624206543,0,0,0,0,0,0,0,0,0,0,0,0,0,0,0,1,1,1,1,1,1,1,1,1,1
2013-07-27 14:30:00+00:00,60,7,14,366.83209228515625,,0,0,0,0,0,0,0,0,0,0,0,0,0,0,0,0,0,0,0,0,0,0,0,0,0
2013-07-27 14:30:00+00:00,60,7,14,316.6973571777344,230.6441650390625,0,0,0,0,0,0,0,0,0,0,0,0,0,0,0,0,1,0,0,0,0,0,0,0,0
2013-07-27 14:30:00+00:00,60,7,14,100.68254089355469,0.0,0,0,0,0,0,0,0,0,0,0,1,1,1,1,1,1,1,1,1,1,1,1,1,1,1
2013-07-27 14:30:00+00:00,60,7,14,,210.51095581054688,0,0,0,0,0,0,0,0,0,0,0,0,0,0,0,0,0,0,0,0,0,0,0,0,0
2013-07-27 14:30:00+00:00,60,7,14,,,0,0,0,0,0,0,0,0,0,0,0,0,0,0,0,0,0,0,0,0,0,0,0,0,0
2013-07-27 14:45:00+00:00,60,7,14,340.66265869140625,304.5060729980469,0,0,0,0,0,0,0,0,0,0,0,0,0,0,0,0,1,0,0,0,0,0,0,0,0
2013-07-27 14:45:00+00:00,60,7,14,,,0,0,0,0,0,0,0,0,0,0,0,0,0,0,0,0,0,0,0,0,0,0,0,0,0
2013-07-27 14:45:00+00:00,60,7,14,78.38343811035156,34.58406066894531,0,0,0,0,0,0,0,0,1,1,1,1,1,1,1,1,1,0,0,0,0,0,1,1,1
2013-07-27 14:45:00+00:00,60,7,14,361.9845275878906,241.7926788330078,0,0,0,0,0,0,0,0,0,0,0,0,0,0,0,0,0,0,0,0,0,0,0,0,0
2013-07-27 14:45:00+00:00,60,7,14,,472.25994873046875,0,0,0,0,0,0,0,0,0,0,0,0,0,0,0,0,0,0,0,0,0,0,0,0,0
2013-07-27 14:45:00+00:00,60,7,14,,,0,0,0,0,0,0,0,0,0,0,0,0,0,0,0,0,0,0,0,0,0,0,0,0,0
2013-07-27 14:45:00+00:00,60,7,14,148.31387329101562,6.781145095825195,0,0,0,0,0,0,0,0,0,0,0,1,1,1,1,1,1,1,1,1,1,1,1,1,1
2013-07-27 14:45:00+00:00,60,7,14,369.2550354003906,,0,0,0,0,0,0,0,0,0,0,0,0,0,0,0,0,0,0,0,0,0,0,0,0,0
2013-07-27 14:45:00+00:00,60,7,14,252.9924774169922,490.5597839355469,0,0,0,0,0,0,0,0,0,0,0,0,0,0,0,1,1,0,0,0,0,0,0,0,0
2013-07-27 14:45:00+00:00,60,7,14,329.239990234375,249.34219360351562,0,0,0,0,0,0,0,0,0,0,0,0,0,0,0,0,1,0,0,0,0,0,0,0,0
2013-07-27 14:45:00+00:00,60,7,14,,61.01616287231445,0,0,0,0,0,0,0,0,0,0,0,0,0,0,0,0,0,0,0,0,0,0,0,0,0
2013-07-27 14:45:00+00:00,60,7,14,275.2491455078125,190.0103302001953,0,0,0,0,0,0,0,0,0,0,0,0,0,0,0,1,1,0,0,0,0,0,0,0,0
2013-07-27 15:00:00+00:00,60,7,15,241.4148406982422,212.18197631835938,0,0,0,0,0,0,0,0,0,0,0,0,0,0,1,1,1,0,0,0,0,0,0,0,0
2013-07-27 15:00:00+00:00,60,7,15,308.1296691894531,273.0846252441406,0,0,0,0,0,0,0,0,0,0,0,0,0,0,0,0,1,0,0,0,0,0,0,0,0
2013-07-27 15:00:00+00:00,60,7,15,,330.0943298339844,0,0,0,0,0,0,0,0,0,0,0,0,0,0,0,0,0,0,0,0,0,0,0,0,0
2013-07-27 15:00:00+00:00,60,7,15,124.39146423339844,13.869619369506836,0,0,0,0,0,0,0,0,0,0,0,1,1,1,1,1,1,0,1,1,1,1,1,1,1
2013-07-27 15:00:00+00:00,60,7,15,,,0,0,0,0,0,0,0,0,0,0,0,0,0,0,0,0,0,0,0,0,0,0,0,0,0
2013-07-27 15:00:00+00:00,60,7,15,235.96212768554688,47.804534912109375,0,0,0,0,0,0,0,0,0,0,0,0,0,0,1,1,1,0,0,0,0,0,0,1,1
2013-07-27 15:00:00+00:00,60,7,15,168.9566650390625,0.0,0,0,0,0,0,0,0,0,0,0,0,0,1,1,1,1,1,1,1,1,1,1,1,1,1
2013-07-27 15:00:00+00:00,60,7,15,430.3999938964844,334.7416687011719,0,0,0,0,0,0,0,0,0,0,0,0,0,0,0,0,0,0,0,0,0,0,0,0,0
2013-07-27 15:00:00+00:00,60,7,15,135.1789093017578,141.79144287109375,0,0,0,0,0,0,0,0,0,0,0,1,1,1,1,1,1,0,0,0,0,0,0,0,0
2013-07-27 15:00:00+00:00,60,7,15,113.60737609863281,118.79200744628906,0,0,0,0,0,0,0,0,0,0,1,1,1,1,1,1,1,0,0,0,0,0,0,0,0
2013-07-27 15:00:00+00:00,60,7,15,223.3089141845703,236.58859252929688,0,0,0,0,0,0,0,0,0,0,0,0,0,0,1,1,1,0,0,0,0,0,0,0,0
2013-07-27 15:00:00+00:00,60,7,15,,,0,0,0,0,0,0,0,0,0,0,0,0,0,0,0,0,0,0,0,0,0,0,0,0,0
2013-07-27 15:00:00+00:00,60,7,15,239.0560302734375,3.151846408843994,0,0,0,0,0,0,0,0,0,0,0,0,0,0,1,1,1,1,1,1,1,1,1,1,1
2013-07-27 15:00:00+00:00,60,7,15,278.6391296386719,251.17138671875,0,0,0,0,0,0,0,0,0,0,0,0,0,0,0,1,1,0,0,0,0,0,0,0,0
2013-07-27 15:00:00+00:00,60,7,15,173.852783203125,149.7165069580078,0,0,0,0,0,0,0,0,0,0,0,0,1,1,1,1,1,0,0,0,0,0,0,0,0
2013-07-27 15:00:00+00:00,60,7,15,238.55508422851562,240.2303009033203,0,0,0,0,0,0,0,0,0,0,0,0,0,0,1,1,1,0,0,0,0,0,0,0,0
2013-07-27 15:00:00+00:00,60,7,15,356.9932556152344,255.2516326904297,0,0,0,0,0,0,0,0,0,0,0,0,0,0,0,0,0,0,0,0,0,0,0,0,0
2013-07-27 15:00:00+00:00,60,7,15,59.24055099487305,19.280763626098633,0,0,0,0,0,0,0,1,1,1,1,1,1,1,1,1,1,0,0,1,1,1,1,1,1
2013-07-27 15:00:00+00:00,60,7,15,196.0615692138672,147.55592346191406,0,0,0,0,0,0,0,0,0,0,0,0,0,1,1,1,1,0,0,0,0,0,0,0,0
2013-07-27 15:00:00+00:00,60,7,15,36.474273681640625,13.836888313293457,0,0,0,0,0,1,1,1,1,1,1,1,1,1,1,1,1,0,1,1,1,1,1,1,1
2013-07-27 15:00:00+00:00,60,7,15,,6.762679100036621,0,0,0,0,0,0,0,0,0,0,0,0,0,0,0,0,0,1,1,1,1,1,1,1,1
2013-07-27 15:00:00+00:00,60,7,15,155.52749633789062,382.04144287109375,0,0,0,0,0,0,0,0,0,0,0,0,1,1,1,1,1,0,0,0,0,0,0,0,0
2013-07-27 15:15:00+00:00,60,7,15,308.0718078613281,350.72698974609375,0,0,0,0,0,0,0,0,0,0,0,0,0,0,0,0,1,0,0,0,0,0,0,0,0
2013-07-27 15:15:00+00:00,60,7,15,81.58929443359375,42.9571418762207,0,0,0,0,0,0,0,0,0,1,1,1,1,1,1,1,1,0,0,0,0,0,0,1,1
2013-07-27 15:15:00+00:00,60,7,15,,153.5586700439453,0,0,0,0,0,0,0,0,0,0,0,0,0,0,0,0,0,0,0,0,0,0,0,0,0
2013-07-27 15:15:00+00:00,60,7,15,413.1625061035156,230.9474334716797,0,0,0,0,0,0,0,0,0,0,0,0,0,0,0,0,0,0,0,0,0,0,0,0,0
2013-07-27 15:15:00+00:00,60,7,15,210.2312469482422,,0,0,0,0,0,0,0,0,0,0,0,0,0,0,1,1,1,0,0,0,0,0,0,0,0
2013-07-27 15:15:00+00:00,60,7,15,79.62409973144531,79.35536193847656,0,0,0,0,0,0,0,0,1,1,1,1,1,1,1,1,1,0,0,0,0,0,0,0,0
2013-07-27 15:15:00+00:00,60,7,15,289.7160339355469,220.58299255371094,0,0,0,0,0,0,0,0,0,0,0,0,0,0,0,1,1,0,0,0,0,0,0,0,0
2013-07-27 15:15:00+00:00,60,7,15,227.68092346191406,224.68475341796875,0,0,0,0,0,0,0,0,0,0,0,0,0,0,1,1,1,0,0,0,0,0,0,0,0
2013-07-27 15:15:00+00:00,60,7,15,76.60379028320312,12.230308532714844,0,0,0,0,0,0,0,0,1,1,1,1,1,1,1,1,1,0,1,1,1,1,1,1,1
2013-07-27 15:15:00+00:00,60,7,15,,,0,0,0,0,0,0,0,0,0,0,0,0,0,0,0,0,0,0,0,0,0,0,0,0,0
2013-07-27 15:15:00+00:00,60,7,15,192.37107849121094,258.19464111328125,0,0,0,0,0,0,0,0,0,0,0,0,0,1,1,1,1,0,0,0,0,0,0,0,0
2013-07-27 15:15:00+00:00,60,7,15,393.0885009765625,313.5041809082031,0,0,0,0,0,0,0,0,0,0,0,0,0,0,0,0,0,0,0,0,0,0,0,0,0
2013-07-27 15:30:00+00:00,60,7,15,,557.8746337890625,0,0,0,0,0,0,0,0,0,0,0,0,0,0,0,0,0,0,0,0,0,0,0,0,0
2013-07-27 15:30:00+00:00,60,7,15,276.5762939453125,355.9510192871094,0,0,0,0,0,0,0,0,0,0,0,0,0,0,0,1,1,0,0,0,0,0,0,0,0
2013-07-27 15:30:00+00:00,60,7,15,417.9425964355469,450.4952697753906,0,0,0,0,0,0,0,0,0,0,0,0,0,0,0,0,0,0,0,0,0,0,0,0,0
2013-07-27 15:30:00+00:00,60,7,15,271.18182373046875,342.2986145019531,0,0,0,0,0,0,0,0,0,0,0,0,0,0,0,1,1,0,0,0,0,0,0,0,0
2013-07-27 15:30:00+00:00,60,7,15,,,0,0,0,0,0,0,0,0,0,0,0,0,0,0,0,0,0,0,0,0,0,0,0,0,0
2013-07-27 15:30:00+00:00,60,7,15,48.206024169921875,12.55095386505127,0,0,0,0,0,0,1,1,1,1,1,1,1,1,1,1,1,0,1,1,1,1,1,1,1
2013-07-27 15:30:00+00:00,60,7,15,275.654052734375,,0,0,0,0,0,0,0,0,0,0,0,0,0,0,0,1,1,0,0,0,0,0,0,0,0
2013-07-27 15:30:00+00:00,60,7,15,105.61910247802734,283.7674865722656,0,0,0,0,0,0,0,0,0,0,1,1,1,1,1,1,1,0,0,0,0,0,0,0,0
2013-07-27 15:30:00+00:00,60,7,15,184.22665405273438,184.8118438720703,0,0,0,0,0,0,0,0,0,0,0,0,0,1,1,1,1,0,0,0,0,0,0,0,0
2013-07-27 15:30:00+00:00,60,7,15,170.3571014404297,195.45010375976562,0,0,0,0,0,0,0,0,0,0,0,0,1,1,1,1,1,0,0,0,0,0,0,0,0
2013-07-27 15:30:00+00:00,60,7,15,64.42926025390625,30.53554344177246,0,0,0,0,0,0,0,0,1,1,1,1,1,1,1,1,1,0,0,0,0,0,1,1,1
2013-07-27 15:30:00+00:00,60,7,15,146.13302612304688,40.663330078125,0,0,0,0,0,0,0,0,0,0,0,1,1,1,1,1,1,0,0,0,0,0,0,1,1
2013-07-27 15:30:00+00:00,60,7,15,151.33702087402344,18.293981552124023,0,0,0,0,0,0,0,0,0,0,0,0,1,1,1,1,1,0,0,1,1,1,1,1,1
2013-07-27 15:30:00+00:00,60,7,15,,,0,0,0,0,0,0,0,0,0,0,0,0,0,0,0,0,0,0,0,0,0,0,0,0,0
2013-07-27 15:45:00+00:00,60,7,15,305.63323974609375,156.56668090820312,0,0,0,0,0,0,0,0,0,0,0,0,0,0,0,0,1,0,0,0,0,0,0,0,0
2013-07-27 15:45:00+00:00,60,7,15,362.9730224609375,227.7503662109375,0,0,0,0,0,0,0,0,0,0,0,0,0,0,0,0,0,0,0,0,0,0,0,0,0
2013-07-27 15:45:00+00:00,60,7,15,168.51951599121094,352.39080810546875,0,0,0,0,0,0,0,0,0,0,0,0,1,1,1,1,1,0,0,0,0,0,0,0,0
2013-07-27 15:45:00+00:00,60,7,15,110.34467315673828,193.67660522460938,0,0,0,0,0,0,0,0,0,0,1,1,1,1,1,1,1,0,0,0,0,0,0,0,0
2013-07-27 15:45:00+00:00,60,7,15,,,0,0,0,0,0,0,0,0,0,0,0,0,0,0,0,0,0,0,0,0,0,0,0,0,0
2013-07-27 15:45:00+00:00,60,7,15,182.26637268066406,247.5894012451172,0,0,0,0,0,0,0,0,0,0,0,0,0,1,1,1,1,0,0,0,0,0,0,0,0
2013-07-27 15:45:00+00:00,60,7,15,38.40387725830078,0.0,0,0,0,0,0,1,1,1,1,1,1,1,1,1,1,1,1,1,1,1,1,1,1,1,1
2013-07-27 15:45:00+00:00,60,7,15,70.61875915527344,45.298622131347656,0,0,0,0,0,0,0,0,1,1,1,1,1,1,1,1,1,0,0,0,0,0,0,1,1
2013-07-27 15:45:00+00:00,60,7,15,174.02777099609375,25.725770950317383,0,0,0,0,0,0,0,0,0,0,0,0,1,1,1,1,1,0,0,0,0,1,1,1,1
2013-07-27 16:00:00+00:00,60,7,16,,,0,0,0,0,0,0,0,0,0,0,0,0,0,0,0,0,0,0,0,0,0,0,0,0,0
2013-07-27 16:00:00+00:00,60,7,16,366.9554748535156,,0,0,0,0,0,0,0,0,0,0,0,0,0,0,0,0,0,0,0,0,0,0,0,0,0
2013-07-27 16:00:00+00:00,60,7,16,,216.07456970214844,0,0,0,0,0,0,0,0,0,0,0,0,0,0,0,0,0,0,0,0,0,0,0,0,0
2013-07-27 16:00:00+00:00,60,7,16,,,0,0,0,0,0,0,0,0,0,0,0,0,0,0,0,0,0,0,0,0,0,0,0,0,0
2013-07-27 16:00:00+00:00,60,7,16,218.70980834960938,265.61468505859375,0,0,0,0,0,0,0,0,0,0,0,0,0,0,1,1,1,0,0,0,0,0,0,0,0
2013-07-27 16:00:00+00:00,60,7,16,,271.02044677734375,0,0,0,0,0,0,0,0,0,0,0,0,0,0,0,0,0,0,0,0,0,0,0,0,0
2013-07-27 16:00:00+00:00,60,7,16,169.9307403564453,138.23631286621094,0,0,0,0,0,0,0,0,0,0,0,0,1,1,1,1,1,0,0,0,0,0,0,0,0
2013-07-27 16:00:00+00:00,60,7,16,79.23638153076172,41.125518798828125,0,0,0,0,0,0,0,0,1,1,1,1,1,1,1,1,1,0,0,0,0,0,0,1,1
2013-07-27 16:00:00+00:00,60,7,16,,,0,0,0,0,0,0,0,0,0,0,0,0,0,0,0,0,0,0,0,0,0,0,0,0,0
2013-07-27 16:00:00+00:00,60,7,16,225.57931518554688,48.544273376464844,0,0,0,0,0,0,0,0,0,0,0,0,0,0,1,1,1,0,0,0,0,0,0,1,1
2013-07-27 16:00:00+00:00,60,7,16,159.50311279296875,64.97953796386719,0,0,0,0,0,0,0,0,0,0,0,0,1,1,1,1,1,0,0,0,0,0,0,0,0
2013-07-27 16:00:00+00:00,60,7,16,48.50192642211914,0.0,0,0,0,0,0,0,1,1,1,1,1,1,1,1,1,1,1,1,1,1,1,1,1,1,1
2013-07-27 16:00:00+00:00,60,7,16,175.52699279785156,133.04922485351562,0,0,0,0,0,0,0,0,0,0,0,0,1,1,1,1,1,0,0,0,0,0,0,0,0
2013-07-27 16:00:00+00:00,60,7,16,187.4056854248047,6.766417026519775,0,0,0,0,0,0,0,0,0,0,0,0,0,1,1,1,1,1,1,1,1,1,1,1,1
2013-07-27 16:00:00+00:00,60,7,16,153.96934509277344,126.20793151855469,0,0,0,0,0,0,0,0,0,0,0,0,1,1,1,1,1,0,0,0,0,0,0,0,0
2013-07-27 16:00:00+00:00,60,7,16,,333.17041015625,0,0,0,0,0,0,0,0,0,0,0,0,0,0,0,0,0,0,0,0,0,0,0,0,0
2013-07-27 16:00:00+00:00,60,7,16,373.7764892578125,315.2864990234375,0,0,0,0,0,0,0,0,0,0,0,0,0,0,0,0,0,0,0,0,0,0,0,0,0
2013-07-27 16:00:00+00:00,60,7,16,219.17901611328125,112.81635284423828,0,0,0,0,0,0,0,0,0,0,0,0,0,0,1,1,1,0,0,0,0,0,0,0,0
2013-07-27 16:15:00+00:00,60,7,16,152.50103759765625,,0,0,0,0,0,0,0,0,0,0,0,0,1,1,1,1,1,0,0,0,0,0,0,0,0
2013-07-27 16:15:00+00:00,60,7,16,,,0,0,0,0,0,0,0,0,0,0,0,0,0,0,0,0,0,0,0,0,0,0,0,0,0
2013-07-27 16:15:00+00:00,60,7,16,172.82791137695312,32.06113052368164,0,0,0,0,0,0,0,0,0,0,0,0,1,1,1,1,1,0,0,0,0,0,1,1,1
2013-07-27 16:15:00+00:00,60,7,16,50.53601837158203,0.0,0,0,0,0,0,0,0,1,1,1,1,1,1,1,1,1,1,1,1,1,1,1,1,1,1
2013-07-27 16:15:00+00:00,60,7,16,89.37081146240234,55.174259185791016,0,0,0,0,0,0,0,0,0,1,1,1,1,1,1,1,1,0,0,0,0,0,0,0,1
2013-07-27 16:15:00+00:00,60,7,16,173.042236328125,148.56723022460938,0,0,0,0,0,0,0,0,0,0,0,0,1,1,1,1,1,0,0,0,0,0,0,0,0
2013-07-27 16:30:00+00:00,60,7,16,194.39112854003906,123.36358642578125,0,0,0,0,0,0,0,0,0,0,0,0,0,1,1,1,1,0,0,0,0,0,0,0,0
2013-07-27 16:30:00+00:00,60,7,16,,,0,0,0,0,0,0,0,0,0,0,0,0,0,0,0,0,0,0,0,0,0,0,0,0,0
2013-07-27 16:30:00+00:00,60,7,16,,,0,0,0,0,0,0,0,0,0,0,0,0,0,0,0,0,0,0,0,0,0,0,0,0,0
2013-07-27 16:30:00+00:00,60,7,16,413.6051330566406,385.967041015625,0,0,0,0,0,0,0,0,0,0,0,0,0,0,0,0,0,0,0,0,0,0,0,0,0
2013-07-27 16:30:00+00:00,60,7,16,,,0,0,0,0,0,0,0,0,0,0,0,0,0,0,0,0,0,0,0,0,0,0,0,0,0
2013-07-27 16:45:00+00:00,60,7,16,,,0,0,0,0,0,0,0,0,0,0,0,0,0,0,0,0,0,0,0,0,0,0,0,0,0
2013-07-27 16:45:00+00:00,60,7,16,,,0,0,0,0,0,0,0,0,0,0,0,0,0,0,0,0,0,0,0,0,0,0,0,0,0
2013-07-27 16:45:00+00:00,60,7,16,317.3955078125,230.45135498046875,0,0,0,0,0,0,0,0,0,0,0,0,0,0,0,0,1,0,0,0,0,0,0,0,0
2013-07-27 17:00:00+00:00,60,7,17,,,0,0,0,0,0,0,0,0,0,0,0,0,0,0,0,0,0,0,0,0,0,0,0,0,0
2013-07-27 17:00:00+00:00,60,7,17,375.1072692871094,341.63836669921875,0,0,0,0,0,0,0,0,0,0,0,0,0,0,0,0,0,0,0,0,0,0,0,0,0
2013-07-27 17:00:00+00:00,60,7,17,98.3046646118164,74.47086334228516,0,0,0,0,0,0,0,0,0,1,1,1,1,1,1,1,1,0,0,0,0,0,0,0,0
2013-07-27 17:00:00+00:00,60,7,17,190.41299438476562,506.6627197265625,0,0,0,0,0,0,0,0,0,0,0,0,0,1,1,1,1,0,0,0,0,0,0,0,0
2013-07-27 17:00:00+00:00,60,7,17,89.48174285888672,108.2231674194336,0,0,0,0,0,0,0,0,0,1,1,1,1,1,1,1,1,0,0,0,0,0,0,0,0
2013-07-27 17:00:00+00:00,60,7,17,103.478759765625,21.361915588378906,0,0,0,0,0,0,0,0,0,0,1,1,1,1,1,1,1,0,0,0,1,1,1,1,1
2013-07-27 17:00:00+00:00,60,7,17,103.82664489746094,3.04949951171875,0,0,0,0,0,0,0,0,0,0,1,1,1,1,1,1,1,1,1,1,1,1,1,1,1
2013-07-27 17:00:00+00:00,60,7,17,180.741943359375,43.67485046386719,0,0,0,0,0,0,0,0,0,0,0,0,0,1,1,1,1,0,0,0,0,0,0,1,1
2013-07-27 17:15:00+00:00,60,7,17,137.79867553710938,230.78219604492188,0,0,0,0,0,0,0,0,0,0,0,1,1,1,1,1,1,0,0,0,0,0,0,0,0
2013-07-27 17:15:00+00:00,60,7,17,,,0,0,0,0,0,0,0,0,0,0,0,0,0,0,0,0,0,0,0,0,0,0,0,0,0
2013-07-27 17:30:00+00:00,60,7,17,,25.44073486328125,0,0,0,0,0,0,0,0,0,0,0,0,0,0,0,0,0,0,0,0,0,1,1,1,1
2013-07-27 17:30:00+00:00,60,7,17,,267.1611633300781,0,0,0,0,0,0,0,0,0,0,0,0,0,0,0,0,0,0,0,0,0,0,0,0,0
2013-07-27 17:30:00+00:00,60,7,17,275.0107421875,137.0613555908203,0,0,0,0,0,0,0,0,0,0,0,0,0,0,0,1,1,0,0,0,0,0,0,0,0
2013-07-27 17:30:00+00:00,60,7,17,79.51506805419922,142.4973907470703,0,0,0,0,0,0,0,0,1,1,1,1,1,1,1,1,1,0,0,0,0,0,0,0,0
2013-07-27 17:30:00+00:00,60,7,17,154.6637420654297,204.98175048828125,0,0,0,0,0,0,0,0,0,0,0,0,1,1,1,1,1,0,0,0,0,0,0,0,0
2013-07-27 17:30:00+00:00,60,7,17,82.57398986816406,15.273601531982422,0,0,0,0,0,0,0,0,0,1,1,1,1,1,1,1,1,0,0,1,1,1,1,1,1
2013-07-27 17:45:00+00:00,60,7,17,34.41959762573242,100.05927276611328,0,0,0,0,0,1,1,1,1,1,1,1,1,1,1,1,1,0,0,0,0,0,0,0,0
2013-07-28 10:00:00+00:00,60,7,10,480.2635192871094,,0,0,0,0,0,0,0,0,0,0,0,0,0,0,0,0,0,0,0,0,0,0,0,0,0
2013-07-28 10:00:00+00:00,60,7,10,206.1824188232422,,0,0,0,0,0,0,0,0,0,0,0,0,0,0,1,1,1,0,0,0,0,0,0,0,0
2013-07-28 10:00:00+00:00,60,7,10,,,0,0,0,0,0,0,0,0,0,0,0,0,0,0,0,0,0,0,0,0,0,0,0,0,0
2013-07-28 10:00:00+00:00,60,7,10,412.33941650390625,322.06585693359375,0,0,0,0,0,0,0,0,0,0,0,0,0,0,0,0,0,0,0,0,0,0,0,0,0
2013-07-28 10:00:00+00:00,60,7,10,,155.31005859375,0,0,0,0,0,0,0,0,0,0,0,0,0,0,0,0,0,0,0,0,0,0,0,0,0
2013-07-28 10:00:00+00:00,60,7,10,374.025634765625,389.625,0,0,0,0,0,0,0,0,0,0,0,0,0,0,0,0,0,0,0,0,0,0,0,0,0
2013-07-28 10:15:00+00:00,60,7,10,264.8149719238281,361.9006652832031,0,0,0,0,0,0,0,0,0,0,0,0,0,0,0,1,1,0,0,0,0,0,0,0,0
2013-07-28 10:15:00+00:00,60,7,10,67.39286041259766,128.17466735839844,0,0,0,0,0,0,0,0,1,1,1,1,1,1,1,1,1,0,0,0,0,0,0,0,0
2013-07-28 10:15:00+00:00,60,7,10,,,0,0,0,0,0,0,0,0,0,0,0,0,0,0,0,0,0,0,0,0,0,0,0,0,0
2013-07-28 10:15:00+00:00,60,7,10,,,0,0,0,0,0,0,0,0,0,0,0,0,0,0,0,0,0,0,0,0,0,0,0,0,0
2013-07-28 10:15:00+00:00,60,7,10,131.75146484375,137.8308868408203,0,0,0,0,0,0,0,0,0,0,0,1,1,1,1,1,1,0,0,0,0,0,0,0,0
2013-07-28 10:15:00+00:00,60,7,10,,58.89253616333008,0,0,0,0,0,0,0,0,0,0,0,0,0,0,0,0,0,0,0,0,0,0,0,0,1
2013-07-28 10:15:00+00:00,60,7,10,,,0,0,0,0,0,0,0,0,0,0,0,0,0,0,0,0,0,0,0,0,0,0,0,0,0
2013-07-28 10:15:00+00:00,60,7,10,220.27120971679688,200.3510284423828,0,0,0,0,0,0,0,0,0,0,0,0,0,0,1,1,1,0,0,0,0,0,0,0,0
2013-07-28 10:30:00+00:00,60,7,10,304.17626953125,212.71934509277344,0,0,0,0,0,0,0,0,0,0,0,0,0,0,0,0,1,0,0,0,0,0,0,0,0
2013-07-28 10:30:00+00:00,60,7,10,192.8887176513672,79.36283874511719,0,0,0,0,0,0,0,0,0,0,0,0,0,1,1,1,1,0,0,0,0,0,0,0,0
2013-07-28 10:30:00+00:00,60,7,10,266.7056884765625,153.1783905029297,0,0,0,0,0,0,0,0,0,0,0,0,0,0,0,1,1,0,0,0,0,0,0,0,0
2013-07-28 10:30:00+00:00,60,7,10,,15.943018913269043,0,0,0,0,0,0,0,0,0,0,0,0,0,0,0,0,0,0,0,1,1,1,1,1,1
2013-07-28 10:30:00+00:00,60,7,10,,22.720640182495117,0,0,0,0,0,0,0,0,0,0,0,0,0,0,0,0,0,0,0,0,1,1,1,1,1
2013-07-28 10:30:00+00:00,60,7,10,,222.6813507080078,0,0,0,0,0,0,0,0,0,0,0,0,0,0,0,0,0,0,0,0,0,0,0,0,0
2013-07-28 10:30:00+00:00,60,7,10,,,0,0,0,0,0,0,0,0,0,0,0,0,0,0,0,0,0,0,0,0,0,0,0,0,0
2013-07-28 10:30:00+00:00,60,7,10,,210.02175903320312,0,0,0,0,0,0,0,0,0,0,0,0,0,0,0,0,0,0,0,0,0,0,0,0,0
2013-07-28 10:30:00+00:00,60,7,10,,,0,0,0,0,0,0,0,0,0,0,0,0,0,0,0,0,0,0,0,0,0,0,0,0,0
2013-07-28 10:30:00+00:00,60,7,10,,,0,0,0,0,0,0,0,0,0,0,0,0,0,0,0,0,0,0,0,0,0,0,0,0,0
2013-07-28 10:30:00+00:00,60,7,10,307.85125732421875,296.38525390625,0,0,0,0,0,0,0,0,0,0,0,0,0,0,0,0,1,0,0,0,0,0,0,0,0
2013-07-28 10:30:00+00:00,60,7,10,41.03885269165039,0.0,0,0,0,0,0,0,1,1,1,1,1,1,1,1,1,1,1,1,1,1,1,1,1,1,1
2013-07-28 10:30:00+00:00,60,7,10,,,0,0,0,0,0,0,0,0,0,0,0,0,0,0,0,0,0,0,0,0,0,0,0,0,0
2013-07-28 10:45:00+00:00,60,7,10,,345.61492919921875,0,0,0,0,0,0,0,0,0,0,0,0,0,0,0,0,0,0,0,0,0,0,0,0,0
2013-07-28 10:45:00+00:00,60,7,10,,,0,0,0,0,0,0,0,0,0,0,0,0,0,0,0,0,0,0,0,0,0,0,0,0,0
2013-07-28 10:45:00+00:00,60,7,10,,409.9214172363281,0,0,0,0,0,0,0,0,0,0,0,0,0,0,0,0,0,0,0,0,0,0,0,0,0
2013-07-28 10:45:00+00:00,60,7,10,,61.66343688964844,0,0,0,0,0,0,0,0,0,0,0,0,0,0,0,0,0,0,0,0,0,0,0,0,0
2013-07-28 10:45:00+00:00,60,7,10,,6.947831630706787,0,0,0,0,0,0,0,0,0,0,0,0,0,0,0,0,0,1,1,1,1,1,1,1,1
2013-07-28 10:45:00+00:00,60,7,10,,,0,0,0,0,0,0,0,0,0,0,0,0,0,0,0,0,0,0,0,0,0,0,0,0,0
2013-07-28 10:45:00+00:00,60,7,10,,,0,0,0,0,0,0,0,0,0,0,0,0,0,0,0,0,0,0,0,0,0,0,0,0,0
2013-07-28 10:45:00+00:00,60,7,10,39.358951568603516,83.6792221069336,0,0,0,0,0,1,1,1,1,1,1,1,1,1,1,1,1,0,0,0,0,0,0,0,0
2013-07-28 11:00:00+00:00,60,7,11,,,0,0,0,0,0,0,0,0,0,0,0,0,0,0,0,0,0,0,0,0,0,0,0,0,0
2013-07-28 11:00:00+00:00,60,7,11,,,0,0,0,0,0,0,0,0,0,0,0,0,0,0,0,0,0,0,0,0,0,0,0,0,0
2013-07-28 11:00:00+00:00,60,7,11,,428.2942810058594,0,0,0,0,0,0,0,0,0,0,0,0,0,0,0,0,0,0,0,0,0,0,0,0,0
2013-07-28 11:00:00+00:00,60,7,11,,341.07000732421875,0,0,0,0,0,0,0,0,0,0,0,0,0,0,0,0,0,0,0,0,0,0,0,0,0
2013-07-28 11:00:00+00:00,60,7,11,522.1298217773438,491.7184143066406,0,0,0,0,0,0,0,0,0,0,0,0,0,0,0,0,0,0,0,0,0,0,0,0,0
2013-07-28 11:00:00+00:00,60,7,11,,59.9136962890625,0,0,0,0,0,0,0,0,0,0,0,0,0,0,0,0,0,0,0,0,0,0,0,0,1
2013-07-28 11:00:00+00:00,60,7,11,,218.10128784179688,0,0,0,0,0,0,0,0,0,0,0,0,0,0,0,0,0,0,0,0,0,0,0,0,0
2013-07-28 11:00:00+00:00,60,7,11,186.9440460205078,20.511404037475586,0,0,0,0,0,0,0,0,0,0,0,0,0,1,1,1,1,0,0,0,1,1,1,1,1
2013-07-28 11:00:00+00:00,60,7,11,,723.1355590820312,0,0,0,0,0,0,0,0,0,0,0,0,0,0,0,0,0,0,0,0,0,0,0,0,0
2013-07-28 11:00:00+00:00,60,7,11,,,0,0,0,0,0,0,0,0,0,0,0,0,0,0,0,0,0,0,0,0,0,0,0,0,0
2013-07-28 11:00:00+00:00,60,7,11,,38.21596908569336,0,0,0,0,0,0,0,0,0,0,0,0,0,0,0,0,0,0,0,0,0,0,1,1,1
2013-07-28 11:00:00+00:00,60,7,11,,77.3913803100586,0,0,0,0,0,0,0,0,0,0,0,0,0,0,0,0,0,0,0,0,0,0,0,0,0
2013-07-28 11:00:00+00:00,60,7,11,,,0,0,0,0,0,0,0,0,0,0,0,0,0,0,0,0,0,0,0,0,0,0,0,0,0
2013-07-28 11:00:00+00:00,60,7,11,,,0,0,0,0,0,0,0,0,0,0,0,0,0,0,0,0,0,0,0,0,0,0,0,0,0
2013-07-28 11:15:00+00:00,60,7,11,,232.04441833496094,0,0,0,0,0,0,0,0,0,0,0,0,0,0,0,0,0,0,0,0,0,0,0,0,0
2013-07-28 11:15:00+00:00,60,7,11,,,0,0,0,0,0,0,0,0,0,0,0,0,0,0,0,0,0,0,0,0,0,0,0,0,0
2013-07-28 11:15:00+00:00,60,7,11,348.9541320800781,72.03862762451172,0,0,0,0,0,0,0,0,0,0,0,0,0,0,0,0,1,0,0,0,0,0,0,0,0
2013-07-28 11:15:00+00:00,60,7,11,,,0,0,0,0,0,0,0,0,0,0,0,0,0,0,0,0,0,0,0,0,0,0,0,0,0
2013-07-28 11:15:00+00:00,60,7,11,143.51097106933594,67.81538391113281,0,0,0,0,0,0,0,0,0,0,0,1,1,1,1,1,1,0,0,0,0,0,0,0,0
2013-07-28 11:15:00+00:00,60,7,11,,,0,0,0,0,0,0,0,0,0,0,0,0,0,0,0,0,0,0,0,0,0,0,0,0,0
2013-07-28 11:30:00+00:00,60,7,11,292.08636474609375,240.77841186523438,0,0,0,0,0,0,0,0,0,0,0,0,0,0,0,1,1,0,0,0,0,0,0,0,0
2013-07-28 11:30:00+00:00,60,7,11,,,0,0,0,0,0,0,0,0,0,0,0,0,0,0,0,0,0,0,0,0,0,0,0,0,0
2013-07-28 11:30:00+00:00,60,7,11,,,0,0,0,0,0,0,0,0,0,0,0,0,0,0,0,0,0,0,0,0,0,0,0,0,0
2013-07-28 11:30:00+00:00,60,7,11,,,0,0,0,0,0,0,0,0,0,0,0,0,0,0,0,0,0,0,0,0,0,0,0,0,0
2013-07-28 11:30:00+00:00,60,7,11,,,0,0,0,0,0,0,0,0,0,0,0,0,0,0,0,0,0,0,0,0,0,0,0,0,0
2013-07-28 11:45:00+00:00,60,7,11,,,0,0,0,0,0,0,0,0,0,0,0,0,0,0,0,0,0,0,0,0,0,0,0,0,0
2013-07-28 11:45:00+00:00,60,7,11,,168.8158416748047,0,0,0,0,0,0,0,0,0,0,0,0,0,0,0,0,0,0,0,0,0,0,0,0,0
2013-07-28 11:45:00+00:00,60,7,11,307.8156433105469,316.1606750488281,0,0,0,0,0,0,0,0,0,0,0,0,0,0,0,0,1,0,0,0,0,0,0,0,0
2013-07-28 11:45:00+00:00,60,7,11,137.9833984375,144.09762573242188,0,0,0,0,0,0,0,0,0,0,0,1,1,1,1,1,1,0,0,0,0,0,0,0,0
2013-07-28 11:45:00+00:00,60,7,11,,,0,0,0,0,0,0,0,0,0,0,0,0,0,0,0,0,0,0,0,0,0,0,0,0,0
2013-07-28 11:45:00+00:00,60,7,11,269.3781433105469,266.1328430175781,0,0,0,0,0,0,0,0,0,0,0,0,0,0,0,1,1,0,0,0,0,0,0,0,0
2013-07-28 11:45:00+00:00,60,7,11,141.2407684326172,0.0,0,0,0,0,0,0,0,0,0,0,0,1,1,1,1,1,1,1,1,1,1,1,1,1,1
2013-07-28 11:45:00+00:00,60,7,11,,358.7701721191406,0,0,0,0,0,0,0,0,0,0,0,0,0,0,0,0,0,0,0,0,0,0,0,0,0
2013-07-28 11:45:00+00:00,60,7,11,280.2431640625,205.0089111328125,0,0,0,0,0,0,0,0,0,0,0,0,0,0,0,1,1,0,0,0,0,0,0,0,0
2013-07-28 11:45:00+00:00,60,7,11,,,0,0,0,0,0,0,0,0,0,0,0,0,0,0,0,0,0,0,0,0,0,0,0,0,0
2013-07-28 11:45:00+00:00,60,7,11,277.78582763671875,327.14019775390625,0,0,0,0,0,0,0,0,0,0,0,0,0,0,0,1,1,0,0,0,0,0,0,0,0
2013-07-28 12:00:00+00:00,60,7,12,84.6840591430664,90.70211029052734,0,0,0,0,0,0,0,0,0,1,1,1,1,1,1,1,1,0,0,0,0,0,0,0,0
2013-07-28 12:00:00+00:00,60,7,12,,,0,0,0,0,0,0,0,0,0,0,0,0,0,0,0,0,0,0,0,0,0,0,0,0,0
2013-07-28 12:00:00+00:00,60,7,12,,,0,0,0,0,0,0,0,0,0,0,0,0,0,0,0,0,0,0,0,0,0,0,0,0,0
2013-07-28 12:00:00+00:00,60,7,12,148.65895080566406,207.8212432861328,0,0,0,0,0,0,0,0,0,0,0,1,1,1,1,1,1,0,0,0,0,0,0,0,0
2013-07-28 12:00:00+00:00,60,7,12,,,0,0,0,0,0,0,0,0,0,0,0,0,0,0,0,0,0,0,0,0,0,0,0,0,0
2013-07-28 12:00:00+00:00,60,7,12,,431.5999755859375,0,0,0,0,0,0,0,0,0,0,0,0,0,0,0,0,0,0,0,0,0,0,0,0,0
2013-07-28 12:00:00+00:00,60,7,12,266.7121887207031,229.1512451171875,0,0,0,0,0,0,0,0,0,0,0,0,0,0,0,1,1,0,0,0,0,0,0,0,0
2013-07-28 12:00:00+00:00,60,7,12,680.9207153320312,,0,0,0,0,0,0,0,0,0,0,0,0,0,0,0,0,0,0,0,0,0,0,0,0,0
2013-07-28 12:00:00+00:00,60,7,12,86.80724334716797,42.46259307861328,0,0,0,0,0,0,0,0,0,1,1,1,1,1,1,1,1,0,0,0,0,0,0,1,1
2013-07-28 12:00:00+00:00,60,7,12,25.89458656311035,,0,0,0,0,1,1,1,1,1,1,1,1,1,1,1,1,1,0,0,0,0,0,0,0,0
2013-07-28 12:00:00+00:00,60,7,12,183.42337036132812,4.412496566772461,0,0,0,0,0,0,0,0,0,0,0,0,0,1,1,1,1,1,1,1,1,1,1,1,1
2013-07-28 12:00:00+00:00,60,7,12,184.8912811279297,67.80084991455078,0,0,0,0,0,0,0,0,0,0,0,0,0,1,1,1,1,0,0,0,0,0,0,0,0
2013-07-28 12:00:00+00:00,60,7,12,130.130859375,157.74612426757812,0,0,0,0,0,0,0,0,0,0,0,1,1,1,1,1,1,0,0,0,0,0,0,0,0
2013-07-28 12:15:00+00:00,60,7,12,382.334716796875,,0,0,0,0,0,0,0,0,0,0,0,0,0,0,0,0,0,0,0,0,0,0,0,0,0
2013-07-28 12:15:00+00:00,60,7,12,169.78851318359375,,0,0,0,0,0,0,0,0,0,0,0,0,1,1,1,1,1,0,0,0,0,0,0,0,0
2013-07-28 12:15:00+00:00,60,7,12,,200.71278381347656,0,0,0,0,0,0,0,0,0,0,0,0,0,0,0,0,0,0,0,0,0,0,0,0,0
2013-07-28 12:15:00+00:00,60,7,12,,108.8903579711914,0,0,0,0,0,0,0,0,0,0,0,0,0,0,0,0,0,0,0,0,0,0,0,0,0
2013-07-28 12:15:00+00:00,60,7,12,,128.07569885253906,0,0,0,0,0,0,0,0,0,0,0,0,0,0,0,0,0,0,0,0,0,0,0,0,0
2013-07-28 12:15:00+00:00,60,7,12,436.7640380859375,,0,0,0,0,0,0,0,0,0,0,0,0,0,0,0,0,0,0,0,0,0,0,0,0,0
2013-07-28 12:15:00+00:00,60,7,12,,20.95624542236328,0,0,0,0,0,0,0,0,0,0,0,0,0,0,0,0,0,0,0,0,1,1,1,1,1
2013-07-28 12:15:00+00:00,60,7,12,214.75857543945312,173.2909698486328,0,0,0,0,0,0,0,0,0,0,0,0,0,0,1,1,1,0,0,0,0,0,0,0,0
2013-07-28 12:15:00+00:00,60,7,12,69.32331848144531,22.790552139282227,0,0,0,0,0,0,0,0,1,1,1,1,1,1,1,1,1,0,0,0,1,1,1,1,1
2013-07-28 12:15:00+00:00,60,7,12,261.86346435546875,63.93950653076172,0,0,0,0,0,0,0,0,0,0,0,0,0,0,0,1,1,0,0,0,0,0,0,0,0
2013-07-28 12:15:00+00:00,60,7,12,74.85334777832031,160.89442443847656,0,0,0,0,0,0,0,0,1,1,1,1,1,1,1,1,1,0,0,0,0,0,0,0,0
2013-07-28 12:15:00+00:00,60,7,12,364.9677429199219,333.49951171875,0,0,0,0,0,0,0,0,0,0,0,0,0,0,0,0,0,0,0,0,0,0,0,0,0
2013-07-28 12:15:00+00:00,60,7,12,133.9309539794922,61.03177261352539,0,0,0,0,0,0,0,0,0,0,0,1,1,1,1,1,1,0,0,0,0,0,0,0,0
2013-07-28 12:15:00+00:00,60,7,12,79.39102172851562,25.008920669555664,0,0,0,0,0,0,0,0,1,1,1,1,1,1,1,1,1,0,0,0,0,1,1,1,1
2013-07-28 12:15:00+00:00,60,7,12,79.11949157714844,0.0,0,0,0,0,0,0,0,0,1,1,1,1,1,1,1,1,1,1,1,1,1,1,1,1,1
2013-07-28 12:15:00+00:00,60,7,12,84.83360290527344,0.0,0,0,0,0,0,0,0,0,0,1,1,1,1,1,1,1,1,1,1,1,1,1,1,1,1
2013-07-28 12:15:00+00:00,60,7,12,,,0,0,0,0,0,0,0,0,0,0,0,0,0,0,0,0,0,0,0,0,0,0,0,0,0
2013-07-28 12:30:00+00:00,60,7,12,,263.6361083984375,0,0,0,0,0,0,0,0,0,0,0,0,0,0,0,0,0,0,0,0,0,0,0,0,0
2013-07-28 12:30:00+00:00,60,7,12,307.5547180175781,203.05599975585938,0,0,0,0,0,0,0,0,0,0,0,0,0,0,0,0,1,0,0,0,0,0,0,0,0
2013-07-28 12:30:00+00:00,60,7,12,283.5942687988281,22.101654052734375,0,0,0,0,0,0,0,0,0,0,0,0,0,0,0,1,1,0,0,0,1,1,1,1,1
2013-07-28 12:30:00+00:00,60,7,12,223.3212890625,64.19474029541016,0,0,0,0,0,0,0,0,0,0,0,0,0,0,1,1,1,0,0,0,0,0,0,0,0
2013-07-28 12:30:00+00:00,60,7,12,316.9676513671875,81.5760269165039,0,0,0,0,0,0,0,0,0,0,0,0,0,0,0,0,1,0,0,0,0,0,0,0,0
2013-07-28 12:30:00+00:00,60,7,12,,,0,0,0,0,0,0,0,0,0,0,0,0,0,0,0,0,0,0,0,0,0,0,0,0,0
2013-07-28 12:30:00+00:00,60,7,12,50.745513916015625,0.0,0,0,0,0,0,0,0,1,1,1,1,1,1,1,1,1,1,1,1,1,1,1,1,1,1
2013-07-28 12:30:00+00:00,60,7,12,181.0426788330078,0.0,0,0,0,0,0,0,0,0,0,0,0,0,0,1,1,1,1,1,1,1,1,1,1,1,1
2013-07-28 12:45:00+00:00,60,7,12,335.731689453125,388.09814453125,0,0,0,0,0,0,0,0,0,0,0,0,0,0,0,0,1,0,0,0,0,0,0,0,0
2013-07-28 12:45:00+00:00,60,7,12,,,0,0,0,0,0,0,0,0,0,0,0,0,0,0,0,0,0,0,0,0,0,0,0,0,0
2013-07-28 12:45:00+00:00,60,7,12,333.16552734375,218.79002380371094,0,0,0,0,0,0,0,0,0,0,0,0,0,0,0,0,1,0,0,0,0,0,0,0,0
2013-07-28 12:45:00+00:00,60,7,12,254.39764404296875,154.73760986328125,0,0,0,0,0,0,0,0,0,0,0,0,0,0,0,1,1,0,0,0,0,0,0,0,0
2013-07-28 12:45:00+00:00,60,7,12,266.8151550292969,80.72418975830078,0,0,0,0,0,0,0,0,0,0,0,0,0,0,0,1,1,0,0,0,0,0,0,0,0
2013-07-28 12:45:00+00:00,60,7,12,101.51559448242188,0.0,0,0,0,0,0,0,0,0,0,0,1,1,1,1,1,1,1,1,1,1,1,1,1,1,1
2013-07-28 12:45:00+00:00,60,7,12,257.92840576171875,122.55889129638672,0,0,0,0,0,0,0,0,0,0,0,0,0,0,0,1,1,0,0,0,0,0,0,0,0
2013-07-28 12:45:00+00:00,60,7,12,87.5146484375,99.58020782470703,0,0,0,0,0,0,0,0,0,1,1,1,1,1,1,1,1,0,0,0,0,0,0,0,0
2013-07-28 12:45:00+00:00,60,7,12,111.3748550415039,6.744721412658691,0,0,0,0,0,0,0,0,0,0,1,1,1,1,1,1,1,1,1,1,1,1,1,1,1
2013-07-28 12:45:00+00:00,60,7,12,196.18121337890625,6.742672920227051,0,0,0,0,0,0,0,0,0,0,0,0,0,1,1,1,1,1,1,1,1,1,1,1,1
2013-07-28 12:45:00+00:00,60,7,12,120.7950439453125,10.167986869812012,0,0,0,0,0,0,0,0,0,0,0,1,1,1,1,1,1,0,1,1,1,1,1,1,1
2013-07-28 12:45:00+00:00,60,7,12,274.10467529296875,,0,0,0,0,0,0,0,0,0,0,0,0,0,0,0,1,1,0,0,0,0,0,0,0,0
2013-07-28 13:00:00+00:00,60,7,13,,,0,0,0,0,0,0,0,0,0,0,0,0,0,0,0,0,0,0,0,0,0,0,0,0,0
2013-07-28 13:00:00+00:00,60,7,13,,,0,0,0,0,0,0,0,0,0,0,0,0,0,0,0,0,0,0,0,0,0,0,0,0,0
2013-07-28 13:00:00+00:00,60,7,13,123.1976318359375,12.958213806152344,0,0,0,0,0,0,0,0,0,0,0,1,1,1,1,1,1,0,1,1,1,1,1,1,1
2013-07-28 13:00:00+00:00,60,7,13,448.7432556152344,154.71408081054688,0,0,0,0,0,0,0,0,0,0,0,0,0,0,0,0,0,0,0,0,0,0,0,0,0
2013-07-28 13:00:00+00:00,60,7,13,466.78460693359375,408.25201416015625,0,0,0,0,0,0,0,0,0,0,0,0,0,0,0,0,0,0,0,0,0,0,0,0,0
2013-07-28 13:00:00+00:00,60,7,13,,156.78843688964844,0,0,0,0,0,0,0,0,0,0,0,0,0,0,0,0,0,0,0,0,0,0,0,0,0
2013-07-28 13:00:00+00:00,60,7,13,,291.431396484375,0,0,0,0,0,0,0,0,0,0,0,0,0,0,0,0,0,0,0,0,0,0,0,0,0
2013-07-28 13:00:00+00:00,60,7,13,316.7174072265625,25.786447525024414,0,0,0,0,0,0,0,0,0,0,0,0,0,0,0,0,1,0,0,0,0,1,1,1,1
2013-07-28 13:00:00+00:00,60,7,13,,40.42030715942383,0,0,0,0,0,0,0,0,0,0,0,0,0,0,0,0,0,0,0,0,0,0,0,1,1
2013-07-28 13:00:00+00:00,60,7,13,,220.6728973388672,0,0,0,0,0,0,0,0,0,0,0,0,0,0,0,0,0,0,0,0,0,0,0,0,0
2013-07-28 13:00:00+00:00,60,7,13,,,0,0,0,0,0,0,0,0,0,0,0,0,0,0,0,0,0,0,0,0,0,0,0,0,0
2013-07-28 13:00:00+00:00,60,7,13,,462.85577392578125,0,0,0,0,0,0,0,0,0,0,0,0,0,0,0,0,0,0,0,0,0,0,0,0,0
2013-07-28 13:00:00+00:00,60,7,13,,49.625221252441406,0,0,0,0,0,0,0,0,0,0,0,0,0,0,0,0,0,0,0,0,0,0,0,1,1
2013-07-28 13:00:00+00:00,60,7,13,,,0,0,0,0,0,0,0,0,0,0,0,0,0,0,0,0,0,0,0,0,0,0,0,0,0
2013-07-28 13:00:00+00:00,60,7,13,504.3155212402344,,0,0,0,0,0,0,0,0,0,0,0,0,0,0,0,0,0,0,0,0,0,0,0,0,0
2013-07-28 13:00:00+00:00,60,7,13,103.34583282470703,15.392754554748535,0,0,0,0,0,0,0,0,0,0,1,1,1,1,1,1,1,0,0,1,1,1,1,1,1
2013-07-28 13:00:00+00:00,60,7,13,295.6423034667969,282.67803955078125,0,0,0,0,0,0,0,0,0,0,0,0,0,0,0,1,1,0,0,0,0,0,0,0,0
2013-07-28 13:15:00+00:00,60,7,13,,,0,0,0,0,0,0,0,0,0,0,0,0,0,0,0,0,0,0,0,0,0,0,0,0,0
2013-07-28 13:15:00+00:00,60,7,13,,174.54925537109375,0,0,0,0,0,0,0,0,0,0,0,0,0,0,0,0,0,0,0,0,0,0,0,0,0
2013-07-28 13:15:00+00:00,60,7,13,,212.2015380859375,0,0,0,0,0,0,0,0,0,0,0,0,0,0,0,0,0,0,0,0,0,0,0,0,0
2013-07-28 13:15:00+00:00,60,7,13,413.570068359375,177.00643920898438,0,0,0,0,0,0,0,0,0,0,0,0,0,0,0,0,0,0,0,0,0,0,0,0,0
2013-07-28 13:15:00+00:00,60,7,13,414.9432067871094,132.62794494628906,0,0,0,0,0,0,0,0,0,0,0,0,0,0,0,0,0,0,0,0,0,0,0,0,0
2013-07-28 13:15:00+00:00,60,7,13,231.3053741455078,170.3748016357422,0,0,0,0,0,0,0,0,0,0,0,0,0,0,1,1,1,0,0,0,0,0,0,0,0
2013-07-28 13:15:00+00:00,60,7,13,216.31434631347656,177.39041137695312,0,0,0,0,0,0,0,0,0,0,0,0,0,0,1,1,1,0,0,0,0,0,0,0,0
2013-07-28 13:15:00+00:00,60,7,13,79.17280578613281,19.825428009033203,0,0,0,0,0,0,0,0,1,1,1,1,1,1,1,1,1,0,0,1,1,1,1,1,1
2013-07-28 13:15:00+00:00,60,7,13,111.888916015625,0.0,0,0,0,0,0,0,0,0,0,0,1,1,1,1,1,1,1,1,1,1,1,1,1,1,1
2013-07-28 13:15:00+00:00,60,7,13,45.5912971496582,0.0,0,0,0,0,0,0,1,1,1,1,1,1,1,1,1,1,1,1,1,1,1,1,1,1,1
2013-07-28 13:15:00+00:00,60,7,13,,,0,0,0,0,0,0,0,0,0,0,0,0,0,0,0,0,0,0,0,0,0,0,0,0,0
2013-07-28 13:15:00+00:00,60,7,13,113.99562072753906,,0,0,0,0,0,0,0,0,0,0,1,1,1,1,1,1,1,0,0,0,0,0,0,0,0
2013-07-28 13:15:00+00:00,60,7,13,,6.80955696105957,0,0,0,0,0,0,0,0,0,0,0,0,0,0,0,0,0,1,1,1,1,1,1,1,1
2013-07-28 13:30:00+00:00,60,7,13,,12.347232818603516,0,0,0,0,0,0,0,0,0,0,0,0,0,0,0,0,0,0,1,1,1,1,1,1,1
2013-07-28 13:30:00+00:00,60,7,13,361.4879150390625,178.23878479003906,0,0,0,0,0,0,0,0,0,0,0,0,0,0,0,0,0,0,0,0,0,0,0,0,0
2013-07-28 13:30:00+00:00,60,7,13,259.1956481933594,225.53244018554688,0,0,0,0,0,0,0,0,0,0,0,0,0,0,0,1,1,0,0,0,0,0,0,0,0
2013-07-28 13:30:00+00:00,60,7,13,254.0384521484375,18.421175003051758,0,0,0,0,0,0,0,0,0,0,0,0,0,0,0,1,1,0,0,1,1,1,1,1,1
2013-07-28 13:30:00+00:00,60,7,13,,299.1698303222656,0,0,0,0,0,0,0,0,0,0,0,0,0,0,0,0,0,0,0,0,0,0,0,0,0
2013-07-28 13:30:00+00:00,60,7,13,292.1794128417969,176.781494140625,0,0,0,0,0,0,0,0,0,0,0,0,0,0,0,1,1,0,0,0,0,0,0,0,0
2013-07-28 13:30:00+00:00,60,7,13,102.30152130126953,78.60242462158203,0,0,0,0,0,0,0,0,0,0,1,1,1,1,1,1,1,0,0,0,0,0,0,0,0
2013-07-28 13:30:00+00:00,60,7,13,206.60000610351562,97.35244750976562,0,0,0,0,0,0,0,0,0,0,0,0,0,0,1,1,1,0,0,0,0,0,0,0,0
2013-07-28 13:30:00+00:00,60,7,13,95.27638244628906,77.42292785644531,0,0,0,0,0,0,0,0,0,1,1,1,1,1,1,1,1,0,0,0,0,0,0,0,0
2013-07-28 13:30:00+00:00,60,7,13,58.75706481933594,57.07307815551758,0,0,0,0,0,0,0,1,1,1,1,1,1,1,1,1,1,0,0,0,0,0,0,0,1
2013-07-28 13:30:00+00:00,60,7,13,,226.64498901367188,0,0,0,0,0,0,0,0,0,0,0,0,0,0,0,0,0,0,0,0,0,0,0,0,0
2013-07-28 13:30:00+00:00,60,7,13,55.0009651184082,24.11990737915039,0,0,0,0,0,0,0,1,1,1,1,1,1,1,1,1,1,0,0,0,1,1,1,1,1
2013-07-28 13:30:00+00:00,60,7,13,442.1194763183594,39.463218688964844,0,0,0,0,0,0,0,0,0,0,0,0,0,0,0,0,0,0,0,0,0,0,1,1,1
2013-07-28 13:45:00+00:00,60,7,13,,,0,0,0,0,0,0,0,0,0,0,0,0,0,0,0,0,0,0,0,0,0,0,0,0,0
2013-07-28 13:45:00+00:00,60,7,13,84.69929504394531,121.8367919921875,0,0,0,0,0,0,0,0,0,1,1,1,1,1,1,1,1,0,0,0,0,0,0,0,0
2013-07-28 13:45:00+00:00,60,7,13,368.9951477050781,358.2446594238281,0,0,0,0,0,0,0,0,0,0,0,0,0,0,0,0,0,0,0,0,0,0,0,0,0
2013-07-28 13:45:00+00:00,60,7,13,268.8733215332031,160.503662109375,0,0,0,0,0,0,0,0,0,0,0,0,0,0,0,1,1,0,0,0,0,0,0,0,0
2013-07-28 13:45:00+00:00,60,7,13,67.06243133544922,12.965202331542969,0,0,0,0,0,0,0,0,1,1,1,1,1,1,1,1,1,0,1,1,1,1,1,1,1
2013-07-28 13:45:00+00:00,60,7,13,,,0,0,0,0,0,0,0,0,0,0,0,0,0,0,0,0,0,0,0,0,0,0,0,0,0
2013-07-28 13:45:00+00:00,60,7,13,,,0,0,0,0,0,0,0,0,0,0,0,0,0,0,0,0,0,0,0,0,0,0,0,0,0
2013-07-28 13:45:00+00:00,60,7,13,166.3487091064453,197.8257293701172,0,0,0,0,0,0,0,0,0,0,0,0,1,1,1,1,1,0,0,0,0,0,0,0,0
2013-07-28 13:45:00+00:00,60,7,13,153.2206268310547,114.21206665039062,0,0,0,0,0,0,0,0,0,0,0,0,1,1,1,1,1,0,0,0,0,0,0,0,0
2013-07-28 13:45:00+00:00,60,7,13,,112.17073822021484,0,0,0,0,0,0,0,0,0,0,0,0,0,0,0,0,0,0,0,0,0,0,0,0,0
2013-07-28 14:00:00+00:00,60,7,14,,222.88735961914062,0,0,0,0,0,0,0,0,0,0,0,0,0,0,0,0,0,0,0,0,0,0,0,0,0
2013-07-28 14:00:00+00:00,60,7,14,367.7646484375,306.9465026855469,0,0,0,0,0,0,0,0,0,0,0,0,0,0,0,0,0,0,0,0,0,0,0,0,0
2013-07-28 14:00:00+00:00,60,7,14,261.3985290527344,245.64004516601562,0,0,0,0,0,0,0,0,0,0,0,0,0,0,0,1,1,0,0,0,0,0,0,0,0
2013-07-28 14:00:00+00:00,60,7,14,346.2884826660156,172.02569580078125,0,0,0,0,0,0,0,0,0,0,0,0,0,0,0,0,1,0,0,0,0,0,0,0,0
2013-07-28 14:00:00+00:00,60,7,14,317.94732666015625,151.18893432617188,0,0,0,0,0,0,0,0,0,0,0,0,0,0,0,0,1,0,0,0,0,0,0,0,0
2013-07-28 14:00:00+00:00,60,7,14,474.7565612792969,329.97979736328125,0,0,0,0,0,0,0,0,0,0,0,0,0,0,0,0,0,0,0,0,0,0,0,0,0
2013-07-28 14:00:00+00:00,60,7,14,141.85487365722656,130.594482421875,0,0,0,0,0,0,0,0,0,0,0,1,1,1,1,1,1,0,0,0,0,0,0,0,0
2013-07-28 14:00:00+00:00,60,7,14,314.1932678222656,128.61663818359375,0,0,0,0,0,0,0,0,0,0,0,0,0,0,0,0,1,0,0,0,0,0,0,0,0
2013-07-28 14:00:00+00:00,60,7,14,58.826534271240234,98.77323913574219,0,0,0,0,0,0,0,1,1,1,1,1,1,1,1,1,1,0,0,0,0,0,0,0,0
2013-07-28 14:00:00+00:00,60,7,14,151.3648681640625,124.38831329345703,0,0,0,0,0,0,0,0,0,0,0,0,1,1,1,1,1,0,0,0,0,0,0,0,0
2013-07-28 14:00:00+00:00,60,7,14,346.0831298828125,340.9370422363281,0,0,0,0,0,0,0,0,0,0,0,0,0,0,0,0,1,0,0,0,0,0,0,0,0
2013-07-28 14:00:00+00:00,60,7,14,50.92612838745117,27.711313247680664,0,0,0,0,0,0,0,1,1,1,1,1,1,1,1,1,1,0,0,0,0,1,1,1,1
2013-07-28 14:00:00+00:00,60,7,14,,175.73648071289062,0,0,0,0,0,0,0,0,0,0,0,0,0,0,0,0,0,0,0,0,0,0,0,0,0
2013-07-28 14:00:00+00:00,60,7,14,,625.2973022460938,0,0,0,0,0,0,0,0,0,0,0,0,0,0,0,0,0,0,0,0,0,0,0,0,0
2013-07-28 14:00:00+00:00,60,7,14,68.97669219970703,28.138385772705078,0,0,0,0,0,0,0,0,1,1,1,1,1,1,1,1,1,0,0,0,0,1,1,1,1
2013-07-28 14:00:00+00:00,60,7,14,83.80661010742188,41.011837005615234,0,0,0,0,0,0,0,0,0,1,1,1,1,1,1,1,1,0,0,0,0,0,0,1,1
2013-07-28 14:00:00+00:00,60,7,14,,0.0,0,0,0,0,0,0,0,0,0,0,0,0,0,0,0,0,0,1,1,1,1,1,1,1,1
2013-07-28 14:15:00+00:00,60,7,14,280.1009826660156,364.3490295410156,0,0,0,0,0,0,0,0,0,0,0,0,0,0,0,1,1,0,0,0,0,0,0,0,0
2013-07-28 14:15:00+00:00,60,7,14,292.08819580078125,258.4378662109375,0,0,0,0,0,0,0,0,0,0,0,0,0,0,0,1,1,0,0,0,0,0,0,0,0
2013-07-28 14:15:00+00:00,60,7,14,168.24221801757812,138.81649780273438,0,0,0,0,0,0,0,0,0,0,0,0,1,1,1,1,1,0,0,0,0,0,0,0,0
2013-07-28 14:15:00+00:00,60,7,14,56.90861892700195,24.875879287719727,0,0,0,0,0,0,0,1,1,1,1,1,1,1,1,1,1,0,0,0,1,1,1,1,1
2013-07-28 14:15:00+00:00,60,7,14,,552.775634765625,0,0,0,0,0,0,0,0,0,0,0,0,0,0,0,0,0,0,0,0,0,0,0,0,0
2013-07-28 14:15:00+00:00,60,7,14,,415.9469909667969,0,0,0,0,0,0,0,0,0,0,0,0,0,0,0,0,0,0,0,0,0,0,0,0,0
2013-07-28 14:30:00+00:00,60,7,14,,,0,0,0,0,0,0,0,0,0,0,0,0,0,0,0,0,0,0,0,0,0,0,0,0,0
2013-07-28 14:30:00+00:00,60,7,14,,458.87554931640625,0,0,0,0,0,0,0,0,0,0,0,0,0,0,0,0,0,0,0,0,0,0,0,0,0
2013-07-28 14:30:00+00:00,60,7,14,336.9909973144531,301.95703125,0,0,0,0,0,0,0,0,0,0,0,0,0,0,0,0,1,0,0,0,0,0,0,0,0
2013-07-28 14:30:00+00:00,60,7,14,93.50605010986328,91.14085388183594,0,0,0,0,0,0,0,0,0,1,1,1,1,1,1,1,1,0,0,0,0,0,0,0,0
2013-07-28 14:30:00+00:00,60,7,14,189.88815307617188,251.68365478515625,0,0,0,0,0,0,0,0,0,0,0,0,0,1,1,1,1,0,0,0,0,0,0,0,0
2013-07-28 14:30:00+00:00,60,7,14,253.25961303710938,220.3727569580078,0,0,0,0,0,0,0,0,0,0,0,0,0,0,0,1,1,0,0,0,0,0,0,0,0
2013-07-28 14:30:00+00:00,60,7,14,351.0259704589844,315.5439147949219,0,0,0,0,0,0,0,0,0,0,0,0,0,0,0,0,0,0,0,0,0,0,0,0,0
2013-07-28 14:30:00+00:00,60,7,14,260.33734130859375,225.47201538085938,0,0,0,0,0,0,0,0,0,0,0,0,0,0,0,1,1,0,0,0,0,0,0,0,0
2013-07-28 14:30:00+00:00,60,7,14,,590.0365600585938,0,0,0,0,0,0,0,0,0,0,0,0,0,0,0,0,0,0,0,0,0,0,0,0,0
2013-07-28 14:30:00+00:00,60,7,14,169.36163330078125,,0,0,0,0,0,0,0,0,0,0,0,0,1,1,1,1,1,0,0,0,0,0,0,0,0
2013-07-28 14:30:00+00:00,60,7,14,411.9973449707031,,0,0,0,0,0,0,0,0,0,0,0,0,0,0,0,0,0,0,0,0,0,0,0,0,0
2013-07-28 14:45:00+00:00,60,7,14,62.83536148071289,170.6420135498047,0,0,0,0,0,0,0,0,1,1,1,1,1,1,1,1,1,0,0,0,0,0,0,0,0
2013-07-28 14:45:00+00:00,60,7,14,136.1393585205078,102.86241912841797,0,0,0,0,0,0,0,0,0,0,0,1,1,1,1,1,1,0,0,0,0,0,0,0,0
2013-07-28 14:45:00+00:00,60,7,14,,,0,0,0,0,0,0,0,0,0,0,0,0,0,0,0,0,0,0,0,0,0,0,0,0,0
2013-07-28 14:45:00+00:00,60,7,14,222.92208862304688,186.43728637695312,0,0,0,0,0,0,0,0,0,0,0,0,0,0,1,1,1,0,0,0,0,0,0,0,0
2013-07-28 14:45:00+00:00,60,7,14,,,0,0,0,0,0,0,0,0,0,0,0,0,0,0,0,0,0,0,0,0,0,0,0,0,0
2013-07-28 15:00:00+00:00,60,7,15,201.54083251953125,140.96665954589844,0,0,0,0,0,0,0,0,0,0,0,0,0,0,1,1,1,0,0,0,0,0,0,0,0
2013-07-28 15:00:00+00:00,60,7,15,176.80369567871094,218.70980834960938,0,0,0,0,0,0,0,0,0,0,0,0,1,1,1,1,1,0,0,0,0,0,0,0,0
2013-07-28 15:00:00+00:00,60,7,15,123.74933624267578,95.04219818115234,0,0,0,0,0,0,0,0,0,0,0,1,1,1,1,1,1,0,0,0,0,0,0,0,0
2013-07-28 15:00:00+00:00,60,7,15,,492.193603515625,0,0,0,0,0,0,0,0,0,0,0,0,0,0,0,0,0,0,0,0,0,0,0,0,0
2013-07-28 15:00:00+00:00,60,7,15,,387.5500793457031,0,0,0,0,0,0,0,0,0,0,0,0,0,0,0,0,0,0,0,0,0,0,0,0,0
2013-07-28 15:00:00+00:00,60,7,15,223.9001007080078,196.85865783691406,0,0,0,0,0,0,0,0,0,0,0,0,0,0,1,1,1,0,0,0,0,0,0,0,0
2013-07-28 15:00:00+00:00,60,7,15,255.10699462890625,220.19349670410156,0,0,0,0,0,0,0,0,0,0,0,0,0,0,0,1,1,0,0,0,0,0,0,0,0
2013-07-28 15:15:00+00:00,60,7,15,151.55665588378906,160.18728637695312,0,0,0,0,0,0,0,0,0,0,0,0,1,1,1,1,1,0,0,0,0,0,0,0,0
2013-07-28 15:15:00+00:00,60,7,15,131.24685668945312,0.0,0,0,0,0,0,0,0,0,0,0,0,1,1,1,1,1,1,1,1,1,1,1,1,1,1
2013-07-28 15:15:00+00:00,60,7,15,230.04396057128906,179.3391571044922,0,0,0,0,0,0,0,0,0,0,0,0,0,0,1,1,1,0,0,0,0,0,0,0,0
2013-07-28 15:15:00+00:00,60,7,15,579.3465576171875,543.3521118164062,0,0,0,0,0,0,0,0,0,0,0,0,0,0,0,0,0,0,0,0,0,0,0,0,0
2013-07-28 15:15:00+00:00,60,7,15,,25.07839584350586,0,0,0,0,0,0,0,0,0,0,0,0,0,0,0,0,0,0,0,0,0,1,1,1,1
2013-07-28 15:15:00+00:00,60,7,15,114.29940795898438,139.91290283203125,0,0,0,0,0,0,0,0,0,0,1,1,1,1,1,1,1,0,0,0,0,0,0,0,0
2013-07-28 15:30:00+00:00,60,7,15,346.0179138183594,330.85205078125,0,0,0,0,0,0,0,0,0,0,0,0,0,0,0,0,1,0,0,0,0,0,0,0,0
2013-07-28 15:30:00+00:00,60,7,15,112.51166534423828,135.16952514648438,0,0,0,0,0,0,0,0,0,0,1,1,1,1,1,1,1,0,0,0,0,0,0,0,0
2013-07-28 15:30:00+00:00,60,7,15,306.3814697265625,332.1847229003906,0,0,0,0,0,0,0,0,0,0,0,0,0,0,0,0,1,0,0,0,0,0,0,0,0
2013-07-28 15:30:00+00:00,60,7,15,272.10882568359375,296.15802001953125,0,0,0,0,0,0,0,0,0,0,0,0,0,0,0,1,1,0,0,0,0,0,0,0,0
2013-07-28 15:30:00+00:00,60,7,15,187.22998046875,145.78350830078125,0,0,0,0,0,0,0,0,0,0,0,0,0,1,1,1,1,0,0,0,0,0,0,0,0
2013-07-28 15:30:00+00:00,60,7,15,105.44647216796875,96.53135681152344,0,0,0,0,0,0,0,0,0,0,1,1,1,1,1,1,1,0,0,0,0,0,0,0,0
2013-07-28 15:30:00+00:00,60,7,15,492.9443054199219,383.62139892578125,0,0,0,0,0,0,0,0,0,0,0,0,0,0,0,0,0,0,0,0,0,0,0,0,0
2013-07-28 15:30:00+00:00,60,7,15,269.2550048828125,0.0,0,0,0,0,0,0,0,0,0,0,0,0,0,0,0,1,1,1,1,1,1,1,1,1,1
2013-07-28 15:30:00+00:00,60,7,15,226.7888946533203,276.46343994140625,0,0,0,0,0,0,0,0,0,0,0,0,0,0,1,1,1,0,0,0,0,0,0,0,0
2013-07-28 15:30:00+00:00,60,7,15,169.41957092285156,215.96009826660156,0,0,0,0,0,0,0,0,0,0,0,0,1,1,1,1,1,0,0,0,0,0,0,0,0
2013-07-28 15:45:00+00:00,60,7,15,189.2201690673828,,0,0,0,0,0,0,0,0,0,0,0,0,0,1,1,1,1,0,0,0,0,0,0,0,0
2013-07-28 15:45:00+00:00,60,7,15,221.45436096191406,132.50367736816406,0,0,0,0,0,0,0,0,0,0,0,0,0,0,1,1,1,0,0,0,0,0,0,0,0
2013-07-28 15:45:00+00:00,60,7,15,87.32192993164062,0.0,0,0,0,0,0,0,0,0,0,1,1,1,1,1,1,1,1,1,1,1,1,1,1,1,1
2013-07-28 15:45:00+00:00,60,7,15,179.06866455078125,84.01927185058594,0,0,0,0,0,0,0,0,0,0,0,0,1,1,1,1,1,0,0,0,0,0,0,0,0
2013-07-28 15:45:00+00:00,60,7,15,199.41529846191406,164.02252197265625,0,0,0,0,0,0,0,0,0,0,0,0,0,1,1,1,1,0,0,0,0,0,0,0,0
2013-07-28 15:45:00+00:00,60,7,15,60.30035400390625,42.327720642089844,0,0,0,0,0,0,0,0,1,1,1,1,1,1,1,1,1,0,0,0,0,0,0,1,1
2013-07-28 15:45:00+00:00,60,7,15,129.68714904785156,189.85845947265625,0,0,0,0,0,0,0,0,0,0,0,1,1,1,1,1,1,0,0,0,0,0,0,0,0
2013-07-28 15:45:00+00:00,60,7,15,141.12921142578125,19.039730072021484,0,0,0,0,0,0,0,0,0,0,0,1,1,1,1,1,1,0,0,1,1,1,1,1,1
2013-07-28 15:45:00+00:00,60,7,15,68.6109848022461,32.08406448364258,0,0,0,0,0,0,0,0,1,1,1,1,1,1,1,1,1,0,0,0,0,0,1,1,1
2013-07-28 15:45:00+00:00,60,7,15,,250.54135131835938,0,0,0,0,0,0,0,0,0,0,0,0,0,0,0,0,0,0,0,0,0,0,0,0,0
2013-07-28 15:45:00+00:00,60,7,15,79.32050323486328,96.44007110595703,0,0,0,0,0,0,0,0,1,1,1,1,1,1,1,1,1,0,0,0,0,0,0,0,0
2013-07-28 16:00:00+00:00,60,7,16,295.50750732421875,,0,0,0,0,0,0,0,0,0,0,0,0,0,0,0,1,1,0,0,0,0,0,0,0,0
2013-07-28 16:00:00+00:00,60,7,16,114.94745635986328,3.099029779434204,0,0,0,0,0,0,0,0,0,0,1,1,1,1,1,1,1,1,1,1,1,1,1,1,1
2013-07-28 16:00:00+00:00,60,7,16,158.52740478515625,68.339599609375,0,0,0,0,0,0,0,0,0,0,0,0,1,1,1,1,1,0,0,0,0,0,0,0,0
2013-07-28 16:00:00+00:00,60,7,16,119.57251739501953,111.37970733642578,0,0,0,0,0,0,0,0,0,0,1,1,1,1,1,1,1,0,0,0,0,0,0,0,0
2013-07-28 16:00:00+00:00,60,7,16,136.355224609375,124.71429443359375,0,0,0,0,0,0,0,0,0,0,0,1,1,1,1,1,1,0,0,0,0,0,0,0,0
2013-07-28 16:00:00+00:00,60,7,16,97.59813690185547,69.17337799072266,0,0,0,0,0,0,0,0,0,1,1,1,1,1,1,1,1,0,0,0,0,0,0,0,0
2013-07-28 16:00:00+00:00,60,7,16,52.351173400878906,8.708102226257324,0,0,0,0,0,0,0,1,1,1,1,1,1,1,1,1,1,1,1,1,1,1,1,1,1
2013-07-28 16:15:00+00:00,60,7,16,285.21624755859375,,0,0,0,0,0,0,0,0,0,0,0,0,0,0,0,1,1,0,0,0,0,0,0,0,0
2013-07-28 16:15:00+00:00,60,7,16,202.66537475585938,216.1293182373047,0,0,0,0,0,0,0,0,0,0,0,0,0,0,1,1,1,0,0,0,0,0,0,0,0
2013-07-28 16:15:00+00:00,60,7,16,350.77813720703125,388.3970031738281,0,0,0,0,0,0,0,0,0,0,0,0,0,0,0,0,0,0,0,0,0,0,0,0,0
2013-07-28 16:30:00+00:00,60,7,16,326.1407775878906,343.88177490234375,0,0,0,0,0,0,0,0,0,0,0,0,0,0,0,0,1,0,0,0,0,0,0,0,0
2013-07-28 16:30:00+00:00,60,7,16,55.7298698425293,17.187726974487305,0,0,0,0,0,0,0,1,1,1,1,1,1,1,1,1,1,0,0,1,1,1,1,1,1
2013-07-28 16:30:00+00:00,60,7,16,225.67257690429688,300.7586669921875,0,0,0,0,0,0,0,0,0,0,0,0,0,0,1,1,1,0,0,0,0,0,0,0,0
2013-07-28 16:30:00+00:00,60,7,16,319.9916076660156,285.44976806640625,0,0,0,0,0,0,0,0,0,0,0,0,0,0,0,0,1,0,0,0,0,0,0,0,0
2013-07-28 16:30:00+00:00,60,7,16,305.176025390625,386.88580322265625,0,0,0,0,0,0,0,0,0,0,0,0,0,0,0,0,1,0,0,0,0,0,0,0,0
2013-07-28 17:15:00+00:00,60,7,17,160.22189331054688,103.4696044921875,0,0,0,0,0,0,0,0,0,0,0,0,1,1,1,1,1,0,0,0,0,0,0,0,0
2013-07-28 17:15:00+00:00,60,7,17,,364.2943420410156,0,0,0,0,0,0,0,0,0,0,0,0,0,0,0,0,0,0,0,0,0,0,0,0,0
2013-07-28 17:30:00+00:00,60,7,17,,241.03085327148438,0,0,0,0,0,0,0,0,0,0,0,0,0,0,0,0,0,0,0,0,0,0,0,0,0
2013-07-28 17:30:00+00:00,60,7,17,497.15863037109375,386.4773254394531,0,0,0,0,0,0,0,0,0,0,0,0,0,0,0,0,0,0,0,0,0,0,0,0,0
2013-07-28 17:30:00+00:00,60,7,17,181.9638671875,127.72106170654297,0,0,0,0,0,0,0,0,0,0,0,0,0,1,1,1,1,0,0,0,0,0,0,0,0
2013-07-28 17:30:00+00:00,60,7,17,44.53609085083008,60.39924240112305,0,0,0,0,0,0,1,1,1,1,1,1,1,1,1,1,1,0,0,0,0,0,0,0,0
2013-07-28 17:30:00+00:00,60,7,17,137.43312072753906,159.2455291748047,0,0,0,0,0,0,0,0,0,0,0,1,1,1,1,1,1,0,0,0,0,0,0,0,0
2013-07-28 17:45:00+00:00,60,7,17,,195.860595703125,0,0,0,0,0,0,0,0,0,0,0,0,0,0,0,0,0,0,0,0,0,0,0,0,0
2013-07-28 17:45:00+00:00,60,7,17,409.2936096191406,377.69110107421875,0,0,0,0,0,0,0,0,0,0,0,0,0,0,0,0,0,0,0,0,0,0,0,0,0
2013-07-28 17:45:00+00:00,60,7,17,112.74437713623047,83.31304931640625,0,0,0,0,0,0,0,0,0,0,1,1,1,1,1,1,1,0,0,0,0,0,0,0,0
2013-07-28 17:45:00+00:00,60,7,17,67.06609344482422,27.222795486450195,0,0,0,0,0,0,0,0,1,1,1,1,1,1,1,1,1,0,0,0,0,1,1,1,1
2013-07-28 17:45:00+00:00,60,7,17,64.98967742919922,47.00336456298828,0,0,0,0,0,0,0,0,1,1,1,1,1,1,1,1,1,0,0,0,0,0,0,1,1
2013-07-29 10:00:00+00:00,60,7,10,,,0,0,0,0,0,0,0,0,0,0,0,0,0,0,0,0,0,0,0,0,0,0,0,0,0
2013-07-29 10:00:00+00:00,60,7,10,,,0,0,0,0,0,0,0,0,0,0,0,0,0,0,0,0,0,0,0,0,0,0,0,0,0
2013-07-29 10:00:00+00:00,60,7,10,,,0,0,0,0,0,0,0,0,0,0,0,0,0,0,0,0,0,0,0,0,0,0,0,0,0
2013-07-29 10:00:00+00:00,60,7,10,,20.23744010925293,0,0,0,0,0,0,0,0,0,0,0,0,0,0,0,0,0,0,0,0,1,1,1,1,1
2013-07-29 10:00:00+00:00,60,7,10,,,0,0,0,0,0,0,0,0,0,0,0,0,0,0,0,0,0,0,0,0,0,0,0,0,0
2013-07-29 10:00:00+00:00,60,7,10,,,0,0,0,0,0,0,0,0,0,0,0,0,0,0,0,0,0,0,0,0,0,0,0,0,0
2013-07-29 10:00:00+00:00,60,7,10,,,0,0,0,0,0,0,0,0,0,0,0,0,0,0,0,0,0,0,0,0,0,0,0,0,0
2013-07-29 10:15:00+00:00,60,7,10,,190.07440185546875,0,0,0,0,0,0,0,0,0,0,0,0,0,0,0,0,0,0,0,0,0,0,0,0,0
2013-07-29 10:15:00+00:00,60,7,10,,,0,0,0,0,0,0,0,0,0,0,0,0,0,0,0,0,0,0,0,0,0,0,0,0,0
2013-07-29 10:15:00+00:00,60,7,10,,,0,0,0,0,0,0,0,0,0,0,0,0,0,0,0,0,0,0,0,0,0,0,0,0,0
2013-07-29 10:15:00+00:00,60,7,10,,41.050933837890625,0,0,0,0,0,0,0,0,0,0,0,0,0,0,0,0,0,0,0,0,0,0,0,1,1
2013-07-29 10:15:00+00:00,60,7,10,,,0,0,0,0,0,0,0,0,0,0,0,0,0,0,0,0,0,0,0,0,0,0,0,0,0
2013-07-29 10:15:00+00:00,60,7,10,,,0,0,0,0,0,0,0,0,0,0,0,0,0,0,0,0,0,0,0,0,0,0,0,0,0
2013-07-29 10:30:00+00:00,60,7,10,,,0,0,0,0,0,0,0,0,0,0,0,0,0,0,0,0,0,0,0,0,0,0,0,0,0
2013-07-29 10:30:00+00:00,60,7,10,,,0,0,0,0,0,0,0,0,0,0,0,0,0,0,0,0,0,0,0,0,0,0,0,0,0
2013-07-29 10:30:00+00:00,60,7,10,,,0,0,0,0,0,0,0,0,0,0,0,0,0,0,0,0,0,0,0,0,0,0,0,0,0
2013-07-29 10:30:00+00:00,60,7,10,,,0,0,0,0,0,0,0,0,0,0,0,0,0,0,0,0,0,0,0,0,0,0,0,0,0
2013-07-29 10:30:00+00:00,60,7,10,,,0,0,0,0,0,0,0,0,0,0,0,0,0,0,0,0,0,0,0,0,0,0,0,0,0
2013-07-29 10:30:00+00:00,60,7,10,,,0,0,0,0,0,0,0,0,0,0,0,0,0,0,0,0,0,0,0,0,0,0,0,0,0
2013-07-29 10:30:00+00:00,60,7,10,,21.293363571166992,0,0,0,0,0,0,0,0,0,0,0,0,0,0,0,0,0,0,0,0,1,1,1,1,1
2013-07-29 10:30:00+00:00,60,7,10,,138.94219970703125,0,0,0,0,0,0,0,0,0,0,0,0,0,0,0,0,0,0,0,0,0,0,0,0,0
2013-07-29 10:30:00+00:00,60,7,10,,0.0,0,0,0,0,0,0,0,0,0,0,0,0,0,0,0,0,0,1,1,1,1,1,1,1,1
2013-07-29 10:30:00+00:00,60,7,10,,655.010498046875,0,0,0,0,0,0,0,0,0,0,0,0,0,0,0,0,0,0,0,0,0,0,0,0,0
2013-07-29 10:45:00+00:00,60,7,10,,,0,0,0,0,0,0,0,0,0,0,0,0,0,0,0,0,0,0,0,0,0,0,0,0,0
2013-07-29 10:45:00+00:00,60,7,10,,,0,0,0,0,0,0,0,0,0,0,0,0,0,0,0,0,0,0,0,0,0,0,0,0,0
2013-07-29 10:45:00+00:00,60,7,10,,,0,0,0,0,0,0,0,0,0,0,0,0,0,0,0,0,0,0,0,0,0,0,0,0,0
2013-07-29 10:45:00+00:00,60,7,10,,,0,0,0,0,0,0,0,0,0,0,0,0,0,0,0,0,0,0,0,0,0,0,0,0,0
2013-07-29 10:45:00+00:00,60,7,10,,164.3582000732422,0,0,0,0,0,0,0,0,0,0,0,0,0,0,0,0,0,0,0,0,0,0,0,0,0
2013-07-29 10:45:00+00:00,60,7,10,,196.4429168701172,0,0,0,0,0,0,0,0,0,0,0,0,0,0,0,0,0,0,0,0,0,0,0,0,0
2013-07-29 10:45:00+00:00,60,7,10,,349.1802062988281,0,0,0,0,0,0,0,0,0,0,0,0,0,0,0,0,0,0,0,0,0,0,0,0,0
2013-07-29 10:45:00+00:00,60,7,10,,249.08152770996094,0,0,0,0,0,0,0,0,0,0,0,0,0,0,0,0,0,0,0,0,0,0,0,0,0
2013-07-29 10:45:00+00:00,60,7,10,,410.9642333984375,0,0,0,0,0,0,0,0,0,0,0,0,0,0,0,0,0,0,0,0,0,0,0,0,0
2013-07-29 10:45:00+00:00,60,7,10,260.0339660644531,250.99887084960938,0,0,0,0,0,0,0,0,0,0,0,0,0,0,0,1,1,0,0,0,0,0,0,0,0
2013-07-29 10:45:00+00:00,60,7,10,121.3783950805664,38.296756744384766,0,0,0,0,0,0,0,0,0,0,0,1,1,1,1,1,1,0,0,0,0,0,1,1,1
2013-07-29 10:45:00+00:00,60,7,10,118.15424346923828,13.349081993103027,0,0,0,0,0,0,0,0,0,0,1,1,1,1,1,1,1,0,1,1,1,1,1,1,1
2013-07-29 10:45:00+00:00,60,7,10,,35.58209228515625,0,0,0,0,0,0,0,0,0,0,0,0,0,0,0,0,0,0,0,0,0,0,1,1,1
2013-07-29 11:00:00+00:00,60,7,11,,,0,0,0,0,0,0,0,0,0,0,0,0,0,0,0,0,0,0,0,0,0,0,0,0,0
2013-07-29 11:00:00+00:00,60,7,11,,,0,0,0,0,0,0,0,0,0,0,0,0,0,0,0,0,0,0,0,0,0,0,0,0,0
2013-07-29 11:00:00+00:00,60,7,11,,461.28302001953125,0,0,0,0,0,0,0,0,0,0,0,0,0,0,0,0,0,0,0,0,0,0,0,0,0
2013-07-29 11:00:00+00:00,60,7,11,,,0,0,0,0,0,0,0,0,0,0,0,0,0,0,0,0,0,0,0,0,0,0,0,0,0
2013-07-29 11:00:00+00:00,60,7,11,,334.1867370605469,0,0,0,0,0,0,0,0,0,0,0,0,0,0,0,0,0,0,0,0,0,0,0,0,0
2013-07-29 11:00:00+00:00,60,7,11,,448.0758056640625,0,0,0,0,0,0,0,0,0,0,0,0,0,0,0,0,0,0,0,0,0,0,0,0,0
2013-07-29 11:00:00+00:00,60,7,11,,420.2834167480469,0,0,0,0,0,0,0,0,0,0,0,0,0,0,0,0,0,0,0,0,0,0,0,0,0
2013-07-29 11:00:00+00:00,60,7,11,388.5352478027344,188.7844696044922,0,0,0,0,0,0,0,0,0,0,0,0,0,0,0,0,0,0,0,0,0,0,0,0,0
2013-07-29 11:00:00+00:00,60,7,11,,78.03304290771484,0,0,0,0,0,0,0,0,0,0,0,0,0,0,0,0,0,0,0,0,0,0,0,0,0
2013-07-29 11:00:00+00:00,60,7,11,,,0,0,0,0,0,0,0,0,0,0,0,0,0,0,0,0,0,0,0,0,0,0,0,0,0
2013-07-29 11:15:00+00:00,60,7,11,180.0733642578125,121.67144775390625,0,0,0,0,0,0,0,0,0,0,0,0,0,1,1,1,1,0,0,0,0,0,0,0,0
2013-07-29 11:15:00+00:00,60,7,11,,,0,0,0,0,0,0,0,0,0,0,0,0,0,0,0,0,0,0,0,0,0,0,0,0,0
2013-07-29 11:15:00+00:00,60,7,11,54.879905700683594,90.58126068115234,0,0,0,0,0,0,0,1,1,1,1,1,1,1,1,1,1,0,0,0,0,0,0,0,0
2013-07-29 11:15:00+00:00,60,7,11,43.266239166259766,75.23928833007812,0,0,0,0,0,0,1,1,1,1,1,1,1,1,1,1,1,0,0,0,0,0,0,0,0
2013-07-29 11:15:00+00:00,60,7,11,,,0,0,0,0,0,0,0,0,0,0,0,0,0,0,0,0,0,0,0,0,0,0,0,0,0
2013-07-29 11:15:00+00:00,60,7,11,249.58143615722656,247.31663513183594,0,0,0,0,0,0,0,0,0,0,0,0,0,0,1,1,1,0,0,0,0,0,0,0,0
2013-07-29 11:15:00+00:00,60,7,11,254.2871551513672,255.752685546875,0,0,0,0,0,0,0,0,0,0,0,0,0,0,0,1,1,0,0,0,0,0,0,0,0
2013-07-29 11:15:00+00:00,60,7,11,,,0,0,0,0,0,0,0,0,0,0,0,0,0,0,0,0,0,0,0,0,0,0,0,0,0
2013-07-29 11:15:00+00:00,60,7,11,,,0,0,0,0,0,0,0,0,0,0,0,0,0,0,0,0,0,0,0,0,0,0,0,0,0
2013-07-29 11:15:00+00:00,60,7,11,,,0,0,0,0,0,0,0,0,0,0,0,0,0,0,0,0,0,0,0,0,0,0,0,0,0
2013-07-29 11:15:00+00:00,60,7,11,,,0,0,0,0,0,0,0,0,0,0,0,0,0,0,0,0,0,0,0,0,0,0,0,0,0
2013-07-29 11:15:00+00:00,60,7,11,571.183837890625,574.197021484375,0,0,0,0,0,0,0,0,0,0,0,0,0,0,0,0,0,0,0,0,0,0,0,0,0
2013-07-29 11:15:00+00:00,60,7,11,239.2166748046875,6.409639835357666,0,0,0,0,0,0,0,0,0,0,0,0,0,0,1,1,1,1,1,1,1,1,1,1,1
2013-07-29 11:30:00+00:00,60,7,11,,336.55841064453125,0,0,0,0,0,0,0,0,0,0,0,0,0,0,0,0,0,0,0,0,0,0,0,0,0
2013-07-29 11:30:00+00:00,60,7,11,,265.5962829589844,0,0,0,0,0,0,0,0,0,0,0,0,0,0,0,0,0,0,0,0,0,0,0,0,0
2013-07-29 11:30:00+00:00,60,7,11,,234.4612579345703,0,0,0,0,0,0,0,0,0,0,0,0,0,0,0,0,0,0,0,0,0,0,0,0,0
2013-07-29 11:30:00+00:00,60,7,11,,200.42001342773438,0,0,0,0,0,0,0,0,0,0,0,0,0,0,0,0,0,0,0,0,0,0,0,0,0
2013-07-29 11:30:00+00:00,60,7,11,,97.67981719970703,0,0,0,0,0,0,0,0,0,0,0,0,0,0,0,0,0,0,0,0,0,0,0,0,0
2013-07-29 11:30:00+00:00,60,7,11,,103.01785278320312,0,0,0,0,0,0,0,0,0,0,0,0,0,0,0,0,0,0,0,0,0,0,0,0,0
2013-07-29 11:30:00+00:00,60,7,11,,,0,0,0,0,0,0,0,0,0,0,0,0,0,0,0,0,0,0,0,0,0,0,0,0,0
2013-07-29 11:30:00+00:00,60,7,11,400.133056640625,287.8052673339844,0,0,0,0,0,0,0,0,0,0,0,0,0,0,0,0,0,0,0,0,0,0,0,0,0
2013-07-29 11:30:00+00:00,60,7,11,353.31109619140625,326.7168884277344,0,0,0,0,0,0,0,0,0,0,0,0,0,0,0,0,0,0,0,0,0,0,0,0,0
2013-07-29 11:30:00+00:00,60,7,11,246.58905029296875,282.4277648925781,0,0,0,0,0,0,0,0,0,0,0,0,0,0,1,1,1,0,0,0,0,0,0,0,0
2013-07-29 11:30:00+00:00,60,7,11,,502.0147705078125,0,0,0,0,0,0,0,0,0,0,0,0,0,0,0,0,0,0,0,0,0,0,0,0,0
2013-07-29 11:30:00+00:00,60,7,11,,,0,0,0,0,0,0,0,0,0,0,0,0,0,0,0,0,0,0,0,0,0,0,0,0,0
2013-07-29 11:30:00+00:00,60,7,11,,56.94343185424805,0,0,0,0,0,0,0,0,0,0,0,0,0,0,0,0,0,0,0,0,0,0,0,0,1
2013-07-29 11:30:00+00:00,60,7,11,332.91058349609375,22.45330238342285,0,0,0,0,0,0,0,0,0,0,0,0,0,0,0,0,1,0,0,0,1,1,1,1,1
2013-07-29 11:30:00+00:00,60,7,11,,427.6436767578125,0,0,0,0,0,0,0,0,0,0,0,0,0,0,0,0,0,0,0,0,0,0,0,0,0
2013-07-29 11:30:00+00:00,60,7,11,,,0,0,0,0,0,0,0,0,0,0,0,0,0,0,0,0,0,0,0,0,0,0,0,0,0
2013-07-29 11:30:00+00:00,60,7,11,145.93460083007812,92.99531555175781,0,0,0,0,0,0,0,0,0,0,0,1,1,1,1,1,1,0,0,0,0,0,0,0,0
2013-07-29 11:30:00+00:00,60,7,11,391.0398254394531,459.6571960449219,0,0,0,0,0,0,0,0,0,0,0,0,0,0,0,0,0,0,0,0,0,0,0,0,0
2013-07-29 11:30:00+00:00,60,7,11,352.43536376953125,165.69639587402344,0,0,0,0,0,0,0,0,0,0,0,0,0,0,0,0,0,0,0,0,0,0,0,0,0
2013-07-29 11:30:00+00:00,60,7,11,419.3384704589844,233.3719482421875,0,0,0,0,0,0,0,0,0,0,0,0,0,0,0,0,0,0,0,0,0,0,0,0,0
2013-07-29 11:45:00+00:00,60,7,11,,,0,0,0,0,0,0,0,0,0,0,0,0,0,0,0,0,0,0,0,0,0,0,0,0,0
2013-07-29 11:45:00+00:00,60,7,11,,9.553095817565918,0,0,0,0,0,0,0,0,0,0,0,0,0,0,0,0,0,1,1,1,1,1,1,1,1
2013-07-29 11:45:00+00:00,60,7,11,75.21514892578125,18.105182647705078,0,0,0,0,0,0,0,0,1,1,1,1,1,1,1,1,1,0,0,1,1,1,1,1,1
2013-07-29 11:45:00+00:00,60,7,11,,168.68035888671875,0,0,0,0,0,0,0,0,0,0,0,0,0,0,0,0,0,0,0,0,0,0,0,0,0
2013-07-29 11:45:00+00:00,60,7,11,,308.2784118652344,0,0,0,0,0,0,0,0,0,0,0,0,0,0,0,0,0,0,0,0,0,0,0,0,0
2013-07-29 11:45:00+00:00,60,7,11,382.1560363769531,403.6392517089844,0,0,0,0,0,0,0,0,0,0,0,0,0,0,0,0,0,0,0,0,0,0,0,0,0
2013-07-29 11:45:00+00:00,60,7,11,523.8907470703125,447.642578125,0,0,0,0,0,0,0,0,0,0,0,0,0,0,0,0,0,0,0,0,0,0,0,0,0
2013-07-29 11:45:00+00:00,60,7,11,565.8829345703125,,0,0,0,0,0,0,0,0,0,0,0,0,0,0,0,0,0,0,0,0,0,0,0,0,0
2013-07-29 11:45:00+00:00,60,7,11,,271.39154052734375,0,0,0,0,0,0,0,0,0,0,0,0,0,0,0,0,0,0,0,0,0,0,0,0,0
2013-07-29 11:45:00+00:00,60,7,11,,,0,0,0,0,0,0,0,0,0,0,0,0,0,0,0,0,0,0,0,0,0,0,0,0,0
2013-07-29 11:45:00+00:00,60,7,11,,,0,0,0,0,0,0,0,0,0,0,0,0,0,0,0,0,0,0,0,0,0,0,0,0,0
2013-07-29 11:45:00+00:00,60,7,11,,,0,0,0,0,0,0,0,0,0,0,0,0,0,0,0,0,0,0,0,0,0,0,0,0,0
2013-07-29 11:45:00+00:00,60,7,11,356.7544860839844,53.19969940185547,0,0,0,0,0,0,0,0,0,0,0,0,0,0,0,0,0,0,0,0,0,0,0,0,1
2013-07-29 11:45:00+00:00,60,7,11,229.3905029296875,28.97264289855957,0,0,0,0,0,0,0,0,0,0,0,0,0,0,1,1,1,0,0,0,0,1,1,1,1
2013-07-29 11:45:00+00:00,60,7,11,199.08627319335938,119.40591430664062,0,0,0,0,0,0,0,0,0,0,0,0,0,1,1,1,1,0,0,0,0,0,0,0,0
2013-07-29 11:45:00+00:00,60,7,11,,,0,0,0,0,0,0,0,0,0,0,0,0,0,0,0,0,0,0,0,0,0,0,0,0,0
2013-07-29 11:45:00+00:00,60,7,11,255.15411376953125,6.3931121826171875,0,0,0,0,0,0,0,0,0,0,0,0,0,0,0,1,1,1,1,1,1,1,1,1,1
2013-07-29 11:45:00+00:00,60,7,11,817.2047729492188,,0,0,0,0,0,0,0,0,0,0,0,0,0,0,0,0,0,0,0,0,0,0,0,0,0
2013-07-29 12:00:00+00:00,60,7,12,,,0,0,0,0,0,0,0,0,0,0,0,0,0,0,0,0,0,0,0,0,0,0,0,0,0
2013-07-29 12:00:00+00:00,60,7,12,,116.48749542236328,0,0,0,0,0,0,0,0,0,0,0,0,0,0,0,0,0,0,0,0,0,0,0,0,0
2013-07-29 12:00:00+00:00,60,7,12,50.832237243652344,43.92945861816406,0,0,0,0,0,0,0,1,1,1,1,1,1,1,1,1,1,0,0,0,0,0,0,1,1
2013-07-29 12:00:00+00:00,60,7,12,586.82666015625,363.8974609375,0,0,0,0,0,0,0,0,0,0,0,0,0,0,0,0,0,0,0,0,0,0,0,0,0
2013-07-29 12:00:00+00:00,60,7,12,,322.58636474609375,0,0,0,0,0,0,0,0,0,0,0,0,0,0,0,0,0,0,0,0,0,0,0,0,0
2013-07-29 12:00:00+00:00,60,7,12,,212.522705078125,0,0,0,0,0,0,0,0,0,0,0,0,0,0,0,0,0,0,0,0,0,0,0,0,0
2013-07-29 12:00:00+00:00,60,7,12,,210.63424682617188,0,0,0,0,0,0,0,0,0,0,0,0,0,0,0,0,0,0,0,0,0,0,0,0,0
2013-07-29 12:00:00+00:00,60,7,12,173.48550415039062,186.73129272460938,0,0,0,0,0,0,0,0,0,0,0,0,1,1,1,1,1,0,0,0,0,0,0,0,0
2013-07-29 12:00:00+00:00,60,7,12,,,0,0,0,0,0,0,0,0,0,0,0,0,0,0,0,0,0,0,0,0,0,0,0,0,0
2013-07-29 12:00:00+00:00,60,7,12,227.42042541503906,257.04559326171875,0,0,0,0,0,0,0,0,0,0,0,0,0,0,1,1,1,0,0,0,0,0,0,0,0
2013-07-29 12:00:00+00:00,60,7,12,180.36590576171875,155.22267150878906,0,0,0,0,0,0,0,0,0,0,0,0,0,1,1,1,1,0,0,0,0,0,0,0,0
2013-07-29 12:00:00+00:00,60,7,12,,,0,0,0,0,0,0,0,0,0,0,0,0,0,0,0,0,0,0,0,0,0,0,0,0,0
2013-07-29 12:15:00+00:00,60,7,12,86.16647338867188,94.82310485839844,0,0,0,0,0,0,0,0,0,1,1,1,1,1,1,1,1,0,0,0,0,0,0,0,0
2013-07-29 12:15:00+00:00,60,7,12,401.0677795410156,141.32073974609375,0,0,0,0,0,0,0,0,0,0,0,0,0,0,0,0,0,0,0,0,0,0,0,0,0
2013-07-29 12:15:00+00:00,60,7,12,73.74364471435547,189.07083129882812,0,0,0,0,0,0,0,0,1,1,1,1,1,1,1,1,1,0,0,0,0,0,0,0,0
2013-07-29 12:15:00+00:00,60,7,12,370.0047302246094,282.7313232421875,0,0,0,0,0,0,0,0,0,0,0,0,0,0,0,0,0,0,0,0,0,0,0,0,0
2013-07-29 12:15:00+00:00,60,7,12,129.20806884765625,30.47922706604004,0,0,0,0,0,0,0,0,0,0,0,1,1,1,1,1,1,0,0,0,0,0,1,1,1
2013-07-29 12:15:00+00:00,60,7,12,326.5076904296875,290.57049560546875,0,0,0,0,0,0,0,0,0,0,0,0,0,0,0,0,1,0,0,0,0,0,0,0,0
2013-07-29 12:15:00+00:00,60,7,12,134.2918701171875,98.76004791259766,0,0,0,0,0,0,0,0,0,0,0,1,1,1,1,1,1,0,0,0,0,0,0,0,0
2013-07-29 12:15:00+00:00,60,7,12,,,0,0,0,0,0,0,0,0,0,0,0,0,0,0,0,0,0,0,0,0,0,0,0,0,0
2013-07-29 12:15:00+00:00,60,7,12,,,0,0,0,0,0,0,0,0,0,0,0,0,0,0,0,0,0,0,0,0,0,0,0,0,0
2013-07-29 12:15:00+00:00,60,7,12,,,0,0,0,0,0,0,0,0,0,0,0,0,0,0,0,0,0,0,0,0,0,0,0,0,0
2013-07-29 12:15:00+00:00,60,7,12,151.9053192138672,250.09828186035156,0,0,0,0,0,0,0,0,0,0,0,0,1,1,1,1,1,0,0,0,0,0,0,0,0
2013-07-29 12:15:00+00:00,60,7,12,182.5065460205078,83.98991394042969,0,0,0,0,0,0,0,0,0,0,0,0,0,1,1,1,1,0,0,0,0,0,0,0,0
2013-07-29 12:30:00+00:00,60,7,12,155.65029907226562,333.5047302246094,0,0,0,0,0,0,0,0,0,0,0,0,1,1,1,1,1,0,0,0,0,0,0,0,0
2013-07-29 12:30:00+00:00,60,7,12,175.06201171875,68.39409637451172,0,0,0,0,0,0,0,0,0,0,0,0,1,1,1,1,1,0,0,0,0,0,0,0,0
2013-07-29 12:30:00+00:00,60,7,12,340.18121337890625,243.50994873046875,0,0,0,0,0,0,0,0,0,0,0,0,0,0,0,0,1,0,0,0,0,0,0,0,0
2013-07-29 12:30:00+00:00,60,7,12,224.95896911621094,220.75741577148438,0,0,0,0,0,0,0,0,0,0,0,0,0,0,1,1,1,0,0,0,0,0,0,0,0
2013-07-29 12:30:00+00:00,60,7,12,,,0,0,0,0,0,0,0,0,0,0,0,0,0,0,0,0,0,0,0,0,0,0,0,0,0
2013-07-29 12:30:00+00:00,60,7,12,133.3078155517578,16.132816314697266,0,0,0,0,0,0,0,0,0,0,0,1,1,1,1,1,1,0,0,1,1,1,1,1,1
2013-07-29 12:30:00+00:00,60,7,12,290.4951171875,190.3979034423828,0,0,0,0,0,0,0,0,0,0,0,0,0,0,0,1,1,0,0,0,0,0,0,0,0
2013-07-29 12:30:00+00:00,60,7,12,108.34796905517578,137.09849548339844,0,0,0,0,0,0,0,0,0,0,1,1,1,1,1,1,1,0,0,0,0,0,0,0,0
2013-07-29 12:30:00+00:00,60,7,12,,,0,0,0,0,0,0,0,0,0,0,0,0,0,0,0,0,0,0,0,0,0,0,0,0,0
2013-07-29 12:30:00+00:00,60,7,12,311.7077331542969,,0,0,0,0,0,0,0,0,0,0,0,0,0,0,0,0,1,0,0,0,0,0,0,0,0
2013-07-29 12:30:00+00:00,60,7,12,,437.60357666015625,0,0,0,0,0,0,0,0,0,0,0,0,0,0,0,0,0,0,0,0,0,0,0,0,0
2013-07-29 12:45:00+00:00,60,7,12,,238.49322509765625,0,0,0,0,0,0,0,0,0,0,0,0,0,0,0,0,0,0,0,0,0,0,0,0,0
2013-07-29 12:45:00+00:00,60,7,12,183.86805725097656,314.3982849121094,0,0,0,0,0,0,0,0,0,0,0,0,0,1,1,1,1,0,0,0,0,0,0,0,0
2013-07-29 12:45:00+00:00,60,7,12,118.790771484375,171.66070556640625,0,0,0,0,0,0,0,0,0,0,1,1,1,1,1,1,1,0,0,0,0,0,0,0,0
2013-07-29 12:45:00+00:00,60,7,12,142.08285522460938,187.11294555664062,0,0,0,0,0,0,0,0,0,0,0,1,1,1,1,1,1,0,0,0,0,0,0,0,0
2013-07-29 12:45:00+00:00,60,7,12,64.56849670410156,72.59212493896484,0,0,0,0,0,0,0,0,1,1,1,1,1,1,1,1,1,0,0,0,0,0,0,0,0
2013-07-29 12:45:00+00:00,60,7,12,292.23931884765625,18.66642951965332,0,0,0,0,0,0,0,0,0,0,0,0,0,0,0,1,1,0,0,1,1,1,1,1,1
2013-07-29 12:45:00+00:00,60,7,12,,,0,0,0,0,0,0,0,0,0,0,0,0,0,0,0,0,0,0,0,0,0,0,0,0,0
2013-07-29 12:45:00+00:00,60,7,12,342.5321044921875,160.48086547851562,0,0,0,0,0,0,0,0,0,0,0,0,0,0,0,0,1,0,0,0,0,0,0,0,0
2013-07-29 12:45:00+00:00,60,7,12,321.52398681640625,255.72962951660156,0,0,0,0,0,0,0,0,0,0,0,0,0,0,0,0,1,0,0,0,0,0,0,0,0
2013-07-29 12:45:00+00:00,60,7,12,,,0,0,0,0,0,0,0,0,0,0,0,0,0,0,0,0,0,0,0,0,0,0,0,0,0
2013-07-29 12:45:00+00:00,60,7,12,190.95654296875,232.9920654296875,0,0,0,0,0,0,0,0,0,0,0,0,0,1,1,1,1,0,0,0,0,0,0,0,0
2013-07-29 12:45:00+00:00,60,7,12,95.76617431640625,49.97359085083008,0,0,0,0,0,0,0,0,0,1,1,1,1,1,1,1,1,0,0,0,0,0,0,1,1
2013-07-29 12:45:00+00:00,60,7,12,353.2184143066406,61.5927734375,0,0,0,0,0,0,0,0,0,0,0,0,0,0,0,0,0,0,0,0,0,0,0,0,0
2013-07-29 12:45:00+00:00,60,7,12,406.14849853515625,3.194054365158081,0,0,0,0,0,0,0,0,0,0,0,0,0,0,0,0,0,1,1,1,1,1,1,1,1
2013-07-29 12:45:00+00:00,60,7,12,88.771728515625,140.63124084472656,0,0,0,0,0,0,0,0,0,1,1,1,1,1,1,1,1,0,0,0,0,0,0,0,0
2013-07-29 12:45:00+00:00,60,7,12,,,0,0,0,0,0,0,0,0,0,0,0,0,0,0,0,0,0,0,0,0,0,0,0,0,0
2013-07-29 12:45:00+00:00,60,7,12,57.00525665283203,13.72254753112793,0,0,0,0,0,0,0,1,1,1,1,1,1,1,1,1,1,0,1,1,1,1,1,1,1
2013-07-29 12:45:00+00:00,60,7,12,553.8126831054688,601.2488403320312,0,0,0,0,0,0,0,0,0,0,0,0,0,0,0,0,0,0,0,0,0,0,0,0,0
2013-07-29 13:00:00+00:00,60,7,13,192.46429443359375,,0,0,0,0,0,0,0,0,0,0,0,0,0,1,1,1,1,0,0,0,0,0,0,0,0
2013-07-29 13:00:00+00:00,60,7,13,238.7320098876953,251.28538513183594,0,0,0,0,0,0,0,0,0,0,0,0,0,0,1,1,1,0,0,0,0,0,0,0,0
2013-07-29 13:00:00+00:00,60,7,13,69.43390655517578,55.9774055480957,0,0,0,0,0,0,0,0,1,1,1,1,1,1,1,1,1,0,0,0,0,0,0,0,1
2013-07-29 13:00:00+00:00,60,7,13,55.99599075317383,145.85923767089844,0,0,0,0,0,0,0,1,1,1,1,1,1,1,1,1,1,0,0,0,0,0,0,0,0
2013-07-29 13:00:00+00:00,60,7,13,71.9305648803711,73.47209167480469,0,0,0,0,0,0,0,0,1,1,1,1,1,1,1,1,1,0,0,0,0,0,0,0,0
2013-07-29 13:00:00+00:00,60,7,13,,,0,0,0,0,0,0,0,0,0,0,0,0,0,0,0,0,0,0,0,0,0,0,0,0,0
2013-07-29 13:00:00+00:00,60,7,13,326.4564208984375,298.08184814453125,0,0,0,0,0,0,0,0,0,0,0,0,0,0,0,0,1,0,0,0,0,0,0,0,0
2013-07-29 13:00:00+00:00,60,7,13,,,0,0,0,0,0,0,0,0,0,0,0,0,0,0,0,0,0,0,0,0,0,0,0,0,0
2013-07-29 13:00:00+00:00,60,7,13,22.20934295654297,0.0,0,0,0,1,1,1,1,1,1,1,1,1,1,1,1,1,1,1,1,1,1,1,1,1,1
2013-07-29 13:00:00+00:00,60,7,13,,41.584712982177734,0,0,0,0,0,0,0,0,0,0,0,0,0,0,0,0,0,0,0,0,0,0,0,1,1
2013-07-29 13:00:00+00:00,60,7,13,417.5466003417969,431.5164794921875,0,0,0,0,0,0,0,0,0,0,0,0,0,0,0,0,0,0,0,0,0,0,0,0,0
2013-07-29 13:00:00+00:00,60,7,13,199.5177001953125,155.41151428222656,0,0,0,0,0,0,0,0,0,0,0,0,0,1,1,1,1,0,0,0,0,0,0,0,0
2013-07-29 13:00:00+00:00,60,7,13,625.3011474609375,,0,0,0,0,0,0,0,0,0,0,0,0,0,0,0,0,0,0,0,0,0,0,0,0,0
2013-07-29 13:15:00+00:00,60,7,13,243.22596740722656,308.93353271484375,0,0,0,0,0,0,0,0,0,0,0,0,0,0,1,1,1,0,0,0,0,0,0,0,0
2013-07-29 13:15:00+00:00,60,7,13,143.61270141601562,228.845458984375,0,0,0,0,0,0,0,0,0,0,0,1,1,1,1,1,1,0,0,0,0,0,0,0,0
2013-07-29 13:15:00+00:00,60,7,13,130.76644897460938,132.26451110839844,0,0,0,0,0,0,0,0,0,0,0,1,1,1,1,1,1,0,0,0,0,0,0,0,0
2013-07-29 13:15:00+00:00,60,7,13,305.0427551269531,140.02842712402344,0,0,0,0,0,0,0,0,0,0,0,0,0,0,0,0,1,0,0,0,0,0,0,0,0
2013-07-29 13:15:00+00:00,60,7,13,276.1922302246094,114.01302337646484,0,0,0,0,0,0,0,0,0,0,0,0,0,0,0,1,1,0,0,0,0,0,0,0,0
2013-07-29 13:15:00+00:00,60,7,13,,,0,0,0,0,0,0,0,0,0,0,0,0,0,0,0,0,0,0,0,0,0,0,0,0,0
2013-07-29 13:15:00+00:00,60,7,13,230.67030334472656,177.0728759765625,0,0,0,0,0,0,0,0,0,0,0,0,0,0,1,1,1,0,0,0,0,0,0,0,0
2013-07-29 13:15:00+00:00,60,7,13,,560.8326416015625,0,0,0,0,0,0,0,0,0,0,0,0,0,0,0,0,0,0,0,0,0,0,0,0,0
2013-07-29 13:15:00+00:00,60,7,13,472.6065673828125,261.00030517578125,0,0,0,0,0,0,0,0,0,0,0,0,0,0,0,0,0,0,0,0,0,0,0,0,0
2013-07-29 13:15:00+00:00,60,7,13,381.0662841796875,360.7867431640625,0,0,0,0,0,0,0,0,0,0,0,0,0,0,0,0,0,0,0,0,0,0,0,0,0
2013-07-29 13:15:00+00:00,60,7,13,178.371337890625,31.90758514404297,0,0,0,0,0,0,0,0,0,0,0,0,1,1,1,1,1,0,0,0,0,0,1,1,1
2013-07-29 13:15:00+00:00,60,7,13,145.25514221191406,44.085838317871094,0,0,0,0,0,0,0,0,0,0,0,1,1,1,1,1,1,0,0,0,0,0,0,1,1
2013-07-29 13:15:00+00:00,60,7,13,638.3489990234375,,0,0,0,0,0,0,0,0,0,0,0,0,0,0,0,0,0,0,0,0,0,0,0,0,0
2013-07-29 13:30:00+00:00,60,7,13,,,0,0,0,0,0,0,0,0,0,0,0,0,0,0,0,0,0,0,0,0,0,0,0,0,0
2013-07-29 13:30:00+00:00,60,7,13,,,0,0,0,0,0,0,0,0,0,0,0,0,0,0,0,0,0,0,0,0,0,0,0,0,0
2013-07-29 13:30:00+00:00,60,7,13,,,0,0,0,0,0,0,0,0,0,0,0,0,0,0,0,0,0,0,0,0,0,0,0,0,0
2013-07-29 13:30:00+00:00,60,7,13,,,0,0,0,0,0,0,0,0,0,0,0,0,0,0,0,0,0,0,0,0,0,0,0,0,0
2013-07-29 13:30:00+00:00,60,7,13,,,0,0,0,0,0,0,0,0,0,0,0,0,0,0,0,0,0,0,0,0,0,0,0,0,0
2013-07-29 13:30:00+00:00,60,7,13,,,0,0,0,0,0,0,0,0,0,0,0,0,0,0,0,0,0,0,0,0,0,0,0,0,0
2013-07-29 13:30:00+00:00,60,7,13,,569.34375,0,0,0,0,0,0,0,0,0,0,0,0,0,0,0,0,0,0,0,0,0,0,0,0,0
2013-07-29 13:30:00+00:00,60,7,13,252.6330108642578,27.484460830688477,0,0,0,0,0,0,0,0,0,0,0,0,0,0,0,1,1,0,0,0,0,1,1,1,1
2013-07-29 13:30:00+00:00,60,7,13,579.5127563476562,491.2482604980469,0,0,0,0,0,0,0,0,0,0,0,0,0,0,0,0,0,0,0,0,0,0,0,0,0
2013-07-29 13:45:00+00:00,60,7,13,127.51241302490234,72.59713745117188,0,0,0,0,0,0,0,0,0,0,0,1,1,1,1,1,1,0,0,0,0,0,0,0,0
2013-07-29 13:45:00+00:00,60,7,13,136.25238037109375,0.0,0,0,0,0,0,0,0,0,0,0,0,1,1,1,1,1,1,1,1,1,1,1,1,1,1
2013-07-29 13:45:00+00:00,60,7,13,352.12225341796875,0.0,0,0,0,0,0,0,0,0,0,0,0,0,0,0,0,0,0,1,1,1,1,1,1,1,1
2013-07-29 13:45:00+00:00,60,7,13,,,0,0,0,0,0,0,0,0,0,0,0,0,0,0,0,0,0,0,0,0,0,0,0,0,0
2013-07-29 13:45:00+00:00,60,7,13,333.09991455078125,299.7953796386719,0,0,0,0,0,0,0,0,0,0,0,0,0,0,0,0,1,0,0,0,0,0,0,0,0
2013-07-29 13:45:00+00:00,60,7,13,205.52589416503906,217.80599975585938,0,0,0,0,0,0,0,0,0,0,0,0,0,0,1,1,1,0,0,0,0,0,0,0,0
2013-07-29 14:00:00+00:00,60,7,14,99.48131561279297,6.192792892456055,0,0,0,0,0,0,0,0,0,1,1,1,1,1,1,1,1,1,1,1,1,1,1,1,1
2013-07-29 14:00:00+00:00,60,7,14,130.24090576171875,4.782196044921875,0,0,0,0,0,0,0,0,0,0,0,1,1,1,1,1,1,1,1,1,1,1,1,1,1
2013-07-29 14:00:00+00:00,60,7,14,197.5098419189453,49.68121337890625,0,0,0,0,0,0,0,0,0,0,0,0,0,1,1,1,1,0,0,0,0,0,0,1,1
2013-07-29 14:00:00+00:00,60,7,14,440.0730895996094,14.959844589233398,0,0,0,0,0,0,0,0,0,0,0,0,0,0,0,0,0,0,1,1,1,1,1,1,1
2013-07-29 14:00:00+00:00,60,7,14,399.2059326171875,45.61044692993164,0,0,0,0,0,0,0,0,0,0,0,0,0,0,0,0,0,0,0,0,0,0,0,1,1
2013-07-29 14:00:00+00:00,60,7,14,139.0404510498047,115.67070007324219,0,0,0,0,0,0,0,0,0,0,0,1,1,1,1,1,1,0,0,0,0,0,0,0,0
2013-07-29 14:00:00+00:00,60,7,14,,432.5953674316406,0,0,0,0,0,0,0,0,0,0,0,0,0,0,0,0,0,0,0,0,0,0,0,0,0
2013-07-29 14:00:00+00:00,60,7,14,107.61976623535156,29.42951202392578,0,0,0,0,0,0,0,0,0,0,1,1,1,1,1,1,1,0,0,0,0,1,1,1,1
2013-07-29 14:00:00+00:00,60,7,14,76.8896484375,0.0,0,0,0,0,0,0,0,0,1,1,1,1,1,1,1,1,1,1,1,1,1,1,1,1,1
2013-07-29 14:00:00+00:00,60,7,14,55.60675048828125,420.6679382324219,0,0,0,0,0,0,0,1,1,1,1,1,1,1,1,1,1,0,0,0,0,0,0,0,0
2013-07-29 14:00:00+00:00,60,7,14,,,0,0,0,0,0,0,0,0,0,0,0,0,0,0,0,0,0,0,0,0,0,0,0,0,0
2013-07-29 14:00:00+00:00,60,7,14,,,0,0,0,0,0,0,0,0,0,0,0,0,0,0,0,0,0,0,0,0,0,0,0,0,0
2013-07-29 14:15:00+00:00,60,7,14,456.62127685546875,9.180695533752441,0,0,0,0,0,0,0,0,0,0,0,0,0,0,0,0,0,1,1,1,1,1,1,1,1
2013-07-29 14:15:00+00:00,60,7,14,130.45831298828125,110.35460662841797,0,0,0,0,0,0,0,0,0,0,0,1,1,1,1,1,1,0,0,0,0,0,0,0,0
2013-07-29 14:15:00+00:00,60,7,14,105.99675750732422,89.9796142578125,0,0,0,0,0,0,0,0,0,0,1,1,1,1,1,1,1,0,0,0,0,0,0,0,0
2013-07-29 14:15:00+00:00,60,7,14,110.29218292236328,66.37720489501953,0,0,0,0,0,0,0,0,0,0,1,1,1,1,1,1,1,0,0,0,0,0,0,0,0
2013-07-29 14:15:00+00:00,60,7,14,,392.4158020019531,0,0,0,0,0,0,0,0,0,0,0,0,0,0,0,0,0,0,0,0,0,0,0,0,0
2013-07-29 14:15:00+00:00,60,7,14,75.36461639404297,0.0,0,0,0,0,0,0,0,0,1,1,1,1,1,1,1,1,1,1,1,1,1,1,1,1,1
2013-07-29 14:15:00+00:00,60,7,14,,315.2214660644531,0,0,0,0,0,0,0,0,0,0,0,0,0,0,0,0,0,0,0,0,0,0,0,0,0
2013-07-29 14:15:00+00:00,60,7,14,387.89776611328125,419.0209655761719,0,0,0,0,0,0,0,0,0,0,0,0,0,0,0,0,0,0,0,0,0,0,0,0,0
2013-07-29 14:15:00+00:00,60,7,14,311.4622497558594,32.14911651611328,0,0,0,0,0,0,0,0,0,0,0,0,0,0,0,0,1,0,0,0,0,0,1,1,1
2013-07-29 14:15:00+00:00,60,7,14,,69.11170959472656,0,0,0,0,0,0,0,0,0,0,0,0,0,0,0,0,0,0,0,0,0,0,0,0,0
2013-07-29 14:15:00+00:00,60,7,14,307.2825622558594,112.2265625,0,0,0,0,0,0,0,0,0,0,0,0,0,0,0,0,1,0,0,0,0,0,0,0,0
2013-07-29 14:15:00+00:00,60,7,14,,4.364238262176514,0,0,0,0,0,0,0,0,0,0,0,0,0,0,0,0,0,1,1,1,1,1,1,1,1
2013-07-29 14:15:00+00:00,60,7,14,,,0,0,0,0,0,0,0,0,0,0,0,0,0,0,0,0,0,0,0,0,0,0,0,0,0
2013-07-29 14:15:00+00:00,60,7,14,481.0327453613281,404.7112731933594,0,0,0,0,0,0,0,0,0,0,0,0,0,0,0,0,0,0,0,0,0,0,0,0,0
2013-07-29 14:30:00+00:00,60,7,14,86.01702880859375,92.0143814086914,0,0,0,0,0,0,0,0,0,1,1,1,1,1,1,1,1,0,0,0,0,0,0,0,0
2013-07-29 14:30:00+00:00,60,7,14,56.54365921020508,56.568477630615234,0,0,0,0,0,0,0,1,1,1,1,1,1,1,1,1,1,0,0,0,0,0,0,0,1
2013-07-29 14:30:00+00:00,60,7,14,212.36473083496094,9.20383358001709,0,0,0,0,0,0,0,0,0,0,0,0,0,0,1,1,1,1,1,1,1,1,1,1,1
2013-07-29 14:30:00+00:00,60,7,14,301.66033935546875,230.4287109375,0,0,0,0,0,0,0,0,0,0,0,0,0,0,0,0,1,0,0,0,0,0,0,0,0
2013-07-29 14:30:00+00:00,60,7,14,442.50921630859375,419.2041015625,0,0,0,0,0,0,0,0,0,0,0,0,0,0,0,0,0,0,0,0,0,0,0,0,0
2013-07-29 14:30:00+00:00,60,7,14,359.3065490722656,,0,0,0,0,0,0,0,0,0,0,0,0,0,0,0,0,0,0,0,0,0,0,0,0,0
2013-07-29 14:30:00+00:00,60,7,14,,338.3752136230469,0,0,0,0,0,0,0,0,0,0,0,0,0,0,0,0,0,0,0,0,0,0,0,0,0
2013-07-29 14:30:00+00:00,60,7,14,168.47250366210938,127.80101013183594,0,0,0,0,0,0,0,0,0,0,0,0,1,1,1,1,1,0,0,0,0,0,0,0,0
2013-07-29 14:30:00+00:00,60,7,14,,0.0,0,0,0,0,0,0,0,0,0,0,0,0,0,0,0,0,0,1,1,1,1,1,1,1,1
2013-07-29 14:30:00+00:00,60,7,14,174.25430297851562,38.925926208496094,0,0,0,0,0,0,0,0,0,0,0,0,1,1,1,1,1,0,0,0,0,0,1,1,1
2013-07-29 14:30:00+00:00,60,7,14,,224.2595977783203,0,0,0,0,0,0,0,0,0,0,0,0,0,0,0,0,0,0,0,0,0,0,0,0,0
2013-07-29 14:45:00+00:00,60,7,14,62.249359130859375,28.350379943847656,0,0,0,0,0,0,0,0,1,1,1,1,1,1,1,1,1,0,0,0,0,1,1,1,1
2013-07-29 14:45:00+00:00,60,7,14,116.79872131347656,27.749011993408203,0,0,0,0,0,0,0,0,0,0,1,1,1,1,1,1,1,0,0,0,0,1,1,1,1
2013-07-29 14:45:00+00:00,60,7,14,167.82931518554688,28.149608612060547,0,0,0,0,0,0,0,0,0,0,0,0,1,1,1,1,1,0,0,0,0,1,1,1,1
2013-07-29 14:45:00+00:00,60,7,14,180.1696014404297,254.4698944091797,0,0,0,0,0,0,0,0,0,0,0,0,0,1,1,1,1,0,0,0,0,0,0,0,0
2013-07-29 14:45:00+00:00,60,7,14,332.3190002441406,,0,0,0,0,0,0,0,0,0,0,0,0,0,0,0,0,1,0,0,0,0,0,0,0,0
2013-07-29 14:45:00+00:00,60,7,14,334.8327331542969,258.7482604980469,0,0,0,0,0,0,0,0,0,0,0,0,0,0,0,0,1,0,0,0,0,0,0,0,0
2013-07-29 14:45:00+00:00,60,7,14,,,0,0,0,0,0,0,0,0,0,0,0,0,0,0,0,0,0,0,0,0,0,0,0,0,0
2013-07-29 14:45:00+00:00,60,7,14,,,0,0,0,0,0,0,0,0,0,0,0,0,0,0,0,0,0,0,0,0,0,0,0,0,0
2013-07-29 14:45:00+00:00,60,7,14,,,0,0,0,0,0,0,0,0,0,0,0,0,0,0,0,0,0,0,0,0,0,0,0,0,0
2013-07-29 14:45:00+00:00,60,7,14,185.17483520507812,220.52468872070312,0,0,0,0,0,0,0,0,0,0,0,0,0,1,1,1,1,0,0,0,0,0,0,0,0
2013-07-29 15:00:00+00:00,60,7,15,125.12614440917969,248.90928649902344,0,0,0,0,0,0,0,0,0,0,0,1,1,1,1,1,1,0,0,0,0,0,0,0,0
2013-07-29 15:00:00+00:00,60,7,15,,,0,0,0,0,0,0,0,0,0,0,0,0,0,0,0,0,0,0,0,0,0,0,0,0,0
2013-07-29 15:00:00+00:00,60,7,15,,312.35223388671875,0,0,0,0,0,0,0,0,0,0,0,0,0,0,0,0,0,0,0,0,0,0,0,0,0
2013-07-29 15:00:00+00:00,60,7,15,284.0084228515625,272.8361511230469,0,0,0,0,0,0,0,0,0,0,0,0,0,0,0,1,1,0,0,0,0,0,0,0,0
2013-07-29 15:00:00+00:00,60,7,15,277.9513244628906,256.8130798339844,0,0,0,0,0,0,0,0,0,0,0,0,0,0,0,1,1,0,0,0,0,0,0,0,0
2013-07-29 15:00:00+00:00,60,7,15,311.1932067871094,194.4779815673828,0,0,0,0,0,0,0,0,0,0,0,0,0,0,0,0,1,0,0,0,0,0,0,0,0
2013-07-29 15:00:00+00:00,60,7,15,78.53883361816406,87.88641357421875,0,0,0,0,0,0,0,0,1,1,1,1,1,1,1,1,1,0,0,0,0,0,0,0,0
2013-07-29 15:00:00+00:00,60,7,15,,,0,0,0,0,0,0,0,0,0,0,0,0,0,0,0,0,0,0,0,0,0,0,0,0,0
2013-07-29 15:00:00+00:00,60,7,15,276.0486145019531,305.3824768066406,0,0,0,0,0,0,0,0,0,0,0,0,0,0,0,1,1,0,0,0,0,0,0,0,0
2013-07-29 15:15:00+00:00,60,7,15,126.8072738647461,87.49697875976562,0,0,0,0,0,0,0,0,0,0,0,1,1,1,1,1,1,0,0,0,0,0,0,0,0
2013-07-29 15:15:00+00:00,60,7,15,185.96636962890625,155.52947998046875,0,0,0,0,0,0,0,0,0,0,0,0,0,1,1,1,1,0,0,0,0,0,0,0,0
2013-07-29 15:15:00+00:00,60,7,15,175.89646911621094,219.87840270996094,0,0,0,0,0,0,0,0,0,0,0,0,1,1,1,1,1,0,0,0,0,0,0,0,0
2013-07-29 15:15:00+00:00,60,7,15,546.6331176757812,340.7522277832031,0,0,0,0,0,0,0,0,0,0,0,0,0,0,0,0,0,0,0,0,0,0,0,0,0
2013-07-29 15:15:00+00:00,60,7,15,83.75875854492188,103.80635070800781,0,0,0,0,0,0,0,0,0,1,1,1,1,1,1,1,1,0,0,0,0,0,0,0,0
2013-07-29 15:15:00+00:00,60,7,15,128.48507690429688,133.4457550048828,0,0,0,0,0,0,0,0,0,0,0,1,1,1,1,1,1,0,0,0,0,0,0,0,0
2013-07-29 15:15:00+00:00,60,7,15,,,0,0,0,0,0,0,0,0,0,0,0,0,0,0,0,0,0,0,0,0,0,0,0,0,0
2013-07-29 15:15:00+00:00,60,7,15,,283.3992614746094,0,0,0,0,0,0,0,0,0,0,0,0,0,0,0,0,0,0,0,0,0,0,0,0,0
2013-07-29 15:15:00+00:00,60,7,15,364.5276184082031,9.960269927978516,0,0,0,0,0,0,0,0,0,0,0,0,0,0,0,0,0,1,1,1,1,1,1,1,1
2013-07-29 15:30:00+00:00,60,7,15,153.3875732421875,11.261701583862305,0,0,0,0,0,0,0,0,0,0,0,0,1,1,1,1,1,0,1,1,1,1,1,1,1
2013-07-29 15:30:00+00:00,60,7,15,141.80577087402344,141.28176879882812,0,0,0,0,0,0,0,0,0,0,0,1,1,1,1,1,1,0,0,0,0,0,0,0,0
2013-07-29 15:30:00+00:00,60,7,15,355.5570068359375,,0,0,0,0,0,0,0,0,0,0,0,0,0,0,0,0,0,0,0,0,0,0,0,0,0
2013-07-29 15:30:00+00:00,60,7,15,243.55921936035156,,0,0,0,0,0,0,0,0,0,0,0,0,0,0,1,1,1,0,0,0,0,0,0,0,0
2013-07-29 15:30:00+00:00,60,7,15,232.53079223632812,,0,0,0,0,0,0,0,0,0,0,0,0,0,0,1,1,1,0,0,0,0,0,0,0,0
2013-07-29 15:30:00+00:00,60,7,15,194.85235595703125,296.2197265625,0,0,0,0,0,0,0,0,0,0,0,0,0,1,1,1,1,0,0,0,0,0,0,0,0
2013-07-29 15:30:00+00:00,60,7,15,128.30032348632812,225.75198364257812,0,0,0,0,0,0,0,0,0,0,0,1,1,1,1,1,1,0,0,0,0,0,0,0,0
2013-07-29 15:30:00+00:00,60,7,15,,532.8899536132812,0,0,0,0,0,0,0,0,0,0,0,0,0,0,0,0,0,0,0,0,0,0,0,0,0
2013-07-29 15:30:00+00:00,60,7,15,416.46661376953125,424.253662109375,0,0,0,0,0,0,0,0,0,0,0,0,0,0,0,0,0,0,0,0,0,0,0,0,0
2013-07-29 15:30:00+00:00,60,7,15,204.91883850097656,19.354093551635742,0,0,0,0,0,0,0,0,0,0,0,0,0,0,1,1,1,0,0,1,1,1,1,1,1
2013-07-29 15:45:00+00:00,60,7,15,438.8520812988281,,0,0,0,0,0,0,0,0,0,0,0,0,0,0,0,0,0,0,0,0,0,0,0,0,0
2013-07-29 15:45:00+00:00,60,7,15,425.57098388671875,401.8170166015625,0,0,0,0,0,0,0,0,0,0,0,0,0,0,0,0,0,0,0,0,0,0,0,0,0
2013-07-29 15:45:00+00:00,60,7,15,,,0,0,0,0,0,0,0,0,0,0,0,0,0,0,0,0,0,0,0,0,0,0,0,0,0
2013-07-29 15:45:00+00:00,60,7,15,267.41259765625,244.41859436035156,0,0,0,0,0,0,0,0,0,0,0,0,0,0,0,1,1,0,0,0,0,0,0,0,0
2013-07-29 16:00:00+00:00,60,7,16,87.38111114501953,105.57406616210938,0,0,0,0,0,0,0,0,0,1,1,1,1,1,1,1,1,0,0,0,0,0,0,0,0
2013-07-29 16:00:00+00:00,60,7,16,73.19924926757812,214.5473175048828,0,0,0,0,0,0,0,0,1,1,1,1,1,1,1,1,1,0,0,0,0,0,0,0,0
2013-07-29 16:00:00+00:00,60,7,16,181.17959594726562,52.77446746826172,0,0,0,0,0,0,0,0,0,0,0,0,0,1,1,1,1,0,0,0,0,0,0,0,1
2013-07-29 16:00:00+00:00,60,7,16,253.68252563476562,301.972900390625,0,0,0,0,0,0,0,0,0,0,0,0,0,0,0,1,1,0,0,0,0,0,0,0,0
2013-07-29 16:00:00+00:00,60,7,16,294.0762023925781,,0,0,0,0,0,0,0,0,0,0,0,0,0,0,0,1,1,0,0,0,0,0,0,0,0
2013-07-29 16:00:00+00:00,60,7,16,317.2414855957031,397.1919860839844,0,0,0,0,0,0,0,0,0,0,0,0,0,0,0,0,1,0,0,0,0,0,0,0,0
2013-07-29 16:00:00+00:00,60,7,16,85.91718292236328,146.3536834716797,0,0,0,0,0,0,0,0,0,1,1,1,1,1,1,1,1,0,0,0,0,0,0,0,0
2013-07-29 16:00:00+00:00,60,7,16,451.8724670410156,,0,0,0,0,0,0,0,0,0,0,0,0,0,0,0,0,0,0,0,0,0,0,0,0,0
2013-07-29 16:00:00+00:00,60,7,16,,,0,0,0,0,0,0,0,0,0,0,0,0,0,0,0,0,0,0,0,0,0,0,0,0,0
2013-07-29 16:15:00+00:00,60,7,16,300.061767578125,241.90049743652344,0,0,0,0,0,0,0,0,0,0,0,0,0,0,0,0,1,0,0,0,0,0,0,0,0
2013-07-29 16:15:00+00:00,60,7,16,223.814453125,340.1651611328125,0,0,0,0,0,0,0,0,0,0,0,0,0,0,1,1,1,0,0,0,0,0,0,0,0
2013-07-29 16:15:00+00:00,60,7,16,124.9054946899414,163.6196746826172,0,0,0,0,0,0,0,0,0,0,0,1,1,1,1,1,1,0,0,0,0,0,0,0,0
2013-07-29 16:15:00+00:00,60,7,16,167.26483154296875,135.5205841064453,0,0,0,0,0,0,0,0,0,0,0,0,1,1,1,1,1,0,0,0,0,0,0,0,0
2013-07-29 16:15:00+00:00,60,7,16,197.9840087890625,105.0705337524414,0,0,0,0,0,0,0,0,0,0,0,0,0,1,1,1,1,0,0,0,0,0,0,0,0
2013-07-29 16:15:00+00:00,60,7,16,299.18524169921875,268.1044921875,0,0,0,0,0,0,0,0,0,0,0,0,0,0,0,1,1,0,0,0,0,0,0,0,0
2013-07-29 16:15:00+00:00,60,7,16,738.9532470703125,,0,0,0,0,0,0,0,0,0,0,0,0,0,0,0,0,0,0,0,0,0,0,0,0,0
2013-07-29 16:15:00+00:00,60,7,16,,,0,0,0,0,0,0,0,0,0,0,0,0,0,0,0,0,0,0,0,0,0,0,0,0,0
2013-07-29 16:15:00+00:00,60,7,16,,,0,0,0,0,0,0,0,0,0,0,0,0,0,0,0,0,0,0,0,0,0,0,0,0,0
2013-07-29 16:30:00+00:00,60,7,16,429.0110778808594,447.5446472167969,0,0,0,0,0,0,0,0,0,0,0,0,0,0,0,0,0,0,0,0,0,0,0,0,0
2013-07-29 16:30:00+00:00,60,7,16,152.0445556640625,179.96597290039062,0,0,0,0,0,0,0,0,0,0,0,0,1,1,1,1,1,0,0,0,0,0,0,0,0
2013-07-29 16:30:00+00:00,60,7,16,106.88079071044922,75.47103881835938,0,0,0,0,0,0,0,0,0,0,1,1,1,1,1,1,1,0,0,0,0,0,0,0,0
2013-07-29 16:30:00+00:00,60,7,16,212.3940887451172,437.5055236816406,0,0,0,0,0,0,0,0,0,0,0,0,0,0,1,1,1,0,0,0,0,0,0,0,0
2013-07-29 16:30:00+00:00,60,7,16,180.80995178222656,441.3349609375,0,0,0,0,0,0,0,0,0,0,0,0,0,1,1,1,1,0,0,0,0,0,0,0,0
2013-07-29 16:45:00+00:00,60,7,16,105.84407806396484,104.8908920288086,0,0,0,0,0,0,0,0,0,0,1,1,1,1,1,1,1,0,0,0,0,0,0,0,0
2013-07-29 16:45:00+00:00,60,7,16,,,0,0,0,0,0,0,0,0,0,0,0,0,0,0,0,0,0,0,0,0,0,0,0,0,0
2013-07-29 16:45:00+00:00,60,7,16,,,0,0,0,0,0,0,0,0,0,0,0,0,0,0,0,0,0,0,0,0,0,0,0,0,0
2013-07-29 17:00:00+00:00,60,7,17,485.3137512207031,473.85986328125,0,0,0,0,0,0,0,0,0,0,0,0,0,0,0,0,0,0,0,0,0,0,0,0,0
2013-07-29 17:00:00+00:00,60,7,17,,,0,0,0,0,0,0,0,0,0,0,0,0,0,0,0,0,0,0,0,0,0,0,0,0,0
2013-07-29 17:00:00+00:00,60,7,17,141.5074005126953,254.1270751953125,0,0,0,0,0,0,0,0,0,0,0,1,1,1,1,1,1,0,0,0,0,0,0,0,0
2013-07-29 17:00:00+00:00,60,7,17,98.38297271728516,133.12132263183594,0,0,0,0,0,0,0,0,0,1,1,1,1,1,1,1,1,0,0,0,0,0,0,0,0
2013-07-29 17:00:00+00:00,60,7,17,455.4142150878906,,0,0,0,0,0,0,0,0,0,0,0,0,0,0,0,0,0,0,0,0,0,0,0,0,0
2013-07-29 17:00:00+00:00,60,7,17,,7.0875468254089355,0,0,0,0,0,0,0,0,0,0,0,0,0,0,0,0,0,1,1,1,1,1,1,1,1
2013-07-29 17:15:00+00:00,60,7,17,183.8168487548828,159.3411865234375,0,0,0,0,0,0,0,0,0,0,0,0,0,1,1,1,1,0,0,0,0,0,0,0,0
2013-07-29 17:15:00+00:00,60,7,17,149.63430786132812,339.95831298828125,0,0,0,0,0,0,0,0,0,0,0,1,1,1,1,1,1,0,0,0,0,0,0,0,0
2013-07-29 17:15:00+00:00,60,7,17,286.575927734375,,0,0,0,0,0,0,0,0,0,0,0,0,0,0,0,1,1,0,0,0,0,0,0,0,0
2013-07-29 17:15:00+00:00,60,7,17,123.61144256591797,0.0,0,0,0,0,0,0,0,0,0,0,0,1,1,1,1,1,1,1,1,1,1,1,1,1,1
2013-07-29 17:15:00+00:00,60,7,17,,,0,0,0,0,0,0,0,0,0,0,0,0,0,0,0,0,0,0,0,0,0,0,0,0,0
2013-07-29 17:30:00+00:00,60,7,17,188.1601104736328,253.904052734375,0,0,0,0,0,0,0,0,0,0,0,0,0,1,1,1,1,0,0,0,0,0,0,0,0
2013-07-29 17:30:00+00:00,60,7,17,,41.09565734863281,0,0,0,0,0,0,0,0,0,0,0,0,0,0,0,0,0,0,0,0,0,0,0,1,1
2013-07-29 17:30:00+00:00,60,7,17,,412.7283020019531,0,0,0,0,0,0,0,0,0,0,0,0,0,0,0,0,0,0,0,0,0,0,0,0,0
2013-07-29 17:30:00+00:00,60,7,17,,,0,0,0,0,0,0,0,0,0,0,0,0,0,0,0,0,0,0,0,0,0,0,0,0,0
2013-07-29 17:30:00+00:00,60,7,17,,,0,0,0,0,0,0,0,0,0,0,0,0,0,0,0,0,0,0,0,0,0,0,0,0,0
2013-07-29 17:45:00+00:00,60,7,17,206.8474884033203,6.154690742492676,0,0,0,0,0,0,0,0,0,0,0,0,0,0,1,1,1,1,1,1,1,1,1,1,1
2013-07-29 17:45:00+00:00,60,7,17,379.8872375488281,205.96499633789062,0,0,0,0,0,0,0,0,0,0,0,0,0,0,0,0,0,0,0,0,0,0,0,0,0
2013-07-29 17:45:00+00:00,60,7,17,335.4665832519531,,0,0,0,0,0,0,0,0,0,0,0,0,0,0,0,0,1,0,0,0,0,0,0,0,0
2013-07-29 17:45:00+00:00,60,7,17,373.19073486328125,223.47686767578125,0,0,0,0,0,0,0,0,0,0,0,0,0,0,0,0,0,0,0,0,0,0,0,0,0
2013-07-29 17:45:00+00:00,60,7,17,261.0709533691406,203.12071228027344,0,0,0,0,0,0,0,0,0,0,0,0,0,0,0,1,1,0,0,0,0,0,0,0,0
2013-07-29 17:45:00+00:00,60,7,17,,,0,0,0,0,0,0,0,0,0,0,0,0,0,0,0,0,0,0,0,0,0,0,0,0,0
2013-07-30 10:00:00+00:00,60,7,10,,59.05382537841797,0,0,0,0,0,0,0,0,0,0,0,0,0,0,0,0,0,0,0,0,0,0,0,0,1
2013-07-30 10:00:00+00:00,60,7,10,,10.103057861328125,0,0,0,0,0,0,0,0,0,0,0,0,0,0,0,0,0,0,1,1,1,1,1,1,1
2013-07-30 10:00:00+00:00,60,7,10,340.2647399902344,193.75938415527344,0,0,0,0,0,0,0,0,0,0,0,0,0,0,0,0,1,0,0,0,0,0,0,0,0
2013-07-30 10:00:00+00:00,60,7,10,199.08859252929688,66.89844512939453,0,0,0,0,0,0,0,0,0,0,0,0,0,1,1,1,1,0,0,0,0,0,0,0,0
2013-07-30 10:00:00+00:00,60,7,10,,,0,0,0,0,0,0,0,0,0,0,0,0,0,0,0,0,0,0,0,0,0,0,0,0,0
2013-07-30 10:00:00+00:00,60,7,10,315.0692443847656,245.26490783691406,0,0,0,0,0,0,0,0,0,0,0,0,0,0,0,0,1,0,0,0,0,0,0,0,0
2013-07-30 10:00:00+00:00,60,7,10,,,0,0,0,0,0,0,0,0,0,0,0,0,0,0,0,0,0,0,0,0,0,0,0,0,0
2013-07-30 10:00:00+00:00,60,7,10,,,0,0,0,0,0,0,0,0,0,0,0,0,0,0,0,0,0,0,0,0,0,0,0,0,0
2013-07-30 10:00:00+00:00,60,7,10,399.7411193847656,365.4509582519531,0,0,0,0,0,0,0,0,0,0,0,0,0,0,0,0,0,0,0,0,0,0,0,0,0
2013-07-30 10:00:00+00:00,60,7,10,407.4214172363281,387.0086669921875,0,0,0,0,0,0,0,0,0,0,0,0,0,0,0,0,0,0,0,0,0,0,0,0,0
2013-07-30 10:00:00+00:00,60,7,10,,,0,0,0,0,0,0,0,0,0,0,0,0,0,0,0,0,0,0,0,0,0,0,0,0,0
2013-07-30 10:00:00+00:00,60,7,10,,,0,0,0,0,0,0,0,0,0,0,0,0,0,0,0,0,0,0,0,0,0,0,0,0,0
2013-07-30 10:00:00+00:00,60,7,10,,,0,0,0,0,0,0,0,0,0,0,0,0,0,0,0,0,0,0,0,0,0,0,0,0,0
2013-07-30 10:00:00+00:00,60,7,10,,,0,0,0,0,0,0,0,0,0,0,0,0,0,0,0,0,0,0,0,0,0,0,0,0,0
2013-07-30 10:15:00+00:00,60,7,10,,,0,0,0,0,0,0,0,0,0,0,0,0,0,0,0,0,0,0,0,0,0,0,0,0,0
2013-07-30 10:15:00+00:00,60,7,10,,304.8354187011719,0,0,0,0,0,0,0,0,0,0,0,0,0,0,0,0,0,0,0,0,0,0,0,0,0
2013-07-30 10:15:00+00:00,60,7,10,,205.47145080566406,0,0,0,0,0,0,0,0,0,0,0,0,0,0,0,0,0,0,0,0,0,0,0,0,0
2013-07-30 10:15:00+00:00,60,7,10,,35.58402633666992,0,0,0,0,0,0,0,0,0,0,0,0,0,0,0,0,0,0,0,0,0,0,1,1,1
2013-07-30 10:15:00+00:00,60,7,10,,,0,0,0,0,0,0,0,0,0,0,0,0,0,0,0,0,0,0,0,0,0,0,0,0,0
2013-07-30 10:30:00+00:00,60,7,10,437.3398742675781,405.3479919433594,0,0,0,0,0,0,0,0,0,0,0,0,0,0,0,0,0,0,0,0,0,0,0,0,0
2013-07-30 10:30:00+00:00,60,7,10,361.4164733886719,309.7157897949219,0,0,0,0,0,0,0,0,0,0,0,0,0,0,0,0,0,0,0,0,0,0,0,0,0
2013-07-30 10:30:00+00:00,60,7,10,,,0,0,0,0,0,0,0,0,0,0,0,0,0,0,0,0,0,0,0,0,0,0,0,0,0
2013-07-30 10:30:00+00:00,60,7,10,,,0,0,0,0,0,0,0,0,0,0,0,0,0,0,0,0,0,0,0,0,0,0,0,0,0
2013-07-30 10:30:00+00:00,60,7,10,,,0,0,0,0,0,0,0,0,0,0,0,0,0,0,0,0,0,0,0,0,0,0,0,0,0
2013-07-30 10:30:00+00:00,60,7,10,,278.9903564453125,0,0,0,0,0,0,0,0,0,0,0,0,0,0,0,0,0,0,0,0,0,0,0,0,0
2013-07-30 10:45:00+00:00,60,7,10,397.3041076660156,291.25592041015625,0,0,0,0,0,0,0,0,0,0,0,0,0,0,0,0,0,0,0,0,0,0,0,0,0
2013-07-30 10:45:00+00:00,60,7,10,141.6806640625,84.07654571533203,0,0,0,0,0,0,0,0,0,0,0,1,1,1,1,1,1,0,0,0,0,0,0,0,0
2013-07-30 10:45:00+00:00,60,7,10,,,0,0,0,0,0,0,0,0,0,0,0,0,0,0,0,0,0,0,0,0,0,0,0,0,0
2013-07-30 10:45:00+00:00,60,7,10,292.656494140625,253.72406005859375,0,0,0,0,0,0,0,0,0,0,0,0,0,0,0,1,1,0,0,0,0,0,0,0,0
2013-07-30 10:45:00+00:00,60,7,10,92.90894317626953,174.32308959960938,0,0,0,0,0,0,0,0,0,1,1,1,1,1,1,1,1,0,0,0,0,0,0,0,0
2013-07-30 10:45:00+00:00,60,7,10,,,0,0,0,0,0,0,0,0,0,0,0,0,0,0,0,0,0,0,0,0,0,0,0,0,0
2013-07-30 10:45:00+00:00,60,7,10,,,0,0,0,0,0,0,0,0,0,0,0,0,0,0,0,0,0,0,0,0,0,0,0,0,0
2013-07-30 10:45:00+00:00,60,7,10,,308.2420349121094,0,0,0,0,0,0,0,0,0,0,0,0,0,0,0,0,0,0,0,0,0,0,0,0,0
2013-07-30 10:45:00+00:00,60,7,10,,14.654568672180176,0,0,0,0,0,0,0,0,0,0,0,0,0,0,0,0,0,0,1,1,1,1,1,1,1
2013-07-30 11:00:00+00:00,60,7,11,90.09427642822266,7.2223429679870605,0,0,0,0,0,0,0,0,0,1,1,1,1,1,1,1,1,1,1,1,1,1,1,1,1
2013-07-30 11:00:00+00:00,60,7,11,71.44510650634766,23.86571502685547,0,0,0,0,0,0,0,0,1,1,1,1,1,1,1,1,1,0,0,0,1,1,1,1,1
2013-07-30 11:00:00+00:00,60,7,11,221.92518615722656,177.5299530029297,0,0,0,0,0,0,0,0,0,0,0,0,0,0,1,1,1,0,0,0,0,0,0,0,0
2013-07-30 11:00:00+00:00,60,7,11,,,0,0,0,0,0,0,0,0,0,0,0,0,0,0,0,0,0,0,0,0,0,0,0,0,0
2013-07-30 11:00:00+00:00,60,7,11,190.7550811767578,309.80889892578125,0,0,0,0,0,0,0,0,0,0,0,0,0,1,1,1,1,0,0,0,0,0,0,0,0
2013-07-30 11:00:00+00:00,60,7,11,,,0,0,0,0,0,0,0,0,0,0,0,0,0,0,0,0,0,0,0,0,0,0,0,0,0
2013-07-30 11:00:00+00:00,60,7,11,,,0,0,0,0,0,0,0,0,0,0,0,0,0,0,0,0,0,0,0,0,0,0,0,0,0
2013-07-30 11:00:00+00:00,60,7,11,,70.96452331542969,0,0,0,0,0,0,0,0,0,0,0,0,0,0,0,0,0,0,0,0,0,0,0,0,0
2013-07-30 11:00:00+00:00,60,7,11,,469.44769287109375,0,0,0,0,0,0,0,0,0,0,0,0,0,0,0,0,0,0,0,0,0,0,0,0,0
2013-07-30 11:00:00+00:00,60,7,11,,126.2999496459961,0,0,0,0,0,0,0,0,0,0,0,0,0,0,0,0,0,0,0,0,0,0,0,0,0
2013-07-30 11:15:00+00:00,60,7,11,,,0,0,0,0,0,0,0,0,0,0,0,0,0,0,0,0,0,0,0,0,0,0,0,0,0
2013-07-30 11:15:00+00:00,60,7,11,,379.3583068847656,0,0,0,0,0,0,0,0,0,0,0,0,0,0,0,0,0,0,0,0,0,0,0,0,0
2013-07-30 11:15:00+00:00,60,7,11,,,0,0,0,0,0,0,0,0,0,0,0,0,0,0,0,0,0,0,0,0,0,0,0,0,0
2013-07-30 11:15:00+00:00,60,7,11,519.2212524414062,485.82952880859375,0,0,0,0,0,0,0,0,0,0,0,0,0,0,0,0,0,0,0,0,0,0,0,0,0
2013-07-30 11:15:00+00:00,60,7,11,,,0,0,0,0,0,0,0,0,0,0,0,0,0,0,0,0,0,0,0,0,0,0,0,0,0
2013-07-30 11:15:00+00:00,60,7,11,529.5447998046875,487.4201354980469,0,0,0,0,0,0,0,0,0,0,0,0,0,0,0,0,0,0,0,0,0,0,0,0,0
2013-07-30 11:15:00+00:00,60,7,11,,9.17689037322998,0,0,0,0,0,0,0,0,0,0,0,0,0,0,0,0,0,1,1,1,1,1,1,1,1
2013-07-30 11:15:00+00:00,60,7,11,589.3233642578125,444.3861083984375,0,0,0,0,0,0,0,0,0,0,0,0,0,0,0,0,0,0,0,0,0,0,0,0,0
2013-07-30 11:15:00+00:00,60,7,11,530.6222534179688,56.15796661376953,0,0,0,0,0,0,0,0,0,0,0,0,0,0,0,0,0,0,0,0,0,0,0,0,1
2013-07-30 11:30:00+00:00,60,7,11,65.4917221069336,89.79570770263672,0,0,0,0,0,0,0,0,1,1,1,1,1,1,1,1,1,0,0,0,0,0,0,0,0
2013-07-30 11:30:00+00:00,60,7,11,108.05448150634766,12.807513236999512,0,0,0,0,0,0,0,0,0,0,1,1,1,1,1,1,1,0,1,1,1,1,1,1,1
2013-07-30 11:30:00+00:00,60,7,11,,,0,0,0,0,0,0,0,0,0,0,0,0,0,0,0,0,0,0,0,0,0,0,0,0,0
2013-07-30 11:30:00+00:00,60,7,11,,,0,0,0,0,0,0,0,0,0,0,0,0,0,0,0,0,0,0,0,0,0,0,0,0,0
2013-07-30 11:30:00+00:00,60,7,11,,,0,0,0,0,0,0,0,0,0,0,0,0,0,0,0,0,0,0,0,0,0,0,0,0,0
2013-07-30 11:30:00+00:00,60,7,11,,368.6658630371094,0,0,0,0,0,0,0,0,0,0,0,0,0,0,0,0,0,0,0,0,0,0,0,0,0
2013-07-30 11:30:00+00:00,60,7,11,,,0,0,0,0,0,0,0,0,0,0,0,0,0,0,0,0,0,0,0,0,0,0,0,0,0
2013-07-30 11:30:00+00:00,60,7,11,245.11517333984375,491.01361083984375,0,0,0,0,0,0,0,0,0,0,0,0,0,0,1,1,1,0,0,0,0,0,0,0,0
2013-07-30 11:30:00+00:00,60,7,11,384.086669921875,,0,0,0,0,0,0,0,0,0,0,0,0,0,0,0,0,0,0,0,0,0,0,0,0,0
2013-07-30 11:30:00+00:00,60,7,11,,,0,0,0,0,0,0,0,0,0,0,0,0,0,0,0,0,0,0,0,0,0,0,0,0,0
2013-07-30 11:45:00+00:00,60,7,11,183.9225616455078,97.49325561523438,0,0,0,0,0,0,0,0,0,0,0,0,0,1,1,1,1,0,0,0,0,0,0,0,0
2013-07-30 11:45:00+00:00,60,7,11,342.066650390625,13.800150871276855,0,0,0,0,0,0,0,0,0,0,0,0,0,0,0,0,1,0,1,1,1,1,1,1,1
2013-07-30 11:45:00+00:00,60,7,11,,,0,0,0,0,0,0,0,0,0,0,0,0,0,0,0,0,0,0,0,0,0,0,0,0,0
2013-07-30 11:45:00+00:00,60,7,11,,,0,0,0,0,0,0,0,0,0,0,0,0,0,0,0,0,0,0,0,0,0,0,0,0,0
2013-07-30 11:45:00+00:00,60,7,11,,,0,0,0,0,0,0,0,0,0,0,0,0,0,0,0,0,0,0,0,0,0,0,0,0,0
2013-07-30 11:45:00+00:00,60,7,11,,16.32501220703125,0,0,0,0,0,0,0,0,0,0,0,0,0,0,0,0,0,0,0,1,1,1,1,1,1
2013-07-30 11:45:00+00:00,60,7,11,,355.3148498535156,0,0,0,0,0,0,0,0,0,0,0,0,0,0,0,0,0,0,0,0,0,0,0,0,0
2013-07-30 11:45:00+00:00,60,7,11,158.61782836914062,113.21142578125,0,0,0,0,0,0,0,0,0,0,0,0,1,1,1,1,1,0,0,0,0,0,0,0,0
2013-07-30 12:00:00+00:00,60,7,12,102.11483764648438,104.10216522216797,0,0,0,0,0,0,0,0,0,0,1,1,1,1,1,1,1,0,0,0,0,0,0,0,0
2013-07-30 12:00:00+00:00,60,7,12,354.482666015625,289.52032470703125,0,0,0,0,0,0,0,0,0,0,0,0,0,0,0,0,0,0,0,0,0,0,0,0,0
2013-07-30 12:00:00+00:00,60,7,12,,273.739013671875,0,0,0,0,0,0,0,0,0,0,0,0,0,0,0,0,0,0,0,0,0,0,0,0,0
2013-07-30 12:00:00+00:00,60,7,12,,384.0706787109375,0,0,0,0,0,0,0,0,0,0,0,0,0,0,0,0,0,0,0,0,0,0,0,0,0
2013-07-30 12:00:00+00:00,60,7,12,593.1140747070312,294.2662048339844,0,0,0,0,0,0,0,0,0,0,0,0,0,0,0,0,0,0,0,0,0,0,0,0,0
2013-07-30 12:00:00+00:00,60,7,12,,,0,0,0,0,0,0,0,0,0,0,0,0,0,0,0,0,0,0,0,0,0,0,0,0,0
2013-07-30 12:00:00+00:00,60,7,12,,,0,0,0,0,0,0,0,0,0,0,0,0,0,0,0,0,0,0,0,0,0,0,0,0,0
2013-07-30 12:00:00+00:00,60,7,12,,0.0,0,0,0,0,0,0,0,0,0,0,0,0,0,0,0,0,0,1,1,1,1,1,1,1,1
2013-07-30 12:00:00+00:00,60,7,12,186.44439697265625,140.93197631835938,0,0,0,0,0,0,0,0,0,0,0,0,0,1,1,1,1,0,0,0,0,0,0,0,0
2013-07-30 12:15:00+00:00,60,7,12,279.2496337890625,370.51959228515625,0,0,0,0,0,0,0,0,0,0,0,0,0,0,0,1,1,0,0,0,0,0,0,0,0
2013-07-30 12:15:00+00:00,60,7,12,306.3254089355469,395.88165283203125,0,0,0,0,0,0,0,0,0,0,0,0,0,0,0,0,1,0,0,0,0,0,0,0,0
2013-07-30 12:15:00+00:00,60,7,12,,110.7125473022461,0,0,0,0,0,0,0,0,0,0,0,0,0,0,0,0,0,0,0,0,0,0,0,0,0
2013-07-30 12:15:00+00:00,60,7,12,300.90203857421875,307.7950744628906,0,0,0,0,0,0,0,0,0,0,0,0,0,0,0,0,1,0,0,0,0,0,0,0,0
2013-07-30 12:15:00+00:00,60,7,12,,396.5268859863281,0,0,0,0,0,0,0,0,0,0,0,0,0,0,0,0,0,0,0,0,0,0,0,0,0
2013-07-30 12:15:00+00:00,60,7,12,,308.04150390625,0,0,0,0,0,0,0,0,0,0,0,0,0,0,0,0,0,0,0,0,0,0,0,0,0
2013-07-30 12:30:00+00:00,60,7,12,153.39889526367188,147.62950134277344,0,0,0,0,0,0,0,0,0,0,0,0,1,1,1,1,1,0,0,0,0,0,0,0,0
2013-07-30 12:30:00+00:00,60,7,12,145.52056884765625,98.87598419189453,0,0,0,0,0,0,0,0,0,0,0,1,1,1,1,1,1,0,0,0,0,0,0,0,0
2013-07-30 12:30:00+00:00,60,7,12,,76.32804107666016,0,0,0,0,0,0,0,0,0,0,0,0,0,0,0,0,0,0,0,0,0,0,0,0,0
2013-07-30 12:30:00+00:00,60,7,12,124.64654541015625,9.440400123596191,0,0,0,0,0,0,0,0,0,0,0,1,1,1,1,1,1,1,1,1,1,1,1,1,1
2013-07-30 12:30:00+00:00,60,7,12,98.99575805664062,202.64122009277344,0,0,0,0,0,0,0,0,0,1,1,1,1,1,1,1,1,0,0,0,0,0,0,0,0
2013-07-30 12:30:00+00:00,60,7,12,,,0,0,0,0,0,0,0,0,0,0,0,0,0,0,0,0,0,0,0,0,0,0,0,0,0
2013-07-30 12:30:00+00:00,60,7,12,,367.4977722167969,0,0,0,0,0,0,0,0,0,0,0,0,0,0,0,0,0,0,0,0,0,0,0,0,0
2013-07-30 12:30:00+00:00,60,7,12,,137.8712158203125,0,0,0,0,0,0,0,0,0,0,0,0,0,0,0,0,0,0,0,0,0,0,0,0,0
2013-07-30 12:30:00+00:00,60,7,12,141.56472778320312,411.946044921875,0,0,0,0,0,0,0,0,0,0,0,1,1,1,1,1,1,0,0,0,0,0,0,0,0
2013-07-30 12:30:00+00:00,60,7,12,291.1906433105469,0.0,0,0,0,0,0,0,0,0,0,0,0,0,0,0,0,1,1,1,1,1,1,1,1,1,1
2013-07-30 12:30:00+00:00,60,7,12,,,0,0,0,0,0,0,0,0,0,0,0,0,0,0,0,0,0,0,0,0,0,0,0,0,0
2013-07-30 12:30:00+00:00,60,7,12,,,0,0,0,0,0,0,0,0,0,0,0,0,0,0,0,0,0,0,0,0,0,0,0,0,0
2013-07-30 12:45:00+00:00,60,7,12,89.7400894165039,0.0,0,0,0,0,0,0,0,0,0,1,1,1,1,1,1,1,1,1,1,1,1,1,1,1,1
2013-07-30 12:45:00+00:00,60,7,12,62.55390548706055,77.6745834350586,0,0,0,0,0,0,0,0,1,1,1,1,1,1,1,1,1,0,0,0,0,0,0,0,0
2013-07-30 12:45:00+00:00,60,7,12,,439.6121520996094,0,0,0,0,0,0,0,0,0,0,0,0,0,0,0,0,0,0,0,0,0,0,0,0,0
2013-07-30 12:45:00+00:00,60,7,12,,,0,0,0,0,0,0,0,0,0,0,0,0,0,0,0,0,0,0,0,0,0,0,0,0,0
2013-07-30 12:45:00+00:00,60,7,12,285.38604736328125,0.0,0,0,0,0,0,0,0,0,0,0,0,0,0,0,0,1,1,1,1,1,1,1,1,1,1
2013-07-30 12:45:00+00:00,60,7,12,350.5730895996094,283.2092590332031,0,0,0,0,0,0,0,0,0,0,0,0,0,0,0,0,0,0,0,0,0,0,0,0,0
2013-07-30 12:45:00+00:00,60,7,12,254.8275146484375,204.33213806152344,0,0,0,0,0,0,0,0,0,0,0,0,0,0,0,1,1,0,0,0,0,0,0,0,0
2013-07-30 12:45:00+00:00,60,7,12,,,0,0,0,0,0,0,0,0,0,0,0,0,0,0,0,0,0,0,0,0,0,0,0,0,0
2013-07-30 12:45:00+00:00,60,7,12,199.92111206054688,403.4154357910156,0,0,0,0,0,0,0,0,0,0,0,0,0,1,1,1,1,0,0,0,0,0,0,0,0
2013-07-30 12:45:00+00:00,60,7,12,208.73782348632812,237.7483367919922,0,0,0,0,0,0,0,0,0,0,0,0,0,0,1,1,1,0,0,0,0,0,0,0,0
2013-07-30 12:45:00+00:00,60,7,12,,70.03947448730469,0,0,0,0,0,0,0,0,0,0,0,0,0,0,0,0,0,0,0,0,0,0,0,0,0
2013-07-30 12:45:00+00:00,60,7,12,,,0,0,0,0,0,0,0,0,0,0,0,0,0,0,0,0,0,0,0,0,0,0,0,0,0
2013-07-30 13:00:00+00:00,60,7,13,,543.138916015625,0,0,0,0,0,0,0,0,0,0,0,0,0,0,0,0,0,0,0,0,0,0,0,0,0
2013-07-30 13:00:00+00:00,60,7,13,126.59395599365234,83.3825454711914,0,0,0,0,0,0,0,0,0,0,0,1,1,1,1,1,1,0,0,0,0,0,0,0,0
2013-07-30 13:00:00+00:00,60,7,13,376.1172180175781,210.9856719970703,0,0,0,0,0,0,0,0,0,0,0,0,0,0,0,0,0,0,0,0,0,0,0,0,0
2013-07-30 13:00:00+00:00,60,7,13,,25.916635513305664,0,0,0,0,0,0,0,0,0,0,0,0,0,0,0,0,0,0,0,0,0,1,1,1,1
2013-07-30 13:00:00+00:00,60,7,13,320.90838623046875,303.0779113769531,0,0,0,0,0,0,0,0,0,0,0,0,0,0,0,0,1,0,0,0,0,0,0,0,0
2013-07-30 13:00:00+00:00,60,7,13,,14.604570388793945,0,0,0,0,0,0,0,0,0,0,0,0,0,0,0,0,0,0,1,1,1,1,1,1,1
2013-07-30 13:00:00+00:00,60,7,13,339.3509216308594,90.31326293945312,0,0,0,0,0,0,0,0,0,0,0,0,0,0,0,0,1,0,0,0,0,0,0,0,0
2013-07-30 13:00:00+00:00,60,7,13,,262.04168701171875,0,0,0,0,0,0,0,0,0,0,0,0,0,0,0,0,0,0,0,0,0,0,0,0,0
2013-07-30 13:00:00+00:00,60,7,13,189.0839080810547,218.84609985351562,0,0,0,0,0,0,0,0,0,0,0,0,0,1,1,1,1,0,0,0,0,0,0,0,0
2013-07-30 13:00:00+00:00,60,7,13,192.95547485351562,400.5223388671875,0,0,0,0,0,0,0,0,0,0,0,0,0,1,1,1,1,0,0,0,0,0,0,0,0
2013-07-30 13:00:00+00:00,60,7,13,351.84002685546875,28.37158203125,0,0,0,0,0,0,0,0,0,0,0,0,0,0,0,0,0,0,0,0,0,1,1,1,1
2013-07-30 13:00:00+00:00,60,7,13,319.6231994628906,48.73601150512695,0,0,0,0,0,0,0,0,0,0,0,0,0,0,0,0,1,0,0,0,0,0,0,1,1
2013-07-30 13:00:00+00:00,60,7,13,,,0,0,0,0,0,0,0,0,0,0,0,0,0,0,0,0,0,0,0,0,0,0,0,0,0
2013-07-30 13:00:00+00:00,60,7,13,356.8096923828125,331.36077880859375,0,0,0,0,0,0,0,0,0,0,0,0,0,0,0,0,0,0,0,0,0,0,0,0,0
2013-07-30 13:15:00+00:00,60,7,13,156.51815795898438,62.47272872924805,0,0,0,0,0,0,0,0,0,0,0,0,1,1,1,1,1,0,0,0,0,0,0,0,0
2013-07-30 13:15:00+00:00,60,7,13,312.4180603027344,164.68002319335938,0,0,0,0,0,0,0,0,0,0,0,0,0,0,0,0,1,0,0,0,0,0,0,0,0
2013-07-30 13:15:00+00:00,60,7,13,96.74369812011719,191.44564819335938,0,0,0,0,0,0,0,0,0,1,1,1,1,1,1,1,1,0,0,0,0,0,0,0,0
2013-07-30 13:15:00+00:00,60,7,13,115.88899230957031,56.63355255126953,0,0,0,0,0,0,0,0,0,0,1,1,1,1,1,1,1,0,0,0,0,0,0,0,1
2013-07-30 13:15:00+00:00,60,7,13,257.1435852050781,304.1864318847656,0,0,0,0,0,0,0,0,0,0,0,0,0,0,0,1,1,0,0,0,0,0,0,0,0
2013-07-30 13:15:00+00:00,60,7,13,125.72269439697266,76.74380493164062,0,0,0,0,0,0,0,0,0,0,0,1,1,1,1,1,1,0,0,0,0,0,0,0,0
2013-07-30 13:15:00+00:00,60,7,13,,,0,0,0,0,0,0,0,0,0,0,0,0,0,0,0,0,0,0,0,0,0,0,0,0,0
2013-07-30 13:15:00+00:00,60,7,13,336.0177307128906,342.06634521484375,0,0,0,0,0,0,0,0,0,0,0,0,0,0,0,0,1,0,0,0,0,0,0,0,0
2013-07-30 13:15:00+00:00,60,7,13,292.0361022949219,198.45318603515625,0,0,0,0,0,0,0,0,0,0,0,0,0,0,0,1,1,0,0,0,0,0,0,0,0
2013-07-30 13:15:00+00:00,60,7,13,,257.9898986816406,0,0,0,0,0,0,0,0,0,0,0,0,0,0,0,0,0,0,0,0,0,0,0,0,0
2013-07-30 13:15:00+00:00,60,7,13,195.84849548339844,9.799318313598633,0,0,0,0,0,0,0,0,0,0,0,0,0,1,1,1,1,1,1,1,1,1,1,1,1
2013-07-30 13:15:00+00:00,60,7,13,,48.95396041870117,0,0,0,0,0,0,0,0,0,0,0,0,0,0,0,0,0,0,0,0,0,0,0,1,1
2013-07-30 13:15:00+00:00,60,7,13,111.84310913085938,44.508941650390625,0,0,0,0,0,0,0,0,0,0,1,1,1,1,1,1,1,0,0,0,0,0,0,1,1
2013-07-30 13:15:00+00:00,60,7,13,451.4027099609375,,0,0,0,0,0,0,0,0,0,0,0,0,0,0,0,0,0,0,0,0,0,0,0,0,0
2013-07-30 13:30:00+00:00,60,7,13,288.7515563964844,239.5789337158203,0,0,0,0,0,0,0,0,0,0,0,0,0,0,0,1,1,0,0,0,0,0,0,0,0
2013-07-30 13:30:00+00:00,60,7,13,,255.05355834960938,0,0,0,0,0,0,0,0,0,0,0,0,0,0,0,0,0,0,0,0,0,0,0,0,0
2013-07-30 13:30:00+00:00,60,7,13,,348.5971374511719,0,0,0,0,0,0,0,0,0,0,0,0,0,0,0,0,0,0,0,0,0,0,0,0,0
2013-07-30 13:30:00+00:00,60,7,13,,412.7602233886719,0,0,0,0,0,0,0,0,0,0,0,0,0,0,0,0,0,0,0,0,0,0,0,0,0
2013-07-30 13:30:00+00:00,60,7,13,129.04339599609375,514.4406127929688,0,0,0,0,0,0,0,0,0,0,0,1,1,1,1,1,1,0,0,0,0,0,0,0,0
2013-07-30 13:30:00+00:00,60,7,13,275.91546630859375,372.2171630859375,0,0,0,0,0,0,0,0,0,0,0,0,0,0,0,1,1,0,0,0,0,0,0,0,0
2013-07-30 13:45:00+00:00,60,7,13,42.31483459472656,26.881166458129883,0,0,0,0,0,0,1,1,1,1,1,1,1,1,1,1,1,0,0,0,0,1,1,1,1
2013-07-30 13:45:00+00:00,60,7,13,,,0,0,0,0,0,0,0,0,0,0,0,0,0,0,0,0,0,0,0,0,0,0,0,0,0
2013-07-30 13:45:00+00:00,60,7,13,,160.31552124023438,0,0,0,0,0,0,0,0,0,0,0,0,0,0,0,0,0,0,0,0,0,0,0,0,0
2013-07-30 13:45:00+00:00,60,7,13,,184.57421875,0,0,0,0,0,0,0,0,0,0,0,0,0,0,0,0,0,0,0,0,0,0,0,0,0
2013-07-30 13:45:00+00:00,60,7,13,418.429931640625,207.89956665039062,0,0,0,0,0,0,0,0,0,0,0,0,0,0,0,0,0,0,0,0,0,0,0,0,0
2013-07-30 13:45:00+00:00,60,7,13,,312.0042419433594,0,0,0,0,0,0,0,0,0,0,0,0,0,0,0,0,0,0,0,0,0,0,0,0,0
2013-07-30 13:45:00+00:00,60,7,13,307.82470703125,0.0,0,0,0,0,0,0,0,0,0,0,0,0,0,0,0,0,1,1,1,1,1,1,1,1,1
2013-07-30 13:45:00+00:00,60,7,13,259.8562316894531,184.26873779296875,0,0,0,0,0,0,0,0,0,0,0,0,0,0,0,1,1,0,0,0,0,0,0,0,0
2013-07-30 13:45:00+00:00,60,7,13,,15.468656539916992,0,0,0,0,0,0,0,0,0,0,0,0,0,0,0,0,0,0,0,1,1,1,1,1,1
2013-07-30 13:45:00+00:00,60,7,13,,34.58290100097656,0,0,0,0,0,0,0,0,0,0,0,0,0,0,0,0,0,0,0,0,0,0,1,1,1
2013-07-30 13:45:00+00:00,60,7,13,361.2874755859375,246.7997283935547,0,0,0,0,0,0,0,0,0,0,0,0,0,0,0,0,0,0,0,0,0,0,0,0,0
2013-07-30 13:45:00+00:00,60,7,13,168.60118103027344,239.8573760986328,0,0,0,0,0,0,0,0,0,0,0,0,1,1,1,1,1,0,0,0,0,0,0,0,0
2013-07-30 13:45:00+00:00,60,7,13,,,0,0,0,0,0,0,0,0,0,0,0,0,0,0,0,0,0,0,0,0,0,0,0,0,0
2013-07-30 13:45:00+00:00,60,7,13,,,0,0,0,0,0,0,0,0,0,0,0,0,0,0,0,0,0,0,0,0,0,0,0,0,0
2013-07-30 13:45:00+00:00,60,7,13,,,0,0,0,0,0,0,0,0,0,0,0,0,0,0,0,0,0,0,0,0,0,0,0,0,0
2013-07-30 13:45:00+00:00,60,7,13,,,0,0,0,0,0,0,0,0,0,0,0,0,0,0,0,0,0,0,0,0,0,0,0,0,0
2013-07-30 14:00:00+00:00,60,7,14,404.05303955078125,270.5158996582031,0,0,0,0,0,0,0,0,0,0,0,0,0,0,0,0,0,0,0,0,0,0,0,0,0
2013-07-30 14:00:00+00:00,60,7,14,198.0657196044922,219.86343383789062,0,0,0,0,0,0,0,0,0,0,0,0,0,1,1,1,1,0,0,0,0,0,0,0,0
2013-07-30 14:00:00+00:00,60,7,14,130.50526428222656,281.2684020996094,0,0,0,0,0,0,0,0,0,0,0,1,1,1,1,1,1,0,0,0,0,0,0,0,0
2013-07-30 14:00:00+00:00,60,7,14,269.7066955566406,352.2267150878906,0,0,0,0,0,0,0,0,0,0,0,0,0,0,0,1,1,0,0,0,0,0,0,0,0
2013-07-30 14:00:00+00:00,60,7,14,319.99481201171875,129.75949096679688,0,0,0,0,0,0,0,0,0,0,0,0,0,0,0,0,1,0,0,0,0,0,0,0,0
2013-07-30 14:00:00+00:00,60,7,14,,359.6207580566406,0,0,0,0,0,0,0,0,0,0,0,0,0,0,0,0,0,0,0,0,0,0,0,0,0
2013-07-30 14:00:00+00:00,60,7,14,420.3917236328125,,0,0,0,0,0,0,0,0,0,0,0,0,0,0,0,0,0,0,0,0,0,0,0,0,0
2013-07-30 14:00:00+00:00,60,7,14,117.35551452636719,55.958892822265625,0,0,0,0,0,0,0,0,0,0,1,1,1,1,1,1,1,0,0,0,0,0,0,0,1
2013-07-30 14:00:00+00:00,60,7,14,318.94171142578125,124.60535430908203,0,0,0,0,0,0,0,0,0,0,0,0,0,0,0,0,1,0,0,0,0,0,0,0,0
2013-07-30 14:00:00+00:00,60,7,14,111.05589294433594,,0,0,0,0,0,0,0,0,0,0,1,1,1,1,1,1,1,0,0,0,0,0,0,0,0
2013-07-30 14:00:00+00:00,60,7,14,,122.53911590576172,0,0,0,0,0,0,0,0,0,0,0,0,0,0,0,0,0,0,0,0,0,0,0,0,0
2013-07-30 14:00:00+00:00,60,7,14,,9.615828514099121,0,0,0,0,0,0,0,0,0,0,0,0,0,0,0,0,0,1,1,1,1,1,1,1,1
2013-07-30 14:00:00+00:00,60,7,14,98.96659088134766,,0,0,0,0,0,0,0,0,0,1,1,1,1,1,1,1,1,0,0,0,0,0,0,0,0
2013-07-30 14:00:00+00:00,60,7,14,,,0,0,0,0,0,0,0,0,0,0,0,0,0,0,0,0,0,0,0,0,0,0,0,0,0
2013-07-30 14:00:00+00:00,60,7,14,,,0,0,0,0,0,0,0,0,0,0,0,0,0,0,0,0,0,0,0,0,0,0,0,0,0
2013-07-30 14:00:00+00:00,60,7,14,,,0,0,0,0,0,0,0,0,0,0,0,0,0,0,0,0,0,0,0,0,0,0,0,0,0
2013-07-30 14:00:00+00:00,60,7,14,,298.17230224609375,0,0,0,0,0,0,0,0,0,0,0,0,0,0,0,0,0,0,0,0,0,0,0,0,0
2013-07-30 14:00:00+00:00,60,7,14,,,0,0,0,0,0,0,0,0,0,0,0,0,0,0,0,0,0,0,0,0,0,0,0,0,0
2013-07-30 14:15:00+00:00,60,7,14,201.741455078125,166.35272216796875,0,0,0,0,0,0,0,0,0,0,0,0,0,0,1,1,1,0,0,0,0,0,0,0,0
2013-07-30 14:15:00+00:00,60,7,14,210.72000122070312,222.83790588378906,0,0,0,0,0,0,0,0,0,0,0,0,0,0,1,1,1,0,0,0,0,0,0,0,0
2013-07-30 14:15:00+00:00,60,7,14,239.3121795654297,284.09185791015625,0,0,0,0,0,0,0,0,0,0,0,0,0,0,1,1,1,0,0,0,0,0,0,0,0
2013-07-30 14:15:00+00:00,60,7,14,329.92376708984375,321.6898498535156,0,0,0,0,0,0,0,0,0,0,0,0,0,0,0,0,1,0,0,0,0,0,0,0,0
2013-07-30 14:15:00+00:00,60,7,14,327.6139831542969,310.5411071777344,0,0,0,0,0,0,0,0,0,0,0,0,0,0,0,0,1,0,0,0,0,0,0,0,0
2013-07-30 14:15:00+00:00,60,7,14,380.8238220214844,271.27734375,0,0,0,0,0,0,0,0,0,0,0,0,0,0,0,0,0,0,0,0,0,0,0,0,0
2013-07-30 14:15:00+00:00,60,7,14,208.08346557617188,145.87261962890625,0,0,0,0,0,0,0,0,0,0,0,0,0,0,1,1,1,0,0,0,0,0,0,0,0
2013-07-30 14:15:00+00:00,60,7,14,285.0430603027344,253.68821716308594,0,0,0,0,0,0,0,0,0,0,0,0,0,0,0,1,1,0,0,0,0,0,0,0,0
2013-07-30 14:15:00+00:00,60,7,14,132.1300048828125,47.775753021240234,0,0,0,0,0,0,0,0,0,0,0,1,1,1,1,1,1,0,0,0,0,0,0,1,1
2013-07-30 14:15:00+00:00,60,7,14,84.81812286376953,22.452838897705078,0,0,0,0,0,0,0,0,0,1,1,1,1,1,1,1,1,0,0,0,1,1,1,1,1
2013-07-30 14:15:00+00:00,60,7,14,95.76712799072266,116.25187683105469,0,0,0,0,0,0,0,0,0,1,1,1,1,1,1,1,1,0,0,0,0,0,0,0,0
2013-07-30 14:15:00+00:00,60,7,14,,,0,0,0,0,0,0,0,0,0,0,0,0,0,0,0,0,0,0,0,0,0,0,0,0,0
2013-07-30 14:15:00+00:00,60,7,14,,,0,0,0,0,0,0,0,0,0,0,0,0,0,0,0,0,0,0,0,0,0,0,0,0,0
2013-07-30 14:15:00+00:00,60,7,14,,,0,0,0,0,0,0,0,0,0,0,0,0,0,0,0,0,0,0,0,0,0,0,0,0,0
2013-07-30 14:30:00+00:00,60,7,14,216.8294677734375,137.24618530273438,0,0,0,0,0,0,0,0,0,0,0,0,0,0,1,1,1,0,0,0,0,0,0,0,0
2013-07-30 14:30:00+00:00,60,7,14,,,0,0,0,0,0,0,0,0,0,0,0,0,0,0,0,0,0,0,0,0,0,0,0,0,0
2013-07-30 14:30:00+00:00,60,7,14,67.60384368896484,76.65860748291016,0,0,0,0,0,0,0,0,1,1,1,1,1,1,1,1,1,0,0,0,0,0,0,0,0
2013-07-30 14:30:00+00:00,60,7,14,50.01594543457031,31.83040428161621,0,0,0,0,0,0,0,1,1,1,1,1,1,1,1,1,1,0,0,0,0,0,1,1,1
2013-07-30 14:30:00+00:00,60,7,14,276.4489440917969,273.879638671875,0,0,0,0,0,0,0,0,0,0,0,0,0,0,0,1,1,0,0,0,0,0,0,0,0
2013-07-30 14:30:00+00:00,60,7,14,129.23023986816406,137.97702026367188,0,0,0,0,0,0,0,0,0,0,0,1,1,1,1,1,1,0,0,0,0,0,0,0,0
2013-07-30 14:30:00+00:00,60,7,14,216.21109008789062,33.05531311035156,0,0,0,0,0,0,0,0,0,0,0,0,0,0,1,1,1,0,0,0,0,0,1,1,1
2013-07-30 14:30:00+00:00,60,7,14,158.88436889648438,250.0504913330078,0,0,0,0,0,0,0,0,0,0,0,0,1,1,1,1,1,0,0,0,0,0,0,0,0
2013-07-30 14:30:00+00:00,60,7,14,418.12890625,,0,0,0,0,0,0,0,0,0,0,0,0,0,0,0,0,0,0,0,0,0,0,0,0,0
2013-07-30 14:30:00+00:00,60,7,14,83.24583435058594,106.01765441894531,0,0,0,0,0,0,0,0,0,1,1,1,1,1,1,1,1,0,0,0,0,0,0,0,0
2013-07-30 14:30:00+00:00,60,7,14,,,0,0,0,0,0,0,0,0,0,0,0,0,0,0,0,0,0,0,0,0,0,0,0,0,0
2013-07-30 14:30:00+00:00,60,7,14,126.73790740966797,116.56465911865234,0,0,0,0,0,0,0,0,0,0,0,1,1,1,1,1,1,0,0,0,0,0,0,0,0
2013-07-30 14:30:00+00:00,60,7,14,,,0,0,0,0,0,0,0,0,0,0,0,0,0,0,0,0,0,0,0,0,0,0,0,0,0
2013-07-30 14:30:00+00:00,60,7,14,,,0,0,0,0,0,0,0,0,0,0,0,0,0,0,0,0,0,0,0,0,0,0,0,0,0
2013-07-30 14:30:00+00:00,60,7,14,,,0,0,0,0,0,0,0,0,0,0,0,0,0,0,0,0,0,0,0,0,0,0,0,0,0
2013-07-30 14:45:00+00:00,60,7,14,271.5492248535156,256.24114990234375,0,0,0,0,0,0,0,0,0,0,0,0,0,0,0,1,1,0,0,0,0,0,0,0,0
2013-07-30 14:45:00+00:00,60,7,14,292.779296875,264.5572814941406,0,0,0,0,0,0,0,0,0,0,0,0,0,0,0,1,1,0,0,0,0,0,0,0,0
2013-07-30 14:45:00+00:00,60,7,14,261.3023376464844,606.098876953125,0,0,0,0,0,0,0,0,0,0,0,0,0,0,0,1,1,0,0,0,0,0,0,0,0
2013-07-30 14:45:00+00:00,60,7,14,,,0,0,0,0,0,0,0,0,0,0,0,0,0,0,0,0,0,0,0,0,0,0,0,0,0
2013-07-30 14:45:00+00:00,60,7,14,101.20841979980469,119.04280090332031,0,0,0,0,0,0,0,0,0,0,1,1,1,1,1,1,1,0,0,0,0,0,0,0,0
2013-07-30 14:45:00+00:00,60,7,14,238.47421264648438,15.67922592163086,0,0,0,0,0,0,0,0,0,0,0,0,0,0,1,1,1,0,0,1,1,1,1,1,1
2013-07-30 14:45:00+00:00,60,7,14,264.324462890625,101.96781158447266,0,0,0,0,0,0,0,0,0,0,0,0,0,0,0,1,1,0,0,0,0,0,0,0,0
2013-07-30 14:45:00+00:00,60,7,14,,,0,0,0,0,0,0,0,0,0,0,0,0,0,0,0,0,0,0,0,0,0,0,0,0,0
2013-07-30 15:00:00+00:00,60,7,15,269.9307556152344,444.3556213378906,0,0,0,0,0,0,0,0,0,0,0,0,0,0,0,1,1,0,0,0,0,0,0,0,0
2013-07-30 15:00:00+00:00,60,7,15,369.5169982910156,413.8865661621094,0,0,0,0,0,0,0,0,0,0,0,0,0,0,0,0,0,0,0,0,0,0,0,0,0
2013-07-30 15:00:00+00:00,60,7,15,329.6114807128906,345.8923034667969,0,0,0,0,0,0,0,0,0,0,0,0,0,0,0,0,1,0,0,0,0,0,0,0,0
2013-07-30 15:00:00+00:00,60,7,15,41.0290641784668,351.48046875,0,0,0,0,0,0,1,1,1,1,1,1,1,1,1,1,1,0,0,0,0,0,0,0,0
2013-07-30 15:00:00+00:00,60,7,15,,,0,0,0,0,0,0,0,0,0,0,0,0,0,0,0,0,0,0,0,0,0,0,0,0,0
2013-07-30 15:00:00+00:00,60,7,15,239.81698608398438,148.42002868652344,0,0,0,0,0,0,0,0,0,0,0,0,0,0,1,1,1,0,0,0,0,0,0,0,0
2013-07-30 15:00:00+00:00,60,7,15,,283.431396484375,0,0,0,0,0,0,0,0,0,0,0,0,0,0,0,0,0,0,0,0,0,0,0,0,0
2013-07-30 15:00:00+00:00,60,7,15,,,0,0,0,0,0,0,0,0,0,0,0,0,0,0,0,0,0,0,0,0,0,0,0,0,0
2013-07-30 15:15:00+00:00,60,7,15,231.9202880859375,248.04953002929688,0,0,0,0,0,0,0,0,0,0,0,0,0,0,1,1,1,0,0,0,0,0,0,0,0
2013-07-30 15:15:00+00:00,60,7,15,166.8598175048828,170.20004272460938,0,0,0,0,0,0,0,0,0,0,0,0,1,1,1,1,1,0,0,0,0,0,0,0,0
2013-07-30 15:15:00+00:00,60,7,15,379.94158935546875,,0,0,0,0,0,0,0,0,0,0,0,0,0,0,0,0,0,0,0,0,0,0,0,0,0
2013-07-30 15:15:00+00:00,60,7,15,366.6533203125,365.630126953125,0,0,0,0,0,0,0,0,0,0,0,0,0,0,0,0,0,0,0,0,0,0,0,0,0
2013-07-30 15:15:00+00:00,60,7,15,312.9822998046875,66.77213287353516,0,0,0,0,0,0,0,0,0,0,0,0,0,0,0,0,1,0,0,0,0,0,0,0,0
2013-07-30 15:15:00+00:00,60,7,15,316.6627197265625,19.037281036376953,0,0,0,0,0,0,0,0,0,0,0,0,0,0,0,0,1,0,0,1,1,1,1,1,1
2013-07-30 15:15:00+00:00,60,7,15,,,0,0,0,0,0,0,0,0,0,0,0,0,0,0,0,0,0,0,0,0,0,0,0,0,0
2013-07-30 15:15:00+00:00,60,7,15,62.339534759521484,142.15191650390625,0,0,0,0,0,0,0,0,1,1,1,1,1,1,1,1,1,0,0,0,0,0,0,0,0
2013-07-30 15:15:00+00:00,60,7,15,,,0,0,0,0,0,0,0,0,0,0,0,0,0,0,0,0,0,0,0,0,0,0,0,0,0
2013-07-30 15:15:00+00:00,60,7,15,,,0,0,0,0,0,0,0,0,0,0,0,0,0,0,0,0,0,0,0,0,0,0,0,0,0
2013-07-30 15:15:00+00:00,60,7,15,,,0,0,0,0,0,0,0,0,0,0,0,0,0,0,0,0,0,0,0,0,0,0,0,0,0
2013-07-30 15:15:00+00:00,60,7,15,,,0,0,0,0,0,0,0,0,0,0,0,0,0,0,0,0,0,0,0,0,0,0,0,0,0
2013-07-30 15:30:00+00:00,60,7,15,354.0370178222656,,0,0,0,0,0,0,0,0,0,0,0,0,0,0,0,0,0,0,0,0,0,0,0,0,0
2013-07-30 15:30:00+00:00,60,7,15,330.9774475097656,300.4969482421875,0,0,0,0,0,0,0,0,0,0,0,0,0,0,0,0,1,0,0,0,0,0,0,0,0
2013-07-30 15:30:00+00:00,60,7,15,199.16067504882812,309.31549072265625,0,0,0,0,0,0,0,0,0,0,0,0,0,1,1,1,1,0,0,0,0,0,0,0,0
2013-07-30 15:30:00+00:00,60,7,15,230.22671508789062,258.6438293457031,0,0,0,0,0,0,0,0,0,0,0,0,0,0,1,1,1,0,0,0,0,0,0,0,0
2013-07-30 15:30:00+00:00,60,7,15,368.955078125,287.89508056640625,0,0,0,0,0,0,0,0,0,0,0,0,0,0,0,0,0,0,0,0,0,0,0,0,0
2013-07-30 15:30:00+00:00,60,7,15,53.656925201416016,146.80685424804688,0,0,0,0,0,0,0,1,1,1,1,1,1,1,1,1,1,0,0,0,0,0,0,0,0
2013-07-30 15:30:00+00:00,60,7,15,356.08380126953125,55.03593826293945,0,0,0,0,0,0,0,0,0,0,0,0,0,0,0,0,0,0,0,0,0,0,0,0,1
2013-07-30 15:30:00+00:00,60,7,15,330.7349548339844,322.3282775878906,0,0,0,0,0,0,0,0,0,0,0,0,0,0,0,0,1,0,0,0,0,0,0,0,0
2013-07-30 15:30:00+00:00,60,7,15,321.21612548828125,136.55767822265625,0,0,0,0,0,0,0,0,0,0,0,0,0,0,0,0,1,0,0,0,0,0,0,0,0
2013-07-30 15:30:00+00:00,60,7,15,438.593994140625,122.68376922607422,0,0,0,0,0,0,0,0,0,0,0,0,0,0,0,0,0,0,0,0,0,0,0,0,0
2013-07-30 15:30:00+00:00,60,7,15,,,0,0,0,0,0,0,0,0,0,0,0,0,0,0,0,0,0,0,0,0,0,0,0,0,0
2013-07-30 15:30:00+00:00,60,7,15,310.4698181152344,295.04608154296875,0,0,0,0,0,0,0,0,0,0,0,0,0,0,0,0,1,0,0,0,0,0,0,0,0
2013-07-30 15:30:00+00:00,60,7,15,,,0,0,0,0,0,0,0,0,0,0,0,0,0,0,0,0,0,0,0,0,0,0,0,0,0
2013-07-30 15:30:00+00:00,60,7,15,,,0,0,0,0,0,0,0,0,0,0,0,0,0,0,0,0,0,0,0,0,0,0,0,0,0
2013-07-30 15:45:00+00:00,60,7,15,163.7721710205078,137.3426055908203,0,0,0,0,0,0,0,0,0,0,0,0,1,1,1,1,1,0,0,0,0,0,0,0,0
2013-07-30 15:45:00+00:00,60,7,15,578.84814453125,177.9770965576172,0,0,0,0,0,0,0,0,0,0,0,0,0,0,0,0,0,0,0,0,0,0,0,0,0
2013-07-30 15:45:00+00:00,60,7,15,239.95458984375,213.27392578125,0,0,0,0,0,0,0,0,0,0,0,0,0,0,1,1,1,0,0,0,0,0,0,0,0
2013-07-30 15:45:00+00:00,60,7,15,43.30293655395508,148.20401000976562,0,0,0,0,0,0,1,1,1,1,1,1,1,1,1,1,1,0,0,0,0,0,0,0,0
2013-07-30 15:45:00+00:00,60,7,15,81.47730255126953,54.92306137084961,0,0,0,0,0,0,0,0,0,1,1,1,1,1,1,1,1,0,0,0,0,0,0,0,1
2013-07-30 15:45:00+00:00,60,7,15,62.74696350097656,102.82316589355469,0,0,0,0,0,0,0,0,1,1,1,1,1,1,1,1,1,0,0,0,0,0,0,0,0
2013-07-30 15:45:00+00:00,60,7,15,247.5005645751953,122.03005981445312,0,0,0,0,0,0,0,0,0,0,0,0,0,0,1,1,1,0,0,0,0,0,0,0,0
2013-07-30 15:45:00+00:00,60,7,15,377.0299377441406,56.75821304321289,0,0,0,0,0,0,0,0,0,0,0,0,0,0,0,0,0,0,0,0,0,0,0,0,1
2013-07-30 15:45:00+00:00,60,7,15,114.1481704711914,269.1314697265625,0,0,0,0,0,0,0,0,0,0,1,1,1,1,1,1,1,0,0,0,0,0,0,0,0
2013-07-30 15:45:00+00:00,60,7,15,195.58396911621094,290.0747375488281,0,0,0,0,0,0,0,0,0,0,0,0,0,1,1,1,1,0,0,0,0,0,0,0,0
2013-07-30 15:45:00+00:00,60,7,15,,,0,0,0,0,0,0,0,0,0,0,0,0,0,0,0,0,0,0,0,0,0,0,0,0,0
2013-07-30 15:45:00+00:00,60,7,15,320.6893005371094,,0,0,0,0,0,0,0,0,0,0,0,0,0,0,0,0,1,0,0,0,0,0,0,0,0
2013-07-30 15:45:00+00:00,60,7,15,,,0,0,0,0,0,0,0,0,0,0,0,0,0,0,0,0,0,0,0,0,0,0,0,0,0
2013-07-30 16:00:00+00:00,60,7,16,169.82810974121094,151.97471618652344,0,0,0,0,0,0,0,0,0,0,0,0,1,1,1,1,1,0,0,0,0,0,0,0,0
2013-07-30 16:00:00+00:00,60,7,16,146.13873291015625,230.15313720703125,0,0,0,0,0,0,0,0,0,0,0,1,1,1,1,1,1,0,0,0,0,0,0,0,0
2013-07-30 16:00:00+00:00,60,7,16,,134.9618682861328,0,0,0,0,0,0,0,0,0,0,0,0,0,0,0,0,0,0,0,0,0,0,0,0,0
2013-07-30 16:00:00+00:00,60,7,16,,319.5124206542969,0,0,0,0,0,0,0,0,0,0,0,0,0,0,0,0,0,0,0,0,0,0,0,0,0
2013-07-30 16:00:00+00:00,60,7,16,,370.9922790527344,0,0,0,0,0,0,0,0,0,0,0,0,0,0,0,0,0,0,0,0,0,0,0,0,0
2013-07-30 16:00:00+00:00,60,7,16,242.94488525390625,,0,0,0,0,0,0,0,0,0,0,0,0,0,0,1,1,1,0,0,0,0,0,0,0,0
2013-07-30 16:15:00+00:00,60,7,16,204.51930236816406,184.9188690185547,0,0,0,0,0,0,0,0,0,0,0,0,0,0,1,1,1,0,0,0,0,0,0,0,0
2013-07-30 16:15:00+00:00,60,7,16,42.567588806152344,164.83462524414062,0,0,0,0,0,0,1,1,1,1,1,1,1,1,1,1,1,0,0,0,0,0,0,0,0
2013-07-30 16:15:00+00:00,60,7,16,153.47625732421875,,0,0,0,0,0,0,0,0,0,0,0,0,1,1,1,1,1,0,0,0,0,0,0,0,0
2013-07-30 16:15:00+00:00,60,7,16,499.6195068359375,129.92483520507812,0,0,0,0,0,0,0,0,0,0,0,0,0,0,0,0,0,0,0,0,0,0,0,0,0
2013-07-30 16:15:00+00:00,60,7,16,360.4386901855469,395.82861328125,0,0,0,0,0,0,0,0,0,0,0,0,0,0,0,0,0,0,0,0,0,0,0,0,0
2013-07-30 16:15:00+00:00,60,7,16,98.5889663696289,270.1909484863281,0,0,0,0,0,0,0,0,0,1,1,1,1,1,1,1,1,0,0,0,0,0,0,0,0
2013-07-30 16:15:00+00:00,60,7,16,,218.47390747070312,0,0,0,0,0,0,0,0,0,0,0,0,0,0,0,0,0,0,0,0,0,0,0,0,0
2013-07-30 16:15:00+00:00,60,7,16,85.021240234375,30.405763626098633,0,0,0,0,0,0,0,0,0,1,1,1,1,1,1,1,1,0,0,0,0,0,1,1,1
2013-07-30 16:15:00+00:00,60,7,16,81.94143676757812,77.25570678710938,0,0,0,0,0,0,0,0,0,1,1,1,1,1,1,1,1,0,0,0,0,0,0,0,0
2013-07-30 16:15:00+00:00,60,7,16,92.95585632324219,31.87649917602539,0,0,0,0,0,0,0,0,0,1,1,1,1,1,1,1,1,0,0,0,0,0,1,1,1
2013-07-30 16:15:00+00:00,60,7,16,383.7877502441406,252.15464782714844,0,0,0,0,0,0,0,0,0,0,0,0,0,0,0,0,0,0,0,0,0,0,0,0,0
2013-07-30 16:15:00+00:00,60,7,16,,,0,0,0,0,0,0,0,0,0,0,0,0,0,0,0,0,0,0,0,0,0,0,0,0,0
2013-07-30 16:15:00+00:00,60,7,16,,,0,0,0,0,0,0,0,0,0,0,0,0,0,0,0,0,0,0,0,0,0,0,0,0,0
2013-07-30 16:15:00+00:00,60,7,16,,,0,0,0,0,0,0,0,0,0,0,0,0,0,0,0,0,0,0,0,0,0,0,0,0,0
2013-07-30 16:30:00+00:00,60,7,16,302.7814025878906,164.00961303710938,0,0,0,0,0,0,0,0,0,0,0,0,0,0,0,0,1,0,0,0,0,0,0,0,0
2013-07-30 16:30:00+00:00,60,7,16,78.97881317138672,9.639399528503418,0,0,0,0,0,0,0,0,1,1,1,1,1,1,1,1,1,1,1,1,1,1,1,1,1
2013-07-30 16:30:00+00:00,60,7,16,,39.24372482299805,0,0,0,0,0,0,0,0,0,0,0,0,0,0,0,0,0,0,0,0,0,0,1,1,1
2013-07-30 16:30:00+00:00,60,7,16,246.2589111328125,58.49281692504883,0,0,0,0,0,0,0,0,0,0,0,0,0,0,1,1,1,0,0,0,0,0,0,0,1
2013-07-30 16:30:00+00:00,60,7,16,,,0,0,0,0,0,0,0,0,0,0,0,0,0,0,0,0,0,0,0,0,0,0,0,0,0
2013-07-30 16:30:00+00:00,60,7,16,,,0,0,0,0,0,0,0,0,0,0,0,0,0,0,0,0,0,0,0,0,0,0,0,0,0
2013-07-30 16:30:00+00:00,60,7,16,,,0,0,0,0,0,0,0,0,0,0,0,0,0,0,0,0,0,0,0,0,0,0,0,0,0
2013-07-30 16:45:00+00:00,60,7,16,321.2528381347656,311.4906921386719,0,0,0,0,0,0,0,0,0,0,0,0,0,0,0,0,1,0,0,0,0,0,0,0,0
2013-07-30 16:45:00+00:00,60,7,16,358.3526611328125,520.2798461914062,0,0,0,0,0,0,0,0,0,0,0,0,0,0,0,0,0,0,0,0,0,0,0,0,0
2013-07-30 16:45:00+00:00,60,7,16,372.9315185546875,251.83761596679688,0,0,0,0,0,0,0,0,0,0,0,0,0,0,0,0,0,0,0,0,0,0,0,0,0
2013-07-30 17:00:00+00:00,60,7,17,187.75392150878906,,0,0,0,0,0,0,0,0,0,0,0,0,0,1,1,1,1,0,0,0,0,0,0,0,0
2013-07-30 17:00:00+00:00,60,7,17,96.00206756591797,71.1641616821289,0,0,0,0,0,0,0,0,0,1,1,1,1,1,1,1,1,0,0,0,0,0,0,0,0
2013-07-30 17:00:00+00:00,60,7,17,118.05842590332031,124.84053039550781,0,0,0,0,0,0,0,0,0,0,1,1,1,1,1,1,1,0,0,0,0,0,0,0,0
2013-07-30 17:00:00+00:00,60,7,17,52.55564880371094,12.923276901245117,0,0,0,0,0,0,0,1,1,1,1,1,1,1,1,1,1,0,1,1,1,1,1,1,1
2013-07-30 17:15:00+00:00,60,7,17,473.4418640136719,368.0975646972656,0,0,0,0,0,0,0,0,0,0,0,0,0,0,0,0,0,0,0,0,0,0,0,0,0
2013-07-30 17:15:00+00:00,60,7,17,73.177001953125,39.14032745361328,0,0,0,0,0,0,0,0,1,1,1,1,1,1,1,1,1,0,0,0,0,0,1,1,1
2013-07-30 17:15:00+00:00,60,7,17,144.81935119628906,108.03685760498047,0,0,0,0,0,0,0,0,0,0,0,1,1,1,1,1,1,0,0,0,0,0,0,0,0
2013-07-30 17:15:00+00:00,60,7,17,36.26508331298828,0.0,0,0,0,0,0,1,1,1,1,1,1,1,1,1,1,1,1,1,1,1,1,1,1,1,1
2013-07-30 17:15:00+00:00,60,7,17,96.89742279052734,388.6722717285156,0,0,0,0,0,0,0,0,0,1,1,1,1,1,1,1,1,0,0,0,0,0,0,0,0
2013-07-30 17:30:00+00:00,60,7,17,,43.524375915527344,0,0,0,0,0,0,0,0,0,0,0,0,0,0,0,0,0,0,0,0,0,0,0,1,1
2013-07-30 17:30:00+00:00,60,7,17,164.97344970703125,267.46307373046875,0,0,0,0,0,0,0,0,0,0,0,0,1,1,1,1,1,0,0,0,0,0,0,0,0
2013-07-30 17:30:00+00:00,60,7,17,404.29833984375,358.95361328125,0,0,0,0,0,0,0,0,0,0,0,0,0,0,0,0,0,0,0,0,0,0,0,0,0
2013-07-30 17:30:00+00:00,60,7,17,261.8353271484375,244.7203369140625,0,0,0,0,0,0,0,0,0,0,0,0,0,0,0,1,1,0,0,0,0,0,0,0,0
2013-07-30 17:30:00+00:00,60,7,17,339.0978698730469,315.4420166015625,0,0,0,0,0,0,0,0,0,0,0,0,0,0,0,0,1,0,0,0,0,0,0,0,0
2013-07-30 17:30:00+00:00,60,7,17,,,0,0,0,0,0,0,0,0,0,0,0,0,0,0,0,0,0,0,0,0,0,0,0,0,0
2013-07-30 17:45:00+00:00,60,7,17,297.127197265625,406.7574462890625,0,0,0,0,0,0,0,0,0,0,0,0,0,0,0,1,1,0,0,0,0,0,0,0,0
2013-07-30 17:45:00+00:00,60,7,17,304.1576843261719,358.15838623046875,0,0,0,0,0,0,0,0,0,0,0,0,0,0,0,0,1,0,0,0,0,0,0,0,0
2013-07-30 17:45:00+00:00,60,7,17,397.521728515625,381.8270568847656,0,0,0,0,0,0,0,0,0,0,0,0,0,0,0,0,0,0,0,0,0,0,0,0,0
2013-07-30 17:45:00+00:00,60,7,17,162.9226531982422,183.24403381347656,0,0,0,0,0,0,0,0,0,0,0,0,1,1,1,1,1,0,0,0,0,0,0,0,0
2013-07-30 17:45:00+00:00,60,7,17,,,0,0,0,0,0,0,0,0,0,0,0,0,0,0,0,0,0,0,0,0,0,0,0,0,0
2013-07-31 10:00:00+00:00,60,7,10,,,0,0,0,0,0,0,0,0,0,0,0,0,0,0,0,0,0,0,0,0,0,0,0,0,0
2013-07-31 10:00:00+00:00,60,7,10,,,0,0,0,0,0,0,0,0,0,0,0,0,0,0,0,0,0,0,0,0,0,0,0,0,0
2013-07-31 10:00:00+00:00,60,7,10,,,0,0,0,0,0,0,0,0,0,0,0,0,0,0,0,0,0,0,0,0,0,0,0,0,0
2013-07-31 10:00:00+00:00,60,7,10,,,0,0,0,0,0,0,0,0,0,0,0,0,0,0,0,0,0,0,0,0,0,0,0,0,0
2013-07-31 10:00:00+00:00,60,7,10,,,0,0,0,0,0,0,0,0,0,0,0,0,0,0,0,0,0,0,0,0,0,0,0,0,0
2013-07-31 10:00:00+00:00,60,7,10,,154.115234375,0,0,0,0,0,0,0,0,0,0,0,0,0,0,0,0,0,0,0,0,0,0,0,0,0
2013-07-31 10:00:00+00:00,60,7,10,165.51380920410156,76.30157470703125,0,0,0,0,0,0,0,0,0,0,0,0,1,1,1,1,1,0,0,0,0,0,0,0,0
2013-07-31 10:00:00+00:00,60,7,10,,72.96719360351562,0,0,0,0,0,0,0,0,0,0,0,0,0,0,0,0,0,0,0,0,0,0,0,0,0
2013-07-31 10:15:00+00:00,60,7,10,,,0,0,0,0,0,0,0,0,0,0,0,0,0,0,0,0,0,0,0,0,0,0,0,0,0
2013-07-31 10:15:00+00:00,60,7,10,,,0,0,0,0,0,0,0,0,0,0,0,0,0,0,0,0,0,0,0,0,0,0,0,0,0
2013-07-31 10:15:00+00:00,60,7,10,,,0,0,0,0,0,0,0,0,0,0,0,0,0,0,0,0,0,0,0,0,0,0,0,0,0
2013-07-31 10:15:00+00:00,60,7,10,,,0,0,0,0,0,0,0,0,0,0,0,0,0,0,0,0,0,0,0,0,0,0,0,0,0
2013-07-31 10:30:00+00:00,60,7,10,,254.61981201171875,0,0,0,0,0,0,0,0,0,0,0,0,0,0,0,0,0,0,0,0,0,0,0,0,0
2013-07-31 10:30:00+00:00,60,7,10,,114.6015396118164,0,0,0,0,0,0,0,0,0,0,0,0,0,0,0,0,0,0,0,0,0,0,0,0,0
2013-07-31 10:30:00+00:00,60,7,10,,130.93858337402344,0,0,0,0,0,0,0,0,0,0,0,0,0,0,0,0,0,0,0,0,0,0,0,0,0
2013-07-31 10:30:00+00:00,60,7,10,,93.88542938232422,0,0,0,0,0,0,0,0,0,0,0,0,0,0,0,0,0,0,0,0,0,0,0,0,0
2013-07-31 10:30:00+00:00,60,7,10,,,0,0,0,0,0,0,0,0,0,0,0,0,0,0,0,0,0,0,0,0,0,0,0,0,0
2013-07-31 10:30:00+00:00,60,7,10,,,0,0,0,0,0,0,0,0,0,0,0,0,0,0,0,0,0,0,0,0,0,0,0,0,0
2013-07-31 10:30:00+00:00,60,7,10,,400.37115478515625,0,0,0,0,0,0,0,0,0,0,0,0,0,0,0,0,0,0,0,0,0,0,0,0,0
2013-07-31 10:30:00+00:00,60,7,10,,252.3282928466797,0,0,0,0,0,0,0,0,0,0,0,0,0,0,0,0,0,0,0,0,0,0,0,0,0
2013-07-31 10:30:00+00:00,60,7,10,,316.1784362792969,0,0,0,0,0,0,0,0,0,0,0,0,0,0,0,0,0,0,0,0,0,0,0,0,0
2013-07-31 10:30:00+00:00,60,7,10,,402.79010009765625,0,0,0,0,0,0,0,0,0,0,0,0,0,0,0,0,0,0,0,0,0,0,0,0,0
2013-07-31 10:45:00+00:00,60,7,10,,267.4723815917969,0,0,0,0,0,0,0,0,0,0,0,0,0,0,0,0,0,0,0,0,0,0,0,0,0
2013-07-31 10:45:00+00:00,60,7,10,,,0,0,0,0,0,0,0,0,0,0,0,0,0,0,0,0,0,0,0,0,0,0,0,0,0
2013-07-31 10:45:00+00:00,60,7,10,,210.254150390625,0,0,0,0,0,0,0,0,0,0,0,0,0,0,0,0,0,0,0,0,0,0,0,0,0
2013-07-31 10:45:00+00:00,60,7,10,,23.571613311767578,0,0,0,0,0,0,0,0,0,0,0,0,0,0,0,0,0,0,0,0,1,1,1,1,1
2013-07-31 10:45:00+00:00,60,7,10,,,0,0,0,0,0,0,0,0,0,0,0,0,0,0,0,0,0,0,0,0,0,0,0,0,0
2013-07-31 10:45:00+00:00,60,7,10,,,0,0,0,0,0,0,0,0,0,0,0,0,0,0,0,0,0,0,0,0,0,0,0,0,0
2013-07-31 10:45:00+00:00,60,7,10,,,0,0,0,0,0,0,0,0,0,0,0,0,0,0,0,0,0,0,0,0,0,0,0,0,0
2013-07-31 10:45:00+00:00,60,7,10,,476.80096435546875,0,0,0,0,0,0,0,0,0,0,0,0,0,0,0,0,0,0,0,0,0,0,0,0,0
2013-07-31 10:45:00+00:00,60,7,10,341.6778259277344,258.5322265625,0,0,0,0,0,0,0,0,0,0,0,0,0,0,0,0,1,0,0,0,0,0,0,0,0
2013-07-31 10:45:00+00:00,60,7,10,311.9681396484375,230.28953552246094,0,0,0,0,0,0,0,0,0,0,0,0,0,0,0,0,1,0,0,0,0,0,0,0,0
2013-07-31 10:45:00+00:00,60,7,10,605.7752685546875,98.8343505859375,0,0,0,0,0,0,0,0,0,0,0,0,0,0,0,0,0,0,0,0,0,0,0,0,0
2013-07-31 10:45:00+00:00,60,7,10,457.89263916015625,94.30113983154297,0,0,0,0,0,0,0,0,0,0,0,0,0,0,0,0,0,0,0,0,0,0,0,0,0
2013-07-31 10:45:00+00:00,60,7,10,,158.2990264892578,0,0,0,0,0,0,0,0,0,0,0,0,0,0,0,0,0,0,0,0,0,0,0,0,0
2013-07-31 10:45:00+00:00,60,7,10,,,0,0,0,0,0,0,0,0,0,0,0,0,0,0,0,0,0,0,0,0,0,0,0,0,0
2013-07-31 11:00:00+00:00,60,7,11,,,0,0,0,0,0,0,0,0,0,0,0,0,0,0,0,0,0,0,0,0,0,0,0,0,0
2013-07-31 11:00:00+00:00,60,7,11,,,0,0,0,0,0,0,0,0,0,0,0,0,0,0,0,0,0,0,0,0,0,0,0,0,0
2013-07-31 11:00:00+00:00,60,7,11,,464.6343688964844,0,0,0,0,0,0,0,0,0,0,0,0,0,0,0,0,0,0,0,0,0,0,0,0,0
2013-07-31 11:00:00+00:00,60,7,11,,204.20008850097656,0,0,0,0,0,0,0,0,0,0,0,0,0,0,0,0,0,0,0,0,0,0,0,0,0
2013-07-31 11:00:00+00:00,60,7,11,,206.54920959472656,0,0,0,0,0,0,0,0,0,0,0,0,0,0,0,0,0,0,0,0,0,0,0,0,0
2013-07-31 11:00:00+00:00,60,7,11,537.24365234375,303.06146240234375,0,0,0,0,0,0,0,0,0,0,0,0,0,0,0,0,0,0,0,0,0,0,0,0,0
2013-07-31 11:00:00+00:00,60,7,11,348.0447998046875,292.50933837890625,0,0,0,0,0,0,0,0,0,0,0,0,0,0,0,0,1,0,0,0,0,0,0,0,0
2013-07-31 11:00:00+00:00,60,7,11,398.2098693847656,169.54409790039062,0,0,0,0,0,0,0,0,0,0,0,0,0,0,0,0,0,0,0,0,0,0,0,0,0
2013-07-31 11:00:00+00:00,60,7,11,216.95480346679688,113.81341552734375,0,0,0,0,0,0,0,0,0,0,0,0,0,0,1,1,1,0,0,0,0,0,0,0,0
2013-07-31 11:00:00+00:00,60,7,11,,135.56871032714844,0,0,0,0,0,0,0,0,0,0,0,0,0,0,0,0,0,0,0,0,0,0,0,0,0
2013-07-31 11:00:00+00:00,60,7,11,279.788818359375,141.21897888183594,0,0,0,0,0,0,0,0,0,0,0,0,0,0,0,1,1,0,0,0,0,0,0,0,0
2013-07-31 11:00:00+00:00,60,7,11,,344.2309875488281,0,0,0,0,0,0,0,0,0,0,0,0,0,0,0,0,0,0,0,0,0,0,0,0,0
2013-07-31 11:00:00+00:00,60,7,11,233.63099670410156,240.8049774169922,0,0,0,0,0,0,0,0,0,0,0,0,0,0,1,1,1,0,0,0,0,0,0,0,0
2013-07-31 11:15:00+00:00,60,7,11,,241.4268035888672,0,0,0,0,0,0,0,0,0,0,0,0,0,0,0,0,0,0,0,0,0,0,0,0,0
2013-07-31 11:15:00+00:00,60,7,11,,,0,0,0,0,0,0,0,0,0,0,0,0,0,0,0,0,0,0,0,0,0,0,0,0,0
2013-07-31 11:15:00+00:00,60,7,11,,,0,0,0,0,0,0,0,0,0,0,0,0,0,0,0,0,0,0,0,0,0,0,0,0,0
2013-07-31 11:15:00+00:00,60,7,11,,,0,0,0,0,0,0,0,0,0,0,0,0,0,0,0,0,0,0,0,0,0,0,0,0,0
2013-07-31 11:15:00+00:00,60,7,11,,232.8318328857422,0,0,0,0,0,0,0,0,0,0,0,0,0,0,0,0,0,0,0,0,0,0,0,0,0
2013-07-31 11:15:00+00:00,60,7,11,,254.9822540283203,0,0,0,0,0,0,0,0,0,0,0,0,0,0,0,0,0,0,0,0,0,0,0,0,0
2013-07-31 11:15:00+00:00,60,7,11,,303.7793884277344,0,0,0,0,0,0,0,0,0,0,0,0,0,0,0,0,0,0,0,0,0,0,0,0,0
2013-07-31 11:15:00+00:00,60,7,11,,19.3502140045166,0,0,0,0,0,0,0,0,0,0,0,0,0,0,0,0,0,0,0,1,1,1,1,1,1
2013-07-31 11:15:00+00:00,60,7,11,689.8600463867188,638.7271728515625,0,0,0,0,0,0,0,0,0,0,0,0,0,0,0,0,0,0,0,0,0,0,0,0,0
2013-07-31 11:15:00+00:00,60,7,11,94.04439544677734,58.76321029663086,0,0,0,0,0,0,0,0,0,1,1,1,1,1,1,1,1,0,0,0,0,0,0,0,1
2013-07-31 11:15:00+00:00,60,7,11,67.96363830566406,29.454059600830078,0,0,0,0,0,0,0,0,1,1,1,1,1,1,1,1,1,0,0,0,0,1,1,1,1
2013-07-31 11:15:00+00:00,60,7,11,224.3610382080078,213.25807189941406,0,0,0,0,0,0,0,0,0,0,0,0,0,0,1,1,1,0,0,0,0,0,0,0,0
2013-07-31 11:15:00+00:00,60,7,11,315.1988220214844,366.7845458984375,0,0,0,0,0,0,0,0,0,0,0,0,0,0,0,0,1,0,0,0,0,0,0,0,0
2013-07-31 11:30:00+00:00,60,7,11,,,0,0,0,0,0,0,0,0,0,0,0,0,0,0,0,0,0,0,0,0,0,0,0,0,0
2013-07-31 11:30:00+00:00,60,7,11,,19.48508071899414,0,0,0,0,0,0,0,0,0,0,0,0,0,0,0,0,0,0,0,1,1,1,1,1,1
2013-07-31 11:30:00+00:00,60,7,11,,,0,0,0,0,0,0,0,0,0,0,0,0,0,0,0,0,0,0,0,0,0,0,0,0,0
2013-07-31 11:30:00+00:00,60,7,11,,156.04315185546875,0,0,0,0,0,0,0,0,0,0,0,0,0,0,0,0,0,0,0,0,0,0,0,0,0
2013-07-31 11:30:00+00:00,60,7,11,,19.553890228271484,0,0,0,0,0,0,0,0,0,0,0,0,0,0,0,0,0,0,0,1,1,1,1,1,1
2013-07-31 11:30:00+00:00,60,7,11,,11.159366607666016,0,0,0,0,0,0,0,0,0,0,0,0,0,0,0,0,0,0,1,1,1,1,1,1,1
2013-07-31 11:30:00+00:00,60,7,11,,314.6383972167969,0,0,0,0,0,0,0,0,0,0,0,0,0,0,0,0,0,0,0,0,0,0,0,0,0
2013-07-31 11:30:00+00:00,60,7,11,,,0,0,0,0,0,0,0,0,0,0,0,0,0,0,0,0,0,0,0,0,0,0,0,0,0
2013-07-31 11:30:00+00:00,60,7,11,634.1724243164062,547.9412841796875,0,0,0,0,0,0,0,0,0,0,0,0,0,0,0,0,0,0,0,0,0,0,0,0,0
2013-07-31 11:30:00+00:00,60,7,11,745.669677734375,530.330810546875,0,0,0,0,0,0,0,0,0,0,0,0,0,0,0,0,0,0,0,0,0,0,0,0,0
2013-07-31 11:30:00+00:00,60,7,11,421.9720764160156,302.7962646484375,0,0,0,0,0,0,0,0,0,0,0,0,0,0,0,0,0,0,0,0,0,0,0,0,0
2013-07-31 11:30:00+00:00,60,7,11,83.75232696533203,60.75273895263672,0,0,0,0,0,0,0,0,0,1,1,1,1,1,1,1,1,0,0,0,0,0,0,0,0
2013-07-31 11:30:00+00:00,60,7,11,158.47174072265625,223.66744995117188,0,0,0,0,0,0,0,0,0,0,0,0,1,1,1,1,1,0,0,0,0,0,0,0,0
2013-07-31 11:30:00+00:00,60,7,11,,,0,0,0,0,0,0,0,0,0,0,0,0,0,0,0,0,0,0,0,0,0,0,0,0,0
2013-07-31 11:30:00+00:00,60,7,11,75.81539154052734,167.8159942626953,0,0,0,0,0,0,0,0,1,1,1,1,1,1,1,1,1,0,0,0,0,0,0,0,0
2013-07-31 11:30:00+00:00,60,7,11,337.979248046875,259.518798828125,0,0,0,0,0,0,0,0,0,0,0,0,0,0,0,0,1,0,0,0,0,0,0,0,0
2013-07-31 11:45:00+00:00,60,7,11,,,0,0,0,0,0,0,0,0,0,0,0,0,0,0,0,0,0,0,0,0,0,0,0,0,0
2013-07-31 11:45:00+00:00,60,7,11,,,0,0,0,0,0,0,0,0,0,0,0,0,0,0,0,0,0,0,0,0,0,0,0,0,0
2013-07-31 11:45:00+00:00,60,7,11,,,0,0,0,0,0,0,0,0,0,0,0,0,0,0,0,0,0,0,0,0,0,0,0,0,0
2013-07-31 11:45:00+00:00,60,7,11,,,0,0,0,0,0,0,0,0,0,0,0,0,0,0,0,0,0,0,0,0,0,0,0,0,0
2013-07-31 11:45:00+00:00,60,7,11,,155.25692749023438,0,0,0,0,0,0,0,0,0,0,0,0,0,0,0,0,0,0,0,0,0,0,0,0,0
2013-07-31 11:45:00+00:00,60,7,11,,0.0,0,0,0,0,0,0,0,0,0,0,0,0,0,0,0,0,0,1,1,1,1,1,1,1,1
2013-07-31 11:45:00+00:00,60,7,11,361.884521484375,389.9388427734375,0,0,0,0,0,0,0,0,0,0,0,0,0,0,0,0,0,0,0,0,0,0,0,0,0
2013-07-31 11:45:00+00:00,60,7,11,279.19110107421875,307.3984680175781,0,0,0,0,0,0,0,0,0,0,0,0,0,0,0,1,1,0,0,0,0,0,0,0,0
2013-07-31 11:45:00+00:00,60,7,11,331.156494140625,409.64404296875,0,0,0,0,0,0,0,0,0,0,0,0,0,0,0,0,1,0,0,0,0,0,0,0,0
2013-07-31 11:45:00+00:00,60,7,11,279.0881652832031,273.7703857421875,0,0,0,0,0,0,0,0,0,0,0,0,0,0,0,1,1,0,0,0,0,0,0,0,0
2013-07-31 11:45:00+00:00,60,7,11,93.3516616821289,56.74696350097656,0,0,0,0,0,0,0,0,0,1,1,1,1,1,1,1,1,0,0,0,0,0,0,0,1
2013-07-31 11:45:00+00:00,60,7,11,198.08018493652344,65.02819061279297,0,0,0,0,0,0,0,0,0,0,0,0,0,1,1,1,1,0,0,0,0,0,0,0,0
2013-07-31 11:45:00+00:00,60,7,11,99.24398803710938,176.00209045410156,0,0,0,0,0,0,0,0,0,1,1,1,1,1,1,1,1,0,0,0,0,0,0,0,0
2013-07-31 11:45:00+00:00,60,7,11,501.22064208984375,564.7633666992188,0,0,0,0,0,0,0,0,0,0,0,0,0,0,0,0,0,0,0,0,0,0,0,0,0
2013-07-31 11:45:00+00:00,60,7,11,293.5201721191406,264.932861328125,0,0,0,0,0,0,0,0,0,0,0,0,0,0,0,1,1,0,0,0,0,0,0,0,0
2013-07-31 12:00:00+00:00,60,7,12,279.732666015625,72.02445983886719,0,0,0,0,0,0,0,0,0,0,0,0,0,0,0,1,1,0,0,0,0,0,0,0,0
2013-07-31 12:00:00+00:00,60,7,12,,,0,0,0,0,0,0,0,0,0,0,0,0,0,0,0,0,0,0,0,0,0,0,0,0,0
2013-07-31 12:00:00+00:00,60,7,12,,,0,0,0,0,0,0,0,0,0,0,0,0,0,0,0,0,0,0,0,0,0,0,0,0,0
2013-07-31 12:00:00+00:00,60,7,12,416.9075927734375,299.93365478515625,0,0,0,0,0,0,0,0,0,0,0,0,0,0,0,0,0,0,0,0,0,0,0,0,0
2013-07-31 12:00:00+00:00,60,7,12,136.5338592529297,6.356008529663086,0,0,0,0,0,0,0,0,0,0,0,1,1,1,1,1,1,1,1,1,1,1,1,1,1
2013-07-31 12:00:00+00:00,60,7,12,143.05001831054688,9.585914611816406,0,0,0,0,0,0,0,0,0,0,0,1,1,1,1,1,1,1,1,1,1,1,1,1,1
2013-07-31 12:00:00+00:00,60,7,12,159.65042114257812,143.39450073242188,0,0,0,0,0,0,0,0,0,0,0,0,1,1,1,1,1,0,0,0,0,0,0,0,0
2013-07-31 12:00:00+00:00,60,7,12,188.00547790527344,367.1233215332031,0,0,0,0,0,0,0,0,0,0,0,0,0,1,1,1,1,0,0,0,0,0,0,0,0
2013-07-31 12:00:00+00:00,60,7,12,483.0125732421875,377.12274169921875,0,0,0,0,0,0,0,0,0,0,0,0,0,0,0,0,0,0,0,0,0,0,0,0,0
2013-07-31 12:15:00+00:00,60,7,12,,336.0574645996094,0,0,0,0,0,0,0,0,0,0,0,0,0,0,0,0,0,0,0,0,0,0,0,0,0
2013-07-31 12:15:00+00:00,60,7,12,,,0,0,0,0,0,0,0,0,0,0,0,0,0,0,0,0,0,0,0,0,0,0,0,0,0
2013-07-31 12:15:00+00:00,60,7,12,,,0,0,0,0,0,0,0,0,0,0,0,0,0,0,0,0,0,0,0,0,0,0,0,0,0
2013-07-31 12:15:00+00:00,60,7,12,368.329833984375,319.5170593261719,0,0,0,0,0,0,0,0,0,0,0,0,0,0,0,0,0,0,0,0,0,0,0,0,0
2013-07-31 12:15:00+00:00,60,7,12,318.0559997558594,354.82635498046875,0,0,0,0,0,0,0,0,0,0,0,0,0,0,0,0,1,0,0,0,0,0,0,0,0
2013-07-31 12:15:00+00:00,60,7,12,293.8572082519531,22.135108947753906,0,0,0,0,0,0,0,0,0,0,0,0,0,0,0,1,1,0,0,0,1,1,1,1,1
2013-07-31 12:15:00+00:00,60,7,12,91.7161636352539,120.0389175415039,0,0,0,0,0,0,0,0,0,1,1,1,1,1,1,1,1,0,0,0,0,0,0,0,0
2013-07-31 12:15:00+00:00,60,7,12,632.3418579101562,317.7891845703125,0,0,0,0,0,0,0,0,0,0,0,0,0,0,0,0,0,0,0,0,0,0,0,0,0
2013-07-31 12:15:00+00:00,60,7,12,,,0,0,0,0,0,0,0,0,0,0,0,0,0,0,0,0,0,0,0,0,0,0,0,0,0
2013-07-31 12:15:00+00:00,60,7,12,302.078857421875,359.4645080566406,0,0,0,0,0,0,0,0,0,0,0,0,0,0,0,0,1,0,0,0,0,0,0,0,0
2013-07-31 12:15:00+00:00,60,7,12,382.775634765625,299.60430908203125,0,0,0,0,0,0,0,0,0,0,0,0,0,0,0,0,0,0,0,0,0,0,0,0,0
2013-07-31 12:15:00+00:00,60,7,12,81.72108459472656,38.41081619262695,0,0,0,0,0,0,0,0,0,1,1,1,1,1,1,1,1,0,0,0,0,0,1,1,1
2013-07-31 12:15:00+00:00,60,7,12,194.65274047851562,230.32034301757812,0,0,0,0,0,0,0,0,0,0,0,0,0,1,1,1,1,0,0,0,0,0,0,0,0
2013-07-31 12:15:00+00:00,60,7,12,179.69708251953125,68.07615661621094,0,0,0,0,0,0,0,0,0,0,0,0,1,1,1,1,1,0,0,0,0,0,0,0,0
2013-07-31 12:15:00+00:00,60,7,12,223.39804077148438,222.07818603515625,0,0,0,0,0,0,0,0,0,0,0,0,0,0,1,1,1,0,0,0,0,0,0,0,0
2013-07-31 12:15:00+00:00,60,7,12,297.5829162597656,284.23626708984375,0,0,0,0,0,0,0,0,0,0,0,0,0,0,0,1,1,0,0,0,0,0,0,0,0
2013-07-31 12:30:00+00:00,60,7,12,245.99435424804688,288.07464599609375,0,0,0,0,0,0,0,0,0,0,0,0,0,0,1,1,1,0,0,0,0,0,0,0,0
2013-07-31 12:30:00+00:00,60,7,12,143.2512969970703,176.55209350585938,0,0,0,0,0,0,0,0,0,0,0,1,1,1,1,1,1,0,0,0,0,0,0,0,0
2013-07-31 12:30:00+00:00,60,7,12,122.810546875,167.55111694335938,0,0,0,0,0,0,0,0,0,0,0,1,1,1,1,1,1,0,0,0,0,0,0,0,0
2013-07-31 12:30:00+00:00,60,7,12,,,0,0,0,0,0,0,0,0,0,0,0,0,0,0,0,0,0,0,0,0,0,0,0,0,0
2013-07-31 12:30:00+00:00,60,7,12,,,0,0,0,0,0,0,0,0,0,0,0,0,0,0,0,0,0,0,0,0,0,0,0,0,0
2013-07-31 12:30:00+00:00,60,7,12,,,0,0,0,0,0,0,0,0,0,0,0,0,0,0,0,0,0,0,0,0,0,0,0,0,0
2013-07-31 12:30:00+00:00,60,7,12,,,0,0,0,0,0,0,0,0,0,0,0,0,0,0,0,0,0,0,0,0,0,0,0,0,0
2013-07-31 12:30:00+00:00,60,7,12,379.2052917480469,334.5623474121094,0,0,0,0,0,0,0,0,0,0,0,0,0,0,0,0,0,0,0,0,0,0,0,0,0
2013-07-31 12:30:00+00:00,60,7,12,294.6085205078125,283.5321350097656,0,0,0,0,0,0,0,0,0,0,0,0,0,0,0,1,1,0,0,0,0,0,0,0,0
2013-07-31 12:30:00+00:00,60,7,12,354.55401611328125,321.2041320800781,0,0,0,0,0,0,0,0,0,0,0,0,0,0,0,0,0,0,0,0,0,0,0,0,0
2013-07-31 12:30:00+00:00,60,7,12,356.0721740722656,366.6039123535156,0,0,0,0,0,0,0,0,0,0,0,0,0,0,0,0,0,0,0,0,0,0,0,0,0
2013-07-31 12:30:00+00:00,60,7,12,,,0,0,0,0,0,0,0,0,0,0,0,0,0,0,0,0,0,0,0,0,0,0,0,0,0
2013-07-31 12:30:00+00:00,60,7,12,,,0,0,0,0,0,0,0,0,0,0,0,0,0,0,0,0,0,0,0,0,0,0,0,0,0
2013-07-31 12:30:00+00:00,60,7,12,155.5242156982422,0.0,0,0,0,0,0,0,0,0,0,0,0,0,1,1,1,1,1,1,1,1,1,1,1,1,1
2013-07-31 12:30:00+00:00,60,7,12,349.8848571777344,313.4946594238281,0,0,0,0,0,0,0,0,0,0,0,0,0,0,0,0,1,0,0,0,0,0,0,0,0
2013-07-31 12:30:00+00:00,60,7,12,327.76043701171875,227.32601928710938,0,0,0,0,0,0,0,0,0,0,0,0,0,0,0,0,1,0,0,0,0,0,0,0,0
2013-07-31 12:30:00+00:00,60,7,12,153.19761657714844,22.609947204589844,0,0,0,0,0,0,0,0,0,0,0,0,1,1,1,1,1,0,0,0,1,1,1,1,1
2013-07-31 12:30:00+00:00,60,7,12,697.0200805664062,585.1260986328125,0,0,0,0,0,0,0,0,0,0,0,0,0,0,0,0,0,0,0,0,0,0,0,0,0
2013-07-31 12:30:00+00:00,60,7,12,222.09230041503906,170.5895233154297,0,0,0,0,0,0,0,0,0,0,0,0,0,0,1,1,1,0,0,0,0,0,0,0,0
2013-07-31 12:30:00+00:00,60,7,12,54.06464385986328,7.309693813323975,0,0,0,0,0,0,0,1,1,1,1,1,1,1,1,1,1,1,1,1,1,1,1,1,1
2013-07-31 12:30:00+00:00,60,7,12,,,0,0,0,0,0,0,0,0,0,0,0,0,0,0,0,0,0,0,0,0,0,0,0,0,0
2013-07-31 12:45:00+00:00,60,7,12,,,0,0,0,0,0,0,0,0,0,0,0,0,0,0,0,0,0,0,0,0,0,0,0,0,0
2013-07-31 12:45:00+00:00,60,7,12,,,0,0,0,0,0,0,0,0,0,0,0,0,0,0,0,0,0,0,0,0,0,0,0,0,0
2013-07-31 12:45:00+00:00,60,7,12,,,0,0,0,0,0,0,0,0,0,0,0,0,0,0,0,0,0,0,0,0,0,0,0,0,0
2013-07-31 12:45:00+00:00,60,7,12,,,0,0,0,0,0,0,0,0,0,0,0,0,0,0,0,0,0,0,0,0,0,0,0,0,0
2013-07-31 12:45:00+00:00,60,7,12,,,0,0,0,0,0,0,0,0,0,0,0,0,0,0,0,0,0,0,0,0,0,0,0,0,0
2013-07-31 12:45:00+00:00,60,7,12,284.00469970703125,290.9510498046875,0,0,0,0,0,0,0,0,0,0,0,0,0,0,0,1,1,0,0,0,0,0,0,0,0
2013-07-31 12:45:00+00:00,60,7,12,,,0,0,0,0,0,0,0,0,0,0,0,0,0,0,0,0,0,0,0,0,0,0,0,0,0
2013-07-31 12:45:00+00:00,60,7,12,306.3183898925781,9.532341957092285,0,0,0,0,0,0,0,0,0,0,0,0,0,0,0,0,1,1,1,1,1,1,1,1,1
2013-07-31 12:45:00+00:00,60,7,12,251.33572387695312,205.50234985351562,0,0,0,0,0,0,0,0,0,0,0,0,0,0,0,1,1,0,0,0,0,0,0,0,0
2013-07-31 12:45:00+00:00,60,7,12,,238.29653930664062,0,0,0,0,0,0,0,0,0,0,0,0,0,0,0,0,0,0,0,0,0,0,0,0,0
2013-07-31 13:00:00+00:00,60,7,13,74.67237091064453,103.84085845947266,0,0,0,0,0,0,0,0,1,1,1,1,1,1,1,1,1,0,0,0,0,0,0,0,0
2013-07-31 13:00:00+00:00,60,7,13,,,0,0,0,0,0,0,0,0,0,0,0,0,0,0,0,0,0,0,0,0,0,0,0,0,0
2013-07-31 13:00:00+00:00,60,7,13,161.0725860595703,263.87896728515625,0,0,0,0,0,0,0,0,0,0,0,0,1,1,1,1,1,0,0,0,0,0,0,0,0
2013-07-31 13:00:00+00:00,60,7,13,482.8046569824219,,0,0,0,0,0,0,0,0,0,0,0,0,0,0,0,0,0,0,0,0,0,0,0,0,0
2013-07-31 13:00:00+00:00,60,7,13,,,0,0,0,0,0,0,0,0,0,0,0,0,0,0,0,0,0,0,0,0,0,0,0,0,0
2013-07-31 13:00:00+00:00,60,7,13,,,0,0,0,0,0,0,0,0,0,0,0,0,0,0,0,0,0,0,0,0,0,0,0,0,0
2013-07-31 13:00:00+00:00,60,7,13,,,0,0,0,0,0,0,0,0,0,0,0,0,0,0,0,0,0,0,0,0,0,0,0,0,0
2013-07-31 13:00:00+00:00,60,7,13,336.9266357421875,345.6597900390625,0,0,0,0,0,0,0,0,0,0,0,0,0,0,0,0,1,0,0,0,0,0,0,0,0
2013-07-31 13:00:00+00:00,60,7,13,193.90972900390625,132.92991638183594,0,0,0,0,0,0,0,0,0,0,0,0,0,1,1,1,1,0,0,0,0,0,0,0,0
2013-07-31 13:00:00+00:00,60,7,13,174.73858642578125,177.5469512939453,0,0,0,0,0,0,0,0,0,0,0,0,1,1,1,1,1,0,0,0,0,0,0,0,0
2013-07-31 13:00:00+00:00,60,7,13,,,0,0,0,0,0,0,0,0,0,0,0,0,0,0,0,0,0,0,0,0,0,0,0,0,0
2013-07-31 13:00:00+00:00,60,7,13,124.52075958251953,157.75860595703125,0,0,0,0,0,0,0,0,0,0,0,1,1,1,1,1,1,0,0,0,0,0,0,0,0
2013-07-31 13:00:00+00:00,60,7,13,367.8984680175781,333.58538818359375,0,0,0,0,0,0,0,0,0,0,0,0,0,0,0,0,0,0,0,0,0,0,0,0,0
2013-07-31 13:00:00+00:00,60,7,13,191.9552764892578,173.39175415039062,0,0,0,0,0,0,0,0,0,0,0,0,0,1,1,1,1,0,0,0,0,0,0,0,0
2013-07-31 13:00:00+00:00,60,7,13,217.14678955078125,278.5748291015625,0,0,0,0,0,0,0,0,0,0,0,0,0,0,1,1,1,0,0,0,0,0,0,0,0
2013-07-31 13:00:00+00:00,60,7,13,73.75183868408203,11.430046081542969,0,0,0,0,0,0,0,0,1,1,1,1,1,1,1,1,1,0,1,1,1,1,1,1,1
2013-07-31 13:00:00+00:00,60,7,13,129.3785858154297,63.66868209838867,0,0,0,0,0,0,0,0,0,0,0,1,1,1,1,1,1,0,0,0,0,0,0,0,0
2013-07-31 13:00:00+00:00,60,7,13,355.1069641113281,270.9374084472656,0,0,0,0,0,0,0,0,0,0,0,0,0,0,0,0,0,0,0,0,0,0,0,0,0
2013-07-31 13:00:00+00:00,60,7,13,267.07452392578125,120.10016632080078,0,0,0,0,0,0,0,0,0,0,0,0,0,0,0,1,1,0,0,0,0,0,0,0,0
2013-07-31 13:00:00+00:00,60,7,13,,,0,0,0,0,0,0,0,0,0,0,0,0,0,0,0,0,0,0,0,0,0,0,0,0,0
2013-07-31 13:15:00+00:00,60,7,13,,,0,0,0,0,0,0,0,0,0,0,0,0,0,0,0,0,0,0,0,0,0,0,0,0,0
2013-07-31 13:15:00+00:00,60,7,13,316.9562072753906,9.50798511505127,0,0,0,0,0,0,0,0,0,0,0,0,0,0,0,0,1,1,1,1,1,1,1,1,1
2013-07-31 13:15:00+00:00,60,7,13,313.5999755859375,65.6050796508789,0,0,0,0,0,0,0,0,0,0,0,0,0,0,0,0,1,0,0,0,0,0,0,0,0
2013-07-31 13:15:00+00:00,60,7,13,,,0,0,0,0,0,0,0,0,0,0,0,0,0,0,0,0,0,0,0,0,0,0,0,0,0
2013-07-31 13:15:00+00:00,60,7,13,309.4063720703125,,0,0,0,0,0,0,0,0,0,0,0,0,0,0,0,0,1,0,0,0,0,0,0,0,0
2013-07-31 13:15:00+00:00,60,7,13,51.13947296142578,19.057905197143555,0,0,0,0,0,0,0,1,1,1,1,1,1,1,1,1,1,0,0,1,1,1,1,1,1
2013-07-31 13:15:00+00:00,60,7,13,349.75628662109375,303.3238525390625,0,0,0,0,0,0,0,0,0,0,0,0,0,0,0,0,1,0,0,0,0,0,0,0,0
2013-07-31 13:15:00+00:00,60,7,13,200.59811401367188,137.5135955810547,0,0,0,0,0,0,0,0,0,0,0,0,0,0,1,1,1,0,0,0,0,0,0,0,0
2013-07-31 13:15:00+00:00,60,7,13,59.47119140625,3.323664426803589,0,0,0,0,0,0,0,1,1,1,1,1,1,1,1,1,1,1,1,1,1,1,1,1,1
2013-07-31 13:15:00+00:00,60,7,13,213.72756958007812,150.88819885253906,0,0,0,0,0,0,0,0,0,0,0,0,0,0,1,1,1,0,0,0,0,0,0,0,0
2013-07-31 13:15:00+00:00,60,7,13,187.3963165283203,152.2678985595703,0,0,0,0,0,0,0,0,0,0,0,0,0,1,1,1,1,0,0,0,0,0,0,0,0
2013-07-31 13:15:00+00:00,60,7,13,116.51178741455078,12.23945426940918,0,0,0,0,0,0,0,0,0,0,1,1,1,1,1,1,1,0,1,1,1,1,1,1,1
2013-07-31 13:15:00+00:00,60,7,13,305.79241943359375,263.9513854980469,0,0,0,0,0,0,0,0,0,0,0,0,0,0,0,0,1,0,0,0,0,0,0,0,0
2013-07-31 13:15:00+00:00,60,7,13,80.43321990966797,12.924025535583496,0,0,0,0,0,0,0,0,0,1,1,1,1,1,1,1,1,0,1,1,1,1,1,1,1
2013-07-31 13:15:00+00:00,60,7,13,273.9722900390625,279.62591552734375,0,0,0,0,0,0,0,0,0,0,0,0,0,0,0,1,1,0,0,0,0,0,0,0,0
2013-07-31 13:15:00+00:00,60,7,13,169.3175811767578,76.1516342163086,0,0,0,0,0,0,0,0,0,0,0,0,1,1,1,1,1,0,0,0,0,0,0,0,0
2013-07-31 13:15:00+00:00,60,7,13,228.13035583496094,168.0734100341797,0,0,0,0,0,0,0,0,0,0,0,0,0,0,1,1,1,0,0,0,0,0,0,0,0
2013-07-31 13:15:00+00:00,60,7,13,373.943359375,336.34014892578125,0,0,0,0,0,0,0,0,0,0,0,0,0,0,0,0,0,0,0,0,0,0,0,0,0
2013-07-31 13:15:00+00:00,60,7,13,40.62132263183594,0.0,0,0,0,0,0,0,1,1,1,1,1,1,1,1,1,1,1,1,1,1,1,1,1,1,1
2013-07-31 13:15:00+00:00,60,7,13,297.3372802734375,253.10617065429688,0,0,0,0,0,0,0,0,0,0,0,0,0,0,0,1,1,0,0,0,0,0,0,0,0
2013-07-31 13:15:00+00:00,60,7,13,484.11114501953125,,0,0,0,0,0,0,0,0,0,0,0,0,0,0,0,0,0,0,0,0,0,0,0,0,0
2013-07-31 13:30:00+00:00,60,7,13,304.73077392578125,259.09271240234375,0,0,0,0,0,0,0,0,0,0,0,0,0,0,0,0,1,0,0,0,0,0,0,0,0
2013-07-31 13:30:00+00:00,60,7,13,,,0,0,0,0,0,0,0,0,0,0,0,0,0,0,0,0,0,0,0,0,0,0,0,0,0
2013-07-31 13:30:00+00:00,60,7,13,260.7847900390625,280.0553283691406,0,0,0,0,0,0,0,0,0,0,0,0,0,0,0,1,1,0,0,0,0,0,0,0,0
2013-07-31 13:30:00+00:00,60,7,13,,427.4275817871094,0,0,0,0,0,0,0,0,0,0,0,0,0,0,0,0,0,0,0,0,0,0,0,0,0
2013-07-31 13:30:00+00:00,60,7,13,372.07342529296875,220.57281494140625,0,0,0,0,0,0,0,0,0,0,0,0,0,0,0,0,0,0,0,0,0,0,0,0,0
2013-07-31 13:30:00+00:00,60,7,13,72.25572967529297,0.0,0,0,0,0,0,0,0,0,1,1,1,1,1,1,1,1,1,1,1,1,1,1,1,1,1
2013-07-31 13:30:00+00:00,60,7,13,230.94293212890625,252.71449279785156,0,0,0,0,0,0,0,0,0,0,0,0,0,0,1,1,1,0,0,0,0,0,0,0,0
2013-07-31 13:30:00+00:00,60,7,13,158.9407196044922,126.24311065673828,0,0,0,0,0,0,0,0,0,0,0,0,1,1,1,1,1,0,0,0,0,0,0,0,0
2013-07-31 13:30:00+00:00,60,7,13,240.02012634277344,6.076493263244629,0,0,0,0,0,0,0,0,0,0,0,0,0,0,1,1,1,1,1,1,1,1,1,1,1
2013-07-31 13:30:00+00:00,60,7,13,207.08087158203125,205.18560791015625,0,0,0,0,0,0,0,0,0,0,0,0,0,0,1,1,1,0,0,0,0,0,0,0,0
2013-07-31 13:30:00+00:00,60,7,13,27.918821334838867,0.0,0,0,0,0,1,1,1,1,1,1,1,1,1,1,1,1,1,1,1,1,1,1,1,1,1
2013-07-31 13:30:00+00:00,60,7,13,95.30968475341797,50.4984245300293,0,0,0,0,0,0,0,0,0,1,1,1,1,1,1,1,1,0,0,0,0,0,0,0,1
2013-07-31 13:30:00+00:00,60,7,13,170.90003967285156,134.88156127929688,0,0,0,0,0,0,0,0,0,0,0,0,1,1,1,1,1,0,0,0,0,0,0,0,0
2013-07-31 13:30:00+00:00,60,7,13,,,0,0,0,0,0,0,0,0,0,0,0,0,0,0,0,0,0,0,0,0,0,0,0,0,0
2013-07-31 13:45:00+00:00,60,7,13,,,0,0,0,0,0,0,0,0,0,0,0,0,0,0,0,0,0,0,0,0,0,0,0,0,0
2013-07-31 13:45:00+00:00,60,7,13,94.7927474975586,84.87276458740234,0,0,0,0,0,0,0,0,0,1,1,1,1,1,1,1,1,0,0,0,0,0,0,0,0
2013-07-31 13:45:00+00:00,60,7,13,304.3397216796875,274.6224060058594,0,0,0,0,0,0,0,0,0,0,0,0,0,0,0,0,1,0,0,0,0,0,0,0,0
2013-07-31 13:45:00+00:00,60,7,13,220.4636688232422,272.2395324707031,0,0,0,0,0,0,0,0,0,0,0,0,0,0,1,1,1,0,0,0,0,0,0,0,0
2013-07-31 13:45:00+00:00,60,7,13,,,0,0,0,0,0,0,0,0,0,0,0,0,0,0,0,0,0,0,0,0,0,0,0,0,0
2013-07-31 13:45:00+00:00,60,7,13,,,0,0,0,0,0,0,0,0,0,0,0,0,0,0,0,0,0,0,0,0,0,0,0,0,0
2013-07-31 13:45:00+00:00,60,7,13,95.9170150756836,116.1238021850586,0,0,0,0,0,0,0,0,0,1,1,1,1,1,1,1,1,0,0,0,0,0,0,0,0
2013-07-31 13:45:00+00:00,60,7,13,80.97235870361328,13.14189624786377,0,0,0,0,0,0,0,0,0,1,1,1,1,1,1,1,1,0,1,1,1,1,1,1,1
2013-07-31 13:45:00+00:00,60,7,13,311.619384765625,,0,0,0,0,0,0,0,0,0,0,0,0,0,0,0,0,1,0,0,0,0,0,0,0,0
2013-07-31 13:45:00+00:00,60,7,13,146.2476043701172,136.7991485595703,0,0,0,0,0,0,0,0,0,0,0,1,1,1,1,1,1,0,0,0,0,0,0,0,0
2013-07-31 13:45:00+00:00,60,7,13,91.4471664428711,16.780075073242188,0,0,0,0,0,0,0,0,0,1,1,1,1,1,1,1,1,0,0,1,1,1,1,1,1
2013-07-31 13:45:00+00:00,60,7,13,136.7433624267578,26.37649154663086,0,0,0,0,0,0,0,0,0,0,0,1,1,1,1,1,1,0,0,0,0,1,1,1,1
2013-07-31 13:45:00+00:00,60,7,13,,339.5180358886719,0,0,0,0,0,0,0,0,0,0,0,0,0,0,0,0,0,0,0,0,0,0,0,0,0
2013-07-31 13:45:00+00:00,60,7,13,148.91610717773438,52.93159484863281,0,0,0,0,0,0,0,0,0,0,0,1,1,1,1,1,1,0,0,0,0,0,0,0,1
2013-07-31 14:00:00+00:00,60,7,14,291.2608947753906,7.201338768005371,0,0,0,0,0,0,0,0,0,0,0,0,0,0,0,1,1,1,1,1,1,1,1,1,1
2013-07-31 14:00:00+00:00,60,7,14,232.0895538330078,60.61558151245117,0,0,0,0,0,0,0,0,0,0,0,0,0,0,1,1,1,0,0,0,0,0,0,0,0
2013-07-31 14:00:00+00:00,60,7,14,202.149169921875,40.43687057495117,0,0,0,0,0,0,0,0,0,0,0,0,0,0,1,1,1,0,0,0,0,0,0,1,1
2013-07-31 14:00:00+00:00,60,7,14,,320.24920654296875,0,0,0,0,0,0,0,0,0,0,0,0,0,0,0,0,0,0,0,0,0,0,0,0,0
2013-07-31 14:00:00+00:00,60,7,14,,,0,0,0,0,0,0,0,0,0,0,0,0,0,0,0,0,0,0,0,0,0,0,0,0,0
2013-07-31 14:00:00+00:00,60,7,14,,436.3252868652344,0,0,0,0,0,0,0,0,0,0,0,0,0,0,0,0,0,0,0,0,0,0,0,0,0
2013-07-31 14:00:00+00:00,60,7,14,,433.27435302734375,0,0,0,0,0,0,0,0,0,0,0,0,0,0,0,0,0,0,0,0,0,0,0,0,0
2013-07-31 14:00:00+00:00,60,7,14,308.41705322265625,379.7694396972656,0,0,0,0,0,0,0,0,0,0,0,0,0,0,0,0,1,0,0,0,0,0,0,0,0
2013-07-31 14:00:00+00:00,60,7,14,277.96734619140625,318.7206726074219,0,0,0,0,0,0,0,0,0,0,0,0,0,0,0,1,1,0,0,0,0,0,0,0,0
2013-07-31 14:00:00+00:00,60,7,14,250.5185089111328,325.7021789550781,0,0,0,0,0,0,0,0,0,0,0,0,0,0,0,1,1,0,0,0,0,0,0,0,0
2013-07-31 14:00:00+00:00,60,7,14,113.77336883544922,115.5414047241211,0,0,0,0,0,0,0,0,0,0,1,1,1,1,1,1,1,0,0,0,0,0,0,0,0
2013-07-31 14:00:00+00:00,60,7,14,141.2501220703125,210.9377899169922,0,0,0,0,0,0,0,0,0,0,0,1,1,1,1,1,1,0,0,0,0,0,0,0,0
2013-07-31 14:00:00+00:00,60,7,14,145.1622772216797,36.81993865966797,0,0,0,0,0,0,0,0,0,0,0,1,1,1,1,1,1,0,0,0,0,0,1,1,1
2013-07-31 14:00:00+00:00,60,7,14,97.67765045166016,45.548675537109375,0,0,0,0,0,0,0,0,0,1,1,1,1,1,1,1,1,0,0,0,0,0,0,1,1
2013-07-31 14:00:00+00:00,60,7,14,175.5760040283203,115.94596099853516,0,0,0,0,0,0,0,0,0,0,0,0,1,1,1,1,1,0,0,0,0,0,0,0,0
2013-07-31 14:00:00+00:00,60,7,14,,,0,0,0,0,0,0,0,0,0,0,0,0,0,0,0,0,0,0,0,0,0,0,0,0,0
2013-07-31 14:00:00+00:00,60,7,14,,,0,0,0,0,0,0,0,0,0,0,0,0,0,0,0,0,0,0,0,0,0,0,0,0,0
2013-07-31 14:15:00+00:00,60,7,14,,,0,0,0,0,0,0,0,0,0,0,0,0,0,0,0,0,0,0,0,0,0,0,0,0,0
2013-07-31 14:15:00+00:00,60,7,14,128.48509216308594,192.0592498779297,0,0,0,0,0,0,0,0,0,0,0,1,1,1,1,1,1,0,0,0,0,0,0,0,0
2013-07-31 14:15:00+00:00,60,7,14,418.6001892089844,349.17755126953125,0,0,0,0,0,0,0,0,0,0,0,0,0,0,0,0,0,0,0,0,0,0,0,0,0
2013-07-31 14:15:00+00:00,60,7,14,,,0,0,0,0,0,0,0,0,0,0,0,0,0,0,0,0,0,0,0,0,0,0,0,0,0
2013-07-31 14:15:00+00:00,60,7,14,317.1972351074219,341.8190612792969,0,0,0,0,0,0,0,0,0,0,0,0,0,0,0,0,1,0,0,0,0,0,0,0,0
2013-07-31 14:15:00+00:00,60,7,14,65.11316680908203,57.69275665283203,0,0,0,0,0,0,0,0,1,1,1,1,1,1,1,1,1,0,0,0,0,0,0,0,1
2013-07-31 14:15:00+00:00,60,7,14,121.50841522216797,127.8686294555664,0,0,0,0,0,0,0,0,0,0,0,1,1,1,1,1,1,0,0,0,0,0,0,0,0
2013-07-31 14:15:00+00:00,60,7,14,92.17000579833984,162.60565185546875,0,0,0,0,0,0,0,0,0,1,1,1,1,1,1,1,1,0,0,0,0,0,0,0,0
2013-07-31 14:15:00+00:00,60,7,14,346.03118896484375,287.9270935058594,0,0,0,0,0,0,0,0,0,0,0,0,0,0,0,0,1,0,0,0,0,0,0,0,0
2013-07-31 14:15:00+00:00,60,7,14,,298.63983154296875,0,0,0,0,0,0,0,0,0,0,0,0,0,0,0,0,0,0,0,0,0,0,0,0,0
2013-07-31 14:30:00+00:00,60,7,14,304.52215576171875,300.9201354980469,0,0,0,0,0,0,0,0,0,0,0,0,0,0,0,0,1,0,0,0,0,0,0,0,0
2013-07-31 14:30:00+00:00,60,7,14,,,0,0,0,0,0,0,0,0,0,0,0,0,0,0,0,0,0,0,0,0,0,0,0,0,0
2013-07-31 14:30:00+00:00,60,7,14,290.6903076171875,,0,0,0,0,0,0,0,0,0,0,0,0,0,0,0,1,1,0,0,0,0,0,0,0,0
2013-07-31 14:30:00+00:00,60,7,14,,508.8757019042969,0,0,0,0,0,0,0,0,0,0,0,0,0,0,0,0,0,0,0,0,0,0,0,0,0
2013-07-31 14:30:00+00:00,60,7,14,,,0,0,0,0,0,0,0,0,0,0,0,0,0,0,0,0,0,0,0,0,0,0,0,0,0
2013-07-31 14:30:00+00:00,60,7,14,,,0,0,0,0,0,0,0,0,0,0,0,0,0,0,0,0,0,0,0,0,0,0,0,0,0
2013-07-31 14:30:00+00:00,60,7,14,,,0,0,0,0,0,0,0,0,0,0,0,0,0,0,0,0,0,0,0,0,0,0,0,0,0
2013-07-31 14:30:00+00:00,60,7,14,295.3232727050781,130.1466522216797,0,0,0,0,0,0,0,0,0,0,0,0,0,0,0,1,1,0,0,0,0,0,0,0,0
2013-07-31 14:30:00+00:00,60,7,14,48.86227798461914,23.313331604003906,0,0,0,0,0,0,1,1,1,1,1,1,1,1,1,1,1,0,0,0,1,1,1,1,1
2013-07-31 14:30:00+00:00,60,7,14,56.89012145996094,13.612642288208008,0,0,0,0,0,0,0,1,1,1,1,1,1,1,1,1,1,0,1,1,1,1,1,1,1
2013-07-31 14:30:00+00:00,60,7,14,38.95582962036133,49.31452560424805,0,0,0,0,0,1,1,1,1,1,1,1,1,1,1,1,1,0,0,0,0,0,0,1,1
2013-07-31 14:30:00+00:00,60,7,14,100.2452392578125,79.81256866455078,0,0,0,0,0,0,0,0,0,0,1,1,1,1,1,1,1,0,0,0,0,0,0,0,0
2013-07-31 14:30:00+00:00,60,7,14,377.9178466796875,331.71697998046875,0,0,0,0,0,0,0,0,0,0,0,0,0,0,0,0,0,0,0,0,0,0,0,0,0
2013-07-31 14:30:00+00:00,60,7,14,63.17864990234375,84.46685028076172,0,0,0,0,0,0,0,0,1,1,1,1,1,1,1,1,1,0,0,0,0,0,0,0,0
2013-07-31 14:45:00+00:00,60,7,14,134.49920654296875,115.27328491210938,0,0,0,0,0,0,0,0,0,0,0,1,1,1,1,1,1,0,0,0,0,0,0,0,0
2013-07-31 14:45:00+00:00,60,7,14,363.45916748046875,,0,0,0,0,0,0,0,0,0,0,0,0,0,0,0,0,0,0,0,0,0,0,0,0,0
2013-07-31 14:45:00+00:00,60,7,14,202.20223999023438,199.08706665039062,0,0,0,0,0,0,0,0,0,0,0,0,0,0,1,1,1,0,0,0,0,0,0,0,0
2013-07-31 14:45:00+00:00,60,7,14,,,0,0,0,0,0,0,0,0,0,0,0,0,0,0,0,0,0,0,0,0,0,0,0,0,0
2013-07-31 14:45:00+00:00,60,7,14,97.78239440917969,381.3874816894531,0,0,0,0,0,0,0,0,0,1,1,1,1,1,1,1,1,0,0,0,0,0,0,0,0
2013-07-31 14:45:00+00:00,60,7,14,300.2999572753906,180.57357788085938,0,0,0,0,0,0,0,0,0,0,0,0,0,0,0,0,1,0,0,0,0,0,0,0,0
2013-07-31 14:45:00+00:00,60,7,14,82.4130859375,52.730281829833984,0,0,0,0,0,0,0,0,0,1,1,1,1,1,1,1,1,0,0,0,0,0,0,0,1
2013-07-31 14:45:00+00:00,60,7,14,79.4342041015625,40.09656524658203,0,0,0,0,0,0,0,0,1,1,1,1,1,1,1,1,1,0,0,0,0,0,0,1,1
2013-07-31 14:45:00+00:00,60,7,14,256.7118225097656,138.59518432617188,0,0,0,0,0,0,0,0,0,0,0,0,0,0,0,1,1,0,0,0,0,0,0,0,0
2013-07-31 14:45:00+00:00,60,7,14,132.73646545410156,337.46728515625,0,0,0,0,0,0,0,0,0,0,0,1,1,1,1,1,1,0,0,0,0,0,0,0,0
2013-07-31 14:45:00+00:00,60,7,14,335.9625244140625,354.947021484375,0,0,0,0,0,0,0,0,0,0,0,0,0,0,0,0,1,0,0,0,0,0,0,0,0
2013-07-31 14:45:00+00:00,60,7,14,250.16078186035156,269.1177062988281,0,0,0,0,0,0,0,0,0,0,0,0,0,0,0,1,1,0,0,0,0,0,0,0,0
2013-07-31 14:45:00+00:00,60,7,14,307.7861633300781,271.0334777832031,0,0,0,0,0,0,0,0,0,0,0,0,0,0,0,0,1,0,0,0,0,0,0,0,0
2013-07-31 14:45:00+00:00,60,7,14,189.1934356689453,159.2463836669922,0,0,0,0,0,0,0,0,0,0,0,0,0,1,1,1,1,0,0,0,0,0,0,0,0
2013-07-31 14:45:00+00:00,60,7,14,251.1859588623047,,0,0,0,0,0,0,0,0,0,0,0,0,0,0,0,1,1,0,0,0,0,0,0,0,0
2013-07-31 14:45:00+00:00,60,7,14,,,0,0,0,0,0,0,0,0,0,0,0,0,0,0,0,0,0,0,0,0,0,0,0,0,0
2013-07-31 14:45:00+00:00,60,7,14,166.2440948486328,400.5776062011719,0,0,0,0,0,0,0,0,0,0,0,0,1,1,1,1,1,0,0,0,0,0,0,0,0
2013-07-31 14:45:00+00:00,60,7,14,,,0,0,0,0,0,0,0,0,0,0,0,0,0,0,0,0,0,0,0,0,0,0,0,0,0
2013-07-31 14:45:00+00:00,60,7,14,,,0,0,0,0,0,0,0,0,0,0,0,0,0,0,0,0,0,0,0,0,0,0,0,0,0
2013-07-31 15:00:00+00:00,60,7,15,,,0,0,0,0,0,0,0,0,0,0,0,0,0,0,0,0,0,0,0,0,0,0,0,0,0
2013-07-31 15:00:00+00:00,60,7,15,210.98631286621094,,0,0,0,0,0,0,0,0,0,0,0,0,0,0,1,1,1,0,0,0,0,0,0,0,0
2013-07-31 15:00:00+00:00,60,7,15,,,0,0,0,0,0,0,0,0,0,0,0,0,0,0,0,0,0,0,0,0,0,0,0,0,0
2013-07-31 15:00:00+00:00,60,7,15,488.5676574707031,253.76475524902344,0,0,0,0,0,0,0,0,0,0,0,0,0,0,0,0,0,0,0,0,0,0,0,0,0
2013-07-31 15:00:00+00:00,60,7,15,455.9935607910156,190.978271484375,0,0,0,0,0,0,0,0,0,0,0,0,0,0,0,0,0,0,0,0,0,0,0,0,0
2013-07-31 15:00:00+00:00,60,7,15,,151.2962646484375,0,0,0,0,0,0,0,0,0,0,0,0,0,0,0,0,0,0,0,0,0,0,0,0,0
2013-07-31 15:00:00+00:00,60,7,15,216.70816040039062,167.32289123535156,0,0,0,0,0,0,0,0,0,0,0,0,0,0,1,1,1,0,0,0,0,0,0,0,0
2013-07-31 15:00:00+00:00,60,7,15,200.25665283203125,220.40371704101562,0,0,0,0,0,0,0,0,0,0,0,0,0,0,1,1,1,0,0,0,0,0,0,0,0
2013-07-31 15:00:00+00:00,60,7,15,151.75999450683594,184.20777893066406,0,0,0,0,0,0,0,0,0,0,0,0,1,1,1,1,1,0,0,0,0,0,0,0,0
2013-07-31 15:00:00+00:00,60,7,15,103.92070007324219,171.4882354736328,0,0,0,0,0,0,0,0,0,0,1,1,1,1,1,1,1,0,0,0,0,0,0,0,0
2013-07-31 15:00:00+00:00,60,7,15,129.2610321044922,256.8363952636719,0,0,0,0,0,0,0,0,0,0,0,1,1,1,1,1,1,0,0,0,0,0,0,0,0
2013-07-31 15:00:00+00:00,60,7,15,89.27526092529297,202.3512420654297,0,0,0,0,0,0,0,0,0,1,1,1,1,1,1,1,1,0,0,0,0,0,0,0,0
2013-07-31 15:00:00+00:00,60,7,15,,390.0075988769531,0,0,0,0,0,0,0,0,0,0,0,0,0,0,0,0,0,0,0,0,0,0,0,0,0
2013-07-31 15:00:00+00:00,60,7,15,155.85752868652344,110.08480072021484,0,0,0,0,0,0,0,0,0,0,0,0,1,1,1,1,1,0,0,0,0,0,0,0,0
2013-07-31 15:00:00+00:00,60,7,15,113.9817123413086,3.2109246253967285,0,0,0,0,0,0,0,0,0,0,1,1,1,1,1,1,1,1,1,1,1,1,1,1,1
2013-07-31 15:00:00+00:00,60,7,15,441.65106201171875,423.70477294921875,0,0,0,0,0,0,0,0,0,0,0,0,0,0,0,0,0,0,0,0,0,0,0,0,0
2013-07-31 15:15:00+00:00,60,7,15,315.2408142089844,333.30108642578125,0,0,0,0,0,0,0,0,0,0,0,0,0,0,0,0,1,0,0,0,0,0,0,0,0
2013-07-31 15:15:00+00:00,60,7,15,,,0,0,0,0,0,0,0,0,0,0,0,0,0,0,0,0,0,0,0,0,0,0,0,0,0
2013-07-31 15:15:00+00:00,60,7,15,188.3617401123047,196.0301055908203,0,0,0,0,0,0,0,0,0,0,0,0,0,1,1,1,1,0,0,0,0,0,0,0,0
2013-07-31 15:15:00+00:00,60,7,15,327.7546081542969,259.7599792480469,0,0,0,0,0,0,0,0,0,0,0,0,0,0,0,0,1,0,0,0,0,0,0,0,0
2013-07-31 15:15:00+00:00,60,7,15,226.61732482910156,63.60248947143555,0,0,0,0,0,0,0,0,0,0,0,0,0,0,1,1,1,0,0,0,0,0,0,0,0
2013-07-31 15:15:00+00:00,60,7,15,149.9176788330078,112.70729064941406,0,0,0,0,0,0,0,0,0,0,0,1,1,1,1,1,1,0,0,0,0,0,0,0,0
2013-07-31 15:15:00+00:00,60,7,15,275.81732177734375,,0,0,0,0,0,0,0,0,0,0,0,0,0,0,0,1,1,0,0,0,0,0,0,0,0
2013-07-31 15:15:00+00:00,60,7,15,214.58633422851562,113.32295989990234,0,0,0,0,0,0,0,0,0,0,0,0,0,0,1,1,1,0,0,0,0,0,0,0,0
2013-07-31 15:15:00+00:00,60,7,15,166.81602478027344,111.48375701904297,0,0,0,0,0,0,0,0,0,0,0,0,1,1,1,1,1,0,0,0,0,0,0,0,0
2013-07-31 15:15:00+00:00,60,7,15,,,0,0,0,0,0,0,0,0,0,0,0,0,0,0,0,0,0,0,0,0,0,0,0,0,0
2013-07-31 15:15:00+00:00,60,7,15,,,0,0,0,0,0,0,0,0,0,0,0,0,0,0,0,0,0,0,0,0,0,0,0,0,0
2013-07-31 15:15:00+00:00,60,7,15,158.02713012695312,24.427104949951172,0,0,0,0,0,0,0,0,0,0,0,0,1,1,1,1,1,0,0,0,1,1,1,1,1
2013-07-31 15:15:00+00:00,60,7,15,,,0,0,0,0,0,0,0,0,0,0,0,0,0,0,0,0,0,0,0,0,0,0,0,0,0
2013-07-31 15:15:00+00:00,60,7,15,,,0,0,0,0,0,0,0,0,0,0,0,0,0,0,0,0,0,0,0,0,0,0,0,0,0
2013-07-31 15:30:00+00:00,60,7,15,135.19593811035156,128.09002685546875,0,0,0,0,0,0,0,0,0,0,0,1,1,1,1,1,1,0,0,0,0,0,0,0,0
2013-07-31 15:30:00+00:00,60,7,15,104.18122100830078,151.3281707763672,0,0,0,0,0,0,0,0,0,0,1,1,1,1,1,1,1,0,0,0,0,0,0,0,0
2013-07-31 15:30:00+00:00,60,7,15,,234.41806030273438,0,0,0,0,0,0,0,0,0,0,0,0,0,0,0,0,0,0,0,0,0,0,0,0,0
2013-07-31 15:30:00+00:00,60,7,15,139.8115997314453,127.34503173828125,0,0,0,0,0,0,0,0,0,0,0,1,1,1,1,1,1,0,0,0,0,0,0,0,0
2013-07-31 15:30:00+00:00,60,7,15,,,0,0,0,0,0,0,0,0,0,0,0,0,0,0,0,0,0,0,0,0,0,0,0,0,0
2013-07-31 15:30:00+00:00,60,7,15,217.00120544433594,239.95684814453125,0,0,0,0,0,0,0,0,0,0,0,0,0,0,1,1,1,0,0,0,0,0,0,0,0
2013-07-31 15:30:00+00:00,60,7,15,129.8513946533203,78.72886657714844,0,0,0,0,0,0,0,0,0,0,0,1,1,1,1,1,1,0,0,0,0,0,0,0,0
2013-07-31 15:30:00+00:00,60,7,15,111.01544952392578,81.0638656616211,0,0,0,0,0,0,0,0,0,0,1,1,1,1,1,1,1,0,0,0,0,0,0,0,0
2013-07-31 15:30:00+00:00,60,7,15,65.40461730957031,22.654836654663086,0,0,0,0,0,0,0,0,1,1,1,1,1,1,1,1,1,0,0,0,1,1,1,1,1
2013-07-31 15:30:00+00:00,60,7,15,,,0,0,0,0,0,0,0,0,0,0,0,0,0,0,0,0,0,0,0,0,0,0,0,0,0
2013-07-31 15:30:00+00:00,60,7,15,97.15003967285156,97.4321517944336,0,0,0,0,0,0,0,0,0,1,1,1,1,1,1,1,1,0,0,0,0,0,0,0,0
2013-07-31 15:30:00+00:00,60,7,15,,,0,0,0,0,0,0,0,0,0,0,0,0,0,0,0,0,0,0,0,0,0,0,0,0,0
2013-07-31 15:30:00+00:00,60,7,15,262.5506286621094,387.6186218261719,0,0,0,0,0,0,0,0,0,0,0,0,0,0,0,1,1,0,0,0,0,0,0,0,0
2013-07-31 15:45:00+00:00,60,7,15,115.1192626953125,114.16661071777344,0,0,0,0,0,0,0,0,0,0,1,1,1,1,1,1,1,0,0,0,0,0,0,0,0
2013-07-31 15:45:00+00:00,60,7,15,,,0,0,0,0,0,0,0,0,0,0,0,0,0,0,0,0,0,0,0,0,0,0,0,0,0
2013-07-31 15:45:00+00:00,60,7,15,,,0,0,0,0,0,0,0,0,0,0,0,0,0,0,0,0,0,0,0,0,0,0,0,0,0
2013-07-31 15:45:00+00:00,60,7,15,,320.17034912109375,0,0,0,0,0,0,0,0,0,0,0,0,0,0,0,0,0,0,0,0,0,0,0,0,0
2013-07-31 15:45:00+00:00,60,7,15,165.2860565185547,161.31411743164062,0,0,0,0,0,0,0,0,0,0,0,0,1,1,1,1,1,0,0,0,0,0,0,0,0
2013-07-31 15:45:00+00:00,60,7,15,,,0,0,0,0,0,0,0,0,0,0,0,0,0,0,0,0,0,0,0,0,0,0,0,0,0
2013-07-31 15:45:00+00:00,60,7,15,242.02493286132812,232.26419067382812,0,0,0,0,0,0,0,0,0,0,0,0,0,0,1,1,1,0,0,0,0,0,0,0,0
2013-07-31 15:45:00+00:00,60,7,15,213.45147705078125,213.16748046875,0,0,0,0,0,0,0,0,0,0,0,0,0,0,1,1,1,0,0,0,0,0,0,0,0
2013-07-31 15:45:00+00:00,60,7,15,334.3540954589844,396.2680358886719,0,0,0,0,0,0,0,0,0,0,0,0,0,0,0,0,1,0,0,0,0,0,0,0,0
2013-07-31 15:45:00+00:00,60,7,15,193.17481994628906,3.622621536254883,0,0,0,0,0,0,0,0,0,0,0,0,0,1,1,1,1,1,1,1,1,1,1,1,1
2013-07-31 15:45:00+00:00,60,7,15,98.99053955078125,41.66781997680664,0,0,0,0,0,0,0,0,0,1,1,1,1,1,1,1,1,0,0,0,0,0,0,1,1
2013-07-31 16:00:00+00:00,60,7,16,139.89654541015625,145.228759765625,0,0,0,0,0,0,0,0,0,0,0,1,1,1,1,1,1,0,0,0,0,0,0,0,0
2013-07-31 16:00:00+00:00,60,7,16,99.57830810546875,,0,0,0,0,0,0,0,0,0,1,1,1,1,1,1,1,1,0,0,0,0,0,0,0,0
2013-07-31 16:00:00+00:00,60,7,16,180.54547119140625,35.84478759765625,0,0,0,0,0,0,0,0,0,0,0,0,0,1,1,1,1,0,0,0,0,0,1,1,1
2013-07-31 16:00:00+00:00,60,7,16,123.66314697265625,14.40597915649414,0,0,0,0,0,0,0,0,0,0,0,1,1,1,1,1,1,0,1,1,1,1,1,1,1
2013-07-31 16:00:00+00:00,60,7,16,218.18402099609375,64.78370666503906,0,0,0,0,0,0,0,0,0,0,0,0,0,0,1,1,1,0,0,0,0,0,0,0,0
2013-07-31 16:00:00+00:00,60,7,16,224.91607666015625,175.84214782714844,0,0,0,0,0,0,0,0,0,0,0,0,0,0,1,1,1,0,0,0,0,0,0,0,0
2013-07-31 16:00:00+00:00,60,7,16,209.8765411376953,213.19740295410156,0,0,0,0,0,0,0,0,0,0,0,0,0,0,1,1,1,0,0,0,0,0,0,0,0
2013-07-31 16:00:00+00:00,60,7,16,187.1582489013672,36.6285285949707,0,0,0,0,0,0,0,0,0,0,0,0,0,1,1,1,1,0,0,0,0,0,1,1,1
2013-07-31 16:00:00+00:00,60,7,16,198.1046600341797,163.5585174560547,0,0,0,0,0,0,0,0,0,0,0,0,0,1,1,1,1,0,0,0,0,0,0,0,0
2013-07-31 16:00:00+00:00,60,7,16,334.4642333984375,,0,0,0,0,0,0,0,0,0,0,0,0,0,0,0,0,1,0,0,0,0,0,0,0,0
2013-07-31 16:15:00+00:00,60,7,16,123.38001251220703,540.006103515625,0,0,0,0,0,0,0,0,0,0,0,1,1,1,1,1,1,0,0,0,0,0,0,0,0
2013-07-31 16:15:00+00:00,60,7,16,,,0,0,0,0,0,0,0,0,0,0,0,0,0,0,0,0,0,0,0,0,0,0,0,0,0
2013-07-31 16:15:00+00:00,60,7,16,,437.61492919921875,0,0,0,0,0,0,0,0,0,0,0,0,0,0,0,0,0,0,0,0,0,0,0,0,0
2013-07-31 16:15:00+00:00,60,7,16,343.4448547363281,222.63601684570312,0,0,0,0,0,0,0,0,0,0,0,0,0,0,0,0,1,0,0,0,0,0,0,0,0
2013-07-31 16:15:00+00:00,60,7,16,309.9060363769531,3.1007955074310303,0,0,0,0,0,0,0,0,0,0,0,0,0,0,0,0,1,1,1,1,1,1,1,1,1
2013-07-31 16:15:00+00:00,60,7,16,112.47346496582031,110.2061996459961,0,0,0,0,0,0,0,0,0,0,1,1,1,1,1,1,1,0,0,0,0,0,0,0,0
2013-07-31 16:15:00+00:00,60,7,16,421.5147705078125,,0,0,0,0,0,0,0,0,0,0,0,0,0,0,0,0,0,0,0,0,0,0,0,0,0
2013-07-31 16:15:00+00:00,60,7,16,295.3879699707031,148.84043884277344,0,0,0,0,0,0,0,0,0,0,0,0,0,0,0,1,1,0,0,0,0,0,0,0,0
2013-07-31 16:15:00+00:00,60,7,16,236.15623474121094,215.88514709472656,0,0,0,0,0,0,0,0,0,0,0,0,0,0,1,1,1,0,0,0,0,0,0,0,0
2013-07-31 16:15:00+00:00,60,7,16,213.99346923828125,113.06998443603516,0,0,0,0,0,0,0,0,0,0,0,0,0,0,1,1,1,0,0,0,0,0,0,0,0
2013-07-31 16:15:00+00:00,60,7,16,232.5683135986328,12.491477966308594,0,0,0,0,0,0,0,0,0,0,0,0,0,0,1,1,1,0,1,1,1,1,1,1,1
2013-07-31 16:15:00+00:00,60,7,16,,56.47010803222656,0,0,0,0,0,0,0,0,0,0,0,0,0,0,0,0,0,0,0,0,0,0,0,0,1
2013-07-31 16:15:00+00:00,60,7,16,,158.46878051757812,0,0,0,0,0,0,0,0,0,0,0,0,0,0,0,0,0,0,0,0,0,0,0,0,0
2013-07-31 16:15:00+00:00,60,7,16,145.45318603515625,266.7354736328125,0,0,0,0,0,0,0,0,0,0,0,1,1,1,1,1,1,0,0,0,0,0,0,0,0
2013-07-31 16:30:00+00:00,60,7,16,179.33168029785156,203.57310485839844,0,0,0,0,0,0,0,0,0,0,0,0,1,1,1,1,1,0,0,0,0,0,0,0,0
2013-07-31 16:30:00+00:00,60,7,16,92.5986557006836,212.8040008544922,0,0,0,0,0,0,0,0,0,1,1,1,1,1,1,1,1,0,0,0,0,0,0,0,0
2013-07-31 16:30:00+00:00,60,7,16,204.7069854736328,,0,0,0,0,0,0,0,0,0,0,0,0,0,0,1,1,1,0,0,0,0,0,0,0,0
2013-07-31 16:30:00+00:00,60,7,16,154.84530639648438,51.65293502807617,0,0,0,0,0,0,0,0,0,0,0,0,1,1,1,1,1,0,0,0,0,0,0,0,1
2013-07-31 16:30:00+00:00,60,7,16,,227.1992950439453,0,0,0,0,0,0,0,0,0,0,0,0,0,0,0,0,0,0,0,0,0,0,0,0,0
2013-07-31 16:30:00+00:00,60,7,16,203.31153869628906,305.35382080078125,0,0,0,0,0,0,0,0,0,0,0,0,0,0,1,1,1,0,0,0,0,0,0,0,0
2013-07-31 16:45:00+00:00,60,7,16,,,0,0,0,0,0,0,0,0,0,0,0,0,0,0,0,0,0,0,0,0,0,0,0,0,0
2013-07-31 16:45:00+00:00,60,7,16,,391.4801940917969,0,0,0,0,0,0,0,0,0,0,0,0,0,0,0,0,0,0,0,0,0,0,0,0,0
2013-07-31 16:45:00+00:00,60,7,16,106.69242095947266,63.900943756103516,0,0,0,0,0,0,0,0,0,0,1,1,1,1,1,1,1,0,0,0,0,0,0,0,0
2013-07-31 16:45:00+00:00,60,7,16,,,0,0,0,0,0,0,0,0,0,0,0,0,0,0,0,0,0,0,0,0,0,0,0,0,0
2013-07-31 17:00:00+00:00,60,7,17,267.4034729003906,244.16690063476562,0,0,0,0,0,0,0,0,0,0,0,0,0,0,0,1,1,0,0,0,0,0,0,0,0
2013-07-31 17:00:00+00:00,60,7,17,264.2175598144531,281.9853210449219,0,0,0,0,0,0,0,0,0,0,0,0,0,0,0,1,1,0,0,0,0,0,0,0,0
2013-07-31 17:00:00+00:00,60,7,17,,,0,0,0,0,0,0,0,0,0,0,0,0,0,0,0,0,0,0,0,0,0,0,0,0,0
2013-07-31 17:00:00+00:00,60,7,17,,,0,0,0,0,0,0,0,0,0,0,0,0,0,0,0,0,0,0,0,0,0,0,0,0,0
2013-07-31 17:00:00+00:00,60,7,17,125.72978210449219,88.1822509765625,0,0,0,0,0,0,0,0,0,0,0,1,1,1,1,1,1,0,0,0,0,0,0,0,0
2013-07-31 17:00:00+00:00,60,7,17,319.3937072753906,240.356689453125,0,0,0,0,0,0,0,0,0,0,0,0,0,0,0,0,1,0,0,0,0,0,0,0,0
2013-07-31 17:00:00+00:00,60,7,17,285.6695251464844,199.7030029296875,0,0,0,0,0,0,0,0,0,0,0,0,0,0,0,1,1,0,0,0,0,0,0,0,0
2013-07-31 17:00:00+00:00,60,7,17,143.31948852539062,129.1276092529297,0,0,0,0,0,0,0,0,0,0,0,1,1,1,1,1,1,0,0,0,0,0,0,0,0
2013-07-31 17:15:00+00:00,60,7,17,229.4430389404297,309.71826171875,0,0,0,0,0,0,0,0,0,0,0,0,0,0,1,1,1,0,0,0,0,0,0,0,0
2013-07-31 17:15:00+00:00,60,7,17,410.0422668457031,394.75848388671875,0,0,0,0,0,0,0,0,0,0,0,0,0,0,0,0,0,0,0,0,0,0,0,0,0
2013-07-31 17:15:00+00:00,60,7,17,163.14015197753906,,0,0,0,0,0,0,0,0,0,0,0,0,1,1,1,1,1,0,0,0,0,0,0,0,0
2013-07-31 17:15:00+00:00,60,7,17,120.26334381103516,111.0093002319336,0,0,0,0,0,0,0,0,0,0,0,1,1,1,1,1,1,0,0,0,0,0,0,0,0
2013-07-31 17:15:00+00:00,60,7,17,,,0,0,0,0,0,0,0,0,0,0,0,0,0,0,0,0,0,0,0,0,0,0,0,0,0
2013-07-31 17:15:00+00:00,60,7,17,,,0,0,0,0,0,0,0,0,0,0,0,0,0,0,0,0,0,0,0,0,0,0,0,0,0
2013-07-31 17:15:00+00:00,60,7,17,,171.7292022705078,0,0,0,0,0,0,0,0,0,0,0,0,0,0,0,0,0,0,0,0,0,0,0,0,0
2013-07-31 17:15:00+00:00,60,7,17,278.7034606933594,211.98963928222656,0,0,0,0,0,0,0,0,0,0,0,0,0,0,0,1,1,0,0,0,0,0,0,0,0
2013-07-31 17:15:00+00:00,60,7,17,261.4576416015625,33.877593994140625,0,0,0,0,0,0,0,0,0,0,0,0,0,0,0,1,1,0,0,0,0,0,1,1,1
2013-07-31 17:15:00+00:00,60,7,17,132.5764617919922,91.72319793701172,0,0,0,0,0,0,0,0,0,0,0,1,1,1,1,1,1,0,0,0,0,0,0,0,0
2013-07-31 17:30:00+00:00,60,7,17,,,0,0,0,0,0,0,0,0,0,0,0,0,0,0,0,0,0,0,0,0,0,0,0,0,0
2013-07-31 17:30:00+00:00,60,7,17,420.7347412109375,398.7723083496094,0,0,0,0,0,0,0,0,0,0,0,0,0,0,0,0,0,0,0,0,0,0,0,0,0
2013-07-31 17:30:00+00:00,60,7,17,79.39754486083984,368.3081359863281,0,0,0,0,0,0,0,0,1,1,1,1,1,1,1,1,1,0,0,0,0,0,0,0,0
2013-07-31 17:30:00+00:00,60,7,17,156.09584045410156,108.56880187988281,0,0,0,0,0,0,0,0,0,0,0,0,1,1,1,1,1,0,0,0,0,0,0,0,0
2013-07-31 17:45:00+00:00,60,7,17,105.69474029541016,125.25312042236328,0,0,0,0,0,0,0,0,0,0,1,1,1,1,1,1,1,0,0,0,0,0,0,0,0
2013-07-31 17:45:00+00:00,60,7,17,245.83950805664062,274.1941833496094,0,0,0,0,0,0,0,0,0,0,0,0,0,0,1,1,1,0,0,0,0,0,0,0,0
2013-07-31 17:45:00+00:00,60,7,17,,,0,0,0,0,0,0,0,0,0,0,0,0,0,0,0,0,0,0,0,0,0,0,0,0,0
