{"train_loss_epoch":0.07938684523105621,"epoch":7,"_runtime":2168.056944025,"train_loss_step":0.08282475918531418,"trainer/global_step":23999,"val_fss_5":0.12590456008911133,"val_fss_3":0.12069961428642273,"val_fss_9":0.1363937258720398,"val_auc":0.8499815464019775,"_timestamp":1.7641679091288338e+09,"_wandb":{"runtime":2169},"_step":4815}