{"_step":9631,"train_loss_step":0.04270230978727341,"epoch":15,"_timestamp":1.7641725292404406e+09,"val_auc":0.7919340133666992,"train_loss_epoch":0.03946585953235626,"trainer/global_step":47999,"_wandb":{"runtime":4334},"val_fss_3":0.0875396654009819,"val_fss_5":0.09163983911275864,"val_fss_9":0.10022176802158356,"_runtime":4333.365517994}