{"_wandb":{"runtime":2991},"trainer/global_step":32999,"_timestamp":1.7641668143615713e+09,"val_fss_9":0.15189428627490997,"val_auc":0.8662649989128113,"train_loss_epoch":0.06350325047969818,"_runtime":2990.850420555,"epoch":10,"val_fss_3":0.13977444171905518,"val_fss_5":0.14369651675224304,"_step":6621,"train_loss_step":0.05156034231185913}