{"epoch":6,"_timestamp":1.7641665155213087e+09,"val_fss_3":0.20393705368041992,"_step":4213,"_wandb":{"runtime":2694},"train_loss_step":0.07141496241092682,"_runtime":2694.227701398,"val_fss_9":0.22526372969150543,"val_fss_5":0.21104218065738678,"val_auc":0.8975414037704468,"train_loss_epoch":0.0716654434800148,"trainer/global_step":20999}