{"train_loss_epoch":0.43689364194869995,"epoch":6,"train_loss_step":0.4202236831188202,"trainer/global_step":20999,"_step":4213,"val_auc":0.8480730056762695,"_wandb":{"runtime":5347},"_timestamp":1.7637287339038265e+09,"_runtime":5347.275326561}