{"val_auc":0.8993590474128723,"train_loss_step":0.3800859749317169,"_step":4213,"_runtime":5344.851795947,"_wandb":{"runtime":5346},"trainer/global_step":20999,"train_loss_epoch":0.4033832252025604,"_timestamp":1.7637233498577843e+09,"epoch":6}