{"val_fss_9":0.17928439378738403,"_step":4213,"train_loss_step":0.08719514310359955,"trainer/global_step":20999,"_timestamp":1.7641657158599074e+09,"_runtime":1892.349061449,"train_loss_epoch":0.07075423002243042,"_wandb":{"runtime":1893},"val_fss_5":0.16761837899684906,"val_auc":0.8766790628433228,"val_fss_3":0.16182540357112885,"epoch":6}