{"trainer/global_step":17999,"val_fss_9":0.19846473634243011,"val_auc":0.8913173675537109,"val_fss_5":0.1863143891096115,"epoch":5,"train_loss_step":0.06413846462965012,"_step":3611,"train_loss_epoch":0.07711201906204224,"_runtime":1573.913368962,"_wandb":{"runtime":1574},"val_fss_3":0.18024292588233948,"_timestamp":1.7641669931417003e+09}