{"_runtime":6122.032472743,"train_loss_epoch":0.45425304770469666,"epoch":7,"val_auc":0.8161152601242065,"_step":4815,"_wandb":{"runtime":6123},"_timestamp":1.7637318069355373e+09,"train_loss_step":0.46823057532310486,"trainer/global_step":23999}