{"_wandb":{"runtime":1584},"_step":3611,"train_loss_step":0.10429871827363968,"epoch":5,"train_loss_epoch":0.09444604814052582,"trainer/global_step":17999,"val_fss_5":0.15272881090641022,"val_fss_9":0.15939031541347504,"val_fss_3":0.14929597079753876,"_runtime":1582.734782763,"_timestamp":1.764168123528088e+09,"val_auc":0.8573838472366333}