{"trainer/global_step":17999,"val_fss_3":0.2002788931131363,"val_fss_5":0.20583148300647736,"_wandb":{"runtime":1575},"_timestamp":1.7641653930019982e+09,"_runtime":1574.736878721,"val_fss_9":0.21675175428390503,"val_auc":0.8974596261978149,"train_loss_epoch":0.07798095047473907,"epoch":5,"_step":3611,"train_loss_step":0.0871804878115654}