{"_wandb":{"runtime":9940},"_runtime":9939.875532218,"val_auc":0.8948569893836975,"_step":7825,"epoch":12,"train_loss_step":0.3503684997558594,"_timestamp":1.7637279456252797e+09,"trainer/global_step":38999,"train_loss_epoch":0.30997881293296814}