{"_step":6621,"train_loss_epoch":0.08134713023900986,"_runtime":2891.962862465,"val_fss_5":0.12568393349647522,"epoch":10,"_wandb":{"runtime":2892},"train_loss_step":0.0570719875395298,"_timestamp":1.764169911573785e+09,"val_auc":0.8374042510986328,"trainer/global_step":32999,"val_fss_3":0.1227511465549469,"val_fss_9":0.13158439099788666}