{"val_fss_9":0.2923540771007538,"_wandb":{"runtime":2640},"_timestamp":1.764171138644845e+09,"trainer/global_step":29999,"_runtime":2640.354198932,"epoch":9,"train_loss_epoch":0.047249287366867065,"val_auc":0.9637623429298401,"train_loss_step":0.053249336779117584,"val_fss_3":0.27115732431411743,"val_fss_5":0.27831798791885376,"_step":6019}